v -0.212891 0.268311 -0.043304
v -0.213135 0.267578 -0.042511
v -0.213013 0.274414 -0.043518
v -0.212891 0.270752 -0.043457
v -0.149902 -0.475342 -0.032318
v -0.150146 -0.475098 -0.030640
v -0.149658 -0.475342 -0.039062
v -0.149902 -0.475586 -0.034668
v -0.102539 -0.451172 -0.028687
v -0.102539 -0.451172 -0.028320
v -0.102539 -0.451172 -0.028305
v 0.043701 0.349609 0.041504
v 0.044586 0.351318 0.040314
v 0.044464 0.347900 0.043365
v 0.081055 -0.422852 -0.016068
v 0.081055 -0.422852 -0.016678
v 0.081055 -0.422852 -0.016083
v 0.083282 -0.421266 -0.007815
v -0.096211 -0.450479 -0.021581
v -0.113370 -0.200851 -0.034115
v -0.098659 -0.193654 -0.036432
v -0.111115 -0.198437 -0.036319
v 0.068906 0.131073 -0.088852
v 0.061077 0.123348 -0.092373
v 0.057475 0.119168 -0.094676
v 0.061077 0.123348 -0.092373
v 0.068648 0.108398 -0.089405
v 0.064166 0.117157 -0.089738
v -0.213013 0.274414 -0.043518
v -0.213847 0.278235 -0.042317
v -0.212891 0.270752 -0.043457
v 0.146326 -0.388073 -0.053095
v 0.143317 -0.409622 -0.056739
v 0.146258 -0.400967 -0.051857
v 0.066107 0.374237 -0.043302
v 0.068226 0.351526 -0.041962
v 0.062135 0.346586 -0.040372
v 0.092940 0.349430 -0.040114
v 0.052910 0.357194 -0.043730
v 0.053000 0.373896 -0.042213
v 0.052599 0.349170 -0.044002
v 0.057121 0.342218 -0.041721
v 0.081893 0.338803 -0.043770
v 0.098804 0.346335 -0.039873
v 0.098876 0.330295 -0.045455
v 0.060846 0.386271 -0.038519
v 0.090449 0.318148 -0.051390
v 0.112132 0.317145 -0.047786
v 0.099103 0.303191 -0.053788
v 0.064093 0.301649 -0.059968
v 0.069878 0.289142 -0.061243
v 0.055978 0.317771 -0.056618
v 0.092547 0.270209 -0.058302
v 0.076308 0.271790 -0.061954
v 0.127670 0.331755 -0.037042
v 0.121641 0.292936 -0.048212
v 0.124689 0.302560 -0.047334
v 0.125667 0.321462 -0.042582
v 0.152726 0.308180 -0.046978
v 0.149065 0.321151 -0.041646
v 0.140022 0.327806 -0.039461
v 0.157978 0.323713 -0.040565
v 0.160559 0.317105 -0.041466
v 0.178764 0.320017 -0.039366
v 0.180216 0.316587 -0.039963
v 0.191713 0.317566 -0.039643
v 0.174506 0.290008 -0.050070
v 0.190909 0.297270 -0.045333
v 0.210860 0.279253 -0.049912
v 0.217219 0.298810 -0.040103
v 0.164717 0.263486 -0.050621
v 0.182233 0.261942 -0.051344
v 0.204692 0.261452 -0.051972
v 0.215978 0.260228 -0.052989
v 0.221944 0.271031 -0.048529
v 0.079912 0.249597 -0.061771
v 0.221703 0.284126 -0.044280
v 0.225448 0.299403 -0.037147
v 0.227415 0.288100 -0.043721
v 0.233221 0.266923 -0.049418
v 0.220773 0.256489 -0.051300
v 0.235591 0.294239 -0.038600
v 0.056427 0.328276 -0.050901
v 0.188499 0.312562 -0.037215
v 0.113382 0.339156 -0.036309
v 0.121925 0.346411 -0.032687
v 0.105258 0.345828 -0.036528
v 0.118209 0.345597 -0.036425
v 0.129260 0.343581 -0.030797
v 0.049593 0.344856 -0.039644
v 0.136548 0.260105 -0.048016
v 0.121262 0.256494 -0.046562
v 0.102345 0.251854 -0.053668
v 0.231743 0.251832 -0.048001
v 0.135904 0.333327 -0.032180
v 0.079330 0.232627 -0.059889
v 0.071118 0.387031 -0.042785
v 0.064214 0.392089 -0.037616
v 0.045270 0.325955 -0.059524
v 0.207809 0.307853 -0.035046
v 0.201682 0.316178 -0.034681
v 0.215874 0.313803 -0.030282
v 0.224471 0.308756 -0.025145
v 0.227682 0.304174 -0.031278
v 0.039331 0.342150 -0.047490
v 0.033748 0.332116 -0.057409
v 0.118990 0.353887 -0.026958
v 0.238225 0.253246 -0.051920
v 0.242979 0.277375 -0.052128
v 0.247238 0.292188 -0.043619
v 0.264252 0.281698 -0.044331
v 0.262552 0.266455 -0.047918
v 0.239192 0.263127 -0.054237
v 0.261858 0.252797 -0.042807
v 0.264519 0.294186 -0.031808
v 0.245513 0.300776 -0.034224
v 0.238796 0.303651 -0.020955
v 0.222661 0.242401 -0.041199
v 0.235340 0.241257 -0.043081
v 0.228511 0.240996 -0.039254
v 0.258343 0.243465 -0.034925
v 0.117045 -0.075751 -0.000949
v 0.123639 -0.083951 0.026541
v 0.119921 -0.085329 0.007095
v 0.116841 -0.048343 0.013221
v 0.112246 -0.052614 -0.004800
v 0.116720 -0.112118 -0.007526
v 0.107135 -0.030044 -0.005119
v 0.112084 -0.022360 0.013381
v 0.103017 0.003794 -0.004054
v 0.108785 0.007553 0.014513
v 0.101185 0.036891 0.011011
v 0.095801 0.023164 -0.011883
v 0.106082 0.033946 0.027105
v 0.103301 0.047958 0.026012
v 0.112663 -0.006662 0.026462
v 0.111132 0.007270 0.027503
v 0.094705 0.042961 -0.001902
v 0.106209 -0.047101 -0.016040
v 0.097626 -0.009510 -0.019560
v 0.111043 -0.085076 -0.016413
v 0.081688 0.054762 -0.020752
v 0.079816 0.038866 -0.035069
v 0.087496 0.013592 -0.036088
v 0.097956 0.003821 -0.018828
v 0.096637 -0.006298 -0.027622
v 0.091330 -0.006966 -0.040526
v 0.080069 0.004877 -0.053132
v 0.101919 -0.057457 -0.021413
v 0.087538 0.057226 -0.011648
v 0.096700 0.048998 0.002810
v 0.080184 -0.007458 -0.056424
v 0.075268 -0.005602 -0.065218
v 0.068893 0.031239 -0.055334
v 0.122243 -0.105131 0.002372
v 0.124256 -0.089190 0.016963
v 0.130913 -0.127631 0.017893
v 0.129747 -0.144005 0.004620
v 0.134919 -0.162275 0.009507
v 0.120158 -0.125794 -0.002476
v 0.126578 -0.157067 -0.000415
v 0.112364 -0.138525 -0.017474
v 0.124481 -0.166468 -0.006124
v 0.130938 -0.167458 0.006757
v 0.128650 -0.171439 -0.001103
v 0.127928 -0.182358 -0.004612
v 0.117101 -0.178702 -0.022203
v 0.138774 -0.168130 0.027592
v 0.131734 -0.121341 0.029821
v 0.134409 -0.175307 0.021985
v 0.132406 -0.188941 0.015465
v 0.125950 -0.088672 0.032320
v 0.093902 -0.032005 -0.028703
v 0.087523 -0.010116 -0.035286
v 0.117834 -0.047424 0.027772
v 0.112049 -0.008859 0.031186
v 0.071012 0.060710 -0.032802
v 0.069959 0.051218 -0.041090
v 0.071582 0.073234 -0.025299
v 0.080285 0.064239 -0.017356
v 0.086050 0.073809 -0.007110
v 0.092748 0.055881 0.003651
v 0.096129 0.065627 0.013488
v 0.099857 0.052228 0.025644
v 0.099788 0.058177 0.030684
v 0.098009 0.080530 0.014400
v 0.092728 0.103443 -0.000219
v 0.098859 0.114966 0.010040
v 0.102335 0.089707 0.028170
v 0.103457 0.131771 0.023478
v 0.086617 0.091645 -0.008248
v 0.071793 0.007149 -0.062484
v 0.081492 0.086098 -0.014617
v 0.091950 -0.050168 -0.032977
v 0.103623 0.102142 0.036605
v 0.101477 -0.119206 -0.024913
v 0.121680 -0.189302 -0.011409
v 0.083974 -0.051110 -0.038963
v 0.068907 0.040275 -0.060672
v 0.133064 -0.192433 0.028820
v 0.134298 -0.204741 0.013068
v 0.131548 -0.207452 -0.006735
v 0.129458 -0.194880 -0.004242
v 0.121165 -0.198817 -0.021315
v 0.128751 -0.210879 -0.014632
v 0.134016 -0.216867 -0.000678
v 0.133024 -0.231737 -0.017668
v 0.137445 -0.235125 -0.003369
v 0.137564 -0.248867 -0.018491
v 0.131019 -0.245055 -0.030789
v 0.141890 -0.275782 -0.029544
v 0.143537 -0.268315 -0.015026
v 0.147586 -0.289296 -0.018304
v 0.145511 -0.295366 -0.031254
v 0.139783 -0.295421 -0.041541
v 0.134000 -0.279737 -0.042853
v 0.148416 -0.325103 -0.033558
v 0.149531 -0.306575 -0.019205
v 0.152018 -0.317573 -0.018906
v 0.146739 -0.333876 -0.044315
v 0.150662 -0.341579 -0.039040
v 0.151405 -0.341431 -0.023520
v 0.122321 -0.223638 -0.029995
v 0.120206 -0.232329 -0.034538
v 0.152470 -0.314477 -0.005153
v 0.147125 -0.290716 -0.001922
v 0.138723 -0.248889 -0.000984
v 0.140632 -0.323162 -0.048460
v 0.143248 -0.266543 -0.000635
v 0.136876 -0.232893 0.014195
v 0.133386 -0.214648 0.021365
v 0.103634 0.129904 0.040958
v 0.126670 -0.189150 -0.001657
v 0.153967 -0.348285 -0.033147
v 0.070181 0.023202 -0.065965
v 0.060125 0.045148 -0.073156
v 0.065539 0.059995 -0.065720
v 0.072728 0.054856 -0.047891
v 0.055376 0.029074 -0.081534
v 0.071790 0.008757 -0.070384
v 0.072766 -0.005223 -0.074930
v 0.053632 0.059627 -0.078369
v 0.064704 -0.003370 -0.083045
v 0.047070 0.023931 -0.090145
v 0.124926 -0.260404 -0.043413
v 0.160232 -0.357017 -0.015253
v 0.157561 -0.359636 -0.021287
v 0.159073 -0.367817 -0.021995
v 0.153861 -0.370644 -0.034008
v 0.150268 -0.378556 -0.040505
v 0.102338 0.078634 0.051787
v 0.111319 -0.170460 -0.018903
v 0.104846 0.146081 0.031282
v 0.136075 -0.243361 0.021276
v 0.101878 -0.102805 -0.024786
v 0.134187 -0.145169 0.041646
v 0.129403 -0.115887 0.042618
v 0.138082 -0.172174 0.039890
v 0.073189 0.081250 -0.022503
v 0.116991 -0.049526 0.038050
v 0.122235 -0.084067 0.039841
v 0.132975 -0.181567 0.038669
v 0.111496 -0.025380 0.043184
v 0.142140 -0.378741 -0.047516
v 0.147178 -0.387631 -0.046918
v 0.146326 -0.388073 -0.053095
v 0.094126 -0.059319 -0.028067
v 0.073994 -0.027795 -0.046995
v 0.079234 -0.010513 -0.044320
v 0.114553 -0.212948 -0.026625
v 0.110851 -0.192804 -0.023614
v 0.125754 -0.297829 -0.052959
v 0.099583 -0.140341 -0.026951
v 0.149912 -0.332388 0.000486
v 0.148758 -0.343938 0.004538
v 0.152641 -0.348010 -0.012262
v 0.103185 0.153553 0.040947
v 0.108442 -0.009418 0.051539
v 0.147284 -0.386420 -0.038092
v 0.151136 -0.391611 -0.023851
v 0.150484 -0.385221 -0.020174
v 0.149201 -0.387837 -0.003605
v 0.157501 -0.368526 -0.014468
v 0.123121 -0.089684 0.046001
v 0.153511 -0.356931 0.002603
v 0.100921 0.139899 0.052812
v 0.130319 -0.222865 0.038426
v 0.133372 -0.239540 0.034662
v 0.133441 -0.220863 0.046063
v 0.127894 -0.206365 0.044526
v 0.137677 -0.240700 0.040697
v 0.128124 -0.204158 0.052319
v 0.133501 -0.261027 0.033905
v 0.136539 -0.264331 0.043960
v 0.136688 -0.262793 0.055240
v 0.137456 -0.240414 0.056106
v 0.134619 -0.236223 0.060151
v 0.129203 -0.217162 0.075250
v 0.133758 -0.235871 0.072345
v 0.135254 -0.254093 0.069924
v 0.131217 -0.276447 0.041759
v 0.131159 -0.282855 0.056447
v 0.130963 -0.273593 0.067529
v 0.146256 -0.301509 0.010057
v 0.138342 -0.268641 0.015500
v 0.136005 -0.283980 0.026664
v 0.098342 0.109274 0.062960
v 0.095162 0.133326 0.076786
v 0.093561 0.161073 0.068356
v 0.152351 -0.377055 0.003128
v 0.100441 0.162953 0.047848
v 0.124733 -0.108841 0.052802
v 0.152989 -0.352214 0.004374
v 0.141812 -0.336477 0.018837
v 0.130248 -0.140435 0.051418
v 0.147462 -0.321765 0.010572
v 0.099798 0.071142 0.054568
v 0.099679 0.056127 0.049463
v 0.093141 0.052839 0.073134
v 0.113672 -0.062063 0.053106
v 0.098206 0.170779 0.054551
v 0.099679 0.117927 0.002509
v 0.107643 -0.024107 0.052853
v 0.103034 -0.012577 0.060643
v 0.128636 -0.160388 0.060988
v 0.135836 -0.175964 0.049142
v 0.127706 -0.186895 0.053002
v 0.088912 0.059589 0.083669
v 0.115196 -0.083657 0.056929
v 0.105066 0.127058 0.011521
v 0.093406 0.078349 0.074788
v 0.090245 0.117888 0.083814
v 0.119414 -0.202747 0.078111
v 0.095395 0.178381 0.058924
v 0.092738 0.186410 0.066015
v 0.117451 -0.090848 0.058882
v 0.091692 0.100297 -0.008682
v 0.084939 0.090656 -0.016658
v 0.123648 -0.136498 0.063123
v 0.102710 0.126434 0.015927
v 0.079687 0.068691 0.095323
v 0.084602 0.078194 0.092164
v 0.085911 0.158455 0.082057
v 0.155828 -0.393444 -0.041409
v 0.129683 -0.298837 0.031610
v 0.122026 -0.199696 0.058157
v 0.082467 0.189554 0.081964
v 0.086693 0.042438 0.081372
v 0.142296 -0.348824 0.020466
v 0.127902 -0.180127 0.060751
v 0.117103 -0.104145 0.062889
v 0.145437 -0.367967 0.004620
v 0.083281 0.087768 -0.019383
v 0.097409 -0.018891 0.065880
v 0.103193 -0.062730 0.066651
v 0.112412 -0.095203 0.063461
v 0.148190 -0.380404 0.008090
v 0.148560 -0.387135 0.010289
v 0.161613 -0.396832 -0.004285
v 0.156547 -0.394137 0.005018
v 0.141044 -0.385517 0.021974
v 0.142586 -0.381726 0.016129
v 0.164666 -0.397908 -0.019619
v 0.123889 -0.288896 0.064687
v 0.135615 -0.312375 0.023017
v 0.152308 -0.407407 0.002647
v 0.147112 -0.363942 -0.027051
v 0.135882 -0.361055 -0.047515
v 0.112925 -0.198709 0.070407
v 0.138347 -0.366615 -0.034615
v 0.124897 -0.372428 -0.046886
v 0.128702 -0.366545 -0.054499
v 0.123410 -0.369262 -0.057858
v -0.048842 -0.088175 0.073128
v -0.069329 -0.095774 0.069788
v -0.052796 -0.121488 0.064208
v -0.065220 -0.067273 0.074901
v -0.050200 -0.064954 0.078670
v -0.045765 -0.046837 0.082827
v -0.031918 -0.064513 0.079899
v -0.013500 -0.029876 0.089972
v -0.035220 -0.025453 0.087775
v -0.051496 -0.023550 0.085196
v -0.029221 -0.014538 0.092670
v -0.041397 -0.020094 0.088539
v -0.064757 -0.019719 0.082000
v -0.072439 -0.039981 0.075888
v -0.078864 -0.058353 0.071276
v -0.086790 -0.074658 0.065498
v -0.090674 -0.107422 0.060249
v -0.035198 -0.081040 0.073649
v -0.062818 -0.119298 0.065446
v -0.085205 -0.111252 0.063670
v -0.061084 -0.142166 0.060588
v -0.074368 -0.122446 0.065100
v -0.087531 -0.132790 0.059855
v -0.073633 -0.137047 0.061782
v 0.000627 -0.037194 0.086336
v -0.001670 -0.009151 0.097184
v -0.015237 -0.011198 0.097290
v 0.022986 -0.013463 0.095665
v 0.027598 -0.034138 0.091082
v 0.018525 -0.054263 0.084968
v 0.031670 -0.061827 0.086476
v 0.033497 -0.084123 0.082217
v 0.050650 -0.061732 0.088724
v 0.046970 -0.090660 0.085622
v 0.063133 -0.092145 0.087609
v 0.066400 -0.120890 0.085745
v 0.060320 -0.128058 0.083126
v 0.077811 -0.119309 0.086438
v 0.033989 -0.099608 0.079963
v 0.069540 -0.159288 0.084265
v 0.079511 -0.164543 0.085555
v 0.069749 -0.186992 0.077802
v 0.083435 -0.201790 0.077195
v 0.071285 -0.207750 0.072925
v 0.046389 -0.024383 0.091141
v 0.093000 -0.179326 0.081384
v 0.095595 -0.198990 0.077413
v 0.049740 -0.003551 0.096201
v 0.000161 -0.049210 0.081493
v -0.080792 -0.153725 0.063365
v -0.097740 -0.155758 0.058929
v 0.091389 -0.153118 0.084300
v 0.011943 -0.069023 0.076285
v -0.002017 -0.062834 0.075112
v 0.067740 -0.052155 0.086588
v 0.075380 -0.086816 0.086105
v -0.054314 -0.154551 0.060703
v 0.030507 0.003283 0.100790
v 0.001849 -0.001275 0.101220
v -0.040373 -0.105770 0.066239
v -0.019189 -0.066298 0.077851
v -0.099684 -0.129921 0.053761
v -0.095303 -0.105884 0.059932
v 0.048476 -0.128829 0.076270
v 0.017731 -0.087963 0.072294
v 0.019888 0.009048 0.104719
v 0.059146 -0.164979 0.076748
v -0.093246 -0.054333 0.063190
v -0.076628 -0.020189 0.074766
v 0.064564 -0.030613 0.087097
v 0.062781 -0.007874 0.089439
v 0.093915 -0.128298 0.082881
v -0.072994 -0.010452 0.080140
v -0.100695 -0.103006 0.054436
v -0.077908 -0.167296 0.065825
v -0.093508 -0.171214 0.064604
v -0.078613 -0.188320 0.060920
v -0.092046 -0.199609 0.060857
v -0.107865 -0.197742 0.057399
v -0.100837 -0.170390 0.062317
v -0.070516 -0.207429 0.056096
v -0.059476 -0.187551 0.057327
v -0.044888 -0.163218 0.062232
v -0.115725 -0.181112 0.053187
v -0.122113 -0.198613 0.048959
v -0.112472 -0.166437 0.055119
v -0.043974 -0.126944 0.059585
v -0.046832 -0.147035 0.057106
v 0.084510 -0.075882 0.082350
v 0.026863 0.008727 0.104493
v 0.059761 -0.199410 0.067011
v 0.049731 -0.208327 0.061444
v 0.063313 -0.216174 0.065642
v 0.107369 -0.178526 0.075773
v 0.112925 -0.198709 0.070407
v -0.019971 -0.084963 0.066580
v -0.014326 -0.073190 0.068873
v 0.081625 -0.049538 0.081300
v 0.076428 -0.019667 0.082205
v 0.072957 -0.008471 0.085474
v -0.110911 -0.155326 0.050507
v 0.054450 -0.007389 0.093110
v -0.103631 -0.083024 0.051771
v -0.046315 -0.175898 0.057321
v -0.043919 -0.191715 0.049636
v -0.064765 -0.212783 0.051958
v -0.107444 -0.103179 0.050604
v -0.110584 -0.127919 0.045558
v -0.020092 -0.015792 0.097878
v -0.086120 -0.014403 0.066665
v 0.108102 -0.151781 0.076111
v 0.085191 -0.009000 0.079163
v -0.026838 -0.101291 0.060221
v 0.102417 -0.111954 0.076437
v 0.093476 -0.068291 0.076085
v 0.087359 -0.018976 0.075209
v 0.119435 -0.185231 0.067243
v -0.032073 -0.127893 0.051412
v -0.038080 -0.149807 0.051254
v -0.025452 -0.115003 0.051877
v -0.114990 -0.102855 0.042162
v -0.117492 -0.150744 0.042988
v -0.121944 -0.121504 0.046186
v -0.124040 -0.163684 0.044015
v -0.132915 -0.143498 0.047758
v -0.131237 -0.115462 0.046588
v -0.126242 -0.088806 0.045052
v -0.134412 -0.162046 0.045926
v -0.142414 -0.160833 0.044081
v -0.131706 -0.086968 0.042070
v -0.128662 -0.069398 0.047585
v -0.122808 -0.075210 0.047316
v -0.124490 -0.066548 0.047898
v -0.112535 -0.093576 0.039526
v -0.116813 -0.080693 0.042093
v -0.115772 -0.069467 0.043112
v -0.007381 -0.009365 0.100200
v 0.033997 0.003739 0.104774
v 0.118817 -0.144790 0.066540
v 0.114700 -0.120404 0.067113
v 0.123648 -0.136498 0.063123
v 0.117103 -0.104145 0.062889
v 0.112412 -0.095203 0.063461
v 0.117451 -0.090848 0.058882
v 0.115196 -0.083657 0.056929
v 0.122001 -0.158103 0.063319
v 0.128636 -0.160388 0.060988
v 0.127902 -0.180127 0.060751
v -0.112056 -0.067450 0.036917
v 0.103193 -0.062730 0.066651
v 0.097409 -0.018891 0.065880
v 0.092527 -0.009043 0.071643
v 0.103034 -0.012577 0.060643
v 0.045520 -0.000053 0.100794
v -0.058310 -0.290942 -0.018603
v -0.061452 -0.300342 -0.007568
v -0.064124 -0.315935 -0.017963
v -0.053426 -0.271237 -0.005338
v -0.049981 -0.257908 -0.007824
v -0.051705 -0.259173 0.006701
v -0.071398 -0.360063 -0.017523
v -0.070074 -0.344728 -0.006607
v -0.070408 -0.343751 -0.033315
v -0.074275 -0.375603 -0.035437
v -0.076964 -0.393816 -0.022021
v -0.078963 -0.390892 -0.008749
v -0.051464 -0.243328 0.010252
v -0.048859 -0.242889 -0.000946
v -0.074898 -0.355977 0.000597
v -0.072369 -0.319102 0.013705
v -0.064878 -0.292955 0.006490
v -0.057483 -0.269971 0.004146
v -0.078289 -0.363411 0.003628
v -0.070127 -0.277320 0.021646
v -0.077153 -0.329247 0.017737
v -0.053728 -0.252772 0.012202
v -0.053062 -0.245841 0.019513
v -0.062696 -0.261462 0.035640
v -0.057614 -0.247098 0.043875
v -0.066608 -0.266427 0.058944
v -0.064253 -0.245655 0.068792
v -0.064918 -0.252035 0.068356
v -0.070014 -0.268299 0.067761
v -0.076049 -0.280847 0.065693
v -0.080884 -0.400748 -0.022198
v -0.078262 -0.287110 0.058102
v -0.089177 -0.408872 -0.011236
v -0.040535 -0.226569 0.009156
v -0.043703 -0.232009 -0.007649
v -0.076171 -0.283829 0.043978
v -0.067575 -0.272117 0.028006
v -0.065416 -0.269055 0.016695
v -0.073465 -0.305083 0.019204
v -0.038887 -0.223346 -0.001032
v -0.083969 -0.406199 -0.026032
v -0.087356 -0.421622 -0.022172
v -0.090882 -0.422305 -0.008716
v -0.094410 -0.446336 -0.015186
v -0.095023 -0.450470 -0.037595
v -0.102526 -0.440284 0.003931
v -0.096211 -0.450479 -0.021581
v -0.098229 -0.416687 0.004426
v -0.097352 -0.407786 0.003390
v -0.104497 -0.404953 0.015647
v -0.090604 -0.394952 0.007240
v -0.055469 -0.232891 0.025922
v -0.056535 -0.240799 0.024219
v -0.061352 -0.244550 0.054120
v -0.060666 -0.226865 0.052497
v -0.056152 -0.225563 0.031811
v -0.068016 -0.212775 0.068197
v -0.088895 -0.417836 -0.039047
v -0.104679 -0.450395 -0.003940
v -0.076880 -0.281656 0.031221
v -0.077007 -0.382915 -0.037301
v -0.110549 -0.442909 0.011549
v -0.113252 -0.455551 0.024446
v -0.111453 -0.465436 0.009631
v -0.110767 -0.477051 -0.005737
v -0.104850 -0.473166 -0.022736
v -0.115046 -0.479010 0.006594
v -0.114938 -0.471137 0.035747
v -0.116637 -0.467824 0.049612
v -0.116783 -0.482208 0.023207
v -0.102853 -0.452224 -0.021524
v -0.101729 -0.452486 -0.033071
v -0.100491 -0.471627 -0.036991
v -0.118794 -0.483220 0.067022
v -0.115475 -0.484751 0.037978
v -0.112083 -0.490859 0.000176
v -0.114872 -0.492838 0.008982
v -0.110380 -0.497732 -0.002553
v -0.120538 -0.469733 0.067944
v -0.125845 -0.478460 0.086860
v -0.115765 -0.497556 0.024510
v -0.098937 -0.495525 -0.028070
v -0.100189 -0.478008 -0.028836
v -0.114083 -0.499550 0.042219
v -0.116789 -0.485738 0.063988
v -0.118324 -0.499205 0.073079
v -0.122666 -0.485634 0.084722
v -0.128312 -0.498075 0.095301
v -0.066379 -0.309567 -0.031539
v -0.059061 -0.279456 -0.029892
v -0.051105 -0.241214 -0.012004
v -0.092293 -0.491510 -0.038998
v -0.093330 -0.481613 -0.039945
v -0.132192 -0.481027 0.098465
v -0.034372 -0.218164 0.003125
v -0.126946 -0.464866 0.080306
v -0.064765 -0.212783 0.051958
v -0.061346 -0.219671 0.045394
v -0.102539 -0.451172 -0.028305
v -0.088428 -0.386070 0.003145
v -0.029460 -0.213429 0.010535
v -0.037983 -0.218995 0.019087
v -0.028813 -0.203488 0.023021
v -0.027629 -0.202937 0.016955
v -0.032695 -0.179138 0.027728
v -0.029508 -0.177931 0.013868
v -0.027966 -0.168115 0.016466
v -0.028048 -0.155968 0.030984
v -0.037379 -0.179826 0.043025
v -0.025191 -0.157916 0.010947
v -0.019111 -0.131948 0.023656
v -0.020695 -0.144281 0.011304
v -0.009226 -0.110537 0.011461
v -0.008057 -0.100585 0.024538
v -0.010474 -0.096356 0.040756
v -0.001530 -0.079762 0.025188
v -0.001531 -0.078402 0.014085
v -0.036274 -0.158910 0.051975
v -0.023459 -0.131160 0.037334
v -0.030801 -0.152955 0.039158
v -0.013259 -0.123957 -0.001398
v -0.043919 -0.191715 0.049636
v -0.034946 -0.201337 0.034730
v -0.001185 -0.078683 0.037546
v -0.008608 -0.081432 0.054599
v -0.025452 -0.115003 0.051877
v -0.003993 -0.075745 -0.001974
v -0.001648 -0.072598 0.006095
v -0.000608 -0.065929 -0.006525
v -0.032073 -0.127893 0.051412
v -0.038080 -0.149807 0.051254
v -0.029574 -0.163002 -0.002611
v -0.023778 -0.145484 -0.002579
v -0.034603 -0.187639 -0.002662
v -0.002151 -0.072735 0.056898
v -0.050898 -0.217281 0.036439
v -0.046315 -0.175898 0.057321
v -0.044888 -0.163218 0.062232
v -0.074867 -0.348117 -0.044816
v -0.034972 -0.157409 -0.019283
v -0.011483 -0.093365 -0.012030
v -0.078510 -0.367080 -0.048759
v -0.058575 -0.264346 -0.030148
v -0.110281 -0.418162 0.015141
v -0.136934 -0.458951 0.095988
v -0.117686 -0.450790 0.032888
v -0.085764 -0.289854 0.064418
v -0.119026 -0.436424 0.018841
v -0.024944 -0.134891 -0.011283
v -0.026838 -0.101291 0.060221
v -0.019971 -0.084963 0.066580
v -0.014326 -0.073190 0.068873
v -0.034840 -0.201889 0.001327
v -0.055674 -0.254667 -0.020102
v -0.041193 -0.178188 -0.019863
v -0.043696 -0.197374 -0.014420
v -0.103816 -0.450508 -0.037929
v -0.139651 -0.495255 0.105506
v -0.009072 -0.068616 -0.018454
v -0.017517 -0.092952 -0.021698
v -0.021528 -0.126301 -0.013165
v -0.043449 -0.210312 -0.014837
v -0.093904 -0.431844 -0.042372
v -0.102038 -0.433137 -0.055239
v -0.100648 -0.446143 -0.053858
v -0.005520 -0.061118 -0.026080
v 0.000982 -0.056277 -0.022036
v -0.070516 -0.311358 -0.038589
v -0.031588 -0.127852 -0.023768
v -0.063208 -0.268041 -0.037405
v -0.142596 -0.465929 0.103624
v -0.077718 -0.309106 -0.047047
v -0.083174 -0.334353 -0.054110
v 0.000793 -0.044988 -0.032936
v -0.097586 -0.404682 -0.045258
v -0.095041 -0.394229 -0.044692
v -0.095944 -0.384845 -0.059459
v -0.108020 -0.393758 -0.064218
v -0.109196 -0.407728 -0.054723
v -0.042954 -0.156947 -0.029487
v -0.096992 -0.419919 -0.049786
v -0.053584 -0.220470 -0.020090
v -0.060612 -0.230148 -0.028236
v -0.071380 -0.240177 -0.036490
v -0.102539 -0.451172 -0.028687
v -0.002017 -0.062834 0.075112
v -0.124875 -0.450613 0.045728
v -0.128742 -0.457347 0.060690
v -0.020177 -0.067750 -0.031431
v -0.108725 -0.444997 -0.064178
v -0.072978 -0.279559 -0.046743
v -0.012452 -0.062095 -0.032628
v -0.039147 -0.129301 -0.031423
v -0.029623 -0.093773 -0.032828
v -0.000024 -0.033371 -0.041800
v -0.109376 -0.401232 0.018605
v -0.124321 -0.432794 0.020980
v -0.053514 -0.189165 -0.025783
v -0.058558 -0.209378 -0.026788
v -0.070827 -0.225560 -0.035372
v 0.106082 0.033946 0.027105
v 0.133357 0.028418 0.029285
v 0.111132 0.007270 0.027503
v 0.110284 0.059603 0.027494
v 0.135207 -0.006584 0.028561
v 0.112663 -0.006662 0.026462
v 0.134358 0.055788 0.031251
v 0.103301 0.047958 0.026012
v 0.127892 0.058631 0.030594
v 0.140181 0.017868 0.031843
v 0.143447 -0.004636 0.032019
v 0.099788 0.058177 0.030684
v 0.085191 -0.009000 0.079163
v 0.097903 -0.009844 0.076121
v 0.093628 -0.010684 0.087785
v 0.092527 -0.009043 0.071643
v 0.104133 -0.009698 0.064641
v 0.104787 -0.009501 0.077946
v 0.102126 -0.009325 0.082714
v 0.112611 -0.012009 0.072659
v 0.108442 -0.009418 0.051539
v 0.130129 -0.007757 0.068168
v 0.135207 -0.006584 0.028561
v 0.112049 -0.008859 0.031186
v 0.139084 -0.006215 0.048773
v 0.143447 -0.004636 0.032019
v 0.123447 -0.006824 0.085257
v 0.112663 -0.006662 0.026462
v 0.084250 -0.013622 0.087137
v 0.085616 -0.016108 0.092930
v 0.072647 -0.020137 0.099011
v 0.103034 -0.012577 0.060643
v 0.081831 -0.011218 0.106167
v 0.102641 -0.004335 0.088097
v 0.065196 -0.019280 0.101249
v 0.055399 -0.018764 0.102714
v 0.074995 -0.010341 0.112565
v -0.084204 -0.222492 0.076268
v -0.112012 -0.233610 0.076336
v -0.101808 -0.262729 0.076271
v -0.105605 -0.219401 0.076326
v -0.080752 -0.244045 0.075900
v -0.082225 -0.261365 0.073574
v -0.095503 -0.272280 0.073797
v -0.122109 -0.253433 0.072867
v -0.108383 -0.278043 0.071442
v -0.123407 -0.274582 0.067547
v -0.122341 -0.231407 0.072080
v -0.076049 -0.280847 0.065693
v -0.070014 -0.268299 0.067761
v -0.085764 -0.289854 0.064418
v -0.095889 -0.294906 0.062915
v -0.064918 -0.252035 0.068356
v -0.064253 -0.245655 0.068792
v -0.108152 -0.294133 0.063023
v -0.078122 -0.217008 0.072123
v -0.068016 -0.212775 0.068197
v -0.079978 -0.205507 0.069048
v -0.103646 -0.200795 0.068335
v -0.123888 -0.209815 0.065315
v -0.120040 -0.201374 0.063600
v -0.131394 -0.258224 0.065752
v -0.127472 -0.218406 0.065390
v -0.131601 -0.239526 0.065838
v -0.121931 -0.288537 0.058682
v -0.130215 -0.277749 0.056940
v 0.134603 0.022012 0.046393
v 0.128591 0.011403 0.068427
v 0.139084 -0.006215 0.048773
v 0.140181 0.017868 0.031843
v 0.143447 -0.004636 0.032019
v 0.125356 0.056875 0.062037
v 0.134358 0.055788 0.031251
v 0.121724 0.055872 0.076964
v 0.120949 0.036530 0.084153
v 0.123447 -0.006824 0.085257
v 0.130129 -0.007757 0.068168
v -0.131603 -0.076433 0.019367
v -0.137656 -0.103389 0.003975
v -0.136283 -0.104822 0.032787
v -0.132418 -0.077587 0.000260
v -0.131706 -0.086968 0.042070
v -0.129963 -0.069177 0.021697
v -0.143863 -0.133835 0.006634
v -0.139536 -0.131875 0.040558
v -0.140026 -0.117138 0.025155
v -0.141371 -0.130159 0.026055
v -0.148778 -0.160509 0.017020
v -0.145560 -0.162399 0.039106
v -0.130863 -0.067687 0.040202
v -0.128662 -0.069398 0.047585
v -0.146951 -0.161388 0.006898
v -0.140878 -0.123871 0.003518
v -0.142414 -0.160833 0.044081
v -0.134463 -0.071685 0.004635
v -0.134501 -0.064259 0.017484
v -0.131543 -0.052176 0.009540
v -0.131042 -0.051605 0.018243
v -0.131237 -0.115462 0.046588
v -0.131535 -0.065880 0.002482
v -0.128792 -0.069439 -0.002780
v 0.103084 -0.492779 -0.044463
v 0.119896 -0.493324 -0.035188
v 0.102916 -0.493812 -0.033614
v 0.109795 -0.492086 -0.051626
v 0.085847 -0.492839 -0.048546
v 0.131440 -0.492073 -0.049244
v 0.133167 -0.490300 -0.066158
v 0.104955 -0.494803 -0.020520
v 0.133747 -0.493907 -0.016020
v 0.135427 -0.492490 -0.038115
v 0.146314 -0.491700 -0.045531
v 0.116202 -0.494637 -0.008100
v 0.149489 -0.494055 -0.023445
v 0.139495 -0.490346 -0.059838
v 0.087802 -0.495760 -0.025284
v 0.106195 -0.489982 -0.067621
v 0.094825 -0.490537 -0.061623
v 0.122805 -0.489662 -0.071748
v 0.095857 -0.496812 -0.011597
v 0.109549 -0.496654 -0.008251
v 0.084486 -0.495399 -0.040426
v 0.104098 -0.495988 0.001238
v 0.155692 -0.492271 -0.021749
v 0.089612 -0.492077 -0.045351
v -0.041306 0.160852 -0.041950
v -0.062073 0.161092 -0.053394
v -0.053300 0.144774 -0.043110
v -0.073299 0.142366 -0.054015
v -0.041714 0.139088 -0.036356
v -0.060658 0.173405 -0.054552
v -0.042376 0.179732 -0.045509
v -0.046820 0.116841 -0.030714
v -0.068938 0.123119 -0.041741
v -0.071424 0.103147 -0.036810
v -0.053979 0.098079 -0.029432
v -0.063118 0.082440 -0.029265
v -0.071540 0.072206 -0.030321
v -0.079522 0.117803 -0.048177
v -0.044856 0.192685 -0.046411
v -0.050044 0.198186 -0.050807
v -0.047039 0.197605 -0.048578
v -0.067376 0.182304 -0.056934
v -0.081810 0.102371 -0.046853
v -0.069322 0.165809 -0.064711
v -0.079548 0.077769 -0.040935
v -0.074865 0.069100 -0.032513
v -0.064236 0.197016 -0.052878
v -0.069684 0.191789 -0.058744
v -0.041492 0.143886 -0.035717
v 0.054560 0.396683 0.053651
v 0.049646 0.414354 0.068975
v 0.048500 0.390250 0.069141
v 0.040813 0.400900 0.091583
v 0.040977 0.373628 0.083316
v 0.047934 0.378699 0.063490
v 0.059811 0.418346 0.050583
v 0.055068 0.437985 0.065158
v 0.063028 0.440069 0.049025
v 0.063414 0.422098 0.039125
v 0.059485 0.451609 0.056168
v 0.063539 0.454749 0.046712
v 0.047650 0.426101 0.074746
v 0.041896 0.413712 0.086730
v 0.036096 0.422675 0.096760
v 0.042889 0.438506 0.083405
v 0.034285 0.373304 0.093567
v 0.032252 0.357879 0.095763
v 0.050993 0.454780 0.068148
v 0.026135 0.358446 0.102304
v 0.038588 0.454368 0.084292
v 0.030240 0.425002 0.102094
v 0.040028 0.363255 0.071621
v 0.053294 0.388753 0.046102
v 0.065054 0.404116 0.045959
v 0.064153 0.415066 0.045006
v 0.065396 0.407926 0.041817
v 0.031650 0.413784 0.095881
v 0.030281 0.388204 0.097847
v 0.033427 0.401377 0.097158
v 0.045174 0.367147 0.048837
v 0.038442 0.355253 0.054801
v 0.043441 0.359754 0.044341
v 0.042084 0.347412 0.043854
v 0.040851 0.343044 0.044557
v 0.043701 0.349609 0.041504
v 0.044586 0.351318 0.040314
v 0.045646 0.352967 0.038011
v 0.033645 0.346233 0.055630
v 0.033860 0.353320 0.066525
v 0.062377 0.433430 0.034621
v 0.043846 0.366961 0.031054
v 0.026872 0.328713 0.048697
v 0.044775 0.377722 0.034791
v 0.045121 0.359218 0.023796
v 0.058572 0.394805 0.038656
v 0.023638 0.341715 0.061498
v 0.024620 0.347498 0.073836
v 0.026302 0.351298 0.092833
v 0.050811 0.461984 0.060767
v 0.056504 0.452605 0.019956
v 0.040009 0.464018 0.075361
v 0.037727 0.380296 0.020656
v 0.053320 0.432383 0.011225
v 0.051652 0.415537 0.013761
v 0.054296 0.404329 0.027185
v 0.048745 0.391535 0.033748
v 0.038806 0.368470 0.010105
v 0.047766 0.449514 -0.000557
v 0.052024 0.456496 0.007564
v 0.051420 0.459567 -0.001459
v 0.048008 0.465217 0.004815
v 0.053900 0.465900 0.021568
v 0.052835 0.468889 0.030309
v 0.044497 0.426276 -0.005027
v 0.039995 0.389829 0.021589
v 0.051245 0.463379 0.013751
v 0.053497 0.470312 0.013542
v 0.050540 0.471054 0.009273
v 0.040173 0.408758 -0.001916
v 0.039419 0.395716 0.010454
v 0.028226 0.384622 0.009910
v -0.106105 -0.348777 0.027894
v -0.133879 -0.368664 0.021843
v -0.108272 -0.365404 0.022094
v -0.091517 -0.357258 0.019973
v -0.095508 -0.333214 0.028338
v -0.104821 -0.319006 0.034009
v -0.098107 -0.303632 0.033312
v -0.073465 -0.305083 0.019204
v -0.078560 -0.289166 0.026296
v -0.077153 -0.329247 0.017737
v -0.108915 -0.298650 0.041433
v -0.096979 -0.288132 0.040176
v -0.070127 -0.277320 0.021646
v -0.086344 -0.373002 0.007082
v -0.078289 -0.363411 0.003628
v -0.078963 -0.390892 -0.008749
v -0.088428 -0.386070 0.003145
v -0.109100 -0.385788 0.009216
v -0.105741 -0.376571 0.012330
v -0.076880 -0.281656 0.031221
v -0.074898 -0.355977 0.000597
v -0.140899 -0.380189 0.010958
v -0.095269 -0.391419 0.006429
v -0.116524 -0.391084 0.012156
v -0.126988 -0.298466 0.038686
v -0.145464 -0.390306 0.013663
v -0.111318 -0.291835 0.046803
v -0.102436 -0.291250 0.044677
v -0.119250 -0.288839 0.046471
v -0.121891 -0.315740 0.030807
v -0.114404 -0.335393 0.026531
v -0.090604 -0.394952 0.007240
v -0.112794 -0.347102 0.025264
v -0.136936 -0.319446 0.020327
v 0.065820 -0.310950 -0.000749
v 0.063800 -0.311022 -0.008009
v 0.069274 -0.331602 -0.005406
v 0.059205 -0.291468 -0.008286
v 0.064872 -0.294713 0.017259
v 0.066570 -0.325346 -0.018399
v 0.068687 -0.340989 -0.020668
v 0.055409 -0.273785 0.007301
v 0.058616 -0.267954 0.025403
v 0.054055 -0.257845 0.020874
v 0.071369 -0.347843 -0.004679
v 0.071272 -0.361592 -0.018603
v 0.073461 -0.365642 -0.004905
v 0.054169 -0.264580 0.000710
v 0.051942 -0.239166 0.012253
v 0.052330 -0.239871 0.027065
v 0.063504 -0.304121 -0.021254
v 0.068517 -0.337583 0.008175
v 0.073550 -0.354456 0.012594
v 0.076151 -0.365740 0.003154
v 0.065466 -0.315483 0.014971
v 0.058923 -0.277798 -0.015088
v 0.081226 -0.367086 0.020494
v 0.082488 -0.376436 0.005780
v 0.043803 -0.226672 0.024893
v 0.046757 -0.222292 0.005130
v 0.055657 -0.245677 -0.001121
v 0.059714 -0.261579 -0.016338
v 0.067409 -0.382619 -0.019762
v 0.054501 -0.235497 0.041948
v 0.057231 -0.240921 0.051524
v 0.057639 -0.230000 0.054644
v 0.061725 -0.250880 0.069085
v 0.061120 -0.227955 0.070468
v 0.055328 -0.222311 0.051818
v 0.066526 -0.246328 0.080567
v 0.066270 -0.227872 0.081590
v 0.072160 -0.392730 -0.011625
v 0.075894 -0.406951 -0.027182
v 0.070913 -0.391422 -0.033909
v 0.070862 -0.270609 0.076026
v 0.058507 -0.257308 0.054810
v 0.055539 -0.245872 0.054775
v 0.049519 -0.246403 0.030346
v 0.056736 -0.268172 0.031868
v 0.059733 -0.271693 0.036912
v 0.067835 -0.279486 0.051076
v 0.075549 -0.285143 0.063563
v 0.064280 -0.273881 0.031193
v 0.072133 -0.308535 0.026002
v 0.074746 -0.288816 0.054019
v 0.075819 -0.350765 0.017051
v 0.063313 -0.216174 0.065642
v 0.079256 -0.344215 0.020970
v 0.079323 -0.331403 0.028996
v 0.071272 -0.383120 -0.036481
v 0.071373 -0.280357 0.038337
v 0.069220 -0.213370 0.082261
v 0.043196 -0.223707 0.034149
v 0.079346 -0.299885 0.039359
v 0.080388 -0.288441 0.046033
v 0.089668 -0.384110 0.012968
v 0.065187 -0.277672 0.041958
v 0.092492 -0.378290 0.017521
v 0.083522 -0.291429 0.068635
v 0.083810 -0.294079 0.059173
v 0.081187 -0.392409 0.003700
v 0.091060 -0.391607 0.018571
v 0.089331 -0.296031 0.049630
v 0.079724 -0.404657 -0.038764
v 0.091904 -0.335501 0.036420
v 0.076661 -0.410919 -0.034687
v 0.089347 -0.368673 0.025596
v 0.085150 -0.311767 0.032734
v 0.101053 -0.353568 0.028527
v 0.100764 -0.378868 0.020877
v 0.079314 -0.321415 0.028595
v 0.024342 0.330217 -0.096228
v -0.000240 0.333074 -0.098439
v 0.003917 0.335299 -0.080859
v 0.027640 0.331936 -0.081489
v -0.012655 0.336328 -0.076916
v -0.015592 0.333549 -0.097730
v 0.033748 0.332116 -0.057409
v 0.011717 0.334860 -0.067158
v 0.023712 0.333704 -0.055997
v -0.000357 0.335136 -0.054450
v -0.027054 0.335638 -0.075287
v -0.030652 0.332692 -0.097714
v -0.026873 0.335717 -0.049103
v 0.040174 0.325590 -0.081931
v 0.045270 0.325955 -0.059524
v 0.051637 0.313814 -0.099254
v 0.051700 0.316718 -0.085558
v 0.054174 0.312051 -0.104051
v 0.035252 0.310698 -0.108858
v 0.055978 0.317771 -0.056618
v 0.059826 0.313089 -0.065767
v 0.016685 0.341411 -0.045352
v -0.008247 0.342429 -0.042753
v 0.063996 0.304121 -0.086529
v 0.036200 0.313415 -0.117906
v 0.049079 0.316597 -0.122581
v 0.057087 0.315431 -0.119315
v 0.056949 0.314111 -0.130311
v 0.039540 0.312905 -0.124981
v 0.023992 0.318469 -0.125985
v 0.034536 0.315870 -0.134204
v 0.022712 0.316332 -0.132387
v 0.019349 0.310663 -0.114740
v 0.014809 0.310784 -0.111231
v 0.010238 0.309450 -0.121540
v -0.002110 0.309061 -0.113032
v -0.009620 0.309095 -0.125381
v -0.004212 0.307846 -0.133005
v -0.017482 0.310460 -0.113546
v 0.014090 0.307648 -0.136102
v -0.019768 0.311640 -0.121260
v -0.026379 0.313146 -0.113884
v -0.033663 0.317790 -0.108182
v -0.033380 0.313811 -0.119254
v -0.035210 0.314714 -0.111781
v -0.039428 0.320317 -0.101630
v 0.020156 0.308415 -0.139751
v 0.031224 0.309394 -0.140010
v 0.019940 0.323880 -0.102466
v 0.018953 0.313405 -0.124826
v 0.042899 0.303801 -0.131398
v -0.203309 0.312555 -0.016385
v -0.220445 0.315577 -0.006618
v -0.204473 0.316831 -0.003675
v -0.222796 0.312854 -0.018516
v -0.203812 0.306178 -0.026974
v -0.226280 0.301059 -0.032162
v -0.249050 0.305346 -0.018037
v -0.248283 0.299432 -0.028407
v -0.244889 0.293470 -0.035576
v -0.204055 0.296635 -0.036016
v -0.213012 0.291253 -0.038889
v -0.241125 0.283702 -0.040899
v -0.204605 0.281398 -0.042319
v -0.199869 0.286079 -0.043815
v -0.094036 0.348119 -0.007653
v -0.112288 0.342146 -0.007021
v -0.102668 0.344250 0.005256
v -0.083205 0.350182 0.012078
v -0.083169 0.351948 -0.006564
v -0.089965 0.346559 0.021009
v -0.066719 0.355562 -0.002507
v -0.061225 0.355244 0.013085
v -0.067393 0.351301 0.025269
v -0.055110 0.356870 0.005001
v -0.113331 0.337973 0.016835
v -0.131748 0.336385 -0.008227
v -0.136186 0.330143 0.011515
v -0.158796 0.328649 -0.007285
v -0.164548 0.320497 0.009657
v -0.048501 0.362315 0.023618
v -0.047611 0.363153 0.011739
v -0.056025 0.355227 0.034617
v -0.038299 0.365882 0.037980
v -0.029243 0.375346 0.020110
v -0.118298 0.338839 -0.016495
v -0.027878 0.376606 0.010765
v -0.101164 0.341861 -0.024074
v -0.141966 0.330119 -0.023251
v -0.120894 0.334777 -0.028619
v -0.172813 0.324872 -0.007766
v -0.175746 0.319977 0.006310
v -0.084555 0.346156 -0.025795
v -0.065288 0.352042 -0.019020
v -0.164032 0.320002 -0.030841
v -0.182859 0.317023 -0.025861
v -0.075583 0.345126 -0.033352
v -0.047244 0.353554 -0.011761
v -0.104307 0.335439 -0.036819
v -0.139114 0.325147 -0.034467
v -0.194569 0.318153 -0.021503
v -0.184756 0.323050 -0.004992
v -0.024653 0.367232 -0.011024
v -0.036863 0.355716 -0.021485
v -0.017140 0.380513 0.006587
v -0.195535 0.323579 -0.005540
v -0.045602 0.347156 -0.025611
v -0.200565 0.320946 0.005559
v -0.011610 0.370286 -0.010186
v -0.010256 0.383854 0.008980
v 0.000969 0.380121 -0.000193
v -0.208408 0.313935 0.009212
v -0.220041 0.312789 0.007415
v -0.232401 0.307728 0.004557
v -0.248600 0.306304 -0.007110
v -0.040863 0.342154 -0.037339
v -0.017312 0.361559 -0.020520
v -0.026370 0.351455 -0.030399
v 0.002913 0.363321 -0.021609
v -0.039810 0.328684 -0.053261
v -0.038379 0.327067 -0.084845
v 0.014646 0.376757 -0.004960
v 0.015707 0.383480 0.004325
v 0.000464 0.351834 -0.033778
v 0.034132 0.372024 -0.010406
v 0.037843 0.356979 -0.028962
v 0.033452 0.377379 -0.003178
v 0.026094 0.377879 -0.000100
v -0.197352 0.304823 -0.034585
v 0.002192 0.383740 0.002932
v -0.045651 0.338112 -0.037123
v -0.049246 0.325531 -0.049115
v 0.039331 0.342150 -0.047490
v -0.128487 0.314972 -0.047043
v -0.115441 0.316705 -0.049620
v -0.066353 0.327085 -0.046977
v -0.177574 0.300003 -0.042657
v -0.144994 0.309539 -0.045354
v -0.188584 0.295533 -0.041517
v -0.081499 0.333292 -0.042493
v -0.093133 0.324709 -0.047608
v -0.162812 0.298064 -0.048478
v -0.048960 0.316582 -0.056783
v -0.063642 0.310739 -0.057407
v 0.049593 0.344856 -0.039644
v 0.050234 0.351997 -0.029744
v 0.047436 0.361785 -0.014810
v 0.056214 0.356549 -0.020424
v 0.063446 0.357251 -0.023121
v -0.148181 0.296331 -0.052716
v -0.100272 0.312905 -0.053832
v -0.127731 0.294143 -0.058324
v -0.109708 0.289588 -0.063081
v -0.097276 0.297930 -0.059649
v -0.030121 -0.003020 -0.079664
v 0.009854 -0.001966 -0.079646
v 0.000500 -0.002442 -0.066259
v 0.036601 -0.002438 -0.072332
v -0.042196 -0.001100 -0.067083
v 0.030996 -0.005501 -0.095750
v 0.045985 -0.006175 -0.094095
v 0.027275 -0.001188 -0.063552
v 0.010947 -0.004800 -0.093039
v 0.060087 -0.006661 -0.083096
v 0.053864 0.000045 -0.065601
v 0.051833 0.000326 -0.061086
v -0.003776 -0.005897 -0.096531
v -0.040211 -0.006821 -0.088799
v -0.057487 -0.006920 -0.082041
v -0.068455 -0.006513 -0.071616
v 0.064800 -0.001498 -0.060673
v -0.042576 -0.006025 -0.092922
v 0.068644 -0.006023 -0.070128
v 0.072766 -0.005223 -0.074930
v 0.075268 -0.005602 -0.065218
v -0.068985 -0.005379 -0.076268
v 0.080184 -0.007458 -0.056424
v -0.075746 -0.009154 -0.067463
v -0.068312 -0.003755 -0.056215
v -0.080564 -0.007708 -0.052689
v -0.085254 -0.005666 -0.053562
v -0.082474 -0.010444 -0.043017
v -0.076718 -0.010290 -0.048250
v 0.062991 -0.004999 -0.055015
v 0.072004 -0.006183 -0.050086
v 0.079922 -0.005955 -0.047404
v -0.075586 -0.005626 -0.072636
v -0.061455 -0.002988 -0.084436
v 0.087523 -0.010116 -0.035286
v 0.091330 -0.006966 -0.040526
v 0.029299 -0.001869 -0.100043
v 0.002163 -0.002660 -0.100538
v -0.056652 0.000416 -0.064430
v -0.065263 0.001031 -0.059747
v 0.175787 0.321152 0.004295
v 0.154461 0.322312 0.009315
v 0.172609 0.318004 0.006718
v 0.194809 0.317628 0.000029
v 0.191819 0.312272 0.002361
v 0.202832 0.311343 -0.001806
v 0.202002 0.318052 -0.003666
v 0.212101 0.316539 -0.009017
v 0.215583 0.311234 -0.008735
v 0.197045 0.307662 0.004903
v 0.155999 0.314129 0.016657
v 0.187440 0.300027 0.013067
v 0.163357 0.306089 0.018110
v 0.126256 0.326159 0.016479
v 0.150893 0.328885 0.004389
v 0.127585 0.333491 0.006249
v 0.126012 0.318665 0.025111
v 0.208466 0.296984 0.011769
v 0.112010 0.318246 0.034018
v 0.108823 0.334349 0.017392
v 0.222587 0.301270 0.006295
v 0.216347 0.283380 0.022198
v 0.219811 0.286205 0.018747
v 0.106022 0.344472 0.001402
v 0.096345 0.330228 0.034250
v 0.099790 0.342808 0.012311
v 0.098562 0.318963 0.043427
v 0.225434 0.307224 -0.004308
v 0.235782 0.303669 -0.005008
v 0.233342 0.295912 0.012647
v 0.102315 0.353359 -0.018028
v 0.092928 0.348298 0.010414
v 0.093548 0.353884 -0.010512
v 0.079238 0.353533 0.005359
v 0.070744 0.351565 0.018003
v 0.093402 0.356781 -0.012995
v 0.090057 0.346321 0.021531
v 0.118195 0.351349 -0.010137
v 0.122355 0.341365 0.002318
v 0.133193 0.342371 -0.006788
v 0.124665 0.352188 -0.017967
v 0.140013 0.333422 -0.001373
v 0.118100 0.355069 -0.021432
v 0.229362 0.285588 0.021744
v 0.060209 0.356397 -0.004531
v 0.224471 0.308756 -0.025145
v 0.238796 0.303651 -0.020955
v 0.078218 0.355434 -0.014028
v 0.080901 0.357788 -0.017836
v 0.062324 0.350162 0.017769
v 0.063151 0.342229 0.035825
v 0.121990 0.309065 0.031942
v 0.098490 0.308305 0.050569
v 0.144694 0.304889 0.023733
v 0.219827 0.315030 -0.021506
v 0.171383 0.287933 0.020656
v 0.194304 0.282158 0.019445
v 0.074303 0.357406 -0.022487
v 0.068236 0.343218 0.038107
v 0.129374 0.294983 0.032212
v 0.106789 0.299561 0.046866
v 0.220068 0.266606 0.023529
v 0.214535 0.270015 0.027033
v 0.152362 0.286257 0.023942
v 0.227763 0.275651 0.026349
v 0.063859 0.333593 0.045421
v 0.070634 0.333719 0.049853
v 0.119196 0.368061 -0.023367
v 0.238521 0.284178 0.032388
v 0.245503 0.306032 -0.005434
v 0.240272 0.302257 0.008141
v 0.248698 0.301714 0.008588
v 0.241949 0.296817 0.020430
v 0.262939 0.293146 0.016696
v 0.263062 0.300208 -0.000773
v 0.259397 0.283537 0.025649
v 0.262921 0.300159 -0.017902
v 0.245716 0.305793 -0.017884
v 0.253778 0.270705 0.029266
v 0.245513 0.300776 -0.034224
v 0.202344 0.268711 0.022554
v 0.264519 0.294186 -0.031808
v 0.232252 0.272526 0.033959
v 0.102765 0.371480 -0.018040
v 0.105650 0.380550 -0.026900
v 0.095016 0.380539 -0.018267
v 0.095924 0.371668 -0.012676
v 0.112680 0.382377 -0.027251
v 0.118735 0.373968 -0.027584
v 0.122973 0.375793 -0.037931
v 0.112993 0.383239 -0.033627
v 0.117291 0.385597 -0.038338
v 0.094831 0.362926 -0.010629
v 0.186404 0.270620 0.019680
v 0.170391 0.274990 0.019134
v 0.222549 0.259572 0.027457
v 0.081187 -0.392409 0.003700
v 0.084457 -0.398655 0.004754
v 0.091060 -0.391607 0.018571
v 0.072160 -0.392730 -0.011625
v 0.084919 -0.408521 -0.006636
v 0.075894 -0.406951 -0.027182
v 0.090831 -0.405368 0.004075
v 0.102559 -0.404482 0.016924
v 0.108062 -0.389322 0.027543
v 0.111929 -0.400493 0.022020
v 0.100764 -0.378868 0.020877
v 0.128469 -0.396715 0.021512
v 0.125484 -0.383241 0.027244
v 0.141044 -0.385517 0.021974
v 0.133415 -0.399360 0.019789
v 0.146287 -0.402684 0.010831
v 0.156547 -0.394137 0.005018
v 0.152308 -0.407407 0.002647
v 0.100512 0.054355 0.058851
v 0.093141 0.052839 0.073134
v 0.104491 0.054278 0.076700
v 0.125356 0.056875 0.062037
v 0.121724 0.055872 0.076964
v 0.100819 0.052288 0.084135
v 0.099679 0.056127 0.049463
v 0.127892 0.058631 0.030594
v 0.110284 0.059603 0.027494
v 0.099788 0.058177 0.030684
v 0.134358 0.055788 0.031251
v -0.173378 0.286169 -0.045497
v -0.147298 0.280348 -0.048904
v -0.160948 0.269230 -0.046602
v -0.187624 0.272715 -0.043799
v -0.128775 0.272423 -0.050173
v -0.162812 0.298064 -0.048478
v -0.147990 0.264605 -0.046740
v -0.188584 0.295533 -0.041517
v -0.177574 0.300003 -0.042657
v -0.199869 0.286079 -0.043815
v -0.197084 0.266853 -0.043518
v -0.204605 0.281398 -0.042319
v -0.205170 0.261683 -0.039669
v -0.148181 0.296331 -0.052716
v -0.127731 0.294143 -0.058324
v -0.109708 0.289588 -0.063081
v -0.118926 0.268378 -0.049327
v -0.099336 0.269053 -0.054101
v -0.088520 0.284478 -0.063936
v -0.068089 0.255699 -0.061822
v -0.064971 0.269540 -0.064537
v -0.061441 0.282365 -0.066493
v -0.070242 0.235272 -0.057316
v -0.057011 0.295363 -0.064124
v -0.097276 0.297930 -0.059649
v -0.091417 0.242873 -0.047659
v -0.078752 0.225122 -0.049543
v -0.128226 0.255553 -0.039657
v -0.175433 0.254468 -0.033332
v -0.189754 0.257586 -0.032707
v -0.106404 0.254936 -0.040407
v -0.085307 0.218560 -0.041613
v -0.193607 0.254316 -0.033111
v -0.207673 0.248646 -0.032661
v -0.211859 0.255889 -0.037026
v -0.213135 0.267578 -0.042511
v -0.223914 0.253473 -0.033824
v -0.215815 0.269214 -0.041766
v -0.213847 0.278235 -0.042317
v -0.237824 0.268535 -0.041569
v -0.241125 0.283702 -0.040899
v -0.234380 0.256388 -0.034898
v -0.212891 0.268311 -0.043304
v -0.212891 0.270752 -0.043457
v -0.213012 0.291253 -0.038889
v -0.142877 0.248602 -0.033010
v -0.155147 0.249293 -0.031811
v -0.117877 0.247135 -0.032349
v -0.106613 0.248188 -0.034393
v -0.229784 0.247521 -0.024643
v -0.063642 0.310739 -0.057407
v -0.052451 0.305639 -0.061368
v -0.100272 0.312905 -0.053832
v -0.128487 0.314972 -0.047043
v -0.115441 0.316705 -0.049620
v -0.048960 0.316582 -0.056783
v -0.213013 0.274414 -0.043518
v -0.128457 -0.494439 -0.037585
v -0.110915 -0.494823 -0.034742
v -0.115616 -0.496275 -0.021661
v -0.098937 -0.495525 -0.028070
v -0.141974 -0.496771 -0.013062
v -0.123802 -0.497549 -0.007913
v -0.110380 -0.497732 -0.002553
v -0.117852 -0.494639 -0.040989
v -0.125075 -0.493543 -0.049201
v -0.144508 -0.495218 -0.039094
v -0.152334 -0.494615 -0.050999
v -0.143356 -0.496542 -0.026180
v -0.156338 -0.497926 -0.014775
v -0.109376 -0.491026 -0.059122
v -0.131035 -0.491263 -0.065284
v -0.145812 -0.491812 -0.062127
v -0.099840 -0.492048 -0.043280
v -0.153712 -0.497263 -0.041798
v -0.092293 -0.491510 -0.038998
v -0.155964 -0.492150 -0.012353
v -0.112083 -0.490859 0.000176
v -0.127508 -0.491338 -0.005859
v -0.159502 -0.498600 0.044170
v -0.140989 -0.498811 0.063732
v -0.163426 -0.498495 0.055838
v -0.159068 -0.498280 0.074436
v -0.137715 -0.498417 0.078528
v -0.136032 -0.499257 0.050696
v -0.118324 -0.499205 0.073079
v -0.128312 -0.498075 0.095301
v -0.114083 -0.499550 0.042219
v -0.155427 -0.497635 0.087912
v -0.182137 -0.498525 0.065677
v -0.180964 -0.499637 0.038884
v -0.148081 -0.496411 0.095608
v -0.154562 -0.499345 0.040431
v -0.149731 -0.498615 0.027351
v -0.174339 -0.498839 0.015714
v -0.129064 -0.498614 0.027000
v -0.151234 -0.497651 0.010893
v -0.178614 -0.499367 0.027090
v -0.115765 -0.497556 0.024510
v -0.164237 -0.496255 -0.000835
v -0.168626 -0.496378 0.079638
v -0.171586 -0.495966 0.095696
v -0.178386 -0.497679 0.082937
v -0.139651 -0.495255 0.105506
v -0.150916 -0.494743 0.108059
v -0.160508 -0.494873 0.105214
v -0.155794 -0.495893 0.092573
v -0.129425 -0.495144 0.012090
v -0.114872 -0.492838 0.008982
v -0.142778 -0.491635 -0.005988
v -0.056422 0.198472 -0.045635
v -0.058091 0.178821 -0.034966
v -0.065633 0.193225 -0.036520
v -0.079194 0.180475 -0.026454
v -0.069443 0.160393 -0.024127
v -0.042354 0.166485 -0.040095
v -0.044856 0.192685 -0.046411
v -0.085074 0.177600 -0.021349
v -0.082816 0.158273 -0.015077
v -0.063581 0.136931 -0.022650
v -0.041492 0.143886 -0.035717
v -0.077741 0.135407 -0.013312
v -0.046820 0.116841 -0.030714
v -0.065698 0.114316 -0.019185
v -0.085519 0.117380 -0.005333
v -0.081733 0.108319 -0.008342
v -0.090122 0.136261 -0.001261
v -0.076690 0.096660 -0.012592
v -0.053979 0.098079 -0.029432
v -0.073375 0.082647 -0.018814
v -0.094193 0.185586 -0.012939
v -0.094393 0.155131 0.002606
v -0.098509 0.182842 -0.007014
v -0.098423 0.158116 0.005695
v -0.042376 0.179732 -0.045509
v -0.047039 0.197605 -0.048578
v -0.100107 0.145495 0.001324
v -0.063118 0.082440 -0.029265
v -0.073185 0.071857 -0.024848
v -0.041714 0.139088 -0.036356
v -0.095666 0.199405 -0.026273
v -0.082700 0.185683 -0.037323
v -0.077042 0.189425 -0.032934
v -0.041306 0.160852 -0.041950
v -0.071524 0.195759 -0.038195
v -0.062880 0.200316 -0.048856
v -0.050044 0.198186 -0.050807
v -0.084956 0.083830 -0.020172
v -0.082704 0.077811 -0.020774
v -0.090953 0.092862 -0.012821
v -0.080404 0.081012 -0.023529
v -0.079099 0.073521 -0.024048
v -0.086631 0.103915 -0.014251
v -0.092128 0.112536 -0.009807
v -0.083306 0.089594 -0.019350
v -0.096887 0.126648 -0.003131
v -0.077282 0.067530 -0.028924
v 0.279963 0.238101 0.008395
v 0.318074 0.237036 0.012620
v 0.305027 0.239265 0.021554
v 0.351776 0.241257 0.027457
v 0.339048 0.244577 0.035448
v 0.359249 0.244411 0.040117
v 0.364206 0.242400 0.028257
v 0.284275 0.242518 0.020757
v 0.298146 0.238020 -0.001678
v 0.283625 0.237503 -0.002598
v 0.258138 0.241313 -0.005123
v 0.257125 0.245022 0.007942
v 0.259715 0.242611 -0.020961
v 0.370914 0.239559 0.041663
v 0.278204 0.241925 -0.018151
v 0.349856 0.243226 0.016384
v 0.364946 0.245331 0.022682
v 0.326990 0.242779 0.004086
v 0.299297 0.242534 -0.010509
v 0.259944 0.246795 -0.030569
v 0.385359 0.233013 0.029874
v 0.386225 0.232939 0.041823
v 0.393002 0.232928 0.036226
v 0.396511 0.230076 0.032793
v 0.403174 0.229117 0.043427
v 0.271500 0.246294 0.018806
v 0.355582 0.249749 0.046662
v 0.366070 0.244428 0.054628
v 0.380612 0.235578 0.061176
v 0.382664 0.235983 0.054047
v 0.387243 0.237866 0.046159
v 0.388746 0.237596 0.051870
v 0.395066 0.228588 0.056197
v 0.396725 0.226930 0.061827
v 0.395882 0.242522 0.044337
v 0.380284 0.240701 0.022175
v 0.306461 0.244721 0.028825
v 0.398040 0.226087 0.049208
v 0.409000 0.220361 0.051609
v 0.406443 0.224644 0.042735
v 0.412015 0.224961 0.040787
v 0.403380 0.224925 0.035051
v 0.258549 0.254524 0.020072
v 0.416911 0.225835 0.048641
v 0.253628 0.242452 0.007695
v 0.248377 0.236819 -0.005918
v 0.235184 0.237953 0.003714
v 0.255084 0.236718 -0.023375
v 0.244400 0.233656 -0.018223
v 0.232972 0.231092 -0.007451
v 0.232335 0.231042 -0.021636
v 0.222726 0.233354 -0.017038
v 0.222466 0.233290 -0.004333
v 0.222451 0.237944 0.008174
v 0.242443 0.238634 -0.034733
v 0.220757 0.240539 -0.035386
v 0.222711 0.245310 0.020187
v 0.235340 0.241257 -0.043081
v 0.228511 0.240996 -0.039254
v 0.222661 0.242401 -0.041199
v 0.258343 0.243465 -0.034925
v 0.234907 0.250551 0.017362
v 0.255833 0.255762 0.025530
v 0.234523 0.259357 0.027682
v 0.219865 0.236190 -0.018205
v 0.207724 0.241886 -0.033291
v 0.211364 0.236494 -0.018744
v 0.220225 0.236850 -0.006568
v 0.210707 0.237757 -0.005721
v 0.210883 0.242727 0.006783
v 0.204565 0.240801 -0.020512
v 0.186042 0.243505 -0.016762
v 0.175456 0.245166 -0.034014
v 0.196778 0.243982 -0.010030
v 0.164244 0.243980 -0.015532
v 0.145269 0.244989 -0.033599
v 0.201826 0.245580 0.010534
v 0.143247 0.242155 -0.012798
v 0.128625 0.241231 -0.023628
v 0.187142 0.253783 0.010060
v 0.160049 0.254454 0.007289
v 0.134443 0.249784 0.007638
v 0.123040 0.244464 -0.036486
v 0.126953 0.236568 -0.008051
v 0.205835 0.253875 0.023591
v 0.199679 0.250674 0.017278
v 0.216504 0.249504 0.015895
v 0.126391 0.246992 0.009353
v 0.193268 0.254138 0.012933
v 0.413935 0.225867 0.058606
v 0.227337 0.254640 0.027790
v 0.411015 0.232329 0.028822
v 0.130287 0.261600 0.019088
v 0.153594 0.271024 0.018605
v 0.170391 0.274990 0.019134
v 0.186404 0.270620 0.019680
v 0.202344 0.268711 0.022554
v 0.222549 0.259572 0.027457
v 0.136264 0.278047 0.025650
v 0.220068 0.266606 0.023529
v 0.232252 0.272526 0.033959
v 0.253778 0.270705 0.029266
v 0.152362 0.286257 0.023942
v 0.214535 0.270015 0.027033
v 0.129374 0.294983 0.032212
v 0.220773 0.256489 -0.051300
v -0.102173 0.049066 0.037013
v -0.111321 0.035880 0.037413
v -0.102930 0.019429 0.037107
v -0.107425 0.068453 0.037047
v -0.109305 0.005757 0.037108
v -0.125998 0.067673 0.035570
v -0.121602 0.005774 0.035724
v -0.127454 0.005976 0.033680
v -0.099055 0.017700 0.039576
v -0.099133 0.048172 0.038845
v -0.097672 0.052060 0.035913
v -0.099948 0.064307 0.031892
v -0.098052 0.071577 0.031666
v 0.331412 0.266067 -0.001928
v 0.359876 0.264798 0.012432
v 0.344871 0.255348 0.004591
v 0.323337 0.254541 -0.006256
v 0.368173 0.255345 0.016172
v 0.302960 0.266777 -0.017259
v 0.299243 0.252366 -0.017928
v 0.277569 0.269267 -0.031351
v 0.273670 0.252884 -0.030641
v 0.268344 0.267622 -0.037155
v 0.260354 0.259417 -0.039679
v 0.377013 0.265316 0.022852
v 0.262911 0.280885 -0.037982
v 0.292394 0.274779 -0.019061
v 0.351753 0.268647 0.010158
v 0.304657 0.277912 -0.008823
v 0.392535 0.260491 0.023798
v 0.386274 0.251033 0.019107
v 0.409816 0.252849 0.026565
v 0.400880 0.244023 0.023378
v 0.411015 0.232329 0.028822
v 0.413437 0.254970 0.030995
v 0.330766 0.273882 0.004265
v 0.406878 0.263309 0.033650
v 0.275750 0.288138 -0.017421
v 0.263015 0.289463 -0.031443
v 0.372713 0.269755 0.028266
v 0.413809 0.234497 0.032560
v 0.380284 0.240701 0.022175
v 0.265464 0.292668 -0.022518
v 0.326990 0.242779 0.004086
v 0.349856 0.243226 0.016384
v 0.299297 0.242534 -0.010509
v 0.259944 0.246795 -0.030569
v 0.364946 0.245331 0.022682
v 0.278204 0.241925 -0.018151
v 0.385359 0.233013 0.029874
v 0.396511 0.230076 0.032793
v 0.403380 0.224925 0.035051
v 0.412015 0.224961 0.040787
v -0.127150 0.041429 0.028810
v -0.116241 0.053722 0.022541
v -0.119247 0.020892 0.022776
v -0.127473 0.008261 0.027138
v -0.119134 0.006926 0.020947
v -0.128134 0.069262 0.028133
v -0.115508 0.068817 0.026263
v -0.110702 0.064951 0.023635
v 0.025701 -0.148056 0.026766
v 0.030235 -0.160493 0.011474
v 0.032957 -0.170292 0.029950
v 0.023975 -0.139680 0.012565
v 0.034603 -0.177932 0.041763
v 0.023182 -0.138596 0.039608
v 0.039956 -0.197136 0.033389
v 0.036788 -0.185926 0.025993
v 0.040478 -0.199831 0.008791
v 0.014044 -0.116423 0.024881
v 0.008184 -0.104033 0.010368
v -0.001530 -0.079762 0.025188
v -0.001531 -0.078402 0.014085
v 0.011328 -0.102805 0.038590
v -0.001185 -0.078683 0.037546
v 0.006912 -0.085966 0.053279
v 0.036011 -0.172774 0.050837
v 0.038689 -0.204749 0.042968
v 0.014981 -0.102437 0.051035
v 0.024748 -0.123764 0.052144
v -0.002151 -0.072735 0.056898
v 0.029502 -0.146630 0.049943
v 0.024311 -0.106156 0.065436
v 0.007250 -0.078845 0.066869
v 0.041219 -0.191495 0.052641
v 0.040810 -0.208372 0.051828
v 0.038903 -0.212845 0.041349
v 0.035367 -0.214500 0.026743
v 0.043196 -0.223707 0.034149
v 0.043803 -0.226672 0.024893
v 0.036402 -0.214096 0.017730
v 0.040881 -0.220685 0.013079
v 0.054501 -0.235497 0.041948
v -0.002017 -0.062834 0.075112
v 0.039024 -0.128667 0.067849
v 0.017731 -0.087963 0.072294
v 0.044197 -0.168046 0.059727
v 0.033989 -0.099608 0.079963
v 0.059146 -0.164979 0.076748
v 0.059761 -0.199410 0.067011
v 0.055328 -0.222311 0.051818
v 0.049731 -0.208327 0.061444
v 0.011943 -0.069023 0.076285
v 0.048476 -0.128829 0.076270
v 0.063313 -0.216174 0.065642
v 0.000793 -0.044988 -0.032936
v 0.013778 -0.062883 -0.031598
v 0.000982 -0.056277 -0.022036
v -0.000024 -0.033371 -0.041800
v -0.000608 -0.065929 -0.006525
v 0.014219 -0.038604 -0.048487
v -0.000258 -0.015560 -0.053856
v 0.025985 -0.063262 -0.037661
v 0.033215 -0.052977 -0.047161
v 0.019337 -0.070342 -0.024360
v 0.004767 -0.075884 -0.003006
v 0.031472 -0.071961 -0.031314
v 0.017340 -0.082863 -0.013987
v -0.001648 -0.072598 0.006095
v 0.012079 -0.107411 0.000440
v 0.032766 -0.122634 -0.010740
v 0.020095 -0.122329 0.001997
v 0.035543 -0.138915 -0.006373
v 0.043785 -0.133553 -0.020359
v 0.030577 -0.087028 -0.025667
v 0.031874 -0.112102 -0.014029
v 0.046076 -0.114989 -0.025688
v 0.046966 -0.163943 -0.017543
v 0.038605 -0.176278 -0.003212
v 0.048707 -0.183950 -0.012890
v 0.042017 -0.192925 -0.000891
v 0.051032 -0.197866 -0.016891
v 0.053154 -0.139620 -0.027808
v 0.041937 -0.206505 -0.001410
v 0.046757 -0.222292 0.005130
v 0.056047 -0.214671 -0.009962
v 0.045798 -0.091711 -0.034722
v 0.061834 -0.179699 -0.022999
v 0.059587 -0.142221 -0.031097
v 0.059156 -0.120367 -0.031279
v 0.062908 -0.191598 -0.027106
v 0.068435 -0.205625 -0.020429
v 0.049987 -0.070132 -0.038722
v 0.027382 -0.030769 -0.055937
v -0.000152 -0.004458 -0.059744
v 0.072508 -0.185057 -0.030441
v 0.143811 -0.498172 0.047751
v 0.161716 -0.497022 0.048721
v 0.158017 -0.497353 0.057931
v 0.162403 -0.497932 0.035725
v 0.139223 -0.497415 0.058342
v 0.152280 -0.497501 0.068049
v 0.135360 -0.497911 0.067881
v 0.138403 -0.496992 0.079563
v 0.166855 -0.497511 0.063274
v 0.140744 -0.497301 0.026449
v 0.131876 -0.497665 0.036326
v 0.128880 -0.497861 0.027258
v 0.127060 -0.497253 0.043291
v 0.172565 -0.498080 0.041408
v 0.184410 -0.497792 0.049232
v 0.178921 -0.496882 0.026436
v 0.168585 -0.496549 0.078044
v 0.159270 -0.495710 0.081045
v 0.174307 -0.496571 0.065755
v 0.185396 -0.496087 0.075862
v 0.172655 -0.495449 0.089282
v 0.157091 -0.496149 0.088959
v 0.183556 -0.494896 0.088024
v 0.128164 -0.498998 0.052882
v 0.126634 -0.498796 0.060571
v 0.131637 -0.497376 0.091278
v 0.142832 -0.495798 0.091786
v 0.119632 -0.499578 0.064148
v 0.114539 -0.499966 0.043828
v 0.145928 -0.497622 0.088212
v 0.142224 -0.494484 0.105334
v 0.151372 -0.495192 0.099255
v 0.151086 -0.493966 0.108652
v 0.164748 -0.493322 0.108913
v 0.162654 -0.494673 0.093621
v 0.166794 -0.494790 0.099863
v 0.179175 -0.493531 0.098432
v 0.113384 -0.497724 0.025721
v 0.144629 -0.495570 0.082409
v 0.160458 -0.496352 0.026178
v 0.133897 -0.494537 0.015657
v 0.153203 -0.496148 0.014200
v 0.156252 -0.498024 0.023363
v 0.175115 -0.495811 0.017112
v 0.168392 -0.496458 0.007076
v 0.172865 -0.491321 0.105535
v 0.146486 -0.487523 -0.002058
v 0.114780 -0.485367 -0.000684
v 0.134182 -0.486094 -0.010079
v 0.150937 -0.485474 -0.016493
v 0.159582 -0.487213 -0.008857
v 0.156846 -0.486386 -0.015715
v 0.111370 -0.491163 0.013384
v 0.105546 -0.488111 0.005155
v 0.111662 -0.487744 -0.004035
v -0.337531 0.270354 0.002491
v -0.348649 0.265108 0.006956
v -0.359829 0.270225 0.017328
v -0.373606 0.262075 0.020229
v -0.372590 0.269996 0.027703
v -0.397591 0.262796 0.028953
v -0.332909 0.279440 0.012497
v -0.327196 0.277497 0.001890
v -0.311218 0.277600 -0.008498
v -0.298093 0.288014 -0.001080
v -0.285688 0.285839 -0.014142
v -0.282201 0.289390 -0.010669
v -0.265027 0.293175 -0.014961
v -0.266584 0.280093 -0.027765
v -0.251148 0.289695 -0.027462
v -0.241289 0.297308 -0.022786
v -0.245449 0.299983 -0.017329
v -0.389466 0.268099 0.034678
v -0.412106 0.268010 0.044326
v -0.413165 0.260501 0.036170
v -0.411261 0.256762 0.029597
v -0.418841 0.263258 0.044109
v -0.288159 0.278007 -0.019720
v -0.359163 0.273577 0.025814
v -0.312267 0.285660 0.010582
v -0.267485 0.295495 -0.001950
v -0.239137 0.286478 -0.032097
v -0.242391 0.281809 -0.034424
v -0.393296 0.252405 0.021595
v -0.297254 0.267186 -0.018771
v -0.316990 0.265623 -0.009467
v -0.409355 0.245428 0.025711
v -0.259132 0.267482 -0.032000
v -0.341127 0.256234 0.004167
v -0.370354 0.254571 0.019154
v -0.419193 0.253493 0.042644
v -0.414444 0.237008 0.031021
v -0.238066 0.269527 -0.034913
v -0.412941 0.244318 0.038259
v -0.420133 0.239088 0.042737
v -0.412930 0.234818 0.038783
v -0.410204 0.224621 0.037727
v -0.409165 0.229605 0.029911
v -0.311614 0.254491 -0.008421
v -0.395353 0.241916 0.024431
v -0.284015 0.256096 -0.019707
v -0.257996 0.255179 -0.026047
v -0.331494 0.250566 0.003820
v -0.233143 0.260752 -0.029134
v 0.106923 0.042525 0.076213
v 0.105761 0.008177 0.077909
v 0.113677 0.035382 0.078892
v 0.117316 0.052865 0.078253
v 0.104491 0.054278 0.076700
v 0.110485 -0.005469 0.078146
v 0.104787 -0.009501 0.077946
v 0.123447 -0.006824 0.085257
v 0.120949 0.036530 0.084153
v 0.121724 0.055872 0.076964
v 0.102606 0.039710 0.077647
v 0.112611 -0.012009 0.072659
v 0.095395 0.178381 0.058924
v 0.106854 0.180006 0.058025
v 0.098692 0.181955 0.062327
v 0.104243 0.183516 0.064663
v 0.092738 0.186410 0.066015
v 0.103859 0.187802 0.068484
v 0.091487 0.195006 0.071178
v 0.098206 0.170779 0.054551
v 0.102507 0.203783 0.075821
v 0.089400 0.205536 0.076152
v 0.099133 0.213166 0.079664
v 0.086637 0.218962 0.080096
v 0.092832 0.239136 0.084212
v 0.106612 0.168057 0.047995
v 0.100441 0.162953 0.047848
v 0.103185 0.153553 0.040947
v 0.084081 0.234966 0.080959
v 0.087739 0.267285 0.084200
v 0.079516 0.261211 0.080022
v 0.083664 0.287260 0.080062
v -0.188392 0.250895 -0.002571
v -0.173766 0.252303 -0.011745
v -0.175901 0.253090 0.001042
v -0.153194 0.254423 -0.001479
v -0.152239 0.254547 0.009829
v -0.190925 0.251294 -0.020995
v -0.129828 0.252858 -0.002250
v -0.166650 0.249905 -0.022337
v -0.146476 0.248985 -0.022208
v -0.155147 0.249293 -0.031811
v -0.142877 0.248602 -0.033010
v -0.127397 0.246767 -0.019706
v -0.121508 0.251696 0.003263
v -0.144724 0.258408 0.019768
v -0.125179 0.257700 0.024239
v -0.168431 0.259194 0.020130
v -0.117877 0.247135 -0.032349
v -0.179649 0.251458 0.007894
v -0.110577 0.244099 -0.021734
v -0.117652 0.245527 -0.008826
v -0.185705 0.259978 0.021047
v -0.175433 0.254468 -0.033332
v -0.106613 0.248188 -0.034393
v -0.112693 0.248819 0.018123
v -0.110023 0.252390 0.028273
v -0.122350 0.268114 0.039162
v -0.111049 0.264175 0.046885
v -0.136593 0.270546 0.031417
v -0.190641 0.246621 0.006038
v -0.189289 0.254195 0.018778
v -0.199797 0.247561 0.021370
v -0.200958 0.241505 0.004973
v -0.208845 0.245281 0.006182
v -0.212177 0.252584 0.024088
v -0.226027 0.244632 0.013308
v -0.224110 0.240956 0.000507
v -0.215514 0.241954 -0.004606
v -0.225486 0.240684 -0.008612
v -0.199687 0.239898 -0.006820
v -0.215227 0.245340 -0.020246
v -0.207673 0.248646 -0.032661
v -0.194451 0.244643 -0.019200
v -0.191211 0.244654 -0.003987
v -0.195143 0.245857 0.001059
v -0.200381 0.254184 0.029977
v -0.228922 0.254592 0.024747
v -0.229784 0.247521 -0.024643
v -0.223914 0.253473 -0.033824
v -0.189754 0.257586 -0.032707
v -0.193607 0.254316 -0.033111
v -0.115041 0.241547 -0.003799
v -0.150202 0.271040 0.027570
v -0.165011 0.271016 0.026258
v -0.218544 0.266243 0.031365
v -0.202449 0.266418 0.036918
v -0.189724 0.273134 0.028213
v -0.193812 0.268012 0.032044
v -0.231492 0.272648 0.029022
v 0.132023 -0.368975 0.014521
v 0.115979 -0.368121 0.023278
v 0.117154 -0.373522 0.022823
v 0.135348 -0.362108 0.014726
v 0.153511 -0.356931 0.002603
v 0.145437 -0.367967 0.004620
v 0.142296 -0.348824 0.020466
v 0.130474 -0.354598 0.028267
v 0.118749 -0.360133 0.032724
v 0.157501 -0.368526 -0.014468
v 0.152989 -0.352214 0.004374
v 0.101981 -0.363185 0.029987
v 0.100764 -0.378868 0.020877
v 0.089347 -0.368673 0.025596
v 0.092492 -0.378290 0.017521
v 0.124837 -0.344133 0.029828
v 0.141812 -0.336477 0.018837
v 0.135615 -0.312375 0.023017
v 0.109070 -0.342159 0.037355
v 0.112884 -0.350985 0.032904
v 0.119875 -0.322477 0.031279
v 0.129683 -0.298837 0.031610
v 0.123020 -0.301254 0.037725
v 0.107762 -0.311033 0.039692
v 0.108622 -0.326624 0.034851
v 0.122877 -0.289085 0.046250
v 0.111965 -0.293923 0.048262
v 0.094947 -0.298123 0.048645
v 0.131217 -0.276447 0.041759
v 0.152351 -0.377055 0.003128
v 0.091904 -0.335501 0.036420
v 0.097584 -0.320926 0.034582
v 0.100081 -0.306129 0.042050
v 0.101053 -0.353568 0.028527
v 0.089331 -0.296031 0.049630
v 0.085150 -0.311767 0.032734
v 0.079314 -0.321415 0.028595
v 0.125484 -0.383241 0.027244
v 0.108062 -0.389322 0.027543
v 0.141044 -0.385517 0.021974
v 0.142586 -0.381726 0.016129
v -0.113838 -0.479372 -0.059506
v -0.126427 -0.475203 -0.061123
v -0.117292 -0.474834 -0.057912
v -0.131035 -0.491263 -0.065284
v -0.137186 -0.476004 -0.062012
v -0.109376 -0.491026 -0.059122
v -0.127606 -0.459381 -0.060401
v -0.139987 -0.459367 -0.059813
v -0.137883 -0.442160 -0.056293
v -0.125274 -0.443852 -0.056520
v -0.145812 -0.491812 -0.062127
v -0.112135 -0.447255 -0.048264
v -0.145474 -0.479206 -0.059305
v -0.108001 -0.448406 -0.044405
v -0.106669 -0.474663 -0.043793
v -0.100491 -0.471627 -0.036991
v -0.093330 -0.481613 -0.039945
v -0.099840 -0.492048 -0.043280
v -0.092293 -0.491510 -0.038998
v -0.103816 -0.450508 -0.037929
v -0.132632 -0.107823 -0.000817
v -0.116177 -0.086308 -0.002455
v -0.123343 -0.109580 -0.002357
v -0.128792 -0.069439 -0.002780
v -0.122876 -0.117151 -0.001673
v -0.126827 -0.144102 0.001171
v -0.138215 -0.150850 0.003297
v -0.127894 -0.157247 0.002588
v -0.146951 -0.161388 0.006898
v -0.128990 -0.163635 0.004780
v -0.140878 -0.123871 0.003518
v -0.143863 -0.133835 0.006634
v -0.132418 -0.077587 0.000260
v -0.114298 -0.072457 -0.000753
v -0.115867 -0.064545 0.003924
v -0.113858 -0.060044 0.007881
v -0.120374 -0.051626 0.007244
v -0.131535 -0.065880 0.002482
v -0.131543 -0.052176 0.009540
v 0.348262 0.273134 0.035109
v 0.332897 0.272498 0.033745
v 0.354283 0.263756 0.046699
v 0.366960 0.270555 0.041917
v 0.329658 0.265309 0.039026
v 0.312590 0.270136 0.032525
v 0.375045 0.262636 0.060386
v 0.328204 0.277250 0.023347
v 0.300269 0.279005 0.020897
v 0.288956 0.279025 0.020870
v 0.288227 0.286057 0.009051
v 0.383005 0.268728 0.052728
v 0.386851 0.263461 0.064512
v 0.409105 0.269298 0.060802
v 0.397751 0.255534 0.078983
v 0.401449 0.259856 0.070367
v 0.415774 0.253432 0.083364
v 0.408511 0.251899 0.084566
v 0.308579 0.281576 0.011219
v 0.401716 0.260926 0.067216
v 0.415339 0.260447 0.072106
v 0.275316 0.288350 0.011059
v 0.261468 0.276774 0.023377
v 0.358667 0.273302 0.029562
v 0.387877 0.269998 0.042337
v 0.348161 0.273971 0.017452
v 0.327228 0.278162 0.013023
v 0.287928 0.286963 -0.002741
v 0.266853 0.294787 -0.004278
v 0.263191 0.293337 0.008284
v 0.262375 0.286548 0.017313
v 0.372713 0.269755 0.028266
v 0.418040 0.264394 0.061996
v 0.413399 0.267203 0.044747
v 0.412203 0.268003 0.055990
v 0.311551 0.279485 0.000585
v 0.417333 0.252174 0.076838
v 0.275750 0.288138 -0.017421
v 0.265464 0.292668 -0.022518
v 0.304657 0.277912 -0.008823
v 0.330766 0.273882 0.004265
v 0.406878 0.263309 0.033650
v 0.377013 0.265316 0.022852
v 0.351753 0.268647 0.010158
v 0.146326 -0.388073 -0.053095
v 0.161088 -0.399132 -0.035915
v 0.143317 -0.409622 -0.056739
v 0.155828 -0.393444 -0.041409
v 0.149026 -0.412864 -0.042457
v 0.158807 -0.410247 -0.031732
v 0.142042 -0.419910 -0.056343
v 0.134065 -0.411258 -0.064677
v 0.133350 -0.436922 -0.064642
v 0.159452 -0.425484 -0.033844
v 0.149862 -0.430751 -0.051746
v 0.151297 -0.441594 -0.047224
v 0.158299 -0.441832 -0.032866
v 0.145068 -0.441804 -0.052918
v 0.162200 -0.418858 -0.024881
v 0.164666 -0.397908 -0.019619
v 0.159733 -0.440412 -0.021488
v 0.122028 -0.435088 -0.069798
v 0.122175 -0.416016 -0.068394
v -0.115986 0.057436 0.006741
v -0.108492 0.059273 0.011004
v -0.114866 0.006508 0.006315
v -0.106491 0.068977 0.010611
v -0.099126 0.065332 0.015984
v -0.095182 0.061084 0.017095
v -0.096648 0.051346 0.015165
v -0.106648 0.011015 0.013266
v -0.103524 0.038064 0.016022
v -0.103198 0.016564 0.016535
v -0.121765 0.067934 0.007426
v -0.122394 0.008124 0.005850
v 0.009593 0.443295 0.102904
v -0.002078 0.440902 0.101309
v 0.006891 0.426013 0.107408
v 0.001201 0.458020 0.095346
v -0.009728 0.424461 0.102131
v -0.011272 0.453341 0.091182
v 0.015849 0.455666 0.097214
v 0.010489 0.465111 0.091234
v 0.018979 0.425702 0.106828
v -0.007771 0.465723 0.083257
v 0.004713 0.472411 0.081398
v 0.025066 0.451873 0.096234
v 0.026277 0.464946 0.087318
v 0.015113 0.473885 0.080946
v 0.011258 0.421087 0.107156
v 0.030240 0.425002 0.102094
v 0.030896 0.470975 0.078447
v 0.038588 0.454368 0.084292
v 0.040009 0.464018 0.075361
v -0.146951 -0.161388 0.006898
v -0.130942 -0.165456 0.018585
v -0.145560 -0.162399 0.039106
v -0.128170 -0.165668 0.039518
v -0.128990 -0.163635 0.004780
v -0.148778 -0.160509 0.017020
v -0.134412 -0.162046 0.045926
v -0.142414 -0.160833 0.044081
v -0.124040 -0.163684 0.044015
v -0.129744 -0.169877 0.029716
v 0.089334 -0.477413 -0.023416
v 0.086324 -0.476898 -0.040247
v 0.087802 -0.495760 -0.025284
v 0.084486 -0.495399 -0.040426
v 0.095857 -0.496812 -0.011597
v 0.101024 -0.478418 -0.000266
v 0.105546 -0.488111 0.005155
v 0.109957 -0.481579 0.015911
v 0.104098 -0.495988 0.001238
v 0.106289 -0.475888 0.007078
v 0.112835 -0.480052 0.023141
v 0.113384 -0.497724 0.025721
v 0.111370 -0.491163 0.013384
v 0.113781 -0.489157 0.039618
v 0.116351 -0.482558 0.043953
v 0.114875 -0.467045 0.043928
v 0.122760 -0.482528 0.068736
v 0.120601 -0.467453 0.059097
v 0.129271 -0.467877 0.081444
v 0.128355 -0.483613 0.083093
v 0.118229 -0.486090 0.059237
v 0.119632 -0.499578 0.064148
v 0.114539 -0.499966 0.043828
v 0.131637 -0.497376 0.091278
v 0.138797 -0.477475 0.100251
v 0.140148 -0.461972 0.098793
v 0.142224 -0.494484 0.105334
v 0.108335 -0.468267 0.021645
v 0.112108 -0.456627 0.031541
v 0.100171 -0.463039 0.005290
v 0.103470 -0.445238 0.011282
v 0.093853 -0.447914 -0.009840
v 0.093866 -0.467423 -0.012764
v 0.089210 -0.462992 -0.028613
v 0.089438 -0.450119 -0.027859
v 0.091921 -0.474537 -0.022695
v 0.089688 -0.474316 -0.046870
v 0.094501 -0.432494 0.003171
v 0.110241 -0.440089 0.020416
v 0.105789 -0.424089 0.018566
v 0.089791 -0.464833 -0.048631
v 0.090423 -0.450689 -0.048476
v 0.085970 -0.440828 -0.017856
v 0.083282 -0.421266 -0.007815
v 0.080780 -0.427038 -0.021754
v 0.081116 -0.423828 -0.018295
v 0.080252 -0.418818 -0.022006
v 0.083973 -0.445313 -0.037625
v 0.081055 -0.422852 -0.016678
v 0.080479 -0.425639 -0.036139
v 0.076661 -0.410919 -0.034687
v 0.075894 -0.406951 -0.027182
v 0.084919 -0.408521 -0.006636
v 0.090831 -0.405368 0.004075
v 0.088458 -0.420243 0.003294
v 0.081055 -0.422852 -0.016068
v 0.099032 -0.414161 0.017277
v 0.087717 -0.445015 -0.052377
v 0.082579 -0.417805 -0.047598
v 0.102559 -0.404482 0.016924
v 0.115501 -0.436043 0.024639
v 0.120889 -0.455811 0.043966
v 0.147055 -0.473884 0.105616
v 0.113026 -0.411160 0.025290
v 0.111929 -0.400493 0.022020
v 0.157532 -0.463325 0.108220
v 0.147251 -0.457347 0.102863
v 0.124059 -0.416707 0.025862
v 0.124963 -0.430349 0.027682
v 0.151086 -0.493966 0.108652
v 0.160018 -0.473266 0.108400
v 0.089612 -0.492077 -0.045351
v 0.087419 -0.478979 -0.046859
v 0.085847 -0.492839 -0.048546
v 0.164748 -0.493322 0.108913
v 0.128469 -0.396715 0.021512
v 0.081055 -0.422852 -0.016083
v -0.154607 -0.454460 0.048764
v -0.156913 -0.457434 0.063455
v -0.140362 -0.455064 0.063595
v -0.140075 -0.450883 0.050419
v -0.168487 -0.461881 0.058076
v -0.169445 -0.460537 0.041384
v -0.170646 -0.460640 0.078323
v -0.156099 -0.454732 0.081990
v -0.166701 -0.457335 0.088751
v -0.154799 -0.453200 0.097979
v -0.144850 -0.454170 0.083136
v -0.176754 -0.466365 0.066514
v -0.179384 -0.469587 0.044808
v -0.177405 -0.469823 0.028358
v -0.142708 -0.455366 0.097481
v -0.160450 -0.447930 0.032889
v -0.170202 -0.457015 0.025979
v -0.152022 -0.445191 0.036852
v -0.139104 -0.440935 0.036242
v -0.156338 -0.435838 0.021029
v -0.162798 -0.444124 0.022639
v -0.160058 -0.433856 0.008264
v -0.153565 -0.429464 0.014893
v -0.139153 -0.429169 0.021877
v -0.174010 -0.467794 0.087118
v -0.168556 -0.451457 0.013508
v -0.128742 -0.457347 0.060690
v -0.124875 -0.450613 0.045728
v -0.133387 -0.457991 0.076590
v -0.127190 -0.439272 0.031184
v -0.124321 -0.432794 0.020980
v -0.136934 -0.458951 0.095988
v -0.119026 -0.436424 0.018841
v -0.142596 -0.465929 0.103624
v -0.154195 -0.466465 0.105357
v -0.126946 -0.464866 0.080306
v 0.125166 0.433668 -0.020389
v 0.129490 0.411312 -0.026185
v 0.129486 0.417679 -0.034384
v 0.127173 0.432705 -0.034305
v 0.125916 0.408202 -0.013076
v 0.118133 0.435150 -0.008096
v 0.116927 0.416939 -0.001512
v 0.122967 0.441660 -0.034169
v 0.120108 0.444767 -0.023697
v 0.109775 0.444230 -0.006243
v 0.107082 0.454167 -0.017404
v 0.104441 0.436058 0.002317
v 0.103510 0.450211 -0.007112
v 0.103933 0.472408 -0.005754
v 0.106773 0.464105 -0.024745
v 0.109977 0.455436 -0.028132
v 0.103597 0.488537 -0.015476
v 0.095868 0.498505 -0.008731
v 0.098413 0.499875 -0.020579
v 0.100210 0.490360 -0.028213
v 0.110405 0.405034 0.001784
v 0.106637 0.416904 0.004668
v 0.092881 0.488946 -0.004628
v 0.124594 0.399070 -0.020968
v 0.094487 0.450108 -0.002473
v 0.088210 0.479671 -0.001445
v 0.086969 0.460492 0.000815
v 0.089275 0.442927 0.002163
v 0.094435 0.432464 0.005690
v 0.124550 0.423323 -0.048946
v 0.124424 0.399174 -0.036331
v 0.120237 0.433811 -0.052827
v 0.117760 0.443886 -0.045194
v 0.116004 0.449261 -0.036155
v 0.125735 0.411179 -0.047029
v 0.116107 0.416404 -0.061204
v 0.117211 0.395487 -0.047882
v 0.117291 0.385597 -0.038338
v 0.115527 0.382952 -0.047421
v 0.117289 0.389116 -0.058355
v 0.123487 0.375506 -0.064395
v 0.125163 0.369581 -0.037810
v 0.127462 0.365174 -0.065046
v 0.126538 0.363126 -0.042965
v 0.128089 0.351858 -0.037073
v 0.122973 0.375793 -0.037931
v 0.121783 0.353513 -0.033725
v 0.119196 0.368061 -0.023367
v 0.118990 0.353887 -0.026958
v 0.121925 0.346411 -0.032687
v 0.118100 0.355069 -0.021432
v 0.117789 0.380833 -0.065766
v 0.109742 0.396470 -0.056462
v 0.118209 0.345597 -0.036425
v 0.104920 0.435869 -0.066052
v 0.105294 0.415927 -0.068396
v 0.066570 -0.325346 -0.018399
v 0.076451 -0.332234 -0.037937
v 0.068687 -0.340989 -0.020668
v 0.075211 -0.351805 -0.038317
v 0.074109 -0.368499 -0.028401
v 0.063504 -0.304121 -0.021254
v 0.071272 -0.361592 -0.018603
v 0.071901 -0.373972 -0.025104
v 0.067409 -0.382619 -0.019762
v 0.071272 -0.383120 -0.036481
v 0.080679 -0.373584 -0.036411
v 0.082685 -0.380763 -0.052007
v 0.079850 -0.387228 -0.049533
v 0.070913 -0.391422 -0.033909
v 0.079724 -0.404657 -0.038764
v 0.093011 -0.381560 -0.061845
v 0.089610 -0.397796 -0.051189
v 0.089152 -0.404245 -0.049771
v 0.087780 -0.414767 -0.055212
v 0.082579 -0.417805 -0.047598
v 0.076661 -0.410919 -0.034687
v 0.087717 -0.445015 -0.052377
v 0.099493 -0.441537 -0.065276
v 0.101179 -0.414840 -0.064787
v 0.111938 -0.437110 -0.070758
v 0.106411 -0.401631 -0.056479
v 0.106698 -0.391445 -0.059036
v 0.095853 -0.376816 -0.059857
v 0.122175 -0.416016 -0.068394
v 0.112245 -0.380655 -0.066381
v 0.116361 -0.374898 -0.065863
v 0.113139 -0.410828 -0.064723
v 0.122028 -0.435088 -0.069798
v 0.129196 -0.400621 -0.055775
v 0.110809 -0.407848 -0.059612
v 0.134065 -0.411258 -0.064677
v 0.128779 -0.394112 -0.057181
v 0.128912 -0.384233 -0.063639
v 0.146258 -0.400967 -0.051857
v 0.139268 -0.386772 -0.059092
v 0.143317 -0.409622 -0.056739
v 0.146326 -0.388073 -0.053095
v 0.082955 -0.354047 -0.048864
v 0.092254 -0.373566 -0.047420
v 0.091796 -0.364788 -0.051045
v 0.095972 -0.353645 -0.056977
v 0.104187 -0.371940 -0.054453
v 0.113467 -0.367110 -0.055427
v 0.058923 -0.277798 -0.015088
v 0.066935 -0.281378 -0.029353
v 0.059714 -0.261579 -0.016338
v 0.073793 -0.262468 -0.036922
v 0.078666 -0.289542 -0.042577
v 0.086293 -0.332056 -0.048385
v 0.091257 -0.309406 -0.051742
v 0.071898 -0.253586 -0.029124
v 0.077179 -0.248946 -0.034557
v 0.066008 -0.238266 -0.021350
v 0.060836 -0.250975 -0.010870
v 0.057439 -0.228899 -0.013673
v 0.074026 -0.224444 -0.027736
v 0.056047 -0.214671 -0.009962
v 0.046757 -0.222292 0.005130
v 0.065505 -0.212866 -0.017791
v 0.068435 -0.205625 -0.020429
v 0.078877 -0.218132 -0.026594
v 0.091849 -0.261831 -0.048215
v 0.095356 -0.288864 -0.052374
v 0.084019 -0.234706 -0.032386
v 0.055657 -0.245677 -0.001121
v 0.089856 -0.241984 -0.040271
v 0.101459 -0.327074 -0.055823
v 0.096029 -0.224264 -0.035588
v 0.114061 -0.226575 -0.034350
v 0.097959 -0.232943 -0.036577
v 0.101405 -0.216436 -0.030778
v 0.114553 -0.212948 -0.026625
v 0.122321 -0.223638 -0.029995
v 0.120206 -0.232329 -0.034538
v 0.108143 -0.238368 -0.041538
v 0.115773 -0.265070 -0.048977
v 0.105737 -0.258964 -0.049100
v 0.109490 -0.290431 -0.055065
v 0.125754 -0.297829 -0.052959
v 0.124926 -0.260404 -0.043413
v 0.126443 -0.319571 -0.055029
v 0.110981 -0.327364 -0.057143
v 0.117141 -0.350235 -0.057748
v 0.109158 -0.343861 -0.058919
v 0.109365 -0.200199 -0.028647
v 0.090925 -0.210693 -0.029720
v 0.099041 -0.195885 -0.027736
v 0.086208 -0.199398 -0.026576
v 0.110851 -0.192804 -0.023614
v 0.126545 -0.358801 -0.053981
v 0.123410 -0.369262 -0.057858
v 0.131870 -0.344913 -0.051870
v 0.140632 -0.323162 -0.048460
v 0.128702 -0.366545 -0.054499
v 0.121165 -0.198817 -0.021315
v 0.146739 -0.333876 -0.044315
v 0.135882 -0.361055 -0.047515
v 0.153967 -0.348285 -0.033147
v 0.111152 -0.372751 -0.062176
v 0.150662 -0.341579 -0.039040
v 0.092866 -0.187951 -0.034885
v 0.099250 -0.181534 -0.032902
v 0.072508 -0.185057 -0.030441
v 0.079299 -0.178110 -0.027166
v 0.062908 -0.191598 -0.027106
v 0.117101 -0.178702 -0.022203
v 0.111319 -0.170460 -0.018903
v 0.061834 -0.179699 -0.022999
v 0.059587 -0.142221 -0.031097
v 0.083914 -0.145750 -0.031867
v 0.098562 -0.168969 -0.024671
v 0.093307 -0.175316 -0.026301
v 0.099583 -0.140341 -0.026951
v 0.090177 -0.113407 -0.031635
v 0.072223 -0.136026 -0.034657
v 0.073872 -0.121350 -0.034388
v 0.059156 -0.120367 -0.031279
v 0.077918 -0.105869 -0.036171
v 0.082869 -0.083376 -0.034633
v 0.059868 -0.090216 -0.038392
v 0.078132 -0.063583 -0.036945
v 0.045798 -0.091711 -0.034722
v 0.058259 -0.066061 -0.041179
v 0.049987 -0.070132 -0.038722
v 0.101878 -0.102805 -0.024786
v 0.094126 -0.059319 -0.028067
v 0.101477 -0.119206 -0.024913
v 0.033215 -0.052977 -0.047161
v 0.083974 -0.051110 -0.038963
v 0.066954 -0.053951 -0.046137
v 0.062130 -0.028569 -0.052990
v 0.049398 -0.030393 -0.055729
v 0.062991 -0.004999 -0.055015
v 0.056275 -0.055935 -0.047531
v 0.073994 -0.027795 -0.046995
v 0.072004 -0.006183 -0.050086
v 0.051833 0.000326 -0.061086
v 0.027275 -0.001188 -0.063552
v 0.020661 -0.004706 -0.062523
v 0.027382 -0.030769 -0.055937
v 0.079234 -0.010513 -0.044320
v -0.000152 -0.004458 -0.059744
v 0.000500 -0.002442 -0.066259
v 0.079922 -0.005955 -0.047404
v 0.087523 -0.010116 -0.035286
v -0.125998 0.067673 0.035570
v -0.128134 0.069262 0.028133
v -0.127454 0.005976 0.033680
v -0.127150 0.041429 0.028810
v -0.127473 0.008261 0.027138
v -0.020092 -0.015792 0.097878
v -0.007381 -0.009365 0.100200
v -0.018341 -0.023229 0.104087
v -0.015237 -0.011198 0.097290
v -0.034295 -0.018008 0.094340
v -0.039256 -0.032739 0.100032
v -0.048002 -0.029836 0.096387
v -0.024712 -0.034015 0.110543
v -0.029221 -0.014538 0.092670
v -0.004888 -0.034290 0.110547
v -0.000208 -0.004376 0.104637
v -0.041397 -0.020094 0.088539
v -0.050190 -0.021576 0.089092
v -0.003954 -0.040906 0.122608
v 0.002623 -0.039923 0.124269
v -0.054053 -0.025866 0.095658
v -0.059939 -0.021173 0.089746
v -0.018908 -0.036955 0.116701
v 0.155792 -0.455127 0.062604
v 0.144144 -0.456687 0.068804
v 0.157145 -0.454600 0.075864
v 0.146897 -0.455563 0.093154
v 0.158512 -0.451948 0.101235
v 0.170173 -0.450979 0.091856
v 0.170732 -0.455079 0.073193
v 0.167653 -0.457059 0.057698
v 0.139878 -0.452198 0.052631
v 0.153480 -0.450744 0.046430
v 0.178311 -0.456980 0.076936
v 0.168177 -0.457545 0.046056
v 0.167149 -0.453969 0.101288
v 0.147251 -0.457347 0.102863
v 0.135470 -0.461721 0.082414
v 0.131692 -0.459992 0.064259
v 0.120889 -0.455811 0.043966
v 0.140148 -0.461972 0.098793
v 0.137925 -0.441018 0.037640
v 0.152768 -0.444276 0.035325
v 0.129357 -0.449044 0.044700
v 0.175107 -0.454796 0.094250
v 0.137945 -0.427916 0.022174
v 0.124963 -0.430349 0.027682
v 0.147113 -0.433418 0.022326
v 0.148533 -0.430463 0.009743
v 0.166883 -0.454118 0.027883
v 0.155687 -0.438896 0.016857
v 0.157532 -0.463325 0.108220
v 0.120601 -0.467453 0.059097
v 0.129271 -0.467877 0.081444
v 0.115501 -0.436043 0.024639
v 0.109109 -0.236888 0.088015
v 0.096201 -0.252736 0.087776
v 0.108026 -0.267656 0.082018
v 0.120217 -0.264365 0.078502
v 0.121437 -0.238585 0.082520
v 0.108884 -0.284527 0.074285
v 0.095815 -0.222669 0.090682
v 0.095302 -0.273026 0.081050
v 0.111269 -0.219383 0.087134
v 0.123889 -0.288896 0.064687
v 0.130963 -0.273593 0.067529
v 0.135254 -0.254093 0.069924
v 0.111356 -0.296092 0.065799
v 0.133758 -0.235871 0.072345
v 0.129203 -0.217162 0.075250
v 0.119414 -0.202747 0.078111
v 0.108965 -0.200638 0.082685
v 0.097548 -0.202197 0.085583
v 0.083874 -0.242875 0.087744
v 0.095898 -0.293653 0.070334
v 0.081284 -0.260434 0.083393
v 0.082144 -0.227117 0.088527
v 0.082214 -0.280203 0.075791
v 0.079871 -0.206617 0.084836
v 0.070862 -0.270609 0.076026
v 0.066526 -0.246328 0.080567
v 0.083522 -0.291429 0.068635
v 0.069220 -0.213370 0.082261
v 0.066270 -0.227872 0.081590
v 0.099646 -0.445027 -0.058952
v 0.106558 -0.466134 -0.064501
v 0.098441 -0.454186 -0.058861
v 0.097558 -0.474591 -0.058577
v 0.109618 -0.474135 -0.065697
v 0.112981 -0.440552 -0.061932
v 0.124298 -0.465498 -0.067597
v 0.124976 -0.474857 -0.068300
v 0.122805 -0.489662 -0.071748
v 0.106195 -0.489982 -0.067621
v 0.096023 -0.475801 -0.060467
v 0.094825 -0.490537 -0.061623
v 0.124349 -0.439299 -0.062395
v 0.090423 -0.450689 -0.048476
v 0.089791 -0.464833 -0.048631
v 0.089688 -0.474316 -0.046870
v 0.087419 -0.478979 -0.046859
v 0.085847 -0.492839 -0.048546
v 0.086324 -0.476898 -0.040247
v -0.087306 0.035615 0.102343
v -0.083642 0.019846 0.093700
v -0.087349 0.007836 0.100294
v -0.082957 0.042103 0.094015
v -0.084309 0.006971 0.091693
v -0.085652 0.046536 0.105508
v -0.080594 0.047009 0.093023
v -0.083324 0.002286 0.096282
v -0.136541 -0.394196 0.017226
v -0.141640 -0.408693 0.017605
v -0.124326 -0.404094 0.020144
v -0.139153 -0.429169 0.021877
v -0.123812 -0.396091 0.020751
v -0.124321 -0.432794 0.020980
v -0.109376 -0.401232 0.018605
v -0.145464 -0.390306 0.013663
v -0.153565 -0.429464 0.014893
v -0.143262 -0.400120 0.011853
v -0.156272 -0.414151 0.008009
v -0.160058 -0.433856 0.008264
v -0.151213 -0.401145 0.003854
v -0.157130 -0.389129 0.005813
v -0.146694 -0.382491 0.008784
v -0.140899 -0.380189 0.010958
v -0.146512 -0.377664 0.005498
v -0.165825 -0.424968 -0.004792
v -0.161040 -0.405686 -0.010506
v -0.165934 -0.392446 -0.008065
v -0.160160 -0.388483 0.000055
v -0.166765 -0.438152 -0.007690
v -0.090604 -0.394952 0.007240
v -0.116524 -0.391084 0.012156
v 0.002909 -0.012526 0.123387
v -0.008864 -0.014723 0.111793
v -0.001660 -0.037061 0.130343
v -0.018908 -0.036955 0.116701
v -0.017877 -0.015265 0.107177
v -0.035644 -0.025191 0.103800
v -0.054053 -0.025866 0.095658
v -0.040764 -0.031176 0.103407
v -0.024712 -0.034015 0.110543
v -0.064413 0.071421 0.100697
v -0.068844 0.063385 0.094776
v -0.060316 0.046441 0.098464
v -0.077088 0.049348 0.086423
v -0.047191 0.057526 0.108606
v -0.057564 0.040848 0.101071
v -0.042076 0.037315 0.112096
v -0.057986 0.026728 0.097719
v -0.036571 0.062093 0.119187
v -0.026013 0.044388 0.123986
v -0.024084 0.071397 0.129352
v -0.016426 0.027524 0.125100
v -0.049792 0.083085 0.117591
v -0.035914 0.014125 0.108082
v -0.049083 0.003477 0.099304
v -0.063428 0.084638 0.108806
v -0.009284 0.049823 0.132356
v -0.045024 0.106100 0.121608
v -0.019350 0.098134 0.132136
v -0.016497 0.081137 0.132855
v -0.058034 0.001584 0.096100
v -0.058532 -0.013538 0.092913
v -0.080713 0.084390 0.091946
v -0.003634 0.038692 0.131281
v -0.014508 -0.000537 0.108047
v 0.000599 0.004801 0.119528
v -0.003058 0.015043 0.121298
v -0.003122 0.029743 0.127541
v 0.003130 0.024228 0.130671
v -0.003323 0.080716 0.135820
v -0.081999 0.057936 0.080143
v -0.063105 -0.010170 0.095641
v -0.063037 0.105210 0.110489
v -0.079354 0.117038 0.095516
v -0.070296 0.131483 0.102704
v -0.081018 0.143625 0.091431
v -0.071624 0.159051 0.096674
v -0.059044 0.157795 0.106607
v -0.060580 0.190389 0.099727
v -0.078804 0.189443 0.083243
v -0.047145 0.137394 0.117396
v -0.042388 0.165545 0.114251
v -0.034810 0.130010 0.124340
v -0.083210 0.171171 0.080274
v -0.077183 0.199759 0.086627
v -0.055459 0.196341 0.102710
v -0.066663 0.215909 0.091123
v -0.080497 0.220977 0.080588
v -0.077382 0.234675 0.081763
v -0.055655 0.239377 0.090560
v -0.048353 0.215096 0.100064
v -0.075220 0.252845 0.081014
v -0.071232 0.268004 0.079516
v -0.043965 0.265686 0.089633
v -0.035553 0.189396 0.109838
v -0.021473 0.126888 0.128923
v -0.022169 0.150247 0.123628
v -0.036422 0.248800 0.094684
v -0.034499 0.236869 0.097415
v -0.034482 0.204218 0.107047
v -0.004116 0.117523 0.133958
v -0.084199 0.197133 0.077255
v -0.091113 0.214202 0.081649
v -0.091221 0.198303 0.079491
v -0.083111 0.238105 0.084519
v -0.086976 0.223194 0.083383
v -0.091160 0.192708 0.074986
v -0.086089 0.183154 0.070626
v 0.000596 0.215652 0.106250
v -0.000673 0.179670 0.117199
v 0.017625 0.204117 0.108217
v 0.019621 0.179526 0.115279
v 0.014217 0.152881 0.123885
v -0.002989 0.143969 0.128158
v 0.030510 0.238956 0.095384
v 0.004069 0.245652 0.096470
v 0.035073 0.206561 0.104805
v 0.036338 0.267549 0.087139
v 0.017722 0.131293 0.128810
v 0.059529 0.269437 0.083291
v 0.032563 0.151419 0.120914
v 0.044314 0.195611 0.105691
v 0.037550 0.176960 0.112452
v 0.062929 0.224689 0.092896
v 0.064510 0.239322 0.088289
v 0.079516 0.261211 0.080022
v 0.073243 0.288574 0.073458
v 0.032518 0.289917 0.077428
v 0.017453 0.266513 0.087324
v 0.001810 0.258914 0.091085
v -0.016434 0.245199 0.096544
v -0.032557 0.260131 0.091541
v 0.010540 0.104334 0.133482
v 0.002331 0.274510 0.082567
v 0.069571 0.298327 0.068543
v 0.050952 0.312099 0.063864
v -0.025841 0.262639 0.089839
v -0.024832 0.274019 0.085558
v -0.013941 0.178721 0.116423
v 0.031047 0.121584 0.127040
v 0.067713 0.309638 0.062378
v 0.034620 0.311909 0.064416
v 0.039811 0.321343 0.060062
v 0.049807 0.159542 0.112601
v 0.064900 0.321948 0.055293
v 0.056109 0.325727 0.056845
v 0.062952 0.197572 0.098932
v 0.001024 0.281183 0.078229
v -0.025656 0.282848 0.084196
v -0.025487 0.295405 0.077456
v -0.013971 0.299974 0.072226
v -0.029042 0.307323 0.070405
v -0.026913 0.316988 0.064598
v -0.031865 0.294232 0.078299
v -0.033647 0.321683 0.061557
v 0.007626 0.290479 0.071690
v -0.009423 0.304796 0.065001
v 0.018405 0.305276 0.061752
v 0.023114 0.320947 0.050417
v 0.009123 0.320672 0.053726
v -0.019399 0.325237 0.052906
v 0.026872 0.328713 0.048697
v 0.027143 0.315181 0.054422
v 0.038210 0.332759 0.043470
v 0.017161 0.295734 0.070753
v 0.043588 0.122778 0.122136
v 0.013358 0.083189 0.133539
v 0.030817 0.090679 0.128990
v 0.084081 0.234966 0.080959
v 0.065654 0.188572 0.097675
v 0.058942 0.131727 0.112783
v 0.074838 0.200033 0.090664
v 0.004874 0.059395 0.132970
v 0.029913 0.069878 0.128116
v 0.050558 0.084639 0.120320
v 0.012537 0.043128 0.129428
v 0.062323 0.099169 0.113486
v 0.068509 0.157463 0.101352
v 0.035263 0.053427 0.123403
v 0.057152 0.060179 0.114535
v 0.063859 0.333593 0.045421
v 0.068958 0.079205 0.109039
v 0.019133 0.029148 0.123934
v 0.012518 0.001430 0.129376
v 0.019544 0.011201 0.124614
v 0.037907 0.027199 0.112341
v 0.027147 -0.001520 0.123848
v 0.018116 -0.019716 0.133916
v 0.034668 -0.015991 0.127113
v 0.046535 -0.012244 0.122481
v 0.020411 -0.027642 0.133245
v 0.045944 0.012674 0.109201
v 0.058915 0.001494 0.108702
v 0.076141 0.011810 0.095747
v 0.075971 0.027613 0.093374
v 0.061894 0.029416 0.099912
v 0.076373 0.040080 0.093216
v 0.064193 -0.010822 0.116345
v 0.074995 -0.010341 0.112565
v 0.078185 0.002541 0.102584
v 0.078271 0.123105 0.098573
v 0.083901 -0.003367 0.107014
v 0.086637 0.218962 0.080096
v 0.044457 0.325682 0.066594
v 0.040851 0.343044 0.044557
v 0.046694 0.343639 0.050375
v 0.077941 0.144852 0.095069
v 0.064234 0.042311 0.102311
v 0.068559 0.059207 0.106908
v 0.079687 0.068691 0.095323
v 0.082467 0.189554 0.081964
v 0.089400 0.205536 0.076152
v 0.044578 0.336288 0.059093
v 0.078668 0.058328 0.097348
v -0.031370 0.325671 0.064916
v 0.088590 0.133421 0.086225
v 0.085911 0.158455 0.082057
v 0.084602 0.078194 0.092164
v -0.029266 0.338874 0.051605
v -0.033008 0.333339 0.059558
v 0.090245 0.117888 0.083814
v 0.088912 0.059589 0.083669
v 0.095162 0.133326 0.076786
v 0.074679 0.322429 0.061067
v 0.091487 0.195006 0.071178
v 0.083664 0.287260 0.080062
v 0.079246 0.298169 0.076236
v 0.086693 0.042438 0.081372
v 0.070634 0.333719 0.049853
v 0.092738 0.186410 0.066015
v 0.076831 0.307693 0.073167
v 0.095747 0.041569 0.088626
v 0.101332 0.034221 0.089053
v 0.090080 0.026760 0.090680
v 0.095785 0.004371 0.092511
v 0.095747 0.041569 0.088626
v 0.091838 0.002477 0.093700
v 0.100819 0.052288 0.084135
v 0.108424 0.027241 0.097230
v 0.106853 0.005503 0.097876
v 0.093141 0.052839 0.073134
v 0.086693 0.042438 0.081372
v 0.102641 -0.004335 0.088097
v 0.091555 0.000146 0.090637
v 0.093628 -0.010684 0.087785
v 0.091838 0.002477 0.093700
v 0.085675 0.001606 0.107799
v 0.083901 -0.003367 0.107014
v 0.091555 0.000146 0.090637
v 0.087574 -0.010734 0.095075
v 0.085616 -0.016108 0.092930
v 0.081831 -0.011218 0.106167
v 0.085333 0.028688 0.105200
v 0.090080 0.026760 0.090680
v 0.089549 0.040700 0.093901
v 0.085851 0.039676 0.104833
v 0.093628 -0.010684 0.087785
v 0.095747 0.041569 0.088626
v 0.074995 -0.010341 0.112565
v 0.095785 0.004371 0.092511
v -0.385093 0.244046 0.073628
v -0.392530 0.240981 0.075553
v -0.378631 0.237594 0.065935
v -0.388458 0.230445 0.068001
v -0.400519 0.233936 0.071370
v -0.404014 0.228828 0.067175
v -0.389172 0.244985 0.078763
v -0.413416 0.245629 0.085699
v -0.375428 0.235345 0.055733
v -0.368491 0.241259 0.053058
v -0.359800 0.257448 0.051922
v -0.358954 0.250662 0.046193
v -0.350196 0.258289 0.047156
v -0.379730 0.253502 0.067590
v -0.344678 0.265864 0.044752
v -0.335940 0.255152 0.041103
v -0.326101 0.264830 0.040346
v -0.308731 0.255192 0.034625
v -0.303531 0.267349 0.036222
v -0.365308 0.263295 0.054480
v -0.281923 0.259211 0.031635
v -0.268551 0.268280 0.030401
v -0.251764 0.266769 0.027313
v -0.397417 0.254419 0.078617
v -0.415370 0.251539 0.086602
v -0.239807 0.283549 0.021974
v -0.259515 0.256985 0.025853
v -0.232527 0.259271 0.021599
v -0.364117 0.269304 0.048459
v -0.266181 0.279021 0.026432
v -0.241387 0.289996 0.017586
v -0.235705 0.269150 0.025568
v -0.379132 0.262456 0.062861
v -0.388908 0.262005 0.068267
v -0.412720 0.256522 0.082525
v -0.282775 0.247669 0.022389
v -0.401782 0.259404 0.070519
v -0.406018 0.264564 0.069213
v -0.245938 0.298536 0.006595
v -0.257121 0.294884 0.009279
v -0.269467 0.288514 0.018366
v -0.287897 0.290492 0.010293
v -0.300272 0.285115 0.021442
v -0.299692 0.278093 0.030518
v -0.326938 0.274485 0.035733
v -0.329723 0.280108 0.024196
v -0.350643 0.273644 0.038686
v -0.221710 0.302327 0.021213
v -0.232401 0.307728 0.004557
v -0.220041 0.312789 0.007415
v -0.210762 0.307633 0.019365
v -0.208408 0.313935 0.009212
v -0.210717 0.298533 0.028374
v -0.242928 0.303321 0.004169
v -0.248600 0.306304 -0.007110
v -0.220985 0.290301 0.029636
v -0.202799 0.315939 0.018006
v -0.200565 0.320946 0.005559
v -0.205034 0.303884 0.030797
v -0.188832 0.317255 0.005057
v -0.184756 0.323050 -0.004992
v -0.247258 0.301567 -0.002770
v -0.211517 0.283473 0.034793
v -0.205741 0.290098 0.037159
v -0.193811 0.307908 0.018109
v -0.231492 0.272648 0.029022
v -0.203094 0.278176 0.039538
v -0.194387 0.289193 0.028865
v -0.202449 0.266418 0.036918
v -0.193812 0.268012 0.032044
v -0.332909 0.279440 0.012497
v -0.359163 0.273577 0.025814
v -0.312267 0.285660 0.010582
v -0.364238 0.272554 0.039139
v -0.372590 0.269996 0.027703
v -0.384644 0.270976 0.043567
v -0.389466 0.268099 0.034678
v -0.412106 0.268010 0.044326
v -0.408315 0.268796 0.053130
v -0.388041 0.269813 0.054315
v -0.409414 0.269264 0.062239
v -0.415344 0.262172 0.069444
v -0.077088 0.049348 0.086423
v -0.088206 0.048797 0.091958
v -0.080594 0.047009 0.093023
v -0.060316 0.046441 0.098464
v -0.085786 0.050687 0.073025
v -0.097881 0.050098 0.081405
v -0.075798 0.045505 0.114323
v -0.085652 0.046536 0.105508
v -0.065455 0.045120 0.109386
v -0.090956 0.050207 0.062221
v -0.103519 0.048929 0.067274
v -0.104735 0.049146 0.072123
v -0.057564 0.040848 0.101071
v -0.093339 0.045275 0.059976
v 0.079355 0.429092 0.003964
v 0.070266 0.424403 -0.000611
v 0.082004 0.414357 0.004511
v 0.066912 0.408702 -0.006742
v 0.081311 0.399747 -0.001333
v 0.060058 0.423199 -0.010946
v 0.072711 0.392868 -0.013006
v 0.094618 0.409526 0.006391
v 0.079270 0.389486 -0.011064
v 0.074370 0.381390 -0.014243
v 0.055794 0.412420 -0.021182
v 0.060055 0.400254 -0.025199
v 0.071303 0.387527 -0.021767
v 0.069773 0.438537 -0.005180
v 0.081879 0.443575 0.000452
v 0.059289 0.440898 -0.022119
v 0.053778 0.426229 -0.022940
v 0.094435 0.432464 0.005690
v 0.089275 0.442927 0.002163
v 0.086969 0.460492 0.000815
v 0.082205 0.473493 -0.005235
v 0.088210 0.479671 -0.001445
v 0.106637 0.416904 0.004668
v 0.080185 0.449681 -0.006699
v 0.068730 0.450398 -0.021211
v -0.154195 -0.466465 0.105357
v -0.165304 -0.481321 0.100863
v -0.150916 -0.494743 0.108059
v -0.164018 -0.472336 0.100347
v -0.165461 -0.466439 0.099597
v -0.160508 -0.494873 0.105214
v -0.171586 -0.495966 0.095696
v -0.172974 -0.474864 0.090892
v -0.174010 -0.467794 0.087118
v -0.177991 -0.478425 0.082939
v -0.178386 -0.497679 0.082937
v -0.154799 -0.453200 0.097979
v -0.166701 -0.457335 0.088751
v -0.179090 -0.476988 0.072176
v -0.182137 -0.498525 0.065677
v -0.181512 -0.480020 0.070636
v -0.139651 -0.495255 0.105506
v -0.142596 -0.465929 0.103624
v 0.085333 0.028688 0.105200
v 0.075971 0.027613 0.093374
v 0.076141 0.011810 0.095747
v 0.085675 0.001606 0.107799
v 0.076373 0.040080 0.093216
v 0.085851 0.039676 0.104833
v 0.078185 0.002541 0.102584
v 0.083901 -0.003367 0.107014
v -0.116853 -0.065050 0.020567
v -0.129963 -0.069177 0.021697
v -0.112056 -0.067450 0.036917
v -0.124490 -0.066548 0.047898
v -0.130863 -0.067687 0.040202
v -0.128662 -0.069398 0.047585
v -0.115772 -0.069467 0.043112
v -0.117802 -0.058515 0.016147
v -0.113298 -0.056119 0.015176
v 0.013543 -0.009659 0.123337
v 0.028447 -0.007596 0.110952
v 0.030419 -0.025395 0.113045
v 0.020167 -0.029308 0.121314
v 0.038942 -0.021301 0.107019
v 0.017323 0.010151 0.111876
v 0.006979 0.000665 0.123601
v 0.026863 0.008727 0.104493
v 0.010321 0.012622 0.113982
v 0.002522 0.017211 0.123553
v 0.043386 -0.004543 0.104873
v 0.033997 0.003739 0.104774
v 0.045520 -0.000053 0.100794
v 0.053547 -0.005803 0.099294
v 0.051949 -0.016302 0.102760
v 0.055399 -0.018764 0.102714
v 0.065196 -0.019280 0.101249
v 0.060771 -0.007114 0.095198
v 0.072647 -0.020137 0.099011
v 0.070748 -0.007508 0.091865
v 0.084250 -0.013622 0.087137
v 0.048666 -0.020935 0.105952
v 0.040502 -0.025481 0.110728
v 0.085191 -0.009000 0.079163
v 0.016333 -0.027081 0.129332
v 0.049740 -0.003551 0.096201
v 0.054450 -0.007389 0.093110
v -0.083642 0.019846 0.093700
v -0.085771 0.003523 0.088732
v -0.084309 0.006971 0.091693
v -0.091533 0.033841 0.087056
v -0.088206 0.048797 0.091958
v -0.097881 0.050098 0.081405
v -0.097025 0.006155 0.082295
v -0.104735 0.049146 0.072123
v -0.103938 0.006680 0.073105
v -0.082957 0.042103 0.094015
v -0.098414 0.003152 0.077997
v -0.088327 0.002578 0.086085
v -0.085010 -0.006938 0.086391
v -0.078964 0.000689 0.089203
v -0.079414 -0.009675 0.085971
v -0.072766 -0.010317 0.093056
v -0.080594 0.047009 0.093023
v -0.103530 0.003205 0.067088
v -0.103593 0.029755 0.068225
v -0.103519 0.048929 0.067274
v -0.267485 0.295495 -0.001950
v -0.298093 0.288014 -0.001080
v -0.287897 0.290492 0.010293
v -0.312267 0.285660 0.010582
v -0.257121 0.294884 0.009279
v -0.245938 0.298536 0.006595
v -0.247258 0.301567 -0.002770
v -0.245449 0.299983 -0.017329
v 0.169363 -0.467958 0.104415
v 0.160018 -0.473266 0.108400
v 0.172865 -0.491321 0.105535
v 0.157532 -0.463325 0.108220
v 0.164748 -0.493322 0.108913
v 0.167149 -0.453969 0.101288
v 0.175545 -0.470303 0.098347
v 0.175107 -0.454796 0.094250
v 0.179175 -0.493531 0.098432
v 0.180248 -0.472340 0.089522
v 0.180743 -0.464688 0.084439
v 0.183556 -0.494896 0.088024
v 0.184667 -0.478427 0.073748
v 0.185396 -0.496087 0.075862
v 0.181588 -0.462682 0.072299
v 0.182094 -0.475534 0.068764
v 0.178311 -0.456980 0.076936
v 0.185111 -0.480733 0.060704
v 0.184410 -0.497792 0.049232
v 0.180369 -0.467035 0.049396
v 0.178617 -0.477356 0.038002
v 0.182013 -0.480462 0.041919
v 0.177281 -0.467334 0.032859
v 0.177981 -0.482196 0.024802
v 0.178921 -0.496882 0.026436
v 0.172653 -0.479400 0.018842
v 0.170602 -0.469974 0.013648
v 0.165995 -0.459006 0.007802
v 0.175115 -0.495811 0.017112
v 0.163142 -0.468126 -0.002200
v 0.153823 -0.446981 -0.022805
v 0.155937 -0.444761 -0.012869
v 0.155005 -0.437951 -0.002425
v 0.163471 -0.450824 0.012916
v 0.166883 -0.454118 0.027883
v 0.155687 -0.438896 0.016857
v 0.168177 -0.457545 0.046056
v 0.148533 -0.430463 0.009743
v 0.164217 -0.480997 -0.000906
v 0.151055 -0.459824 -0.030950
v 0.158629 -0.477390 -0.006417
v 0.148992 -0.447142 -0.033540
v 0.144330 -0.444767 -0.043946
v 0.156818 -0.478147 -0.017726
v 0.149449 -0.474152 -0.028885
v 0.149513 -0.477703 -0.034242
v 0.155692 -0.492271 -0.021749
v 0.146314 -0.491700 -0.045531
v 0.156846 -0.486386 -0.015715
v 0.142502 -0.476810 -0.048062
v 0.136978 -0.475245 -0.059716
v 0.139495 -0.490346 -0.059838
v 0.159582 -0.487213 -0.008857
v 0.168392 -0.496458 0.007076
v 0.138829 -0.474065 -0.049029
v 0.137939 -0.443178 -0.052778
v 0.133321 -0.473812 -0.061650
v 0.133440 -0.441494 -0.058526
v 0.133167 -0.490300 -0.066158
v 0.124298 -0.465498 -0.067597
v 0.124976 -0.474857 -0.068300
v 0.148463 -0.412832 0.011051
v 0.157831 -0.438464 -0.009007
v 0.157287 -0.416589 -0.012217
v 0.159733 -0.440412 -0.021488
v 0.162200 -0.418858 -0.024881
v 0.152308 -0.407407 0.002647
v 0.146287 -0.402684 0.010831
v 0.122805 -0.489662 -0.071748
v 0.161613 -0.396832 -0.004285
v 0.164666 -0.397908 -0.019619
v 0.124349 -0.439299 -0.062395
v 0.137945 -0.427916 0.022174
v 0.137778 -0.413290 0.021275
v 0.133415 -0.399360 0.019789
v 0.060209 0.356397 -0.004531
v 0.052470 0.360378 -0.006319
v 0.051956 0.357962 0.009181
v 0.062324 0.350162 0.017769
v 0.045121 0.359218 0.023796
v 0.038806 0.368470 0.010105
v 0.036320 0.373434 -0.002568
v 0.045646 0.352967 0.038011
v 0.063151 0.342229 0.035825
v 0.030998 0.377696 0.007133
v 0.056214 0.356549 -0.020424
v 0.047436 0.361785 -0.014810
v 0.063859 0.333593 0.045421
v 0.046694 0.343639 0.050375
v 0.034132 0.372024 -0.010406
v 0.026094 0.377879 -0.000100
v 0.015707 0.383480 0.004325
v 0.033452 0.377379 -0.003178
v 0.078218 0.355434 -0.014028
v 0.074303 0.357406 -0.022487
v 0.063446 0.357251 -0.023121
v 0.037727 0.380296 0.020656
v 0.028226 0.384622 0.009910
v 0.104635 0.027885 0.080645
v 0.110607 0.023807 0.092712
v 0.105761 0.008177 0.077909
v 0.102606 0.039710 0.077647
v 0.106853 0.005503 0.097876
v 0.102641 -0.004335 0.088097
v 0.102126 -0.009325 0.082714
v 0.101332 0.034221 0.089053
v 0.100819 0.052288 0.084135
v 0.104491 0.054278 0.076700
v 0.108424 0.027241 0.097230
v 0.104787 -0.009501 0.077946
v -0.075204 0.064872 -0.066085
v -0.063122 0.064787 -0.041733
v -0.077278 0.067290 -0.051275
v -0.061816 0.060623 -0.066760
v -0.059793 0.061882 -0.048602
v -0.068722 0.064157 -0.036144
v -0.073556 0.064372 -0.033659
v -0.064870 0.067961 -0.077190
v -0.049084 0.059820 -0.080132
v 0.086246 0.114256 -0.008659
v 0.086680 0.101995 -0.014499
v 0.080584 0.101478 -0.012897
v 0.084939 0.090656 -0.016658
v 0.092685 0.109576 -0.008678
v 0.094875 0.130682 -0.003166
v 0.072971 0.095432 -0.019377
v 0.083281 0.087768 -0.019383
v 0.073189 0.081250 -0.022503
v 0.065073 0.088449 -0.025907
v 0.071582 0.073234 -0.025299
v 0.091692 0.100297 -0.008682
v 0.060677 0.190889 -0.048955
v 0.071135 0.190883 -0.045850
v 0.072959 0.182136 -0.037439
v 0.084435 0.188849 -0.041778
v 0.088044 0.179815 -0.030942
v 0.056777 0.183345 -0.045258
v 0.078813 0.168112 -0.027564
v 0.092922 0.159545 -0.014123
v 0.052433 0.178513 -0.044364
v 0.050301 0.166872 -0.041142
v 0.071187 0.150725 -0.026172
v 0.084374 0.141372 -0.014781
v 0.049094 0.175182 -0.045337
v 0.050783 0.134126 -0.034150
v 0.067933 0.121182 -0.022180
v 0.054284 0.118886 -0.029696
v 0.060717 0.102233 -0.027231
v 0.049793 0.140640 -0.036707
v 0.096386 0.190080 -0.027704
v 0.078160 0.193822 -0.050519
v 0.096315 0.213071 -0.046128
v 0.083470 0.218941 -0.058731
v 0.076372 0.208702 -0.060166
v 0.080939 0.224782 -0.062071
v 0.071684 0.194048 -0.056118
v 0.102609 0.195477 -0.024426
v 0.098544 0.170925 -0.009665
v 0.103403 0.213642 -0.037400
v 0.088870 0.223554 -0.052742
v 0.114250 0.232279 -0.037147
v 0.108737 0.241648 -0.047008
v 0.102345 0.251854 -0.053668
v 0.121262 0.256494 -0.046562
v 0.079330 0.232627 -0.059889
v 0.123040 0.244464 -0.036486
v 0.145269 0.244989 -0.033599
v 0.100314 0.147865 0.001944
v 0.105066 0.127058 0.011521
v 0.136548 0.260105 -0.048016
v 0.104017 0.170685 0.006963
v 0.099679 0.117927 0.002509
v 0.116477 0.228089 -0.023346
v 0.126953 0.236568 -0.008051
v 0.161581 0.252376 -0.041359
v 0.164717 0.263486 -0.050621
v 0.175456 0.245166 -0.034014
v 0.182233 0.261942 -0.051344
v 0.198702 0.251210 -0.042587
v 0.204692 0.261452 -0.051972
v 0.215978 0.260228 -0.052989
v 0.220773 0.256489 -0.051300
v 0.207724 0.241886 -0.033291
v 0.220757 0.240539 -0.035386
v -0.019386 0.281992 0.097385
v -0.036365 0.281254 0.085775
v -0.020860 0.273114 0.100759
v -0.037296 0.265199 0.093485
v -0.025359 0.264524 0.102599
v -0.043965 0.265686 0.089633
v -0.026119 0.289680 0.086847
v -0.031865 0.294232 0.078299
v -0.025317 0.294338 0.084456
v -0.019364 0.291337 0.088979
v -0.048695 0.288910 0.078064
v -0.071232 0.268004 0.079516
v -0.029042 0.307323 0.070405
v -0.059552 0.307987 0.064905
v -0.065766 0.302479 0.066852
v -0.066485 0.291415 0.072044
v -0.070487 0.279802 0.075657
v -0.043888 0.323471 0.057420
v -0.033647 0.321683 0.061557
v -0.057688 0.314114 0.060999
v -0.051939 0.320282 0.058198
v -0.041353 0.331653 0.054344
v -0.049092 0.327471 0.055189
v -0.040984 0.337083 0.052558
v -0.033008 0.333339 0.059558
v -0.035804 0.343902 0.047727
v -0.040286 0.328570 0.059136
v -0.029266 0.338874 0.051605
v -0.023829 0.347141 0.045632
v -0.026253 0.365249 0.030697
v -0.034021 0.355842 0.037734
v -0.021354 0.350614 0.045396
v -0.013514 0.342952 0.053822
v -0.031394 0.371047 0.027731
v -0.019399 0.325237 0.052906
v -0.006444 0.332955 0.056768
v -0.021679 0.361908 0.042709
v -0.078568 0.268926 0.082450
v -0.025487 0.295405 0.077456
v -0.075220 0.252845 0.081014
v -0.080903 0.253692 0.085031
v -0.083111 0.238105 0.084519
v -0.039449 0.335199 0.061539
v -0.102436 -0.291250 0.044677
v -0.087722 -0.292164 0.055025
v -0.095889 -0.294906 0.062915
v -0.108152 -0.294133 0.063023
v -0.111318 -0.291835 0.046803
v -0.076171 -0.283829 0.043978
v -0.096979 -0.288132 0.040176
v -0.084290 -0.283035 0.038363
v -0.076880 -0.281656 0.031221
v -0.078262 -0.287110 0.058102
v -0.085764 -0.289854 0.064418
v -0.121931 -0.288537 0.058682
v -0.119250 -0.288839 0.046471
v -0.126628 -0.281367 0.045442
v 0.004947 0.342833 0.071018
v 0.013968 0.343970 0.074547
v 0.004555 0.346468 0.079547
v -0.005799 0.353399 0.088694
v 0.013735 0.332672 0.059469
v 0.003070 0.329901 0.057791
v -0.006444 0.332955 0.056768
v 0.004399 0.350132 0.099674
v 0.016533 0.349883 0.100612
v -0.005973 0.348157 0.066271
v -0.005164 0.356327 0.097011
v 0.012594 0.359187 0.107817
v 0.001870 0.359077 0.104892
v 0.026302 0.351298 0.092833
v 0.024620 0.347498 0.073836
v 0.023638 0.341715 0.061498
v 0.026135 0.358446 0.102304
v 0.009123 0.320672 0.053726
v 0.026872 0.328713 0.048697
v -0.019399 0.325237 0.052906
v 0.041848 -0.016164 0.117906
v 0.033885 -0.027443 0.118444
v 0.043413 -0.015407 0.113239
v 0.034668 -0.015991 0.127113
v 0.040502 -0.025481 0.110728
v 0.020411 -0.027642 0.133245
v 0.048666 -0.020935 0.105952
v 0.047097 -0.014389 0.110468
v 0.051949 -0.016302 0.102760
v 0.046535 -0.012244 0.122481
v 0.056642 -0.012970 0.118053
v 0.064193 -0.010822 0.116345
v 0.074995 -0.010341 0.112565
v 0.020167 -0.029308 0.121314
v 0.016333 -0.027081 0.129332
v 0.030419 -0.025395 0.113045
v -0.029831 0.397074 0.022197
v -0.010256 0.383854 0.008980
v -0.021084 0.380472 0.021034
v -0.029203 0.389786 0.032324
v -0.032904 0.388887 0.043584
v -0.023776 0.372422 0.030691
v -0.031225 0.383956 0.052172
v -0.023456 0.367646 0.051682
v -0.021679 0.361908 0.042709
v -0.021229 0.393816 0.009802
v -0.031573 0.405269 0.015620
v -0.026914 0.416209 0.001796
v -0.018177 0.402691 -0.001308
v -0.036969 0.420128 0.018602
v -0.033359 0.434482 0.009981
v -0.022501 0.431127 -0.006615
v -0.039606 0.427041 0.026452
v -0.014825 0.427433 -0.013089
v -0.008874 0.403751 -0.009709
v -0.011580 0.391981 0.002184
v -0.023935 0.457869 0.001500
v -0.019899 0.451764 -0.005313
v -0.018324 0.457230 -0.011216
v -0.030266 0.451880 0.012474
v -0.034357 0.453243 0.028734
v -0.021383 0.377579 0.016226
v -0.012034 0.451998 -0.011494
v -0.010478 0.454373 -0.016435
v -0.006251 0.422715 -0.016833
v -0.018096 0.464783 -0.003368
v -0.026253 0.365249 0.030697
v -0.025664 0.465902 0.021729
v -0.041839 0.405625 0.020920
v 0.005345 0.405248 -0.016147
v 0.002192 0.383740 0.002932
v -0.043404 0.417907 0.019650
v -0.046486 0.420648 0.025498
v 0.086003 0.457923 -0.035049
v 0.080086 0.452201 -0.050848
v 0.067918 0.451340 -0.035707
v 0.066833 0.447155 -0.049323
v 0.079817 0.456465 -0.029940
v 0.068730 0.450398 -0.021211
v 0.078072 0.455677 -0.022247
v 0.055738 0.438349 -0.036752
v 0.057205 0.435860 -0.051194
v 0.059289 0.440898 -0.022119
v 0.067182 0.437788 -0.062111
v 0.080232 0.443283 -0.064206
v 0.095382 0.452509 -0.051672
v 0.095636 0.457582 -0.038410
v 0.092995 0.446316 -0.061688
v 0.104178 0.453601 -0.043728
v 0.080185 0.449681 -0.006699
v 0.107151 0.455561 -0.033235
v 0.109755 0.444528 -0.055363
v 0.093465 0.435645 -0.070330
v 0.080915 0.431741 -0.071014
v 0.104920 0.435869 -0.066052
v 0.116004 0.449261 -0.036155
v 0.117760 0.443886 -0.045194
v 0.069992 0.425370 -0.068247
v 0.120237 0.433811 -0.052827
v 0.096805 0.476071 -0.034449
v 0.087153 0.421696 -0.073466
v 0.105294 0.415927 -0.068396
v 0.116107 0.416404 -0.061204
v -0.155968 -0.437902 -0.017887
v -0.150058 -0.437976 -0.038715
v -0.153279 -0.441828 -0.027338
v -0.151027 -0.447833 -0.036741
v -0.155068 -0.458819 -0.022663
v -0.150585 -0.469243 -0.038598
v -0.147975 -0.475337 -0.053190
v -0.146086 -0.462497 -0.056042
v -0.143913 -0.439682 -0.051647
v -0.162191 -0.451171 -0.008911
v -0.165030 -0.464239 -0.001594
v -0.161084 -0.438848 -0.001947
v -0.168556 -0.451457 0.013508
v -0.173105 -0.466480 0.014722
v -0.172597 -0.480765 0.016814
v -0.177405 -0.469823 0.028358
v -0.179303 -0.479351 0.040782
v -0.179384 -0.469587 0.044808
v -0.149658 -0.475342 -0.039062
v -0.153088 -0.477583 -0.017373
v -0.150146 -0.475098 -0.030640
v -0.149902 -0.475342 -0.032318
v -0.160900 -0.479805 -0.001079
v -0.155479 -0.484227 -0.014503
v -0.156338 -0.497926 -0.014775
v -0.153712 -0.497263 -0.041798
v -0.150554 -0.478668 -0.051004
v -0.152334 -0.494615 -0.050999
v -0.145812 -0.491812 -0.062127
v -0.145474 -0.479206 -0.059305
v -0.149902 -0.475586 -0.034668
v -0.155964 -0.492150 -0.012353
v -0.179090 -0.476988 0.072176
v -0.164237 -0.496255 -0.000835
v -0.165435 -0.484302 0.001452
v -0.174339 -0.498839 0.015714
v -0.175960 -0.482785 0.019830
v -0.178614 -0.499367 0.027090
v -0.182459 -0.482207 0.045003
v -0.180964 -0.499637 0.038884
v -0.182137 -0.498525 0.065677
v -0.181512 -0.480020 0.070636
v -0.170202 -0.457015 0.025979
v -0.160058 -0.433856 0.008264
v -0.176754 -0.466365 0.066514
v -0.174010 -0.467794 0.087118
v -0.137186 -0.476004 -0.062012
v -0.139987 -0.459367 -0.059813
v -0.137883 -0.442160 -0.056293
v 0.134491 0.490563 -0.041838
v 0.131869 0.476145 -0.044808
v 0.123328 0.469694 -0.042940
v 0.146358 0.493312 -0.043499
v 0.133871 0.467717 -0.045776
v 0.154720 0.490635 -0.048458
v 0.148712 0.474208 -0.047568
v 0.140310 0.460800 -0.043661
v 0.120898 0.447258 -0.037652
v 0.114073 0.456458 -0.034665
v 0.116004 0.449261 -0.036155
v 0.107151 0.455561 -0.033235
v 0.131089 0.472411 -0.042295
v 0.161214 0.491355 -0.046944
v 0.160232 0.499826 -0.042352
v 0.122967 0.441660 -0.034169
v 0.147081 0.499548 -0.036332
v 0.109977 0.455436 -0.028132
v 0.116426 0.463335 -0.031941
v 0.120879 0.474046 -0.035346
v -0.038299 0.365882 0.037980
v -0.056025 0.355227 0.034617
v -0.041475 0.358366 0.049726
v -0.057664 0.343845 0.052252
v -0.042463 0.352919 0.057161
v -0.044725 0.346128 0.065148
v -0.075467 0.341216 0.037284
v -0.075181 0.330937 0.053288
v -0.081537 0.329124 0.047204
v -0.067393 0.351301 0.025269
v -0.059877 0.332374 0.063730
v -0.081833 0.318579 0.059448
v -0.094707 0.337049 0.030404
v -0.089965 0.346559 0.021009
v -0.113331 0.337973 0.016835
v -0.114736 0.324300 0.029085
v -0.136186 0.330143 0.011515
v -0.136095 0.321099 0.019842
v -0.047273 0.334249 0.073016
v -0.164548 0.320497 0.009657
v -0.086354 0.315846 0.053623
v -0.121583 0.315312 0.030995
v -0.149514 0.308719 0.023808
v -0.064360 0.312262 0.073953
v -0.070529 0.308245 0.073627
v -0.086491 0.310902 0.063571
v -0.185528 0.304663 0.019277
v -0.175746 0.319977 0.006310
v -0.188832 0.317255 0.005057
v -0.184756 0.323050 -0.004992
v -0.089319 0.296239 0.068910
v -0.121211 0.303743 0.035304
v -0.088387 0.300584 0.056761
v -0.071416 0.299378 0.075176
v -0.075532 0.282545 0.079424
v -0.094506 0.286120 0.069231
v -0.078568 0.268926 0.082450
v -0.099253 0.254757 0.074948
v -0.080903 0.253692 0.085031
v -0.104515 0.281711 0.050313
v -0.091462 0.278059 0.060225
v -0.121204 0.287409 0.038268
v -0.142579 0.292205 0.029047
v -0.176173 0.301872 0.021034
v -0.185104 0.293353 0.025159
v -0.095489 0.257556 0.059974
v -0.170416 0.290458 0.024077
v -0.122350 0.268114 0.039162
v -0.111049 0.264175 0.046885
v -0.136593 0.270546 0.031417
v -0.150202 0.271040 0.027570
v -0.095852 0.232037 0.075785
v -0.083111 0.238105 0.084519
v -0.091113 0.214202 0.081649
v -0.086976 0.223194 0.083383
v -0.165011 0.271016 0.026258
v -0.180071 0.278198 0.028039
v -0.189724 0.273134 0.028213
v -0.194387 0.289193 0.028865
v -0.193811 0.307908 0.018109
v -0.041681 0.337834 0.069384
v -0.193812 0.268012 0.032044
v 0.134354 0.487431 -0.028726
v 0.128126 0.470270 -0.024976
v 0.141189 0.485621 -0.027810
v 0.146143 0.494039 -0.028316
v 0.133075 0.472716 -0.026808
v 0.154687 0.497887 -0.032960
v -0.238066 0.269527 -0.034913
v -0.237824 0.268535 -0.041569
v -0.234380 0.256388 -0.034898
v -0.241125 0.283702 -0.040899
v -0.242391 0.281809 -0.034424
v -0.244889 0.293470 -0.035576
v -0.239137 0.286478 -0.032097
v -0.241289 0.297308 -0.022786
v -0.248283 0.299432 -0.028407
v -0.245449 0.299983 -0.017329
v -0.249050 0.305346 -0.018037
v -0.248600 0.306304 -0.007110
v -0.247258 0.301567 -0.002770
v 0.151774 0.465012 -0.037795
v 0.150729 0.465757 -0.027473
v 0.139129 0.456200 -0.026236
v 0.126725 0.444259 -0.030952
v 0.158258 0.473051 -0.032701
v 0.161374 0.480481 -0.041534
v 0.165047 0.487451 -0.034492
v 0.134185 0.452502 -0.038525
v 0.159315 0.482131 -0.027163
v 0.130866 0.455358 -0.025132
v 0.120108 0.444767 -0.023697
v 0.122967 0.441660 -0.034169
v 0.145943 0.472199 -0.024775
v 0.160232 0.499826 -0.042352
v 0.164636 0.497553 -0.037293
v 0.161214 0.491355 -0.046944
v 0.148712 0.474208 -0.047568
v 0.140310 0.460800 -0.043661
v 0.120898 0.447258 -0.037652
v -0.115508 0.068817 0.026263
v -0.104800 0.069770 0.031803
v -0.102859 0.064709 0.024132
v -0.110702 0.064951 0.023635
v -0.128134 0.069262 0.028133
v -0.099948 0.064307 0.031892
v -0.095182 0.061084 0.017095
v -0.107425 0.068453 0.037047
v -0.125998 0.067673 0.035570
v -0.106491 0.068977 0.010611
v -0.099126 0.065332 0.015984
v -0.120990 0.067720 0.017118
v -0.121765 0.067934 0.007426
v 0.111965 -0.293923 0.048262
v 0.119544 -0.293556 0.057770
v 0.111356 -0.296092 0.065799
v 0.096311 -0.297762 0.062483
v 0.094947 -0.298123 0.048645
v 0.122877 -0.289085 0.046250
v 0.123889 -0.288896 0.064687
v 0.131159 -0.282855 0.056447
v 0.131217 -0.276447 0.041759
v 0.083810 -0.294079 0.059173
v 0.089331 -0.296031 0.049630
v 0.095898 -0.293653 0.070334
v 0.083522 -0.291429 0.068635
v -0.103944 0.128415 0.014395
v -0.092267 0.119414 0.014859
v -0.095316 0.128445 0.021358
v -0.101760 0.120791 0.008337
v -0.098530 0.112338 0.003433
v -0.092966 0.111513 0.007480
v -0.090921 0.104860 0.005126
v -0.103937 0.137880 0.019905
v -0.092327 0.145426 0.034291
v -0.102702 0.150772 0.027316
v -0.098640 0.162907 0.042901
v -0.091674 0.159630 0.045237
v -0.088842 0.170269 0.054569
v -0.094649 0.184535 0.061155
v -0.089542 0.180513 0.062019
v -0.086089 0.183154 0.070626
v -0.091160 0.192708 0.074986
v -0.094469 0.102756 -0.006032
v -0.103794 0.175755 0.039649
v -0.105720 0.197660 0.050699
v -0.106589 0.186392 0.042507
v -0.097367 0.205595 0.069417
v -0.107941 0.171164 0.027882
v -0.104138 0.213606 0.061132
v -0.103196 0.229834 0.067433
v -0.091113 0.214202 0.081649
v -0.091221 0.198303 0.079491
v -0.108091 0.161279 0.017472
v -0.093624 0.126654 0.025187
v -0.095852 0.232037 0.075785
v -0.101075 0.240143 0.069893
v -0.099253 0.254757 0.074948
v -0.107279 0.155431 0.014297
v -0.100635 0.254832 0.070904
v -0.089420 0.156047 0.057321
v -0.083210 0.171171 0.080274
v -0.093718 0.133227 0.048340
v -0.086866 0.126141 0.077380
v -0.081018 0.143625 0.091431
v -0.079354 0.117038 0.095516
v -0.085466 0.093920 0.082902
v -0.092854 0.099247 0.063117
v -0.097445 0.113179 0.043295
v -0.080713 0.084390 0.091946
v -0.099025 0.082480 0.054426
v -0.103775 0.084070 0.038026
v -0.096260 0.071084 0.043899
v -0.097556 0.265422 0.072017
v -0.078804 0.189443 0.083243
v -0.094506 0.286120 0.069231
v -0.084199 0.197133 0.077255
v -0.098052 0.071577 0.031666
v -0.095541 0.049853 0.047498
v -0.097672 0.052060 0.035913
v -0.090956 0.050207 0.062221
v -0.085786 0.050687 0.073025
v -0.081999 0.057936 0.080143
v -0.077088 0.049348 0.086423
v -0.080328 0.071473 0.074331
v -0.072456 0.070990 0.088131
v -0.068844 0.063385 0.094776
v -0.064413 0.071421 0.100697
v -0.089541 0.071521 0.058213
v -0.099133 0.048172 0.038845
v -0.093339 0.045275 0.059976
v -0.092933 0.029046 0.060582
v -0.096273 0.011745 0.049121
v -0.099055 0.017700 0.039576
v -0.091180 0.002813 0.061286
v -0.100059 -0.007294 0.041000
v -0.094925 -0.005410 0.052863
v -0.102328 0.008514 0.030373
v -0.103745 -0.008463 0.027079
v -0.108312 -0.036465 0.028067
v -0.103470 -0.027379 0.041135
v -0.103891 -0.059455 0.051169
v -0.095662 -0.029431 0.056583
v -0.086501 -0.000406 0.067866
v -0.086120 -0.014403 0.066665
v -0.093246 -0.054333 0.063190
v -0.103631 -0.083024 0.051771
v -0.112535 -0.093576 0.039526
v -0.112056 -0.067450 0.036917
v -0.107615 -0.051053 0.040138
v -0.113298 -0.056119 0.015176
v -0.100695 -0.103006 0.054436
v -0.116853 -0.065050 0.020567
v -0.077910 -0.007165 0.075624
v -0.076628 -0.020189 0.074766
v -0.072994 -0.010452 0.080140
v -0.081627 -0.001266 0.076255
v -0.094633 0.268248 0.065390
v -0.114990 -0.102855 0.042162
v -0.102930 0.019429 0.037107
v -0.103314 0.011140 0.031428
v -0.089114 0.103014 0.001183
v -0.103593 0.029755 0.068225
v -0.103519 0.048929 0.067274
v -0.103530 0.003205 0.067088
v -0.104352 0.013270 0.022561
v -0.092046 -0.199609 0.060857
v -0.103646 -0.200795 0.068335
v -0.079978 -0.205507 0.069048
v -0.107865 -0.197742 0.057399
v -0.120040 -0.201374 0.063600
v -0.122113 -0.198613 0.048959
v -0.070516 -0.207429 0.056096
v -0.068016 -0.212775 0.068197
v -0.064765 -0.212783 0.051958
v 0.142140 -0.378741 -0.047516
v 0.130193 -0.375289 -0.043032
v 0.140474 -0.370060 -0.032725
v 0.124773 -0.377241 -0.048444
v 0.147112 -0.363942 -0.027051
v 0.153861 -0.370644 -0.034008
v 0.157561 -0.359636 -0.021287
v 0.127789 -0.378757 -0.062559
v 0.139268 -0.386772 -0.059092
v 0.146326 -0.388073 -0.053095
v 0.128912 -0.384233 -0.063639
v 0.116361 -0.374898 -0.065863
v 0.124343 -0.376192 -0.058817
v 0.124897 -0.372428 -0.046886
v 0.123410 -0.369262 -0.057858
v 0.111152 -0.372751 -0.062176
v 0.138347 -0.366615 -0.034615
v 0.093011 -0.381560 -0.061845
v 0.095853 -0.376816 -0.059857
v 0.104187 -0.371940 -0.054453
v 0.092254 -0.373566 -0.047420
v 0.082685 -0.380763 -0.052007
v 0.080679 -0.373584 -0.036411
v 0.113467 -0.367110 -0.055427
v -0.120374 -0.051626 0.007244
v -0.131042 -0.051605 0.018243
v -0.117802 -0.058515 0.016147
v -0.113858 -0.060044 0.007881
v -0.129963 -0.069177 0.021697
v -0.042463 0.352919 0.057161
v -0.041681 0.337834 0.069384
v -0.038241 0.345412 0.048747
v -0.041475 0.358366 0.049726
v -0.034021 0.355842 0.037734
v -0.038299 0.365882 0.037980
v -0.031394 0.371047 0.027731
v -0.044725 0.346128 0.065148
v -0.035804 0.343902 0.047727
v -0.040984 0.337083 0.052558
v -0.025628 0.276836 0.089552
v -0.020860 0.273114 0.100759
v -0.026514 0.263682 0.096552
v -0.019386 0.281992 0.097385
v -0.025656 0.282848 0.084196
v -0.019364 0.291337 0.088979
v -0.025359 0.264524 0.102599
v -0.025841 0.262639 0.089839
v -0.024832 0.274019 0.085558
v -0.032557 0.260131 0.091541
v 0.016362 0.387119 0.108144
v 0.002000 0.387067 0.106387
v 0.009129 0.371446 0.104906
v 0.013480 0.393430 0.107856
v 0.005693 0.394357 0.106785
v 0.021194 0.371923 0.102055
v 0.012594 0.359187 0.107817
v 0.001870 0.359077 0.104892
v 0.026135 0.358446 0.102304
v 0.023992 0.399975 0.100457
v 0.034285 0.373304 0.093567
v 0.030281 0.388204 0.097847
v 0.033427 0.401377 0.097158
v 0.031650 0.413784 0.095881
v 0.021341 0.415898 0.099516
v 0.030240 0.425002 0.102094
v 0.016533 0.349883 0.100612
v 0.018979 0.425702 0.106828
v 0.017584 0.417574 0.104078
v 0.011258 0.421087 0.107156
v 0.013087 0.406044 0.117465
v 0.019780 0.401145 0.113352
v 0.012639 0.396915 0.116891
v 0.003689 0.402542 0.115556
v -0.072330 0.196517 -0.044673
v -0.062880 0.200316 -0.048856
v -0.071524 0.195759 -0.038195
v -0.082700 0.185683 -0.037323
v -0.077042 0.189425 -0.032934
v -0.064236 0.197016 -0.052878
v -0.069336 0.188037 -0.054173
v -0.067376 0.182304 -0.056934
v -0.050044 0.198186 -0.050807
v -0.079194 0.180475 -0.026454
v -0.049092 0.327471 0.055189
v -0.045075 0.328810 0.061531
v -0.053220 0.324246 0.072687
v -0.043149 0.331969 0.070332
v -0.041888 0.336965 0.057414
v -0.040984 0.337083 0.052558
v -0.041681 0.337834 0.069384
v -0.038241 0.345412 0.048747
v -0.051939 0.320282 0.058198
v -0.057688 0.314114 0.060999
v -0.064360 0.312262 0.073953
v -0.059552 0.307987 0.064905
v -0.065766 0.302479 0.066852
v -0.071416 0.299378 0.075176
v -0.047273 0.334249 0.073016
v -0.066485 0.291415 0.072044
v -0.070487 0.279802 0.075657
v -0.075532 0.282545 0.079424
v -0.078568 0.268926 0.082450
v -0.032370 0.329274 0.067644
v -0.412941 0.244318 0.038259
v -0.414444 0.237008 0.031021
v -0.412930 0.234818 0.038783
v -0.413165 0.260501 0.036170
v -0.410204 0.224621 0.037727
v -0.411261 0.256762 0.029597
v -0.409165 0.229605 0.029911
v 0.108750 0.370081 -0.068037
v 0.112089 0.363459 -0.067523
v 0.110518 0.365753 -0.070839
v 0.109081 0.370824 -0.080936
v 0.112092 0.358150 -0.080277
v 0.109217 0.344929 -0.071632
v 0.104872 0.355597 -0.065425
v 0.101716 0.348695 -0.056459
v 0.104451 0.335352 -0.062695
v 0.097000 0.343195 -0.054027
v 0.096924 0.334042 -0.057300
v 0.097025 0.347046 -0.045868
v 0.102838 0.376259 -0.080768
v 0.101281 0.379910 -0.065918
v 0.101101 0.384126 -0.079723
v 0.096172 0.396254 -0.073104
v 0.101532 0.385426 -0.061021
v 0.098378 0.400404 -0.064339
v -0.081627 -0.001266 0.076255
v -0.077910 -0.007165 0.075624
v -0.085010 -0.006938 0.086391
v -0.088327 0.002578 0.086085
v -0.086501 -0.000406 0.067866
v -0.098414 0.003152 0.077997
v -0.091180 0.002813 0.061286
v -0.103530 0.003205 0.067088
v -0.110767 0.005522 0.018775
v -0.107443 0.005361 0.026185
v -0.114044 0.003468 0.033155
v -0.109305 0.005757 0.037108
v -0.127454 0.005976 0.033680
v -0.119134 0.006926 0.020947
v -0.118319 0.003931 0.010611
v -0.121602 0.005774 0.035724
v -0.126352 0.007978 0.013554
v -0.127473 0.008261 0.027138
v -0.122394 0.008124 0.005850
v -0.114866 0.006508 0.006315
v -0.106648 0.011015 0.013266
v -0.103314 0.011140 0.031428
v -0.104352 0.013270 0.022561
v -0.103198 0.016564 0.016535
v -0.102328 0.008514 0.030373
v -0.102930 0.019429 0.037107
v 0.095595 -0.198990 0.077413
v 0.083435 -0.201790 0.077195
v 0.097548 -0.202197 0.085583
v 0.079871 -0.206617 0.084836
v 0.108965 -0.200638 0.082685
v 0.112925 -0.198709 0.070407
v 0.119414 -0.202747 0.078111
v 0.122026 -0.199696 0.058157
v 0.071285 -0.207750 0.072925
v 0.069220 -0.213370 0.082261
v 0.063313 -0.216174 0.065642
v 0.407534 0.245406 0.049896
v 0.398936 0.243998 0.063602
v 0.394552 0.244134 0.059125
v 0.404406 0.243377 0.065517
v 0.395882 0.242522 0.044337
v 0.388746 0.237596 0.051870
v 0.116202 -0.494637 -0.008100
v 0.111662 -0.487744 -0.004035
v 0.104098 -0.495988 0.001238
v 0.105546 -0.488111 0.005155
v 0.134182 -0.486094 -0.010079
v 0.133747 -0.493907 -0.016020
v 0.155692 -0.492271 -0.021749
v 0.150937 -0.485474 -0.016493
v 0.156846 -0.486386 -0.015715
v 0.100210 0.490360 -0.028213
v 0.103459 0.469735 -0.030749
v 0.096805 0.476071 -0.034449
v 0.095913 0.489542 -0.031489
v 0.095636 0.457582 -0.038410
v 0.107151 0.455561 -0.033235
v 0.094647 0.499563 -0.024066
v 0.098413 0.499875 -0.020579
v 0.106773 0.464105 -0.024745
v 0.109977 0.455436 -0.028132
v 0.103597 0.488537 -0.015476
v 0.420136 0.250002 0.060111
v 0.418270 0.233634 0.053731
v 0.415917 0.249827 0.050023
v 0.419334 0.240797 0.066716
v 0.419910 0.260622 0.043414
v 0.413935 0.225867 0.058606
v 0.416911 0.225835 0.048641
v 0.420282 0.233479 0.048090
v 0.415682 0.251021 0.070687
v 0.420488 0.258046 0.064148
v 0.416750 0.260884 0.054951
v 0.418040 0.264394 0.061996
v 0.415339 0.260447 0.072106
v 0.412015 0.224961 0.040787
v 0.420234 0.240026 0.042054
v 0.420072 0.246042 0.048398
v 0.412203 0.268003 0.055990
v 0.413399 0.267203 0.044747
v 0.109081 0.370824 -0.080936
v 0.112092 0.358150 -0.080277
v 0.106387 0.363769 -0.082956
v 0.102838 0.376259 -0.080768
v 0.098429 0.371922 -0.085021
v 0.101101 0.384126 -0.079723
v 0.092792 0.386828 -0.080910
v 0.096172 0.396254 -0.073104
v 0.100528 0.348284 -0.079736
v 0.098780 0.362031 -0.079380
v 0.087660 0.365138 -0.080674
v 0.109217 0.344929 -0.071632
v 0.098878 0.337555 -0.071151
v 0.104451 0.335352 -0.062695
v 0.094672 0.352663 -0.070046
v 0.094046 0.352094 -0.055877
v 0.087039 0.354923 -0.068035
v 0.094316 0.350446 -0.063643
v 0.080527 0.361751 -0.059692
v 0.097000 0.343195 -0.054027
v 0.097025 0.347046 -0.045868
v 0.092940 0.349430 -0.040114
v 0.098804 0.346335 -0.039873
v 0.082555 0.354457 -0.051774
v 0.073433 0.356072 -0.051942
v 0.068226 0.351526 -0.041962
v 0.096924 0.334042 -0.057300
v 0.105650 0.380550 -0.026900
v 0.112680 0.382377 -0.027251
v 0.099760 0.382639 -0.018999
v 0.110406 0.386955 -0.013264
v 0.095578 0.391006 -0.004952
v 0.095016 0.380539 -0.018267
v 0.107079 0.398120 -0.001914
v 0.110405 0.405034 0.001784
v 0.094618 0.409526 0.006391
v 0.079270 0.389486 -0.011064
v 0.080797 0.380592 -0.016768
v 0.074370 0.381390 -0.014243
v 0.081311 0.399747 -0.001333
v 0.125916 0.408202 -0.013076
v 0.106637 0.416904 0.004668
v 0.124594 0.399070 -0.020968
v 0.124424 0.399174 -0.036331
v 0.112993 0.383239 -0.033627
v 0.117291 0.385597 -0.038338
v 0.090057 0.346321 0.021531
v 0.081261 0.341870 0.035182
v 0.091082 0.337817 0.035506
v 0.093358 0.328456 0.046126
v 0.070634 0.333719 0.049853
v 0.068236 0.343218 0.038107
v 0.074679 0.322429 0.061067
v 0.092098 0.310130 0.062816
v 0.076831 0.307693 0.073167
v 0.094822 0.318251 0.054069
v 0.070744 0.351565 0.018003
v 0.097898 0.297800 0.066257
v 0.079246 0.298169 0.076236
v 0.083664 0.287260 0.080062
v 0.097063 0.306102 0.060231
v 0.101043 0.273929 0.071690
v 0.087739 0.267285 0.084200
v 0.092610 0.256712 0.082542
v 0.092832 0.239136 0.084212
v 0.103630 0.252267 0.072130
v 0.105537 0.227279 0.072936
v 0.098490 0.308305 0.050569
v 0.098562 0.318963 0.043427
v 0.096345 0.330228 0.034250
v 0.106421 0.235020 0.068371
v 0.109405 0.225064 0.063060
v 0.112786 0.204246 0.056447
v 0.097861 0.278531 0.060712
v 0.102507 0.203783 0.075821
v 0.103859 0.187802 0.068484
v 0.100215 0.272172 0.065070
v 0.102800 0.242381 0.060877
v 0.102780 0.263497 0.059323
v 0.107169 0.248314 0.050332
v 0.102497 0.232650 0.058430
v 0.100640 0.209290 0.053617
v 0.107114 0.233343 0.037652
v 0.101429 0.218830 0.056276
v 0.105338 0.209928 0.023090
v 0.101801 0.203819 0.048699
v 0.101706 0.197474 0.045253
v 0.105089 0.188779 0.012640
v 0.104323 0.174290 0.021284
v 0.104017 0.170685 0.006963
v 0.105230 0.164349 0.015797
v 0.105066 0.127058 0.011521
v 0.105174 0.186727 -0.005769
v 0.104215 0.182164 0.033263
v 0.108513 0.201601 0.000816
v 0.107680 0.221214 0.021316
v 0.111164 0.207097 -0.006460
v 0.106136 0.204220 -0.019580
v 0.102609 0.195477 -0.024426
v 0.103403 0.213642 -0.037400
v 0.098544 0.170925 -0.009665
v 0.106854 0.180006 0.058025
v 0.113142 0.179826 0.034555
v 0.106612 0.168057 0.047995
v 0.110464 0.161641 0.029073
v 0.114572 0.242638 0.024494
v 0.118340 0.257724 0.029691
v 0.113026 0.267804 0.045087
v 0.109172 0.135324 0.018536
v 0.118507 0.224349 -0.006909
v 0.103185 0.153553 0.040947
v 0.104846 0.146081 0.031282
v 0.117395 0.231886 0.006834
v 0.116477 0.228089 -0.023346
v 0.106789 0.299561 0.046866
v 0.122282 0.280047 0.036561
v 0.116051 0.164985 0.021626
v 0.114729 0.172866 0.025405
v 0.114574 0.149447 0.019915
v 0.110734 0.140402 0.023588
v 0.121990 0.309065 0.031942
v 0.099133 0.213166 0.079664
v 0.104243 0.183516 0.064663
v 0.126953 0.236568 -0.008051
v 0.126391 0.246992 0.009353
v 0.130287 0.261600 0.019088
v 0.102710 0.126434 0.015927
v 0.103457 0.131771 0.023478
v 0.129374 0.294983 0.032212
v 0.136264 0.278047 0.025650
v 0.105442 0.353890 -0.054800
v 0.112314 0.354920 -0.049076
v 0.109169 0.351785 -0.041670
v 0.123350 0.356027 -0.041531
v 0.123032 0.359185 -0.051816
v 0.112537 0.357854 -0.061606
v 0.104872 0.355597 -0.065425
v 0.097025 0.347046 -0.045868
v 0.098804 0.346335 -0.039873
v 0.122872 0.360090 -0.064484
v 0.105258 0.345828 -0.036528
v 0.112089 0.363459 -0.067523
v 0.110518 0.365753 -0.070839
v 0.126538 0.363126 -0.042965
v 0.127462 0.365174 -0.065046
v 0.101716 0.348695 -0.056459
v 0.118209 0.345597 -0.036425
v 0.128089 0.351858 -0.037073
v 0.117789 0.380833 -0.065766
v 0.108750 0.370081 -0.068037
v 0.123487 0.375506 -0.064395
v -0.413589 0.243977 0.078226
v -0.392530 0.240981 0.075553
v -0.413416 0.245629 0.085699
v -0.397542 0.243079 0.071689
v -0.419568 0.248847 0.079386
v -0.404786 0.253007 0.069101
v -0.396035 0.248868 0.066589
v -0.416123 0.250230 0.072023
v -0.408038 0.252601 0.066190
v -0.414829 0.254333 0.063739
v 0.415682 0.251021 0.070687
v 0.404362 0.252747 0.067186
v 0.413307 0.239308 0.069184
v 0.415339 0.260447 0.072106
v 0.401716 0.260926 0.067216
v 0.404406 0.243377 0.065517
v 0.398936 0.243998 0.063602
v 0.409060 0.236858 0.062109
v 0.419334 0.240797 0.066716
v -0.092128 0.112536 -0.009807
v -0.090953 0.092862 -0.012821
v -0.094469 0.102756 -0.006032
v -0.096887 0.126648 -0.003131
v -0.098530 0.112338 0.003433
v -0.101760 0.120791 0.008337
v -0.100107 0.145495 0.001324
v -0.107279 0.155431 0.014297
v -0.103944 0.128415 0.014395
v -0.098423 0.158116 0.005695
v -0.100896 0.166721 0.018544
v -0.097496 0.168484 0.012799
v -0.097899 0.173878 0.002526
v -0.097613 0.175519 0.027208
v -0.096394 0.179982 0.009333
v -0.098111 0.192516 0.022373
v -0.095357 0.185346 -0.000383
v -0.100718 0.205504 0.013041
v -0.098509 0.182842 -0.007014
v -0.095272 0.195596 0.043997
v -0.100304 0.218900 0.033034
v -0.097042 0.184665 0.037007
v -0.105234 0.219874 -0.002445
v -0.105434 0.226536 0.015226
v -0.099781 0.235962 0.047505
v -0.094174 0.207859 0.052466
v -0.104424 0.254186 0.048493
v -0.093526 0.216686 0.057179
v -0.109790 0.233988 0.004939
v -0.110023 0.252390 0.028273
v -0.094274 0.248176 0.062982
v -0.115041 0.241547 -0.003799
v -0.112693 0.248819 0.018123
v -0.111049 0.264175 0.046885
v -0.100037 0.222614 -0.023815
v -0.110577 0.244099 -0.021734
v -0.095489 0.257556 0.059974
v -0.094633 0.268248 0.065390
v -0.091462 0.278059 0.060225
v -0.093189 0.202335 -0.020912
v -0.095666 0.199405 -0.026273
v -0.094506 0.286120 0.069231
v -0.093827 0.205353 -0.034256
v -0.106613 0.248188 -0.034393
v -0.088945 0.213557 -0.035542
v -0.086266 0.215422 -0.050135
v -0.085307 0.218560 -0.041613
v -0.089444 0.297329 0.065476
v -0.088387 0.300584 0.056761
v -0.086491 0.310902 0.063571
v -0.089319 0.296239 0.068910
v -0.095434 0.226580 0.061530
v -0.078752 0.225122 -0.049543
v -0.078036 0.222348 -0.059332
v -0.072937 0.228262 -0.064626
v -0.070242 0.235272 -0.057316
v -0.072279 0.236759 -0.074806
v -0.071006 0.206296 -0.078471
v -0.068876 0.246477 -0.095980
v -0.067084 0.172610 -0.095250
v -0.070609 0.248299 -0.082961
v -0.070136 0.180032 -0.078367
v -0.070320 0.170370 -0.082451
v -0.071567 0.209728 -0.062961
v -0.062970 0.268570 -0.098882
v -0.066487 0.267210 -0.075853
v -0.058444 0.287993 -0.085873
v -0.068089 0.255699 -0.061822
v -0.072211 0.161062 -0.082759
v -0.056960 0.296258 -0.072590
v -0.051032 0.294073 -0.103941
v -0.049612 0.311210 -0.081902
v -0.061441 0.282365 -0.066493
v -0.039428 0.320317 -0.101630
v -0.057011 0.295363 -0.064124
v -0.064971 0.269540 -0.064537
v -0.048960 0.316582 -0.056783
v -0.069684 0.191789 -0.058744
v -0.069322 0.165809 -0.064711
v -0.080633 0.124112 -0.065267
v -0.075813 0.141455 -0.082436
v -0.067815 0.153174 -0.096288
v -0.080344 0.122944 -0.080814
v -0.084268 0.098249 -0.062275
v -0.082547 0.095986 -0.078787
v -0.082137 0.083055 -0.064862
v -0.079857 0.078076 -0.073057
v -0.081810 0.102371 -0.046853
v -0.079522 0.117803 -0.048177
v -0.079548 0.077769 -0.040935
v -0.052451 0.305639 -0.061368
v -0.101075 0.240143 0.069893
v -0.100635 0.254832 0.070904
v -0.073299 0.142366 -0.054015
v -0.035210 0.314714 -0.111781
v -0.077278 0.067290 -0.051275
v -0.038379 0.327067 -0.084845
v -0.042590 0.324129 -0.066709
v -0.075204 0.064872 -0.066085
v -0.039810 0.328684 -0.053261
v -0.073556 0.064372 -0.033659
v -0.078470 0.187910 -0.048797
v -0.082700 0.185683 -0.037323
v -0.094193 0.185586 -0.012939
v -0.074445 0.165036 -0.086723
v -0.073607 0.164385 -0.095610
v -0.074865 0.069100 -0.032513
v -0.103196 0.229834 0.067433
v -0.104138 0.213606 0.061132
v -0.105720 0.197660 0.050699
v -0.106589 0.186392 0.042507
v -0.107941 0.171164 0.027882
v -0.108091 0.161279 0.017472
v -0.083884 0.091048 -0.006288
v -0.089114 0.103014 0.001183
v -0.080591 0.086923 -0.010962
v 0.413293 0.252772 0.035159
v 0.408122 0.240631 0.038822
v 0.412578 0.230989 0.039702
v 0.407802 0.234386 0.042275
v 0.413809 0.234497 0.032560
v 0.412015 0.224961 0.040787
v 0.413437 0.254970 0.030995
v 0.406878 0.263309 0.033650
v 0.000500 -0.002442 -0.066259
v 0.020661 -0.004706 -0.062523
v -0.000152 -0.004458 -0.059744
v -0.011766 -0.005529 -0.061209
v -0.029143 -0.002618 -0.063969
v -0.042196 -0.001100 -0.067083
v -0.056652 0.000416 -0.064430
v -0.048836 -0.001426 -0.061631
v -0.065263 0.001031 -0.059747
v -0.061212 -0.010815 -0.056688
v -0.068312 -0.003755 -0.056215
v -0.022824 -0.028371 -0.055430
v -0.042161 -0.041532 -0.053931
v -0.032837 -0.022030 -0.058917
v -0.058269 -0.031744 -0.055157
v -0.068934 -0.052116 -0.047969
v -0.043863 -0.059979 -0.046774
v -0.062980 -0.065514 -0.042715
v -0.026210 -0.054092 -0.045569
v -0.047551 -0.065978 -0.042555
v -0.046141 -0.093235 -0.040554
v -0.070330 -0.096946 -0.041280
v -0.059366 -0.103515 -0.040842
v -0.040526 -0.110335 -0.035407
v -0.081673 -0.121452 -0.042306
v -0.066794 -0.130020 -0.042447
v -0.080295 -0.131575 -0.041244
v -0.065277 -0.147631 -0.040129
v -0.077077 -0.159505 -0.039838
v -0.091755 -0.161095 -0.038635
v -0.074422 -0.184794 -0.036300
v -0.093186 -0.172682 -0.037602
v -0.064442 -0.173558 -0.035643
v -0.053093 -0.148773 -0.037328
v -0.049525 -0.126409 -0.038036
v -0.032510 -0.066884 -0.038823
v -0.007940 -0.031434 -0.048811
v -0.000258 -0.015560 -0.053856
v -0.053514 -0.189165 -0.025783
v -0.029623 -0.093773 -0.032828
v -0.073137 -0.198892 -0.034907
v -0.085540 -0.188657 -0.040062
v -0.091470 -0.200069 -0.036994
v -0.073228 -0.210982 -0.034258
v -0.098659 -0.193654 -0.036432
v -0.111115 -0.198437 -0.036319
v -0.098721 -0.179102 -0.039005
v -0.058558 -0.209378 -0.026788
v -0.042954 -0.156947 -0.029487
v -0.020177 -0.067750 -0.031431
v -0.039147 -0.129301 -0.031423
v -0.070827 -0.225560 -0.035372
v -0.085745 -0.215453 -0.041989
v -0.093456 -0.221048 -0.042141
v -0.100292 -0.207192 -0.042816
v -0.031588 -0.127852 -0.023768
v -0.012452 -0.062095 -0.032628
v -0.000024 -0.033371 -0.041800
v -0.078507 -0.234154 -0.042063
v -0.096876 -0.237377 -0.046429
v -0.083032 -0.238626 -0.043899
v -0.071380 -0.240177 -0.036490
v -0.109489 -0.234986 -0.044404
v -0.060612 -0.230148 -0.028236
v -0.096562 -0.253707 -0.052171
v -0.111645 -0.247474 -0.048552
v -0.088229 -0.249080 -0.049553
v -0.096334 -0.285652 -0.057074
v -0.078476 -0.262180 -0.049060
v -0.090443 -0.295757 -0.056020
v -0.097158 -0.330995 -0.061355
v -0.110574 -0.323981 -0.063527
v -0.096044 -0.352823 -0.059284
v -0.119636 -0.359753 -0.062902
v -0.090269 -0.373541 -0.055832
v -0.122323 -0.336758 -0.062669
v -0.125981 -0.378029 -0.064784
v -0.114949 -0.375076 -0.062624
v -0.108106 -0.282149 -0.057171
v -0.095944 -0.384845 -0.059459
v -0.083174 -0.334353 -0.054110
v -0.113725 -0.390024 -0.068217
v -0.125258 -0.391756 -0.069078
v -0.072978 -0.279559 -0.046743
v -0.078510 -0.367080 -0.048759
v -0.108020 -0.393758 -0.064218
v -0.077718 -0.309106 -0.047047
v -0.121744 -0.407365 -0.059102
v -0.132228 -0.408929 -0.059784
v -0.111107 -0.421099 -0.058746
v -0.137191 -0.429073 -0.067674
v -0.121823 -0.442612 -0.068707
v -0.139494 -0.440820 -0.069035
v -0.145614 -0.416659 -0.063552
v -0.109196 -0.407728 -0.054723
v -0.108725 -0.444997 -0.064178
v -0.138566 -0.394658 -0.064523
v -0.154374 -0.400462 -0.057210
v -0.150273 -0.410225 -0.058954
v -0.097586 -0.404682 -0.045258
v -0.096992 -0.419919 -0.049786
v -0.102038 -0.433137 -0.055239
v -0.063208 -0.268041 -0.037405
v -0.076718 -0.010290 -0.048250
v -0.000996 0.094625 -0.102634
v 0.023788 0.096060 -0.101390
v 0.021405 0.093698 -0.106691
v 0.000265 0.092247 -0.105908
v -0.401290 0.225690 0.055109
v -0.409025 0.220473 0.055521
v -0.406738 0.221461 0.043134
v -0.409991 0.225371 0.060644
v -0.399267 0.230690 0.061904
v -0.404014 0.228828 0.067175
v -0.388458 0.230445 0.068001
v -0.384935 0.232700 0.057428
v -0.412888 0.222760 0.044724
v -0.415942 0.232565 0.065435
v -0.410204 0.224621 0.037727
v -0.404034 0.227160 0.034127
v -0.409165 0.229605 0.029911
v -0.401130 0.224659 0.042210
v 0.134491 0.490563 -0.041838
v 0.133233 0.490064 -0.035091
v 0.147081 0.499548 -0.036332
v 0.120879 0.474046 -0.035346
v 0.134354 0.487431 -0.028726
v 0.146143 0.494039 -0.028316
v 0.119844 0.460115 -0.027733
v 0.128126 0.470270 -0.024976
v 0.116426 0.463335 -0.031941
v 0.109977 0.455436 -0.028132
v 0.127636 0.462681 -0.023682
v 0.154687 0.497887 -0.032960
v 0.120108 0.444767 -0.023697
v 0.160232 0.499826 -0.042352
v 0.164636 0.497553 -0.037293
v 0.162055 0.495353 -0.033148
v 0.153229 0.492581 -0.035268
v 0.157697 0.486538 -0.028536
v 0.165047 0.487451 -0.034492
v 0.159315 0.482131 -0.027163
v 0.125542 0.458936 -0.028020
v 0.261468 0.276774 0.023377
v 0.255833 0.255762 0.025530
v 0.258549 0.254524 0.020072
v 0.253778 0.270705 0.029266
v 0.259397 0.283537 0.025649
v 0.262375 0.286548 0.017313
v 0.253628 0.242452 0.007695
v 0.124349 -0.439299 -0.062395
v 0.133350 -0.436922 -0.064642
v 0.133440 -0.441494 -0.058526
v 0.122028 -0.435088 -0.069798
v 0.111938 -0.437110 -0.070758
v 0.145068 -0.441804 -0.052918
v 0.137939 -0.443178 -0.052778
v 0.112981 -0.440552 -0.061932
v 0.099646 -0.445027 -0.058952
v 0.099493 -0.441537 -0.065276
v 0.144330 -0.444767 -0.043946
v 0.151297 -0.441594 -0.047224
v 0.148992 -0.447142 -0.033540
v 0.087717 -0.445015 -0.052377
v 0.158299 -0.441832 -0.032866
v 0.153823 -0.446981 -0.022805
v 0.090423 -0.450689 -0.048476
v 0.159733 -0.440412 -0.021488
v 0.155937 -0.444761 -0.012869
v -0.000816 0.417303 0.097005
v 0.005578 0.419289 0.104144
v -0.009728 0.424461 0.102131
v -0.013866 0.415618 0.095679
v 0.006891 0.426013 0.107408
v 0.011258 0.421087 0.107156
v -0.003954 -0.040906 0.122608
v 0.002623 -0.039923 0.124269
v -0.001660 -0.037061 0.130343
v -0.018908 -0.036955 0.116701
v -0.407159 0.238571 0.039216
v -0.408831 0.234758 0.047475
v -0.402628 0.234290 0.036598
v -0.401130 0.224659 0.042210
v -0.405110 0.226876 0.047311
v -0.401290 0.225690 0.055109
v -0.399267 0.230690 0.061904
v -0.408936 0.238774 0.054331
v -0.410479 0.248469 0.051050
v -0.403842 0.240441 0.062376
v -0.406738 0.221461 0.043134
v -0.403932 0.246906 0.063426
v -0.404034 0.227160 0.034127
v -0.404803 0.238574 0.067338
v -0.398723 0.238090 0.028872
v -0.399738 0.242248 0.037162
v -0.404063 0.244172 0.046925
v -0.403706 0.245927 0.055412
v -0.394535 0.240032 0.060884
v -0.384935 0.232700 0.057428
v -0.399267 0.230690 0.061904
v -0.403842 0.240441 0.062376
v -0.382408 0.241110 0.043615
v 0.395858 0.238786 0.038317
v 0.408122 0.240631 0.038822
v 0.395882 0.242522 0.044337
v 0.408666 0.239736 0.049036
v 0.078995 0.380416 -0.020138
v 0.083172 0.360692 -0.012988
v 0.082474 0.375574 -0.012554
v 0.080901 0.357788 -0.017836
v 0.080797 0.380592 -0.016768
v 0.086756 0.367738 -0.010420
v 0.070653 0.381251 -0.024070
v 0.074303 0.357406 -0.022487
v 0.071303 0.387527 -0.021767
v 0.093402 0.356781 -0.012995
v 0.094831 0.362926 -0.010629
v 0.095924 0.371668 -0.012676
v 0.095016 0.380539 -0.018267
v 0.064988 0.373267 -0.021393
v 0.063446 0.357251 -0.023121
v 0.060520 0.366722 -0.027425
v 0.050234 0.351997 -0.029744
v 0.054197 0.369782 -0.031431
v 0.064456 0.375397 -0.032416
v 0.051943 0.374467 -0.036763
v 0.060846 0.386271 -0.038519
v 0.064214 0.392089 -0.037616
v 0.049550 0.351731 -0.034376
v 0.049593 0.344856 -0.039644
v 0.053000 0.373896 -0.042213
v 0.142860 0.480598 -0.038847
v 0.131089 0.472411 -0.042295
v 0.131641 0.469173 -0.038179
v 0.128087 0.461718 -0.032474
v 0.133343 0.466744 -0.030749
v 0.145943 0.472199 -0.024775
v 0.153772 0.487371 -0.040069
v 0.157697 0.486538 -0.028536
v 0.130866 0.455358 -0.025132
v 0.138293 0.481167 -0.040747
v 0.159315 0.482131 -0.027163
v 0.150625 0.491032 -0.040538
v 0.018116 -0.019716 0.133916
v 0.012175 -0.005086 0.128954
v 0.016333 -0.027081 0.129332
v 0.020411 -0.027642 0.133245
v 0.012518 0.001430 0.129376
v 0.004476 0.011814 0.127513
v 0.002522 0.017211 0.123553
v 0.006979 0.000665 0.123601
v 0.003130 0.024228 0.130671
v 0.001209 0.018025 0.120454
v 0.013543 -0.009659 0.123337
v -0.003122 0.029743 0.127541
v 0.010321 0.012622 0.113982
v 0.004945 0.490720 0.015217
v 0.006659 0.485572 0.006389
v 0.002185 0.478630 0.010233
v -0.003932 0.478828 0.017436
v -0.000756 0.490176 0.024211
v -0.008180 0.479580 0.023287
v -0.007366 0.485843 0.032149
v -0.012335 0.477206 0.040134
v 0.000584 0.476291 0.006325
v 0.009941 0.472278 -0.002718
v 0.012892 0.480732 -0.005039
v 0.015110 0.477903 -0.012191
v 0.016543 0.467581 -0.015260
v 0.011691 0.464389 -0.011158
v 0.002731 0.468589 0.000021
v 0.011897 0.461799 -0.017926
v -0.010258 0.474905 0.009593
v -0.011059 0.465204 -0.001721
v -0.006878 0.459345 -0.013820
v -0.018324 0.457230 -0.011216
v 0.008657 0.459273 -0.020274
v -0.010478 0.454373 -0.016435
v 0.015674 0.487232 0.008154
v -0.013317 0.478036 0.018208
v -0.017969 0.473400 0.013182
v -0.018096 0.464783 -0.003368
v -0.017701 0.474905 0.024646
v -0.025664 0.465902 0.021729
v -0.023935 0.457869 0.001500
v -0.020056 0.471155 0.044886
v -0.028748 0.461934 0.048446
v -0.034357 0.453243 0.028734
v -0.007129 0.476054 0.055852
v -0.015420 0.466001 0.072084
v 0.000208 0.476453 0.069450
v 0.016658 0.488531 0.014404
v -0.007771 0.465723 0.083257
v -0.007330 0.483868 0.039439
v 0.004713 0.472411 0.081398
v 0.006774 0.489443 0.022173
v -0.030467 0.455039 0.057051
v 0.031144 0.480107 0.029166
v 0.012369 0.483011 0.028464
v 0.016824 0.481346 0.045121
v 0.030355 0.478677 0.051374
v 0.014439 0.479722 0.063412
v 0.024671 0.477327 0.067678
v 0.039511 0.477160 0.035397
v 0.003507 0.479555 0.056087
v 0.003600 0.481462 0.035384
v -0.002984 0.479602 0.044451
v 0.015113 0.473885 0.080946
v 0.018866 0.483858 0.024085
v 0.011774 0.485942 0.017747
v 0.026076 0.482588 0.020451
v 0.008237 0.485324 0.025215
v 0.030896 0.470975 0.078447
v 0.035340 0.472560 0.068904
v 0.038611 0.476601 0.019377
v 0.042916 0.476451 0.019766
v 0.030846 0.478577 0.017118
v 0.048029 0.470416 0.049113
v 0.031130 0.476618 0.010066
v 0.041578 0.474720 0.014366
v 0.052835 0.468889 0.030309
v 0.055142 0.465409 0.043867
v 0.018904 0.488674 0.017784
v 0.025131 0.485833 0.011458
v 0.050811 0.461984 0.060767
v 0.040009 0.464018 0.075361
v 0.063539 0.454749 0.046712
v 0.053900 0.465900 0.021568
v 0.053497 0.470312 0.013542
v 0.046969 0.476697 0.013070
v 0.035518 0.471783 0.004515
v 0.029817 0.472490 0.000057
v 0.033450 0.476090 -0.004253
v 0.041893 0.468266 0.006653
v 0.043373 0.465274 -0.008134
v 0.051420 0.459567 -0.001459
v 0.036775 0.469500 -0.010470
v 0.050540 0.471054 0.009273
v 0.048008 0.465217 0.004815
v 0.027556 0.478519 0.005094
v 0.020421 0.478566 0.004179
v 0.019593 0.478958 0.009470
v 0.003161 0.482404 0.026023
v 0.019293 0.474816 -0.001463
v 0.024423 0.471804 -0.002082
v 0.032311 0.472892 -0.007478
v 0.028203 0.465697 -0.012787
v 0.263414 0.266851 -0.044361
v 0.262911 0.280885 -0.037982
v 0.260354 0.259417 -0.039679
v 0.261858 0.252797 -0.042807
v 0.264252 0.281698 -0.044331
v 0.263015 0.289463 -0.031443
v 0.264519 0.294186 -0.031808
v 0.259944 0.246795 -0.030569
v 0.258343 0.243465 -0.034925
v 0.262552 0.266455 -0.047918
v 0.265464 0.292668 -0.022518
v 0.255084 0.236718 -0.023375
v 0.262921 0.300159 -0.017902
v 0.266853 0.294787 -0.004278
v 0.259715 0.242611 -0.020961
v 0.258138 0.241313 -0.005123
v -0.040286 0.328570 0.059136
v -0.032370 0.329274 0.067644
v -0.043149 0.331969 0.070332
v -0.045075 0.328810 0.061531
v -0.031370 0.325671 0.064916
v -0.033647 0.321683 0.061557
v -0.410479 0.248469 0.051050
v -0.416367 0.241042 0.052672
v -0.419362 0.256618 0.052488
v -0.395003 0.245370 0.060898
v -0.394535 0.240032 0.060884
v -0.404803 0.238574 0.067338
v -0.382408 0.241110 0.043615
v -0.397542 0.243079 0.071689
v -0.396035 0.248868 0.066589
v 0.405186 0.236840 0.047695
v 0.396974 0.235662 0.048382
v 0.408232 0.236141 0.059183
v 0.401457 0.237269 0.062504
v 0.394731 0.235720 0.056594
v 0.403174 0.229117 0.043427
v -0.403932 0.246906 0.063426
v -0.412765 0.244227 0.067800
v -0.404803 0.238574 0.067338
v -0.416047 0.239984 0.068166
v -0.404014 0.228828 0.067175
v -0.408038 0.252601 0.066190
v -0.414829 0.254333 0.063739
v -0.415942 0.232565 0.065435
v -0.396035 0.248868 0.066589
v -0.400519 0.233936 0.071370
v -0.397542 0.243079 0.071689
v -0.392530 0.240981 0.075553
v 0.401457 0.237269 0.062504
v 0.396830 0.241497 0.072838
v 0.401031 0.229816 0.066345
v 0.403022 0.228424 0.061373
v 0.398936 0.243998 0.063602
v 0.404362 0.252747 0.067186
v 0.408232 0.236141 0.059183
v -0.037296 0.265199 0.093485
v -0.032557 0.260131 0.091541
v -0.025359 0.264524 0.102599
v -0.043965 0.265686 0.089633
v -0.120374 -0.051626 0.007244
v -0.131543 -0.052176 0.009540
v -0.131042 -0.051605 0.018243
v 0.025131 0.485833 0.011458
v 0.031130 0.476618 0.010066
v 0.019593 0.478958 0.009470
v 0.016658 0.488531 0.014404
v 0.089508 0.108400 -0.059820
v 0.095460 0.116785 -0.055388
v 0.094787 0.104142 -0.054629
v 0.087629 0.115663 -0.058777
v 0.088273 0.100980 -0.055233
v 0.079187 0.087165 -0.067941
v 0.082854 0.081349 -0.049581
v 0.072728 0.054856 -0.047891
v 0.075436 0.057032 -0.041621
v 0.077898 0.063386 -0.036440
v 0.069959 0.051218 -0.041090
v 0.080387 0.078578 -0.037508
v 0.079465 0.090006 -0.035630
v 0.075150 0.138491 -0.079330
v 0.077746 0.148944 -0.065318
v 0.073772 0.170639 -0.074661
v 0.071088 0.157465 -0.086613
v 0.066638 0.171446 -0.096649
v 0.076363 0.187460 -0.078473
v 0.077384 0.209541 -0.099558
v 0.081555 0.208060 -0.082213
v 0.087441 0.234218 -0.086710
v 0.080440 0.237533 -0.112114
v 0.085191 0.238593 -0.098612
v 0.081488 0.262270 -0.101523
v 0.078610 0.246390 -0.115328
v 0.085968 0.255686 -0.084281
v 0.071951 0.271369 -0.117672
v 0.082670 0.271834 -0.083168
v 0.074685 0.282833 -0.099921
v 0.064565 0.294803 -0.117672
v 0.072777 0.174142 -0.065746
v 0.076372 0.208702 -0.060166
v 0.082223 0.267648 -0.071472
v 0.080939 0.224782 -0.062071
v 0.075567 0.288137 -0.072746
v 0.073815 0.292252 -0.078829
v 0.063513 0.300236 -0.106650
v 0.062512 0.302748 -0.117055
v 0.057087 0.315431 -0.119315
v 0.056949 0.314111 -0.130311
v 0.057282 0.296260 -0.129527
v 0.063996 0.304121 -0.086529
v 0.059826 0.313089 -0.065767
v 0.060703 0.308897 -0.061065
v 0.064093 0.301649 -0.059968
v 0.055978 0.317771 -0.056618
v 0.069878 0.289142 -0.061243
v 0.077546 0.267413 -0.064731
v 0.076308 0.271790 -0.061954
v 0.079912 0.249597 -0.061771
v 0.079330 0.232627 -0.059889
v 0.054174 0.312051 -0.104051
v 0.071012 0.060710 -0.032802
v 0.049793 0.140640 -0.036707
v 0.050783 0.134126 -0.034150
v 0.073844 0.122201 -0.039683
v 0.054284 0.118886 -0.029696
v 0.069768 0.111908 -0.033465
v 0.050639 0.159950 -0.041794
v 0.063937 0.094870 -0.028637
v 0.075089 0.079969 -0.028832
v 0.069975 0.151400 -0.050873
v 0.061999 0.165407 -0.049168
v 0.049094 0.175182 -0.045337
v 0.070385 0.174473 -0.058370
v 0.065073 0.088449 -0.025907
v 0.071582 0.073234 -0.025299
v 0.052433 0.178513 -0.044364
v 0.060677 0.190889 -0.048955
v 0.071684 0.194048 -0.056118
v 0.075806 0.137347 -0.051094
v 0.085539 0.117174 -0.054316
v 0.085771 0.108085 -0.050777
v 0.060717 0.102233 -0.027231
v 0.050301 0.166872 -0.041142
v 0.408122 0.240631 0.038822
v 0.416189 0.242639 0.038473
v 0.407802 0.234386 0.042275
v 0.413293 0.252772 0.035159
v 0.412578 0.230989 0.039702
v 0.420234 0.240026 0.042054
v 0.412015 0.224961 0.040787
v 0.419910 0.260622 0.043414
v 0.406878 0.263309 0.033650
v 0.413399 0.267203 0.044747
v -0.064757 -0.019719 0.082000
v -0.051496 -0.023550 0.085196
v -0.059939 -0.021173 0.089746
v -0.050190 -0.021576 0.089092
v -0.041397 -0.020094 0.088539
v -0.017140 0.380513 0.006587
v -0.027878 0.376606 0.010765
v -0.021383 0.377579 0.016226
v -0.029243 0.375346 0.020110
v -0.010256 0.383854 0.008980
v -0.026253 0.365249 0.030697
v -0.031394 0.371047 0.027731
v -0.038299 0.365882 0.037980
v 0.395858 0.238786 0.038317
v 0.403174 0.229117 0.043427
v 0.407802 0.234386 0.042275
v 0.408122 0.240631 0.038822
v 0.393002 0.232928 0.036226
v 0.111411 0.187880 0.040267
v 0.111722 0.195189 0.048142
v 0.113142 0.179826 0.034555
v 0.104215 0.182164 0.033263
v 0.104160 0.190103 0.040257
v 0.101706 0.197474 0.045253
v 0.112786 0.204246 0.056447
v 0.101801 0.203819 0.048699
v 0.100640 0.209290 0.053617
v 0.114729 0.172866 0.025405
v 0.104323 0.174290 0.021284
v 0.116051 0.164985 0.021626
v 0.105230 0.164349 0.015797
v 0.101429 0.218830 0.056276
v 0.109405 0.225064 0.063060
v 0.102497 0.232650 0.058430
v 0.106421 0.235020 0.068371
v 0.114574 0.149447 0.019915
v 0.004578 0.006448 0.116467
v 0.000599 0.004801 0.119528
v 0.002909 -0.012526 0.123387
v 0.007811 0.010953 0.111797
v 0.001209 0.018025 0.120454
v -0.003058 0.015043 0.121298
v -0.003122 0.029743 0.127541
v -0.001660 -0.037061 0.130343
v 0.002623 -0.039923 0.124269
v 0.004707 0.002997 0.111881
v 0.001849 -0.001275 0.101220
v -0.000208 -0.004376 0.104637
v -0.004888 -0.034290 0.110547
v -0.007381 -0.009365 0.100200
v 0.055399 -0.018764 0.102714
v 0.074995 -0.010341 0.112565
v 0.051949 -0.016302 0.102760
v -0.078470 0.187910 -0.048797
v -0.069336 0.188037 -0.054173
v -0.082700 0.185683 -0.037323
v -0.069684 0.191789 -0.058744
v -0.067376 0.182304 -0.056934
v 0.416552 0.244929 0.079244
v 0.415774 0.253432 0.083364
v 0.409686 0.245227 0.085434
v 0.417333 0.252174 0.076838
v -0.025317 0.294338 0.084456
v -0.026119 0.289680 0.086847
v -0.025656 0.282848 0.084196
v -0.025487 0.295405 0.077456
v -0.058532 -0.013538 0.092913
v -0.059939 -0.021173 0.089746
v -0.054053 -0.025866 0.095658
v -0.065300 -0.013485 0.088327
v -0.064757 -0.019719 0.082000
v -0.072994 -0.010452 0.080140
v -0.063105 -0.010170 0.095641
v -0.083324 0.002286 0.096282
v -0.072265 -0.003907 0.105800
v -0.083749 0.001648 0.105925
v -0.078964 0.000689 0.089203
v -0.087349 0.007836 0.100294
v -0.074884 0.001111 0.112708
v -0.084309 0.006971 0.091693
v -0.072766 -0.010317 0.093056
v -0.079414 -0.009675 0.085971
v -0.077910 -0.007165 0.075624
v -0.085010 -0.006938 0.086391
v -0.085652 0.046536 0.105508
v -0.087306 0.035615 0.102343
v -0.076296 0.027646 0.114363
v -0.075798 0.045505 0.114323
v 0.005693 0.394357 0.106785
v 0.013480 0.393430 0.107856
v 0.012639 0.396915 0.116891
v 0.003689 0.402542 0.115556
v -0.000814 0.399612 0.100718
v 0.011258 0.421087 0.107156
v 0.013087 0.406044 0.117465
v 0.005578 0.419289 0.104144
v -0.000913 0.409279 0.099961
v -0.000816 0.417303 0.097005
v -0.013559 0.405586 0.098792
v -0.013866 0.415618 0.095679
v -0.005246 0.388112 0.099547
v 0.002000 0.387067 0.106387
v -0.003483 0.376367 0.097754
v -0.016504 0.386803 0.094771
v 0.009129 0.371446 0.104906
v 0.001870 0.359077 0.104892
v -0.030762 0.415986 0.069459
v -0.033880 0.402445 0.049373
v -0.027525 0.408541 0.079319
v -0.031225 0.383956 0.052172
v -0.025453 0.380812 0.073922
v -0.036255 0.426462 0.053967
v -0.037639 0.416287 0.044248
v -0.039773 0.416177 0.033726
v -0.039657 0.426431 0.035186
v -0.032904 0.388887 0.043584
v -0.022020 0.403963 0.091035
v -0.033965 0.441777 0.060065
v -0.036652 0.446912 0.043724
v -0.022822 0.428015 0.085922
v -0.034578 0.405695 0.031358
v -0.016280 0.366960 0.083623
v -0.018845 0.364226 0.069699
v -0.023456 0.367646 0.051682
v -0.020875 0.416323 0.089043
v -0.020686 0.451745 0.081340
v -0.038347 0.396805 0.027985
v -0.035201 0.389507 0.034590
v -0.039606 0.427041 0.026452
v -0.041839 0.405625 0.020920
v -0.030467 0.455039 0.057051
v -0.011058 0.371154 0.092986
v -0.005164 0.356327 0.097011
v -0.005799 0.353399 0.088694
v -0.046486 0.420648 0.025498
v -0.034357 0.453243 0.028734
v -0.009728 0.424461 0.102131
v -0.011272 0.453341 0.091182
v -0.028748 0.461934 0.048446
v -0.016476 0.358989 0.058065
v -0.021679 0.361908 0.042709
v -0.013514 0.342952 0.053822
v -0.005973 0.348157 0.066271
v -0.006444 0.332955 0.056768
v -0.041961 0.419182 0.037887
v -0.015420 0.466001 0.072084
v -0.043404 0.417907 0.019650
v -0.007771 0.465723 0.083257
v 0.407534 0.245406 0.049896
v 0.395882 0.242522 0.044337
v 0.408666 0.239736 0.049036
v -0.126352 0.007978 0.013554
v -0.125472 0.016590 0.007977
v -0.122394 0.008124 0.005850
v -0.126878 0.056028 0.012500
v -0.126337 0.055309 0.008975
v -0.121765 0.067934 0.007426
v -0.120990 0.067720 0.017118
v -0.123796 0.046295 0.016880
v -0.119134 0.006926 0.020947
v -0.116241 0.053722 0.022541
v -0.110702 0.064951 0.023635
v 0.395066 0.228588 0.056197
v 0.396974 0.235662 0.048382
v 0.398040 0.226087 0.049208
v 0.394731 0.235720 0.056594
v 0.403174 0.229117 0.043427
v 0.406443 0.224644 0.042735
v 0.071303 0.387527 -0.021767
v 0.078995 0.380416 -0.020138
v 0.074370 0.381390 -0.014243
v 0.080797 0.380592 -0.016768
v -0.410479 0.248469 0.051050
v -0.403706 0.245927 0.055412
v -0.408936 0.238774 0.054331
v 0.157697 0.486538 -0.028536
v 0.153229 0.492581 -0.035268
v 0.153772 0.487371 -0.040069
v 0.150625 0.491032 -0.040538
v -0.048002 -0.029836 0.096387
v -0.039256 -0.032739 0.100032
v -0.040764 -0.031176 0.103407
v -0.024712 -0.034015 0.110543
v -0.054053 -0.025866 0.095658
v 0.263191 0.293337 0.008284
v 0.262939 0.293146 0.016696
v 0.262375 0.286548 0.017313
v 0.263062 0.300208 -0.000773
v 0.259397 0.283537 0.025649
v 0.266853 0.294787 -0.004278
v 0.262921 0.300159 -0.017902
v 0.388746 0.237596 0.051870
v 0.394552 0.244134 0.059125
v 0.394731 0.235720 0.056594
v 0.398936 0.243998 0.063602
v 0.401457 0.237269 0.062504
v 0.395066 0.228588 0.056197
v 0.191713 0.317566 -0.039643
v 0.178764 0.320017 -0.039366
v 0.201682 0.316178 -0.034681
v 0.170982 0.325486 -0.030133
v 0.157978 0.323713 -0.040565
v 0.155887 0.330781 -0.021599
v 0.140022 0.327806 -0.039461
v 0.181046 0.324912 -0.017804
v 0.203982 0.318969 -0.018234
v 0.215874 0.313803 -0.030282
v 0.219827 0.315030 -0.021506
v 0.135904 0.333327 -0.032180
v 0.142492 0.334581 -0.018062
v 0.127670 0.331755 -0.037042
v 0.224471 0.308756 -0.025145
v 0.129260 0.343581 -0.030797
v 0.212101 0.316539 -0.009017
v 0.202002 0.318052 -0.003666
v 0.178726 0.324059 -0.005773
v 0.160890 0.329038 -0.004747
v 0.140013 0.333422 -0.001373
v 0.150893 0.328885 0.004389
v 0.175787 0.321152 0.004295
v 0.127585 0.333491 0.006249
v 0.194809 0.317628 0.000029
v 0.133193 0.342371 -0.006788
v 0.124665 0.352188 -0.017967
v 0.118990 0.353887 -0.026958
v 0.118100 0.355069 -0.021432
v 0.128087 0.461718 -0.032474
v 0.127636 0.462681 -0.023682
v 0.125542 0.458936 -0.028020
v 0.128126 0.470270 -0.024976
v 0.138293 0.481167 -0.040747
v 0.141189 0.485621 -0.027810
v 0.133075 0.472716 -0.026808
v 0.131089 0.472411 -0.042295
v 0.153229 0.492581 -0.035268
v 0.150625 0.491032 -0.040538
v 0.154687 0.497887 -0.032960
v 0.008657 0.459273 -0.020274
v 0.011265 0.458547 -0.016157
v -0.002580 0.453374 -0.014909
v -0.010478 0.454373 -0.016435
v -0.012034 0.451998 -0.011494
v 0.011897 0.461799 -0.017926
v 0.019180 0.460934 -0.018673
v 0.019854 0.453775 -0.015316
v -0.014825 0.427433 -0.013089
v -0.006251 0.422715 -0.016833
v 0.004688 0.431672 -0.019615
v 0.005345 0.405248 -0.016147
v 0.029643 0.433485 -0.016390
v 0.020018 0.406267 -0.012452
v 0.035433 0.421242 -0.012441
v 0.036401 0.431138 -0.014498
v 0.029541 0.453825 -0.011749
v 0.016543 0.467581 -0.015260
v 0.023444 0.459857 -0.011404
v 0.006966 0.397294 -0.010884
v 0.029899 0.395954 -0.001391
v 0.047766 0.449514 -0.000557
v 0.040115 0.457762 -0.003375
v 0.051420 0.459567 -0.001459
v 0.040426 0.460487 -0.004540
v 0.028203 0.465697 -0.012787
v 0.040173 0.408758 -0.001916
v 0.044497 0.426276 -0.005027
v 0.015707 0.383480 0.004325
v 0.043373 0.465274 -0.008134
v 0.036775 0.469500 -0.010470
v 0.028226 0.384622 0.009910
v 0.030998 0.377696 0.007133
v 0.002192 0.383740 0.002932
v -0.008874 0.403751 -0.009709
v 0.039419 0.395716 0.010454
v 0.032311 0.472892 -0.007478
v 0.094647 0.499563 -0.024066
v 0.090986 0.498789 -0.012090
v 0.098413 0.499875 -0.020579
v 0.095868 0.498505 -0.008731
v 0.086938 0.490387 -0.007026
v 0.092881 0.488946 -0.004628
v 0.088210 0.479671 -0.001445
v 0.086221 0.491835 -0.021972
v 0.084882 0.476776 -0.028020
v 0.082878 0.482189 -0.020189
v 0.079817 0.456465 -0.029940
v 0.078072 0.455677 -0.022247
v 0.082205 0.473493 -0.005235
v 0.081722 0.462615 -0.012577
v 0.080185 0.449681 -0.006699
v 0.081879 0.443575 0.000452
v 0.090330 0.484949 -0.027787
v 0.095913 0.489542 -0.031489
v 0.086003 0.457923 -0.035049
v 0.096805 0.476071 -0.034449
v -0.024021 0.198398 -0.111384
v -0.024254 0.204076 -0.114365
v -0.025916 0.178234 -0.111612
v 0.408666 0.239736 0.049036
v 0.408122 0.240631 0.038822
v 0.407802 0.234386 0.042275
v 0.409060 0.236858 0.062109
v 0.408232 0.236141 0.059183
v 0.403022 0.228424 0.061373
v 0.405186 0.236840 0.047695
v 0.403174 0.229117 0.043427
v 0.407534 0.245406 0.049896
v 0.404406 0.243377 0.065517
v -0.228922 0.254592 0.024747
v -0.235705 0.269150 0.025568
v -0.232527 0.259271 0.021599
v -0.228817 0.253770 0.014198
v -0.226027 0.244632 0.013308
v -0.226463 0.249794 -0.001996
v -0.224110 0.240956 0.000507
v -0.225486 0.240684 -0.008612
v -0.229590 0.251804 -0.013394
v -0.229784 0.247521 -0.024643
v -0.231533 0.255972 -0.024507
v -0.234380 0.256388 -0.034898
v -0.233143 0.260752 -0.029134
v -0.238066 0.269527 -0.034913
v -0.231492 0.272648 0.029022
v -0.239807 0.283549 0.021974
v -0.080625 0.060704 -0.031176
v -0.073556 0.064372 -0.033659
v -0.075797 0.055648 -0.030001
v -0.068722 0.064157 -0.036144
v -0.074865 0.069100 -0.032513
v -0.041353 0.331653 0.054344
v -0.039449 0.335199 0.061539
v -0.033008 0.333339 0.059558
v 0.413307 0.239308 0.069184
v 0.409060 0.236858 0.062109
v 0.419334 0.240797 0.066716
v 0.403022 0.228424 0.061373
v 0.413935 0.225867 0.058606
v 0.396725 0.226930 0.061827
v 0.409000 0.220361 0.051609
v 0.401031 0.229816 0.066345
v 0.391831 0.234306 0.070630
v 0.396830 0.241497 0.072838
v 0.388653 0.246391 0.079009
v 0.397354 0.244715 0.079577
v 0.409383 0.241770 0.079353
v 0.409686 0.245227 0.085434
v 0.416552 0.244929 0.079244
v 0.371228 0.252599 0.063954
v 0.355336 0.255453 0.048850
v 0.366070 0.244428 0.054628
v 0.355582 0.249749 0.046662
v 0.379091 0.241065 0.068037
v 0.380612 0.235578 0.061176
v 0.335449 0.252937 0.041155
v 0.339048 0.244577 0.035448
v 0.306461 0.244721 0.028825
v 0.301901 0.250217 0.030868
v 0.307400 0.256840 0.033941
v 0.284275 0.242518 0.020757
v 0.274606 0.257121 0.025245
v 0.271500 0.246294 0.018806
v 0.329658 0.265309 0.039026
v 0.286227 0.270433 0.026327
v 0.312590 0.270136 0.032525
v 0.354283 0.263756 0.046699
v 0.261048 0.267040 0.023426
v 0.261468 0.276774 0.023377
v 0.258549 0.254524 0.020072
v 0.375045 0.262636 0.060386
v 0.397751 0.255534 0.078983
v 0.408511 0.251899 0.084566
v 0.415774 0.253432 0.083364
v 0.288956 0.279025 0.020870
v 0.096172 0.396254 -0.073104
v 0.092617 0.399804 -0.064813
v 0.098378 0.400404 -0.064339
v 0.086356 0.387482 -0.073184
v 0.092792 0.386828 -0.080910
v 0.087194 0.378173 -0.077387
v 0.087660 0.365138 -0.080674
v 0.098429 0.371922 -0.085021
v 0.088364 0.375894 -0.062764
v 0.087203 0.389024 -0.065116
v 0.085984 0.388709 -0.057083
v 0.085220 0.361804 -0.070885
v 0.086177 0.371538 -0.062309
v 0.087039 0.354923 -0.068035
v 0.078898 0.383842 -0.050320
v 0.080527 0.361751 -0.059692
v 0.071380 0.363903 -0.054190
v 0.066107 0.374237 -0.043302
v 0.068226 0.351526 -0.041962
v 0.071118 0.387031 -0.042785
v 0.073433 0.356072 -0.051942
v 0.064422 0.396974 -0.049002
v 0.076832 0.402471 -0.063558
v 0.091409 0.408874 -0.069577
v 0.075114 0.413029 -0.068380
v 0.087153 0.421696 -0.073466
v 0.054786 0.407901 -0.038188
v 0.058034 0.400312 -0.034704
v 0.051604 0.419450 -0.038044
v 0.055794 0.412420 -0.021182
v 0.060055 0.400254 -0.025199
v 0.053778 0.426229 -0.022940
v 0.057193 0.405925 -0.047966
v 0.060058 0.423199 -0.010946
v 0.064214 0.392089 -0.037616
v 0.071303 0.387527 -0.021767
v 0.070653 0.381251 -0.024070
v 0.064834 0.408360 -0.060615
v 0.056355 0.419418 -0.054390
v 0.059490 0.425061 -0.060397
v 0.053016 0.425211 -0.047423
v 0.055738 0.438349 -0.036752
v 0.057205 0.435860 -0.051194
v 0.059289 0.440898 -0.022119
v 0.064456 0.375397 -0.032416
v 0.069992 0.425370 -0.068247
v 0.067182 0.437788 -0.062111
v 0.047229 0.408905 -0.044231
v 0.045014 0.417967 -0.043955
v 0.046927 0.416794 -0.051498
v 0.051717 0.409003 -0.050209
v -0.419568 0.248847 0.079386
v -0.413416 0.245629 0.085699
v -0.415370 0.251539 0.086602
v -0.409414 0.269264 0.062239
v -0.415068 0.263474 0.057331
v -0.415344 0.262172 0.069444
v -0.408315 0.268796 0.053130
v -0.418841 0.263258 0.044109
v -0.412106 0.268010 0.044326
v -0.419362 0.256618 0.052488
v -0.418221 0.253989 0.075722
v -0.412720 0.256522 0.082525
v -0.414829 0.254333 0.063739
v -0.420613 0.244037 0.060154
v -0.416047 0.239984 0.068166
v -0.419193 0.253493 0.042644
v -0.415942 0.232565 0.065435
v -0.416123 0.250230 0.072023
v -0.416367 0.241042 0.052672
v -0.416087 0.229414 0.055950
v -0.409991 0.225371 0.060644
v -0.409025 0.220473 0.055521
v -0.412888 0.222760 0.044724
v -0.419756 0.235363 0.048009
v -0.410204 0.224621 0.037727
v -0.420133 0.239088 0.042737
v -0.417097 0.251955 0.048413
v -0.410479 0.248469 0.051050
v -0.019364 0.291337 0.088979
v -0.025656 0.282848 0.084196
v -0.026119 0.289680 0.086847
v -0.041839 0.405625 0.020920
v -0.035413 0.395372 0.025251
v -0.038347 0.396805 0.027985
v -0.035201 0.389507 0.034590
v -0.029203 0.389786 0.032324
v -0.032904 0.388887 0.043584
v -0.029831 0.397074 0.022197
v -0.031573 0.405269 0.015620
v 0.017323 0.010151 0.111876
v 0.019888 0.009048 0.104719
v 0.026863 0.008727 0.104493
v 0.010321 0.012622 0.113982
v 0.007811 0.010953 0.111797
v 0.001209 0.018025 0.120454
v 0.001849 -0.001275 0.101220
v -0.018908 -0.036955 0.116701
v -0.035644 -0.025191 0.103800
v -0.024712 -0.034015 0.110543
v -0.394535 0.240032 0.060884
v -0.403842 0.240441 0.062376
v -0.404803 0.238574 0.067338
v -0.041888 0.336965 0.057414
v -0.040286 0.328570 0.059136
v -0.045075 0.328810 0.061531
v 0.087629 0.115663 -0.058777
v 0.085539 0.117174 -0.054316
v 0.095460 0.116785 -0.055388
v 0.128087 0.461718 -0.032474
v 0.125542 0.458936 -0.028020
v 0.130866 0.455358 -0.025132
v 0.120108 0.444767 -0.023697
v 0.119844 0.460115 -0.027733
v 0.114073 0.456458 -0.034665
v 0.107151 0.455561 -0.033235
v 0.109977 0.455436 -0.028132
v -0.041888 0.336965 0.057414
v -0.041681 0.337834 0.069384
v -0.039449 0.335199 0.061539
v -0.032370 0.329274 0.067644
v -0.033008 0.333339 0.059558
v -0.031370 0.325671 0.064916
v -0.040286 0.328570 0.059136
v -0.102539 -0.451172 -0.028320
v -0.102539 -0.451172 -0.028687
v -0.096211 -0.450479 -0.021581
v -0.101729 -0.452486 -0.033071
v -0.125274 -0.443852 -0.056520
v -0.137883 -0.442160 -0.056293
v -0.146796 -0.441785 -0.065199
v -0.117835 -0.445002 -0.065009
v -0.114163 -0.445316 -0.052729
v -0.105204 -0.446734 -0.056107
v -0.143913 -0.439682 -0.051647
v -0.153379 -0.438737 -0.055757
v -0.150058 -0.437976 -0.038715
v -0.161501 -0.438200 -0.043508
v -0.155968 -0.437902 -0.017887
v -0.166765 -0.438152 -0.007690
v -0.166536 -0.437226 -0.038376
v -0.161084 -0.438848 -0.001947
v -0.108001 -0.448406 -0.044405
v -0.103816 -0.450508 -0.037929
v -0.095023 -0.450470 -0.037595
v -0.108725 -0.444997 -0.064178
v -0.161432 -0.434150 -0.051073
v -0.112135 -0.447255 -0.048264
v -0.121823 -0.442612 -0.068707
v -0.139494 -0.440820 -0.069035
v -0.100648 -0.446143 -0.053858
v -0.160058 -0.433856 0.008264
v -0.169378 -0.434323 -0.019296
v 0.395858 0.238786 0.038317
v 0.395882 0.242522 0.044337
v 0.393002 0.232928 0.036226
v 0.386225 0.232939 0.041823
v 0.387243 0.237866 0.046159
v 0.401716 0.260926 0.067216
v 0.401449 0.259856 0.070367
v 0.404362 0.252747 0.067186
v 0.417333 0.252174 0.076838
v 0.408118 0.244728 0.072549
v 0.416552 0.244929 0.079244
v 0.396830 0.241497 0.072838
v 0.409383 0.241770 0.079353
v -0.100695 -0.103006 0.054436
v -0.095303 -0.105884 0.059932
v -0.090674 -0.107422 0.060249
v -0.080328 0.071473 0.074331
v -0.089541 0.071521 0.058213
v -0.096260 0.071084 0.043899
v 0.044464 0.347900 0.043365
v 0.043701 0.349609 0.041504
v 0.042084 0.347412 0.043854
v 0.045646 0.352967 0.038011
v 0.046694 0.343639 0.050375
v 0.040851 0.343044 0.044557
v 0.038210 0.332759 0.043470
v 0.044578 0.336288 0.059093
v 0.039811 0.321343 0.060062
v 0.044457 0.325682 0.066594
v 0.047198 0.318055 0.063852
v 0.050952 0.312099 0.063864
v -0.067304 -0.000367 0.106141
v -0.057986 0.026728 0.097719
v -0.065455 0.045120 0.109386
v -0.058034 0.001584 0.096100
v -0.074884 0.001111 0.112708
v -0.057564 0.040848 0.101071
v -0.063105 -0.010170 0.095641
v -0.076296 0.027646 0.114363
v -0.075798 0.045505 0.114323
v -0.072265 -0.003907 0.105800
v -0.092933 0.029046 0.060582
v -0.091180 0.002813 0.061286
v -0.103530 0.003205 0.067088
v 0.105294 0.415927 -0.068396
v 0.109742 0.396470 -0.056462
v 0.098378 0.400404 -0.064339
v 0.091409 0.408874 -0.069577
v 0.087153 0.421696 -0.073466
v 0.101532 0.385426 -0.061021
v 0.117789 0.380833 -0.065766
v 0.108750 0.370081 -0.068037
v 0.101281 0.379910 -0.065918
v 0.133415 -0.399360 0.019789
v 0.124059 -0.416707 0.025862
v 0.137778 -0.413290 0.021275
v 0.124963 -0.430349 0.027682
v 0.128469 -0.396715 0.021512
v 0.137945 -0.427916 0.022174
v 0.049550 0.351731 -0.034376
v 0.053000 0.373896 -0.042213
v 0.052910 0.357194 -0.043730
v 0.049593 0.344856 -0.039644
v 0.057475 0.119168 -0.094676
v 0.063872 0.136718 -0.094986
v 0.068906 0.131073 -0.088852
v -0.080591 0.086923 -0.010962
v -0.090953 0.092862 -0.012821
v -0.082704 0.077811 -0.020774
v -0.076910 0.075802 -0.017435
v -0.079099 0.073521 -0.024048
v 0.089549 0.040700 0.093901
v 0.076373 0.040080 0.093216
v 0.085851 0.039676 0.104833
v 0.095747 0.041569 0.088626
v 0.220068 0.266606 0.023529
v 0.216504 0.249504 0.015895
v 0.222549 0.259572 0.027457
v -0.189724 0.273134 0.028213
v -0.193812 0.268012 0.032044
v -0.185705 0.259978 0.021047
v 0.053016 0.425211 -0.047423
v 0.045014 0.417967 -0.043955
v 0.051604 0.419450 -0.038044
v 0.062781 -0.007874 0.089439
v 0.070748 -0.007508 0.091865
v 0.060771 -0.007114 0.095198
v 0.054450 -0.007389 0.093110
v 0.072957 -0.008471 0.085474
v 0.085191 -0.009000 0.079163
v 0.053547 -0.005803 0.099294
v 0.053000 0.373896 -0.042213
v 0.051943 0.374467 -0.036763
v 0.060846 0.386271 -0.038519
v 0.056355 0.419418 -0.054390
v 0.057193 0.405925 -0.047966
v 0.051717 0.409003 -0.050209
v -0.050044 0.198186 -0.050807
v -0.047039 0.197605 -0.048578
v -0.056422 0.198472 -0.045635
v -0.104395 -0.009879 0.013575
v -0.107647 -0.044150 -0.004017
v -0.109127 -0.035718 0.014869
v -0.101186 -0.010547 -0.005237
v -0.103745 -0.008463 0.027079
v -0.108312 -0.036465 0.028067
v -0.101783 0.011673 0.013427
v -0.102328 0.008514 0.030373
v -0.103198 0.016564 0.016535
v -0.113298 -0.056119 0.015176
v -0.097795 -0.003190 -0.014506
v -0.103524 0.038064 0.016022
v -0.101303 -0.033127 -0.018102
v -0.105645 -0.058829 -0.015702
v -0.095746 -0.046427 -0.031038
v -0.097058 -0.063456 -0.027264
v -0.114298 -0.072457 -0.000753
v -0.090222 -0.028036 -0.035606
v -0.080337 -0.040493 -0.044268
v -0.081681 -0.030849 -0.045742
v -0.082474 -0.010444 -0.043017
v -0.083902 -0.047592 -0.042092
v -0.072218 -0.030767 -0.051180
v -0.109724 -0.083934 -0.016463
v -0.096648 0.051346 0.015165
v -0.113858 -0.060044 0.007881
v -0.094070 0.051636 0.010848
v -0.090767 -0.012623 -0.032440
v -0.098119 -0.088115 -0.029326
v -0.111885 -0.098028 -0.019006
v -0.109064 -0.114613 -0.031768
v -0.113822 -0.112800 -0.025720
v -0.097488 -0.116250 -0.037789
v -0.123343 -0.109580 -0.002357
v -0.086414 -0.088835 -0.036311
v -0.081673 -0.121452 -0.042306
v -0.070330 -0.096946 -0.041280
v -0.094632 -0.124765 -0.037211
v -0.080295 -0.131575 -0.041244
v -0.091755 -0.161095 -0.038635
v -0.103562 -0.159138 -0.034124
v -0.093186 -0.172682 -0.037602
v -0.109309 -0.174912 -0.035097
v -0.114183 -0.149461 -0.024450
v -0.119593 -0.157416 -0.021311
v -0.122489 -0.168344 -0.016112
v -0.114076 -0.180217 -0.030543
v -0.121151 -0.183339 -0.025436
v -0.113370 -0.200851 -0.034115
v -0.121663 -0.201932 -0.019930
v -0.129635 -0.190979 -0.001248
v -0.128783 -0.201172 -0.002770
v -0.128863 -0.211714 -0.019887
v -0.098659 -0.193654 -0.036432
v -0.127730 -0.179223 -0.016464
v -0.128990 -0.163635 0.004780
v -0.127894 -0.157247 0.002588
v -0.132580 -0.181024 -0.001382
v -0.126827 -0.144102 0.001171
v -0.114362 -0.120800 -0.021272
v -0.122876 -0.117151 -0.001673
v -0.098721 -0.179102 -0.039005
v -0.105298 -0.124977 -0.030840
v -0.080170 -0.065690 -0.038284
v -0.089346 -0.003393 -0.041524
v -0.117802 -0.058515 0.016147
v -0.116177 -0.086308 -0.002455
v -0.076718 -0.010290 -0.048250
v -0.061212 -0.010815 -0.056688
v -0.121594 -0.220835 -0.033386
v -0.130987 -0.225789 -0.020414
v -0.133690 -0.243802 -0.029849
v -0.140560 -0.244850 -0.009087
v -0.134923 -0.228446 -0.004524
v -0.141032 -0.258812 -0.019406
v -0.136558 -0.262212 -0.032549
v -0.144982 -0.271334 -0.017254
v -0.144925 -0.294107 -0.034001
v -0.149795 -0.301640 -0.019611
v -0.149292 -0.321578 -0.034865
v -0.143131 -0.315693 -0.046319
v -0.153879 -0.347806 -0.034875
v -0.145939 -0.341011 -0.049647
v -0.132899 -0.312403 -0.054537
v -0.136826 -0.340388 -0.057689
v -0.141881 -0.359152 -0.059645
v -0.122323 -0.336758 -0.062669
v -0.153612 -0.360134 -0.047736
v -0.144485 -0.381442 -0.053375
v -0.153013 -0.385066 -0.042021
v -0.156829 -0.384781 -0.033355
v -0.161316 -0.391677 -0.031969
v -0.136348 -0.365134 -0.062819
v -0.133936 -0.383938 -0.061002
v -0.125981 -0.378029 -0.064784
v -0.146455 -0.389752 -0.053084
v -0.157597 -0.385172 -0.020309
v -0.169336 -0.395818 -0.021056
v -0.165934 -0.392446 -0.008065
v -0.161040 -0.405686 -0.010506
v -0.164780 -0.408705 -0.021657
v -0.165825 -0.424968 -0.004792
v -0.169378 -0.434323 -0.019296
v -0.168198 -0.431944 -0.033789
v -0.164417 -0.413540 -0.034053
v -0.159398 -0.413574 -0.048014
v -0.161432 -0.434150 -0.051073
v -0.145614 -0.416659 -0.063552
v -0.146796 -0.441785 -0.065199
v -0.139494 -0.440820 -0.069035
v -0.166536 -0.437226 -0.038376
v -0.137191 -0.429073 -0.067674
v -0.166765 -0.438152 -0.007690
v -0.150273 -0.410225 -0.058954
v -0.157593 -0.401716 -0.054748
v -0.154374 -0.400462 -0.057210
v -0.169059 -0.400007 -0.033943
v -0.160160 -0.388483 0.000055
v -0.123553 -0.302314 -0.057184
v -0.111515 -0.220686 -0.039740
v -0.120175 -0.236758 -0.039568
v -0.159885 -0.360958 -0.035220
v -0.110364 -0.210340 -0.037583
v -0.093456 -0.221048 -0.042141
v -0.100292 -0.207192 -0.042816
v -0.058269 -0.031744 -0.055157
v -0.110574 -0.323981 -0.063527
v -0.108106 -0.282149 -0.057171
v -0.120337 -0.265998 -0.049237
v -0.111645 -0.247474 -0.048552
v -0.096562 -0.253707 -0.052171
v -0.109489 -0.234986 -0.044404
v -0.133052 -0.214323 -0.001144
v -0.125379 -0.250759 -0.041619
v -0.119450 -0.134647 -0.013963
v -0.092273 0.041631 -0.000784
v -0.085199 0.056394 -0.010388
v -0.088242 0.057521 0.000956
v -0.077573 0.066193 -0.019606
v -0.084267 0.071552 -0.005851
v -0.094709 0.075201 0.016423
v -0.096628 0.091349 0.016349
v -0.083884 0.091048 -0.006288
v -0.095182 0.061084 0.017095
v -0.076910 0.075802 -0.017435
v -0.098052 0.071577 0.031666
v -0.090921 0.104860 0.005126
v -0.089114 0.103014 0.001183
v -0.080591 0.086923 -0.010962
v -0.075797 0.055648 -0.030001
v -0.092267 0.119414 0.014859
v -0.099948 0.064307 0.031892
v -0.093624 0.126654 0.025187
v -0.103775 0.084070 0.038026
v -0.097445 0.113179 0.043295
v -0.093718 0.133227 0.048340
v -0.092327 0.145426 0.034291
v -0.088842 0.170269 0.054569
v -0.078498 0.059126 -0.023535
v -0.077282 0.067530 -0.028924
v -0.080625 0.060704 -0.031176
v -0.079099 0.073521 -0.024048
v -0.089575 0.027501 -0.017609
v -0.138566 -0.394658 -0.064523
v -0.062980 -0.065514 -0.042715
v -0.134471 -0.290212 -0.047003
v -0.082132 0.024879 -0.037742
v -0.069311 0.044004 -0.045114
v -0.071792 0.007665 -0.070903
v -0.068280 0.026889 -0.058969
v -0.067237 0.034905 -0.066241
v -0.059669 0.025314 -0.077849
v -0.062783 0.053251 -0.066028
v -0.049084 0.059820 -0.080132
v -0.052729 -0.000940 -0.090261
v -0.061455 -0.002988 -0.084436
v -0.063831 0.038917 -0.054942
v -0.061816 0.060623 -0.066760
v -0.068722 0.064157 -0.036144
v -0.063122 0.064787 -0.041733
v -0.068934 -0.052116 -0.047969
v -0.059805 0.052306 -0.050608
v -0.059793 0.061882 -0.048602
v -0.163589 -0.400026 -0.049377
v -0.080529 -0.000591 -0.062230
v -0.125258 -0.391756 -0.069078
v -0.085254 -0.005666 -0.053562
v -0.133945 -0.182799 0.014349
v -0.130942 -0.165456 0.018585
v -0.074865 0.069100 -0.032513
v -0.071540 0.072206 -0.030321
v -0.073185 0.071857 -0.024848
v -0.063118 0.082440 -0.029265
v -0.075586 -0.005626 -0.072636
v -0.095182 0.061084 0.017095
v -0.088242 0.057521 0.000956
v -0.096648 0.051346 0.015165
v -0.094070 0.051636 0.010848
v -0.122876 -0.117151 -0.001673
v -0.119450 -0.134647 -0.013963
v -0.126827 -0.144102 0.001171
v -0.114362 -0.120800 -0.021272
v -0.114183 -0.149461 -0.024450
v -0.119450 -0.134647 -0.013963
v -0.105298 -0.124977 -0.030840
v -0.059669 0.025314 -0.077849
v -0.075586 -0.005626 -0.072636
v -0.071792 0.007665 -0.070903
v -0.061455 -0.002988 -0.084436
v -0.120175 -0.236758 -0.039568
v -0.111645 -0.247474 -0.048552
v -0.125379 -0.250759 -0.041619
v -0.109489 -0.234986 -0.044404
v -0.138566 -0.394658 -0.064523
v -0.154374 -0.400462 -0.057210
v -0.146455 -0.389752 -0.053084
v -0.163589 -0.400026 -0.049377
v -0.111115 -0.198437 -0.036319
v -0.110364 -0.210340 -0.037583
v -0.113370 -0.200851 -0.034115
v -0.100292 -0.207192 -0.042816
v -0.024021 0.198398 -0.111384
v -0.025916 0.178234 -0.111612
v -0.051219 0.173673 -0.103900
v -0.050106 0.211855 -0.104479
v -0.054212 0.207179 -0.103119
v -0.048156 0.231308 -0.107513
v -0.068876 0.246477 -0.095980
v -0.030979 0.209799 -0.110928
v -0.039102 0.170583 -0.110012
v -0.067815 0.153174 -0.096288
v -0.023986 0.168767 -0.114287
v -0.023235 0.157801 -0.112213
v -0.020732 0.159872 -0.116204
v -0.067084 0.172610 -0.095250
v -0.053529 0.247370 -0.105065
v -0.067328 0.129596 -0.095005
v -0.075813 0.141455 -0.082436
v -0.080344 0.122944 -0.080814
v -0.063862 0.110590 -0.093248
v -0.064359 0.095842 -0.091840
v -0.082547 0.095986 -0.078787
v -0.079857 0.078076 -0.073057
v -0.068298 0.081822 -0.083766
v -0.064870 0.067961 -0.077190
v -0.075204 0.064872 -0.066085
v -0.043652 0.120087 -0.102132
v -0.051761 0.078023 -0.091038
v -0.024254 0.204076 -0.114365
v -0.020438 0.144252 -0.116167
v -0.021733 0.136930 -0.108780
v -0.033089 0.236544 -0.113579
v -0.062970 0.268570 -0.098882
v -0.015089 0.158111 -0.116862
v -0.037095 0.261652 -0.111713
v -0.011700 0.185545 -0.119873
v 0.000734 0.153155 -0.128903
v -0.008159 0.193209 -0.125720
v -0.012861 0.216279 -0.117385
v 0.003037 0.181417 -0.130447
v 0.013890 0.170437 -0.125297
v 0.012477 0.147538 -0.119672
v 0.003669 0.133442 -0.118491
v 0.015646 0.134405 -0.108544
v 0.016243 0.149584 -0.112007
v 0.007693 0.123895 -0.106927
v -0.008561 0.126382 -0.107144
v 0.001887 0.110846 -0.104013
v -0.022164 0.110140 -0.103356
v 0.035569 0.166422 -0.110120
v 0.019661 0.119306 -0.104714
v -0.004397 0.078717 -0.101949
v 0.047977 0.150986 -0.104055
v 0.058923 0.168482 -0.101199
v 0.057959 0.192434 -0.111450
v 0.039319 0.191523 -0.117127
v 0.066638 0.171446 -0.096649
v 0.067353 0.151269 -0.094055
v 0.071088 0.157465 -0.086613
v 0.075150 0.138491 -0.079330
v 0.061617 0.219296 -0.118037
v 0.034570 0.213290 -0.124660
v 0.059004 0.244890 -0.123644
v 0.037558 0.248121 -0.126215
v 0.023313 0.215867 -0.120994
v 0.024320 0.245413 -0.120641
v 0.002409 0.216143 -0.118762
v 0.016570 0.205966 -0.131111
v -0.000563 0.231350 -0.118319
v -0.000065 0.263187 -0.120857
v 0.005129 0.275600 -0.123703
v -0.006164 0.290659 -0.124336
v 0.021674 0.280528 -0.127230
v -0.017506 0.288901 -0.121076
v -0.009620 0.309095 -0.125381
v -0.004212 0.307846 -0.133005
v -0.019768 0.311640 -0.121260
v -0.031713 0.296516 -0.119669
v -0.033380 0.313811 -0.119254
v -0.035210 0.314714 -0.111781
v 0.014090 0.307648 -0.136102
v 0.025013 0.208386 -0.122945
v -0.019204 0.266225 -0.118063
v 0.071170 0.195684 -0.103307
v 0.068906 0.131073 -0.088852
v 0.081027 0.107570 -0.077438
v 0.089508 0.108400 -0.059820
v 0.079187 0.087165 -0.067941
v 0.074502 0.094473 -0.080948
v 0.067172 0.075895 -0.079854
v 0.049484 0.079791 -0.095654
v 0.043529 0.060202 -0.086226
v 0.022547 0.072987 -0.098156
v 0.023488 0.061489 -0.092350
v 0.032695 0.040322 -0.093874
v 0.025659 0.022716 -0.098620
v 0.048235 -0.002436 -0.096117
v 0.047070 0.023931 -0.090145
v 0.064704 -0.003370 -0.083045
v 0.045985 -0.006175 -0.094095
v 0.060087 -0.006661 -0.083096
v 0.072766 -0.005223 -0.074930
v 0.029299 -0.001869 -0.100043
v 0.000849 0.036488 -0.098224
v 0.002982 0.062403 -0.094410
v -0.024431 0.062814 -0.092112
v -0.025944 0.030965 -0.097071
v -0.039027 0.060053 -0.086618
v -0.028737 0.070256 -0.095703
v -0.039444 0.025282 -0.092736
v -0.028765 -0.000629 -0.099200
v 0.037195 0.091386 -0.099686
v -0.052729 -0.000940 -0.090261
v -0.042576 -0.006025 -0.092922
v -0.061455 -0.002988 -0.084436
v -0.003776 -0.005897 -0.096531
v 0.050471 0.095218 -0.097352
v 0.002163 -0.002660 -0.100538
v 0.072728 0.054856 -0.047891
v 0.053632 0.059627 -0.078369
v 0.000936 0.069545 -0.097316
v 0.068648 0.108398 -0.089405
v 0.078610 0.246390 -0.115328
v 0.080440 0.237533 -0.112114
v 0.071951 0.271369 -0.117672
v 0.030298 0.266933 -0.124252
v 0.058386 0.262371 -0.123070
v 0.063872 0.136718 -0.094986
v -0.009087 0.132949 -0.114314
v 0.077384 0.209541 -0.099558
v 0.017311 0.173522 -0.117681
v 0.072862 0.212136 -0.109477
v 0.015144 0.189536 -0.128380
v -0.008483 0.142323 -0.117672
v -0.008026 0.208907 -0.126855
v -0.000996 0.094625 -0.102634
v 0.000265 0.092247 -0.105908
v -0.001855 0.077096 -0.105039
v -0.033805 0.296685 -0.114744
v -0.017761 0.246967 -0.117056
v -0.049084 0.059820 -0.080132
v -0.029191 0.081868 -0.100199
v 0.036393 0.266057 -0.135331
v 0.026865 0.281852 -0.139716
v 0.033654 0.275273 -0.137512
v 0.025275 0.294059 -0.142525
v 0.031224 0.309394 -0.140010
v 0.042899 0.303801 -0.131398
v 0.034536 0.315870 -0.134204
v 0.048404 0.286565 -0.130153
v 0.057282 0.296260 -0.129527
v 0.056949 0.314111 -0.130311
v 0.020156 0.308415 -0.139751
v -0.042860 0.144536 -0.106289
v -0.062616 0.164235 -0.098030
v 0.043263 0.264422 -0.127032
v 0.055376 0.029074 -0.081534
v -0.051032 0.294073 -0.103941
v -0.073607 0.164385 -0.095610
v 0.018791 0.297544 -0.135481
v 0.065539 0.059995 -0.065720
v -0.030174 0.280423 -0.115392
v 0.061077 0.123348 -0.092373
v 0.023788 0.096060 -0.101390
v 0.060946 0.111220 -0.092211
v 0.064166 0.117157 -0.089738
v 0.057475 0.119168 -0.094676
v -0.039532 0.229090 -0.110850
v -0.000390 0.009127 -0.101384
v 0.023501 0.195902 -0.121350
v 0.004994 0.202837 -0.132472
v 0.041959 0.120855 -0.101059
v 0.037660 0.258968 -0.129840
v -0.016562 0.139213 -0.113429
v 0.058243 0.278210 -0.123694
v 0.064565 0.294803 -0.117672
v -0.033089 0.236544 -0.113579
v -0.024254 0.204076 -0.114365
v -0.039532 0.229090 -0.110850
v -0.017761 0.246967 -0.117056
v -0.020283 0.211109 -0.116446
v -0.000563 0.231350 -0.118319
v -0.012861 0.216279 -0.117385
v -0.011700 0.185545 -0.119873
v 0.002409 0.216143 -0.118762
v -0.008026 0.208907 -0.126855
v -0.023986 0.168767 -0.114287
v -0.033805 0.296685 -0.114744
v -0.031713 0.296516 -0.119669
v -0.030174 0.280423 -0.115392
v -0.008483 0.142323 -0.117672
v -0.009087 0.132949 -0.114314
v -0.016562 0.139213 -0.113429
v 0.020156 0.308415 -0.139751
v 0.018791 0.297544 -0.135481
v 0.014090 0.307648 -0.136102
v -0.004397 0.078717 -0.101949
v 0.000936 0.069545 -0.097316
v -0.028737 0.070256 -0.095703
v -0.029191 0.081868 -0.100199
v -0.051761 0.078023 -0.091038
v -0.049084 0.059820 -0.080132
v -0.001855 0.077096 -0.105039
v 0.004344 0.071682 -0.103274
v 0.020268 0.075912 -0.105853
v 0.022547 0.072987 -0.098156
v 0.021405 0.093698 -0.106691
v 0.023788 0.096060 -0.101390
v 0.000265 0.092247 -0.105908
v -0.000390 0.009127 -0.101384
v 0.029299 -0.001869 -0.100043
v 0.002163 -0.002660 -0.100538
v 0.057475 0.119168 -0.094676
v 0.061077 0.123348 -0.092373
v 0.064166 0.117157 -0.089738
v 0.063872 0.136718 -0.094986
v 0.057475 0.119168 -0.094676
v 0.041959 0.120855 -0.101059
v 0.080440 0.237533 -0.112114
v 0.077384 0.209541 -0.099558
v 0.072862 0.212136 -0.109477
v 0.041959 0.120855 -0.101059
v 0.050471 0.095218 -0.097352
v 0.023788 0.096060 -0.101390
v 0.016570 0.205966 -0.131111
v 0.023501 0.195902 -0.121350
v 0.015144 0.189536 -0.128380
v 0.004994 0.202837 -0.132472
v -0.042860 0.144536 -0.106289
v -0.021733 0.136930 -0.108780
v -0.043652 0.120087 -0.102132
v -0.022164 0.110140 -0.103356
v -0.029191 0.081868 -0.100199
v -0.008561 0.126382 -0.107144
v -0.016562 0.139213 -0.113429
v -0.324128 0.243789 0.014845
v -0.312447 0.245111 0.022343
v -0.343342 0.245692 0.027402
v -0.324336 0.249072 0.031421
v -0.359937 0.247571 0.039692
v -0.365525 0.245784 0.029214
v -0.373642 0.240335 0.041155
v -0.335940 0.255152 0.041103
v -0.368491 0.241259 0.053058
v -0.348078 0.247511 0.015777
v -0.375428 0.235345 0.055733
v -0.358954 0.250662 0.046193
v -0.384935 0.232700 0.057428
v -0.383930 0.239024 0.028976
v -0.308731 0.255192 0.034625
v -0.388458 0.230445 0.068001
v -0.282775 0.247669 0.022389
v -0.350196 0.258289 0.047156
v -0.382408 0.241110 0.043615
v -0.297046 0.242851 0.009360
v -0.309336 0.244735 0.001838
v -0.331494 0.250566 0.003820
v -0.311614 0.254491 -0.008421
v -0.283691 0.246683 -0.010678
v -0.284015 0.256096 -0.019707
v -0.265552 0.248990 -0.017438
v -0.257996 0.255179 -0.026047
v -0.247038 0.251546 -0.017884
v -0.233143 0.260752 -0.029134
v -0.231533 0.255972 -0.024507
v -0.229590 0.251804 -0.013394
v -0.252001 0.247880 0.007795
v -0.234740 0.251932 0.012025
v -0.226463 0.249794 -0.001996
v -0.264837 0.250771 0.021104
v -0.259515 0.256985 0.025853
v -0.232527 0.259271 0.021599
v -0.228817 0.253770 0.014198
v -0.341127 0.256234 0.004167
v -0.370354 0.254571 0.019154
v -0.273331 0.244179 0.006645
v -0.368499 0.248960 0.022834
v -0.267103 0.244416 -0.004905
v -0.399738 0.242248 0.037162
v -0.396619 0.246809 0.050718
v -0.404063 0.244172 0.046925
v -0.407159 0.238571 0.039216
v -0.395003 0.245370 0.060898
v -0.403706 0.245927 0.055412
v -0.396035 0.248868 0.066589
v -0.403932 0.246906 0.063426
v -0.398723 0.238090 0.028872
v -0.410479 0.248469 0.051050
v -0.395353 0.241916 0.024431
v -0.409165 0.229605 0.029911
v -0.404034 0.227160 0.034127
v -0.282775 0.247669 0.022389
v -0.273331 0.244179 0.006645
v -0.264837 0.250771 0.021104
v -0.259515 0.256985 0.025853
v -0.124040 -0.163684 0.044015
v -0.129744 -0.169877 0.029716
v -0.129403 -0.186010 0.034476
v -0.125894 -0.189175 0.040533
v -0.115725 -0.181112 0.053187
v -0.122113 -0.198613 0.048959
v -0.112472 -0.166437 0.055119
v -0.110911 -0.155326 0.050507
v -0.117492 -0.150744 0.042988
v -0.110584 -0.127919 0.045558
v -0.133945 -0.182799 0.014349
v -0.130942 -0.165456 0.018585
v -0.128170 -0.165668 0.039518
v -0.130315 -0.201420 0.024499
v -0.124961 -0.199703 0.044293
v -0.120040 -0.201374 0.063600
v -0.130811 -0.218975 0.046403
v -0.127472 -0.218406 0.065390
v -0.131601 -0.239526 0.065838
v -0.133303 -0.238308 0.044651
v -0.129487 -0.237167 0.035561
v -0.136789 -0.240600 0.053806
v -0.137202 -0.241805 0.039709
v -0.123888 -0.209815 0.065315
v -0.131394 -0.258224 0.065752
v -0.127060 -0.213539 0.040531
v -0.131151 -0.200942 0.015253
v -0.129635 -0.190979 -0.001248
v -0.128783 -0.201172 -0.002770
v -0.133052 -0.214323 -0.001144
v -0.137726 -0.254518 0.046936
v -0.135435 -0.258115 0.039847
v -0.133533 -0.271570 0.048827
v -0.133744 -0.229595 0.016528
v -0.131269 -0.252894 0.032523
v -0.136126 -0.243120 0.014120
v -0.139630 -0.255317 0.009258
v -0.143024 -0.260215 -0.003522
v -0.141518 -0.277626 0.011243
v -0.140560 -0.244850 -0.009087
v -0.141032 -0.258812 -0.019406
v -0.144982 -0.271334 -0.017254
v -0.147921 -0.289830 -0.002583
v -0.138937 -0.292715 0.016149
v -0.135418 -0.279997 0.023521
v -0.135694 -0.298876 0.030903
v -0.146651 -0.306938 0.009829
v -0.149795 -0.301640 -0.019611
v -0.146182 -0.326597 0.005977
v -0.136936 -0.319446 0.020327
v -0.136003 -0.340049 0.012038
v -0.147887 -0.342567 0.000163
v -0.114404 -0.335393 0.026531
v -0.126988 -0.298466 0.038686
v -0.119250 -0.288839 0.046471
v -0.124388 -0.350338 0.016971
v -0.121891 -0.315740 0.030807
v -0.126628 -0.281367 0.045442
v -0.112794 -0.347102 0.025264
v -0.133879 -0.368664 0.021843
v -0.142024 -0.366962 0.016996
v -0.146470 -0.369543 0.013716
v -0.153704 -0.351993 -0.007428
v -0.158316 -0.361160 -0.008753
v -0.156113 -0.350959 -0.020855
v -0.152967 -0.331417 -0.019486
v -0.153879 -0.347806 -0.034875
v -0.149292 -0.321578 -0.034865
v -0.161107 -0.360729 -0.021125
v -0.159885 -0.360958 -0.035220
v -0.156829 -0.384781 -0.033355
v -0.157597 -0.385172 -0.020309
v -0.155319 -0.373173 -0.011798
v -0.140899 -0.380189 0.010958
v -0.139254 -0.356362 0.008315
v -0.150522 -0.319440 -0.003816
v -0.146512 -0.377664 0.005498
v -0.128809 -0.268355 0.038313
v -0.130215 -0.277749 0.056940
v -0.121931 -0.288537 0.058682
v -0.134923 -0.228446 -0.004524
v -0.153485 -0.381682 -0.007581
v -0.160160 -0.388483 0.000055
v -0.131066 -0.264782 0.035058
v -0.146694 -0.382491 0.008784
v -0.129487 -0.237167 0.035561
v -0.133744 -0.229595 0.016528
v -0.136126 -0.243120 0.014120
v -0.140560 -0.244850 -0.009087
v -0.134923 -0.228446 -0.004524
v -0.150522 -0.319440 -0.003816
v -0.149795 -0.301640 -0.019611
v -0.152967 -0.331417 -0.019486
v -0.149292 -0.321578 -0.034865
v -0.147887 -0.342567 0.000163
v -0.150522 -0.319440 -0.003816
v -0.153704 -0.351993 -0.007428
v -0.139254 -0.356362 0.008315
v -0.133533 -0.271570 0.048827
v -0.128809 -0.268355 0.038313
v -0.126628 -0.281367 0.045442
v -0.121931 -0.288537 0.058682
f 1 2 1
f 3 4 4
f 4 1 4
f 1 4 1
f 5 6 5
f 7 8 8
f 8 5 8
f 5 8 5
f 626 598 599
f 9 10 11
f 599 712 626
f 5562 5559 5561
f 5562 5566 5559
f 5559 5560 5561
f 5564 5725 5562
f 5567 5561 5560
f 5725 5566 5562
f 12 13 12
f 14 12 12
f 5257 5258 5259
f 5722 5724 5723
f 5770 5771 5772
f 15 16 17
f 2216 2213 2244
f 3905 3916 3915
f 3916 3908 3915
f 3901 3904 3902
f 3913 3909 3910
f 3901 3909 3904
f 4706 4710 4708
f 4706 4708 4704
f 3915 3908 3914
f 3918 3911 3905
f 3905 3903 3916
f 3908 3907 3914
f 3903 3902 3908
f 3916 3903 3908
f 3908 3902 3907
f 3905 3911 3901
f 3905 3901 3903
f 3902 3906 3907
f 1626 1575 1580
f 3901 3902 3903
f 2098 2077 2096
f 3912 3910 3911
f 3902 3904 3906
f 2077 2084 2096
f 4080 4082 4088
f 3912 3913 3910
f 4774 4772 4771
f 1674 1677 1676
f 1676 1677 1683
f 1677 1674 1679
f 4211 4212 4205
f 4211 4205 4209
f 1683 1695 1676
f 4205 4207 4209
f 4205 4206 4207
f 4209 4207 4210
f 4711 4712 4710
f 3918 3917 3911
f 5044 5045 5046
f 4080 4083 4081
f 4081 4085 4082
f 4080 4081 4082
f 2100 2079 2080
f 5083 5082 5057
f 4207 4206 4208
f 2098 2097 2077
f 5010 5016 5014
f 5014 5015 5013
f 5045 5047 5048
f 4082 4085 4087
f 4083 4084 4081
f 1674 1672 1679
f 4726 4727 4728
f 4729 4726 4728
f 1576 1561 1578
f 4861 4862 4863
f 5012 5017 5016
f 4591 4592 4593
f 4593 4592 4594
f 4615 4609 4612
f 5048 5047 5049
f 4081 4086 4085
f 2079 2078 2080
f 2080 2078 2081
f 5081 5055 5057
f 5082 5081 5057
f 1672 1667 1679
f 2105 2106 2088
f 2105 2088 2097
f 4726 4730 4727
f 4592 4595 4594
f 2076 2079 2083
f 2077 2076 2083
f 4609 4611 4612
f 4609 4610 4611
f 5243 5244 5245
f 1674 1673 1672
f 2097 2088 2077
f 5052 5049 5051
f 2076 2078 2079
f 4613 4610 4609
f 5053 5052 5051
f 5238 5239 5240
f 2077 2088 2075
f 3879 3877 3880
f 1571 1568 1567
f 2077 2075 2076
f 4904 4905 4906
f 5081 5054 5055
f 2076 2070 2078
f 5081 5080 5054
f 2106 2095 2088
f 1567 1550 1558
f 5054 5063 5052
f 2095 2067 2088
f 2088 2067 2075
f 2075 2070 2076
f 5080 5059 5054
f 5054 5059 5063
f 2075 2067 2070
f 1667 1657 1682
f 5059 5060 5061
f 2095 2087 2067
f 5080 5076 5059
f 5059 5076 5060
f 2095 2107 2089
f 2095 2089 2087
f 2067 2066 2070
f 5060 5062 5061
f 1657 1660 1658
f 2087 2064 2067
f 2089 2064 2087
f 2107 2104 2089
f 2089 2071 2064
f 2064 2065 2066
f 2064 2066 2067
f 5076 5073 5060
f 5073 5065 5060
f 5060 5065 5062
f 2104 2090 2089
f 2071 2065 2064
f 1542 1541 1540
f 2065 2068 2066
f 1670 1656 1678
f 2089 2090 2071
f 5065 5067 5066
f 1656 1671 1678
f 2104 2099 2090
f 2082 2071 2090
f 5073 5069 5065
f 2103 2099 2104
f 2099 2082 2090
f 2071 2069 2065
f 2065 2069 2068
f 5073 5075 5069
f 5065 5068 5067
f 2082 2072 2071
f 2071 2072 2069
f 5065 5069 5068
f 1554 1545 1555
f 2072 2073 2069
f 2103 2091 2099
f 2091 2082 2099
f 5075 5074 5069
f 2091 2074 2082
f 2082 2074 2072
f 2074 2073 2072
f 1573 1544 1539
f 5074 5071 5069
f 5069 5071 5068
f 2103 2101 2091
f 1664 1688 1691
f 2074 2085 2073
f 1663 1668 1669
f 1668 1680 1669
f 2092 2085 2091
f 2091 2085 2074
f 5071 5072 5068
f 5068 5072 5070
f 2101 2092 2091
f 2085 2086 2073
f 5084 5078 5074
f 1681 1680 1668
f 1681 1685 1680
f 2101 2102 2092
f 2092 2093 2085
f 2085 2094 2086
f 5078 5077 5074
f 5074 5077 5071
f 2085 2093 2094
f 5071 5079 5072
f 4564 4560 4569
f 4569 4560 4563
f 4560 4562 4563
f 4566 4572 4570
f 4903 4900 4902
f 4572 4573 4570
f 4900 4897 4902
f 5077 5079 5071
f 110 115 111
f 4564 4565 4561
f 4564 4561 4560
f 4560 4561 4562
f 4562 4567 4563
f 4563 4567 4568
f 4567 4571 4568
f 1336 1334 1331
f 1334 1332 1331
f 1331 1324 1329
f 1329 1324 1326
f 1329 1326 1328
f 1579 1581 1548
f 4897 4898 4899
f 4898 4901 4899
f 4361 4360 4356
f 5078 5079 5077
f 4360 4359 4356
f 4567 4574 4571
f 1331 1332 1324
f 4574 4575 4571
f 1326 1327 1328
f 4359 4357 4356
f 4356 4357 4358
f 1327 1323 1328
f 1328 1323 1330
f 1330 1323 1333
f 1323 1337 1333
f 1326 1324 1325
f 1638 1600 1599
f 82 116 110
f 82 117 116
f 1334 1301 1332
f 1301 1283 1324
f 1324 1283 1325
f 1325 1327 1326
f 1599 1600 1598
f 1637 1600 1638
f 1325 1284 1327
f 82 104 117
f 1600 1627 1598
f 82 78 104
f 1283 1275 1284
f 1275 1298 1284
f 1598 1627 1583
f 1637 1627 1600
f 104 103 117
f 1301 1300 1283
f 1283 1300 1282
f 1282 1275 1283
f 1593 1590 1583
f 1627 1593 1583
f 1275 1277 1298
f 1277 1316 1319
f 1298 1277 1319
f 1627 1634 1593
f 104 100 103
f 4919 4920 4924
f 1300 1263 1282
f 1282 1263 1275
f 1275 1272 1276
f 1275 1276 1277
f 1277 1276 1316
f 69 75 74
f 4920 4918 4926
f 1262 1263 1309
f 1309 1263 1300
f 1316 1276 1317
f 4920 4919 4918
f 1263 1264 1275
f 1640 1621 1636
f 1636 1621 1623
f 1335 1317 1276
f 1263 1260 1264
f 1264 1272 1275
f 1276 1272 1311
f 1623 1621 1606
f 1640 1633 1621
f 4919 4912 4918
f 4926 4918 4927
f 1276 1311 1335
f 1633 1622 1621
f 4910 4911 4912
f 4918 4912 4917
f 1261 1258 1260
f 1260 1259 1264
f 1625 1616 1613
f 1264 1266 1272
f 1633 1632 1625
f 1633 1625 1622
f 1311 1348 1335
f 4918 4917 4928
f 4918 4928 4927
f 4927 4928 4934
f 1266 1310 1272
f 1272 1310 1311
f 4912 4913 4917
f 4928 4932 4934
f 1258 1255 1257
f 1258 1257 1259
f 1632 1616 1625
f 3083 3079 3080
f 3079 3074 3075
f 3079 3075 3080
f 3074 3073 3075
f 1257 1264 1259
f 1264 1265 1266
f 1311 1310 1348
f 3085 3083 3080
f 3085 3080 3086
f 3083 3077 3079
f 3076 3077 3081
f 3077 3074 3079
f 3076 3072 3077
f 3077 3071 3074
f 3074 3071 3073
f 3071 3070 3073
f 1257 1265 1264
f 1266 1265 1267
f 1266 1267 1310
f 3085 3086 3090
f 3085 3087 3082
f 3082 3083 3085
f 3084 3081 3082
f 3084 3098 3081
f 3082 3077 3083
f 3081 3077 3082
f 3078 3076 3081
f 3072 3071 3077
f 3078 3069 3076
f 3076 3069 3072
f 3069 3068 3072
f 3072 3068 3071
f 3071 3068 3070
f 3068 3064 3070
f 4917 4929 4928
f 1632 1631 1617
f 1632 1617 1616
f 3089 3096 3084
f 3089 3084 3088
f 3088 3084 3087
f 3084 3082 3087
f 2521 2517 2520
f 2520 2516 2515
f 2515 2531 2520
f 3067 3062 3068
f 3069 3067 3068
f 3062 3064 3068
f 4917 4915 4929
f 3115 3100 3090
f 3100 3085 3090
f 3100 3087 3085
f 3096 3098 3084
f 2517 2516 2520
f 2515 2522 2531
f 3062 3063 3064
f 4911 4914 4913
f 4349 4350 4353
f 4917 4913 4915
f 3114 3100 3115
f 4928 4929 4932
f 1255 1256 1257
f 1631 1630 1617
f 1308 1318 1310
f 1310 1318 1349
f 3095 3096 3089
f 1805 1829 1832
f 2536 2529 2521
f 2517 2510 2516
f 2516 2512 2515
f 2515 2514 2522
f 3067 3065 3062
f 3062 3065 3063
f 3063 3066 3064
f 3569 3570 3571
f 3571 3570 3562
f 3571 3562 3561
f 3562 3560 3561
f 4913 4914 4915
f 4350 4352 4353
f 4353 4352 4354
f 3562 3564 3560
f 2109 2123 2122
f 3132 3131 3127
f 3127 3131 3125
f 3105 3100 3114
f 3105 3102 3100
f 4929 4931 4932
f 1255 1269 1256
f 3102 3091 3087
f 3102 3087 3100
f 1256 1265 1257
f 1833 1831 1834
f 1267 1308 1310
f 1639 1630 1631
f 3097 3096 3095
f 2536 2537 2529
f 2521 2519 2517
f 2510 2512 2516
f 2512 2514 2515
f 1824 1811 1810
f 1823 1824 1825
f 2522 2514 2538
f 4348 4346 4349
f 4349 4346 4350
f 4346 4351 4350
f 3561 3560 3556
f 4350 4351 4352
f 2111 2123 2109
f 2113 2122 2117
f 3560 3564 3557
f 363 344 280
f 2117 2124 2120
f 2122 2124 2117
f 4381 4378 4380
f 247 246 248
f 3105 3110 3108
f 3125 3124 3126
f 3127 3125 3126
f 3105 3114 3110
f 246 285 248
f 248 285 283
f 363 282 359
f 3093 3089 3092
f 3092 3089 3091
f 3092 3091 3101
f 3101 3091 3102
f 313 285 246
f 359 282 358
f 360 366 359
f 3093 3094 3089
f 3094 3095 3089
f 3094 3097 3095
f 2529 2519 2521
f 2519 2510 2517
f 2238 2237 2242
f 2108 2111 2109
f 2118 2117 2119
f 2117 2120 2119
f 4348 4337 4346
f 3560 3557 3556
f 2112 2113 2117
f 4451 4449 4454
f 234 222 246
f 234 246 247
f 249 247 248
f 3715 3714 3716
f 3107 3105 3108
f 4915 4921 4922
f 222 276 246
f 3101 3102 3106
f 3106 3102 3105
f 363 280 282
f 275 313 246
f 276 275 246
f 3131 3128 3125
f 3128 3123 3125
f 3125 3123 3124
f 3124 3123 3094
f 358 360 359
f 3094 3099 3097
f 1267 1265 1308
f 2537 2534 2529
f 2519 2518 2510
f 1828 1797 1807
f 2512 2513 2514
f 1816 1819 1811
f 2514 2523 2538
f 2233 2230 2238
f 2238 2230 2237
f 266 265 344
f 2110 2109 2112
f 3572 3556 3573
f 2112 2117 2118
f 250 264 249
f 344 265 280
f 3710 3714 3715
f 249 248 250
f 3107 3108 3109
f 4346 4337 4340
f 4450 4444 4449
f 248 279 250
f 221 217 222
f 221 222 234
f 248 283 279
f 3103 3092 3101
f 3106 3105 3107
f 3564 3568 3557
f 3568 3558 3557
f 217 219 222
f 283 281 279
f 281 282 280
f 4915 4922 4929
f 218 225 219
f 225 274 222
f 219 225 222
f 283 310 281
f 4922 4930 4929
f 218 226 225
f 274 275 222
f 222 275 276
f 310 282 281
f 283 352 310
f 4929 4930 4931
f 225 316 274
f 225 304 316
f 3123 3099 3094
f 360 358 361
f 1364 1366 1367
f 2537 2535 2534
f 1829 1799 1832
f 2510 2518 2511
f 2510 2511 2512
f 2512 2511 2513
f 2230 2194 2237
f 266 264 265
f 2114 2112 2118
f 4373 4368 4374
f 3458 3455 3471
f 4455 4453 4450
f 265 250 279
f 3111 3107 3109
f 4450 4453 4444
f 220 217 221
f 3710 3712 3714
f 279 280 265
f 3104 3103 3101
f 4337 4339 4340
f 214 218 217
f 279 281 280
f 211 213 214
f 211 212 213
f 213 218 214
f 3888 3885 3887
f 212 226 213
f 212 229 226
f 213 226 218
f 1988 1989 1993
f 282 357 358
f 226 304 225
f 1630 1618 1617
f 310 362 357
f 357 362 358
f 3128 3129 3123
f 316 314 274
f 274 314 275
f 275 314 313
f 1994 1990 1988
f 362 361 358
f 3129 3135 3123
f 1256 1268 1265
f 314 349 313
f 2532 2534 2535
f 1639 1635 1630
f 1308 1314 1318
f 2529 2528 2519
f 2519 2528 2518
f 2234 2193 2233
f 2233 2193 2230
f 2230 2192 2194
f 3112 3109 3113
f 2110 2112 2114
f 3112 3111 3109
f 3459 3456 3458
f 215 220 228
f 3116 3106 3111
f 4335 4336 4337
f 215 217 220
f 215 211 214
f 4337 4336 4339
f 4444 4448 4449
f 3540 3537 3539
f 3568 3565 3558
f 3885 3886 3887
f 227 229 212
f 229 305 226
f 1269 1270 1256
f 226 305 304
f 1988 1987 1984
f 1988 1984 1989
f 1989 1984 2013
f 2013 1984 2024
f 1256 1270 1268
f 1629 1618 1630
f 1990 1987 1988
f 3129 3136 3135
f 1635 1629 1630
f 305 306 304
f 304 365 316
f 316 365 314
f 1364 1365 1366
f 3123 3135 3134
f 3123 3134 3099
f 1265 1271 1308
f 1639 1641 1635
f 2532 2529 2534
f 2529 2532 2528
f 797 796 798
f 2511 2524 2513
f 2524 2527 2513
f 2193 2192 2230
f 2118 2121 2116
f 3719 3718 3710
f 3112 3118 3116
f 3112 3116 3111
f 57 58 59
f 4453 4445 4444
f 4444 4445 4446
f 216 211 215
f 3710 3711 3712
f 4916 4923 4921
f 210 211 216
f 4947 4944 4943
f 4943 4944 4945
f 3537 3538 3539
f 3539 3538 3541
f 4448 4452 4449
f 209 212 211
f 4922 4936 4935
f 209 227 212
f 4922 4935 4930
f 208 227 209
f 1294 1270 1296
f 4930 4933 4931
f 227 254 229
f 229 254 305
f 1990 1991 1987
f 1984 2023 2024
f 306 345 304
f 2000 1999 1990
f 1271 1306 1308
f 1990 1999 1991
f 1308 1306 1314
f 753 752 750
f 794 796 797
f 2518 2525 2511
f 2511 2525 2524
f 2524 2540 2527
f 3112 3113 3120
f 3717 3710 3718
f 3119 3117 3118
f 3117 3116 3118
f 55 61 58
f 4446 4447 4448
f 4921 4925 4922
f 210 209 211
f 4925 4936 4922
f 207 209 210
f 207 208 209
f 206 208 207
f 206 230 208
f 230 254 208
f 208 254 227
f 1629 1624 1618
f 231 230 206
f 159 168 170
f 1364 1362 1365
f 1268 1271 1265
f 157 168 159
f 5291 5292 5293
f 5293 5294 5296
f 169 168 157
f 254 293 305
f 305 293 306
f 304 345 365
f 4047 4034 4048
f 2532 2533 2528
f 168 258 170
f 170 258 262
f 170 262 200
f 254 288 293
f 293 301 306
f 169 256 168
f 168 256 258
f 2528 2533 2530
f 799 797 800
f 258 326 262
f 799 794 797
f 296 295 291
f 291 295 294
f 256 315 258
f 315 325 258
f 325 326 258
f 289 297 291
f 794 795 796
f 291 297 296
f 294 295 302
f 295 303 302
f 2518 2526 2525
f 296 297 300
f 296 300 295
f 295 300 303
f 297 299 300
f 2525 2540 2524
f 3122 3112 3120
f 2431 2438 2435
f 3710 3717 3713
f 368 371 372
f 3710 3713 3711
f 3726 3712 3711
f 3723 3726 3711
f 4446 4445 4447
f 4336 4338 4339
f 4946 4945 4939
f 4942 4940 4939
f 4945 4942 4939
f 5194 5195 5196
f 5195 5197 5196
f 3565 3566 3559
f 3885 3881 3886
f 205 206 207
f 202 206 205
f 1294 1293 1270
f 158 159 161
f 164 166 165
f 203 171 202
f 202 201 206
f 157 159 158
f 171 201 202
f 201 231 206
f 164 170 166
f 170 171 166
f 1987 1985 1984
f 1984 2021 2023
f 171 200 201
f 1364 1363 1362
f 5291 5295 5292
f 200 231 201
f 2000 2001 1999
f 5293 5292 5294
f 4034 4025 4044
f 4048 4034 4044
f 231 287 230
f 230 287 254
f 2005 2004 2001
f 231 200 290
f 231 290 287
f 287 288 254
f 172 257 169
f 200 262 290
f 306 301 345
f 169 257 256
f 1379 1376 1372
f 257 315 256
f 262 327 290
f 262 326 327
f 289 290 292
f 294 302 301
f 326 350 327
f 799 795 794
f 325 350 326
f 298 297 289
f 2525 2526 2539
f 292 298 289
f 297 298 299
f 302 303 364
f 795 804 796
f 2553 2545 2552
f 2555 2546 2553
f 2368 2371 2372
f 2323 2322 2324
f 3722 3713 3717
f 2310 2284 2283
f 2310 2283 2315
f 2283 2282 2315
f 2315 2282 2311
f 2322 2327 2325
f 4339 4338 4341
f 2282 2304 2311
f 89 86 107
f 5195 5198 5197
f 2284 2281 2283
f 2281 2282 2283
f 223 205 207
f 223 207 224
f 4342 4341 4345
f 4937 4936 4925
f 2281 2285 2282
f 2282 2285 2304
f 1295 1292 1294
f 1292 1293 1294
f 164 165 163
f 166 171 233
f 155 157 158
f 156 157 155
f 1984 1985 1986
f 1984 1986 2021
f 156 172 169
f 156 169 157
f 1987 1991 1992
f 2001 2002 1999
f 2006 2004 2005
f 2012 2006 2005
f 172 284 257
f 284 312 257
f 327 346 290
f 257 312 315
f 327 350 346
f 312 339 315
f 315 339 325
f 520 519 521
f 514 519 520
f 801 795 799
f 2186 2185 2184
f 292 333 298
f 2546 2545 2553
f 2184 2188 2187
f 795 803 804
f 2556 2550 2546
f 2556 2546 2555
f 2321 2322 2323
f 4062 4053 4058
f 3721 3724 3722
f 3721 3722 3717
f 2321 2319 2322
f 3724 3713 3722
f 2310 2315 2316
f 3724 3723 3713
f 2312 2284 2310
f 4062 4052 4053
f 2312 2288 2284
f 2319 2326 2322
f 2327 2334 2325
f 2322 2326 2327
f 4338 4343 4341
f 2289 2281 2288
f 2288 2281 2284
f 3959 3949 3961
f 204 203 202
f 4032 4042 4028
f 163 165 167
f 167 165 166
f 204 197 203
f 3885 3882 3881
f 166 233 197
f 4042 4031 4028
f 4043 4031 4042
f 124 156 155
f 4043 4044 4024
f 4043 4024 4031
f 124 123 156
f 4044 4025 4024
f 2243 2232 2231
f 123 172 156
f 2243 2231 2235
f 2235 2228 2236
f 2001 2004 2002
f 1999 2003 1991
f 1991 2003 1992
f 2530 2533 2541
f 123 261 172
f 2530 2541 2526
f 172 261 284
f 2229 2183 2185
f 336 312 284
f 2182 2188 2184
f 312 351 339
f 514 512 519
f 292 346 333
f 2552 2545 2551
f 801 802 795
f 2556 2557 2550
f 802 803 795
f 2332 2320 2321
f 2320 2319 2321
f 2440 2384 2432
f 3721 3725 3724
f 2312 2310 2316
f 2316 2315 2317
f 2315 2311 2317
f 2319 2318 2326
f 2313 2314 2288
f 2317 2311 2318
f 3225 3227 3222
f 1344 1345 1343
f 2327 2330 2334
f 1344 1343 1322
f 2326 2328 2327
f 2327 2328 2329
f 2327 2329 2330
f 4343 4344 4341
f 4341 4344 4347
f 2328 2331 2329
f 3227 3235 3222
f 3235 3234 3222
f 4937 4938 4936
f 2289 2286 2281
f 1295 1297 1292
f 204 202 205
f 2286 2285 2281
f 2286 2287 2285
f 3959 3953 3949
f 163 160 161
f 2287 2301 2285
f 1292 1278 1293
f 1293 1278 1270
f 127 155 160
f 1270 1274 1268
f 122 125 123
f 122 123 124
f 1268 1273 1271
f 125 175 123
f 1273 1306 1271
f 175 260 123
f 260 261 123
f 1306 1315 1314
f 4034 4026 4025
f 2006 2007 2004
f 4047 4033 4034
f 2009 2007 2006
f 260 320 261
f 320 329 261
f 329 284 261
f 2182 2181 2188
f 284 329 336
f 3594 3590 3589
f 336 351 312
f 515 513 514
f 514 513 512
f 350 369 346
f 512 490 519
f 519 490 521
f 3871 3869 3870
f 2545 2547 2551
f 1903 1897 1902
f 1897 1896 1902
f 2332 2333 2320
f 2320 2333 2317
f 2320 2317 2319
f 3399 3394 3398
f 2317 2318 2319
f 3225 3222 3223
f 1346 1345 1344
f 5199 5200 5201
f 3962 3947 3963
f 1345 1342 1343
f 3962 3961 3947
f 1342 1322 1343
f 1322 1285 1297
f 204 271 197
f 162 163 252
f 2289 2290 2286
f 162 127 160
f 141 122 127
f 3881 3882 3883
f 2286 2292 2287
f 122 124 127
f 2287 2302 2301
f 4028 4014 4015
f 4031 4014 4028
f 1270 1278 1274
f 126 125 122
f 129 175 125
f 2231 2207 2235
f 2228 2207 2206
f 4035 4023 4037
f 4023 4038 4037
f 129 176 175
f 1986 2022 2021
f 4021 4023 4035
f 4036 4021 4035
f 2175 2179 2178
f 176 263 175
f 2007 2008 2004
f 2004 2008 2002
f 2002 2003 1999
f 2003 1995 1992
f 263 260 175
f 4033 4026 4034
f 1377 1375 1376
f 263 320 260
f 2009 2010 2007
f 1375 1369 1372
f 1376 1375 1372
f 517 518 516
f 517 516 515
f 1372 1369 1371
f 515 516 513
f 1372 1371 1373
f 512 484 490
f 484 467 490
f 2551 2547 2554
f 1894 1896 1897
f 2545 2544 2547
f 1902 1896 1901
f 1901 1896 1899
f 2558 2550 2557
f 2546 2542 2545
f 2550 2542 2546
f 3823 3822 3824
f 3824 3822 3825
f 4060 4054 4055
f 3394 3401 3397
f 3725 3729 3733
f 3394 3391 3398
f 3398 3391 3393
f 85 55 45
f 3222 3234 3220
f 1342 1339 1322
f 1338 1285 1322
f 4028 4016 4032
f 2289 2296 2291
f 1297 1285 1292
f 2291 2293 2290
f 2289 2291 2290
f 141 127 196
f 1292 1285 1278
f 126 122 141
f 2290 2292 2286
f 126 139 128
f 2287 2292 2302
f 4015 4014 4013
f 128 129 125
f 128 125 126
f 1278 1280 1274
f 2177 2175 2178
f 4024 4014 4031
f 4743 4741 4742
f 131 136 129
f 2232 2224 2231
f 2231 2224 2207
f 1274 1273 1268
f 137 136 131
f 1986 1996 2022
f 4024 4001 4014
f 4740 4734 4733
f 4023 4030 4038
f 2003 2017 1995
f 4025 4001 4024
f 4021 4022 4023
f 1306 1273 1281
f 4025 3998 4001
f 4026 3998 4025
f 4731 4732 4733
f 4021 4020 4022
f 176 278 263
f 4737 4733 4732
f 323 320 263
f 3991 4020 4021
f 320 355 329
f 516 487 513
f 513 487 512
f 490 467 468
f 1903 1898 1897
f 1897 1898 1894
f 1894 1895 1896
f 1896 1895 1899
f 1899 1900 1905
f 3870 3869 3868
f 2542 2544 2545
f 3170 3164 3161
f 3920 3930 3927
f 3823 3820 3822
f 3822 3826 3825
f 3727 3725 3721
f 2368 2360 2371
f 3394 3388 3391
f 3725 3728 3729
f 3895 3898 3899
f 3895 3891 3898
f 4032 4016 4018
f 1322 1339 1338
f 2295 2294 2291
f 2295 2291 2296
f 149 126 141
f 4016 4015 4011
f 4015 4013 4011
f 130 129 128
f 3882 3884 3883
f 3960 3954 3953
f 130 131 129
f 4014 4003 4013
f 4013 4003 4006
f 4010 4009 4027
f 4027 4045 4010
f 4038 4046 4027
f 1985 1996 1986
f 1359 1358 1360
f 4030 4046 4038
f 134 137 131
f 4029 4030 4023
f 2002 2017 2003
f 4731 4734 4735
f 4022 4029 4023
f 1377 1378 1375
f 1281 1307 1306
f 4039 3986 4033
f 4033 3992 3997
f 4033 3997 4026
f 4026 3997 3998
f 324 323 263
f 278 324 263
f 4738 4739 4737
f 4745 4746 4747
f 4020 3994 4041
f 329 355 356
f 3989 3985 3990
f 3985 3993 3991
f 3990 3985 3991
f 3991 3994 4020
f 3991 3993 3994
f 467 420 468
f 2547 2561 2554
f 1894 1898 1904
f 1894 1904 1895
f 1895 1900 1899
f 512 487 484
f 3869 3864 3868
f 2558 2559 2550
f 2542 2543 2544
f 3160 3161 3162
f 3161 3164 3162
f 3160 3170 3161
f 3160 3167 3170
f 3832 3820 3823
f 3820 3832 3833
f 3927 3930 3931
f 3826 3827 3825
f 3827 3828 3825
f 3397 3390 3394
f 3827 3829 3828
f 3829 3830 3828
f 2575 2581 2574
f 4055 4049 4064
f 4049 4056 4064
f 3391 3389 3393
f 4018 4016 4017
f 2443 2453 2448
f 2426 2428 2430
f 3890 3900 3891
f 3891 3900 3898
f 3948 3951 3946
f 1340 1338 1339
f 1338 1347 1285
f 2297 2294 2295
f 4016 4011 4017
f 139 126 149
f 2291 2294 2293
f 4017 4011 4019
f 140 128 139
f 2293 2292 2290
f 130 128 140
f 2203 2173 2177
f 3953 3954 3952
f 1285 1280 1278
f 4011 4008 4019
f 4013 4006 4011
f 4011 4006 4008
f 3232 3230 3229
f 4008 4009 4010
f 131 132 134
f 4006 4007 4008
f 4008 4007 4009
f 1274 1279 1273
f 190 232 195
f 135 134 132
f 1273 1279 1281
f 4014 4001 4003
f 253 232 190
f 195 185 189
f 2008 2015 2014
f 2002 2014 2017
f 4001 4000 4003
f 4000 4004 4003
f 4003 4005 4006
f 4005 4012 4007
f 4006 4005 4007
f 253 277 232
f 2007 2016 2015
f 2007 2015 2008
f 2008 2014 2002
f 4003 4004 4005
f 4736 4735 4734
f 195 251 185
f 277 286 232
f 232 251 195
f 2007 2011 2016
f 3998 4000 4001
f 1919 1913 1920
f 2010 2011 2007
f 3996 3999 3998
f 3998 3999 4000
f 3999 4002 4000
f 1907 1906 1913
f 3997 3996 3998
f 324 354 323
f 354 320 323
f 3996 3989 3999
f 354 355 320
f 3996 3984 3989
f 744 743 759
f 3989 3984 3985
f 516 523 488
f 516 488 487
f 3985 4040 3993
f 467 419 420
f 2547 2549 2561
f 3168 3163 3169
f 3163 3160 3162
f 3162 3166 3171
f 3163 3167 3160
f 3163 3168 3167
f 3162 3165 3166
f 2543 2549 2544
f 3162 3164 3165
f 2550 2548 2542
f 2548 2543 2542
f 2829 2825 2830
f 2830 2825 2833
f 3925 3924 3923
f 3924 3925 3926
f 3835 3836 3833
f 3835 3833 3834
f 3834 3833 3832
f 3395 3390 3397
f 3835 3837 3836
f 3827 3831 3829
f 3728 3730 3729
f 3391 3388 3389
f 3220 3218 3213
f 3893 3890 3892
f 3890 3891 3892
f 3213 3218 3211
f 3890 3896 3897
f 194 173 139
f 145 140 146
f 194 139 149
f 2299 2297 2300
f 1340 1341 1338
f 1347 1290 1285
f 3218 3219 3211
f 1341 1347 1338
f 2299 2298 2297
f 133 130 140
f 2203 2168 2173
f 2297 2298 2294
f 2298 2303 2294
f 2303 2305 2294
f 2294 2305 2293
f 2293 2305 2292
f 1285 1287 1286
f 133 132 130
f 3954 3950 3952
f 1286 1280 1285
f 3219 3232 3229
f 3186 3229 3230
f 3186 3230 3233
f 2292 2309 2302
f 2964 2954 2969
f 322 330 188
f 330 340 188
f 135 132 138
f 151 135 138
f 2227 2221 2224
f 340 190 188
f 188 190 189
f 188 189 186
f 151 184 135
f 190 195 189
f 1361 1353 1359
f 1359 1353 1358
f 1280 1279 1274
f 183 185 184
f 1995 1997 1996
f 189 185 186
f 186 185 183
f 251 317 185
f 185 317 318
f 4033 3986 3992
f 311 286 277
f 286 307 232
f 232 307 251
f 311 321 309
f 311 309 286
f 3979 3972 3976
f 3992 3995 3997
f 3997 3995 3996
f 309 308 286
f 286 308 307
f 1369 1375 1370
f 3976 3980 3995
f 3980 3984 3996
f 3995 3980 3996
f 1911 1912 1910
f 526 525 524
f 524 488 523
f 1914 1912 1911
f 1369 1370 1371
f 3980 3982 3984
f 3982 3983 3984
f 3984 3983 3985
f 3985 3983 4040
f 1371 1370 1374
f 487 445 484
f 445 425 484
f 484 425 467
f 425 419 467
f 3864 3866 3868
f 2834 2835 2833
f 761 742 746
f 2828 2826 2823
f 2825 2834 2833
f 2559 2548 2550
f 5085 5086 5087
f 2360 2355 2362
f 4628 4700 4629
f 144 145 146
f 144 133 145
f 3211 3219 3197
f 4987 4988 4989
f 4430 4424 4429
f 1290 1287 1285
f 145 133 140
f 4989 4988 4990
f 3219 3229 3200
f 3185 3233 3192
f 2307 2308 2305
f 2305 2308 2292
f 3185 3186 3233
f 322 187 337
f 138 132 133
f 2292 2308 2309
f 1287 1288 1286
f 322 188 187
f 188 186 187
f 182 184 151
f 2224 2222 2205
f 1358 1353 1352
f 182 183 184
f 1047 1045 1059
f 1059 1045 1051
f 1280 1291 1279
f 2015 2019 2020
f 2016 2019 2015
f 3988 3968 3987
f 3968 3974 3987
f 3987 3974 3986
f 2011 2018 2016
f 3974 3979 3986
f 3986 3979 3992
f 3974 3972 3979
f 334 335 309
f 334 309 321
f 1908 1910 1906
f 317 319 318
f 3976 3978 3980
f 1914 1915 1912
f 307 332 331
f 307 331 251
f 251 331 317
f 489 488 524
f 3980 3978 3981
f 1916 1917 1915
f 1916 1915 1914
f 308 332 307
f 488 471 462
f 3980 3981 3982
f 1918 1917 1916
f 488 445 487
f 3864 3865 3866
f 2831 2832 2826
f 2823 2826 2824
f 2823 2824 2825
f 2850 2836 2839
f 5089 5088 5085
f 5085 5088 5086
f 3934 3935 3936
f 3390 3377 3388
f 5191 5192 5193
f 4628 4699 4700
f 2352 2348 2364
f 3214 3221 3213
f 3728 3731 3730
f 3221 3220 3213
f 2240 2241 2239
f 3388 3377 3376
f 3388 3376 3389
f 144 146 147
f 198 173 194
f 174 140 173
f 4430 4431 4424
f 4424 4420 4428
f 4990 4988 4991
f 4990 4991 4992
f 150 182 151
f 150 180 182
f 150 151 138
f 142 138 133
f 4992 4991 4993
f 2306 2307 2305
f 2303 2306 2305
f 3954 3958 3950
f 187 186 181
f 2964 2947 2954
f 2954 2947 2949
f 186 183 181
f 181 183 182
f 1280 1286 1291
f 1035 1056 1058
f 2017 1997 1995
f 3965 3967 3988
f 2015 2020 2014
f 3967 3968 3988
f 3967 3966 3968
f 2016 2018 2019
f 3974 3968 3972
f 3972 3973 3976
f 524 525 489
f 317 328 319
f 489 471 488
f 2549 2564 2561
f 1918 1922 1917
f 309 343 308
f 2807 2806 2813
f 488 462 445
f 2562 2564 2549
f 3981 3983 3982
f 2813 2806 2811
f 425 414 419
f 2543 2562 2549
f 2559 2565 2548
f 2563 2560 2548
f 2548 2560 2543
f 2848 2845 2844
f 2825 2824 2827
f 2839 2840 2847
f 4653 4648 4650
f 4653 4660 4648
f 5094 5088 5093
f 3395 3387 3390
f 4627 4631 4632
f 3390 3387 3377
f 4631 4633 4632
f 4700 4639 4631
f 4631 4639 4633
f 2354 2355 2351
f 3212 3211 3196
f 148 144 147
f 3730 3731 3732
f 2460 2455 2459
f 2444 2445 2443
f 143 133 144
f 2443 2445 2453
f 142 133 143
f 4423 4421 4431
f 4431 4421 4424
f 1303 1302 1287
f 1290 1303 1287
f 4994 4996 4991
f 3950 3958 3955
f 150 138 142
f 4991 4999 4993
f 191 187 181
f 181 182 180
f 2966 2961 2965
f 2965 2961 2964
f 2964 2961 2947
f 2949 2951 2954
f 1037 1035 1058
f 3965 3966 3967
f 1052 1043 1057
f 3976 3973 3977
f 2564 2568 2561
f 3976 3977 3978
f 2802 2801 2815
f 2815 2801 2820
f 489 472 471
f 419 416 420
f 1923 1924 1922
f 335 343 309
f 331 341 317
f 317 341 328
f 525 485 489
f 414 416 419
f 319 328 348
f 462 429 445
f 445 411 425
f 411 414 425
f 3865 3867 3866
f 2543 2560 2562
f 332 342 331
f 2548 2565 2563
f 2822 2818 2787
f 5312 5310 5309
f 2847 2840 2841
f 2845 2846 2843
f 2845 2843 2844
f 2844 2843 2836
f 2836 2838 2839
f 2839 2838 2840
f 2843 2837 2836
f 2836 2837 2838
f 4651 4650 4649
f 4650 4648 4649
f 4648 4646 4649
f 4655 4653 4651
f 4651 4653 4650
f 4648 4647 4646
f 4655 4660 4653
f 4648 4661 4647
f 4660 4661 4648
f 5644 5645 5643
f 5643 5645 5646
f 4641 4699 4630
f 4698 4683 4699
f 4699 4639 4700
f 2356 2357 2351
f 2355 2356 2351
f 4639 4638 4633
f 143 144 148
f 1312 1302 1303
f 353 338 193
f 4423 4419 4421
f 4424 4421 4420
f 2214 2216 2223
f 2214 2223 2211
f 18 15 17
f 5000 4998 5001
f 3204 3186 3207
f 2966 2967 2961
f 1288 1289 1286
f 1286 1289 1291
f 1035 1006 1056
f 1057 1033 1060
f 1054 1060 1038
f 3971 3972 3968
f 3972 3971 3973
f 1923 1925 1924
f 2802 2793 2762
f 2802 2762 2801
f 485 472 489
f 347 343 335
f 429 411 445
f 2812 2804 2818
f 2807 2797 2806
f 2797 2791 2806
f 2806 2791 2811
f 2811 2791 2808
f 5309 5310 5311
f 2838 2841 2840
f 2993 2996 2997
f 2838 2842 2841
f 4651 4649 4652
f 4656 4655 4651
f 4656 4663 4655
f 4646 4647 4645
f 4663 4662 4655
f 4662 4660 4655
f 4661 4659 4647
f 4647 4659 4645
f 4640 4630 4627
f 4660 4675 4661
f 4640 4641 4630
f 4675 4678 4661
f 3216 3226 3214
f 3216 3214 3215
f 4641 4698 4699
f 148 152 153
f 3226 3221 3214
f 4633 4638 4636
f 269 174 268
f 3376 3377 3378
f 3376 3378 3380
f 4699 4683 4639
f 2348 2346 2347
f 4639 4688 4638
f 2393 2394 2407
f 3380 3378 3381
f 3380 3381 3382
f 4419 4425 4422
f 4422 4425 4426
f 3188 3187 3184
f 3382 3381 3392
f 3955 3957 3956
f 2951 2953 2955
f 3181 3183 3207
f 1302 1288 1287
f 2961 2960 2947
f 2947 2948 2949
f 3965 3975 3966
f 3966 3969 3968
f 1031 1034 1049
f 2816 2817 2717
f 2816 2717 2716
f 414 415 416
f 2562 2566 2564
f 2793 2759 2762
f 485 473 472
f 471 428 462
f 2565 2569 2563
f 2563 2567 2560
f 2560 2567 2562
f 2801 2768 2807
f 2807 2768 2797
f 2804 2787 2818
f 2800 2804 2812
f 2791 2772 2808
f 2800 2799 2804
f 2792 2790 2789
f 2838 2849 2842
f 4654 4651 4652
f 4656 4651 4654
f 5776 5777 5778
f 5689 5687 5641
f 5617 5644 5643
f 4643 4642 4640
f 5646 5645 5647
f 4662 4674 4660
f 4660 4674 4675
f 4645 4659 4658
f 4642 4658 4641
f 4642 4641 4640
f 4676 4677 4675
f 4675 4677 4678
f 153 192 148
f 4658 4698 4641
f 4658 4689 4698
f 3387 3386 3379
f 4633 4634 4632
f 1246 1245 1237
f 4633 4635 4634
f 3379 3378 3377
f 4633 4636 4635
f 4683 4685 4639
f 4639 4685 4688
f 4638 4688 4636
f 4688 4694 4636
f 4636 4694 4680
f 2347 2346 2344
f 4419 4427 4425
f 179 180 142
f 193 181 179
f 259 193 179
f 179 181 180
f 2955 2953 2956
f 2970 2960 2961
f 1302 1299 1288
f 2948 2950 2949
f 2949 2950 2951
f 1033 1038 1060
f 3966 3975 3970
f 3970 3969 3966
f 3969 3971 3968
f 2717 2710 2716
f 416 415 417
f 3865 3872 3867
f 414 413 415
f 3867 3872 3873
f 2567 2566 2562
f 2716 2715 2759
f 472 443 471
f 428 429 462
f 414 411 413
f 2569 2570 2563
f 2563 2570 2567
f 2801 2760 2768
f 2804 2798 2787
f 2808 2772 2800
f 4664 4663 4656
f 5616 5617 5615
f 5615 5617 5642
f 5642 5617 5643
f 5642 5643 5679
f 4644 4645 4642
f 4644 4642 4643
f 4663 4672 4662
f 4674 4676 4675
f 235 192 240
f 240 192 153
f 240 153 241
f 4697 4692 4658
f 4659 4697 4658
f 1237 1231 1233
f 4692 4689 4658
f 154 148 192
f 4689 4683 4698
f 4635 4637 4634
f 4680 4637 4635
f 154 178 143
f 4685 4687 4688
f 177 142 143
f 4688 4687 4693
f 4688 4693 4694
f 179 142 177
f 4425 4432 4426
f 4432 4433 4426
f 3157 3147 3156
f 3156 3147 3155
f 2970 2971 2960
f 2960 2948 2947
f 1288 1299 1289
f 1299 1304 1289
f 1289 1304 1305
f 1289 1305 1313
f 1313 1320 1321
f 2814 2735 2731
f 2716 2710 2715
f 443 428 471
f 409 410 411
f 411 410 413
f 2715 2714 2759
f 2759 2714 2762
f 473 444 472
f 2737 2760 2762
f 2762 2760 2801
f 2787 2786 2785
f 760 762 758
f 2768 2791 2797
f 2790 2784 2783
f 2791 2767 2772
f 2790 2783 2789
f 2783 2788 2789
f 4657 4656 4654
f 4657 4664 4656
f 5614 5616 5615
f 4664 4669 4663
f 5685 5615 5642
f 4669 4670 4663
f 4672 4674 4662
f 5647 5676 5718
f 199 154 235
f 235 154 192
f 4697 4696 4692
f 4692 4690 4689
f 237 238 199
f 238 178 199
f 199 178 154
f 43 83 42
f 4689 4686 4683
f 4683 4684 4685
f 4440 4439 4437
f 4685 4684 4687
f 2971 2962 2960
f 3155 3147 3137
f 1032 992 988
f 1313 1305 1320
f 2819 2771 2735
f 413 440 415
f 429 408 411
f 411 408 409
f 472 444 443
f 429 428 408
f 2714 2737 2762
f 2787 2798 2786
f 2786 2782 2785
f 2785 2782 2784
f 2768 2761 2791
f 2791 2761 2767
f 4665 4664 4657
f 4664 4679 4669
f 5301 5302 5303
f 23 24 25
f 239 235 240
f 236 199 235
f 4670 4671 4663
f 4663 4671 4672
f 237 199 236
f 3386 3384 3379
f 4696 4695 4692
f 4692 4695 4690
f 4690 4686 4689
f 4686 4681 4683
f 4683 4682 4684
f 3378 3385 3381
f 4434 4435 4433
f 4687 4701 4693
f 3207 3187 3209
f 2396 2398 2397
f 2392 2387 2395
f 987 985 984
f 889 886 918
f 887 903 904
f 886 887 918
f 889 888 886
f 903 902 904
f 2771 2736 2735
f 2735 2726 2731
f 2731 2726 2725
f 464 465 417
f 428 406 408
f 2772 2770 2800
f 2800 2770 2799
f 2767 2765 2772
f 4667 4665 4668
f 4665 4657 4668
f 5708 5733 5732
f 4667 4666 4665
f 4666 4664 4665
f 1078 1077 1084
f 1084 1077 1081
f 244 239 240
f 244 240 243
f 239 236 235
f 3193 3198 3201
f 5329 5330 5331
f 4681 4682 4683
f 4438 4436 4437
f 4439 4438 4437
f 4437 4436 4434
f 4434 4436 4435
f 4684 4701 4687
f 1209 1206 1208
f 5118 5116 5114
f 3147 3138 3137
f 3137 3139 3140
f 941 889 928
f 928 889 918
f 887 904 933
f 933 904 923
f 3140 3144 3145
f 4534 4539 4533
f 904 902 923
f 902 901 923
f 3144 3149 3145
f 3144 3150 3149
f 887 886 884
f 887 884 903
f 903 884 902
f 902 878 901
f 4534 4537 4539
f 889 927 888
f 884 878 902
f 2771 2796 2736
f 888 885 886
f 886 885 884
f 2736 2726 2735
f 440 464 415
f 410 437 413
f 413 437 440
f 408 407 409
f 444 418 443
f 2737 2712 2760
f 2798 2776 2786
f 2760 2734 2768
f 2768 2734 2761
f 2765 2770 2772
f 4679 4664 4666
f 1078 1076 1077
f 242 236 239
f 242 237 236
f 4695 4691 4690
f 4690 4691 4686
f 39 37 41
f 4436 4438 4441
f 4436 4441 4435
f 3137 3138 3139
f 928 918 931
f 931 918 932
f 940 941 928
f 918 887 932
f 932 887 933
f 4534 4530 4537
f 884 879 878
f 896 888 927
f 884 885 879
f 2736 2794 2726
f 2726 2718 2725
f 2725 2718 2717
f 2717 2718 2710
f 444 475 418
f 2714 2712 2737
f 2760 2712 2734
f 2784 2782 2783
f 2799 2770 2798
f 1086 1078 1087
f 5610 5685 5729
f 1077 1080 1081
f 4673 4671 4670
f 5123 5134 5125
f 4691 4702 4686
f 5319 5320 5321
f 5113 5132 5111
f 3205 3201 3202
f 3147 3148 3138
f 4542 4541 4550
f 937 928 936
f 928 931 936
f 4541 4528 4540
f 945 940 944
f 940 928 937
f 944 940 937
f 3139 3141 3140
f 3140 3141 3144
f 923 934 933
f 999 1027 1014
f 4533 4530 4534
f 901 921 934
f 1018 1042 1013
f 901 878 883
f 2796 2803 2736
f 2736 2803 2794
f 878 880 883
f 1743 1728 1745
f 878 879 880
f 885 890 879
f 888 896 885
f 2718 2708 2710
f 407 410 409
f 2710 2705 2715
f 418 406 428
f 406 407 408
f 443 418 428
f 421 418 475
f 3331 3330 3329
f 2798 2770 2776
f 2734 2756 2761
f 2761 2756 2767
f 2767 2756 2765
f 2783 2780 2788
f 3334 3332 3333
f 1078 1079 1076
f 1077 1074 1080
f 1074 1075 1080
f 5125 5134 5133
f 5113 5133 5132
f 4686 4702 4681
f 1205 1193 1186
f 1205 1186 1206
f 1206 1207 1208
f 3148 3143 3138
f 939 937 938
f 942 936 931
f 3143 3142 3138
f 939 944 937
f 931 932 942
f 3138 3142 3139
f 4542 4532 4528
f 4542 4528 4541
f 3139 3142 3141
f 901 908 921
f 5260 5257 5261
f 901 883 908
f 5266 5267 5268
f 927 929 896
f 1747 1738 1742
f 896 893 885
f 893 890 885
f 410 412 437
f 2710 2708 2705
f 2715 2705 2714
f 2714 2707 2712
f 2712 2713 2734
f 2786 2776 2782
f 3332 3323 3333
f 1088 1089 1086
f 1086 1085 1078
f 1078 1085 1079
f 1077 1076 1074
f 105 90 83
f 1206 1186 1207
f 3148 3151 3143
f 4547 4546 4548
f 4548 4546 4551
f 947 932 948
f 4532 4527 4528
f 932 933 948
f 933 943 948
f 4528 4527 4516
f 4528 4516 4533
f 943 921 930
f 919 915 922
f 4533 4516 4530
f 921 908 919
f 908 910 919
f 919 910 915
f 915 910 914
f 5257 5259 5262
f 5261 5263 5264
f 1743 1720 1728
f 1728 1729 1745
f 4530 4526 4537
f 5267 5265 5268
f 2733 2732 2726
f 880 882 883
f 896 898 893
f 890 891 879
f 879 891 881
f 879 881 880
f 880 881 882
f 407 412 410
f 418 402 406
f 404 407 406
f 2714 2705 2707
f 3330 3325 3329
f 2734 2713 2711
f 2734 2711 2756
f 2756 2758 2765
f 2765 2764 2770
f 5700 5713 5730
f 5730 5713 5621
f 1076 1061 1074
f 5649 5655 5652
f 1074 1067 1075
f 106 105 99
f 4545 4543 4546
f 4547 4545 4546
f 942 932 947
f 4532 4531 4527
f 930 922 935
f 930 919 922
f 4527 4510 4516
f 930 921 919
f 1712 1731 1721
f 4516 4513 4530
f 913 910 911
f 910 909 911
f 1728 1720 1721
f 910 908 909
f 908 900 909
f 4526 4538 4537
f 2726 2732 2718
f 1741 1738 1747
f 2157 2155 2156
f 929 898 896
f 883 882 900
f 404 405 407
f 893 892 890
f 890 892 891
f 881 894 882
f 892 905 891
f 421 401 418
f 527 431 421
f 2782 2777 2783
f 2770 2769 2776
f 2783 2777 2780
f 2711 2730 2756
f 2764 2769 2770
f 2765 2758 2764
f 5704 5706 5705
f 1091 1089 1111
f 1091 1090 1089
f 1089 1090 1085
f 1074 1064 1067
f 4549 4558 4545
f 3151 3154 3143
f 4545 4544 4543
f 3143 3146 3142
f 4529 4510 4527
f 4516 4510 4513
f 916 920 912
f 2733 2754 2753
f 1740 1725 1720
f 2733 2753 2732
f 4530 4513 4526
f 4526 4525 4538
f 407 405 412
f 882 895 900
f 900 895 917
f 402 404 406
f 898 899 893
f 899 892 893
f 882 894 895
f 891 905 881
f 905 907 881
f 907 906 881
f 906 894 881
f 421 431 401
f 2776 2775 2782
f 2782 2775 2777
f 3327 3325 3324
f 3323 3324 3325
f 2777 2779 2780
f 3323 3326 3324
f 2730 2758 2756
f 1090 1093 1085
f 1085 1093 1079
f 1061 1064 1074
f 1218 1216 1220
f 1225 1222 1218
f 1193 1082 1186
f 3154 3152 3143
f 4531 4543 4544
f 3143 3152 3146
f 948 943 949
f 3159 3158 3146
f 3146 3158 3142
f 943 930 949
f 2795 2752 2754
f 2754 2749 2753
f 4513 4515 4526
f 909 917 916
f 4526 4515 4525
f 2151 2150 2156
f 2155 2151 2156
f 2708 2706 2705
f 2156 2150 2154
f 3770 3764 3769
f 3769 3764 3767
f 894 897 895
f 418 401 402
f 892 899 905
f 2705 2701 2707
f 463 431 511
f 2707 2701 2712
f 2712 2702 2713
f 2713 2702 2711
f 2769 2773 2776
f 2777 2778 2779
f 1091 1107 1092
f 1091 1092 1090
f 4558 4559 4557
f 4558 4557 4544
f 4966 4968 4972
f 1182 1188 1187
f 4544 4552 4531
f 4536 4529 4531
f 4536 4523 4529
f 4523 4510 4529
f 4510 4512 4513
f 2754 2752 2749
f 916 924 920
f 1726 1723 1738
f 916 917 924
f 2732 2748 2755
f 2732 2755 2718
f 2718 2719 2708
f 404 403 405
f 402 403 404
f 3774 3773 3772
f 3772 3773 3768
f 3772 3768 3771
f 3771 3768 3770
f 2712 2701 2702
f 2758 2757 2764
f 2779 2778 2781
f 1090 1110 1093
f 1093 1094 1079
f 1064 1063 1067
f 1063 1068 1067
f 1067 1068 1069
f 4966 4957 4968
f 4559 4481 4557
f 3152 3153 3146
f 4553 4554 4531
f 4552 4553 4531
f 4536 4504 4535
f 4536 4535 4523
f 4523 4535 4521
f 4523 4521 4510
f 2749 2748 2753
f 403 426 405
f 405 426 438
f 2155 2152 2151
f 2151 2145 2150
f 2708 2719 2706
f 2154 2150 2147
f 3776 3773 3774
f 3768 3759 3770
f 3770 3759 3764
f 463 439 431
f 2711 2702 2703
f 2711 2703 2709
f 2776 2773 2775
f 2711 2709 2730
f 2764 2766 2769
f 2769 2766 2773
f 2730 2723 2757
f 2730 2757 2758
f 2757 2766 2764
f 3326 3328 3324
f 5622 5639 5625
f 5625 5639 5727
f 1093 1095 1094
f 5765 5763 5764
f 5764 5763 5762
f 1186 1184 1179
f 4956 4955 4967
f 4956 4968 4957
f 1179 1182 1185
f 4480 4479 4556
f 4480 4556 4557
f 4480 4557 4481
f 4553 4491 4554
f 4521 4511 4510
f 4510 4511 4512
f 4512 4514 4513
f 2752 2750 2749
f 4513 4514 4515
f 2755 2748 2746
f 4515 4520 4525
f 2718 2755 2724
f 2718 2724 2719
f 2152 2146 2151
f 2151 2146 2145
f 2150 2139 2147
f 3776 3777 3773
f 3773 3777 3768
f 3765 3775 3767
f 3777 3780 3768
f 3768 3762 3759
f 3777 3779 3780
f 2775 2774 2777
f 2777 2774 2778
f 2730 2709 2723
f 2757 2763 2766
f 1107 1100 1110
f 1110 1100 1095
f 5727 5598 5690
f 1110 1095 1093
f 5727 5688 5598
f 1061 1063 1064
f 4963 4970 4969
f 4479 4491 4556
f 4491 4504 4554
f 4504 4522 4521
f 4522 4511 4521
f 4515 4514 4520
f 2719 2720 2706
f 2145 2139 2150
f 431 432 401
f 2139 2141 2147
f 3776 3778 3777
f 3759 3761 3764
f 3764 3765 3767
f 439 432 431
f 3777 3778 3779
f 3768 3780 3762
f 3780 3779 3781
f 2773 2774 2775
f 4456 4458 4459
f 5625 5624 5622
f 5598 5688 5599
f 5688 5602 5599
f 5602 5601 5599
f 1109 1094 1062
f 4317 4318 4319
f 1068 1070 1069
f 1069 1070 1082
f 1179 1171 1182
f 4504 4469 4522
f 4522 4524 4511
f 4514 4517 4503
f 3304 3303 3307
f 4514 4503 4520
f 1739 1746 1727
f 2755 2746 2724
f 422 426 403
f 2724 2720 2719
f 2152 2149 2146
f 402 398 403
f 401 398 402
f 432 399 401
f 3764 3761 3765
f 2705 2699 2701
f 2702 2700 2703
f 2773 2659 2774
f 2709 2691 2723
f 1100 1098 1095
f 5728 5690 5597
f 5625 5728 5692
f 1095 1096 1094
f 1061 1062 1063
f 4955 4951 4950
f 1182 1171 1183
f 4469 4508 4522
f 4508 4524 4522
f 4511 4524 4518
f 4511 4518 4512
f 4512 4518 4519
f 4512 4517 4514
f 3308 3320 3307
f 4520 4503 4507
f 422 427 426
f 403 398 422
f 2146 2142 2145
f 401 399 398
f 2145 2142 2139
f 4386 4383 4387
f 3314 3310 3311
f 2705 2706 2699
f 3762 3763 3760
f 3762 3760 3759
f 3759 3760 3761
f 4806 4808 4804
f 4806 4804 4807
f 2701 2700 2702
f 5178 5180 5179
f 3779 3782 3781
f 2703 2704 2709
f 2773 2766 2659
f 4464 4461 4460
f 4460 4461 4457
f 4457 4461 4463
f 1098 1097 1095
f 1095 1097 1096
f 1070 1083 1082
f 4484 4487 4482
f 4469 4473 4508
f 4508 4473 4524
f 4524 4473 4555
f 4512 4519 4517
f 4815 4818 4817
f 2139 2140 2141
f 3761 3766 3765
f 3314 3315 3310
f 4801 4805 4814
f 4759 4752 4758
f 2699 2700 2701
f 4753 4750 4752
f 4752 4750 4749
f 4752 4749 4758
f 4749 4750 4751
f 4749 4751 4758
f 4758 4751 4757
f 2703 2700 2704
f 4751 4756 4757
f 2709 2704 2691
f 2763 2654 2766
f 2766 2654 2659
f 2723 2660 2757
f 2757 2660 2763
f 1063 1065 1068
f 1068 1065 1070
f 4489 4490 4487
f 4489 4487 4484
f 4482 4487 4486
f 4482 4486 4483
f 1171 1170 1190
f 4473 4518 4555
f 4473 4506 4518
f 4518 4506 4519
f 4519 4501 4517
f 2750 2751 2747
f 2750 2747 2749
f 2749 2747 2748
f 2748 2747 2746
f 2747 2738 2746
f 2148 2142 2146
f 2149 2148 2146
f 2142 2140 2139
f 4815 4844 4818
f 2140 2143 2141
f 4386 4384 4383
f 4805 4813 4814
f 4758 4757 4760
f 4753 4754 4750
f 2656 2623 2622
f 2654 2658 2659
f 2763 2647 2654
f 2723 2691 2660
f 2763 2660 2647
f 5743 5740 5742
f 1179 1169 1171
f 656 655 654
f 1171 1169 1170
f 4483 4485 4477
f 4477 4485 4471
f 4471 4485 4472
f 4472 4474 4473
f 4473 4475 4506
f 4519 4476 4501
f 3309 3322 3308
f 4517 4501 4503
f 4503 4505 4507
f 422 398 427
f 399 381 398
f 2142 2144 2140
f 2720 2721 2706
f 2721 2699 2706
f 432 510 399
f 2655 2623 2656
f 4753 4755 4754
f 2691 2649 2660
f 1097 1099 1096
f 1062 1065 1063
f 1065 1071 1070
f 4270 4269 4249
f 719 722 701
f 701 693 719
f 694 656 693
f 4487 4488 4486
f 656 654 686
f 655 640 654
f 655 644 640
f 4485 4492 4472
f 644 641 640
f 644 643 641
f 643 642 641
f 643 651 642
f 4503 4502 4505
f 2738 2747 2741
f 427 398 434
f 2142 2148 2144
f 2724 2727 2720
f 4816 4844 4815
f 399 400 381
f 2140 2144 2143
f 4384 4385 4382
f 4810 4812 4811
f 4810 4811 4809
f 4809 4811 4805
f 4811 4813 4805
f 2699 2690 2700
f 2657 2655 2656
f 2700 2729 2687
f 2700 2687 2704
f 2658 2642 2657
f 2654 2642 2658
f 2704 2687 2691
f 2660 2650 2647
f 1097 1101 1099
f 1062 1066 1065
f 1071 1073 1070
f 1179 1177 1169
f 4488 4494 4486
f 686 654 687
f 687 654 668
f 654 648 668
f 1169 1165 1170
f 4486 4494 4485
f 654 640 648
f 4485 4493 4492
f 4492 4495 4474
f 4474 4495 4476
f 651 652 642
f 4476 4498 4501
f 4501 4502 4503
f 662 679 652
f 2738 2728 2724
f 2727 2722 2720
f 2720 2722 2721
f 4813 4811 4816
f 2655 2626 2623
f 2623 2625 2624
f 2687 2686 2691
f 2650 2641 2647
f 2660 2649 2650
f 4494 4493 4485
f 648 640 639
f 640 638 639
f 640 641 638
f 641 642 638
f 4476 4495 4498
f 3277 3274 3278
f 3278 3280 3281
f 4501 4498 4502
f 652 679 678
f 2741 2740 2738
f 4860 4858 4838
f 398 380 434
f 4844 4816 4834
f 2724 2728 2727
f 381 380 398
f 4812 4829 4811
f 400 482 381
f 2623 2626 2625
f 2654 2647 2642
f 1101 1102 1099
f 1066 1071 1065
f 4224 4249 4231
f 1073 1083 1070
f 668 688 687
f 1163 1165 1169
f 638 642 646
f 642 652 653
f 2751 2743 2747
f 2747 2743 2741
f 2741 2743 2742
f 4834 4823 4835
f 2741 2742 2740
f 2740 2739 2738
f 2738 2739 2728
f 4812 4837 4829
f 2722 2688 2721
f 2699 2721 2689
f 2689 2690 2699
f 2690 2685 2700
f 2700 2685 2729
f 2657 2642 2655
f 2647 2640 2642
f 1101 1104 1102
f 1066 1072 1071
f 1083 1073 1178
f 1177 1178 1163
f 1177 1163 1169
f 1163 1147 1165
f 648 660 676
f 4718 4719 4720
f 639 638 637
f 3364 3369 3344
f 3275 3274 3277
f 642 653 646
f 3274 3273 3280
f 652 677 653
f 678 677 652
f 470 391 469
f 434 391 470
f 381 379 380
f 3255 3252 3246
f 3246 3247 3248
f 3750 3755 3751
f 2626 2627 2625
f 2641 2640 2647
f 1104 1105 1102
f 1102 1105 1103
f 688 676 696
f 660 639 659
f 639 637 659
f 4719 4721 4720
f 637 638 635
f 4721 4724 4723
f 4720 4721 4723
f 638 646 647
f 638 647 635
f 4498 4496 4499
f 2809 2805 2751
f 2809 2810 2805
f 2805 2743 2751
f 469 433 486
f 469 391 433
f 380 391 434
f 3284 3253 3254
f 4775 4777 4778
f 4775 4776 4777
f 3753 3749 3757
f 3757 3749 3756
f 3749 3751 3756
f 2688 2689 2721
f 3248 3247 3249
f 3248 3249 3250
f 2500 2492 2496
f 5182 5183 5184
f 2729 2685 2687
f 2685 2672 2687
f 2642 2644 2655
f 2640 2637 2642
f 2687 2673 2686
f 696 676 667
f 676 660 667
f 660 659 667
f 637 633 659
f 637 634 633
f 634 632 633
f 631 630 628
f 635 634 637
f 3275 3279 3276
f 3276 3271 3275
f 647 645 635
f 3275 3271 3274
f 3274 3271 3273
f 5206 5205 5207
f 2805 2745 2743
f 2745 2742 2743
f 2742 2744 2740
f 381 382 379
f 384 382 381
f 2494 2499 2497
f 2627 2629 2630
f 2637 2644 2642
f 2672 2673 2687
f 2641 2639 2640
f 2686 2673 2649
f 2649 2641 2650
f 1181 1180 1071
f 4217 4219 4218
f 1073 1180 1176
f 1176 1164 1178
f 696 667 707
f 1163 1164 1158
f 1163 1158 1147
f 659 633 661
f 661 631 680
f 661 633 631
f 680 631 628
f 633 632 631
f 631 632 630
f 628 630 629
f 5171 5170 5168
f 632 650 630
f 4724 4721 4725
f 3745 3744 3743
f 635 636 632
f 634 635 632
f 658 645 647
f 635 645 636
f 647 657 658
f 3271 3270 3273
f 486 460 493
f 493 460 491
f 5206 5204 5205
f 5205 5204 5203
f 379 378 380
f 4617 4616 4619
f 2684 2688 2722
f 384 385 382
f 2655 2644 2645
f 2655 2645 2628
f 2655 2628 2626
f 2626 2628 2627
f 2640 2639 2637
f 2641 2643 2639
f 2673 2648 2649
f 2649 2648 2641
f 1106 1181 1072
f 4236 4268 4247
f 4247 4268 4263
f 1176 1167 1164
f 720 696 707
f 667 659 661
f 661 680 683
f 680 628 689
f 689 628 622
f 1147 1158 1142
f 622 628 561
f 1142 1141 1147
f 628 629 561
f 3352 3374 3355
f 1147 1141 1145
f 1145 1141 1144
f 632 636 650
f 4827 4857 4825
f 3744 3742 3743
f 3743 3742 3741
f 3743 3741 3747
f 3747 3741 3748
f 3271 3269 3270
f 3270 3269 3267
f 658 665 645
f 5041 5042 5043
f 3799 3796 3812
f 391 374 433
f 3253 3256 3247
f 2689 2681 2690
f 2672 2671 2673
f 4183 4159 4162
f 683 680 689
f 567 561 562
f 4833 4847 4842
f 4826 4847 4833
f 4841 4847 4827
f 1141 1143 1144
f 4827 4847 4857
f 636 649 650
f 645 649 636
f 645 664 649
f 491 461 492
f 491 460 461
f 492 461 456
f 645 665 664
f 3739 3740 3741
f 3799 3797 3798
f 3800 3799 3798
f 3267 3263 3272
f 3272 3263 3264
f 433 376 460
f 3739 3746 3740
f 5202 5203 5204
f 3264 3263 3258
f 3535 3480 3493
f 374 376 433
f 3799 3807 3796
f 3258 3256 3253
f 378 374 391
f 380 378 391
f 3256 3251 3247
f 3247 3251 3249
f 385 383 382
f 382 383 379
f 2680 2681 2689
f 2503 2496 2498
f 2690 2676 2685
f 2639 2635 2637
f 2648 2643 2641
f 4160 4165 4185
f 867 858 859
f 859 858 853
f 725 682 683
f 562 561 541
f 650 663 583
f 649 624 650
f 3267 3268 3266
f 3267 3266 3263
f 461 430 456
f 3797 3794 3793
f 3258 3263 3259
f 3796 3807 3795
f 4716 4714 4717
f 2684 2680 2688
f 2688 2680 2689
f 2645 2651 2652
f 2645 2652 2628
f 2627 2628 2629
f 2681 2676 2690
f 2644 2638 2645
f 2685 2669 2672
f 2635 2636 2637
f 1219 1230 1229
f 853 855 857
f 855 860 857
f 726 683 689
f 689 567 709
f 709 567 562
f 541 561 540
f 561 579 540
f 561 629 579
f 650 624 663
f 455 479 478
f 460 394 461
f 478 477 455
f 3263 3266 3265
f 376 394 460
f 3263 3265 3259
f 3259 3256 3258
f 379 377 378
f 3256 3257 3251
f 2683 2680 2684
f 2676 2669 2685
f 2635 2633 2636
f 2637 2636 2638
f 2637 2638 2644
f 2672 2668 2671
f 2663 2643 2648
f 868 870 858
f 858 854 853
f 853 854 855
f 4235 4236 4247
f 709 562 710
f 681 618 532
f 618 541 532
f 532 533 531
f 540 533 532
f 541 540 532
f 540 549 533
f 540 550 549
f 624 625 663
f 461 394 430
f 3480 3478 3485
f 456 448 455
f 456 455 477
f 3793 3795 3801
f 3493 3485 3498
f 374 375 376
f 3807 3803 3795
f 378 377 374
f 383 386 379
f 2677 2676 2681
f 2645 2638 2651
f 2635 2631 2633
f 2669 2668 2672
f 2665 2663 2648
f 2671 2665 2648
f 868 875 870
f 1490 1525 1526
f 855 861 860
f 681 532 670
f 670 532 617
f 1167 1154 1158
f 617 532 528
f 532 531 528
f 528 531 529
f 1158 1154 1132
f 1158 1132 1135
f 549 545 533
f 579 580 540
f 540 580 550
f 580 552 550
f 550 552 551
f 550 551 549
f 580 581 552
f 625 583 663
f 376 392 394
f 375 392 376
f 3795 3803 3802
f 374 377 375
f 3261 3262 3256
f 3256 3262 3257
f 379 387 377
f 2680 2677 2681
f 2663 2646 2643
f 5510 5508 5514
f 3788 3789 3790
f 854 856 855
f 860 861 862
f 670 617 697
f 1167 1157 1154
f 617 528 616
f 710 618 711
f 711 618 681
f 528 529 530
f 529 531 544
f 531 545 544
f 549 565 545
f 549 551 565
f 579 581 580
f 3476 3481 3478
f 625 582 583
f 583 582 579
f 552 553 551
f 582 581 579
f 552 581 554
f 552 554 553
f 3478 3482 3485
f 456 430 448
f 3485 3486 3498
f 3802 3803 3804
f 3259 3260 3256
f 3256 3260 3261
f 386 387 379
f 4779 4782 4780
f 2651 2662 2652
f 2669 2667 2668
f 2936 2941 2945
f 5274 5271 5270
f 4164 4154 4156
f 870 872 858
f 854 872 856
f 855 856 861
f 863 862 864
f 681 670 697
f 5528 5529 5530
f 528 530 616
f 530 529 534
f 1132 1133 1135
f 544 543 529
f 545 547 544
f 545 565 547
f 565 551 564
f 3481 3482 3478
f 624 582 625
f 455 454 479
f 394 397 430
f 624 584 582
f 582 554 581
f 554 555 553
f 375 393 392
f 392 395 394
f 584 554 582
f 3498 3486 3499
f 3498 3499 3508
f 3803 3806 3805
f 2683 2682 2680
f 2680 2679 2677
f 2677 2675 2676
f 2676 2675 2669
f 2631 2632 2633
f 2633 2632 2634
f 2667 2665 2668
f 2646 2653 2631
f 5270 5269 5272
f 4157 4194 4170
f 1230 1238 1236
f 4145 4143 4144
f 1254 1239 1230
f 3788 3783 3789
f 866 862 861
f 718 697 699
f 862 865 864
f 711 681 697
f 616 530 536
f 536 530 534
f 534 529 535
f 529 543 535
f 1132 1129 1133
f 544 547 543
f 1133 1131 1134
f 565 564 547
f 455 450 454
f 394 395 397
f 3707 3708 3709
f 3485 3482 3486
f 393 395 392
f 553 555 556
f 784 783 781
f 3805 3806 3808
f 377 388 375
f 446 442 386
f 386 442 387
f 2682 2679 2680
f 4782 4784 4783
f 2675 2670 2669
f 2933 2935 2936
f 2665 2664 2663
f 2663 2653 2646
f 2941 2936 2939
f 5275 5269 5278
f 5277 5276 5271
f 5271 5276 5273
f 4148 4194 4193
f 4148 4193 4151
f 4151 4193 4157
f 4169 4168 4157
f 4143 4142 4141
f 4143 4141 4144
f 3783 3786 3789
f 866 871 862
f 616 695 699
f 3783 3785 3786
f 4281 4274 4315
f 695 616 666
f 666 616 536
f 536 537 666
f 5528 5527 5497
f 5528 5497 5529
f 536 534 537
f 1157 1153 1154
f 1154 1153 1130
f 1130 1132 1154
f 535 542 534
f 534 542 539
f 543 542 535
f 1132 1130 1129
f 1133 1129 1131
f 547 566 543
f 962 958 957
f 3484 3488 3481
f 547 564 587
f 564 563 587
f 564 551 563
f 3481 3483 3482
f 551 553 563
f 553 559 563
f 553 557 559
f 397 423 430
f 430 423 448
f 455 448 450
f 3707 3703 3708
f 553 556 557
f 780 770 777
f 387 388 377
f 783 765 781
f 3806 3810 3809
f 3808 3806 3809
f 3810 3811 3809
f 3262 3283 3257
f 3257 3283 3285
f 2679 2678 2677
f 2670 2674 2667
f 3660 3657 3661
f 2632 2661 2634
f 2670 2667 2669
f 2663 2664 2653
f 2936 2935 2939
f 4169 4171 4168
f 4142 4134 4141
f 5506 5522 5504
f 699 695 700
f 700 695 666
f 4281 4273 4274
f 669 666 537
f 669 537 588
f 4271 4266 4264
f 1531 1518 1536
f 537 538 588
f 5306 5308 5307
f 5482 5499 5476
f 537 534 538
f 534 539 538
f 542 546 539
f 543 548 542
f 543 566 548
f 958 956 957
f 962 969 958
f 450 451 454
f 3486 3500 3499
f 388 389 375
f 785 783 784
f 770 776 777
f 3499 3505 3508
f 387 442 441
f 387 441 388
f 765 769 781
f 781 769 780
f 780 769 770
f 3283 3286 3285
f 3659 3657 3660
f 3047 3046 3048
f 2667 2666 2665
f 2935 2940 2939
f 1204 1211 1201
f 4141 4134 4135
f 700 666 669
f 3787 3792 3786
f 5304 5306 5307
f 558 538 539
f 964 963 965
f 959 953 970
f 970 953 964
f 957 954 959
f 3488 3487 3481
f 3481 3487 3483
f 395 396 397
f 397 396 423
f 375 389 390
f 375 390 393
f 423 449 448
f 3707 3701 3703
f 3500 3505 3499
f 3508 3505 3509
f 3657 3656 3658
f 2695 2696 2678
f 2679 2695 2678
f 3286 3287 3285
f 2682 2695 2679
f 2667 2674 2666
f 2933 2934 2935
f 3047 3035 3046
f 3050 3038 3043
f 3043 3038 3034
f 4799 4797 4788
f 4800 4797 4799
f 669 588 704
f 4134 4133 4135
f 4267 4256 4265
f 1157 1159 1153
f 1153 1126 1130
f 5304 5305 5306
f 558 560 568
f 963 966 965
f 959 954 953
f 956 954 957
f 449 451 450
f 448 449 450
f 442 483 441
f 388 441 389
f 2692 2697 2698
f 2678 2693 2692
f 769 767 770
f 2696 2693 2678
f 2937 2934 2933
f 3034 3037 3035
f 4267 4255 4256
f 703 558 702
f 702 568 585
f 4133 4131 4128
f 702 558 568
f 568 569 585
f 568 560 569
f 560 570 569
f 4091 4090 4202
f 1533 1504 1505
f 1533 1505 1532
f 539 576 560
f 627 578 539
f 966 972 981
f 539 578 576
f 5474 5364 5475
f 958 961 956
f 390 389 447
f 390 436 393
f 396 424 423
f 3645 3663 3659
f 3678 3671 3679
f 3701 3702 3703
f 771 778 776
f 3505 3510 3509
f 2942 2938 2937
f 785 765 783
f 770 771 776
f 3509 3510 3511
f 2692 2694 2697
f 767 771 770
f 3511 3512 3513
f 3513 3512 3526
f 3513 3526 3527
f 3527 3526 3528
f 3527 3528 3529
f 2692 2693 2694
f 2937 2938 2934
f 3037 3040 3035
f 3035 3040 3045
f 4279 4272 4273
f 4254 4259 4244
f 585 572 690
f 620 610 619
f 619 610 609
f 585 569 572
f 4131 4129 4128
f 572 569 571
f 1153 1148 1126
f 569 570 571
f 560 575 570
f 560 576 575
f 1535 1504 1533
f 1130 1126 1129
f 3606 3605 3607
f 3602 3605 3606
f 964 953 963
f 3629 3603 3602
f 3490 3495 3483
f 3613 3611 3612
f 3653 3664 3655
f 3615 3614 3613
f 3663 3645 3647
f 3655 3664 3665
f 389 476 447
f 393 435 396
f 396 435 424
f 389 441 476
f 424 453 423
f 449 452 451
f 4116 4140 4119
f 423 453 449
f 785 786 765
f 786 768 765
f 3511 3510 3512
f 765 767 769
f 3038 3039 3037
f 3037 3039 3040
f 708 702 585
f 708 585 691
f 585 690 691
f 692 690 572
f 620 600 610
f 1159 1148 1153
f 571 574 572
f 1126 1128 1129
f 4095 4096 4098
f 963 967 966
f 3602 3604 3605
f 1129 1128 1131
f 3601 3604 3602
f 3608 3601 3603
f 3581 3577 3580
f 954 950 953
f 3609 3611 3610
f 1655 1654 1653
f 3483 3487 3490
f 3654 3664 3653
f 3507 3514 3515
f 3514 3520 3515
f 436 480 435
f 5251 5252 5253
f 447 480 436
f 449 453 452
f 771 773 778
f 773 782 779
f 778 773 779
f 2938 2943 2944
f 765 768 766
f 765 766 767
f 703 705 704
f 691 690 692
f 5469 5457 5461
f 5366 5361 5353
f 1148 1127 1126
f 570 573 571
f 1126 1127 1128
f 570 575 573
f 1128 1136 1131
f 952 968 963
f 3585 3577 3581
f 3584 3577 3585
f 954 955 950
f 1654 1643 1653
f 3668 3694 3672
f 3668 3672 3670
f 3672 3673 3670
f 956 955 954
f 4110 4200 4199
f 1643 1645 1651
f 1652 1643 1651
f 961 960 956
f 4199 4198 4108
f 3514 3523 3520
f 4125 4122 4115
f 3680 3676 3681
f 480 481 435
f 424 459 453
f 771 767 773
f 4290 4292 4294
f 691 692 717
f 705 703 706
f 703 702 706
f 2025 2039 2042
f 2025 2042 2030
f 684 599 600
f 599 593 600
f 598 593 599
f 600 593 610
f 5366 5367 5361
f 1146 1127 1148
f 598 586 593
f 571 573 586
f 575 671 573
f 2130 2131 2128
f 972 973 981
f 576 577 575
f 577 671 575
f 578 723 577
f 4201 4200 4099
f 3584 3578 3577
f 950 952 953
f 3487 3489 3490
f 3577 3576 3580
f 3576 3582 3580
f 3694 3695 3672
f 3621 3623 3619
f 1654 1646 1643
f 956 960 955
f 3490 3496 3495
f 3496 3506 3507
f 3507 3506 3514
f 481 474 435
f 435 474 424
f 3701 3704 3702
f 4302 4314 4308
f 2038 2044 2040
f 1159 1150 1148
f 1148 1150 1146
f 610 593 592
f 586 592 593
f 610 592 609
f 609 592 605
f 592 603 605
f 586 591 592
f 1128 1127 1136
f 967 973 972
f 671 589 573
f 2135 2136 2134
f 2620 2602 2604
f 577 723 671
f 3861 3860 3858
f 3575 3576 3577
f 3860 3859 3847
f 955 979 980
f 980 950 955
f 3859 3849 3847
f 1643 1646 1644
f 1644 1647 1645
f 1643 1644 1645
f 3863 3849 3859
f 960 974 955
f 3682 3693 3686
f 447 494 480
f 5862 5861 5860
f 424 474 459
f 453 459 457
f 453 457 452
f 3704 3705 3702
f 788 787 786
f 786 787 768
f 766 772 767
f 1410 1428 1427
f 5368 5369 5367
f 592 591 594
f 2128 2134 2129
f 3858 3846 3857
f 2621 2602 2620
f 671 675 589
f 586 589 590
f 586 590 591
f 3584 3586 3578
f 4874 4870 4873
f 3858 3860 3846
f 3860 3847 3846
f 3685 3687 3683
f 955 974 979
f 1646 1648 1644
f 3506 3516 3514
f 481 494 495
f 608 602 611
f 3516 3523 3514
f 452 457 458
f 3704 3706 3705
f 773 774 782
f 768 787 775
f 767 772 773
f 768 775 766
f 2038 2039 2027
f 2027 2039 2025
f 1457 1442 1443
f 594 603 592
f 1127 1137 1136
f 5363 5403 5347
f 594 597 603
f 603 597 604
f 3584 3587 3586
f 4870 4871 4873
f 4873 4871 4872
f 3006 3005 2998
f 2602 2600 2604
f 723 724 671
f 671 724 675
f 5911 5905 5908
f 589 675 590
f 590 595 591
f 591 595 594
f 597 608 604
f 950 982 951
f 950 951 952
f 675 673 590
f 597 602 608
f 1951 1940 1950
f 3579 3583 3582
f 3576 3579 3582
f 1648 1649 1644
f 1644 1649 1647
f 673 596 590
f 590 596 595
f 3000 3001 3004
f 522 509 508
f 522 508 507
f 508 500 507
f 507 500 494
f 978 974 976
f 976 974 960
f 5861 5853 5860
f 5860 5853 5859
f 602 612 611
f 612 613 611
f 782 774 792
f 772 774 773
f 2025 2026 2027
f 1160 1150 1159
f 1457 1458 1442
f 2061 2060 2059
f 3737 3734 3736
f 4870 4867 4871
f 4871 4864 4872
f 2998 3005 2999
f 2600 2603 2604
f 594 595 597
f 5909 5902 5905
f 2998 2999 3000
f 3853 3850 3848
f 1648 1650 1649
f 3000 2999 3001
f 675 714 673
f 595 602 597
f 505 500 508
f 500 496 494
f 494 496 495
f 673 714 596
f 506 505 509
f 5857 5856 5858
f 595 596 601
f 595 601 602
f 602 601 612
f 714 715 596
f 596 606 601
f 766 775 772
f 612 614 613
f 2025 2028 2026
f 1146 1137 1127
f 2048 2062 2059
f 1137 1138 1136
f 968 971 967
f 971 975 967
f 967 975 973
f 4620 4621 4622
f 3734 3735 3736
f 3735 3738 3736
f 5902 5903 5905
f 5905 5903 5908
f 5908 5913 5912
f 5911 5908 5912
f 2277 2275 2274
f 2999 3002 3001
f 5910 5898 5907
f 5907 5898 5906
f 2274 2272 2277
f 3002 3003 3001
f 500 499 496
f 496 499 498
f 495 496 497
f 496 498 497
f 506 504 505
f 5858 5867 5868
f 774 793 792
f 715 606 596
f 715 623 606
f 772 789 774
f 623 607 606
f 606 607 601
f 607 612 601
f 607 614 612
f 614 615 613
f 5523 5501 5431
f 1160 1149 1150
f 1150 1149 1146
f 5383 5392 5393
f 5387 5390 5389
f 2621 2605 2602
f 3491 3492 3490
f 2600 2601 2603
f 3490 3492 3496
f 2275 2268 2274
f 504 503 500
f 500 503 499
f 498 501 497
f 2274 2263 2272
f 775 790 791
f 775 791 772
f 772 791 789
f 2271 2273 2280
f 607 621 614
f 614 621 615
f 1149 1137 1146
f 1458 1456 1442
f 822 823 824
f 827 822 824
f 5903 5927 5908
f 2613 2612 2605
f 2605 2598 2602
f 2602 2598 2600
f 2599 2601 2600
f 3492 3497 3496
f 974 983 979
f 3496 3497 3506
f 3506 3517 3516
f 5873 5875 5872
f 5872 5875 5874
f 5872 5874 5871
f 2273 2276 2280
f 672 621 607
f 623 672 607
f 621 685 615
f 5213 5214 5215
f 5413 5412 5409
f 2598 2607 2599
f 2598 2599 2600
f 5898 5902 5906
f 3497 3517 3506
f 2268 2263 2274
f 3516 3517 3522
f 3522 3517 3524
f 812 821 826
f 499 502 498
f 498 502 501
f 2263 2248 2272
f 2272 2248 2271
f 2248 2247 2271
f 2271 2247 2273
f 2255 2259 2276
f 2273 2255 2276
f 672 698 621
f 2035 2037 2029
f 5903 5904 5927
f 5915 5913 5927
f 2598 2605 2607
f 5913 5914 5912
f 5912 5914 5926
f 1953 1939 1940
f 812 816 821
f 2247 2255 2273
f 2276 2259 2278
f 621 698 685
f 5551 5552 5553
f 5423 5420 5422
f 3452 3435 3412
f 3453 3413 3414
f 1149 1139 1137
f 5947 5949 5950
f 2607 2605 2610
f 3491 3494 3492
f 2599 2606 2601
f 3492 3494 3497
f 1953 1977 1939
f 2268 2267 2264
f 3517 3525 3524
f 2268 2264 2263
f 2263 2262 2248
f 2248 2245 2247
f 2255 2254 2259
f 5552 5554 5553
f 3424 3412 3432
f 3432 3425 3436
f 3436 3425 3427
f 1137 1139 1138
f 5929 5934 5937
f 1138 1139 1140
f 5915 5914 5913
f 2612 2611 2605
f 2607 2608 2599
f 2245 2246 2247
f 2247 2246 2252
f 2247 2252 2255
f 2259 2254 2278
f 2278 2254 2279
f 2989 2972 2988
f 2988 2972 2974
f 5453 5452 5521
f 5425 5459 5420
f 5918 5917 5915
f 1456 1449 1441
f 5915 5916 5914
f 5934 5935 5937
f 2618 2611 2612
f 2605 2611 2610
f 2608 2606 2599
f 1977 1978 1939
f 2263 2264 2262
f 2255 2252 2254
f 5934 5924 5935
f 2616 2608 2610
f 1139 1152 1140
f 2264 2260 2262
f 2262 2260 2245
f 2252 2253 2254
f 5521 5429 5433
f 5429 5435 5434
f 1155 1151 1149
f 1151 1139 1149
f 5455 5434 5436
f 2267 2266 2264
f 3497 3518 3517
f 1978 1941 1939
f 3518 3521 3517
f 3517 3521 3525
f 2260 2250 2245
f 2983 2976 2972
f 2972 2975 2973
f 2972 2973 2974
f 2974 2973 2977
f 5521 5454 5429
f 5223 5224 5222
f 5435 5436 5434
f 2250 2249 2245
f 2245 2249 2246
f 1486 1481 1468
f 2983 2984 2976
f 1155 1156 1151
f 1139 1151 1152
f 3525 3521 3530
f 2249 2251 2246
f 1930 1943 1928
f 3521 3531 3530
f 3531 3532 3530
f 1978 1981 1941
f 2257 2256 2249
f 2249 2256 2251
f 3494 3501 3497
f 3497 3501 3518
f 3518 3519 3521
f 1981 1946 1941
f 3521 3519 3531
f 2251 2256 2269
f 2982 2978 2981
f 1197 1156 1155
f 1156 1161 1151
f 1161 1162 1151
f 1151 1162 1152
f 3502 3501 3494
f 1197 1199 1156
f 3504 3503 3502
f 3502 3503 3501
f 3518 3501 3519
f 3519 3532 3531
f 1199 1189 1156
f 1161 1166 1162
f 1946 1955 1943
f 3534 3533 3501
f 3501 3533 3519
f 1199 1125 1189
f 1926 1968 1931
f 1166 1168 1162
f 2911 2908 2910
f 1926 1954 1968
f 3503 3534 3501
f 1955 1954 1943
f 3519 3533 3532
f 1975 1931 1967
f 1931 1968 1967
f 1968 1969 1964
f 2910 2907 2915
f 1955 1956 1954
f 1955 1946 1970
f 1955 1970 1956
f 3533 3536 3532
f 5316 5317 5318
f 1946 1982 1970
f 1112 1114 1166
f 2910 2908 2907
f 2907 2909 2915
f 2909 2918 2915
f 2918 2914 2917
f 2918 2917 2920
f 1982 1980 1970
f 2917 2919 2920
f 2909 2914 2918
f 1418 1391 1423
f 1391 1392 1422
f 1423 1391 1422
f 1112 1113 1114
f 2903 2913 2914
f 1116 1115 1112
f 1112 1115 1113
f 1114 1173 1172
f 2901 2898 2903
f 2903 2906 2913
f 2913 2916 2919
f 1121 1117 1116
f 1116 1117 1115
f 1113 1173 1114
f 2902 2900 2901
f 2900 2898 2901
f 1959 1971 1960
f 2903 2898 2906
f 1979 1971 1959
f 2906 2916 2913
f 1983 1979 1980
f 1113 1174 1173
f 5025 5024 5023
f 2900 2899 2898
f 2898 2876 2906
f 2906 2876 2916
f 1979 1983 1971
f 1115 1117 1118
f 1115 1118 1113
f 5830 5825 5826
f 2881 2876 2898
f 5020 5021 5022
f 5032 5033 5031
f 1117 1119 1118
f 1118 1175 1113
f 1113 1175 1174
f 2899 2889 2898
f 2898 2889 2881
f 5034 5035 5021
f 3543 3546 3544
f 3549 3548 3547
f 2899 2905 2904
f 2876 2873 2882
f 1871 1859 1860
f 2882 2873 2878
f 2912 2889 2904
f 2889 2890 2881
f 2876 2881 2872
f 2876 2872 2873
f 2878 2873 2877
f 3060 3061 3054
f 3060 3054 3059
f 2890 2891 2881
f 2881 2880 2872
f 1860 1857 1861
f 1861 1857 1870
f 2881 2891 2880
f 5825 5828 5827
f 3059 3054 3058
f 2873 2872 2871
f 2873 2871 2877
f 1857 1856 1870
f 1855 1856 1857
f 3054 3056 3058
f 2890 2892 2891
f 3054 3055 3056
f 2891 2894 2880
f 1856 1854 1870
f 2892 2893 2891
f 2893 2894 2891
f 2894 2869 2880
f 2880 2869 2872
f 2877 2871 2886
f 1855 1854 1856
f 2872 2869 2871
f 2871 2868 2886
f 2871 2869 2868
f 3055 3057 3056
f 2892 2923 2893
f 2893 2895 2894
f 5807 5796 5809
f 1853 1852 1854
f 1854 1852 1869
f 2923 2896 2893
f 2893 2896 2895
f 2894 2895 2869
f 2895 2867 2869
f 1869 1852 1851
f 2923 2921 2896
f 2867 2866 2868
f 2869 2867 2868
f 2895 2865 2867
f 2895 2896 2897
f 2867 2865 2866
f 5800 5797 5796
f 2895 2897 2865
f 1845 1847 1851
f 2921 2922 2896
f 2865 2863 2866
f 1845 1846 1847
f 1851 1847 1868
f 2897 2879 2865
f 5810 5797 5800
f 2922 2924 2897
f 2896 2922 2897
f 5810 5804 5797
f 2865 2861 2863
f 2865 2879 2861
f 2863 2861 2862
f 2897 2924 2879
f 2879 2870 2861
f 2862 2861 2860
f 1868 1847 1849
f 2922 2925 2924
f 5797 5804 5801
f 1848 1849 1847
f 2925 2926 2924
f 2879 2883 2870
f 2861 2870 2864
f 2861 2853 2860
f 2860 2853 2859
f 2870 2883 2864
f 2861 2864 2853
f 1848 1850 1849
f 5834 5798 5806
f 2925 2927 2926
f 2926 2930 2879
f 2924 2926 2879
f 2864 2851 2853
f 1849 1850 1862
f 2879 2930 2883
f 1873 1850 1848
f 5811 5837 5836
f 2930 2884 2883
f 2883 2884 2864
f 2852 2854 2853
f 2851 2852 2853
f 2864 2857 2851
f 2864 2874 2857
f 2857 2852 2851
f 2884 2874 2864
f 2926 2929 2930
f 4585 4589 4590
f 4607 4606 4608
f 2852 2855 2854
f 2874 2858 2857
f 1850 1863 1862
f 2927 2928 2926
f 2926 2928 2929
f 2929 2931 2930
f 2930 2931 2884
f 2931 2888 2884
f 4605 4602 4597
f 5185 5186 5187
f 2884 2888 2887
f 2884 2887 2874
f 4407 4394 4406
f 4407 4392 4394
f 4406 4394 4404
f 4394 4395 4404
f 4395 4396 4402
f 5837 5845 5838
f 4397 4393 4398
f 4324 4322 4321
f 4599 4601 4606
f 2885 2875 2874
f 2874 2875 2858
f 1865 1864 1850
f 1850 1864 1863
f 4392 4408 4393
f 4392 4393 4394
f 4393 4396 4395
f 4394 4393 4395
f 4408 4400 4393
f 4396 4397 4402
f 4321 4322 4323
f 4393 4399 4398
f 4403 4401 4399
f 4409 4403 4399
f 4399 4401 4398
f 4597 4602 4598
f 4403 4405 4401
f 4597 4598 4599
f 4599 4598 4600
f 4599 4600 4601
f 2888 2874 2887
f 2888 2885 2874
f 4323 4322 4329
f 4400 4399 4393
f 4602 4603 4598
f 4600 4604 4601
f 2931 2932 2888
f 2888 2932 2885
f 5144 5143 5142
f 5163 5162 5159
f 5142 5143 5140
f 5163 5159 5154
f 5140 5145 5148
f 4603 4600 4598
f 5139 5140 5141
f 5141 5146 5147
f 5162 5151 5159
f 5146 5138 5147
f 3911 3910 3901
f 3901 3910 3909
f 4708 4709 4707
f 4704 4708 4707
f 1577 1580 1575
f 3917 3912 3911
f 4771 4772 4773
f 4711 4710 4706
f 4706 4704 4703
f 4703 4704 4705
f 4705 4704 4707
f 5048 5046 5045
f 5247 5246 5248
f 5247 5248 5250
f 5056 5058 5057
f 1675 1674 1676
f 1628 1577 1578
f 1578 1577 1576
f 1576 1577 1575
f 5018 5010 5013
f 5013 5010 5014
f 5244 5246 5245
f 5245 5246 5247
f 5010 5011 5012
f 4416 4418 4417
f 5010 5012 5016
f 1576 1575 1574
f 5019 5018 5013
f 3876 3875 3878
f 5050 5048 5049
f 2084 2077 2083
f 5249 5247 5250
f 5053 5056 5055
f 5055 5056 5057
f 1673 1674 1675
f 1675 1676 1694
f 1675 1694 1693
f 4415 4416 4417
f 1561 1560 1578
f 1560 1561 1559
f 4592 4591 4596
f 4876 4879 4877
f 4877 4879 4880
f 3879 3875 3877
f 3875 3876 3877
f 1574 1575 1570
f 4907 4908 4906
f 5049 5047 5051
f 4613 4614 4610
f 5249 5245 5247
f 1675 1693 1692
f 1557 1560 1559
f 4878 4876 4875
f 4875 4876 4877
f 1569 1574 1570
f 4905 4907 4906
f 1673 1675 1684
f 1684 1675 1692
f 1557 1559 1558
f 5240 5239 5241
f 5241 5239 5242
f 4904 4906 4909
f 1568 1569 1566
f 5052 5053 5054
f 5053 5055 5054
f 1567 1568 1566
f 1566 1569 1565
f 1565 1569 1570
f 5064 5049 5052
f 1667 1672 1660
f 1660 1672 1673
f 1557 1558 1550
f 1660 1673 1684
f 1550 1567 1566
f 5063 5064 5052
f 1572 1557 1543
f 1550 1566 1565
f 5061 5064 5063
f 1660 1684 1690
f 1553 1572 1543
f 1543 1557 1550
f 1550 1565 1564
f 5059 5061 5063
f 1657 1667 1660
f 1563 1550 1564
f 1682 1657 1670
f 1553 1543 1540
f 1543 1550 1542
f 1542 1550 1563
f 1540 1543 1542
f 1658 1660 1687
f 1687 1660 1690
f 1553 1540 1552
f 1541 1542 1563
f 1670 1657 1656
f 1656 1657 1658
f 5066 5062 5065
f 1658 1687 1686
f 1659 1658 1686
f 1552 1540 1538
f 1538 1540 1539
f 1539 1540 1541
f 1656 1658 1659
f 1554 1552 1538
f 1539 1541 1573
f 1671 1656 1661
f 1661 1656 1659
f 1662 1659 1686
f 1545 1554 1538
f 1662 1686 1688
f 1669 1671 1661
f 1661 1659 1662
f 5075 5084 5074
f 1545 1538 1537
f 1537 1538 1539
f 1664 1662 1688
f 1555 1545 1546
f 1546 1545 1537
f 1537 1539 1544
f 5070 5067 5068
f 1669 1661 1663
f 1663 1661 1662
f 1680 1671 1669
f 1551 1555 1546
f 1663 1662 1664
f 1562 1537 1544
f 1556 1551 1549
f 1549 1551 1546
f 1549 1546 1547
f 1546 1537 1547
f 1668 1663 1665
f 1665 1663 1664
f 1548 1547 1537
f 1666 1665 1664
f 1666 1664 1689
f 1664 1691 1689
f 1537 1562 1548
f 1548 1562 1579
f 1668 1665 1666
f 4565 4564 4566
f 4565 4566 4570
f 4900 4898 4897
f 110 111 109
f 109 111 112
f 113 112 114
f 113 114 108
f 108 114 121
f 116 115 110
f 1594 1597 1591
f 1591 1597 1584
f 1547 1548 1581
f 4362 4358 4357
f 109 112 113
f 108 121 119
f 1591 1584 1585
f 1584 1547 1582
f 1582 1547 1581
f 1585 1584 1582
f 1582 1581 1583
f 82 110 109
f 1324 1332 1301
f 1583 1581 1598
f 1581 1599 1598
f 82 109 80
f 1594 1591 1587
f 1591 1585 1587
f 1587 1585 1586
f 1586 1585 1582
f 1586 1582 1583
f 109 113 80
f 80 113 108
f 80 108 94
f 108 119 94
f 1325 1283 1284
f 1323 1327 1284
f 82 80 79
f 79 80 75
f 78 82 79
f 1595 1594 1587
f 1323 1284 1298
f 1298 1319 1337
f 1323 1298 1337
f 81 75 80
f 80 94 81
f 77 79 75
f 120 94 119
f 118 94 120
f 1596 1595 1592
f 1592 1595 1587
f 1592 1587 1588
f 1587 1586 1588
f 1588 1586 1589
f 1589 1586 1590
f 1586 1583 1590
f 1337 1319 1350
f 1637 1634 1627
f 94 118 81
f 78 79 77
f 1592 1588 1601
f 1319 1316 1350
f 74 75 81
f 69 77 75
f 78 77 70
f 1642 1596 1592
f 104 78 70
f 1589 1601 1588
f 1604 1601 1589
f 1604 1589 1590
f 1604 1590 1606
f 1623 1590 1593
f 5313 5314 5315
f 1634 1623 1593
f 70 77 69
f 102 103 100
f 1602 1592 1601
f 1602 1601 1603
f 1601 1604 1603
f 1604 1606 1605
f 1623 1606 1590
f 69 74 73
f 3242 3243 3240
f 3243 3245 3240
f 3240 3245 3244
f 101 102 100
f 100 104 70
f 1602 1603 1607
f 1603 1604 1605
f 3241 3242 3240
f 68 70 69
f 1607 1603 1605
f 1260 1263 1262
f 1260 1262 1261
f 1607 1605 1606
f 84 70 68
f 100 70 84
f 101 100 84
f 1607 1606 1610
f 1610 1606 1613
f 1613 1606 1621
f 1613 1621 1622
f 3241 3240 3239
f 66 101 84
f 3240 3244 3238
f 1607 1610 1608
f 1259 1260 1258
f 1610 1613 1616
f 1625 1613 1622
f 69 73 72
f 1602 1607 1608
f 1608 1610 1616
f 68 69 67
f 66 84 65
f 4913 4912 4911
f 1609 1602 1608
f 67 69 72
f 64 66 65
f 63 84 68
f 1611 1609 1608
f 1808 1804 1809
f 3239 3240 3236
f 65 84 63
f 3236 3240 3238
f 1611 1608 1617
f 1617 1608 1616
f 1349 1348 1310
f 3078 3081 3098
f 1803 1804 1798
f 1791 1803 1798
f 1798 1804 1808
f 1808 1809 1806
f 1809 1812 1810
f 1812 1826 1810
f 3237 3239 3236
f 1805 1804 1803
f 1806 1809 1810
f 1810 1826 1825
f 1825 1826 1835
f 67 72 71
f 59 68 67
f 63 68 59
f 64 65 63
f 1833 1805 1832
f 1829 1805 1793
f 1793 1805 1803
f 1808 1806 1798
f 1824 1810 1825
f 1825 1835 1823
f 62 64 63
f 1612 1609 1611
f 3089 3088 3091
f 3091 3088 3087
f 1791 1798 1792
f 1806 1810 1811
f 2113 2109 2122
f 1840 1834 1831
f 1793 1803 1791
f 1792 1798 1806
f 1792 1806 1807
f 1807 1806 1811
f 59 67 57
f 57 67 71
f 3469 3468 3460
f 3571 3561 3572
f 60 63 59
f 3572 3561 3556
f 4891 4890 4889
f 3236 3238 3228
f 4377 4380 4378
f 3093 3126 3124
f 3093 3124 3094
f 1836 1840 1831
f 1795 1792 1807
f 1807 1811 1819
f 1811 1824 1821
f 1821 1824 1823
f 1821 1823 1822
f 3460 3468 3461
f 2108 2109 2110
f 3471 3469 3460
f 3471 3460 3458
f 3231 3237 3236
f 60 62 63
f 2109 2113 2112
f 4374 4377 4375
f 4888 4889 4890
f 4375 4377 4378
f 839 851 841
f 3887 3889 3888
f 1839 1841 1840
f 1614 1611 1617
f 1368 1367 1366
f 1831 1833 1832
f 1799 1829 1793
f 1799 1793 1790
f 1790 1793 1791
f 1795 1807 1797
f 1828 1807 1819
f 2523 2514 2513
f 1816 1811 1821
f 32 33 34
f 2118 2119 2121
f 61 62 60
f 4915 4914 4916
f 4921 4915 4916
f 4373 4374 4375
f 4947 4949 4944
f 4451 4450 4449
f 234 247 367
f 3539 3542 3540
f 218 219 217
f 1612 1611 1614
f 1839 1840 1836
f 282 310 357
f 1790 1791 1792
f 1792 1795 1794
f 1816 1821 1820
f 1820 1821 1822
f 2376 2378 2375
f 3460 3461 3459
f 60 59 58
f 2437 2441 2433
f 264 250 265
f 3231 3236 3228
f 3104 3101 3116
f 214 217 215
f 3116 3101 3106
f 3106 3107 3111
f 4943 4948 4947
f 368 234 367
f 3556 3557 3558
f 1838 1839 1836
f 1614 1617 1618
f 1831 1832 1799
f 1790 1792 1794
f 1796 1794 1795
f 1816 1828 1819
f 2375 2377 2372
f 842 839 834
f 57 71 56
f 56 71 91
f 2434 2437 2433
f 4368 4373 4369
f 3117 3104 3116
f 3455 3458 3456
f 3458 3460 3459
f 3459 3461 3462
f 2433 2441 2439
f 61 60 58
f 3573 3556 3563
f 368 367 370
f 3726 3714 3712
f 838 839 841
f 1612 1614 1615
f 841 851 837
f 1836 1831 1830
f 1830 1831 1799
f 1801 1799 1800
f 1800 1799 1790
f 1813 1790 1794
f 1795 1797 1796
f 1797 1828 1816
f 2523 2513 2527
f 2115 2110 2114
f 2114 2118 2116
f 2115 2114 2116
f 4364 4368 4365
f 2422 2434 2433
f 2373 2376 2375
f 4365 4368 4369
f 272 215 228
f 2431 2433 2439
f 2439 2438 2431
f 834 839 838
f 4943 4945 4946
f 4448 4444 4446
f 3563 3556 3559
f 3559 3556 3558
f 1619 1612 1615
f 837 838 841
f 1620 1614 1618
f 1830 1799 1801
f 729 734 737
f 729 737 732
f 737 738 732
f 750 752 749
f 1800 1790 1802
f 1813 1794 1796
f 1797 1816 1815
f 1815 1816 1820
f 3119 3118 3121
f 2374 2376 2373
f 2370 2375 2372
f 2420 2434 2422
f 2373 2375 2370
f 56 91 92
f 216 215 272
f 835 842 834
f 3467 3456 3459
f 3225 3231 3228
f 368 370 371
f 3559 3558 3565
f 1615 1614 1620
f 1838 1836 1837
f 1620 1618 1624
f 1837 1836 1830
f 164 159 170
f 171 170 200
f 288 291 293
f 291 294 293
f 289 291 288
f 287 289 288
f 293 294 301
f 2518 2528 2530
f 1802 1790 1813
f 1814 1813 1796
f 1814 1796 1815
f 1796 1797 1815
f 2186 2187 2192
f 2193 2186 2192
f 2192 2191 2194
f 3122 3120 3130
f 2115 2116 2125
f 3118 3112 3122
f 3717 3718 3720
f 4366 4364 4363
f 3119 3121 3133
f 2370 2372 2371
f 4363 4364 4365
f 245 216 272
f 3455 3456 3457
f 3456 3467 3457
f 3457 3467 3459
f 3459 3462 3463
f 3573 3563 3574
f 210 216 245
f 3563 3559 3574
f 3574 3559 3567
f 3225 3228 3227
f 834 838 830
f 55 89 95
f 4939 4940 4941
f 207 210 224
f 4448 4447 4452
f 161 159 164
f 233 171 203
f 290 289 287
f 2518 2530 2526
f 2186 2184 2187
f 2192 2187 2191
f 2126 2115 2125
f 3121 3118 3122
f 4058 4063 4062
f 2424 2422 2433
f 2433 2431 2424
f 2431 2435 2432
f 373 372 371
f 3723 3711 3713
f 3455 3457 3474
f 3457 3459 3463
f 2322 2325 2324
f 4062 4066 4052
f 224 210 245
f 4336 4335 4338
f 89 55 86
f 830 838 837
f 4339 4341 4342
f 3567 3559 3566
f 1619 1615 1620
f 4341 4355 4345
f 197 233 203
f 161 164 163
f 1837 1830 1842
f 1830 1801 1827
f 1842 1830 1827
f 1985 1987 1992
f 1362 1363 1359
f 736 734 731
f 731 734 729
f 731 729 728
f 729 732 730
f 730 732 733
f 1800 1802 1818
f 750 749 748
f 2006 2012 2009
f 1818 1802 1813
f 1818 1813 1817
f 346 292 290
f 3596 3595 3593
f 3593 3595 3589
f 3595 3594 3589
f 1817 1813 1814
f 2525 2539 2540
f 1817 1814 1815
f 4069 4063 4067
f 3721 3717 3720
f 2367 2374 2366
f 4367 4366 4363
f 4054 4058 4053
f 2423 2422 2424
f 2362 2370 2371
f 2421 2420 2417
f 2313 2288 2312
f 4052 4066 4065
f 55 58 48
f 2415 2421 2417
f 832 834 830
f 3464 3457 3463
f 3464 3463 3465
f 3465 3463 3470
f 85 86 55
f 270 205 223
f 830 837 836
f 837 840 836
f 252 163 167
f 167 166 197
f 1844 1838 1837
f 155 158 160
f 160 158 161
f 728 729 730
f 755 750 751
f 1801 1800 1818
f 1827 1801 1818
f 750 748 751
f 3593 3589 3588
f 2187 2188 2189
f 747 749 754
f 2187 2189 2191
f 2365 2369 2361
f 2575 2578 2579
f 4067 4063 4060
f 4063 4058 4060
f 2368 2372 2365
f 4367 4363 4370
f 2583 2577 2576
f 2577 2578 2575
f 4060 4058 4054
f 2374 2373 2363
f 846 835 844
f 2423 2424 2425
f 2363 2373 2370
f 844 835 832
f 2316 2317 2333
f 4054 4053 4050
f 2419 2417 2420
f 2431 2432 2384
f 832 835 834
f 4053 4052 4050
f 4050 4052 4051
f 4051 4052 4065
f 45 55 48
f 88 86 85
f 3474 3457 3473
f 3457 3464 3473
f 3964 3962 3963
f 2410 2414 2415
f 204 205 270
f 162 160 163
f 3949 3953 3952
f 124 155 127
f 1360 1362 1359
f 2185 2183 2184
f 2183 2182 2184
f 748 749 747
f 468 521 490
f 2360 2365 2361
f 2575 2579 2580
f 4068 4067 4060
f 2368 2365 2360
f 2576 2577 2572
f 2572 2577 2575
f 2335 2312 2316
f 2366 2374 2363
f 4055 4054 4050
f 2419 2422 2423
f 2424 2431 2384
f 2363 2370 2362
f 3399 3401 3394
f 2419 2420 2422
f 58 57 48
f 48 57 56
f 56 92 53
f 4051 4065 4059
f 2416 2415 2417
f 87 88 85
f 2410 2415 2416
f 832 830 829
f 3464 3465 3466
f 829 830 831
f 3472 3473 3464
f 2413 2414 2410
f 2430 2436 2426
f 2426 2436 2413
f 831 830 836
f 3947 3961 3949
f 167 197 271
f 4028 4015 4016
f 196 127 162
f 836 840 848
f 848 840 850
f 1843 1837 1842
f 4027 4037 4038
f 136 176 129
f 2235 2207 2228
f 735 731 728
f 2229 2228 2196
f 2183 2195 2178
f 2183 2178 2182
f 2182 2178 2181
f 2178 2179 2181
f 2229 2196 2183
f 2188 2181 2190
f 2188 2190 2189
f 1899 1905 1901
f 3919 3920 3921
f 3820 3821 3822
f 3397 3405 3404
f 5287 5288 5289
f 4061 4060 4055
f 2316 2333 2336
f 5283 5288 5287
f 4367 4370 4371
f 2571 2576 2572
f 4055 4050 4049
f 2419 2423 2408
f 2418 2417 2419
f 4049 4050 4051
f 2416 2417 2418
f 4057 4051 4059
f 2448 2447 2443
f 3946 3947 3948
f 273 162 252
f 3948 3947 3949
f 1844 1837 1843
f 4742 4748 4743
f 4009 4037 4027
f 4741 4740 4742
f 4734 4740 4741
f 2228 2206 2196
f 2175 2180 2179
f 2196 2195 2183
f 2181 2179 2190
f 3588 3589 3590
f 748 747 744
f 759 748 744
f 3922 3919 3921
f 3921 3920 3927
f 5287 5289 5290
f 2352 2367 2366
f 4372 4367 4371
f 2571 2572 2573
f 2572 2575 2574
f 2408 2423 2425
f 2425 2424 2382
f 2382 2424 2384
f 844 832 845
f 49 48 56
f 49 56 53
f 53 92 93
f 3224 3225 3223
f 2418 2419 2403
f 2404 2419 2408
f 2381 2384 2383
f 4056 4049 4051
f 4056 4051 4057
f 87 85 45
f 2411 2410 2416
f 2409 2410 2411
f 849 829 831
f 2426 2413 2412
f 2412 2413 2410
f 2443 2447 2430
f 149 141 267
f 267 141 255
f 255 141 196
f 196 162 273
f 2454 2448 2452
f 836 848 847
f 3950 3949 3952
f 847 848 850
f 132 131 130
f 2175 2174 2180
f 2195 2197 2178
f 2178 2197 2177
f 4045 4027 4046
f 2232 2227 2224
f 2206 2198 2196
f 1996 1985 1995
f 739 731 735
f 1995 1985 1992
f 4731 4733 4734
f 4732 4731 4735
f 4736 4732 4735
f 1921 1919 1920
f 4738 4737 4732
f 4738 4732 4736
f 4744 4745 4737
f 4744 4737 4739
f 3591 3590 3599
f 745 744 747
f 744 745 741
f 3924 3922 3923
f 3923 3922 3921
f 3923 3921 3928
f 3395 3397 3404
f 3931 3930 3932
f 2360 2361 2359
f 2581 2575 2580
f 2581 2580 2582
f 5282 5283 5284
f 5284 5283 5287
f 3728 3725 3727
f 2366 2363 2352
f 2573 2572 2574
f 3390 3388 3394
f 2408 2425 2382
f 2352 2363 2353
f 2363 2362 2353
f 2362 2371 2360
f 2403 2419 2404
f 2382 2384 2381
f 845 832 833
f 47 45 48
f 2407 2416 2418
f 2407 2418 2403
f 833 832 829
f 3892 3891 3894
f 3894 3891 3895
f 2412 2410 2409
f 2442 2443 2430
f 2427 2426 2412
f 2442 2430 2428
f 831 836 843
f 3948 3949 3950
f 2197 2203 2177
f 2175 2177 2173
f 2173 2174 2175
f 2207 2198 2206
f 2196 2198 2197
f 2196 2197 2195
f 184 185 135
f 1919 1907 1913
f 3588 3590 3591
f 4746 4745 4744
f 1906 1907 1908
f 1908 1907 1909
f 1908 1909 1911
f 743 744 741
f 741 745 746
f 2549 2547 2544
f 3928 3921 3927
f 3395 3404 3403
f 5286 5282 5285
f 5285 5282 5284
f 3931 3932 3945
f 76 53 93
f 47 48 49
f 2404 2408 2391
f 2353 2362 2354
f 2571 2573 2584
f 3221 3224 3223
f 2381 2383 2380
f 3221 3223 3222
f 3221 3222 3220
f 833 829 852
f 3940 3939 3941
f 44 87 45
f 2411 2416 2407
f 852 829 849
f 3896 3890 3893
f 2428 2426 2427
f 831 843 849
f 140 139 173
f 2466 2468 2455
f 2452 2448 2453
f 3951 3948 3950
f 3200 3229 3186
f 2200 2203 2197
f 2173 2172 2174
f 2174 2172 2176
f 2198 2199 2197
f 2207 2205 2198
f 2224 2205 2207
f 1998 1996 1997
f 3592 3588 3591
f 3979 3976 3992
f 3992 3976 3995
f 1908 1911 1910
f 2829 2823 2825
f 3928 3927 3933
f 3933 3927 3931
f 5108 5087 5086
f 3936 3933 3945
f 3933 3931 3945
f 2355 2360 2359
f 3934 3936 3938
f 3936 3945 3938
f 4627 4628 4629
f 4627 4629 4631
f 4372 4371 4376
f 3934 3938 3939
f 2391 2408 2390
f 2390 2408 2382
f 2354 2362 2355
f 4376 4371 4379
f 2584 2573 2585
f 2573 2574 2586
f 2585 2573 2586
f 2586 2574 2581
f 3940 3934 3939
f 44 45 43
f 3212 3213 3211
f 174 147 146
f 194 149 267
f 2460 2467 2466
f 2460 2466 2455
f 2455 2468 2454
f 2455 2454 2451
f 2442 2428 2429
f 2429 2428 2427
f 2427 2412 2402
f 146 140 174
f 3197 3219 3200
f 843 836 847
f 2173 2168 2172
f 2205 2199 2198
f 1357 1358 1352
f 1037 1058 1054
f 2826 2828 2831
f 741 746 742
f 5089 5092 5091
f 3929 3923 3928
f 3929 3928 3935
f 3935 3928 3933
f 3935 3933 3936
f 4628 4627 4630
f 2355 2359 2358
f 3214 3213 3212
f 2390 2382 2379
f 2379 2382 2381
f 2587 2581 2582
f 2587 2582 2588
f 3942 3934 3940
f 43 45 47
f 4631 4629 4700
f 2586 2581 2587
f 2586 2587 2589
f 38 44 43
f 2240 2239 2169
f 2405 2411 2407
f 2209 2208 2201
f 2202 2209 2201
f 2201 2208 2204
f 5003 5006 5005
f 3402 3389 3376
f 3196 3211 3197
f 2397 2409 2411
f 2397 2411 2405
f 5004 5006 5003
f 2451 2454 2452
f 2201 2204 2203
f 2204 2169 2168
f 2203 2204 2168
f 4987 5004 5003
f 4987 5003 4994
f 2202 2201 2199
f 2200 2201 2203
f 4422 4428 4420
f 3182 3185 3192
f 3182 3192 3184
f 2202 2199 2210
f 2199 2201 2200
f 2172 2168 2170
f 3951 3950 3955
f 4424 4428 4429
f 3204 3200 3186
f 3181 3185 3182
f 338 337 191
f 2197 2199 2200
f 3186 3185 3181
f 191 337 187
f 2205 2210 2199
f 2224 2221 2222
f 1047 1056 1006
f 3598 3592 3597
f 3597 3592 3591
f 3591 3599 3600
f 743 741 740
f 740 741 742
f 740 742 756
f 5089 5091 5090
f 3396 3395 3403
f 5088 5089 5090
f 5091 5096 5090
f 5096 5091 5098
f 3387 3395 3396
f 5110 5108 5109
f 5090 5093 5088
f 5093 5090 5096
f 5086 5088 5094
f 5097 5093 5096
f 5097 5096 5098
f 5097 5098 5100
f 5095 5086 5094
f 5095 5094 5093
f 5095 5093 5099
f 3937 3935 3934
f 50 49 51
f 51 49 53
f 96 76 93
f 3226 3224 3221
f 2348 2352 2349
f 3937 3934 3942
f 50 47 49
f 3214 3212 3215
f 2352 2353 2349
f 2356 2355 2358
f 152 148 147
f 2403 2404 2389
f 2389 2404 2391
f 1237 1250 1249
f 2407 2403 2393
f 2379 2381 2380
f 2379 2380 2347
f 2215 2225 2209
f 2169 2239 2171
f 174 173 198
f 198 194 267
f 2215 2209 2202
f 2462 2467 2460
f 2456 2455 2451
f 2444 2443 2442
f 4995 5003 5005
f 2402 2412 2409
f 2210 2215 2202
f 2168 2169 2170
f 4994 5003 4995
f 3199 3197 3200
f 2451 2452 2445
f 2445 2452 2453
f 3199 3200 3204
f 3182 3184 3183
f 180 150 142
f 4988 4987 4994
f 3951 3955 3956
f 4988 4994 4991
f 3181 3182 3183
f 338 191 193
f 2205 2211 2210
f 2221 2220 2211
f 2222 2221 2211
f 2211 2205 2222
f 1047 1007 1045
f 1351 1352 1353
f 1007 1047 1006
f 1044 1052 1049
f 3597 3591 3600
f 1923 1922 1918
f 341 331 342
f 756 742 757
f 5109 5108 5107
f 5108 5086 5107
f 5086 5095 5107
f 5101 5097 5100
f 51 53 54
f 54 53 76
f 5099 5093 5097
f 3937 3942 3943
f 3943 3942 3940
f 3943 3940 3944
f 2388 2403 2389
f 2389 2391 2390
f 2338 2390 2379
f 1246 1237 1249
f 2485 2486 2482
f 174 198 268
f 2393 2403 2388
f 2351 2353 2354
f 2349 2353 2351
f 2218 2226 2217
f 2226 2225 2217
f 2470 2467 2462
f 2379 2347 2341
f 2217 2225 2215
f 2459 2455 2457
f 2457 2455 2456
f 2397 2402 2409
f 2217 2215 2212
f 2212 2215 2210
f 2170 2169 2171
f 4995 5005 4997
f 4996 4995 4997
f 4996 4997 4998
f 2401 2427 2402
f 4994 4995 4996
f 2214 2212 2213
f 2216 2214 2213
f 2211 2212 2210
f 193 191 181
f 2213 2212 2211
f 2213 2211 2244
f 4991 4996 4999
f 4999 4996 5000
f 4999 5000 5001
f 3207 3186 3181
f 2220 2214 2211
f 2968 2967 2966
f 1355 1357 1352
f 1045 1021 1050
f 1045 1050 1051
f 1038 1037 1054
f 1034 1044 1049
f 2994 2990 2995
f 5679 5643 5646
f 3386 3387 3396
f 5130 5110 5109
f 5099 5097 5101
f 5107 5095 5106
f 3215 3212 3217
f 5106 5095 5099
f 2346 2348 2349
f 154 143 148
f 36 38 37
f 37 38 43
f 2471 2470 2462
f 2338 2389 2390
f 2338 2379 2340
f 3196 3197 3195
f 2392 2393 2388
f 2340 2379 2341
f 3195 3197 3199
f 2444 2442 2446
f 2442 2429 2446
f 2394 2405 2407
f 2341 2347 2344
f 2429 2427 2401
f 2219 2218 2214
f 2218 2217 2214
f 2214 2217 2212
f 3203 3199 3204
f 5000 4996 4998
f 4419 4422 4420
f 3187 3183 3184
f 353 193 259
f 4419 4420 4421
f 3207 3183 3187
f 1354 1356 1355
f 2220 2219 2214
f 1354 1355 1352
f 4999 5001 5002
f 1007 1021 1045
f 1006 1003 1007
f 1033 1057 1043
f 1052 1044 1043
f 1031 1049 1048
f 3026 3030 3027
f 756 757 758
f 2994 2991 2990
f 2990 2991 2992
f 758 757 760
f 2990 2992 2993
f 2993 2992 2996
f 5680 5681 5618
f 5618 5681 5689
f 4644 4646 4645
f 4645 4658 4642
f 3386 3396 3400
f 3396 3403 3400
f 3377 3387 3379
f 5101 5100 5105
f 3217 3212 3194
f 2477 2485 2482
f 5106 5099 5104
f 37 43 42
f 2472 2476 2470
f 2472 2470 2471
f 3194 3212 3196
f 3194 3196 3195
f 2346 2349 2350
f 4635 4636 4680
f 2386 2389 2338
f 2350 2349 2351
f 1023 1053 1022
f 2456 2451 2450
f 1022 1053 1055
f 2450 2451 2445
f 2446 2429 2401
f 2394 2397 2405
f 3203 3204 3207
f 3187 3188 3189
f 4882 4884 4883
f 4881 4882 4883
f 996 1021 1007
f 1354 1352 1351
f 1003 996 1007
f 1002 1003 1006
f 1035 1002 1006
f 1044 1040 1043
f 1040 1033 1043
f 1030 1044 1034
f 2725 2717 2817
f 1031 1048 1024
f 2568 2564 2566
f 5327 5323 5326
f 3026 3027 3025
f 5682 5680 5620
f 5641 5687 5614
f 5679 5646 5648
f 5109 5107 5122
f 1233 1234 1235
f 5647 5645 5676
f 1235 1237 1233
f 5122 5107 5106
f 52 47 50
f 43 47 52
f 1237 1245 1244
f 1231 1237 1244
f 5099 5101 5102
f 5101 5105 5103
f 3217 3194 3193
f 2477 2482 2476
f 5104 5099 5102
f 3193 3194 3195
f 2471 2462 2464
f 2464 2462 2461
f 177 143 178
f 2462 2460 2461
f 2461 2460 2459
f 2461 2459 2457
f 3201 3195 3199
f 2458 2457 2456
f 2386 2388 2389
f 2386 2338 2342
f 2339 2338 2340
f 2339 2340 2341
f 3190 3189 3191
f 2450 2445 2449
f 2449 2445 2444
f 2394 2393 2392
f 2337 2338 2339
f 2344 2346 2345
f 1012 1039 1023
f 1012 1023 1022
f 3190 3187 3189
f 2400 2401 2402
f 2343 2339 2341
f 2343 2341 2344
f 2343 2344 2345
f 1021 1012 1022
f 2953 2959 2956
f 990 995 994
f 994 995 996
f 996 995 1012
f 2951 2950 2953
f 986 990 994
f 996 1012 1021
f 994 996 1003
f 986 994 1001
f 1001 994 1002
f 1002 994 1003
f 1001 1002 1035
f 1004 1001 1037
f 1001 1035 1037
f 1004 1037 1038
f 1033 1004 1038
f 1040 1032 1033
f 1030 1040 1044
f 1046 1040 1030
f 1031 1030 1034
f 2814 2731 2821
f 2821 2731 2725
f 2817 2821 2725
f 2798 2804 2799
f 762 760 763
f 763 760 764
f 5684 5682 5620
f 5620 5680 5618
f 5720 5642 5679
f 26 27 28
f 240 241 243
f 5658 5656 5659
f 1224 1234 1233
f 5131 5130 5124
f 5130 5109 5122
f 5124 5130 5122
f 83 43 52
f 2472 2477 2476
f 5119 5106 5104
f 98 97 46
f 46 97 35
f 5102 5101 5103
f 35 36 37
f 5120 5119 5121
f 5121 5119 5129
f 4425 4437 4432
f 2342 2338 2337
f 3209 3187 3190
f 2400 2402 2397
f 2959 2953 2958
f 2401 2400 2398
f 2958 2953 2950
f 985 989 986
f 986 989 990
f 984 985 986
f 984 986 1001
f 1004 984 1001
f 988 984 1004
f 988 1004 1033
f 1032 988 1033
f 1029 1040 1046
f 2814 2819 2735
f 1024 1030 1031
f 464 417 415
f 3873 3872 3874
f 1016 1024 1019
f 5326 5323 5322
f 3024 3026 3025
f 3335 3334 3333
f 5733 5682 5732
f 5618 5689 5612
f 5689 5641 5612
f 5612 5641 5614
f 5612 5614 5611
f 5614 5615 5611
f 5611 5615 5685
f 5723 5679 5722
f 5648 5646 5647
f 1226 1231 1244
f 5117 5122 5106
f 2474 2477 2472
f 2473 2472 2471
f 40 46 35
f 40 35 39
f 3378 3379 3383
f 5112 5106 5119
f 39 35 37
f 3198 3193 3195
f 3198 3195 3201
f 2475 2471 2464
f 2464 2461 2465
f 3201 3199 3202
f 3202 3199 3203
f 2458 2456 2450
f 5119 5115 5112
f 5115 5119 5120
f 4432 4437 4434
f 4432 4434 4433
f 2397 2394 2396
f 2392 2388 2387
f 2387 2388 2386
f 2385 2386 2342
f 2398 2400 2397
f 2957 2958 2950
f 2395 2394 2392
f 2960 2962 2952
f 2952 2957 2950
f 1000 989 985
f 2960 2952 2948
f 2948 2952 2950
f 987 984 988
f 992 1032 1028
f 1032 1040 1029
f 1028 1032 1029
f 1029 1046 1030
f 1025 1029 1024
f 1024 1029 1030
f 465 466 417
f 1016 1025 1024
f 1041 1036 1017
f 1017 1016 1019
f 1041 1017 1020
f 1020 1017 1019
f 5322 5323 5324
f 3023 3024 3025
f 5732 5682 5684
f 5610 5611 5685
f 5674 5724 5722
f 5722 5679 5674
f 5674 5679 5648
f 5655 5656 5654
f 5677 5647 5718
f 1225 1233 1231
f 1225 1231 1226
f 4673 4672 4671
f 5127 5131 5124
f 5124 5122 5123
f 5123 5122 5117
f 3379 3384 3383
f 5112 5117 5106
f 41 37 42
f 3202 3203 3206
f 3385 3378 3383
f 3203 3207 3206
f 3208 3207 3209
f 1776 1782 1781
f 1781 1789 1784
f 1784 1785 1775
f 1785 1779 1775
f 2385 2387 2386
f 2962 2963 2952
f 2396 2394 2395
f 987 1005 1000
f 987 1000 985
f 2395 2387 2406
f 992 991 988
f 991 987 988
f 1744 1748 1745
f 1036 1018 1015
f 1017 1036 1015
f 1016 1014 1026
f 1026 1025 1016
f 1015 1014 1016
f 1017 1015 1016
f 5322 5324 5325
f 3020 3024 3023
f 4763 4764 4765
f 3331 3335 3333
f 5707 5708 5732
f 5732 5684 5713
f 5729 5724 5674
f 5654 5656 5657
f 5657 5656 5658
f 1224 1233 1225
f 2474 2472 2473
f 5332 5333 5334
f 5134 5123 5135
f 5125 5127 5124
f 5125 5124 5123
f 90 42 83
f 5127 5125 5126
f 5111 5117 5112
f 90 41 42
f 2461 2457 2463
f 5111 5112 5113
f 2463 2457 2458
f 5114 5113 5112
f 3206 3207 3208
f 1770 1783 1776
f 1776 1783 1782
f 5128 5126 5116
f 5114 5112 5115
f 1776 1781 1771
f 1781 1784 1775
f 1773 1781 1775
f 1011 1005 997
f 2396 2395 2406
f 1010 1011 997
f 997 1005 987
f 998 1010 997
f 997 987 991
f 993 997 991
f 993 991 992
f 1028 993 992
f 934 923 901
f 1013 999 1014
f 1025 1028 1029
f 1018 1013 1015
f 1015 1013 1014
f 1742 1740 1743
f 5325 5324 5328
f 3020 3023 3022
f 5705 5709 5708
f 1086 1087 1088
f 5684 5620 5621
f 5613 5618 5612
f 5607 5612 5611
f 5607 5611 5610
f 5773 5774 5775
f 5648 5647 5649
f 5649 5647 5677
f 1218 1224 1225
f 2478 2474 2473
f 83 52 99
f 2473 2471 2475
f 5135 5117 5132
f 5132 5117 5111
f 39 41 90
f 5126 5125 5113
f 4438 4443 4441
f 5297 5298 5299
f 5297 5299 5300
f 2465 2461 2463
f 4441 4442 4435
f 3202 3206 3210
f 5126 5113 5116
f 5116 5113 5114
f 1770 1776 1767
f 1771 1781 1773
f 2398 2396 2399
f 2399 2396 2406
f 936 938 937
f 946 945 944
f 939 946 944
f 998 1009 1010
f 998 997 993
f 999 998 993
f 4533 4540 4528
f 1027 999 993
f 1027 993 1028
f 1027 1028 1025
f 1026 1014 1027
f 1026 1027 1025
f 1730 1744 1745
f 1740 1742 1738
f 3032 3033 3020
f 3032 3020 3019
f 3020 3022 3021
f 3330 3331 3333
f 5705 5708 5707
f 1089 1088 1111
f 5707 5732 5713
f 5713 5684 5621
f 5619 5620 5618
f 5619 5618 5613
f 5613 5612 5607
f 5677 5714 5655
f 1221 1224 1218
f 5134 5135 5132
f 2469 2475 2464
f 2469 2464 2465
f 1775 1779 1778
f 4974 4973 4972
f 4972 4973 4971
f 4550 4551 4546
f 4542 4550 4546
f 1735 1778 1733
f 1008 1009 998
f 1008 998 999
f 943 933 934
f 943 934 921
f 1008 999 1013
f 1732 1733 1736
f 1732 1744 1730
f 1730 1745 1729
f 3019 3020 3017
f 3017 3020 3021
f 3021 3028 3011
f 3330 3333 3323
f 3325 3330 3323
f 5702 5707 5713
f 5702 5713 5700
f 5621 5620 5619
f 5669 5674 5648
f 5652 5655 5654
f 5649 5677 5655
f 2478 2473 2479
f 83 99 105
f 2473 2475 2481
f 5133 5134 5132
f 1780 1783 1770
f 1185 1207 1186
f 1767 1776 1771
f 1767 1771 1766
f 1772 1771 1773
f 4979 4973 4974
f 4971 4977 4965
f 1772 1773 1774
f 1773 1775 1774
f 1774 1775 1777
f 1777 1775 1778
f 1774 1777 1712
f 1777 1778 1735
f 4976 4985 4970
f 4542 4546 4532
f 915 914 913
f 5260 5258 5257
f 913 914 910
f 5261 5257 5262
f 1740 1720 1743
f 5265 5267 5266
f 908 883 900
f 3011 3028 3029
f 3327 3329 3325
f 5705 5707 5702
f 1085 1086 1089
f 1061 1076 1079
f 5779 5780 5781
f 5669 5648 5650
f 5652 5654 5653
f 5653 5654 5660
f 5660 5654 5657
f 5650 5648 5649
f 2479 2473 2480
f 2480 2473 2481
f 2481 2475 2469
f 1786 1780 1760
f 1768 1780 1770
f 1769 1770 1764
f 1770 1767 1764
f 1764 1767 1766
f 1771 1772 1766
f 4545 4547 4549
f 4972 4971 4966
f 4966 4971 4965
f 4965 4977 4976
f 4965 4976 4964
f 1772 1774 1712
f 4532 4546 4543
f 1734 1777 1735
f 1712 1777 1734
f 1712 1734 1731
f 1734 1735 1733
f 1711 1712 1710
f 1731 1734 1733
f 1710 1712 1721
f 1721 1731 1730
f 1731 1733 1732
f 1730 1731 1732
f 912 911 909
f 912 909 916
f 5261 5262 5263
f 1728 1721 1729
f 1721 1730 1729
f 5264 5263 5265
f 909 900 917
f 5264 5265 5266
f 1725 1740 1738
f 431 527 511
f 3019 3017 3018
f 3017 3021 3011
f 3323 3332 3326
f 5704 5705 5702
f 5727 5619 5613
f 1061 1079 1109
f 5721 5674 5669
f 5651 5649 5652
f 1220 1221 1218
f 1757 1786 1756
f 1756 1786 1760
f 1760 1780 1768
f 1768 1770 1769
f 4962 4965 4964
f 4980 4979 4975
f 4975 4979 4974
f 4964 4976 4970
f 1705 1766 1772
f 4531 4532 4543
f 1705 1772 1712
f 4529 4527 4531
f 1705 1712 1711
f 1706 1711 1710
f 1708 1706 1710
f 1708 1710 1721
f 1720 1708 1721
f 1723 1725 1738
f 3008 3017 3011
f 3011 3029 3009
f 3338 3327 3324
f 5704 5702 5703
f 5701 5702 5700
f 5683 5700 5730
f 5683 5730 5621
f 5623 5683 5621
f 5621 5619 5622
f 5623 5621 5622
f 5639 5619 5727
f 1109 1079 1094
f 5607 5610 5601
f 5610 5729 5601
f 1251 1221 1220
f 5650 5649 5651
f 1222 1225 1226
f 1193 1067 1069
f 4966 4965 4962
f 4986 4980 4975
f 4975 4974 4968
f 4968 4974 4972
f 4963 4964 4970
f 1764 1766 1765
f 4970 4985 4981
f 1706 1705 1711
f 1704 1706 1708
f 1741 1726 1738
f 925 917 895
f 925 895 926
f 3014 3018 3008
f 3018 3017 3008
f 3008 3011 3009
f 3338 3324 3336
f 5710 5704 5703
f 1107 1091 1108
f 5701 5703 5702
f 5630 5701 5700
f 5683 5630 5700
f 5622 5619 5639
f 5688 5613 5607
f 5602 5607 5601
f 5601 5729 5608
f 5608 5729 5721
f 5721 5669 5650
f 1223 1220 1216
f 1756 1760 1758
f 1761 1760 1768
f 1761 1768 1769
f 4956 4975 4968
f 1182 1187 1185
f 4545 4558 4544
f 4552 4544 4557
f 1707 1766 1705
f 1704 1707 1705
f 1704 1705 1706
f 1709 1704 1708
f 1725 1709 1720
f 1709 1708 1720
f 924 917 925
f 1739 1726 1741
f 926 895 897
f 3336 3324 3328
f 5727 5613 5688
f 5652 5653 5651
f 1082 1193 1069
f 1757 1756 1754
f 1184 1186 1082
f 1758 1760 1761
f 1179 1185 1186
f 4967 4975 4956
f 4957 4966 4962
f 4962 4964 4963
f 4553 4552 4557
f 4978 4970 4981
f 4981 4982 4978
f 1707 1765 1766
f 4623 4624 4625
f 1723 1709 1725
f 3320 3321 3318
f 2732 2753 2748
f 405 438 412
f 3304 3317 3316
f 3316 3319 3311
f 3014 3008 3012
f 3007 3008 3009
f 3007 3009 3010
f 5710 5703 5717
f 5717 5703 5701
f 5717 5701 5630
f 5630 5683 5628
f 5782 5783 5784
f 1090 1092 1110
f 5628 5683 5623
f 5688 5607 5602
f 5601 5608 5603
f 5605 5608 5721
f 5653 5660 5726
f 1218 1222 1217
f 2484 2479 2480
f 1787 1757 1754
f 1754 1756 1750
f 1750 1756 1758
f 4960 4962 4963
f 1761 1769 1764
f 1763 1764 1765
f 4491 4553 4556
f 4553 4557 4556
f 4626 4623 4625
f 1713 1707 1704
f 1713 1704 1709
f 3307 3320 3318
f 3307 3318 3304
f 3318 3317 3304
f 3304 3316 3311
f 5175 5176 5177
f 3012 3008 3007
f 3336 3328 3337
f 5751 5752 5753
f 1092 1107 1110
f 5638 5717 5630
f 5628 5623 5627
f 5623 5622 5624
f 5626 5623 5624
f 5764 5762 5766
f 5661 5653 5726
f 5762 5763 5755
f 1251 1220 1227
f 1252 1251 1227
f 5678 5650 5651
f 1227 1220 1223
f 4213 4214 4215
f 2483 2480 2481
f 1755 1787 1754
f 4955 4956 4951
f 4957 4962 4960
f 4951 4956 4957
f 1761 1764 1763
f 4970 4978 4969
f 1183 1188 1182
f 1714 1765 1707
f 1713 1714 1707
f 4535 4504 4521
f 1713 1709 1717
f 1723 1717 1709
f 1722 1717 1723
f 1722 1723 1726
f 1727 1726 1739
f 5176 5175 5178
f 3762 3780 3781
f 3013 3012 3007
f 3007 3010 3031
f 5785 5782 5784
f 5597 5690 5598
f 5598 5599 5594
f 5627 5623 5626
f 5603 5608 5605
f 4317 4319 4320
f 5766 5762 5760
f 5762 5761 5760
f 1061 1109 1062
f 5761 5762 5755
f 5678 5651 5662
f 1752 1754 1750
f 4960 4963 4961
f 1750 1758 1753
f 1753 1758 1759
f 1759 1758 1761
f 4481 4484 4482
f 4961 4963 4969
f 4480 4481 4478
f 4478 4481 4482
f 4478 4482 4483
f 1759 1761 1763
f 4470 4491 4479
f 4969 4978 4983
f 4469 4504 4491
f 1714 1763 1765
f 3305 3304 3310
f 3310 3304 3311
f 2153 2147 2141
f 5181 5176 5179
f 5176 5178 5179
f 3015 3012 3013
f 4457 4466 4458
f 4460 4457 4456
f 4456 4457 4458
f 5597 5598 5594
f 5624 5625 5692
f 5594 5599 5600
f 5599 5601 5600
f 5600 5601 5603
f 5605 5721 5693
f 5767 5768 5769
f 5662 5651 5661
f 5651 5653 5661
f 1216 1218 1217
f 1788 1787 1755
f 1749 1752 1750
f 1749 1750 1751
f 4952 4957 4960
f 4950 4951 4952
f 4952 4951 4957
f 4479 4480 4478
f 4470 4479 4478
f 4470 4478 4477
f 1190 1183 1171
f 1759 1763 1714
f 4469 4491 4470
f 1719 1717 1722
f 1719 1722 1726
f 3308 3307 3303
f 3303 3304 3305
f 2724 2746 2738
f 4801 4802 4803
f 4465 4468 4462
f 3016 3015 3013
f 4457 4463 4466
f 5638 5630 5629
f 5629 5630 5628
f 1099 1094 1096
f 1062 1094 1099
f 1184 1082 1083
f 1755 1754 1752
f 1751 1750 1753
f 4961 4969 4984
f 1753 1759 1762
f 4477 4478 4483
f 1762 1759 1716
f 4470 4477 4471
f 1716 1759 1714
f 1715 1716 1714
f 1715 1714 1713
f 4524 4555 4518
f 1715 1713 1717
f 1718 1715 1717
f 1718 1717 1719
f 1719 1726 1727
f 1727 1746 1737
f 4815 4817 4814
f 4805 4801 4804
f 4804 4801 4803
f 4461 4462 4463
f 5633 5638 5629
f 5728 5597 5595
f 5600 5603 5604
f 5760 5761 5755
f 5754 5760 5755
f 4960 4961 4959
f 4953 4950 4952
f 4984 4969 4983
f 4469 4470 4471
f 4469 4471 4472
f 4473 4469 4472
f 1724 1718 1719
f 1737 1724 1719
f 1737 1719 1727
f 3309 3308 3303
f 3303 3305 3306
f 3306 3305 3310
f 4808 4810 4809
f 3313 3310 3315
f 4808 4809 4804
f 4809 4805 4804
f 4759 4758 4760
f 4760 4757 4761
f 4467 4465 4464
f 4464 4465 4462
f 4464 4462 4461
f 4388 4389 4390
f 5692 5728 5595
f 5595 5597 5594
f 5629 5628 5627
f 5594 5600 5691
f 5640 5627 5626
f 5739 5742 5740
f 5691 5600 5686
f 5686 5600 5604
f 5604 5603 5605
f 5693 5694 5609
f 5694 5695 5609
f 5664 5661 5726
f 5668 5726 5675
f 5678 5662 5663
f 5663 5662 5661
f 4249 4250 4270
f 701 694 693
f 4952 4960 4959
f 3367 3372 3357
f 4485 4483 4486
f 3358 3373 3340
f 651 662 652
f 3308 3322 3320
f 3312 3309 3303
f 3312 3303 3306
f 3306 3310 3313
f 4382 4383 4384
f 4813 4815 4814
f 4844 4845 4818
f 4759 4760 4762
f 2493 2502 2501
f 2501 2506 2505
f 5632 5633 5629
f 5593 5595 5594
f 5593 5594 5591
f 5591 5594 5691
f 5605 5693 5609
f 5754 5755 5756
f 5666 5678 5663
f 4213 4215 4216
f 4216 4215 4224
f 4215 4250 4224
f 4224 4250 4249
f 1177 1179 1184
f 4488 4487 4490
f 4954 4952 4958
f 4952 4959 4958
f 693 656 686
f 4953 4952 4954
f 3357 3373 3358
f 3351 3357 3358
f 4492 4474 4472
f 4475 4473 4474
f 4519 4506 4476
f 679 662 713
f 4815 4813 4816
f 400 399 510
f 2499 2501 2505
f 2622 2623 2624
f 5632 5629 5631
f 5631 5629 5627
f 5697 5640 5626
f 5692 5595 5596
f 5596 5595 5593
f 5591 5691 5731
f 5739 5740 5738
f 5737 5739 5738
f 5748 5749 5750
f 5731 5686 5604
f 5604 5605 5606
f 1066 1062 1099
f 5664 5726 5668
f 5664 5663 5661
f 5668 5675 5673
f 1215 1223 1216
f 1215 1216 1217
f 719 693 686
f 3356 3367 3357
f 4475 4474 4476
f 4475 4476 4506
f 4855 4854 4856
f 470 427 434
f 4835 4855 4846
f 4834 4846 4845
f 2495 2493 2492
f 2492 2493 2494
f 2494 2493 2501
f 2494 2501 2499
f 2499 2505 2509
f 4391 4388 4390
f 2691 2686 2649
f 5634 5632 5631
f 5631 5627 5640
f 5587 5591 5731
f 5738 5740 5741
f 5738 5741 5744
f 5569 5593 5591
f 5792 5791 5787
f 5787 5791 5789
f 5606 5605 5609
f 5668 5673 5671
f 1232 1227 1228
f 1227 1223 1228
f 4213 4216 4217
f 1178 1184 1083
f 1177 1184 1178
f 719 686 716
f 716 686 687
f 3366 3365 3361
f 3360 3365 3356
f 3360 3356 3354
f 668 648 688
f 3361 3365 3360
f 3351 3358 3348
f 3358 3340 3348
f 4722 4718 4720
f 4852 4854 4855
f 4835 4852 4855
f 4834 4835 4846
f 4860 4838 4850
f 4844 4834 4845
f 4849 4832 4812
f 5635 5631 5640
f 5571 5591 5587
f 5735 5738 5744
f 5569 5591 5571
f 1103 1099 1102
f 5587 5731 5588
f 1072 1066 1099
f 5757 5754 5756
f 1228 1223 1215
f 1215 1217 1219
f 4218 4213 4217
f 4231 4249 4269
f 4231 4269 4262
f 687 688 696
f 3350 3354 3356
f 3356 3357 3350
f 3357 3351 3350
f 688 648 676
f 660 648 639
f 3339 3348 3340
f 3339 3340 3341
f 3340 3364 3341
f 4495 4492 4496
f 4836 4853 4852
f 4852 4853 4854
f 3282 3277 3278
f 3278 3274 3280
f 4850 4838 4849
f 4838 4832 4849
f 3754 3752 3753
f 3753 3752 3749
f 4832 4837 4812
f 4829 4816 4811
f 3749 3752 3750
f 384 381 482
f 5636 5634 5635
f 5635 5634 5631
f 5569 5571 5570
f 5571 5587 5570
f 5570 5587 5588
f 5787 5789 5788
f 1072 1099 1103
f 5606 5609 5699
f 4216 4224 4226
f 716 687 721
f 721 687 696
f 3359 3368 3361
f 3359 3361 3360
f 3359 3360 3354
f 4493 4494 4497
f 3350 3351 3348
f 4496 4493 4497
f 3370 3359 3362
f 4492 4493 4496
f 3341 3364 3344
f 3344 3369 3347
f 3346 3344 3347
f 3282 3275 3277
f 4502 4498 4499
f 4835 4836 4852
f 4838 4858 4843
f 4816 4823 4834
f 4829 4823 4816
f 5164 5165 5166
f 3749 3750 3751
f 2496 2492 2494
f 5635 5640 5719
f 5640 5697 5719
f 5737 5738 5735
f 5734 5737 5735
f 5586 5569 5560
f 5007 5008 5009
f 5711 5570 5588
f 4217 4216 4226
f 4224 4231 4225
f 4231 4262 4248
f 4248 4262 4252
f 3350 3348 3349
f 3349 3348 3339
f 3339 3341 3342
f 4495 4496 4498
f 3342 3341 3343
f 3343 3341 3344
f 3343 3344 3345
f 3345 3344 3346
f 657 646 653
f 4502 4499 4509
f 4823 4822 4836
f 4823 4836 4835
f 4838 4830 4832
f 4832 4821 4837
f 4821 4823 4829
f 4837 4821 4829
f 3246 3252 3247
f 3758 3756 3751
f 3758 3751 3755
f 5745 5746 5747
f 5719 5697 5592
f 5592 5697 5589
f 5560 5569 5567
f 5566 5586 5559
f 5786 5787 5788
f 5663 5664 5665
f 4225 4231 4229
f 1178 1073 1176
f 4229 4231 4248
f 4252 4268 4236
f 1163 1178 1164
f 3359 3354 3353
f 3354 3350 3353
f 3362 3359 3353
f 3370 3362 3363
f 5168 5173 5171
f 4496 4500 4499
f 5170 5171 5172
f 647 646 657
f 4838 4843 4830
f 4832 4830 4819
f 4819 4820 4821
f 4820 4822 4821
f 4821 4822 4823
f 4832 4819 4821
f 3253 3247 3252
f 3254 3253 3252
f 4616 4617 4618
f 2496 2494 2497
f 4893 4895 4894
f 5637 5636 5635
f 5637 5635 5696
f 5696 5719 5592
f 5734 5735 5736
f 5725 5586 5566
f 5567 5569 5570
f 1106 1103 1105
f 1106 1072 1103
f 5788 5789 5790
f 5667 5664 5668
f 5665 5664 5667
f 1071 1072 1181
f 5666 5663 5665
f 1073 1071 1180
f 4225 4226 4224
f 4248 4252 4233
f 3352 3353 3350
f 3352 3350 3349
f 3362 3353 3363
f 3352 3349 3371
f 5167 5174 5173
f 5167 5173 5168
f 629 630 650
f 4851 4848 4831
f 4820 4833 4828
f 4843 4851 4831
f 4820 4828 4822
f 4843 4831 4830
f 460 486 433
f 4830 4824 4819
f 4819 4824 4820
f 2503 2500 2496
f 5567 5570 5711
f 5667 5668 5670
f 5758 5757 5756
f 4188 4185 4186
f 4220 4217 4226
f 4227 4226 4225
f 1176 1180 1191
f 4229 4248 4232
f 4233 4252 4236
f 682 667 661
f 682 661 683
f 689 622 567
f 622 561 567
f 3374 3352 3371
f 3363 3353 3355
f 3355 3353 3352
f 5167 5168 5169
f 5169 5168 5170
f 4833 4839 4828
f 4828 4839 4840
f 4848 4841 4831
f 4831 4841 4827
f 4826 4833 4820
f 4831 4827 4824
f 4824 4827 4825
f 4825 4826 4820
f 3741 3742 3739
f 4830 4831 4824
f 4824 4825 4820
f 4576 4581 4580
f 4576 4580 4577
f 4576 4577 4578
f 2498 2496 2497
f 5715 5637 5696
f 5696 5592 5590
f 5590 5592 5573
f 5573 5592 5589
f 5665 5667 5698
f 5670 5668 5671
f 5698 5666 5665
f 5758 5756 5759
f 1228 1215 1219
f 4219 4217 4220
f 4220 4226 4227
f 4188 4186 4165
f 1192 1180 1203
f 1191 1180 1192
f 1514 1523 1495
f 4232 4248 4233
f 1495 1523 1500
f 877 853 857
f 4247 4263 4246
f 4246 4263 4261
f 1176 1191 1167
f 707 667 682
f 1164 1167 1158
f 3375 3355 3374
f 4833 4842 4839
f 4847 4826 4857
f 583 629 650
f 4857 4826 4825
f 3288 3267 3272
f 5202 5204 5208
f 5188 5189 5190
f 4579 4576 4578
f 2504 2503 2498
f 4892 4893 4894
f 2671 2648 2673
f 5715 5696 5590
f 5573 5589 5564
f 5589 5725 5564
f 5567 5711 5574
f 5578 5584 5699
f 4160 4162 4159
f 5578 5699 5585
f 4185 4162 4160
f 5698 5667 5670
f 1229 1228 1219
f 4186 4185 4165
f 1496 1514 1495
f 1496 1495 1491
f 1500 1519 1502
f 1499 1500 1502
f 725 707 682
f 618 562 541
f 1158 1135 1142
f 4847 4859 4842
f 3475 3476 3477
f 3269 3268 3267
f 3798 3797 3793
f 3794 3796 3795
f 4896 4892 4894
f 2643 2635 2639
f 5564 5562 5563
f 5562 5561 5563
f 5561 5567 5568
f 5568 5567 5574
f 5584 5578 5577
f 1232 1228 1229
f 4220 4227 4222
f 869 868 867
f 867 868 858
f 4232 4233 4230
f 4235 4233 4236
f 4246 4261 4251
f 725 683 726
f 726 689 709
f 579 629 583
f 3479 3477 3478
f 3793 3794 3795
f 2504 2498 2507
f 2635 2643 2646
f 5573 5564 5565
f 5711 5584 5574
f 5574 5584 5577
f 4160 4159 4155
f 5670 5671 5672
f 5585 5698 5582
f 5509 5511 5512
f 1248 1232 1229
f 4160 4155 4158
f 5510 5511 5509
f 3179 3180 3175
f 5515 5511 5510
f 4165 4160 4158
f 1230 1219 1253
f 4179 4165 4158
f 4179 4158 4163
f 1430 1431 1403
f 4219 4220 4221
f 4221 4220 4222
f 1430 1435 1431
f 1192 1203 1204
f 5335 5336 5337
f 1515 1496 1490
f 4229 4232 4230
f 1490 1496 1491
f 4230 4233 4234
f 4245 4246 4251
f 1499 1495 1500
f 1503 1502 1508
f 710 562 618
f 531 533 545
f 3477 3476 3478
f 3479 3478 3480
f 3801 3795 3802
f 3493 3480 3485
f 4714 4716 4715
f 2508 2504 2507
f 2646 2631 2635
f 5563 5561 5572
f 5572 5561 5712
f 5712 5561 5568
f 4159 4153 4155
f 5581 5585 5582
f 5509 5512 5513
f 1248 1229 1236
f 1236 1229 1230
f 4163 4158 4161
f 4227 4225 4228
f 1192 1204 1196
f 3788 3791 3784
f 4225 4229 4228
f 4228 4229 4230
f 1191 1192 1196
f 1490 1491 1492
f 4234 4233 4235
f 4235 4247 4238
f 4238 4247 4240
f 4240 4247 4246
f 1167 1191 1157
f 4245 4251 4243
f 1494 1495 1499
f 726 709 727
f 727 709 710
f 1499 1502 1503
f 1501 1499 1503
f 1142 1135 1133
f 1141 1142 1133
f 4713 4714 4715
f 4779 4780 4781
f 5590 5573 5565
f 5565 5564 5563
f 5565 5563 5572
f 5578 5585 5581
f 5508 5510 5509
f 5508 5509 5506
f 1230 1253 1254
f 3175 3176 3173
f 5515 5510 5519
f 5520 5515 5519
f 5510 5514 5519
f 5406 5463 5360
f 5505 5519 5514
f 5517 5520 5519
f 1157 1191 1196
f 4240 4246 4245
f 860 862 863
f 1491 1495 1494
f 4243 4251 4253
f 4253 4251 4260
f 4256 4260 4264
f 1509 1508 1517
f 1141 1133 1134
f 1141 1134 1143
f 4783 4780 4782
f 4782 4779 4785
f 2671 2668 2665
f 5572 5712 5716
f 5574 5577 5576
f 4155 4153 4154
f 4158 4155 4154
f 5544 5543 5546
f 1247 1248 1236
f 4161 4158 4154
f 3179 3175 3172
f 5543 5544 5545
f 4164 4161 4154
f 5514 5508 5507
f 858 872 854
f 3172 3175 3173
f 4223 4221 4222
f 5505 5514 5507
f 3788 3784 3783
f 5518 5502 5401
f 1525 1490 1524
f 3783 3784 3785
f 5516 5517 5505
f 5517 5519 5505
f 4234 4235 4237
f 697 617 699
f 1524 1490 1492
f 617 616 699
f 1492 1491 1493
f 3804 3803 3805
f 5275 5272 5269
f 5269 5270 5271
f 5269 5271 5273
f 5712 5568 5716
f 5575 5568 5574
f 4154 4153 4149
f 4149 4153 4147
f 4149 4147 4145
f 4147 4148 4146
f 4145 4147 4146
f 4150 4148 4151
f 4146 4148 4150
f 4150 4151 4157
f 4154 4149 4145
f 4150 4157 4167
f 4154 4145 4156
f 1247 1236 1238
f 1403 1401 1398
f 4156 4145 4144
f 4152 4150 4166
f 4166 4150 4167
f 5508 5506 5507
f 876 872 870
f 1238 1230 1239
f 4769 4770 4767
f 4769 4767 4766
f 3172 3173 3174
f 4223 4222 4316
f 5405 5406 5360
f 5360 5463 5356
f 5356 5463 5518
f 4315 4296 4281
f 3174 3173 3177
f 5502 5374 5401
f 4237 4235 4238
f 4239 4238 4240
f 5516 5505 5487
f 4241 4240 4245
f 4264 4276 4271
f 4271 4276 4274
f 1524 1492 1522
f 1522 1492 1493
f 1493 1491 1494
f 1517 1518 1509
f 1498 1499 1501
f 1503 1508 1507
f 1507 1508 1509
f 3476 3484 3481
f 4784 4782 4794
f 4794 4782 4793
f 3662 3660 3661
f 4782 4785 4793
f 4793 4785 4787
f 4194 4157 4193
f 5575 5574 5576
f 4157 4170 4169
f 5577 5578 5576
f 5578 5581 5580
f 5579 5578 5580
f 4143 4145 4146
f 5581 5582 5580
f 5582 5583 5580
f 4152 4143 4146
f 4152 4146 4150
f 1398 1401 1400
f 4167 4157 4168
f 4142 4143 4152
f 4142 4152 4134
f 4182 4167 4168
f 4134 4152 4166
f 5505 5507 5506
f 1238 1239 1240
f 1196 1204 1201
f 1239 1243 1240
f 1200 1196 1201
f 5358 5405 5360
f 856 866 861
f 5356 5518 5359
f 1157 1196 1200
f 4766 4767 4768
f 3174 3177 3178
f 5487 5505 5504
f 4237 4238 4239
f 4239 4240 4241
f 3786 3785 3787
f 4241 4245 4243
f 4243 4253 4254
f 5037 5039 5038
f 4253 4260 4256
f 1493 1494 1497
f 1530 1509 1518
f 1494 1499 1498
f 1504 1503 1505
f 1505 1503 1507
f 3644 3660 3662
f 4793 4787 4789
f 4789 4787 4786
f 5278 5269 5273
f 5576 5578 5579
f 1404 1430 1403
f 1404 1403 1398
f 4184 4175 4187
f 5506 5531 5522
f 1247 1238 1241
f 1241 1238 1240
f 4166 4190 4134
f 5505 5506 5504
f 1405 1402 1406
f 1240 1243 1242
f 5358 5360 5357
f 5360 5356 5357
f 4178 4184 4189
f 4273 4271 4274
f 862 871 865
f 865 871 873
f 865 873 874
f 4195 4178 4189
f 5401 5374 5372
f 4256 4264 4265
f 5040 5037 5036
f 5497 5527 5498
f 5036 5037 5038
f 5498 5487 5496
f 1530 1518 1531
f 1497 1494 1498
f 1534 1509 1530
f 1534 1507 1509
f 1501 1503 1504
f 3690 3688 3689
f 2678 2675 2677
f 4795 4784 4794
f 3659 3660 3644
f 3049 3047 3048
f 2665 2666 2664
f 4786 4787 4788
f 4788 4787 4791
f 4173 4175 4174
f 1398 1400 1399
f 5522 5531 5524
f 1397 1399 1402
f 4182 4168 4177
f 4174 4175 4184
f 4177 4168 4176
f 4174 4184 4178
f 4281 4296 4282
f 4282 4296 4299
f 1241 1240 1242
f 1405 1406 1411
f 4273 4281 4279
f 5518 5401 5359
f 5372 5374 5373
f 4239 4241 4242
f 4265 4264 4266
f 4242 4241 4243
f 4242 4243 4244
f 4254 4253 4255
f 4255 4253 4256
f 1521 1493 1497
f 588 538 558
f 1530 1531 1528
f 5497 5498 5496
f 1527 1534 1530
f 5499 5497 5476
f 5476 5497 5496
f 5474 5496 5487
f 1532 1507 1534
f 5476 5496 5474
f 1505 1507 1532
f 5482 5476 5477
f 558 539 560
f 5486 5482 5477
f 5480 5486 5477
f 958 969 961
f 3296 3297 3294
f 3294 3298 3290
f 3482 3483 3486
f 3486 3483 3495
f 3290 3298 3299
f 674 559 557
f 3678 3688 3691
f 3688 3679 3689
f 2675 2678 2692
f 2675 2692 2670
f 3838 3839 3840
f 4796 4795 4794
f 3036 3035 3047
f 4792 4789 4786
f 4799 4788 4791
f 4168 4171 4172
f 4172 4171 4173
f 4172 4173 4174
f 1404 1398 1395
f 1432 1430 1404
f 4176 4168 4172
f 1397 1402 1405
f 4178 4172 4174
f 4282 4299 4293
f 4287 4293 4297
f 4297 4292 4287
f 4176 4172 4178
f 5402 5522 5524
f 5504 5522 5402
f 4129 4134 4190
f 5524 5358 5402
f 5355 5358 5357
f 5357 5356 5355
f 5372 5373 5370
f 704 588 703
f 1159 1157 1200
f 4129 4190 4191
f 5402 5358 5365
f 5365 5358 5355
f 5375 5373 5376
f 4244 4243 4254
f 4257 4254 4255
f 588 558 703
f 5500 5487 5504
f 1527 1530 1528
f 1532 1534 1527
f 5474 5487 5473
f 5473 5487 5500
f 1527 1528 1529
f 1498 1501 1506
f 4090 4204 4202
f 5475 5476 5474
f 5477 5476 5475
f 1506 1501 1504
f 3295 3297 3296
f 3295 3296 3294
f 3486 3495 3500
f 3500 3495 3507
f 3290 3299 3291
f 393 396 395
f 3678 3679 3688
f 3651 3616 3649
f 3649 3616 3636
f 3645 3659 3644
f 3636 3638 3639
f 3841 3838 3840
f 3639 3638 3640
f 3638 3641 3640
f 3640 3641 3644
f 3035 3045 3046
f 3034 3035 3036
f 2592 2591 2594
f 2595 2596 2593
f 2595 2593 2590
f 2590 2593 2591
f 2590 2591 2592
f 2592 2594 2597
f 4788 4790 4786
f 4798 4790 4797
f 4790 4788 4797
f 4282 4293 4283
f 4293 4287 4283
f 4283 4287 4285
f 4279 4281 4280
f 4277 4279 4280
f 4281 4282 4280
f 4271 4273 4272
f 4266 4271 4272
f 1428 1405 1411
f 4133 4134 4131
f 4131 4134 4129
f 5355 5356 5352
f 5352 5356 5359
f 5375 5376 5377
f 4129 4191 4192
f 5359 5401 5353
f 5352 5359 5353
f 5353 5401 5366
f 5366 5401 5372
f 1510 1521 1497
f 5500 5504 5402
f 1533 1532 1529
f 1529 1532 1527
f 1510 1497 1498
f 4203 4091 4202
f 1535 1506 1504
f 3618 3696 3607
f 5484 5485 5480
f 5484 5480 5479
f 5479 5480 5477
f 3294 3290 3289
f 3295 3294 3289
f 3615 3613 3616
f 3616 3613 3635
f 4138 4137 4136
f 4139 4136 4130
f 4136 4137 4127
f 4130 4136 4127
f 4130 4127 4126
f 5254 5255 5256
f 4138 4136 4139
f 3615 3616 3614
f 3636 3635 3637
f 3659 3647 3657
f 3679 3677 3680
f 3614 3616 3617
f 3616 3635 3636
f 3657 3647 3656
f 3844 3842 3843
f 3636 3637 3638
f 3638 3642 3641
f 3842 3838 3841
f 3843 3842 3841
f 3038 3037 3034
f 1398 1399 1397
f 4280 4282 4283
f 4272 4279 4277
f 1159 1200 1201
f 4267 4265 4266
f 5370 5373 5375
f 5348 5402 5365
f 4123 4135 4133
f 5365 5355 5350
f 4123 4133 4128
f 5500 5402 5348
f 4089 4090 4091
f 1512 1510 1511
f 1510 1498 1511
f 4092 4089 4091
f 1511 1498 1506
f 1511 1506 1516
f 1516 1506 1535
f 3618 3607 3605
f 5364 5474 5473
f 576 578 577
f 3602 3606 3607
f 5478 5479 5477
f 5477 5475 5478
f 5478 5475 5481
f 5533 5535 5534
f 5532 5533 5534
f 5494 5490 5493
f 3613 3612 3609
f 5495 5494 5493
f 3613 3637 3635
f 3611 3613 3614
f 3647 3653 3655
f 3669 3666 3667
f 3669 3671 3678
f 3679 3671 3677
f 3650 3692 3648
f 4127 4125 4126
f 4180 4119 4140
f 3637 3643 3638
f 3638 3643 3642
f 3656 3647 3655
f 2943 2942 2946
f 4126 4125 4119
f 3642 3645 3641
f 3622 3614 3617
f 3641 3645 3644
f 3845 3844 3843
f 3622 3617 3627
f 3626 3622 3627
f 3044 3045 3040
f 2041 2043 2042
f 5375 5377 5378
f 5378 5377 5379
f 4259 4254 4257
f 4257 4255 4258
f 4258 4255 4267
f 1453 1455 1440
f 5366 5372 5370
f 4123 4132 4135
f 5350 5355 5352
f 5212 5229 5211
f 5341 5348 5365
f 5341 5365 5350
f 4123 4128 4105
f 1520 1510 1512
f 4128 4129 4107
f 598 574 571
f 4105 4128 4107
f 4105 4107 4101
f 1512 1511 1513
f 4093 4092 4091
f 5473 5500 5348
f 1516 1513 1511
f 4105 4101 4103
f 5364 5473 5348
f 4103 4101 4100
f 967 963 968
f 4104 4103 4102
f 4102 4103 4100
f 3601 3602 3603
f 5488 5484 5479
f 5488 5479 5490
f 5491 5478 5483
f 5483 5478 5481
f 5483 5481 5489
f 3608 3603 3609
f 3609 3603 3629
f 4108 4104 4102
f 4108 4102 4110
f 4109 4104 4108
f 3609 3612 3611
f 5493 5490 5492
f 3647 3652 3653
f 3652 3654 3653
f 4114 4109 4108
f 4114 4108 4198
f 4113 4114 4116
f 4197 4114 4198
f 3643 3645 3642
f 3664 3667 3666
f 3667 3670 3671
f 3289 3290 3291
f 4115 4113 4119
f 4119 4113 4116
f 4116 4114 4197
f 3665 3664 3666
f 3669 3667 3671
f 4125 4115 4119
f 4140 4116 4197
f 436 435 393
f 4180 4140 4196
f 3698 3665 3697
f 3665 3666 3697
f 3697 3666 3699
f 5279 5280 5281
f 3648 3692 3634
f 4126 4119 4181
f 4181 4119 4180
f 2938 2942 2943
f 3650 3648 3632
f 3626 3625 3622
f 3630 3625 3626
f 4280 4283 4284
f 4290 4287 4292
f 1195 1201 1211
f 4277 4280 4291
f 4275 4272 4277
f 4275 4277 4278
f 1410 1397 1405
f 4275 4266 4272
f 5218 5235 5229
f 5218 5229 5228
f 2040 2041 2039
f 2041 2042 2039
f 5380 5378 5379
f 5380 5379 5399
f 5384 5399 5391
f 5462 5461 5460
f 5460 5461 5457
f 5229 5212 5228
f 1453 1440 1438
f 5370 5375 5400
f 5375 5378 5400
f 5210 5212 5211
f 5209 5210 5211
f 11 10 19
f 626 574 598
f 5350 5352 5351
f 5352 5353 5351
f 5351 5353 5361
f 4111 4123 4105
f 586 598 571
f 4101 4107 4098
f 4095 4092 4094
f 4094 4092 4093
f 5348 5341 5338
f 4106 4111 4105
f 5348 5338 5344
f 4106 4105 4103
f 4100 4101 4098
f 5364 5348 5344
f 4100 4098 4099
f 4099 4098 4096
f 4201 4099 4096
f 2128 2131 2132
f 2128 2132 2133
f 2128 2133 2135
f 5362 5364 5344
f 4106 4103 4104
f 4109 4106 4104
f 4102 4100 4099
f 952 963 953
f 5491 5479 5478
f 3610 3608 3609
f 5490 5479 5491
f 4110 4102 4200
f 5492 5490 5491
f 1653 1643 1652
f 4113 4109 4114
f 4108 4110 4199
f 3619 3610 3611
f 3646 3652 3647
f 3667 3668 3670
f 3646 3647 3645
f 3664 3668 3667
f 960 961 977
f 3645 3643 3646
f 3671 3670 3675
f 3671 3675 3677
f 3619 3611 3614
f 3675 3676 3677
f 3620 3619 3614
f 3677 3676 3680
f 3620 3622 3624
f 3622 3620 3614
f 4196 4140 4197
f 3648 3634 3632
f 3632 3634 3631
f 3625 3624 3622
f 3051 3044 3042
f 3632 3631 3630
f 3630 3631 3625
f 3040 3042 3044
f 3041 3042 3040
f 3039 3041 3040
f 4294 4292 4298
f 4291 4280 4284
f 1395 1398 1397
f 1395 1397 1396
f 4313 4314 4302
f 5467 5468 5465
f 4312 4313 4302
f 4307 4312 4302
f 5218 5230 5235
f 1396 1397 1410
f 1450 1453 1444
f 5227 5218 5228
f 1428 1410 1405
f 5380 5399 5384
f 5366 5370 5368
f 5384 5391 5386
f 20 21 22
f 1438 1440 1439
f 5368 5370 5400
f 4124 4132 4123
f 5339 5350 5351
f 5341 5350 5339
f 586 573 589
f 4112 4111 4106
f 4095 4094 4096
f 5338 5341 5339
f 972 966 967
f 4096 4094 4097
f 3608 3633 3601
f 5349 5362 5344
f 5349 5344 5346
f 4200 4102 4099
f 3628 3633 3608
f 5346 5344 5345
f 5344 5338 5342
f 3488 3489 3487
f 4112 4106 4109
f 3628 3608 3610
f 3860 3861 3862
f 5344 5342 5345
f 3623 3628 3610
f 3695 3700 3672
f 3619 3623 3610
f 4115 4112 4113
f 4113 4112 4109
f 3673 3674 3670
f 3670 3674 3675
f 3495 3496 3507
f 3675 3674 3676
f 3676 3674 3684
f 960 977 976
f 3620 3621 3619
f 3289 3291 3292
f 3293 3289 3292
f 3041 3053 3052
f 3041 3052 3042
f 3042 3052 3051
f 4283 4285 4284
f 4284 4285 4286
f 4286 4285 4287
f 1433 1432 1404
f 5467 5465 5466
f 5218 5227 5217
f 5217 5227 5232
f 2038 2040 2039
f 1159 1201 1195
f 1444 1453 1438
f 5555 5558 5556
f 5400 5378 5381
f 5381 5378 5380
f 5367 5366 5368
f 5369 5368 5400
f 5369 5400 5397
f 4124 4123 4111
f 5354 5351 5361
f 5339 5351 5354
f 4117 4111 4112
f 2130 2128 2127
f 5338 5339 5340
f 5340 5339 5347
f 2128 2135 2134
f 4118 4117 4112
f 3575 3577 3578
f 5338 5340 5342
f 5342 5340 5343
f 3847 3849 3848
f 4118 4112 4115
f 3684 3683 3676
f 3676 3683 3682
f 3676 3682 3681
f 3681 3682 3686
f 4294 4298 4300
f 4286 4287 4290
f 4300 4298 4307
f 5230 5218 5216
f 1194 1214 1213
f 1194 1213 1212
f 4300 4307 4302
f 5216 5218 5217
f 1434 1432 1433
f 2036 2038 2027
f 5458 5457 5469
f 5555 5556 5557
f 5381 5380 5382
f 1948 1944 1942
f 5539 5542 5540
f 1439 1440 1442
f 4120 4124 4111
f 5404 5361 5367
f 1440 1443 1442
f 5354 5361 5404
f 4117 4120 4111
f 5339 5354 5363
f 2059 2060 2058
f 2137 2130 2127
f 2127 2128 2129
f 5339 5363 5347
f 4121 4117 4118
f 3857 3846 3852
f 5343 5340 5347
f 3846 3847 3848
f 3684 3674 3685
f 3684 3685 3683
f 980 982 950
f 3848 3849 3853
f 4122 4118 4115
f 480 494 481
f 3293 3292 3300
f 4288 4284 4286
f 4289 4290 4294
f 4304 4302 4308
f 5233 5230 5216
f 5456 5464 5424
f 5465 5464 5456
f 5466 5465 5456
f 5213 5217 5232
f 2034 2036 2027
f 1445 1450 1444
f 5547 5550 5548
f 5547 5548 5549
f 1407 1396 1410
f 5407 5457 5458
f 5386 5460 5457
f 5385 5384 5386
f 5382 5380 5383
f 5383 5380 5384
f 5367 5369 5371
f 5371 5369 5397
f 5539 5540 5541
f 1945 1944 1976
f 5404 5367 5371
f 2137 2127 2138
f 2138 2127 2129
f 4121 4120 4117
f 3856 3857 3852
f 968 952 951
f 3851 3852 3846
f 1702 1703 1697
f 1697 1700 1698
f 1949 1950 1940
f 3846 3848 3850
f 3851 3846 3850
f 1951 1950 1952
f 3516 3522 3523
f 508 509 505
f 3301 3293 3300
f 4288 4286 4289
f 4286 4290 4289
f 4289 4294 4295
f 4294 4300 4295
f 4302 4304 4303
f 2025 2030 2028
f 4300 4302 4301
f 5216 5217 5213
f 2034 2027 2031
f 2031 2027 2026
f 1451 1450 1445
f 5471 5467 5466
f 1159 1195 1194
f 1407 1410 1427
f 5386 5457 5407
f 5390 5386 5407
f 5383 5384 5385
f 1437 1438 1439
f 1942 1944 1937
f 5385 5386 5387
f 5472 5381 5382
f 1937 1944 1945
f 5371 5397 5398
f 5397 5472 5398
f 1938 1945 1976
f 2048 2058 2046
f 2059 2058 2048
f 1938 1976 1949
f 4869 4866 4868
f 4868 4866 4865
f 1457 1488 1487
f 3856 3852 3854
f 3851 3854 3852
f 1487 1488 1478
f 1701 1702 1697
f 1701 1697 1696
f 1696 1697 1698
f 1699 1698 1700
f 3576 3575 3579
f 3855 3851 3850
f 1475 1478 1467
f 5859 5853 5857
f 1464 1467 1465
f 5430 5424 5432
f 5456 5424 5422
f 4295 4300 4301
f 1395 1396 1384
f 1451 1445 1452
f 5503 5466 5456
f 5503 5456 5421
f 1160 1159 1194
f 5409 5458 5471
f 1445 1444 1437
f 5407 5458 5409
f 1444 1438 1437
f 1437 1439 1441
f 1936 1942 1937
f 5383 5385 5392
f 5387 5386 5390
f 5388 5392 5385
f 5388 5385 5387
f 5396 5382 5383
f 5388 5387 5389
f 5472 5382 5396
f 1945 1938 1932
f 2048 2046 2045
f 2045 2046 2047
f 5536 5537 5538
f 2063 2061 2062
f 2062 2061 2059
f 4870 4869 4867
f 4869 4868 4867
f 4867 4868 4865
f 4867 4865 4864
f 4864 4865 4866
f 1940 1938 1949
f 4871 4867 4864
f 971 968 951
f 3489 3491 3490
f 1487 1478 1475
f 1698 1699 1696
f 1472 1475 1467
f 5853 5856 5857
f 5856 5867 5858
f 500 505 504
f 3302 3301 3300
f 787 790 775
f 1460 1465 1463
f 4301 4302 4303
f 5422 5424 5423
f 5423 5424 5430
f 5430 5432 5431
f 5432 5523 5431
f 2031 2026 2029
f 1395 1384 1394
f 5456 5422 5421
f 1396 1407 1384
f 5471 5466 5503
f 1407 1427 1425
f 5407 5409 5408
f 1448 1437 1441
f 5390 5407 5408
f 1439 1442 1441
f 1937 1945 1932
f 5394 5383 5393
f 2045 2047 2049
f 2045 2049 2050
f 5394 5396 5383
f 1458 1457 1487
f 1938 1940 1939
f 1940 1951 1953
f 2489 2488 2490
f 2490 2491 2489
f 5856 5866 5878
f 2487 2488 2489
f 2161 2167 2166
f 5853 5854 5855
f 5853 5855 5856
f 5856 5878 5867
f 5869 5878 5873
f 5869 5873 5872
f 2161 2166 2164
f 5867 5878 5869
f 5951 5952 5953
f 5868 5867 5869
f 5951 5953 5954
f 5885 5932 5931
f 5868 5869 5870
f 5876 5868 5870
f 789 793 774
f 1463 1465 1466
f 4303 4304 4305
f 5233 5216 5215
f 5234 5233 5215
f 2029 2026 2028
f 4309 4295 4301
f 5215 5216 5213
f 2032 2031 2029
f 2033 2034 2031
f 2033 2031 2032
f 1194 1212 1210
f 1394 1384 1381
f 1452 1445 1447
f 1447 1445 1446
f 5413 5471 5503
f 1446 1445 1437
f 5409 5471 5413
f 1446 1437 1448
f 5470 5408 5411
f 5393 5392 5395
f 5395 5392 5388
f 5389 5390 5470
f 5470 5390 5408
f 827 828 808
f 2048 2045 2057
f 2045 2050 2051
f 5881 5882 5879
f 1458 1487 1489
f 827 808 822
f 2051 2050 2052
f 2051 2052 2053
f 2053 2052 2054
f 5393 5395 5525
f 5526 5393 5525
f 5525 5395 5388
f 5879 5880 5881
f 5879 5882 5886
f 1932 1938 1930
f 822 808 805
f 5863 5880 5879
f 5854 5864 5863
f 5866 5879 5886
f 5863 5879 5866
f 825 823 810
f 823 805 810
f 5855 5863 5866
f 5856 5855 5866
f 5878 5866 5886
f 5878 5886 5873
f 5938 5939 5940
f 5873 5888 5887
f 810 805 809
f 817 810 809
f 5865 5864 5854
f 2159 2161 2160
f 5854 5863 5855
f 5936 5897 5930
f 5930 5897 5898
f 5875 5873 5887
f 5875 5887 5884
f 5884 5887 5936
f 5910 5930 5898
f 5884 5936 5930
f 5884 5930 5885
f 818 817 809
f 5869 5872 5871
f 5877 5885 5931
f 1464 1465 1460
f 5870 5869 5871
f 4306 4301 4303
f 2029 2028 2035
f 4309 4301 4310
f 5430 5431 5426
f 1198 1194 1210
f 1393 1394 1381
f 1381 1384 1382
f 1198 1160 1194
f 1936 1937 1934
f 5410 5408 5409
f 5411 5408 5410
f 1441 1442 1456
f 1456 1458 1489
f 2057 2045 2055
f 806 808 820
f 2045 2051 2055
f 5886 5882 5933
f 5942 5941 5939
f 5939 5941 5940
f 823 822 805
f 805 808 806
f 2158 2162 2159
f 825 824 823
f 5908 5927 5913
f 805 806 807
f 5887 5889 5891
f 5887 5891 5936
f 1476 1487 1475
f 5888 5889 5887
f 5897 5896 5898
f 809 805 807
f 1475 1472 1473
f 807 812 809
f 809 812 826
f 2160 2161 2164
f 2160 2164 2165
f 5883 5875 5884
f 5883 5884 5885
f 5875 5883 5874
f 5874 5883 5877
f 5883 5885 5877
f 5871 5874 5877
f 1463 1466 1471
f 1471 1466 1483
f 5445 5449 5447
f 5426 5423 5430
f 5433 5431 5501
f 4310 4301 4311
f 3413 3453 3452
f 5418 5421 5420
f 5420 5421 5422
f 5426 5431 5433
f 5215 5214 5219
f 3414 3454 3453
f 1382 1384 1386
f 5503 5421 5418
f 1386 1384 1407
f 1386 1407 1425
f 5413 5503 5415
f 1935 1936 1934
f 5410 5409 5412
f 1937 1932 1929
f 1934 1937 1929
f 5892 5893 5890
f 5888 5892 5890
f 2055 2051 2056
f 2056 2051 2053
f 5888 5890 5889
f 1489 1487 1476
f 806 820 811
f 5904 5903 5901
f 806 811 807
f 1930 1938 1939
f 807 811 813
f 2158 2159 2160
f 5936 5891 5897
f 5897 5891 5896
f 5896 5899 5898
f 5902 5901 5903
f 807 813 812
f 812 813 814
f 1472 1467 1459
f 1459 1467 1464
f 4311 4301 4306
f 5220 5215 5219
f 3413 3452 3412
f 5503 5418 5415
f 1155 1149 1160
f 5414 5413 5415
f 5412 5413 5414
f 5890 5893 5894
f 1929 1932 1930
f 5889 5890 5891
f 5891 5890 5895
f 5891 5895 5896
f 5896 5895 5899
f 2613 2614 2612
f 5929 5926 5914
f 5898 5899 5901
f 5898 5901 5902
f 813 811 814
f 2158 2160 2163
f 1476 1475 1473
f 812 814 816
f 1471 1483 1484
f 5445 5447 5446
f 5452 5453 5451
f 3432 3435 3434
f 5420 5423 5425
f 5425 5423 5426
f 3412 3435 3432
f 5426 5433 5427
f 5220 5219 5221
f 3414 3413 3409
f 3409 3413 3412
f 3407 3414 3409
f 1447 1446 1454
f 5415 5418 5417
f 5418 5420 5419
f 5417 5418 5419
f 3411 3412 3424
f 3424 3432 3436
f 3424 3436 3411
f 3411 3436 3427
f 3411 3427 3426
f 3426 3427 3425
f 1454 1446 1448
f 5416 5415 5417
f 5414 5415 5416
f 1448 1441 1449
f 5890 5894 5895
f 5895 5894 5900
f 5895 5928 5899
f 1456 1489 1476
f 5899 5928 5901
f 5928 5904 5901
f 811 819 815
f 814 811 815
f 814 815 816
f 2248 2262 2245
f 1459 1464 1460
f 1460 1463 1462
f 1462 1463 1468
f 1463 1471 1468
f 5444 5445 5446
f 5452 5451 5443
f 5443 5451 5445
f 5215 5220 5231
f 3432 3434 3433
f 1202 1198 1210
f 5425 5426 5427
f 1386 1425 1408
f 3432 3433 3431
f 3409 3412 3411
f 3408 3407 3409
f 3425 3432 3431
f 3409 3411 3410
f 3410 3411 3426
f 1454 1448 1449
f 5918 5920 5919
f 3410 3426 3425
f 5944 5946 5945
f 5895 5900 5928
f 5943 5944 5945
f 5928 5918 5915
f 5947 5948 5949
f 5925 5934 5929
f 5914 5925 5929
f 2607 2610 2608
f 1930 1939 1941
f 1459 1460 1461
f 1480 1462 1468
f 1468 1471 1486
f 5443 5445 5444
f 1393 1381 1385
f 5231 5220 5222
f 5220 5221 5222
f 1155 1160 1198
f 5459 5425 5428
f 5428 5425 5427
f 5419 5420 5459
f 5427 5433 5429
f 5428 5427 5429
f 1408 1425 1426
f 3425 3431 3430
f 3406 3407 3408
f 5222 5221 5223
f 3429 3425 3430
f 1935 1934 1933
f 5918 5919 5917
f 3408 3409 3410
f 5925 5924 5934
f 3410 3425 3416
f 5915 5917 5916
f 3416 3425 3428
f 3425 3429 3428
f 5916 5925 5914
f 1456 1476 1479
f 1476 1473 1474
f 1470 1473 1472
f 1461 1460 1462
f 1486 1471 1485
f 1485 1471 1484
f 1386 1408 1382
f 5231 5222 5225
f 1155 1198 1202
f 5919 5922 5921
f 5917 5919 5921
f 5922 5923 5921
f 5921 5923 5924
f 5434 5428 5429
f 5921 5924 5925
f 3408 3410 3415
f 1933 1934 1927
f 3406 3408 3415
f 3429 3430 3437
f 1934 1929 1927
f 5916 5917 5921
f 5916 5921 5925
f 5223 5226 5224
f 3406 3415 3417
f 3440 3428 3429
f 3429 3437 3439
f 2616 2610 2611
f 2617 2616 2611
f 2608 2609 2606
f 2264 2265 2260
f 1474 1473 1470
f 1481 1486 1485
f 2976 2975 2972
f 5521 5452 5443
f 1380 1381 1382
f 5521 5443 5442
f 5443 5444 5441
f 5442 5443 5441
f 5225 5222 5224
f 5437 5438 5439
f 3415 3410 3416
f 2618 2617 2611
f 2608 2616 2615
f 2608 2615 2609
f 2615 2619 2609
f 5224 5226 5236
f 3449 3417 3418
f 1479 1476 1474
f 2264 2266 2265
f 2252 2246 2251
f 2252 2251 2253
f 1480 1468 1481
f 1385 1381 1380
f 1155 1202 1197
f 5454 5521 5442
f 5441 5444 5448
f 1947 1935 1933
f 5435 5429 5454
f 5454 5442 5438
f 5438 5442 5441
f 5438 5441 5440
f 5440 5441 5448
f 5435 5454 5438
f 5237 5225 5224
f 5435 5438 5437
f 5439 5438 5440
f 5436 5435 5437
f 5439 5440 5450
f 1927 1929 1928
f 3440 3429 3439
f 1928 1929 1930
f 3417 3415 3418
f 3416 3428 3420
f 3428 3440 3420
f 1943 1930 1941
f 2265 2266 2270
f 2265 2270 2261
f 2260 2265 2261
f 2260 2261 2250
f 1477 1474 1470
f 1470 1472 1459
f 1470 1459 1461
f 1461 1462 1469
f 2973 2978 2977
f 1388 1385 1380
f 3440 3439 3441
f 3418 3415 3419
f 3415 3416 3419
f 3442 3440 3441
f 3419 3416 3420
f 3420 3440 3442
f 3448 3418 3419
f 3448 3419 3421
f 2250 2261 2258
f 2249 2250 2257
f 1470 1461 1469
f 1469 1462 1480
f 1482 1480 1481
f 2979 2975 2980
f 2976 2984 2980
f 2980 2975 2976
f 2975 2979 2973
f 2979 2981 2978
f 2973 2979 2978
f 1388 1380 1387
f 1380 1382 1383
f 1382 1408 1383
f 1933 1927 1931
f 1943 1941 1946
f 3421 3419 3420
f 3421 3420 3422
f 3420 3442 3422
f 2250 2258 2257
f 2253 2251 2269
f 1469 1480 1482
f 2980 2985 2979
f 2979 2985 2981
f 1387 1380 1383
f 1383 1408 1409
f 1947 1933 1931
f 1926 1927 1928
f 3442 3441 3443
f 3423 3421 3422
f 3444 3442 3443
f 3422 3442 3444
f 3438 3422 3444
f 3423 3422 3438
f 3438 3444 3447
f 3450 3423 3438
f 3451 3450 3438
f 2985 2987 2981
f 1974 1947 1931
f 1931 1927 1926
f 1926 1928 1943
f 3444 3443 3445
f 3444 3445 3446
f 3447 3444 3446
f 2981 2987 2986
f 2982 2981 2986
f 1926 1943 1954
f 1389 1387 1383
f 1389 1383 1390
f 1390 1383 1409
f 1390 1409 1412
f 1156 1189 1161
f 1974 1931 1975
f 1968 1954 1969
f 1975 1967 1966
f 1967 1968 1964
f 1964 1969 1957
f 1969 1954 1957
f 1389 1390 1391
f 1391 1390 1392
f 1189 1125 1121
f 1390 1412 1392
f 1116 1161 1189
f 1966 1967 1964
f 1166 1161 1112
f 1957 1954 1956
f 1121 1125 1124
f 1392 1412 1413
f 1116 1189 1121
f 1161 1116 1112
f 1166 1114 1168
f 1964 1957 1958
f 1424 1391 1418
f 1122 1121 1124
f 1414 1392 1413
f 1966 1964 1965
f 1965 1964 1962
f 1962 1964 1958
f 1168 1114 1172
f 2907 2908 2902
f 1956 1958 1957
f 1958 1956 1959
f 1959 1956 1970
f 1959 1970 1980
f 29 30 31
f 1422 1392 1415
f 1415 1392 1414
f 1960 1958 1959
f 2907 2902 2901
f 2909 2907 2901
f 2909 2901 2903
f 1979 1959 1980
f 2909 2903 2914
f 2914 2913 2917
f 2917 2913 2919
f 1436 1423 1418
f 1418 1423 1422
f 1418 1422 1415
f 1418 1415 1417
f 1415 1414 1417
f 1417 1414 1416
f 1416 1414 1413
f 1973 1966 1965
f 1963 1965 1962
f 1962 1958 1961
f 1961 1958 1960
f 1418 1417 1419
f 1419 1417 1416
f 1117 1121 1122
f 1973 1965 1972
f 1972 1965 1963
f 1963 1962 1961
f 1424 1418 1420
f 1120 1117 1122
f 1421 1416 1429
f 1420 1418 1419
f 1120 1122 1123
f 1419 1416 1421
f 5028 5030 5029
f 5028 5029 5027
f 5025 5028 5027
f 5025 5027 5026
f 5823 5826 5825
f 5024 5025 5026
f 5023 5024 5020
f 5022 5023 5020
f 5021 5020 5034
f 5030 5032 5031
f 5030 5031 5029
f 5822 5823 5820
f 3546 3543 3547
f 3543 3544 3545
f 1119 1117 1120
f 5821 5822 5820
f 5820 5823 5824
f 5824 5823 5825
f 2899 2904 2889
f 5825 5830 5829
f 3548 3546 3547
f 3550 3548 3549
f 3548 3550 3551
f 1859 1871 1872
f 1882 1893 1891
f 5825 5829 5828
f 1877 1882 1891
f 3552 3551 3550
f 5821 5820 5819
f 3553 3552 3554
f 3552 3555 3554
f 2905 2912 2904
f 1872 1882 1877
f 3553 3551 3552
f 5835 5820 5824
f 1857 1860 1859
f 5824 5825 5827
f 1859 1872 1858
f 1858 1872 1877
f 5835 5824 5833
f 5819 5820 5818
f 5818 5820 5835
f 1877 1891 1890
f 1857 1859 1858
f 5833 5824 5827
f 1867 1858 1877
f 1857 1858 1855
f 5817 5819 5818
f 5816 5818 5835
f 5849 5850 5851
f 1867 1877 1874
f 1874 1877 1890
f 5817 5818 5816
f 1855 1858 1867
f 5849 5851 5852
f 5835 5833 5812
f 5812 5833 5809
f 5813 5816 5835
f 5813 5835 5812
f 5817 5816 5815
f 5812 5809 5794
f 1853 1867 1874
f 1874 1890 1888
f 1855 1867 1853
f 1854 1855 1853
f 5815 5816 5813
f 5813 5812 5793
f 5794 5809 5796
f 1853 1874 1845
f 1845 1874 1875
f 1875 1874 1888
f 5793 5812 5794
f 1875 1888 1878
f 5815 5813 5814
f 1852 1853 1845
f 5793 5794 5795
f 5796 5807 5800
f 1888 1892 1878
f 5802 5813 5793
f 5795 5794 5796
f 1845 1875 1878
f 5814 5813 5802
f 1846 1845 1878
f 1851 1852 1845
f 5802 5793 5795
f 5831 5814 5802
f 5795 5796 5797
f 1846 1878 1879
f 1848 1846 1879
f 5802 5795 5798
f 5798 5795 5797
f 1847 1846 1848
f 5831 5802 5832
f 5832 5802 5834
f 5834 5802 5798
f 5798 5797 5799
f 5799 5797 5801
f 5799 5801 5803
f 5832 5834 5846
f 5806 5798 5799
f 5806 5799 5811
f 5799 5803 5805
f 5811 5799 5805
f 2859 2853 2854
f 1848 1879 1873
f 5846 5834 5806
f 5805 5803 5808
f 1873 1879 1889
f 5806 5811 5836
f 5844 5846 5806
f 5844 5806 5836
f 5837 5811 5840
f 4410 4414 4411
f 4585 4588 4586
f 4410 4411 4412
f 4325 4328 4327
f 1850 1873 1865
f 5837 5840 5841
f 5841 5840 5842
f 4325 4327 4326
f 2856 2854 2855
f 1876 1873 1889
f 5838 5836 5837
f 4413 4410 4412
f 5843 5841 5842
f 4585 4586 4587
f 4078 4076 4075
f 4585 4587 4589
f 1865 1873 1876
f 5846 5844 5847
f 5847 5844 5848
f 4332 4334 4323
f 5839 5836 5838
f 5845 5837 5841
f 4393 4397 4396
f 4324 4321 4325
f 4324 4325 4326
f 4607 4599 4606
f 4073 4071 4070
f 2852 2857 2858
f 4070 4071 4072
f 1876 1889 1887
f 4333 4332 4331
f 4332 4323 4331
f 4885 4886 4887
f 4078 4075 4077
f 4075 4076 4073
f 4075 4073 4070
f 1881 1876 1887
f 4331 4323 4329
f 4079 4078 4077
f 4324 4326 4330
f 4077 4075 4070
f 1865 1876 1881
f 3816 3818 3814
f 3816 3814 3813
f 3813 3814 3815
f 3814 3819 3817
f 3815 3814 3817
f 1866 1863 1864
f 1880 1864 1883
f 1880 1883 1884
f 1884 1883 1885
f 1884 1885 1886
f 5162 5163 5145
f 4582 4583 4584
f 5155 5158 5157
f 5139 5142 5140
f 5156 5155 5157
f 5140 5148 5153
f 5155 5156 5152
f 1866 1864 1880
f 5159 5161 5160
f 5159 5160 5158
f 5143 5151 5145
f 5145 5151 5162
f 5140 5143 5145
f 5154 5159 5155
f 5159 5158 5155
f 5149 5145 5154
f 5148 5145 5149
f 5149 5154 5155
f 5148 5149 5150
f 5149 5155 5152
f 5141 5140 5146
f 5146 5140 5153
f 5150 5149 5152
f 5146 5153 5136
f 4074 4077 4070
f 4074 4070 4072
f 5136 5137 5138
f 5151 5161 5159
f 5138 5146 5136
