v -0.046875 0.104919 -0.087891
v -0.045044 0.103333 -0.086304
v -0.046875 0.104980 -0.087891
v -0.046875 0.105042 -0.087891
v -0.046280 0.106385 -0.090977
v -0.170699 0.194870 -0.035519
v -0.156776 0.206411 -0.010739
v -0.158826 0.205099 -0.017355
v -0.010998 0.484506 -0.040589
v -0.007791 0.478727 -0.045562
v -0.007184 0.479591 -0.041843
v 0.096359 0.025796 -0.033146
v 0.098011 0.035384 -0.011947
v 0.102179 0.010628 -0.013161
v 0.104311 0.015828 0.008926
v 0.092759 0.041302 -0.032285
v 0.098400 0.038298 0.009676
v 0.103209 0.009246 -0.003139
v 0.102777 0.015382 0.026165
v 0.103604 0.011257 0.022597
v 0.107855 -0.012470 0.015846
v 0.108098 -0.015918 0.030149
v 0.104366 -0.007250 -0.005287
v 0.111545 -0.028574 0.012547
v 0.112486 -0.032047 0.032215
v 0.112735 -0.044335 0.012606
v 0.114002 -0.045885 0.033988
v 0.104312 -0.017728 -0.006836
v 0.096315 0.004464 -0.033078
v 0.098767 -0.015372 -0.020918
v 0.088906 0.024715 -0.049845
v 0.089182 0.003105 -0.048272
v 0.098709 -0.032463 -0.019368
v 0.087982 -0.017067 -0.041068
v 0.095446 -0.050132 -0.021377
v 0.088148 -0.038660 -0.037005
v 0.078994 0.019697 -0.064236
v 0.080386 -0.006399 -0.055356
v 0.080493 -0.024520 -0.050660
v 0.077906 -0.047729 -0.049174
v 0.082292 -0.062875 -0.038879
v 0.079655 0.042117 -0.054398
v 0.085230 0.044855 -0.046349
v 0.074146 -0.004479 -0.064120
v 0.095510 -0.069529 -0.025159
v 0.112742 -0.066503 -0.003087
v 0.116970 -0.059917 0.006392
v 0.115260 -0.086493 -0.004401
v 0.106636 -0.095540 -0.017234
v 0.116874 -0.074641 0.002481
v 0.121974 -0.085150 0.007888
v 0.124638 -0.089897 0.011277
v 0.125962 -0.111362 -0.003368
v 0.134637 -0.119923 0.010829
v 0.132646 -0.130367 -0.002313
v 0.141761 -0.154184 0.010730
v 0.136703 -0.156018 -0.006469
v 0.124854 -0.139116 -0.018570
v 0.139749 -0.172143 0.010251
v 0.137536 -0.183016 -0.006356
v 0.129760 -0.181631 -0.019054
v 0.127293 -0.095179 0.020931
v 0.126412 -0.163160 -0.021529
v 0.141974 -0.154433 0.033854
v 0.134981 -0.120528 0.033105
v 0.127893 -0.095994 0.034165
v 0.140543 -0.185466 0.032434
v 0.140995 -0.169175 0.037863
v 0.141855 -0.187266 0.042494
v 0.125016 -0.073067 0.007238
v 0.127230 -0.072883 0.029556
v 0.131456 -0.085192 0.012020
v 0.132891 -0.089523 0.031424
v 0.114979 -0.112309 -0.016655
v 0.066351 0.041322 -0.069552
v 0.092536 0.045834 -0.008228
v 0.140415 -0.189971 0.054164
v 0.119618 -0.183920 -0.028687
v 0.087676 0.047646 -0.031787
v 0.086133 0.059250 -0.046672
v 0.095079 0.056931 -0.007707
v 0.091401 0.061496 -0.017712
v 0.096041 0.060230 0.011069
v 0.096250 0.056270 0.022021
v 0.085581 0.053186 -0.058823
v 0.085171 0.068489 -0.058365
v 0.083692 0.068332 -0.064801
v 0.074956 0.090322 -0.072918
v 0.068503 0.088743 -0.081094
v 0.068648 0.112705 -0.080837
v 0.068338 0.094049 -0.088464
v 0.065303 0.126216 -0.087779
v 0.065164 0.151523 -0.084104
v 0.062830 0.150421 -0.092086
v 0.064220 0.176960 -0.079999
v 0.065518 0.161772 -0.076253
v 0.066519 0.142690 -0.075059
v 0.069554 0.113404 -0.067200
v 0.069091 0.145625 -0.069089
v 0.072940 0.092291 -0.059927
v 0.066663 0.106331 -0.096999
v 0.064245 0.135540 -0.096318
v 0.094234 0.044396 0.023141
v 0.081471 0.105425 -0.048960
v 0.086999 0.086619 -0.036634
v 0.091199 0.105915 -0.031091
v 0.095094 0.101097 -0.016854
v 0.091806 0.117939 -0.031130
v 0.088732 0.130996 -0.047338
v 0.088532 0.135763 -0.044256
v 0.086045 0.160768 -0.056816
v 0.082989 0.159658 -0.062188
v 0.082845 0.195951 -0.065996
v 0.078275 0.077101 -0.050321
v 0.084161 0.179681 -0.054733
v 0.090417 0.197248 -0.049012
v 0.083165 0.169660 -0.048230
v 0.089654 0.173141 -0.029289
v 0.083133 0.148491 -0.037533
v 0.089021 0.152856 -0.015311
v 0.086460 0.128300 -0.022772
v 0.084028 0.136548 -0.031764
v 0.091735 0.182857 -0.017741
v 0.094965 0.201350 -0.033610
v 0.076636 0.126557 -0.059777
v 0.087978 0.138830 0.000007
v 0.089261 0.115191 -0.001132
v 0.088782 0.078371 -0.018112
v 0.088750 0.169118 -0.005850
v 0.099021 0.224124 -0.050597
v 0.093681 0.225978 -0.064212
v 0.077126 0.184832 -0.071610
v 0.081452 0.211070 -0.071671
v 0.100294 0.221818 -0.035407
v 0.094544 0.199496 -0.014882
v 0.082814 0.068775 -0.027229
v 0.079065 0.071550 -0.046401
v 0.060310 0.177089 -0.084229
v 0.061899 0.195006 -0.082043
v 0.104172 0.231807 -0.030292
v 0.093307 0.090216 0.000610
v 0.096105 0.080220 0.020773
v 0.092220 0.094137 0.005885
v 0.070788 0.054847 -0.075206
v 0.079119 0.071508 -0.069459
v 0.120129 -0.188093 -0.027296
v 0.088295 0.238289 -0.075183
v 0.087609 0.069177 -0.000421
v 0.089037 0.070311 0.017207
v 0.094261 0.038710 0.032139
v 0.084518 0.105736 0.024013
v 0.079065 0.139798 0.024998
v 0.099598 0.227546 -0.008134
v 0.081121 0.103354 0.037882
v 0.074422 0.135581 0.044191
v 0.075829 0.161145 0.032045
v 0.106208 -0.020687 0.041750
v 0.066977 0.163508 0.061328
v 0.071097 0.178721 0.047266
v 0.084216 0.166439 0.009248
v 0.087664 0.189032 0.006028
v 0.123098 -0.066964 0.035623
v 0.087571 0.066745 0.019726
v 0.123330 -0.096753 0.047950
v 0.078122 0.182972 0.027092
v 0.070778 0.200860 0.049339
v 0.127298 -0.090641 0.047732
v 0.098398 0.236439 0.003437
v 0.095874 0.007831 0.044167
v 0.128393 -0.118562 0.048979
v 0.136988 -0.153625 0.044760
v 0.096126 0.015895 0.042515
v 0.091062 0.079867 0.032890
v 0.136540 -0.173341 0.050922
v 0.129252 -0.159021 0.057930
v 0.102875 0.241891 -0.063739
v 0.083682 0.201179 0.020846
v 0.078947 0.207365 0.034845
v 0.089871 0.237183 0.024062
v 0.109590 -0.044402 0.041894
v 0.105701 0.236407 -0.054526
v 0.107367 0.237360 -0.024890
v 0.063189 0.185842 0.059655
v 0.107151 0.242086 -0.008663
v 0.080790 0.229323 0.040591
v 0.093842 0.260938 0.026737
v 0.064163 0.138681 0.064360
v 0.072027 0.124054 0.050734
v 0.127537 -0.147678 0.060038
v 0.114539 -0.095221 0.062882
v 0.122235 -0.129126 0.062284
v 0.106954 -0.121876 -0.027574
v 0.113252 -0.074728 0.059438
v 0.084460 0.044996 0.040302
v 0.098080 0.253384 0.019614
v 0.102708 -0.048793 0.052767
v 0.079145 0.067727 0.033059
v 0.075442 0.063460 0.038920
v 0.071279 0.067797 0.045787
v 0.073120 0.098231 0.050602
v 0.088143 0.055734 0.034320
v 0.117489 -0.089176 0.061734
v 0.092429 0.005970 0.050043
v 0.075400 0.238073 0.051399
v 0.082189 0.248611 0.041685
v 0.087341 0.011899 0.054517
v 0.064174 0.104926 0.059615
v 0.065147 0.204584 0.057243
v 0.095939 -0.020132 0.055230
v 0.063042 0.219473 0.061130
v 0.129842 -0.174667 0.059357
v 0.074106 0.078521 0.053395
v 0.082413 0.033217 0.048792
v 0.106960 0.249767 0.005424
v 0.065023 0.069348 0.058728
v 0.108812 0.249624 -0.064539
v 0.060514 0.061343 0.055335
v -0.017779 0.179122 0.071730
v -0.033301 0.184618 0.071426
v -0.030154 0.162464 0.073567
v -0.033787 0.202254 0.068341
v -0.048098 0.205971 0.067776
v -0.049262 0.232749 0.064060
v -0.033486 0.229351 0.062625
v -0.043932 0.244739 0.059608
v -0.015969 0.239291 0.056444
v -0.012689 0.206391 0.062164
v -0.001107 0.234139 0.057071
v -0.000292 0.251274 0.052212
v 0.002563 0.203805 0.062043
v 0.012356 0.186614 0.068458
v -0.000963 0.160322 0.078334
v 0.020751 0.173324 0.073348
v 0.015917 0.153678 0.077303
v 0.033351 0.162589 0.074873
v 0.036136 0.190425 0.070386
v 0.049874 0.169539 0.071314
v 0.050029 0.194910 0.067412
v 0.033181 0.128430 0.078626
v 0.004298 0.125556 0.081617
v -0.001608 0.139730 0.079534
v 0.021873 0.223293 0.064325
v -0.017158 0.123450 0.079798
v -0.000765 0.110105 0.082605
v -0.039803 0.148250 0.072517
v -0.046899 0.173607 0.070086
v 0.033343 0.234796 0.064868
v 0.046078 0.220361 0.066821
v 0.048231 0.238049 0.063633
v 0.047344 0.256586 0.056775
v 0.028125 0.256723 0.056336
v 0.032279 0.109578 0.079396
v 0.017211 0.241240 0.059392
v -0.005783 0.269853 0.044406
v -0.037473 0.263620 0.049947
v -0.003328 0.280917 0.039707
v -0.018947 0.274503 0.041802
v -0.029011 0.292803 0.034704
v -0.018440 0.304265 0.035060
v 0.000464 0.299719 0.037370
v 0.014484 0.296185 0.037566
v 0.024133 0.307914 0.034416
v 0.010299 0.283913 0.041026
v 0.018724 0.292162 0.038901
v 0.031526 0.284758 0.043427
v 0.020540 0.301111 0.037954
v 0.030904 0.307146 0.033470
v 0.048657 0.293946 0.038919
v 0.038187 0.313582 0.030236
v -0.063093 0.256247 0.051255
v 0.061972 0.258884 0.053112
v 0.063626 0.288232 0.038791
v -0.041928 0.264326 0.050211
v -0.042725 0.274619 0.045473
v -0.034684 0.273379 0.045404
v 0.043474 0.325025 0.023759
v 0.064874 0.307070 0.028808
v -0.033776 0.286528 0.039064
v 0.061175 0.236906 0.060547
v 0.063042 0.219473 0.061130
v -0.066493 0.280303 0.038161
v -0.044306 0.285412 0.039867
v -0.078157 0.265678 0.044089
v -0.085220 0.287726 0.031632
v -0.108316 0.300305 0.022267
v -0.099017 0.286123 0.030676
v -0.071991 0.240550 0.053992
v -0.033439 0.308571 0.029291
v -0.040621 0.310853 0.029305
v -0.038948 0.322107 0.024641
v -0.090694 0.258717 0.041777
v -0.039518 0.123860 0.074631
v -0.055321 0.300599 0.027313
v -0.123853 0.289346 0.020890
v 0.000849 0.326144 0.037712
v -0.017024 0.328482 0.035436
v -0.011085 0.066327 0.080957
v -0.106813 0.278623 0.029398
v -0.129087 0.299118 0.014888
v -0.077996 0.298695 0.024924
v -0.071337 0.307600 0.019620
v -0.058765 0.314453 0.019228
v -0.072806 0.230384 0.055154
v -0.058373 0.200371 0.063214
v 0.015789 0.329277 0.034273
v -0.102007 0.310672 0.015369
v 0.046448 0.130332 0.073685
v -0.028197 0.332575 0.030005
v -0.121367 0.308030 0.012793
v -0.020849 0.331097 0.033429
v -0.040155 0.077493 0.072660
v 0.020823 0.093569 0.079109
v -0.000297 0.087611 0.084393
v -0.001136 0.053638 0.085182
v -0.017169 0.052855 0.080102
v -0.034713 0.064193 0.071752
v -0.035804 0.052152 0.075636
v -0.052740 0.149645 0.066390
v -0.047117 0.100962 0.070712
v 0.015471 0.061539 0.080024
v -0.056941 0.176600 0.064721
v -0.038808 0.296394 0.036842
v -0.028255 0.346429 0.030784
v -0.044085 0.064729 0.065719
v -0.054408 0.052954 0.068032
v -0.053296 0.075716 0.066086
v -0.126757 0.268731 0.018705
v -0.000190 0.043944 0.083428
v -0.047095 0.294036 0.034968
v -0.109898 0.265131 0.026057
v -0.077380 0.313485 0.012947
v -0.072998 0.312479 0.015502
v -0.042000 0.334798 0.019659
v -0.042018 0.350605 0.013256
v 0.079027 0.279590 0.036918
v 0.037541 0.053031 0.072218
v 0.035368 0.093351 0.075559
v -0.138602 0.265324 0.011026
v -0.057331 0.110780 0.063845
v -0.062136 0.076213 0.060441
v -0.047261 0.303214 0.032753
v 0.073456 0.258452 0.048195
v 0.027782 0.319205 0.030781
v 0.032759 0.319012 0.034002
v 0.034590 0.039976 0.071362
v 0.015362 0.042333 0.077159
v 0.032051 0.027160 0.071946
v 0.008319 0.013254 0.078117
v 0.038209 0.017886 0.071621
v 0.034367 -0.004808 0.081357
v 0.022053 -0.007052 0.084675
v 0.000872 -0.008042 0.087769
v -0.000634 0.014383 0.079171
v -0.017362 0.013135 0.075966
v -0.023679 -0.007278 0.081982
v -0.047406 0.006694 0.072345
v -0.045069 0.019930 0.070105
v -0.050549 -0.002830 0.074807
v -0.073717 0.026862 0.058808
v -0.016147 0.027719 0.076689
v -0.043474 0.027339 0.070994
v -0.017886 0.040881 0.074864
v -0.040272 0.040066 0.068563
v -0.061607 0.032756 0.064838
v -0.081991 0.012008 0.058615
v -0.060725 0.042600 0.059944
v -0.067335 -0.001925 0.065792
v -0.078891 0.035679 0.052894
v 0.048626 -0.001809 0.076014
v 0.052434 0.025894 0.064784
v 0.066733 0.004727 0.067273
v 0.067707 0.030050 0.057748
v 0.068822 0.042303 0.053690
v 0.048085 0.041781 0.065618
v 0.052008 0.069778 0.067758
v -0.143934 0.276980 0.007149
v -0.154958 0.263642 0.002396
v -0.154226 0.248529 0.007745
v -0.172105 0.252152 0.001629
v -0.185820 0.238538 0.002218
v -0.177491 0.226283 0.008523
v -0.163134 0.226468 0.008930
v -0.170631 0.214630 0.009242
v -0.140851 0.241143 0.008332
v -0.129671 0.248644 0.009889
v -0.168116 0.273612 -0.009424
v -0.152371 0.281226 -0.001555
v -0.181033 0.251800 -0.002831
v -0.076725 0.096726 0.050157
v -0.010945 0.342830 0.041907
v -0.001766 0.338636 0.042682
v -0.050197 0.311016 0.027148
v 0.033897 0.327549 0.028778
v 0.029093 0.335370 0.025774
v 0.038978 0.334448 0.024097
v -0.079815 0.223170 0.048926
v -0.120087 0.251463 0.015470
v -0.099647 0.262489 0.034348
v -0.090214 0.029351 0.043584
v -0.096457 0.015689 0.045245
v -0.087194 0.008246 0.053937
v -0.080164 -0.026601 0.066512
v -0.086735 -0.024899 0.063112
v -0.062448 -0.028944 0.070673
v -0.048096 -0.012105 0.071085
v -0.029176 -0.037358 0.073716
v -0.032145 -0.014099 0.074182
v -0.015491 -0.014991 0.079734
v -0.057570 -0.048298 0.069607
v -0.032312 -0.052609 0.071392
v -0.052851 -0.066643 0.073707
v -0.078612 -0.066796 0.069385
v -0.085177 -0.044607 0.062488
v -0.064894 -0.078173 0.071416
v -0.083797 -0.081758 0.070357
v -0.091429 -0.112249 0.073278
v -0.102508 -0.094939 0.068699
v -0.103866 -0.118765 0.071145
v -0.100831 -0.060553 0.058895
v -0.108275 -0.083747 0.064119
v -0.107541 -0.058928 0.056585
v -0.021370 -0.064224 0.072399
v -0.011275 -0.059379 0.072616
v 0.002431 -0.062363 0.073794
v -0.091923 -0.149696 0.069816
v -0.110336 -0.156773 0.068415
v -0.109835 -0.186053 0.068647
v -0.121055 -0.176848 0.064882
v -0.137231 -0.190625 0.062896
v -0.114077 -0.132468 0.067623
v -0.112731 -0.100868 0.064673
v -0.102930 -0.043521 0.051747
v 0.004220 -0.039223 0.080803
v 0.001774 -0.015813 0.082481
v -0.122678 -0.159953 0.062012
v -0.129206 -0.201836 0.070848
v -0.112696 -0.203431 0.073319
v -0.100207 -0.205949 0.073374
v -0.140249 -0.199022 0.063948
v -0.096161 -0.174889 0.068264
v -0.091535 -0.193858 0.067951
v -0.072986 -0.103426 0.071390
v -0.051235 -0.080817 0.069956
v -0.132482 -0.173660 0.056999
v -0.129759 -0.134379 0.056987
v -0.127351 -0.153804 0.057957
v -0.101669 -0.026589 0.053058
v 0.030065 -0.033438 0.076126
v 0.018318 -0.013242 0.079083
v -0.096649 -0.012712 0.051383
v -0.115022 -0.083643 0.065663
v 0.009970 -0.065255 0.072761
v 0.034873 -0.013328 0.074924
v 0.059537 -0.005386 0.068389
v 0.057625 -0.027026 0.071146
v 0.050727 -0.048189 0.071793
v 0.028501 -0.050504 0.074096
v 0.033907 -0.063170 0.075067
v 0.058176 -0.065721 0.073442
v 0.048458 -0.076273 0.073183
v 0.066948 -0.076186 0.072352
v 0.072926 -0.103328 0.074882
v 0.047155 -0.095845 0.072116
v 0.069053 -0.126164 0.074764
v 0.028966 -0.074836 0.071380
v 0.087696 -0.130864 0.074515
v 0.090536 -0.152058 0.073556
v 0.068727 -0.143635 0.072174
v 0.053926 -0.128301 0.069899
v 0.082021 -0.172603 0.070018
v 0.099188 -0.184408 0.070731
v 0.084703 -0.191010 0.068191
v 0.093502 -0.209068 0.071580
v 0.115565 -0.202201 0.072348
v 0.108161 -0.186002 0.070706
v 0.109929 -0.160235 0.068764
v 0.071539 -0.215093 0.062591
v 0.035396 -0.099939 0.067518
v 0.067466 -0.190933 0.059936
v 0.094395 -0.102877 0.070806
v 0.014009 -0.083278 0.064357
v 0.065973 -0.173867 0.062932
v 0.079110 -0.043660 0.064690
v 0.076323 -0.021966 0.065813
v 0.120743 -0.178732 0.065903
v 0.104814 -0.121009 0.069138
v -0.078192 -0.179063 0.063392
v 0.089288 -0.066994 0.064723
v 0.114539 -0.095221 0.062882
v 0.077074 0.003050 0.060776
v 0.132795 -0.196286 0.064726
v -0.084117 -0.209051 0.067702
v -0.064514 -0.116997 0.066377
v -0.051545 -0.101382 0.065446
v -0.035557 -0.088133 0.065273
v -0.018117 -0.081727 0.064078
v 0.122235 -0.129126 0.062284
v 0.104160 -0.072869 0.060588
v 0.113252 -0.074728 0.059438
v 0.117489 -0.089176 0.061734
v 0.102708 -0.048793 0.052767
v 0.051599 0.097366 0.069060
v -0.078506 -0.143710 0.066235
v -0.078455 -0.160973 0.063642
v 0.061455 0.159066 0.066608
v -0.002852 -0.074660 0.066641
v 0.061366 0.175505 0.065116
v 0.010831 0.343324 0.040587
v 0.049182 0.057543 0.067594
v 0.127537 -0.147678 0.060038
v -0.108677 0.254818 0.021198
v 0.041170 0.342629 0.018342
v 0.041661 0.360225 0.012878
v 0.048013 0.350526 0.019680
v 0.049937 0.339899 0.019224
v 0.051659 0.367024 0.018263
v 0.045786 0.383362 0.012983
v 0.054824 0.374244 0.019666
v 0.054789 0.349809 0.015019
v 0.044991 0.396316 0.014272
v 0.039369 0.369371 0.014093
v 0.095939 -0.020132 0.055230
v 0.088518 0.308646 0.018085
v 0.094546 0.288759 0.026086
v 0.113642 0.300904 0.018327
v 0.124379 0.289202 0.019565
v 0.103912 0.277026 0.024731
v 0.127846 0.298134 0.015932
v 0.124290 0.267975 0.018572
v 0.090444 0.270300 0.031068
v 0.137836 0.274676 0.013921
v 0.138077 0.255031 0.012762
v 0.152493 0.254400 0.009036
v 0.152574 0.238761 0.009733
v 0.168146 0.222469 0.008764
v 0.179037 0.235793 0.005569
v 0.145699 0.227837 0.005450
v 0.132244 0.244183 0.008622
v 0.158601 0.210862 0.004540
v 0.167034 0.214472 0.005813
v 0.125442 0.253832 0.012508
v 0.166653 0.252831 0.004023
v 0.152623 0.264353 0.005275
v 0.110708 0.263903 0.018896
v 0.087341 0.011899 0.054517
v 0.064163 0.138681 0.064360
v 0.082413 0.033217 0.048792
v 0.093842 0.260938 0.026737
v 0.061036 0.324625 0.018390
v 0.067280 0.315551 0.022645
v 0.074013 0.315776 0.019675
v 0.129842 -0.174667 0.059357
v 0.129252 -0.159021 0.057930
v -0.072825 -0.197150 0.057438
v -0.146839 0.216649 0.001354
v -0.127761 0.234732 0.002478
v -0.166094 0.203971 0.003421
v 0.075400 0.238073 0.051399
v 0.109881 0.316622 0.007241
v -0.065805 -0.134842 0.060236
v 0.176878 0.252497 -0.001460
v 0.185401 0.243692 -0.001719
v 0.092429 0.005970 0.050043
v 0.180602 0.231105 0.003659
v 0.184909 0.207800 0.000928
v 0.168342 0.207364 0.003990
v 0.197807 0.215406 -0.004933
v 0.188650 0.201766 -0.001943
v -0.073198 -0.211680 0.060803
v 0.074106 0.078521 0.053395
v 0.203118 0.227153 -0.011060
v 0.212761 0.209788 -0.013528
v 0.202152 0.198215 -0.011685
v 0.211232 0.194922 -0.011525
v 0.215485 0.217624 -0.016922
v 0.232738 0.209071 -0.005587
v 0.230159 0.193316 0.002043
v 0.243687 0.193915 0.004950
v 0.241728 0.180554 0.007725
v 0.258422 0.180644 0.009361
v 0.269363 0.162363 0.007963
v 0.276106 0.172197 0.010265
v 0.292183 0.163232 0.013474
v 0.260065 0.191251 0.004224
v 0.226512 0.181890 0.000961
v 0.285861 0.150511 0.007996
v 0.249089 0.203192 -0.002562
v 0.240336 0.164976 0.001624
v 0.226846 0.175079 -0.000501
v 0.308798 0.147649 0.016779
v 0.311736 0.155159 0.016786
v 0.329518 0.141233 0.025884
v 0.064174 0.104926 0.059615
v 0.065023 0.069348 0.058728
v 0.125775 0.311026 0.006151
v 0.070388 0.052764 0.051775
v 0.094198 0.324461 0.003152
v 0.074365 0.323165 0.012834
v 0.065147 0.204584 0.057243
v 0.063189 0.185842 0.059655
v 0.084460 0.044996 0.040302
v 0.169396 0.199434 -0.001002
v 0.201314 0.190961 -0.015941
v 0.210415 0.179320 -0.017644
v -0.072440 0.322809 0.004162
v 0.066977 0.163508 0.061328
v 0.082189 0.248611 0.041685
v -0.104497 0.321527 0.004680
v 0.185629 0.192008 -0.010445
v 0.151047 0.274741 0.002115
v 0.138548 0.298210 0.005717
v 0.088143 0.055734 0.034320
v 0.273755 0.150152 0.001883
v 0.060514 0.061343 0.055335
v 0.317554 0.137340 0.017756
v 0.298941 0.146121 0.011595
v 0.098080 0.253384 0.019614
v 0.075442 0.063460 0.038920
v 0.140415 -0.189971 0.054164
v 0.054108 -0.194685 0.049107
v 0.046999 -0.175449 0.048144
v 0.041740 -0.118256 0.065216
v 0.023858 -0.096222 0.062417
v 0.073120 0.098231 0.050602
v -0.181917 0.222689 0.004063
v -0.174778 0.211634 0.005359
v -0.199251 0.208653 -0.006357
v -0.198188 0.219081 -0.005207
v -0.215087 0.212343 -0.015209
v -0.191884 0.242407 -0.006062
v -0.173205 0.199151 -0.000565
v -0.192560 0.197099 -0.007603
v -0.206296 0.195581 -0.014239
v -0.212146 0.197503 -0.012403
v -0.234020 0.194213 0.002927
v -0.236490 0.205549 -0.003183
v -0.248386 0.197866 0.002547
v -0.251055 0.188091 0.007215
v -0.237900 0.181255 0.006017
v -0.250545 0.179266 0.008545
v -0.280657 0.171193 0.009977
v -0.257214 0.170782 0.008178
v -0.286973 0.160688 0.011962
v -0.300424 0.161971 0.013277
v -0.301984 0.150155 0.014952
v -0.310623 0.152111 0.018233
v -0.323695 0.150679 0.019211
v -0.323748 0.139979 0.024808
v -0.269362 0.188115 0.002867
v -0.224385 0.181675 -0.001498
v -0.245296 0.163474 0.002220
v -0.234014 0.166071 -0.001015
v -0.334865 0.133319 0.034344
v -0.203575 0.187509 -0.019184
v -0.201367 0.193918 -0.015745
v -0.214414 0.178040 -0.012755
v -0.266787 0.154001 0.002064
v -0.289111 0.147963 0.006800
v -0.072998 0.200979 0.050085
v 0.057794 -0.219501 0.050236
v 0.048193 -0.141875 0.060296
v -0.060370 0.131329 0.060137
v -0.067988 0.114021 0.052612
v -0.076194 0.081885 0.048540
v -0.095271 0.248927 0.036023
v 0.159457 0.207789 -0.002664
v -0.328977 0.128459 0.028305
v -0.117186 -0.087507 0.056438
v -0.086142 0.229138 0.042228
v -0.067755 0.168230 0.053243
v -0.064057 0.146670 0.054866
v -0.197341 0.181128 -0.026920
v 0.008371 -0.094276 0.052873
v 0.020780 -0.109251 0.051730
v -0.100140 0.243598 0.024101
v 0.030052 0.311210 0.038037
v -0.053362 0.068017 0.059169
v -0.331368 0.119172 0.039244
v -0.336139 0.116558 0.050800
v -0.341830 0.123221 0.053718
v -0.344136 0.114727 0.065941
v 0.106960 0.249767 0.005424
v -0.124349 -0.278265 -0.062939
v -0.113014 -0.284693 -0.063674
v -0.123767 -0.293324 -0.066429
v -0.112536 -0.269982 -0.058829
v -0.114490 -0.309079 -0.066744
v -0.125751 -0.323301 -0.068646
v -0.113543 -0.327000 -0.066457
v -0.103378 -0.308766 -0.062650
v -0.098024 -0.284796 -0.056458
v -0.100906 -0.265023 -0.051827
v -0.105270 -0.330508 -0.061202
v -0.114748 -0.247173 -0.047412
v -0.098277 -0.246078 -0.041953
v -0.093074 -0.228610 -0.033643
v -0.108939 -0.218765 -0.033826
v -0.095142 -0.205709 -0.028588
v -0.087006 -0.220336 -0.028478
v -0.079447 -0.196937 -0.018363
v -0.086558 -0.191225 -0.022502
v -0.072430 -0.187080 -0.012952
v -0.103042 -0.192803 -0.023908
v -0.090382 -0.267351 -0.042572
v -0.075980 -0.217830 -0.015152
v -0.086048 -0.256071 -0.031052
v -0.084495 -0.239036 -0.025806
v -0.095747 -0.309765 -0.055144
v -0.089363 -0.292652 -0.047636
v -0.116697 -0.346802 -0.062895
v -0.128851 -0.345298 -0.065881
v -0.132709 -0.366509 -0.063095
v -0.125099 -0.379078 -0.057155
v -0.136724 -0.383362 -0.062566
v -0.132201 -0.411819 -0.059449
v -0.139314 -0.399819 -0.062545
v -0.140170 -0.410717 -0.063671
v -0.141560 -0.341159 -0.062097
v -0.136654 -0.300861 -0.063508
v -0.093828 -0.322623 -0.049082
v -0.152807 -0.413674 -0.060234
v -0.152194 -0.389251 -0.057491
v -0.135734 -0.273687 -0.055917
v -0.132117 -0.247868 -0.041177
v -0.118038 -0.232091 -0.036944
v -0.114719 -0.365637 -0.049436
v -0.122942 -0.388949 -0.048324
v -0.119630 -0.208132 -0.022618
v -0.108758 -0.185319 -0.020884
v -0.126707 -0.230164 -0.030717
v -0.152043 -0.341702 -0.055801
v -0.149517 -0.311695 -0.055296
v -0.145911 -0.286919 -0.052839
v -0.159193 -0.422698 -0.056830
v -0.119101 -0.187736 -0.014172
v -0.119116 -0.181048 -0.013573
v -0.140348 -0.266151 -0.047524
v -0.155560 -0.373345 -0.053460
v -0.099642 0.037722 0.000587
v -0.097390 0.034530 -0.028053
v -0.101362 0.025303 -0.010486
v -0.097392 0.037436 0.021602
v -0.105850 0.014121 -0.000028
v -0.103468 0.015442 0.023312
v -0.095179 0.045641 0.007485
v -0.091130 0.047057 -0.021073
v -0.090409 0.045082 0.029671
v -0.091861 0.037191 0.037060
v -0.096457 0.015689 0.045245
v -0.104744 0.009706 0.008990
v -0.098108 0.010327 0.037499
v -0.093541 0.052240 0.021940
v -0.087948 0.062995 0.027661
v -0.095180 0.055696 0.011789
v -0.091409 0.070260 0.009999
v -0.085236 0.074471 0.021235
v -0.080543 0.061135 0.041465
v -0.080821 0.075186 0.026696
v -0.077777 0.046199 0.045182
v -0.070723 0.068154 0.043219
v -0.074813 0.074820 0.036861
v -0.078891 0.035679 0.052894
v -0.090214 0.029351 0.043584
v -0.070262 0.056747 0.054630
v -0.092216 0.086788 0.013054
v -0.060838 0.067031 0.051957
v -0.060725 0.042600 0.059944
v -0.054408 0.052954 0.068032
v -0.044085 0.064729 0.065719
v -0.087194 0.008246 0.053937
v -0.053362 0.068017 0.059169
v -0.053296 0.075716 0.066086
v -0.076194 0.081885 0.048540
v -0.062136 0.076213 0.060441
v -0.068623 0.032420 -0.077359
v -0.066955 0.017823 -0.077309
v -0.079120 0.031144 -0.066200
v -0.080093 -0.000071 -0.063654
v -0.076477 0.044019 -0.067328
v -0.092090 0.005500 -0.046183
v -0.086107 0.036508 -0.054241
v -0.081079 0.052482 -0.061264
v -0.082217 -0.004983 -0.058805
v -0.085587 -0.023195 -0.051711
v -0.098864 -0.021329 -0.032914
v -0.095260 -0.055165 -0.035263
v -0.107485 -0.050135 -0.016992
v -0.083317 -0.063329 -0.047024
v -0.098141 0.006128 -0.033555
v -0.104185 -0.016108 -0.021276
v -0.095213 0.023376 -0.036109
v -0.111101 -0.025338 -0.003221
v -0.113050 -0.046894 -0.004392
v -0.112958 -0.079407 -0.018420
v -0.120630 -0.067157 0.000949
v -0.122143 -0.077977 0.001073
v -0.115857 -0.097889 -0.016823
v -0.131203 -0.077246 0.012315
v -0.103242 0.010849 -0.017742
v -0.123140 -0.099424 -0.007214
v -0.127332 -0.085599 0.010801
v -0.102133 0.005986 -0.019436
v -0.140407 -0.122348 0.010654
v -0.129391 -0.117686 -0.007888
v -0.138268 -0.135023 0.003672
v -0.144803 -0.141344 0.016304
v -0.142048 -0.148672 0.011756
v -0.127978 -0.127239 -0.015583
v -0.137058 -0.157509 -0.008345
v -0.145527 -0.170901 0.012232
v -0.104884 0.002780 -0.004636
v -0.088238 0.046201 -0.037551
v -0.085965 0.054778 -0.044330
v -0.121516 -0.059649 0.012411
v -0.088744 0.066470 -0.026225
v -0.142596 -0.173605 -0.003091
v -0.135114 -0.187116 -0.019393
v -0.143925 -0.187096 -0.005406
v -0.149818 -0.187287 0.014310
v -0.093651 0.066536 -0.008563
v -0.092154 0.082120 -0.010121
v -0.082150 0.077944 -0.031070
v -0.074878 0.068336 -0.046174
v -0.088522 0.090440 -0.020731
v -0.113696 -0.027831 0.017016
v -0.115252 -0.044697 0.018118
v -0.108361 -0.013991 0.013887
v -0.086431 0.096089 -0.003748
v -0.095750 0.079503 0.000114
v -0.091930 0.071727 -0.006162
v -0.123113 -0.062858 0.026641
v -0.107334 -0.014130 0.029984
v -0.077139 0.058373 -0.061035
v -0.142073 -0.158169 0.024409
v -0.145102 -0.145786 0.024018
v -0.145121 -0.177887 0.028869
v -0.134666 -0.111619 0.024144
v -0.127123 -0.088239 0.032575
v -0.131652 -0.081884 0.039845
v -0.132298 -0.081320 0.024814
v -0.110448 -0.026625 0.037104
v -0.112439 -0.044992 0.035624
v -0.146467 -0.193147 0.042598
v -0.119276 -0.059832 0.037939
v -0.141658 -0.145610 0.037576
v -0.134588 -0.125423 0.040873
v -0.127538 -0.098924 0.036857
v -0.080160 0.079454 -0.042107
v -0.075714 0.072402 -0.047322
v -0.136406 -0.157458 0.042258
v -0.079703 0.051807 -0.068032
v -0.081087 0.060904 -0.066789
v -0.081300 0.098852 0.020961
v -0.085272 0.114488 0.003945
v -0.082034 0.113133 0.020416
v -0.079255 0.125716 0.011916
v -0.073528 0.128040 0.036147
v -0.076289 0.137472 0.023973
v -0.070868 0.152985 0.042456
v -0.075089 0.115666 0.039090
v -0.076518 0.101220 0.042481
v -0.085061 0.088579 0.037948
v -0.076725 0.096726 0.050157
v -0.067988 0.114021 0.052612
v -0.120978 -0.087838 0.048087
v -0.067236 0.129668 0.051184
v -0.092929 0.099403 -0.032483
v -0.090152 0.117646 -0.008314
v -0.087760 0.121370 -0.024010
v -0.089287 0.130893 -0.007522
v -0.086025 0.136850 -0.024149
v -0.085422 0.142676 -0.036393
v -0.085065 0.161962 -0.050389
v -0.087691 0.137438 -0.047705
v -0.084546 0.169616 -0.058055
v -0.084122 0.151317 -0.060893
v -0.086039 0.124666 -0.047875
v -0.087024 0.110641 -0.033859
v -0.092767 0.097814 -0.042598
v -0.094658 0.085482 -0.049848
v -0.090009 0.151427 -0.017206
v -0.082544 0.102755 -0.046362
v -0.091344 0.086633 -0.054973
v -0.093761 0.176778 -0.029227
v -0.087544 0.147463 -0.005029
v -0.085226 0.146650 0.008547
v -0.084257 0.165213 -0.001522
v -0.089709 0.178054 -0.017930
v -0.082341 0.164670 0.020968
v -0.080545 0.179399 0.033376
v -0.078845 0.132173 -0.062535
v -0.093923 0.199381 -0.052639
v -0.095996 0.187676 -0.033757
v -0.097562 0.204043 -0.035107
v -0.098732 0.216429 -0.050460
v -0.086725 0.131787 0.001580
v -0.093586 0.202894 -0.019249
v -0.086538 0.204374 0.022980
v -0.087411 0.186161 -0.003568
v -0.102637 0.219918 -0.034958
v -0.093810 0.226526 0.020368
v -0.064057 0.146670 0.054866
v -0.081180 0.201606 0.037592
v -0.132482 -0.173660 0.056999
v -0.141872 -0.185983 0.044610
v -0.137231 -0.190625 0.062896
v -0.077536 0.101361 0.030247
v -0.140249 -0.199022 0.063948
v -0.117186 -0.087507 0.056438
v -0.121410 -0.112479 0.058839
v -0.129759 -0.134379 0.056987
v -0.134434 -0.146670 0.052485
v -0.096649 -0.012712 0.051383
v -0.101669 -0.026589 0.053058
v -0.086142 0.229138 0.042228
v -0.126602 -0.081962 0.052742
v -0.127351 -0.153804 0.057957
v -0.087461 0.086874 -0.035505
v -0.102861 0.222864 -0.021441
v -0.067755 0.168230 0.053243
v -0.102930 -0.043521 0.051747
v -0.107541 -0.058928 0.056585
v -0.099543 0.226670 0.001861
v -0.095271 0.248927 0.036023
v -0.072998 0.200979 0.050085
v -0.100140 0.243598 0.024101
v -0.099647 0.262489 0.034348
v -0.060370 0.131329 0.060137
v -0.108971 0.230904 -0.049480
v -0.079815 0.223170 0.048926
v -0.112731 -0.100868 0.064673
v -0.115022 -0.083643 0.065663
v -0.109135 0.235720 -0.007703
v -0.109574 0.246106 0.009130
v -0.108677 0.254818 0.021198
v -0.112344 0.230956 -0.034933
v -0.109811 0.230945 -0.021700
v -0.089452 0.075479 -0.055992
v 0.085860 -0.285534 -0.033976
v 0.090125 -0.291834 -0.048601
v 0.087931 -0.303595 -0.037247
v 0.094076 -0.317525 -0.051710
v 0.087559 -0.262717 -0.035962
v 0.084466 -0.257037 -0.021668
v 0.085227 -0.239013 -0.026647
v 0.092310 -0.321054 -0.037039
v 0.098624 -0.334393 -0.049183
v 0.080473 -0.232133 -0.019139
v 0.083263 -0.245148 -0.006101
v 0.073470 -0.223249 -0.002286
v 0.074710 -0.216908 -0.015546
v 0.063961 -0.194085 -0.000651
v 0.066473 -0.189011 -0.012707
v 0.072593 -0.218936 0.010779
v 0.110623 -0.360424 -0.036098
v 0.109723 -0.357561 -0.049468
v 0.120117 -0.382588 -0.048025
v 0.119916 -0.384948 -0.036788
v 0.127569 -0.408092 -0.049472
v 0.127371 -0.411018 -0.036465
v 0.129959 -0.436933 -0.035453
v 0.129920 -0.417100 -0.055663
v 0.061723 -0.191844 0.001147
v 0.130810 -0.402340 -0.057468
v 0.126453 -0.382620 -0.057353
v 0.119741 -0.361731 -0.059747
v 0.108506 -0.329484 -0.064442
v 0.128707 -0.432153 -0.043524
v 0.073467 -0.191361 -0.019602
v 0.090372 -0.225932 -0.030172
v 0.081866 -0.208337 -0.023749
v 0.105634 -0.306065 -0.063890
v 0.100676 -0.288908 -0.059035
v 0.099243 -0.265503 -0.051217
v 0.096832 -0.245985 -0.040966
v 0.139062 -0.408677 -0.063220
v 0.135713 -0.382935 -0.061747
v 0.127856 -0.332405 -0.068263
v 0.085228 -0.189929 -0.023699
v 0.112530 -0.283654 -0.062536
v 0.124794 -0.309264 -0.068493
v 0.107891 -0.216212 -0.032282
v 0.098390 -0.200388 -0.025824
v 0.118826 -0.259287 -0.054944
v 0.114204 -0.233824 -0.040098
v 0.123079 -0.282370 -0.064495
v 0.114406 -0.279193 0.006198
v 0.105244 -0.301327 -0.008464
v 0.117047 -0.311461 -0.003080
v 0.121592 -0.341171 -0.009566
v 0.104002 -0.334544 -0.024246
v 0.097463 -0.320585 -0.024216
v 0.119973 -0.360815 -0.018317
v 0.132589 -0.375808 -0.012177
v 0.095577 -0.284083 -0.010554
v 0.100553 -0.267629 0.003726
v 0.129662 -0.383786 -0.016354
v 0.146449 -0.401566 -0.009676
v 0.090562 -0.267401 -0.009834
v 0.091100 -0.302765 -0.024992
v 0.116150 -0.364495 -0.026426
v 0.127507 -0.398548 -0.026424
v 0.138052 -0.414582 -0.016209
v 0.131850 -0.417734 -0.026009
v 0.110880 -0.260926 0.017499
v 0.090100 -0.244347 0.013979
v 0.097548 -0.248400 0.019331
v 0.086489 -0.223750 0.030728
v 0.102522 -0.241772 0.029177
v 0.075315 -0.218115 0.019054
v 0.084723 -0.214710 0.034467
v 0.066196 -0.190509 0.017665
v 0.078439 -0.190019 0.035157
v 0.070304 -0.188862 0.024954
v 0.135796 -0.437202 -0.020893
v 0.140260 -0.434197 -0.014369
v 0.145852 -0.427773 -0.009286
v -0.146307 -0.272673 -0.012558
v -0.154798 -0.295310 -0.024383
v -0.150919 -0.302573 -0.016394
v -0.154859 -0.332300 -0.020403
v -0.160239 -0.336438 -0.033741
v -0.159154 -0.368767 -0.024435
v -0.163653 -0.385748 -0.037773
v -0.146434 -0.259356 -0.021285
v -0.140570 -0.257918 -0.005919
v -0.138456 -0.236218 -0.003858
v -0.134656 -0.240055 0.011561
v -0.133804 -0.219271 0.014548
v -0.162806 -0.404748 -0.025414
v -0.166290 -0.414835 -0.037417
v -0.128007 -0.216821 0.027944
v -0.164291 -0.418771 -0.022817
v -0.130046 -0.196601 0.025511
v -0.133003 -0.200422 0.011843
v -0.130702 -0.178764 0.019426
v -0.129298 -0.175402 0.027105
v -0.126012 -0.176959 0.034872
v -0.171527 -0.434972 -0.038797
v -0.157547 -0.305775 -0.039580
v -0.135077 -0.218168 -0.000828
v -0.153133 -0.282632 -0.037148
v -0.133747 -0.257057 0.007867
v -0.135229 -0.277166 0.001709
v -0.154067 -0.396799 -0.014881
v -0.154101 -0.372490 -0.017105
v -0.157949 -0.420892 -0.013561
v -0.127739 -0.245871 0.020606
v -0.118473 -0.182320 0.044411
v -0.117901 -0.202131 0.043591
v -0.172577 -0.438356 -0.030406
v -0.164174 -0.430635 -0.014090
v -0.159311 -0.338810 -0.045398
v -0.119548 -0.231802 0.034549
v -0.137604 -0.314125 -0.003098
v -0.143840 -0.344380 -0.009657
v -0.130389 -0.270527 0.006586
v -0.138375 -0.238511 -0.019961
v -0.133137 -0.224756 -0.016673
v -0.128450 -0.188450 -0.001077
v -0.130561 -0.176794 0.005596
v -0.146143 -0.262303 -0.033709
v -0.162002 -0.386368 -0.046160
v -0.163838 -0.420360 -0.049386
v -0.133632 -0.175851 0.016377
v -0.167266 -0.431415 -0.050057
v -0.128640 -0.210183 -0.012901
v -0.125679 -0.175614 -0.006420
v -0.126821 -0.303262 0.003136
v -0.106681 -0.201477 0.050412
v -0.106471 -0.185771 0.052164
v -0.121302 -0.254176 0.021329
v -0.135684 -0.358033 -0.007059
v -0.122073 -0.275981 0.009442
v -0.148924 -0.413925 -0.010453
v -0.143788 -0.393032 -0.010877
v -0.130575 -0.333937 -0.002491
v -0.145911 -0.286919 -0.052839
v -0.149517 -0.311695 -0.055296
v -0.140348 -0.266151 -0.047524
v -0.132117 -0.247868 -0.041177
v -0.126707 -0.230164 -0.030717
v -0.119101 -0.187736 -0.014172
v -0.119116 -0.181048 -0.013573
v -0.152043 -0.341702 -0.055801
v -0.155560 -0.373345 -0.053460
v -0.119630 -0.208132 -0.022618
v -0.159193 -0.422698 -0.056830
v -0.152194 -0.389251 -0.057491
v 0.019972 -0.134194 0.017604
v 0.026826 -0.136680 -0.005666
v 0.030669 -0.147027 -0.007725
v 0.008237 -0.101824 0.008535
v 0.017035 -0.114628 -0.004401
v 0.010650 -0.119211 0.023624
v -0.001082 -0.092457 0.030083
v -0.000342 -0.087566 0.022974
v 0.010331 -0.090337 -0.004544
v 0.000828 -0.077573 0.013919
v 0.026918 -0.125191 -0.015213
v 0.005406 -0.066622 -0.001425
v 0.038245 -0.140821 -0.021747
v 0.020222 -0.092871 -0.019263
v 0.017530 -0.071096 -0.022791
v 0.007026 -0.059361 -0.013501
v 0.041506 -0.167492 -0.018453
v 0.036165 -0.170876 -0.003487
v 0.042749 -0.193151 -0.016859
v 0.038396 -0.187508 -0.005528
v 0.039948 -0.213135 -0.010306
v 0.043241 -0.211310 -0.018311
v 0.041514 -0.124114 -0.031343
v 0.027583 -0.078375 -0.031468
v 0.052483 -0.145221 -0.033070
v 0.055448 -0.173250 -0.030611
v 0.053584 -0.185503 -0.026439
v 0.051157 -0.207169 -0.025288
v 0.011911 -0.056959 -0.036434
v 0.033453 -0.159994 0.011400
v 0.027543 -0.145458 0.014263
v 0.004527 -0.048231 -0.032368
v 0.014881 -0.048633 -0.051184
v 0.002381 -0.037108 -0.045517
v 0.002477 -0.017214 -0.062903
v 0.039475 -0.214605 -0.003423
v 0.016660 -0.031499 -0.065752
v 0.003240 -0.005001 -0.073103
v 0.038842 -0.170622 0.032158
v 0.040428 -0.197524 0.008578
v 0.033355 -0.155672 0.021882
v 0.034758 -0.142024 0.043100
v 0.048595 -0.199957 0.038247
v 0.049991 -0.219813 0.036149
v 0.024969 -0.129667 0.034723
v 0.009002 -0.105621 0.038291
v -0.000876 -0.091536 0.040602
v 0.025736 -0.121440 0.047289
v 0.039777 -0.150070 0.047714
v 0.046999 -0.175449 0.048144
v 0.026172 -0.057989 -0.052420
v 0.057794 -0.219501 0.050236
v 0.054108 -0.194685 0.049107
v 0.008371 -0.094276 0.052873
v -0.001505 -0.083888 0.056943
v 0.020780 -0.109251 0.051730
v 0.048193 -0.141875 0.060296
v 0.041740 -0.118256 0.065216
v -0.002852 -0.074660 0.066641
v 0.159888 -0.372788 -0.046450
v 0.162427 -0.379479 -0.035323
v 0.167114 -0.416000 -0.035359
v 0.159064 -0.350782 -0.046902
v 0.160154 -0.336882 -0.033229
v 0.156721 -0.311944 -0.044344
v 0.158096 -0.311442 -0.030908
v 0.152795 -0.286966 -0.040701
v 0.153607 -0.282948 -0.026400
v 0.162512 -0.410168 -0.047734
v 0.167497 -0.430014 -0.047399
v 0.172303 -0.436873 -0.027818
v 0.148390 -0.268588 -0.035018
v 0.145863 -0.257445 -0.020456
v 0.140840 -0.248009 -0.027355
v 0.134878 -0.231255 -0.017652
v 0.160724 -0.393901 -0.022032
v 0.164735 -0.418756 -0.021389
v 0.157858 -0.363440 -0.021146
v 0.153988 -0.310064 -0.018897
v 0.134183 -0.231955 0.002295
v 0.131961 -0.220984 -0.005063
v 0.124390 -0.199425 0.011592
v 0.125063 -0.214435 0.020743
v 0.136518 -0.248448 0.001905
v 0.145651 -0.275737 -0.008732
v 0.112932 -0.183498 0.034709
v 0.127283 -0.232653 0.019700
v 0.117375 -0.179240 0.022816
v 0.120056 -0.178339 0.008280
v 0.120740 -0.176018 0.002365
v 0.166012 -0.429126 -0.017457
v 0.132903 -0.257843 0.008388
v 0.120375 -0.187519 0.000258
v 0.114015 -0.196577 0.035276
v 0.160768 -0.422027 -0.013050
v 0.155815 -0.404450 -0.014468
v 0.114418 -0.215549 0.035256
v 0.146665 -0.338711 -0.009556
v 0.126037 -0.205162 -0.005905
v 0.175252 -0.441747 -0.043979
v 0.170281 -0.428409 -0.053473
v 0.170078 -0.430698 -0.058265
v 0.175424 -0.456588 -0.049737
v 0.179971 -0.452841 -0.031170
v 0.176547 -0.437652 -0.022069
v 0.185221 -0.457128 -0.014840
v 0.178761 -0.437669 -0.002495
v 0.175435 -0.426375 -0.003560
v 0.177792 -0.429234 0.009705
v 0.177216 -0.436664 0.008380
v 0.184018 -0.450271 0.013020
v 0.190260 -0.460886 0.001412
v 0.185010 -0.467615 -0.027181
v 0.177584 -0.472462 -0.049496
v 0.117532 -0.192450 -0.010552
v 0.194612 -0.470506 -0.004614
v 0.186090 -0.481495 -0.028440
v 0.194770 -0.464056 0.012962
v 0.158830 -0.412710 -0.064308
v 0.193214 -0.482104 -0.014653
v 0.168852 -0.453003 -0.065124
v 0.171329 -0.423505 -0.011217
v 0.166250 -0.411791 -0.006113
v 0.167093 -0.418099 0.007650
v 0.172152 -0.428339 0.015863
v 0.173606 -0.437289 0.016291
v 0.185071 -0.454965 0.028207
v 0.174263 -0.482797 -0.056747
v 0.180395 -0.490702 -0.045009
v 0.184432 -0.499340 -0.030650
v 0.189855 -0.497010 -0.013227
v 0.171177 -0.487262 -0.064177
v 0.167279 -0.468018 -0.070350
v 0.113438 -0.176577 -0.011569
v 0.160259 -0.416954 -0.054964
v 0.123678 -0.222052 -0.026768
v 0.176887 -0.500065 -0.050513
v 0.203535 -0.484018 0.000839
v 0.212936 -0.486024 0.016178
v 0.211680 -0.478907 0.023324
v 0.216733 -0.487265 0.029513
v 0.216961 -0.485606 0.048391
v 0.211822 -0.475875 0.042659
v 0.210150 -0.474233 0.059799
v 0.150730 -0.305775 -0.051428
v 0.210730 -0.480945 0.070038
v 0.211002 -0.499569 0.016464
v 0.135548 -0.258808 -0.047291
v 0.140634 -0.281874 -0.055747
v 0.214962 -0.499416 0.042324
v 0.130009 -0.241174 -0.038334
v 0.112003 -0.196963 -0.019697
v 0.162208 -0.430012 -0.068781
v 0.148112 -0.331497 -0.058566
v 0.206787 -0.472739 0.068869
v 0.161513 -0.449665 -0.073446
v 0.168423 -0.499804 -0.065321
v 0.211509 -0.488553 0.067663
v 0.200072 -0.499657 -0.000065
v 0.142426 -0.304633 -0.060187
v 0.161304 -0.487304 -0.074804
v 0.151377 -0.391398 -0.057132
v 0.154016 -0.412030 -0.057757
v 0.199492 -0.466866 0.029415
v 0.199900 -0.473371 0.087851
v 0.195614 -0.464787 0.086899
v 0.154814 -0.469498 -0.080203
v 0.153294 -0.437611 -0.076454
v 0.102754 -0.184257 -0.021250
v 0.195161 -0.463784 0.045932
v 0.150623 -0.409802 -0.068471
v 0.129439 -0.270839 -0.057301
v 0.144507 -0.342976 -0.061007
v 0.181562 -0.455406 0.037112
v 0.107891 -0.216212 -0.032282
v 0.114204 -0.233824 -0.040098
v 0.208269 -0.496633 0.066587
v 0.123079 -0.282370 -0.064495
v 0.155383 -0.498674 -0.074935
v 0.118826 -0.259287 -0.054944
v 0.124794 -0.309264 -0.068493
v 0.127856 -0.332405 -0.068263
v 0.098390 -0.200388 -0.025824
v 0.139062 -0.408677 -0.063220
v 0.135713 -0.382935 -0.061747
v 0.188047 -0.466761 0.095498
v 0.085228 -0.189929 -0.023699
v 0.028972 0.373719 0.051204
v 0.026680 0.364409 0.046765
v 0.031416 0.367556 0.030873
v 0.036989 0.389495 0.036862
v 0.042491 0.395640 0.016886
v 0.021994 0.358183 0.065197
v 0.019342 0.349727 0.060860
v 0.030612 0.386906 0.054512
v 0.034640 0.407853 0.056156
v 0.019691 0.364067 0.071297
v 0.030788 0.407104 0.064586
v 0.042319 0.411137 0.022132
v 0.040795 0.422719 0.027488
v 0.039369 0.369371 0.014093
v 0.027528 0.352701 0.028448
v 0.033677 0.427343 0.050913
v 0.038274 0.446630 0.027855
v 0.029072 0.436768 0.060966
v 0.024636 0.422125 0.063240
v 0.029399 0.449367 0.052340
v 0.036030 0.459576 0.028448
v 0.023625 0.388314 0.064980
v 0.033213 0.466721 0.029630
v 0.029093 0.335370 0.025774
v 0.011924 0.347128 0.073626
v 0.018464 0.353623 0.040473
v 0.044991 0.396316 0.014272
v 0.043688 0.425892 0.025278
v 0.045787 0.412593 0.020646
v 0.011069 0.363731 0.078848
v 0.010831 0.343324 0.040587
v 0.009281 0.345817 0.045843
v 0.021929 0.459612 0.056021
v 0.011580 0.341476 0.060429
v 0.016934 0.438263 0.069335
v 0.021466 0.475256 0.040134
v 0.030158 0.472529 0.029892
v 0.021861 0.481295 0.037321
v 0.030129 0.481480 0.028943
v 0.033549 0.477745 0.025660
v 0.010743 0.373842 0.074546
v 0.017614 0.392562 0.069799
v 0.009319 0.389832 0.079671
v 0.009379 0.399513 0.074173
v 0.023290 0.406984 0.069212
v 0.009803 0.409572 0.072982
v 0.004956 0.406402 0.083111
v 0.002432 0.397490 0.080179
v -0.001553 0.425987 0.074077
v 0.008083 0.424367 0.063762
v 0.005672 0.430872 0.070497
v 0.003006 0.358403 0.082180
v 0.012781 0.477616 0.045324
v 0.011819 0.454457 0.065587
v -0.003097 0.405853 0.087567
v 0.041623 0.471016 0.025709
v -0.002535 0.371963 0.079740
v 0.012321 0.468714 0.055336
v 0.017746 0.430340 0.067306
v 0.017156 0.419677 0.066280
v -0.001253 0.389285 0.082868
v 0.001720 0.336977 0.068143
v -0.002864 0.396429 0.081566
v -0.004590 0.417874 0.078920
v 0.001871 0.442333 0.071955
v -0.003461 0.345717 0.077296
v -0.001494 0.341013 0.046293
v -0.001766 0.338636 0.042682
v -0.077942 -0.185388 0.034872
v -0.066203 -0.186904 0.011898
v -0.066765 -0.186152 0.024564
v -0.057463 -0.191101 -0.001705
v -0.065368 -0.187237 -0.005710
v -0.080703 -0.186815 0.043968
v -0.094165 -0.186645 0.051963
v -0.064065 -0.191546 -0.017221
v -0.071093 -0.187020 -0.015518
v -0.072430 -0.187080 -0.012952
v -0.086558 -0.191225 -0.022502
v -0.083251 -0.193681 -0.026456
v -0.102628 -0.192302 -0.026492
v -0.103042 -0.192803 -0.023908
v -0.093001 -0.199253 -0.031597
v -0.108108 -0.196444 -0.033180
v -0.092174 -0.198759 -0.036102
v -0.083085 -0.204134 -0.033014
v -0.114549 -0.191732 -0.030122
v -0.108758 -0.185319 -0.020884
v -0.118086 -0.184455 -0.021902
v -0.119116 -0.181048 -0.013573
v -0.125679 -0.175614 -0.006420
v -0.135114 -0.187116 -0.019393
v -0.133257 -0.176540 -0.003154
v -0.133632 -0.175851 0.016377
v -0.123831 -0.188497 -0.028056
v -0.050256 -0.206558 -0.017944
v -0.065868 -0.208336 -0.031151
v -0.068740 -0.207347 -0.034158
v -0.053058 -0.211605 -0.029321
v -0.039589 -0.213741 -0.016403
v -0.047172 -0.208008 -0.012488
v -0.046209 -0.209771 -0.002058
v -0.054917 -0.197913 0.011912
v -0.043290 -0.216968 0.008549
v -0.035149 -0.213859 -0.008309
v -0.042420 -0.216488 0.013019
v -0.051663 -0.216612 0.032381
v -0.058029 -0.212833 0.034792
v -0.061773 -0.214162 0.049176
v -0.070261 -0.209612 0.052277
v -0.073198 -0.211680 0.060803
v -0.084117 -0.209051 0.067702
v -0.094827 -0.199328 0.063660
v -0.050356 -0.212201 0.016485
v -0.066170 -0.191809 0.031668
v -0.075080 -0.194808 0.046363
v -0.111466 -0.192349 0.063101
v -0.112696 -0.203431 0.073319
v -0.100207 -0.205949 0.073374
v -0.112775 -0.183970 0.053215
v -0.129206 -0.201836 0.070848
v -0.124709 -0.183580 0.053039
v -0.123357 -0.177824 0.043723
v -0.118473 -0.182320 0.044411
v -0.106471 -0.185771 0.052164
v -0.126012 -0.176959 0.034872
v -0.134907 -0.178943 0.033349
v -0.129298 -0.175402 0.027105
v -0.093327 -0.189591 0.048623
v -0.141826 -0.181265 0.017074
v -0.140249 -0.199022 0.063948
v -0.143925 -0.187096 -0.005406
v -0.142077 -0.196841 0.055952
v -0.146467 -0.193147 0.042598
v -0.144187 -0.190006 0.035016
v -0.146868 -0.187774 0.016356
v -0.149818 -0.187287 0.014310
v 0.111398 0.236143 -0.029871
v 0.122988 0.216816 -0.042226
v 0.129807 0.218024 -0.025171
v 0.118702 0.237458 -0.008603
v 0.150592 0.204868 -0.008244
v 0.137454 0.207234 -0.034445
v 0.146621 0.205470 -0.016360
v 0.130134 0.205420 -0.047723
v 0.109472 0.233627 -0.049970
v 0.115014 0.221250 -0.051893
v 0.124362 0.196938 -0.059376
v 0.141343 0.221161 -0.001598
v 0.122071 0.243264 0.003376
v 0.158601 0.210862 0.004540
v 0.121084 0.203183 -0.064709
v 0.124430 0.195076 -0.064424
v 0.145699 0.227837 0.005450
v 0.107151 0.242086 -0.008663
v 0.106960 0.249767 0.005424
v 0.132244 0.244183 0.008622
v 0.107367 0.237360 -0.024890
v 0.105701 0.236407 -0.054526
v 0.125442 0.253832 0.012508
v 0.110708 0.263903 0.018896
v 0.116117 0.234519 -0.063603
v 0.119033 0.221127 -0.062721
v -0.241275 0.214604 -0.034478
v -0.241442 0.203853 -0.047258
v -0.253600 0.205371 -0.034230
v -0.228074 0.211418 -0.048887
v -0.215091 0.220283 -0.043480
v -0.211498 0.214460 -0.050507
v -0.197260 0.217889 -0.056650
v -0.218387 0.222826 -0.032588
v -0.213239 0.204405 -0.055665
v -0.185512 0.239191 -0.055548
v -0.191592 0.244169 -0.045952
v -0.179121 0.231186 -0.061982
v -0.194997 0.246792 -0.032878
v -0.186814 0.245431 -0.051843
v -0.192748 0.208947 -0.058956
v -0.173348 0.220193 -0.063086
v -0.203249 0.194745 -0.056442
v -0.219014 0.194154 -0.056285
v -0.191058 0.251263 -0.047242
v -0.179780 0.205767 -0.059280
v -0.218806 0.182574 -0.053886
v -0.232950 0.194046 -0.054753
v -0.238621 0.179901 -0.053421
v -0.162202 0.216806 -0.061928
v -0.197231 0.191794 -0.054593
v -0.235970 0.168157 -0.047903
v -0.251549 0.167774 -0.047201
v -0.284705 0.165984 -0.031382
v -0.283062 0.158666 -0.032955
v -0.303154 0.154863 -0.021710
v -0.264403 0.174469 -0.043508
v -0.256124 0.172966 -0.047836
v -0.252071 0.188971 -0.048045
v -0.302759 0.141249 -0.019766
v -0.317566 0.142203 -0.014810
v -0.326633 0.129073 -0.009567
v -0.321511 0.146665 -0.011686
v -0.341104 0.126473 -0.006077
v -0.339257 0.117727 -0.004206
v -0.271797 0.185294 -0.033012
v -0.340902 0.138381 -0.000063
v -0.348694 0.124475 -0.003556
v -0.370970 0.094925 -0.003332
v -0.361236 0.119001 0.002736
v -0.378827 0.096602 0.001783
v -0.382455 0.086563 0.003053
v -0.393725 0.083470 0.010404
v -0.390388 0.080589 0.007612
v -0.406029 0.051194 0.013538
v -0.381518 0.073573 -0.003894
v -0.288873 0.173401 -0.022813
v -0.388054 0.068072 0.001254
v -0.390281 0.054321 -0.000749
v -0.316848 0.157209 -0.005682
v -0.377573 0.109677 0.012138
v -0.406967 0.060157 0.018122
v -0.385508 0.101658 0.014437
v -0.384340 0.052320 -0.003374
v -0.266589 0.193936 -0.030354
v -0.290529 0.177259 -0.015215
v -0.357087 0.130172 0.013547
v -0.382939 0.111134 0.025463
v -0.392936 0.100005 0.027857
v -0.393130 0.087051 0.020066
v -0.402170 0.081114 0.027777
v -0.394334 0.082239 0.021585
v -0.400736 0.088704 0.032698
v -0.408889 0.070011 0.030594
v -0.414146 0.067638 0.039001
v -0.415813 0.058405 0.034240
v -0.400592 0.075523 0.020010
v -0.371269 0.121805 0.026077
v -0.419234 0.058353 0.045135
v -0.263838 0.200751 -0.020265
v -0.336626 0.145524 0.008596
v -0.419439 0.055597 0.038448
v -0.390628 0.106618 0.038433
v -0.400451 0.048580 0.013030
v -0.354821 0.098429 -0.003942
v -0.407407 0.050101 0.020041
v -0.367917 0.087262 -0.002697
v -0.260876 0.158037 -0.040006
v -0.388941 0.069560 0.009933
v -0.383269 0.079887 0.006934
v -0.375884 0.070639 -0.002059
v -0.388199 0.050537 0.003823
v 0.205102 0.230892 -0.042856
v 0.215694 0.224443 -0.032556
v 0.216388 0.220664 -0.042333
v 0.190378 0.251300 -0.031771
v 0.186315 0.250459 -0.042320
v 0.212934 0.212855 -0.053267
v 0.181389 0.248122 -0.049111
v 0.240121 0.216501 -0.031974
v 0.223564 0.212727 -0.049782
v 0.240432 0.209409 -0.043281
v 0.251491 0.208460 -0.032050
v 0.258446 0.194284 -0.038918
v 0.265506 0.195986 -0.028588
v 0.273937 0.183702 -0.030959
v 0.277478 0.189077 -0.016330
v 0.294578 0.173603 -0.012575
v 0.290581 0.170551 -0.023177
v 0.308530 0.161299 -0.010327
v 0.264181 0.200856 -0.017009
v 0.305718 0.157444 -0.018402
v 0.321941 0.144570 -0.011628
v 0.324641 0.152662 -0.001270
v 0.302263 0.169231 0.002619
v 0.244979 0.214710 -0.021256
v 0.282807 0.184118 -0.004081
v 0.317331 0.157891 0.010991
v 0.343364 0.141216 0.014063
v 0.348577 0.134197 0.004353
v 0.363674 0.125430 0.015379
v 0.361706 0.118080 0.002266
v 0.381642 0.106660 0.014689
v 0.372167 0.122379 0.027988
v 0.384905 0.110510 0.029027
v 0.392657 0.100975 0.027380
v 0.353682 0.133671 0.026709
v 0.378049 0.117998 0.039662
v 0.393560 0.106587 0.043654
v 0.390340 0.105159 0.036415
v 0.396424 0.104367 0.051290
v 0.408500 0.090952 0.062929
v 0.340256 0.135653 -0.004213
v 0.194626 0.245538 -0.019485
v 0.218170 0.221948 -0.023767
v 0.334283 0.145701 0.021208
v 0.253442 0.206609 -0.008741
v 0.403572 0.094063 0.068952
v 0.412014 0.083351 0.078773
v 0.188395 0.255901 -0.022692
v 0.385870 0.096205 0.009713
v 0.378774 0.097103 0.002446
v 0.392587 0.087179 0.011527
v 0.413889 0.079367 0.069403
v 0.188210 0.257673 -0.033214
v 0.172535 0.271347 -0.034537
v 0.170016 0.271525 -0.021827
v 0.185697 0.254913 -0.050202
v 0.170906 0.268988 -0.047374
v 0.151555 0.285449 -0.045600
v 0.151489 0.290342 -0.033370
v 0.135048 0.305166 -0.045431
v 0.132056 0.315041 -0.033947
v 0.145436 0.299503 -0.022382
v 0.133712 0.314689 -0.021189
v 0.118085 0.326757 -0.020894
v 0.113762 0.328264 -0.034042
v 0.155267 0.285114 -0.020177
v 0.123611 0.320211 -0.007175
v 0.099418 0.334695 -0.022156
v 0.092585 0.336662 -0.033913
v 0.096173 0.330080 -0.050995
v 0.080800 0.335941 -0.047915
v 0.139678 0.303873 -0.004095
v 0.071949 0.342890 -0.032834
v 0.058402 0.345003 -0.042757
v 0.062557 0.348439 -0.028107
v 0.074546 0.342218 -0.022112
v 0.057371 0.348942 -0.038986
v 0.061343 0.345568 -0.005634
v 0.057143 0.353491 -0.025981
v 0.056183 0.356010 -0.014621
v 0.072638 0.339659 -0.011487
v 0.173882 0.264001 -0.011536
v 0.160583 0.273799 -0.008676
v 0.188059 0.250858 -0.010294
v 0.103190 0.329895 -0.008729
v 0.060483 0.351522 -0.029608
v 0.059720 0.341966 -0.047393
v 0.125775 0.311026 0.006151
v 0.066186 0.339685 -0.001735
v 0.072966 0.335207 -0.001162
v 0.079551 0.330155 0.002220
v 0.060101 0.352789 -0.000936
v 0.151047 0.274741 0.002115
v 0.138548 0.298210 0.005717
v 0.054229 0.365920 -0.013306
v 0.109881 0.316622 0.007241
v 0.094198 0.324461 0.003152
v 0.145095 -0.479659 0.002938
v 0.142796 -0.474585 -0.004891
v 0.139939 -0.482455 -0.013840
v 0.144566 -0.499065 -0.007935
v 0.148270 -0.498335 0.007934
v 0.131232 -0.457845 -0.023157
v 0.135240 -0.448731 -0.005279
v 0.132269 -0.436797 -0.015093
v 0.129277 -0.441492 -0.025084
v 0.124786 -0.463955 -0.041298
v 0.124258 -0.439623 -0.038236
v 0.131432 -0.483134 -0.029419
v 0.124927 -0.488495 -0.042557
v 0.131522 -0.499888 -0.029423
v 0.124747 -0.499857 -0.051147
v 0.122592 -0.488685 -0.053239
v 0.121265 -0.441169 -0.052154
v 0.136175 -0.433417 0.012303
v 0.143131 -0.457709 0.019864
v 0.141048 -0.444810 0.019486
v 0.138478 -0.432593 0.017465
v 0.147607 -0.447783 0.028564
v 0.150055 -0.458569 0.036796
v 0.123197 -0.432112 -0.046708
v 0.143863 -0.464528 0.025727
v 0.136237 -0.420529 0.000171
v 0.143705 -0.472592 0.023234
v 0.123256 -0.424164 -0.056499
v 0.145465 -0.487472 0.014525
v 0.123461 -0.465923 -0.065523
v 0.124210 -0.490036 -0.063713
v 0.140109 -0.418009 0.008105
v 0.140897 -0.486095 0.041833
v 0.146086 -0.467868 0.042589
v 0.142484 -0.482953 0.052405
v 0.142336 -0.499996 0.047919
v 0.147065 -0.484942 0.067118
v 0.150422 -0.500044 0.068761
v 0.142089 -0.498420 0.031197
v 0.155253 -0.482964 0.080927
v 0.122914 -0.443444 -0.062864
v 0.149813 -0.473527 0.062149
v 0.145920 -0.499750 0.020662
v 0.159535 -0.494111 0.082815
v 0.163921 -0.467853 0.083249
v 0.128376 -0.499513 -0.066857
v 0.145438 -0.437758 0.022393
v 0.170202 -0.475573 0.094852
v 0.147331 -0.418871 0.015747
v 0.146178 -0.429013 0.022274
v -0.031245 0.371280 0.054301
v -0.039535 0.378211 0.038337
v -0.026543 0.354690 0.048807
v -0.041181 0.407726 0.055294
v -0.043710 0.411346 0.048878
v -0.046438 0.398811 0.026845
v -0.044901 0.384388 0.018167
v -0.021842 0.348061 0.061852
v -0.020607 0.358454 0.076062
v -0.037249 0.367926 0.026918
v -0.042251 0.365762 0.013816
v -0.028255 0.346429 0.030784
v -0.025831 0.353015 0.036144
v -0.048078 0.420668 0.027090
v -0.048370 0.393038 0.021422
v -0.042872 0.422929 0.047197
v -0.045257 0.445537 0.029144
v -0.042052 0.449734 0.042256
v -0.044471 0.456718 0.032677
v -0.038393 0.431463 0.058100
v -0.032953 0.421954 0.059770
v -0.034095 0.429861 0.064630
v -0.042018 0.350605 0.013256
v -0.028197 0.332575 0.030005
v -0.022639 0.375086 0.067703
v -0.029249 0.384303 0.061210
v -0.035076 0.406031 0.064431
v -0.019303 0.349545 0.041163
v -0.010501 0.339537 0.068838
v -0.022332 0.390631 0.068256
v -0.015395 0.389489 0.076659
v -0.033435 0.460942 0.050841
v -0.041373 0.462914 0.034426
v -0.026564 0.447310 0.064860
v -0.015343 0.361168 0.080774
v -0.034948 0.472801 0.037023
v -0.006697 0.372513 0.078930
v -0.023855 0.418652 0.065703
v -0.028692 0.405249 0.068061
v -0.009164 0.390373 0.081319
v -0.039710 0.477198 0.032541
v -0.010610 0.396736 0.077141
v -0.017635 0.402336 0.071773
v -0.013189 0.405329 0.082250
v -0.017525 0.410559 0.071164
v -0.023044 0.477322 0.043842
v -0.022276 0.463557 0.059067
v -0.022571 0.433953 0.070505
v -0.010945 0.342830 0.041907
v -0.004590 0.417874 0.078920
v -0.013974 0.424050 0.063108
v -0.006871 0.427604 0.072663
v -0.003461 0.345717 0.077296
v -0.050919 0.420457 0.025893
v -0.050660 0.438135 0.027968
v -0.002864 0.396429 0.081566
v -0.003097 0.405853 0.087567
v -0.021134 0.482779 0.041511
v -0.013041 0.440147 0.072013
v -0.008373 0.454803 0.068316
v -0.002535 0.371963 0.079740
v -0.001253 0.389285 0.082868
v 0.003006 0.358403 0.082180
v -0.048748 0.098352 -0.073472
v -0.030126 0.095768 -0.077106
v -0.028422 0.080144 -0.072595
v -0.030421 0.107471 -0.080556
v -0.040650 0.111238 -0.080985
v -0.053440 0.079102 -0.061703
v -0.043974 0.113852 -0.082418
v -0.111791 0.238307 -0.056774
v -0.099579 0.233618 -0.063344
v -0.108971 0.230904 -0.049480
v -0.098732 0.216429 -0.050460
v -0.092229 0.219015 -0.062963
v -0.083874 0.217550 -0.070908
v -0.093923 0.199381 -0.052639
v -0.097056 0.247744 -0.071730
v -0.109512 0.253139 -0.067382
v -0.077970 0.229194 -0.078962
v -0.066707 0.190215 -0.078196
v -0.083170 0.181390 -0.063936
v -0.075330 0.184029 -0.071861
v -0.084546 0.169616 -0.058055
v -0.074577 0.161803 -0.071127
v -0.084122 0.151317 -0.060893
v -0.078845 0.132173 -0.062535
v -0.069253 0.137056 -0.071316
v -0.066310 0.113899 -0.068230
v -0.048312 0.127227 -0.084817
v -0.056931 0.137838 -0.080080
v -0.054914 0.163633 -0.083211
v -0.077919 0.096803 -0.050438
v -0.070886 0.089958 -0.054936
v -0.077429 0.252706 -0.082292
v -0.093277 0.273881 -0.077327
v -0.082544 0.102755 -0.046362
v -0.111937 0.278972 -0.071188
v -0.058673 0.208216 -0.083671
v -0.050870 0.181560 -0.083999
v -0.061497 0.235467 -0.085366
v -0.082419 0.286075 -0.081241
v -0.120321 0.289709 -0.068216
v -0.057942 0.077830 -0.060355
v -0.044649 0.123490 -0.084726
v -0.131902 0.265990 -0.066929
v -0.142280 0.272141 -0.062456
v -0.121221 0.254855 -0.067275
v -0.123781 0.301158 -0.063386
v -0.092767 0.097814 -0.042598
v -0.106126 0.301331 -0.071258
v -0.121045 0.239117 -0.060858
v -0.086039 0.124666 -0.047875
v -0.142248 0.255084 -0.068002
v -0.133716 0.247570 -0.067985
v -0.077382 0.089325 -0.054228
v -0.159651 0.259945 -0.064837
v -0.157395 0.242112 -0.071798
v -0.157777 0.228428 -0.072993
v -0.172242 0.236470 -0.071894
v -0.168374 0.219279 -0.072283
v -0.179843 0.232721 -0.067439
v -0.182968 0.240134 -0.066347
v -0.150593 0.201302 -0.066307
v -0.162337 0.208093 -0.068058
v -0.141620 0.215863 -0.067330
v -0.176245 0.251283 -0.064767
v -0.154244 0.201831 -0.065805
v -0.024300 0.072292 -0.071695
v -0.021311 0.074564 -0.073138
v -0.132341 0.211719 -0.060755
v -0.144599 0.193127 -0.058331
v -0.188463 0.244995 -0.059698
v -0.113218 0.230487 -0.048136
v -0.151771 0.276543 -0.054952
v -0.141655 0.290928 -0.052072
v -0.165235 0.268491 -0.053956
v -0.133340 0.199974 -0.053898
v 0.251861 0.187049 -0.048809
v 0.266129 0.168026 -0.043435
v 0.247397 0.174325 -0.051722
v 0.231284 0.191533 -0.056291
v 0.231582 0.200147 -0.053768
v 0.284540 0.165192 -0.032185
v 0.285213 0.151104 -0.031314
v 0.309498 0.146932 -0.018805
v 0.305718 0.157444 -0.018402
v 0.321941 0.144570 -0.011628
v 0.323798 0.134309 -0.011484
v 0.332103 0.137166 -0.008911
v 0.240432 0.209409 -0.043281
v 0.273937 0.183702 -0.030959
v 0.258446 0.194284 -0.038918
v 0.290581 0.170551 -0.023177
v 0.223564 0.212727 -0.049782
v 0.212934 0.212855 -0.053267
v 0.200216 0.202547 -0.061426
v 0.192177 0.228785 -0.055076
v 0.181389 0.248122 -0.049111
v 0.176993 0.244717 -0.054750
v 0.180723 0.224172 -0.059290
v 0.170993 0.239417 -0.058738
v 0.217208 0.188252 -0.058268
v 0.324641 0.152662 -0.001270
v 0.340256 0.135653 -0.004213
v 0.344803 0.119822 -0.005899
v 0.360197 0.109297 -0.003801
v 0.361706 0.118080 0.002266
v 0.378774 0.097103 0.002446
v 0.377016 0.087622 -0.002875
v 0.384702 0.080717 0.002395
v 0.381699 0.071908 -0.003692
v 0.388958 0.061611 0.000424
v 0.387943 0.051791 -0.001670
v 0.365046 0.096052 -0.004144
v 0.383076 0.090426 0.004959
v 0.385870 0.096205 0.009713
v 0.390450 0.081150 0.007919
v 0.392587 0.087179 0.011527
v 0.403038 0.065449 0.014815
v 0.402075 0.051335 0.013489
v 0.407940 0.050782 0.017364
v 0.187899 0.198878 -0.063686
v 0.176766 0.213746 -0.060474
v 0.157967 0.229102 -0.060614
v 0.380868 0.054148 -0.002670
v 0.368230 0.085396 -0.002500
v 0.300552 0.138250 -0.019335
v 0.320183 0.129044 -0.010289
v 0.337457 0.119105 -0.005103
v 0.261684 0.156480 -0.040256
v 0.351327 0.101151 -0.004176
v 0.154990 0.220672 -0.058848
v 0.149893 0.222173 -0.062444
v 0.237394 0.166940 -0.048939
v 0.176780 0.200496 -0.060985
v 0.164732 0.210127 -0.057823
v 0.193758 0.190859 -0.059691
v 0.213244 0.181310 -0.054488
v 0.375107 0.073348 -0.001111
v 0.404597 0.047445 0.018602
v 0.272726 0.146568 -0.028478
v 0.145355 0.217958 -0.053647
v 0.388699 0.051240 0.003371
v -0.155382 -0.471518 -0.080151
v -0.142139 -0.430918 -0.074847
v -0.142280 -0.470722 -0.080882
v -0.155030 -0.434714 -0.074178
v -0.143735 -0.412111 -0.070869
v -0.155080 -0.412996 -0.067706
v -0.152631 -0.490008 -0.078850
v -0.140881 -0.490593 -0.079421
v -0.155892 -0.499106 -0.076038
v -0.160777 -0.485146 -0.074720
v -0.163556 -0.429164 -0.067071
v -0.166077 -0.469185 -0.070971
v -0.130795 -0.432586 -0.070450
v -0.131423 -0.471386 -0.075544
v -0.131066 -0.488174 -0.073345
v -0.128880 -0.415531 -0.063807
v -0.137595 -0.499305 -0.073728
v -0.122815 -0.437234 -0.062043
v -0.122602 -0.466351 -0.064381
v -0.127890 -0.499983 -0.062218
v 0.199900 -0.473371 0.087851
v 0.186998 -0.475253 0.094677
v 0.187237 -0.492161 0.084373
v 0.199666 -0.491659 0.078379
v 0.174051 -0.485772 0.091083
v 0.188047 -0.466761 0.095498
v 0.211509 -0.488553 0.067663
v 0.208269 -0.496633 0.066587
v 0.194898 -0.497905 0.072394
v 0.164242 -0.497228 0.082327
v 0.170202 -0.475573 0.094852
v 0.159535 -0.494111 0.082815
v 0.150422 -0.500044 0.068761
v 0.177704 -0.466030 0.094735
v 0.193166 -0.499804 0.016241
v 0.200966 -0.499857 0.041211
v 0.142336 -0.499996 0.047919
v 0.169904 -0.499920 0.062378
v 0.200072 -0.499657 -0.000065
v 0.211002 -0.499569 0.016464
v 0.172608 -0.499789 0.023769
v 0.145920 -0.499750 0.020662
v 0.214962 -0.499416 0.042324
v 0.171008 -0.499580 0.071677
v 0.198368 -0.498938 0.059315
v 0.148270 -0.498335 0.007934
v 0.178096 -0.498174 -0.001135
v 0.154208 -0.497438 -0.000107
v 0.180406 -0.496824 -0.010093
v 0.170929 -0.497620 -0.018630
v 0.189855 -0.497010 -0.013227
v 0.150152 -0.498940 -0.020479
v 0.165388 -0.499028 -0.037335
v 0.131522 -0.499888 -0.029423
v 0.144566 -0.499065 -0.007935
v 0.184432 -0.499340 -0.030650
v 0.176887 -0.500065 -0.050513
v 0.168423 -0.499804 -0.065321
v 0.154351 -0.500017 -0.039857
v 0.144052 -0.499868 -0.067086
v 0.124747 -0.499857 -0.051147
v 0.128376 -0.499513 -0.066857
v 0.155383 -0.498674 -0.074935
v 0.141024 -0.497803 -0.076793
v 0.142089 -0.498420 0.031197
v 0.141637 -0.433254 -0.077018
v 0.143189 -0.469338 -0.081731
v 0.131496 -0.469372 -0.076598
v 0.129751 -0.436773 -0.071843
v 0.139668 -0.412745 -0.070793
v 0.129447 -0.413578 -0.065109
v 0.141057 -0.488972 -0.079577
v 0.130314 -0.489352 -0.073295
v 0.141024 -0.497803 -0.076793
v 0.123461 -0.465923 -0.065523
v 0.122914 -0.443444 -0.062864
v 0.124210 -0.490036 -0.063713
v 0.128376 -0.499513 -0.066857
v 0.123256 -0.424164 -0.056499
v 0.152176 -0.490399 -0.078776
v 0.153294 -0.437611 -0.076454
v 0.154814 -0.469498 -0.080203
v 0.150623 -0.409802 -0.068471
v 0.155383 -0.498674 -0.074935
v 0.161304 -0.487304 -0.074804
v 0.139062 -0.408677 -0.063220
v -0.080093 -0.000071 -0.063654
v -0.066074 -0.008826 -0.071287
v -0.082217 -0.004983 -0.058805
v -0.085587 -0.023195 -0.051711
v -0.064574 -0.047386 -0.064111
v -0.083317 -0.063329 -0.047024
v -0.066955 0.017823 -0.077309
v -0.063378 0.000053 -0.076713
v -0.050004 -0.009364 -0.077572
v -0.051015 0.002331 -0.081887
v -0.049806 0.026358 -0.085204
v -0.068623 0.032420 -0.077359
v -0.063935 0.044691 -0.077855
v -0.051220 0.046169 -0.081971
v -0.063497 0.061422 -0.081305
v -0.079703 0.051807 -0.068032
v -0.081087 0.060904 -0.066789
v -0.074554 0.069936 -0.074213
v -0.090447 0.077298 -0.060339
v -0.076477 0.044019 -0.067328
v -0.048414 0.059576 -0.084229
v -0.083499 0.080235 -0.063958
v -0.091344 0.086633 -0.054973
v -0.094658 0.085482 -0.049848
v -0.089452 0.075479 -0.055992
v -0.045858 -0.049351 -0.066246
v -0.061279 -0.060630 -0.060680
v -0.045697 -0.030521 -0.072854
v -0.031627 -0.002267 -0.080679
v -0.032112 0.017306 -0.085038
v -0.010274 0.006346 -0.082380
v -0.025192 -0.015878 -0.076021
v -0.030868 -0.043520 -0.067067
v -0.045690 -0.065598 -0.058583
v -0.059883 -0.078332 -0.053494
v -0.045885 -0.084914 -0.049106
v -0.062073 -0.092127 -0.049801
v -0.005249 0.028636 -0.084294
v -0.004628 -0.007620 -0.073344
v 0.003240 -0.005001 -0.073103
v 0.028829 -0.000891 -0.081794
v 0.035888 0.021512 -0.083678
v 0.047203 -0.002558 -0.079284
v 0.028810 -0.007899 -0.077540
v 0.048639 -0.009282 -0.075754
v 0.037872 -0.027333 -0.072047
v 0.055695 -0.027415 -0.068479
v 0.047306 -0.050695 -0.063173
v 0.016660 -0.031499 -0.065752
v 0.064587 -0.044332 -0.060109
v 0.058704 -0.005418 -0.074599
v 0.051252 0.021184 -0.080534
v 0.052584 -0.063454 -0.056393
v 0.057647 -0.087032 -0.043738
v 0.026172 -0.057989 -0.052420
v 0.065117 -0.065650 -0.050781
v -0.027768 -0.054565 -0.059254
v -0.035384 -0.079746 -0.046095
v -0.012336 -0.032817 -0.064620
v 0.074707 -0.076144 -0.041932
v 0.072179 -0.095464 -0.040162
v 0.064205 0.020400 -0.075078
v 0.066437 -0.008514 -0.067654
v 0.086572 -0.099044 -0.033401
v -0.025449 0.047360 -0.083040
v 0.010494 0.046500 -0.081836
v -0.006308 0.059012 -0.084380
v 0.037886 0.056200 -0.081326
v 0.041058 0.044638 -0.081431
v 0.060050 0.052687 -0.081633
v 0.051979 0.041326 -0.078435
v 0.060589 -0.104557 -0.043895
v 0.039482 -0.084590 -0.037417
v 0.053067 -0.117173 -0.040507
v 0.077906 -0.047729 -0.049174
v 0.070582 -0.118490 -0.047286
v 0.072781 -0.133140 -0.042814
v 0.058296 -0.142967 -0.036488
v 0.087706 -0.124108 -0.038663
v 0.092462 -0.147721 -0.039312
v 0.089750 -0.166481 -0.040005
v 0.076845 -0.162202 -0.041284
v 0.095332 -0.190868 -0.036242
v 0.079262 -0.196449 -0.035818
v 0.106189 -0.169122 -0.035426
v 0.108149 -0.189123 -0.033166
v 0.065445 -0.191251 -0.031673
v 0.071060 -0.202562 -0.032099
v 0.051157 -0.207169 -0.025288
v 0.119618 -0.183920 -0.028687
v 0.120129 -0.188093 -0.027296
v 0.055448 -0.173250 -0.030611
v 0.110822 -0.155000 -0.032594
v 0.052483 -0.145221 -0.033070
v 0.053584 -0.185503 -0.026439
v 0.027583 -0.078375 -0.031468
v 0.074146 -0.004479 -0.064120
v 0.066351 0.041322 -0.069552
v 0.002994 0.002978 -0.081045
v 0.078994 0.019697 -0.064236
v 0.084855 -0.196984 -0.033460
v 0.041514 -0.124114 -0.031343
v 0.080386 -0.006399 -0.055356
v 0.106954 -0.121876 -0.027574
v 0.070788 0.054847 -0.075206
v 0.126412 -0.163160 -0.021529
v 0.095510 -0.069529 -0.025159
v 0.106636 -0.095540 -0.017234
v 0.082292 -0.062875 -0.038879
v 0.098627 -0.101236 -0.024862
v 0.124854 -0.139116 -0.018570
v 0.114979 -0.112309 -0.016655
v -0.052831 0.354443 0.031350
v -0.055655 0.334326 0.022582
v -0.052583 0.333067 0.037810
v -0.057623 0.344861 0.017904
v -0.058912 0.365022 0.012608
v -0.058016 0.368784 0.012836
v -0.052956 0.323670 0.026239
v -0.049020 0.317992 0.041907
v -0.049063 0.309247 0.041331
v -0.058000 0.373793 0.027064
v -0.047261 0.303214 0.032753
v -0.050197 0.311016 0.027148
v -0.060185 0.378328 0.025420
v -0.059285 0.402089 0.014534
v -0.047095 0.294036 0.034968
v -0.044730 0.302836 0.044315
v -0.042384 0.289665 0.045384
v -0.044306 0.285412 0.039867
v -0.058765 0.314453 0.019228
v -0.040337 0.289840 0.047420
v -0.062529 0.414518 0.026850
v -0.062535 0.410410 0.021495
v -0.063160 0.427804 0.017017
v -0.061507 0.435877 0.027804
v -0.062483 0.439525 0.022433
v -0.067938 0.433698 0.012784
v -0.065571 0.451838 0.018619
v -0.061977 0.405219 0.013255
v -0.059042 0.453507 0.026124
v -0.056286 0.449836 0.033437
v -0.057692 0.441205 0.031240
v -0.051865 0.461085 0.033311
v -0.052144 0.468083 0.028343
v -0.060888 0.464275 0.019676
v -0.058367 0.417375 0.028605
v -0.042725 0.274619 0.045473
v -0.038828 0.274397 0.053062
v -0.041928 0.264326 0.050211
v -0.038408 0.266752 0.058370
v -0.059800 0.337137 0.019734
v -0.062345 0.380533 0.010921
v -0.039710 0.477198 0.032541
v -0.050779 0.476003 0.020567
v -0.072041 0.382917 0.009748
v -0.068730 0.382331 0.011410
v -0.073034 0.371927 0.010762
v -0.069878 0.372384 0.013756
v -0.074285 0.359653 0.017875
v -0.041373 0.462914 0.034426
v -0.044471 0.456718 0.032677
v -0.053613 0.440399 0.030964
v -0.048915 0.346704 0.032983
v -0.066321 0.341759 -0.026529
v -0.061065 0.343259 -0.018436
v -0.072797 0.346112 -0.023695
v -0.068975 0.357635 -0.024683
v -0.060780 0.355433 -0.015230
v -0.063793 0.372140 -0.020809
v -0.072631 0.365426 -0.031696
v -0.073307 0.385833 -0.025117
v -0.066708 0.391776 -0.020637
v -0.070815 0.404102 -0.022680
v -0.063223 0.413695 -0.014707
v -0.067078 0.419989 -0.020193
v -0.060099 0.385173 -0.011533
v -0.061176 0.359841 -0.010013
v -0.059672 0.362258 -0.005305
v -0.062488 0.341244 -0.011808
v -0.062033 0.413872 -0.009101
v -0.063150 0.425616 -0.004029
v -0.068400 0.428124 -0.012947
v -0.064181 0.445175 -0.007969
v -0.060492 0.447999 -0.000532
v -0.071266 0.400041 -0.026302
v -0.068094 0.417764 -0.025113
v -0.072568 0.380099 -0.031055
v -0.069829 0.364374 -0.040065
v -0.072448 0.359547 -0.037424
v -0.071155 0.354039 -0.044845
v -0.069863 0.350591 -0.041747
v -0.067580 0.337878 -0.044744
v -0.068245 0.341675 -0.052925
v -0.066911 0.334548 -0.056634
v -0.066689 0.333976 -0.063735
v -0.064957 0.327614 -0.059034
v -0.066965 0.335146 -0.042319
v -0.063852 0.330067 -0.068202
v -0.060829 0.341899 -0.032745
v -0.065748 0.354586 -0.029146
v -0.065704 0.355878 0.005197
v -0.064845 0.343683 0.007972
v -0.076280 0.338163 0.021899
v -0.065585 0.328863 0.007311
v -0.067767 0.321865 0.010246
v -0.072998 0.312479 0.015502
v -0.064420 0.401091 -0.001171
v -0.062163 0.339806 -0.001039
v -0.070038 0.428764 0.010089
v -0.066440 0.446059 0.010319
v -0.059752 0.463158 0.004620
v -0.056875 0.462086 -0.001686
v -0.073890 0.315230 0.026588
v -0.071337 0.307600 0.019620
v -0.075453 0.335504 0.025627
v -0.056451 0.467400 0.011393
v -0.049351 0.479911 0.010287
v -0.050812 0.472884 0.000455
v -0.049582 0.478904 -0.002278
v -0.050759 0.474095 -0.007370
v -0.046828 0.481196 -0.013319
v -0.051661 0.465642 -0.014345
v -0.059826 0.456354 -0.007531
v -0.055352 0.450482 -0.019467
v -0.062034 0.427934 -0.017986
v -0.059200 0.439685 -0.025524
v -0.056336 0.453774 -0.030554
v -0.059896 0.426562 -0.030302
v -0.053990 0.466646 -0.022709
v -0.052752 0.457620 -0.034162
v -0.059724 0.447811 -0.032721
v -0.049364 0.472424 -0.024209
v -0.059875 0.432690 -0.037060
v -0.063624 0.430020 -0.025624
v -0.044814 0.480265 0.017108
v -0.040158 0.487855 -0.003631
v -0.037078 0.487112 0.020255
v -0.036505 0.489770 0.009305
v -0.036040 0.489012 0.000294
v -0.042228 0.478225 -0.023156
v -0.017823 0.497662 -0.016276
v -0.015066 0.499005 0.005763
v 0.000424 0.498636 -0.010161
v -0.000738 0.499018 0.010613
v -0.010851 0.498176 0.017839
v -0.020590 0.497462 -0.007353
v 0.001184 0.497024 0.020701
v 0.016008 0.495020 0.012946
v 0.006368 0.496881 -0.000249
v 0.018593 0.494449 -0.002476
v 0.012684 0.493678 -0.003992
v 0.017005 0.493600 -0.010817
v 0.008742 0.493336 -0.013209
v 0.002893 0.493340 -0.023417
v 0.012538 0.488580 0.033848
v 0.003432 0.488404 0.040317
v -0.003048 0.494314 0.026042
v -0.009986 0.492263 0.033313
v -0.021363 0.492529 0.025994
v -0.023566 0.496018 0.008944
v -0.007455 0.484396 0.044439
v -0.037078 0.487112 0.020255
v -0.027718 0.494250 -0.000518
v -0.027436 0.494255 -0.011556
v -0.036505 0.489770 0.009305
v 0.016417 0.493652 0.020761
v -0.021134 0.482779 0.041511
v -0.033524 0.485594 0.026636
v -0.036040 0.489012 0.000294
v -0.040158 0.487855 -0.003631
v -0.035804 0.488460 -0.011571
v -0.046828 0.481196 -0.013319
v -0.034947 0.487091 -0.023915
v -0.028536 0.488944 -0.021986
v -0.021355 0.493645 -0.025930
v -0.028689 0.482994 -0.033304
v -0.042228 0.478225 -0.023156
v -0.039710 0.477198 0.032541
v -0.050779 0.476003 0.020567
v -0.026023 0.486366 -0.035058
v 0.024677 0.489729 0.008660
v 0.023665 0.489298 -0.002501
v 0.031053 0.488412 -0.001683
v 0.031338 0.487667 0.013030
v 0.025051 0.486225 0.023858
v 0.022247 0.486170 -0.011735
v 0.030406 0.483461 -0.018114
v 0.022390 0.483634 -0.019626
v 0.030129 0.481480 0.028943
v 0.021861 0.481295 0.037321
v 0.021271 0.477633 -0.029072
v 0.031085 0.471851 -0.033263
v 0.012172 0.486867 -0.020365
v 0.018301 0.489830 -0.019651
v 0.016897 0.481546 -0.031787
v 0.012010 0.482697 -0.026000
v 0.011596 0.477035 -0.033464
v 0.012781 0.477616 0.045324
v -0.007098 0.477502 0.050100
v 0.012321 0.468714 0.055336
v 0.001273 0.466376 0.061210
v -0.011716 0.464276 0.061934
v -0.022276 0.463557 0.059067
v -0.023044 0.477322 0.043842
v 0.011819 0.454457 0.065587
v -0.008373 0.454803 0.068316
v 0.033433 0.383903 -0.037462
v 0.039065 0.369384 -0.029425
v 0.037386 0.368588 -0.034012
v 0.041678 0.362017 -0.032817
v 0.039442 0.398860 -0.031756
v 0.044729 0.375328 -0.021621
v 0.044615 0.410356 -0.024176
v 0.042968 0.414532 -0.027886
v 0.029828 0.365729 -0.041020
v 0.030124 0.376908 -0.040917
v 0.039751 0.417496 -0.036469
v 0.040350 0.436651 -0.029935
v 0.036091 0.393081 -0.043551
v 0.037838 0.411012 -0.042806
v 0.040638 0.420390 -0.047936
v 0.041312 0.430970 -0.039815
v 0.036722 0.428881 -0.048058
v 0.036086 0.445753 -0.044109
v 0.037621 0.449153 -0.031770
v 0.035350 0.461232 -0.036941
v 0.035441 0.466223 -0.022934
v 0.035417 0.473937 -0.026118
v 0.035756 0.480223 -0.013766
v 0.034880 0.477092 -0.005640
v 0.033890 0.484840 -0.001429
v 0.035912 0.478595 0.012253
v 0.031338 0.487667 0.013030
v 0.041157 0.401716 -0.049645
v 0.033549 0.477745 0.025660
v 0.036602 0.391393 -0.052271
v 0.037576 0.379794 -0.051330
v 0.031709 0.363545 -0.051804
v 0.030004 0.356153 -0.044875
v 0.031333 0.363071 -0.059059
v 0.032177 0.368196 -0.056841
v 0.028877 0.349395 -0.057571
v 0.030129 0.481480 0.028943
v 0.032685 0.348519 -0.049056
v 0.028446 0.344287 -0.060777
v 0.026951 0.364272 -0.063047
v 0.021535 0.342604 -0.078587
v 0.023452 0.336427 -0.066731
v 0.022689 0.323202 -0.071371
v 0.019182 0.324735 -0.077765
v 0.019570 0.325228 -0.084003
v 0.017970 0.306816 -0.079509
v 0.018516 0.308152 -0.076217
v 0.019893 0.306739 -0.088564
v 0.016773 0.328765 -0.087719
v 0.021416 0.361270 -0.072786
v 0.024654 0.373263 -0.062873
v 0.012937 0.298111 -0.080441
v 0.018244 0.345586 -0.081917
v 0.026426 0.386001 -0.057651
v 0.038704 0.467141 -0.014046
v 0.042387 0.462589 -0.007086
v 0.044764 0.450379 -0.015050
v 0.050264 0.441249 -0.004478
v 0.048519 0.439676 -0.010734
v 0.052553 0.413895 -0.009669
v 0.051699 0.436183 -0.022725
v 0.057176 0.416882 -0.021361
v 0.042287 0.460100 -0.001325
v 0.041745 0.471293 0.010532
v 0.043958 0.458621 -0.022682
v 0.054984 0.380258 -0.014411
v 0.055801 0.380656 -0.003626
v 0.054229 0.365920 -0.013306
v 0.031085 0.471851 -0.033263
v 0.031053 0.488412 -0.001683
v 0.058617 0.377407 -0.022223
v 0.060470 0.371958 -0.022969
v 0.030406 0.483461 -0.018114
v 0.010736 0.297940 -0.087685
v 0.041623 0.471016 0.025709
v 0.047950 0.458416 0.013936
v 0.051015 0.456406 0.021846
v 0.052956 0.436193 0.012306
v 0.054792 0.438592 0.024559
v 0.056661 0.428807 0.021949
v 0.054872 0.412804 0.013222
v 0.058313 0.395930 0.017063
v 0.058328 0.383933 0.021803
v 0.055712 0.410406 0.010788
v 0.059759 0.381634 0.011071
v 0.062603 0.368842 0.021518
v 0.062610 0.372790 0.013260
v 0.066343 0.358802 0.022848
v 0.067120 0.357740 0.012922
v 0.070979 0.341260 0.012223
v 0.068621 0.345727 0.025122
v 0.074566 0.320553 0.025855
v 0.074365 0.323165 0.012834
v 0.074013 0.315776 0.019675
v 0.047180 0.457922 0.027645
v 0.053026 0.399413 0.025512
v -0.034524 0.371053 -0.040557
v -0.030931 0.366058 -0.047032
v -0.036664 0.355148 -0.042133
v -0.026022 0.350956 -0.056175
v -0.043678 0.362850 -0.032595
v -0.022956 0.365011 -0.053418
v -0.044359 0.377825 -0.033340
v -0.022206 0.383936 -0.056226
v -0.044274 0.389866 -0.037121
v -0.035558 0.390549 -0.044135
v -0.029411 0.389106 -0.054494
v -0.038784 0.408933 -0.046587
v -0.034994 0.396090 -0.051699
v -0.049550 0.354363 -0.033622
v -0.052621 0.344347 -0.037881
v -0.050931 0.339510 -0.046993
v -0.031591 0.340503 -0.059372
v -0.054099 0.333395 -0.054820
v -0.041684 0.439125 -0.052437
v -0.039903 0.416560 -0.052390
v -0.043186 0.422192 -0.048126
v -0.043722 0.434937 -0.050050
v -0.048062 0.417050 -0.042936
v -0.046939 0.403826 -0.041108
v -0.052633 0.424603 -0.044977
v -0.050805 0.437199 -0.044766
v -0.057171 0.426193 -0.043345
v -0.057490 0.403271 -0.042305
v -0.054803 0.396258 -0.041568
v -0.036362 0.436035 -0.052018
v -0.032813 0.442813 -0.054176
v -0.035367 0.423488 -0.050664
v -0.029537 0.423299 -0.054499
v -0.020279 0.440514 -0.061082
v -0.033815 0.409917 -0.052034
v -0.027556 0.395901 -0.055378
v -0.023452 0.410838 -0.059638
v -0.028065 0.448915 -0.060200
v -0.052565 0.446938 -0.040935
v -0.037657 0.458356 -0.048139
v -0.033094 0.450311 -0.052184
v -0.025068 0.461630 -0.056607
v -0.047292 0.455011 -0.039114
v -0.052752 0.457620 -0.034162
v -0.036878 0.477657 -0.034037
v -0.059724 0.447811 -0.032721
v -0.021204 0.396582 -0.065569
v -0.018309 0.415334 -0.068884
v -0.019113 0.430805 -0.064940
v -0.014158 0.396780 -0.071437
v -0.017201 0.380910 -0.070599
v -0.021219 0.373850 -0.064949
v -0.031078 0.469640 -0.044828
v -0.022513 0.468528 -0.053582
v -0.021644 0.477809 -0.047839
v -0.036833 0.462987 -0.044827
v -0.038782 0.469288 -0.040695
v -0.028689 0.482994 -0.033304
v -0.026023 0.486366 -0.035058
v -0.034947 0.487091 -0.023915
v -0.042228 0.478225 -0.023156
v -0.049364 0.472424 -0.024209
v -0.023230 0.360016 -0.069866
v -0.025298 0.363739 -0.063801
v -0.030004 0.355570 -0.068112
v -0.036726 0.342652 -0.072888
v -0.034416 0.338838 -0.077583
v -0.041403 0.328772 -0.080840
v -0.042461 0.320523 -0.084416
v -0.053394 0.382183 -0.036737
v -0.050240 0.364187 -0.034492
v -0.055595 0.359160 -0.034993
v -0.056681 0.366934 -0.030402
v -0.044272 0.306460 -0.089779
v -0.046646 0.303081 -0.083090
v -0.048630 0.311534 -0.079004
v -0.045930 0.317996 -0.074446
v -0.036174 0.333569 -0.062917
v -0.039728 0.328371 -0.067166
v -0.043599 0.323436 -0.069472
v 0.062962 0.115022 -0.086444
v 0.066663 0.106331 -0.096999
v 0.068338 0.094049 -0.088464
v 0.068503 0.088743 -0.081094
v 0.061755 0.143065 -0.092086
v 0.064245 0.135540 -0.096318
v 0.053211 0.113607 -0.073508
v 0.058206 0.091467 -0.067632
v 0.052775 0.134500 -0.079810
v 0.051979 0.154767 -0.082985
v 0.062830 0.150421 -0.092086
v 0.045295 0.092602 -0.057946
v 0.073483 0.073065 -0.070226
v 0.058147 0.076084 -0.057456
v 0.076744 0.064399 -0.067561
v 0.045224 0.118838 -0.070776
v 0.048246 0.075302 -0.053103
v 0.079119 0.071508 -0.069459
v -0.083317 -0.063329 -0.047024
v -0.061279 -0.060630 -0.060680
v -0.070237 -0.070329 -0.052604
v -0.064574 -0.047386 -0.064111
v -0.059883 -0.078332 -0.053494
v -0.032571 -0.089104 -0.040906
v -0.028447 -0.103467 -0.036948
v -0.045885 -0.084914 -0.049106
v -0.046907 -0.110869 -0.049014
v -0.021665 -0.076586 -0.033734
v -0.035384 -0.079746 -0.046095
v -0.116316 -0.169722 -0.029982
v -0.110786 -0.189974 -0.033842
v -0.123831 -0.188497 -0.028056
v -0.094227 -0.164795 -0.037259
v -0.099428 -0.148506 -0.034778
v -0.077651 -0.170617 -0.040421
v -0.071680 -0.138008 -0.043745
v -0.088150 -0.129015 -0.039337
v -0.080895 -0.113768 -0.043053
v -0.064505 -0.122611 -0.046062
v -0.092174 -0.198759 -0.036102
v -0.108108 -0.196444 -0.033180
v -0.064116 -0.104063 -0.049954
v -0.078408 -0.091488 -0.046230
v -0.062073 -0.092127 -0.049801
v -0.080123 -0.080558 -0.048310
v -0.078443 -0.186840 -0.038280
v -0.068740 -0.207347 -0.034158
v -0.059749 -0.152200 -0.040651
v -0.045896 -0.129471 -0.039989
v -0.057203 -0.189997 -0.031946
v -0.053058 -0.211605 -0.029321
v -0.114549 -0.191732 -0.030122
v -0.083085 -0.204134 -0.033014
v -0.098536 -0.113134 -0.034103
v -0.115367 -0.150072 -0.026101
v -0.100102 -0.093984 -0.032458
v -0.127978 -0.127239 -0.015583
v -0.126493 -0.153460 -0.018943
v -0.111541 -0.110722 -0.024414
v -0.099043 -0.079703 -0.034777
v -0.135114 -0.187116 -0.019393
v -0.137058 -0.157509 -0.008345
v 0.054236 0.407266 -0.005325
v 0.065612 0.409647 0.000711
v 0.061597 0.393168 0.000544
v 0.060390 0.421757 -0.001461
v 0.055801 0.380656 -0.003626
v 0.061116 0.365878 -0.000941
v 0.072194 0.361493 0.002353
v 0.073504 0.384130 0.005781
v 0.068219 0.401035 0.005245
v 0.073615 0.350596 0.002064
v 0.060101 0.352789 -0.000936
v 0.066186 0.339685 -0.001735
v 0.072966 0.335207 -0.001162
v 0.079551 0.330155 0.002220
v 0.052553 0.413895 -0.009669
v 0.050264 0.441249 -0.004478
v 0.075501 0.354599 0.007166
v 0.054229 0.365920 -0.013306
v 0.079785 0.336815 0.008213
v 0.058782 0.439660 0.009030
v 0.050613 0.460358 0.009400
v 0.042287 0.460100 -0.001325
v 0.041745 0.471293 0.010532
v 0.081397 0.324972 0.007808
v 0.062307 0.419733 0.007412
v -0.059800 0.337137 0.019734
v -0.063007 0.341712 0.019281
v -0.072342 0.329669 0.026994
v -0.062208 0.358558 0.014156
v -0.070292 0.356800 0.020940
v -0.069878 0.372384 0.013756
v -0.058765 0.314453 0.019228
v -0.073890 0.315230 0.026588
v -0.058912 0.365022 0.012608
v -0.062345 0.380533 0.010921
v -0.068730 0.382331 0.011410
v -0.075453 0.335504 0.025627
v -0.061977 0.405219 0.013255
v -0.057623 0.344861 0.017904
v -0.071337 0.307600 0.019620
v -0.074285 0.359653 0.017875
v -0.112958 -0.079407 -0.018420
v -0.099043 -0.079703 -0.034777
v -0.100102 -0.093984 -0.032458
v -0.115857 -0.097889 -0.016823
v -0.095260 -0.055165 -0.035263
v -0.083317 -0.063329 -0.047024
v -0.111541 -0.110722 -0.024414
v -0.107485 -0.050135 -0.016992
v -0.127978 -0.127239 -0.015583
v -0.129391 -0.117686 -0.007888
v -0.123140 -0.099424 -0.007214
v -0.080123 -0.080558 -0.048310
v 0.167093 -0.418099 0.007650
v 0.147331 -0.418871 0.015747
v 0.172152 -0.428339 0.015863
v 0.155322 -0.412811 0.005965
v 0.159868 -0.427961 0.022224
v 0.166250 -0.411791 -0.006113
v 0.157725 -0.409875 -0.006941
v 0.145980 -0.412223 0.002960
v 0.146178 -0.429013 0.022274
v 0.140109 -0.418009 0.008105
v 0.156174 -0.434991 0.022791
v 0.167446 -0.433932 0.018238
v 0.173606 -0.437289 0.016291
v 0.145438 -0.437758 0.022393
v 0.170370 -0.455479 0.046134
v 0.163371 -0.462025 0.062309
v 0.173753 -0.458991 0.061494
v 0.158496 -0.456658 0.044924
v 0.171340 -0.447490 0.031741
v 0.176066 -0.461548 0.086311
v 0.163921 -0.467853 0.083249
v 0.151449 -0.466481 0.052860
v 0.149813 -0.473527 0.062149
v 0.146086 -0.467868 0.042589
v 0.177704 -0.466030 0.094735
v 0.150055 -0.458569 0.036796
v 0.187284 -0.462335 0.091185
v 0.170202 -0.475573 0.094852
v 0.142484 -0.482953 0.052405
v 0.155253 -0.482964 0.080927
v 0.147607 -0.447783 0.028564
v 0.158080 -0.445748 0.032170
v 0.188047 -0.466761 0.095498
v 0.185914 -0.460458 0.075305
v 0.185546 -0.459163 0.049703
v 0.181562 -0.455406 0.037112
v 0.195614 -0.464787 0.086899
v 0.195161 -0.463784 0.045932
v 0.185071 -0.454965 0.028207
v -0.196529 -0.466008 0.090528
v -0.200553 -0.492258 0.078804
v -0.190671 -0.481550 0.090709
v -0.205480 -0.480154 0.078522
v -0.208320 -0.493206 0.068744
v -0.205626 -0.471508 0.079199
v -0.187713 -0.466230 0.095519
v -0.214597 -0.479023 0.061028
v -0.215621 -0.490542 0.054323
v -0.211259 -0.498469 0.058989
v -0.214520 -0.499941 0.040615
v -0.218251 -0.484609 0.039965
v -0.181694 -0.493909 0.083340
v -0.167103 -0.492659 0.086457
v -0.172607 -0.482129 0.092007
v -0.182531 -0.499977 0.020105
v -0.169185 -0.499819 0.016345
v -0.181723 -0.499910 0.037435
v -0.208071 -0.500035 0.012358
v -0.195093 -0.499145 -0.008397
v -0.201953 -0.499690 0.032423
v -0.202683 -0.499776 0.048587
v -0.178117 -0.499615 0.055063
v -0.149933 -0.499752 0.066477
v -0.144135 -0.499894 0.027365
v -0.143431 -0.499866 0.049777
v -0.189372 -0.497274 0.070326
v -0.147903 -0.497524 0.006087
v -0.169574 -0.497476 -0.001365
v -0.144532 -0.495075 -0.007634
v -0.187322 -0.495250 -0.020636
v -0.166310 -0.495049 -0.019222
v -0.157302 -0.497184 0.078181
v -0.145688 -0.498843 -0.020548
v -0.138477 -0.499080 -0.016594
v -0.130379 -0.499973 -0.029676
v -0.140908 -0.499587 -0.032901
v -0.124988 -0.500007 -0.045398
v -0.127890 -0.499983 -0.062218
v -0.164783 -0.499390 -0.038774
v -0.169862 -0.499950 -0.062193
v -0.178154 -0.499828 -0.043761
v -0.170373 -0.498348 -0.023376
v -0.155892 -0.499106 -0.076038
v -0.137595 -0.499305 -0.073728
v -0.184766 -0.498584 -0.025232
v -0.214396 -0.498261 0.029064
v 0.143788 0.215990 -0.059784
v 0.149893 0.222173 -0.062444
v 0.145355 0.217958 -0.053647
v 0.140362 0.217217 -0.044170
v 0.133056 0.205940 -0.054485
v 0.135844 0.199454 -0.065177
v 0.135089 0.208354 -0.045722
v 0.147347 0.210120 -0.068349
v 0.159241 0.223359 -0.072699
v 0.157967 0.229102 -0.060614
v 0.166388 0.233161 -0.071715
v 0.166544 0.236915 -0.061342
v 0.175189 0.244682 -0.067196
v 0.130134 0.205420 -0.047723
v 0.124362 0.196938 -0.059376
v 0.124430 0.195076 -0.064424
v 0.137454 0.207234 -0.034445
v 0.170993 0.239417 -0.058738
v 0.176993 0.244717 -0.054750
v 0.180525 0.250244 -0.061262
v 0.185697 0.254913 -0.050202
v 0.181389 0.248122 -0.049111
v 0.151077 0.216169 -0.073105
v 0.186315 0.250459 -0.042320
v 0.140247 0.207810 -0.035717
v 0.149688 0.210846 -0.023283
v 0.146621 0.205470 -0.016360
v 0.154921 0.208700 -0.014254
v 0.150592 0.204868 -0.008244
v 0.159457 0.207789 -0.002664
v 0.143877 0.212114 -0.074059
v 0.154990 0.220672 -0.058848
v 0.130955 0.203423 -0.070501
v 0.158601 0.210862 0.004540
v -0.017201 0.380910 -0.070599
v -0.018574 0.361983 -0.064903
v -0.023230 0.360016 -0.069866
v -0.021119 0.352756 -0.069021
v -0.019394 0.348139 -0.057312
v -0.017005 0.361863 -0.053715
v -0.020689 0.337326 -0.062396
v -0.023625 0.346123 -0.070354
v -0.024553 0.331925 -0.067384
v -0.027711 0.323418 -0.069672
v -0.030658 0.332924 -0.075181
v -0.033891 0.312874 -0.077083
v -0.012041 0.371519 -0.064843
v -0.011655 0.373523 -0.053009
v -0.012225 0.383739 -0.067576
v -0.014158 0.396780 -0.071437
v -0.007701 0.398442 -0.067453
v -0.007465 0.373679 -0.050306
v -0.034416 0.338838 -0.077583
v -0.042461 0.320523 -0.084416
v -0.041437 0.309539 -0.087863
v -0.037798 0.303169 -0.081336
v -0.044272 0.306460 -0.089779
v -0.003448 0.382325 -0.063559
v -0.001653 0.388265 -0.057244
v -0.005534 0.382303 -0.049853
v -0.006937 0.374243 -0.057265
v 0.002276 0.386528 -0.048701
v 0.003840 0.400675 -0.053609
v -0.005054 0.395686 -0.056983
v -0.004450 0.406833 -0.057105
v 0.002016 0.418832 -0.054941
v -0.003284 0.408569 -0.066691
v 0.001263 0.423769 -0.064962
v 0.001648 0.434231 -0.053761
v -0.004302 0.400238 -0.068626
v -0.001845 0.375220 -0.064538
v -0.111966 -0.264494 0.014784
v -0.121302 -0.254176 0.021329
v -0.122073 -0.275981 0.009442
v -0.111835 -0.278827 0.005959
v -0.110580 -0.242198 0.031912
v -0.119548 -0.231802 0.034549
v -0.108017 -0.222969 0.042178
v -0.106681 -0.201477 0.050412
v -0.096353 -0.209323 0.044640
v -0.097696 -0.229474 0.035071
v -0.126821 -0.303262 0.003136
v -0.115302 -0.303863 -0.001109
v -0.101099 -0.246520 0.023697
v -0.119406 -0.322885 -0.004848
v -0.093327 -0.189591 0.048623
v -0.103652 -0.267421 0.006089
v -0.120649 -0.346094 -0.011127
v -0.130575 -0.333937 -0.002491
v -0.127294 -0.367073 -0.012740
v -0.135684 -0.358033 -0.007059
v -0.143788 -0.393032 -0.010877
v -0.135372 -0.396384 -0.015189
v -0.106471 -0.185771 0.052164
v -0.123342 -0.393631 -0.036839
v -0.124078 -0.384218 -0.026344
v -0.131945 -0.409679 -0.024627
v -0.115046 -0.368537 -0.036678
v -0.115743 -0.357251 -0.027199
v -0.129245 -0.421779 -0.037747
v -0.108729 -0.312591 -0.016119
v -0.106696 -0.350186 -0.037234
v -0.138986 -0.417480 -0.015979
v -0.096430 -0.271002 -0.007143
v -0.095548 -0.328348 -0.036447
v -0.102232 -0.328305 -0.026842
v -0.092323 -0.309130 -0.027034
v -0.092786 -0.285206 -0.015576
v -0.088334 -0.289362 -0.023887
v -0.090266 -0.264307 -0.009658
v -0.093330 -0.245701 0.013281
v -0.085751 -0.239516 0.004345
v -0.080079 -0.210358 0.024628
v -0.076767 -0.218902 0.007509
v -0.066203 -0.186904 0.011898
v -0.077942 -0.185388 0.034872
v -0.086959 -0.207732 0.037280
v -0.078741 -0.230902 -0.005811
v -0.084991 -0.261651 -0.020371
v -0.082216 -0.243857 -0.018579
v -0.087977 -0.303387 -0.036466
v -0.085736 -0.284205 -0.033623
v -0.135588 -0.438550 -0.020716
v -0.068910 -0.198829 -0.001819
v -0.129668 -0.443148 -0.034695
v -0.065368 -0.187237 -0.005710
v -0.142518 -0.429790 -0.010189
v -0.101179 -0.340207 -0.048561
v -0.094165 -0.186645 0.051963
v -0.093828 -0.322623 -0.049082
v -0.114719 -0.365637 -0.049436
v -0.075980 -0.217830 -0.015152
v -0.122942 -0.388949 -0.048324
v -0.128080 -0.409694 -0.051640
v -0.128752 -0.423784 -0.052662
v -0.086048 -0.256071 -0.031052
v -0.089363 -0.292652 -0.047636
v -0.146838 -0.420474 -0.009139
v -0.084495 -0.239036 -0.025806
v -0.072430 -0.187080 -0.012952
v -0.125099 -0.379078 -0.057155
v -0.090382 -0.267351 -0.042572
v -0.132201 -0.411819 -0.059449
v -0.148924 -0.413925 -0.010453
v -0.105270 -0.330508 -0.061202
v -0.173687 0.194938 -0.022398
v -0.158826 0.205099 -0.017355
v -0.164708 0.204223 -0.005083
v -0.173205 0.199151 -0.000565
v -0.170699 0.194870 -0.035519
v -0.166094 0.203971 0.003421
v -0.182246 0.190816 -0.028394
v -0.196173 0.178972 -0.037886
v -0.156776 0.206411 -0.010739
v -0.184316 0.193379 -0.014020
v -0.172632 0.196087 -0.048927
v -0.148924 0.210336 -0.036430
v -0.147267 0.209262 -0.022613
v -0.165012 0.204519 -0.054293
v -0.145155 0.218441 -0.050914
v -0.139149 0.218444 -0.045601
v -0.137330 0.210393 -0.034862
v -0.190788 0.185122 -0.032145
v -0.197341 0.181128 -0.026920
v -0.217147 0.165324 -0.023212
v -0.214414 0.178040 -0.012755
v -0.228744 0.160012 -0.011165
v -0.192560 0.197099 -0.007603
v -0.224385 0.181675 -0.001498
v -0.234014 0.166071 -0.001015
v -0.249871 0.151107 -0.008606
v -0.245296 0.163474 0.002220
v -0.266787 0.154001 0.002064
v -0.279763 0.140738 -0.007032
v -0.289111 0.147963 0.006800
v -0.308238 0.132025 0.002918
v -0.304053 0.141145 0.010577
v -0.317789 0.134101 0.015489
v -0.327508 0.123345 0.015692
v -0.323748 0.139979 0.024808
v -0.301984 0.150155 0.014952
v -0.328977 0.128459 0.028305
v -0.316206 0.126093 0.000279
v -0.331088 0.117061 0.006883
v -0.285569 0.137510 -0.013399
v -0.259556 0.146486 -0.017888
v -0.234881 0.153912 -0.020223
v -0.320250 0.124977 -0.004652
v -0.224309 0.162016 -0.033134
v -0.339257 0.117727 -0.004206
v -0.199723 0.181073 -0.046892
v -0.264580 0.151261 -0.032021
v -0.246413 0.160091 -0.041130
v -0.298014 0.135103 -0.014540
v -0.221723 0.169746 -0.044966
v -0.282690 0.144923 -0.026504
v -0.235970 0.168157 -0.047903
v -0.260876 0.158037 -0.040006
v -0.326633 0.129073 -0.009567
v -0.197231 0.191794 -0.054593
v -0.218806 0.182574 -0.053886
v -0.302759 0.141249 -0.019766
v -0.179780 0.205767 -0.059280
v -0.162202 0.216806 -0.061928
v -0.155188 0.215297 -0.056820
v -0.251549 0.167774 -0.047201
v -0.340062 0.108940 -0.000518
v -0.338401 0.103572 0.012889
v -0.347248 0.095543 0.005129
v -0.354821 0.098429 -0.003942
v -0.359454 0.088757 0.001840
v -0.367701 0.081304 0.003088
v -0.367917 0.087262 -0.002697
v -0.357288 0.091792 0.016489
v -0.375884 0.070639 -0.002059
v -0.374495 0.072563 0.002934
v -0.339411 0.106095 0.018641
v -0.368597 0.089129 0.018631
v -0.376980 0.079248 0.008224
v -0.379012 0.079958 0.014824
v -0.383269 0.079887 0.006934
v -0.385156 0.071517 0.014376
v -0.388941 0.069560 0.009933
v -0.392253 0.057693 0.015712
v -0.400451 0.048580 0.013030
v -0.400825 0.050368 0.021138
v -0.331655 0.110986 0.028355
v -0.380230 0.090914 0.029984
v -0.362533 0.097489 0.025138
v -0.367248 0.100513 0.042858
v -0.354161 0.106689 0.026322
v -0.384163 0.093899 0.037733
v -0.384497 0.097091 0.047193
v -0.388897 0.093318 0.045105
v -0.394203 0.087566 0.053259
v -0.397501 0.085477 0.069452
v -0.401684 0.083413 0.059910
v -0.405775 0.077106 0.074581
v -0.387305 0.076040 0.020773
v -0.385365 0.085805 0.032519
v -0.381199 0.054396 0.001981
v -0.382604 0.062197 0.005472
v -0.381557 0.103145 0.049837
v -0.384340 0.052320 -0.003374
v -0.388199 0.050537 0.003823
v -0.372208 0.108261 0.048454
v -0.331368 0.119172 0.039244
v -0.334686 0.109778 0.040643
v -0.336139 0.116558 0.050800
v -0.341874 0.109938 0.060878
v -0.344136 0.114727 0.065941
v -0.386824 0.076331 0.023938
v -0.351246 0.105651 0.089930
v -0.053779 0.139584 -0.087216
v -0.049445 0.121956 -0.090713
v -0.048312 0.127227 -0.084817
v -0.044649 0.123490 -0.084726
v -0.043974 0.113852 -0.082418
v -0.046280 0.106385 -0.090977
v -0.046875 0.104980 -0.087891
v -0.052951 0.145598 -0.092735
v -0.054914 0.163633 -0.083211
v -0.056931 0.137838 -0.080080
v -0.071155 0.354039 -0.044845
v -0.063143 0.347198 -0.048422
v -0.068245 0.341675 -0.052925
v -0.069829 0.364374 -0.040065
v -0.065039 0.367305 -0.037893
v -0.067638 0.378111 -0.035213
v -0.063772 0.384941 -0.033231
v -0.059290 0.334453 -0.062525
v -0.072568 0.380099 -0.031055
v -0.071266 0.400041 -0.026302
v -0.061250 0.397676 -0.029872
v -0.059146 0.387154 -0.035109
v -0.068094 0.417764 -0.025113
v -0.059154 0.415259 -0.029532
v -0.059896 0.426562 -0.030302
v -0.063624 0.430020 -0.025624
v -0.059200 0.439685 -0.025524
v -0.066689 0.333976 -0.063735
v -0.057210 0.378133 -0.029218
v 0.058782 0.439660 0.009030
v 0.052956 0.436193 0.012306
v 0.055712 0.410406 0.010788
v 0.062307 0.419733 0.007412
v 0.047950 0.458416 0.013936
v 0.059759 0.381634 0.011071
v 0.066325 0.394951 0.009230
v 0.068219 0.401035 0.005245
v 0.073504 0.384130 0.005781
v 0.067120 0.357740 0.012922
v 0.062610 0.372790 0.013260
v 0.075501 0.354599 0.007166
v 0.070979 0.341260 0.012223
v 0.079785 0.336815 0.008213
v 0.081397 0.324972 0.007808
v 0.074365 0.323165 0.012834
v 0.050613 0.460358 0.009400
v 0.041745 0.471293 0.010532
v 0.094198 0.324461 0.003152
v 0.079551 0.330155 0.002220
v 0.054872 0.412804 0.013222
v -0.153478 -0.420802 0.016489
v -0.150757 -0.420898 0.015808
v -0.144626 -0.417545 0.008585
v -0.152740 -0.413535 0.006912
v -0.152100 -0.421631 0.017822
v -0.143437 -0.424538 0.013698
v -0.145856 -0.412594 -0.003004
v -0.160009 -0.409018 -0.006585
v -0.165548 -0.416385 0.004219
v -0.168017 -0.427656 0.014440
v -0.168726 -0.413024 -0.008963
v -0.175643 -0.429013 0.009058
v -0.172610 -0.421330 -0.004877
v -0.179054 -0.430339 0.002611
v -0.153076 -0.423340 0.017807
v -0.154234 -0.434339 0.019040
v -0.166095 -0.436608 0.017060
v -0.176190 -0.439157 0.006004
v -0.179135 -0.438752 -0.005350
v -0.168382 -0.434547 0.010163
v -0.159005 -0.459260 0.048148
v -0.169250 -0.452741 0.039539
v -0.172363 -0.458024 0.053550
v -0.163733 -0.463343 0.067526
v -0.176273 -0.460891 0.076329
v -0.165834 -0.468193 0.082177
v -0.176371 -0.463418 0.087196
v -0.185912 -0.461392 0.087600
v -0.187713 -0.466230 0.095519
v -0.158280 -0.451602 0.036769
v -0.171714 -0.449729 0.033512
v -0.150882 -0.457579 0.036811
v -0.148963 -0.473911 0.060526
v -0.148238 -0.466117 0.043459
v -0.171367 -0.471527 0.091188
v -0.155542 -0.442804 0.026573
v -0.147174 -0.453675 0.025992
v -0.157065 -0.479856 0.081086
v -0.146164 -0.439197 0.017094
v -0.172607 -0.482129 0.092007
v 0.012379 0.314315 -0.090013
v 0.019893 0.306739 -0.088564
v 0.010736 0.297940 -0.087685
v 0.005277 0.299688 -0.088110
v 0.016773 0.328765 -0.087719
v 0.057371 0.348942 -0.038986
v 0.065244 0.354602 -0.032699
v 0.060483 0.351522 -0.029608
v 0.063696 0.352208 -0.044420
v 0.058402 0.345003 -0.042757
v 0.061730 0.346434 -0.049122
v 0.059720 0.341966 -0.047393
v 0.057143 0.353491 -0.025981
v 0.064706 0.359004 -0.028320
v 0.056183 0.356010 -0.014621
v 0.060470 0.371958 -0.022969
v 0.054229 0.365920 -0.013306
v 0.064691 0.361088 -0.030655
v 0.056212 0.340996 -0.051142
v 0.057739 0.345703 -0.053253
v 0.390450 0.081150 0.007919
v 0.402075 0.051335 0.013489
v 0.387514 0.073002 0.009867
v 0.381277 0.082077 0.007277
v 0.383076 0.090426 0.004959
v 0.392361 0.054892 0.016908
v 0.385353 0.069645 0.014358
v 0.377652 0.081051 0.014714
v 0.399103 0.048821 0.020824
v 0.404597 0.047445 0.018602
v -0.186352 0.195453 -0.023709
v -0.189799 0.197675 -0.015453
v -0.201367 0.193918 -0.015745
v -0.192560 0.197099 -0.007603
v -0.202954 0.193654 -0.029336
v -0.190792 0.193039 -0.031470
v -0.206296 0.195581 -0.014239
v -0.182246 0.190816 -0.028394
v -0.184316 0.193379 -0.014020
v -0.396271 0.091773 0.036583
v -0.408444 0.075026 0.041182
v -0.392046 0.088780 0.038433
v -0.413531 0.063805 0.045815
v -0.410703 0.057750 0.046349
v -0.419234 0.058353 0.045135
v -0.392473 0.098558 0.038097
v -0.384163 0.093899 0.037733
v -0.394295 0.075341 0.037805
v -0.385365 0.085805 0.032519
v -0.406054 0.059132 0.041296
v -0.380230 0.090914 0.029984
v -0.386874 0.076992 0.027839
v -0.394869 0.073656 0.033382
v -0.402810 0.064683 0.034798
v -0.386824 0.076331 0.023938
v -0.411345 0.055532 0.036071
v -0.419439 0.055597 0.038448
v -0.352347 0.116283 0.073184
v -0.353790 0.111009 0.085899
v -0.351246 0.105651 0.089930
v -0.344136 0.114727 0.065941
v -0.341830 0.123221 0.053718
v -0.348136 0.126917 0.050901
v -0.334865 0.133319 0.034344
v -0.342612 0.137238 0.031483
v -0.358322 0.104289 0.091980
v -0.323695 0.150679 0.019211
v -0.353965 0.123336 0.056763
v -0.359382 0.113652 0.076379
v -0.327293 0.152006 0.013078
v -0.352214 0.134252 0.029135
v -0.311856 0.162179 0.007088
v -0.300424 0.161971 0.013277
v -0.369652 0.121112 0.038694
v -0.294468 0.172559 0.004864
v -0.296523 0.173847 -0.004551
v -0.269362 0.188115 0.002867
v -0.268160 0.195794 -0.007731
v -0.248784 0.208273 -0.008622
v -0.241880 0.215976 -0.021778
v -0.235995 0.212995 -0.010284
v -0.263838 0.200751 -0.020265
v -0.371269 0.121805 0.026077
v -0.385967 0.111590 0.038631
v -0.384878 0.109430 0.046735
v -0.399424 0.100376 0.055442
v -0.391677 0.103297 0.055702
v -0.404160 0.092912 0.069816
v -0.218095 0.219282 -0.019650
v -0.290529 0.177259 -0.015215
v -0.336626 0.145524 0.008596
v -0.359928 0.115844 0.062787
v -0.216378 0.223275 -0.024696
v -0.209722 0.221666 -0.014460
v -0.248386 0.197866 0.002547
v -0.218387 0.222826 -0.032588
v -0.194997 0.246792 -0.032878
v -0.357087 0.130172 0.013547
v -0.316848 0.157209 -0.005682
v -0.195240 0.245509 -0.021066
v -0.194332 0.239366 -0.008967
v -0.241275 0.214604 -0.034478
v -0.253600 0.205371 -0.034230
v -0.362387 0.107385 0.077746
v -0.390628 0.106618 0.038433
v -0.236490 0.205549 -0.003183
v -0.398891 0.093793 0.068854
v -0.280657 0.171193 0.009977
v -0.382939 0.111134 0.025463
v -0.405140 0.091969 0.058460
v -0.413426 0.081504 0.076592
v -0.406871 0.082393 0.082273
v -0.360018 0.115083 0.052941
v -0.363105 0.117174 0.049119
v -0.372208 0.108261 0.048454
v -0.192813 0.251601 -0.021219
v -0.191884 0.242407 -0.006062
v -0.182048 0.259246 -0.010564
v -0.179878 0.267382 -0.021602
v -0.168116 0.273612 -0.009424
v -0.158568 0.289371 -0.021733
v -0.156642 0.287285 -0.010047
v -0.170861 0.276760 -0.032738
v -0.184367 0.262768 -0.036596
v -0.193742 0.251310 -0.036037
v -0.152706 0.293879 -0.031790
v -0.147262 0.298579 -0.007038
v -0.136357 0.312695 -0.019868
v -0.133759 0.313147 -0.007526
v -0.115302 0.327243 -0.019750
v -0.111062 0.327018 -0.008354
v -0.129977 0.316087 -0.035545
v -0.123629 0.314163 0.004942
v -0.110460 0.327365 -0.032797
v -0.137414 0.302172 0.004958
v -0.191058 0.251263 -0.047242
v -0.179731 0.261028 -0.051502
v -0.099206 0.331065 -0.012636
v -0.168490 0.274645 -0.042716
v -0.112877 0.320398 -0.049768
v -0.094213 0.332111 -0.031007
v -0.130265 0.309064 -0.049027
v -0.078988 0.335142 -0.023244
v -0.154814 0.284672 -0.043846
v -0.141655 0.290928 -0.052072
v -0.097932 0.325472 -0.048620
v -0.112454 0.312926 -0.062208
v -0.188463 0.244995 -0.059698
v -0.079066 0.333450 -0.037779
v -0.067975 0.338038 -0.024246
v -0.068246 0.334808 -0.009808
v -0.061065 0.343259 -0.018436
v -0.062488 0.341244 -0.011808
v -0.062163 0.339806 -0.001039
v -0.078647 0.331546 -0.008818
v -0.066321 0.341759 -0.026529
v -0.065585 0.328863 0.007311
v -0.104497 0.321527 0.004680
v -0.066965 0.335146 -0.042319
v -0.060829 0.341899 -0.032745
v -0.067767 0.321865 0.010246
v -0.072440 0.322809 0.004162
v -0.072998 0.312479 0.015502
v -0.121367 0.308030 0.012793
v -0.129087 0.299118 0.014888
v -0.181033 0.251800 -0.002831
v -0.152371 0.281226 -0.001555
v -0.079653 0.327606 -0.051101
v -0.397606 0.095441 0.044285
v -0.185820 0.238538 0.002218
v -0.064957 0.327614 -0.059034
v -0.165235 0.268491 -0.053956
v -0.080819 0.319482 -0.065910
v -0.097380 0.317124 -0.063861
v -0.198188 0.219081 -0.005207
v -0.215087 0.212343 -0.015209
v -0.123781 0.301158 -0.063386
v -0.176245 0.251283 -0.064767
v -0.151771 0.276543 -0.054952
v -0.055462 0.323131 -0.068061
v -0.058050 0.329021 -0.059749
v -0.392473 0.098558 0.038097
v -0.392936 0.100005 0.027857
v -0.400736 0.088704 0.032698
v -0.396271 0.091773 0.036583
v -0.408444 0.075026 0.041182
v -0.414146 0.067638 0.039001
v -0.413531 0.063805 0.045815
v -0.419234 0.058353 0.045135
v -0.359317 0.107717 0.064684
v -0.358410 0.109521 0.050324
v 0.384702 0.080717 0.002395
v 0.381277 0.082077 0.007277
v 0.381038 0.071592 0.007050
v 0.383076 0.090426 0.004959
v 0.388699 0.051240 0.003371
v 0.388958 0.061611 0.000424
v 0.383763 0.051441 0.004846
v 0.370167 0.081992 0.008280
v 0.393115 0.101873 0.057349
v 0.382660 0.105740 0.049628
v 0.384430 0.098784 0.050827
v 0.396454 0.088557 0.068174
v 0.403572 0.094063 0.068952
v 0.407123 0.083780 0.081223
v 0.371516 0.104537 0.047425
v 0.374862 0.112772 0.046275
v 0.396424 0.104367 0.051290
v 0.412014 0.083351 0.078773
v 0.358983 0.110377 0.052064
v 0.353804 0.109442 0.090167
v 0.347309 0.111447 0.072916
v 0.351692 0.105546 0.090093
v 0.351816 0.118432 0.066444
v 0.342699 0.120648 0.058734
v 0.346082 0.127788 0.048457
v 0.337441 0.132201 0.035650
v 0.343341 0.137895 0.028915
v 0.329518 0.141233 0.025884
v 0.360042 0.110953 0.085440
v 0.334283 0.145701 0.021208
v 0.354173 0.128264 0.042588
v 0.356227 0.117516 0.064310
v 0.358060 0.120266 0.050283
v 0.353682 0.133671 0.026709
v 0.378049 0.117998 0.039662
v 0.311736 0.155159 0.016786
v 0.317331 0.157891 0.010991
v 0.292183 0.163232 0.013474
v 0.288791 0.175015 0.005181
v 0.302263 0.169231 0.002619
v 0.282807 0.184118 -0.004081
v 0.260065 0.191251 0.004224
v 0.253442 0.206609 -0.008741
v 0.249089 0.203192 -0.002562
v 0.238347 0.214027 -0.011468
v 0.244979 0.214710 -0.021256
v 0.218170 0.221948 -0.023767
v 0.215485 0.217624 -0.016922
v 0.194626 0.245538 -0.019485
v 0.203118 0.227153 -0.011060
v 0.189173 0.245170 -0.008278
v 0.188395 0.255901 -0.022692
v 0.185401 0.243692 -0.001719
v 0.360252 0.111486 0.067481
v 0.232738 0.209071 -0.005587
v 0.357548 0.103274 0.091591
v 0.276106 0.172197 0.010265
v 0.188059 0.250858 -0.010294
v 0.176878 0.252497 -0.001460
v 0.173882 0.264001 -0.011536
v 0.166653 0.252831 0.004023
v 0.160583 0.273799 -0.008676
v 0.152623 0.264353 0.005275
v 0.151047 0.274741 0.002115
v 0.362022 0.104997 0.081108
v 0.407479 0.076598 0.036856
v 0.398726 0.087523 0.037314
v 0.403157 0.070240 0.042390
v 0.415045 0.065592 0.041452
v 0.415903 0.058018 0.045336
v 0.387177 0.093874 0.037483
v 0.389518 0.097057 0.037529
v 0.420744 0.056330 0.039727
v 0.392657 0.100975 0.027380
v 0.406375 0.078539 0.030617
v 0.414289 0.066191 0.034233
v 0.390340 0.105159 0.036415
v 0.400017 0.087126 0.025609
v -0.400592 0.075523 0.020010
v -0.406967 0.060157 0.018122
v -0.398291 0.067869 0.022874
v -0.400825 0.050368 0.021138
v -0.407407 0.050101 0.020041
v -0.387305 0.076040 0.020773
v -0.394334 0.082239 0.021585
v -0.391677 0.103297 0.055702
v -0.398891 0.093793 0.068854
v -0.391105 0.097499 0.059923
v -0.381557 0.103145 0.049837
v -0.384878 0.109430 0.046735
v -0.397501 0.085477 0.069452
v -0.406871 0.082393 0.082273
v -0.384497 0.097091 0.047193
v -0.405775 0.077106 0.074581
v -0.372208 0.108261 0.048454
v -0.190792 0.193039 -0.031470
v -0.197341 0.181128 -0.026920
v -0.190788 0.185122 -0.032145
v -0.202954 0.193654 -0.029336
v -0.182246 0.190816 -0.028394
v -0.383269 0.079887 0.006934
v -0.388054 0.068072 0.001254
v -0.388199 0.050537 0.003823
v -0.390281 0.054321 -0.000749
v -0.382455 0.086563 0.003053
v -0.382604 0.062197 0.005472
v -0.376980 0.079248 0.008224
v -0.405140 0.091969 0.058460
v -0.401684 0.083413 0.059910
v -0.409237 0.083355 0.065994
v -0.410738 0.077045 0.072904
v -0.397606 0.095441 0.044285
v -0.413426 0.081504 0.076592
v -0.394203 0.087566 0.053259
v -0.388897 0.093318 0.045105
v -0.392473 0.098558 0.038097
v -0.384163 0.093899 0.037733
v -0.405775 0.077106 0.074581
v -0.139149 0.218444 -0.045601
v -0.134931 0.208429 -0.048999
v -0.137330 0.210393 -0.034862
v -0.141011 0.216308 -0.052470
v -0.150590 0.207047 -0.060033
v -0.155188 0.215297 -0.056820
v -0.154244 0.201831 -0.065805
v -0.162202 0.216806 -0.061928
v -0.162337 0.208093 -0.068058
v -0.172091 0.220251 -0.066219
v -0.144599 0.193127 -0.058331
v -0.133340 0.199974 -0.053898
v -0.130786 0.209004 -0.046571
v -0.145155 0.218441 -0.050914
v -0.004867 0.337473 0.057857
v 0.001720 0.336977 0.068143
v -0.010501 0.339537 0.068838
v 0.003301 0.337843 0.055338
v -0.001494 0.341013 0.046293
v -0.013245 0.344706 0.047444
v -0.019303 0.349545 0.041163
v -0.021842 0.348061 0.061852
v -0.010945 0.342830 0.041907
v -0.026543 0.354690 0.048807
v -0.025831 0.353015 0.036144
v -0.001766 0.338636 0.042682
v -0.003461 0.345717 0.077296
v 0.011580 0.341476 0.060429
v 0.009281 0.345817 0.045843
v -0.034684 0.273379 0.045404
v -0.038828 0.274397 0.053062
v -0.037473 0.263620 0.049947
v -0.038408 0.266752 0.058370
v -0.040621 0.310853 0.029305
v -0.049020 0.317992 0.041907
v -0.044730 0.302836 0.044315
v -0.038808 0.296394 0.036842
v -0.040337 0.289840 0.047420
v -0.033776 0.286528 0.039064
v -0.048915 0.346704 0.032983
v -0.041863 0.321518 0.027478
v -0.042000 0.334798 0.019659
v -0.046482 0.357154 0.019487
v -0.042018 0.350605 0.013256
v -0.046118 0.372350 0.016021
v -0.054982 0.376937 0.026352
v -0.052831 0.354443 0.031350
v -0.038948 0.322107 0.024641
v -0.048370 0.393038 0.021422
v -0.050919 0.420457 0.025893
v -0.042251 0.365762 0.013816
v -0.044901 0.384388 0.018167
v -0.058000 0.373793 0.027064
v -0.058367 0.417375 0.028605
v -0.053613 0.440399 0.030964
v -0.050660 0.438135 0.027968
v -0.045257 0.445537 0.029144
v -0.056286 0.449836 0.033437
v -0.044471 0.456718 0.032677
v -0.171251 -0.434361 -0.019898
v -0.172866 -0.423503 -0.015703
v -0.164174 -0.430635 -0.014090
v -0.176895 -0.430295 -0.023157
v -0.162624 -0.416024 -0.012936
v -0.157949 -0.420892 -0.013561
v -0.148924 -0.413925 -0.010453
v -0.160009 -0.409018 -0.006585
v -0.168726 -0.413024 -0.008963
v -0.176086 -0.435073 -0.031136
v -0.172577 -0.438356 -0.030406
v -0.174958 -0.437162 -0.044815
v 0.068692 0.334439 0.027377
v 0.067280 0.315551 0.022645
v 0.074566 0.320553 0.025855
v 0.061036 0.324625 0.018390
v 0.061588 0.336394 0.017243
v 0.068621 0.345727 0.025122
v 0.060162 0.348003 0.018072
v 0.066343 0.358802 0.022848
v 0.062603 0.368842 0.021518
v 0.054789 0.349809 0.015019
v 0.054824 0.374244 0.019666
v 0.058328 0.383933 0.021803
v 0.053026 0.399413 0.025512
v 0.045786 0.383362 0.012983
v 0.044991 0.396316 0.014272
v 0.045787 0.412593 0.020646
v 0.048754 0.425883 0.026177
v 0.043688 0.425892 0.025278
v 0.048498 0.441761 0.027815
v 0.038274 0.446630 0.027855
v 0.044168 0.452692 0.028167
v 0.036030 0.459576 0.028448
v 0.047180 0.457922 0.027645
v 0.041623 0.471016 0.025709
v 0.054792 0.438592 0.024559
v 0.074013 0.315776 0.019675
v 0.056661 0.428807 0.021949
v -0.156776 0.206411 -0.010739
v -0.149980 0.200547 -0.010529
v -0.159920 0.197731 -0.004283
v -0.164708 0.204223 -0.005083
v -0.140337 0.206359 -0.021308
v -0.147267 0.209262 -0.022613
v -0.137330 0.210393 -0.034862
v -0.166094 0.203971 0.003421
v 0.392360 0.073711 0.022981
v 0.388932 0.071450 0.025693
v 0.390287 0.066151 0.025242
v 0.396742 0.059513 0.023682
v 0.400923 0.069794 0.019429
v 0.395623 0.081564 0.019253
v 0.390039 0.082139 0.022778
v 0.391145 0.088930 0.020953
v 0.405443 0.050994 0.023466
v 0.407940 0.050782 0.017364
v 0.384946 0.075739 0.020360
v 0.399103 0.048821 0.020824
v 0.403038 0.065449 0.014815
v 0.392587 0.087179 0.011527
v 0.392657 0.100975 0.027380
v -0.202954 0.193654 -0.029336
v -0.203575 0.187509 -0.019184
v -0.197341 0.181128 -0.026920
v -0.201367 0.193918 -0.015745
v -0.004628 -0.007620 -0.073344
v 0.003240 -0.005001 -0.073103
v 0.002477 -0.017214 -0.062903
v -0.008296 -0.044996 -0.052222
v -0.010635 -0.061224 -0.038342
v -0.035384 -0.079746 -0.046095
v -0.021665 -0.076586 -0.033734
v 0.002381 -0.037108 -0.045517
v 0.004527 -0.048231 -0.032368
v -0.012336 -0.032817 -0.064620
v -0.027768 -0.054565 -0.059254
v -0.008283 -0.075264 -0.015728
v 0.007026 -0.059361 -0.013501
v 0.005406 -0.066622 -0.001425
v -0.001054 -0.075836 0.004007
v 0.000828 -0.077573 0.013919
v -0.000342 -0.087566 0.022974
v -0.001082 -0.092457 0.030083
v -0.005886 -0.089713 -0.003415
v -0.012500 -0.108386 -0.002885
v -0.010030 -0.107743 0.023678
v -0.022138 -0.126452 -0.006604
v -0.024450 -0.127931 0.021680
v -0.032571 -0.089104 -0.040906
v -0.057203 -0.189997 -0.031946
v -0.046577 -0.182754 -0.026282
v -0.053058 -0.211605 -0.029321
v -0.036604 -0.211020 -0.018357
v -0.036136 -0.176797 -0.015881
v -0.043993 -0.158011 -0.032259
v -0.059749 -0.152200 -0.040651
v -0.045896 -0.129471 -0.039989
v -0.041075 -0.141354 -0.033599
v -0.036173 -0.122312 -0.034812
v -0.046907 -0.110869 -0.049014
v -0.028447 -0.103467 -0.036948
v -0.029447 -0.144834 -0.017408
v -0.022145 -0.119438 -0.016155
v -0.015171 -0.097978 -0.020545
v -0.039589 -0.213741 -0.016403
v -0.035149 -0.213859 -0.008309
v -0.031260 -0.139976 0.003311
v -0.033553 -0.140157 0.024812
v -0.036470 -0.153980 0.020124
v -0.032847 -0.152707 -0.003735
v -0.035465 -0.184519 -0.010865
v -0.039344 -0.181181 0.014481
v -0.039099 -0.198550 0.006155
v -0.042420 -0.216488 0.013019
v -0.045856 -0.199163 0.021148
v -0.051663 -0.216612 0.032381
v -0.047228 -0.156845 0.036701
v -0.038728 -0.139563 0.035236
v -0.061773 -0.214162 0.049176
v -0.060188 -0.194421 0.046694
v -0.055901 -0.181474 0.041835
v -0.056833 -0.163028 0.046444
v -0.055572 -0.147573 0.046556
v -0.029239 -0.126740 0.036096
v -0.044468 -0.122378 0.049902
v -0.009782 -0.103904 0.037976
v -0.000876 -0.091536 0.040602
v -0.001505 -0.083888 0.056943
v -0.019931 -0.102428 0.050372
v -0.065805 -0.134842 0.060236
v -0.078455 -0.160973 0.063642
v -0.064514 -0.116997 0.066377
v -0.078192 -0.179063 0.063392
v -0.072825 -0.197150 0.057438
v -0.051545 -0.101382 0.065446
v -0.073198 -0.211680 0.060803
v -0.035557 -0.088133 0.065273
v -0.018117 -0.081727 0.064078
v -0.002852 -0.074660 0.066641
v 0.397604 0.079836 0.024844
v 0.400588 0.069049 0.030550
v 0.387532 0.081644 0.026843
v 0.407924 0.067394 0.029810
v 0.416046 0.054897 0.033905
v 0.411123 0.054333 0.038110
v 0.390039 0.082139 0.022778
v 0.391145 0.088930 0.020953
v 0.400017 0.087126 0.025609
v 0.406375 0.078539 0.030617
v 0.414289 0.066191 0.034233
v 0.392657 0.100975 0.027380
v 0.420744 0.056330 0.039727
v 0.098497 -0.191413 0.043952
v 0.090707 -0.192633 0.042980
v 0.098100 -0.207177 0.042397
v 0.084723 -0.214710 0.034467
v 0.100760 -0.227090 0.036942
v 0.086489 -0.223750 0.030728
v 0.078439 -0.190019 0.035157
v 0.102522 -0.241772 0.029177
v 0.109857 -0.249728 0.025207
v 0.110880 -0.260926 0.017499
v 0.124877 -0.256083 0.016999
v 0.124626 -0.273418 0.009893
v 0.114406 -0.279193 0.006198
v 0.127157 -0.296662 0.003247
v 0.117047 -0.311461 -0.003080
v 0.133179 -0.336891 -0.003631
v 0.119316 -0.236261 0.027691
v 0.114418 -0.215549 0.035256
v 0.121592 -0.341171 -0.009566
v 0.140684 -0.372296 -0.008083
v 0.132589 -0.375808 -0.012177
v 0.105566 -0.188209 0.041367
v 0.146449 -0.401566 -0.009676
v 0.114015 -0.196577 0.035276
v 0.112932 -0.183498 0.034709
v 0.134448 -0.277167 0.003369
v 0.132903 -0.257843 0.008388
v 0.140231 -0.293238 -0.002622
v 0.146665 -0.338711 -0.009556
v 0.155815 -0.404450 -0.014468
v 0.151090 -0.417054 -0.009276
v 0.160768 -0.422027 -0.013050
v 0.145651 -0.275737 -0.008732
v 0.153988 -0.310064 -0.018897
v 0.127283 -0.232653 0.019700
v 0.145852 -0.427773 -0.009286
v -0.037459 0.124011 -0.088280
v -0.035553 0.118774 -0.088440
v -0.037504 0.118720 -0.093532
v -0.045112 0.131422 -0.096584
v -0.038502 0.133835 -0.086402
v -0.045996 0.145292 -0.085698
v -0.052951 0.145598 -0.092735
v -0.048928 0.158887 -0.085008
v -0.031111 0.116812 -0.086018
v -0.033609 0.126639 -0.087878
v -0.358410 0.109521 0.050324
v -0.353995 0.104028 0.066206
v -0.359317 0.107717 0.064684
v -0.358447 0.099982 0.082028
v -0.347992 0.105413 0.052200
v -0.351832 0.100504 0.082165
v -0.356066 0.106251 0.043093
v -0.354161 0.106689 0.026322
v -0.341620 0.104363 0.038268
v -0.339411 0.106095 0.018641
v -0.347887 0.105094 0.069598
v -0.358322 0.104289 0.091980
v -0.372208 0.108261 0.048454
v -0.341874 0.109938 0.060878
v -0.367248 0.100513 0.042858
v -0.331655 0.110986 0.028355
v -0.334686 0.109778 0.040643
v -0.351246 0.105651 0.089930
v -0.331088 0.117061 0.006883
v -0.362387 0.107385 0.077746
v 0.360252 0.111486 0.067481
v 0.362022 0.104997 0.081108
v 0.356530 0.105237 0.065086
v 0.358983 0.110377 0.052064
v 0.355827 0.101364 0.077093
v 0.348499 0.104434 0.055469
v 0.357548 0.103274 0.091591
v 0.389518 0.097057 0.037529
v 0.399180 0.095139 0.047647
v 0.391037 0.093585 0.045745
v 0.404937 0.086001 0.058057
v 0.387177 0.093874 0.037483
v 0.395445 0.087402 0.059112
v 0.408111 0.078674 0.065139
v 0.011920 0.334369 -0.082971
v 0.016773 0.328765 -0.087719
v 0.012379 0.314315 -0.090013
v 0.018244 0.345586 -0.081917
v 0.008169 0.322611 -0.084049
v 0.005277 0.299688 -0.088110
v 0.010981 0.349226 -0.072916
v 0.015860 0.357178 -0.072949
v 0.021416 0.361270 -0.072786
v 0.021899 0.368389 -0.061243
v 0.024654 0.373263 -0.062873
v 0.020964 0.381854 -0.049546
v 0.026426 0.386001 -0.057651
v 0.010306 0.333665 -0.076817
v 0.017272 0.387760 -0.043779
v 0.019215 0.368267 -0.042095
v 0.005341 0.300249 -0.080612
v 0.021307 0.366906 -0.044055
v 0.010113 0.307594 -0.075658
v 0.008174 0.309639 -0.074229
v 0.020098 0.347523 -0.056428
v 0.017661 0.344165 -0.063029
v 0.014888 0.331067 -0.063435
v 0.010994 0.319590 -0.071120
v 0.018055 0.357077 -0.045061
v -0.142518 -0.429790 -0.010189
v -0.136756 -0.429104 -0.006587
v -0.133642 -0.442053 -0.017731
v -0.138883 -0.423818 -0.003077
v -0.146838 -0.420474 -0.009139
v -0.145856 -0.412594 -0.003004
v -0.148924 -0.413925 -0.010453
v -0.160009 -0.409018 -0.006585
v -0.363105 0.117174 0.049119
v -0.372208 0.108261 0.048454
v -0.358410 0.109521 0.050324
v -0.360018 0.115083 0.052941
v -0.185512 0.239191 -0.055548
v -0.182968 0.240134 -0.066347
v -0.179121 0.231186 -0.061982
v -0.179843 0.232721 -0.067439
v -0.172091 0.220251 -0.066219
v -0.173348 0.220193 -0.063086
v -0.168374 0.219279 -0.072283
v -0.162337 0.208093 -0.068058
v -0.186814 0.245431 -0.051843
v -0.188463 0.244995 -0.059698
v -0.191058 0.251263 -0.047242
v -0.162202 0.216806 -0.061928
v -0.021311 0.074564 -0.073138
v -0.027798 0.078573 -0.079065
v -0.025083 0.075274 -0.084472
v -0.028422 0.080144 -0.072595
v -0.028873 0.081108 -0.087992
v -0.030126 0.095768 -0.077106
v -0.032198 0.099559 -0.082067
v -0.037217 0.092557 -0.084226
v -0.035124 0.087138 -0.081026
v -0.039402 0.090879 -0.087471
v -0.030421 0.107471 -0.080556
v -0.045044 0.103333 -0.086304
v -0.040650 0.111238 -0.080985
v -0.043974 0.113852 -0.082418
v -0.046875 0.104919 -0.087891
v -0.033697 0.080395 -0.084034
v -0.046875 0.104980 -0.087891
v 0.016934 0.438263 0.069335
v -0.001553 0.425987 0.074077
v 0.005672 0.430872 0.070497
v -0.143735 -0.412111 -0.070869
v -0.155080 -0.412996 -0.067706
v -0.140170 -0.410717 -0.063671
v -0.152807 -0.413674 -0.060234
v -0.128880 -0.415531 -0.063807
v -0.132201 -0.411819 -0.059449
v 0.055847 0.346924 -0.051178
v 0.057078 0.351053 -0.044845
v 0.061730 0.346434 -0.049122
v 0.063696 0.352208 -0.044420
v 0.059458 0.358596 -0.031212
v 0.045361 0.345838 -0.046869
v 0.064691 0.361088 -0.030655
v 0.052254 0.351583 -0.039099
v 0.050677 0.343501 -0.052018
v 0.036834 0.336859 -0.057824
v 0.052962 0.362714 -0.026396
v 0.048855 0.334441 -0.059932
v 0.035254 0.329669 -0.064659
v 0.065546 0.331101 -0.061610
v 0.068852 0.314364 -0.075087
v 0.056212 0.340996 -0.051142
v 0.077416 0.328311 -0.061723
v 0.094517 0.320317 -0.064125
v 0.090707 0.311107 -0.072224
v 0.041678 0.362017 -0.032817
v 0.032685 0.348519 -0.049056
v 0.046180 0.312291 -0.076668
v 0.096173 0.330080 -0.050995
v 0.110965 0.312772 -0.062835
v 0.080800 0.335941 -0.047915
v 0.059720 0.341966 -0.047393
v 0.110643 0.323827 -0.049715
v 0.030162 0.313504 -0.074585
v 0.022689 0.323202 -0.071371
v 0.039065 0.369384 -0.029425
v 0.023452 0.336427 -0.066731
v 0.030004 0.356153 -0.044875
v 0.124992 0.313489 -0.050863
v 0.105787 0.301095 -0.070306
v 0.050699 0.370304 -0.024157
v 0.044729 0.375328 -0.021621
v 0.060470 0.371958 -0.022969
v 0.124770 0.292012 -0.063247
v 0.133849 0.292397 -0.057416
v 0.144957 0.279913 -0.057036
v 0.151555 0.285449 -0.045600
v 0.135048 0.305166 -0.045431
v 0.154439 0.271082 -0.057960
v 0.149461 0.262339 -0.064703
v 0.168032 0.253632 -0.067159
v 0.171331 0.262951 -0.056776
v 0.180525 0.250244 -0.061262
v 0.170906 0.268988 -0.047374
v 0.175189 0.244682 -0.067196
v 0.168530 0.243673 -0.071789
v 0.028446 0.344287 -0.060777
v 0.185697 0.254913 -0.050202
v 0.029828 0.365729 -0.041020
v 0.037386 0.368588 -0.034012
v 0.113762 0.328264 -0.034042
v 0.132056 0.315041 -0.033947
v 0.059814 0.346680 -0.050720
v 0.057739 0.345703 -0.053253
v 0.057465 0.345703 -0.053253
v 0.051699 0.436183 -0.022725
v 0.054446 0.423283 -0.024141
v 0.045835 0.447357 -0.028214
v 0.057176 0.416882 -0.021361
v 0.043958 0.458621 -0.022682
v 0.054964 0.398936 -0.024584
v 0.058617 0.377407 -0.022223
v 0.040350 0.436651 -0.029935
v 0.037621 0.449153 -0.031770
v 0.042968 0.414532 -0.027886
v 0.048430 0.412045 -0.025198
v 0.050699 0.370304 -0.024157
v 0.060470 0.371958 -0.022969
v 0.035441 0.466223 -0.022934
v 0.044615 0.410356 -0.024176
v 0.044729 0.375328 -0.021621
v -0.068975 0.357635 -0.024683
v -0.066321 0.341759 -0.026529
v -0.072797 0.346112 -0.023695
v -0.065748 0.354586 -0.029146
v -0.060829 0.341899 -0.032745
v -0.067975 0.338038 -0.024246
v -0.005089 0.488396 -0.034932
v -0.007184 0.479591 -0.041843
v -0.007791 0.478727 -0.045562
v -0.005194 0.476856 -0.033487
v 0.000862 0.481905 -0.028451
v -0.004043 0.494206 -0.022182
v -0.025083 0.075274 -0.084472
v -0.020617 0.081534 -0.084421
v -0.021311 0.074564 -0.073138
v -0.013380 0.075503 -0.069179
v -0.024300 0.072292 -0.071695
v -0.012175 0.092998 -0.081588
v -0.005763 0.074983 -0.064273
v 0.025648 0.090786 -0.059943
v 0.006223 0.074792 -0.058935
v 0.010431 0.110976 -0.078034
v 0.033329 0.110029 -0.062303
v 0.032843 0.119615 -0.068266
v 0.018985 0.126733 -0.077843
v 0.031615 0.138303 -0.077520
v 0.028945 0.074791 -0.053103
v 0.039746 0.080734 -0.053122
v 0.045295 0.092602 -0.057946
v 0.048246 0.075302 -0.053103
v 0.045224 0.118838 -0.070776
v 0.018234 0.257248 -0.080854
v 0.011136 0.227854 -0.083217
v 0.005583 0.240100 -0.082207
v 0.045943 0.238948 -0.088041
v 0.000619 0.265513 -0.075611
v -0.002167 0.293239 -0.070510
v 0.017620 0.299173 -0.075982
v 0.027980 0.294630 -0.080452
v 0.032130 0.256109 -0.084890
v 0.046025 0.278021 -0.086086
v 0.046532 0.296835 -0.082815
v 0.031319 0.214817 -0.085564
v 0.011365 0.197429 -0.082770
v 0.034898 0.174632 -0.082511
v 0.014807 0.165046 -0.079430
v 0.035137 0.153867 -0.081748
v 0.013880 0.150659 -0.079650
v 0.049184 0.196636 -0.084304
v 0.051979 0.154767 -0.082985
v 0.054885 0.170037 -0.084426
v 0.048943 0.217605 -0.086362
v 0.061561 0.261091 -0.086781
v 0.010113 0.307594 -0.075658
v 0.018516 0.308152 -0.076217
v 0.067802 0.285820 -0.084414
v 0.064498 0.297718 -0.082232
v 0.047470 0.140745 -0.079588
v 0.052775 0.134500 -0.079810
v 0.069556 0.237965 -0.084839
v 0.030162 0.313504 -0.074585
v 0.061899 0.195006 -0.082043
v 0.060310 0.177089 -0.084229
v 0.062830 0.150421 -0.092086
v 0.022689 0.323202 -0.071371
v -0.016286 0.222825 -0.088643
v -0.016728 0.197937 -0.086496
v -0.030628 0.222114 -0.089191
v -0.021897 0.244180 -0.086639
v -0.034589 0.256246 -0.086402
v -0.049739 0.243248 -0.087326
v -0.051184 0.284523 -0.086322
v -0.064577 0.278713 -0.085779
v -0.033014 0.189688 -0.085748
v -0.020502 0.173995 -0.085868
v 0.006236 0.175555 -0.082519
v -0.001773 0.160647 -0.084373
v -0.050870 0.181560 -0.083999
v -0.048928 0.158887 -0.085008
v -0.029163 0.151373 -0.087059
v -0.045996 0.145292 -0.085698
v -0.038502 0.133835 -0.086402
v -0.045732 0.214906 -0.087378
v -0.032672 0.294312 -0.082495
v -0.046646 0.303081 -0.083090
v -0.061497 0.235467 -0.085366
v 0.081143 0.273655 -0.082193
v -0.022547 0.155429 -0.088596
v -0.075768 0.299601 -0.080553
v 0.065738 0.212348 -0.081837
v -0.019277 0.271186 -0.080659
v -0.010566 0.141280 -0.090132
v -0.077429 0.252706 -0.082292
v -0.082419 0.286075 -0.081241
v 0.083653 0.299084 -0.078661
v -0.037798 0.303169 -0.081336
v -0.058673 0.208216 -0.083671
v -0.009605 0.254997 -0.081410
v -0.014548 0.301727 -0.072691
v -0.002389 0.309156 -0.069046
v -0.014757 0.320675 -0.066959
v -0.054914 0.163633 -0.083211
v -0.000572 0.322861 -0.064008
v -0.106126 0.301331 -0.071258
v 0.046180 0.312291 -0.076668
v -0.120321 0.289709 -0.068216
v 0.116572 0.284003 -0.067874
v 0.105787 0.301095 -0.070306
v 0.068852 0.314364 -0.075087
v 0.090707 0.311107 -0.072224
v -0.033891 0.312874 -0.077083
v 0.086452 0.251013 -0.078597
v 0.124770 0.292012 -0.063247
v 0.122323 0.275975 -0.067377
v 0.112806 0.263717 -0.067392
v 0.129937 0.243891 -0.066143
v 0.136309 0.255647 -0.065485
v 0.141387 0.268124 -0.062782
v 0.108812 0.249624 -0.064539
v 0.116117 0.234519 -0.063603
v 0.119033 0.221127 -0.062721
v 0.152373 0.250306 -0.070780
v 0.100067 0.265685 -0.072698
v 0.144957 0.279913 -0.057036
v -0.019550 0.131757 -0.095002
v -0.020685 0.142282 -0.093689
v 0.149461 0.262339 -0.064703
v 0.139672 0.231435 -0.072290
v 0.155436 0.231604 -0.075444
v 0.168530 0.243673 -0.071789
v 0.143877 0.212114 -0.074059
v 0.166388 0.233161 -0.071715
v 0.159241 0.223359 -0.072699
v 0.130955 0.203423 -0.070501
v 0.151077 0.216169 -0.073105
v 0.168032 0.253632 -0.067159
v -0.028041 0.121528 -0.092952
v -0.028919 0.112692 -0.092445
v -0.037504 0.118720 -0.093532
v -0.019573 0.117102 -0.091977
v -0.042580 0.114773 -0.095980
v -0.040459 0.100909 -0.093910
v -0.022431 0.100416 -0.087831
v -0.028873 0.081108 -0.087992
v -0.045112 0.131422 -0.096584
v -0.012978 0.335623 -0.059179
v -0.068564 0.310645 -0.076479
v -0.048630 0.311534 -0.079004
v 0.102875 0.241891 -0.063739
v -0.052951 0.145598 -0.092735
v 0.088295 0.238289 -0.075183
v -0.027711 0.323418 -0.069672
v -0.020689 0.337326 -0.062396
v -0.093298 0.310292 -0.070956
v 0.127609 0.229083 -0.067138
v -0.019394 0.348139 -0.057312
v -0.001868 0.339778 -0.054054
v -0.002271 0.350914 -0.048880
v -0.017005 0.361863 -0.053715
v -0.007465 0.373679 -0.050306
v 0.008296 0.354507 -0.044989
v 0.003920 0.365800 -0.042538
v 0.018055 0.357077 -0.045061
v 0.019215 0.368267 -0.042095
v 0.017272 0.387760 -0.043779
v 0.007256 0.386082 -0.044981
v 0.010521 0.334864 -0.057996
v -0.005534 0.382303 -0.049853
v 0.008174 0.309639 -0.074229
v -0.112454 0.312926 -0.062208
v 0.010994 0.319590 -0.071120
v 0.121084 0.203183 -0.064709
v 0.016942 0.397643 -0.048501
v 0.008934 0.404921 -0.049064
v 0.017737 0.419116 -0.049532
v 0.013234 0.426239 -0.050331
v 0.015834 0.440930 -0.047845
v 0.007581 0.451050 -0.045564
v 0.011349 0.457161 -0.041694
v 0.002615 0.465170 -0.039148
v -0.000339 0.449293 -0.046158
v 0.001648 0.434231 -0.053761
v 0.002016 0.418832 -0.054941
v 0.009924 0.469476 -0.035171
v 0.005512 0.477366 -0.033415
v 0.011596 0.477035 -0.033464
v -0.005194 0.476856 -0.033487
v 0.018269 0.467152 -0.038503
v 0.016897 0.481546 -0.031787
v 0.018273 0.456345 -0.043280
v 0.019094 0.447177 -0.047764
v 0.021866 0.465927 -0.036955
v -0.123781 0.301158 -0.063386
v -0.045930 0.317996 -0.074446
v 0.021449 0.456290 -0.041193
v 0.032318 0.454668 -0.042468
v 0.023537 0.441707 -0.045959
v 0.036086 0.445753 -0.044109
v 0.036722 0.428881 -0.048058
v 0.031085 0.471851 -0.033263
v 0.021271 0.477633 -0.029072
v 0.024931 0.424133 -0.055391
v 0.030580 0.414334 -0.057940
v 0.035350 0.461232 -0.036941
v 0.081452 0.211070 -0.071671
v -0.004495 0.465210 -0.042189
v -0.005351 0.457300 -0.048598
v -0.015237 0.455975 -0.051248
v -0.006621 0.446248 -0.055515
v -0.023480 0.449257 -0.057804
v -0.020279 0.440514 -0.061082
v -0.019113 0.430805 -0.064940
v -0.004651 0.437820 -0.059642
v -0.008877 0.419328 -0.063715
v -0.018309 0.415334 -0.068884
v -0.014158 0.396780 -0.071437
v -0.007405 0.408404 -0.067539
v -0.001213 0.433918 -0.062636
v -0.003284 0.408569 -0.066691
v -0.004302 0.400238 -0.068626
v 0.001263 0.423769 -0.064962
v -0.007701 0.398442 -0.067453
v -0.015033 0.467932 -0.043270
v -0.028065 0.448915 -0.060200
v -0.025068 0.461630 -0.056607
v -0.022513 0.468528 -0.053582
v 0.040638 0.420390 -0.047936
v -0.055462 0.323131 -0.068061
v 0.175189 0.244682 -0.067196
v -0.080819 0.319482 -0.065910
v -0.097380 0.317124 -0.063861
v 0.021462 0.435632 -0.053285
v 0.031884 0.400116 -0.056953
v 0.026426 0.386001 -0.057651
v 0.036602 0.391393 -0.052271
v 0.037576 0.379794 -0.051330
v 0.032177 0.368196 -0.056841
v 0.041157 0.401716 -0.049645
v -0.011247 0.476550 -0.034426
v -0.043599 0.323436 -0.069472
v -0.039728 0.328371 -0.067166
v 0.021307 0.366906 -0.044055
v 0.002276 0.386528 -0.048701
v 0.124430 0.195076 -0.064424
v 0.000862 0.481905 -0.028451
v 0.002893 0.493340 -0.023417
v 0.012010 0.482697 -0.026000
v 0.003840 0.400675 -0.053609
v 0.014888 0.331067 -0.063435
v 0.020098 0.347523 -0.056428
v -0.046280 0.106385 -0.090977
v -0.054099 0.333395 -0.054820
v -0.036174 0.333569 -0.062917
v -0.031591 0.340503 -0.059372
v -0.058050 0.329021 -0.059749
v -0.049445 0.121956 -0.090713
v -0.021644 0.477809 -0.047839
v -0.015233 0.482016 -0.044087
v 0.105701 0.236407 -0.054526
v -0.059290 0.334453 -0.062525
v -0.063852 0.330067 -0.068202
v -0.066689 0.333976 -0.063735
v -0.063143 0.347198 -0.048422
v -0.050931 0.339510 -0.046993
v -0.052621 0.344347 -0.037881
v -0.055595 0.359160 -0.034993
v -0.065039 0.367305 -0.037893
v -0.056681 0.366934 -0.030402
v -0.063772 0.384941 -0.033231
v -0.057210 0.378133 -0.029218
v 0.129848 -0.179628 -0.000860
v 0.132755 -0.183919 -0.010079
v 0.129923 -0.181202 0.014058
v 0.122450 -0.177889 -0.011079
v 0.120740 -0.176018 0.002365
v 0.120944 -0.177909 0.023596
v 0.140543 -0.185466 0.032434
v 0.137536 -0.183016 -0.006356
v 0.113438 -0.176577 -0.011569
v 0.120129 -0.188093 -0.027296
v 0.109960 -0.180711 -0.019539
v 0.098437 -0.187009 -0.026160
v 0.108149 -0.189123 -0.033166
v 0.102754 -0.184257 -0.021250
v 0.085228 -0.189929 -0.023699
v 0.096463 -0.192356 -0.031768
v 0.095332 -0.190868 -0.036242
v 0.084855 -0.196984 -0.033460
v 0.071060 -0.202562 -0.032099
v 0.073467 -0.191361 -0.019602
v 0.066473 -0.189011 -0.012707
v 0.054413 -0.207173 -0.023947
v 0.051157 -0.207169 -0.025288
v 0.043241 -0.211310 -0.018311
v 0.052969 -0.203057 -0.014852
v 0.117375 -0.179240 0.022816
v 0.118986 -0.180778 0.033574
v 0.112932 -0.183498 0.034709
v 0.105566 -0.188209 0.041367
v 0.115076 -0.192153 0.051033
v 0.098749 -0.197657 0.052254
v 0.115565 -0.202201 0.072348
v 0.093502 -0.209068 0.071580
v 0.081875 -0.205379 0.053161
v 0.071539 -0.215093 0.062591
v 0.057794 -0.219501 0.050236
v 0.128735 -0.188600 0.047439
v 0.132795 -0.196286 0.064726
v 0.069089 -0.205141 0.041955
v 0.090707 -0.192633 0.042980
v 0.098497 -0.191413 0.043952
v 0.078439 -0.190019 0.035157
v 0.141855 -0.187266 0.042494
v 0.140415 -0.189971 0.054164
v 0.070304 -0.188862 0.024954
v 0.055100 -0.216378 0.036627
v 0.049991 -0.219813 0.036149
v 0.039475 -0.214605 -0.003423
v 0.045340 -0.210694 -0.002379
v 0.039948 -0.213135 -0.010306
v 0.059678 -0.205662 0.027925
v 0.062801 -0.193717 0.017066
v 0.066196 -0.190509 0.017665
v 0.061723 -0.191844 0.001147
v 0.017970 0.306816 -0.079509
v 0.010113 0.307594 -0.075658
v 0.012937 0.298111 -0.080441
v 0.005341 0.300249 -0.080612
v 0.018516 0.308152 -0.076217
v -0.134931 0.208429 -0.048999
v -0.131740 0.212830 -0.038702
v -0.137330 0.210393 -0.034862
v -0.140337 0.206359 -0.021308
v -0.121456 0.226424 -0.021393
v -0.125371 0.221096 -0.041812
v -0.136795 0.214410 -0.010252
v -0.121614 0.231729 -0.006431
v -0.149980 0.200547 -0.010529
v -0.115037 0.231770 -0.021331
v -0.115315 0.239909 0.001118
v -0.112344 0.230956 -0.034933
v -0.113218 0.230487 -0.048136
v -0.130786 0.209004 -0.046571
v -0.122369 0.215361 -0.051173
v -0.133340 0.199974 -0.053898
v -0.146839 0.216649 0.001354
v -0.127761 0.234732 0.002478
v -0.159920 0.197731 -0.004283
v -0.120087 0.251463 0.015470
v -0.166094 0.203971 0.003421
v -0.108971 0.230904 -0.049480
v -0.109574 0.246106 0.009130
v -0.109135 0.235720 -0.007703
v -0.108677 0.254818 0.021198
v -0.109811 0.230945 -0.021700
v -0.132341 0.211719 -0.060755
v 0.388932 0.071450 0.025693
v 0.388280 0.069006 0.032828
v 0.394381 0.060821 0.029691
v 0.392768 0.054020 0.033120
v 0.390287 0.066151 0.025242
v -0.028041 0.121528 -0.092952
v -0.037504 0.118720 -0.093532
v -0.031111 0.116812 -0.086018
v 0.390287 0.066151 0.025242
v 0.392768 0.054020 0.033120
v 0.387025 0.059037 0.032191
v 0.387955 0.068752 0.023133
v 0.394381 0.060821 0.029691
v -0.033609 0.126639 -0.087878
v -0.028041 0.121528 -0.092952
v -0.031111 0.116812 -0.086018
v -0.038502 0.133835 -0.086402
v -0.059146 0.387154 -0.035109
v -0.053394 0.382183 -0.036737
v -0.057210 0.378133 -0.029218
v -0.054803 0.396258 -0.041568
v -0.050240 0.364187 -0.034492
v -0.061250 0.397676 -0.029872
v -0.057490 0.403271 -0.042305
v -0.059154 0.415259 -0.029532
v -0.057171 0.426193 -0.043345
v -0.059896 0.426562 -0.030302
v -0.059875 0.432690 -0.037060
v -0.052565 0.446938 -0.040935
v -0.059724 0.447811 -0.032721
v -0.056681 0.366934 -0.030402
v -0.044272 0.306460 -0.089779
v -0.037798 0.303169 -0.081336
v -0.046646 0.303081 -0.083090
v -0.007791 0.478727 -0.045562
v -0.010998 0.484506 -0.040589
v -0.005089 0.488396 -0.034932
v -0.017336 0.489550 -0.034903
v -0.015233 0.482016 -0.044087
v -0.021355 0.493645 -0.025930
v -0.004043 0.494206 -0.022182
v -0.017823 0.497662 -0.016276
v 0.000424 0.498636 -0.010161
v 0.002893 0.493340 -0.023417
v -0.026023 0.486366 -0.035058
v -0.021644 0.477809 -0.047839
v 0.000862 0.481905 -0.028451
v -0.123045 -0.438927 -0.048265
v -0.127172 -0.445491 -0.033597
v -0.120450 -0.441202 -0.052064
v -0.123565 -0.426177 -0.055764
v -0.128752 -0.423784 -0.052662
v -0.128880 -0.415531 -0.063807
v -0.132201 -0.411819 -0.059449
v -0.128047 -0.441005 -0.044031
v -0.129668 -0.443148 -0.034695
v -0.133642 -0.442053 -0.017731
v -0.135588 -0.438550 -0.020716
v -0.142518 -0.429790 -0.010189
v -0.136756 -0.429104 -0.006587
v -0.136641 -0.443910 -0.005670
v -0.131312 -0.459690 -0.024352
v -0.139001 -0.434294 0.003496
v -0.141327 -0.455175 0.009304
v -0.123545 -0.461631 -0.042261
v -0.126099 -0.478067 -0.038497
v -0.121929 -0.477987 -0.054022
v -0.138141 -0.475945 -0.014616
v -0.143499 -0.478070 0.000529
v -0.138763 -0.483813 -0.011645
v -0.146164 -0.439197 0.017094
v -0.143437 -0.424538 0.013698
v -0.143738 -0.485365 0.003491
v -0.147174 -0.453675 0.025992
v -0.124700 -0.485678 -0.038508
v -0.130379 -0.499973 -0.029676
v -0.124988 -0.500007 -0.045398
v -0.121875 -0.489875 -0.053045
v -0.143064 -0.470246 0.021575
v -0.138883 -0.423818 -0.003077
v -0.138477 -0.499080 -0.016594
v -0.144532 -0.495075 -0.007634
v -0.147903 -0.497524 0.006087
v -0.143624 -0.488140 0.014100
v -0.144149 -0.472105 0.039223
v -0.140461 -0.489443 0.037471
v -0.142637 -0.485027 0.053608
v -0.143431 -0.499866 0.049777
v -0.147409 -0.486650 0.068193
v -0.149933 -0.499752 0.066477
v -0.148963 -0.473911 0.060526
v -0.122602 -0.466351 -0.064381
v -0.144626 -0.417545 0.008585
v -0.124366 -0.487260 -0.063678
v -0.144135 -0.499894 0.027365
v -0.148238 -0.466117 0.043459
v -0.157065 -0.479856 0.081086
v -0.150882 -0.457579 0.036811
v -0.122815 -0.437234 -0.062043
v -0.157302 -0.497184 0.078181
v -0.145856 -0.412594 -0.003004
v -0.127890 -0.499983 -0.062218
v -0.172607 -0.482129 0.092007
v -0.167103 -0.492659 0.086457
v -0.171367 -0.471527 0.091188
v -0.131066 -0.488174 -0.073345
v -0.046875 0.104919 -0.087891
v -0.046280 0.106385 -0.090977
v -0.045044 0.103333 -0.086304
v -0.046875 0.105042 -0.087891
v -0.028873 0.081108 -0.087992
v -0.027798 0.078573 -0.079065
v -0.033697 0.080395 -0.084034
v -0.039402 0.090879 -0.087471
v -0.040459 0.100909 -0.093910
v -0.063852 0.330067 -0.068202
v -0.058050 0.329021 -0.059749
v -0.064957 0.327614 -0.059034
v 0.388280 0.069006 0.032828
v 0.387025 0.059037 0.032191
v 0.392768 0.054020 0.033120
v 0.404937 0.086001 0.058057
v 0.413889 0.079367 0.069403
v 0.408111 0.078674 0.065139
v 0.408500 0.090952 0.062929
v 0.399180 0.095139 0.047647
v 0.393560 0.106587 0.043654
v 0.390340 0.105159 0.036415
v 0.384905 0.110510 0.029027
v 0.389518 0.097057 0.037529
v -0.123045 -0.438927 -0.048265
v -0.128047 -0.441005 -0.044031
v -0.127172 -0.445491 -0.033597
v 0.010736 0.297940 -0.087685
v 0.012937 0.298111 -0.080441
v 0.005341 0.300249 -0.080612
v 0.005277 0.299688 -0.088110
v 0.076744 0.064399 -0.067561
v 0.083692 0.068332 -0.064801
v 0.070788 0.054847 -0.075206
v 0.065595 0.057991 -0.077037
v 0.060050 0.052687 -0.081633
v 0.079119 0.071508 -0.069459
v 0.073483 0.073065 -0.070226
v -0.012538 0.066059 -0.079375
v -0.012529 0.070522 -0.071007
v 0.011390 0.070309 -0.059806
v 0.023524 0.059590 -0.077691
v -0.024300 0.072292 -0.071695
v 0.035763 0.066828 -0.060866
v 0.037886 0.056200 -0.081326
v -0.006308 0.059012 -0.084380
v 0.028945 0.074791 -0.053103
v 0.048246 0.075302 -0.053103
v -0.042851 0.069496 -0.071695
v -0.051414 0.065103 -0.080390
v -0.068816 0.072237 -0.072881
v -0.057942 0.077830 -0.060355
v -0.077382 0.089325 -0.054228
v -0.083499 0.080235 -0.063958
v -0.091344 0.086633 -0.054973
v -0.074554 0.069936 -0.074213
v -0.048414 0.059576 -0.084229
v -0.063497 0.061422 -0.081305
v -0.005763 0.074983 -0.064273
v 0.006223 0.074792 -0.058935
v -0.077919 0.096803 -0.050438
v -0.092767 0.097814 -0.042598
v -0.013380 0.075503 -0.069179
v -0.406871 0.082393 0.082273
v -0.413426 0.081504 0.076592
v -0.410738 0.077045 0.072904
v -0.405775 0.077106 0.074581
v -0.007184 0.479591 -0.041843
v -0.005194 0.476856 -0.033487
v -0.011247 0.476550 -0.034426
v -0.015233 0.482016 -0.044087
v -0.037797 0.121111 -0.084224
v -0.031111 0.116812 -0.086018
v -0.037812 0.114533 -0.085450
v -0.406029 0.051194 0.013538
v -0.400451 0.048580 0.013030
v -0.407407 0.050101 0.020041
v -0.400825 0.050368 0.021138
v -0.037459 0.124011 -0.088280
v -0.031111 0.116812 -0.086018
v -0.037797 0.121111 -0.084224
v 0.384946 0.075739 0.020360
v 0.390039 0.082139 0.022778
v 0.387532 0.081644 0.026843
v -0.041928 0.264326 0.050211
v -0.037473 0.263620 0.049947
v -0.038408 0.266752 0.058370
v -0.386874 0.076992 0.027839
v -0.394334 0.082239 0.021585
v -0.386824 0.076331 0.023938
v -0.387305 0.076040 0.020773
v -0.402170 0.081114 0.027777
v -0.398350 0.075913 0.029030
v -0.402810 0.064683 0.034798
v -0.408889 0.070011 0.030594
v -0.411345 0.055532 0.036071
v -0.415813 0.058405 0.034240
v -0.419439 0.055597 0.038448
v -0.394869 0.073656 0.033382
v -0.037459 0.124011 -0.088280
v -0.037797 0.121111 -0.084224
v -0.037812 0.114533 -0.085450
v -0.035553 0.118774 -0.088440
v -0.035553 0.118774 -0.088440
v -0.037812 0.114533 -0.085450
v -0.031111 0.116812 -0.086018
v 0.329210 0.127643 0.023998
v 0.328747 0.119301 0.009830
v 0.328313 0.121829 0.017289
v 0.331352 0.133089 0.028621
v 0.332328 0.118664 0.040664
v 0.329248 0.115181 0.027247
v 0.334301 0.109316 0.039417
v 0.339693 0.109257 0.051943
v 0.340590 0.112848 0.059812
v 0.351497 0.102318 0.082559
v 0.347309 0.111447 0.072916
v 0.342699 0.120648 0.058734
v 0.351692 0.105546 0.090093
v 0.337441 0.132201 0.035650
v 0.329518 0.141233 0.025884
v 0.317554 0.137340 0.017756
v 0.407940 0.050782 0.017364
v 0.405443 0.050994 0.023466
v 0.404597 0.047445 0.018602
v 0.399103 0.048821 0.020824
v 0.055847 0.346924 -0.051178
v 0.057465 0.345703 -0.053253
v 0.056212 0.340996 -0.051142
v 0.057739 0.345703 -0.053253
v -0.013974 0.424050 0.063108
v -0.022571 0.433953 0.070505
v -0.023855 0.418652 0.065703
v -0.014002 0.430069 0.068482
v -0.006871 0.427604 0.072663
v -0.013041 0.440147 0.072013
v -0.001553 0.425987 0.074077
v 0.001871 0.442333 0.071955
v -0.008373 0.454803 0.068316
v 0.016934 0.438263 0.069335
v 0.011819 0.454457 0.065587
v 0.001273 0.466376 0.061210
v -0.004590 0.417874 0.078920
v 0.139062 -0.408677 -0.063220
v 0.129447 -0.413578 -0.065109
v 0.129920 -0.417100 -0.055663
v 0.147066 -0.412378 -0.005524
v 0.151090 -0.417054 -0.009276
v 0.145852 -0.427773 -0.009286
v 0.139044 -0.423597 -0.005848
v 0.157725 -0.409875 -0.006941
v 0.160768 -0.422027 -0.013050
v 0.140260 -0.434197 -0.014369
v 0.132269 -0.436797 -0.015093
v 0.136237 -0.420529 0.000171
v 0.166250 -0.411791 -0.006113
v 0.135796 -0.437202 -0.020893
v 0.129277 -0.441492 -0.025084
v 0.145980 -0.412223 0.002960
v 0.140109 -0.418009 0.008105
v 0.129959 -0.436933 -0.035453
v 0.124258 -0.439623 -0.038236
v 0.128707 -0.432153 -0.043524
v 0.123197 -0.432112 -0.046708
v 0.123256 -0.424164 -0.056499
v 0.017746 0.430340 0.067306
v 0.008083 0.424367 0.063762
v 0.017156 0.419677 0.066280
v -0.117186 -0.087507 0.056438
v -0.108275 -0.083747 0.064119
v -0.115022 -0.083643 0.065663
v -0.010998 0.484506 -0.040589
v -0.007184 0.479591 -0.041843
v -0.015233 0.482016 -0.044087
v 0.353804 0.109442 0.090167
v 0.351692 0.105546 0.090093
v 0.357548 0.103274 0.091591
v 0.341597 0.103548 0.038933
v 0.339693 0.109257 0.051943
v 0.334301 0.109316 0.039417
v 0.348499 0.104434 0.055469
v 0.358602 0.103321 0.042131
v 0.358983 0.110377 0.052064
v 0.351497 0.102318 0.082559
v 0.335521 0.106877 0.026917
v 0.329248 0.115181 0.027247
v 0.333765 0.109078 0.012804
v 0.328313 0.121829 0.017289
v 0.328747 0.119301 0.009830
v 0.332030 0.117975 0.001007
v 0.347500 0.104339 0.025939
v 0.355827 0.101364 0.077093
v 0.357548 0.103274 0.091591
v 0.371516 0.104537 0.047425
v 0.343908 0.101277 0.000294
v 0.337457 0.119105 -0.005103
v 0.320183 0.129044 -0.010289
v 0.351327 0.101151 -0.004176
v 0.368230 0.085396 -0.002500
v 0.317543 0.127531 0.007174
v 0.300874 0.131620 -0.005556
v 0.347946 0.094770 0.011231
v 0.294428 0.140753 0.002876
v 0.278784 0.140303 -0.007946
v 0.285099 0.137960 -0.017090
v 0.261752 0.145549 -0.017915
v 0.272726 0.146568 -0.028478
v 0.255535 0.153410 -0.031330
v 0.239406 0.154969 -0.009140
v 0.261684 0.156480 -0.040256
v 0.242476 0.161187 -0.042757
v 0.273755 0.150152 0.001883
v 0.300552 0.138250 -0.019335
v 0.298941 0.146121 0.011595
v 0.317554 0.137340 0.017756
v 0.236096 0.161475 -0.036166
v 0.227506 0.160631 -0.031232
v 0.232631 0.154875 -0.020066
v 0.362572 0.086613 0.001145
v 0.237394 0.166940 -0.048939
v 0.308694 0.129772 -0.008791
v 0.381393 0.092740 0.035132
v 0.368442 0.096523 0.032082
v 0.380037 0.087502 0.025804
v 0.377652 0.081051 0.014714
v 0.360456 0.092545 0.020094
v 0.351692 0.105546 0.090093
v 0.388937 0.079823 0.034155
v 0.387532 0.081644 0.026843
v 0.382339 0.096724 0.044768
v 0.384430 0.098784 0.050827
v 0.391037 0.093585 0.045745
v 0.395445 0.087402 0.059112
v 0.396454 0.088557 0.068174
v 0.406719 0.077661 0.075295
v 0.387177 0.093874 0.037483
v 0.407123 0.083780 0.081223
v 0.412014 0.083351 0.078773
v 0.408111 0.078674 0.065139
v 0.413889 0.079367 0.069403
v 0.240336 0.164976 0.001624
v 0.209163 0.175119 -0.045770
v 0.213244 0.181310 -0.054488
v 0.197201 0.176560 -0.035297
v 0.193758 0.190859 -0.059691
v 0.186862 0.184887 -0.048820
v 0.175345 0.189829 -0.035639
v 0.179466 0.189168 -0.025879
v 0.194645 0.182093 -0.025497
v 0.191145 0.189028 -0.018926
v 0.185629 0.192008 -0.010445
v 0.201314 0.190961 -0.015941
v 0.172157 0.194846 -0.048552
v 0.146835 0.213267 -0.033558
v 0.154300 0.211379 -0.048252
v 0.140362 0.217217 -0.044170
v 0.149688 0.210846 -0.023283
v 0.154921 0.208700 -0.014254
v 0.145355 0.217958 -0.053647
v 0.164732 0.210127 -0.057823
v 0.169411 0.197125 -0.018872
v 0.176780 0.200496 -0.060985
v 0.169396 0.199434 -0.001002
v 0.285861 0.150511 0.007996
v 0.227630 0.162164 -0.009987
v 0.226846 0.175079 -0.000501
v 0.212590 0.169274 -0.024184
v 0.159457 0.207789 -0.002664
v 0.168342 0.207364 0.003990
v 0.356781 0.102827 0.028830
v 0.370167 0.081992 0.008280
v 0.210415 0.179320 -0.017644
v 0.398203 0.068709 0.038132
v 0.400588 0.069049 0.030550
v 0.411123 0.054333 0.038110
v 0.407766 0.058315 0.042332
v 0.415903 0.058018 0.045336
v 0.420744 0.056330 0.039727
v 0.416046 0.054897 0.033905
v 0.403157 0.070240 0.042390
v 0.341541 0.101930 0.016101
v 0.372376 0.076240 0.004028
v 0.375107 0.073348 -0.001111
v 0.377341 0.066274 0.003875
v 0.379056 0.054584 0.002030
v 0.383763 0.051441 0.004846
v 0.380868 0.054148 -0.002670
v 0.387943 0.051791 -0.001670
v 0.388699 0.051240 0.003371
v 0.381038 0.071592 0.007050
v 0.347946 0.094770 0.011231
v 0.370167 0.081992 0.008280
v 0.360456 0.092545 0.020094
v 0.341541 0.101930 0.016101
v 0.317543 0.127531 0.007174
v 0.328747 0.119301 0.009830
v 0.329210 0.127643 0.023998
v 0.317554 0.137340 0.017756
v 0.370167 0.081992 0.008280
v 0.381277 0.082077 0.007277
v 0.377652 0.081051 0.014714
v 0.387514 0.073002 0.009867
v 0.300552 0.138250 -0.019335
v 0.320183 0.129044 -0.010289
v 0.308694 0.129772 -0.008791
v -0.168382 -0.434547 0.010163
v -0.177502 -0.446047 0.017365
v -0.166095 -0.436608 0.017060
v -0.176190 -0.439157 0.006004
v -0.180591 -0.449711 0.022850
v -0.171714 -0.449729 0.033512
v -0.183031 -0.449116 0.011594
v -0.179135 -0.438752 -0.005350
v -0.191849 -0.461033 0.000299
v -0.193527 -0.461610 0.013302
v -0.201627 -0.473029 0.003831
v -0.207955 -0.474680 0.016101
v -0.197090 -0.464979 0.028490
v -0.213158 -0.475231 0.041898
v -0.193308 -0.463700 0.043427
v -0.209609 -0.472834 0.063268
v -0.214597 -0.479023 0.061028
v -0.218251 -0.484609 0.039965
v -0.205626 -0.471508 0.079199
v -0.196663 -0.465123 0.071612
v -0.215812 -0.482399 0.026252
v -0.184917 -0.451998 -0.016111
v -0.180910 -0.443060 -0.023121
v -0.180215 -0.434737 -0.012223
v -0.179054 -0.430339 0.002611
v -0.184991 -0.465184 -0.028215
v -0.176895 -0.430295 -0.023157
v -0.205930 -0.484260 0.002390
v -0.177368 -0.457404 -0.048335
v -0.174147 -0.440548 -0.052949
v -0.174958 -0.437162 -0.044815
v -0.169612 -0.430827 -0.060107
v -0.173968 -0.476119 -0.056379
v -0.188012 -0.481459 -0.026925
v -0.168197 -0.427253 -0.056608
v -0.171965 -0.489306 -0.061416
v -0.178154 -0.499828 -0.043761
v -0.184766 -0.498584 -0.025232
v -0.187322 -0.495250 -0.020636
v -0.196139 -0.484401 -0.012854
v -0.166077 -0.469185 -0.070971
v -0.167266 -0.431415 -0.050057
v -0.171527 -0.434972 -0.038797
v -0.172577 -0.438356 -0.030406
v -0.169862 -0.499950 -0.062193
v -0.159193 -0.422698 -0.056830
v -0.155892 -0.499106 -0.076038
v -0.162222 -0.418014 -0.063191
v -0.184114 -0.455085 0.027103
v -0.172610 -0.421330 -0.004877
v -0.172866 -0.423503 -0.015703
v -0.168726 -0.413024 -0.008963
v -0.160777 -0.485146 -0.074720
v -0.185012 -0.460821 0.057515
v -0.185912 -0.461392 0.087600
v -0.176273 -0.460891 0.076329
v -0.172363 -0.458024 0.053550
v -0.163556 -0.429164 -0.067071
v -0.196529 -0.466008 0.090528
v -0.214396 -0.498261 0.029064
v -0.208071 -0.500035 0.012358
v -0.214520 -0.499941 0.040615
v -0.155080 -0.412996 -0.067706
v -0.187713 -0.466230 0.095519
v -0.212273 -0.485290 0.014276
v -0.180212 -0.456420 0.039101
v -0.152807 -0.413674 -0.060234
v -0.195093 -0.499145 -0.008397
v -0.192735 -0.468751 -0.010890
v -0.169250 -0.452741 0.039539
v -0.176086 -0.435073 -0.031136
v -0.174958 -0.437162 -0.044815
v -0.180910 -0.443060 -0.023121
v -0.176895 -0.430295 -0.023157
v -0.212273 -0.485290 0.014276
v -0.205930 -0.484260 0.002390
v -0.208071 -0.500035 0.012358
v -0.195093 -0.499145 -0.008397
v 0.388932 0.071450 0.025693
v 0.387955 0.068752 0.023133
v 0.387025 0.059037 0.032191
v 0.388280 0.069006 0.032828
v 0.384946 0.075739 0.020360
v 0.385353 0.069645 0.014358
v 0.392361 0.054892 0.016908
v 0.377652 0.081051 0.014714
v 0.387532 0.081644 0.026843
v 0.390287 0.066151 0.025242
v 0.387955 0.068752 0.023133
v 0.392361 0.054892 0.016908
v 0.396742 0.059513 0.023682
v 0.399103 0.048821 0.020824
v -0.385893 0.066490 0.026201
v -0.386874 0.076992 0.027839
v -0.387207 0.057635 0.034111
v -0.386824 0.076331 0.023938
v -0.389401 0.066310 0.034572
v -0.388733 0.056398 0.029528
v -0.393153 0.063061 0.030847
v -0.386824 0.076331 0.023938
v -0.385893 0.066490 0.026201
v -0.388733 0.056398 0.029528
v -0.392793 0.057048 0.035267
v -0.389401 0.066310 0.034572
v -0.392793 0.057048 0.035267
v -0.387207 0.057635 0.034111
v -0.389401 0.066310 0.034572
v -0.390433 0.071775 0.030104
v -0.392793 0.057048 0.035267
v -0.393153 0.063061 0.030847
v -0.386874 0.076992 0.027839
v -0.386824 0.076331 0.023938
v -0.388733 0.056398 0.029528
v -0.387207 0.057635 0.034111
v -0.392793 0.057048 0.035267
f 3423 3421 3420
f 3025 3020 3024
f 3020 3021 3022
f 3022 3024 3020
f 2950 2954 2951
f 2950 2964 2954
f 1 2 1
f 3 4 1
f 1 3 1
f 3722 3723 3666
f 3723 3724 3666
f 3508 3510 3502
f 3256 3249 3253
f 3249 3250 3253
f 3246 3249 3256
f 4479 4478 4477
f 4479 4477 4480
f 1565 1572 1577
f 1565 1571 1572
f 4440 4437 4442
f 3507 3508 3501
f 3255 3246 3256
f 3249 3248 3250
f 4479 4482 4478
f 4221 4219 4218
f 4218 4219 4220
f 3193 3194 3198
f 3417 3409 3414
f 3409 3413 3414
f 4325 4326 4327
f 3255 3247 3246
f 3246 3247 3248
f 3246 3248 3249
f 4222 4221 4218
f 1564 1571 1565
f 3409 3408 3413
f 3408 3416 3413
f 3506 3507 3498
f 3254 3255 3258
f 3254 3247 3255
f 1562 1564 1565
f 4223 4221 4222
f 3197 3189 3193
f 3193 3192 3194
f 1851 1852 1850
f 3410 3409 3417
f 3418 3410 3417
f 3409 3410 3405
f 3409 3405 3408
f 4598 4597 4599
f 3247 3251 3248
f 4438 4475 4482
f 3189 3192 3193
f 3418 3412 3410
f 3412 3411 3410
f 3411 3405 3410
f 3405 3406 3407
f 3405 3407 3408
f 4097 4098 4099
f 3252 3247 3254
f 3252 3251 3247
f 4098 4100 4099
f 4224 4223 4222
f 4224 4222 4226
f 1845 1876 1846
f 1850 1848 1849
f 1850 1849 1851
f 3419 3412 3418
f 1574 1559 1576
f 3411 3415 3405
f 3405 3415 3406
f 3257 3252 3254
f 1558 1563 1559
f 4424 4430 4438
f 4215 4216 4217
f 1562 1561 1564
f 3215 3196 3197
f 3196 3190 3197
f 3197 3190 3189
f 3189 3190 3191
f 1844 1843 1845
f 1844 1845 1846
f 3181 3182 3183
f 3181 3185 3186
f 3181 3183 3185
f 3185 3183 3187
f 1556 1559 1574
f 1558 1561 1562
f 1842 1843 1844
f 1841 1848 1843
f 3184 3182 3181
f 4492 4486 4488
f 4488 4486 4487
f 1575 1556 1574
f 4426 4427 4431
f 1558 1556 1557
f 1557 1561 1558
f 3190 3195 3191
f 4473 4484 4492
f 3182 3188 3183
f 4484 4486 4492
f 1554 1556 1555
f 1554 1557 1556
f 3196 3195 3190
f 1839 1841 1842
f 3215 3211 3196
f 1555 1553 1554
f 3214 3211 3215
f 1557 1560 1561
f 4396 4385 4384
f 3211 3213 3196
f 3213 3199 3196
f 3196 3199 3195
f 1554 1560 1557
f 1554 1552 1560
f 4425 4472 4428
f 3234 3212 3209
f 3234 3209 3245
f 3209 3236 3245
f 3209 3200 3236
f 1553 1552 1554
f 3214 3207 3211
f 3213 3212 3199
f 3577 3579 3580
f 3212 3234 3199
f 3578 3581 3579
f 3203 3200 3209
f 3212 3203 3209
f 3207 3205 3211
f 3203 3213 3211
f 3211 3205 3203
f 3213 3203 3212
f 3205 3204 3203
f 3203 3204 3201
f 4319 4318 4321
f 3207 3206 3205
f 3205 3206 3204
f 4319 4317 4318
f 1553 1547 1552
f 1552 1569 1560
f 3214 3210 3207
f 1566 1547 1553
f 3207 3208 3206
f 1552 1551 1569
f 3210 3208 3207
f 4323 4312 4322
f 1547 1551 1552
f 3210 3217 3216
f 3210 3216 3208
f 4312 4324 4309
f 591 590 592
f 592 590 615
f 1546 1543 1547
f 1547 1543 1548
f 1547 1548 1551
f 1541 1548 1543
f 3217 3218 3216
f 590 616 615
f 1542 1543 1545
f 1541 1550 1548
f 3219 3217 3220
f 3219 3218 3217
f 591 583 590
f 3221 3219 3220
f 583 586 590
f 590 586 616
f 1542 1539 1541
f 1541 1540 1550
f 3219 3237 3218
f 583 581 586
f 4406 4408 4407
f 3221 3222 3219
f 3222 3237 3219
f 582 581 583
f 1539 1538 1540
f 581 613 586
f 1544 1550 1540
f 3221 3223 3222
f 1538 1539 1537
f 1540 1538 1544
f 1544 1570 1550
f 1538 1536 1544
f 582 580 581
f 584 580 582
f 1537 1536 1538
f 1549 1570 1544
f 581 588 613
f 1536 1549 1544
f 3223 3224 3222
f 580 579 581
f 1536 1533 1549
f 584 578 580
f 3223 3225 3224
f 587 578 584
f 578 579 580
f 579 588 581
f 1536 1535 1533
f 3223 3226 3225
f 3225 3235 3224
f 587 576 578
f 578 577 579
f 4443 4468 4467
f 4443 4467 4411
f 577 585 579
f 579 585 588
f 1534 1533 1535
f 1534 1528 1533
f 1533 1568 1549
f 3227 3228 3225
f 3226 3227 3225
f 585 589 588
f 1528 1527 1533
f 1533 1527 1568
f 3225 3228 3235
f 576 572 577
f 577 574 585
f 576 575 572
f 572 574 577
f 1230 1239 1236
f 1230 1231 1239
f 1231 1247 1239
f 1528 1531 1526
f 1526 1527 1528
f 1527 1567 1568
f 3227 3229 3228
f 1228 1230 1236
f 1228 1229 1230
f 1229 1232 1231
f 1229 1231 1230
f 1232 1233 1231
f 1233 1235 1231
f 1231 1235 1247
f 1247 1266 1239
f 4474 4451 4469
f 3229 3230 3228
f 574 603 604
f 575 571 572
f 572 573 574
f 1227 1228 1248
f 1228 1236 1248
f 1228 1205 1229
f 1244 1235 1233
f 1526 1529 1527
f 4454 4451 4474
f 574 573 603
f 571 567 572
f 572 567 573
f 1253 1232 1229
f 1253 1259 1232
f 1232 1259 1233
f 1903 1900 1904
f 1244 1254 1235
f 1235 1254 1247
f 1531 1532 1526
f 1526 1530 1529
f 1529 1567 1527
f 4454 4452 4451
f 3229 3231 3230
f 1205 1207 1229
f 1207 1253 1229
f 1233 1259 1244
f 1244 1259 1255
f 1255 1254 1244
f 573 609 603
f 3231 3233 3230
f 571 562 567
f 567 568 573
f 1205 1227 1209
f 1209 1248 1220
f 1201 1207 1205
f 1207 1216 1253
f 1897 1899 1900
f 568 609 573
f 567 565 568
f 1216 1263 1253
f 1263 1259 1253
f 2595 2594 2598
f 2598 2594 2597
f 1897 1898 1899
f 2597 2587 2593
f 1255 1275 1254
f 1897 1902 1898
f 1578 1573 1529
f 1529 1573 1567
f 1206 1220 1219
f 1202 1209 1206
f 1209 1220 1206
f 3232 3238 3231
f 3232 3231 3229
f 1202 1195 1205
f 1202 1205 1209
f 1195 1201 1205
f 562 564 567
f 1201 1200 1207
f 1207 1200 1216
f 2596 2595 2598
f 2594 2587 2597
f 1581 1578 1530
f 1578 1529 1530
f 1218 1206 1219
f 1578 1579 1573
f 1195 1202 1193
f 3238 3240 3239
f 1195 1196 1201
f 3238 3239 3233
f 3238 3233 3231
f 567 564 565
f 2594 2580 2587
f 2587 2585 2593
f 1855 1868 1856
f 3712 3711 3717
f 2667 2665 2666
f 1218 1219 1226
f 1582 1579 1581
f 1193 1202 1203
f 1203 1202 1206
f 1203 1206 1217
f 1217 1206 1218
f 1193 1194 1195
f 1194 1196 1195
f 562 561 536
f 562 536 564
f 1199 1200 1196
f 1196 1200 1201
f 1200 1199 1215
f 1215 1216 1200
f 2599 2579 2596
f 2595 2577 2594
f 2594 2577 2580
f 1901 1906 1899
f 1898 1901 1899
f 1902 1910 1907
f 1902 1907 1898
f 1898 1907 1901
f 1221 1217 1218
f 1221 1218 1226
f 1189 1193 1192
f 1192 1193 1203
f 1189 1194 1193
f 1579 1580 1573
f 1607 1609 1573
f 1194 1211 1197
f 1197 1196 1194
f 561 542 536
f 564 540 565
f 565 566 568
f 566 602 568
f 1197 1198 1196
f 540 566 565
f 1198 1199 1196
f 1197 1214 1198
f 2573 2579 2599
f 2579 2575 2596
f 2596 2577 2595
f 2596 2575 2577
f 3710 3712 3714
f 1210 1192 1203
f 1210 1203 1222
f 1222 1203 1217
f 1221 1226 1246
f 1190 1189 1191
f 1191 1189 1192
f 1160 1194 1189
f 1580 1607 1573
f 1194 1180 1211
f 536 535 564
f 564 535 540
f 1197 1213 1214
f 1214 1215 1199
f 2563 2572 2573
f 2572 2579 2573
f 2580 2581 2585
f 1191 1192 1210
f 1190 1159 1189
f 1159 1151 1160
f 1159 1160 1189
f 1151 1166 1160
f 1580 1608 1607
f 3240 3241 3239
f 1212 1213 1197
f 1212 1197 1211
f 4470 4465 4471
f 542 533 536
f 536 533 535
f 2563 2565 2572
f 2579 2578 2575
f 2575 2576 2577
f 2576 2581 2580
f 1901 1908 1906
f 1907 1908 1901
f 1242 1210 1245
f 1245 1210 1222
f 1250 1221 1246
f 2658 2656 2657
f 1242 1191 1210
f 1222 1217 1250
f 1250 1217 1221
f 1208 1190 1191
f 1208 1224 1190
f 1190 1224 1159
f 1582 1583 1579
f 1158 1151 1159
f 1579 1591 1580
f 1166 1180 1160
f 3240 3242 3241
f 533 534 535
f 535 539 540
f 2572 2571 2592
f 2572 2592 2579
f 2575 2578 2576
f 3876 3870 3862
f 2656 2655 2657
f 1208 1191 1242
f 1224 1158 1159
f 1583 1584 1579
f 1149 1150 1151
f 1149 1151 1158
f 1152 1153 1150
f 1152 1150 1149
f 1153 1167 1150
f 1150 1167 1165
f 1165 1151 1150
f 1584 1591 1579
f 1165 1166 1151
f 1591 1608 1580
f 1165 1185 1166
f 1166 1184 1180
f 2566 2567 2564
f 542 543 533
f 2566 2564 2561
f 2561 2562 2563
f 2563 2562 2565
f 2579 2592 2578
f 2576 2583 2581
f 2581 2590 2588
f 1257 1242 1245
f 1242 1260 1208
f 2656 2648 2655
f 2648 2654 2655
f 1208 1252 1224
f 1251 1149 1158
f 1251 1158 1252
f 1252 1158 1224
f 1154 1153 1152
f 1154 1155 1153
f 1155 1168 1153
f 1168 1167 1153
f 1167 1185 1165
f 1185 1184 1166
f 3540 3541 3542
f 3242 3244 3243
f 3242 3243 3241
f 535 537 539
f 2564 2562 2561
f 2582 2583 2576
f 1260 1252 1208
f 1234 1154 1243
f 1156 1157 1155
f 1156 1155 1154
f 1584 1587 1591
f 1157 1168 1155
f 1168 1187 1167
f 1167 1187 1185
f 3539 3533 3540
f 1591 1618 1608
f 1591 1597 1618
f 2567 2568 2564
f 2569 2574 2571
f 2571 2591 2592
f 2592 2591 2578
f 2578 2586 2584
f 2578 2584 2582
f 2648 2647 2654
f 1260 1273 1252
f 1252 1273 1251
f 1234 1156 1154
f 1583 1585 1584
f 1161 1157 1156
f 1161 1162 1157
f 1162 1174 1157
f 1174 1168 1157
f 1587 1597 1591
f 3544 3538 3539
f 3540 3533 3541
f 4353 4349 4361
f 533 532 534
f 2564 2568 2562
f 2562 2569 2565
f 2571 2574 2591
f 2582 2584 2589
f 2582 2589 2583
f 1274 1251 1273
f 1238 1234 1249
f 1238 1156 1234
f 1238 1161 1156
f 4456 4459 4458
f 1161 1163 1162
f 2672 2673 2671
f 998 1003 1017
f 3539 3530 3533
f 3543 3538 3544
f 1597 1619 1618
f 4349 4357 4361
f 534 538 537
f 4361 4357 4362
f 543 610 531
f 543 531 533
f 2568 2570 2562
f 1647 1655 1656
f 2677 2654 2652
f 3704 3706 3705
f 3706 3704 3707
f 2649 2650 2647
f 1585 1586 1584
f 1163 1161 1237
f 1586 1587 1584
f 1163 1164 1162
f 3530 3531 3533
f 1162 1173 1174
f 3524 3526 3539
f 3539 3526 3530
f 4349 4352 4357
f 611 528 531
f 611 531 610
f 532 538 534
f 1671 1654 1643
f 1671 1643 1672
f 56 64 59
f 1643 1642 1669
f 1672 1643 1669
f 59 64 68
f 68 69 67
f 68 77 69
f 1946 1947 1962
f 2647 2651 2652
f 2647 2652 2654
f 2650 2653 2651
f 2647 2650 2651
f 2650 2671 2653
f 1586 1588 1587
f 1163 1240 1164
f 1588 1597 1587
f 994 997 998
f 998 997 1003
f 1164 1169 1162
f 1169 1173 1162
f 4352 4356 4357
f 3539 3538 3524
f 1173 1181 1174
f 3543 3537 3536
f 3543 3536 3538
f 1433 1426 1430
f 57 56 59
f 57 59 60
f 1648 1640 1654
f 533 531 532
f 1654 1640 1643
f 59 67 60
f 65 64 54
f 54 64 56
f 59 68 67
f 65 171 64
f 64 171 68
f 68 175 174
f 68 174 77
f 1240 1163 1237
f 4363 4360 4359
f 1003 1002 1004
f 4359 4360 4356
f 1592 1597 1588
f 1426 1417 1425
f 61 57 60
f 1164 1170 1169
f 1597 1613 1619
f 55 56 57
f 3536 3524 3538
f 54 56 55
f 3537 3522 3536
f 595 528 611
f 532 541 538
f 531 529 532
f 170 171 65
f 170 189 171
f 171 175 68
f 175 211 174
f 211 77 174
f 619 552 491
f 3854 3858 3857
f 4347 4367 4348
f 2651 2660 2652
f 4348 4367 4365
f 4365 4367 4366
f 3698 3721 3707
f 4365 4366 4364
f 4365 4364 4363
f 1225 1164 1240
f 4363 4364 4360
f 1586 1589 1588
f 1225 1188 1164
f 58 57 63
f 63 57 61
f 1188 1170 1164
f 3530 3529 3531
f 58 55 57
f 3526 3529 3530
f 1592 1613 1597
f 1188 1171 1170
f 53 54 55
f 1171 1169 1170
f 3536 3522 3524
f 3537 3521 3522
f 532 529 541
f 1169 1176 1173
f 1173 1176 1181
f 528 526 531
f 526 529 531
f 71 73 72
f 71 167 73
f 171 189 175
f 1632 1638 1635
f 1636 1635 1637
f 1589 1592 1588
f 994 993 997
f 58 53 55
f 52 54 53
f 52 62 54
f 70 71 72
f 1171 1172 1169
f 1169 1172 1176
f 62 65 54
f 3545 3527 3521
f 62 66 65
f 71 162 167
f 66 164 65
f 164 170 65
f 170 191 189
f 553 476 552
f 552 476 485
f 552 485 491
f 485 474 491
f 3698 3720 3721
f 1265 1225 1240
f 1586 1590 1589
f 1225 1204 1188
f 990 993 994
f 74 53 58
f 1182 1188 1204
f 3525 3529 3526
f 3524 3525 3526
f 48 52 53
f 1433 1432 1426
f 1182 1171 1188
f 1436 1432 1433
f 47 26 70
f 3521 3520 3522
f 26 71 70
f 1176 1172 1186
f 3528 3527 3545
f 162 193 167
f 164 190 170
f 193 202 167
f 170 190 191
f 510 476 553
f 3698 3692 3720
f 2055 2073 2068
f 4014 4021 4020
f 990 991 993
f 48 53 49
f 48 51 52
f 1179 1178 1182
f 3524 3523 3525
f 46 47 70
f 1178 1171 1182
f 3522 3523 3524
f 559 525 595
f 595 525 528
f 529 544 541
f 1178 1177 1171
f 528 525 526
f 526 525 524
f 524 527 526
f 529 526 527
f 529 527 544
f 3527 3519 3521
f 26 27 71
f 1177 1175 1171
f 1171 1175 1172
f 1175 1183 1172
f 1172 1183 1186
f 27 162 71
f 27 193 162
f 202 190 164
f 485 475 474
f 3692 3698 3689
f 1590 1593 1589
f 1241 1204 1225
f 1589 1610 1592
f 1241 1223 1204
f 989 988 990
f 1179 1182 1204
f 1223 1179 1204
f 1592 1621 1613
f 1436 1437 1432
f 25 27 26
f 24 25 26
f 3521 3519 3520
f 4036 4037 4038
f 27 196 193
f 510 497 476
f 476 475 485
f 974 985 984
f 4021 4022 4020
f 2074 2072 2070
f 1589 1593 1610
f 988 991 990
f 987 988 989
f 1592 1610 1621
f 24 22 25
f 3527 3515 3519
f 25 180 27
f 3535 3532 3534
f 3534 3532 3528
f 3528 3515 3527
f 180 25 157
f 180 196 27
f 499 489 500
f 489 480 486
f 489 486 497
f 497 486 476
f 3692 3688 3720
f 4023 4022 4026
f 4021 4024 4022
f 45 46 48
f 35 47 46
f 35 26 47
f 987 996 988
f 28 21 24
f 1005 996 987
f 559 523 525
f 544 548 617
f 21 22 24
f 3515 3518 3519
f 22 157 25
f 501 488 498
f 501 498 499
f 499 498 489
f 3692 3683 3688
f 181 130 176
f 181 140 130
f 140 134 130
f 1590 1595 1594
f 1590 1594 1593
f 182 153 140
f 988 992 991
f 182 184 153
f 35 46 45
f 45 48 49
f 30 28 26
f 30 26 33
f 33 26 35
f 184 214 168
f 184 168 153
f 14 15 18
f 18 21 23
f 23 21 28
f 559 597 523
f 15 20 18
f 18 20 21
f 1005 1007 996
f 17 19 15
f 525 523 524
f 15 19 20
f 20 22 21
f 527 548 544
f 20 157 22
f 3511 3513 3532
f 3532 3513 3528
f 3528 3513 3515
f 209 196 157
f 157 196 180
f 476 471 475
f 471 473 474
f 475 471 474
f 176 130 131
f 1595 1596 1594
f 130 134 124
f 140 135 134
f 134 135 124
f 12 14 29
f 29 23 30
f 23 28 30
f 140 153 135
f 12 13 14
f 14 18 29
f 29 18 23
f 13 15 14
f 1610 1622 1621
f 13 17 15
f 214 195 168
f 524 530 527
f 19 172 169
f 19 169 20
f 3515 3516 3518
f 20 169 157
f 169 203 157
f 203 209 157
f 501 483 488
f 498 488 489
f 489 488 480
f 480 466 486
f 486 466 476
f 466 467 476
f 476 467 471
f 130 124 116
f 135 123 124
f 16 13 12
f 995 1000 992
f 16 17 13
f 17 16 76
f 168 161 153
f 17 76 103
f 83 84 81
f 81 84 76
f 84 103 76
f 195 179 168
f 103 150 17
f 17 150 19
f 527 530 548
f 150 172 19
f 3515 3514 3516
f 3513 3514 3515
f 3511 3512 3513
f 471 472 473
f 3863 3891 3852
f 130 116 113
f 31 16 12
f 31 12 32
f 116 124 118
f 29 30 34
f 943 970 975
f 30 33 34
f 34 33 36
f 4025 4028 4026
f 1594 1598 1593
f 124 123 118
f 108 107 106
f 106 107 105
f 33 35 36
f 4022 4025 4026
f 105 107 128
f 1593 1606 1610
f 123 135 129
f 128 107 141
f 1610 1616 1622
f 135 153 161
f 127 141 107
f 82 83 81
f 82 148 83
f 127 143 141
f 141 143 142
f 141 142 128
f 148 163 83
f 143 151 142
f 83 163 84
f 524 335 530
f 195 186 179
f 103 194 150
f 150 213 172
f 172 206 169
f 563 490 522
f 471 470 472
f 147 131 133
f 133 131 113
f 131 130 113
f 3688 3682 3690
f 111 110 109
f 42 16 31
f 43 16 42
f 32 29 38
f 38 29 34
f 1596 1598 1594
f 110 108 109
f 2039 2041 2042
f 110 122 108
f 43 79 16
f 122 121 108
f 80 136 82
f 80 82 81
f 80 81 79
f 1598 1601 1593
f 118 120 119
f 79 76 16
f 118 123 120
f 119 120 121
f 121 107 108
f 82 136 148
f 81 76 79
f 1593 1601 1606
f 123 129 120
f 121 127 107
f 1610 1606 1616
f 129 126 120
f 120 126 121
f 121 126 127
f 135 161 160
f 135 160 129
f 129 160 126
f 2947 2948 2943
f 127 151 143
f 128 149 148
f 2947 2943 2944
f 597 598 523
f 168 177 161
f 149 163 148
f 179 177 168
f 524 523 335
f 173 197 149
f 163 201 84
f 179 186 185
f 151 154 142
f 142 154 173
f 84 194 103
f 530 607 548
f 84 201 194
f 3512 3517 3514
f 194 213 150
f 172 213 206
f 169 206 203
f 522 483 501
f 480 462 466
f 464 467 466
f 471 467 470
f 3680 3683 3684
f 3683 3682 3688
f 113 115 111
f 113 111 112
f 112 111 109
f 112 109 125
f 87 86 85
f 115 117 111
f 109 104 125
f 42 31 37
f 37 31 32
f 116 117 115
f 113 116 115
f 86 80 85
f 117 119 111
f 119 110 111
f 38 34 39
f 109 106 104
f 104 106 105
f 85 80 43
f 39 34 36
f 39 36 40
f 119 122 110
f 80 79 43
f 36 35 40
f 40 35 41
f 105 128 136
f 119 121 122
f 128 148 136
f 126 152 127
f 177 165 161
f 161 165 160
f 160 152 126
f 127 152 151
f 179 178 177
f 152 154 151
f 149 197 163
f 179 185 178
f 163 198 201
f 335 342 530
f 186 205 185
f 154 200 173
f 612 596 601
f 212 199 173
f 490 484 522
f 522 484 483
f 472 477 473
f 461 462 480
f 462 464 466
f 3827 3852 3800
f 88 86 87
f 144 87 85
f 88 114 86
f 37 32 44
f 114 137 86
f 86 137 80
f 104 105 100
f 105 114 100
f 114 136 137
f 4025 4029 4028
f 2526 2531 2521
f 156 152 160
f 165 156 160
f 277 335 523
f 178 165 177
f 155 154 152
f 163 197 198
f 612 618 596
f 342 558 607
f 530 342 607
f 205 204 185
f 200 212 173
f 547 372 545
f 545 490 563
f 488 459 480
f 464 468 467
f 468 470 467
f 139 133 132
f 100 114 88
f 1606 1615 1616
f 2517 2524 2526
f 2517 2526 2521
f 2940 2941 2942
f 2942 2941 2943
f 2941 2944 2943
f 551 523 598
f 551 550 277
f 551 277 523
f 165 159 156
f 178 166 165
f 166 159 165
f 152 156 155
f 185 166 178
f 154 155 188
f 188 200 154
f 185 204 166
f 596 373 601
f 601 373 547
f 342 279 558
f 547 373 372
f 545 372 371
f 545 371 490
f 490 454 484
f 472 482 479
f 472 479 477
f 483 459 488
f 459 461 480
f 470 482 472
f 90 100 88
f 99 125 98
f 75 42 37
f 2024 2062 2059
f 3690 3679 3691
f 2037 2022 2018
f 1596 1599 1598
f 1615 1606 1614
f 2515 2524 2514
f 2514 2524 2517
f 2937 2935 2938
f 2937 2938 2940
f 2940 2938 2941
f 2359 2360 2361
f 2359 2361 2362
f 2362 2361 2363
f 3375 3370 3372
f 3370 3371 3372
f 277 272 335
f 335 271 342
f 197 199 198
f 159 158 156
f 212 215 199
f 204 210 166
f 156 158 155
f 468 482 470
f 92 91 101
f 92 90 91
f 93 90 92
f 90 89 91
f 93 97 90
f 97 98 90
f 98 100 90
f 97 99 98
f 1598 1600 1601
f 1600 1603 1601
f 1601 1603 1606
f 2936 2935 2937
f 2935 2939 2938
f 2358 2357 2359
f 2357 2360 2359
f 272 271 335
f 199 217 198
f 618 614 596
f 4049 4046 4056
f 342 271 279
f 166 208 183
f 166 183 159
f 279 280 558
f 166 210 208
f 183 158 159
f 158 187 155
f 155 187 188
f 188 207 200
f 624 593 570
f 187 207 188
f 570 375 594
f 490 371 454
f 454 455 484
f 484 455 483
f 468 469 482
f 94 92 102
f 102 92 101
f 95 93 94
f 138 95 94
f 139 95 138
f 95 96 93
f 96 97 93
f 2025 2012 2009
f 3669 3667 3670
f 3007 2996 2998
f 3669 3670 3672
f 1603 1614 1606
f 2509 2516 2510
f 2510 2514 2513
f 1603 1617 1614
f 2509 2532 2516
f 2932 2935 2936
f 2935 2932 2934
f 2935 2934 2939
f 2356 2357 2358
f 4063 4055 4062
f 2356 2355 2357
f 3377 3378 3376
f 3377 3376 3375
f 3375 3376 3374
f 549 277 550
f 4055 4061 4062
f 596 509 373
f 600 507 606
f 606 507 505
f 505 546 606
f 546 502 593
f 371 372 370
f 455 456 483
f 483 456 459
f 461 460 462
f 468 464 469
f 4237 4246 4234
f 3722 3668 3723
f 3679 3681 3691
f 2012 2018 2015
f 3666 3667 3668
f 3722 3666 3668
f 3000 2999 3001
f 2998 2995 2999
f 3667 3673 3670
f 1602 1600 1599
f 1611 1600 1602
f 3005 3003 3007
f 1611 1604 1600
f 3005 3004 3003
f 1604 1605 1603
f 1604 1603 1600
f 4031 4035 4032
f 2525 2512 2513
f 2525 2513 2518
f 1620 1617 1605
f 1605 1617 1603
f 4031 4064 4035
f 2511 2532 2509
f 2932 2931 2934
f 2354 2351 2355
f 2351 2352 2355
f 2354 2355 2356
f 3380 3379 3378
f 3378 3379 3376
f 3376 3379 3374
f 519 276 549
f 3374 3379 3373
f 3381 3380 3378
f 272 250 271
f 4056 4046 4057
f 614 509 596
f 479 482 620
f 279 271 249
f 280 238 599
f 238 600 599
f 594 509 614
f 373 370 372
f 238 507 600
f 593 502 570
f 570 502 375
f 375 509 594
f 469 661 482
f 505 307 546
f 371 369 454
f 461 459 460
f 462 463 464
f 2013 2025 2007
f 3666 3671 3667
f 3667 3671 3673
f 2331 2335 2340
f 2340 2335 2341
f 2335 2337 2341
f 3005 3006 3004
f 2335 2336 2337
f 4035 4064 4059
f 2929 2930 2931
f 2929 2931 2932
f 2353 2350 2351
f 2353 2351 2354
f 518 516 519
f 519 515 276
f 2351 2349 2352
f 3382 3380 3381
f 549 276 277
f 277 268 272
f 272 268 250
f 482 621 620
f 509 374 373
f 374 370 373
f 482 661 621
f 279 248 280
f 248 238 280
f 507 238 237
f 507 237 505
f 307 502 546
f 371 370 369
f 460 463 462
f 464 463 469
f 3674 3681 3677
f 3676 3685 3695
f 3726 3728 3730
f 3725 3728 3726
f 2331 2329 2335
f 4035 4034 4032
f 2329 2336 2335
f 2522 2508 2512
f 2523 2527 2511
f 2929 2933 2930
f 2930 2949 2931
f 4059 4062 4056
f 2347 2349 2350
f 2346 2348 2347
f 2347 2348 2349
f 519 516 515
f 516 514 515
f 3388 3386 3394
f 2348 2365 2349
f 3394 3386 3382
f 3396 3382 3381
f 277 276 268
f 250 249 271
f 279 249 248
f 237 307 505
f 370 349 369
f 454 448 455
f 4247 4244 4237
f 4237 4244 4246
f 3674 3675 3671
f 3725 3727 3729
f 3700 3695 3701
f 2330 2328 2331
f 2328 2329 2331
f 2328 2327 2329
f 2945 2933 2929
f 517 520 513
f 4056 4058 4059
f 2345 2346 2347
f 1305 1281 1303
f 513 512 514
f 1305 1304 1288
f 512 395 515
f 514 512 515
f 515 395 276
f 2346 2364 2348
f 3388 3387 3386
f 3392 3390 3388
f 3394 3392 3388
f 238 248 236
f 509 336 374
f 369 350 454
f 456 458 459
f 3677 3678 3675
f 3671 3685 3673
f 2277 2276 2274
f 2326 2330 2334
f 2326 2328 2330
f 2326 2325 2327
f 4059 4060 4034
f 2325 2332 2327
f 2945 2946 2933
f 520 521 513
f 1303 1281 1290
f 2345 2344 2346
f 1305 1288 1281
f 3390 3389 3388
f 1293 1289 1304
f 3388 3389 3387
f 1304 1289 1288
f 2344 2364 2346
f 276 269 268
f 1139 1128 1132
f 1146 1138 1139
f 374 345 370
f 345 347 370
f 463 478 469
f 478 622 469
f 238 236 237
f 236 235 237
f 237 235 307
f 252 337 502
f 350 453 454
f 455 448 456
f 459 458 460
f 349 350 369
f 3675 3686 3671
f 2283 2282 2297
f 2281 2280 2285
f 2280 2281 2277
f 2280 2277 2274
f 2272 2271 2273
f 2334 2290 2324
f 2334 2324 2326
f 2324 2325 2326
f 2333 2344 2345
f 3390 3391 3389
f 1288 1280 1281
f 1332 1299 1297
f 3393 3391 3392
f 1288 1289 1280
f 395 393 276
f 276 393 269
f 269 267 268
f 267 265 268
f 268 265 250
f 250 251 247
f 250 247 249
f 249 247 248
f 336 345 374
f 370 347 349
f 502 337 375
f 375 337 336
f 375 336 509
f 454 453 448
f 458 465 460
f 460 465 463
f 307 235 239
f 307 252 502
f 3967 3978 3943
f 2299 2282 2300
f 2282 2279 2300
f 2287 2285 2286
f 2286 2285 2284
f 2284 2283 2297
f 2289 2288 2287
f 2287 2288 2285
f 2285 2280 2284
f 2284 2280 2283
f 2280 2274 2282
f 2283 2280 2282
f 2274 2270 2282
f 3685 3718 3719
f 2274 2271 2270
f 2270 2271 2272
f 2288 2281 2285
f 2291 2342 2292
f 2294 2293 2292
f 2324 2293 2325
f 2293 2332 2325
f 2294 2339 2296
f 2293 2295 2333
f 2296 2295 2294
f 2333 2295 2298
f 2333 2298 2344
f 1281 1279 1290
f 1279 1291 1290
f 513 521 394
f 513 394 512
f 512 394 395
f 395 394 393
f 1316 1313 1332
f 1332 1313 1299
f 393 344 269
f 269 344 267
f 1293 1292 1289
f 1292 1285 1289
f 1289 1285 1280
f 265 251 250
f 248 247 236
f 336 320 345
f 448 457 456
f 456 457 458
f 307 239 252
f 3763 3768 3760
f 3943 3939 3967
f 3943 3942 3939
f 2300 2301 2304
f 2300 2279 2278
f 2300 2278 2301
f 3936 3944 3938
f 2282 2270 2279
f 3718 3685 3697
f 2338 2291 2289
f 2291 2290 2289
f 2289 2290 2288
f 2291 2292 2290
f 2292 2293 2290
f 2290 2293 2324
f 2339 2294 2292
f 2342 2339 2292
f 2294 2295 2293
f 2295 2296 2298
f 2296 2306 2298
f 2247 2248 2252
f 1290 1291 1300
f 1315 1313 1316
f 394 343 393
f 1280 1277 1279
f 393 343 344
f 267 264 265
f 1299 1296 1297
f 1297 1296 1293
f 344 676 267
f 1280 1285 1284
f 1280 1284 1277
f 1296 1294 1293
f 1293 1294 1292
f 1292 1295 1287
f 1292 1287 1285
f 1285 1287 1284
f 247 242 236
f 463 481 478
f 337 312 336
f 349 348 350
f 2309 2304 2303
f 2305 2307 2308
f 3716 3686 3675
f 3973 3975 3974
f 2304 2301 2303
f 2303 2301 2302
f 2303 2302 2305
f 2302 2307 2305
f 2278 2302 2301
f 3935 3932 3936
f 2254 2251 2250
f 2251 2249 2250
f 2249 2245 2246
f 2250 2249 2246
f 2246 2245 2244
f 2246 2244 2247
f 2247 2244 2248
f 262 266 267
f 676 262 267
f 267 266 264
f 1277 1278 1279
f 1299 1309 1296
f 263 251 265
f 623 674 622
f 251 253 247
f 1287 1295 1321
f 1287 1298 1284
f 236 242 231
f 236 231 233
f 465 481 463
f 320 346 345
f 345 346 347
f 458 452 465
f 453 449 448
f 239 240 252
f 252 312 337
f 350 348 351
f 2309 2308 2310
f 2319 2309 2310
f 2308 2311 2310
f 2319 2320 2309
f 2309 2305 2308
f 3972 3937 3942
f 3937 3931 3935
f 1134 1095 1120
f 1291 1307 1300
f 508 305 394
f 394 305 343
f 2248 2253 2252
f 1314 1312 1313
f 1315 1314 1313
f 1279 1302 1291
f 1312 1299 1313
f 1312 1309 1299
f 1279 1278 1302
f 264 263 265
f 1278 1277 1282
f 1309 1294 1296
f 1292 1294 1295
f 1277 1284 1286
f 1277 1286 1282
f 1294 1309 1311
f 1294 1311 1295
f 1284 1298 1286
f 253 242 247
f 481 623 478
f 1321 1318 1287
f 1287 1318 1298
f 236 233 235
f 457 452 458
f 2318 2314 2317
f 2313 2315 2314
f 2310 2313 2314
f 2319 2310 2322
f 2310 2311 2312
f 2310 2312 2313
f 4244 4243 4246
f 3599 3600 3601
f 3600 3598 3611
f 4243 4249 4246
f 3930 3935 3931
f 3928 3932 3930
f 3930 3932 3935
f 3928 3941 3932
f 2258 2257 2251
f 2258 2251 2254
f 2215 2249 2251
f 2257 2215 2251
f 2249 2215 2245
f 2245 2213 2211
f 2245 2211 2244
f 2244 2229 2248
f 2248 2229 2253
f 343 305 262
f 1291 1302 1307
f 262 261 266
f 1312 1329 1309
f 1278 1283 1302
f 1278 1282 1283
f 1311 1335 1295
f 1335 1336 1295
f 1295 1336 1321
f 1321 1336 1322
f 1298 1317 1286
f 242 230 231
f 235 234 239
f 347 346 348
f 239 234 240
f 312 320 336
f 2313 2316 2315
f 3598 3597 3612
f 3990 3907 3903
f 3931 3919 3930
f 3930 3919 3928
f 3929 3941 3928
f 2258 2256 2257
f 2213 2215 2214
f 2211 2229 2244
f 2229 2218 2253
f 261 263 264
f 266 261 264
f 1314 1329 1312
f 2253 2218 2261
f 1145 1135 1137
f 1329 1334 1309
f 1283 1310 1302
f 251 229 253
f 1334 1330 1309
f 1309 1330 1311
f 1282 1301 1283
f 465 452 481
f 1321 1322 1318
f 1318 1317 1298
f 1317 1306 1286
f 1286 1301 1282
f 1286 1306 1301
f 233 234 235
f 347 348 349
f 234 241 240
f 252 244 312
f 320 314 346
f 448 433 457
f 240 244 252
f 348 352 351
f 2317 2321 2343
f 4069 4066 4065
f 2315 2321 2317
f 4065 4066 4067
f 2215 2216 2214
f 2214 2212 2213
f 2213 2212 2211
f 2229 2211 2218
f 305 295 262
f 1302 1308 1307
f 263 256 251
f 256 229 251
f 481 673 623
f 4368 4369 4370
f 1336 1326 1322
f 1311 1327 1335
f 1322 1320 1318
f 231 232 233
f 1320 1319 1318
f 1318 1319 1317
f 1306 1328 1301
f 457 433 452
f 449 434 448
f 3595 3607 3609
f 3610 3595 3609
f 4066 4068 4067
f 3816 3786 3788
f 4244 4241 4243
f 3920 3924 3919
f 3925 3987 3926
f 2259 2217 2256
f 2256 2217 2216
f 2212 2207 2211
f 2211 2207 2210
f 2211 2210 2218
f 262 260 261
f 2218 2219 2261
f 391 305 508
f 2263 2264 2268
f 253 228 242
f 228 230 242
f 1301 1338 1310
f 452 506 481
f 1330 1341 1311
f 452 424 506
f 1317 1333 1306
f 233 232 234
f 433 424 452
f 1322 1323 1320
f 1320 1324 1319
f 1337 1333 1319
f 346 328 348
f 348 353 352
f 244 313 312
f 312 313 320
f 2217 2206 2216
f 2216 2206 2214
f 2210 2219 2218
f 391 295 305
f 261 256 263
f 2261 2219 2262
f 2261 2262 2263
f 256 254 229
f 2263 2262 2264
f 229 228 253
f 1148 1144 1143
f 4344 4341 4343
f 4343 4341 4340
f 1327 1325 1326
f 4342 4340 4339
f 3657 3658 3659
f 1326 1325 1322
f 1325 1323 1322
f 1342 1338 1301
f 1328 1342 1301
f 1320 1323 1324
f 1324 1339 1319
f 1306 1333 1328
f 232 241 234
f 328 353 348
f 352 434 449
f 1323 1340 1331
f 1319 1339 1337
f 313 314 320
f 448 434 433
f 2714 2712 2713
f 2712 2711 2713
f 3958 3953 3922
f 3958 3922 3961
f 2714 2715 2712
f 2709 2708 2705
f 4140 4137 4139
f 2206 2207 2212
f 2210 2220 2219
f 295 260 262
f 2219 2224 2262
f 1323 1325 1340
f 1734 1712 1733
f 3758 3759 3756
f 4241 4242 4243
f 4243 4242 4261
f 2713 2711 2716
f 2711 2710 2716
f 2704 2707 2717
f 3843 3886 3897
f 3953 3949 3921
f 3953 3921 3922
f 3947 3921 3949
f 3426 3431 3427
f 3946 3920 3947
f 3947 3920 3921
f 3946 3927 3920
f 3752 3751 3747
f 3431 3432 3428
f 3435 3437 3438
f 3437 3439 3438
f 2206 2205 2207
f 3439 3440 3438
f 260 256 261
f 391 296 295
f 228 226 227
f 228 227 230
f 4341 4338 4340
f 4340 4338 4339
f 3325 3315 3314
f 423 422 424
f 433 423 424
f 1709 1707 1735
f 1733 1709 1735
f 353 354 352
f 434 408 433
f 240 243 244
f 313 297 314
f 314 315 328
f 2697 2705 2704
f 2697 2710 2705
f 2706 2707 2704
f 2705 2706 2704
f 3426 3427 3433
f 2707 2706 2698
f 3747 3748 3749
f 4131 4132 4133
f 3747 3750 3748
f 4133 4136 4137
f 3436 3435 3428
f 4137 4138 4139
f 2204 2205 2206
f 3435 3438 3442
f 2205 2208 2207
f 2208 2220 2210
f 2207 2208 2210
f 3438 3441 3442
f 2220 2208 2221
f 3441 3484 3444
f 2221 2224 2220
f 296 259 295
f 295 259 260
f 260 259 256
f 3441 3485 3484
f 390 296 391
f 256 257 254
f 3317 3321 3324
f 3485 3486 3484
f 3486 3487 3484
f 229 226 228
f 2262 2265 2264
f 2264 2265 2269
f 230 227 218
f 230 218 231
f 424 422 506
f 4338 4337 4339
f 4337 4345 4339
f 231 218 232
f 1735 1707 1725
f 328 315 362
f 362 360 328
f 328 360 353
f 1728 1714 1712
f 1728 1712 1734
f 297 315 314
f 3962 3956 3957
f 2696 2697 2695
f 2707 2694 2693
f 3431 3428 3427
f 4132 4134 4133
f 4133 4134 4136
f 4137 4136 4138
f 3435 3442 3462
f 3442 3443 3462
f 3442 3441 3443
f 3441 3444 3443
f 390 310 296
f 2224 2267 2262
f 254 226 229
f 3497 3496 3486
f 4337 4336 4333
f 4338 4334 4337
f 1723 1717 1722
f 1712 1703 1709
f 1712 1709 1733
f 218 220 232
f 1716 1714 1728
f 240 241 243
f 244 243 297
f 244 297 313
f 3866 3832 3865
f 2002 1991 1993
f 2695 2693 2681
f 2694 2686 2693
f 2693 2686 2682
f 3899 3898 3896
f 4134 4132 4135
f 3998 3979 3963
f 3430 3435 3462
f 2204 2209 2205
f 2209 2223 2205
f 2205 2222 2208
f 2208 2222 2221
f 2222 2230 2221
f 2221 2230 2224
f 2224 2230 2267
f 254 257 255
f 254 255 226
f 2262 2266 2265
f 3486 3496 3487
f 2265 2266 2269
f 1703 1697 1709
f 1714 1702 1703
f 1709 1697 1707
f 1707 1681 1725
f 220 241 232
f 353 360 354
f 408 406 433
f 433 406 423
f 354 355 352
f 4241 4245 4242
f 2416 2412 2415
f 2683 2682 2684
f 2682 2685 2684
f 2682 2686 2685
f 3997 3963 3966
f 3966 3963 3948
f 3427 3428 3429
f 4135 4141 4134
f 3430 3462 3459
f 3462 3443 3461
f 3461 3443 3445
f 3443 3444 3445
f 2223 2222 2205
f 390 323 310
f 259 258 256
f 258 257 256
f 3484 3487 3482
f 2267 2266 2262
f 3496 3495 3487
f 226 224 227
f 1719 1706 1732
f 224 221 227
f 227 221 218
f 1732 1706 1731
f 1706 1720 1731
f 1723 1710 1717
f 1715 1711 1702
f 1681 1680 1701
f 506 422 496
f 1717 1711 1715
f 220 245 241
f 241 245 243
f 2684 2687 2688
f 2413 2412 2402
f 2417 2429 2371
f 2684 2685 2687
f 2204 2227 2209
f 2209 2226 2223
f 3445 3444 3446
f 310 308 296
f 296 308 259
f 3484 3482 3446
f 2222 2231 2230
f 4333 4334 4335
f 1710 1711 1717
f 221 219 218
f 218 219 220
f 406 410 423
f 355 407 408
f 408 407 406
f 243 292 297
f 297 292 311
f 3640 3641 3642
f 2688 2689 2691
f 2428 2430 2429
f 2688 2687 2689
f 2021 2019 1995
f 3964 3950 3951
f 2369 2367 2371
f 3462 3461 3459
f 3461 3445 3460
f 2226 2228 2223
f 2223 2225 2222
f 2222 2225 2231
f 323 308 310
f 3482 3476 3446
f 308 288 259
f 259 288 258
f 258 278 257
f 278 275 257
f 1718 1708 1704
f 1718 1704 1719
f 3487 3483 3482
f 255 225 226
f 226 225 224
f 1710 1699 1711
f 1706 1694 1720
f 1720 1694 1710
f 315 317 363
f 362 361 360
f 243 245 292
f 297 316 315
f 4102 4103 4104
f 3646 3648 3645
f 3645 3648 3641
f 3641 3648 3655
f 2691 2689 2690
f 2405 2421 2418
f 2239 2236 2237
f 2236 2234 2227
f 2227 2234 2226
f 3460 3465 3468
f 3460 3445 3465
f 3445 3446 3465
f 2223 2228 2225
f 3446 3466 3465
f 308 290 288
f 3446 3476 3466
f 2230 2231 2241
f 1730 1713 1718
f 1713 1708 1718
f 275 255 257
f 3495 3483 3487
f 1702 1699 1698
f 1711 1699 1702
f 297 311 316
f 360 361 354
f 423 410 422
f 292 319 311
f 356 355 354
f 3549 3548 3555
f 4306 4307 4308
f 3646 3647 3648
f 2691 2690 2692
f 2699 2691 2692
f 2431 2444 2443
f 2384 2405 2396
f 3456 3460 3453
f 3453 3460 3452
f 3468 3452 3460
f 2234 2233 2226
f 2226 2233 2232
f 2226 2232 2228
f 3465 3467 3468
f 3465 3466 3467
f 1682 1683 1684
f 288 289 258
f 289 322 258
f 258 322 278
f 1693 1688 1699
f 422 443 496
f 363 361 362
f 361 357 354
f 354 357 356
f 410 411 422
f 411 443 422
f 316 317 315
f 3547 3548 3549
f 4302 4304 4305
f 3650 3652 3647
f 3650 3647 3646
f 2700 2692 2701
f 2701 2692 2702
f 4241 4252 4251
f 2444 2431 2445
f 4251 4254 4245
f 2395 2397 2385
f 2240 2235 2234
f 3452 3469 3451
f 3451 3464 3463
f 3469 3464 3451
f 3468 3469 3452
f 3469 3471 3464
f 3469 3470 3471
f 3464 3471 3472
f 3468 3467 3469
f 3469 3467 3470
f 1683 1695 1684
f 334 333 308
f 308 333 290
f 2225 2241 2231
f 290 289 288
f 1708 1713 1705
f 3335 3336 3337
f 3337 3336 3328
f 3336 3329 3328
f 3328 3329 3330
f 3329 3331 3330
f 273 225 255
f 225 223 224
f 3495 3493 3483
f 224 223 221
f 221 222 219
f 324 317 316
f 220 246 245
f 405 406 407
f 410 409 411
f 3885 3879 3881
f 3551 3547 3550
f 3550 3547 3549
f 2703 2700 2701
f 4302 4303 4304
f 3652 3653 3651
f 3652 3651 3647
f 3651 3649 3647
f 2199 2182 2202
f 2202 2182 2180
f 3471 3470 3473
f 3473 3472 3471
f 2198 2117 2200
f 2242 2241 2225
f 3467 3475 3470
f 3346 3339 3332
f 2116 2106 2123
f 3467 3476 3475
f 3332 3334 3335
f 3334 3336 3335
f 2090 2091 2094
f 3482 3483 3476
f 223 222 221
f 222 246 219
f 363 364 361
f 406 404 410
f 356 358 355
f 3552 3551 3550
f 2903 2902 2901
f 2901 2905 2904
f 2903 2901 2904
f 5 4 3
f 2905 2906 2904
f 3653 3656 3654
f 3653 3654 3651
f 4252 4253 4251
f 3981 3968 3992
f 2387 2391 2408
f 2410 2409 2426
f 2195 2184 2203
f 2199 2184 2182
f 3350 3343 3349
f 3349 3343 3342
f 3343 3341 3342
f 1678 1687 1679
f 3341 3340 3342
f 2116 2117 2107
f 3473 3474 3472
f 3341 3338 3340
f 3338 3339 3340
f 3340 3339 3346
f 3470 3475 3473
f 3475 3479 3473
f 2116 2107 2106
f 2106 2124 2123
f 3339 3338 3332
f 341 293 329
f 3338 3333 3332
f 3332 3333 3334
f 2082 2083 2090
f 2083 2089 2090
f 3483 3481 3476
f 273 270 225
f 304 246 222
f 311 319 326
f 311 326 324
f 404 409 410
f 443 494 495
f 324 325 317
f 406 405 404
f 3553 3552 3550
f 2900 2901 2902
f 3554 3552 3553
f 2381 2380 2368
f 2389 2374 2394
f 2435 2372 2436
f 2372 2370 2436
f 2179 2117 2198
f 3350 3347 3343
f 3347 3344 3343
f 1727 1726 1686
f 1689 1727 1686
f 3344 3345 3341
f 3343 3344 3341
f 3355 3356 3353
f 3355 3353 3354
f 3341 3345 3338
f 392 302 293
f 2124 2106 2104
f 3357 3356 3355
f 2075 2077 2126
f 2077 2082 2126
f 3476 3481 3475
f 274 270 273
f 771 766 769
f 769 766 768
f 304 321 246
f 246 321 245
f 245 321 318
f 245 318 292
f 318 339 319
f 363 366 364
f 4253 4254 4251
f 2194 2190 2193
f 1372 1373 1376
f 2187 2186 2185
f 2117 2108 2107
f 2107 2108 2103
f 3352 3351 3348
f 3347 3348 3344
f 3348 3351 3344
f 3344 3351 3345
f 2105 2109 2125
f 3354 3353 3348
f 2125 2104 2105
f 282 293 281
f 3479 3478 3473
f 3473 3478 3477
f 3473 3477 3474
f 282 281 274
f 3475 3481 3480
f 3475 3480 3479
f 270 223 225
f 3493 3490 3483
f 339 318 662
f 319 340 326
f 361 364 357
f 357 359 356
f 4252 4260 4253
f 4000 3992 3995
f 4006 4005 4003
f 4125 4124 4126
f 2190 2194 2191
f 2175 2186 2147
f 2088 2102 2115
f 2088 2115 2080
f 2080 2115 2079
f 2541 2536 2546
f 2546 2536 2533
f 2078 2114 2076
f 2076 2114 2093
f 2109 2095 2084
f 2084 2095 2087
f 2099 2098 2105
f 2105 2098 2109
f 2098 2095 2109
f 223 303 222
f 318 670 671
f 318 671 662
f 3483 3490 3488
f 364 359 357
f 359 358 356
f 358 367 405
f 494 442 493
f 411 414 443
f 4001 4002 4000
f 4000 3995 4001
f 3169 3160 3170
f 4000 4003 3992
f 2917 2912 2911
f 4003 4007 4006
f 4007 4008 4006
f 4009 4010 4008
f 4009 4008 4007
f 2102 2100 2118
f 2118 2119 2102
f 2545 2543 2542
f 2542 2543 2538
f 2542 2538 2541
f 2541 2538 2536
f 2099 2100 2097
f 2536 2534 2533
f 2108 2101 2103
f 2103 2101 2099
f 281 270 274
f 3481 3489 3480
f 270 287 223
f 222 303 304
f 339 340 319
f 766 764 768
f 358 365 367
f 405 367 404
f 443 442 494
f 3887 3970 3968
f 3169 3162 3160
f 2132 2133 2130
f 2135 2134 2132
f 2130 2129 2128
f 2138 2136 2137
f 2137 2136 2135
f 3139 3132 3140
f 2100 2172 2118
f 2538 2537 2536
f 2536 2537 2534
f 2533 2534 2535
f 2535 2540 2539
f 2533 2535 2539
f 2539 2540 2547
f 302 301 293
f 301 300 293
f 293 284 281
f 281 283 270
f 760 764 766
f 3478 3491 3492
f 3478 3492 3477
f 223 287 303
f 659 670 321
f 663 389 339
f 767 759 762
f 3488 3489 3481
f 3489 3491 3480
f 3480 3491 3478
f 3492 3494 3477
f 366 368 364
f 367 402 404
f 404 402 409
f 414 442 443
f 3162 3157 3160
f 3157 3138 3148
f 2151 2152 2133
f 3148 3138 3139
f 3138 3132 3139
f 2134 2133 2132
f 1352 1356 1373
f 2136 2148 2134
f 2136 2134 2135
f 3140 3144 3151
f 2772 2761 2770
f 605 331 332
f 2119 2120 2121
f 2538 2548 2537
f 2537 2548 2544
f 2537 2535 2534
f 2537 2544 2535
f 859 858 857
f 760 757 764
f 304 303 396
f 339 389 340
f 359 365 358
f 493 503 560
f 409 412 411
f 411 412 414
f 4258 4256 4253
f 4255 4253 4256
f 1353 1356 1352
f 2786 2770 2778
f 2770 2760 2764
f 2770 2761 2760
f 332 331 301
f 301 331 300
f 2535 2544 2540
f 300 284 293
f 270 283 287
f 340 389 664
f 368 359 364
f 365 401 367
f 401 402 367
f 560 503 504
f 414 415 416
f 414 416 442
f 833 852 782
f 1356 1362 1373
f 3132 3144 3140
f 700 702 705
f 2770 2764 2778
f 2761 2759 2760
f 2761 2762 2759
f 907 853 861
f 284 283 281
f 402 413 409
f 409 413 412
f 493 442 425
f 493 425 503
f 4255 4256 4257
f 700 705 699
f 2778 2764 2766
f 3144 3147 3151
f 886 896 856
f 2762 2763 2759
f 283 291 287
f 287 291 303
f 759 748 762
f 401 403 402
f 487 441 554
f 554 492 569
f 425 504 503
f 442 416 425
f 880 938 848
f 4257 4264 4263
f 2778 2766 2785
f 699 705 707
f 2766 2765 2782
f 2785 2766 2782
f 3132 3127 3144
f 2766 2756 2765
f 2764 2756 2766
f 2764 2758 2756
f 896 868 854
f 2760 2758 2764
f 605 306 331
f 331 306 300
f 2760 2759 2758
f 757 753 747
f 284 286 283
f 747 748 759
f 748 763 762
f 359 399 365
f 419 415 412
f 504 425 487
f 440 441 487
f 554 441 492
f 441 438 492
f 3162 3163 3157
f 3157 3135 3138
f 918 867 880
f 2783 2767 2776
f 3138 3135 3130
f 2788 2782 2768
f 2788 2768 2783
f 2783 2768 2767
f 1356 1359 1362
f 696 699 707
f 2782 2765 2768
f 3138 3130 3132
f 2768 2765 2755
f 2768 2755 2767
f 3132 3130 3127
f 698 700 699
f 2765 2756 2755
f 2756 2754 2755
f 3127 3147 3144
f 608 306 605
f 755 753 756
f 2758 2759 2757
f 300 285 284
f 747 742 748
f 283 286 291
f 2762 2732 2763
f 2732 2726 2763
f 2762 2775 2732
f 365 400 401
f 399 400 365
f 403 447 432
f 402 403 413
f 413 419 412
f 425 440 487
f 3163 3135 3157
f 691 709 708
f 708 709 720
f 691 704 709
f 2776 2767 2751
f 695 706 704
f 696 706 695
f 1356 1357 1359
f 2767 2755 2753
f 2767 2753 2751
f 2755 2754 2753
f 2756 2750 2754
f 2757 2750 2756
f 306 285 300
f 747 745 742
f 2759 2727 2757
f 2759 2763 2727
f 2763 2726 2727
f 432 419 413
f 692 704 691
f 692 695 704
f 2776 2751 2774
f 3135 3123 3130
f 2753 2752 2751
f 2753 2754 2752
f 746 740 739
f 2757 2733 2750
f 2757 2730 2733
f 286 298 291
f 298 398 291
f 2732 2725 2726
f 403 450 447
f 419 420 417
f 416 418 425
f 415 417 416
f 416 417 418
f 708 720 693
f 3163 3129 3135
f 2791 2776 2774
f 698 696 697
f 1363 1360 1357
f 1357 1360 1359
f 3130 3119 3127
f 2754 2747 2752
f 2750 2747 2754
f 2727 2722 2730
f 398 330 675
f 2726 2724 2727
f 1351 1401 1405
f 2732 2740 2725
f 432 421 419
f 418 426 425
f 440 425 427
f 440 427 441
f 3163 3136 3129
f 3135 3129 3123
f 2774 2751 2748
f 2751 2745 2748
f 3123 3119 3130
f 3119 3120 3127
f 3127 3120 3147
f 2733 2729 2750
f 2718 2721 2733
f 330 511 675
f 298 330 398
f 2727 2724 2722
f 913 832 914
f 2726 2725 2724
f 419 421 420
f 417 431 418
f 425 426 427
f 441 427 438
f 2774 2748 2777
f 2751 2752 2745
f 1364 1365 1363
f 1364 1363 1357
f 2551 2552 2549
f 933 937 919
f 2733 2721 2729
f 285 294 286
f 832 825 841
f 841 842 921
f 842 922 921
f 421 451 420
f 431 430 418
f 418 430 426
f 427 437 438
f 3844 3933 3910
f 2748 2744 2777
f 2748 2745 2744
f 2747 2745 2752
f 3120 3122 3147
f 3122 3153 3147
f 608 309 306
f 306 309 285
f 4094 4089 4092
f 286 294 298
f 2722 2723 2719
f 2724 2723 2722
f 2725 2723 2724
f 1071 1049 1070
f 1049 1050 1070
f 420 668 431
f 426 428 427
f 693 726 710
f 3129 3121 3123
f 2747 2734 2745
f 2729 2731 2734
f 2729 2734 2747
f 2721 2728 2729
f 4092 4089 4080
f 2718 2720 2721
f 2718 2719 2720
f 330 397 511
f 285 299 294
f 298 327 330
f 327 397 330
f 2722 2719 2718
f 1070 1050 1054
f 431 445 430
f 430 445 435
f 430 435 426
f 435 428 426
f 427 436 437
f 3136 3131 3129
f 713 726 727
f 694 724 725
f 2744 2741 2779
f 2777 2744 2779
f 2744 2742 2741
f 2744 2745 2742
f 3123 3121 3119
f 4081 4079 4074
f 2734 2736 2745
f 2557 2558 2552
f 4089 4087 4080
f 2721 2720 2728
f 285 309 299
f 294 327 298
f 844 916 922
f 922 916 932
f 931 910 911
f 4149 4147 4195
f 4147 4146 4195
f 4195 4146 4188
f 4188 4163 4190
f 4163 4174 4190
f 4190 4174 4198
f 4188 4146 4163
f 4174 4173 4198
f 4147 4144 4146
f 4148 4151 4144
f 4146 4161 4163
f 4082 4075 4084
f 4163 4161 4162
f 4163 4162 4171
f 4163 4171 4174
f 4174 4171 4173
f 4144 4145 4146
f 4227 4228 4229
f 4146 4145 4161
f 3129 3131 3121
f 4171 4172 4173
f 2745 2736 2742
f 2731 2736 2734
f 2731 2728 2735
f 397 385 556
f 1072 1057 1074
f 814 798 831
f 445 446 435
f 435 444 428
f 428 429 427
f 427 429 436
f 1889 1895 1890
f 4190 4198 4202
f 4149 4148 4147
f 2787 2779 2780
f 4147 4148 4144
f 4075 4083 4084
f 2779 2741 2780
f 2741 2746 2780
f 4075 4074 4071
f 4151 4152 4145
f 2741 2743 2746
f 4161 4158 4162
f 2741 2742 2743
f 4161 4145 4158
f 3121 3117 3119
f 2742 2739 2743
f 3119 3117 3118
f 4077 4076 4074
f 385 384 556
f 1074 1057 1069
f 3122 3124 3153
f 1048 1057 1072
f 294 338 327
f 1037 1065 1036
f 838 837 847
f 911 912 917
f 435 446 444
f 1779 1808 1781
f 2787 2780 2789
f 4150 4148 4149
f 2789 2780 2781
f 4084 4083 4085
f 4075 4071 4083
f 2780 2746 2781
f 2781 2746 2771
f 4148 4152 4151
f 2746 2769 2771
f 2743 2769 2746
f 4164 4171 4162
f 4152 4153 4145
f 4158 4164 4162
f 4153 4158 4145
f 4171 4166 4172
f 4166 4177 4172
f 4074 4076 4073
f 2735 2737 2736
f 3118 3124 3122
f 1069 1055 1077
f 1057 1044 1069
f 1069 1044 1055
f 327 338 385
f 1048 1028 1043
f 801 803 837
f 428 444 429
f 1884 1879 1891
f 1889 1881 1892
f 714 715 716
f 3664 3662 3665
f 3311 3300 3310
f 4071 4070 4083
f 1081 1062 1058
f 2743 2749 2769
f 4154 4153 4152
f 4164 4166 4171
f 2743 2739 2749
f 2736 2738 2739
f 4158 4157 4164
f 1369 1408 1368
f 2737 2738 2736
f 4153 4157 4158
f 4077 4086 4076
f 1077 1055 1073
f 4156 4157 4153
f 4087 4086 4077
f 3124 3156 3154
f 338 384 385
f 299 376 294
f 294 376 338
f 1370 1406 1369
f 904 836 905
f 429 439 436
f 3664 3660 3662
f 1779 1807 1808
f 1803 1810 1804
f 3310 3300 3309
f 3299 3312 3302
f 2749 2773 2769
f 4154 4155 4153
f 2739 2738 2749
f 1073 1056 1076
f 3616 3617 3618
f 4166 4178 4177
f 1044 1020 1055
f 1055 1056 1073
f 3617 3616 3619
f 4164 4157 4165
f 3118 3116 3124
f 4156 4176 4159
f 4156 4159 4157
f 4157 4160 4165
f 4176 4168 4159
f 4157 4159 4160
f 1403 1409 1411
f 3302 3303 3300
f 3303 3309 3300
f 4076 4078 4073
f 2738 2790 2749
f 2790 2784 2749
f 2784 2773 2749
f 1055 1020 1056
f 4076 4086 4078
f 4164 4165 4166
f 4165 4169 4166
f 4166 4169 4178
f 3124 3116 3156
f 4169 4179 4178
f 384 555 556
f 4197 4189 4176
f 4189 4168 4176
f 4160 4175 4165
f 4169 4180 4179
f 338 378 384
f 1406 1412 1408
f 4168 4167 4159
f 4159 4167 4160
f 4167 4170 4160
f 4160 4170 4175
f 1406 1411 1412
f 4170 4181 4175
f 4175 4182 4180
f 4180 4182 4191
f 4181 4182 4175
f 1411 1409 1410
f 4182 4184 4191
f 4181 4183 4182
f 4182 4183 4184
f 4183 4185 4184
f 4184 4185 4186
f 3660 3661 3662
f 3134 3168 3133
f 2806 2807 2803
f 1018 1019 1020
f 1046 1045 1056
f 1056 1045 1076
f 3622 3621 3620
f 3116 3111 3156
f 376 377 338
f 377 378 338
f 384 383 555
f 2956 2953 2952
f 2953 2950 2952
f 2955 2965 2988
f 4175 4180 4169
f 4165 4175 4169
f 2952 2951 2955
f 4180 4191 4179
f 4170 4194 4181
f 4194 4192 4181
f 4192 4187 4181
f 4187 4183 4181
f 4187 4185 4183
f 3661 3663 3662
f 3303 3305 3309
f 3302 3304 3303
f 1021 1023 1046
f 1076 1045 1075
f 376 387 377
f 4086 4088 4078
f 384 382 383
f 378 382 384
f 2950 2951 2952
f 2955 2964 2965
f 2951 2954 2955
f 2965 2985 2988
f 2988 2985 2986
f 2985 2981 2986
f 2985 2979 2981
f 2981 2970 2983
f 2983 2970 2982
f 4187 4193 4185
f 4185 4196 4186
f 3303 3304 3305
f 4570 4555 4574
f 4574 4555 4553
f 3168 3161 3133
f 1079 1053 1040
f 1075 1045 1047
f 3622 3623 3621
f 387 386 377
f 2956 2957 2953
f 2964 2950 2965
f 2979 2970 2981
f 2970 2973 2982
f 4193 4196 4185
f 4193 4199 4196
f 3306 3307 3305
f 4555 4542 4553
f 2803 2800 2796
f 3111 3109 3156
f 4086 4090 4088
f 377 379 378
f 2957 2958 2953
f 2953 2958 2950
f 2950 2959 2965
f 2982 2973 2975
f 2975 2987 2982
f 2975 2984 2987
f 4199 4200 4196
f 3306 3308 3307
f 4553 4542 4549
f 3161 3128 3133
f 2631 2642 2633
f 386 379 377
f 2957 2960 2958
f 555 383 557
f 378 381 382
f 2958 2959 2950
f 2959 2966 2965
f 2965 2966 2985
f 2985 2966 2980
f 2985 2980 2979
f 2979 2980 2971
f 2979 2971 2970
f 4193 4201 4199
f 3639 3633 3632
f 4542 4538 4549
f 4549 4538 4550
f 3368 3358 3360
f 2958 2961 2959
f 4510 4512 4513
f 2970 2971 2972
f 2970 2972 2973
f 2973 2972 2974
f 2973 2974 2975
f 2975 2976 2984
f 4542 4539 4538
f 3161 3126 3128
f 4550 4538 4551
f 3358 3359 3360
f 386 388 379
f 626 631 557
f 2962 2961 2958
f 382 381 383
f 4508 4509 4510
f 4510 4509 4512
f 2974 2976 2975
f 3630 3631 3632
f 3369 3367 3368
f 3112 3108 3110
f 3367 3361 3358
f 3367 3358 3368
f 3361 3359 3358
f 3109 3108 3107
f 4558 4534 4557
f 4557 4534 4532
f 379 380 378
f 378 380 381
f 2969 2959 2967
f 2959 2961 2967
f 4511 4514 4509
f 4512 4556 4513
f 4577 4513 4573
f 4577 4573 4564
f 4513 4556 4573
f 4573 4561 4564
f 4564 4561 4563
f 2976 2974 2977
f 2977 2978 2976
f 2976 2978 2984
f 2984 2978 2989
f 3167 3137 3126
f 3155 3106 3159
f 388 380 379
f 626 632 631
f 4509 4514 4556
f 4563 4561 4562
f 2613 2602 2612
f 2606 2602 2614
f 3636 3638 3637
f 3280 3276 3278
f 3108 3105 3107
f 3155 3107 3106
f 380 630 625
f 4514 4517 4556
f 4556 4522 4573
f 4573 4522 4561
f 1444 1450 1449
f 630 628 625
f 625 628 627
f 625 627 626
f 626 627 632
f 4517 4520 4556
f 4556 4520 4522
f 4522 4527 4561
f 4561 4527 4562
f 4527 4566 4562
f 2602 2601 2612
f 4562 4566 4571
f 3276 3279 3277
f 3276 3277 3278
f 3090 3164 3106
f 2809 2810 2799
f 3420 3421 3422
f 627 633 632
f 4527 4522 4523
f 4527 4523 4526
f 4527 4526 4566
f 2600 2601 2602
f 1444 1447 1450
f 1450 1447 1452
f 3089 3082 3090
f 655 633 654
f 3090 3083 3164
f 3086 3082 3089
f 633 634 654
f 3164 3083 3165
f 628 629 627
f 627 629 633
f 4519 4521 4520
f 4520 4521 4522
f 4521 4523 4522
f 2601 2603 2604
f 3083 3078 3165
f 629 634 633
f 654 634 656
f 654 656 672
f 4521 4524 4523
f 2799 2811 2835
f 3082 3078 3083
f 2812 2811 2810
f 4521 4525 4524
f 1445 1443 1444
f 2812 2813 2811
f 634 650 656
f 1443 1440 1444
f 3082 3069 3078
f 629 635 634
f 2812 2815 2813
f 634 635 650
f 3082 3085 3069
f 3078 3069 3070
f 3078 3070 3165
f 3165 3070 3095
f 629 636 635
f 635 639 650
f 650 639 652
f 3085 3091 3069
f 1443 1441 1440
f 2813 2816 2817
f 635 638 639
f 639 651 652
f 3070 3068 3095
f 3068 3084 3095
f 636 637 635
f 635 637 638
f 640 642 639
f 639 642 651
f 3069 3068 3070
f 638 640 639
f 3092 3071 3069
f 3091 3092 3069
f 2818 2819 2817
f 3069 3067 3068
f 3084 3068 3066
f 637 649 638
f 1442 1498 1513
f 3069 3071 3067
f 1479 1498 1442
f 3068 3067 3066
f 638 649 641
f 638 641 640
f 2819 2820 2817
f 642 643 651
f 651 643 657
f 640 641 642
f 642 641 643
f 1479 1499 1498
f 3071 3079 3067
f 2821 2820 2819
f 643 658 657
f 3067 3065 3066
f 3066 3064 3097
f 643 645 658
f 3064 3062 3097
f 641 644 643
f 643 644 645
f 2821 2823 2822
f 644 646 645
f 3079 3088 3065
f 3065 3061 3064
f 3064 3061 3062
f 1469 1476 1493
f 3061 3056 3062
f 3065 3088 3061
f 644 647 646
f 2823 2827 2824
f 646 647 648
f 3088 3059 3061
f 646 648 645
f 2827 2826 2824
f 2822 2824 2825
f 3061 3059 3056
f 2824 2826 2825
f 1480 1514 1493
f 3088 3080 3059
f 2829 2830 2834
f 647 653 648
f 648 653 667
f 2825 2828 2873
f 2825 2873 2830
f 3056 3059 3054
f 3056 3054 3053
f 2828 2893 2873
f 653 678 667
f 2830 2853 2836
f 2830 2854 2853
f 2830 2863 2854
f 3575 3572 3566
f 653 679 678
f 2893 2895 2894
f 653 680 679
f 2895 2896 2894
f 3080 3060 3059
f 680 681 679
f 2895 2897 2896
f 1480 1500 1514
f 2853 2854 2855
f 3053 3054 3052
f 3053 3052 3051
f 3080 3087 3060
f 2863 2860 2854
f 3052 3047 3051
f 3051 3047 3050
f 2897 2899 2896
f 3050 3047 3049
f 3570 3574 3567
f 3054 3060 3052
f 3052 3057 3047
f 3047 3048 3049
f 3574 3562 3567
f 2877 2875 2860
f 3060 3063 3052
f 3052 3063 3057
f 3047 3057 3058
f 3047 3058 3048
f 3048 3055 3049
f 3574 3568 3562
f 2875 2864 2860
f 3087 3072 3060
f 3081 3058 3057
f 3048 3058 3055
f 3072 3063 3060
f 2877 2876 2875
f 3569 3571 3563
f 3557 3569 3563
f 3627 3624 3626
f 2859 2857 2858
f 2876 2874 2875
f 2892 2889 2876
f 3624 3625 3626
f 2858 2862 2861
f 2858 2865 2862
f 2874 2866 2864
f 3063 3104 3103
f 2865 2888 2862
f 1494 1511 1500
f 3072 3073 3063
f 3063 3074 3104
f 2862 2887 2861
f 2862 2888 2887
f 1494 1501 1511
f 3072 3098 3073
f 3275 3270 3269
f 1489 1524 1497
f 2861 2887 2890
f 3287 3281 3286
f 2887 2888 2891
f 1494 1496 1501
f 2866 2874 2885
f 2874 2886 2885
f 3036 3038 3040
f 3063 3073 3074
f 3281 3283 3286
f 2866 2885 2868
f 2885 2886 2898
f 3038 3041 3044
f 4603 4601 4600
f 4615 4614 4618
f 4600 4601 4602
f 4601 4604 4602
f 4600 4602 4605
f 3036 3035 3031
f 3036 3031 3038
f 3270 3266 3269
f 3269 3266 3268
f 3269 3268 3273
f 3282 3284 3283
f 2869 2868 2870
f 3264 3265 3259
f 3264 3259 3261
f 3035 3029 3031
f 3041 3038 3037
f 3038 3031 3037
f 4611 4612 4613
f 3073 3075 3074
f 3074 3075 3076
f 2869 2870 2871
f 2870 2885 2872
f 3264 3261 3262
f 3073 3094 3075
f 3266 3267 3268
f 3268 3271 3273
f 2879 2882 2881
f 3268 3267 3271
f 1486 1510 1505
f 2870 2872 2871
f 3037 3031 3033
f 3076 3075 3077
f 3076 3077 3096
f 3259 3260 3261
f 3261 3260 3262
f 3260 3263 3262
f 3174 3173 3175
f 3029 3030 3031
f 3043 3037 3039
f 3037 3033 3039
f 3267 3272 3271
f 3096 3077 3101
f 3271 3272 3274
f 3043 3039 3045
f 3031 3030 3032
f 3031 3032 3033
f 3077 3100 3101
f 4266 4267 4268
f 4266 4268 4269
f 3034 3046 3033
f 3032 3034 3033
f 1509 1515 1512
f 3176 3178 3177
f 4477 4481 4480
f 3501 3508 3502
f 4441 4442 4437
f 4437 4440 4439
f 3501 3502 3499
f 3499 3502 3503
f 1853 1852 1854
f 1853 1854 1873
f 4327 4326 4328
f 3498 3507 3501
f 4476 4477 4475
f 4475 4477 4478
f 4482 4475 4478
f 4437 4435 4441
f 1850 1852 1853
f 3011 3019 3018
f 3498 3501 3499
f 3587 3590 3589
f 4436 4435 4437
f 4439 4436 4437
f 3010 3011 3012
f 3012 3011 3015
f 3509 3506 3505
f 3505 3506 3498
f 3498 3499 3500
f 4431 4476 4475
f 3584 3585 3586
f 3586 3585 3587
f 3586 3587 3589
f 3016 3012 3015
f 3015 3011 3018
f 3505 3498 3504
f 4597 4598 4595
f 3504 3498 3500
f 4097 4099 4101
f 4105 4109 4106
f 4430 4431 4475
f 4430 4475 4438
f 4587 4591 4592
f 4284 4285 4286
f 4595 4596 4597
f 4108 4105 4107
f 4105 4106 4107
f 4426 4431 4430
f 4223 4224 4225
f 3588 3584 3586
f 4438 4434 4432
f 4433 4434 4435
f 4432 4434 4433
f 3189 3191 3192
f 4436 4433 4435
f 1844 1846 1858
f 4490 4491 4488
f 1841 1849 1848
f 3014 3010 3013
f 3013 3010 3012
f 4502 4504 4503
f 3017 3012 3016
f 1558 1559 1556
f 4590 4591 4587
f 4586 4590 4587
f 4586 4587 4588
f 4589 4586 4588
f 4424 4426 4430
f 4424 4438 4432
f 1841 1843 1842
f 4489 4490 4488
f 4489 4488 4487
f 4594 4593 4590
f 4593 4591 4590
f 4432 4433 4396
f 1872 1844 1858
f 4486 4485 4487
f 4487 4485 4489
f 1555 1556 1575
f 4501 4502 4503
f 4426 4424 4425
f 4424 4432 4396
f 1839 1842 1847
f 1847 1842 1859
f 1842 1844 1859
f 1840 1841 1839
f 1859 1844 1872
f 4484 4485 4486
f 4427 4426 4425
f 4424 4396 4384
f 4484 4401 4485
f 4473 4427 4428
f 4428 4427 4425
f 4425 4424 4384
f 4401 4484 4421
f 4421 4484 4473
f 4493 4494 4495
f 4472 4425 4384
f 1838 1839 1847
f 1838 1847 1864
f 1864 1847 1859
f 4421 4473 4404
f 3577 3578 3579
f 3581 3578 3583
f 1837 1840 1839
f 4400 4401 4397
f 4397 4401 4421
f 4397 4421 4404
f 4428 4472 4483
f 4384 4385 4383
f 3580 3579 3582
f 4394 4395 4386
f 1838 1837 1839
f 1553 1555 1566
f 4493 4495 4496
f 4472 4393 4483
f 4393 4472 4384
f 3582 3579 3581
f 4429 4386 4395
f 4377 4378 4379
f 4393 4384 4380
f 4380 4384 4383
f 4383 4394 4386
f 3200 3203 3201
f 3200 3201 3202
f 1862 1838 1864
f 4483 4393 4387
f 4381 4383 4386
f 1822 1837 1838
f 4398 4400 4397
f 4387 4393 4380
f 4380 4383 4381
f 4319 4320 4317
f 4317 4316 4318
f 1822 1838 1862
f 4392 4398 4397
f 4389 4392 4397
f 4389 4397 4404
f 4389 4404 4483
f 4387 4389 4483
f 4387 4380 4382
f 4380 4381 4382
f 4320 4322 4313
f 4320 4313 4317
f 1822 1862 1861
f 1821 1822 1861
f 1836 1837 1822
f 4391 4392 4389
f 4388 4389 4387
f 4382 4388 4387
f 4322 4312 4313
f 4313 4315 4316
f 4317 4313 4316
f 1820 1822 1821
f 4399 4398 4392
f 4390 4391 4389
f 4390 4389 4388
f 4309 4311 4314
f 4312 4309 4313
f 4313 4309 4314
f 4314 4315 4313
f 1836 1822 1820
f 4392 4391 4402
f 4309 4310 4311
f 4497 4498 4499
f 4500 4497 4499
f 4323 4324 4312
f 1818 1820 1821
f 1818 1821 1861
f 4423 4399 4392
f 1818 1819 1820
f 1543 1546 1545
f 1860 1818 1861
f 4423 4392 4403
f 4403 4392 4402
f 4416 4402 4417
f 1816 1819 1818
f 4403 4402 4405
f 4405 4402 4416
f 4505 4506 4507
f 1541 1543 1542
f 4405 4416 4466
f 1816 1818 1817
f 1826 1819 1816
f 1818 1860 1817
f 4407 4415 4423
f 4407 4423 4403
f 4406 4403 4405
f 1874 1817 1860
f 4409 4415 4407
f 4406 4407 4403
f 4405 4466 4414
f 1824 1826 1816
f 1540 1541 1539
f 1812 1817 1863
f 4406 4405 4414
f 1812 1816 1817
f 1863 1817 1874
f 4409 4407 4408
f 1811 1816 1812
f 1825 1824 1811
f 1811 1824 1816
f 4406 4414 4411
f 1813 1812 1863
f 4412 4409 4410
f 4410 4409 4408
f 4411 4414 4443
f 1811 1812 1813
f 4408 4406 4411
f 1823 1825 1811
f 1867 1813 1863
f 1536 1537 1535
f 4413 4412 4410
f 4420 4410 4408
f 4420 4408 4411
f 4422 4412 4413
f 4413 4410 4418
f 4418 4410 4419
f 4419 4410 4420
f 1814 1811 1813
f 1815 1823 1811
f 1815 1811 1814
f 1835 1813 1867
f 4422 4413 4418
f 578 576 577
f 1827 1823 1815
f 1814 1813 1835
f 1835 1867 1871
f 4422 4418 4419
f 4420 4411 4467
f 4445 4422 4444
f 4444 4422 4419
f 1815 1814 1835
f 1827 1815 1828
f 1528 1534 1531
f 4469 4419 4420
f 4469 4420 4467
f 4474 4469 4467
f 4468 4474 4467
f 1828 1815 1829
f 4446 4419 4469
f 574 604 589
f 585 574 589
f 1829 1815 1835
f 1870 1835 1871
f 1205 1228 1227
f 1916 1919 1912
f 1919 1904 1921
f 1829 1835 1855
f 1855 1835 1870
f 4448 4444 4446
f 4444 4419 4446
f 4446 4469 4451
f 1912 1919 1921
f 1921 1904 1905
f 1905 1904 1900
f 1900 1903 1897
f 1830 1828 1829
f 1831 1828 1830
f 4447 4445 4444
f 4447 4444 4448
f 1209 1227 1248
f 1911 1916 1912
f 1530 1526 1532
f 1915 1916 1911
f 1829 1855 1856
f 4452 4454 4453
f 1905 1900 1899
f 1833 1830 1829
f 4446 4451 4450
f 1925 1927 1923
f 1927 1915 1923
f 1923 1915 1911
f 1921 1905 1920
f 1833 1829 1856
f 1868 1855 1870
f 1832 1831 1830
f 4464 4447 4448
f 2667 2670 2668
f 1579 1578 1581
f 4448 4446 4449
f 4449 4446 4450
f 4451 4452 4450
f 4450 4452 4453
f 609 568 602
f 1917 1911 1913
f 1911 1912 1913
f 1912 1921 1914
f 1914 1921 1920
f 1906 1905 1899
f 1832 1830 1833
f 4455 4464 4448
f 2665 2667 2668
f 4455 4448 4449
f 4463 4450 4453
f 1923 1911 1922
f 1912 1914 1913
f 1920 1905 1906
f 2587 2580 2585
f 2659 2666 2665
f 1834 1832 1833
f 3713 3717 3711
f 1932 1927 1926
f 1926 1927 1925
f 1199 1198 1214
f 1922 1911 1917
f 3710 3714 3715
f 3870 3969 3872
f 3711 3712 3710
f 1834 1833 1857
f 1857 1833 1856
f 1869 1856 1868
f 2664 2659 2665
f 1933 1932 1929
f 1929 1932 1926
f 1180 1194 1160
f 4465 4463 4453
f 2657 2659 2658
f 2658 2659 2664
f 2658 2664 2656
f 4457 4464 4455
f 4449 4450 4463
f 1926 1925 1924
f 1925 1923 1924
f 1924 1923 1922
f 1917 1913 1918
f 2580 2577 2576
f 2585 2581 2588
f 3870 3872 3869
f 3869 3872 3873
f 1250 1246 1268
f 3708 3711 3710
f 1857 1856 1865
f 1865 1856 1869
f 3713 3711 3708
f 4457 4462 4464
f 1934 1933 1929
f 1935 1934 1929
f 4456 4449 4463
f 1929 1926 1928
f 4463 4465 4470
f 1212 1211 1184
f 4353 4358 4354
f 1211 1180 1184
f 540 666 566
f 1920 1906 1909
f 1245 1222 1256
f 1257 1245 1256
f 1256 1222 1250
f 3862 3870 3869
f 3867 3876 3862
f 3708 3710 3709
f 1875 1865 1869
f 3706 3713 3708
f 4456 4457 4455
f 4456 4455 4449
f 4470 4460 4463
f 1928 1926 1924
f 666 540 539
f 2571 2572 2565
f 1918 1922 1917
f 1914 1920 1909
f 1958 1961 1956
f 1956 1961 1960
f 3869 3873 3871
f 1260 1242 1257
f 2669 2655 2654
f 1866 1857 1865
f 4461 4462 4457
f 1154 1152 1243
f 1243 1152 1149
f 1243 1149 1251
f 4456 4463 4460
f 4459 4456 4460
f 4350 4353 4354
f 2674 2676 2675
f 2675 2676 2680
f 537 535 534
f 1909 1906 1908
f 1670 1662 1666
f 3871 3873 3875
f 1939 1934 1936
f 1934 1935 1936
f 3705 3706 3708
f 1935 1929 1930
f 1930 1929 1928
f 2672 2674 2673
f 1928 1924 1931
f 2673 2674 2675
f 4349 4353 4350
f 1931 1924 1922
f 2569 2571 2565
f 2576 2578 2582
f 1913 1914 1909
f 1667 1664 1659
f 1667 1659 1662
f 1957 1958 1943
f 1943 1958 1956
f 1943 1956 1948
f 1948 1956 1950
f 1950 1956 1960
f 3862 3869 3868
f 1959 1957 1942
f 1940 1939 1936
f 2677 2669 2654
f 3705 3708 3709
f 2648 2678 2649
f 2647 2648 2649
f 1249 1234 1243
f 1262 1243 1251
f 4461 4457 4458
f 4458 4457 4456
f 1425 1427 1430
f 2578 2591 2586
f 1662 1659 1660
f 1662 1660 1666
f 1942 1957 1943
f 1946 1959 1942
f 3858 3867 3862
f 1962 1959 1946
f 3864 3867 3858
f 1237 1161 1238
f 2650 2672 2671
f 1930 1928 1931
f 3533 3546 3541
f 4349 4350 4351
f 4349 4351 4352
f 1425 1418 1427
f 1623 1626 1627
f 1623 1627 1651
f 1623 1651 1649
f 1651 1627 1665
f 1644 1641 1645
f 1645 1641 1647
f 1645 1647 1656
f 1941 1918 1913
f 1659 1664 1657
f 1943 1948 1944
f 3869 3871 3868
f 3857 3858 3862
f 1249 1243 1262
f 1262 1251 1274
f 1936 1935 1938
f 2663 2671 2673
f 1419 1420 1418
f 1003 1016 1017
f 4352 4351 4355
f 1623 1624 1625
f 1623 1625 1626
f 1624 1623 1649
f 1641 1624 1647
f 1647 1624 1649
f 1661 1651 1665
f 1669 1642 1644
f 1644 1642 1641
f 1649 1651 1661
f 1655 1649 1661
f 1647 1649 1655
f 1656 1655 1657
f 1657 1655 1658
f 1659 1657 1658
f 1659 1658 1660
f 1942 1943 1944
f 1945 1942 1944
f 1945 1946 1942
f 3857 3862 3856
f 3856 3862 3868
f 2677 2652 2679
f 1940 1936 1938
f 1249 1262 1270
f 1271 1262 1274
f 1267 1238 1249
f 977 976 964
f 1237 1238 1261
f 2663 2653 2671
f 1419 1418 1416
f 1003 1015 1016
f 4355 4359 4356
f 1416 1418 1417
f 4352 4355 4356
f 1628 1624 1629
f 1425 1417 1418
f 1425 1430 1426
f 1641 1629 1624
f 1640 1629 1641
f 1642 1640 1641
f 1643 1640 1642
f 1655 1661 1658
f 4053 4054 4048
f 1944 1948 1949
f 1948 1950 1949
f 1949 1950 1954
f 3856 3868 3895
f 3895 3868 3874
f 3868 3871 3874
f 1947 1946 1945
f 3864 3858 3854
f 2679 2652 2662
f 1267 1249 1270
f 1270 1262 1271
f 1261 1238 1267
f 965 977 964
f 964 976 962
f 4346 4347 4348
f 2660 2651 2653
f 1937 1938 1935
f 2660 2653 2663
f 1004 961 1015
f 1003 1004 1015
f 1628 1634 1625
f 1624 1628 1625
f 1625 1634 1626
f 1630 1628 1629
f 1648 1630 1640
f 1640 1630 1629
f 4012 4018 4013
f 4018 4017 4013
f 4017 4053 4047
f 4047 4053 4048
f 3704 3705 3703
f 3853 3864 3854
f 2662 2652 2661
f 3707 3704 3698
f 2661 2652 2660
f 1237 1261 1269
f 964 962 959
f 1240 1237 1269
f 961 959 962
f 962 968 961
f 959 961 960
f 1937 1935 1930
f 1415 1421 1419
f 1416 1415 1419
f 960 1004 1002
f 960 961 1004
f 1631 1632 1628
f 1634 1636 1626
f 1002 1003 997
f 1630 1631 1628
f 146 61 60
f 4020 4018 4012
f 4011 4012 4013
f 3537 3545 3521
f 52 72 73
f 52 73 62
f 62 73 66
f 4013 4017 4016
f 4016 4017 4037
f 66 73 167
f 4037 4017 4047
f 3854 3857 3856
f 3895 3874 3912
f 3912 3874 3984
f 1952 1945 1951
f 1951 1945 1944
f 1951 1944 1949
f 1951 1949 1953
f 1953 1949 1954
f 3856 3895 3861
f 1947 1945 1952
f 3698 3704 3703
f 1269 1261 1267
f 966 978 977
f 966 977 965
f 1955 1947 1952
f 965 964 957
f 957 964 959
f 1415 1424 1421
f 1628 1632 1634
f 1634 1632 1635
f 1634 1635 1636
f 1631 1633 1632
f 63 61 78
f 78 61 146
f 1416 1417 1414
f 4014 4012 4011
f 4014 4011 4015
f 70 72 51
f 4015 4011 4013
f 51 72 52
f 4015 4013 4016
f 66 167 164
f 4047 4048 4042
f 3847 3853 3854
f 981 978 967
f 3856 3861 3860
f 3861 3895 3912
f 967 978 966
f 3689 3698 3703
f 1650 1663 1639
f 1663 1652 1639
f 1639 1652 1638
f 1652 1653 1638
f 1638 1653 1637
f 1637 1653 1668
f 1650 1639 1646
f 1265 1240 1269
f 1632 1639 1638
f 1635 1638 1637
f 958 957 959
f 1633 1646 1639
f 1633 1639 1632
f 958 959 960
f 1264 1225 1265
f 1002 958 960
f 997 1001 1002
f 993 1001 997
f 4014 4020 4012
f 50 70 51
f 4015 4016 4036
f 1178 1179 1177
f 4037 4047 4040
f 202 164 167
f 4040 4047 4042
f 3847 3854 3855
f 3854 3856 3855
f 972 981 967
f 3855 3856 3859
f 3859 3856 3860
f 980 986 981
f 984 986 980
f 1423 1439 1428
f 1428 1429 1424
f 1423 1428 1424
f 966 965 957
f 1423 1424 1415
f 1414 1415 1416
f 2055 2068 2052
f 1001 958 1002
f 74 58 192
f 4021 4014 4019
f 49 53 74
f 4015 4019 4014
f 46 70 50
f 50 51 48
f 3522 3520 3523
f 4036 4016 4037
f 4037 4040 4039
f 3689 3703 3699
f 3848 3853 3847
f 980 981 972
f 3859 3860 3999
f 1422 1438 1439
f 974 984 980
f 1422 1439 1423
f 956 966 957
f 1422 1423 1415
f 1414 1422 1415
f 955 956 957
f 955 957 958
f 2055 2052 2047
f 2047 2052 2048
f 2048 2052 2053
f 955 958 1001
f 1434 1414 1431
f 1431 1414 1417
f 1417 1426 1431
f 1431 1426 1432
f 4038 4037 4039
f 3847 3855 3863
f 1435 1438 1422
f 967 966 956
f 1435 1422 1434
f 1434 1422 1414
f 2066 2073 2055
f 1241 1225 1264
f 4023 4020 4022
f 2072 2074 2066
f 1258 1223 1241
f 991 1001 993
f 46 50 48
f 28 24 26
f 4039 4040 4041
f 3835 3848 3847
f 3863 3855 3859
f 3692 3689 3683
f 216 181 176
f 973 980 972
f 974 980 973
f 947 967 956
f 985 974 975
f 181 182 140
f 2045 2047 2048
f 1241 1264 1272
f 991 955 1001
f 1258 1241 1272
f 4024 4021 4019
f 682 544 617
f 3684 3689 3699
f 3863 3859 3889
f 3683 3689 3684
f 972 967 942
f 942 967 947
f 955 947 956
f 982 985 975
f 4027 4023 4026
f 996 995 988
f 3520 3519 3518
f 1007 1005 1009
f 4051 4039 4041
f 4040 4042 4041
f 3850 3848 3835
f 3863 3889 3891
f 147 176 131
f 973 972 942
f 940 973 942
f 974 973 940
f 946 947 955
f 2042 2055 2047
f 982 975 970
f 2072 2066 2041
f 2041 2066 2055
f 983 982 970
f 992 946 991
f 946 955 991
f 4022 4024 4025
f 1276 1258 1272
f 992 988 995
f 4051 4041 4050
f 4041 4042 4043
f 3835 3847 3827
f 3827 3847 3863
f 3827 3863 3852
f 12 29 32
f 946 942 947
f 2041 2055 2042
f 2043 2042 2047
f 2043 2047 2045
f 4027 4026 4028
f 2069 2070 2026
f 2026 2070 2072
f 1000 946 992
f 996 999 995
f 996 1007 1006
f 149 142 173
f 1007 1009 1008
f 974 940 943
f 941 940 942
f 941 942 946
f 116 118 117
f 109 108 106
f 2043 2045 2044
f 943 975 974
f 2022 2069 2026
f 35 45 41
f 971 983 970
f 999 1000 995
f 1006 999 996
f 128 142 149
f 1006 1007 1008
f 3512 3514 3513
f 4050 4041 4044
f 4041 4043 4044
f 2039 2042 2043
f 943 940 939
f 939 940 941
f 2072 2041 2026
f 2046 2044 2045
f 117 118 119
f 2071 2069 2022
f 2046 2045 2063
f 945 970 943
f 941 946 1000
f 945 943 944
f 939 941 1000
f 979 983 971
f 999 939 1000
f 944 939 999
f 949 944 999
f 949 999 1006
f 3835 3827 3796
f 3800 3852 3891
f 3800 3891 3830
f 3830 3891 3945
f 3682 3683 3680
f 133 113 132
f 113 112 132
f 42 85 43
f 44 32 38
f 2038 2026 2041
f 2039 2043 2044
f 114 105 136
f 137 136 80
f 971 970 948
f 970 945 948
f 943 939 944
f 969 979 971
f 948 945 944
f 949 948 944
f 954 949 1006
f 1010 1006 1008
f 197 173 199
f 4052 4050 4044
f 4045 4044 4043
f 3796 3827 3793
f 132 112 96
f 4239 4235 4234
f 4234 4235 4236
f 3690 3682 3679
f 2037 2071 2022
f 2023 2026 2038
f 2038 2041 2039
f 2022 2026 2023
f 2046 2063 2050
f 4029 4025 4030
f 951 971 948
f 950 948 949
f 950 949 954
f 1010 954 1006
f 1011 1010 1008
f 4046 4044 4045
f 3797 3850 3835
f 3830 3945 3802
f 139 132 95
f 88 87 89
f 89 87 145
f 2449 2463 2458
f 96 112 99
f 99 112 125
f 4240 4239 4234
f 4237 4234 4236
f 125 104 98
f 75 85 42
f 98 104 100
f 38 39 40
f 2044 2046 2049
f 969 971 951
f 2520 2517 2521
f 1012 1010 1011
f 1014 1012 1013
f 1013 1012 1011
f 4055 4052 4049
f 4049 4052 4044
f 4049 4044 4046
f 3835 3796 3797
f 3793 3827 3800
f 3849 3850 3797
f 90 88 89
f 4237 4236 4238
f 95 132 96
f 3682 3680 3679
f 144 85 75
f 2060 2062 2024
f 2013 2024 2059
f 2059 2065 2025
f 2025 2065 2012
f 2012 2065 2037
f 2012 2037 2018
f 1599 1596 1612
f 2039 2044 2040
f 2049 2046 2050
f 4029 4030 4031
f 953 969 951
f 950 951 948
f 2517 2520 2519
f 1012 954 1010
f 3395 3372 3371
f 94 93 92
f 96 99 97
f 2032 2067 2060
f 2449 2458 2453
f 2013 2059 2025
f 2453 2458 2459
f 2459 2458 2460
f 2459 2460 2462
f 2034 2023 2038
f 2016 2022 2023
f 1600 1598 1599
f 3007 3003 2996
f 4032 4029 4031
f 953 951 952
f 952 951 950
f 2516 2515 2510
f 2510 2515 2514
f 2513 2514 2517
f 2513 2517 2518
f 2518 2517 2519
f 952 950 954
f 963 952 1012
f 1012 952 954
f 3370 3373 3371
f 4055 4049 4061
f 199 215 217
f 2456 2451 2450
f 2446 2447 2448
f 3800 3830 3792
f 2449 2446 2448
f 2033 2032 2060
f 3667 3669 3668
f 3000 2998 2999
f 2018 2022 2016
f 2034 2038 2036
f 2038 2039 2036
f 2016 2023 2034
f 2039 2040 2036
f 2995 2998 2996
f 2995 2996 2997
f 2040 2044 2054
f 2054 2044 2049
f 2996 3003 3002
f 2997 2996 3002
f 2049 2050 2051
f 4033 4029 4032
f 963 953 952
f 4064 4063 4062
f 3375 3374 3370
f 3374 3373 3370
f 4061 4049 4056
f 479 620 477
f 2450 2451 2447
f 2450 2447 2446
f 3793 3800 3775
f 3791 3803 3804
f 3782 3797 3796
f 3775 3800 3792
f 3792 3830 3802
f 3802 3803 3791
f 2452 2446 2449
f 2452 2449 2453
f 2033 2060 2014
f 2014 2060 2024
f 2014 2024 2005
f 2005 2024 2013
f 3678 3679 3680
f 2007 2025 2009
f 3009 3000 3008
f 4330 4332 4331
f 3008 3000 3001
f 2015 2018 2016
f 2036 2040 2056
f 3702 3672 3676
f 3676 3672 3670
f 2054 2049 2057
f 2057 2049 2051
f 3002 3003 3004
f 2511 2509 2508
f 2508 2509 2510
f 2508 2510 2512
f 2510 2513 2512
f 2527 2532 2511
f 4059 4064 4062
f 620 660 477
f 3792 3802 3789
f 3789 3802 3791
f 3791 3804 3790
f 2455 2456 2450
f 2455 2450 2454
f 2454 2450 2446
f 3845 3849 3797
f 3845 3797 3782
f 2454 2446 2452
f 4247 4237 4238
f 3678 3680 3687
f 3677 3679 3678
f 2009 2012 2010
f 2010 2012 2015
f 3681 3679 3677
f 4329 4330 4331
f 3666 3681 3674
f 3671 3666 3674
f 2016 2034 2035
f 2035 2034 2036
f 3676 3670 3673
f 2056 2040 2054
f 3728 3731 3730
f 3730 3731 3736
f 3731 3737 3736
f 3700 3702 3676
f 2522 2511 2508
f 2349 2351 2350
f 4062 4061 4056
f 3781 3793 3775
f 3782 3796 3781
f 3781 3796 3793
f 3798 3790 3799
f 2032 2033 2031
f 2454 2452 2461
f 2452 2453 2457
f 2457 2453 2459
f 4246 4250 4234
f 2457 2459 2462
f 3676 3673 3685
f 2036 2056 2064
f 3726 3730 3735
f 3735 3730 3736
f 3700 3676 3695
f 4033 4032 4034
f 2523 2511 2522
f 2528 2527 2523
f 2529 2528 2523
f 4058 4056 4057
f 1142 1132 1141
f 1141 1132 1133
f 3792 3789 3783
f 3791 3790 3789
f 2033 2014 2004
f 2031 2033 2004
f 3798 3799 3771
f 2005 2013 2007
f 2007 2009 2008
f 2008 2009 2010
f 2461 2452 2457
f 3675 3674 3677
f 3769 3770 3768
f 1112 1114 1102
f 3725 3726 3727
f 3726 3735 3734
f 1102 1114 1106
f 1114 1115 1106
f 3734 3735 3739
f 3739 3735 3740
f 3740 3735 3736
f 1106 1115 1116
f 1116 1108 1106
f 1108 1116 1117
f 2326 2327 2328
f 4034 4035 4059
f 517 513 516
f 518 517 516
f 516 513 514
f 3385 3384 3382
f 3384 3383 3382
f 3382 3383 3380
f 3387 3385 3386
f 3386 3385 3382
f 1139 1132 1142
f 3781 3775 3780
f 3790 3798 3787
f 3787 3798 3766
f 2004 2014 2005
f 3798 3771 3766
f 3766 3771 3764
f 2010 2015 2016
f 3685 3671 3686
f 2017 2016 2035
f 3732 3727 3726
f 3732 3726 3734
f 2276 2275 2274
f 2274 2275 2271
f 1108 1117 1111
f 2530 2528 2529
f 4060 4059 4058
f 1132 1129 1133
f 469 622 661
f 3779 3782 3781
f 3785 3783 3789
f 3785 3789 3787
f 3789 3790 3787
f 3801 3845 3782
f 3801 3782 3779
f 2004 2005 2003
f 2003 2005 2006
f 2006 2005 2007
f 2006 2007 2008
f 3693 3678 3687
f 3764 3771 3763
f 3763 3771 3769
f 3763 3769 3768
f 2299 2297 2282
f 2058 2035 2036
f 2058 2036 2064
f 3733 3727 3732
f 3729 3727 3733
f 1108 1111 1110
f 1106 1108 1107
f 1107 1108 1109
f 1109 1108 1110
f 2293 2333 2332
f 1128 1109 1129
f 1129 1125 1133
f 3392 3391 3390
f 1128 1129 1132
f 1138 1128 1139
f 1147 1138 1146
f 3779 3781 3780
f 3775 3792 3783
f 2030 2032 2031
f 4249 4250 4246
f 2017 2010 2016
f 3943 3978 3973
f 3973 3978 3975
f 3768 3770 3767
f 3697 3685 3686
f 2270 2272 2278
f 1113 1112 1103
f 3729 3733 3738
f 1102 1106 1092
f 1092 1106 1107
f 1109 1110 1125
f 1109 1125 1129
f 1119 1107 1109
f 1130 1119 1128
f 1119 1109 1128
f 1279 1281 1280
f 1131 1130 1128
f 1138 1131 1128
f 1137 1131 1138
f 1147 1137 1138
f 2030 2031 2028
f 2031 2004 2028
f 3760 3768 3767
f 3974 3975 3976
f 3974 3976 3977
f 3937 3939 3942
f 3938 3939 3937
f 2279 2270 2278
f 3940 3944 3936
f 2017 2035 2058
f 2342 2291 2338
f 1100 1112 1102
f 1091 1102 1092
f 1092 1107 1119
f 1120 1130 1131
f 478 623 622
f 3775 3783 3773
f 3783 3785 3784
f 3801 3779 3778
f 3787 3766 3788
f 3765 3766 3764
f 3696 3678 3694
f 3694 3678 3693
f 3764 3763 3762
f 3675 3678 3696
f 3716 3675 3696
f 3762 3763 3760
f 2008 2010 2011
f 2309 2303 2305
f 2011 2010 2017
f 2323 2304 2309
f 2320 2323 2309
f 3760 3767 3761
f 3935 3936 3937
f 3936 3938 3937
f 3932 3940 3936
f 3941 3940 3932
f 2254 2250 2255
f 1103 1112 1100
f 1100 1102 1091
f 1120 1092 1119
f 1120 1119 1130
f 344 343 262
f 344 262 676
f 1134 1120 1131
f 1137 1134 1131
f 1137 1147 1145
f 453 350 351
f 3772 3780 3775
f 3772 3775 3773
f 3778 3779 3772
f 3779 3780 3772
f 3786 3785 3787
f 3786 3787 3788
f 3805 3801 3795
f 3765 3764 3762
f 3943 3973 3913
f 3913 3973 3974
f 3931 3937 3972
f 1122 1140 1113
f 1090 1091 1092
f 1090 1092 1120
f 449 453 351
f 2994 2991 2990
f 2322 2310 2318
f 2310 2314 2318
f 3773 3783 3784
f 3786 3784 3785
f 2028 2004 2000
f 2000 2004 2003
f 2317 2314 2315
f 3788 3766 3765
f 2313 2312 2316
f 3795 3801 3778
f 2002 2006 2008
f 2002 2008 2011
f 3602 3601 3600
f 4262 4249 4243
f 3972 3942 3915
f 3603 3601 3602
f 3602 3600 3608
f 3600 3611 3608
f 3942 3943 3915
f 3943 3913 3915
f 3913 3974 3905
f 3605 3603 3602
f 3615 3608 3611
f 3605 3602 3606
f 3602 3608 3606
f 3904 3982 3903
f 1104 1113 1103
f 2213 2245 2215
f 1094 1100 1091
f 1095 1090 1120
f 3591 3594 3592
f 3598 3599 3594
f 2061 2003 2002
f 2003 2006 2002
f 3600 3599 3598
f 3611 3598 3612
f 3611 3612 3613
f 3759 3760 3761
f 3907 3990 3989
f 1126 1140 1122
f 3915 3913 3914
f 3901 3903 3907
f 3931 3972 3917
f 3917 3972 3915
f 3917 3915 3916
f 3913 3905 3906
f 3914 3913 3906
f 3919 3931 3917
f 3919 3917 3918
f 3906 3905 3902
f 3902 3905 3904
f 3902 3904 3903
f 3902 3903 3901
f 1118 1122 1113
f 1118 1113 1104
f 1103 1100 1098
f 1098 1100 1094
f 1094 1091 1093
f 1093 1091 1090
f 1095 1093 1090
f 1095 1134 1137
f 1302 1310 1308
f 1310 1283 1301
f 2990 2991 2992
f 3591 3592 3593
f 3772 3773 3774
f 3816 3784 3786
f 2000 2003 1993
f 4244 4247 4248
f 2029 2030 2028
f 1993 2003 2061
f 3597 3594 3591
f 3795 3778 3794
f 3794 3778 3777
f 3777 3778 3772
f 3598 3594 3597
f 3762 3760 3758
f 3597 3604 3612
f 3612 3604 3613
f 3604 3614 3613
f 3989 3911 3907
f 1124 1126 1122
f 3916 3915 3914
f 3918 3917 3916
f 3926 3929 3928
f 3924 3928 3919
f 3926 3928 3924
f 2258 2260 2259
f 2256 2258 2259
f 1105 1118 1104
f 2215 2257 2256
f 2216 2215 2256
f 1105 1104 1101
f 1101 1104 1098
f 1098 1104 1103
f 1093 1098 1094
f 1135 1095 1137
f 1143 1135 1145
f 623 673 674
f 1326 1335 1327
f 2993 2990 2992
f 3595 3591 3593
f 3595 3593 3596
f 3788 3765 3832
f 4230 4231 4232
f 4233 4230 4232
f 3776 3772 3774
f 4241 4244 4248
f 3597 3591 3604
f 3604 3591 3595
f 3604 3595 3614
f 3614 3595 3610
f 3909 3794 3777
f 3777 3772 3776
f 3843 3907 3911
f 3843 3911 3909
f 3897 3907 3843
f 3758 3760 3759
f 3922 3916 3923
f 3923 3916 3914
f 3923 3914 3988
f 3901 3907 3897
f 1123 1124 1122
f 3918 3916 3922
f 3914 3906 3983
f 3920 3919 3918
f 1121 1123 1122
f 1121 1122 1118
f 3925 3924 3920
f 3925 3926 3924
f 3986 3987 3925
f 1121 1118 1105
f 1343 1307 1308
f 3327 3326 3317
f 3317 3326 3316
f 1317 1319 1333
f 449 351 352
f 3773 3784 3806
f 3784 3816 3807
f 3816 3788 3817
f 3817 3788 3832
f 3595 3596 3607
f 3840 3909 3777
f 3843 3909 3840
f 1124 1127 1126
f 3914 3983 3988
f 3921 3918 3922
f 3906 3902 3908
f 3920 3918 3921
f 3986 3925 3985
f 3436 3437 3435
f 2212 2214 2206
f 1099 1101 1098
f 1099 1098 1093
f 1097 1099 1093
f 1097 1093 1096
f 1096 1093 1095
f 1096 1095 1135
f 1136 1096 1135
f 1344 1307 1343
f 1143 1136 1135
f 1144 1136 1143
f 3316 3326 3314
f 506 673 481
f 1324 1323 1331
f 328 346 314
f 3774 3773 3806
f 3765 3762 3880
f 2028 2000 2027
f 3838 3776 3774
f 3424 3425 3426
f 3958 3961 3959
f 3958 3959 3957
f 4262 4243 4261
f 2712 2709 2711
f 2711 2709 2710
f 2710 2709 2705
f 3898 3901 3897
f 3983 3906 3908
f 3902 3901 3898
f 3927 3925 3920
f 4137 4140 4143
f 3313 3317 3316
f 3313 3316 3314
f 3832 3765 3865
f 3838 3774 3809
f 3809 3774 3806
f 3806 3784 3807
f 1993 2061 2002
f 3958 3957 3954
f 2697 2716 2710
f 2705 2708 2706
f 3900 3908 3902
f 3900 3902 3898
f 3985 3925 3927
f 3747 3751 3750
f 3432 3436 3428
f 3438 3440 3441
f 2219 2220 2224
f 3313 3314 3315
f 1339 1324 1331
f 408 434 352
f 3865 3765 3880
f 3807 3816 3815
f 3815 3816 3817
f 3880 3762 3758
f 2029 2028 2027
f 3840 3777 3839
f 3777 3776 3831
f 3843 3840 3841
f 3424 3426 3433
f 3957 3959 3960
f 3957 3960 3962
f 2697 2704 2695
f 2695 2704 2717
f 2695 2717 2693
f 3886 3843 3841
f 3953 3958 3954
f 2693 2717 2707
f 3948 3947 3949
f 2694 2707 2698
f 3900 3898 3899
f 3946 3947 3948
f 4270 4271 4272
f 3430 3428 3435
f 3317 3313 3318
f 1728 1729 1716
f 3883 3880 3758
f 1991 2002 2001
f 3841 3840 3839
f 3839 3777 3831
f 2696 2695 2681
f 4265 4261 4242
f 3955 3954 3956
f 3954 3957 3956
f 3953 3954 3952
f 3952 3954 3955
f 3949 3953 3952
f 3898 3897 3896
f 3896 3897 3886
f 2694 2698 2686
f 3963 3946 3948
f 9 10 11
f 4374 4375 4376
f 4273 4270 4272
f 3927 3946 3963
f 3979 3927 3963
f 3321 3317 3318
f 3318 3313 3315
f 1724 1723 1722
f 1729 1722 1716
f 3815 3817 3828
f 3828 3817 3832
f 1992 2000 1993
f 3831 3776 3838
f 3758 3756 3754
f 3754 3756 3755
f 1994 2001 1995
f 1995 2001 2021
f 2681 2693 2682
f 2681 2682 2683
f 3949 3952 3951
f 3433 3427 3434
f 3950 3948 3949
f 3434 3427 3429
f 3997 3998 3963
f 3318 3319 3321
f 3319 3318 3320
f 3320 3318 3315
f 4334 4336 4337
f 1722 1717 1716
f 1714 1715 1702
f 1701 1725 1681
f 1715 1714 1716
f 1712 1714 1703
f 408 352 355
f 3828 3832 3866
f 3831 3838 3809
f 3883 3758 3754
f 3824 3839 3831
f 3753 3754 3755
f 3851 3841 3839
f 4265 4242 4245
f 3755 3756 3757
f 2413 2415 2412
f 3886 3841 3893
f 3896 3886 3893
f 3950 3949 3951
f 3966 3948 3965
f 3965 3948 3950
f 3446 3444 3484
f 1700 1684 1721
f 4333 4336 4334
f 1716 1717 1715
f 3866 3865 3877
f 3865 3880 3878
f 3808 3809 3806
f 3808 3806 3807
f 3808 3807 3814
f 3878 3880 3883
f 3814 3807 3815
f 3883 3754 3884
f 3884 3754 3753
f 1983 2029 2027
f 1992 1993 1991
f 3851 3839 3824
f 1991 2001 1994
f 2683 2684 2688
f 2689 2687 2690
f 3893 3841 3892
f 2412 2416 2417
f 2417 2416 2428
f 2414 2413 2402
f 2401 2412 2373
f 2373 2412 2417
f 3965 3950 3964
f 2399 2414 2402
f 2399 2402 2398
f 2401 2373 2376
f 2373 2417 2371
f 4135 4142 4141
f 3429 3428 3430
f 4136 4134 4141
f 1685 1684 1700
f 3323 3319 3322
f 3322 3319 3320
f 1702 1698 1697
f 1702 1697 1703
f 1707 1697 1681
f 363 362 315
f 3877 3865 3878
f 3810 3809 3808
f 3820 3815 3828
f 3828 3866 3820
f 3820 3866 3877
f 3820 3877 3822
f 3878 3883 3882
f 3882 3883 3884
f 3824 3831 3810
f 3810 3831 3809
f 1973 2000 1992
f 3641 3640 3643
f 4251 4245 4241
f 2683 2688 2699
f 2699 2688 2691
f 3892 3841 3851
f 1738 1802 1801
f 2417 2428 2429
f 2403 2399 2396
f 2396 2399 2398
f 2401 2402 2412
f 2371 2429 2369
f 2376 2373 2367
f 2373 2371 2367
f 2418 2419 2407
f 2420 2419 2418
f 2424 2420 2423
f 2469 2473 2470
f 2238 2243 2239
f 2238 2239 2237
f 3457 3459 3461
f 2204 2238 2237
f 2227 2204 2237
f 2209 2227 2226
f 1673 1675 1680
f 1698 1673 1697
f 1681 1673 1680
f 1693 1710 1694
f 1697 1673 1681
f 3879 3877 3878
f 3879 3878 3881
f 4113 4111 4110
f 4110 4111 4112
f 3851 3824 3836
f 3641 3644 3642
f 4207 4208 4209
f 4241 4248 4259
f 3645 3641 3643
f 1994 1995 1990
f 2429 2430 2369
f 2369 2430 2382
f 2407 2403 2406
f 2405 2407 2406
f 2406 2403 2396
f 2396 2398 2397
f 2395 2396 2397
f 2397 2398 2400
f 2402 2401 2398
f 2400 2398 2401
f 2400 2401 2378
f 2378 2401 2376
f 2418 2407 2405
f 2422 2418 2421
f 3429 3430 3447
f 2423 2420 2418
f 2410 2423 2418
f 2410 2418 2422
f 2425 2423 2410
f 3457 3461 3460
f 2227 2237 2236
f 1674 1682 1685
f 1674 1685 1675
f 1673 1674 1675
f 1719 1704 1706
f 1710 1693 1699
f 495 496 443
f 3881 3878 3882
f 3823 3808 3814
f 3821 3820 3822
f 3547 3556 3555
f 4281 4282 4283
f 4211 4207 4210
f 4274 4275 4276
f 4210 4207 4209
f 2027 2000 1973
f 2433 2432 2434
f 2699 2692 2700
f 3650 3646 3645
f 2431 2432 2433
f 1991 1994 1990
f 2431 2428 2432
f 2430 2428 2431
f 1738 1801 1776
f 1741 1738 1776
f 2430 2431 2382
f 2382 2431 2443
f 1988 1995 1996
f 1996 1995 2019
f 2384 2396 2395
f 2397 2400 2385
f 2368 2369 2381
f 2405 2406 2396
f 2378 2376 2375
f 2375 2376 2367
f 2367 2369 2368
f 2375 2367 2366
f 2366 2367 2368
f 3458 3459 3457
f 2425 2410 2426
f 3457 3460 3456
f 1682 1684 1685
f 1676 1673 1698
f 1706 1704 1692
f 1692 1693 1694
f 1706 1692 1694
f 405 407 355
f 3811 3808 3823
f 3815 3820 3819
f 3551 3556 3547
f 2703 2701 2702
f 4128 4129 4130
f 3836 3824 3825
f 3812 3824 3810
f 3823 3814 3818
f 3818 3814 3815
f 1976 2027 1973
f 1740 1739 1736
f 1739 1737 1736
f 3647 3649 3648
f 3649 3655 3648
f 4252 4241 4259
f 1736 1737 1738
f 1971 1991 1990
f 1990 1995 1988
f 2384 2395 2385
f 2381 2369 2382
f 2019 2020 1996
f 2385 2400 2377
f 2377 2400 2378
f 1996 2020 1998
f 2408 2421 2405
f 2377 2378 2375
f 2474 2469 2471
f 2469 2470 2471
f 2471 2470 2472
f 2422 2421 2408
f 2374 2375 2366
f 3455 3457 3456
f 3449 3453 3452
f 2234 2236 2240
f 2233 2234 2235
f 1376 1381 1380
f 1381 1382 1380
f 1684 1695 1696
f 3467 3466 3476
f 1704 1708 1705
f 1704 1705 1690
f 1676 1674 1673
f 1704 1690 1692
f 1692 1688 1693
f 4287 4288 4289
f 1699 1688 1676
f 1676 1698 1699
f 324 316 311
f 405 355 358
f 3810 3808 3811
f 4204 4211 4210
f 3825 3824 3812
f 3818 3815 3819
f 1972 1973 1992
f 1972 1992 1991
f 1972 1991 1971
f 2431 2433 2445
f 2445 2433 2442
f 1736 1738 1741
f 3968 3981 3980
f 3992 3993 3981
f 3992 3994 3993
f 2384 2385 2386
f 2387 2384 2386
f 2405 2384 2387
f 2408 2405 2387
f 2377 2386 2385
f 2386 2377 2388
f 2388 2377 2389
f 2377 2375 2374
f 2389 2377 2374
f 3458 3457 3455
f 2372 2374 2366
f 2372 2366 2370
f 2366 2368 2370
f 3449 3452 3451
f 3450 3451 3463
f 2201 2202 2180
f 2201 2180 2198
f 2200 2201 2198
f 1679 1683 1682
f 1679 1682 1674
f 1678 1679 1674
f 1705 1691 1690
f 1677 1674 1676
f 1692 1690 1688
f 2091 2092 2094
f 2094 2092 2110
f 1688 1677 1676
f 2094 2110 2111
f 2111 2110 2112
f 2111 2112 2113
f 219 246 220
f 363 317 325
f 3885 3881 3996
f 3996 3881 3991
f 3881 3882 3991
f 4206 4204 4203
f 2434 2439 2440
f 3812 3810 3811
f 3818 3819 3842
f 3819 3820 3821
f 1762 1777 1742
f 4205 4204 4210
f 4203 4204 4205
f 2441 2434 2440
f 1742 1740 1736
f 1983 2027 1976
f 2433 2434 2442
f 2442 2434 2441
f 2381 2382 2383
f 2387 2386 2390
f 2390 2386 2388
f 2404 2408 2391
f 2388 2389 2394
f 2409 2408 2404
f 2374 2372 2435
f 2370 2368 2379
f 3455 3456 3453
f 2410 2422 2408
f 2409 2410 2408
f 3453 3449 3448
f 3449 3451 3450
f 2427 2426 2409
f 1378 1377 1376
f 1378 1376 1380
f 1378 1380 1390
f 1380 1382 1383
f 1691 1689 1690
f 1677 1686 1678
f 1690 1689 1688
f 1689 1686 1688
f 1686 1677 1688
f 1677 1678 1674
f 2090 2089 2091
f 2091 2089 2092
f 3890 3885 3996
f 3826 3811 3823
f 3842 3819 3890
f 3837 3823 3818
f 2900 2902 2909
f 1762 1742 1736
f 3968 3980 3934
f 1990 1988 1967
f 1996 1998 1997
f 2391 2387 2390
f 2390 2388 2394
f 2472 2494 2484
f 2404 2391 2392
f 2392 2391 2390
f 2394 2374 2435
f 2379 2368 2380
f 3455 3453 3454
f 2436 2370 2379
f 3448 3449 3450
f 1372 1376 1377
f 2184 2185 2183
f 2182 2184 2183
f 2182 2181 2180
f 2198 2180 2179
f 1686 1726 1687
f 1686 1687 1678
f 2081 2086 2085
f 2081 2085 2083
f 392 293 341
f 2083 2085 2089
f 771 769 772
f 363 325 366
f 292 318 319
f 2900 2907 2901
f 3825 3812 3829
f 3813 3812 3811
f 3826 3823 3837
f 4252 4259 4260
f 1977 1983 1976
f 1977 1976 1975
f 1975 1976 1973
f 1762 1736 1761
f 1971 1990 1967
f 1967 1988 1989
f 3992 3968 3995
f 1989 1988 1996
f 1989 1996 1997
f 2487 2471 2472
f 2392 2390 2393
f 2390 2394 2393
f 2411 2409 2404
f 4114 4117 4115
f 2437 2379 2380
f 4115 4118 4116
f 4114 4115 4116
f 4116 4118 4127
f 2438 2436 2437
f 2436 2379 2437
f 2192 2193 2190
f 2195 2193 2192
f 1375 1376 1373
f 2184 2195 2192
f 2185 2192 2187
f 2184 2192 2185
f 2185 2186 2183
f 1348 1372 1377
f 2182 2183 2181
f 2181 2183 2175
f 1348 1377 1378
f 2181 2175 2174
f 1379 1348 1378
f 1379 1378 1390
f 1384 1390 1380
f 1384 1380 1383
f 2106 2107 2103
f 2106 2103 2104
f 3352 3348 3353
f 2081 2093 2086
f 2075 2076 2077
f 2077 2076 2081
f 329 293 282
f 2077 2081 2082
f 2082 2081 2083
f 3481 3483 3488
f 340 677 326
f 3829 3812 3813
f 3813 3811 3826
f 2908 2907 2900
f 3887 3888 3825
f 3887 3825 3829
f 1753 1772 1764
f 2909 2908 2900
f 3934 3888 3887
f 1760 1763 1762
f 1970 1972 1971
f 1964 1971 1967
f 1761 1736 1741
f 4003 4004 3992
f 1997 1998 1999
f 4005 4004 4003
f 2489 2471 2487
f 2487 2472 2484
f 2484 2494 2493
f 4125 4122 4124
f 3454 3453 3448
f 4124 4122 4123
f 4123 4122 4121
f 4121 4122 4120
f 4120 4117 4119
f 4121 4120 4119
f 4119 4117 4114
f 2916 2921 2928
f 2190 2191 2189
f 2187 2190 2189
f 2925 2926 2924
f 2192 2190 2187
f 2187 2189 2188
f 2187 2188 2186
f 2146 2186 2188
f 1352 1372 1348
f 2183 2186 2175
f 2174 2175 2147
f 2180 2181 2174
f 2180 2174 2179
f 2117 2179 2108
f 2096 2088 2087
f 2087 2088 2080
f 2080 2079 2075
f 2079 2078 2075
f 1384 1379 1390
f 2087 2080 2084
f 2084 2080 2075
f 2075 2078 2076
f 2076 2093 2081
f 2103 2099 2104
f 2104 2099 2105
f 1384 1383 1385
f 3479 3480 3478
f 766 771 774
f 3813 3826 3833
f 1752 1773 1771
f 1753 1771 1772
f 1975 1973 1974
f 1973 1972 1969
f 1974 1973 1969
f 1969 1972 1970
f 1764 1763 1760
f 3968 3934 3887
f 1760 1762 1761
f 1970 1971 1964
f 4212 4213 4214
f 1761 1741 1766
f 2465 2468 2466
f 2910 2911 2912
f 2913 2914 2911
f 2481 2484 2493
f 2915 2916 2914
f 2495 2496 2491
f 2491 2496 2492
f 2194 2196 2191
f 2920 2921 2916
f 2919 2920 2916
f 1374 1375 1373
f 2925 2924 2922
f 2922 2924 2923
f 2922 2923 2920
f 2922 2920 2919
f 1373 1372 1352
f 2188 2189 2197
f 2146 2188 2145
f 2140 2131 2142
f 2131 2128 2142
f 2143 2139 2141
f 2139 2140 2141
f 1352 1348 1349
f 2186 2146 2147
f 2147 2146 2144
f 2147 2144 2172
f 1349 1348 1346
f 2173 2174 2147
f 2179 2174 2173
f 1347 1348 1379
f 1348 1347 1346
f 2108 2179 2173
f 2100 2102 2097
f 2097 2102 2088
f 2096 2097 2088
f 1347 1379 1391
f 1391 1379 1384
f 2098 2099 2097
f 2097 2096 2095
f 2098 2097 2095
f 2095 2096 2087
f 1386 1384 1385
f 318 321 670
f 1753 1764 1757
f 1757 1764 1760
f 4258 4253 4260
f 1969 1970 1964
f 2158 2161 2159
f 1765 1761 1766
f 2464 2467 2465
f 2912 2917 2927
f 2156 2158 2157
f 2157 2158 2159
f 1766 1741 1776
f 1766 1776 1788
f 2155 2157 2159
f 2156 2157 2155
f 2466 2468 2490
f 2468 2489 2490
f 2155 2159 2160
f 2488 2489 2487
f 2913 2911 2910
f 2481 2493 2480
f 2915 2914 2913
f 2154 2155 2162
f 2162 2155 2160
f 3149 3148 3139
f 2916 2915 2918
f 2163 2154 2162
f 2154 2163 2152
f 3741 3744 3742
f 3744 3745 3742
f 3742 3745 3746
f 2197 2149 2188
f 2188 2149 2138
f 3141 3145 3139
f 2127 2128 2129
f 2132 2130 2131
f 2130 2128 2131
f 2145 2188 2138
f 2145 2138 2137
f 2137 2135 2139
f 2139 2135 2132
f 2139 2132 2140
f 2140 2132 2131
f 3141 3139 3140
f 3142 3141 3140
f 2145 2137 2144
f 2144 2137 2143
f 2143 2137 2139
f 2146 2145 2144
f 2141 2140 2142
f 3142 3140 3143
f 1353 1352 1349
f 2144 2143 2170
f 2143 2141 2170
f 2141 2142 2171
f 3143 3140 3146
f 2172 2144 2170
f 2172 2170 2118
f 2118 2170 2141
f 2118 2141 2164
f 2164 2141 2171
f 3146 3140 3150
f 2173 2147 2172
f 2171 2167 2165
f 2164 2171 2165
f 2108 2173 2101
f 2101 2173 2100
f 2101 2100 2099
f 766 774 773
f 902 866 928
f 866 864 928
f 304 659 321
f 662 663 339
f 1767 1773 1752
f 1752 1771 1753
f 1969 1964 1963
f 1760 1761 1759
f 1963 1964 1965
f 4255 4254 4253
f 2464 2465 2466
f 3157 3148 3160
f 2490 2489 2488
f 2153 2156 2155
f 2154 2153 2155
f 2480 2493 2491
f 2151 2153 2152
f 2152 2153 2154
f 2491 2493 2495
f 2915 2913 2918
f 2150 2151 2133
f 2919 2916 2918
f 2133 2152 2163
f 2133 2163 2130
f 3741 3742 3743
f 2138 2149 2136
f 2136 2149 2148
f 1354 1353 1349
f 2786 2772 2770
f 3150 3140 3151
f 2120 2118 2164
f 2120 2164 2122
f 2122 2164 2165
f 3150 3151 3152
f 2173 2172 2100
f 2119 2118 2120
f 2165 2166 2122
f 2166 2165 2167
f 2166 2167 2168
f 2166 2168 2169
f 1345 1346 1347
f 1392 1391 1386
f 1386 1391 1384
f 902 859 857
f 902 857 866
f 761 760 766
f 761 766 773
f 920 859 902
f 759 767 764
f 1387 1386 1385
f 396 659 304
f 764 767 768
f 3829 3813 3834
f 3834 3813 3833
f 1755 1753 1757
f 1980 1977 1979
f 1979 1977 1978
f 1977 1975 1978
f 1975 1982 1978
f 1982 1975 1974
f 1759 1761 1765
f 1965 1964 1966
f 1964 1967 1966
f 1765 1766 1788
f 2488 2487 2483
f 2483 2487 2484
f 2483 2484 2481
f 2134 2150 2133
f 2134 2148 2150
f 2121 2120 2122
f 2166 2169 2176
f 2169 2177 2176
f 2122 2166 2178
f 1350 1347 1391
f 1347 1350 1345
f 866 857 860
f 1392 1350 1391
f 866 860 864
f 925 890 920
f 864 861 863
f 414 412 415
f 3894 3887 3829
f 3970 3887 3894
f 1752 1753 1748
f 1748 1753 1755
f 1754 1755 1757
f 1757 1760 1759
f 779 775 777
f 775 776 777
f 777 776 778
f 852 833 849
f 1966 1967 1968
f 849 833 823
f 2464 2466 2490
f 2485 2492 2498
f 1374 1373 1362
f 1356 1353 1355
f 1355 1353 1354
f 701 702 700
f 858 856 857
f 2178 2166 2176
f 857 856 855
f 857 855 860
f 761 758 760
f 920 890 859
f 860 907 861
f 864 860 861
f 903 890 925
f 1386 1387 1388
f 1774 1767 1768
f 1748 1755 1754
f 1984 1980 1981
f 1981 1980 1979
f 1754 1757 1758
f 1758 1757 1759
f 852 851 782
f 782 851 779
f 779 777 781
f 1785 1759 1769
f 852 849 938
f 782 779 781
f 1769 1759 1765
f 823 833 782
f 823 782 813
f 4263 4255 4257
f 938 849 848
f 1769 1765 1782
f 848 849 823
f 2483 2481 2482
f 2481 2480 2478
f 918 848 822
f 822 848 823
f 2480 2491 2485
f 2491 2492 2485
f 856 854 855
f 886 856 858
f 855 853 907
f 889 886 859
f 859 886 858
f 890 889 859
f 860 855 907
f 773 758 761
f 758 773 862
f 760 758 753
f 760 753 757
f 757 747 759
f 764 757 759
f 863 862 773
f 1748 1754 1749
f 1754 1758 1756
f 1985 1984 1981
f 1981 1979 1987
f 875 876 874
f 873 875 874
f 876 891 874
f 874 891 877
f 813 782 812
f 812 782 781
f 873 874 872
f 2553 2554 2550
f 2550 2554 2560
f 878 877 882
f 880 848 918
f 2488 2483 2499
f 2482 2481 2478
f 871 873 872
f 878 882 879
f 823 813 815
f 822 823 815
f 918 822 824
f 872 869 871
f 701 700 698
f 2756 2758 2757
f 887 885 886
f 856 896 854
f 854 828 853
f 855 854 853
f 898 899 887
f 887 886 889
f 890 898 887
f 890 887 889
f 756 758 765
f 758 756 753
f 765 758 862
f 903 898 890
f 915 898 903
f 925 915 903
f 930 915 925
f 863 861 862
f 1345 1350 1351
f 291 669 396
f 303 291 396
f 368 399 359
f 1392 1386 1389
f 1389 1386 1388
f 3894 3829 3844
f 3844 3829 3834
f 1768 1767 1750
f 1767 1752 1750
f 1750 1752 1748
f 3970 3894 3971
f 1747 1748 1749
f 1749 1754 1756
f 781 777 780
f 777 778 780
f 892 875 873
f 780 778 783
f 893 892 873
f 781 780 791
f 783 784 780
f 784 788 786
f 2490 2488 2505
f 2505 2488 2501
f 2501 2488 2499
f 2499 2483 2482
f 815 813 812
f 781 740 812
f 2482 2478 2479
f 884 873 871
f 872 874 869
f 869 874 877
f 869 877 878
f 696 707 706
f 867 878 879
f 1361 1362 1359
f 881 884 871
f 869 878 867
f 867 918 824
f 815 812 746
f 824 822 821
f 821 822 815
f 821 815 820
f 820 815 746
f 888 881 887
f 887 881 885
f 881 871 870
f 870 871 869
f 869 867 868
f 868 867 828
f 828 867 824
f 828 824 821
f 870 869 868
f 821 820 830
f 899 888 887
f 885 881 870
f 896 870 868
f 854 868 828
f 886 885 870
f 886 870 896
f 853 828 765
f 756 765 755
f 861 853 765
f 861 765 862
f 901 898 915
f 753 752 747
f 291 665 669
f 1350 1392 1389
f 1746 1747 1749
f 1986 1985 1981
f 1986 1981 1987
f 879 883 880
f 740 781 791
f 785 780 784
f 893 873 884
f 879 880 867
f 2499 2482 2479
f 2476 2480 2485
f 698 699 696
f 746 812 740
f 703 701 698
f 897 893 888
f 893 884 888
f 1357 1356 1355
f 1357 1355 1358
f 888 884 881
f 899 897 888
f 829 821 830
f 828 821 829
f 745 820 746
f 901 897 899
f 820 745 754
f 901 899 898
f 765 828 829
f 829 830 755
f 830 820 755
f 755 820 754
f 765 829 755
f 753 755 754
f 753 754 752
f 752 745 747
f 924 901 915
f 398 665 291
f 749 751 770
f 770 751 913
f 401 450 403
f 1351 1350 1389
f 403 432 413
f 1744 1750 1748
f 1744 1748 1747
f 1744 1747 1746
f 691 708 690
f 895 892 894
f 894 892 893
f 791 780 789
f 785 784 786
f 2478 2480 2476
f 789 780 785
f 894 893 897
f 741 740 791
f 745 746 739
f 923 897 901
f 752 754 745
f 745 739 742
f 924 926 901
f 2730 2757 2727
f 744 751 749
f 1389 1388 1394
f 415 419 417
f 1394 1388 1395
f 1774 1768 1770
f 1770 1768 1750
f 3910 3971 3894
f 3910 3894 3844
f 1751 1750 1744
f 690 708 693
f 900 895 894
f 696 695 694
f 789 785 790
f 785 786 787
f 1360 1361 1359
f 703 698 697
f 919 900 897
f 900 894 897
f 741 791 799
f 791 789 799
f 790 785 787
f 799 789 802
f 789 790 802
f 739 740 741
f 923 919 897
f 739 741 742
f 923 901 926
f 744 750 751
f 751 750 832
f 284 285 286
f 748 742 744
f 927 926 924
f 748 744 749
f 763 748 749
f 1393 1351 1389
f 3846 3844 3834
f 1775 1774 1770
f 1770 1750 1751
f 690 693 689
f 1743 1751 1744
f 686 691 684
f 684 691 690
f 1743 1744 1745
f 686 692 691
f 2791 2774 2777
f 1745 1744 1746
f 694 695 692
f 929 900 936
f 900 929 895
f 697 696 694
f 2475 2479 2478
f 2476 2485 2486
f 2549 2550 2551
f 2504 2501 2499
f 2550 2549 2553
f 1364 1357 1358
f 802 790 811
f 743 741 799
f 743 799 802
f 743 802 811
f 2747 2750 2729
f 933 919 923
f 742 741 743
f 743 811 750
f 934 933 923
f 926 934 923
f 742 743 744
f 744 743 750
f 2718 2733 2730
f 935 934 926
f 751 832 913
f 1401 1351 1396
f 1396 1351 1393
f 1393 1389 1394
f 684 690 687
f 687 690 689
f 692 686 694
f 2475 2478 2476
f 2499 2479 2500
f 2500 2479 2475
f 936 900 919
f 937 936 919
f 2552 2551 2555
f 728 703 697
f 2556 2553 2549
f 729 703 728
f 792 790 787
f 811 790 792
f 827 811 792
f 750 811 827
f 832 750 827
f 2718 2730 2722
f 832 841 914
f 914 841 921
f 417 420 431
f 1770 1751 1780
f 689 693 710
f 1743 1745 1806
f 4091 4081 4082
f 697 694 725
f 2475 2476 2477
f 2497 2476 2486
f 4081 4095 4079
f 2504 2499 2502
f 2502 2499 2500
f 1365 1364 1366
f 736 729 735
f 735 729 728
f 793 787 794
f 4079 4095 4080
f 4095 4093 4080
f 792 787 793
f 4093 4092 4080
f 825 792 793
f 827 792 825
f 827 825 832
f 841 825 842
f 1400 1401 1396
f 4371 4372 4373
f 1393 1394 1397
f 685 684 687
f 1780 1751 1784
f 1784 1751 1743
f 686 684 683
f 683 694 686
f 710 726 713
f 1784 1743 1806
f 2476 2497 2477
f 2503 2500 2475
f 2552 2555 2557
f 4079 4080 4077
f 793 794 795
f 796 794 797
f 825 793 826
f 825 826 842
f 842 826 844
f 922 842 844
f 1399 1400 1396
f 1399 1396 1398
f 865 909 932
f 1397 1396 1393
f 1781 1783 1775
f 1770 1780 1778
f 685 687 688
f 688 687 689
f 688 689 710
f 688 710 711
f 683 684 685
f 4075 4082 4081
f 4075 4081 4074
f 728 697 730
f 697 725 730
f 2502 2500 2503
f 1365 1366 1367
f 1084 1083 1060
f 795 794 796
f 796 797 800
f 4077 4080 4087
f 2731 2729 2728
f 814 793 795
f 826 793 814
f 826 814 831
f 844 826 831
f 1399 1402 1400
f 865 932 916
f 1398 1396 1397
f 909 910 931
f 1775 1770 1778
f 1894 1895 1889
f 1787 1780 1784
f 711 710 712
f 712 710 713
f 3131 3136 3166
f 1803 1784 1806
f 4096 4082 4084
f 723 694 683
f 724 694 723
f 2503 2475 2477
f 1371 1363 1368
f 1368 1363 1365
f 1083 1087 1067
f 4077 4074 4079
f 3120 3119 3118
f 2559 2552 2558
f 1368 1365 1367
f 1060 1083 1067
f 2736 2731 2735
f 1068 1084 1060
f 796 800 801
f 798 795 796
f 814 795 798
f 1054 1048 1072
f 844 831 839
f 1049 1038 1032
f 1049 1032 1050
f 1050 1032 1054
f 865 838 847
f 844 839 916
f 838 865 839
f 865 916 839
f 865 847 909
f 909 847 910
f 1892 1894 1889
f 1890 1895 1891
f 4202 4188 4190
f 1891 1896 1893
f 1781 1775 1779
f 683 685 719
f 719 685 688
f 712 713 714
f 4096 4084 4085
f 730 725 724
f 4071 4074 4073
f 2503 2477 2506
f 1087 1082 1059
f 2502 2503 2507
f 1087 1059 1067
f 2739 2742 2736
f 1369 1368 1367
f 3120 3118 3122
f 800 804 803
f 1068 1061 1065
f 1369 1367 1370
f 1061 1068 1060
f 801 800 803
f 798 796 801
f 385 397 327
f 801 838 840
f 1038 1037 1034
f 1054 1032 1048
f 840 838 839
f 1404 1402 1403
f 1038 1034 1032
f 1402 1399 1403
f 1403 1399 1407
f 1399 1398 1407
f 1407 1398 1397
f 1884 1891 1893
f 1778 1780 1786
f 1786 1780 1787
f 1787 1784 1798
f 1798 1784 1803
f 718 688 711
f 718 711 712
f 723 683 719
f 714 713 715
f 3134 3131 3166
f 724 723 737
f 804 808 805
f 1067 1059 1041
f 1060 1067 1041
f 1035 1060 1041
f 3153 3124 3154
f 1065 1061 1036
f 1061 1060 1036
f 1036 1060 1035
f 1048 1043 1057
f 840 798 801
f 1034 1036 1035
f 1034 1035 1029
f 1029 1028 1032
f 1032 1028 1048
f 831 798 839
f 839 798 840
f 838 801 837
f 1370 1404 1403
f 1036 1034 1037
f 1034 1029 1032
f 847 837 846
f 847 846 910
f 910 846 911
f 917 850 904
f 1403 1407 1409
f 1878 1889 1879
f 1889 1890 1879
f 1879 1890 1891
f 1881 1889 1878
f 1779 1775 1778
f 719 688 718
f 716 715 717
f 4070 4071 4072
f 2637 2635 2636
f 4072 4071 4073
f 1082 1081 1058
f 1059 1082 1058
f 2507 2503 2506
f 805 808 809
f 1059 1058 1027
f 1041 1059 1027
f 1029 1041 1027
f 1029 1027 1028
f 1043 1044 1057
f 1035 1041 1029
f 1406 1370 1403
f 846 837 845
f 845 850 912
f 911 846 912
f 912 850 917
f 850 836 904
f 1779 1778 1786
f 1798 1803 1804
f 732 719 718
f 718 712 714
f 733 723 719
f 737 723 733
f 3299 3302 3300
f 3299 3300 3301
f 3121 3131 3115
f 2807 2808 2803
f 1081 1080 1062
f 2636 2635 2633
f 2633 2635 2634
f 816 809 817
f 1028 1027 1026
f 1028 1026 1043
f 1043 1026 1044
f 803 804 805
f 805 809 807
f 1408 1369 1406
f 299 387 376
f 1406 1403 1411
f 845 834 850
f 850 834 836
f 846 845 912
f 904 905 906
f 1884 1893 1885
f 1881 1878 1880
f 1791 1787 1798
f 1798 1804 1796
f 722 714 716
f 722 716 721
f 733 719 732
f 1042 1080 1078
f 1042 1062 1080
f 3115 3131 3134
f 2638 2637 2636
f 2803 2808 2804
f 3121 3115 3117
f 1025 1058 1062
f 3402 3403 3401
f 2633 2634 2629
f 3118 3117 3116
f 1027 1058 1025
f 1027 1025 1026
f 1026 1025 1018
f 817 818 816
f 1026 1018 1044
f 1018 1020 1044
f 3621 3619 3620
f 3620 3619 3616
f 810 809 816
f 807 809 810
f 803 805 806
f 806 805 807
f 806 807 835
f 834 807 810
f 837 803 806
f 837 806 835
f 835 807 834
f 837 835 845
f 1412 1411 1410
f 845 835 834
f 906 905 843
f 906 843 908
f 1410 1409 1407
f 1877 1879 1883
f 1883 1879 1884
f 1883 1884 1885
f 1880 1878 1877
f 1877 1878 1879
f 1790 1786 1787
f 1791 1798 1796
f 721 716 717
f 732 718 731
f 731 718 722
f 718 714 722
f 3115 3134 3133
f 3117 3115 3110
f 3402 3401 3397
f 3397 3401 3398
f 3116 3117 3110
f 816 818 819
f 816 819 810
f 1413 1408 1412
f 834 810 836
f 1413 1412 1410
f 836 843 905
f 1790 1787 1791
f 1882 1881 1880
f 1789 1779 1786
f 1789 1786 1790
f 1800 1796 1804
f 2643 2644 2638
f 731 722 738
f 3304 3302 3312
f 1079 1085 1053
f 2851 2806 2805
f 1078 1079 1040
f 2805 2806 2803
f 1042 1078 1040
f 2638 2636 2639
f 2803 2804 2800
f 1062 1042 1025
f 1025 1042 1019
f 2642 2636 2633
f 1018 1025 1019
f 1020 1021 1056
f 1021 1046 1056
f 2631 2633 2629
f 3116 3110 3111
f 836 810 819
f 2627 2624 2616
f 2964 2955 2954
f 843 836 819
f 1877 1883 1886
f 1886 1883 1885
f 1807 1779 1789
f 722 721 734
f 1053 1085 1086
f 1019 1042 1040
f 2639 2636 2642
f 1020 1019 1021
f 3397 3398 3399
f 3365 3364 3362
f 3362 3364 3363
f 2624 2625 2623
f 1880 1877 1888
f 1888 1877 1886
f 1790 1791 1792
f 1792 1791 1793
f 1793 1791 1796
f 1789 1790 1792
f 1793 1796 1797
f 1797 1796 1800
f 1882 1880 1887
f 4555 4570 4565
f 3304 3306 3305
f 1809 1807 1789
f 2850 2851 2805
f 2640 2643 2638
f 1063 1086 1089
f 1063 1089 1064
f 1089 1088 1064
f 1064 1088 1066
f 1053 1086 1063
f 3133 3128 3115
f 1040 1053 1022
f 1019 1040 1022
f 6 7 8
f 1019 1022 1021
f 1021 1022 1023
f 1046 1023 1030
f 1046 1030 1045
f 1030 1033 1045
f 1045 1033 1047
f 2793 2800 2794
f 3400 3397 3399
f 2624 2623 2616
f 1799 1789 1792
f 1887 1880 1888
f 2640 2638 2639
f 2805 2803 2802
f 2803 2796 2802
f 1053 1063 1024
f 1024 1063 1031
f 1063 1064 1031
f 3112 3115 3128
f 1022 1053 1024
f 1023 1022 1024
f 1023 1024 1030
f 1030 1024 1031
f 3115 3112 3110
f 3111 3110 3109
f 1047 1033 1052
f 3365 3362 3366
f 3362 3363 3360
f 2629 2627 2628
f 2628 2627 2616
f 2616 2623 2622
f 4543 4560 4554
f 4543 4554 4552
f 3632 3634 3635
f 4539 4565 4548
f 4548 4560 4543
f 1809 1789 1799
f 4555 4565 4539
f 4542 4555 4539
f 2640 2639 2641
f 1064 1066 1039
f 1031 1064 1039
f 1030 1031 1033
f 1033 1031 1039
f 2796 2793 2792
f 1052 1033 1051
f 3366 3362 3359
f 3359 3362 3360
f 2631 2629 2630
f 2630 2629 2628
f 3404 3400 3399
f 2959 2969 2966
f 2617 2616 2622
f 2632 2613 2612
f 1455 1463 1459
f 4539 4548 4537
f 4537 4548 4536
f 4536 4548 4540
f 4540 4548 4543
f 2849 2850 2805
f 1033 1039 1051
f 2641 2639 2642
f 2792 2793 2794
f 2792 2794 2795
f 4559 4558 4557
f 2795 2794 2797
f 2958 2960 2962
f 383 626 557
f 2615 2616 2617
f 2622 2623 2626
f 2626 2623 2632
f 1799 1792 1795
f 1795 1792 1794
f 1794 1792 1793
f 3631 3634 3632
f 3126 3161 3167
f 3630 3632 3633
f 4538 4539 4537
f 3112 3128 3126
f 2641 2642 2645
f 2645 2642 2631
f 3109 3110 3108
f 3109 3107 3155
f 2962 2963 2961
f 381 625 383
f 383 625 626
f 4508 4511 4509
f 2626 2632 2612
f 3629 3631 3630
f 1451 1455 1446
f 4544 4543 4552
f 4533 4536 4540
f 2802 2796 2799
f 4538 4537 4530
f 4530 4537 4536
f 3112 3126 3113
f 4578 4579 4580
f 3108 3112 3113
f 2796 2792 2798
f 4581 4578 4580
f 2798 2792 2801
f 2645 2631 2630
f 4534 4530 4531
f 2792 2795 2801
f 4531 4530 4515
f 4532 4534 4531
f 4532 4531 4515
f 2630 2628 2619
f 2963 2968 2967
f 4511 4515 4514
f 2961 2963 2967
f 1805 1799 1795
f 1446 1455 1454
f 1454 1455 1459
f 3636 3629 3628
f 3629 3636 3637
f 3628 3629 3630
f 2849 2805 2846
f 4541 4540 4543
f 4533 4540 4541
f 4541 4543 4544
f 4530 4536 4533
f 2799 2796 2798
f 2799 2798 2809
f 4530 4533 4529
f 3020 3027 3028
f 4515 4530 4529
f 2801 2795 2814
f 2628 2616 2619
f 2619 2616 2615
f 4512 4509 4556
f 2613 2614 2602
f 1446 1449 1451
f 1454 1459 1456
f 1456 1459 1464
f 3126 3137 3125
f 2805 2802 2846
f 2846 2802 2837
f 3113 3126 3125
f 1458 1453 1450
f 4541 4544 4545
f 3025 3027 3020
f 4546 4541 4545
f 3020 3028 3021
f 4515 4529 4516
f 381 380 625
f 4514 4515 4516
f 1444 1449 1446
f 1453 1449 1450
f 3114 3113 3125
f 3125 3086 3114
f 1452 1458 1450
f 2837 2802 2799
f 3108 3113 3114
f 3108 3114 3105
f 4547 4541 4546
f 4529 4533 4576
f 4576 4533 4541
f 4547 4546 4575
f 3105 3089 3090
f 3107 3105 3106
f 3105 3090 3106
f 3021 3028 3023
f 4516 4529 4576
f 4514 4516 4517
f 2618 2619 2615
f 2620 2617 2621
f 2621 2617 2622
f 3105 3114 3089
f 3089 3114 3086
f 4576 4541 4547
f 3022 3021 3023
f 2618 2615 2617
f 2621 2622 2626
f 2626 2612 2601
f 2606 2600 2602
f 1444 1446 1445
f 3026 3022 3023
f 4518 4576 4547
f 4517 4516 4518
f 4516 4576 4518
f 4517 4518 4519
f 4520 4517 4519
f 2621 2626 2609
f 2609 2626 2601
f 1446 1454 1448
f 4518 4547 4535
f 4535 4547 4575
f 4583 4585 4584
f 2618 2617 2620
f 2618 2620 2610
f 2620 2621 2610
f 2605 2603 2600
f 2600 2603 2601
f 1454 1456 1448
f 1445 1446 1448
f 2837 2799 2835
f 3090 3082 3083
f 4519 4518 4535
f 2610 2621 2609
f 2609 2601 2604
f 2847 2846 2837
f 2837 2835 2841
f 3086 3085 3082
f 2811 2799 2810
f 4582 4583 4584
f 4519 4535 4572
f 4519 4572 4528
f 4519 4528 4521
f 2618 2610 2646
f 4526 4523 4524
f 2605 2607 2603
f 2603 2607 2604
f 1448 1456 1457
f 1457 1456 1460
f 1456 1464 1460
f 2847 2837 2841
f 4528 4572 4568
f 4528 4568 4567
f 4521 4528 4525
f 2607 2608 2604
f 2608 2609 2604
f 1443 1445 1448
f 4525 4528 4567
f 4525 4567 4569
f 2611 2610 2608
f 2608 2610 2609
f 2607 2611 2608
f 1448 1457 1461
f 1461 1457 1460
f 2847 2841 2843
f 1461 1460 1462
f 1444 1440 1447
f 2835 2811 2833
f 2816 2813 2815
f 1443 1448 1461
f 1462 1460 1465
f 2843 2841 2839
f 2833 2811 2813
f 1441 1443 1461
f 2839 2841 2835
f 1441 1461 1472
f 2838 2835 2833
f 2817 2833 2813
f 1472 1461 1462
f 1462 1465 1466
f 1471 1462 1466
f 2817 2816 2818
f 1440 1441 1442
f 2843 2839 2844
f 2852 2843 2844
f 2839 2835 2838
f 2838 2833 2832
f 2832 2833 2817
f 1472 1462 1471
f 1442 1441 1472
f 1470 1472 1471
f 1442 1472 1479
f 1471 1466 1521
f 2844 2839 2838
f 1479 1472 1470
f 1470 1471 1468
f 1468 1471 1521
f 2842 2844 2838
f 2838 2832 2831
f 1467 1479 1470
f 1467 1470 1468
f 1468 1521 1473
f 2848 2844 2842
f 1513 1498 1499
f 2832 2817 2820
f 2831 2832 2820
f 1479 1467 1490
f 2842 2838 2831
f 3067 3079 3065
f 1499 1479 1490
f 2842 2831 2840
f 3066 3065 3064
f 1467 1468 1469
f 2822 2831 2820
f 1490 1467 1469
f 2848 2842 2840
f 2822 2820 2821
f 1468 1473 1469
f 2831 2822 2829
f 2823 2821 2827
f 1490 1493 1499
f 2840 2831 2834
f 2834 2831 2829
f 1493 1490 1469
f 1469 1473 1474
f 1476 1469 1474
f 1474 1473 1475
f 2848 2840 2845
f 2845 2840 2834
f 2822 2823 2824
f 2829 2822 2825
f 2829 2825 2830
f 2825 2826 2828
f 1476 1474 1477
f 1477 1474 1475
f 1493 1476 1480
f 2845 2834 2836
f 2836 2834 2830
f 2873 2893 2894
f 1480 1476 1477
f 1477 1475 1478
f 1480 1477 1481
f 3059 3060 3054
f 3566 3572 3565
f 3572 3573 3565
f 3565 3573 3570
f 2856 2836 2853
f 3565 3570 3561
f 3561 3570 3567
f 1477 1478 1518
f 2855 2854 2860
f 2860 2863 2877
f 3564 3566 3565
f 1477 1518 1482
f 1481 1477 1482
f 2856 2853 2855
f 2856 2855 2857
f 3561 3564 3565
f 3563 3564 3561
f 3563 3561 3557
f 3557 3561 3558
f 3561 3567 3558
f 3558 3567 3562
f 1480 1481 1483
f 3557 3558 3559
f 3558 3562 3560
f 3560 3562 3568
f 1482 1518 1520
f 2856 2857 2859
f 1480 1483 1500
f 2857 2855 2858
f 2858 2855 2860
f 3564 3563 3571
f 3057 3063 3103
f 3057 3103 3102
f 3057 3102 3081
f 3102 3180 3179
f 3559 3558 3560
f 1483 1481 1482
f 2858 2860 2864
f 3081 3102 3179
f 3081 3179 3093
f 3058 3081 3093
f 3576 3559 3560
f 3058 3093 3055
f 3576 3560 3568
f 1500 1483 1494
f 2864 2875 2874
f 1483 1482 1484
f 2859 2858 2861
f 1494 1483 1484
f 2865 2858 2864
f 2865 2864 2866
f 2879 2876 2889
f 1482 1520 1489
f 1520 1524 1489
f 2878 2874 2876
f 2878 2876 2879
f 1484 1482 1485
f 1482 1489 1485
f 2865 2866 2867
f 2867 2866 2868
f 1485 1489 1491
f 1496 1484 1486
f 1485 1523 1487
f 2890 2887 2891
f 1494 1484 1496
f 1487 1523 1522
f 2869 2867 2868
f 1486 1484 1485
f 1486 1485 1487
f 3281 3285 3282
f 2878 2879 2880
f 3296 3297 3295
f 1489 1497 1492
f 1491 1489 1492
f 1492 1497 1525
f 3281 3282 3283
f 1496 1486 1503
f 1496 1503 1502
f 2870 2868 2885
f 4291 4293 4292
f 1501 1496 1502
f 4290 4291 4292
f 4618 4619 4615
f 4615 4619 4617
f 4606 4607 4608
f 4606 4608 4609
f 1501 1502 1516
f 3041 3037 3042
f 4295 4290 4301
f 4620 4621 4622
f 3073 3098 3094
f 2881 2880 2879
f 1486 1487 1488
f 1487 1522 1517
f 1503 1486 1505
f 1502 1503 1504
f 4291 4290 4294
f 4294 4290 4295
f 4606 4609 4610
f 3094 3172 3171
f 4615 4617 4616
f 4614 4615 4616
f 3094 3171 3158
f 3296 3295 3292
f 3292 3295 3294
f 2883 2881 2882
f 1487 1517 1488
f 1502 1504 1506
f 1503 1505 1504
f 3171 3172 3173
f 4295 4301 4296
f 3174 3171 3173
f 3043 3042 3037
f 3075 3094 3158
f 3289 3292 3294
f 1486 1488 1495
f 1486 1495 1510
f 4278 4280 4279
f 4277 4278 4279
f 3075 3158 3099
f 3288 3292 3289
f 2883 2882 2884
f 4294 4295 4297
f 1504 1507 1506
f 4295 4296 4297
f 4297 4296 4298
f 3077 3075 3099
f 3288 3289 3290
f 3290 3289 3291
f 3289 3298 3291
f 1495 1488 1519
f 1506 1507 1508
f 4297 4298 4299
f 3175 3173 3176
f 3045 3039 3033
f 3077 3099 3100
f 3293 3288 3290
f 1508 1507 1509
f 4299 4298 4300
f 3175 3176 3177
f 3046 3045 3033
f 3293 3290 3291
f 1508 1509 1512
