v -0.114502 0.159424 -0.127930
v -0.119934 0.158691 -0.127563
v -0.110962 0.160522 -0.129272
v -0.111633 0.159668 -0.127930
v 0.083679 0.305420 0.250488
v 0.083801 0.305420 0.250488
v 0.083740 0.305420 0.250488
v 0.084839 0.306885 0.249390
v -0.090970 0.177748 0.068588
v -0.098632 0.160670 0.066793
v -0.095989 0.174295 0.068990
v 0.037616 -0.175651 0.133365
v 0.035702 -0.174354 0.106546
v 0.034758 -0.175057 0.116832
v -0.112332 0.014577 -0.097388
v -0.110896 0.024906 -0.091599
v -0.112807 0.000046 -0.101944
v 0.041898 -0.020236 0.091419
v 0.025274 -0.021475 0.084097
v 0.046361 -0.036875 0.100731
v 0.033894 -0.062149 0.105342
v 0.050645 -0.057401 0.111086
v 0.055769 -0.081392 0.121699
v 0.035333 -0.082289 0.112445
v 0.041875 -0.113588 0.123193
v 0.061461 -0.109684 0.132316
v 0.063075 -0.112372 0.135161
v 0.031590 -0.004400 0.075072
v 0.042842 -0.119764 0.128331
v 0.053197 -0.130874 0.139069
v 0.047012 -0.138357 0.138306
v 0.064256 -0.127994 0.143157
v 0.019728 -0.051060 0.087856
v 0.037772 -0.149071 0.132289
v 0.013722 -0.036162 0.076058
v 0.031913 -0.125861 0.117053
v 0.012360 -0.004401 0.053458
v 0.016362 0.005611 0.050686
v 0.005207 0.005418 0.037399
v 0.014223 0.018068 0.039104
v 0.025778 0.026311 0.040282
v 0.031758 0.021975 0.047003
v 0.033704 -0.117233 0.112966
v 0.018317 -0.074389 0.089368
v 0.005582 0.041721 0.034123
v 0.021298 0.032549 0.038585
v 0.028543 -0.121578 0.102922
v 0.006818 -0.051191 0.065293
v 0.004154 -0.018924 0.045521
v -0.000824 -0.007364 0.029654
v 0.027357 -0.134569 0.108210
v 0.017390 -0.089450 0.085208
v 0.034249 -0.158088 0.121446
v 0.038140 -0.153184 0.136019
v 0.040658 -0.143331 0.139787
v 0.037616 -0.175651 0.133365
v 0.035702 -0.174354 0.106546
v 0.033208 0.033059 0.035307
v 0.045030 -0.003149 0.077052
v -0.073121 -0.294792 -0.114517
v -0.063351 -0.267908 -0.104914
v -0.074289 -0.259572 -0.090907
v -0.085277 -0.283752 -0.098063
v -0.085885 -0.262215 -0.085601
v -0.086593 -0.302771 -0.111723
v -0.073801 -0.311233 -0.126521
v -0.060884 -0.283637 -0.119043
v -0.060725 -0.305368 -0.135757
v -0.058288 -0.249401 -0.102669
v -0.064410 -0.236951 -0.093563
v -0.086411 -0.237431 -0.076423
v -0.072960 -0.234999 -0.086595
v -0.077685 -0.218357 -0.079686
v -0.089042 -0.320444 -0.126832
v -0.085015 -0.226798 -0.072520
v -0.093863 -0.221303 -0.058789
v -0.083220 -0.194951 -0.055578
v -0.078279 -0.208959 -0.069779
v -0.104341 -0.217789 -0.049929
v -0.099845 -0.223037 -0.056214
v -0.099798 -0.193724 -0.045695
v -0.091763 -0.166424 -0.041945
v -0.096017 -0.243242 -0.077976
v -0.080965 -0.171177 -0.046941
v -0.065969 -0.176022 -0.058086
v -0.075778 -0.197449 -0.067585
v -0.106950 -0.170882 -0.039640
v -0.109118 -0.230956 -0.061144
v -0.075119 -0.319477 -0.137758
v -0.073371 -0.333578 -0.150368
v -0.088160 -0.333106 -0.137416
v -0.086380 -0.351601 -0.150581
v -0.072865 -0.350294 -0.165017
v -0.112823 -0.241008 -0.072420
v -0.102328 -0.158740 -0.038603
v -0.109721 -0.290020 -0.101883
v -0.110532 -0.265186 -0.086727
v -0.111571 -0.246768 -0.079405
v -0.106447 -0.341397 -0.143206
v -0.107149 -0.317993 -0.124232
v -0.109028 -0.349057 -0.150596
v -0.066734 -0.312488 -0.146736
v -0.066286 -0.329740 -0.160872
v -0.061739 -0.177022 -0.068851
v -0.073256 -0.213935 -0.085410
v -0.063801 -0.226149 -0.100569
v -0.102912 -0.187892 -0.042390
v -0.107365 -0.213661 -0.040469
v -0.105578 -0.185096 -0.034592
v -0.125915 -0.191285 -0.033613
v -0.125378 -0.213552 -0.040384
v -0.110577 -0.231844 -0.054323
v -0.130689 -0.233288 -0.056697
v -0.135695 -0.190865 -0.033936
v -0.124695 -0.246275 -0.071029
v -0.117068 -0.244510 -0.069414
v -0.136147 -0.213102 -0.041814
v -0.109118 -0.174890 -0.034862
v -0.125227 -0.162197 -0.041596
v -0.118675 -0.149522 -0.040721
v -0.126494 -0.150843 -0.041483
v -0.132395 -0.158712 -0.040986
v -0.070909 -0.193687 -0.079968
v -0.058068 -0.173726 -0.081351
v -0.064805 -0.171475 -0.061792
v -0.050349 -0.155545 -0.078684
v -0.056748 -0.150837 -0.057271
v -0.079977 -0.168044 -0.049735
v -0.057791 -0.118846 -0.041037
v -0.075479 -0.150260 -0.044032
v -0.066524 -0.103232 -0.028483
v -0.048155 -0.069522 -0.026648
v -0.036779 -0.093180 -0.045682
v -0.048227 -0.132165 -0.055281
v -0.027732 -0.070391 -0.041712
v -0.022432 -0.056914 -0.038268
v -0.031527 -0.045715 -0.025481
v -0.012756 -0.032135 -0.026264
v -0.025457 -0.024459 -0.016726
v -0.040374 -0.038180 -0.018790
v -0.072961 -0.062747 -0.013165
v -0.070333 -0.059996 -0.014843
v -0.076609 -0.074392 -0.015749
v -0.077615 -0.113520 -0.029754
v -0.009425 -0.039061 -0.042023
v -0.033821 -0.019177 -0.013082
v -0.088152 -0.074851 -0.013569
v -0.095028 -0.106845 -0.025071
v -0.100740 -0.153729 -0.042416
v -0.057566 -0.018244 -0.012115
v -0.032476 -0.098232 -0.059274
v -0.085545 -0.048955 -0.012589
v -0.090613 -0.050352 -0.011106
v -0.038929 -0.127579 -0.076082
v -0.022761 -0.075762 -0.062164
v -0.015259 -0.058992 -0.060623
v 0.001399 -0.032158 -0.061273
v -0.021201 -0.078626 -0.072863
v -0.030756 -0.102554 -0.073071
v -0.097303 -0.030261 -0.014342
v -0.083608 0.003472 -0.015593
v -0.099581 -0.039980 -0.014365
v -0.074461 -0.000043 -0.016098
v -0.102290 -0.066100 -0.017458
v -0.110175 -0.131108 -0.040078
v -0.118832 -0.144506 -0.047181
v 0.026519 0.120877 -0.059790
v 0.042859 0.139437 -0.049306
v 0.039702 0.118837 -0.049563
v 0.027371 0.141947 -0.065247
v 0.008466 0.136651 -0.076772
v 0.006471 0.119368 -0.073368
v 0.054021 0.137219 -0.032162
v 0.057884 0.119952 -0.027660
v 0.060922 0.097983 -0.031363
v 0.060251 0.137640 -0.020099
v 0.044121 0.102119 -0.051552
v 0.026682 0.103012 -0.068245
v 0.067415 0.093790 -0.020471
v 0.067029 0.113878 -0.016148
v 0.069612 0.100154 -0.016386
v 0.062290 0.126567 -0.016687
v 0.009277 0.101884 -0.080566
v 0.005059 0.097636 -0.091161
v 0.068483 0.076635 -0.034726
v 0.073717 0.075266 -0.022671
v 0.072898 0.061529 -0.038738
v 0.080817 0.056223 -0.023290
v 0.060115 0.071417 -0.052387
v 0.060983 0.046096 -0.060775
v 0.046570 0.073004 -0.070754
v 0.075045 0.044903 -0.042678
v 0.046763 0.041142 -0.081416
v 0.047057 0.098428 -0.061525
v 0.029584 0.098452 -0.078281
v 0.050542 0.021369 -0.081409
v 0.051543 0.098892 -0.053944
v 0.032104 0.077884 -0.082244
v 0.056237 0.095295 -0.046649
v 0.086360 0.045824 -0.022180
v 0.083074 0.033231 -0.032957
v 0.089790 0.034075 -0.023262
v 0.064084 0.021726 -0.059810
v 0.076325 0.018340 -0.044401
v 0.035573 0.020171 -0.095600
v 0.033855 0.070551 -0.081416
v 0.032080 0.045547 -0.091366
v 0.015990 0.033366 -0.107856
v 0.021624 0.020874 -0.106746
v 0.092686 0.016403 -0.020369
v -0.002294 0.053639 -0.112286
v 0.005315 0.069529 -0.098817
v -0.006564 0.072397 -0.106891
v -0.005883 0.083074 -0.103245
v -0.005052 0.096239 -0.098879
v -0.000007 0.035644 -0.117947
v 0.014345 0.069408 -0.092702
v 0.002295 0.021467 -0.118860
v -0.002065 0.028479 -0.121920
v 0.084715 0.002495 -0.029777
v 0.069922 0.006667 -0.047608
v 0.073190 -0.010475 -0.038493
v 0.054124 0.006342 -0.067785
v 0.092796 0.009490 -0.017566
v 0.088977 -0.001988 -0.019938
v -0.003835 0.107683 -0.101609
v 0.082450 -0.025231 -0.016568
v 0.037331 -0.005310 -0.081515
v -0.007627 0.005880 -0.119791
v -0.001536 -0.004770 -0.111986
v 0.005071 0.107665 -0.095360
v 0.005073 0.126731 -0.094133
v -0.000212 0.128608 -0.096270
v 0.000620 0.143837 -0.091782
v 0.050053 -0.005992 -0.064934
v 0.064240 -0.011537 -0.043327
v 0.017732 -0.003671 -0.096702
v -0.011371 0.028505 -0.125342
v 0.081970 0.062960 -0.022881
v 0.068045 -0.026516 -0.031766
v 0.063785 -0.052740 -0.016227
v 0.078884 -0.055383 0.002334
v 0.060112 -0.078676 -0.000473
v 0.087423 -0.029014 -0.000627
v 0.090448 -0.013059 -0.001272
v 0.090499 -0.036120 0.012469
v 0.087802 -0.065387 0.023720
v 0.095271 -0.065019 0.038413
v 0.084509 -0.093223 0.032985
v 0.098014 -0.087330 0.055836
v 0.087147 -0.108415 0.043958
v 0.097628 -0.132477 0.069280
v 0.089905 -0.127298 0.055736
v 0.098838 -0.035392 0.033539
v 0.096173 -0.019219 0.023435
v 0.081158 -0.073956 0.017364
v 0.096274 -0.006358 0.018724
v 0.093755 0.002460 0.006771
v 0.091594 -0.159593 0.076681
v 0.100613 -0.158257 0.087445
v 0.091241 0.008712 -0.012084
v 0.075840 -0.146839 0.052328
v 0.078516 -0.166268 0.066040
v 0.070922 -0.117313 0.034620
v 0.061964 -0.093335 0.012930
v 0.098067 -0.163683 0.089829
v 0.088995 -0.169856 0.084283
v 0.099377 -0.172360 0.092660
v 0.100240 -0.183279 0.089149
v 0.107525 -0.182507 0.102745
v 0.117478 -0.202063 0.094765
v 0.103428 -0.198509 0.082629
v 0.098936 -0.191200 0.083297
v 0.060240 0.135554 -0.012666
v 0.081813 -0.186180 0.080106
v 0.079529 -0.171117 0.079039
v -0.026070 -0.016221 -0.117956
v -0.021780 -0.027486 -0.112811
v -0.007614 -0.026724 -0.097891
v -0.018613 -0.046197 -0.097045
v -0.030708 -0.046965 -0.110864
v -0.027530 -0.070077 -0.096228
v -0.036376 -0.071036 -0.108110
v -0.025068 -0.076135 -0.093096
v -0.036560 -0.099805 -0.096480
v -0.011284 -0.046038 -0.080966
v -0.005088 -0.031428 -0.086105
v -0.022908 -0.074515 -0.080166
v -0.045680 -0.081064 -0.111173
v -0.052449 -0.104931 -0.110625
v -0.044830 -0.126032 -0.097359
v -0.058712 -0.131415 -0.110272
v -0.054955 -0.152332 -0.099809
v -0.061857 -0.166850 -0.101330
v -0.072579 -0.170197 -0.110970
v -0.031026 -0.102064 -0.078671
v -0.038929 -0.127579 -0.076082
v -0.073023 -0.189090 -0.094830
v -0.078215 -0.185231 -0.104816
v -0.068143 -0.148342 -0.112355
v -0.050349 -0.155545 -0.078684
v -0.058068 -0.173726 -0.081351
v -0.044778 -0.054020 -0.114333
v -0.021201 -0.078626 -0.072863
v 0.001399 -0.032158 -0.061273
v -0.070909 -0.193687 -0.079968
v -0.073410 -0.110778 -0.116065
v -0.015259 -0.058992 -0.060623
v -0.048734 -0.033858 -0.117680
v -0.030756 -0.102554 -0.073071
v -0.074896 -0.199149 -0.109685
v -0.083009 -0.186531 -0.110693
v -0.071863 -0.206237 -0.097346
v -0.091240 -0.175549 -0.112438
v -0.098485 -0.184884 -0.115151
v 0.057481 -0.020377 -0.037375
v -0.022022 0.001754 -0.121733
v -0.065019 -0.055820 -0.116741
v -0.081223 -0.195870 -0.116317
v -0.080628 -0.133266 -0.115811
v 0.110380 -0.005700 0.018540
v 0.118872 -0.019727 0.033420
v 0.114482 -0.030465 0.040578
v 0.114239 -0.057726 0.060614
v 0.118653 -0.036190 0.050205
v 0.121470 -0.066743 0.077048
v 0.100920 -0.065086 0.056525
v 0.103989 -0.074121 0.066238
v 0.116926 -0.080837 0.086072
v 0.120027 -0.007655 0.024532
v 0.121710 -0.013534 0.032147
v 0.116434 0.000791 0.024795
v 0.120939 -0.072383 0.089230
v 0.102611 -0.081535 0.074831
v -0.089128 -0.163791 -0.114552
v -0.022761 -0.075762 -0.062164
v 0.102689 -0.088294 0.085778
v 0.084271 -0.201864 0.076706
v 0.081017 -0.195600 0.076390
v -0.073256 -0.213935 -0.085410
v -0.049389 0.000276 -0.122041
v 0.053424 -0.039570 -0.023725
v -0.093978 -0.196111 -0.124673
v -0.028837 0.019675 -0.123348
v -0.017635 0.033522 -0.125589
v -0.070058 -0.030218 -0.118083
v -0.009529 0.111352 -0.101455
v 0.075103 0.080268 -0.022525
v 0.057676 -0.157743 0.060429
v 0.062907 -0.171591 0.070070
v 0.071249 0.095520 -0.020168
v 0.062230 -0.177094 0.080258
v 0.061977 -0.190710 0.082644
v 0.055590 -0.180437 0.084623
v 0.109006 -0.207701 0.075206
v 0.149989 -0.347803 0.092662
v 0.152145 -0.387372 0.099553
v 0.153621 -0.385374 0.088368
v 0.154987 -0.416676 0.101944
v 0.153861 -0.406568 0.108476
v 0.156449 -0.401098 0.087598
v 0.159281 -0.417589 0.086833
v 0.157833 -0.429061 0.093022
v 0.150424 -0.414614 0.114195
v 0.154011 -0.440254 0.116529
v 0.157984 -0.448803 0.102266
v 0.149340 -0.432823 0.126250
v 0.147234 -0.437300 0.134430
v 0.160615 -0.448172 0.070727
v 0.160006 -0.460678 0.090869
v 0.163099 -0.485887 0.098704
v 0.161892 -0.479305 0.109662
v 0.160747 -0.461509 0.121963
v 0.162598 -0.473098 0.135108
v 0.163664 -0.492221 0.121468
v 0.164582 -0.498757 0.146877
v 0.161968 -0.476912 0.150223
v 0.160499 -0.498438 0.172962
v 0.159237 -0.478744 0.167003
v 0.155428 -0.423307 0.072698
v 0.148833 -0.350743 0.080560
v 0.155756 -0.454511 0.135653
v 0.155880 -0.477433 0.176959
v 0.155923 -0.414935 0.074051
v 0.147554 -0.371811 0.068055
v 0.161993 -0.488455 0.101626
v 0.161085 -0.486802 0.109263
v 0.163443 -0.494660 0.096087
v 0.167809 -0.495580 0.073076
v 0.164963 -0.457324 0.072242
v 0.162936 -0.464004 0.088019
v 0.165196 -0.469933 0.058774
v 0.166443 -0.494547 0.061511
v 0.161524 -0.448469 0.061332
v 0.145456 -0.345864 0.072266
v 0.149999 -0.362811 0.057070
v 0.146595 -0.346566 0.058576
v 0.149590 -0.381301 0.057289
v 0.145898 -0.381350 0.064694
v 0.150467 -0.456772 0.157086
v 0.156366 -0.441507 0.061777
v 0.152801 -0.359685 0.101520
v 0.145443 -0.344421 0.104444
v 0.150359 -0.408978 0.069526
v 0.144969 -0.447838 0.154719
v 0.149367 -0.494882 0.191985
v 0.139559 -0.454823 0.181706
v 0.148484 -0.472758 0.187052
v 0.136643 -0.465214 0.201008
v 0.158016 -0.382446 0.112414
v 0.157357 -0.360452 0.110915
v 0.159931 -0.463338 0.051129
v 0.161198 -0.492792 0.050682
v 0.139410 -0.491763 0.202100
v 0.152183 -0.441353 0.052262
v 0.139623 -0.369788 0.128438
v 0.135325 -0.364385 0.131158
v 0.136324 -0.393398 0.128342
v 0.134672 -0.408585 0.123141
v 0.123628 -0.456863 0.201602
v 0.131366 -0.427686 0.132395
v 0.128406 -0.435234 0.144151
v 0.126695 -0.444889 0.162647
v -0.024160 0.207874 0.053320
v -0.033605 0.222695 0.037156
v -0.038087 0.204507 0.036243
v -0.020491 0.220748 0.052487
v -0.040130 0.220502 0.024673
v -0.011741 0.211656 0.060720
v -0.030663 0.192860 0.041392
v -0.011918 0.189704 0.058899
v -0.001440 0.186661 0.070783
v -0.007226 0.144405 0.062691
v 0.004126 0.145676 0.077317
v -0.011001 0.145209 0.056277
v -0.016391 0.148119 0.049287
v -0.018875 0.180704 0.046606
v 0.007053 0.200769 0.074820
v 0.010984 0.220868 0.072535
v -0.006671 0.224597 0.060472
v -0.012618 0.230380 0.049327
v 0.007332 0.246973 0.056852
v 0.011207 0.242171 0.063037
v 0.018189 0.239842 0.066659
v 0.012028 0.163443 0.077710
v 0.009985 0.144382 0.078570
v 0.031837 0.234652 0.071771
v 0.023419 0.209159 0.075774
v 0.018202 0.186313 0.076806
v 0.022106 0.244205 0.071525
v 0.011510 0.245265 0.070625
v 0.007086 0.249245 0.067948
v 0.007383 0.247239 0.059986
v 0.023831 0.277765 0.056718
v 0.035386 0.274479 0.058885
v 0.043473 0.275973 0.058506
v 0.020058 0.292603 0.051202
v 0.035308 0.311047 0.049173
v 0.042617 0.315801 0.047755
v 0.065821 0.291093 0.051376
v 0.060202 0.279651 0.055278
v 0.040268 0.262576 0.059622
v 0.053242 0.264950 0.058372
v 0.044972 0.250609 0.062247
v 0.060489 0.251114 0.059640
v 0.049843 0.237250 0.063448
v 0.064839 0.259823 0.061923
v 0.012364 0.271915 0.053907
v 0.066318 0.245882 0.060927
v 0.052457 0.228588 0.062173
v 0.037374 0.246681 0.069229
v 0.067963 0.234709 0.053003
v 0.042329 0.230687 0.073825
v 0.034061 0.263433 0.068013
v 0.011866 0.271608 0.062794
v 0.026622 0.276177 0.063322
v 0.008442 0.262685 0.064353
v 0.039204 0.225252 0.069746
v 0.036205 0.197218 0.069231
v 0.043678 0.211775 0.065911
v 0.032222 0.164531 0.067684
v 0.025286 0.143377 0.068042
v 0.048319 0.182930 0.056246
v 0.058813 0.200200 0.048590
v 0.069362 0.229600 0.047753
v 0.044318 0.152970 0.052754
v 0.079115 0.219391 0.034126
v 0.077824 0.201698 0.029783
v 0.063738 0.178033 0.036106
v 0.052749 -0.242399 0.102664
v 0.059248 -0.262536 0.088760
v 0.062023 -0.271967 0.099310
v 0.057187 -0.246821 0.080022
v 0.047004 -0.214628 0.106776
v 0.066591 -0.279303 0.088985
v 0.071359 -0.290701 0.104502
v 0.078121 -0.304975 0.091784
v 0.077572 -0.299786 0.077728
v 0.073626 -0.284604 0.071572
v 0.062037 -0.250898 0.069963
v 0.071979 -0.272284 0.070354
v 0.082183 -0.299564 0.068238
v 0.054392 -0.223197 0.086080
v 0.057793 -0.228277 0.076325
v 0.048293 -0.211508 0.101547
v 0.040562 -0.198380 0.111356
v 0.043289 -0.180563 0.096342
v 0.035702 -0.174354 0.106546
v 0.034758 -0.175057 0.116832
v 0.030539 -0.161909 0.094200
v 0.027370 -0.150953 0.094931
v 0.035720 -0.135391 0.064312
v 0.027123 -0.134324 0.090362
v 0.026794 -0.122029 0.070725
v 0.021602 -0.114265 0.080471
v 0.017563 -0.097890 0.053161
v 0.008971 -0.073742 0.040897
v 0.004100 -0.061118 0.053211
v 0.007726 -0.058338 0.032197
v 0.001320 -0.029158 0.027316
v 0.010451 -0.053291 0.018631
v 0.012856 -0.078541 0.033024
v -0.000647 -0.022704 0.010650
v -0.003982 -0.012367 0.020605
v 0.020198 -0.090945 0.031521
v 0.028395 -0.116389 0.053600
v 0.034249 -0.158088 0.121446
v 0.027357 -0.134569 0.108210
v 0.017390 -0.089450 0.085208
v 0.028543 -0.121578 0.102922
v 0.027917 -0.102832 0.033529
v 0.010782 -0.036588 0.000652
v 0.001608 -0.024418 -0.001208
v 0.004154 -0.018924 0.045521
v -0.000824 -0.007364 0.029654
v 0.006818 -0.051191 0.065293
v 0.044450 -0.167746 0.075668
v 0.026450 -0.067695 0.007124
v 0.044135 -0.149286 0.062092
v 0.046786 -0.130000 0.043956
v 0.015071 -0.030378 -0.019146
v 0.018866 -0.043125 -0.004593
v 0.057707 -0.205310 0.085857
v 0.031839 -0.089514 0.017356
v 0.037495 -0.107624 0.027823
v 0.038355 -0.111244 0.032575
v 0.088203 -0.307754 0.077297
v 0.091303 -0.314504 0.092656
v 0.055590 -0.180437 0.084623
v 0.030125 -0.053561 -0.005239
v 0.025785 -0.036716 -0.017215
v 0.098552 -0.313234 0.074128
v 0.098561 -0.326657 0.085215
v 0.116266 -0.330665 0.069965
v 0.103561 -0.347361 0.084686
v 0.100235 -0.347835 0.091670
v 0.116546 -0.347809 0.071443
v 0.109338 -0.309130 0.062885
v 0.095578 -0.303336 0.062090
v 0.068114 -0.219520 0.073178
v 0.070832 -0.222794 0.066342
v 0.057676 -0.157743 0.060429
v 0.048960 -0.155670 0.064187
v 0.041823 -0.051955 -0.013836
v 0.045597 -0.078024 0.002489
v 0.035404 -0.028704 -0.029128
v 0.062907 -0.171591 0.070070
v 0.061977 -0.190710 0.082644
v 0.062230 -0.177094 0.080258
v 0.067496 -0.205369 0.080566
v 0.038486 -0.188204 0.123917
v 0.037616 -0.175651 0.133365
v 0.044925 -0.203787 0.127243
v 0.045503 -0.196075 0.140950
v 0.037731 -0.173896 0.142778
v 0.051915 -0.215673 0.125773
v 0.058372 -0.248606 0.114562
v 0.068450 -0.254357 0.131982
v 0.074424 -0.274257 0.128148
v 0.079943 -0.290955 0.123462
v 0.063587 -0.233863 0.136295
v 0.058052 -0.216035 0.138106
v 0.080588 -0.305641 0.102880
v 0.057131 -0.210778 0.144874
v 0.086139 -0.301661 0.120533
v 0.100081 -0.315050 0.118375
v 0.038140 -0.153184 0.136019
v 0.050849 -0.203694 0.147344
v 0.069591 -0.210650 0.161579
v 0.059182 -0.194595 0.166650
v 0.043654 -0.194221 0.143517
v 0.040693 -0.176647 0.148100
v 0.034351 -0.151879 0.141856
v 0.049230 -0.170482 0.163140
v 0.044237 -0.151766 0.160771
v 0.071617 -0.217454 0.153432
v 0.055958 -0.170393 0.169540
v 0.037103 -0.143013 0.145145
v 0.091628 -0.314707 0.097514
v 0.103404 -0.338380 0.114369
v 0.101736 -0.350752 0.102282
v 0.103555 -0.361178 0.109335
v 0.069415 -0.219059 0.143000
v 0.098177 -0.360715 0.100427
v -0.131902 -0.229537 -0.106770
v -0.130411 -0.253050 -0.134913
v -0.128598 -0.256528 -0.111159
v -0.129209 -0.238274 -0.092683
v -0.126944 -0.272231 -0.134297
v -0.122293 -0.282221 -0.108728
v -0.117641 -0.308185 -0.126924
v -0.127880 -0.281211 -0.155925
v -0.132069 -0.260007 -0.148065
v -0.124965 -0.303158 -0.163376
v -0.122898 -0.323037 -0.170721
v -0.125168 -0.257883 -0.096707
v -0.115304 -0.327185 -0.140739
v -0.117716 -0.342629 -0.163938
v -0.119430 -0.339097 -0.179187
v -0.118620 -0.350053 -0.188478
v -0.116049 -0.370546 -0.179914
v -0.113335 -0.356217 -0.152061
v -0.118727 -0.364622 -0.197032
v -0.130330 -0.245060 -0.133489
v -0.108698 -0.376640 -0.160908
v -0.130570 -0.230540 -0.128747
v -0.130385 -0.217210 -0.121054
v -0.133928 -0.214607 -0.127948
v -0.137850 -0.219180 -0.092406
v -0.134445 -0.222679 -0.101347
v -0.109028 -0.349057 -0.150596
v -0.107736 -0.354663 -0.146243
v -0.137754 -0.217016 -0.136067
v -0.131070 -0.211258 -0.111784
v -0.133288 -0.198089 -0.101947
v -0.141032 -0.245299 -0.149436
v -0.137852 -0.249116 -0.154587
v -0.124375 -0.243884 -0.088910
v -0.119305 -0.244259 -0.083316
v -0.108124 -0.371569 -0.156688
v -0.107149 -0.317993 -0.124232
v -0.109721 -0.290020 -0.101883
v -0.110532 -0.265186 -0.086727
v -0.106447 -0.341397 -0.143206
v -0.111571 -0.246768 -0.079405
v -0.112823 -0.241008 -0.072420
v 0.080600 -0.149054 0.169516
v 0.055958 -0.170393 0.169540
v 0.086414 -0.168934 0.169845
v 0.056565 -0.149314 0.169273
v 0.088217 -0.184322 0.169285
v 0.059182 -0.194595 0.166650
v 0.090991 -0.196073 0.166937
v 0.069591 -0.210650 0.161579
v 0.091551 -0.209887 0.159861
v 0.044237 -0.151766 0.160771
v 0.071617 -0.217454 0.153432
v 0.060072 -0.124891 0.149316
v 0.050080 -0.127774 0.148191
v 0.080743 -0.126601 0.149513
v 0.037103 -0.143013 0.145145
v 0.043297 -0.131445 0.143257
v -0.118288 -0.014328 -0.089077
v -0.110678 -0.013237 -0.100199
v -0.111646 -0.032679 -0.107170
v -0.122515 -0.031940 -0.090812
v -0.097625 -0.018664 -0.118683
v -0.100797 -0.036328 -0.120128
v -0.103533 -0.009925 -0.109013
v -0.119365 -0.047883 -0.107768
v -0.110261 -0.055154 -0.119857
v -0.137540 -0.066869 -0.096873
v -0.130216 -0.069685 -0.111296
v -0.089206 -0.029023 -0.126360
v -0.116339 -0.075436 -0.120673
v -0.079955 -0.008524 -0.134947
v -0.092580 0.014746 -0.119729
v -0.082210 0.008871 -0.130226
v -0.099882 0.005650 -0.115632
v -0.094621 0.023288 -0.114918
v -0.102376 0.009580 -0.108750
v -0.110896 0.024906 -0.091599
v -0.112807 0.000046 -0.101944
v -0.080561 -0.024842 -0.133971
v -0.120093 -0.006798 -0.093854
v -0.085504 -0.034439 -0.125880
v -0.098647 -0.059125 -0.120627
v -0.075420 0.007867 -0.129512
v -0.074441 0.001520 -0.131565
v -0.103207 -0.078692 -0.114867
v -0.107988 -0.088169 -0.113615
v -0.074894 -0.026329 -0.131153
v -0.119211 0.010158 -0.089769
v -0.112332 0.014577 -0.097388
v -0.112334 0.024289 -0.083937
v -0.116165 0.012931 -0.082339
v -0.118568 0.019632 -0.079663
v -0.116610 0.024324 -0.075779
v -0.120052 0.017624 -0.074172
v -0.121569 -0.005637 -0.076471
v -0.125860 -0.025330 -0.073242
v -0.131284 -0.024756 -0.060949
v -0.127646 -0.011447 -0.061161
v -0.138652 -0.043443 -0.060912
v -0.139546 -0.064683 -0.080179
v -0.145909 -0.060945 -0.061117
v -0.128367 -0.048109 -0.087150
v -0.119217 -0.020508 -0.084222
v -0.128974 0.002780 -0.060814
v -0.133501 -0.068078 -0.090647
v -0.123882 0.013035 -0.057275
v -0.051027 0.355307 -0.009636
v -0.037512 0.364077 -0.029198
v -0.049408 0.338690 -0.016229
v -0.034987 0.336160 -0.035309
v -0.050722 0.367065 -0.010177
v -0.042853 0.325800 -0.024282
v -0.042523 0.375989 -0.024806
v -0.026215 0.344681 -0.041653
v -0.029141 0.359266 -0.040961
v -0.034093 0.371253 -0.038095
v -0.054914 0.337444 -0.013399
v -0.049295 0.317310 -0.013738
v -0.047606 0.315294 -0.016719
v -0.051785 0.302203 -0.003009
v -0.058647 0.343504 -0.009892
v -0.041240 0.372745 -0.031220
v -0.050141 0.297623 -0.035791
v -0.040188 0.323607 -0.041427
v -0.054616 0.278783 -0.031159
v -0.037009 0.326574 -0.053885
v -0.046929 0.308374 -0.042684
v -0.055018 0.270761 -0.010201
v -0.024380 0.335252 -0.061462
v -0.053090 0.281821 0.003798
v -0.058297 0.260714 0.005819
v -0.027492 0.350772 -0.044813
v -0.060091 0.269643 -0.036335
v -0.014396 0.350318 -0.049249
v -0.064276 0.269983 -0.047838
v -0.067162 0.259236 -0.044766
v -0.064431 0.258387 -0.056308
v -0.079126 0.234728 -0.033092
v -0.072313 0.251427 -0.033945
v -0.081663 0.233846 -0.020277
v -0.083928 0.216646 -0.020974
v -0.079662 0.216068 -0.034311
v -0.071533 0.231371 -0.047659
v -0.061448 0.248920 -0.060493
v -0.072101 0.248633 -0.014308
v -0.077621 0.237127 -0.009325
v -0.053938 0.294713 -0.041935
v -0.062495 0.249711 0.007330
v -0.078026 0.198106 -0.021899
v -0.075405 0.201503 -0.031337
v -0.053495 0.241315 -0.068374
v -0.054728 0.205678 -0.058507
v -0.047311 0.214799 -0.069817
v -0.047433 0.181026 -0.075706
v -0.032377 0.199476 -0.099811
v -0.032163 0.235875 -0.089178
v -0.022230 0.229635 -0.107299
v -0.033922 0.176866 -0.100080
v -0.047086 0.172089 -0.079974
v -0.063997 0.180649 -0.036586
v -0.060406 0.156350 -0.048365
v -0.024157 0.245973 -0.103369
v -0.019547 0.200787 -0.116869
v -0.067234 0.170117 -0.026694
v -0.066907 0.149781 -0.033139
v -0.067095 0.189093 -0.024982
v -0.040520 0.236585 -0.077950
v -0.045669 0.156349 -0.080197
v -0.063978 0.197183 -0.039469
v -0.010586 0.240338 -0.118171
v -0.034443 0.154009 -0.094948
v -0.019227 0.255460 -0.110353
v -0.015225 0.190620 -0.119747
v -0.024345 0.168219 -0.107146
v -0.049144 0.140268 -0.059455
v -0.064293 0.130991 -0.036163
v -0.052639 0.123227 -0.053070
v -0.065676 0.095172 -0.037676
v -0.056126 0.107139 -0.055920
v -0.043092 0.127033 -0.068212
v -0.034600 0.128102 -0.080321
v -0.031721 0.142378 -0.081434
v -0.048383 0.106238 -0.078531
v -0.037080 0.112903 -0.089328
v -0.047743 0.149968 -0.065802
v -0.057471 0.098171 -0.067825
v -0.052919 0.103633 -0.070597
v -0.062740 0.214426 -0.051496
v -0.062786 0.089075 -0.066107
v -0.067427 0.079954 -0.052772
v -0.065831 0.074887 -0.066504
v -0.069988 0.058449 -0.054881
v -0.067112 0.092033 -0.027773
v -0.069457 0.059671 -0.067353
v -0.068511 0.057700 -0.041098
v -0.007895 0.215830 -0.122955
v -0.020429 0.127464 -0.089932
v -0.035390 0.148709 -0.081373
v -0.014516 0.172047 -0.115028
v -0.071248 0.049321 -0.039019
v -0.013690 0.141509 -0.090714
v -0.022780 0.145772 -0.088568
v -0.019587 0.114432 -0.096746
v -0.028443 0.243848 -0.100088
v -0.078644 0.049286 -0.070342
v -0.079450 0.046328 -0.054366
v -0.000212 0.128608 -0.096270
v -0.009529 0.111352 -0.101455
v -0.020633 0.147286 -0.097024
v -0.059255 0.366352 -0.007608
v -0.056165 0.374872 -0.010919
v -0.060678 0.388100 -0.007420
v -0.053471 0.377091 -0.022106
v -0.055104 0.389577 -0.019930
v -0.057345 0.403393 -0.009765
v -0.063551 0.400940 0.001091
v -0.055672 0.392490 -0.023462
v -0.056114 0.387545 -0.030102
v -0.065722 0.407193 -0.004030
v 0.000620 0.143837 -0.091782
v -0.068594 0.351524 -0.009350
v -0.075985 0.359523 -0.009248
v -0.075724 0.381851 -0.007100
v -0.087423 0.343856 -0.011395
v -0.095657 0.351443 -0.009710
v -0.095800 0.341155 -0.008782
v -0.095251 0.365635 -0.008581
v -0.088341 0.365051 -0.011096
v -0.102294 0.370537 -0.009792
v -0.118157 -0.076242 -0.084530
v -0.120629 -0.090454 -0.080659
v -0.127722 -0.105889 -0.066466
v -0.125514 -0.076150 -0.060721
v -0.121428 -0.128834 -0.087833
v -0.127256 -0.141916 -0.072910
v -0.118409 -0.136161 -0.096655
v -0.112492 -0.085600 -0.094578
v -0.124060 -0.152996 -0.094335
v -0.100861 -0.122960 -0.110164
v -0.101726 -0.090347 -0.106207
v -0.106255 -0.160194 -0.110064
v -0.093888 -0.094365 -0.111934
v -0.087938 -0.064705 -0.111696
v -0.082896 -0.051819 -0.113620
v -0.126678 -0.158896 -0.096572
v -0.128866 -0.150612 -0.084231
v -0.142740 -0.169943 -0.076382
v -0.137327 -0.181359 -0.090884
v -0.128189 -0.187001 -0.103394
v -0.142717 -0.191255 -0.085130
v -0.133288 -0.198089 -0.101947
v -0.120648 -0.202917 -0.119576
v -0.131070 -0.211258 -0.111784
v -0.145734 -0.209941 -0.082132
v -0.151297 -0.203947 -0.070395
v -0.146444 -0.173257 -0.069933
v -0.152286 -0.188939 -0.062506
v -0.143799 -0.174366 -0.073852
v -0.137850 -0.219180 -0.092406
v -0.144903 -0.228055 -0.081549
v -0.130385 -0.217210 -0.121054
v -0.116967 -0.208686 -0.131441
v -0.112334 -0.187452 -0.113662
v -0.131187 -0.145899 -0.068303
v -0.113840 -0.169247 -0.106297
v -0.116022 -0.180460 -0.110581
v -0.109826 -0.205289 -0.133637
v -0.150655 -0.184958 -0.051052
v -0.138323 -0.162500 -0.063514
v -0.139830 -0.162583 -0.052725
v -0.132782 -0.241854 -0.084995
v -0.129209 -0.238274 -0.092683
v -0.090865 -0.121697 -0.113156
v -0.091240 -0.175549 -0.112438
v -0.098485 -0.184884 -0.115151
v -0.080628 -0.133266 -0.115811
v -0.089128 -0.163791 -0.114552
v -0.073410 -0.110778 -0.116065
v -0.093978 -0.196111 -0.124673
v -0.065019 -0.055820 -0.116741
v -0.078131 -0.039276 -0.115921
v -0.070058 -0.030218 -0.118083
v -0.093692 -0.202254 -0.135401
v 0.131366 -0.427686 0.132395
v 0.124201 -0.413785 0.123280
v 0.115954 -0.433675 0.127241
v 0.134672 -0.408585 0.123141
v 0.116727 -0.410234 0.114976
v 0.112601 -0.415247 0.112073
v 0.128406 -0.435234 0.144151
v 0.112730 -0.441476 0.136292
v 0.126695 -0.444889 0.162647
v 0.112345 -0.448365 0.152866
v 0.112016 -0.451882 0.166812
v 0.110872 -0.456496 0.185338
v 0.123628 -0.456863 0.201602
v 0.110944 -0.460655 0.198273
v 0.105000 -0.466944 0.194812
v 0.101944 -0.462362 0.155546
v 0.095045 -0.477377 0.178464
v 0.091894 -0.479080 0.162985
v 0.104535 -0.456722 0.134092
v 0.110641 -0.441889 0.116350
v 0.100122 -0.468856 0.130443
v 0.090590 -0.498710 0.177012
v 0.105654 -0.460363 0.116761
v 0.088382 -0.499680 0.163372
v 0.110331 -0.447222 0.102644
v 0.095962 -0.495949 0.189673
v 0.110316 -0.418161 0.103753
v 0.093282 -0.493431 0.139478
v 0.112128 -0.434643 0.089167
v 0.098904 -0.498172 0.126432
v 0.109971 -0.417322 0.085949
v 0.116086 -0.451329 0.072570
v 0.118723 -0.423736 0.067971
v 0.119870 -0.446158 0.058965
v 0.114027 -0.469649 0.060212
v 0.112150 -0.468086 0.075510
v 0.113949 -0.459883 0.090000
v 0.113149 -0.493246 0.091420
v 0.112531 -0.497036 0.072028
v 0.114718 -0.495642 0.058614
v 0.114212 -0.482979 0.094985
v 0.110685 -0.475644 0.107540
v 0.112270 -0.486856 0.103595
v 0.123074 -0.461109 0.046794
v 0.110953 -0.412514 0.082347
v 0.117232 -0.398604 0.068426
v 0.126512 -0.444599 0.050210
v 0.107843 -0.374737 0.080764
v 0.112225 -0.373133 0.068821
v 0.108456 -0.353365 0.064425
v 0.106109 -0.353811 0.076923
v 0.107931 -0.362933 0.058408
v 0.112041 -0.350962 0.056320
v 0.112218 -0.382055 0.056403
v 0.116310 -0.379647 0.064160
v 0.113989 -0.496654 0.084901
v 0.104958 -0.409002 0.085370
v 0.106413 -0.409195 0.103740
v 0.099778 -0.388811 0.084603
v 0.100253 -0.373602 0.112593
v 0.105079 -0.401140 0.110809
v 0.106440 -0.411371 0.110733
v 0.098850 -0.365416 0.111367
v 0.096545 -0.368568 0.085605
v 0.098177 -0.360715 0.100427
v 0.095248 -0.351944 0.090154
v 0.096323 -0.350835 0.082169
v 0.101736 -0.350752 0.102282
v 0.127162 -0.493531 0.044745
v 0.121148 -0.381043 0.059896
v 0.104264 -0.368716 0.117411
v 0.100235 -0.347835 0.091670
v 0.136324 -0.393398 0.128342
v 0.120179 -0.367569 0.124266
v 0.135325 -0.364385 0.131158
v 0.119010 -0.498021 0.131815
v 0.137310 -0.498271 0.150140
v 0.107233 -0.498841 0.149366
v 0.098904 -0.498172 0.126432
v 0.110164 -0.498630 0.166318
v 0.152845 -0.497977 0.133507
v 0.164582 -0.498757 0.146877
v 0.160499 -0.498438 0.172962
v 0.138203 -0.498371 0.164902
v 0.138086 -0.496078 0.185992
v 0.118129 -0.496030 0.185442
v 0.095962 -0.495949 0.189673
v 0.149367 -0.494882 0.191985
v 0.090590 -0.498710 0.177012
v 0.088382 -0.499680 0.163372
v 0.139410 -0.491763 0.202100
v 0.108316 -0.491410 0.204263
v 0.125811 -0.489660 0.207345
v 0.163664 -0.492221 0.121468
v 0.120501 -0.492401 0.117544
v 0.135500 -0.494072 0.123873
v 0.161085 -0.486802 0.109263
v 0.112270 -0.486856 0.103595
v 0.133565 -0.486402 0.107323
v 0.126317 -0.485958 0.096557
v 0.161993 -0.488455 0.101626
v 0.114212 -0.482979 0.094985
v 0.133271 -0.495212 0.067218
v 0.151770 -0.495617 0.073670
v 0.132964 -0.495536 0.081359
v 0.147525 -0.495415 0.090194
v 0.167809 -0.495580 0.073076
v 0.163443 -0.494660 0.096087
v 0.166443 -0.494547 0.061511
v 0.113989 -0.496654 0.084901
v 0.112531 -0.497036 0.072028
v 0.114718 -0.495642 0.058614
v 0.127162 -0.493531 0.044745
v 0.143496 -0.492050 0.040834
v 0.161198 -0.492792 0.050682
v 0.140372 -0.493682 0.094204
v 0.113149 -0.493246 0.091420
v -0.110629 -0.214591 -0.161469
v -0.123949 -0.224457 -0.153933
v -0.137754 -0.217016 -0.136067
v -0.141032 -0.245299 -0.149436
v -0.125930 -0.245464 -0.163091
v -0.137852 -0.249116 -0.154587
v -0.113354 -0.235332 -0.172072
v -0.117879 -0.242163 -0.170855
v -0.129257 -0.250378 -0.161640
v -0.124381 -0.206426 -0.138614
v -0.110747 -0.198961 -0.145891
v 0.121021 0.180384 0.153123
v 0.118923 0.183848 0.139119
v 0.128042 0.169406 0.145303
v 0.129173 0.173148 0.159361
v 0.117059 0.195805 0.155485
v 0.120552 0.191732 0.162725
v 0.116897 0.180707 0.131781
v 0.121391 0.168304 0.129859
v 0.115011 0.183590 0.115881
v 0.134130 0.162540 0.146507
v 0.121694 0.171849 0.096474
v 0.116289 0.181522 0.101596
v 0.117693 0.182523 0.077112
v 0.104282 0.200031 0.075579
v 0.102244 0.209115 0.088736
v 0.093467 0.213598 0.067294
v 0.089955 0.213694 0.054191
v 0.094635 0.223336 0.084869
v 0.104266 0.199967 0.055810
v 0.077752 0.230527 0.065597
v 0.079115 0.219391 0.034126
v 0.130464 0.160764 0.112398
v 0.097754 0.207318 0.039872
v 0.130761 0.160686 0.133609
v 0.115737 0.200143 0.115610
v 0.115353 0.207381 0.143067
v 0.116039 0.196644 0.131221
v 0.101774 0.221307 0.094655
v 0.117599 0.220463 0.167274
v 0.121485 0.220276 0.180392
v 0.117597 0.234522 0.186685
v 0.115839 0.247006 0.203060
v 0.115663 0.241694 0.182659
v 0.112956 0.251221 0.197343
v 0.089502 0.238057 0.089548
v 0.066318 0.245882 0.060927
v 0.067963 0.234709 0.053003
v 0.076299 0.257020 0.077184
v 0.064839 0.259823 0.061923
v 0.129053 0.199013 0.176548
v 0.131080 0.183887 0.170954
v 0.141484 0.165325 0.157214
v 0.113335 0.247996 0.213299
v 0.105265 0.257010 0.212331
v 0.105454 0.226925 0.100163
v 0.105512 0.263358 0.200705
v 0.104330 0.261669 0.213629
v 0.135970 0.179267 0.165506
v 0.060489 0.251114 0.059640
v 0.105665 0.271302 0.201547
v 0.119413 0.212430 0.146189
v 0.114485 0.258759 0.190000
v 0.096621 0.242916 0.096816
v 0.118772 0.208475 0.118446
v 0.114480 0.230030 0.106859
v 0.113451 0.253552 0.222402
v 0.139554 0.172677 0.166664
v 0.120321 0.206137 0.123848
v 0.125422 0.184422 0.060657
v 0.140495 0.187785 0.053513
v 0.140765 0.170789 0.080733
v 0.123123 0.198967 0.040090
v 0.111741 0.198295 0.045279
v 0.105085 0.213698 0.024048
v 0.127757 0.168960 0.090539
v 0.091435 0.220856 0.017859
v 0.141444 0.160602 0.093220
v 0.157314 0.165708 0.080693
v 0.083738 0.218095 0.034056
v 0.147850 0.154654 0.100988
v 0.157356 0.160363 0.085398
v 0.141936 0.154773 0.125688
v 0.148458 0.147594 0.107578
v 0.144255 0.148117 0.118903
v 0.144856 0.150340 0.134321
v 0.150535 0.154044 0.143487
v 0.091322 -0.259555 0.137839
v 0.074424 -0.274257 0.128148
v 0.099698 -0.286802 0.130389
v 0.079943 -0.290955 0.123462
v 0.086139 -0.301661 0.120533
v 0.109537 -0.308304 0.124585
v 0.100081 -0.315050 0.118375
v 0.119020 -0.320402 0.123785
v 0.068450 -0.254357 0.131982
v 0.063587 -0.233863 0.136295
v 0.093037 -0.233304 0.143197
v 0.081441 -0.220883 0.144987
v 0.069415 -0.219059 0.143000
v 0.108442 -0.341164 0.116947
v 0.121369 -0.330099 0.122576
v 0.092708 -0.218956 0.146084
v 0.058052 -0.216035 0.138106
v 0.123926 -0.352517 0.121758
v 0.111935 -0.366263 0.114078
v 0.125416 -0.364804 0.120471
v 0.103404 -0.338380 0.114369
v 0.103555 -0.361178 0.109335
v 0.115214 -0.254447 0.133247
v 0.125107 -0.296210 0.121513
v 0.121168 -0.274427 0.126691
v 0.106540 -0.218852 0.138377
v 0.137570 -0.362949 0.114494
v 0.101541 -0.208418 0.143487
v 0.137304 -0.293426 0.113620
v 0.141304 -0.327237 0.106301
v 0.071617 -0.217454 0.153432
v 0.091551 -0.209887 0.159861
v 0.109305 -0.008184 0.056332
v 0.105154 -0.016632 0.069703
v 0.116865 -0.034579 0.057215
v 0.117209 -0.014780 0.041964
v 0.117755 -0.051104 0.075524
v 0.108514 -0.038918 0.082765
v 0.105484 -0.059420 0.105786
v 0.112086 -0.068629 0.104682
v 0.120939 -0.072383 0.089230
v 0.100749 -0.038423 0.092778
v 0.098337 -0.025525 0.083862
v 0.094033 -0.003447 0.071286
v 0.118653 -0.036190 0.050205
v 0.121470 -0.066743 0.077048
v 0.107180 0.000175 0.059596
v 0.118872 -0.019727 0.033420
v 0.099304 0.003799 0.065173
v 0.101224 0.010551 0.054461
v 0.114182 -0.006126 0.051379
v 0.108285 0.008949 0.035242
v 0.116434 0.000791 0.024795
v 0.118596 -0.010360 0.041774
v 0.121710 -0.013534 0.032147
v 0.120027 -0.007655 0.024532
v 0.102988 -0.073118 0.113316
v 0.088703 0.006845 0.071407
v 0.088027 0.015357 0.059286
v 0.090648 -0.013069 0.076477
v -0.152498 -0.498164 -0.197953
v -0.135521 -0.498027 -0.189345
v -0.144601 -0.498712 -0.173938
v -0.122921 -0.497866 -0.177248
v -0.137169 -0.496821 -0.203590
v -0.113846 -0.499162 -0.160158
v -0.122255 -0.499392 -0.150266
v -0.139484 -0.499258 -0.138788
v -0.143662 -0.497002 -0.220327
v -0.167033 -0.497818 -0.204958
v -0.178986 -0.498228 -0.190832
v -0.158079 -0.497919 -0.163640
v -0.149461 -0.498270 -0.136016
v -0.172685 -0.495593 -0.160195
v -0.162227 -0.495574 -0.134770
v -0.185953 -0.494951 -0.175277
v -0.105450 -0.495823 -0.171823
v -0.174701 -0.491826 -0.135573
v -0.188623 -0.489304 -0.146478
v -0.192131 -0.489803 -0.158582
v -0.122017 -0.491795 -0.206305
v -0.104199 -0.489430 -0.194165
v -0.129371 -0.490780 -0.219082
v -0.116004 -0.486114 -0.217224
v -0.102226 -0.484642 -0.214870
v -0.114311 -0.483381 -0.232541
v -0.124857 -0.486200 -0.227685
v -0.090837 -0.484322 -0.197795
v -0.095714 -0.486820 -0.186880
v -0.089716 -0.477416 -0.192580
v 0.079118 0.099303 0.028287
v 0.069110 0.065657 0.036909
v 0.078942 0.049605 0.029546
v 0.068664 0.047210 0.037777
v 0.069396 0.099613 0.034925
v 0.084397 0.099282 0.019452
v 0.081477 0.048818 0.024211
v -0.114082 -0.404442 -0.178391
v -0.123140 -0.392460 -0.206092
v -0.119928 -0.413773 -0.210366
v -0.125232 -0.381324 -0.197780
v -0.119267 -0.378948 -0.164716
v -0.124491 -0.371731 -0.184607
v -0.130590 -0.366653 -0.204835
v -0.130401 -0.383366 -0.210306
v -0.110193 -0.411682 -0.180230
v -0.114378 -0.416409 -0.199146
v -0.111441 -0.394309 -0.167756
v -0.123620 -0.390398 -0.219438
v -0.111394 -0.379915 -0.158412
v -0.129260 -0.433438 -0.203063
v -0.114599 -0.432801 -0.186016
v -0.116874 -0.393997 -0.216403
v -0.112815 -0.399136 -0.222680
v 0.003264 0.341197 0.031909
v -0.006690 0.347416 0.022712
v 0.006159 0.327897 0.019108
v -0.008811 0.340691 0.007351
v -0.017906 0.364647 0.024129
v -0.008102 0.324846 -0.004250
v 0.008970 0.307363 0.007746
v 0.020180 0.319751 0.025523
v 0.022351 0.305279 0.018752
v 0.014425 0.338082 0.038100
v -0.004125 0.296819 -0.008760
v -0.013356 0.313958 -0.018934
v -0.015360 0.295943 -0.023417
v -0.015387 0.337247 -0.016981
v -0.019598 0.356054 -0.013472
v -0.018368 0.358945 0.002244
v -0.017216 0.317110 -0.031686
v -0.018659 0.363148 0.013388
v -0.005802 0.278947 -0.009691
v 0.026044 0.292573 0.018671
v -0.020424 0.296606 -0.034238
v -0.020937 0.317036 -0.040521
v 0.008175 0.276897 0.003960
v -0.017019 0.327866 -0.035979
v -0.017812 0.347272 -0.023527
v -0.013510 0.359182 0.037803
v -0.018108 0.371551 0.046024
v -0.012466 0.365349 0.058106
v -0.017739 0.377659 0.057814
v -0.006680 0.362054 0.066352
v -0.002525 0.347342 0.054313
v 0.007812 0.340672 0.065754
v -0.011233 0.382529 0.070578
v -0.001247 0.345226 0.040914
v -0.018118 0.385802 0.064852
v 0.015682 0.331313 0.062441
v 0.026075 0.329671 0.074523
v 0.010266 0.349946 0.074484
v 0.019274 0.338684 0.074711
v 0.001726 0.365875 0.075679
v -0.020421 0.388519 0.073171
v -0.022795 0.370530 0.034542
v -0.023244 0.365639 0.019931
v -0.022546 0.373450 0.049077
v -0.022423 0.381110 0.062667
v -0.021603 0.328222 -0.036742
v -0.019941 0.336573 -0.030645
v -0.023380 0.356740 -0.000717
v 0.129267 0.259603 0.091906
v 0.123206 0.281831 0.079618
v 0.108832 0.269429 0.084904
v 0.104267 0.284938 0.074320
v 0.113333 0.295926 0.068140
v 0.091118 0.271391 0.077988
v 0.100822 0.265250 0.084428
v 0.096621 0.242916 0.096816
v 0.115762 0.244902 0.101279
v 0.095790 0.293556 0.065102
v 0.114480 0.230030 0.106859
v 0.125717 0.231883 0.109776
v 0.128038 0.217438 0.120238
v 0.134796 0.223376 0.117964
v 0.117172 0.258113 0.090398
v 0.105213 0.308921 0.054032
v 0.123985 0.246249 0.100054
v 0.141870 0.228408 0.111507
v 0.079413 0.275548 0.067863
v 0.076299 0.257020 0.077184
v 0.118772 0.208475 0.118446
v 0.090643 0.303194 0.050959
v 0.141894 0.222615 0.123597
v 0.072964 0.276901 0.061920
v 0.083112 0.297084 0.049663
v 0.078645 0.297370 0.046420
v 0.065821 0.291093 0.051376
v 0.060202 0.279651 0.055278
v 0.064839 0.259823 0.061923
v 0.102814 0.315277 0.044286
v 0.144471 0.239768 0.100551
v 0.127116 0.292005 0.068414
v 0.126256 0.213983 0.125840
v 0.167103 0.225217 0.124488
v 0.139709 0.270869 0.080610
v 0.152647 0.229998 0.105866
v 0.135975 0.250673 0.090403
v 0.118951 0.304866 0.053961
v 0.120321 0.206137 0.123848
v 0.116039 0.196644 0.131221
v 0.086045 0.300788 0.039045
v 0.149406 0.250866 0.084716
v 0.149105 0.246019 0.085282
v 0.092403 0.089941 0.009454
v 0.095666 0.061646 0.006235
v 0.099013 0.047068 -0.003926
v 0.095458 0.084502 -0.004417
v 0.093837 0.100909 -0.007572
v 0.100101 0.029917 0.005001
v 0.100858 0.024896 -0.000696
v 0.089959 0.098444 0.009314
v 0.099818 0.025586 -0.007660
v 0.102712 0.020553 -0.012361
v 0.094720 0.032239 -0.012359
v 0.092306 0.070339 -0.008481
v 0.090041 0.100399 -0.012082
v 0.091580 0.071348 0.010181
v 0.095429 0.032566 0.009101
v 0.089896 0.045355 -0.012388
v 0.087724 0.067381 -0.011700
v 0.102886 0.072116 -0.022092
v 0.101669 0.068952 -0.015260
v 0.106517 0.053704 -0.022887
v 0.105553 0.049746 -0.017419
v 0.098868 0.101909 -0.015623
v 0.111732 0.031657 -0.020459
v 0.097300 0.102603 -0.028081
v 0.105796 0.044103 -0.031417
v 0.110015 0.023145 -0.028546
v 0.112999 0.023957 -0.020107
v 0.099943 0.062057 -0.031214
v 0.098594 0.083252 -0.028931
v 0.101148 0.102388 -0.035978
v 0.107723 0.065505 -0.034287
v 0.107650 0.083408 -0.045535
v 0.101011 0.103223 -0.046386
v 0.115369 0.055246 -0.045805
v 0.119497 0.024608 -0.033673
v 0.123132 0.026200 -0.043740
v 0.121462 0.027126 -0.049945
v 0.113302 0.031742 -0.031514
v 0.108822 0.071794 -0.049099
v 0.099872 0.045402 -0.013711
v -0.058740 0.086833 -0.116693
v -0.047446 0.103060 -0.121649
v -0.061780 0.061270 -0.123741
v -0.055733 0.111528 -0.113608
v -0.051701 0.046563 -0.134509
v -0.049868 0.121114 -0.113413
v -0.061570 0.047269 -0.129000
v -0.034726 0.120145 -0.119617
v -0.034863 0.101612 -0.122451
v -0.036358 0.077767 -0.126988
v -0.035457 0.043443 -0.134585
v -0.033737 0.126253 -0.113379
v -0.030965 0.075198 -0.123253
v -0.029981 0.093767 -0.120082
v -0.032805 0.054529 -0.128763
v -0.028339 0.115325 -0.112627
v -0.086496 -0.495562 -0.232034
v -0.063425 -0.495861 -0.220257
v -0.091404 -0.497732 -0.211632
v -0.100490 -0.496972 -0.222846
v -0.095733 -0.494447 -0.251179
v -0.110633 -0.495818 -0.232786
v -0.055642 -0.497206 -0.211355
v -0.058938 -0.490870 -0.247771
v -0.080750 -0.493385 -0.244818
v -0.048602 -0.493953 -0.223568
v -0.050202 -0.491738 -0.237512
v -0.075986 -0.490858 -0.256366
v -0.084354 -0.497400 -0.194826
v -0.063171 -0.497402 -0.204459
v -0.109215 0.188548 -0.039341
v -0.109636 0.174555 -0.055979
v -0.102454 0.177007 -0.081491
v -0.111953 0.173958 -0.035972
v -0.103858 0.190057 -0.072871
v -0.098325 0.189928 -0.100210
v -0.098714 0.176049 -0.105201
v -0.097258 0.172496 -0.110997
v -0.111083 0.173745 -0.017813
v -0.110918 0.186802 -0.019901
v -0.108565 0.172637 -0.000059
v -0.110355 0.187079 0.001882
v -0.112693 0.198008 -0.039741
v -0.110119 0.198256 -0.058845
v -0.104261 0.201837 -0.094864
v -0.114796 0.193783 -0.019152
v -0.118607 0.192571 0.005106
v -0.113717 0.156365 0.000536
v -0.116698 0.202717 -0.042418
v -0.114078 0.209162 -0.092534
v -0.091570 0.192481 -0.104584
v -0.094696 0.209376 -0.094972
v -0.112693 0.198008 -0.039741
v -0.126464 0.205492 -0.042631
v -0.125635 0.201534 -0.032816
v -0.114796 0.193783 -0.019152
v -0.125045 0.195577 -0.008292
v -0.118607 0.192571 0.005106
v -0.116698 0.202717 -0.042418
v -0.104512 0.183980 0.006661
v -0.098139 0.190688 0.030167
v -0.095428 0.182597 0.026032
v -0.104084 0.177106 0.002992
v -0.110355 0.187079 0.001882
v -0.111966 0.192415 0.010305
v -0.110311 0.197546 0.031132
v -0.090676 0.191909 0.034476
v -0.088635 0.180069 0.030536
v -0.082878 0.189120 0.045255
v -0.092174 0.197423 0.045604
v -0.093383 0.199689 0.058820
v -0.084797 0.186711 0.057840
v -0.101852 0.190626 0.037352
v -0.109516 0.198882 0.042172
v -0.110073 0.197328 0.050591
v -0.104629 0.190982 0.051274
v -0.111363 0.200794 0.060802
v -0.100751 0.200464 0.060100
v -0.108565 0.172637 -0.000059
v -0.119953 0.199844 0.058228
v -0.123119 0.198453 0.037170
v -0.130872 0.191010 0.003951
v -0.135661 0.197656 -0.034492
v -0.120010 0.195482 0.067844
v -0.106510 0.197613 0.068744
v -0.130415 0.193478 0.056370
v -0.132095 0.193550 0.040889
v -0.137256 0.187780 0.039199
v -0.139644 0.185623 0.008087
v -0.125808 0.190757 0.068316
v -0.137350 0.184335 0.002210
v -0.137223 0.201869 -0.041239
v -0.137314 0.206590 -0.069852
v -0.127553 0.212383 -0.093460
v -0.136712 0.211190 -0.097059
v -0.145129 0.201363 -0.073435
v -0.145720 0.206211 -0.099615
v -0.114078 0.209162 -0.092534
v -0.144832 0.190416 -0.038563
v -0.152029 0.215226 -0.112887
v -0.136588 0.219585 -0.103998
v -0.148764 0.220037 -0.118554
v -0.145095 0.229520 -0.131279
v -0.132656 0.227535 -0.109954
v -0.118074 0.219418 -0.096319
v -0.143775 0.227235 -0.118845
v -0.134789 0.234256 -0.127961
v -0.080075 0.074165 -0.090610
v -0.086096 0.051807 -0.083480
v -0.084239 0.078278 -0.080416
v -0.075586 0.109649 -0.089933
v -0.081923 0.049318 -0.091237
v -0.080930 0.107519 -0.073591
v -0.082318 0.054294 -0.073783
v -0.080275 0.074272 -0.071187
v -0.080247 0.043040 -0.077394
v -0.078644 0.049286 -0.070342
v -0.087214 0.033373 -0.064495
v -0.079450 0.046328 -0.054366
v -0.087049 0.033389 -0.053536
v -0.083334 0.028506 -0.030224
v -0.077704 0.030665 -0.081718
v -0.083501 0.025789 -0.071894
v -0.085042 0.025665 -0.065097
v -0.080393 0.022108 -0.086610
v -0.077738 0.015556 -0.100852
v -0.062700 0.044637 -0.096315
v -0.069415 0.043543 -0.086645
v -0.072404 0.010753 -0.113094
v -0.057818 0.032720 -0.111164
v -0.053550 0.052567 -0.104456
v -0.051132 0.042928 -0.112439
v -0.045573 0.038031 -0.116948
v -0.069364 0.004559 -0.117382
v -0.052288 0.014451 -0.120127
v -0.037017 0.037665 -0.120220
v -0.049389 0.000276 -0.122041
v -0.068820 -0.006106 -0.119475
v -0.028837 0.019675 -0.123348
v -0.031114 0.042297 -0.121148
v -0.017635 0.033522 -0.125589
v -0.019700 0.045105 -0.122242
v -0.020691 0.059145 -0.117189
v -0.070058 -0.030218 -0.118083
v -0.029207 0.064435 -0.116310
v -0.027155 0.074729 -0.112142
v -0.020903 0.078650 -0.112258
v -0.026111 0.092206 -0.110808
v -0.021694 0.093600 -0.111308
v -0.022728 0.108795 -0.106890
v -0.025861 0.113807 -0.105924
v 0.053362 0.182403 -0.084576
v 0.049356 0.168623 -0.080549
v 0.039105 0.168955 -0.095456
v 0.049500 0.186731 -0.092945
v 0.062381 0.197177 -0.081829
v 0.057029 0.176472 -0.074089
v 0.069159 0.185349 -0.065006
v 0.080370 0.205335 -0.064160
v 0.072773 0.218509 -0.080774
v 0.084277 0.232793 -0.072856
v 0.084694 0.206555 -0.057506
v 0.093622 0.213270 -0.045997
v 0.080901 0.187086 -0.049415
v 0.096481 0.198713 -0.034646
v 0.108394 0.226277 -0.035859
v 0.095697 0.237090 -0.055177
v 0.111778 0.222282 -0.026034
v 0.055629 0.214763 -0.095860
v 0.066686 0.233080 -0.093810
v 0.083618 0.236995 -0.079996
v 0.108987 0.213509 -0.023207
v 0.067536 0.167082 -0.049007
v 0.053850 0.165756 -0.067051
v 0.078848 0.166524 -0.030654
v 0.091351 0.176782 -0.018641
v 0.100483 0.193356 -0.017882
v 0.072080 0.239604 -0.092838
v 0.095344 0.242636 -0.063657
v 0.039983 0.178815 -0.098393
v 0.058610 0.240249 -0.103125
v 0.040815 0.197252 -0.102788
v 0.054590 0.157150 -0.053022
v 0.043778 0.159922 -0.070008
v 0.045108 0.147097 -0.057247
v 0.065468 0.156380 -0.035080
v 0.054021 0.137219 -0.032162
v 0.037383 0.159913 -0.076941
v 0.060251 0.137640 -0.020099
v 0.070882 0.156298 -0.020641
v 0.023947 0.147992 -0.078981
v 0.033143 0.164080 -0.084811
v 0.042859 0.139437 -0.049306
v 0.081563 0.161086 -0.005300
v 0.071247 0.152108 -0.006252
v 0.060240 0.135554 -0.012666
v 0.015682 0.161087 -0.093851
v 0.000620 0.143837 -0.091782
v 0.021280 0.177835 -0.103857
v 0.027371 0.141947 -0.065247
v 0.048886 0.235094 -0.104591
v 0.031533 0.217836 -0.112862
v -0.002348 0.169346 -0.108569
v 0.013575 0.189662 -0.116377
v 0.033892 0.181036 -0.097523
v 0.034719 0.198162 -0.104344
v 0.019281 0.218268 -0.122438
v 0.009387 0.203141 -0.125682
v 0.000985 0.192620 -0.125563
v -0.004695 0.153590 -0.098535
v 0.029231 0.239857 -0.117923
v -0.014516 0.172047 -0.115028
v 0.011291 0.141913 -0.078386
v 0.008466 0.136651 -0.076772
v 0.044061 0.247393 -0.107326
v 0.039140 0.250892 -0.113497
v 0.049420 0.248658 -0.106420
v -0.020633 0.147286 -0.097024
v 0.063340 0.140105 -0.004265
v -0.013690 0.141509 -0.090714
v 0.070943 0.158127 0.011308
v 0.058535 0.143939 0.013104
v 0.053978 0.144623 0.025831
v 0.078089 0.177524 0.015512
v 0.062478 0.160904 0.028796
v 0.044318 0.152970 0.052754
v 0.047509 0.143931 0.036738
v 0.040612 0.140468 0.044242
v 0.097027 0.223624 0.006912
v 0.103548 0.235774 -0.000697
v 0.107751 0.244361 -0.009808
v 0.034529 0.137755 0.050335
v 0.088898 0.207922 0.012271
v 0.077824 0.201698 0.029783
v 0.091435 0.220856 0.017859
v 0.079115 0.219391 0.034126
v 0.025286 0.143377 0.068042
v 0.063738 0.178033 0.036106
v 0.048319 0.182930 0.056246
v 0.058813 0.200200 0.048590
v 0.008214 -0.026997 -0.041766
v 0.035404 -0.028704 -0.029128
v -0.000225 -0.027848 -0.023761
v 0.033093 -0.022471 -0.053283
v 0.015071 -0.030378 -0.019146
v 0.008841 -0.026026 -0.059331
v -0.002189 -0.029557 -0.038509
v -0.012756 -0.032135 -0.026264
v 0.049129 -0.018890 -0.045565
v 0.057481 -0.020377 -0.037375
v 0.015078 -0.020127 -0.068512
v 0.012266 -0.016101 -0.078803
v 0.037331 -0.005310 -0.081515
v 0.017732 -0.003671 -0.096702
v 0.064240 -0.011537 -0.043327
v 0.050053 -0.005992 -0.064934
v 0.006451 -0.011392 -0.098112
v 0.073190 -0.010475 -0.038493
v -0.001536 -0.004770 -0.111986
v -0.005088 -0.031428 -0.086105
v 0.001399 -0.032158 -0.061273
v -0.007614 -0.026724 -0.097891
v 0.001608 -0.024418 -0.001208
v -0.012604 -0.024472 -0.015097
v -0.020901 -0.016257 0.000858
v -0.000647 -0.022704 0.010650
v -0.025457 -0.024459 -0.016726
v -0.033821 -0.019177 -0.013082
v -0.009425 -0.039061 -0.042023
v 0.053424 -0.039570 -0.023725
v 0.041823 -0.051955 -0.013836
v 0.063785 -0.052740 -0.016227
v 0.060112 -0.078676 -0.000473
v 0.045597 -0.078024 0.002489
v 0.061964 -0.093335 0.012930
v 0.037495 -0.107624 0.027823
v 0.054353 -0.107567 0.030215
v 0.050431 -0.108992 0.032070
v 0.070922 -0.117313 0.034620
v 0.038355 -0.111244 0.032575
v 0.054590 -0.110692 0.032014
v 0.046786 -0.130000 0.043956
v 0.057676 -0.157743 0.060429
v -0.061181 0.091419 -0.012614
v -0.055717 0.062806 -0.008841
v -0.048816 0.060183 0.005022
v -0.065825 0.063507 -0.028691
v -0.067112 0.092033 -0.027773
v -0.049266 0.058860 0.004267
v -0.055714 0.092941 -0.004945
v -0.050565 0.094929 0.007266
v -0.061685 0.056557 -0.025237
v -0.068511 0.057700 -0.041098
v -0.064614 0.044194 -0.030810
v -0.054122 0.037309 -0.015165
v -0.052543 0.057344 -0.010382
v -0.040847 0.056299 0.001048
v -0.034051 0.024852 0.007262
v -0.048813 0.015663 -0.009074
v -0.036319 -0.003806 0.000811
v -0.015953 0.008043 0.022444
v -0.032633 0.054263 0.009197
v -0.020011 -0.003017 0.015642
v -0.022231 0.031036 0.018289
v -0.029767 0.062109 0.021390
v -0.032789 0.094503 0.022504
v -0.051251 0.000206 -0.011749
v -0.060846 0.022754 -0.018762
v -0.046222 -0.009800 -0.012113
v -0.000824 -0.007364 0.029654
v -0.020572 0.056720 0.019064
v 0.005207 0.005418 0.037399
v -0.005461 0.024866 0.030468
v -0.006712 0.055755 0.028137
v -0.017573 0.069699 0.025925
v 0.012360 -0.004401 0.053458
v -0.008931 0.072064 0.031732
v -0.000382 0.063222 0.038151
v 0.009677 0.088539 0.048284
v -0.003661 0.091320 0.035883
v 0.014482 0.065131 0.049077
v -0.012913 0.095375 0.030162
v 0.005582 0.041721 0.034123
v 0.004535 0.059462 0.034851
v 0.016830 0.046548 0.042919
v 0.016931 0.060559 0.041849
v 0.023415 0.036464 0.042504
v -0.035690 0.059040 0.014901
v 0.021298 0.032549 0.038585
v -0.071248 0.049321 -0.039019
v -0.069460 0.025594 -0.025235
v -0.068362 0.011867 -0.018712
v -0.068846 -0.001530 -0.016337
v -0.057566 -0.018244 -0.012115
v -0.020901 -0.016257 0.000858
v -0.033821 -0.019177 -0.013082
v -0.003982 -0.012367 0.020605
v 0.003756 0.094617 0.036866
v -0.000647 -0.022704 0.010650
v -0.040374 -0.038180 -0.018790
v -0.075937 0.019390 -0.023153
v -0.083608 0.003472 -0.015593
v -0.074461 -0.000043 -0.016098
v -0.075528 0.035843 -0.027483
v -0.083334 0.028506 -0.030224
v -0.079450 0.046328 -0.054366
v -0.103718 -0.015323 -0.054660
v -0.123882 0.013035 -0.057275
v -0.118505 -0.009830 -0.055249
v -0.111835 -0.028020 -0.053552
v -0.105392 0.016398 -0.058930
v -0.098311 -0.004863 -0.057190
v -0.088960 0.010473 -0.060077
v -0.090997 0.022276 -0.060635
v -0.082242 0.026164 -0.063864
v -0.127834 -0.033217 -0.056369
v -0.120816 -0.057157 -0.055398
v -0.131285 -0.061065 -0.056879
v -0.136341 -0.070423 -0.059414
v -0.125514 -0.076150 -0.060721
v -0.145909 -0.060945 -0.061117
v -0.127646 -0.011447 -0.061161
v -0.128974 0.002780 -0.060814
v -0.138652 -0.043443 -0.060912
v -0.131284 -0.024756 -0.060949
v -0.100214 0.023980 -0.064332
v -0.120052 0.017624 -0.074172
v -0.109336 0.024880 -0.071701
v -0.116610 0.024324 -0.075779
v 0.123628 -0.456863 0.201602
v 0.110944 -0.460655 0.198273
v 0.112654 -0.469638 0.203185
v 0.124571 -0.470593 0.206651
v 0.108316 -0.491410 0.204263
v 0.125811 -0.489660 0.207345
v 0.105000 -0.466944 0.194812
v 0.095962 -0.495949 0.189673
v 0.136643 -0.465214 0.201008
v 0.139410 -0.491763 0.202100
v -0.065237 -0.423856 -0.220353
v -0.066234 -0.427419 -0.206222
v -0.056141 -0.444647 -0.218996
v -0.070191 -0.415162 -0.222764
v -0.059853 -0.452812 -0.203350
v -0.070372 -0.432471 -0.197825
v -0.068737 -0.419660 -0.200850
v -0.070756 -0.412436 -0.224436
v -0.067505 -0.405017 -0.198136
v -0.069142 -0.386045 -0.209129
v -0.063133 -0.438928 -0.234012
v -0.063694 -0.387228 -0.190601
v -0.073896 -0.384045 -0.217856
v -0.072535 -0.373440 -0.213532
v -0.064319 -0.382374 -0.204488
v -0.052433 -0.446694 -0.219744
v -0.058768 -0.441329 -0.234872
v -0.053975 -0.457358 -0.238222
v -0.048214 -0.469248 -0.223477
v -0.050202 -0.491738 -0.237512
v -0.048602 -0.493953 -0.223568
v -0.033807 0.345497 0.028340
v -0.033424 0.322910 0.021357
v -0.032111 0.315098 0.007993
v -0.034106 0.343073 0.015974
v -0.032105 0.325362 0.036082
v -0.033195 0.335892 0.042374
v -0.029741 0.359630 0.035307
v -0.029367 0.360570 0.043112
v -0.032223 0.337126 0.045036
v -0.028032 0.356297 0.052323
v -0.029050 0.357758 0.018216
v -0.030553 0.338646 0.003323
v -0.034439 0.318648 -0.012772
v -0.029775 0.335744 -0.015674
v -0.030024 0.319074 -0.031066
v -0.023791 0.352305 -0.011303
v -0.023380 0.356740 -0.000717
v -0.036479 0.308902 -0.002696
v -0.041567 0.307734 -0.005120
v -0.038756 0.294921 -0.017758
v -0.024481 0.341751 -0.022353
v -0.022795 0.370530 0.034542
v -0.022546 0.373450 0.049077
v -0.033403 0.363127 0.067858
v -0.022423 0.381110 0.062667
v -0.023244 0.365639 0.019931
v -0.028129 0.323901 0.052878
v -0.027215 0.327757 0.048244
v -0.029140 0.318934 0.047520
v -0.028649 0.324814 0.043625
v -0.030741 0.302088 -0.032466
v -0.031751 0.377622 0.074267
v -0.021603 0.328222 -0.036742
v -0.047432 0.300997 -0.001230
v -0.042034 0.272295 -0.010581
v -0.049335 0.267293 0.006162
v -0.019598 0.356054 -0.013472
v -0.043169 0.259656 -0.002073
v -0.020421 0.388519 0.073171
v -0.033840 0.339857 0.063107
v -0.031475 0.282607 -0.022959
v -0.050815 0.253459 0.003985
v -0.020937 0.317036 -0.040521
v -0.018118 0.385802 0.064852
v -0.017812 0.347272 -0.023527
v -0.056295 0.257054 0.009461
v -0.053940 0.244975 0.006717
v -0.019941 0.336573 -0.030645
v -0.026844 0.295946 -0.033774
v -0.037167 0.311388 0.004829
v -0.018368 0.358945 0.002244
v -0.017739 0.377659 0.057814
v -0.048378 0.375302 0.013686
v -0.042948 0.350536 0.004800
v -0.044620 0.355913 0.016461
v -0.044876 0.363685 0.001747
v -0.042725 0.333149 0.010823
v -0.041483 0.320731 0.004395
v -0.045895 0.340275 0.019125
v -0.038807 0.322812 0.013208
v -0.053118 0.369783 0.024337
v -0.047002 0.337455 -0.006742
v -0.043867 0.314050 -0.004639
v -0.037167 0.311388 0.004829
v -0.049295 0.317310 -0.013738
v -0.041567 0.307734 -0.005120
v -0.039250 0.332000 0.023401
v -0.038728 0.334155 0.036065
v -0.044917 0.359879 0.033861
v -0.041023 0.351600 0.041310
v -0.044999 0.368185 0.044866
v -0.041292 0.367303 0.050866
v -0.041968 0.382182 0.056817
v -0.032105 0.325362 0.036082
v -0.033424 0.322910 0.021357
v -0.050561 0.370815 0.002290
v -0.049951 0.358014 -0.004846
v -0.050536 0.341432 -0.008942
v -0.033195 0.335892 0.042374
v -0.054914 0.337444 -0.013399
v -0.032111 0.315098 0.007993
v -0.055217 0.380263 0.016330
v -0.057012 0.386491 0.033502
v -0.057849 0.387805 0.022166
v 0.133211 -0.415314 0.061684
v 0.149593 -0.438656 0.056546
v 0.135530 -0.438200 0.052232
v 0.149223 -0.423114 0.064764
v 0.150359 -0.408978 0.069526
v 0.133202 -0.399643 0.060788
v 0.145898 -0.381350 0.064694
v 0.131856 -0.384326 0.057538
v 0.155428 -0.423307 0.072698
v 0.155923 -0.414935 0.074051
v 0.156366 -0.441507 0.061777
v 0.138616 -0.442079 0.047128
v 0.152183 -0.441353 0.052262
v 0.149744 -0.451338 0.046874
v 0.159931 -0.463338 0.051129
v 0.152391 -0.473448 0.044217
v 0.161198 -0.492792 0.050682
v 0.139232 -0.462919 0.041455
v 0.143496 -0.492050 0.040834
v 0.123074 -0.461109 0.046794
v 0.126512 -0.444599 0.050210
v 0.127162 -0.493531 0.044745
v 0.118723 -0.423736 0.067971
v 0.117232 -0.398604 0.068426
v 0.119870 -0.446158 0.058965
v 0.121148 -0.381043 0.059896
v 0.098637 -0.084187 0.094909
v 0.096830 -0.111814 0.110062
v 0.102741 -0.104865 0.087109
v 0.103532 -0.130493 0.097804
v 0.096709 -0.131613 0.119653
v 0.105163 -0.149127 0.107548
v 0.102689 -0.088294 0.085778
v 0.093619 -0.083067 0.103361
v 0.102611 -0.081535 0.074831
v 0.083415 -0.097712 0.118633
v 0.082296 -0.117326 0.126964
v 0.088778 -0.077222 0.105842
v 0.091072 -0.127460 0.125729
v 0.103625 -0.142898 0.116447
v 0.095666 -0.141205 0.129761
v 0.103596 -0.151245 0.118856
v 0.102055 -0.162525 0.134361
v 0.094013 -0.153568 0.145529
v 0.102165 -0.182579 0.145495
v 0.106722 -0.192646 0.136734
v 0.110941 -0.184393 0.116349
v 0.115938 -0.209830 0.129351
v 0.118298 -0.202211 0.115615
v 0.106237 -0.167922 0.116832
v 0.086503 -0.139142 0.138850
v 0.101541 -0.208418 0.143487
v 0.106540 -0.218852 0.138377
v 0.118005 -0.201204 0.103402
v 0.122886 -0.239759 0.126701
v 0.119318 -0.213885 0.126751
v 0.077462 -0.132895 0.140481
v 0.115214 -0.254447 0.133247
v 0.121168 -0.274427 0.126691
v 0.103245 -0.161795 0.103149
v 0.082368 -0.074085 0.108804
v 0.086311 -0.038770 0.084390
v 0.079492 -0.051729 0.097959
v 0.082884 -0.012394 0.072432
v 0.132549 -0.248903 0.119246
v 0.137304 -0.293426 0.113620
v 0.133422 -0.248554 0.106512
v 0.137063 -0.289418 0.080310
v 0.140896 -0.320641 0.075395
v 0.141304 -0.327237 0.106301
v 0.145443 -0.344421 0.104444
v 0.143637 -0.339137 0.075847
v 0.145456 -0.345864 0.072266
v 0.133651 -0.266744 0.079891
v 0.132197 -0.244812 0.096473
v 0.131907 -0.242254 0.091148
v 0.100653 -0.174010 0.150093
v 0.102001 -0.205141 0.146438
v 0.090991 -0.196073 0.166937
v 0.086414 -0.168934 0.169845
v 0.080600 -0.149054 0.169516
v 0.092772 -0.148325 0.148629
v 0.080743 -0.126601 0.149513
v 0.085496 -0.131308 0.143538
v 0.088217 -0.184322 0.169285
v 0.131930 -0.279482 0.061279
v 0.134666 -0.293490 0.062260
v 0.137695 -0.306070 0.072276
v 0.107525 -0.182507 0.102745
v 0.117478 -0.202063 0.094765
v 0.127380 -0.250207 0.067748
v 0.128077 -0.240185 0.069337
v 0.100613 -0.158257 0.087445
v 0.097628 -0.132477 0.069280
v 0.098014 -0.087330 0.055836
v 0.100920 -0.065086 0.056525
v 0.137570 -0.362949 0.114494
v 0.144408 -0.361092 0.107526
v 0.091551 -0.209887 0.159861
v 0.099377 -0.172360 0.092660
v 0.133134 -0.234664 0.088311
v 0.122441 -0.209575 0.084264
v 0.095271 -0.065019 0.038413
v 0.098067 -0.163683 0.089829
v 0.098838 -0.035392 0.033539
v 0.152801 -0.359685 0.101520
v 0.092708 -0.218956 0.146084
v 0.070061 -0.014946 0.080917
v 0.080843 0.000541 0.069104
v 0.064256 -0.127994 0.143157
v 0.063075 -0.112372 0.135161
v 0.069285 -0.108461 0.128101
v 0.032541 0.498133 0.015779
v 0.033273 0.494057 0.029805
v 0.046834 0.493978 0.021557
v 0.051240 0.488531 0.036719
v 0.038692 0.486364 0.046317
v 0.059794 0.479822 0.046147
v 0.041937 0.477933 0.058067
v 0.063511 0.485511 0.034774
v 0.056073 0.489810 0.019602
v 0.051242 0.469096 0.064515
v 0.035907 0.474694 0.071175
v 0.032980 0.478914 0.056623
v 0.019114 0.478322 0.070563
v 0.015699 0.472719 0.083865
v 0.032747 0.469319 0.085951
v 0.002319 0.479398 0.067110
v 0.005822 0.482383 0.055412
v 0.019373 0.481741 0.050965
v 0.019994 0.489611 0.034750
v -0.011117 0.481490 0.056289
v -0.008444 0.477590 0.068497
v 0.002167 0.472941 0.079589
v -0.002838 0.485941 0.034739
v -0.001025 0.482373 0.043696
v 0.019200 0.494836 0.020563
v 0.004083 0.490106 0.022600
v -0.019548 0.482524 0.048883
v 0.018097 0.496666 0.009109
v 0.003994 0.494157 0.008179
v 0.015042 0.497915 -0.001709
v -0.029696 0.474564 0.059550
v -0.031945 0.478942 0.046503
v 0.021915 0.461069 0.096893
v -0.043154 0.474610 0.044598
v -0.008712 0.486654 0.009629
v 0.023742 0.494811 -0.015178
v -0.017381 0.480687 0.023936
v -0.019877 0.476695 0.037652
v -0.012316 0.489733 -0.002946
v 0.008635 0.493466 -0.001933
v 0.042161 0.494646 -0.011516
v 0.032378 0.499291 -0.006535
v 0.031148 0.497741 -0.033103
v 0.037013 0.498081 -0.035560
v 0.054796 0.493665 -0.025008
v 0.047395 0.497788 -0.035814
v 0.055593 0.496085 -0.036206
v 0.048033 0.494785 -0.013801
v 0.046568 0.495650 0.005932
v 0.056016 0.491521 -0.010907
v 0.062469 0.494589 -0.042964
v 0.060817 0.490299 -0.020933
v 0.004746 0.494025 -0.012935
v 0.012729 0.487052 -0.032753
v 0.014863 0.489868 -0.037184
v -0.004833 0.486641 -0.011465
v -0.052825 0.465381 0.048670
v 0.004077 0.460429 0.092070
v 0.048480 0.459713 0.084338
v 0.030994 0.452034 0.102602
v 0.040746 0.450045 0.098812
v -0.006318 0.466016 0.080824
v -0.021624 0.463193 0.073535
v 0.069976 0.484100 -0.033251
v 0.016478 0.445577 0.105399
v 0.010291 0.453415 0.095571
v -0.030536 0.463156 0.066101
v -0.046034 0.457379 0.059315
v -0.000728 0.442770 0.091972
v 0.003915 0.436307 0.102557
v 0.034783 0.428078 0.111143
v -0.065111 0.445277 0.048100
v 0.070805 0.483044 -0.048440
v -0.116748 -0.082837 -0.099649
v -0.118157 -0.076242 -0.084530
v -0.133501 -0.068078 -0.090647
v -0.132800 -0.072235 -0.099918
v -0.137540 -0.066869 -0.096873
v -0.112492 -0.085600 -0.094578
v -0.139546 -0.064683 -0.080179
v -0.101726 -0.090347 -0.106207
v -0.107988 -0.088169 -0.113615
v -0.130216 -0.069685 -0.111296
v -0.136341 -0.070423 -0.059414
v -0.145909 -0.060945 -0.061117
v -0.125514 -0.076150 -0.060721
v -0.116339 -0.075436 -0.120673
v -0.012726 0.147670 0.043481
v -0.012871 0.116173 0.035791
v -0.005892 0.144904 0.045772
v 0.003326 0.114314 0.040817
v 0.003756 0.094617 0.036866
v -0.012913 0.095375 0.030162
v 0.011711 0.135604 0.047292
v -0.016897 0.153135 0.040724
v -0.018011 0.098466 0.025303
v -0.023471 0.138588 0.028459
v -0.034481 0.127485 0.017910
v -0.040717 0.099112 0.007686
v -0.037254 0.162485 0.018005
v -0.024759 0.166388 0.030289
v -0.031926 0.186321 0.026214
v -0.045581 0.142803 0.007890
v -0.049139 0.185408 0.006108
v -0.045413 0.114711 0.001095
v -0.018875 0.180704 0.046606
v -0.046643 0.111828 -0.001723
v -0.047178 0.122122 -0.001244
v -0.055994 0.137505 -0.016020
v -0.058796 0.172797 -0.016655
v -0.063302 0.149467 -0.021655
v -0.067234 0.170117 -0.026694
v -0.067095 0.189093 -0.024982
v -0.063122 0.190135 -0.018178
v -0.050035 0.098233 -0.007423
v -0.055452 0.186208 -0.005190
v -0.020141 0.167482 0.040354
v -0.064293 0.130991 -0.036163
v -0.057855 0.115527 -0.024422
v -0.065676 0.095172 -0.037676
v -0.057425 0.097626 -0.020098
v -0.066907 0.149781 -0.033139
v -0.016391 0.148119 0.049287
v -0.057178 0.194344 0.007006
v -0.055304 0.205156 0.016334
v -0.066989 0.204846 0.004621
v -0.064439 0.226108 0.015469
v -0.072657 0.213231 -0.001268
v -0.071306 0.226482 0.004292
v -0.079869 0.220372 -0.005270
v -0.080142 0.209165 -0.009626
v -0.072271 0.234963 0.002621
v -0.071309 0.198352 -0.013282
v -0.040549 0.200314 0.024589
v -0.083928 0.216646 -0.020974
v -0.056031 0.222752 0.017475
v -0.062708 0.237376 0.008897
v -0.030663 0.192860 0.041392
v -0.038087 0.204507 0.036243
v -0.062495 0.249711 0.007330
v -0.077621 0.237127 -0.009325
v -0.078026 0.198106 -0.021899
v -0.040130 0.220502 0.024673
v -0.081663 0.233846 -0.020277
v 0.009368 0.138782 0.049192
v -0.001810 0.147402 0.048393
v 0.017024 0.136092 0.055728
v -0.071513 -0.207161 -0.136819
v -0.074152 -0.205396 -0.131375
v -0.061534 -0.213788 -0.126634
v -0.087930 -0.201974 -0.141468
v -0.093692 -0.202254 -0.135401
v -0.061812 -0.218899 -0.114720
v -0.056720 -0.220244 -0.117170
v -0.058510 -0.228610 -0.102861
v -0.063801 -0.226149 -0.100569
v -0.064410 -0.236951 -0.093563
v -0.073256 -0.213935 -0.085410
v -0.074896 -0.199149 -0.109685
v -0.071863 -0.206237 -0.097346
v -0.081223 -0.195870 -0.116317
v -0.093978 -0.196111 -0.124673
v 0.137570 -0.362949 0.114494
v 0.125416 -0.364804 0.120471
v 0.135325 -0.364385 0.131158
v 0.157357 -0.360452 0.110915
v 0.144408 -0.361092 0.107526
v 0.152801 -0.359685 0.101520
v 0.120179 -0.367569 0.124266
v 0.104264 -0.368716 0.117411
v 0.111935 -0.366263 0.114078
v 0.103555 -0.361178 0.109335
v 0.098850 -0.365416 0.111367
v 0.098177 -0.360715 0.100427
v -0.018043 0.086433 -0.122912
v -0.014796 0.084513 -0.128854
v -0.018509 0.056286 -0.135086
v -0.015315 0.111928 -0.121526
v -0.022728 0.108795 -0.106890
v -0.021694 0.093600 -0.111308
v -0.020903 0.078650 -0.112258
v -0.020691 0.059145 -0.117189
v -0.019700 0.045105 -0.122242
v -0.017635 0.033522 -0.125589
v -0.018326 0.035761 -0.141085
v -0.012618 0.033900 -0.151433
v -0.016257 0.028286 -0.133069
v -0.022109 0.111838 -0.103102
v -0.013140 0.060903 -0.138829
v -0.010154 0.094404 -0.128955
v -0.081718 0.254933 -0.066031
v -0.101916 0.234887 -0.086510
v -0.091125 0.231247 -0.084001
v -0.067434 0.247886 -0.065871
v -0.064431 0.258387 -0.056308
v -0.067445 0.235779 -0.076274
v -0.079590 0.224449 -0.087179
v -0.053495 0.241315 -0.068374
v -0.094696 0.209376 -0.094972
v -0.100521 0.212091 -0.093767
v -0.112004 0.226413 -0.092121
v -0.118074 0.219418 -0.096319
v -0.080499 0.268810 -0.060875
v -0.067155 0.272328 -0.053520
v -0.075985 0.283927 -0.052547
v -0.061448 0.248920 -0.060493
v -0.099460 0.250960 -0.079127
v -0.113825 0.236599 -0.094272
v -0.123634 0.229669 -0.097734
v -0.089519 0.281577 -0.063803
v -0.102807 0.270691 -0.080698
v -0.104130 0.260887 -0.086246
v -0.132656 0.227535 -0.109954
v -0.087438 0.299398 -0.061879
v -0.065207 0.289723 -0.051849
v -0.069632 0.304219 -0.051811
v -0.096444 0.298759 -0.071644
v -0.079983 0.316039 -0.061429
v -0.113255 0.263946 -0.099538
v -0.105266 0.285233 -0.086373
v -0.112162 0.259208 -0.101967
v -0.119478 0.241330 -0.103707
v -0.089712 0.316699 -0.072319
v -0.064276 0.269983 -0.047838
v -0.060645 0.302760 -0.051818
v -0.053938 0.294713 -0.041935
v -0.129511 0.235606 -0.108932
v -0.054622 0.312975 -0.052827
v -0.060575 0.318858 -0.054872
v -0.046929 0.308374 -0.042684
v -0.104261 0.201837 -0.094864
v -0.108398 0.208984 -0.092712
v -0.114078 0.209162 -0.092534
v -0.110840 0.210449 -0.092285
v -0.109619 0.210327 -0.092285
v -0.112305 0.212158 -0.092896
v -0.127553 0.212383 -0.093460
v -0.098021 0.309961 -0.084436
v -0.059021 0.328640 -0.061547
v -0.075568 0.330537 -0.071560
v -0.037009 0.326574 -0.053885
v -0.048367 0.325717 -0.060599
v -0.098325 0.189928 -0.100210
v -0.134789 0.234256 -0.127961
v -0.119836 0.247852 -0.115742
v -0.113732 0.262823 -0.113011
v -0.104143 0.295155 -0.097526
v -0.086443 0.326410 -0.083539
v -0.129986 0.242375 -0.125402
v -0.077166 0.214123 -0.096589
v -0.077641 0.200476 -0.107172
v -0.055679 0.230650 -0.084645
v -0.066830 0.211856 -0.103992
v -0.045621 0.236799 -0.078038
v -0.091570 0.192481 -0.104584
v 0.093837 0.100909 -0.007572
v 0.075204 0.103435 -0.016200
v 0.082638 0.101199 0.007660
v 0.089959 0.098444 0.009314
v 0.069783 0.099280 -0.001541
v 0.058716 0.100023 0.018167
v 0.081401 0.100518 0.011449
v 0.064097 0.100282 0.031140
v 0.069396 0.099613 0.034925
v 0.079118 0.099303 0.028287
v 0.084397 0.099282 0.019452
v 0.060922 0.098871 0.009932
v 0.090041 0.100399 -0.012082
v 0.098868 0.101909 -0.015623
v 0.097300 0.102603 -0.028081
v 0.081981 0.103617 -0.041466
v 0.101011 0.103223 -0.046386
v 0.101148 0.102388 -0.035978
v 0.094919 0.103106 -0.046050
v 0.069612 0.100154 -0.016386
v 0.076947 0.101466 -0.033907
v 0.132185 -0.350062 0.048815
v 0.141267 -0.364894 0.051111
v 0.128944 -0.359966 0.048977
v 0.149999 -0.362811 0.057070
v 0.146595 -0.346566 0.058576
v 0.149590 -0.381301 0.057289
v 0.136591 -0.383009 0.045761
v 0.133002 -0.362874 0.043519
v 0.130374 -0.383108 0.045068
v 0.112041 -0.350962 0.056320
v 0.107931 -0.362933 0.058408
v 0.112218 -0.382055 0.056403
v 0.121746 -0.384461 0.051726
v -0.064537 0.330519 -0.113073
v -0.061994 0.312018 -0.128841
v -0.072840 0.315490 -0.123837
v -0.046353 0.326116 -0.117862
v -0.050319 0.334087 -0.109387
v -0.045527 0.309284 -0.129480
v -0.038161 0.317331 -0.122047
v -0.048421 0.297245 -0.134173
v -0.066376 0.294008 -0.134775
v -0.077501 0.326341 -0.110923
v -0.084646 0.292436 -0.128161
v -0.084784 0.308935 -0.120939
v -0.088872 0.315768 -0.110913
v -0.080929 0.288062 -0.130148
v -0.099140 0.288138 -0.118413
v -0.098396 0.300033 -0.110793
v -0.098807 0.280262 -0.121815
v -0.106683 0.271614 -0.121427
v -0.031126 0.297142 -0.128936
v -0.025668 0.303985 -0.123903
v -0.098339 0.272357 -0.120058
v -0.107843 0.263526 -0.121271
v -0.084726 0.281588 -0.124078
v -0.101786 0.265735 -0.128061
v -0.116977 0.249566 -0.126526
v -0.113731 0.248852 -0.132452
v -0.089998 0.268842 -0.134356
v -0.068105 0.286470 -0.129953
v -0.129986 0.242375 -0.125402
v -0.129078 0.235507 -0.142534
v -0.111195 0.242831 -0.142800
v -0.096844 0.252720 -0.141556
v -0.093797 0.257880 -0.137466
v -0.117846 0.235081 -0.150971
v -0.122963 0.227865 -0.154369
v -0.135602 0.225330 -0.153154
v -0.143441 0.228323 -0.140869
v -0.123952 0.222783 -0.159036
v -0.145095 0.229520 -0.131279
v -0.134789 0.234256 -0.127961
v -0.141319 0.216528 -0.151095
v -0.152265 0.214174 -0.139673
v -0.155091 0.215096 -0.129433
v -0.119836 0.247852 -0.115742
v -0.113732 0.262823 -0.113011
v -0.149531 0.208606 -0.145518
v -0.143775 0.227235 -0.118845
v -0.148764 0.220037 -0.118554
v -0.107553 0.278480 -0.110318
v -0.104143 0.295155 -0.097526
v -0.096500 0.312847 -0.098103
v -0.082548 0.329228 -0.096558
v -0.073674 0.334951 -0.096985
v -0.074291 0.335522 -0.085202
v -0.086443 0.326410 -0.083539
v -0.113255 0.263946 -0.099538
v -0.098021 0.309961 -0.084436
v -0.125223 0.215162 -0.160283
v 0.044264 0.414618 -0.060614
v 0.052471 0.409544 -0.063176
v 0.047124 0.395824 -0.064594
v 0.056130 0.425365 -0.056514
v 0.044087 0.430736 -0.056504
v 0.051632 0.453646 -0.047913
v 0.037272 0.455879 -0.051545
v 0.029821 0.431385 -0.061614
v 0.032478 0.438166 -0.058934
v 0.027237 0.410867 -0.064161
v 0.035097 0.394410 -0.064938
v 0.043933 0.385123 -0.063963
v 0.046884 0.461091 -0.049115
v 0.032326 0.381165 -0.065401
v 0.015445 0.398005 -0.068638
v 0.023639 0.383084 -0.067887
v 0.044078 0.371077 -0.069737
v 0.031680 0.374555 -0.069813
v 0.068046 0.445993 -0.053894
v 0.025751 0.428171 -0.064357
v 0.022894 0.377277 -0.073556
v 0.034201 0.369714 -0.068557
v 0.019076 0.407132 -0.068697
v 0.022948 0.418075 -0.068345
v 0.069550 0.427743 -0.061732
v 0.072144 0.438839 -0.058660
v 0.072625 0.421838 -0.062494
v 0.051045 0.375577 -0.071884
v 0.049131 0.364986 -0.072985
v 0.067142 0.408279 -0.076143
v 0.070954 0.418550 -0.070124
v 0.076422 0.402700 -0.086117
v 0.072901 0.396497 -0.089037
v 0.080501 0.392119 -0.094826
v 0.058911 0.394668 -0.079294
v 0.048428 0.364877 -0.065540
v 0.072768 0.447292 -0.062038
v 0.034747 0.336951 0.039195
v 0.041855 0.332701 0.057465
v 0.032956 0.328491 0.061809
v 0.045242 0.341398 0.035094
v 0.018090 0.332721 0.051386
v 0.014425 0.338082 0.038100
v 0.015682 0.331313 0.062441
v 0.026075 0.329671 0.074523
v 0.034856 0.329155 0.072639
v -0.001247 0.345226 0.040914
v 0.053859 0.344887 0.050189
v 0.054202 0.346679 0.032999
v 0.141873 0.209690 0.183309
v 0.129053 0.199013 0.176548
v 0.131080 0.183887 0.170954
v 0.145622 0.181081 0.173587
v 0.129915 0.217178 0.186349
v 0.138651 0.232748 0.194722
v 0.156200 0.181941 0.173248
v 0.134093 0.247328 0.206427
v 0.125135 0.235946 0.198920
v 0.121485 0.220276 0.180392
v 0.115839 0.247006 0.203060
v 0.126901 0.244543 0.208616
v 0.113335 0.247996 0.213299
v 0.052632 0.459690 -0.076510
v 0.058794 0.456383 -0.081954
v 0.052078 0.455952 -0.079140
v 0.067596 0.465695 -0.075863
v 0.070698 0.445167 -0.097228
v 0.065933 0.444143 -0.096257
v 0.069543 0.432803 -0.107101
v 0.064431 0.471150 -0.067086
v 0.046896 0.472742 -0.063332
v 0.071804 0.474183 -0.064797
v 0.051572 0.479461 -0.054622
v 0.067706 0.482201 -0.059236
v 0.053875 0.485443 -0.049687
v 0.062469 0.494589 -0.042964
v 0.055593 0.496085 -0.036206
v 0.039166 0.488523 -0.048585
v 0.029392 0.492800 -0.043154
v 0.024782 0.486793 -0.048863
v 0.033039 0.481153 -0.054798
v 0.037013 0.498081 -0.035560
v 0.031148 0.497741 -0.033103
v 0.014863 0.489868 -0.037184
v 0.012453 0.481989 -0.041375
v 0.076777 0.432539 -0.113144
v 0.044466 0.460702 -0.083187
v 0.040053 0.484858 -0.058703
v 0.040880 0.467398 -0.078098
v 0.051630 0.449811 -0.083765
v 0.045696 0.444045 -0.089284
v 0.076491 0.426782 -0.114816
v 0.071808 0.460204 -0.074008
v 0.072224 0.451867 -0.077257
v 0.072908 0.440101 -0.094820
v 0.070805 0.483044 -0.048440
v 0.077453 0.432635 -0.108980
v 0.077155 0.459003 -0.064446
v 0.075039 0.452141 -0.069633
v 0.083587 0.451484 -0.066145
v 0.080661 0.453110 -0.058821
v 0.047395 0.497788 -0.035814
v -0.096844 0.252720 -0.141556
v -0.093797 0.257880 -0.137466
v -0.084670 0.248289 -0.146795
v -0.076644 0.260018 -0.139119
v -0.096144 0.237729 -0.148136
v -0.111195 0.242831 -0.142800
v -0.089998 0.268842 -0.134356
v -0.068434 0.269276 -0.138991
v -0.068105 0.286470 -0.129953
v -0.057273 0.287636 -0.130997
v -0.064150 0.258130 -0.138176
v -0.042288 0.286727 -0.129236
v -0.077433 0.243705 -0.147576
v -0.048458 0.270159 -0.135059
v -0.108768 0.227934 -0.157791
v -0.117846 0.235081 -0.150971
v -0.122963 0.227865 -0.154369
v -0.094986 0.219391 -0.156500
v -0.079425 0.230328 -0.145718
v -0.107034 0.217046 -0.158894
v -0.123952 0.222783 -0.159036
v -0.116845 0.207582 -0.161419
v -0.125223 0.215162 -0.160283
v -0.060982 0.240634 -0.141429
v -0.052641 0.254903 -0.133991
v -0.036226 0.271654 -0.129398
v -0.029579 0.290034 -0.124270
v -0.108503 0.199176 -0.159005
v -0.097442 0.203384 -0.155659
v -0.013352 0.289736 -0.115817
v -0.024295 0.297153 -0.119560
v -0.010491 0.310222 -0.106581
v 0.001003 0.295759 -0.108165
v 0.010683 0.276264 -0.112761
v 0.017438 0.285332 -0.107831
v 0.000201 0.268574 -0.116167
v 0.026664 0.270454 -0.111195
v 0.010543 0.254723 -0.118356
v 0.039140 0.250892 -0.113497
v 0.029231 0.239857 -0.117923
v 0.008336 0.237255 -0.121901
v 0.019281 0.218268 -0.122438
v 0.009387 0.203141 -0.125682
v -0.008717 0.320582 -0.101324
v -0.010766 0.265773 -0.115836
v -0.017862 0.271430 -0.117706
v -0.023337 0.309696 -0.113637
v 0.005266 0.304819 -0.100770
v -0.007895 0.215830 -0.122955
v 0.000985 0.192620 -0.125563
v -0.077250 0.216933 -0.144160
v -0.010586 0.240338 -0.118171
v -0.043949 0.242920 -0.127085
v -0.026911 0.321905 -0.106392
v -0.067291 0.225087 -0.135822
v 0.014832 0.279516 -0.113497
v -0.086055 0.199476 -0.144868
v -0.028133 0.257150 -0.118701
v -0.019157 0.327058 -0.094597
v -0.011341 0.328987 -0.095339
v -0.048421 0.297245 -0.134173
v -0.031126 0.297142 -0.128936
v -0.066376 0.294008 -0.134775
v -0.015225 0.190620 -0.119747
v -0.019227 0.255460 -0.110353
v -0.025668 0.303985 -0.123903
v -0.014516 0.172047 -0.115028
v -0.080929 0.288062 -0.130148
v -0.026911 0.316880 -0.115777
v -0.084726 0.281588 -0.124078
v -0.087077 0.024309 -0.108995
v -0.099253 0.025524 -0.099945
v -0.089302 0.024789 -0.088251
v -0.109336 0.024880 -0.071701
v -0.110896 0.024906 -0.091599
v -0.083501 0.025789 -0.071894
v -0.094621 0.023288 -0.114918
v -0.100214 0.023980 -0.064332
v -0.085042 0.025665 -0.065097
v -0.112334 0.024289 -0.083937
v -0.116610 0.024324 -0.075779
v -0.080393 0.022108 -0.086610
v -0.090997 0.022276 -0.060635
v -0.082242 0.026164 -0.063864
v -0.077738 0.015556 -0.100852
v -0.084375 0.016021 -0.114212
v -0.072404 0.010753 -0.113094
v -0.075420 0.007867 -0.129512
v -0.082210 0.008871 -0.130226
v -0.092580 0.014746 -0.119729
v -0.069364 0.004559 -0.117382
v -0.074441 0.001520 -0.131565
v -0.068820 -0.006106 -0.119475
v 0.135268 -0.212552 0.127465
v 0.119318 -0.213885 0.126751
v 0.122886 -0.239759 0.126701
v 0.128317 -0.201339 0.127516
v 0.142062 -0.230521 0.125678
v 0.140763 -0.243351 0.124327
v 0.115938 -0.209830 0.129351
v 0.132549 -0.248903 0.119246
v -0.056114 0.387545 -0.030102
v -0.077846 0.376835 -0.033996
v -0.057720 0.374302 -0.031324
v -0.077396 0.383578 -0.033412
v -0.053471 0.377091 -0.022106
v 0.091580 0.071348 0.010181
v 0.085054 0.038394 0.005879
v 0.095429 0.032566 0.009101
v 0.077565 0.059065 0.003650
v 0.078935 0.079238 0.008427
v 0.086660 0.024550 0.003014
v 0.081207 0.031787 0.003342
v 0.088999 0.015946 0.001455
v 0.089959 0.098444 0.009314
v 0.082638 0.101199 0.007660
v 0.079427 0.044050 0.001419
v 0.092403 0.089941 0.009454
v 0.094571 0.025959 0.005110
v -0.062011 0.386815 0.013825
v -0.072946 0.384324 0.003039
v -0.065468 0.373647 0.008210
v -0.074831 0.365343 -0.001983
v -0.055217 0.380263 0.016330
v -0.083325 0.383731 -0.001957
v -0.074050 0.391717 -0.000134
v -0.064394 0.401796 0.015115
v -0.057849 0.387805 0.022166
v -0.048378 0.375302 0.013686
v -0.095996 0.376049 -0.001940
v -0.095251 0.365635 -0.008581
v -0.087077 0.355706 -0.006063
v -0.095800 0.341155 -0.008782
v -0.102294 0.370537 -0.009792
v -0.096915 0.379618 -0.003615
v -0.068594 0.351524 -0.009350
v -0.049951 0.358014 -0.004846
v -0.058647 0.343504 -0.009892
v -0.050536 0.341432 -0.008942
v -0.054914 0.337444 -0.013399
v -0.085417 0.343370 -0.009629
v -0.050561 0.370815 0.002290
v 0.150622 0.278306 0.056243
v 0.154099 0.264085 0.069177
v 0.163946 0.251035 0.056805
v 0.158676 0.266049 0.047106
v 0.165260 0.239229 0.069452
v 0.141366 0.284291 0.066100
v 0.144608 0.289168 0.044298
v 0.134563 0.295902 0.055394
v 0.149406 0.250866 0.084716
v 0.139709 0.270869 0.080610
v 0.127116 0.292005 0.068414
v 0.122866 0.306781 0.042021
v 0.118951 0.304866 0.053961
v 0.102814 0.315277 0.044286
v 0.123206 0.281831 0.079618
v 0.126860 0.302033 0.029675
v 0.139267 0.291177 0.030904
v 0.153771 0.269887 0.033545
v 0.161978 0.252582 0.043029
v 0.166062 0.233732 0.055808
v 0.107687 0.311432 0.032125
v 0.157278 0.251403 0.030576
v 0.137872 0.279882 0.018112
v 0.123646 0.292955 0.015536
v 0.147079 0.256716 0.018569
v 0.159510 0.234046 0.036659
v 0.161833 0.230628 0.043034
v 0.117080 0.302374 0.022981
v -0.006096 0.028043 -0.142075
v 0.005665 0.026186 -0.133173
v -0.016257 0.028286 -0.133069
v -0.002065 0.028479 -0.121920
v -0.011371 0.028505 -0.125342
v -0.012618 0.033900 -0.151433
v 0.010101 0.032767 -0.144252
v -0.000656 0.034705 -0.152693
v -0.017635 0.033522 -0.125589
v 0.010213 0.055877 -0.129786
v 0.006447 0.070160 -0.119721
v 0.004749 0.044620 -0.120544
v 0.009482 0.040206 -0.130342
v 0.003751 0.106653 -0.119418
v -0.002294 0.053639 -0.112286
v 0.002430 0.084370 -0.112036
v 0.003060 0.107648 -0.110174
v -0.003835 0.107683 -0.101609
v -0.005883 0.083074 -0.103245
v -0.006564 0.072397 -0.106891
v -0.000007 0.035644 -0.117947
v 0.002003 0.029315 -0.126129
v 0.005665 0.026186 -0.133173
v -0.002065 0.028479 -0.121920
v 0.010101 0.032767 -0.144252
v -0.005052 0.096239 -0.098879
v -0.066865 -0.298171 -0.171100
v -0.062832 -0.307189 -0.159087
v -0.064840 -0.325955 -0.174017
v -0.071370 -0.323464 -0.186282
v -0.076409 -0.296628 -0.179444
v -0.077301 -0.322166 -0.190688
v -0.075374 -0.340010 -0.190632
v -0.091968 -0.334285 -0.199708
v -0.089952 -0.296791 -0.186657
v -0.092083 -0.319219 -0.195211
v -0.068995 -0.283067 -0.180179
v -0.053014 -0.292758 -0.161052
v -0.053566 -0.283501 -0.161177
v -0.055733 -0.273056 -0.160922
v -0.069237 -0.271901 -0.177346
v -0.069947 -0.257752 -0.167794
v -0.087108 -0.287995 -0.188679
v -0.081893 -0.266080 -0.179320
v -0.092603 -0.244283 -0.172309
v -0.069567 -0.246005 -0.162203
v -0.058571 -0.261135 -0.154518
v -0.070949 -0.235133 -0.163561
v -0.055547 -0.240046 -0.148420
v -0.065960 -0.226239 -0.152018
v -0.055741 -0.251632 -0.144366
v -0.090138 -0.209448 -0.152857
v -0.089504 -0.233922 -0.173593
v -0.090573 -0.273025 -0.183678
v -0.071513 -0.207161 -0.136819
v -0.050591 -0.280023 -0.144360
v -0.061534 -0.213788 -0.126634
v -0.087930 -0.201974 -0.141468
v -0.102979 -0.334016 -0.198564
v -0.103437 -0.317929 -0.191021
v -0.105029 -0.299477 -0.182736
v -0.100236 -0.288840 -0.182925
v -0.101825 -0.204985 -0.141712
v -0.102319 -0.218969 -0.154254
v -0.108473 -0.257908 -0.168050
v -0.104742 -0.238837 -0.163409
v -0.103729 -0.231660 -0.162252
v -0.097677 -0.347974 -0.210319
v -0.091648 -0.358919 -0.216405
v -0.102835 -0.362010 -0.213607
v -0.097047 -0.369143 -0.219348
v -0.087576 -0.370564 -0.221084
v -0.086482 -0.380610 -0.226676
v -0.096267 -0.385830 -0.227312
v -0.080126 -0.351488 -0.211430
v -0.089803 -0.336042 -0.206514
v -0.072230 -0.338626 -0.210386
v -0.066821 -0.354208 -0.216102
v -0.068383 -0.363915 -0.216767
v -0.062775 -0.374814 -0.217655
v -0.058573 -0.358549 -0.213523
v -0.072535 -0.373440 -0.213532
v -0.073896 -0.384045 -0.217856
v -0.053050 -0.374264 -0.211494
v -0.052313 -0.351323 -0.202958
v -0.067672 -0.339292 -0.204266
v -0.079181 -0.397169 -0.227397
v -0.070756 -0.412436 -0.224436
v -0.091989 -0.410976 -0.241475
v -0.089601 -0.386111 -0.233918
v -0.078439 -0.415947 -0.230878
v -0.090624 -0.418414 -0.238923
v -0.072747 -0.439471 -0.241504
v -0.083934 -0.443368 -0.248166
v -0.063133 -0.438928 -0.234012
v -0.070191 -0.415162 -0.222764
v -0.058768 -0.441329 -0.234872
v -0.081165 -0.444672 -0.251021
v -0.067077 -0.441437 -0.243635
v -0.070587 -0.465673 -0.252271
v -0.056478 -0.470226 -0.245109
v -0.075986 -0.490858 -0.256366
v -0.058938 -0.490870 -0.247771
v -0.053975 -0.457358 -0.238222
v -0.050202 -0.491738 -0.237512
v -0.054682 -0.380615 -0.208972
v -0.109621 -0.361685 -0.207452
v -0.101289 -0.366523 -0.229286
v -0.103844 -0.385514 -0.232622
v -0.106326 -0.362401 -0.227578
v -0.102881 -0.394909 -0.229311
v -0.115385 -0.398698 -0.226717
v -0.123620 -0.390398 -0.219438
v -0.119388 -0.360859 -0.217452
v -0.130401 -0.383366 -0.210306
v -0.118620 -0.350053 -0.188478
v -0.118727 -0.364622 -0.197032
v -0.130590 -0.366653 -0.204835
v -0.119430 -0.339097 -0.179187
v -0.122898 -0.323037 -0.170721
v -0.124965 -0.303158 -0.163376
v -0.127880 -0.281211 -0.155925
v -0.113116 -0.277178 -0.169565
v -0.120441 -0.254816 -0.157336
v -0.112115 -0.246008 -0.160875
v -0.132069 -0.260007 -0.148065
v -0.048318 0.094157 -0.098267
v -0.056189 0.079550 -0.108414
v -0.050332 0.073835 -0.101690
v -0.054791 0.099013 -0.105273
v -0.045590 0.109571 -0.094204
v -0.052055 0.116993 -0.102160
v -0.053550 0.052567 -0.104456
v -0.061801 0.049043 -0.111735
v -0.058740 0.086833 -0.116693
v -0.063871 0.048006 -0.117597
v -0.055733 0.111528 -0.113608
v -0.061780 0.061270 -0.123741
v -0.049868 0.121114 -0.113413
v -0.061570 0.047269 -0.129000
v -0.047644 0.105213 -0.091800
v -0.044767 0.108805 -0.088899
v -0.037918 0.113761 -0.093411
v -0.033859 0.119943 -0.100189
v -0.033737 0.126253 -0.113379
v -0.118727 -0.364622 -0.197032
v -0.124491 -0.371731 -0.184607
v -0.116049 -0.370546 -0.179914
v -0.130590 -0.366653 -0.204835
v -0.119267 -0.378948 -0.164716
v -0.108698 -0.376640 -0.160908
v -0.119388 -0.360859 -0.217452
v -0.109621 -0.361685 -0.207452
v -0.111394 -0.379915 -0.158412
v -0.102835 -0.362010 -0.213607
v -0.106326 -0.362401 -0.227578
v -0.101289 -0.366523 -0.229286
v -0.097047 -0.369143 -0.219348
v -0.072548 0.097793 -0.065697
v -0.075487 0.066844 -0.068716
v -0.065831 0.074887 -0.066504
v -0.069457 0.059671 -0.067353
v -0.078644 0.049286 -0.070342
v -0.062786 0.089075 -0.066107
v -0.057471 0.098171 -0.067825
v -0.064382 0.107805 -0.065241
v -0.075060 0.108972 -0.066590
v -0.052919 0.103633 -0.070597
v -0.080275 0.074272 -0.071187
v -0.082318 0.054294 -0.073783
v -0.080930 0.107519 -0.073591
v -0.192987 -0.474860 -0.158197
v -0.187092 -0.476105 -0.175478
v -0.192131 -0.489803 -0.158582
v -0.185953 -0.494951 -0.175277
v -0.178986 -0.498228 -0.190832
v -0.177642 -0.479893 -0.192354
v -0.189631 -0.461852 -0.158136
v -0.167033 -0.497818 -0.204958
v -0.188623 -0.489304 -0.146478
v -0.189776 -0.474924 -0.147761
v -0.184792 -0.459300 -0.145635
v -0.164577 -0.449914 -0.174846
v -0.161996 -0.454220 -0.191083
v -0.175226 -0.452514 -0.163642
v -0.181556 -0.462425 -0.175111
v -0.155067 -0.445805 -0.184722
v -0.149597 -0.444799 -0.192668
v -0.173132 -0.463459 -0.189539
v -0.129361 -0.439075 -0.211140
v -0.151917 -0.455007 -0.205393
v -0.129260 -0.433438 -0.203063
v -0.158962 -0.467285 -0.208784
v -0.126069 -0.449249 -0.224363
v -0.143021 -0.462578 -0.218354
v -0.118110 -0.425159 -0.222822
v -0.117712 -0.415004 -0.217384
v -0.119928 -0.413773 -0.210366
v -0.112815 -0.399136 -0.222680
v -0.116874 -0.393997 -0.216403
v -0.123140 -0.392460 -0.206092
v -0.172331 -0.453527 -0.148419
v -0.136461 -0.438728 -0.193121
v -0.145539 -0.445496 -0.175577
v -0.114599 -0.432801 -0.186016
v -0.154727 -0.450252 -0.157126
v -0.132038 -0.444160 -0.170430
v -0.140696 -0.446807 -0.166227
v -0.102881 -0.394909 -0.229311
v -0.102779 -0.420660 -0.237985
v -0.091989 -0.410976 -0.241475
v -0.089601 -0.386111 -0.233918
v -0.109752 -0.430389 -0.234849
v -0.096267 -0.385830 -0.227312
v -0.114311 -0.483381 -0.232541
v -0.109709 -0.484851 -0.237771
v -0.110633 -0.495818 -0.232786
v -0.095733 -0.494447 -0.251179
v -0.111688 -0.465993 -0.235213
v -0.095839 -0.482104 -0.250311
v -0.102224 -0.459641 -0.242469
v -0.118904 -0.448851 -0.229937
v -0.126943 -0.467080 -0.226965
v -0.093886 -0.453223 -0.246079
v -0.081165 -0.444672 -0.251021
v -0.145227 -0.482531 -0.219359
v -0.124857 -0.486200 -0.227685
v -0.143662 -0.497002 -0.220327
v -0.163721 -0.479933 -0.207093
v -0.083934 -0.443368 -0.248166
v -0.078159 -0.471723 -0.254849
v -0.090624 -0.418414 -0.238923
v -0.075986 -0.490858 -0.256366
v -0.070587 -0.465673 -0.252271
v 0.107687 0.311432 0.032125
v 0.105785 0.297864 0.022646
v 0.097084 0.303766 0.029522
v 0.117080 0.302374 0.022981
v 0.111822 0.287658 0.012367
v 0.123646 0.292955 0.015536
v 0.121026 0.279984 0.007358
v 0.115034 0.269394 0.003949
v 0.125320 0.262938 0.004238
v 0.102814 0.315277 0.044286
v 0.086045 0.300788 0.039045
v 0.118101 0.251950 0.004747
v 0.031550 0.436149 -0.076275
v 0.028981 0.437337 -0.065277
v 0.025751 0.428171 -0.064357
v 0.026532 0.430544 -0.076804
v 0.022948 0.418075 -0.068345
v 0.021767 0.415545 -0.083711
v 0.019076 0.407132 -0.068697
v 0.015445 0.398005 -0.068638
v 0.017238 0.396394 -0.086988
v 0.019404 0.408558 -0.089600
v 0.015797 0.392992 -0.097604
v 0.017285 0.402820 -0.095879
v 0.029821 0.431385 -0.061614
v 0.032478 0.438166 -0.058934
v 0.032289 0.445476 -0.062795
v 0.033917 0.455495 -0.055891
v 0.040116 0.454330 -0.070652
v 0.034217 0.437751 -0.073073
v 0.040739 0.462789 -0.057087
v 0.039028 0.445468 -0.079085
v 0.043915 0.449052 -0.076714
v 0.037272 0.455879 -0.051545
v 0.046884 0.461091 -0.049115
v -0.035983 0.239908 -0.112667
v -0.032411 0.239299 -0.092707
v -0.046535 0.228004 -0.096307
v -0.028443 0.243848 -0.100088
v -0.019227 0.255460 -0.110353
v -0.062763 0.212109 -0.112031
v -0.062184 0.219729 -0.126273
v -0.072136 0.204669 -0.128297
v -0.080309 0.194366 -0.115255
v -0.081911 0.193106 -0.127275
v -0.090039 0.183179 -0.117379
v -0.086055 0.199476 -0.144868
v -0.095333 0.172971 -0.128119
v -0.092613 0.185011 -0.143922
v -0.043949 0.242920 -0.127085
v -0.028133 0.257150 -0.118701
v -0.103337 0.176627 -0.142548
v -0.097258 0.172496 -0.110997
v -0.077250 0.216933 -0.144160
v -0.067291 0.225087 -0.135822
v -0.060982 0.240634 -0.141429
v -0.104374 0.168398 -0.128373
v -0.105999 0.161363 -0.114482
v -0.106885 0.162067 -0.126703
v -0.105519 0.167721 -0.140762
v -0.109025 0.165655 -0.141768
v -0.100553 0.173538 -0.145214
v -0.110962 0.160522 -0.129272
v -0.111633 0.159668 -0.127930
v -0.103273 0.185022 -0.150727
v -0.017862 0.271430 -0.117706
v -0.097442 0.203384 -0.155659
v -0.105734 0.164492 -0.106947
v -0.108503 0.199176 -0.159005
v -0.066830 0.211856 -0.103992
v -0.077641 0.200476 -0.107172
v -0.045621 0.236799 -0.078038
v -0.091570 0.192481 -0.104584
v -0.055679 0.230650 -0.084645
v 0.080999 0.444757 -0.048774
v 0.093125 0.455831 -0.057879
v 0.090798 0.434622 -0.055893
v 0.086133 0.413435 -0.048517
v 0.077115 0.422099 -0.044170
v 0.097493 0.416932 -0.061224
v 0.096690 0.440739 -0.065796
v 0.107352 0.416041 -0.071866
v 0.096810 0.410071 -0.056526
v 0.084127 0.397462 -0.049075
v 0.077968 0.394269 -0.046290
v 0.104305 0.416414 -0.064455
v 0.087998 0.456975 -0.049293
v 0.094566 0.474658 -0.052644
v 0.099832 0.471025 -0.056024
v 0.082240 0.451401 -0.048279
v 0.104541 0.433213 -0.067445
v 0.096853 0.451595 -0.058784
v 0.092639 0.469477 -0.037302
v 0.125820 0.222423 0.134012
v 0.137296 0.226355 0.133211
v 0.141894 0.222615 0.123597
v 0.149153 0.227871 0.129355
v 0.167103 0.225217 0.124488
v 0.126256 0.213983 0.125840
v 0.120321 0.206137 0.123848
v 0.115353 0.207381 0.143067
v 0.119413 0.212430 0.146189
v 0.131083 0.222258 0.140730
v 0.145275 0.225962 0.135789
v 0.120613 0.283225 0.199553
v 0.125248 0.277246 0.193427
v 0.112024 0.277968 0.196432
v 0.126740 0.266294 0.188690
v 0.114485 0.258759 0.190000
v 0.120887 0.251910 0.179739
v 0.130252 0.256401 0.177933
v 0.127775 0.234981 0.157425
v 0.141718 0.237232 0.152196
v 0.121308 0.231132 0.161187
v 0.116696 0.246796 0.181532
v 0.105512 0.263358 0.200705
v 0.105665 0.271302 0.201547
v 0.115663 0.241694 0.182659
v 0.117599 0.220463 0.167274
v -0.136147 -0.213102 -0.041814
v -0.142532 -0.227019 -0.061482
v -0.130689 -0.233288 -0.056697
v -0.124695 -0.246275 -0.071029
v -0.145355 -0.210659 -0.053259
v -0.132782 -0.241854 -0.084995
v -0.144903 -0.228055 -0.081549
v -0.146012 -0.185543 -0.043764
v -0.151297 -0.203947 -0.070395
v -0.152286 -0.188939 -0.062506
v -0.150655 -0.184958 -0.051052
v -0.135695 -0.190865 -0.033936
v -0.124375 -0.243884 -0.088910
v -0.129209 -0.238274 -0.092683
v -0.000972 0.060805 -0.141304
v 0.004850 0.088681 -0.127724
v 0.008049 0.060671 -0.133685
v 0.007442 0.040470 -0.145358
v -0.000656 0.034705 -0.152693
v -0.001056 0.076131 -0.135633
v -0.002863 0.110817 -0.124136
v 0.003751 0.106653 -0.119418
v 0.010101 0.032767 -0.144252
v 0.010213 0.055877 -0.129786
v -0.010154 0.094404 -0.128955
v -0.015315 0.111928 -0.121526
v -0.013140 0.060903 -0.138829
v -0.012618 0.033900 -0.151433
v -0.014796 0.084513 -0.128854
v -0.038681 0.334082 0.058908
v -0.032223 0.337126 0.045036
v -0.029140 0.318934 0.047520
v -0.028649 0.324814 0.043625
v -0.039645 0.356117 0.056821
v -0.036689 0.351971 0.046238
v -0.041292 0.367303 0.050866
v -0.040606 0.366611 0.063174
v -0.041968 0.382182 0.056817
v -0.038866 0.360234 0.067161
v -0.032622 0.324854 0.057217
v -0.036911 0.402647 0.071430
v -0.036531 0.381276 0.075269
v -0.033195 0.335892 0.042374
v -0.028859 0.403319 0.086136
v -0.028039 0.418866 0.082441
v -0.041023 0.351600 0.041310
v -0.038728 0.334155 0.036065
v -0.017128 0.423715 0.092415
v -0.015095 0.432560 0.088461
v -0.006253 0.430553 0.095282
v -0.000728 0.442770 0.091972
v 0.003915 0.436307 0.102557
v 0.107650 0.083408 -0.045535
v 0.108822 0.071794 -0.049099
v 0.104166 0.074947 -0.050070
v 0.114366 0.027461 -0.052315
v 0.101011 0.103223 -0.046386
v 0.121462 0.027126 -0.049945
v 0.096375 0.086529 -0.048415
v 0.094919 0.103106 -0.046050
v 0.098828 0.047098 -0.049269
v 0.082657 0.093801 -0.041307
v 0.081981 0.103617 -0.041466
v 0.083766 0.074784 -0.030524
v 0.091130 0.056580 -0.032749
v 0.081970 0.062960 -0.022881
v 0.086360 0.045824 -0.022180
v 0.075103 0.080268 -0.022525
v 0.076947 0.101466 -0.033907
v 0.093981 0.045496 -0.035658
v 0.089790 0.034075 -0.023262
v 0.100585 0.029178 -0.039892
v 0.098392 0.018480 -0.031480
v 0.092686 0.016403 -0.020369
v 0.071249 0.095520 -0.020168
v 0.091858 0.061760 -0.044312
v 0.087457 0.073696 -0.039692
v 0.101046 0.018009 -0.039712
v 0.105869 0.018470 -0.041731
v 0.075204 0.103435 -0.016200
v 0.073717 0.075266 -0.022671
v 0.069612 0.100154 -0.016386
v 0.067415 0.093790 -0.020471
v -0.055695 -0.353877 -0.191156
v -0.063864 -0.357977 -0.183369
v -0.052458 -0.360589 -0.183104
v -0.067898 -0.361747 -0.168815
v -0.061962 -0.364105 -0.166007
v -0.070994 -0.365257 -0.157359
v -0.052313 -0.351323 -0.202958
v -0.061815 -0.348495 -0.186475
v -0.064110 -0.344940 -0.187124
v -0.066136 -0.351938 -0.173038
v -0.069342 -0.344459 -0.175548
v -0.072865 -0.350294 -0.165017
v -0.072557 -0.355751 -0.162970
v -0.077810 -0.358372 -0.151128
v -0.086380 -0.351601 -0.150581
v -0.067672 -0.339292 -0.204266
v -0.075374 -0.340010 -0.190632
v -0.097151 -0.354820 -0.146700
v -0.109028 -0.349057 -0.150596
v -0.107736 -0.354663 -0.146243
v -0.089803 -0.336042 -0.206514
v -0.072230 -0.338626 -0.210386
v -0.091968 -0.334285 -0.199708
v -0.102979 -0.334016 -0.198564
v -0.013390 0.281588 -0.016455
v -0.031475 0.282607 -0.022959
v -0.035375 0.272998 -0.015546
v -0.022438 0.268560 -0.005401
v -0.005802 0.278947 -0.009691
v -0.006783 0.260129 0.009786
v -0.032860 0.251332 0.005734
v -0.017779 0.246196 0.017565
v -0.027283 0.235055 0.024310
v -0.053940 0.244975 0.006717
v -0.052747 0.236337 0.014727
v -0.062708 0.237376 0.008897
v -0.043169 0.259656 -0.002073
v -0.022337 0.288265 -0.028409
v -0.064439 0.226108 0.015469
v 0.008175 0.276897 0.003960
v -0.026844 0.295946 -0.033774
v -0.020424 0.296606 -0.034238
v -0.040130 0.220502 0.024673
v -0.056031 0.222752 0.017475
v -0.015360 0.295943 -0.023417
v -0.020937 0.317036 -0.040521
v -0.062495 0.249711 0.007330
v -0.042034 0.272295 -0.010581
v -0.056295 0.257054 0.009461
v -0.058297 0.260714 0.005819
v -0.053090 0.281821 0.003798
v -0.049335 0.267293 0.006162
v -0.047432 0.300997 -0.001230
v -0.051785 0.302203 -0.003009
v -0.043867 0.314050 -0.004639
v -0.041567 0.307734 -0.005120
v -0.049295 0.317310 -0.013738
v 0.011711 0.135604 0.047292
v 0.022683 0.137781 0.041776
v 0.017024 0.136092 0.055728
v 0.034529 0.137755 0.050335
v 0.032093 0.139615 0.034366
v 0.040612 0.140468 0.044242
v 0.038085 0.139840 0.026375
v 0.047509 0.143931 0.036738
v 0.046043 0.142860 0.016197
v 0.053978 0.144623 0.025831
v 0.058535 0.143939 0.013104
v 0.052044 0.138636 0.002741
v 0.063340 0.140105 -0.004265
v 0.060240 0.135554 -0.012666
v 0.019418 0.141109 0.062130
v 0.025286 0.143377 0.068042
v 0.008434 0.141824 0.058784
v 0.009985 0.144382 0.078570
v -0.007226 0.144405 0.062691
v 0.004126 0.145676 0.077317
v -0.001810 0.147402 0.048393
v -0.011001 0.145209 0.056277
v -0.005892 0.144904 0.045772
v -0.016391 0.148119 0.049287
v -0.012726 0.147670 0.043481
v 0.009368 0.138782 0.049192
v -0.075374 -0.340010 -0.190632
v -0.064840 -0.325955 -0.174017
v -0.069342 -0.344459 -0.175548
v -0.071370 -0.323464 -0.186282
v -0.066286 -0.329740 -0.160872
v -0.062832 -0.307189 -0.159087
v -0.072865 -0.350294 -0.165017
v -0.066734 -0.312488 -0.146736
v -0.054224 -0.300232 -0.146667
v -0.053014 -0.292758 -0.161052
v -0.050591 -0.280023 -0.144360
v -0.052533 -0.274876 -0.132748
v -0.060725 -0.305368 -0.135757
v -0.060884 -0.283637 -0.119043
v -0.053013 -0.260125 -0.122384
v -0.058288 -0.249401 -0.102669
v -0.049252 -0.249329 -0.124293
v -0.055741 -0.251632 -0.144366
v -0.050108 -0.245563 -0.133363
v -0.055547 -0.240046 -0.148420
v -0.056720 -0.220244 -0.117170
v -0.058510 -0.228610 -0.102861
v -0.061534 -0.213788 -0.126634
v -0.064410 -0.236951 -0.093563
v 0.084474 0.315094 0.238694
v 0.067413 0.301136 0.238013
v 0.081870 0.310307 0.245615
v 0.068423 0.308131 0.230183
v 0.072202 0.313127 0.228136
v 0.075776 0.302810 0.246685
v 0.082362 0.318640 0.227038
v 0.078041 0.319757 0.218816
v 0.069140 0.310321 0.217050
v 0.084839 0.306885 0.249390
v 0.083740 0.305420 0.250488
v 0.070755 0.284228 0.248668
v 0.066139 0.284538 0.240789
v 0.067913 0.301726 0.220452
v 0.065585 0.296180 0.234243
v 0.061958 0.299415 0.228003
v 0.062161 0.290096 0.229020
v 0.084808 0.300718 0.252655
v 0.076133 0.286625 0.254073
v 0.083679 0.305420 0.250488
v 0.089084 0.289170 0.259126
v 0.093199 0.301680 0.256213
v 0.067833 0.284849 0.234361
v 0.059354 0.294308 0.215886
v 0.062054 0.301565 0.217313
v 0.065138 0.299019 0.203060
v 0.074134 0.306343 0.201190
v 0.073435 0.304596 0.210347
v 0.112041 -0.350962 0.056320
v 0.115828 -0.350066 0.067536
v 0.132201 -0.348885 0.065118
v 0.146595 -0.346566 0.058576
v 0.145456 -0.345864 0.072266
v 0.132185 -0.350062 0.048815
v 0.108456 -0.353365 0.064425
v 0.106109 -0.353811 0.076923
v 0.116546 -0.347809 0.071443
v 0.103561 -0.347361 0.084686
v 0.096323 -0.350835 0.082169
v 0.095248 -0.351944 0.090154
v 0.100235 -0.347835 0.091670
v 0.053197 -0.130874 0.139069
v 0.050080 -0.127774 0.148191
v 0.064256 -0.127994 0.143157
v 0.043297 -0.131445 0.143257
v 0.060072 -0.124891 0.149316
v 0.077462 -0.132895 0.140481
v 0.080743 -0.126601 0.149513
v 0.085496 -0.131308 0.143538
v 0.086503 -0.139142 0.138850
v 0.047012 -0.138357 0.138306
v 0.040658 -0.143331 0.139787
v 0.037103 -0.143013 0.145145
v 0.034351 -0.151879 0.141856
v 0.038140 -0.153184 0.136019
v 0.060112 0.403724 -0.060816
v 0.055596 0.388510 -0.071740
v 0.064021 0.393014 -0.081456
v 0.069586 0.412239 -0.062444
v 0.074599 0.393156 -0.085031
v 0.076192 0.402268 -0.080382
v 0.080501 0.392119 -0.094826
v -0.102226 -0.484642 -0.214870
v -0.092703 -0.492677 -0.207465
v -0.090837 -0.484322 -0.197795
v -0.110633 -0.495818 -0.232786
v -0.114311 -0.483381 -0.232541
v -0.084354 -0.497400 -0.194826
v -0.089716 -0.477416 -0.192580
v -0.091404 -0.497732 -0.211632
v -0.100490 -0.496972 -0.222846
v 0.047503 0.322031 0.021558
v 0.029274 0.321316 0.027239
v 0.044875 0.311257 0.023975
v 0.033967 0.305041 0.023389
v 0.052097 0.324273 0.021762
v 0.048899 0.332133 0.023904
v 0.029719 0.334681 0.035987
v 0.020180 0.319751 0.025523
v 0.022351 0.305279 0.018752
v 0.014425 0.338082 0.038100
v 0.034747 0.336951 0.039195
v 0.050344 0.339628 0.033866
v 0.045242 0.341398 0.035094
v 0.054202 0.346679 0.032999
v 0.063770 0.336822 0.028194
v 0.065400 0.347706 0.030868
v 0.063974 0.356448 0.038953
v 0.068062 0.355018 0.035626
v 0.068911 0.368330 0.047151
v 0.026044 0.292573 0.018671
v 0.042256 0.293390 0.029865
v 0.051588 0.310483 0.026781
v -0.068559 0.379990 0.032898
v -0.064588 0.371366 0.034662
v -0.072475 0.379342 0.035007
v -0.069808 0.385587 0.032274
v -0.066839 0.386987 0.029330
v -0.062464 0.391115 0.031705
v -0.057012 0.386491 0.033502
v -0.086886 0.356147 0.031915
v -0.075377 0.361797 0.034520
v -0.067493 0.364450 0.035870
v -0.059705 0.369521 0.035373
v -0.083600 0.353154 0.030526
v -0.059246 0.371376 0.033780
v -0.080033 0.374445 0.037298
v 0.123255 -0.199683 0.093637
v 0.120358 -0.205812 0.089150
v 0.117478 -0.202063 0.094765
v 0.129864 -0.199508 0.092422
v 0.109006 -0.207701 0.075206
v 0.118298 -0.202211 0.115615
v 0.128317 -0.201339 0.127516
v 0.115938 -0.209830 0.129351
v 0.098637 -0.084187 0.094909
v 0.107400 -0.079440 0.095235
v 0.099570 -0.078025 0.112540
v 0.093619 -0.083067 0.103361
v 0.102689 -0.088294 0.085778
v 0.116926 -0.080837 0.086072
v 0.112086 -0.068629 0.104682
v 0.120939 -0.072383 0.089230
v 0.102988 -0.073118 0.113316
v 0.088778 -0.077222 0.105842
v -0.090404 0.386833 0.018998
v -0.091609 0.382305 0.020249
v -0.100469 0.380525 0.007149
v -0.111340 0.378582 0.007496
v -0.026688 0.332749 -0.080803
v -0.035036 0.333779 -0.083986
v -0.040858 0.333729 -0.076667
v -0.029061 0.333341 -0.068420
v -0.031062 0.331057 -0.097234
v -0.014939 0.334897 -0.080724
v -0.024380 0.335252 -0.061462
v -0.011537 0.336034 -0.070061
v -0.019157 0.327058 -0.094597
v -0.011341 0.328987 -0.095339
v -0.042581 0.338232 -0.095102
v -0.034325 0.329854 -0.108070
v -0.050319 0.334087 -0.109387
v -0.059967 0.339556 -0.096026
v -0.046895 0.340173 -0.082103
v -0.062606 0.339748 -0.083568
v -0.051996 0.337805 -0.072190
v -0.064537 0.330519 -0.113073
v -0.046353 0.326116 -0.117862
v -0.026911 0.321905 -0.106392
v -0.073674 0.334951 -0.096985
v -0.074291 0.335522 -0.085202
v -0.077501 0.326341 -0.110923
v -0.026911 0.316880 -0.115777
v -0.038161 0.317331 -0.122047
v -0.014396 0.350318 -0.049249
v -0.004972 0.344753 -0.060734
v -0.025668 0.303985 -0.123903
v -0.002168 0.353450 -0.054542
v -0.048367 0.325717 -0.060599
v -0.037009 0.326574 -0.053885
v -0.075568 0.330537 -0.071560
v -0.086443 0.326410 -0.083539
v -0.059021 0.328640 -0.061547
v 0.093542 0.002574 0.029913
v 0.095296 0.012238 0.046383
v 0.108285 0.008949 0.035242
v 0.105330 -0.000131 0.022614
v 0.096274 -0.006358 0.018724
v 0.086610 0.011662 0.044820
v 0.080676 0.016465 0.052894
v 0.116434 0.000791 0.024795
v 0.110380 -0.005700 0.018540
v 0.101224 0.010551 0.054461
v 0.088027 0.015357 0.059286
v -0.171668 -0.462618 -0.137918
v -0.182797 -0.475521 -0.139462
v -0.172172 -0.473533 -0.135773
v -0.184792 -0.459300 -0.145635
v -0.174701 -0.491826 -0.135573
v -0.162227 -0.495574 -0.134770
v -0.154979 -0.477950 -0.136986
v -0.149461 -0.498270 -0.136016
v -0.139484 -0.499258 -0.138788
v -0.130991 -0.479292 -0.145895
v -0.172331 -0.453527 -0.148419
v -0.188623 -0.489304 -0.146478
v -0.189776 -0.474924 -0.147761
v -0.132038 -0.444160 -0.170430
v -0.140696 -0.446807 -0.166227
v -0.126378 -0.452946 -0.163782
v -0.116407 -0.445656 -0.173657
v -0.114599 -0.432801 -0.186016
v -0.147207 -0.454529 -0.154935
v -0.142895 -0.465061 -0.146358
v -0.154727 -0.450252 -0.157126
v -0.123875 -0.467636 -0.153692
v -0.110576 -0.451540 -0.172511
v -0.108266 -0.435817 -0.181103
v -0.098131 -0.441097 -0.181845
v -0.110407 -0.467906 -0.165766
v -0.084785 -0.420032 -0.188382
v -0.101311 -0.417608 -0.188522
v -0.094629 -0.453883 -0.182570
v -0.081339 -0.442623 -0.190229
v -0.101890 -0.462884 -0.177205
v -0.122255 -0.499392 -0.150266
v -0.070372 -0.432471 -0.197825
v -0.068737 -0.419660 -0.200850
v -0.070531 -0.463611 -0.197611
v -0.059853 -0.452812 -0.203350
v -0.060151 -0.464366 -0.204381
v -0.063171 -0.497402 -0.204459
v -0.084354 -0.497400 -0.194826
v -0.080328 -0.462447 -0.193806
v -0.055642 -0.497206 -0.211355
v -0.113846 -0.499162 -0.160158
v -0.089716 -0.477416 -0.192580
v -0.095714 -0.486820 -0.186880
v -0.105450 -0.495823 -0.171823
v -0.052626 -0.467679 -0.214467
v -0.048602 -0.493953 -0.223568
v -0.052433 -0.446694 -0.219744
v -0.048214 -0.469248 -0.223477
v -0.082579 -0.410014 -0.184112
v -0.067505 -0.405017 -0.198136
v -0.056141 -0.444647 -0.218996
v -0.107226 -0.416628 -0.190935
v -0.114378 -0.416409 -0.199146
v 0.157001 0.240068 0.076659
v 0.149105 0.246019 0.085282
v 0.164962 0.227316 0.088716
v 0.158341 0.235232 0.095430
v 0.164019 0.225051 0.096306
v 0.160931 0.231667 0.066898
v 0.168809 0.219261 0.077259
v 0.158035 0.227497 0.052207
v 0.167110 0.207715 0.064680
v 0.153278 0.228205 0.043559
v 0.168456 0.211737 0.080875
v 0.168121 0.199710 0.076161
v 0.178749 0.196554 0.086475
v 0.179105 0.207376 0.093581
v 0.181046 0.187202 0.085114
v 0.188608 0.201912 0.092565
v 0.173000 0.218426 0.101617
v 0.166107 0.223966 0.111043
v 0.177488 0.221985 0.111524
v 0.183035 0.216448 0.103751
v 0.167103 0.225217 0.124488
v 0.141870 0.228408 0.111507
v 0.176605 0.221979 0.126966
v 0.164053 0.223633 0.134221
v 0.172273 0.224111 0.143750
v 0.149153 0.227871 0.129355
v 0.161232 0.233404 0.154910
v 0.151611 0.235527 0.152406
v 0.144329 0.249525 0.174513
v 0.130252 0.256401 0.177933
v 0.162988 0.233176 0.166054
v 0.145517 0.252044 0.187520
v 0.126740 0.266294 0.188690
v 0.152647 0.229998 0.105866
v 0.176572 0.220356 0.149187
v 0.182038 0.218556 0.133198
v 0.182594 0.214369 0.120630
v 0.138603 0.263694 0.197534
v 0.191692 0.205984 0.109688
v 0.141718 0.237232 0.152196
v 0.193940 0.201214 0.118319
v 0.185901 0.212373 0.138435
v 0.145275 0.225962 0.135789
v 0.137296 0.226355 0.133211
v 0.195837 0.193363 0.106815
v 0.125248 0.277246 0.193427
v 0.131943 0.280564 0.206181
v 0.125485 0.285110 0.203700
v 0.131780 0.281446 0.216900
v 0.127448 0.286191 0.214366
v 0.114921 0.298002 0.202723
v 0.116310 0.301963 0.216389
v 0.106480 0.304922 0.202365
v 0.103761 0.313835 0.217697
v 0.110039 0.309270 0.229149
v 0.097307 0.320257 0.228952
v 0.092753 0.321482 0.219261
v 0.098298 0.309568 0.209430
v 0.115276 0.298991 0.234793
v 0.100784 0.312701 0.244989
v 0.127973 0.279944 0.224397
v 0.194977 0.190435 0.120571
v 0.187607 0.199533 0.131321
v 0.183011 0.209335 0.133472
v 0.194099 0.188055 0.133620
v 0.196355 0.181449 0.122417
v 0.180171 0.199223 0.148213
v 0.137072 0.253353 0.211185
v 0.130624 0.271254 0.225135
v 0.115217 0.287777 0.241552
v 0.191847 0.178625 0.132471
v 0.103037 0.298503 0.251379
v 0.183832 0.186586 0.143868
v 0.195457 0.175676 0.107832
v 0.193746 0.191043 0.093644
v 0.187943 0.193931 0.090506
v 0.144471 0.239768 0.100551
v 0.135975 0.250673 0.090403
v 0.092737 0.307707 0.201175
v 0.189614 0.186641 0.088337
v 0.190482 0.173557 0.092784
v 0.120613 0.283225 0.199553
v 0.108394 0.291943 0.195569
v 0.147470 0.235604 0.188409
v 0.154677 0.218499 0.179954
v 0.134093 0.247328 0.206427
v 0.173504 0.208895 0.159785
v 0.180105 0.199115 0.154655
v 0.172302 0.191651 0.163549
v 0.166528 0.187056 0.168292
v 0.138651 0.232748 0.194722
v 0.154577 0.203478 0.177274
v 0.156200 0.181941 0.173248
v 0.141873 0.209690 0.183309
v 0.170355 0.187516 0.159852
v 0.170808 0.174308 0.154517
v 0.162553 0.173343 0.163707
v 0.180327 0.168658 0.147623
v 0.186771 0.176486 0.143941
v -0.061570 0.047269 -0.129000
v -0.037017 0.037665 -0.120220
v -0.045573 0.038031 -0.116948
v -0.051701 0.046563 -0.134509
v -0.035457 0.043443 -0.134585
v -0.051132 0.042928 -0.112439
v -0.063871 0.048006 -0.117597
v -0.061801 0.049043 -0.111735
v -0.053550 0.052567 -0.104456
v -0.031114 0.042297 -0.121148
v -0.041490 0.374526 -0.048615
v -0.055053 0.370465 -0.041596
v -0.059137 0.375721 -0.034208
v -0.045420 0.380082 -0.040606
v -0.048892 0.392049 -0.029211
v -0.033308 0.373315 -0.056238
v -0.049880 0.364946 -0.048637
v -0.031217 0.394639 -0.047539
v -0.039284 0.415087 -0.027552
v -0.049240 0.420212 -0.014122
v -0.026601 0.391567 -0.055935
v -0.018391 0.413810 -0.050081
v -0.010866 0.399526 -0.063529
v -0.003595 0.419104 -0.058669
v -0.003158 0.403014 -0.068486
v -0.006759 0.389496 -0.073313
v -0.019688 0.381688 -0.067623
v -0.033577 0.422294 -0.033957
v 0.000875 0.436439 -0.049715
v -0.026916 0.421399 -0.040090
v -0.018012 0.428140 -0.043721
v -0.011756 0.443577 -0.038557
v -0.003770 0.463242 -0.034077
v 0.007280 0.448729 -0.048838
v 0.006269 0.464358 -0.042388
v -0.003769 0.480170 -0.025283
v 0.012453 0.481989 -0.041375
v -0.014141 0.464783 -0.027773
v -0.019380 0.482091 -0.009380
v -0.025742 0.469087 -0.014763
v -0.026774 0.453078 -0.025769
v -0.021940 0.444483 -0.036067
v -0.033504 0.453819 -0.018293
v -0.031922 0.375382 -0.065035
v 0.003459 0.431565 -0.061755
v -0.014874 0.387036 -0.069498
v -0.011990 0.388203 -0.072304
v -0.030793 0.442693 -0.032558
v -0.023379 0.432928 -0.042487
v 0.005446 0.409781 -0.069704
v 0.006016 0.395173 -0.082115
v 0.012003 0.419486 -0.069465
v 0.019404 0.408558 -0.089600
v 0.018786 0.462985 -0.060202
v 0.023434 0.445382 -0.070552
v 0.023176 0.428735 -0.079547
v 0.021767 0.415545 -0.083711
v 0.031134 0.441781 -0.075618
v 0.031928 0.466742 -0.062701
v 0.035038 0.457194 -0.071896
v 0.039028 0.445468 -0.079085
v -0.041398 0.440916 -0.016218
v -0.053707 0.416424 -0.008850
v -0.057345 0.403393 -0.009765
v -0.060968 0.411248 -0.003070
v -0.060117 0.416457 -0.001531
v 0.017285 0.402820 -0.095879
v 0.015797 0.392992 -0.097604
v 0.044466 0.460702 -0.083187
v -0.043750 0.420122 -0.021095
v 0.045696 0.444045 -0.089284
v 0.040880 0.467398 -0.078098
v 0.033039 0.481153 -0.054798
v 0.040053 0.484858 -0.058703
v -0.001301 0.389160 -0.084691
v -0.055672 0.392490 -0.023462
v 0.011707 0.465931 -0.052691
v 0.009400 0.448129 -0.060283
v 0.024782 0.486793 -0.048863
v -0.065722 0.407193 -0.004030
v 0.031550 0.436149 -0.076275
v -0.036488 0.359691 -0.051886
v -0.056114 0.387545 -0.030102
v 0.012729 0.487052 -0.032753
v 0.004746 0.494025 -0.012935
v -0.004833 0.486641 -0.011465
v -0.006917 0.379882 -0.073799
v -0.003601 0.376350 -0.083669
v -0.012316 0.489733 -0.002946
v 0.039166 0.488523 -0.048585
v -0.006931 0.363549 -0.078654
v -0.032031 0.360429 -0.054736
v 0.014863 0.489868 -0.037184
v -0.010228 0.373705 -0.062950
v -0.056739 0.426028 -0.009618
v -0.063791 0.373157 -0.036353
v -0.058396 0.366418 -0.038501
v -0.053018 0.365409 -0.042160
v -0.042407 0.428975 -0.030952
v -0.033311 0.364936 -0.064992
v -0.011011 0.380745 -0.066457
v -0.077396 0.383578 -0.033412
v -0.077846 0.376835 -0.033996
v -0.035823 0.434667 -0.041963
v -0.054224 0.427085 -0.014013
v -0.050929 0.427119 -0.020964
v -0.005892 0.362880 -0.059815
v 0.067517 0.443203 -0.086095
v 0.066102 0.450173 -0.076898
v 0.056817 0.451611 -0.081556
v 0.063049 0.442358 -0.090621
v 0.069271 0.454087 -0.069337
v 0.050531 0.456776 -0.074300
v 0.064119 0.458833 -0.063106
v 0.052668 0.464105 -0.056509
v 0.072908 0.440101 -0.094820
v 0.040739 0.462789 -0.057087
v 0.072224 0.451867 -0.077257
v 0.075039 0.452141 -0.069633
v 0.040116 0.454330 -0.070652
v 0.066307 0.437439 -0.094705
v 0.071502 0.433322 -0.100317
v 0.069543 0.432803 -0.107101
v 0.077453 0.432635 -0.108980
v 0.076491 0.426782 -0.114816
v 0.043915 0.449052 -0.076714
v 0.052078 0.455952 -0.079140
v 0.051630 0.449811 -0.083765
v 0.043945 0.441576 -0.081065
v 0.039028 0.445468 -0.079085
v 0.045696 0.444045 -0.089284
v 0.062859 0.047192 0.035907
v 0.054742 0.044455 0.025475
v 0.062634 0.037882 0.025853
v 0.067002 0.041858 0.032894
v 0.068664 0.047210 0.037777
v 0.069110 0.065657 0.036909
v 0.063331 0.074677 0.032220
v 0.055839 0.061746 0.021514
v 0.069396 0.099613 0.034925
v 0.064097 0.100282 0.031140
v 0.058716 0.100023 0.018167
v 0.057860 0.076825 0.018993
v 0.064896 0.040758 0.021221
v 0.071903 0.042998 0.015402
v 0.067002 0.041858 0.032894
v 0.081477 0.048818 0.024211
v 0.062634 0.037882 0.025853
v 0.078942 0.049605 0.029546
v 0.080169 0.051034 0.015501
v 0.068664 0.047210 0.037777
v 0.073577 0.048776 0.009237
v 0.083386 0.084929 0.017079
v 0.078935 0.079238 0.008427
v 0.081401 0.100518 0.011449
v 0.084397 0.099282 0.019452
v 0.082638 0.101199 0.007660
v 0.072799 0.037881 0.014187
v 0.081349 0.021508 0.025804
v 0.068891 0.031323 0.031083
v 0.080676 0.016465 0.052894
v 0.086610 0.011662 0.044820
v 0.088999 0.015946 0.001455
v 0.093542 0.002574 0.029913
v 0.093755 0.002460 0.006771
v 0.091241 0.008712 -0.012084
v 0.096274 -0.006358 0.018724
v 0.081207 0.031787 0.003342
v 0.079427 0.044050 0.001419
v 0.077565 0.059065 0.003650
v 0.091208 0.018379 -0.003099
v 0.092796 0.009490 -0.017566
v 0.090224 0.375592 -0.021702
v 0.096391 0.376545 -0.032891
v 0.102726 0.370726 -0.035412
v 0.099732 0.365462 -0.024072
v 0.107801 0.363263 -0.037659
v 0.094597 0.381466 -0.032280
v 0.088812 0.383986 -0.029040
v 0.083002 0.380409 -0.021427
v 0.083168 0.360443 -0.016802
v 0.111907 0.365676 -0.037484
v 0.141484 0.165325 0.157214
v 0.160199 0.165396 0.156466
v 0.154454 0.172090 0.167163
v 0.139554 0.172677 0.166664
v 0.166022 0.156814 0.148423
v 0.150535 0.154044 0.143487
v 0.156794 0.147199 0.131802
v 0.144856 0.150340 0.134321
v 0.134130 0.162540 0.146507
v 0.129173 0.173148 0.159361
v 0.172968 0.151233 0.131961
v 0.155518 0.145429 0.120205
v 0.144255 0.148117 0.118903
v 0.141936 0.154773 0.125688
v 0.130761 0.160686 0.133609
v 0.162553 0.173343 0.163707
v 0.168301 0.162252 0.150520
v 0.180327 0.168658 0.147623
v 0.170808 0.174308 0.154517
v -0.018011 0.098466 0.025303
v -0.040717 0.099112 0.007686
v -0.032789 0.094503 0.022504
v -0.050565 0.094929 0.007266
v -0.012913 0.095375 0.030162
v -0.055714 0.092941 -0.004945
v -0.050035 0.098233 -0.007423
v -0.057425 0.097626 -0.020098
v -0.061181 0.091419 -0.012614
v -0.067112 0.092033 -0.027773
v -0.065676 0.095172 -0.037676
v -0.119358 0.157749 0.069359
v -0.122641 0.178570 0.075342
v -0.129692 0.164208 0.066225
v -0.131398 0.176832 0.068694
v -0.138054 0.178342 0.056444
v -0.136241 0.166163 0.055337
v -0.130982 0.156722 0.054019
v -0.142040 0.175700 0.038400
v -0.141313 0.168643 0.035088
v -0.134527 0.156186 0.037723
v -0.140348 0.160978 0.010054
v -0.143896 0.171031 0.009103
v -0.135530 0.155198 0.011004
v -0.121058 0.150707 0.055426
v -0.121660 0.149513 0.042108
v -0.135679 0.160395 0.001711
v -0.140906 0.171554 0.002139
v -0.136564 0.167236 -0.017547
v -0.139243 0.171613 -0.035571
v -0.140088 0.183328 -0.021652
v -0.141963 0.187533 -0.035321
v -0.137350 0.184335 0.002210
v -0.139644 0.185623 0.008087
v -0.137256 0.187780 0.039199
v -0.130415 0.193478 0.056370
v -0.125808 0.190757 0.068316
v -0.135661 0.197656 -0.034492
v -0.127219 0.159610 -0.055167
v -0.127428 0.161419 -0.039059
v -0.137145 0.160981 -0.063910
v -0.129582 0.154399 -0.078221
v -0.138240 0.157508 -0.083212
v -0.140607 0.169171 -0.037905
v -0.146359 0.164464 -0.080478
v -0.141118 0.159323 -0.105049
v -0.128889 0.154510 -0.103075
v -0.148758 0.166179 -0.102778
v -0.151430 0.173146 -0.082052
v -0.127220 0.164082 -0.036138
v -0.126380 0.162023 -0.020620
v -0.123100 0.156075 -0.002789
v -0.122162 0.149170 0.013310
v -0.123289 0.151074 0.014167
v -0.145129 0.201363 -0.073435
v -0.150918 0.200264 -0.103210
v -0.151926 0.188468 -0.073373
v -0.144832 0.190416 -0.038563
v -0.137223 0.201869 -0.041239
v -0.145720 0.206211 -0.099615
v -0.154439 0.180409 -0.100258
v -0.152860 0.188828 -0.106617
v -0.145792 0.179155 -0.038953
v -0.149580 0.178055 -0.062275
v -0.158354 0.193664 -0.118192
v -0.157948 0.207125 -0.119993
v -0.160116 0.200355 -0.127538
v -0.155091 0.215096 -0.129433
v -0.152029 0.215226 -0.112887
v -0.151057 0.174607 -0.107492
v -0.155191 0.178261 -0.127759
v -0.152265 0.214174 -0.139673
v -0.145095 0.229520 -0.131279
v -0.153918 0.204106 -0.138418
v -0.149531 0.208606 -0.145518
v -0.154620 0.198843 -0.143289
v -0.154355 0.190019 -0.134409
v -0.152927 0.198204 -0.149840
v -0.149360 0.214003 -0.152130
v -0.144767 0.164736 -0.111016
v -0.138859 0.202031 -0.163804
v -0.128265 0.193057 -0.166999
v -0.142262 0.186721 -0.157276
v -0.127758 0.177771 -0.158566
v -0.125015 0.207548 -0.168730
v -0.152927 0.198204 -0.149840
v -0.140249 0.216055 -0.162045
v -0.149360 0.214003 -0.152130
v -0.151203 0.178344 -0.136427
v -0.136668 0.170173 -0.143632
v -0.154620 0.198843 -0.143289
v -0.154355 0.190019 -0.134409
v -0.147800 0.174578 -0.132272
v -0.146849 0.168373 -0.128421
v -0.155191 0.178261 -0.127759
v -0.136165 0.161444 -0.128168
v -0.144767 0.164736 -0.111016
v -0.113218 0.193437 -0.166929
v -0.122728 0.214245 -0.166242
v -0.115613 0.207145 -0.166773
v -0.109561 0.198663 -0.166184
v 0.098392 0.018480 -0.031480
v 0.112999 0.023957 -0.020107
v 0.099314 0.016449 -0.018231
v 0.110015 0.023145 -0.028546
v 0.105869 0.018470 -0.041731
v 0.119497 0.024608 -0.033673
v 0.123132 0.026200 -0.043740
v 0.101046 0.018009 -0.039712
v 0.102712 0.020553 -0.012361
v 0.121462 0.027126 -0.049945
v 0.092686 0.016403 -0.020369
v 0.092796 0.009490 -0.017566
v 0.091208 0.018379 -0.003099
v 0.100858 0.024896 -0.000696
v 0.094571 0.025959 0.005110
v 0.100101 0.029917 0.005001
v 0.095429 0.032566 0.009101
v 0.086660 0.024550 0.003014
v 0.114366 0.027461 -0.052315
v 0.088999 0.015946 0.001455
v 0.054123 0.403018 0.092020
v 0.050077 0.395670 0.078400
v 0.057363 0.386628 0.074292
v 0.064524 0.387186 0.080616
v 0.067387 0.376773 0.072078
v 0.061213 0.375825 0.068563
v 0.049114 0.403102 0.083591
v 0.045193 0.409513 0.085777
v 0.057085 0.404438 0.093342
v 0.048681 0.410785 0.099798
v 0.066106 0.374850 0.064485
v 0.070727 0.375280 0.069012
v 0.038064 0.386902 0.075132
v 0.035021 0.397762 0.085529
v 0.063638 0.413092 0.095560
v 0.050040 0.424484 0.104752
v 0.034783 0.428078 0.111143
v 0.038447 0.410987 0.101985
v 0.024738 0.421824 0.110513
v 0.069109 0.386332 0.077653
v 0.051505 0.379158 0.073377
v 0.028593 0.387799 0.083427
v 0.058066 0.362109 0.064446
v 0.013617 0.435890 0.107308
v 0.010382 0.419491 0.100587
v -0.006253 0.430553 0.095282
v 0.003915 0.436307 0.102557
v 0.016478 0.445577 0.105399
v 0.015489 0.418663 0.088394
v 0.028949 0.417540 0.093155
v 0.025284 0.413272 0.101189
v 0.009457 0.417899 0.095707
v 0.041485 0.409836 0.094860
v 0.038814 0.415137 0.087542
v 0.025556 0.416685 0.088385
v 0.002036 0.418008 0.090968
v 0.007236 0.415634 0.083811
v 0.000817 0.413612 0.080915
v 0.121746 -0.384461 0.051726
v 0.131856 -0.384326 0.057538
v 0.121148 -0.381043 0.059896
v 0.112218 -0.382055 0.056403
v 0.116310 -0.379647 0.064160
v 0.136591 -0.383009 0.045761
v 0.149590 -0.381301 0.057289
v 0.145898 -0.381350 0.064694
v 0.130374 -0.383108 0.045068
v 0.097413 0.366856 0.032206
v 0.086236 0.376752 0.039397
v 0.088218 0.362793 0.031075
v 0.080468 0.367272 0.033572
v 0.075733 0.363745 0.029888
v 0.073203 0.379271 0.047694
v 0.083575 0.381714 0.045142
v 0.074129 0.395062 0.057631
v 0.097661 0.364401 0.028446
v 0.068062 0.355018 0.035626
v 0.068911 0.368330 0.047151
v 0.070870 0.383661 0.060901
v 0.066106 0.374850 0.064485
v 0.061176 0.364668 0.061390
v 0.058066 0.362109 0.064446
v 0.057848 0.356426 0.054898
v 0.064238 0.365939 0.054791
v 0.063974 0.356448 0.038953
v 0.061612 0.361063 0.049285
v 0.053859 0.344887 0.050189
v 0.053268 0.348829 0.062297
v 0.044883 0.351650 0.073923
v 0.061213 0.375825 0.068563
v 0.033407 0.347476 0.083592
v 0.034856 0.329155 0.072639
v 0.041855 0.332701 0.057465
v 0.038474 0.361690 0.080378
v 0.051505 0.379158 0.073377
v 0.036520 0.372292 0.081224
v 0.034429 0.362232 0.091332
v 0.030565 0.356775 0.084130
v 0.054202 0.346679 0.032999
v 0.028843 0.380250 0.084108
v 0.038064 0.386902 0.075132
v 0.028593 0.387799 0.083427
v 0.029306 0.367008 0.093438
v -0.124381 -0.206426 -0.138614
v -0.116967 -0.208686 -0.131441
v -0.109826 -0.205289 -0.133637
v -0.110747 -0.198961 -0.145891
v -0.130385 -0.217210 -0.121054
v -0.133928 -0.214607 -0.127948
v -0.137754 -0.217016 -0.136067
v -0.101825 -0.204985 -0.141712
v -0.093692 -0.202254 -0.135401
v -0.087930 -0.201974 -0.141468
v -0.060997 0.356375 0.025783
v -0.050374 0.361302 0.021837
v -0.058688 0.344893 0.022695
v -0.049858 0.343402 0.021196
v -0.045895 0.340275 0.019125
v -0.059246 0.371376 0.033780
v -0.044620 0.355913 0.016461
v -0.053118 0.369783 0.024337
v -0.057012 0.386491 0.033502
v -0.064588 0.371366 0.034662
v -0.059705 0.369521 0.035373
v 0.099238 0.226242 0.010211
v 0.105085 0.213698 0.024048
v 0.091435 0.220856 0.017859
v 0.108522 0.232458 0.007399
v 0.127564 0.216672 0.024177
v 0.123123 0.198967 0.040090
v 0.138967 0.201458 0.040581
v 0.140495 0.187785 0.053513
v 0.153064 0.188550 0.059190
v 0.152270 0.173672 0.077620
v 0.140765 0.170789 0.080733
v 0.103548 0.235774 -0.000697
v 0.127141 0.236884 0.012631
v 0.110783 0.250937 -0.002171
v 0.161240 0.199311 0.057852
v 0.142269 0.212956 0.036559
v 0.140994 0.233130 0.023548
v 0.142231 0.238568 0.015161
v 0.150098 0.234241 0.024763
v 0.129038 0.243463 0.005832
v 0.163137 0.187966 0.072992
v 0.161211 0.174316 0.077964
v 0.172930 0.175176 0.081638
v 0.157314 0.165708 0.080693
v 0.148918 0.229440 0.035606
v 0.159510 0.234046 0.036659
v 0.161833 0.230628 0.043034
v 0.181046 0.187202 0.085114
v 0.179844 0.178470 0.088810
v 0.172239 0.169061 0.084365
v 0.167367 0.170658 0.077703
v 0.187943 0.193931 0.090506
v 0.184693 0.193492 0.085954
v 0.153278 0.228205 0.043559
v 0.168121 0.199710 0.076161
v 0.157278 0.251403 0.030576
v 0.147079 0.256716 0.018569
v 0.125320 0.262938 0.004238
v 0.125285 0.252515 0.004525
v 0.167110 0.207715 0.064680
v 0.118101 0.251950 0.004747
v 0.106719 0.264015 -0.007822
v 0.188608 0.201912 0.092565
v 0.097027 0.223624 0.006912
v 0.158035 0.227497 0.052207
v 0.137872 0.279882 0.018112
v 0.121026 0.279984 0.007358
v 0.107751 0.244361 -0.009808
v 0.166062 0.233732 0.055808
v 0.178749 0.196554 0.086475
v 0.123646 0.292955 0.015536
v 0.189614 0.186641 0.088337
v 0.181282 0.170288 0.084432
v 0.068046 0.445993 -0.053894
v 0.069271 0.454087 -0.069337
v 0.072768 0.447292 -0.062038
v 0.075039 0.452141 -0.069633
v 0.083587 0.451484 -0.066145
v 0.046884 0.461091 -0.049115
v 0.052668 0.464105 -0.056509
v 0.062626 0.457991 -0.055618
v 0.051632 0.453646 -0.047913
v 0.064119 0.458833 -0.063106
v 0.040739 0.462789 -0.057087
v 0.099608 0.385962 0.000639
v 0.100676 0.382499 -0.009928
v 0.103162 0.377735 0.005171
v 0.104283 0.377214 -0.017626
v 0.092383 0.392089 0.002935
v 0.095406 0.382576 0.011012
v 0.088449 0.384859 0.013559
v 0.108687 0.376208 0.007335
v 0.108422 0.372732 -0.021833
v 0.111548 0.370177 -0.010000
v 0.111646 0.369260 0.003169
v 0.116647 0.363652 -0.007191
v 0.091932 0.386932 -0.008676
v 0.060922 0.098871 0.009932
v 0.069783 0.099280 -0.001541
v 0.063588 0.090959 0.006683
v 0.058216 0.088257 0.013646
v 0.058716 0.100023 0.018167
v 0.071456 0.097539 -0.011260
v 0.057860 0.076825 0.018993
v 0.069612 0.100154 -0.016386
v 0.132197 -0.244812 0.096473
v 0.141967 -0.243076 0.105693
v 0.133422 -0.248554 0.106512
v 0.140079 -0.238132 0.093381
v 0.131907 -0.242254 0.091148
v 0.140763 -0.243351 0.124327
v 0.132549 -0.248903 0.119246
v -0.128042 -0.166235 -0.036920
v -0.132395 -0.158712 -0.040986
v -0.135695 -0.190865 -0.033936
v -0.146012 -0.185543 -0.043764
v -0.150655 -0.184958 -0.051052
v -0.139830 -0.162583 -0.052725
v -0.109118 -0.174890 -0.034862
v -0.106950 -0.170882 -0.039640
v -0.125227 -0.162197 -0.041596
v -0.053018 0.365409 -0.042160
v -0.038820 0.373036 -0.040642
v -0.050094 0.372878 -0.031347
v -0.058396 0.366418 -0.038501
v -0.043072 0.362632 -0.047912
v -0.057720 0.374302 -0.031324
v -0.033956 0.366968 -0.044008
v -0.046894 0.373761 -0.022054
v -0.053471 0.377091 -0.022106
v -0.041240 0.372745 -0.031220
v -0.042523 0.375989 -0.024806
v -0.049880 0.364946 -0.048637
v -0.036488 0.359691 -0.051886
v -0.029141 0.359266 -0.040961
v -0.034093 0.371253 -0.038095
v -0.063791 0.373157 -0.036353
v -0.050722 0.367065 -0.010177
v 0.115828 -0.350066 0.067536
v 0.135476 -0.341370 0.071511
v 0.145456 -0.345864 0.072266
v 0.143637 -0.339137 0.075847
v 0.140896 -0.320641 0.075395
v 0.129624 -0.319408 0.066598
v 0.137695 -0.306070 0.072276
v 0.123588 -0.306428 0.063783
v 0.116266 -0.330665 0.069965
v 0.116546 -0.347809 0.071443
v 0.109338 -0.309130 0.062885
v 0.107750 -0.293815 0.051800
v 0.122057 -0.290446 0.053227
v 0.104044 -0.280567 0.050736
v 0.117896 -0.274507 0.053758
v 0.134666 -0.293490 0.062260
v 0.131930 -0.279482 0.061279
v 0.094947 -0.261603 0.055206
v 0.116082 -0.253154 0.059365
v 0.091169 -0.246888 0.051901
v 0.114441 -0.242187 0.054991
v 0.089967 -0.230760 0.055747
v 0.127380 -0.250207 0.067748
v 0.112729 -0.212914 0.068357
v 0.087576 -0.218768 0.061161
v 0.128077 -0.240185 0.069337
v 0.122441 -0.209575 0.084264
v 0.080988 -0.264810 0.061988
v 0.086999 -0.287943 0.058619
v 0.073489 -0.247815 0.059688
v 0.071979 -0.272284 0.070354
v 0.062037 -0.250898 0.069963
v 0.073626 -0.284604 0.071572
v 0.095578 -0.303336 0.062090
v 0.082183 -0.299564 0.068238
v 0.057793 -0.228277 0.076325
v 0.070832 -0.222794 0.066342
v 0.085230 -0.214313 0.066762
v 0.068114 -0.219520 0.073178
v 0.067496 -0.205369 0.080566
v 0.057707 -0.205310 0.085857
v 0.084271 -0.201864 0.076706
v 0.081017 -0.195600 0.076390
v 0.061977 -0.190710 0.082644
v 0.109006 -0.207701 0.075206
v 0.103428 -0.198509 0.082629
v -0.066775 0.418810 0.003670
v -0.060507 0.417457 0.016402
v -0.072682 0.423923 0.007064
v -0.060059 0.415644 0.010237
v -0.076027 0.419956 -0.002214
v -0.065722 0.407193 -0.004030
v -0.068798 0.409449 -0.004844
v -0.065890 0.428469 0.016551
v -0.063551 0.400940 0.001091
v -0.064394 0.401796 0.015115
v 0.028843 0.380250 0.084108
v 0.020740 0.372098 0.081180
v 0.029306 0.367008 0.093438
v 0.027280 0.360870 0.094378
v 0.020384 0.359588 0.081652
v 0.028593 0.387799 0.083427
v 0.015947 0.385519 0.075033
v 0.001726 0.365875 0.075679
v -0.004743 0.383661 0.072873
v -0.011233 0.382529 0.070578
v 0.010266 0.349946 0.074484
v 0.026798 0.349570 0.085438
v 0.030565 0.356775 0.084130
v 0.019274 0.338684 0.074711
v 0.019858 0.395609 0.085455
v 0.035021 0.397762 0.085529
v 0.038814 0.415137 0.087542
v 0.025556 0.416685 0.088385
v 0.007236 0.415634 0.083811
v -0.004071 0.390488 0.078184
v -0.004472 0.400528 0.079514
v 0.000817 0.413612 0.080915
v 0.045193 0.409513 0.085777
v 0.049114 0.403102 0.083591
v 0.034429 0.362232 0.091332
v 0.034178 0.337786 0.074720
v 0.026075 0.329671 0.074523
v 0.034856 0.329155 0.072639
v 0.033407 0.347476 0.083592
v 0.038474 0.361690 0.080378
v 0.033892 0.181036 -0.097523
v 0.039105 0.168955 -0.095456
v 0.033143 0.164080 -0.084811
v 0.134991 -0.208600 0.091875
v 0.138389 -0.221965 0.091272
v 0.127653 -0.217756 0.088239
v 0.133134 -0.234664 0.088311
v 0.129864 -0.199508 0.092422
v 0.120358 -0.205812 0.089150
v 0.140079 -0.238132 0.093381
v 0.131907 -0.242254 0.091148
v 0.122441 -0.209575 0.084264
v 0.109006 -0.207701 0.075206
v 0.112729 -0.212914 0.068357
v 0.137221 -0.221124 0.099571
v 0.139633 -0.224774 0.113243
v 0.141967 -0.243076 0.105693
v 0.142062 -0.230521 0.125678
v 0.135268 -0.212552 0.127465
v 0.128317 -0.201339 0.127516
v 0.140763 -0.243351 0.124327
v -0.059324 0.422830 -0.013845
v -0.053707 0.416424 -0.008850
v -0.060117 0.416457 -0.001531
v -0.071546 0.420522 -0.007126
v 0.094354 0.276856 0.254852
v 0.089084 0.289170 0.259126
v 0.083089 0.274119 0.252992
v 0.076133 0.286625 0.254073
v 0.070548 0.276759 0.245178
v 0.070755 0.284228 0.248668
v 0.077391 0.270791 0.242653
v 0.092177 0.264111 0.242233
v 0.066139 0.284538 0.240789
v 0.123241 0.262036 0.228673
v 0.110646 0.262258 0.237257
v 0.113451 0.253552 0.222402
v 0.096549 0.262142 0.235427
v 0.093423 0.268848 0.248786
v 0.101883 0.277645 0.252219
v 0.111881 0.276309 0.243815
v 0.120972 0.250489 0.222753
v 0.129192 0.255004 0.220661
v 0.126901 0.244543 0.208616
v 0.137072 0.253353 0.211185
v 0.134093 0.247328 0.206427
v 0.113335 0.247996 0.213299
v 0.130624 0.271254 0.225135
v 0.115217 0.287777 0.241552
v 0.103037 0.298503 0.251379
v 0.093199 0.301680 0.256213
v 0.127973 0.279944 0.224397
v -0.083832 0.026899 -0.039775
v -0.077476 0.021017 -0.034201
v -0.083334 0.028506 -0.030224
v -0.081152 0.022514 -0.045189
v -0.075937 0.019390 -0.023153
v -0.087049 0.033389 -0.053536
v -0.082242 0.026164 -0.063864
v -0.087214 0.033373 -0.064495
v -0.085042 0.025665 -0.065097
v 0.015445 0.398005 -0.068638
v 0.023639 0.383084 -0.067887
v 0.018728 0.386316 -0.077204
v 0.022894 0.377277 -0.073556
v 0.017238 0.396394 -0.086988
v 0.015797 0.392992 -0.097604
v -0.024849 0.372216 -0.055949
v -0.016140 0.359735 -0.051791
v -0.028462 0.364709 -0.056906
v -0.032031 0.360429 -0.054736
v -0.010014 0.366348 -0.055297
v -0.014396 0.350318 -0.049249
v -0.002168 0.353450 -0.054542
v -0.010228 0.373705 -0.062950
v -0.021973 0.355162 -0.046136
v -0.026215 0.344681 -0.041653
v -0.027492 0.350772 -0.044813
v -0.032219 0.349385 -0.049971
v -0.036488 0.359691 -0.051886
v -0.026273 0.376143 -0.065263
v -0.019688 0.381688 -0.067623
v -0.011011 0.380745 -0.066457
v -0.031922 0.375382 -0.065035
v -0.033311 0.364936 -0.064992
v -0.016186 0.381581 -0.068073
v -0.014874 0.387036 -0.069498
v -0.011990 0.388203 -0.072304
v -0.005892 0.362880 -0.059815
v 0.157536 0.179382 0.166573
v 0.135970 0.179267 0.165506
v 0.154454 0.172090 0.167163
v 0.139554 0.172677 0.166664
v 0.162553 0.173343 0.163707
v 0.170355 0.187516 0.159852
v -0.089906 0.175515 0.059617
v -0.090970 0.177748 0.068588
v -0.095989 0.174295 0.068990
v -0.098632 0.160670 0.066793
v -0.091956 0.162940 0.057529
v -0.088297 0.173506 0.051702
v -0.092659 0.189285 0.067450
v -0.084797 0.186711 0.057840
v -0.084901 0.177915 0.054973
v -0.082878 0.189120 0.045255
v -0.084602 0.176420 0.045071
v -0.093383 0.199689 0.058820
v -0.088635 0.180069 0.030536
v -0.064319 -0.382374 -0.204488
v -0.062775 -0.374814 -0.217655
v -0.054682 -0.380615 -0.208972
v -0.063694 -0.387228 -0.190601
v -0.072535 -0.373440 -0.213532
v -0.127179 -0.142679 -0.056408
v -0.126494 -0.150843 -0.041483
v -0.118832 -0.144506 -0.047181
v -0.118675 -0.149522 -0.040721
v -0.123183 -0.141421 -0.058535
v -0.127256 -0.141916 -0.072910
v -0.131187 -0.145899 -0.068303
v -0.138323 -0.162500 -0.063514
v -0.132395 -0.158712 -0.040986
v -0.118243 -0.121149 -0.041984
v -0.127722 -0.105889 -0.066466
v -0.121653 -0.086280 -0.046038
v -0.125514 -0.076150 -0.060721
v -0.120816 -0.057157 -0.055398
v -0.116969 -0.054464 -0.041814
v -0.110254 -0.069282 -0.023314
v -0.105632 -0.033230 -0.025572
v -0.111835 -0.028020 -0.053552
v -0.099581 -0.039980 -0.014365
v -0.104900 -0.023577 -0.040813
v -0.103718 -0.015323 -0.054660
v -0.092679 -0.001745 -0.037880
v -0.087040 -0.002127 -0.022486
v -0.099575 -0.031656 -0.021682
v -0.097303 -0.030261 -0.014342
v -0.083608 0.003472 -0.015593
v -0.077476 0.021017 -0.034201
v -0.075937 0.019390 -0.023153
v -0.081152 0.022514 -0.045189
v -0.098311 -0.004863 -0.057190
v -0.088960 0.010473 -0.060077
v -0.082242 0.026164 -0.063864
v -0.102290 -0.066100 -0.017458
v -0.095028 -0.106845 -0.025071
v -0.110175 -0.131108 -0.040078
v -0.139830 -0.162583 -0.052725
v -0.004472 0.400528 0.079514
v 0.000817 0.413612 0.080915
v -0.004379 0.417809 0.089361
v -0.019441 0.411077 0.090279
v -0.026912 0.397644 0.084678
v -0.016032 0.394265 0.079518
v -0.017128 0.423715 0.092415
v -0.006253 0.430553 0.095282
v -0.020421 0.388519 0.073171
v -0.031751 0.377622 0.074267
v -0.036531 0.381276 0.075269
v -0.038866 0.360234 0.067161
v -0.033403 0.363127 0.067858
v -0.033840 0.339857 0.063107
v -0.028859 0.403319 0.086136
v 0.002036 0.418008 0.090968
v -0.011233 0.382529 0.070578
v -0.008243 0.386185 0.080189
v -0.038681 0.334082 0.058908
v -0.032622 0.324854 0.057217
v -0.028129 0.323901 0.052878
v -0.029140 0.318934 0.047520
v -0.004743 0.383661 0.072873
v -0.004071 0.390488 0.078184
v -0.031158 0.427029 -0.046787
v -0.037856 0.420449 -0.043928
v -0.043879 0.424294 -0.052501
v -0.026916 0.421399 -0.040090
v -0.023379 0.432928 -0.042487
v -0.045945 0.429231 -0.050923
v -0.046631 0.425293 -0.052673
v -0.048340 0.423828 -0.052490
v -0.035823 0.434667 -0.041963
v -0.119305 -0.244259 -0.083316
v -0.117068 -0.244510 -0.069414
v -0.124375 -0.243884 -0.088910
v -0.124695 -0.246275 -0.071029
v -0.112823 -0.241008 -0.072420
v -0.110577 -0.231844 -0.054323
v -0.109118 -0.230956 -0.061144
v -0.104341 -0.217789 -0.049929
v -0.107365 -0.213661 -0.040469
v -0.099798 -0.193724 -0.045695
v 0.085749 0.473842 -0.025066
v 0.083923 0.461988 -0.038945
v 0.077823 0.466785 -0.029017
v 0.092639 0.469477 -0.037302
v 0.087998 0.456975 -0.049293
v 0.082240 0.451401 -0.048279
v 0.079861 0.458111 -0.045779
v 0.073640 0.473696 -0.024480
v 0.073692 0.479155 -0.016601
v -0.029141 0.359266 -0.040961
v -0.036488 0.359691 -0.051886
v -0.032219 0.349385 -0.049971
v -0.027492 0.350772 -0.044813
v 0.023831 0.277765 0.056718
v 0.012364 0.271915 0.053907
v 0.026622 0.276177 0.063322
v 0.011866 0.271608 0.062794
v 0.035386 0.274479 0.058885
v 0.114212 -0.482979 0.094985
v 0.113149 -0.493246 0.091420
v 0.126317 -0.485958 0.096557
v 0.140372 -0.493682 0.094204
v 0.161993 -0.488455 0.101626
v 0.163443 -0.494660 0.096087
v -0.117879 -0.242163 -0.170855
v -0.113354 -0.235332 -0.172072
v -0.112115 -0.246008 -0.160875
v -0.104742 -0.238837 -0.163409
v -0.103729 -0.231660 -0.162252
v -0.110629 -0.214591 -0.161469
v -0.102319 -0.218969 -0.154254
v -0.101825 -0.204985 -0.141712
v -0.110747 -0.198961 -0.145891
v 0.086378 0.373531 0.029497
v 0.091840 0.371915 0.025221
v 0.088218 0.362793 0.031075
v 0.086545 0.378321 0.025490
v 0.097661 0.364401 0.028446
v 0.075733 0.363745 0.029888
v 0.078747 0.370677 0.028471
v 0.031680 0.374555 -0.069813
v 0.034201 0.369714 -0.068557
v 0.036987 0.366599 -0.071986
v 0.030096 0.365543 -0.082329
v 0.022894 0.377277 -0.073556
v -0.053803 0.111575 -0.090570
v -0.047644 0.105213 -0.091800
v -0.066944 0.106677 -0.093838
v -0.057018 0.087627 -0.094338
v -0.073674 0.075889 -0.093912
v -0.061551 0.065628 -0.095465
v -0.073839 0.048795 -0.096025
v -0.062700 0.044637 -0.096315
v -0.075586 0.109649 -0.089933
v -0.080075 0.074165 -0.090610
v -0.081923 0.049318 -0.091237
v -0.050332 0.073835 -0.101690
v -0.048318 0.094157 -0.098267
v -0.053550 0.052567 -0.104456
v -0.044767 0.108805 -0.088899
v -0.102263 0.180077 -0.154235
v -0.100553 0.173538 -0.145214
v -0.109025 0.165655 -0.141768
v -0.113271 0.176260 -0.156240
v -0.113218 0.193437 -0.166929
v -0.127758 0.177771 -0.158566
v -0.125012 0.165061 -0.142959
v -0.128265 0.193057 -0.166999
v -0.103184 0.189563 -0.159271
v -0.110962 0.160522 -0.129272
v -0.111633 0.159668 -0.127930
v -0.114502 0.159424 -0.127930
v -0.124110 0.158589 -0.128285
v -0.119934 0.158691 -0.127563
v -0.136668 0.170173 -0.143632
v -0.136165 0.161444 -0.128168
v -0.120686 0.158021 -0.119992
v -0.126304 0.157089 -0.107050
v -0.106885 0.162067 -0.126703
v -0.105999 0.161363 -0.114482
v -0.116701 0.158481 -0.107059
v -0.129582 0.154399 -0.078221
v -0.116097 0.160210 -0.078077
v -0.105734 0.164492 -0.106947
v -0.127219 0.159610 -0.055167
v -0.116853 0.165863 -0.051128
v -0.127428 0.161419 -0.039059
v -0.117609 0.167660 -0.034935
v -0.144767 0.164736 -0.111016
v -0.110350 0.164785 -0.078233
v -0.141118 0.159323 -0.105049
v -0.128889 0.154510 -0.103075
v -0.109561 0.198663 -0.166184
v -0.102358 0.170740 0.037876
v -0.103130 0.172122 0.044663
v -0.108043 0.164352 0.046820
v -0.114402 0.151210 0.043549
v -0.113809 0.153369 0.026214
v -0.102344 0.165603 0.023485
v -0.096486 0.175158 0.025143
v -0.105445 0.161342 0.011758
v -0.113022 0.153718 0.015047
v -0.103626 0.168016 0.006850
v -0.113717 0.156365 0.000536
v -0.122162 0.149170 0.013310
v -0.084602 0.176420 0.045071
v -0.088635 0.180069 0.030536
v -0.123289 0.151074 0.014167
v -0.121660 0.149513 0.042108
v -0.088297 0.173506 0.051702
v -0.084901 0.177915 0.054973
v -0.089906 0.175515 0.059617
v -0.109775 0.154042 0.050143
v -0.121058 0.150707 0.055426
v -0.123100 0.156075 -0.002789
v -0.118325 0.163529 -0.016090
v -0.126380 0.162023 -0.020620
v -0.111083 0.173745 -0.017813
v -0.111953 0.173958 -0.035972
v -0.109636 0.174555 -0.055979
v -0.127220 0.164082 -0.036138
v -0.102454 0.177007 -0.081491
v -0.098714 0.176049 -0.105201
v -0.113233 0.151044 0.055827
v -0.099958 0.152896 0.056460
v -0.099716 0.158193 0.046080
v -0.108945 0.153416 0.066013
v -0.098632 0.160670 0.066793
v -0.091956 0.162940 0.057529
v -0.097258 0.172496 -0.110997
v -0.119358 0.157749 0.069359
v -0.108565 0.172637 -0.000059
v -0.104084 0.177106 0.002992
v -0.095428 0.182597 0.026032
v -0.107226 -0.416628 -0.190935
v -0.101311 -0.417608 -0.188522
v -0.110193 -0.411682 -0.180230
v -0.114378 -0.416409 -0.199146
v -0.090187 -0.413657 -0.185328
v -0.097005 -0.397974 -0.173330
v -0.111441 -0.394309 -0.167756
v -0.098525 -0.382246 -0.161903
v -0.111394 -0.379915 -0.158412
v -0.084785 -0.420032 -0.188382
v -0.082579 -0.410014 -0.184112
v -0.083363 -0.388256 -0.174904
v -0.077281 -0.396886 -0.178089
v -0.071872 -0.387192 -0.169499
v -0.081765 -0.378030 -0.166115
v -0.095166 -0.378969 -0.164071
v -0.108124 -0.371569 -0.156688
v -0.077810 -0.358372 -0.151128
v -0.097151 -0.354820 -0.146700
v -0.107736 -0.354663 -0.146243
v -0.108698 -0.376640 -0.160908
v -0.072647 -0.374555 -0.160683
v -0.075684 -0.363525 -0.153931
v -0.067505 -0.405017 -0.198136
v -0.063694 -0.387228 -0.190601
v -0.061962 -0.364105 -0.166007
v -0.070994 -0.365257 -0.157359
v -0.060191 -0.380639 -0.182032
v -0.052458 -0.360589 -0.183104
v -0.059315 -0.384450 -0.189132
v -0.053050 -0.374264 -0.211494
v -0.054682 -0.380615 -0.208972
v -0.052313 -0.351323 -0.202958
v 0.160931 0.231667 0.066898
v 0.165260 0.239229 0.069452
v 0.157001 0.240068 0.076659
v 0.149406 0.250866 0.084716
v 0.149105 0.246019 0.085282
v 0.129267 0.259603 0.091906
v 0.166062 0.233732 0.055808
v 0.158035 0.227497 0.052207
v 0.107801 0.363263 -0.037659
v 0.110821 0.364648 -0.029463
v 0.099732 0.365462 -0.024072
v 0.111907 0.365676 -0.037484
v 0.108422 0.372732 -0.021833
v 0.091654 0.374435 -0.018333
v 0.104283 0.377214 -0.017626
v 0.091932 0.386932 -0.008676
v 0.083168 0.360443 -0.016802
v 0.113272 0.375143 -0.026253
v 0.086085 0.377256 0.014851
v 0.086545 0.378321 0.025490
v 0.078747 0.370677 0.028471
v 0.081146 0.368309 0.007987
v 0.073043 0.356507 0.013347
v 0.075733 0.363745 0.029888
v 0.068062 0.355018 0.035626
v 0.065400 0.347706 0.030868
v 0.084009 0.373796 0.001878
v 0.088449 0.384859 0.013559
v 0.074500 0.350991 -0.000104
v 0.087482 0.377888 -0.012084
v 0.077859 0.353018 -0.014964
v 0.088373 0.388484 0.004532
v 0.069165 0.343609 0.017320
v 0.063770 0.336822 0.028194
v 0.092383 0.392089 0.002935
v -0.071225 0.386597 0.020861
v -0.057849 0.387805 0.022166
v -0.066839 0.386987 0.029330
v -0.062011 0.386815 0.013825
v -0.062464 0.391115 0.031705
v -0.057012 0.386491 0.033502
v -0.062418 0.371668 0.040030
v -0.085570 0.358400 0.036470
v -0.075377 0.361797 0.034520
v -0.083600 0.353154 0.030526
v -0.067493 0.364450 0.035870
v -0.059705 0.369521 0.035373
v -0.086886 0.356147 0.031915
v 0.058911 0.394668 -0.079294
v 0.055596 0.388510 -0.071740
v 0.051045 0.375577 -0.071884
v 0.051481 0.379370 -0.063169
v 0.052721 0.389511 -0.055901
v 0.057521 0.400121 -0.056605
v 0.060112 0.403724 -0.060816
v 0.052105 0.380468 -0.055413
v 0.053637 0.367006 -0.066217
v 0.046821 0.372753 -0.056959
v 0.048612 0.377773 -0.053235
v 0.046973 0.372559 -0.052463
v 0.069586 0.412239 -0.062444
v 0.068159 0.412278 -0.052909
v 0.072625 0.421838 -0.062494
v 0.073964 0.428684 -0.049081
v 0.070954 0.418550 -0.070124
v 0.072144 0.438839 -0.058660
v 0.075792 0.442517 -0.049348
v 0.072768 0.447292 -0.062038
v 0.076192 0.402268 -0.080382
v 0.076422 0.402700 -0.086117
v 0.080501 0.392119 -0.094826
v 0.049131 0.364986 -0.072985
v 0.074893 0.478959 -0.024466
v 0.082247 0.485342 -0.031882
v 0.076161 0.485516 -0.019223
v 0.073692 0.479155 -0.016601
v 0.073640 0.473696 -0.024480
v 0.069976 0.484100 -0.033251
v 0.070805 0.483044 -0.048440
v 0.073098 0.471525 -0.043408
v 0.071804 0.474183 -0.064797
v 0.079861 0.458111 -0.045779
v 0.077155 0.459003 -0.064446
v 0.080661 0.453110 -0.058821
v -0.129257 -0.250378 -0.161640
v -0.130642 -0.255531 -0.152542
v -0.137852 -0.249116 -0.154587
v -0.132069 -0.260007 -0.148065
v -0.120441 -0.254816 -0.157336
v -0.112115 -0.246008 -0.160875
v -0.125930 -0.245464 -0.163091
v -0.117879 -0.242163 -0.170855
v 0.091619 0.377514 0.019909
v 0.094533 0.377495 0.031755
v 0.091840 0.371915 0.025221
v 0.086085 0.377256 0.014851
v 0.088449 0.384859 0.013559
v 0.093064 0.390053 0.020102
v 0.097661 0.364401 0.028446
v -0.071225 0.386597 0.020861
v -0.066839 0.386987 0.029330
v -0.073892 0.377285 0.023520
v -0.069808 0.385587 0.032274
v -0.071546 0.420522 -0.007126
v -0.060968 0.411248 -0.003070
v -0.068798 0.409449 -0.004844
v -0.065722 0.407193 -0.004030
v -0.060117 0.416457 -0.001531
v 0.083500 0.265643 -0.065272
v 0.076674 0.271681 -0.063276
v 0.089496 0.253823 -0.058877
v 0.089523 0.256675 -0.065002
v 0.095344 0.242636 -0.063657
v 0.095697 0.237090 -0.055177
v 0.044376 0.263654 -0.102407
v 0.060938 0.270853 -0.081760
v 0.054838 0.258901 -0.096605
v 0.049066 0.286244 -0.080293
v 0.031268 0.279703 -0.100510
v 0.026664 0.270454 -0.111195
v 0.017438 0.285332 -0.107831
v 0.039213 0.292402 -0.083407
v 0.043573 0.306543 -0.067818
v 0.066952 0.302027 -0.050015
v 0.055290 0.312851 -0.051973
v 0.070913 0.310133 -0.037502
v 0.014832 0.279516 -0.113497
v 0.039140 0.250892 -0.113497
v 0.049420 0.248658 -0.106420
v 0.077792 0.289082 -0.046975
v 0.079279 0.298867 -0.033965
v 0.091982 0.269558 -0.041721
v 0.077973 0.319797 -0.016704
v 0.090911 0.294053 -0.017961
v 0.095563 0.269598 -0.032574
v 0.104616 0.266476 -0.016049
v 0.103581 0.245005 -0.037475
v 0.102424 0.283851 -0.002384
v 0.098719 0.294809 -0.000049
v 0.089305 0.307965 -0.000799
v 0.081218 0.321082 0.000607
v 0.108394 0.226277 -0.035859
v 0.108799 0.244896 -0.022233
v 0.019448 0.286106 -0.101310
v 0.025892 0.306661 -0.077071
v 0.011694 0.297578 -0.096664
v 0.013562 0.316889 -0.075843
v 0.003403 0.315391 -0.087267
v 0.005266 0.304819 -0.100770
v 0.038880 0.313161 -0.063252
v 0.032734 0.337119 -0.054749
v 0.013301 0.326155 -0.068505
v -0.004953 0.331376 -0.073859
v -0.001630 0.321045 -0.094896
v -0.008717 0.320582 -0.101324
v -0.011341 0.328987 -0.095339
v 0.008040 0.336867 -0.063633
v 0.063648 0.253637 -0.097704
v 0.097051 0.300188 0.013119
v 0.111822 0.287658 0.012367
v 0.115034 0.269394 0.003949
v 0.106719 0.264015 -0.007822
v 0.105785 0.297864 0.022646
v 0.118101 0.251950 0.004747
v -0.011537 0.336034 -0.070061
v -0.014939 0.334897 -0.080724
v 0.080886 0.319147 0.010976
v -0.004972 0.344753 -0.060734
v 0.058610 0.240249 -0.103125
v 0.072080 0.239604 -0.092838
v 0.075494 0.255117 -0.078183
v 0.083618 0.236995 -0.079996
v 0.061337 0.263746 -0.093054
v 0.066162 0.269550 -0.080173
v 0.111778 0.222282 -0.026034
v 0.072437 0.328993 -0.029792
v 0.063454 0.315457 -0.046544
v 0.053540 0.336884 -0.046676
v 0.065946 0.335897 -0.038988
v 0.077667 0.326213 -0.018044
v 0.090744 0.303793 0.026684
v 0.097084 0.303766 0.029522
v 0.107751 0.244361 -0.009808
v -0.122728 0.214245 -0.166242
v -0.140249 0.216055 -0.162045
v -0.139205 0.218927 -0.157830
v -0.149360 0.214003 -0.152130
v -0.141319 0.216528 -0.151095
v -0.149531 0.208606 -0.145518
v -0.125223 0.215162 -0.160283
v -0.116845 0.207582 -0.161419
v -0.115613 0.207145 -0.166773
v -0.109561 0.198663 -0.166184
v -0.073839 0.048795 -0.096025
v -0.075416 0.044960 -0.084557
v -0.081923 0.049318 -0.091237
v -0.069415 0.043543 -0.086645
v -0.062700 0.044637 -0.096315
v -0.080247 0.043040 -0.077394
v -0.086096 0.051807 -0.083480
v -0.040957 0.424348 -0.038897
v -0.045161 0.423941 -0.046503
v -0.037856 0.420449 -0.043928
v -0.033577 0.422294 -0.033957
v -0.042407 0.428975 -0.030952
v -0.043879 0.424294 -0.052501
v -0.026916 0.421399 -0.040090
v -0.046600 0.423340 -0.050964
v -0.048340 0.423828 -0.052490
v 0.069140 0.310321 0.217050
v 0.073435 0.304596 0.210347
v 0.067913 0.301726 0.220452
v 0.077120 0.314857 0.212993
v 0.078041 0.319757 0.218816
v 0.090030 0.318045 0.217412
v 0.087291 0.306069 0.211916
v 0.098298 0.309568 0.209430
v 0.092753 0.321482 0.219261
v 0.082362 0.318640 0.227038
v 0.092737 0.307707 0.201175
v 0.074134 0.306343 0.201190
v 0.091931 0.299360 0.194659
v 0.106480 0.304922 0.202365
v 0.082067 0.297350 0.195722
v 0.108394 0.291943 0.195569
v 0.065138 0.299019 0.203060
v 0.102472 0.284569 0.194914
v 0.112024 0.277968 0.196432
v 0.120613 0.283225 0.199553
v 0.086545 0.378321 0.025490
v 0.086085 0.377256 0.014851
v 0.091840 0.371915 0.025221
v 0.048899 0.332133 0.023904
v 0.052097 0.324273 0.021762
v 0.048641 0.334500 0.034891
v 0.048911 0.319437 0.032089
v 0.051588 0.310483 0.026781
v 0.047703 0.300004 0.034785
v 0.050344 0.339628 0.033866
v 0.042762 0.320884 0.039626
v 0.022245 0.273418 0.030805
v 0.004736 0.262967 0.017395
v 0.010254 0.262685 0.029982
v 0.022030 0.279856 0.017914
v -0.000097 0.251032 0.038763
v -0.017779 0.246196 0.017565
v -0.007130 0.243731 0.041386
v -0.016887 0.236061 0.038733
v -0.027283 0.235055 0.024310
v -0.033605 0.222695 0.037156
v 0.032752 0.282192 0.028505
v -0.001065 0.242859 0.052101
v -0.040130 0.220502 0.024673
v 0.008175 0.276897 0.003960
v -0.006783 0.260129 0.009786
v -0.020491 0.220748 0.052487
v -0.012618 0.230380 0.049327
v 0.042256 0.293390 0.029865
v -0.006671 0.224597 0.060472
v 0.007332 0.246973 0.056852
v 0.000807 0.257157 0.046022
v 0.034480 0.284830 0.035367
v 0.005075 0.267727 0.046503
v 0.010008 0.263470 0.053682
v 0.012364 0.271915 0.053907
v 0.013316 0.285669 0.046953
v 0.020058 0.292603 0.051202
v 0.031698 0.308968 0.045511
v 0.035308 0.311047 0.049173
v 0.011866 0.271608 0.062794
v 0.008442 0.262685 0.064353
v 0.007383 0.247239 0.059986
v 0.042617 0.315801 0.047755
v 0.046762 0.326896 0.040292
v 0.007086 0.249245 0.067948
v 0.026044 0.292573 0.018671
v 0.017030 0.285436 0.040958
v 0.035557 0.307725 0.040308
v 0.010259 0.265465 0.035101
v 0.147850 0.154654 0.100988
v 0.161732 0.159449 0.091304
v 0.155569 0.152058 0.096654
v 0.148458 0.147594 0.107578
v 0.168488 0.154859 0.093829
v 0.181282 0.170288 0.084432
v 0.157356 0.160363 0.085398
v 0.167367 0.170658 0.077703
v 0.172239 0.169061 0.084365
v 0.157314 0.165708 0.080693
v 0.171786 0.149660 0.107713
v 0.174519 0.149248 0.119827
v 0.155518 0.145429 0.120205
v 0.156794 0.147199 0.131802
v 0.144255 0.148117 0.118903
v 0.172968 0.151233 0.131961
v 0.186559 0.160450 0.104698
v 0.190819 0.164545 0.121047
v 0.190482 0.173557 0.092784
v 0.185467 0.161584 0.133394
v 0.195457 0.175676 0.107832
v 0.166022 0.156814 0.148423
v 0.180327 0.168658 0.147623
v 0.196355 0.181449 0.122417
v 0.191847 0.178625 0.132471
v 0.186771 0.176486 0.143941
v 0.194099 0.188055 0.133620
v 0.189614 0.186641 0.088337
v 0.046762 0.326896 0.040292
v 0.042617 0.315801 0.047755
v 0.053839 0.329799 0.038221
v 0.048641 0.334500 0.034891
v 0.063858 0.303351 0.045837
v 0.065821 0.291093 0.051376
v 0.078645 0.297370 0.046420
v 0.067642 0.313222 0.037037
v 0.063770 0.336822 0.028194
v 0.050344 0.339628 0.033866
v 0.086045 0.300788 0.039045
v 0.074327 0.317024 0.025866
v 0.069165 0.343609 0.017320
v 0.090744 0.303793 0.026684
v 0.080886 0.319147 0.010976
v 0.082572 0.326344 0.004588
v 0.074500 0.350991 -0.000104
v 0.086301 0.331564 -0.011023
v 0.079730 0.347325 -0.009958
v 0.077859 0.353018 -0.014964
v 0.085962 0.341289 -0.021432
v 0.091667 0.333102 -0.023525
v 0.097051 0.300188 0.013119
v 0.073043 0.354357 -0.030443
v 0.074813 0.355123 -0.020381
v 0.064136 0.358339 -0.035370
v 0.081218 0.321082 0.000607
v 0.097084 0.303766 0.029522
v 0.084959 0.489260 -0.042817
v 0.080398 0.493039 -0.033890
v 0.082247 0.485342 -0.031882
v 0.071315 0.489330 -0.021711
v 0.076161 0.485516 -0.019223
v 0.064439 0.485011 -0.014027
v 0.060817 0.490299 -0.020933
v 0.056016 0.491521 -0.010907
v 0.063386 0.483481 -0.004156
v 0.073692 0.479155 -0.016601
v 0.072646 0.479240 -0.003569
v 0.085749 0.473842 -0.025066
v 0.067221 0.481224 0.011011
v 0.056073 0.489810 0.019602
v 0.063511 0.485511 0.034774
v 0.071916 0.479264 0.029535
v 0.078022 0.463770 0.014962
v 0.076386 0.464793 0.003683
v 0.083939 0.449602 0.001642
v 0.078594 0.455220 -0.012996
v 0.083848 0.433218 -0.018753
v 0.089553 0.438923 -0.000554
v 0.091733 0.427778 -0.006824
v 0.092899 0.409062 -0.015962
v 0.091525 0.449956 0.014883
v 0.084548 0.411405 -0.029066
v 0.080013 0.468738 0.025110
v 0.101460 0.430782 0.001234
v 0.094524 0.461621 -0.041825
v 0.095604 0.448450 -0.044306
v 0.097656 0.449896 -0.047318
v 0.102818 0.436372 -0.059188
v 0.086443 0.462015 -0.022911
v 0.092639 0.469477 -0.037302
v 0.078900 0.467772 -0.008102
v 0.096832 0.470844 -0.044125
v 0.099832 0.471025 -0.056024
v 0.096853 0.451595 -0.058784
v 0.079859 0.443913 -0.028825
v 0.090828 0.429734 -0.049427
v 0.104305 0.416414 -0.064455
v 0.096810 0.410071 -0.056526
v 0.084908 0.410822 -0.037113
v 0.084190 0.439138 -0.039864
v 0.108366 0.418253 -0.068134
v 0.084127 0.397462 -0.049075
v 0.079624 0.394458 -0.039975
v 0.083120 0.425241 -0.030499
v 0.104541 0.433213 -0.067445
v 0.107352 0.416041 -0.071866
v 0.094566 0.474658 -0.052644
v -0.100179 0.392337 0.023580
v -0.099887 0.389439 0.013849
v -0.104006 0.385337 0.017567
v -0.099670 0.396532 0.023015
v -0.110791 0.383897 0.007484
v -0.059324 0.422830 -0.013845
v -0.071546 0.420522 -0.007126
v -0.056739 0.426028 -0.009618
v -0.068060 0.424113 -0.000721
v -0.076027 0.419956 -0.002214
v -0.072682 0.423923 0.007064
v -0.065890 0.428469 0.016551
v -0.057081 0.432374 0.001031
v -0.052672 0.439345 0.008462
v -0.053562 0.446181 0.022167
v -0.043512 0.451859 0.016375
v -0.038716 0.461423 0.028078
v -0.034417 0.462841 0.020434
v -0.030268 0.469954 0.036314
v -0.065127 0.435816 0.025964
v -0.017381 0.480687 0.023936
v -0.045240 0.446608 0.001197
v -0.054224 0.427085 -0.014013
v -0.041398 0.440916 -0.016218
v -0.050929 0.427119 -0.020964
v -0.030793 0.442693 -0.032558
v -0.072963 0.423961 0.026157
v -0.042407 0.428975 -0.030952
v -0.040870 0.430066 -0.038160
v -0.035823 0.434667 -0.041963
v -0.033504 0.453819 -0.018293
v -0.032204 0.467781 0.007886
v -0.023101 0.477305 0.009964
v -0.025742 0.469087 -0.014763
v -0.016620 0.481828 0.001383
v -0.059795 0.453016 0.034075
v -0.008712 0.486654 0.009629
v -0.047805 0.464133 0.037930
v -0.019877 0.476695 0.037652
v -0.045945 0.429231 -0.050923
v -0.031945 0.478942 0.046503
v -0.071886 0.439820 0.032320
v -0.065991 0.457034 0.039877
v -0.043154 0.474610 0.044598
v -0.052825 0.465381 0.048670
v -0.070032 0.452776 0.037540
v -0.012316 0.489733 -0.002946
v -0.019380 0.482091 -0.009380
v -0.065111 0.445277 0.048100
v -0.077972 0.436515 0.042369
v -0.068798 0.409449 -0.004844
v -0.084103 0.439330 0.035742
v -0.096539 0.424033 0.037731
v -0.103189 0.425760 0.032190
v -0.114289 0.418155 0.031568
v 0.080661 0.453110 -0.058821
v 0.072768 0.447292 -0.062038
v 0.083587 0.451484 -0.066145
v -0.032411 0.239299 -0.092707
v -0.040520 0.236585 -0.077950
v -0.045621 0.236799 -0.078038
v -0.053495 0.241315 -0.068374
v -0.032163 0.235875 -0.089178
v -0.028443 0.243848 -0.100088
v -0.047311 0.214799 -0.069817
v -0.047363 0.425537 -0.050781
v -0.045161 0.423941 -0.046503
v -0.045945 0.429231 -0.050923
v -0.040870 0.430066 -0.038160
v -0.040957 0.424348 -0.038897
v -0.046600 0.423340 -0.050964
v -0.042407 0.428975 -0.030952
v -0.046631 0.425293 -0.052673
v -0.048340 0.423828 -0.052490
v 0.145622 0.181081 0.173587
v 0.157536 0.179382 0.166573
v 0.156200 0.181941 0.173248
v 0.135970 0.179267 0.165506
v 0.131080 0.183887 0.170954
v 0.166528 0.187056 0.168292
v 0.172302 0.191651 0.163549
v 0.170355 0.187516 0.159852
v -0.085570 0.358400 0.036470
v -0.080033 0.374445 0.037298
v -0.086886 0.356147 0.031915
v 0.051543 0.098892 -0.053944
v 0.044121 0.102119 -0.051552
v 0.056237 0.095295 -0.046649
v 0.047057 0.098428 -0.061525
v 0.060922 0.097983 -0.031363
v 0.026682 0.103012 -0.068245
v 0.029584 0.098452 -0.078281
v 0.009277 0.101884 -0.080566
v 0.005059 0.097636 -0.091161
v 0.125285 0.252515 0.004525
v 0.129038 0.243463 0.005832
v 0.127141 0.236884 0.012631
v 0.021298 0.032549 0.038585
v 0.033208 0.033059 0.035307
v 0.023415 0.036464 0.042504
v -0.103273 0.185022 -0.150727
v -0.103337 0.176627 -0.142548
v -0.100553 0.173538 -0.145214
v -0.102263 0.180077 -0.154235
v -0.103184 0.189563 -0.159271
v -0.108503 0.199176 -0.159005
v -0.109561 0.198663 -0.166184
v -0.116845 0.207582 -0.161419
v -0.105519 0.167721 -0.140762
v 0.005971 0.394244 -0.068868
v 0.002659 0.390608 -0.064332
v 0.006740 0.390468 -0.079384
v 0.000444 0.384026 -0.080619
v -0.001185 0.378703 -0.064161
v -0.003601 0.376350 -0.083669
v -0.006931 0.363549 -0.078654
v -0.005892 0.362880 -0.059815
v -0.001597 0.371341 -0.058477
v -0.001301 0.389160 -0.084691
v 0.006016 0.395173 -0.082115
v 0.079197 0.486976 -0.039857
v 0.084959 0.489260 -0.042817
v 0.082247 0.485342 -0.031882
v 0.074727 0.488250 -0.031989
v 0.080398 0.493039 -0.033890
v 0.079197 0.486976 -0.039857
v 0.074727 0.488250 -0.031989
v 0.084959 0.489260 -0.042817
v 0.071315 0.489330 -0.021711
v 0.069976 0.484100 -0.033251
v 0.060817 0.490299 -0.020933
v -0.115385 -0.398698 -0.226717
v -0.102881 -0.394909 -0.229311
v -0.112815 -0.399136 -0.222680
v -0.123620 -0.390398 -0.219438
v -0.059137 0.375721 -0.034208
v -0.057720 0.374302 -0.031324
v -0.077846 0.376835 -0.033996
v -0.120010 0.195482 0.067844
v -0.125808 0.190757 0.068316
v -0.113432 0.192138 0.068464
v -0.106510 0.197613 0.068744
v -0.092659 0.189285 0.067450
v -0.098818 0.186136 0.072332
v -0.090970 0.177748 0.068588
v -0.109256 0.174020 0.076681
v -0.108812 0.188581 0.074888
v -0.122641 0.178570 0.075342
v -0.093383 0.199689 0.058820
v -0.119188 0.173055 0.072009
v -0.109592 0.160765 0.070979
v -0.119358 0.157749 0.069359
v -0.108945 0.153416 0.066013
v -0.098632 0.160670 0.066793
v 0.044078 0.371077 -0.069737
v 0.049131 0.364986 -0.072985
v 0.048428 0.364877 -0.065540
v 0.028611 0.375584 -0.062871
v 0.034201 0.369714 -0.068557
v 0.043125 0.373858 -0.062114
v 0.019954 0.367473 -0.071485
v 0.021018 0.379722 -0.062894
v 0.028745 0.363521 -0.072481
v 0.036987 0.366599 -0.071986
v 0.015170 0.380877 -0.066773
v 0.046821 0.372753 -0.056959
v 0.053637 0.367006 -0.066217
v 0.046973 0.372559 -0.052463
v 0.027741 0.373589 -0.059422
v 0.030096 0.365543 -0.082329
v -0.056739 0.426028 -0.009618
v -0.053707 0.416424 -0.008850
v -0.059324 0.422830 -0.013845
v -0.069808 0.385587 0.032274
v -0.072475 0.379342 0.035007
v -0.070873 0.380768 0.040675
v -0.068185 0.390235 0.035215
v -0.058500 0.397765 0.048744
v -0.080033 0.374445 0.037298
v 0.058794 0.456383 -0.081954
v 0.056817 0.451611 -0.081556
v 0.050531 0.456776 -0.074300
v 0.065933 0.444143 -0.096257
v 0.063049 0.442358 -0.090621
v 0.066307 0.437439 -0.094705
v 0.069543 0.432803 -0.107101
v 0.108422 0.372732 -0.021833
v 0.112526 0.373201 -0.018731
v 0.111548 0.370177 -0.010000
v 0.121313 0.377338 -0.024678
v 0.113272 0.375143 -0.026253
v 0.113516 0.375810 -0.012650
v 0.058911 0.394668 -0.079294
v 0.064021 0.393014 -0.081456
v 0.055596 0.388510 -0.071740
v 0.072901 0.396497 -0.089037
v 0.074599 0.393156 -0.085031
v 0.080501 0.392119 -0.094826
v 0.031134 0.441781 -0.075618
v 0.026532 0.430544 -0.076804
v 0.023176 0.428735 -0.079547
v 0.021767 0.415545 -0.083711
v 0.031550 0.436149 -0.076275
v 0.077968 0.394269 -0.046290
v 0.084127 0.397462 -0.049075
v 0.079624 0.394458 -0.039975
v 0.066257 0.386837 -0.045946
v 0.066424 0.387660 -0.048769
v 0.056674 0.377947 -0.047366
v 0.052105 0.380468 -0.055413
v 0.048612 0.377773 -0.053235
v 0.051481 0.379370 -0.063169
v 0.075003 0.384325 -0.036798
v 0.082039 0.386230 -0.032078
v 0.083002 0.380409 -0.021427
v 0.069306 0.372706 -0.035508
v 0.052757 0.361406 -0.043129
v 0.046973 0.372559 -0.052463
v 0.077937 0.363526 -0.018749
v 0.039458 0.362458 -0.049777
v 0.027741 0.373589 -0.059422
v 0.014874 0.358750 -0.054572
v 0.064136 0.358339 -0.035370
v 0.074813 0.355123 -0.020381
v 0.052721 0.389511 -0.055901
v 0.057521 0.400121 -0.056605
v 0.069672 0.402103 -0.048907
v 0.068159 0.412278 -0.052909
v 0.073964 0.428684 -0.049081
v 0.077115 0.422099 -0.044170
v 0.080999 0.444757 -0.048774
v 0.083168 0.360443 -0.016802
v 0.077859 0.353018 -0.014964
v 0.087632 0.399899 -0.026876
v 0.021018 0.379722 -0.062894
v 0.088812 0.383986 -0.029040
v 0.098239 0.388748 -0.024865
v 0.075792 0.442517 -0.049348
v 0.080661 0.453110 -0.058821
v 0.072768 0.447292 -0.062038
v 0.084548 0.411405 -0.029066
v 0.092899 0.409062 -0.015962
v -0.001597 0.371341 -0.058477
v 0.006821 0.381022 -0.062565
v -0.001185 0.378703 -0.064161
v 0.002659 0.390608 -0.064332
v -0.002168 0.353450 -0.054542
v -0.005892 0.362880 -0.059815
v 0.090224 0.375592 -0.021702
v 0.012623 0.392163 -0.068294
v 0.099008 0.396425 -0.015155
v 0.099534 0.404193 -0.010795
v 0.097044 0.416797 -0.007496
v 0.112856 0.406299 -0.009412
v 0.103163 0.387229 -0.015412
v 0.091733 0.427778 -0.006824
v 0.107173 0.417233 -0.004637
v 0.101460 0.430782 0.001234
v 0.089553 0.438923 -0.000554
v 0.034767 0.345596 -0.058205
v 0.059924 0.345662 -0.050164
v 0.053540 0.336884 -0.046676
v 0.032734 0.337119 -0.054749
v 0.014757 0.342099 -0.061480
v 0.008040 0.336867 -0.063633
v 0.075184 0.341438 -0.039504
v 0.061863 0.357418 -0.041778
v 0.065946 0.335897 -0.038988
v -0.004972 0.344753 -0.060734
v 0.072887 0.333791 -0.032361
v 0.072437 0.328993 -0.029792
v 0.077667 0.326213 -0.018044
v 0.073043 0.354357 -0.030443
v 0.111794 0.398227 -0.014435
v 0.119161 0.385513 -0.020255
v 0.113272 0.375143 -0.026253
v 0.121313 0.377338 -0.024678
v 0.085962 0.341289 -0.021432
v 0.091667 0.333102 -0.023525
v 0.082240 0.451401 -0.048279
v 0.109152 0.372605 -0.034086
v 0.094597 0.381466 -0.032280
v 0.102726 0.370726 -0.035412
v 0.111907 0.365676 -0.037484
v 0.079861 0.458111 -0.045779
v 0.111548 0.370177 -0.010000
v 0.117486 0.369031 -0.004919
v 0.116647 0.363652 -0.007191
v 0.113516 0.375810 -0.012650
v -0.088297 0.173506 0.051702
v -0.091956 0.162940 0.057529
v -0.092009 0.164451 0.052883
v -0.099958 0.152896 0.056460
v -0.099716 0.158193 0.046080
v -0.103130 0.172122 0.044663
v -0.108043 0.164352 0.046820
v -0.109775 0.154042 0.050143
v -0.074050 0.391717 -0.000134
v -0.086313 0.382970 -0.005235
v -0.083325 0.383731 -0.001957
v -0.096915 0.379618 -0.003615
v -0.102294 0.370537 -0.009792
v -0.075724 0.381851 -0.007100
v -0.060678 0.388100 -0.007420
v -0.063551 0.400940 0.001091
v -0.088341 0.365051 -0.011096
v -0.059255 0.366352 -0.007608
v -0.087423 0.343856 -0.011395
v -0.085417 0.343370 -0.009629
v -0.095800 0.341155 -0.008782
v -0.068594 0.351524 -0.009350
v 0.107352 0.416041 -0.071866
v 0.104305 0.416414 -0.064455
v 0.097493 0.416932 -0.061224
v 0.067833 0.284849 0.234361
v 0.069277 0.286587 0.222052
v 0.069458 0.282791 0.227430
v 0.074606 0.292350 0.200488
v 0.102472 0.284569 0.194914
v 0.096335 0.280471 0.200739
v 0.105665 0.271302 0.201547
v 0.082067 0.297350 0.195722
v 0.112024 0.277968 0.196432
v 0.065138 0.299019 0.203060
v 0.069847 0.287364 0.213896
v 0.059354 0.294308 0.215886
v 0.098400 0.271042 0.214389
v 0.086213 0.286586 0.208647
v 0.104330 0.261669 0.213629
v 0.097967 0.262079 0.228255
v 0.113451 0.253552 0.222402
v 0.081031 0.283859 0.234975
v 0.081935 0.293703 0.216161
v 0.080105 0.287999 0.229163
v 0.062161 0.290096 0.229020
v 0.096549 0.262142 0.235427
v 0.077391 0.270791 0.242653
v 0.092177 0.264111 0.242233
v 0.071485 0.284208 0.236334
v 0.077780 0.281028 0.240417
v 0.066139 0.284538 0.240789
v 0.070548 0.276759 0.245178
v 0.017438 0.285332 -0.107831
v 0.014832 0.279516 -0.113497
v 0.010683 0.276264 -0.112761
v -0.059137 0.375721 -0.034208
v -0.063791 0.373157 -0.036353
v -0.057720 0.374302 -0.031324
v -0.092143 0.416678 0.029994
v -0.091509 0.416350 0.032064
v -0.100373 0.415615 0.027900
v -0.114289 0.418155 0.031568
v -0.096539 0.424033 0.037731
v -0.083053 0.425317 0.039504
v -0.064390 0.416060 0.043530
v -0.077972 0.436515 0.042369
v -0.065844 0.434735 0.043928
v -0.065111 0.445277 0.048100
v -0.054059 0.438408 0.049462
v -0.046034 0.457379 0.059315
v -0.043545 0.444486 0.056103
v -0.036430 0.448082 0.061871
v -0.030536 0.463156 0.066101
v -0.022432 0.454086 0.074258
v -0.021624 0.463193 0.073535
v 0.084808 0.300718 0.252655
v 0.083801 0.305420 0.250488
v 0.083679 0.305420 0.250488
v 0.084839 0.306885 0.249390
v 0.092559 0.312611 0.244490
v 0.081870 0.310307 0.245615
v 0.084474 0.315094 0.238694
v 0.093199 0.301680 0.256213
v 0.100784 0.312701 0.244989
v 0.097307 0.320257 0.228952
v 0.082362 0.318640 0.227038
v 0.092753 0.321482 0.219261
v 0.103037 0.298503 0.251379
v 0.083740 0.305420 0.250488
v 0.075776 0.302810 0.246685
v 0.083679 0.305420 0.250488
v -0.074441 0.001520 -0.131565
v -0.068820 -0.006106 -0.119475
v -0.074894 -0.026329 -0.131153
v -0.070058 -0.030218 -0.118083
v -0.079955 -0.008524 -0.134947
v -0.078131 -0.039276 -0.115921
v -0.085504 -0.034439 -0.125880
v -0.088752 -0.044744 -0.121942
v -0.082896 -0.051819 -0.113620
v -0.087938 -0.064705 -0.111696
v -0.098647 -0.059125 -0.120627
v -0.103207 -0.078692 -0.114867
v -0.101726 -0.090347 -0.106207
v -0.107988 -0.088169 -0.113615
v -0.032805 0.054529 -0.128763
v -0.029207 0.064435 -0.116310
v -0.031114 0.042297 -0.121148
v -0.030965 0.075198 -0.123253
v -0.035457 0.043443 -0.134585
v -0.027155 0.074729 -0.112142
v -0.029981 0.093767 -0.120082
v -0.026111 0.092206 -0.110808
v -0.028339 0.115325 -0.112627
v -0.025861 0.113807 -0.105924
v 0.077823 0.466785 -0.029017
v 0.079861 0.458111 -0.045779
v 0.073098 0.471525 -0.043408
v 0.073640 0.473696 -0.024480
v -0.107226 -0.416628 -0.190935
v -0.114378 -0.416409 -0.199146
v -0.108266 -0.435817 -0.181103
v 0.086301 0.331564 -0.011023
v 0.081218 0.321082 0.000607
v 0.077667 0.326213 -0.018044
v 0.091667 0.333102 -0.023525
v -0.064394 0.401796 0.015115
v -0.063551 0.400940 0.001091
v -0.074050 0.391717 -0.000134
v 0.179844 0.178470 0.088810
v 0.189614 0.186641 0.088337
v 0.181282 0.170288 0.084432
v 0.070870 0.383661 0.060901
v 0.070727 0.375280 0.069012
v 0.066106 0.374850 0.064485
v 0.105079 -0.401140 0.110809
v 0.106440 -0.411371 0.110733
v 0.112601 -0.415247 0.112073
v 0.034856 0.329155 0.072639
v 0.033407 0.347476 0.083592
v 0.034178 0.337786 0.074720
v 0.074727 0.488250 -0.031989
v 0.082247 0.485342 -0.031882
v 0.069976 0.484100 -0.033251
v 0.052078 0.455952 -0.079140
v 0.058794 0.456383 -0.081954
v 0.050531 0.456776 -0.074300
v 0.076777 0.432539 -0.113144
v 0.077453 0.432635 -0.108980
v 0.076491 0.426782 -0.114816
v 0.081655 0.394230 0.050681
v 0.083575 0.381714 0.045142
v 0.086236 0.376752 0.039397
v 0.074129 0.395062 0.057631
v 0.087216 0.391271 0.037684
v 0.086661 0.418387 0.036286
v 0.088287 0.391387 0.031706
v 0.091318 0.409702 0.025799
v 0.094533 0.377495 0.031755
v 0.095721 0.426849 0.030434
v 0.098924 0.415379 0.019851
v 0.089293 0.436035 0.041270
v 0.093064 0.390053 0.020102
v 0.079168 0.431477 0.061391
v 0.092667 0.430648 0.020369
v 0.098921 0.413746 0.008344
v 0.101460 0.430782 0.001234
v 0.107173 0.417233 -0.004637
v 0.104807 0.392135 -0.001548
v 0.112856 0.406299 -0.009412
v 0.119161 0.385513 -0.020255
v 0.097413 0.366856 0.032206
v 0.088989 0.381379 0.026521
v 0.091525 0.449956 0.014883
v 0.121313 0.377338 -0.024678
v 0.113516 0.375810 -0.012650
v 0.110252 0.379989 0.004781
v 0.117486 0.369031 -0.004919
v 0.111646 0.369260 0.003169
v 0.116647 0.363652 -0.007191
v 0.075651 0.419641 0.063426
v 0.100301 0.398157 0.011163
v 0.085601 0.444200 0.036874
v 0.108687 0.376208 0.007335
v 0.081887 0.427533 0.050025
v 0.073164 0.412938 0.074319
v 0.070727 0.375280 0.069012
v 0.070870 0.383661 0.060901
v 0.069109 0.386332 0.077653
v 0.063638 0.413092 0.095560
v 0.065715 0.425107 0.087414
v 0.049704 0.436101 0.102320
v 0.050040 0.424484 0.104752
v 0.034783 0.428078 0.111143
v 0.030994 0.452034 0.102602
v 0.068108 0.429492 0.083436
v 0.040746 0.450045 0.098812
v 0.076371 0.447823 0.058026
v 0.070437 0.438180 0.070881
v 0.062620 0.458087 0.067768
v 0.070172 0.460091 0.053688
v 0.065309 0.468007 0.053128
v 0.051242 0.469096 0.064515
v 0.059794 0.479822 0.046147
v 0.071916 0.479264 0.029535
v 0.063511 0.485511 0.034774
v 0.048480 0.459713 0.084338
v 0.101739 0.384108 0.012587
v 0.078251 0.460855 0.040387
v 0.064926 0.444392 0.075382
v 0.097661 0.364401 0.028446
v 0.095406 0.382576 0.011012
v 0.059937 0.443890 0.084938
v 0.080013 0.468738 0.025110
v 0.091619 0.377514 0.019909
v 0.080110 0.444421 0.050664
v 0.059937 0.443890 0.084938
v 0.048480 0.459713 0.084338
v 0.040746 0.450045 0.098812
v 0.088449 0.384859 0.013559
v 0.095406 0.382576 0.011012
v 0.101739 0.384108 0.012587
v 0.093064 0.390053 0.020102
v 0.032607 0.114853 0.023146
v 0.031252 0.094771 0.032325
v 0.050638 0.098056 0.013201
v 0.022023 0.109293 0.030364
v 0.029082 0.126696 0.029473
v 0.043974 0.122586 0.010482
v 0.037596 0.090572 0.030525
v 0.013185 0.095082 0.036551
v 0.052404 0.120708 -0.000123
v 0.052044 0.138636 0.002741
v 0.038085 0.139840 0.026375
v 0.032093 0.139615 0.034366
v 0.022683 0.137781 0.041776
v 0.052504 0.099213 0.008693
v 0.058216 0.088257 0.013646
v 0.048531 0.068323 0.026618
v 0.035318 0.073137 0.034965
v 0.029973 0.061642 0.037552
v 0.039623 0.046275 0.034908
v 0.023415 0.036464 0.042504
v 0.033208 0.033059 0.035307
v 0.016931 0.060559 0.041849
v 0.024128 0.064928 0.042929
v 0.014482 0.065131 0.049077
v 0.009677 0.088539 0.048284
v 0.057860 0.076825 0.018993
v 0.016830 0.046548 0.042919
v 0.055839 0.061746 0.021514
v 0.051554 0.039524 0.026180
v 0.012994 0.112269 0.035727
v 0.063588 0.090959 0.006683
v 0.030189 0.089145 0.037984
v 0.060240 0.135554 -0.012666
v 0.046043 0.142860 0.016197
v 0.062290 0.126567 -0.016687
v 0.067029 0.113878 -0.016148
v 0.054742 0.044455 0.025475
v 0.062634 0.037882 0.025853
v 0.045414 0.030363 0.035686
v 0.068891 0.031323 0.031083
v 0.080676 0.016465 0.052894
v 0.064896 0.040758 0.021221
v 0.011711 0.135604 0.047292
v 0.003326 0.114314 0.040817
v 0.003756 0.094617 0.036866
v 0.031758 0.021975 0.047003
v 0.058583 0.012492 0.060257
v 0.045030 -0.003149 0.077052
v 0.065043 0.002337 0.071117
v 0.041898 -0.020236 0.091419
v 0.070061 -0.014946 0.080917
v 0.080843 0.000541 0.069104
v 0.061091 -0.035872 0.095728
v 0.079492 -0.051729 0.097959
v 0.050645 -0.057401 0.111086
v 0.082368 -0.074085 0.108804
v 0.055769 -0.081392 0.121699
v 0.069285 -0.108461 0.128101
v 0.061461 -0.109684 0.132316
v 0.063075 -0.112372 0.135161
v 0.046361 -0.036875 0.100731
v 0.079414 0.009495 0.061913
v 0.088027 0.015357 0.059286
v 0.088703 0.006845 0.071407
v 0.090648 -0.013069 0.076477
v 0.082884 -0.012394 0.072432
v 0.086311 -0.038770 0.084390
v 0.098337 -0.025525 0.083862
v 0.100749 -0.038423 0.092778
v 0.094841 -0.053452 0.097662
v 0.105484 -0.059420 0.105786
v 0.102988 -0.073118 0.113316
v 0.065942 0.097021 -0.010363
v 0.021836 0.091130 0.041018
v 0.069612 0.100154 -0.016386
v 0.071456 0.097539 -0.011260
v 0.013185 0.095082 0.036551
v 0.009677 0.088539 0.048284
v 0.021836 0.091130 0.041018
v 0.003756 0.094617 0.036866
v 0.065942 0.097021 -0.010363
v 0.052504 0.099213 0.008693
v 0.050638 0.098056 0.013201
v 0.094841 -0.053452 0.097662
v 0.092341 -0.072759 0.107498
v 0.102988 -0.073118 0.113316
v 0.099570 -0.078025 0.112540
v 0.088778 -0.077222 0.105842
v 0.086311 -0.038770 0.084390
v -0.025861 0.113807 -0.105924
v -0.037918 0.113761 -0.093411
v -0.037080 0.112903 -0.089328
v -0.022109 0.111838 -0.103102
v -0.019587 0.114432 -0.096746
v -0.009529 0.111352 -0.101455
v -0.015315 0.111928 -0.121526
v -0.002863 0.110817 -0.124136
v 0.003060 0.107648 -0.110174
v 0.003751 0.106653 -0.119418
v -0.045590 0.109571 -0.094204
v -0.033859 0.119943 -0.100189
v -0.033737 0.126253 -0.113379
v -0.003835 0.107683 -0.101609
v -0.028339 0.115325 -0.112627
v -0.044767 0.108805 -0.088899
v -0.048383 0.106238 -0.078531
v -0.053803 0.111575 -0.090570
v -0.075060 0.108972 -0.066590
v -0.075586 0.109649 -0.089933
v -0.080930 0.107519 -0.073591
v -0.064382 0.107805 -0.065241
v -0.052919 0.103633 -0.070597
v -0.022109 0.111838 -0.103102
v -0.022728 0.108795 -0.106890
v -0.025861 0.113807 -0.105924
v 0.012623 0.392163 -0.068294
v 0.006740 0.390468 -0.079384
v 0.017463 0.384866 -0.075441
v 0.015797 0.392992 -0.097604
v 0.015170 0.380877 -0.066773
v 0.005971 0.394244 -0.068868
v 0.006821 0.381022 -0.062565
v 0.022894 0.377277 -0.073556
v 0.006016 0.395173 -0.082115
v 0.019954 0.367473 -0.071485
v 0.030096 0.365543 -0.082329
v 0.028745 0.363521 -0.072481
v 0.002659 0.390608 -0.064332
v 0.018728 0.386316 -0.077204
v 0.006821 0.381022 -0.062565
v 0.015170 0.380877 -0.066773
v 0.021018 0.379722 -0.062894
v -0.099670 0.396532 0.023015
v -0.100179 0.392337 0.023580
v -0.108986 0.399500 0.025401
v -0.105632 0.404589 0.022599
v -0.107723 0.406402 0.024181
v -0.086519 0.398808 0.026464
v -0.084182 0.390981 0.021955
v -0.071589 0.396540 0.022968
v -0.066064 0.415430 0.026313
v -0.064394 0.401796 0.015115
v -0.062011 0.386815 0.013825
v -0.060507 0.417457 0.016402
v -0.065890 0.428469 0.016551
v -0.072963 0.423961 0.026157
v -0.071225 0.386597 0.020861
v -0.092143 0.416678 0.029994
v -0.090404 0.386833 0.018998
v -0.091609 0.382305 0.020249
v -0.073892 0.377285 0.023520
v -0.099887 0.389439 0.013849
v -0.100469 0.380525 0.007149
v -0.110791 0.383897 0.007484
v -0.111340 0.378582 0.007496
v -0.082331 0.426525 0.030157
v -0.102134 0.422111 0.028961
v -0.103189 0.425760 0.032190
v -0.114289 0.418155 0.031568
v -0.087907 0.434914 0.032565
v -0.084103 0.439330 0.035742
v -0.071886 0.439820 0.032320
v -0.070032 0.452776 0.037540
v -0.100373 0.415615 0.027900
v -0.099670 0.396532 0.023015
v -0.084182 0.390981 0.021955
v -0.099887 0.389439 0.013849
v -0.107723 0.406402 0.024181
v -0.091509 0.416350 0.032064
v -0.092143 0.416678 0.029994
v -0.108986 0.399500 0.025401
v -0.092804 0.406309 0.036608
v -0.064390 0.416060 0.043530
v -0.070751 0.405048 0.043793
v -0.057175 0.416844 0.055053
v -0.045550 0.428996 0.065164
v -0.048766 0.416516 0.063139
v -0.058500 0.397765 0.048744
v -0.043545 0.444486 0.056103
v -0.036430 0.448082 0.061871
v -0.028042 0.436186 0.080819
v -0.044772 0.411713 0.072112
v -0.031550 0.441822 0.074582
v -0.032225 0.424944 0.081131
v -0.015095 0.432560 0.088461
v -0.028039 0.418866 0.082441
v -0.011189 0.447369 0.089761
v -0.036911 0.402647 0.071430
v -0.087211 0.397068 0.032419
v -0.000728 0.442770 0.091972
v 0.004077 0.460429 0.092070
v 0.010291 0.453415 0.095571
v -0.006318 0.466016 0.080824
v -0.022432 0.454086 0.074258
v -0.100179 0.392337 0.023580
v -0.095073 0.383339 0.022175
v -0.104006 0.385337 0.017567
v -0.111340 0.378582 0.007496
v -0.091609 0.382305 0.020249
v -0.110791 0.383897 0.007484
v -0.081526 0.388545 0.028561
v -0.050554 0.403281 0.064110
v -0.054395 0.392623 0.054567
v -0.054680 0.381554 0.049632
v -0.061544 0.383443 0.044376
v -0.062418 0.371668 0.040030
v -0.051046 0.368884 0.037295
v -0.041968 0.382182 0.056817
v -0.044999 0.368185 0.044866
v -0.044917 0.359879 0.033861
v -0.047897 0.358077 0.028845
v -0.045895 0.340275 0.019125
v -0.049858 0.343402 0.021196
v -0.058688 0.344893 0.022695
v -0.070873 0.380768 0.040675
v -0.059705 0.369521 0.035373
v -0.060997 0.356375 0.025783
v -0.085570 0.358400 0.036470
v -0.080033 0.374445 0.037298
v -0.021624 0.463193 0.073535
v -0.044889 0.388447 0.056327
v -0.058500 0.397765 0.048744
v -0.070751 0.405048 0.043793
v -0.068185 0.390235 0.035215
v -0.087211 0.397068 0.032419
v -0.081526 0.388545 0.028561
v -0.069808 0.385587 0.032274
v -0.091609 0.382305 0.020249
v -0.073892 0.377285 0.023520
v -0.036911 0.402647 0.071430
v -0.044889 0.388447 0.056327
v -0.041968 0.382182 0.056817
v 0.084778 0.491455 -0.040894
v 0.080398 0.493039 -0.033890
v 0.084959 0.489260 -0.042817
v -0.014874 0.387036 -0.069498
v -0.016186 0.381581 -0.068073
v -0.016028 0.381434 -0.081940
v -0.083345 0.341080 0.024609
v -0.068288 0.346850 0.023777
v -0.072974 0.355642 0.027718
v -0.083600 0.353154 0.030526
v -0.058688 0.344893 0.022695
v -0.060997 0.356375 0.025783
v -0.083343 0.350012 0.024691
v -0.060997 0.356375 0.025783
v -0.068288 0.346850 0.023777
v -0.058688 0.344893 0.022695
v -0.083146 0.341016 0.020716
v -0.072974 0.355642 0.027718
v -0.083600 0.353154 0.030526
v -0.083345 0.341080 0.024609
v -0.083343 0.350012 0.024691
v -0.083146 0.341016 0.020716
v -0.083600 0.353154 0.030526
v -0.083146 0.341016 0.020716
v -0.068288 0.346850 0.023777
v -0.083345 0.341080 0.024609
v -0.080009 0.382961 -0.031149
v -0.077396 0.383578 -0.033412
v -0.077846 0.376835 -0.033996
v -0.086886 0.356147 0.031915
v -0.083343 0.350012 0.024691
v -0.083600 0.353154 0.030526
f 1 2 1
f 3 4 4
f 4 1 4
f 1 4 1
f 2168 2169 2167
f 2167 2165 2168
f 2038 2041 2040
f 4870 4868 4863
f 4870 4871 4868
f 1614 1618 1615
f 3805 3806 3807
f 3807 3810 3808
f 3807 3808 3805
f 5 6 7
f 6 8 7
f 3368 3397 3398
f 3368 3389 3397
f 3389 3385 3394
f 3403 3398 3404
f 3398 3399 3368
f 3398 3397 3404
f 3362 3385 3368
f 4711 4714 4708
f 3362 3364 3385
f 3368 3385 3389
f 3364 3386 3388
f 3364 3388 3385
f 3388 3394 3385
f 4714 4715 4708
f 3339 3362 3368
f 3339 3368 3399
f 4709 4711 4707
f 3362 3360 3364
f 4711 4708 4707
f 3360 3386 3364
f 4710 4702 4708
f 4708 4715 4710
f 3386 3396 3388
f 4717 4716 4715
f 4715 4716 4710
f 3388 3396 3422
f 3881 3891 3880
f 4709 4707 4696
f 3343 3362 3339
f 3343 3360 3362
f 4716 4713 4710
f 3343 3342 3360
f 3359 3360 3346
f 3360 3359 3387
f 3360 3387 3386
f 3359 3365 3387
f 3359 3358 3365
f 3387 3365 3390
f 3387 3390 3386
f 3390 3396 3386
f 3422 3396 3421
f 3365 3358 3411
f 3358 3410 3411
f 3365 3411 3390
f 3876 3877 3871
f 3901 3878 3877
f 3337 3340 3343
f 3340 3341 3342
f 3343 3340 3342
f 3342 3346 3360
f 3346 3358 3359
f 3346 3348 3358
f 4713 4712 4710
f 3396 3419 3421
f 3623 3621 3622
f 3411 3410 3412
f 3335 3336 3338
f 3342 3341 3344
f 3342 3344 3346
f 3346 3344 3347
f 3346 3347 3348
f 3348 3354 3358
f 3390 3418 3396
f 3396 3418 3419
f 3390 3411 3418
f 3411 3412 3418
f 3410 3413 3412
f 3334 3337 3336
f 3869 3876 3871
f 3328 3337 3334
f 3340 3328 3341
f 3348 3347 3350
f 3623 3606 3621
f 3418 3420 3419
f 3354 3410 3358
f 2527 2529 2544
f 392 393 413
f 390 389 392
f 392 389 393
f 3330 3334 3332
f 3332 3334 3335
f 3888 3883 3869
f 3879 3870 3871
f 390 391 371
f 390 371 389
f 3330 3326 3328
f 3330 3328 3334
f 371 388 389
f 371 386 388
f 3348 3350 3354
f 377 378 376
f 4147 4142 4146
f 3623 3620 3606
f 4878 4873 4879
f 3354 3408 3410
f 3410 3408 3413
f 2543 2544 2550
f 2550 2544 2551
f 3897 3893 3875
f 2528 2527 2543
f 2543 2527 2544
f 412 392 413
f 3882 3888 3863
f 394 392 412
f 2527 2526 2529
f 3331 3329 3330
f 3331 3330 3332
f 394 390 392
f 369 390 394
f 3329 3326 3330
f 3879 3872 3870
f 369 370 390
f 390 370 391
f 3327 3328 3326
f 3328 3357 3341
f 371 372 386
f 372 387 386
f 372 375 387
f 373 374 372
f 372 374 375
f 3344 3349 3347
f 373 382 374
f 374 376 375
f 374 382 377
f 374 377 376
f 3606 3609 3621
f 3606 3620 3607
f 379 378 377
f 4142 4144 4146
f 379 383 378
f 3413 3408 3415
f 3415 3416 3413
f 2542 2543 2546
f 2542 2528 2543
f 3331 3332 3333
f 2528 2525 2527
f 415 394 412
f 2525 2526 2527
f 415 401 394
f 3863 3869 3857
f 401 369 394
f 2526 2533 2529
f 380 369 401
f 4413 4415 4414
f 3324 3326 3329
f 363 366 369
f 380 363 369
f 361 362 384
f 384 362 363
f 384 363 380
f 366 370 369
f 3324 3325 3326
f 3325 3327 3326
f 361 359 362
f 362 359 363
f 370 371 391
f 3327 3357 3328
f 370 366 371
f 366 372 371
f 373 372 366
f 3357 3345 3341
f 366 365 373
f 3341 3345 3344
f 2884 2882 2883
f 365 382 373
f 3347 3349 3366
f 3347 3351 3350
f 3606 3605 3609
f 3350 3352 3354
f 3354 3407 3408
f 2542 2546 2549
f 2542 2531 2528
f 3882 3863 3864
f 1835 1836 1837
f 2531 2525 2528
f 1834 1823 1832
f 1830 1825 1826
f 3869 3858 3857
f 1826 1831 1830
f 4415 4416 4414
f 404 361 384
f 3325 3400 3327
f 358 359 361
f 4267 4266 4268
f 3327 3400 3357
f 358 357 359
f 357 360 359
f 359 364 363
f 363 365 366
f 363 364 365
f 410 418 360
f 1272 1277 1288
f 411 416 410
f 365 368 382
f 368 405 382
f 3605 3610 3609
f 382 405 400
f 400 377 382
f 3350 3351 3352
f 400 383 377
f 383 379 377
f 3354 3352 3355
f 3355 3407 3354
f 383 406 378
f 3885 3884 3866
f 3884 3867 3866
f 3873 3882 3864
f 385 399 398
f 396 385 398
f 399 385 358
f 399 361 404
f 399 358 361
f 381 395 356
f 381 358 385
f 381 356 358
f 356 357 358
f 356 402 357
f 356 403 402
f 2101 2100 2099
f 360 364 359
f 364 419 367
f 411 417 416
f 364 367 365
f 367 368 365
f 4142 4143 4144
f 4143 4145 4144
f 2330 2333 2336
f 3417 3415 3408
f 383 408 406
f 2541 2531 2542
f 1839 1837 1840
f 2531 2532 2525
f 1834 1833 1823
f 2211 2213 2215
f 2532 2530 2525
f 2525 2530 2526
f 395 385 396
f 397 395 396
f 2530 2534 2526
f 395 381 385
f 2526 2534 2533
f 1894 1893 1892
f 395 403 356
f 4267 4265 4266
f 1285 1272 1290
f 1892 1919 1927
f 360 419 364
f 1089 1090 1088
f 1092 1088 1091
f 3366 3363 3347
f 3607 3608 3605
f 3351 3363 3353
f 3351 3353 3352
f 405 407 400
f 400 407 383
f 3415 3417 3416
f 3408 3414 3417
f 407 408 383
f 3407 3414 3408
f 2547 2541 2542
f 3865 3873 3864
f 2211 2215 2216
f 1833 1824 1823
f 2530 2535 2534
f 1289 1255 1296
f 1893 1890 1892
f 3325 3401 3400
f 1890 1891 1892
f 1892 1918 1919
f 2100 2096 2099
f 4068 4070 4069
f 418 419 360
f 4070 4073 4069
f 2099 2096 2098
f 416 418 410
f 419 421 367
f 3349 3367 3366
f 2881 2889 2890
f 405 368 422
f 3355 3409 3407
f 3409 3414 3407
f 408 409 406
f 409 414 406
f 3885 3886 3894
f 2217 2211 2216
f 2217 2212 2211
f 3127 3126 3128
f 1255 1291 1297
f 4415 4417 4416
f 1909 1889 1890
f 1887 1890 1889
f 4057 4067 4062
f 1890 1887 1891
f 1285 1271 1272
f 4062 4067 4069
f 4067 4068 4069
f 1891 1918 1892
f 1268 1267 1277
f 4071 4070 4068
f 416 417 418
f 3613 3619 3618
f 367 421 368
f 2890 2898 2899
f 422 423 405
f 405 423 407
f 2330 2331 2332
f 2330 2332 2333
f 2334 2331 2330
f 3352 3356 3355
f 3352 3353 3356
f 2335 2334 2330
f 407 409 408
f 3361 3409 3355
f 2540 2531 2541
f 2540 2536 2531
f 2531 2536 2532
f 3784 3783 3788
f 3129 3124 3127
f 2532 2535 2530
f 3126 3125 3128
f 1907 1895 1889
f 1907 1889 1908
f 2535 2539 2534
f 1908 1889 1909
f 1895 1888 1889
f 1291 1271 1285
f 4056 4067 4057
f 1896 1888 1895
f 1888 1887 1889
f 1271 1266 1272
f 4067 4060 4068
f 1272 1266 1268
f 4068 4060 4071
f 1888 1886 1887
f 1100 1107 1121
f 1121 1107 1122
f 1880 1887 1886
f 2096 2097 2098
f 1267 1287 1277
f 2881 2880 2889
f 421 422 368
f 3608 3614 3605
f 2899 2898 2897
f 3369 3370 3361
f 2337 2334 2335
f 1715 1707 1710
f 1715 1710 1712
f 1715 1712 1716
f 3370 3372 3361
f 3361 3372 3391
f 4100 4095 4097
f 3372 3392 3391
f 2540 2541 2548
f 3853 3864 3855
f 1833 1842 1824
f 3127 3124 3126
f 1912 1895 1907
f 3967 3968 3969
f 1286 1259 1256
f 1256 1255 1289
f 1913 1922 1897
f 1912 1897 1895
f 1255 1269 1291
f 4059 4064 4058
f 4265 4264 4266
f 1897 1896 1895
f 4056 4060 4067
f 4060 4072 4071
f 1117 1116 1121
f 1121 1116 1100
f 1107 1110 1122
f 1122 1110 1119
f 1119 1110 1112
f 961 949 892
f 2476 2478 2480
f 2480 2478 2481
f 892 890 889
f 1064 1020 1073
f 423 420 407
f 3369 3361 3356
f 2337 2338 2334
f 407 420 409
f 3371 3370 3369
f 2341 2338 2337
f 3371 3373 3372
f 3371 3372 3370
f 4095 4096 4097
f 3373 3384 3372
f 3372 3384 3392
f 1842 1846 1824
f 2532 2537 2535
f 3124 3125 3126
f 3967 3976 3968
f 1923 1922 1913
f 1269 1271 1291
f 1266 1267 1268
f 3203 3208 3209
f 3206 3203 3209
f 892 949 893
f 892 893 890
f 1876 1880 1886
f 2097 2102 2098
f 961 962 949
f 2479 2477 2476
f 2476 2477 2478
f 963 962 961
f 889 891 895
f 2880 2888 2889
f 1022 1020 1064
f 2898 2896 2897
f 2334 2339 2331
f 2896 2894 2897
f 3369 3405 3371
f 4095 4087 4094
f 4104 4087 4100
f 4100 4087 4095
f 2552 2540 2548
f 2540 2545 2536
f 2536 2538 2537
f 2536 2537 2532
f 3785 3786 3783
f 3990 3992 3987
f 3992 3989 3987
f 1255 1256 1257
f 4064 4061 4058
f 1269 1263 1271
f 1263 1265 1266
f 1271 1263 1266
f 1911 1875 1870
f 1266 1265 1267
f 1100 1116 1098
f 2479 2482 2477
f 1876 1879 1880
f 1019 1023 1024
f 891 896 895
f 895 896 897
f 897 900 901
f 2341 2340 2338
f 1707 1709 1710
f 3373 3382 3384
f 3384 3382 3393
f 4104 4101 4087
f 1331 1333 1334
f 1331 1332 1333
f 2540 2552 2545
f 1148 1145 1147
f 331 322 330
f 1145 1146 1147
f 1147 1128 1140
f 1127 1129 1137
f 1137 1129 1138
f 3987 3989 3985
f 3990 3993 3992
f 326 333 329
f 1129 1133 1138
f 1257 1269 1255
f 4263 4264 4265
f 1267 1265 1275
f 1070 1071 1041
f 1110 1111 1112
f 2104 2103 2097
f 893 949 894
f 1107 1106 1110
f 1107 1100 1106
f 2097 2103 2102
f 1877 1869 1876
f 1869 1874 1876
f 1876 1874 1879
f 1018 1043 1023
f 897 899 900
f 2896 2895 2894
f 901 900 902
f 3374 3371 3405
f 1707 1708 1709
f 1709 1711 1710
f 3374 3373 3371
f 1710 1711 1712
f 3378 3382 3373
f 3375 3378 3373
f 4087 4089 4094
f 1336 1331 1334
f 1331 1328 1332
f 5256 5263 5262
f 5258 5256 5262
f 4987 4989 4985
f 5257 5256 5258
f 332 330 321
f 2545 2538 2536
f 1144 1143 1145
f 1143 1146 1145
f 1128 1137 1140
f 322 325 323
f 1128 1127 1137
f 1270 1259 1292
f 1292 1259 1286
f 325 326 324
f 3124 3130 3125
f 937 942 943
f 3125 3130 3131
f 4066 4065 4064
f 3125 3131 3132
f 4064 4065 4061
f 3216 3218 3212
f 3204 3207 3205
f 1129 1132 1133
f 1868 1870 1875
f 1106 1111 1110
f 959 949 962
f 891 894 908
f 1868 1869 1870
f 1117 1095 1116
f 3374 3376 3375
f 3375 3376 3377
f 4089 4099 4094
f 4087 4088 4089
f 4087 4093 4088
f 1336 1329 1331
f 1328 1335 1332
f 4429 4421 4423
f 5078 5073 5081
f 1335 1323 1332
f 4554 4586 4553
f 5073 5052 5071
f 4554 4594 4586
f 4989 4986 4985
f 5263 5264 5265
f 4573 4572 4575
f 5264 5266 5265
f 5264 5271 5266
f 3267 3262 3266
f 3262 3261 3266
f 1144 1142 1143
f 1292 1284 1270
f 1125 1128 1146
f 1125 1127 1128
f 1125 1126 1127
f 1126 1129 1127
f 324 326 328
f 1259 1258 1256
f 1126 1130 1129
f 3131 3133 3132
f 1257 1261 1269
f 1269 1261 1263
f 3212 3215 3216
f 1131 1129 1130
f 271 269 270
f 1131 1132 1129
f 1910 1875 1911
f 1263 1262 1265
f 1910 1868 1875
f 1106 1114 1111
f 2104 2105 2103
f 5223 5224 5225
f 1098 1099 1100
f 1100 1099 1106
f 1868 1867 1869
f 1116 1095 1098
f 1118 1103 1115
f 2895 2902 2893
f 3377 3378 3375
f 3382 3395 3393
f 4093 4092 4088
f 4795 4791 4796
f 1329 1328 1331
f 1503 1505 1502
f 1328 1322 1335
f 1335 1322 1323
f 4548 4554 4553
f 1505 1509 1502
f 5078 5052 5073
f 1323 1322 1320
f 4429 4424 4421
f 1317 1320 1322
f 1317 1318 1320
f 1320 1318 1324
f 1568 1509 1505
f 5071 5049 5051
f 4573 4594 4554
f 4547 4573 4554
f 5255 5256 5257
f 5256 5264 5263
f 3890 3862 3896
f 3862 3860 3896
f 5295 5271 5264
f 4570 4571 4549
f 1142 1139 1143
f 1270 1264 1259
f 324 328 327
f 3990 3991 4011
f 1256 1258 1257
f 334 329 337
f 1261 1262 1263
f 1134 1131 1130
f 1069 1061 1071
f 1131 1149 1132
f 2105 2106 2103
f 1871 1868 1910
f 959 948 949
f 1871 1864 1868
f 1864 1867 1868
f 1117 1115 1095
f 1867 1874 1869
f 898 904 899
f 899 904 900
f 904 903 900
f 4636 4639 4638
f 3377 3379 3378
f 3379 3383 3378
f 3378 3383 3382
f 3382 3383 3395
f 4101 4092 4093
f 4101 4102 4092
f 4778 4791 4795
f 4548 4553 4525
f 1330 1327 1329
f 1327 1328 1329
f 1327 1326 1328
f 1328 1325 1322
f 5078 5034 5052
f 4548 4546 4547
f 4548 4547 4554
f 1322 1325 1317
f 4424 4425 4422
f 4424 4422 4421
f 4426 4425 4424
f 1315 1316 1317
f 1316 1318 1317
f 1318 1307 1324
f 1318 1337 1307
f 4547 4549 4573
f 1568 1567 1509
f 1567 1566 1509
f 5254 5253 5255
f 5255 5253 5256
f 5256 5269 5264
f 5269 5295 5264
f 4570 4574 4571
f 3263 3259 3262
f 4574 4592 4593
f 3262 3259 3261
f 3259 3260 3261
f 1142 1141 1139
f 1139 1141 1136
f 1139 1136 1126
f 1139 1126 1125
f 1259 1264 1258
f 1126 1135 1130
f 3134 3133 3131
f 1135 1134 1130
f 272 273 269
f 3134 3135 3133
f 1854 1848 1850
f 3133 3135 3136
f 1261 1260 1262
f 1851 1853 1914
f 1853 1881 1914
f 1881 1871 1921
f 1921 1871 1910
f 2107 2106 2105
f 1861 1863 1853
f 1863 1871 1881
f 1853 1863 1881
f 1853 1852 1861
f 1863 1864 1871
f 1864 1866 1867
f 1093 1095 1115
f 1867 1866 1873
f 1867 1873 1874
f 1120 1108 1118
f 1118 1108 1103
f 4638 4633 4636
f 2877 2867 2878
f 4784 4778 4795
f 4784 4777 4778
f 1504 1503 1500
f 2205 2203 2206
f 1326 1325 1328
f 4543 4546 4548
f 1326 1315 1325
f 1325 1315 1317
f 1321 1319 1315
f 5048 5052 5034
f 4545 4547 4546
f 1319 1316 1315
f 1337 1308 1307
f 3727 3733 3736
f 4545 4550 4549
f 4545 4549 4547
f 1306 1304 1307
f 1509 1566 1514
f 1306 1300 1304
f 1300 1303 1304
f 5253 5269 5256
f 4549 4550 4570
f 3741 3739 3740
f 5295 5299 5271
f 3860 3849 3892
f 5253 5248 5269
f 4574 4570 4592
f 1284 1276 1270
f 3261 3260 3268
f 1926 1917 1924
f 1917 1916 1924
f 1142 1151 1141
f 1917 1856 1916
f 1916 1856 1850
f 1916 1850 1915
f 1136 1135 1126
f 1258 1260 1257
f 1257 1260 1261
f 1850 1851 1915
f 1851 1914 1915
f 5379 5380 5381
f 1848 1849 1850
f 1925 1881 1921
f 1849 1851 1850
f 5394 5395 5396
f 1849 1852 1851
f 1851 1852 1853
f 1861 1860 1862
f 1098 1097 1099
f 1861 1862 1863
f 1095 1097 1098
f 1862 1864 1863
f 1864 1865 1866
f 1103 1093 1115
f 1898 1900 1899
f 3376 3402 3381
f 3377 3380 3379
f 5172 5167 5171
f 4091 4085 4088
f 4092 4078 4091
f 5171 5170 5175
f 4102 4103 4079
f 4102 4079 4092
f 4079 4078 4092
f 4524 4522 4525
f 4778 4786 4787
f 4787 4786 4788
f 1498 1504 1500
f 4783 4775 4784
f 4775 4777 4784
f 4776 4786 4778
f 4522 4548 4525
f 4783 4797 4782
f 4783 4782 4775
f 4522 4543 4548
f 4782 4780 4775
f 1502 1514 1513
f 5031 5039 5048
f 5031 5048 5034
f 4425 4428 4422
f 1319 1310 1337
f 1319 1337 1316
f 1313 1308 1337
f 5039 5050 5049
f 3594 3593 3588
f 1298 1299 1300
f 1301 1298 1300
f 1300 1299 1303
f 1299 1312 1303
f 4774 4768 4771
f 5261 5252 5254
f 5254 5252 5253
f 5310 5307 5309
f 258 257 245
f 257 255 245
f 5252 5248 5253
f 5269 5250 5295
f 5248 5245 5269
f 5269 5245 5250
f 3587 3586 3589
f 255 254 246
f 5252 5247 5248
f 5248 5247 5245
f 5247 5243 5245
f 246 254 248
f 5246 5259 5298
f 3259 3264 3260
f 248 250 249
f 3260 3265 3268
f 249 250 251
f 3268 3265 3269
f 251 250 252
f 251 252 253
f 1141 1151 1150
f 1141 1150 1136
f 1258 1264 1260
f 1136 1152 1135
f 4011 4008 4012
f 260 266 259
f 5378 5377 5379
f 266 268 267
f 1848 1855 1849
f 1852 1860 1861
f 1862 1865 1864
f 1865 1898 1866
f 1873 1899 1928
f 1899 1920 1928
f 1901 1900 1898
f 4631 4627 4628
f 5174 5173 5172
f 5171 5167 5170
f 4523 4522 4524
f 2874 2873 2879
f 4776 4790 4786
f 4775 4776 4777
f 4780 4779 4775
f 4542 4545 4546
f 5038 5039 5031
f 4740 4739 4736
f 1513 1514 1531
f 1310 1314 1337
f 1314 1313 1337
f 224 261 225
f 4443 4438 4441
f 4427 4443 4441
f 1302 1301 1309
f 1309 1300 1313
f 1313 1300 1308
f 3593 3585 3588
f 261 258 225
f 4427 4446 4443
f 225 258 245
f 1302 1298 1301
f 3588 3585 3587
f 4551 4570 4550
f 1566 1570 1514
f 1305 1298 1302
f 2491 2490 2494
f 2500 2497 2489
f 1298 1311 1299
f 1299 1311 1312
f 245 255 246
f 1566 1572 1570
f 4508 4509 4504
f 5250 5260 5302
f 3585 3586 3587
f 246 248 247
f 5245 5244 5250
f 4504 4505 4506
f 5302 5260 5246
f 4505 4510 4506
f 5270 5247 5252
f 5244 5242 5246
f 3792 3793 3794
f 4732 4729 4746
f 5270 5249 5247
f 5247 5249 5243
f 5242 5259 5246
f 5242 5240 5259
f 3260 3264 3265
f 1276 1273 1264
f 1136 1150 1152
f 4004 4008 4011
f 259 266 267
f 1859 1857 1855
f 1855 1857 1849
f 1857 1858 1849
f 1849 1858 1852
f 1095 1094 1096
f 1862 1860 1872
f 1093 1094 1095
f 1872 1865 1862
f 1903 1902 1898
f 1902 1901 1898
f 1901 1906 1900
f 4632 4627 4631
f 4626 4630 4629
f 5172 5169 5167
f 5167 5163 5170
f 4523 4524 4583
f 4520 4522 4523
f 1498 1499 1496
f 1498 1500 1499
f 1500 1501 1499
f 2861 2876 2873
f 2862 2861 2873
f 4249 4250 4246
f 4789 4792 4788
f 4790 4789 4786
f 4786 4789 4788
f 4541 4546 4543
f 2207 2204 2205
f 4246 4245 4248
f 4776 4785 4790
f 4541 4542 4546
f 2205 2204 2203
f 4779 4785 4776
f 5031 5034 5033
f 2204 2190 2203
f 4780 4758 4779
f 4758 4781 4779
f 2203 2190 2202
f 201 200 202
f 4425 4441 4428
f 2202 2190 2201
f 4767 4768 4769
f 4767 4769 4770
f 225 245 227
f 227 245 244
f 1514 1561 1531
f 2189 2191 2192
f 2490 2495 2494
f 3737 3742 3744
f 4443 4439 4438
f 1570 1561 1514
f 2489 2492 2490
f 2494 2495 2496
f 245 246 244
f 4439 4433 4438
f 2497 2493 2489
f 4439 4430 4433
f 246 247 242
f 4741 4733 4732
f 3581 3586 3585
f 5261 5270 5252
f 5250 5244 5260
f 5245 5243 5244
f 3793 3795 3794
f 247 248 249
f 5243 5242 5244
f 3581 3584 3586
f 1295 1280 1279
f 1279 1273 1276
f 5374 5362 5375
f 5375 5362 5376
f 1264 1273 1260
f 259 267 263
f 1260 1274 1262
f 1883 1882 1859
f 1858 1860 1852
f 1905 1903 1872
f 1872 1903 1865
f 1108 1104 1103
f 1905 1904 1903
f 1904 1902 1903
f 1124 1123 1108
f 4626 4625 4630
f 5172 5173 5169
f 5167 5169 5168
f 5168 5166 5167
f 5166 5163 5167
f 4091 4080 4085
f 4078 4080 4091
f 4078 4079 4080
f 4582 4520 4523
f 4520 4521 4522
f 4522 4521 4543
f 4541 4543 4521
f 4789 4793 4792
f 5543 5544 5545
f 4785 4789 4790
f 4789 4772 4793
f 4747 4748 4749
f 4785 4794 4789
f 4789 4794 4772
f 5003 5038 5031
f 201 210 204
f 5075 5076 5063
f 4794 4767 4772
f 4781 4766 4779
f 4737 4736 4739
f 4767 4765 4768
f 2189 2190 2191
f 227 244 242
f 4552 4578 4551
f 2493 2492 2489
f 3590 3580 3585
f 3580 3581 3585
f 1570 1571 1561
f 242 247 256
f 1572 1573 1570
f 256 247 249
f 5301 5296 5261
f 4732 4730 4729
f 1082 1085 1037
f 5261 5296 5270
f 5242 5238 5240
f 5238 5239 5240
f 5243 5238 5242
f 3581 3583 3584
f 5270 5303 5249
f 5303 5272 5249
f 5249 5272 5243
f 5243 5251 5238
f 5272 5251 5243
f 1279 1278 1273
f 259 263 262
f 3991 4003 4004
f 1273 1274 1260
f 1069 1054 1051
f 1883 1884 1882
f 1859 1882 1857
f 1858 1878 1860
f 1860 1878 1872
f 1103 1102 1093
f 1104 1102 1103
f 655 653 654
f 4632 4622 4627
f 3098 3101 3105
f 4080 4084 4085
f 5166 5164 5163
f 3105 3101 3106
f 3113 3114 3116
f 4079 4081 4080
f 5235 5236 5237
f 4481 4480 4482
f 3157 3156 3155
f 1508 1498 1497
f 1498 1496 1497
f 4853 4854 4855
f 1496 1499 1495
f 2380 2378 2381
f 1499 1501 1495
f 5036 5082 5077
f 4495 4494 4493
f 5036 5077 5028
f 4251 4247 4246
f 4925 4923 4922
f 5003 5031 5011
f 4748 4750 4749
f 192 200 201
f 4750 4751 4749
f 4785 4767 4794
f 5063 5070 5075
f 4245 4252 4253
f 4785 4766 4767
f 4758 4756 4757
f 4766 4765 4767
f 4738 4737 4739
f 4758 4757 4781
f 4428 4441 4442
f 4738 4735 4737
f 5210 5211 5212
f 4591 4552 4544
f 4441 4438 4440
f 4441 4440 4442
f 2190 2208 2193
f 2190 2193 2191
f 4764 4765 4766
f 4735 4736 4737
f 4736 4735 4734
f 3579 3577 3576
f 4764 4763 4765
f 4734 4733 4745
f 3575 3572 3576
f 3577 3575 3576
f 4763 4773 4771
f 4763 4771 4765
f 3575 3578 3569
f 3575 3569 3572
f 4732 4733 4730
f 1573 1571 1570
f 2199 2195 2198
f 1183 1185 1188
f 1188 1185 1189
f 4730 4726 4729
f 4726 4725 4729
f 5296 5288 5303
f 5296 5303 5270
f 3797 3795 3793
f 251 253 264
f 253 262 264
f 3799 3797 3798
f 5238 5241 5239
f 1279 1280 1278
f 5303 5285 5272
f 5272 5285 5251
f 5285 5286 5251
f 5251 5286 5268
f 1930 1929 1885
f 4004 4006 4008
f 1885 1884 1883
f 1885 1929 1884
f 1857 1933 1858
f 3102 3100 3096
f 4081 4082 4080
f 3546 3545 3547
f 2377 2366 2347
f 2347 2375 2377
f 3538 3544 3546
f 2314 2313 2312
f 4581 4582 4583
f 4476 4480 4481
f 4520 4585 4521
f 4492 4493 4494
f 4492 4491 4493
f 4535 4541 4521
f 4477 4478 4475
f 192 201 204
f 204 220 221
f 1501 1512 1510
f 221 220 222
f 187 188 192
f 187 186 188
f 4742 4743 4738
f 4587 4591 4544
f 4537 4544 4542
f 2985 2980 2987
f 240 227 241
f 4766 4781 4764
f 227 242 241
f 4757 4764 4781
f 4438 4434 4440
f 2191 2193 2194
f 3592 3574 3591
f 3591 3574 3590
f 1531 1561 1558
f 2191 2194 2195
f 3576 3574 3592
f 3574 3580 3590
f 4735 4731 4734
f 3576 3572 3574
f 4731 4730 4734
f 4734 4730 4733
f 2194 2196 2195
f 3572 3567 3574
f 4433 4432 4434
f 3580 3566 3581
f 4432 4435 4434
f 1561 1571 1575
f 2195 2197 2198
f 1183 1184 1185
f 1185 1184 1186
f 5292 5296 5301
f 3582 3583 3581
f 3795 3801 3796
f 3795 3797 3801
f 1280 1281 1278
f 5238 5251 5268
f 5238 5268 5241
f 5372 5359 5362
f 1054 1055 1052
f 5362 5359 5361
f 1882 1933 1857
f 1933 1932 1858
f 1093 1101 1094
f 1931 1878 1858
f 1104 1105 1102
f 660 658 647
f 651 652 653
f 4635 4637 4632
f 5115 5130 5122
f 3103 3100 3102
f 3100 3099 3096
f 3096 3099 3097
f 3096 3097 3098
f 3101 3107 3113
f 4081 4083 4082
f 2366 2349 2347
f 2347 2374 2375
f 3540 3530 3538
f 4569 4582 4581
f 2346 2374 2347
f 2313 2310 2312
f 2346 2373 2374
f 2346 2352 2373
f 2373 2379 2374
f 4585 4527 4521
f 2352 2378 2373
f 2373 2378 2379
f 4474 4472 4476
f 4476 4472 4480
f 2311 2305 2307
f 5036 5035 5037
f 4479 4478 4477
f 2305 2306 2307
f 4475 4473 4474
f 5026 5024 5025
f 192 204 203
f 203 204 221
f 4490 4489 4488
f 4490 4488 4491
f 5206 5203 5205
f 5064 5070 5063
f 4535 4537 4542
f 4924 4927 4926
f 4489 4484 4488
f 5013 5021 5020
f 4742 4744 4743
f 185 186 187
f 4484 4487 4488
f 4750 4752 4751
f 4751 4752 4756
f 5385 5383 5386
f 4756 4755 4757
f 4757 4759 4764
f 4434 4444 4440
f 4759 4763 4764
f 4759 4762 4763
f 1561 1562 1558
f 3574 3567 3580
f 243 256 265
f 1561 1575 1562
f 2195 2196 2197
f 3566 3582 3581
f 4434 4435 4436
f 1187 1184 1183
f 487 484 488
f 4726 4723 4725
f 5296 5289 5288
f 3797 3802 3801
f 4725 4723 4724
f 3797 3799 3803
f 5288 5285 5303
f 1052 1053 1036
f 5357 5372 5351
f 5285 5287 5286
f 5357 5359 5372
f 5268 5273 5241
f 5273 5274 5241
f 5241 5274 5275
f 1278 1283 1274
f 5286 5283 5268
f 5268 5283 5273
f 5283 5278 5273
f 5361 5363 5364
f 5368 5369 5370
f 658 650 647
f 652 654 653
f 649 648 651
f 3122 3120 3123
f 3123 3120 3109
f 3100 3104 3109
f 5130 5113 5122
f 3538 3543 3544
f 3538 3533 3543
f 4584 4582 4569
f 4585 4582 4584
f 3540 3531 3530
f 4993 4991 4990
f 3155 3154 3153
f 2346 2350 2352
f 2354 2376 2352
f 1495 1501 1510
f 190 192 203
f 2354 2356 2376
f 4490 4491 4492
f 1984 1997 2006
f 189 187 190
f 222 240 316
f 5064 5020 5070
f 5067 5068 5065
f 4927 4928 4926
f 185 179 186
f 4750 4753 4752
f 180 181 179
f 4752 4755 4756
f 4759 4757 4755
f 5386 5383 5341
f 2193 2200 2194
f 4434 4437 4444
f 3567 3566 3580
f 4759 4761 4762
f 4437 4445 4444
f 4731 4727 4730
f 5352 5348 5350
f 4434 4436 4437
f 4727 4726 4730
f 3562 3560 3559
f 3558 3559 3554
f 484 489 488
f 5292 5289 5296
f 487 485 484
f 3797 3803 3802
f 1052 1065 1053
f 5288 5287 5285
f 3803 3804 3802
f 1282 1283 1278
f 467 465 469
f 5287 5297 5286
f 5273 5276 5274
f 3764 3748 3749
f 3756 3764 3749
f 5297 5283 5286
f 5273 5277 5276
f 3759 3748 3764
f 5278 5277 5273
f 5363 5365 5364
f 5364 5365 5366
f 5366 5367 5368
f 1932 1931 1858
f 1105 1109 1102
f 650 648 647
f 647 648 649
f 3122 3121 3120
f 3120 3111 3109
f 3109 3111 3099
f 3099 3111 3110
f 3111 3112 3110
f 3110 3112 3118
f 1507 1497 1506
f 4584 4527 4585
f 2347 2344 2346
f 4529 4521 4527
f 3154 3151 3153
f 3151 3152 3153
f 4529 4535 4521
f 4472 4473 4465
f 4472 4465 4466
f 2305 2284 2299
f 203 221 223
f 5023 5024 5005
f 4535 4536 4537
f 1984 1985 1997
f 199 175 185
f 175 179 185
f 1523 1527 1526
f 174 180 179
f 182 180 174
f 4753 4754 4752
f 1532 1533 1526
f 1527 1532 1526
f 4752 4754 4755
f 5346 5383 5385
f 1532 1556 1533
f 5341 5383 5313
f 1532 1559 1556
f 1558 1559 1532
f 4759 4755 4760
f 1558 1560 1559
f 4759 4760 4761
f 3566 3568 3570
f 3557 3554 3556
f 3559 3560 3554
f 4727 4721 4726
f 5291 5292 5293
f 4726 4721 4723
f 5291 5289 5292
f 3802 3808 3809
f 472 470 485
f 5289 5287 5288
f 3804 3805 3802
f 3802 3805 3808
f 467 463 465
f 3804 3806 3805
f 561 504 560
f 5300 5283 5297
f 3759 3753 3748
f 5361 5359 5360
f 5283 5300 5278
f 5361 5360 5363
f 5368 5367 5369
f 603 584 582
f 648 652 651
f 4569 4528 4584
f 4584 4528 4527
f 1493 1494 1489
f 2310 2282 2311
f 4466 4465 4461
f 2350 2351 2353
f 1494 1495 1511
f 2353 2355 2354
f 5004 5006 5005
f 199 185 189
f 5064 5014 5020
f 1984 1980 1978
f 1984 1978 1985
f 1523 1526 1524
f 174 179 175
f 1985 1978 1983
f 176 182 174
f 274 182 176
f 5345 5319 5346
f 5346 5319 5383
f 3058 3057 3059
f 4755 4754 4760
f 5391 5392 5393
f 5341 5313 5325
f 5347 5339 5348
f 3182 3180 3181
f 3561 3555 3554
f 5348 5339 5349
f 5348 5349 5350
f 3183 3180 3182
f 3810 3807 3809
f 5291 5290 5289
f 461 463 467
f 465 470 472
f 485 470 480
f 485 480 484
f 5351 5356 5357
f 5289 5290 5287
f 3747 3765 3750
f 5287 5294 5297
f 5297 5294 5300
f 3753 3745 3748
f 5300 5279 5278
f 5363 5371 5365
f 5366 5365 5367
f 27 30 32
f 3137 3138 3139
f 589 588 584
f 590 588 589
f 1506 1493 1492
f 1493 1489 1492
f 196 203 223
f 4462 4461 4463
f 196 190 203
f 4465 4464 4461
f 4536 4535 4534
f 221 236 235
f 223 221 235
f 5022 5005 5007
f 197 199 189
f 5064 5017 5014
f 1523 1524 1522
f 173 176 174
f 5343 5320 5319
f 5343 5319 5345
f 5383 5319 5324
f 3054 3057 3056
f 5313 5317 5325
f 5325 5326 5336
f 5336 5326 5338
f 5347 5338 5339
f 1942 1937 1941
f 3180 3178 3181
f 4728 4721 4727
f 1562 1563 1560
f 1941 1937 1939
f 1937 1938 1939
f 4721 4720 4723
f 5349 5356 5351
f 5350 5349 5351
f 3809 3807 3811
f 4723 4720 4724
f 1575 1577 1576
f 460 456 461
f 1939 1940 1943
f 3807 3812 3811
f 3806 3812 3807
f 465 466 470
f 5290 5294 5287
f 5300 5284 5279
f 5360 5371 5363
f 3759 3754 3753
f 5278 5279 5277
f 5279 5280 5277
f 3759 3760 3754
f 27 29 30
f 594 590 597
f 4526 4527 4528
f 3549 3548 3550
f 1489 1494 1490
f 4462 4463 4468
f 4463 4469 4468
f 4963 4954 4964
f 4534 4561 4536
f 194 189 191
f 4464 4467 4463
f 194 197 189
f 5008 5006 5015
f 4883 4884 4885
f 2355 2358 2357
f 5006 5014 5015
f 5017 5064 5058
f 4885 4884 4887
f 1522 1524 1530
f 169 174 175
f 169 175 177
f 1980 1979 1978
f 1978 1981 1983
f 1981 1982 1983
f 1982 1942 1983
f 5319 5320 5316
f 3171 3172 3167
f 3167 3169 3171
f 5325 5317 5326
f 3171 3169 3188
f 5338 5326 5339
f 1936 1937 1942
f 3180 3179 3178
f 4728 4722 4721
f 4721 4722 4719
f 1562 1575 1563
f 1938 1940 1939
f 1576 1563 1575
f 456 463 461
f 480 479 484
f 465 463 464
f 465 464 466
f 3814 3813 3806
f 3747 3757 3765
f 5359 5358 5360
f 5304 5305 5306
f 23 25 26
f 3137 3140 3138
f 590 591 588
f 650 656 648
f 597 595 594
f 1506 1492 1519
f 4526 4529 4527
f 3550 3551 3553
f 2367 2345 2370
f 205 196 228
f 2367 2343 2345
f 3548 3551 3550
f 3549 3535 3548
f 1494 1521 1490
f 2351 2368 2353
f 4470 4469 4463
f 4886 4884 4883
f 4470 4471 4469
f 5015 5014 5017
f 2357 2362 2382
f 1979 1977 1978
f 5316 5311 5319
f 5319 5311 5324
f 1982 1936 1942
f 5344 5316 5320
f 3169 3187 3188
f 5326 5329 5339
f 4719 4720 4721
f 460 459 456
f 463 456 462
f 479 483 484
f 1940 1944 1943
f 470 478 480
f 466 473 470
f 473 478 470
f 5357 5358 5359
f 1943 1948 1992
f 3747 3746 3757
f 3819 3818 3814
f 3814 3818 3813
f 3751 3758 3746
f 24 25 23
f 659 656 650
f 4526 4528 4539
f 4539 4528 4540
f 1492 1489 1491
f 1489 1490 1491
f 1490 1521 1525
f 2369 2351 2367
f 223 235 228
f 2369 2368 2351
f 4954 4957 4956
f 1593 1586 1590
f 2358 2355 2353
f 169 168 173
f 1978 1974 1981
f 1981 1974 1982
f 1974 1936 1982
f 5316 5344 5321
f 3169 3170 3187
f 3178 3173 3172
f 5317 5327 5326
f 5329 5331 5339
f 1935 1937 1936
f 3179 3173 3178
f 5339 5331 5349
f 1563 1569 1565
f 3811 3812 3817
f 463 462 464
f 3812 3816 3817
f 471 473 466
f 464 471 466
f 5357 5356 5358
f 3813 3815 3812
f 1944 1948 1943
f 3825 3820 3819
f 3819 3820 3818
f 4045 4039 4038
f 4045 4038 4046
f 5284 5282 5279
f 20 21 22
f 21 24 23
f 29 34 31
f 34 55 31
f 193 206 191
f 2818 2819 2816
f 2815 2816 2819
f 195 194 191
f 4955 4956 4957
f 2817 2814 2815
f 4886 4888 4884
f 5057 5059 5060
f 1978 1977 1974
f 1974 1934 1936
f 5311 5313 5324
f 1934 1935 1936
f 3187 3170 3186
f 5313 5312 5317
f 4669 4662 4673
f 5327 5328 5326
f 5328 5329 5326
f 1935 1938 1937
f 3179 3177 3173
f 5349 5331 5356
f 4651 4680 4684
f 483 481 486
f 1940 1945 1944
f 464 462 471
f 479 481 483
f 471 447 473
f 478 479 480
f 42 28 59
f 473 447 478
f 3818 3815 3813
f 59 28 18
f 1992 1993 1994
f 3760 3761 3754
f 3754 3761 3762
f 5279 5282 5281
f 5279 5281 5280
f 25 43 29
f 4531 4526 4539
f 4533 4556 4534
f 195 191 198
f 1525 1521 1522
f 4889 4888 4886
f 2814 2813 2815
f 2815 2813 2816
f 2288 2285 2281
f 1977 1976 1975
f 1975 1974 1977
f 1974 1975 1934
f 3167 3168 3169
f 3168 3170 3169
f 5321 5315 5316
f 5311 5312 5313
f 3172 3173 3167
f 1938 1945 1940
f 458 456 459
f 454 455 456
f 476 474 455
f 455 474 462
f 474 471 462
f 478 448 479
f 3758 3766 3757
f 3826 3824 3825
f 3825 3824 3820
f 4052 4035 4034
f 4052 4034 4051
f 3820 3821 3818
f 1992 1948 1993
f 3824 3827 3821
f 3820 3824 3821
f 18 19 20
f 19 21 20
f 3763 3762 3761
f 1538 1539 1548
f 4285 4286 4287
f 4956 4960 4961
f 2816 2813 2800
f 2813 2812 2800
f 2814 2812 2813
f 2361 2360 2358
f 2360 2359 2358
f 2359 2363 2362
f 5311 5315 5314
f 3173 3168 3167
f 5321 5322 5315
f 5312 5342 5317
f 1935 1952 1938
f 5317 5342 5327
f 5342 5328 5327
f 5329 5328 5330
f 5329 5330 5331
f 1938 1952 1945
f 456 458 457
f 456 457 454
f 1563 1574 1569
f 474 450 471
f 481 482 486
f 447 448 478
f 42 38 28
f 4038 4037 4028
f 28 19 18
f 4025 4026 4047
f 1539 1543 1541
f 4532 4530 4531
f 1543 1542 1541
f 4530 4555 4533
f 4288 4289 4285
f 2799 2800 2801
f 2799 2801 2802
f 2301 2294 2298
f 4556 4558 4561
f 2800 2811 2801
f 4955 4958 4956
f 2800 2812 2811
f 2359 2364 2363
f 1976 1969 1975
f 1975 1969 1934
f 3170 3175 3186
f 4669 4687 4655
f 3168 3175 3170
f 5312 5311 5314
f 1935 1958 1952
f 5312 5318 5342
f 4662 4652 4673
f 58 46 41
f 58 41 42
f 1952 1951 1945
f 4680 4679 4678
f 4258 4260 4262
f 1945 1951 1946
f 471 450 447
f 1945 1946 1944
f 4048 4036 4049
f 447 439 448
f 448 449 479
f 479 449 481
f 481 449 482
f 4048 4049 4050
f 1944 1947 1948
f 4035 4027 4034
f 4040 4037 4039
f 4039 4037 4038
f 1948 1966 1993
f 3772 3768 3761
f 1993 1998 2004
f 24 44 47
f 209 208 205
f 4530 4532 4555
f 205 237 209
f 4998 4997 4999
f 2802 2803 2804
f 2801 2803 2802
f 4956 4958 4960
f 2300 2290 2304
f 4955 4959 4958
f 1969 1961 1934
f 1934 1961 1958
f 1934 1958 1935
f 4655 4652 4662
f 3173 3174 3168
f 5318 5384 5342
f 5342 5333 5328
f 5328 5332 5330
f 5330 5332 5337
f 42 41 38
f 476 475 474
f 474 475 451
f 474 451 450
f 447 450 444
f 447 444 439
f 28 37 19
f 4028 4024 4023
f 21 19 33
f 4025 4024 4026
f 3763 3775 3762
f 3768 3763 3761
f 2810 2808 2809
f 2808 2807 2809
f 2808 2804 2807
f 2804 2806 2807
f 4889 4890 4888
f 2804 2803 2805
f 2804 2805 2806
f 4116 4115 4117
f 4959 4962 4958
f 1988 1987 1976
f 1976 1987 1969
f 1969 1986 1963
f 1969 1963 1961
f 4687 4665 4655
f 3176 3174 3173
f 5314 5318 5312
f 5315 5323 5340
f 5384 5335 5342
f 5342 5335 5333
f 5333 5335 5334
f 41 40 38
f 449 445 482
f 1944 1946 1947
f 4027 4033 4034
f 1947 1966 1948
f 1993 1966 1998
f 4118 4116 4119
f 4558 4556 4557
f 3475 3472 3474
f 4118 4114 4116
f 4114 4115 4116
f 3476 3499 3459
f 1987 1986 1969
f 1226 1225 1229
f 1214 1209 1215
f 4654 4690 4652
f 5314 5340 5318
f 46 40 41
f 5323 5353 5340
f 5387 5388 5389
f 457 468 454
f 38 37 28
f 4259 4261 4260
f 4258 4259 4260
f 443 439 444
f 4033 4036 4034
f 448 438 449
f 445 446 482
f 4024 4030 4027
f 4027 4030 4033
f 3773 3781 3779
f 4040 4041 4037
f 1966 1999 1998
f 3768 3769 3763
f 4532 4560 4557
f 4532 4557 4555
f 4889 4891 4890
f 5426 5427 5428
f 3515 3459 3506
f 1963 1973 1962
f 1963 1962 1961
f 4665 4653 4655
f 4652 4653 4654
f 1958 1959 1952
f 1216 1207 1214
f 1952 1956 1951
f 40 39 38
f 4677 4674 4676
f 4678 4677 4676
f 1950 1946 1951
f 453 442 443
f 475 452 451
f 439 438 448
f 1949 1955 1947
f 1946 1949 1947
f 4037 4042 4029
f 449 438 445
f 438 434 445
f 1947 1991 1966
f 1966 1991 1999
f 2923 2929 2928
f 2562 2565 2577
f 2577 2565 2575
f 2565 2574 2575
f 218 209 229
f 2416 2415 2417
f 1591 1594 1596
f 1986 1973 1963
f 1226 1215 1225
f 1961 1962 1958
f 1959 1956 1952
f 5354 5355 5340
f 1663 1661 1662
f 1662 1661 1660
f 46 45 40
f 1956 1957 1951
f 1656 1655 1658
f 2078 2023 2027
f 1951 1957 1950
f 1946 1950 1949
f 442 439 443
f 5502 5501 5500
f 3772 3771 3768
f 2920 2921 2922
f 2920 2922 2923
f 2921 2929 2922
f 2565 2564 2574
f 2927 2929 2921
f 2573 2576 2564
f 2566 2563 2562
f 2562 2563 2564
f 2562 2564 2565
f 2563 2567 2564
f 2566 2569 2563
f 2569 2568 2563
f 211 208 216
f 4560 4559 4557
f 212 214 184
f 232 184 231
f 1550 1551 1535
f 234 171 232
f 232 172 184
f 232 171 172
f 172 183 184
f 3497 3447 3473
f 3473 3447 3472
f 4907 4908 4909
f 1962 1959 1958
f 1661 1651 1660
f 1240 1207 1216
f 5390 5388 5387
f 45 39 40
f 2023 2024 2027
f 4674 4672 4671
f 4672 4663 4671
f 1950 1953 1949
f 442 440 439
f 438 432 434
f 4042 4031 4029
f 4029 4031 4024
f 4031 4030 4024
f 4044 4043 4041
f 4041 4042 4037
f 1947 1955 1991
f 1999 2002 1998
f 1998 2002 2003
f 3769 3770 3780
f 3768 3771 3770
f 3768 3770 3769
f 2920 2923 2924
f 2925 2926 2921
f 2564 2576 2574
f 2926 2927 2921
f 2564 2567 2573
f 2563 2568 2567
f 5409 5407 5408
f 1596 1594 1599
f 4565 4559 4560
f 1594 1597 1599
f 1594 1589 1597
f 4916 4910 4912
f 1589 1583 1597
f 1583 1598 1597
f 4908 4911 4910
f 4563 4564 4576
f 1598 1583 1584
f 1989 1972 1973
f 1213 1217 1215
f 1973 1972 1962
f 4665 4666 4653
f 1962 1968 1959
f 1207 1208 1209
f 4654 4653 4656
f 1660 1650 1649
f 1649 1638 1647
f 1675 1657 1656
f 1656 1654 1655
f 2079 2023 2078
f 4663 4670 4671
f 439 429 438
f 1949 1954 1955
f 4041 4043 4042
f 1955 1995 1991
f 5501 5497 5500
f 4209 4204 4217
f 2956 2955 2957
f 5407 5405 5408
f 2571 2572 2568
f 2568 2572 2567
f 5408 5405 5413
f 2569 2570 2568
f 226 184 215
f 215 184 214
f 4565 4567 4564
f 4565 4564 4559
f 4910 4911 4912
f 287 305 286
f 4911 4914 4913
f 4912 4911 4913
f 1584 1606 1598
f 3507 3458 3508
f 3017 3018 3028
f 1972 1968 1962
f 1209 1212 1213
f 1959 1968 1956
f 1651 1650 1660
f 1675 1659 1657
f 1649 1650 1638
f 2024 2022 2025
f 4656 4658 4672
f 4672 4658 4663
f 1957 1953 1950
f 1949 1953 1954
f 439 440 429
f 432 431 433
f 1246 1236 1244
f 429 432 438
f 4031 4032 4030
f 5500 5497 5495
f 2925 2930 2926
f 5407 5406 5405
f 2570 2578 2571
f 4567 4565 4566
f 286 305 308
f 3251 3250 3253
f 3454 3460 3455
f 1584 1585 1606
f 3460 3461 3458
f 4844 4832 4834
f 1638 1640 1647
f 4653 4657 4656
f 2022 2026 2025
f 1657 1659 1652
f 1657 1652 1654
f 3066 3067 3068
f 1955 1954 1996
f 1955 1996 1995
f 4202 4219 4225
f 4225 4219 4224
f 5503 5497 5501
f 2956 2954 2955
f 2557 2561 2555
f 5406 5403 5405
f 279 287 280
f 4577 4564 4567
f 4577 4576 4564
f 3251 3232 3250
f 3444 3453 3451
f 3017 3016 3018
f 1968 1970 1956
f 1651 1641 1650
f 1650 1641 1638
f 1970 1971 1957
f 2021 2028 2022
f 1957 1960 1953
f 1953 1964 1954
f 4202 4207 4219
f 5504 5497 5503
f 2954 2953 2955
f 4209 4208 4204
f 4204 4208 4205
f 5403 5404 5405
f 3234 3233 3230
f 287 286 280
f 5546 5547 5548
f 3468 3449 3445
f 3232 3231 3250
f 145 135 156
f 145 136 135
f 1231 1253 1230
f 3033 3026 3013
f 3508 3461 3511
f 1651 1648 1641
f 1654 1652 1651
f 441 427 429
f 427 424 429
f 429 424 431
f 5503 5530 5504
f 4207 4210 4218
f 4202 4206 4207
f 279 280 278
f 280 286 282
f 3233 3225 3230
f 282 286 288
f 3230 3225 3228
f 3230 3228 3231
f 3230 3231 3232
f 286 308 288
f 1230 1252 1228
f 138 136 145
f 1253 1252 1230
f 1782 1758 1785
f 3460 3462 3461
f 3017 3013 3016
f 3018 3019 3020
f 1674 1640 1672
f 4657 4660 4659
f 2028 2030 2029
f 1971 1960 1957
f 1233 1235 1250
f 431 430 437
f 424 430 431
f 1954 1964 1996
f 1781 1762 1789
f 4207 4206 4210
f 5504 5491 5497
f 5497 5491 5495
f 5495 5491 5494
f 5495 5494 5496
f 2950 2949 2953
f 4208 4216 4205
f 2429 2414 2413
f 284 288 304
f 304 288 336
f 308 336 288
f 156 135 155
f 739 734 719
f 3034 3029 3030
f 3030 3029 3026
f 139 140 137
f 138 139 137
f 1774 1758 1782
f 3026 3014 3013
f 1774 1753 1758
f 1774 1754 1753
f 4831 4830 4832
f 3018 3016 3019
f 3019 3021 3020
f 1652 1642 1648
f 2029 2030 2031
f 3624 3626 3628
f 1659 1643 1652
f 1652 1643 1642
f 2039 2034 2050
f 4659 4667 4668
f 1960 1965 1953
f 1953 1965 1964
f 1996 1964 2000
f 1781 1776 1762
f 4205 4216 4206
f 2448 2451 2429
f 2448 2429 2413
f 278 280 281
f 3233 3244 3229
f 5403 5400 5402
f 5403 5402 5404
f 3233 3229 3225
f 282 288 284
f 284 304 296
f 304 310 296
f 158 151 159
f 155 151 158
f 155 135 151
f 4123 4128 4131
f 1770 1752 1780
f 1752 1768 1780
f 1780 1768 1786
f 3464 3470 3463
f 3029 3014 3026
f 1770 1758 1752
f 1758 1751 1752
f 1758 1753 1751
f 1602 1605 1604
f 1754 1749 1753
f 1753 1749 1751
f 1640 1637 1672
f 1754 1763 1748
f 4830 4829 4818
f 3624 3625 3626
f 1763 1744 1748
f 2034 2033 2030
f 4818 4816 4836
f 1763 1759 1744
f 1759 1745 1744
f 4660 4661 4659
f 1759 1760 1745
f 1765 1766 1767
f 1745 1760 1747
f 1765 1764 1766
f 4222 4221 4223
f 1747 1764 1765
f 1762 1761 1760
f 1760 1761 1747
f 5160 5159 5161
f 1762 1769 1761
f 1762 1776 1769
f 5504 5493 5491
f 4210 4206 4211
f 2444 2448 2409
f 2448 2413 2409
f 1350 1346 1351
f 1346 1345 1353
f 1346 1353 1351
f 5199 5198 5196
f 3248 3243 3236
f 1345 1349 1353
f 5199 5201 5200
f 5199 5200 5198
f 3236 3244 3248
f 2451 2436 2429
f 5412 5400 5414
f 5201 5202 5200
f 5412 5411 5400
f 5400 5401 5402
f 281 280 282
f 3229 3226 3225
f 4122 4123 4137
f 3231 3228 3255
f 4254 4255 4256
f 4254 4256 4257
f 4226 4230 4229
f 1768 1778 1786
f 1752 1751 1750
f 1751 1749 1750
f 3016 3015 3019
f 1749 1740 1750
f 1638 1637 1640
f 1641 1639 1635
f 1754 1748 1741
f 1754 1741 1749
f 1749 1741 1740
f 2031 2032 2029
f 2033 2031 2030
f 1748 1744 1738
f 1748 1738 1741
f 4815 4814 4816
f 1738 1743 1742
f 1738 1742 1739
f 1744 1745 1743
f 1744 1743 1738
f 1745 1746 1743
f 1747 1761 1764
f 4215 4221 4222
f 1761 1777 1764
f 4211 4213 4214
f 5496 5494 5498
f 4216 4212 4206
f 4206 4212 4211
f 5193 5195 5197
f 1347 1350 1352
f 5196 5194 5193
f 5193 5194 5195
f 2837 2826 2822
f 281 282 283
f 3236 3229 3244
f 5411 5401 5400
f 283 284 285
f 3225 3226 3227
f 3225 3227 3228
f 159 151 154
f 4226 4231 4234
f 3956 3954 3963
f 151 135 133
f 3964 3951 3956
f 3470 3465 3463
f 1752 1757 1768
f 1768 1757 1778
f 1752 1750 1756
f 1752 1756 1757
f 1778 1757 1772
f 3014 3036 3015
f 146 140 139
f 1750 1740 1755
f 1755 1740 1787
f 3019 3022 3021
f 1797 1801 1818
f 3625 3627 3626
f 1812 1804 1797
f 2035 2033 2034
f 4813 4814 4815
f 4660 4664 4661
f 2072 2067 2071
f 4814 4835 4816
f 2940 2951 2948
f 1964 1990 2000
f 4214 4213 4215
f 5493 5486 5491
f 5494 5492 5498
f 2825 2823 2822
f 3236 3235 3229
f 3229 3235 3226
f 760 763 759
f 789 788 786
f 151 134 154
f 3255 3228 3254
f 4226 4227 4228
f 135 132 133
f 137 132 136
f 136 132 135
f 3015 3036 3025
f 3015 3025 3019
f 1636 1644 1637
f 1642 1623 1665
f 1643 1628 1642
f 2941 2951 2940
f 1965 1967 1964
f 1990 2001 2000
f 5540 5541 5542
f 2947 2942 2944
f 5491 5492 5494
f 2443 2444 2394
f 2228 2226 2229
f 1345 1343 1349
f 3243 3237 3236
f 3236 3237 3235
f 2697 2691 2684
f 2697 2684 2696
f 2684 2695 2696
f 5410 5415 5402
f 3239 3226 3235
f 5402 5415 5416
f 285 297 291
f 3239 3227 3226
f 3227 3254 3228
f 151 133 134
f 4827 4837 4826
f 4866 4864 4867
f 3951 3950 3954
f 4823 4822 4821
f 140 132 137
f 1757 1771 1772
f 3043 3041 3044
f 1756 1771 1757
f 1634 1632 1635
f 3025 3022 3019
f 3022 3023 3021
f 2035 2037 2033
f 2033 2036 2031
f 1628 1623 1642
f 3021 3023 3031
f 3023 3032 3031
f 4812 4814 4813
f 5491 5486 5487
f 5492 5512 5498
f 2695 2684 2683
f 285 291 290
f 3239 3241 3227
f 154 134 126
f 2174 2175 2161
f 2174 2161 2163
f 3439 3434 3433
f 3951 3959 3952
f 3960 3952 3959
f 1673 1671 1677
f 1799 1815 1802
f 1799 1802 1800
f 1646 1671 1673
f 3045 3042 3043
f 3043 3042 3041
f 1635 1632 1636
f 1771 1773 1772
f 1772 1773 1775
f 1793 1813 1814
f 3041 3039 3040
f 1773 1779 1775
f 1775 1779 1784
f 3629 3627 3625
f 3630 3629 3625
f 2069 2058 2067
f 2076 2069 2067
f 5521 5523 5522
f 5520 5517 5521
f 5518 5517 5519
f 5531 5514 5518
f 1967 1990 1964
f 5157 5156 5158
f 5498 5512 5531
f 1735 1737 1736
f 3318 3315 3316
f 2679 2682 2680
f 2679 2680 2681
f 289 285 290
f 3237 3238 3235
f 291 297 293
f 3235 3238 3239
f 5415 5417 5416
f 297 301 293
f 3241 3254 3227
f 3241 3258 3254
f 2161 2159 2163
f 133 129 134
f 3433 3434 3435
f 132 129 133
f 3960 3957 3952
f 140 142 132
f 3630 3631 3629
f 1814 1815 1799
f 3041 3042 3039
f 1628 1627 1623
f 3039 3037 3040
f 1773 1783 1779
f 4813 4811 4812
f 5521 5524 5523
f 5518 5514 5517
f 5531 5513 5514
f 5485 5488 5487
f 5486 5485 5487
f 2656 2657 2653
f 1734 1735 1736
f 1732 1735 1734
f 3318 3317 3315
f 3315 3310 3316
f 2636 2633 2637
f 4411 4407 4409
f 2995 2989 2991
f 2592 2608 2591
f 3082 3080 3081
f 2591 2608 2590
f 3082 3083 3080
f 3091 3092 3090
f 3091 3090 3089
f 3089 3083 3082
f 3090 3088 3089
f 3089 3088 3086
f 3089 3086 3083
f 3092 3088 3090
f 2822 2827 2828
f 3088 3087 3086
f 3431 3430 3428
f 2681 2680 2685
f 3238 3240 3239
f 3239 3240 3241
f 2175 2172 2162
f 2175 2162 2161
f 3952 3955 3953
f 3952 3953 3950
f 1644 1671 1646
f 2521 2519 2520
f 2037 2057 2049
f 3039 3038 3037
f 1779 1783 1784
f 3022 3024 3023
f 3023 3027 3032
f 5526 5524 5521
f 5517 5526 5521
f 5158 5156 5152
f 5157 5155 5156
f 1733 1732 1734
f 1733 1727 1732
f 1732 1727 1719
f 3321 3305 3317
f 3317 3305 3315
f 3315 3306 3310
f 3306 3307 3310
f 3315 3305 3306
f 4409 4408 4410
f 4407 4406 4409
f 4409 4406 4408
f 2989 2990 2991
f 4407 4404 4406
f 2599 2608 2592
f 3081 3080 3077
f 2599 2603 2608
f 3083 3084 3080
f 2836 2828 2842
f 3091 3094 3092
f 3083 3085 3084
f 3086 3085 3083
f 2083 2086 2087
f 2687 2686 2680
f 3092 3093 3088
f 3086 3087 3085
f 3088 3093 3087
f 3237 3242 3238
f 2824 2860 2856
f 4303 4297 4295
f 293 301 294
f 5417 5418 5416
f 5418 5421 5416
f 2127 2129 2131
f 5416 5421 5422
f 2720 2718 2717
f 126 134 127
f 2162 2158 2161
f 134 129 127
f 730 740 738
f 5143 5144 5145
f 3955 3965 3953
f 129 132 131
f 2045 2044 2043
f 2043 2044 2042
f 3631 3633 3632
f 1645 1670 1644
f 4968 4969 4970
f 3631 3632 3629
f 3037 3038 3035
f 3022 3035 3024
f 2511 2506 2504
f 3037 3035 3022
f 2069 2060 2058
f 5526 5527 5524
f 3848 3843 3838
f 4835 4840 4841
f 4841 4840 4842
f 2001 1990 2005
f 5155 5154 5156
f 1717 1719 1727
f 1717 1718 1719
f 1718 1721 1719
f 2995 3004 2997
f 2996 2989 2995
f 2995 2997 2996
f 2990 2992 2991
f 2591 2590 2589
f 2991 2992 2993
f 2592 2594 2599
f 3080 3079 3077
f 2087 2086 2088
f 2088 2086 2089
f 69 61 67
f 3242 3245 3238
f 2088 2089 2090
f 3093 3095 3087
f 5419 5418 5417
f 124 125 104
f 124 104 123
f 3241 3256 3258
f 124 126 125
f 2128 2127 2139
f 127 125 126
f 2162 2149 2158
f 2158 2148 2157
f 2051 2053 2052
f 2484 2487 2485
f 2484 2485 2486
f 2042 2044 2051
f 1632 1631 1645
f 2043 2046 2045
f 132 141 131
f 2047 2046 2043
f 1645 1669 1670
f 142 141 132
f 1644 1670 1671
f 150 142 140
f 4803 4804 4805
f 4805 4804 4806
f 2519 2518 2520
f 4805 4806 4810
f 2057 2066 2049
f 2524 2504 2519
f 4810 4806 4811
f 2506 2502 2504
f 5154 5152 5156
f 5532 5533 5534
f 5488 5525 5515
f 5485 5484 5488
f 2651 2645 2649
f 1720 1717 1727
f 2630 2629 2638
f 1718 1722 1721
f 1731 1728 1726
f 3305 3302 3304
f 3305 3304 3306
f 3306 3304 3307
f 1726 1728 1725
f 2997 2998 2996
f 2996 2998 2990
f 4406 4392 4408
f 2579 2580 2581
f 2593 2594 2592
f 2590 2579 2589
f 3077 3076 3073
f 4406 4404 4392
f 4404 4400 4392
f 2993 2992 2994
f 2598 2603 2599
f 3077 3079 3076
f 2607 2609 2602
f 68 60 66
f 67 60 68
f 2083 2082 2086
f 307 292 300
f 61 60 67
f 1467 1466 1464
f 106 72 70
f 70 62 69
f 69 62 61
f 2130 2186 2185
f 294 302 298
f 3238 3245 3246
f 3238 3246 3240
f 298 302 306
f 3240 3256 3241
f 2718 2711 2717
f 2711 2716 2717
f 2128 2124 2127
f 2173 2151 2172
f 125 85 104
f 2172 2151 2162
f 2148 2138 2137
f 2158 2149 2148
f 2149 2138 2148
f 742 743 741
f 129 130 127
f 131 130 129
f 1630 1667 1631
f 1631 1668 1645
f 744 750 738
f 1645 1668 1669
f 141 143 131
f 152 142 150
f 2502 2503 2504
f 2073 2065 2070
f 2065 2062 2070
f 4806 4809 4811
f 2509 2508 2502
f 5553 5551 5550
f 3193 3194 3189
f 5515 5525 5516
f 2650 2645 2651
f 1720 1724 1718
f 1720 1718 1717
f 1726 1725 1724
f 1724 1725 1718
f 3004 3005 2997
f 1725 1723 1718
f 1723 1722 1718
f 3302 3299 3304
f 3304 3308 3307
f 4403 4408 4391
f 3075 3073 3072
f 3072 3073 3074
f 3005 2999 2997
f 2997 2999 2998
f 2990 2998 2992
f 3073 3076 3074
f 4404 4405 4400
f 103 102 90
f 102 89 90
f 66 89 102
f 2081 2082 2083
f 2828 2827 2829
f 2082 2092 2086
f 2092 2093 2086
f 3242 3247 3245
f 2093 2091 2086
f 2086 2091 2089
f 72 62 70
f 3240 3246 3256
f 5419 5420 5418
f 2711 2712 2713
f 2716 2711 2713
f 2713 2712 2714
f 2718 2719 2711
f 2162 2151 2149
f 2137 2136 2128
f 125 84 85
f 1667 1681 1631
f 1631 1681 1668
f 1668 1678 1669
f 1669 1680 1670
f 1670 1680 1671
f 4804 4807 4806
f 4013 4017 4018
f 4806 4807 4808
f 2508 2503 2502
f 4511 4512 4513
f 5556 5555 5560
f 4453 4455 4457
f 5153 5151 5154
f 5154 5151 5152
f 4846 4843 4847
f 5155 5153 5154
f 1729 1730 1726
f 1729 1726 1724
f 3299 3309 3304
f 3320 3319 3303
f 4403 4391 4402
f 2999 3000 2998
f 3076 3078 3074
f 3000 3001 2998
f 2998 3001 2992
f 3001 2994 2992
f 103 90 93
f 3001 3002 2994
f 4396 4401 4405
f 2401 2437 2433
f 2841 2829 2840
f 2470 2473 2474
f 2474 2473 2475
f 5179 5180 5181
f 5180 5182 5181
f 2470 2469 2473
f 2827 2830 2829
f 2830 2856 2857
f 2232 2274 2275
f 298 306 313
f 313 306 340
f 106 73 72
f 72 71 62
f 123 86 105
f 2712 2715 2714
f 2711 2719 2721
f 2711 2721 2712
f 2128 2136 2124
f 2138 2136 2137
f 810 811 797
f 128 84 125
f 127 130 128
f 131 144 130
f 1681 1678 1668
f 131 143 144
f 1678 1679 1669
f 1669 1679 1680
f 163 161 150
f 2063 2064 2061
f 2503 2507 2505
f 2503 2505 2504
f 2062 2065 2063
f 5534 5536 5537
f 5484 5482 5499
f 5533 5535 5534
f 4453 4454 4455
f 5483 5482 5484
f 5525 5528 5516
f 2650 2646 2645
f 2639 2635 2640
f 2625 2635 2639
f 3010 3009 3004
f 3004 3009 3005
f 3303 3296 3302
f 2584 2582 2585
f 4402 4391 4389
f 2589 2583 2595
f 4392 4390 4391
f 4400 4393 4392
f 4392 4393 4390
f 2600 2604 2602
f 90 92 93
f 4396 4400 4401
f 2833 2829 2831
f 2829 2830 2831
f 5182 5184 5181
f 2082 2094 2092
f 2470 2468 2469
f 60 65 66
f 2469 2468 2467
f 299 298 311
f 298 313 311
f 60 62 63
f 73 71 72
f 71 64 62
f 3246 3257 3256
f 105 78 73
f 2712 2721 2722
f 2712 2722 2715
f 86 78 105
f 2719 2723 2721
f 2149 2147 2138
f 797 811 805
f 1667 1683 1682
f 1681 1682 1678
f 750 745 751
f 2514 2523 2518
f 2508 2507 2503
f 5536 5538 5537
f 5537 5538 5539
f 5555 5561 5560
f 5551 5552 5549
f 5535 5536 5534
f 5479 5482 5483
f 4843 4849 4847
f 2644 2645 2646
f 2642 2625 2639
f 3009 3011 3005
f 3304 3309 3308
f 3302 3296 3299
f 4390 4389 4391
f 2605 2604 2600
f 3000 3003 3001
f 4400 4396 4393
f 3003 3002 3001
f 2602 2604 2607
f 2604 2610 2607
f 90 74 91
f 2081 2084 2082
f 2082 2095 2094
f 2471 2468 2470
f 312 299 311
f 312 311 319
f 60 63 65
f 2232 2235 2274
f 2275 2274 2276
f 2130 2132 2183
f 62 64 63
f 2274 2277 2276
f 73 75 71
f 2127 2126 2129
f 1451 1446 1453
f 78 75 73
f 4111 4112 4113
f 86 77 78
f 2147 2143 2138
f 84 77 85
f 143 147 144
f 150 160 152
f 152 153 142
f 142 153 141
f 2514 2515 2523
f 5095 5096 5097
f 5152 5151 5147
f 2639 2641 2642
f 3309 3312 3308
f 4389 4383 4388
f 4390 4383 4389
f 4396 4395 4393
f 2383 2384 2385
f 2084 2085 2082
f 2082 2085 2095
f 2830 2832 2831
f 2471 2472 2468
f 2453 2467 2468
f 2235 2273 2274
f 2132 2188 2184
f 2183 2132 2184
f 2453 2464 2467
f 2453 2455 2464
f 2126 2132 2130
f 2129 2126 2130
f 2464 2455 2458
f 2181 2156 2173
f 2127 2124 2126
f 2173 2156 2151
f 2151 2150 2147
f 2465 2466 2461
f 78 77 75
f 130 149 128
f 147 148 144
f 161 160 150
f 152 162 153
f 141 153 147
f 2505 2512 2513
f 2505 2513 2514
f 2505 2507 2512
f 5511 5506 5509
f 4849 4850 4847
f 5153 5150 5151
f 4157 4156 4158
f 4355 4354 4350
f 4155 4148 4156
f 2627 2621 2620
f 3296 3294 3299
f 3299 3298 3309
f 4390 4384 4383
f 4393 4394 4390
f 3002 3003 3006
f 2833 2831 2835
f 2835 2831 2834
f 2249 2246 2245
f 2831 2832 2834
f 2830 2859 2832
f 2459 2453 2468
f 312 343 315
f 2459 2454 2453
f 2453 2454 2455
f 2136 2140 2124
f 2455 2456 2458
f 2151 2156 2150
f 75 76 71
f 1692 1691 1690
f 128 82 84
f 84 82 77
f 82 81 77
f 144 149 130
f 2513 2515 2514
f 5096 5098 5097
f 2507 2517 2512
f 5499 5506 5511
f 5470 5468 5471
f 1405 1399 1404
f 1404 1406 1405
f 4849 4851 4850
f 4157 4158 4160
f 1404 1407 1406
f 1406 1407 1408
f 1408 1409 1406
f 4155 4154 4148
f 2642 2626 2625
f 3009 3012 3011
f 1182 1181 1180
f 4388 4383 4380
f 3296 3293 3294
f 3309 3298 3312
f 3299 3294 3298
f 4394 4386 4390
f 4386 4384 4390
f 2605 2616 2604
f 2400 2439 2411
f 2604 2615 2610
f 3837 3835 3836
f 2246 2243 2245
f 1389 1373 1388
f 64 96 63
f 2454 2456 2455
f 2124 2125 2126
f 71 83 64
f 2144 2145 2136
f 2145 2140 2136
f 2140 2125 2124
f 2458 2460 2461
f 2461 2460 2465
f 77 79 76
f 148 149 144
f 160 162 152
f 153 164 147
f 3221 3222 3223
f 5448 5449 5443
f 5478 5479 5480
f 5499 5505 5506
f 4351 4350 4344
f 1404 1410 1407
f 4153 4148 4152
f 5087 5088 5089
f 4159 4154 4155
f 4154 4149 4148
f 4940 4941 4942
f 3296 3297 3293
f 3312 3300 3313
f 3312 3298 3300
f 74 100 91
f 2832 2839 2834
f 884 868 880
f 2859 2839 2832
f 1373 1374 1375
f 1388 1373 1375
f 63 96 65
f 2132 2164 2176
f 2132 2126 2133
f 64 97 96
f 64 83 97
f 2143 2150 2144
f 2456 2460 2458
f 1703 1688 1691
f 1691 1688 1690
f 1690 1688 1689
f 76 79 80
f 77 81 79
f 82 87 81
f 95 82 128
f 149 95 128
f 147 164 148
f 4189 4184 4190
f 153 162 164
f 5506 5507 5508
f 4799 4798 4801
f 5505 5507 5506
f 5499 5481 5505
f 5146 5147 5148
f 5479 5481 5482
f 1398 1410 1404
f 5089 5090 5091
f 1407 1415 1408
f 5089 5088 5090
f 4946 4939 4940
f 4148 4150 4151
f 4148 4151 4152
f 4940 4939 4944
f 4940 4944 4941
f 9 10 11
f 2660 2623 2626
f 2710 2709 2707
f 3159 3161 3166
f 3294 3292 3298
f 3298 3292 3300
f 3300 3314 3313
f 4394 4399 4387
f 4394 4387 4386
f 4902 4898 4901
f 3003 3007 3006
f 4397 4398 4395
f 3007 3008 3006
f 4900 4899 4906
f 3835 3830 3836
f 872 868 884
f 2132 2133 2164
f 1373 1382 1372
f 2125 2134 2126
f 1373 1370 1374
f 94 98 83
f 76 80 83
f 87 107 81
f 4186 4185 4187
f 148 165 149
f 4189 4182 4184
f 1397 1399 1400
f 4378 4344 4347
f 4377 4378 4347
f 1397 1398 1399
f 1397 1402 1398
f 5478 5481 5479
f 4344 4338 4343
f 4850 4851 4852
f 5092 5089 5091
f 4372 4371 4369
f 1408 1415 1422
f 4941 4943 4942
f 2708 2707 2709
f 3297 3322 3293
f 3293 3292 3294
f 4384 4385 4381
f 3300 3295 3314
f 4386 4385 4384
f 4387 4385 4386
f 4898 4900 4901
f 4898 4899 4900
f 3831 3830 3835
f 2253 2248 2254
f 2846 2843 2845
f 2839 2844 2843
f 2237 2240 2271
f 2839 2854 2844
f 4367 4328 4374
f 5190 5191 5192
f 871 870 879
f 667 664 669
f 2165 2164 2133
f 2126 2134 2133
f 2145 2141 2140
f 2140 2141 2125
f 4367 4366 4328
f 2454 2457 2456
f 1372 1370 1373
f 2457 2462 2456
f 98 97 83
f 1382 1381 1372
f 2456 2462 2463
f 80 94 83
f 4183 4185 4186
f 4243 4240 4242
f 81 107 108
f 4244 4243 4242
f 107 109 108
f 4198 4181 4199
f 4799 4802 4800
f 4347 4343 4345
f 1402 1403 1398
f 5467 5469 5468
f 1398 1403 1410
f 1415 1414 1422
f 4951 4948 4950
f 4944 4943 4941
f 2708 2704 2707
f 2707 2704 2705
f 2659 2668 2611
f 2668 2671 2611
f 3293 3286 3292
f 3292 3295 3300
f 4337 4313 4309
f 4274 4273 4270
f 4273 4272 4270
f 3295 3311 3314
f 3311 3295 3301
f 4904 4903 4902
f 4274 4275 4273
f 4903 4898 4902
f 632 622 640
f 2838 2843 2846
f 2843 2844 2845
f 671 670 668
f 2135 2169 2133
f 2165 2166 2164
f 2133 2168 2165
f 2133 2169 2168
f 4328 4366 4334
f 1387 1381 1382
f 4366 4364 4334
f 1705 1704 1703
f 1372 1368 1370
f 1703 1704 1688
f 1372 1381 1368
f 1368 1369 1370
f 1688 1684 1689
f 4242 4240 4241
f 1381 1380 1368
f 120 95 149
f 149 166 120
f 87 118 109
f 4199 4181 4175
f 1401 1397 1400
f 5507 5510 5508
f 1401 1402 1397
f 4345 4343 4342
f 4345 4342 4346
f 4342 4338 4341
f 1403 1411 1410
f 4338 4340 4341
f 1412 1413 1410
f 1411 1412 1410
f 3323 3287 3293
f 1200 1190 1198
f 4603 4602 4604
f 4270 4272 4271
f 1202 1194 1200
f 4904 4905 4903
f 2403 2399 2402
f 618 622 631
f 617 631 644
f 631 622 632
f 2849 2845 2850
f 4323 4316 4315
f 641 611 617
f 641 610 611
f 2145 2155 2141
f 2135 2170 2169
f 2169 2170 2166
f 682 693 695
f 695 693 696
f 1705 1706 1704
f 1381 1387 1386
f 4364 4330 4334
f 4241 4240 4239
f 1688 1685 1684
f 1684 1686 1687
f 1381 1386 1380
f 108 111 112
f 1368 1371 1369
f 120 119 95
f 3948 3941 3947
f 109 110 108
f 1380 1383 1377
f 1380 1377 1368
f 1368 1376 1371
f 1368 1377 1376
f 1383 1384 1377
f 1377 1384 1379
f 1377 1378 1376
f 1376 1378 1385
f 1377 1379 1378
f 4376 4347 4348
f 4347 4345 4348
f 1401 1395 1402
f 4345 4346 4348
f 1403 1418 1411
f 1411 1417 1412
f 4340 4357 4341
f 1412 1417 1414
f 1414 1421 1422
f 4939 4936 4938
f 4948 4949 4950
f 4943 4947 4948
f 4944 4945 4943
f 4932 4929 4931
f 2705 2704 2698
f 2698 2699 2700
f 2699 2702 2700
f 3293 3287 3286
f 2700 2702 2703
f 3286 3285 3292
f 2703 2702 2706
f 3292 3291 3295
f 3295 3291 3301
f 2256 2252 2253
f 2253 2252 2248
f 3831 3828 3830
f 3828 3829 3830
f 4323 4318 4316
f 4324 4325 4321
f 2155 2142 2141
f 2141 2142 2134
f 2134 2142 2135
f 646 639 645
f 1435 1391 1396
f 1704 1685 1688
f 4239 4240 4236
f 1686 1693 1687
f 1684 1685 1686
f 4175 4168 4200
f 111 113 112
f 4363 4332 4330
f 95 119 87
f 3949 3941 3948
f 109 118 110
f 1390 1392 1393
f 4362 4360 4332
f 1393 1394 1395
f 1402 1395 1418
f 1402 1418 1403
f 1411 1418 1417
f 1414 1417 1421
f 4936 4937 4938
f 4947 4949 4948
f 4944 4937 4945
f 2704 2701 2698
f 2701 2699 2698
f 3287 3283 3286
f 4595 4602 4603
f 4595 4601 4602
f 1013 1010 1007
f 3292 3285 3291
f 4323 4321 4318
f 675 673 671
f 1435 1431 1391
f 4235 4239 4236
f 4235 4236 4237
f 1685 1699 1686
f 1686 1699 1693
f 1687 1693 1694
f 4170 4166 4168
f 4166 4167 4168
f 4168 4167 4169
f 120 121 119
f 1396 1391 1390
f 110 111 108
f 1390 1391 1392
f 1392 1394 1393
f 4357 4358 4353
f 4947 4945 4949
f 2744 2755 2757
f 3286 3283 3285
f 4595 4596 4597
f 3291 3279 3301
f 2252 2251 2248
f 3829 3828 3832
f 2247 2251 2266
f 2178 2182 2160
f 2178 2160 2155
f 2155 2160 2142
f 4171 4166 4170
f 1685 1700 1699
f 1699 1702 1693
f 1693 1695 1694
f 4330 4331 4329
f 111 117 113
f 3941 3943 3947
f 110 114 111
f 118 114 110
f 1394 1419 1395
f 1419 1418 1395
f 1418 1424 1423
f 1418 1423 1417
f 1417 1423 1421
f 3635 3636 3637
f 3660 3638 3636
f 2757 2755 2759
f 4597 4601 4595
f 3279 3278 3301
f 3828 3833 3832
f 1441 1431 1442
f 673 672 670
f 4322 4326 4336
f 666 672 707
f 850 851 843
f 1431 1430 1391
f 851 869 840
f 1697 1694 1696
f 1694 1695 1696
f 121 122 119
f 3949 3942 3941
f 1392 1420 1394
f 3637 3641 3648
f 1423 1427 1421
f 3638 3637 3636
f 3283 3284 3285
f 3285 3288 3289
f 3285 3289 3291
f 628 633 626
f 1441 1438 1431
f 1431 1438 1432
f 1432 1430 1431
f 1430 1429 1391
f 1702 1701 1693
f 1693 1698 1695
f 111 114 117
f 1391 1429 1392
f 3941 3942 3943
f 1394 1420 1419
f 1419 1426 1425
f 1419 1425 1418
f 1418 1425 1424
f 3637 3640 3641
f 2742 2740 2744
f 2744 2740 2755
f 2755 2756 2759
f 2759 2756 2760
f 3284 3288 3285
f 4597 4599 4601
f 3291 3289 3279
f 2258 2259 2252
f 633 636 624
f 2252 2259 2261
f 1444 1443 1441
f 1443 1438 1441
f 1693 1701 1698
f 1695 1698 1696
f 4173 4201 4174
f 1392 1429 1420
f 3673 3653 3667
f 3658 3642 3639
f 2746 2747 2743
f 2755 2740 2756
f 2261 2269 2262
f 1439 1437 1438
f 1438 1437 1432
f 1432 1433 1430
f 863 861 874
f 1430 1433 1429
f 2906 2907 2908
f 1429 1436 1420
f 3661 3681 3655
f 3681 3686 3655
f 3655 3686 3653
f 3942 3944 3943
f 3284 3290 3288
f 4596 4598 4597
f 4597 4598 4599
f 4599 4598 4600
f 3279 3276 3278
f 1443 1439 1438
f 1432 1437 1434
f 3678 3681 3682
f 2742 2736 2740
f 2760 2756 2758
f 3710 3709 3711
f 3289 3276 3279
f 2259 2264 2261
f 3276 3277 3278
f 2264 2265 2261
f 2740 2739 2756
f 2735 2758 2756
f 3288 3270 3289
f 3289 3270 3276
f 3691 3689 3692
f 3696 3691 3692
f 3679 3688 3685
f 3685 3688 3693
f 2740 2736 2739
f 2739 2735 2756
f 3288 3290 3270
f 3276 3275 3277
f 3290 3280 3270
f 2743 2745 2736
f 3270 3272 3276
f 3276 3272 3275
f 2735 2737 2758
f 2758 2737 2754
f 3272 3274 3275
f 2741 2738 2736
f 2736 2738 2737
f 3280 3273 3270
f 3270 3271 3272
f 3272 3271 3274
f 2737 2730 2734
f 2737 2734 2754
f 3270 3273 3271
f 2737 2738 2730
f 3271 3281 3274
f 3271 3282 3281
f 4718 4709 4696
f 3399 3398 3403
f 4702 4707 4708
f 3881 3880 3876
f 5217 5218 5219
f 3891 3881 3898
f 3337 3339 3336
f 3880 3900 3877
f 3343 3339 3337
f 3898 3881 3876
f 3876 3880 3877
f 4695 4707 4701
f 4701 4707 4702
f 4702 4710 4706
f 3871 3877 3878
f 4696 4707 4695
f 4706 4710 4712
f 3609 3622 3621
f 3871 3878 3879
f 4699 4696 4692
f 4692 4696 4695
f 3340 3337 3328
f 3334 3336 3335
f 3883 3876 3869
f 3869 3871 3870
f 4698 4699 4692
f 4702 4706 4704
f 4878 4877 4873
f 4412 4418 4413
f 3863 3888 3869
f 4697 4698 4692
f 4692 4695 4693
f 4701 4702 4703
f 4703 4702 4704
f 3611 3615 3609
f 4873 4877 4874
f 2546 2543 2550
f 1837 1836 1838
f 4419 4418 4412
f 4412 4413 4414
f 992 997 995
f 4700 4698 4697
f 994 995 996
f 4695 4701 4694
f 4693 4695 4694
f 4694 4701 4703
f 969 982 970
f 3884 3874 3867
f 3882 3875 3893
f 1003 997 991
f 991 997 992
f 3869 3870 3858
f 3858 3870 3872
f 992 995 994
f 4697 4692 4691
f 4691 4692 4693
f 357 411 410
f 357 410 360
f 984 982 969
f 3611 3609 3610
f 965 970 971
f 3874 3875 3873
f 3867 3874 3873
f 3873 3875 3882
f 1840 1837 1838
f 1834 1836 1835
f 3863 3857 3855
f 1830 1832 1823
f 1825 1830 1823
f 3858 3872 3859
f 994 996 1004
f 402 411 357
f 969 970 965
f 3605 3606 3607
f 965 971 972
f 4872 4873 4874
f 2547 2542 2549
f 3865 3867 3873
f 3864 3863 3855
f 1839 1835 1837
f 1002 1003 991
f 3856 3857 3858
f 992 994 993
f 1084 1087 1083
f 1087 1086 1083
f 4691 4693 4694
f 988 989 985
f 4705 4694 4703
f 985 982 984
f 987 985 984
f 3617 3616 3612
f 3616 3611 3612
f 3363 3351 3347
f 3612 3611 3610
f 4875 4873 4872
f 973 972 971
f 973 971 976
f 1833 1835 1839
f 1834 1835 1833
f 3855 3857 3856
f 1001 1002 991
f 1825 1823 1822
f 1827 1828 1826
f 1826 1825 1822
f 3856 3858 3859
f 1086 1089 1088
f 3618 3610 3613
f 3613 3610 3605
f 3866 3867 3865
f 2210 2214 2213
f 2210 2213 2211
f 3788 3789 3784
f 1822 1823 1824
f 3784 3789 3790
f 1829 1828 1827
f 1827 1826 1822
f 3968 3971 3970
f 1077 1084 1083
f 1083 1086 1038
f 1038 1086 1088
f 1091 1088 1090
f 2881 2883 2882
f 4875 4872 4876
f 973 976 979
f 3886 3885 3868
f 3885 3866 3868
f 2541 2547 2548
f 3865 3864 3853
f 1843 1839 1840
f 2210 2211 2212
f 1075 1076 1077
f 3970 3969 3968
f 991 992 993
f 4057 4062 4059
f 4059 4062 4063
f 3938 3937 3934
f 1081 1083 1038
f 3934 3937 3935
f 3934 3935 3936
f 988 985 987
f 3936 3935 3939
f 3936 3939 3940
f 1277 1272 1268
f 987 984 983
f 1038 1088 1040
f 984 969 964
f 2898 2890 2889
f 3361 3355 3356
f 3409 3361 3391
f 3868 3866 3861
f 3866 3865 3861
f 3861 3865 3853
f 3855 3856 3854
f 2217 2216 2218
f 1833 1839 1841
f 1841 1839 1843
f 3791 3788 3783
f 3982 3973 3974
f 3974 3973 3972
f 3972 3973 3971
f 3971 3968 3972
f 1075 1077 1081
f 1077 1083 1081
f 998 993 994
f 4058 4057 4059
f 2880 2881 2882
f 2880 2882 2885
f 964 969 965
f 1026 1058 1019
f 1019 1058 1020
f 4096 4098 4097
f 3886 3868 3887
f 3895 3894 3886
f 1842 1833 1841
f 1078 1076 1075
f 3983 3982 3979
f 991 993 999
f 1913 1897 1912
f 999 993 998
f 4060 4056 4058
f 4056 4057 4058
f 994 1004 1005
f 2478 2483 2481
f 968 972 973
f 974 973 979
f 3899 3894 3895
f 4892 4893 4894
f 3887 3861 3889
f 3852 3861 3853
f 3853 3855 3854
f 3850 3853 3854
f 2212 2217 2222
f 2222 2217 2218
f 3981 3983 3979
f 3979 3982 3974
f 1001 991 1000
f 3989 3983 3981
f 3783 3784 3785
f 1847 1829 1845
f 1844 1822 1824
f 1824 1846 1844
f 1845 1829 1827
f 1827 1822 1844
f 1029 1081 1027
f 3203 3206 3204
f 4061 4060 4058
f 1027 1081 1038
f 986 988 987
f 1027 1038 1024
f 1038 1040 1024
f 889 890 891
f 1026 1024 1040
f 1019 1024 1026
f 2898 2889 2888
f 1017 1019 1020
f 965 972 968
f 1022 1064 1057
f 968 973 974
f 974 979 980
f 980 979 981
f 4096 4095 4094
f 2793 2795 2794
f 3886 3887 3889
f 2794 2795 2798
f 3852 3853 3850
f 2219 2210 2212
f 922 935 932
f 3985 3989 3981
f 3974 3972 3975
f 1845 1827 1844
f 1000 991 999
f 3972 3968 3975
f 3975 3968 3976
f 1029 1075 1081
f 998 994 1005
f 3203 3204 3205
f 990 988 986
f 3203 3205 3208
f 1287 1267 1275
f 1287 1275 1293
f 3209 3208 3210
f 2880 2885 2886
f 2880 2886 2887
f 1023 1019 1018
f 1017 1018 1019
f 964 965 966
f 2900 2898 2888
f 1022 1017 1020
f 897 898 899
f 2896 2898 2900
f 1056 1022 1057
f 1046 1022 1056
f 2338 2339 2334
f 3743 3734 3729
f 3734 3731 3729
f 3729 3731 3730
f 2791 2793 2794
f 2791 2792 2793
f 2790 2792 2791
f 1128 1147 1146
f 1079 1078 1075
f 2219 2212 2220
f 2212 2222 2221
f 932 957 928
f 923 922 932
f 3786 3785 3787
f 1079 1075 1029
f 3977 3974 3975
f 943 958 934
f 921 922 920
f 1025 1028 1027
f 1025 1027 1024
f 1293 1275 1294
f 1023 1025 1024
f 890 893 891
f 983 984 964
f 1042 1074 1043
f 1042 1043 1018
f 2888 2880 2887
f 1021 1042 1018
f 1021 1018 1017
f 897 896 898
f 1067 1042 1021
f 1045 1067 1021
f 1022 1021 1017
f 2905 2900 2888
f 1045 1021 1022
f 2904 2900 2905
f 2896 2900 2901
f 2901 2900 2904
f 1046 1045 1022
f 1047 1045 1046
f 2895 2896 2901
f 2893 2892 2894
f 2893 2894 2895
f 1048 1047 1046
f 2891 2892 2893
f 2340 2339 2338
f 3375 3373 3374
f 2340 2341 2342
f 4099 4096 4094
f 4087 4101 4093
f 2961 2959 2963
f 5072 5074 5073
f 4987 4985 4984
f 4988 4987 4984
f 5071 5051 5072
f 5086 5084 5083
f 5083 5084 5085
f 5267 5265 5266
f 3889 3861 3862
f 3862 3861 3852
f 2787 2790 2788
f 2788 2790 2791
f 330 322 321
f 1080 1078 1079
f 323 325 324
f 1146 1143 1125
f 3981 3979 3980
f 3980 3979 3978
f 3978 3979 3974
f 2220 2212 2221
f 923 932 928
f 3978 3974 3977
f 920 922 923
f 920 923 924
f 924 923 928
f 943 934 937
f 934 921 933
f 917 921 920
f 326 329 328
f 933 921 917
f 917 920 913
f 920 924 925
f 925 924 926
f 1028 1029 1027
f 913 920 925
f 929 925 926
f 913 925 929
f 913 929 930
f 1041 1028 1025
f 987 983 986
f 1070 1041 1025
f 1070 1025 1043
f 1043 1025 1023
f 893 894 891
f 966 965 968
f 1047 1049 1045
f 968 974 975
f 2895 2901 2904
f 1048 1049 1047
f 3374 3405 3406
f 4636 4640 4639
f 1068 1049 1050
f 1050 1049 1048
f 975 974 980
f 1050 1048 1059
f 2960 2959 2961
f 4420 4423 4421
f 3729 3730 3728
f 1320 1324 1323
f 5073 5071 5072
f 4984 4985 4986
f 3922 3924 3923
f 3890 3889 3862
f 4549 4572 4573
f 4571 4572 4549
f 3849 3852 3850
f 321 322 254
f 254 322 323
f 323 324 254
f 254 324 327
f 1125 1143 1139
f 3984 3985 3981
f 1035 1079 1029
f 936 938 937
f 924 928 927
f 936 937 934
f 553 554 555
f 554 557 555
f 936 934 933
f 334 328 329
f 947 936 933
f 945 933 919
f 926 924 927
f 926 927 944
f 1030 1029 1028
f 272 271 355
f 919 933 917
f 915 919 917
f 3212 3218 3217
f 915 917 913
f 930 929 931
f 1061 1044 1041
f 1044 1031 1041
f 1031 1028 1041
f 946 915 950
f 1071 1061 1041
f 915 894 950
f 894 915 908
f 908 915 913
f 986 983 967
f 891 908 896
f 967 983 964
f 967 964 966
f 3376 3374 3406
f 1062 1068 1050
f 1060 1050 1059
f 4796 4791 4787
f 2962 2958 2960
f 2958 2959 2960
f 2960 2961 2966
f 2977 2961 2984
f 5078 5081 5080
f 3732 3729 3725
f 3729 3728 3725
f 3728 3726 3725
f 3725 3726 3727
f 5049 5071 5052
f 3920 3921 3922
f 3921 3920 3916
f 3920 3922 3923
f 3916 3920 3915
f 3860 3862 3852
f 3860 3852 3849
f 3262 3267 3263
f 257 321 255
f 321 254 255
f 2787 2788 2789
f 1039 1079 1035
f 3981 3980 3984
f 3991 3990 3988
f 3988 3990 3987
f 3987 3985 3986
f 3986 3985 3984
f 938 941 940
f 938 940 937
f 940 942 937
f 558 554 552
f 939 938 936
f 553 552 554
f 939 936 952
f 947 933 945
f 269 271 272
f 1031 1030 1028
f 3211 3215 3212
f 945 919 915
f 946 945 915
f 3212 3217 3213
f 949 946 950
f 3213 3217 3219
f 908 913 911
f 911 913 930
f 1113 1114 1106
f 911 930 931
f 908 911 907
f 896 908 907
f 898 896 907
f 898 907 904
f 900 903 902
f 5116 5120 5118
f 2903 2893 2902
f 1709 1708 1713
f 1062 1050 1060
f 1063 1066 1062
f 3377 3376 3381
f 1063 1060 1059
f 1063 1059 1072
f 5126 5128 5127
f 4089 4088 4090
f 4088 4092 4091
f 5109 5110 5111
f 4787 4791 4778
f 2977 2966 2961
f 1503 1502 1500
f 2977 2984 2983
f 3597 3604 3599
f 3597 3599 3598
f 4420 4421 4422
f 3735 3725 3727
f 5049 5052 5048
f 1337 1318 1316
f 3727 3726 3733
f 5054 5051 5050
f 5050 5051 5049
f 3915 3914 3916
f 3849 3850 3851
f 1080 1079 1039
f 3978 3977 4000
f 327 328 334
f 559 558 552
f 1030 1035 1029
f 1856 1854 1850
f 955 939 952
f 952 936 947
f 553 555 556
f 1925 1914 1881
f 268 270 269
f 947 945 946
f 3211 3212 3213
f 948 947 946
f 601 604 602
f 948 946 949
f 600 601 602
f 948 959 951
f 1099 1113 1106
f 909 911 918
f 911 931 918
f 907 911 909
f 1898 1899 1866
f 1866 1899 1873
f 967 966 968
f 4634 4636 4633
f 1709 1713 1711
f 5124 5118 5126
f 1063 1062 1060
f 3380 3377 3381
f 5127 5128 5133
f 4090 4088 4085
f 2877 2868 2867
f 2867 2868 2866
f 2866 2872 2869
f 4778 4777 4776
f 2965 2962 2964
f 2964 2962 2960
f 2964 2960 2966
f 5079 5078 5080
f 3600 3597 3596
f 2977 2983 2978
f 5079 5034 5078
f 1326 1327 1321
f 1502 1509 1514
f 1321 1315 1326
f 3735 3727 3736
f 5049 5048 5039
f 3916 3914 3925
f 4425 4426 4427
f 1308 1306 1307
f 3736 3733 3737
f 5053 5055 5054
f 5053 5054 5050
f 1300 1306 1308
f 3737 3733 3738
f 3913 3914 3915
f 3913 3915 3918
f 3738 3740 3739
f 3915 3920 3918
f 2796 2787 2789
f 3988 3987 3986
f 3980 3978 3995
f 1033 1035 1030
f 4011 3991 4004
f 252 260 259
f 1032 1030 1031
f 267 268 269
f 1044 1034 1031
f 960 954 956
f 954 952 953
f 1051 1061 1069
f 599 556 601
f 956 954 953
f 953 952 951
f 951 952 947
f 3211 3213 3214
f 951 947 948
f 5381 5380 5382
f 599 601 600
f 904 907 909
f 967 968 978
f 968 975 977
f 903 904 905
f 903 905 914
f 4631 4634 4633
f 5117 5116 5118
f 1713 1714 1711
f 5117 5118 5124
f 5124 5126 5127
f 2862 2878 2867
f 2863 2867 2866
f 1498 1516 1504
f 2874 2875 2862
f 2875 2878 2862
f 2967 2964 2981
f 2981 2964 2966
f 2981 2966 2975
f 2975 2966 2977
f 2975 2977 2976
f 3595 3596 3597
f 3595 3597 3598
f 3595 3598 3603
f 2976 2977 2978
f 2976 2978 2979
f 4425 4427 4441
f 5053 5050 5039
f 3917 3925 3914
f 4551 4550 4545
f 1309 1301 1300
f 5056 5055 5053
f 3917 3914 3913
f 3737 3738 3739
f 3917 3913 3918
f 3917 3918 3919
f 5307 5308 5309
f 3892 3849 3851
f 1082 1080 1039
f 3794 3800 3792
f 2796 2789 2797
f 1033 1039 1035
f 1085 1039 1033
f 1270 1276 1264
f 3994 3984 3980
f 3995 3978 4000
f 1032 1033 1030
f 253 252 259
f 559 552 547
f 1034 1032 1031
f 548 552 553
f 267 269 275
f 275 269 273
f 1051 1034 1044
f 599 548 553
f 599 553 556
f 954 955 952
f 1051 1044 1061
f 3214 3213 3220
f 5395 5398 5397
f 5396 5395 5397
f 586 599 600
f 909 918 916
f 1903 1898 1865
f 906 909 916
f 904 909 906
f 1920 1899 1900
f 905 904 906
f 978 968 977
f 4635 4633 4638
f 4626 4629 4628
f 1508 1516 1498
f 2862 2867 2863
f 2864 2866 2869
f 4782 4797 4780
f 2965 2964 2967
f 1500 1502 1501
f 2967 2981 2982
f 2970 2981 2975
f 4776 4775 4779
f 5033 5034 5079
f 1502 1513 1512
f 3595 3600 3596
f 2972 2970 2975
f 2972 2975 2976
f 210 224 220
f 220 224 225
f 1310 1302 1309
f 1310 1309 1314
f 1309 1313 1314
f 3737 3739 3742
f 4443 4446 4439
f 4578 4570 4551
f 2501 2491 2494
f 4508 4504 4507
f 4279 4282 4280
f 5260 5244 5246
f 1082 1039 1085
f 1284 1295 1279
f 1284 1279 1276
f 3994 3980 3995
f 1036 1033 1032
f 253 259 262
f 3995 4000 4001
f 502 559 547
f 273 272 338
f 339 273 338
f 5378 5375 5377
f 547 552 548
f 5379 5377 5380
f 5394 5399 5398
f 5394 5398 5395
f 583 599 586
f 1097 1095 1096
f 916 918 912
f 905 906 910
f 905 910 914
f 5119 5116 5115
f 5115 5116 5117
f 4626 4628 4627
f 5124 5125 5117
f 5130 5125 5124
f 5127 5133 5134
f 5134 5133 5135
f 2861 2862 2863
f 2863 2866 2864
f 2864 2869 2870
f 2874 2862 2873
f 4248 4249 4246
f 2968 2965 2967
f 1501 1502 1512
f 2969 2982 2970
f 2982 2981 2970
f 5031 5033 5011
f 201 202 210
f 210 220 204
f 3601 3600 3595
f 3602 3601 3595
f 5011 5033 5012
f 2969 2970 2971
f 220 225 222
f 222 225 227
f 4767 4770 4772
f 5012 5046 5029
f 2971 2970 2972
f 188 239 200
f 4765 4771 4768
f 2489 2490 2491
f 244 246 242
f 4507 4504 4506
f 4641 4642 4643
f 4278 4281 4279
f 4278 4279 4280
f 1034 1036 1032
f 5375 5376 5377
f 502 547 498
f 275 273 339
f 547 548 497
f 548 599 583
f 497 548 583
f 583 586 585
f 1104 1108 1123
f 906 916 912
f 906 912 910
f 4632 4631 4633
f 5115 5117 5125
f 4625 4626 4624
f 4624 4626 4627
f 5129 5130 5124
f 5131 5130 5129
f 5129 5124 5127
f 5129 5127 5134
f 3117 3113 3116
f 4582 4523 4583
f 2861 2863 2864
f 2861 2864 2865
f 2865 2864 2870
f 4251 4246 4250
f 5001 5002 5003
f 4918 4919 4920
f 4245 4246 4247
f 2969 2967 2982
f 5011 5012 5010
f 5063 5076 5069
f 2973 2969 2971
f 192 188 200
f 5012 5029 5016
f 186 239 188
f 4785 4779 4766
f 5212 5213 5210
f 1513 1531 1512
f 4552 4551 4545
f 4544 4552 4545
f 2190 2189 2201
f 4745 4736 4734
f 2492 2499 2490
f 2499 2495 2490
f 2497 2498 2493
f 3577 3578 3575
f 4430 4431 4432
f 4433 4430 4432
f 4281 4278 4284
f 4284 4278 4283
f 4278 4280 4283
f 3796 3794 3795
f 1037 1085 1033
f 3996 3988 3986
f 5373 5351 5372
f 4003 3991 3988
f 4003 3988 3996
f 3986 3984 3994
f 3997 3995 3999
f 3999 3995 4001
f 5373 5372 5374
f 5374 5372 5362
f 263 267 276
f 276 267 275
f 3142 3144 3145
f 657 655 654
f 4632 4633 4635
f 4624 4627 4622
f 5115 5125 5130
f 5163 5164 5165
f 3101 3113 3115
f 1515 1508 1507
f 1507 1508 1497
f 4585 4520 4582
f 2378 2380 2379
f 3905 3906 3904
f 5036 5028 5035
f 5035 5028 5026
f 5026 5028 5027
f 2871 2865 2870
f 5003 5011 5010
f 2974 2968 2967
f 2974 2967 2969
f 2190 2204 2209
f 4252 4245 4247
f 5010 5012 5013
f 5013 5012 5016
f 5013 5016 5021
f 4738 4739 4742
f 5063 5069 5067
f 5067 5069 5068
f 2974 2969 2973
f 4484 4485 4486
f 4484 4486 4487
f 4544 4545 4542
f 186 348 239
f 222 227 240
f 5016 5029 5021
f 5021 5029 5030
f 4438 4433 4434
f 3567 3572 3569
f 249 251 264
f 3797 3793 3798
f 1036 1037 1033
f 3986 3994 3996
f 3996 3994 3997
f 3994 3995 3997
f 1052 1036 1051
f 1051 1036 1034
f 1054 1052 1051
f 4009 4008 4006
f 498 547 497
f 580 583 585
f 3143 3144 3142
f 5121 5119 5115
f 5131 5129 5136
f 5114 5131 5136
f 5136 5129 5137
f 5137 5129 5134
f 5138 5137 5134
f 4084 4080 4082
f 5176 5177 5178
f 3545 3546 3544
f 1497 1496 1493
f 1493 1496 1495
f 4477 4475 4474
f 5026 5027 5024
f 5027 5001 5024
f 5203 5204 5205
f 5001 5003 5004
f 5004 5003 5010
f 4535 4542 4541
f 1510 1512 1523
f 4922 4923 4924
f 4921 4918 4920
f 5229 5230 5231
f 4489 4485 4484
f 4587 4544 4537
f 2985 2974 2980
f 1523 1512 1527
f 2980 2974 2973
f 2980 2973 2986
f 1512 1531 1532
f 1527 1512 1532
f 3927 3933 3931
f 1532 1531 1558
f 243 242 256
f 4773 4763 4762
f 3567 3569 3568
f 265 256 249
f 3568 3569 3571
f 485 487 472
f 1053 1037 1036
f 4004 4003 4005
f 263 276 352
f 4006 4004 4005
f 498 499 502
f 276 275 352
f 496 497 583
f 580 496 583
f 1102 1101 1093
f 1105 1104 1123
f 4625 4624 4621
f 4621 4624 4622
f 5130 5131 5113
f 5113 5131 5114
f 5136 5137 5138
f 3113 3107 3114
f 2366 2372 2349
f 4994 4993 4995
f 3155 3156 3154
f 3540 3541 3534
f 3903 3905 3904
f 4472 4474 4473
f 5024 5001 5005
f 5005 5001 5004
f 190 187 192
f 221 222 236
f 4590 4587 4588
f 4588 4587 4537
f 5065 5063 5067
f 4922 4924 4926
f 179 351 186
f 2987 2980 2988
f 241 242 243
f 265 249 264
f 3568 3571 3573
f 3183 3184 3185
f 1278 1281 1282
f 349 262 263
f 3998 3996 3997
f 5220 5221 5222
f 1273 1278 1274
f 350 263 352
f 495 501 499
f 353 275 339
f 4010 4009 4006
f 495 499 498
f 495 498 497
f 496 495 497
f 496 579 578
f 496 580 579
f 3141 3143 3142
f 4621 4622 4623
f 3103 3104 3100
f 3099 3100 3109
f 5114 5136 5112
f 5112 5136 5138
f 3098 3097 3101
f 5139 5138 5134
f 3101 3097 3107
f 2348 2347 2349
f 3545 3544 3543
f 3533 3538 3530
f 4993 4994 4991
f 1506 1497 1493
f 2310 2313 2315
f 2311 2312 2310
f 3531 3540 3534
f 2354 2352 2350
f 3902 3903 3904
f 2299 2317 2306
f 2299 2306 2305
f 5025 5024 5023
f 5064 5063 5058
f 185 187 189
f 5004 5010 5006
f 5006 5010 5013
f 1592 1595 1587
f 3927 3931 3928
f 3926 3927 3928
f 3566 3567 3568
f 264 262 349
f 349 263 350
f 4003 3996 4002
f 3749 3755 3756
f 3750 3755 3749
f 352 275 353
f 492 495 496
f 577 496 578
f 3141 3142 3139
f 5121 5115 5122
f 5121 5122 5123
f 5123 5122 5113
f 5112 5113 5114
f 5132 5113 5112
f 3099 3110 3097
f 3097 3110 3118
f 3097 3118 3108
f 3107 3097 3108
f 4083 4086 4082
f 4569 4581 4580
f 1518 1515 1507
f 4980 4983 4982
f 4981 4980 4982
f 2344 2347 2348
f 3530 3531 3532
f 1493 1495 1494
f 3535 3534 3536
f 3911 3903 3909
f 3909 3903 3902
f 1495 1510 1511
f 2286 2299 2284
f 5023 5005 5022
f 1511 1510 1520
f 1520 1510 1523
f 4536 4588 4537
f 5058 5063 5059
f 5059 5063 5065
f 5014 5013 5020
f 3926 3928 3929
f 1558 1562 1560
f 1614 1616 1618
f 3563 3560 3562
f 3557 3558 3554
f 3183 3182 3184
f 1618 1616 1619
f 3809 3808 3810
f 1619 1616 1620
f 3767 3755 3750
f 4002 3996 3998
f 3747 3750 3749
f 3748 3747 3749
f 500 501 491
f 491 501 495
f 568 570 543
f 4007 4006 4005
f 491 495 492
f 603 596 584
f 596 589 584
f 5123 5113 5132
f 4528 4569 4540
f 4569 4580 4540
f 1518 1507 1538
f 1538 1507 1506
f 4977 4980 4978
f 4978 4980 4981
f 3532 3533 3530
f 2343 2346 2344
f 3532 3531 3534
f 3532 3534 3535
f 4990 4991 4992
f 2350 2346 2343
f 4534 4535 4529
f 2282 2305 2311
f 2354 2350 2353
f 3535 3536 3537
f 2284 2305 2282
f 3908 3911 3909
f 3909 3902 3910
f 5007 5005 5006
f 2357 2356 2355
f 2356 2354 2355
f 4589 4590 4588
f 1520 1523 1522
f 5006 5013 5014
f 316 240 342
f 342 240 241
f 3057 3058 3056
f 3930 3926 3929
f 3930 3929 3932
f 1613 1612 1614
f 3564 3565 3560
f 3563 3564 3560
f 3560 3565 3561
f 3560 3561 3554
f 3554 3555 3556
f 1614 1612 1616
f 504 500 493
f 350 352 354
f 560 504 503
f 493 500 491
f 3747 3748 3745
f 569 568 549
f 543 560 503
f 577 492 496
f 581 577 578
f 3138 3141 3139
f 3120 3121 3119
f 3120 3119 3111
f 3111 3119 3112
f 2343 2344 2345
f 4977 4978 4979
f 5232 5233 5234
f 4460 4461 4462
f 2351 2350 2343
f 2310 2315 2283
f 2282 2310 2283
f 4463 4461 4464
f 191 189 190
f 3907 3908 3909
f 2285 2286 2284
f 5007 5006 5008
f 3907 3909 3910
f 4589 4588 4536
f 1592 1587 1586
f 1609 1610 1608
f 1608 1610 1611
f 1611 1610 1612
f 3823 3809 3811
f 3812 3806 3813
f 562 567 537
f 537 567 549
f 3745 3746 3747
f 503 504 493
f 549 568 543
f 505 543 503
f 490 491 492
f 490 492 577
f 576 577 581
f 576 581 582
f 1554 1518 1538
f 193 190 196
f 1494 1511 1521
f 2283 2315 2308
f 2283 2308 2292
f 4483 4462 4468
f 2281 2282 2283
f 2285 2284 2281
f 2284 2282 2281
f 1511 1520 1521
f 5009 5007 5008
f 1593 1592 1586
f 5057 5058 5059
f 1607 1609 1608
f 3054 3056 3055
f 1560 1563 1564
f 1615 1618 1617
f 1617 1618 1619
f 2329 2328 2321
f 562 563 539
f 563 562 537
f 3751 3746 3745
f 507 549 543
f 3745 3753 3754
f 493 491 490
f 505 503 494
f 494 503 493
f 494 493 490
f 490 577 576
f 26 25 27
f 27 25 29
f 574 576 584
f 584 576 582
f 3140 3137 3146
f 588 574 584
f 658 659 650
f 1552 1554 1538
f 1538 1506 1539
f 1539 1506 1519
f 1519 1492 1517
f 2367 2370 2371
f 193 196 205
f 4533 4534 4529
f 228 196 223
f 2351 2343 2367
f 3548 3535 3542
f 191 190 193
f 2308 2309 2297
f 3535 3537 3539
f 4953 4964 4954
f 3912 3908 3907
f 1521 1520 1522
f 2287 2286 2285
f 5017 5058 5057
f 4562 4589 4536
f 174 169 173
f 1587 1607 1579
f 1611 1612 1613
f 4644 4645 4646
f 4646 4645 4647
f 4645 4648 4647
f 3054 3055 3053
f 1613 1614 1615
f 4650 4644 4646
f 4647 4648 4649
f 2321 2328 2319
f 1564 1563 1565
f 540 562 539
f 3752 3751 3745
f 537 549 507
f 3752 3745 3777
f 3777 3745 3754
f 507 543 505
f 576 494 490
f 573 494 576
f 574 573 576
f 3140 3146 3147
f 591 574 588
f 1553 1554 1552
f 1517 1492 1491
f 4530 4529 4526
f 1491 1490 1525
f 3552 3551 3548
f 4952 4953 4954
f 3542 3535 3539
f 2281 2283 2292
f 2292 2308 2297
f 2302 2297 2316
f 4954 4963 4957
f 4957 4963 4965
f 1590 1586 1581
f 2358 2353 2368
f 2817 2821 2820
f 2287 2293 2286
f 4562 4536 4561
f 4563 4562 4561
f 1586 1587 1579
f 1579 1607 1608
f 4648 4669 4649
f 3054 3053 3052
f 1613 1615 1617
f 4685 4646 4651
f 4646 4647 4651
f 4651 4647 4649
f 4651 4649 4689
f 3052 3053 3051
f 2318 2321 2319
f 539 563 537
f 3816 3812 3815
f 5226 5227 5228
f 3778 3752 3777
f 3777 3754 3762
f 507 505 506
f 506 505 494
f 22 21 23
f 573 506 494
f 30 29 31
f 575 574 591
f 659 662 661
f 659 661 656
f 594 592 590
f 592 591 590
f 595 592 594
f 1548 1553 1552
f 1539 1519 1543
f 1519 1517 1542
f 4533 4529 4530
f 1491 1525 1529
f 3491 3493 3483
f 3482 3491 3483
f 3552 3553 3551
f 206 193 207
f 3494 3491 3482
f 3482 3483 3480
f 2818 2816 2799
f 3480 3483 3503
f 198 191 206
f 2281 2292 2291
f 2292 2297 2294
f 4955 4957 4966
f 4966 4957 4965
f 2814 2817 2820
f 2359 2357 2358
f 2362 2357 2359
f 550 565 544
f 565 545 544
f 4689 4649 4673
f 4649 4669 4673
f 3052 3051 3050
f 4684 4685 4651
f 2318 2319 2320
f 526 540 512
f 512 540 539
f 456 455 462
f 512 539 537
f 3757 3746 3758
f 508 507 506
f 571 506 573
f 574 571 573
f 572 571 574
f 55 34 54
f 3149 3147 3150
f 587 575 593
f 587 572 575
f 575 572 574
f 3140 3147 3148
f 3148 3147 3149
f 592 575 591
f 1548 1552 1538
f 4530 4526 4531
f 1543 1519 1542
f 1542 1517 1491
f 4053 4054 4055
f 3481 3482 3480
f 2799 2816 2800
f 2294 2297 2298
f 2298 2297 2302
f 4561 4534 4556
f 3496 3494 3495
f 3495 3494 3481
f 3481 3494 3482
f 2294 2291 2292
f 2289 2285 2288
f 1522 1530 1537
f 2814 2820 2812
f 2289 2287 2285
f 5018 5015 5017
f 170 168 167
f 167 168 169
f 167 169 178
f 169 177 178
f 3512 3496 3495
f 1581 1586 1579
f 566 564 551
f 550 564 565
f 538 550 544
f 5311 5316 5315
f 545 546 531
f 4679 4651 4689
f 3050 3051 3049
f 4651 4679 4680
f 2319 2326 2320
f 512 537 510
f 3818 3821 3822
f 510 537 507
f 4035 4047 4026
f 3774 3778 3777
f 510 507 508
f 509 508 506
f 571 509 506
f 53 57 56
f 12 13 14
f 29 43 36
f 29 36 34
f 572 509 571
f 34 53 54
f 54 53 56
f 593 575 592
f 598 593 595
f 595 593 592
f 205 228 237
f 1529 1525 1528
f 4996 5000 4997
f 4285 4287 4288
f 4967 4961 4960
f 1528 1525 1522
f 1590 1581 1588
f 1528 1522 1537
f 2288 2281 2290
f 2300 2288 2290
f 2290 2281 2291
f 2290 2291 2294
f 3501 3495 3481
f 5019 5017 5057
f 551 564 550
f 531 544 545
f 5315 5322 5323
f 3050 3049 3047
f 531 546 540
f 2322 2318 2320
f 3047 3049 3048
f 526 531 540
f 2320 2326 2325
f 511 512 510
f 3779 3778 3774
f 3775 3774 3777
f 3777 3762 3775
f 511 510 508
f 25 24 43
f 527 511 508
f 51 53 34
f 36 51 34
f 2419 2421 2420
f 2420 2421 2422
f 1548 1539 1544
f 1541 1542 1536
f 208 193 205
f 207 193 208
f 1536 1542 1529
f 1536 1529 1534
f 4556 4533 4555
f 1534 1529 1528
f 4996 4997 4998
f 3477 3480 3478
f 3477 3481 3480
f 3476 3481 3477
f 5057 5060 5061
f 3501 3481 3476
f 541 566 551
f 551 550 542
f 542 550 538
f 525 538 544
f 4669 4655 4662
f 525 544 531
f 4688 4689 4673
f 4895 4896 4897
f 3048 3049 3060
f 3060 3049 3061
f 2324 2320 2325
f 514 526 512
f 4048 4051 4034
f 4036 4048 4034
f 513 514 512
f 513 512 511
f 4027 4035 4026
f 21 33 24
f 47 43 24
f 43 47 51
f 528 511 527
f 36 43 51
f 1544 1539 1541
f 4538 4532 4531
f 195 198 212
f 212 198 217
f 217 206 207
f 198 206 217
f 1591 1590 1589
f 2296 2294 2301
f 5436 5437 5435
f 1590 1588 1589
f 2304 2290 2303
f 2295 2290 2294
f 2295 2294 2296
f 4563 4561 4558
f 4959 4955 4966
f 4568 4562 4563
f 5019 5057 5061
f 5061 5060 5062
f 1588 1581 1583
f 5018 5017 5019
f 1581 1579 1578
f 3175 3168 3174
f 3173 3177 3176
f 4679 4689 4688
f 2323 2318 2322
f 5332 5328 5333
f 5332 5333 5334
f 2322 2320 2324
f 515 514 513
f 4023 4024 4025
f 529 515 530
f 515 513 530
f 44 52 47
f 513 511 528
f 530 513 528
f 2420 2422 2423
f 2438 2419 2416
f 4556 4555 4557
f 1534 1528 1535
f 5428 5439 5433
f 5433 5436 5435
f 1550 1528 1537
f 1550 1537 1551
f 2303 2290 2295
f 171 170 167
f 172 167 183
f 167 178 183
f 3476 3477 3474
f 5032 5018 5019
f 2359 2360 2365
f 541 551 542
f 521 538 522
f 538 525 522
f 4688 4673 4652
f 5314 5315 5340
f 4677 4679 4688
f 516 525 531
f 516 531 526
f 4678 4679 4677
f 3046 3047 3048
f 516 526 514
f 515 516 514
f 4029 4028 4037
f 4028 4029 4024
f 4024 4027 4026
f 3779 3774 3773
f 3773 3774 3775
f 3773 3775 3776
f 24 33 44
f 3776 3775 3769
f 3769 3775 3763
f 2423 2422 2424
f 1545 1544 1541
f 2416 2419 2418
f 2418 2419 2420
f 208 209 218
f 209 237 230
f 217 207 212
f 5429 5439 5428
f 1535 1528 1550
f 3478 3479 3474
f 3474 3479 3475
f 5428 5433 5430
f 3477 3478 3474
f 5430 5433 5435
f 171 167 172
f 3501 3476 3459
f 1578 1583 1581
f 2364 2359 2365
f 532 542 538
f 532 538 521
f 4655 4653 4652
f 4688 4652 4690
f 1238 1242 1243
f 443 444 451
f 3062 3060 3061
f 3062 3061 3063
f 1245 1238 1243
f 451 444 450
f 19 37 35
f 19 35 33
f 2423 2424 2425
f 1545 1541 1546
f 5140 5141 5142
f 229 209 230
f 1540 1536 1534
f 184 195 212
f 5429 5428 5427
f 4559 4558 4557
f 1594 1591 1589
f 3472 3475 3489
f 5427 5426 5431
f 5426 5428 5430
f 5426 5430 5432
f 5043 5047 5041
f 1589 1588 1583
f 3467 3476 3474
f 5440 5441 5442
f 3500 3476 3467
f 5041 5032 5040
f 5040 5032 5019
f 3499 3476 3500
f 1578 1579 1580
f 1580 1579 1582
f 532 541 542
f 1209 1213 1215
f 4677 4688 4690
f 4677 4690 4674
f 1660 1666 1664
f 1662 1660 1664
f 522 525 517
f 5354 5340 5353
f 517 525 516
f 2078 2027 2080
f 3071 3048 3062
f 3048 3060 3062
f 518 517 515
f 515 517 516
f 35 48 33
f 33 48 44
f 44 48 52
f 3781 3773 3776
f 2924 2923 2928
f 2922 2929 2923
f 2423 2425 2431
f 1546 1541 1540
f 1540 1541 1536
f 211 207 208
f 3489 3490 3473
f 5434 5429 5427
f 3472 3489 3473
f 5431 5426 5438
f 5044 5019 5061
f 3499 3500 3456
f 3457 3499 3456
f 3459 3499 3457
f 523 532 521
f 1207 1209 1214
f 519 521 522
f 4674 4690 4654
f 5318 5340 5355
f 1661 1663 1658
f 517 519 522
f 2327 2323 2322
f 38 39 37
f 2327 2322 2324
f 4674 4675 4676
f 4681 4676 4675
f 4681 4675 4682
f 4682 4675 4683
f 4683 4675 4671
f 37 49 35
f 453 443 452
f 475 477 452
f 452 443 451
f 518 515 529
f 1244 1238 1245
f 49 48 35
f 536 518 529
f 3780 3781 3776
f 3780 3776 3769
f 2560 2559 2553
f 2559 2554 2553
f 2925 2921 2920
f 2431 2425 2432
f 216 208 218
f 2430 2417 2415
f 212 207 211
f 1547 1534 1535
f 233 232 226
f 226 232 231
f 4917 4909 4916
f 4916 4909 4910
f 4564 4558 4559
f 4563 4558 4564
f 4910 4909 4908
f 3467 3474 3472
f 3467 3472 3447
f 5043 5041 5042
f 5042 5041 5040
f 5066 5061 5062
f 3456 3500 3467
f 5019 5044 5040
f 5044 5061 5066
f 3456 3467 3451
f 3455 3456 3451
f 1583 1578 1584
f 3457 3456 3455
f 3458 3459 3457
f 3506 3459 3458
f 1584 1578 1580
f 3507 3506 3458
f 1580 1582 1600
f 1986 1989 1973
f 533 541 532
f 520 521 519
f 4672 4654 4656
f 4674 4654 4672
f 1649 1647 1653
f 518 520 519
f 37 50 49
f 518 519 517
f 4675 4674 4671
f 534 518 536
f 3066 3071 3062
f 3066 3062 3064
f 4682 4683 4686
f 3062 3063 3064
f 3064 3063 3065
f 445 434 446
f 3782 3781 3780
f 1546 1540 1549
f 216 218 219
f 2415 2416 2412
f 2412 2416 2418
f 2426 2430 2415
f 1540 1534 1547
f 213 212 211
f 4565 4560 4566
f 226 231 184
f 234 232 233
f 4579 4568 4576
f 4568 4563 4576
f 3467 3446 3451
f 3454 3455 3451
f 1215 1217 1225
f 523 533 532
f 520 523 521
f 535 520 534
f 1651 1661 1655
f 1655 1661 1658
f 534 520 518
f 1237 1240 1242
f 1237 1242 1238
f 1236 1238 1244
f 4203 4217 4204
f 2553 2554 2555
f 2555 2554 2556
f 2576 2575 2574
f 219 218 229
f 2434 2423 2431
f 2418 2420 2427
f 2427 2420 2423
f 2426 2415 2414
f 2571 2568 2570
f 214 212 213
f 233 226 347
f 806 825 812
f 3447 3497 3448
f 3445 3447 3448
f 3446 3447 3445
f 3467 3447 3446
f 4911 4915 4914
f 5045 5040 5044
f 3458 3457 3455
f 3458 3455 3460
f 1580 1600 1601
f 1212 1217 1213
f 1210 1212 1209
f 1208 1210 1209
f 524 523 520
f 535 524 520
f 1208 1207 1240
f 1656 1657 1654
f 2022 2024 2023
f 3066 3064 3067
f 1236 1237 1238
f 432 433 434
f 2932 2920 2924
f 2932 2924 2933
f 2558 2560 2553
f 2925 2920 2932
f 2555 2556 2557
f 2446 2431 2432
f 2446 2432 2449
f 238 219 229
f 238 229 317
f 2427 2423 2434
f 229 230 277
f 277 230 278
f 2414 2415 2412
f 278 230 279
f 1547 1535 1555
f 1555 1535 1557
f 3497 3510 3509
f 3509 3510 3513
f 3445 3448 3469
f 3448 3497 3509
f 3469 3448 3509
f 4124 4141 4126
f 156 157 145
f 1584 1580 1585
f 3508 3458 3461
f 1601 1600 1602
f 1602 1600 1603
f 1654 1651 1655
f 2021 2022 2023
f 1237 1232 1240
f 1239 1236 1246
f 4218 4224 4219
f 4202 4203 4204
f 4202 4204 4205
f 2558 2553 2555
f 2930 2925 2934
f 2934 2925 2932
f 2931 2926 2930
f 2427 2412 2418
f 1549 1540 1547
f 802 812 813
f 806 812 802
f 3445 3469 3468
f 3523 3469 3509
f 4140 4135 4139
f 4139 4135 4138
f 3509 3513 3516
f 3523 3509 3516
f 3516 3513 3529
f 3444 3446 3445
f 4124 4127 4141
f 3444 3451 3446
f 4124 4126 4125
f 1585 1580 1601
f 3033 3013 3017
f 1212 1218 1217
f 1218 1219 1217
f 1217 1219 1225
f 1672 1676 1674
f 4653 4666 4657
f 1640 1674 1647
f 1232 1208 1240
f 4656 4657 4658
f 1956 1970 1957
f 4658 4659 4663
f 4663 4659 4668
f 3070 3068 3069
f 1234 1232 1237
f 4663 4668 4670
f 3069 3068 3067
f 440 441 429
f 1234 1237 1236
f 431 435 433
f 432 429 431
f 2110 2122 2119
f 2111 2123 2109
f 768 775 801
f 801 778 768
f 317 229 277
f 2412 2427 2428
f 2428 2427 2447
f 2427 2434 2447
f 1555 1549 1547
f 2441 2426 2414
f 2442 2426 2441
f 3443 3445 3449
f 4138 4135 4134
f 4134 4135 4127
f 4124 4125 4121
f 3454 3451 3453
f 3464 3460 3454
f 1220 1231 1230
f 1230 1223 1220
f 1220 1223 1218
f 1585 1601 1604
f 1220 1218 1212
f 1220 1212 1210
f 1211 1210 1208
f 1232 1211 1208
f 4658 4657 4659
f 2022 2029 2026
f 2028 2021 2056
f 431 437 436
f 431 436 435
f 1236 1235 1234
f 1235 1239 1241
f 1239 1235 1236
f 1241 1239 1247
f 4207 4218 4219
f 4206 4202 4205
f 2110 2119 2118
f 2118 2119 2120
f 2110 2118 2117
f 2118 2120 2117
f 2109 2122 2110
f 2116 2110 2117
f 2108 2109 2110
f 2115 2110 2116
f 2111 2109 2108
f 2108 2110 2115
f 2414 2412 2413
f 2112 2111 2108
f 2113 2108 2114
f 2108 2115 2114
f 1483 1484 1480
f 767 775 762
f 775 768 762
f 2112 2108 2113
f 777 775 767
f 2111 2112 2121
f 2414 2429 2436
f 2441 2414 2436
f 814 806 807
f 802 813 808
f 787 806 802
f 4134 4139 4138
f 4134 4127 4133
f 3444 3445 3443
f 4127 4124 4120
f 4133 4127 4120
f 4120 4124 4121
f 4121 4125 4128
f 4128 4125 4129
f 1230 1228 1223
f 1223 1228 1227
f 1223 1227 1219
f 1218 1223 1219
f 3033 3030 3026
f 1221 1231 1220
f 1604 1601 1602
f 4844 4845 4832
f 1222 1221 1210
f 1774 1788 1754
f 1221 1220 1210
f 4834 4832 4830
f 1222 1210 1211
f 1224 1222 1211
f 4818 4834 4830
f 1224 1211 1249
f 1652 1648 1651
f 1249 1211 1248
f 2028 2029 2022
f 1233 1211 1232
f 1248 1211 1233
f 1234 1233 1232
f 2039 2050 2056
f 2050 2028 2056
f 1233 1234 1235
f 2954 2950 2953
f 1477 1479 1478
f 1477 1478 1476
f 345 238 344
f 344 238 317
f 2413 2412 2409
f 2837 2852 2826
f 768 778 763
f 778 804 779
f 1485 1486 1484
f 1485 1484 1483
f 762 768 760
f 1487 1486 1485
f 804 814 779
f 807 806 787
f 4136 4134 4133
f 3443 3449 3466
f 4120 4121 4122
f 4122 4121 4123
f 4123 4121 4128
f 3464 3454 3471
f 3471 3454 3453
f 3460 3464 3463
f 136 138 137
f 1770 1785 1758
f 3462 3460 3463
f 4832 4845 4831
f 1254 1222 1224
f 1254 1224 1249
f 2034 2030 2028
f 2050 2034 2028
f 1965 1960 1971
f 1248 1233 1250
f 1250 1235 1251
f 2412 2428 2408
f 1482 1480 1477
f 1480 1479 1477
f 1483 1480 1482
f 760 768 763
f 763 778 779
f 5423 5424 5425
f 1488 1487 1485
f 777 767 809
f 767 762 761
f 779 814 776
f 282 284 283
f 809 767 761
f 787 802 786
f 4136 4133 4137
f 4133 4120 4137
f 4137 4120 4122
f 3444 3443 3440
f 4131 4128 4130
f 4130 4128 4129
f 3470 3464 3471
f 3471 3453 3452
f 3452 3453 3444
f 3013 3014 3015
f 3013 3015 3016
f 1673 1672 1637
f 2071 2035 2039
f 2039 2035 2034
f 4838 4836 4816
f 1745 1747 1746
f 4667 4659 4661
f 1747 1765 1746
f 5162 5160 5161
f 2229 2242 2228
f 2242 2241 2228
f 3248 3252 3249
f 2412 2408 2409
f 2408 2428 2440
f 1346 1350 1347
f 341 344 317
f 5196 5198 5194
f 2822 2826 2825
f 763 779 776
f 4861 4860 4856
f 762 760 761
f 789 802 808
f 814 807 803
f 776 814 803
f 786 802 789
f 803 807 787
f 285 284 296
f 3443 3466 3438
f 3440 3443 3438
f 4132 4123 4131
f 734 731 715
f 4234 4230 4226
f 719 734 715
f 3470 3471 3526
f 4226 4229 4227
f 720 737 719
f 4614 4618 4615
f 713 719 715
f 3462 3463 3465
f 4830 4831 4829
f 1639 1648 1665
f 1648 1639 1641
f 1641 1635 1638
f 4818 4829 4815
f 1741 1738 1740
f 1738 1739 1740
f 1797 1818 1812
f 1665 1648 1642
f 4818 4815 4816
f 4841 4838 4816
f 1805 1811 1816
f 1746 1765 1767
f 2936 2938 2937
f 427 425 424
f 426 430 424
f 5504 5490 5493
f 1347 1352 1348
f 3427 3432 3424
f 2408 2440 2435
f 1473 1477 1476
f 3243 3248 3249
f 341 317 277
f 278 281 303
f 281 283 303
f 761 760 758
f 4856 4860 4857
f 296 310 297
f 3466 3522 3438
f 3438 3522 3514
f 3433 3438 3504
f 3438 3514 3504
f 3962 3963 3954
f 3452 3444 3450
f 3450 3444 3440
f 3964 3956 3963
f 720 719 713
f 1750 1755 1756
f 4831 4828 4829
f 1756 1755 1787
f 1635 1636 1637
f 1639 1634 1635
f 1635 1637 1638
f 1805 1804 1811
f 1804 1812 1811
f 2067 2035 2071
f 2952 2948 2951
f 424 425 426
f 2940 2948 2936
f 2939 2940 2936
f 2935 2936 2937
f 2939 2936 2935
f 2935 2937 2945
f 4215 4220 4221
f 5159 5160 5157
f 4212 4213 4211
f 2950 2946 2949
f 2949 2946 2947
f 2228 2241 2230
f 2394 2408 2396
f 2444 2409 2394
f 2409 2408 2394
f 1339 1346 1347
f 2836 2837 2822
f 1345 1346 1339
f 1473 1476 1472
f 341 277 309
f 277 278 309
f 309 278 303
f 283 285 289
f 758 760 759
f 773 776 803
f 285 296 297
f 4856 4857 4858
f 2824 2823 2858
f 772 761 758
f 785 786 788
f 780 787 786
f 780 786 785
f 4231 4226 4228
f 4617 4614 4613
f 3440 3438 3436
f 3436 3438 3433
f 715 731 729
f 3954 3956 3951
f 4612 4614 4615
f 4823 4827 4826
f 4823 4826 4825
f 4612 4615 4616
f 3450 3440 3441
f 727 721 713
f 3951 3964 3959
f 713 721 720
f 3521 3450 3441
f 715 729 717
f 4828 4821 4819
f 1637 1646 1673
f 4829 4828 4819
f 1795 1800 1801
f 1800 1803 1801
f 1634 1639 1623
f 1797 1795 1801
f 1623 1639 1665
f 4815 4829 4813
f 1797 1804 1796
f 425 428 426
f 2076 2067 2072
f 4841 4816 4835
f 2941 2940 2939
f 5158 5159 5157
f 4213 4220 4215
f 5493 5490 5486
f 2946 2943 2942
f 2947 2946 2942
f 2396 2408 2407
f 2407 2408 2435
f 1339 1347 1342
f 1342 1347 1348
f 3426 3427 3424
f 1343 1345 1339
f 1470 1473 1472
f 303 283 289
f 5402 5401 5410
f 759 763 764
f 763 776 764
f 764 776 773
f 773 803 790
f 790 803 787
f 790 787 780
f 4231 4228 4232
f 3433 3504 3439
f 4619 4617 4613
f 3961 3962 3954
f 729 731 732
f 4612 4613 4614
f 3441 3440 3436
f 4866 4867 4869
f 718 727 713
f 4823 4825 4822
f 3492 3521 3441
f 3521 3492 3528
f 712 713 714
f 713 715 714
f 714 715 717
f 3465 3470 3484
f 1626 1634 1623
f 4829 4819 4813
f 2036 2038 2031
f 2031 2038 2032
f 1797 1794 1795
f 1796 1794 1797
f 2035 2067 2058
f 1806 1796 1805
f 1796 1804 1805
f 1807 1806 1805
f 1809 1808 1807
f 1810 1808 1809
f 2942 2941 2939
f 5490 5489 5486
f 2943 2941 2942
f 2942 2939 2944
f 2944 2939 2935
f 5491 5487 5492
f 2836 2822 2828
f 3423 3424 3425
f 1472 1476 1474
f 2822 2823 2824
f 2827 2822 2824
f 292 290 291
f 2693 2683 2679
f 2694 2683 2693
f 4232 4228 4233
f 4865 4870 4863
f 4620 4617 4619
f 4863 4868 4864
f 4863 4864 4865
f 4866 4865 4864
f 3961 3954 3950
f 3441 3436 3437
f 3950 3951 3952
f 729 732 728
f 717 729 728
f 717 728 724
f 3442 3492 3441
f 718 713 716
f 3957 3960 3966
f 716 713 712
f 3528 3492 3442
f 4821 4820 4819
f 1637 1644 1646
f 1791 1799 1795
f 1795 1799 1800
f 1634 1633 1632
f 1793 1799 1791
f 2038 2040 2032
f 2040 2048 2032
f 1633 1634 1626
f 2041 2038 2036
f 4819 4811 4813
f 1790 1793 1791
f 1791 1795 1794
f 1790 1791 1792
f 1792 1791 1794
f 2033 2037 2036
f 3844 3842 3839
f 1796 1792 1794
f 3839 3842 3841
f 2057 2035 2058
f 4833 4814 4812
f 5521 5522 5520
f 4835 4814 4833
f 1808 1806 1807
f 5513 5531 5512
f 2407 2435 2406
f 2392 2443 2394
f 3426 3424 3423
f 3428 3423 3425
f 292 291 293
f 2684 2682 2683
f 2683 2682 2679
f 4293 4302 4301
f 4291 4302 4293
f 2860 2824 2858
f 4858 4857 4859
f 2129 2187 2131
f 4857 4862 4859
f 758 759 757
f 785 788 784
f 788 792 784
f 785 784 782
f 780 785 782
f 3434 3439 3520
f 3437 3436 3435
f 3436 3433 3435
f 728 732 752
f 3955 3952 3957
f 3955 3957 3958
f 724 728 725
f 3442 3441 3437
f 3958 3957 3966
f 818 716 816
f 714 717 722
f 722 717 723
f 717 724 723
f 4820 4821 4822
f 3528 3442 3527
f 723 724 725
f 1802 1815 1817
f 4819 4820 4810
f 1793 1814 1799
f 2041 2042 2040
f 2042 2048 2040
f 2042 2041 2036
f 1813 1793 1790
f 2057 2037 2035
f 1798 1790 1792
f 3839 3841 3840
f 3845 3844 3839
f 5517 5520 5519
f 5487 5512 5492
f 2653 2657 2655
f 1361 1364 1363
f 1361 1363 1355
f 2392 2394 2390
f 2390 2394 2396
f 2224 2228 2230
f 2224 2230 2231
f 2445 2443 2392
f 2224 2226 2228
f 1339 1342 1340
f 1338 1339 1340
f 1341 1339 1338
f 3423 3428 3429
f 1470 1472 1471
f 341 309 346
f 309 318 346
f 2227 2226 2223
f 1343 1339 1341
f 1467 1469 1470
f 309 303 318
f 3429 3428 3430
f 2684 2691 2689
f 1468 1469 1467
f 2827 2824 2856
f 2684 2689 2682
f 4290 4304 4291
f 2185 2187 2129
f 764 773 766
f 766 773 790
f 756 758 757
f 766 790 780
f 2161 2158 2159
f 3434 3520 3519
f 728 752 730
f 3505 3437 3435
f 3498 3437 3505
f 3486 3437 3498
f 728 730 725
f 725 730 733
f 3442 3437 3485
f 3485 3437 3486
f 726 714 722
f 3517 3527 3442
f 3517 3442 3485
f 815 716 712
f 714 726 712
f 2042 2052 2048
f 1636 1645 1644
f 4810 4820 4805
f 2522 2521 2520
f 2043 2042 2036
f 2049 2043 2037
f 2037 2043 2036
f 1627 1621 1623
f 1621 1622 1623
f 1623 1622 1626
f 1622 1633 1626
f 4811 4819 4810
f 2524 2511 2504
f 1819 1790 1798
f 3838 3839 3840
f 3843 3845 3839
f 4840 4835 4833
f 5526 5517 5516
f 5517 5514 5516
f 5489 5483 5486
f 5486 5483 5485
f 5487 5488 5512
f 5512 5488 5513
f 2633 2636 2632
f 1355 1363 1360
f 2632 2636 2658
f 2637 2633 2630
f 4410 4408 4403
f 4161 4163 4164
f 2579 2590 2580
f 2390 2396 2407
f 2842 2828 2841
f 2445 2392 2391
f 1340 1342 1344
f 2223 2226 2224
f 1471 1472 1474
f 1471 1474 1475
f 1475 1474 1481
f 1467 1470 1466
f 1466 1470 1471
f 303 289 318
f 290 292 307
f 2689 2687 2682
f 2682 2687 2680
f 2680 2686 2685
f 4295 4293 4301
f 4301 4303 4295
f 4290 4291 4292
f 4292 4291 4293
f 294 301 302
f 784 792 791
f 748 756 757
f 748 757 793
f 765 759 764
f 765 757 759
f 765 764 766
f 3518 3435 3434
f 3518 3434 3519
f 730 752 740
f 2484 2486 2488
f 733 730 738
f 823 819 822
f 819 823 818
f 2048 2052 2054
f 820 822 819
f 1629 1633 1622
f 1633 1629 1632
f 820 819 817
f 817 819 818
f 817 818 816
f 1632 1645 1636
f 817 816 815
f 816 716 815
f 826 712 726
f 4074 4075 4076
f 3488 3485 3487
f 3487 3485 3486
f 725 733 735
f 735 733 736
f 4809 4812 4811
f 1820 1821 1819
f 1820 1819 1798
f 4833 4812 4817
f 4451 4448 4452
f 3846 3845 3843
f 3843 3839 3838
f 3846 3843 3847
f 3190 3201 3199
f 4840 4833 4843
f 5514 5515 5516
f 5488 5515 5514
f 5513 5488 5514
f 2651 2656 2653
f 2649 2656 2651
f 2630 2633 2632
f 2638 2637 2630
f 4161 4162 4163
f 2990 2989 2996
f 2592 2591 2589
f 2601 2603 2598
f 3079 3080 3084
f 2407 2406 2393
f 2609 2601 2602
f 2393 2390 2407
f 2687 2690 2688
f 307 289 290
f 2686 2687 2688
f 292 293 294
f 1468 1467 1464
f 2131 2139 2127
f 749 756 748
f 791 794 783
f 784 791 783
f 2158 2157 2159
f 793 757 774
f 774 757 765
f 782 784 783
f 766 780 770
f 780 782 781
f 770 780 781
f 4933 4934 4935
f 2052 2053 2054
f 2042 2051 2052
f 3631 3634 3633
f 1629 1631 1632
f 1624 1629 1622
f 736 733 738
f 2047 2043 2049
f 1621 1624 1622
f 827 815 712
f 3487 3486 3502
f 820 817 821
f 5095 5102 5101
f 2066 2047 2049
f 824 820 821
f 2505 2519 2504
f 4013 4016 4014
f 2057 2058 2059
f 3023 3024 3027
f 2060 2059 2058
f 2502 2506 2510
f 5556 5558 5557
f 4812 4809 4817
f 4448 4451 4449
f 4833 4817 4839
f 4843 4833 4839
f 3194 3195 3190
f 3194 3190 3189
f 4458 4453 4457
f 3190 3199 3198
f 4842 4840 4846
f 2652 2653 2654
f 2653 2655 2654
f 2651 2653 2652
f 2647 2649 2645
f 2631 2630 2632
f 4165 4162 4161
f 1730 1731 1726
f 2579 2581 2582
f 2593 2592 2589
f 2602 2601 2600
f 2598 2599 2594
f 2390 2393 2386
f 2391 2392 2390
f 2829 2841 2828
f 2450 2445 2391
f 2690 2692 2688
f 887 885 886
f 318 289 307
f 300 292 295
f 292 294 295
f 4294 4295 4296
f 4295 4297 4296
f 4294 4292 4293
f 4293 4295 4294
f 4605 4609 4608
f 123 104 86
f 794 796 795
f 86 104 85
f 783 794 795
f 2148 2137 2157
f 2137 2128 2157
f 740 742 741
f 743 742 749
f 128 125 127
f 781 782 783
f 783 795 798
f 738 740 741
f 3524 3505 3435
f 765 766 769
f 769 766 770
f 1629 1630 1631
f 771 774 765
f 1624 1630 1629
f 771 765 769
f 2045 2055 2044
f 2055 2051 2044
f 1621 1625 1624
f 827 712 826
f 736 738 750
f 4074 4076 4077
f 4515 4519 4516
f 4515 4516 4517
f 4517 4516 4518
f 5095 5101 5100
f 5101 5104 5100
f 828 815 827
f 2518 2519 2505
f 736 750 753
f 2059 2066 2057
f 4013 4018 4016
f 4016 4018 4021
f 4013 4014 4015
f 4016 4021 4022
f 4014 4016 4022
f 2060 2070 2062
f 5450 5452 5453
f 5450 5453 5457
f 5451 5455 5454
f 5455 5451 5456
f 5451 5454 5452
f 5451 5452 5450
f 4447 4450 4448
f 5555 5556 5557
f 4817 4809 4824
f 4447 4448 4449
f 3192 3193 3189
f 5551 5553 5554
f 4975 4974 4973
f 5485 5483 5484
f 2650 2651 2652
f 1365 1361 1362
f 2648 2647 2643
f 2631 2632 2634
f 2583 2579 2582
f 4408 4392 4391
f 2583 2589 2579
f 2600 2601 2598
f 2393 2406 2395
f 2395 2406 2401
f 2401 2406 2437
f 102 68 66
f 2225 2224 2231
f 2223 2224 2225
f 320 307 300
f 2830 2827 2856
f 295 294 298
f 1464 1466 1463
f 1459 1464 1463
f 2183 2186 2130
f 4298 4290 4292
f 4298 4292 4294
f 106 105 73
f 4605 4608 4606
f 1465 1464 1459
f 2130 2185 2129
f 795 796 797
f 796 799 797
f 747 748 793
f 793 755 747
f 795 797 800
f 755 793 774
f 798 795 800
f 800 797 805
f 3524 3435 3525
f 738 741 744
f 1624 1625 1630
f 2066 2046 2047
f 2061 2066 2059
f 4804 4848 4807
f 2514 2518 2505
f 4019 4018 4017
f 753 750 751
f 2073 2074 2065
f 4017 4013 4015
f 5214 5215 5216
f 2062 2061 2060
f 2060 2061 2059
f 4809 4806 4808
f 4020 4015 4014
f 4839 4817 4824
f 4513 4512 4514
f 5549 5550 5551
f 5473 5472 5471
f 3192 3189 3191
f 3189 3190 3191
f 3190 3198 3197
f 4971 4972 4973
f 4974 4971 4973
f 4846 4840 4843
f 2783 2786 2785
f 2777 2786 2783
f 2643 2647 2645
f 1361 1355 1354
f 2643 2640 2648
f 2629 2630 2627
f 2630 2631 2627
f 2627 2631 2634
f 1356 1355 1360
f 1360 1367 1366
f 2583 2582 2584
f 2593 2589 2595
f 2594 2593 2596
f 2385 2393 2395
f 2386 2393 2385
f 2225 2231 2233
f 678 688 676
f 688 689 676
f 5183 5179 5181
f 676 692 684
f 2450 2391 2452
f 2245 2250 2249
f 886 885 849
f 2223 2225 2232
f 295 298 299
f 60 61 62
f 4298 4294 4299
f 4299 4294 4296
f 4605 4606 4607
f 799 810 797
f 743 749 748
f 741 743 744
f 774 771 755
f 755 771 754
f 2066 2075 2046
f 2075 2066 2064
f 827 826 829
f 2061 2064 2066
f 5095 5100 5096
f 2062 2063 2061
f 5450 5457 5449
f 5555 5557 5559
f 5451 5450 5448
f 5458 5451 5448
f 5566 5567 5568
f 5472 5456 5466
f 3191 3190 3196
f 4973 4972 4976
f 2644 2643 2645
f 1362 1361 1354
f 1354 1355 1356
f 2624 2634 2635
f 2627 2634 2624
f 1356 1360 1366
f 3296 3303 3319
f 2596 2593 2595
f 4401 4400 4405
f 90 89 74
f 2840 2829 2833
f 2389 2391 2390
f 2233 2231 2236
f 2234 2225 2233
f 684 692 686
f 89 66 74
f 5185 5181 5184
f 849 885 847
f 885 883 847
f 320 300 335
f 335 300 295
f 314 295 299
f 2184 2186 2183
f 4299 4296 4300
f 1459 1463 1462
f 4610 4606 4608
f 4607 4606 4610
f 1453 1465 1459
f 86 85 77
f 743 748 747
f 4105 4106 4107
f 1681 1667 1682
f 4106 4109 4107
f 750 744 745
f 744 743 745
f 747 755 754
f 833 828 827
f 5105 5108 5106
f 2065 2074 2063
f 5448 5450 5449
f 5457 5461 5460
f 5470 5472 5466
f 5456 5451 5458
f 3196 3190 3197
f 3196 3197 3200
f 5471 5472 5470
f 3202 3191 3196
f 4456 4455 4454
f 5525 5529 5528
f 2639 2640 2641
f 2641 2640 2643
f 2624 2635 2625
f 2621 2627 2624
f 2628 2629 2627
f 2586 2584 2585
f 2606 2596 2595
f 2587 2583 2584
f 2587 2595 2583
f 2605 2600 2597
f 2597 2600 2598
f 2598 2594 2597
f 92 90 91
f 2384 2386 2385
f 2390 2386 2389
f 684 686 674
f 2235 2225 2234
f 5185 5184 5186
f 74 66 65
f 2232 2225 2235
f 5184 5187 5186
f 878 847 883
f 878 883 881
f 335 295 314
f 849 847 848
f 2830 2857 2859
f 314 299 312
f 1446 1445 1449
f 1448 1445 1447
f 4607 4610 4611
f 1450 1448 1447
f 1459 1462 1460
f 1450 1447 1452
f 1452 1447 1451
f 1451 1453 1454
f 1455 1453 1459
f 1455 1459 1460
f 2149 2151 2147
f 4112 4111 4110
f 4111 4108 4110
f 4110 4108 4105
f 4105 4108 4106
f 5569 5570 5571
f 743 747 746
f 745 743 746
f 746 747 754
f 4192 4188 4193
f 4193 4188 4191
f 2074 2077 2063
f 2077 2068 2063
f 2068 2075 2064
f 833 827 830
f 830 827 829
f 147 143 141
f 2063 2068 2064
f 5449 5457 5459
f 5459 5457 5460
f 5466 5456 5458
f 2770 2783 2785
f 2782 2777 2776
f 1358 1365 1362
f 2641 2643 2644
f 2588 2584 2586
f 2587 2584 2588
f 2597 2594 2596
f 2401 2433 2400
f 2400 2433 2439
f 4395 4396 4397
f 2395 2401 2387
f 2385 2395 2387
f 2389 2386 2384
f 677 678 676
f 676 684 674
f 1445 1446 1447
f 1447 1446 1451
f 1454 1453 1455
f 1455 1460 1461
f 2143 2136 2138
f 1456 1454 1455
f 76 75 77
f 1456 1455 1457
f 1458 1456 1457
f 4107 4110 4105
f 4192 4194 4187
f 4192 4187 4188
f 5096 5100 5099
f 5099 5100 5103
f 5562 5563 5564
f 5572 5573 5574
f 5565 5563 5562
f 4454 4459 4456
f 4880 4881 4882
f 4156 4157 4155
f 4354 4355 4356
f 2777 2783 2772
f 2772 2783 2770
f 2776 2777 2773
f 1358 1362 1354
f 1357 1354 1356
f 2628 2627 2620
f 3160 3159 3163
f 3159 3165 3163
f 3164 3160 3163
f 2597 2596 2606
f 2387 2401 2400
f 2237 2234 2233
f 2233 2236 2239
f 2237 2233 2239
f 2236 2245 2239
f 677 676 667
f 2235 2234 2238
f 2459 2468 2472
f 5186 5187 5188
f 5186 5188 5189
f 312 319 343
f 314 312 315
f 2274 2273 2277
f 4194 4197 4196
f 4194 4196 4195
f 4187 4194 4195
f 5105 5106 5107
f 5098 5096 5099
f 5475 5476 5477
f 5462 5449 5459
f 5458 5448 5446
f 5446 5448 5443
f 4378 4351 4344
f 5147 5151 5150
f 2773 2777 2772
f 2763 2784 2762
f 2765 2784 2782
f 2762 2784 2765
f 2623 2624 2625
f 2623 2625 2626
f 2621 2624 2623
f 2612 2587 2588
f 2606 2595 2614
f 2595 2587 2613
f 2613 2587 2612
f 4394 4393 4395
f 2853 2833 2835
f 99 92 91
f 676 674 667
f 667 674 668
f 668 674 686
f 679 677 667
f 5185 5186 5189
f 2238 2234 2237
f 878 881 846
f 881 882 846
f 845 848 847
f 2277 2273 2279
f 2156 2181 2171
f 2156 2171 2150
f 2136 2143 2144
f 83 71 76
f 4191 4188 4190
f 830 829 831
f 833 830 832
f 2516 2513 2512
f 5462 5459 5463
f 5447 5458 5446
f 5468 5470 5466
f 1398 1404 1399
f 5499 5482 5481
f 4350 4354 4339
f 5092 5087 5089
f 4148 4149 4150
f 2765 2782 2776
f 2765 2776 2773
f 2761 2763 2762
f 2764 2763 2761
f 1358 1354 1357
f 2764 2761 2766
f 2622 2621 2623
f 2620 2621 2622
f 3159 3166 3165
f 2611 2628 2620
f 3158 3159 3160
f 2588 2586 2611
f 2612 2588 2611
f 1180 1181 1174
f 2614 2595 2613
f 2619 2605 2618
f 2618 2605 2597
f 2616 2605 2619
f 4399 4394 4395
f 2387 2400 2397
f 2402 2400 2411
f 2383 2385 2387
f 2604 2616 2615
f 101 92 99
f 2851 2835 2838
f 2838 2835 2834
f 2249 2255 2248
f 2239 2245 2243
f 686 687 671
f 680 677 679
f 100 74 65
f 5189 5188 5190
f 5190 5188 5191
f 844 847 878
f 844 878 846
f 2235 2238 2273
f 2147 2150 2143
f 87 82 95
f 4188 4187 4185
f 4188 4189 4190
f 833 832 834
f 832 830 831
f 5462 5463 5464
f 3223 3222 3224
f 5508 5509 5506
f 5468 5466 5467
f 5467 5466 5458
f 5467 5458 5474
f 5147 5150 5149
f 4344 4350 4338
f 4338 4350 4339
f 4369 4373 4372
f 1358 1357 1359
f 2662 2660 2661
f 2661 2660 2626
f 2661 2626 2663
f 1177 1180 1174
f 4379 4380 4381
f 4380 4383 4381
f 1174 1181 1169
f 2617 2606 2614
f 4381 4383 4384
f 2597 2606 2617
f 2618 2597 2617
f 2397 2400 2402
f 2855 2853 2835
f 2855 2835 2851
f 2388 2383 2387
f 2838 2834 2843
f 99 91 100
f 2246 2249 2248
f 884 888 872
f 2239 2243 2240
f 2237 2239 2240
f 2243 2246 2244
f 2240 2243 2244
f 2843 2834 2839
f 668 686 671
f 687 690 675
f 680 679 681
f 681 679 669
f 669 679 667
f 882 879 846
f 846 879 870
f 100 65 96
f 2273 2238 2272
f 680 681 682
f 2454 2459 2457
f 2273 2272 2279
f 2150 2171 2153
f 4187 4195 4186
f 4188 4185 4189
f 2517 2516 2512
f 4347 4344 4343
f 1407 1410 1413
f 1415 1407 1413
f 4370 4369 4357
f 4948 4951 4942
f 4948 4942 4943
f 2772 2770 2768
f 2771 2773 2768
f 2773 2772 2768
f 2751 2761 2762
f 3158 3161 3159
f 2659 2620 2622
f 2611 2620 2659
f 4313 4305 4309
f 2402 2411 2410
f 2388 2387 2397
f 4305 4306 4307
f 4277 4276 4274
f 4274 4276 4275
f 2847 2848 2846
f 2248 2255 2254
f 2847 2846 2845
f 665 667 668
f 675 690 691
f 2238 2237 2271
f 871 879 880
f 871 880 868
f 841 844 846
f 2238 2271 2272
f 683 681 669
f 845 847 844
f 682 681 683
f 15 16 17
f 2171 2180 2153
f 2135 2133 2134
f 2150 2153 2144
f 94 80 88
f 88 80 79
f 87 109 107
f 4189 4185 4182
f 5464 5463 5465
f 4798 4799 4800
f 5446 5443 5445
f 5467 5474 5469
f 5443 5444 5445
f 5149 5148 5147
f 4342 4343 4338
f 4338 4339 4340
f 5093 5092 5091
f 5093 5091 5094
f 1414 1415 1413
f 2765 2773 2774
f 2768 2770 2769
f 2662 2661 2665
f 2661 2663 2664
f 4929 4930 4931
f 1178 1177 1176
f 3158 3162 3161
f 1177 1174 1176
f 1176 1174 1173
f 2612 2611 2671
f 2675 2614 2613
f 2675 2617 2614
f 4309 4305 4308
f 2677 2618 2617
f 2388 2397 2398
f 4305 4307 4308
f 2847 2845 2849
f 2246 2248 2247
f 868 872 867
f 2244 2246 2247
f 671 687 675
f 2240 2244 2267
f 665 668 670
f 4325 4324 4328
f 841 846 850
f 850 846 870
f 664 667 665
f 2015 2014 2007
f 2272 2271 2278
f 683 669 664
f 2007 2014 2012
f 842 845 844
f 2153 2180 2152
f 2154 2145 2152
f 2166 2165 2167
f 2153 2152 2144
f 2144 2152 2145
f 2125 2141 2134
f 4182 4185 4183
f 165 166 149
f 4199 4175 4200
f 4184 4182 4181
f 4184 4181 4198
f 1401 1400 1416
f 4376 4377 4347
f 5447 5446 5445
f 1414 1413 1412
f 4368 4357 4369
f 4368 4369 4371
f 2774 2773 2771
f 2767 2771 2768
f 2767 2768 2769
f 2665 2661 2664
f 2751 2762 2748
f 2748 2762 2765
f 4382 4379 4381
f 5207 5208 5209
f 2613 2612 2672
f 2612 2671 2672
f 3723 3724 3721
f 622 621 625
f 1156 1169 1158
f 4269 4270 4271
f 2676 2677 2617
f 2404 2402 2410
f 622 625 640
f 2397 2402 2399
f 641 617 644
f 4307 4314 4311
f 4311 4314 4315
f 4311 4315 4316
f 857 868 867
f 2267 2244 2266
f 2244 2247 2266
f 2271 2240 2267
f 2179 2178 2154
f 610 641 642
f 2278 2271 2267
f 2152 2179 2154
f 841 850 843
f 663 664 665
f 663 665 666
f 842 844 841
f 2145 2154 2155
f 2169 2166 2167
f 4325 4328 4327
f 4328 4334 4327
f 698 695 697
f 697 695 696
f 4327 4334 4330
f 4330 4364 4363
f 4182 4183 4180
f 4332 4363 4362
f 4182 4180 4181
f 4360 4362 4348
f 4348 4346 4349
f 4342 4341 4353
f 4368 4371 4375
f 4944 4939 4938
f 2774 2771 2775
f 2775 2771 2767
f 2748 2765 2774
f 2666 2662 2665
f 1179 1178 1176
f 1201 1206 1205
f 2751 2748 2749
f 2752 2751 2749
f 2750 2752 2749
f 1198 1192 1199
f 2668 2659 2669
f 1190 1192 1198
f 1156 1174 1169
f 1200 1194 1190
f 3708 3723 3721
f 4309 4308 4310
f 2676 2617 2675
f 618 621 622
f 2403 2402 2404
f 2398 2397 2399
f 617 618 631
f 4310 4308 4311
f 4317 4311 4316
f 4317 4316 4318
f 4323 4324 4321
f 670 671 673
f 2020 2015 2016
f 871 868 854
f 2154 2178 2155
f 2016 2015 2007
f 694 683 685
f 685 683 664
f 643 610 642
f 682 694 693
f 693 694 685
f 685 664 663
f 4325 4327 4326
f 836 842 841
f 696 693 708
f 708 693 663
f 835 842 836
f 645 616 643
f 616 645 639
f 115 116 112
f 4183 4179 4180
f 4181 4180 4177
f 4360 4348 4359
f 4359 4348 4349
f 4352 4349 4346
f 4346 4342 4352
f 4352 4342 4353
f 4353 4341 4357
f 4357 4368 4358
f 4358 4368 4375
f 4944 4938 4937
f 4945 4947 4943
f 2775 2767 2779
f 2746 2774 2775
f 2748 2774 2746
f 1179 1176 1175
f 2749 2748 2744
f 1201 1205 1191
f 2753 2752 2750
f 2750 2749 2744
f 1192 1203 1199
f 1190 1191 1192
f 1199 1203 1204
f 1173 1174 1156
f 620 623 621
f 618 620 621
f 619 620 618
f 2673 2613 2672
f 615 619 618
f 3722 3723 3708
f 3708 3721 3705
f 2674 2675 2613
f 2674 2613 2673
f 4312 4309 4310
f 1012 1013 1007
f 4503 4501 4502
f 4502 4501 4496
f 2403 2404 2405
f 1006 1012 1007
f 4496 4501 4500
f 2676 2675 2674
f 615 618 617
f 1006 1007 1008
f 4308 4307 4311
f 1016 1006 1015
f 1006 1008 1015
f 611 615 617
f 4317 4318 4321
f 857 867 866
f 854 868 857
f 4321 4325 4322
f 4322 4325 4326
f 2008 2007 2012
f 2007 2008 2009
f 616 610 643
f 693 685 663
f 708 663 666
f 836 841 839
f 638 616 639
f 699 697 700
f 700 697 696
f 696 708 701
f 700 696 701
f 698 697 699
f 4237 4236 4238
f 115 112 113
f 4329 4327 4330
f 4180 4179 4177
f 4175 4170 4168
f 4331 4330 4332
f 4331 4332 4365
f 4177 4175 4181
f 4365 4332 4361
f 4332 4360 4361
f 4361 4360 4359
f 2742 2748 2746
f 2667 2666 2665
f 1176 1173 1175
f 1201 1191 1197
f 2748 2742 2744
f 1197 1191 1193
f 1193 1191 1190
f 1173 1156 1154
f 1157 1173 1154
f 1193 1190 1194
f 1195 1193 1194
f 3710 3722 3708
f 2258 2257 2260
f 4496 4500 4497
f 4497 4500 4499
f 2678 2676 2674
f 611 614 615
f 2252 2256 2257
f 612 614 611
f 609 612 611
f 2247 2248 2251
f 610 609 611
f 854 857 856
f 2010 2016 2007
f 2142 2146 2135
f 665 670 666
f 2010 2007 2009
f 708 666 707
f 839 841 840
f 840 841 843
f 708 707 701
f 837 836 839
f 699 700 709
f 709 700 703
f 835 836 837
f 838 835 837
f 4326 4327 4329
f 4176 4171 4175
f 4175 4171 4170
f 4179 4178 4177
f 4177 4176 4175
f 3649 3648 3641
f 2670 2666 2667
f 1196 1197 1193
f 1196 1193 1195
f 1156 1158 1155
f 1158 1159 1155
f 2260 2280 2258
f 2252 2257 2258
f 4311 4317 4320
f 4317 4321 4322
f 857 866 858
f 610 607 609
f 856 857 858
f 2160 2146 2142
f 854 870 871
f 608 607 616
f 616 607 610
f 850 870 854
f 608 616 638
f 2919 2918 2911
f 701 707 705
f 2013 2009 2008
f 2013 2008 2017
f 840 843 851
f 2911 2918 2909
f 837 839 840
f 700 701 702
f 2017 2008 2019
f 3664 3665 3662
f 703 700 702
f 711 699 709
f 4171 4172 4166
f 4178 4176 4177
f 3674 3675 3650
f 3647 3675 3676
f 3650 3675 3647
f 3676 3677 3647
f 3647 3677 3644
f 3644 3677 3649
f 3649 3641 3644
f 3637 3648 3635
f 2747 2746 2775
f 1179 1175 1161
f 1175 1173 1157
f 1161 1175 1157
f 1154 1156 1155
f 3710 3708 3704
f 3705 3707 3706
f 1011 1010 1014
f 2263 2258 2280
f 4496 4497 4498
f 4310 4311 4319
f 1007 1010 1009
f 1009 1010 1011
f 1008 1007 1009
f 624 613 606
f 613 612 609
f 613 609 606
f 2251 2252 2262
f 3828 3834 3833
f 628 626 627
f 626 624 606
f 605 626 606
f 606 609 607
f 4320 4317 4322
f 2160 2182 2177
f 2160 2177 2146
f 627 626 605
f 605 606 607
f 634 627 630
f 630 627 605
f 4335 4322 4336
f 2011 2016 2010
f 635 634 630
f 605 607 608
f 666 670 672
f 630 605 629
f 629 605 608
f 2011 2010 2009
f 850 854 853
f 707 672 710
f 864 877 876
f 701 705 704
f 2911 2909 2907
f 702 701 704
f 2909 2908 2907
f 4166 4172 4173
f 4167 4166 4173
f 4167 4173 4174
f 3662 3663 3664
f 3663 3673 3667
f 3652 3673 3674
f 3652 3674 3650
f 3660 3659 3639
f 3660 3639 3638
f 2775 2779 2778
f 2778 2779 2780
f 2742 2746 2743
f 3704 3708 3705
f 3704 3705 3706
f 4498 4497 4499
f 637 613 636
f 1155 1159 1160
f 636 613 624
f 4319 4311 4320
f 626 633 624
f 2252 2261 2262
f 4320 4322 4333
f 4333 4322 4335
f 3669 3670 3665
f 3666 3669 3665
f 853 854 856
f 635 630 629
f 864 876 865
f 707 710 705
f 3666 3665 3664
f 869 851 852
f 3664 3663 3667
f 3653 3673 3652
f 1419 1420 1428
f 1426 1419 1428
f 3645 3650 3647
f 1424 1425 1423
f 3644 3641 3640
f 3659 3658 3639
f 3639 3640 3637
f 3638 3639 3637
f 2747 2775 2778
f 3707 3713 3706
f 1155 1160 1165
f 2259 2258 2263
f 3717 3713 3719
f 3717 3719 3720
f 855 853 856
f 855 856 859
f 859 856 864
f 851 850 852
f 852 850 853
f 852 853 855
f 3666 3664 3668
f 704 705 706
f 869 852 863
f 869 863 874
f 2913 2906 2917
f 3654 3655 3653
f 3656 3661 3655
f 3656 3655 3654
f 3651 3653 3652
f 3654 3653 3651
f 3651 3652 3650
f 3656 3654 3651
f 3657 3656 3651
f 3657 3651 3646
f 3651 3650 3646
f 3646 3650 3645
f 3645 3647 3644
f 3643 3645 3644
f 3658 3657 3642
f 3640 3643 3644
f 3642 3643 3640
f 3639 3642 3640
f 1153 1157 1154
f 1153 1154 1155
f 3710 3704 3709
f 3709 3704 3706
f 1164 1155 1165
f 2264 2263 2268
f 2259 2263 2264
f 3706 3713 3712
f 3712 3713 3716
f 3716 3713 3717
f 3693 3703 3669
f 3693 3669 3671
f 3671 3669 3668
f 1432 1434 1433
f 3668 3669 3666
f 859 864 865
f 852 855 863
f 861 863 855
f 2912 2911 2907
f 3668 3664 3667
f 2018 2013 2017
f 875 874 861
f 875 861 873
f 2906 2910 2907
f 3942 3946 3945
f 3942 3945 3944
f 3686 3667 3653
f 3657 3646 3642
f 3642 3646 3643
f 3643 3646 3645
f 2745 2747 2778
f 2743 2747 2745
f 1161 1157 1153
f 2736 2742 2743
f 3718 3716 3717
f 2269 2261 2270
f 3692 3679 3683
f 3678 3683 3679
f 3678 3679 3680
f 860 855 859
f 860 859 865
f 861 855 860
f 2914 2912 2907
f 3687 3672 3667
f 3672 3668 3667
f 3681 3678 3680
f 2910 2914 2907
f 3686 3687 3667
f 3680 3687 3686
f 3681 3680 3686
f 2916 2910 2913
f 2913 2910 2906
f 2745 2778 2780
f 3698 3702 3701
f 3698 3701 3699
f 3709 3706 3712
f 3714 3709 3712
f 3695 3698 3697
f 3697 3698 3699
f 3697 3699 3700
f 3715 3712 3716
f 3715 3716 3718
f 1439 1440 1437
f 3718 3717 3720
f 3694 3703 3693
f 3692 3689 3679
f 3679 3685 3684
f 3685 3693 3684
f 3684 3693 3671
f 3679 3684 3680
f 3672 3684 3671
f 3672 3671 3668
f 3680 3684 3672
f 3680 3672 3687
f 861 860 862
f 861 862 873
f 2916 2915 2910
f 2915 2914 2910
f 2781 2745 2780
f 1162 1161 1153
f 1153 1155 1164
f 3715 3714 3712
f 3695 3697 3690
f 3691 3695 3690
f 3690 3697 3700
f 3688 3694 3693
f 3689 3688 3679
f 2781 2780 2731
f 1162 1153 1163
f 1163 1153 1164
f 1164 1165 1167
f 3690 3700 3694
f 3691 3690 3689
f 3689 3690 3688
f 3690 3694 3688
f 2739 2736 2735
f 1164 1167 1166
f 2729 2745 2781
f 2736 2745 2741
f 1163 1164 1166
f 2781 2731 2729
f 2745 2729 2741
f 2735 2736 2737
f 1163 1166 1168
f 1166 1167 1170
f 1171 1166 1170
f 2729 2731 2728
f 2738 2741 2729
f 2738 2729 2725
f 2725 2729 2728
f 2725 2728 2727
f 1168 1166 1172
f 1172 1166 1171
f 2730 2738 2725
f 2730 2725 2724
f 3273 3282 3271
f 2724 2725 2726
f 2725 2727 2726
f 2734 2730 2733
f 2730 2724 2733
f 2724 2726 2732
f 2733 2724 2732
