v -0.087402 0.111084 0.083435
v -0.085632 0.111572 0.084900
v -0.087402 0.111084 0.083496
v -0.088989 0.111267 0.081055
v -0.070068 0.341797 0.048828
v -0.070129 0.341797 0.048828
v -0.068420 0.343262 0.049988
v 0.447266 0.200195 -0.048828
v 0.447021 0.200195 -0.048828
v 0.446533 0.200195 -0.048828
v 0.140889 0.296337 -0.065746
v 0.164937 0.273919 -0.071756
v 0.151633 0.286855 -0.067668
v 0.447266 0.200195 -0.048828
v 0.454269 0.201345 -0.047416
v 0.447021 0.200195 -0.048828
v 0.020828 0.336914 0.022858
v 0.025470 0.348131 0.021269
v 0.021973 0.338623 0.022217
v -0.070129 0.341797 0.048828
v -0.066492 0.347586 0.046914
v -0.069763 0.339844 0.050537
v 0.016665 0.291205 0.042530
v 0.013211 0.282506 0.044701
v 0.007982 0.278450 0.047549
v 0.010232 0.335543 -0.077978
v 0.005059 0.336201 -0.078668
v -0.001481 0.336631 -0.080414
v 0.001432 -0.030834 -0.073987
v 0.011403 -0.043620 -0.080818
v 0.007151 -0.034689 -0.076006
v 0.195599 -0.437975 -0.060717
v 0.184009 -0.433999 -0.054069
v 0.189843 -0.438675 -0.057935
v 0.092179 -0.197044 -0.031176
v 0.093001 -0.200687 -0.024939
v 0.093454 -0.206606 -0.021445
v 0.139609 -0.183276 0.040490
v 0.143312 -0.186395 0.042496
v 0.150263 -0.186951 0.044286
v 0.075377 0.165573 0.100248
v 0.074908 0.141306 0.101115
v 0.086818 0.137536 0.086157
v 0.097688 0.156872 0.072101
v 0.096496 0.185502 0.072832
v 0.099141 0.113531 0.072545
v 0.090746 0.113211 0.082926
v 0.076798 0.113431 0.100777
v 0.073471 0.185947 0.099927
v 0.020621 -0.116369 -0.053836
v -0.009755 -0.121412 -0.053871
v 0.022015 -0.124911 -0.054800
v 0.031244 -0.121381 -0.056146
v -0.000676 -0.101428 -0.055373
v 0.023806 -0.071149 -0.057846
v -0.003542 -0.076675 -0.057528
v 0.005508 -0.050246 -0.057393
v 0.021417 -0.040817 -0.058399
v -0.022511 -0.057080 -0.058638
v -0.027121 -0.105941 -0.056860
v -0.024530 -0.123519 -0.055485
v -0.015830 -0.030118 -0.056173
v 0.004842 -0.026628 -0.055247
v 0.032867 -0.091214 -0.057700
v 0.009921 -0.016618 -0.056691
v -0.034289 -0.033983 -0.060454
v -0.029749 -0.061463 -0.060352
v 0.030801 -0.062894 -0.060312
v -0.020416 -0.022857 -0.055847
v 0.020843 -0.019793 -0.059637
v 0.041774 -0.050772 -0.065380
v 0.036434 -0.032893 -0.064786
v 0.051498 -0.054157 -0.068010
v 0.051807 -0.073581 -0.070407
v 0.065825 -0.084600 -0.072355
v 0.052527 -0.085284 -0.070883
v 0.065276 -0.051933 -0.067400
v 0.059132 -0.110551 -0.078399
v 0.043068 -0.127991 -0.061333
v 0.036496 -0.132830 -0.059406
v 0.043172 -0.145596 -0.061342
v 0.051712 -0.152936 -0.064123
v 0.048136 -0.159127 -0.063696
v 0.051802 -0.100774 -0.073761
v 0.043031 -0.104852 -0.063089
v 0.052604 -0.173530 -0.068753
v 0.052071 -0.116237 -0.079607
v 0.067565 -0.120825 -0.078001
v 0.073178 -0.094938 -0.072997
v 0.054384 -0.133645 -0.068147
v 0.046811 -0.112221 -0.075401
v -0.014896 -0.022752 -0.052927
v 0.006576 -0.020119 -0.052949
v 0.047713 -0.122382 -0.076398
v 0.059205 -0.124448 -0.076363
v 0.062054 -0.128904 -0.076347
v 0.065025 -0.150545 -0.080127
v 0.086541 -0.143696 -0.079919
v 0.072960 -0.161450 -0.081766
v 0.064597 -0.194373 -0.078878
v 0.077606 -0.199136 -0.083619
v 0.065857 -0.222227 -0.080463
v 0.058423 -0.194427 -0.076823
v 0.059166 -0.177836 -0.075293
v 0.082491 -0.241850 -0.087766
v 0.072746 -0.244302 -0.084273
v 0.092927 -0.237247 -0.088793
v 0.090031 -0.201724 -0.085653
v 0.089293 -0.180962 -0.083254
v 0.114872 -0.228859 -0.088162
v 0.054699 -0.180372 -0.073045
v 0.060241 -0.152146 -0.077100
v 0.052184 -0.126596 -0.069100
v 0.045144 -0.121834 -0.065230
v 0.023559 -0.017858 -0.058472
v -0.011078 0.140797 0.079924
v -0.010447 0.161231 0.078968
v -0.012869 0.166112 0.090838
v -0.013517 0.123784 0.091027
v -0.011840 0.184370 0.077184
v -0.013072 0.197041 0.087037
v -0.011836 0.122198 0.086168
v -0.012285 0.126898 0.074071
v -0.008971 0.146850 0.077343
v -0.016051 0.196954 0.091491
v -0.014264 0.192438 0.076303
v -0.014575 0.198906 0.074357
v -0.022011 0.199273 0.078399
v -0.037095 0.154774 0.100494
v -0.035073 0.119291 0.099626
v -0.034801 0.195295 0.098848
v -0.033333 0.197900 0.097577
v -0.028363 0.201776 0.076612
v -0.026391 0.210886 0.072974
v -0.034608 0.207327 0.076226
v -0.038028 0.207698 0.075920
v -0.046875 0.190464 0.082581
v -0.060449 0.181532 0.100900
v -0.047187 0.156341 0.084474
v -0.058998 0.145837 0.100195
v -0.049811 0.121956 0.086585
v -0.059599 0.113582 0.101936
v -0.059057 0.111987 0.100858
v -0.060685 0.189606 0.099576
v -0.060878 0.210928 0.098607
v -0.049338 0.228945 0.084025
v -0.061675 0.243771 0.099296
v -0.048993 0.243314 0.082594
v -0.044752 0.209697 0.077166
v -0.046988 0.232902 0.079231
v -0.050667 0.112473 0.085843
v -0.044712 0.125108 0.080463
v -0.044228 0.136417 0.082178
v -0.045228 0.185772 0.082097
v -0.040642 0.202971 0.078900
v -0.046292 0.124492 0.073553
v -0.052091 0.111087 0.067908
v -0.118848 -0.290503 -0.042831
v -0.122013 -0.301510 -0.027858
v -0.127143 -0.305338 -0.049078
v -0.119415 -0.296029 -0.026514
v -0.140510 -0.329110 -0.035393
v -0.141239 -0.328436 -0.048644
v -0.151624 -0.350490 -0.048036
v -0.151584 -0.351497 -0.037285
v -0.146201 -0.328564 -0.059981
v -0.150913 -0.338148 -0.060278
v -0.151440 -0.335598 -0.069502
v -0.141050 -0.308604 -0.064467
v -0.156377 -0.346039 -0.059502
v -0.154774 -0.365871 -0.047908
v -0.116160 -0.281896 -0.031856
v -0.163034 -0.372217 -0.056948
v -0.162279 -0.375311 -0.050237
v -0.158592 -0.372977 -0.034713
v -0.166389 -0.386712 -0.037768
v -0.176522 -0.393916 -0.046513
v -0.177194 -0.403835 -0.036205
v -0.183777 -0.411914 -0.045772
v -0.180714 -0.417938 -0.036257
v -0.153021 -0.362669 -0.035899
v -0.118474 -0.280755 -0.045478
v -0.127744 -0.285716 -0.056922
v -0.140425 -0.296314 -0.068935
v -0.150689 -0.306669 -0.076930
v -0.160626 -0.330565 -0.083968
v -0.126148 -0.261289 -0.058970
v -0.137361 -0.278757 -0.068546
v -0.120320 -0.261127 -0.049448
v -0.115535 -0.264833 -0.032158
v -0.115111 -0.252493 -0.033782
v -0.113439 -0.252964 -0.020332
v -0.103060 -0.230634 -0.032653
v -0.117628 -0.243359 -0.047786
v -0.105589 -0.238879 -0.022763
v -0.097272 -0.228720 -0.012499
v -0.094673 -0.214903 -0.020596
v -0.090704 -0.219910 0.000909
v -0.093051 -0.206679 -0.032796
v -0.110372 -0.224712 -0.048239
v -0.098432 -0.233535 0.003396
v -0.090646 -0.212565 -0.002216
v -0.078421 -0.196716 -0.018666
v -0.076412 -0.179636 -0.033295
v -0.069335 -0.181993 -0.019212
v -0.063452 -0.176529 0.000383
v -0.056757 -0.160447 -0.016953
v -0.054409 -0.157732 0.002305
v -0.043230 -0.136847 0.000755
v -0.046107 -0.139554 -0.017209
v -0.031273 -0.103674 -0.017380
v -0.035836 -0.118344 0.003819
v -0.023232 -0.090334 0.006994
v -0.009517 -0.053511 0.000555
v -0.020692 -0.074857 -0.017572
v -0.010953 -0.042808 -0.019173
v -0.029362 -0.077754 -0.032536
v -0.009941 -0.056941 0.013859
v -0.019350 -0.039401 -0.037377
v -0.001554 -0.043534 0.010474
v -0.002523 -0.041067 -0.004255
v -0.077692 -0.198339 -0.001345
v -0.047465 -0.131311 -0.025407
v -0.045823 -0.112892 -0.034996
v -0.061610 -0.147324 -0.034321
v -0.107295 -0.245872 0.008011
v -0.114458 -0.255390 -0.002244
v -0.116498 -0.259340 -0.017270
v -0.015959 -0.064281 0.024807
v -0.005145 -0.047995 0.024022
v -0.121273 -0.246543 -0.049198
v -0.123640 -0.266208 -0.005369
v -0.120208 -0.282318 -0.023112
v -0.151572 -0.344465 -0.023291
v -0.000181 -0.044277 0.031227
v -0.008054 -0.030848 -0.035030
v -0.144086 -0.329255 -0.023904
v -0.136774 -0.319731 -0.024434
v -0.125812 -0.277205 -0.014743
v -0.166909 -0.380702 -0.025116
v -0.155483 -0.360846 -0.026373
v -0.033027 -0.095480 0.023784
v -0.123940 -0.259740 0.013228
v -0.159441 -0.353262 -0.022549
v -0.046482 -0.132950 0.011832
v -0.010292 -0.047692 0.035380
v -0.046001 -0.120844 0.021309
v -0.113907 -0.244976 0.021952
v -0.079903 -0.192118 0.009706
v -0.175027 -0.388279 -0.025219
v -0.182612 -0.405028 -0.026361
v -0.108792 -0.229385 0.023517
v -0.122051 -0.251969 0.022851
v -0.134743 -0.303204 -0.011587
v -0.072765 -0.168307 0.019879
v -0.163897 -0.370037 -0.024960
v -0.066528 -0.153818 0.021862
v -0.021203 -0.059457 0.035302
v -0.102212 -0.216195 0.019519
v -0.096954 -0.207843 0.011003
v -0.135753 -0.272878 -0.002771
v -0.093185 -0.195426 0.021709
v -0.163969 -0.348784 -0.013719
v -0.090941 -0.185664 0.026319
v -0.123110 -0.236592 0.035766
v -0.105076 -0.202920 0.023407
v -0.000630 -0.037162 0.047417
v -0.118732 -0.212681 0.037840
v -0.161725 -0.358651 -0.020491
v -0.139038 -0.269245 0.006733
v -0.147433 -0.277395 0.001716
v -0.142244 -0.261205 0.019817
v -0.173350 -0.374205 -0.018315
v -0.166019 -0.329325 -0.088346
v -0.346085 0.209063 -0.035204
v -0.325889 0.210219 -0.022304
v -0.350612 0.206613 -0.020242
v -0.372998 0.207052 -0.035131
v -0.376431 0.204062 -0.019146
v -0.389400 0.205058 -0.042258
v -0.388168 0.200421 -0.006653
v -0.411015 0.199565 -0.026207
v -0.404389 0.202727 -0.045476
v -0.421101 0.198573 -0.035509
v -0.439114 0.196869 -0.046620
v -0.419575 0.196512 0.004661
v -0.407719 0.195466 -0.004293
v -0.319473 0.210324 -0.033899
v -0.441778 0.198442 -0.015084
v -0.441068 0.197392 -0.027825
v -0.438831 0.197653 -0.039760
v -0.376094 0.205289 -0.006170
v -0.292268 0.216203 -0.020373
v -0.398313 0.195626 0.002174
v -0.454696 0.192813 -0.041622
v -0.461366 0.190728 -0.049879
v -0.465350 0.189212 -0.042902
v -0.392528 0.197667 0.009481
v -0.440755 0.198676 -0.000700
v -0.445900 0.197321 -0.007385
v -0.457949 0.193332 -0.011030
v -0.288843 0.213203 -0.036292
v -0.283049 0.217210 -0.049458
v -0.300481 0.216350 -0.052525
v -0.280386 0.216857 -0.042136
v -0.270636 0.217308 -0.036394
v -0.450767 0.198296 -0.002242
v -0.451558 0.199349 -0.018892
v -0.422347 0.197198 0.008641
v -0.441961 0.196025 0.007470
v -0.263545 0.223237 -0.019517
v -0.254693 0.221851 -0.033185
v -0.250719 0.226093 -0.021322
v -0.237441 0.226228 -0.031880
v -0.236840 0.229507 -0.020176
v -0.226108 0.232254 -0.016902
v -0.219309 0.228511 -0.033618
v -0.199513 0.228602 -0.036396
v -0.348014 0.210204 -0.010061
v -0.333607 0.213288 -0.010641
v -0.417469 0.185391 0.013247
v -0.341235 0.214607 -0.047038
v -0.449928 0.197924 0.001824
v -0.275033 0.221593 -0.052492
v -0.410866 0.190352 0.028519
v -0.422430 0.184228 0.025451
v -0.265373 0.225684 -0.046226
v -0.469106 0.188717 -0.003974
v -0.468593 0.192344 -0.014640
v -0.478051 0.185301 -0.004997
v -0.382078 0.205573 0.002598
v -0.303490 0.217051 -0.016213
v -0.421177 0.188194 0.035677
v -0.482524 0.188430 -0.010408
v -0.373845 0.210026 -0.039874
v -0.208096 0.235368 -0.046476
v -0.202557 0.235800 -0.019767
v -0.313287 0.220580 -0.057301
v -0.422861 0.187987 0.012519
v -0.458740 0.191683 0.006084
v -0.455575 0.193433 0.013114
v -0.469945 0.187852 0.012277
v -0.469502 0.192550 0.005668
v -0.443553 0.199482 -0.036369
v -0.449275 0.195320 -0.034155
v -0.453466 0.194115 -0.027347
v -0.464474 0.189491 -0.032245
v -0.468165 0.190012 -0.024929
v -0.477741 0.186618 -0.032624
v -0.450573 0.199255 -0.038377
v -0.478319 0.190061 -0.025395
v -0.248547 0.232322 -0.042961
v -0.291479 0.225844 -0.061148
v -0.477101 0.188406 -0.000136
v -0.473942 0.190356 0.010578
v -0.457059 0.198003 -0.021654
v -0.464405 0.195747 -0.019470
v -0.483511 0.188929 -0.004650
v -0.425433 0.201836 -0.048411
v -0.417622 0.192308 0.038171
v -0.397224 0.197153 0.016757
v -0.470027 0.192743 -0.021655
v -0.471042 0.192146 0.018349
v -0.427470 0.193741 0.034421
v -0.421646 0.195493 0.040538
v -0.394717 0.206617 0.015585
v 0.119153 -0.294364 -0.027893
v 0.124288 -0.299869 -0.050085
v 0.127219 -0.309561 -0.032003
v 0.140237 -0.327169 -0.050378
v 0.141242 -0.331180 -0.036245
v 0.153688 -0.356047 -0.048818
v 0.153096 -0.358129 -0.037129
v 0.149215 -0.335734 -0.062009
v 0.144743 -0.323797 -0.066382
v 0.150488 -0.337080 -0.072259
v 0.140134 -0.313705 -0.063495
v 0.120211 -0.279747 -0.048618
v 0.115962 -0.269247 -0.034149
v 0.154529 -0.364975 -0.050130
v 0.132150 -0.299515 -0.060143
v 0.157257 -0.347448 -0.060602
v 0.160042 -0.366585 -0.056562
v 0.166866 -0.372217 -0.060669
v 0.168302 -0.377888 -0.054058
v 0.168674 -0.383404 -0.047850
v 0.162364 -0.378693 -0.036389
v 0.175312 -0.399728 -0.037875
v 0.152112 -0.363022 -0.037899
v 0.180045 -0.399003 -0.046694
v 0.179893 -0.417306 -0.038791
v 0.184402 -0.419910 -0.048335
v 0.182835 -0.422790 -0.028140
v 0.154994 -0.319868 -0.081146
v 0.155904 -0.331164 -0.079379
v 0.158840 -0.327730 -0.085353
v 0.127342 -0.284504 -0.057580
v 0.164359 -0.361952 -0.063084
v 0.160877 -0.353299 -0.075625
v 0.158622 -0.344047 -0.067963
v 0.156757 -0.337808 -0.066642
v 0.164753 -0.365771 -0.077866
v 0.164103 -0.352873 -0.080694
v 0.120566 -0.255293 -0.045495
v 0.115838 -0.245099 -0.032325
v 0.114906 -0.255688 -0.019041
v 0.118292 -0.274130 -0.020799
v 0.151842 -0.346725 -0.024257
v 0.144622 -0.330460 -0.023343
v 0.133987 -0.315642 -0.024466
v 0.146404 -0.290877 -0.072933
v 0.162177 -0.347804 -0.076366
v 0.169048 -0.363505 -0.081792
v -0.097725 0.111103 0.072499
v -0.088412 0.142851 0.063540
v -0.087417 0.110405 0.062222
v -0.097280 0.160745 0.072576
v -0.080667 0.166420 0.056631
v -0.086238 0.200815 0.060911
v -0.095636 0.200547 0.071981
v -0.079575 0.106172 0.056569
v -0.089455 0.240498 0.061909
v -0.080294 0.234735 0.056530
v -0.095881 0.236846 0.071618
v -0.095016 0.263063 0.058851
v -0.086798 0.264709 0.050522
v -0.086598 0.271895 0.052546
v -0.081896 0.243847 0.053923
v -0.083354 0.257367 0.051615
v -0.096249 0.260993 0.063770
v -0.080010 0.209814 0.055007
v 0.194937 -0.309197 -0.058154
v 0.200417 -0.335195 -0.052123
v 0.197451 -0.328376 -0.067377
v 0.196533 -0.320725 -0.039332
v 0.191461 -0.295563 -0.034551
v 0.192044 -0.295566 -0.055872
v 0.189293 -0.281506 -0.051961
v 0.184990 -0.268785 -0.032875
v 0.183935 -0.264936 -0.048824
v 0.177452 -0.248318 -0.044751
v 0.179611 -0.255188 -0.023488
v 0.201179 -0.348112 -0.046701
v 0.201966 -0.351223 -0.037400
v 0.179689 -0.272370 -0.010025
v 0.185689 -0.294131 -0.019418
v 0.190827 -0.317199 -0.023279
v 0.196128 -0.344072 -0.026436
v 0.197533 -0.350405 -0.024087
v 0.175153 -0.257768 -0.008727
v 0.168987 -0.238803 -0.005673
v 0.166829 -0.231092 -0.009733
v 0.169151 -0.232576 -0.034810
v 0.163880 -0.219941 -0.021350
v 0.160022 -0.205352 -0.010139
v 0.164731 -0.223510 0.014618
v 0.163225 -0.209652 0.000201
v 0.160529 -0.204258 0.015795
v 0.156950 -0.186517 -0.002539
v 0.153539 -0.187619 0.019036
v 0.157825 -0.185612 -0.016781
v 0.155451 -0.173166 -0.013516
v 0.157241 -0.210068 0.031327
v 0.158334 -0.220833 0.034376
v 0.152203 -0.181679 0.026564
v 0.150905 -0.187919 0.026003
v 0.156679 -0.177238 0.005030
v 0.164565 -0.237282 0.013055
v 0.166524 -0.251895 0.002539
v 0.200744 -0.368355 -0.049693
v 0.198941 -0.348862 -0.066343
v 0.198764 -0.367224 -0.070450
v 0.197261 -0.342617 -0.056498
v 0.159448 -0.238232 0.025476
v 0.180744 -0.305893 -0.012522
v 0.158131 -0.206445 -0.016622
v 0.148501 -0.166370 -0.027482
v 0.149964 -0.183401 0.030694
v 0.169981 -0.264593 -0.002066
v 0.199617 -0.357271 -0.037322
v 0.201118 -0.375005 -0.035978
v 0.195281 -0.360074 -0.026451
v 0.196213 -0.375077 -0.025154
v 0.195445 -0.384342 -0.027294
v 0.200375 -0.383084 -0.037458
v 0.203872 -0.400273 -0.030008
v 0.203496 -0.391580 -0.045486
v 0.199048 -0.377017 -0.047770
v 0.209105 -0.401579 -0.047486
v 0.212172 -0.416793 -0.043362
v 0.212449 -0.427025 -0.035602
v 0.215470 -0.434003 -0.046339
v 0.208428 -0.425944 -0.025596
v 0.218565 -0.445717 -0.035035
v 0.214527 -0.440545 -0.021519
v 0.218080 -0.445725 -0.049329
v 0.217584 -0.412595 -0.054847
v 0.199293 -0.388052 -0.057324
v 0.196549 -0.372998 -0.055516
v 0.204550 -0.399135 -0.060823
v 0.222544 -0.435377 -0.054490
v 0.221359 -0.420277 -0.064332
v 0.212874 -0.408341 -0.067356
v 0.218971 -0.430634 -0.067435
v 0.198380 -0.337274 -0.057710
v 0.157098 -0.249022 0.021806
v 0.180501 -0.324841 -0.013068
v 0.187112 -0.344779 -0.017752
v 0.188146 -0.351475 -0.016087
v 0.189643 -0.359119 -0.020851
v 0.186037 -0.372325 -0.017643
v 0.171098 -0.290606 -0.003433
v 0.156166 -0.266362 0.006758
v 0.202849 -0.437373 -0.014179
v 0.160423 -0.289432 0.004475
v 0.198486 -0.371094 -0.056335
v 0.215305 -0.420830 -0.075342
v 0.212913 -0.437347 -0.077372
v 0.166121 -0.309574 -0.002873
v 0.193525 -0.406511 -0.023135
v 0.199648 -0.424667 -0.021794
v 0.210408 -0.442808 -0.069335
v 0.203183 -0.455220 -0.079606
v 0.210170 -0.444057 -0.061749
v 0.189714 -0.394664 -0.022979
v 0.186249 -0.384486 -0.021622
v 0.201736 -0.451896 -0.067628
v 0.199732 -0.460650 -0.070697
v 0.199645 -0.464478 -0.080500
v 0.199248 -0.475021 -0.074721
v 0.196455 -0.469622 -0.083635
v 0.196781 -0.490695 -0.082426
v 0.209680 -0.436638 -0.081678
v 0.217008 -0.446152 -0.051352
v 0.207925 -0.465131 -0.062838
v 0.214004 -0.465571 -0.053155
v 0.221315 -0.448628 -0.037771
v 0.219651 -0.478758 -0.045310
v 0.224908 -0.462821 -0.028489
v 0.227409 -0.454465 -0.020040
v 0.226937 -0.486484 -0.027597
v 0.233478 -0.467338 -0.011746
v 0.228984 -0.492507 -0.022800
v 0.220159 -0.495694 -0.048228
v 0.223111 -0.492675 -0.035014
v 0.214487 -0.499990 -0.062897
v 0.207687 -0.499775 -0.074526
v 0.236274 -0.495022 -0.013483
v 0.204741 -0.482063 -0.072076
v 0.242505 -0.486278 -0.004660
v 0.249477 -0.498869 0.003552
v 0.250626 -0.485849 0.008105
v 0.257540 -0.498053 0.018917
v 0.198242 -0.370605 -0.059570
v 0.194995 -0.500102 -0.083156
v 0.178414 -0.351356 -0.011713
v 0.175727 -0.347083 -0.012677
v 0.169440 -0.322011 -0.007238
v 0.084485 0.205292 0.063498
v 0.089139 0.186226 0.064366
v 0.077183 0.191174 0.056720
v 0.084130 0.164827 0.058737
v 0.074313 0.160096 0.052297
v 0.085772 0.124859 0.060175
v 0.076429 0.110824 0.054059
v 0.086744 0.112396 0.060079
v 0.080340 0.236779 0.060559
v 0.073671 0.243082 0.057196
v 0.092769 0.246645 0.066915
v 0.097688 0.156872 0.072101
v 0.099141 0.113531 0.072545
v 0.096496 0.185502 0.072832
v 0.085241 0.232713 0.066986
v 0.087288 0.252646 0.066676
v 0.091459 0.226227 0.076423
v 0.088727 0.203933 0.072299
v 0.091451 0.195629 0.076554
v 0.075016 0.190747 0.051172
v 0.075670 0.211301 0.054762
v 0.095181 0.247078 0.071822
v 0.091184 0.186979 0.071597
v 0.075147 0.123459 0.050893
v 0.070418 0.249455 0.060152
v 0.080274 0.255573 0.068239
v 0.075102 0.108463 0.059991
v 0.071368 0.112452 0.078253
v 0.068600 0.110600 0.076446
v 0.086744 0.112396 0.060079
v 0.090746 0.113211 0.082926
v 0.076798 0.113431 0.100777
v 0.065204 0.112975 0.094773
v 0.099141 0.113531 0.072545
v 0.052948 0.111919 0.082005
v 0.054893 0.112708 0.091721
v 0.059311 0.110641 0.070961
v 0.076429 0.110824 0.054059
v 0.052467 0.117684 0.064514
v -0.198601 -0.323065 -0.051966
v -0.200077 -0.339518 -0.054158
v -0.201939 -0.346362 -0.045022
v -0.196920 -0.328131 -0.067972
v -0.194323 -0.314410 -0.060470
v -0.194006 -0.302829 -0.053489
v -0.197301 -0.320280 -0.037093
v -0.192746 -0.293263 -0.037577
v -0.189381 -0.284208 -0.051009
v -0.188313 -0.273512 -0.036734
v -0.184826 -0.260135 -0.034467
v -0.200602 -0.341475 -0.039523
v -0.200297 -0.346764 -0.030826
v -0.200535 -0.356311 -0.046475
v -0.199101 -0.357984 -0.035620
v -0.201785 -0.369268 -0.050888
v -0.201331 -0.373312 -0.035026
v -0.200286 -0.368000 -0.070471
v -0.198098 -0.353435 -0.067330
v -0.196353 -0.345539 -0.056288
v -0.183840 -0.283187 -0.019366
v -0.179454 -0.264216 -0.017344
v -0.190151 -0.312174 -0.022861
v -0.178168 -0.242304 -0.022273
v -0.195502 -0.341505 -0.026757
v -0.195946 -0.371243 -0.023734
v -0.172111 -0.241950 -0.008977
v -0.170124 -0.227147 -0.007810
v -0.161650 -0.221545 0.010093
v -0.169998 -0.224745 -0.015955
v -0.163531 -0.198483 -0.004975
v -0.161061 -0.202722 0.005842
v -0.155227 -0.178693 0.006045
v -0.155507 -0.173957 -0.008835
v -0.150023 -0.146027 0.000022
v -0.148560 -0.161300 0.022335
v -0.148155 -0.153590 0.017435
v -0.145826 -0.150758 0.022359
v -0.151565 -0.196927 0.028234
v -0.146236 -0.161998 0.028140
v -0.145849 -0.180694 0.036607
v -0.157597 -0.209846 0.016362
v -0.152744 -0.217532 0.030854
v -0.162406 -0.235237 0.012780
v -0.169541 -0.251746 -0.002006
v -0.143972 -0.206790 0.047525
v -0.178538 -0.278558 -0.010906
v -0.141545 -0.206571 0.049856
v -0.156677 -0.239095 0.024881
v -0.193497 -0.358908 -0.025009
v -0.141406 -0.167313 0.038987
v -0.165786 -0.259589 0.003090
v -0.177851 -0.299433 -0.009770
v -0.194433 -0.348438 -0.019971
v -0.148140 -0.230070 0.037021
v -0.168412 -0.273506 -0.000751
v -0.141350 -0.178165 0.041000
v -0.199523 -0.378954 -0.034740
v -0.200084 -0.380764 -0.049635
v -0.204236 -0.393515 -0.050348
v -0.199785 -0.386258 -0.032645
v -0.208310 -0.410756 -0.031949
v -0.209329 -0.408169 -0.044429
v -0.212812 -0.417279 -0.047259
v -0.210419 -0.401009 -0.053357
v -0.214823 -0.434362 -0.036938
v -0.211352 -0.426960 -0.028700
v -0.213828 -0.437875 -0.024032
v -0.218909 -0.445316 -0.033572
v -0.214960 -0.432256 -0.049517
v -0.216429 -0.443675 -0.050578
v -0.193055 -0.377773 -0.025859
v -0.202078 -0.398449 -0.029407
v -0.215075 -0.443585 -0.010844
v -0.209828 -0.439056 -0.017748
v -0.150602 -0.157771 -0.016290
v -0.155708 -0.178470 -0.016735
v -0.164657 -0.206858 -0.014527
v -0.146193 -0.141439 -0.022070
v -0.147457 -0.137235 -0.010820
v -0.146919 -0.140799 0.000334
v -0.149173 -0.148590 0.017943
v -0.204477 -0.424961 -0.022036
v -0.222643 -0.451052 -0.029245
v -0.224477 -0.453183 -0.008330
v -0.178605 -0.248092 -0.036642
v -0.218819 -0.413880 -0.055696
v -0.220693 -0.415826 -0.064302
v -0.219930 -0.427169 -0.053097
v -0.220375 -0.431895 -0.066356
v -0.185713 -0.345150 -0.016178
v -0.214355 -0.407269 -0.066750
v -0.140058 -0.191429 0.043425
v -0.146441 -0.158713 -0.030037
v -0.148143 -0.136036 -0.021047
v -0.147310 -0.132250 -0.010023
v -0.148751 -0.136887 0.002519
v -0.180832 -0.317405 -0.013943
v -0.167670 -0.294118 -0.001078
v -0.199238 -0.421024 -0.021561
v -0.151518 -0.142094 0.004257
v -0.177673 -0.260484 -0.053954
v -0.153578 -0.252551 0.022169
v -0.216340 -0.420759 -0.075131
v -0.160773 -0.267469 0.004734
v -0.192581 -0.341797 -0.059543
v -0.201595 -0.397729 -0.059307
v -0.185755 -0.359574 -0.019466
v -0.183661 -0.348011 -0.013500
v -0.184184 -0.372367 -0.017054
v -0.186650 -0.382788 -0.021924
v -0.191915 -0.406075 -0.023214
v -0.196145 -0.374415 -0.056811
v -0.192081 -0.384832 -0.058896
v -0.037439 -0.129621 -0.082649
v -0.030971 -0.116813 -0.078330
v -0.040111 -0.147169 -0.072206
v -0.034785 -0.110494 -0.094987
v -0.047803 -0.155039 -0.082484
v -0.049115 -0.171080 -0.068945
v -0.038099 -0.152444 -0.063454
v -0.055953 -0.176703 -0.084938
v -0.057337 -0.189729 -0.074398
v -0.026295 -0.087584 -0.090041
v -0.021748 -0.090559 -0.072930
v -0.017811 -0.063242 -0.085528
v -0.044569 -0.138389 -0.098907
v -0.066614 -0.216915 -0.080815
v -0.065693 -0.201111 -0.101609
v -0.073945 -0.226535 -0.102776
v -0.071514 -0.235180 -0.083293
v -0.054835 -0.167977 -0.099648
v -0.016944 -0.079064 -0.061798
v -0.013223 -0.060033 -0.064402
v -0.007943 -0.033249 -0.074754
v -0.021818 -0.099463 -0.060467
v -0.074030 -0.244220 -0.086746
v -0.078185 -0.243114 -0.103075
v -0.025480 -0.111976 -0.069118
v -0.024596 -0.117418 -0.057842
v -0.013143 -0.042961 -0.082714
v -0.027529 -0.133626 -0.065259
v -0.009007 -0.022840 -0.080453
v -0.002526 -0.009913 -0.075786
v -0.004167 -0.031869 -0.072773
v 0.096589 -0.092905 0.063571
v 0.102787 -0.095848 0.051446
v 0.110526 -0.124109 0.055746
v 0.097551 -0.084079 0.053997
v 0.109260 -0.111118 0.048933
v 0.094575 -0.073786 0.056031
v 0.090314 -0.070101 0.067354
v 0.090279 -0.061325 0.058101
v 0.083308 -0.048696 0.067319
v 0.086057 -0.049494 0.057942
v 0.099405 -0.105251 0.070981
v 0.105586 -0.122601 0.068127
v 0.115486 -0.155280 0.064091
v 0.081951 -0.041504 0.057669
v 0.077287 -0.031175 0.068148
v 0.112895 -0.150078 0.075529
v 0.122660 -0.192769 0.075015
v 0.116554 -0.126646 0.047867
v 0.120003 -0.147411 0.047729
v 0.124170 -0.182071 0.051155
v 0.123206 -0.194716 0.062407
v 0.125121 -0.157075 0.042342
v 0.128279 -0.189475 0.046940
v 0.093919 -0.082707 0.072416
v 0.085652 -0.052595 0.072224
v 0.124319 -0.193242 0.051032
v 0.107703 -0.127785 0.075446
v 0.119873 -0.148484 0.044302
v 0.079205 -0.034031 0.072457
v 0.077700 -0.034250 0.058128
v 0.073389 -0.019556 0.064549
v 0.072283 -0.010806 0.072208
v 0.129686 -0.166724 0.041140
v 0.126167 -0.195546 0.078015
v 0.118223 -0.165827 0.078128
v 0.139609 -0.183276 0.040490
v 0.135184 -0.171484 0.038963
v 0.142974 -0.180723 0.034084
v 0.103098 -0.109247 0.072985
v -0.038134 0.199498 0.090744
v -0.040642 0.202971 0.078900
v -0.039173 0.191581 0.092709
v -0.045228 0.185772 0.082097
v -0.034801 0.195295 0.098848
v -0.037095 0.154774 0.100494
v -0.042723 0.186135 0.084217
v -0.044228 0.136417 0.082178
v -0.038897 0.120595 0.092474
v -0.044712 0.125108 0.080463
v -0.035073 0.119291 0.099626
v -0.039041 0.213642 0.086149
v -0.032978 0.225085 0.097513
v -0.033878 0.246247 0.097523
v -0.040153 0.245092 0.084222
v -0.033333 0.197900 0.097577
v -0.041718 0.121723 0.077944
v -0.046292 0.124492 0.073553
v -0.054574 0.404720 0.021894
v -0.052394 0.405606 0.010733
v -0.055923 0.395488 0.015549
v -0.058428 0.388067 0.022132
v -0.046461 0.424941 0.017729
v -0.059363 0.387512 0.011310
v -0.062595 0.374582 0.013334
v -0.062373 0.374497 0.022048
v -0.046373 0.429947 0.007998
v -0.045180 0.429860 0.018542
v -0.062792 0.391373 -0.000823
v -0.051077 0.430330 -0.001240
v -0.058787 0.409981 -0.002167
v -0.062210 0.361821 0.019577
v -0.065398 0.362020 0.014230
v -0.064707 0.347779 0.015358
v -0.058918 0.341153 0.027582
v -0.059014 0.367777 0.028151
v -0.060463 0.349952 0.034716
v -0.060181 0.335273 0.037678
v -0.062547 0.330522 0.032091
v -0.061930 0.322737 0.041109
v -0.055251 0.384286 0.025668
v -0.052694 0.393825 0.035428
v -0.049304 0.404895 0.032381
v -0.049998 0.423724 0.022080
v -0.058251 0.372216 0.038436
v -0.053196 0.378878 0.041676
v -0.058650 0.357584 0.046063
v -0.052503 0.351466 0.056697
v -0.063465 0.365584 0.039358
v -0.063949 0.360243 0.044590
v -0.066492 0.347586 0.046914
v -0.064602 0.347989 0.051851
v -0.068420 0.343262 0.049988
v -0.070068 0.341797 0.048828
v -0.069763 0.339844 0.050537
v -0.072617 0.332667 0.052019
v -0.068631 0.331713 0.057666
v -0.077652 0.312958 0.052654
v -0.070129 0.341797 0.048828
v -0.075146 0.312784 0.055606
v -0.068084 0.385206 0.002592
v -0.081215 0.314770 0.048863
v -0.073836 0.378967 0.005869
v -0.087028 0.306145 0.048920
v -0.051771 0.434590 0.003632
v -0.040701 0.425059 0.023327
v 0.252050 0.276828 -0.051427
v 0.240327 0.283847 -0.038472
v 0.258437 0.278829 -0.033364
v 0.264558 0.273095 -0.050270
v 0.270664 0.274923 -0.033968
v 0.236368 0.281653 -0.051596
v 0.287258 0.265944 -0.046150
v 0.285738 0.268854 -0.033084
v 0.308876 0.258642 -0.036804
v 0.228768 0.283420 -0.050226
v 0.227515 0.288153 -0.035331
v 0.213026 0.288846 -0.049587
v 0.216572 0.292035 -0.034713
v 0.204178 0.297533 -0.035965
v 0.198019 0.295489 -0.048089
v 0.186129 0.299738 -0.048131
v 0.177261 0.305644 -0.032536
v 0.173198 0.304531 -0.047262
v 0.311196 0.255306 -0.041452
v 0.323830 0.252872 -0.032601
v 0.329095 0.245573 -0.041179
v 0.340384 0.244509 -0.032927
v 0.300698 0.260962 -0.014963
v 0.330944 0.248995 -0.018777
v 0.349942 0.241402 -0.018783
v 0.359939 0.234347 -0.030527
v 0.382401 0.226531 -0.016943
v 0.378082 0.225662 -0.028229
v 0.392624 0.220327 -0.029451
v 0.239415 0.283087 -0.022536
v 0.312743 0.255271 -0.015382
v 0.283430 0.267523 -0.013927
v 0.269276 0.272449 -0.013027
v 0.402545 0.221385 -0.017710
v 0.243656 0.279591 -0.011847
v 0.388240 0.223310 -0.006731
v 0.376741 0.227311 -0.010146
v 0.230151 0.282566 -0.011943
v 0.357358 0.236338 -0.011166
v 0.399614 0.222116 -0.002227
v 0.216208 0.285674 -0.009688
v 0.198769 0.294262 -0.018891
v 0.178904 0.301361 -0.015776
v 0.191082 0.292520 -0.003862
v 0.172100 0.300730 0.000325
v 0.422605 0.221355 -0.001691
v 0.427037 0.219913 -0.020129
v 0.435698 0.217659 -0.004712
v 0.444976 0.213338 -0.020798
v 0.439350 0.214327 0.004596
v 0.446351 0.211796 -0.002416
v 0.443477 0.212424 -0.031392
v 0.456922 0.205846 -0.004587
v 0.452681 0.206246 0.006785
v 0.453216 0.206504 -0.032729
v 0.426540 0.215892 -0.036030
v 0.447716 0.206916 0.012965
v 0.457957 0.201336 0.014277
v 0.475234 0.192119 0.011615
v 0.471693 0.192582 0.017601
v 0.411652 0.218081 -0.030575
v 0.459843 0.201906 -0.021816
v 0.463118 0.199553 -0.032884
v 0.479097 0.189934 -0.032042
v 0.478502 0.189963 -0.025497
v 0.454721 0.205669 -0.016987
v 0.465797 0.198185 -0.013725
v 0.467038 0.198795 -0.001930
v 0.432431 0.211102 -0.045328
v 0.474185 0.191880 -0.011725
v 0.483575 0.188880 -0.007902
v 0.163209 0.315835 -0.024029
v 0.162265 0.310753 -0.007251
v 0.160972 0.316069 -0.037194
v 0.152453 0.319981 -0.046831
v 0.146124 0.329896 -0.024559
v 0.146767 0.323302 -0.007342
v 0.144867 0.327700 -0.040274
v 0.125040 0.341869 -0.044225
v 0.132926 0.341708 -0.023282
v 0.138263 0.330953 -0.046627
v 0.120140 0.350820 -0.023225
v 0.109494 0.349047 -0.045416
v 0.112417 0.354633 -0.023793
v 0.113659 0.350099 -0.011300
v 0.094673 0.352810 -0.043517
v 0.096456 0.357252 -0.022801
v 0.084816 0.357704 -0.025277
v 0.083173 0.355323 -0.037094
v 0.070515 0.357636 -0.041325
v 0.059252 0.365326 -0.027449
v 0.059429 0.363343 -0.015149
v 0.049651 0.362600 -0.043154
v 0.065020 0.359037 -0.005591
v 0.080144 0.354789 -0.005007
v 0.071152 0.355011 0.005819
v 0.061782 0.362082 0.003189
v 0.090661 0.352541 -0.003526
v 0.081474 0.350460 -0.049150
v 0.076086 0.349273 -0.056262
v 0.081172 0.350205 0.008170
v 0.089222 0.346198 0.010063
v 0.405214 0.215162 -0.040709
v 0.385555 0.219925 -0.032878
v 0.126451 0.342492 -0.011438
v 0.056212 0.355292 -0.051970
v 0.055454 0.368812 -0.026078
v 0.370353 0.223961 -0.037882
v 0.343746 0.232311 -0.048048
v 0.420310 0.212118 -0.045455
v 0.292525 0.257395 -0.054069
v 0.314803 0.243075 -0.055285
v 0.466215 0.194136 0.004570
v 0.278951 0.256049 -0.064419
v 0.445267 0.206788 -0.037000
v 0.454269 0.201345 -0.047416
v 0.453555 0.202690 -0.043626
v 0.467955 0.193921 -0.043004
v 0.451326 0.202886 0.001028
v 0.040337 0.356029 -0.055508
v 0.331686 0.245022 -0.011426
v 0.149070 0.315189 0.000192
v 0.102529 0.340743 0.008485
v 0.058329 0.365757 -0.005940
v 0.461308 0.198681 -0.017745
v 0.295056 0.248422 -0.062954
v 0.253168 0.263976 -0.066824
v 0.079255 0.343788 -0.059273
v 0.230439 0.270274 -0.066712
v 0.215546 0.276691 -0.062810
v 0.105168 0.338750 -0.058152
v 0.463300 0.191479 -0.050048
v 0.323514 0.236517 -0.056501
v 0.050398 0.370835 -0.031114
v 0.047235 0.366633 -0.039739
v 0.040077 0.366664 -0.046713
v 0.073624 0.341048 -0.067720
v 0.062687 0.343743 -0.065903
v 0.200679 0.283094 -0.059251
v 0.378420 0.215464 -0.038163
v 0.118655 0.331795 -0.057160
v 0.047107 0.343294 -0.066879
v 0.044365 0.348827 -0.060979
v 0.167588 0.296249 -0.056814
v 0.137894 0.322957 -0.053145
v 0.409099 0.215529 0.013797
v 0.423116 0.213705 0.012814
v 0.456825 0.196583 -0.038827
v 0.469193 0.192680 -0.014497
v 0.079899 0.348369 0.011511
v 0.126613 0.335678 -0.002859
v 0.123024 0.330059 0.005819
v 0.079098 0.332839 -0.065154
v 0.394003 0.214442 0.008055
v 0.383111 0.214796 0.000987
v 0.368426 0.220384 -0.002631
v 0.066148 0.334528 0.028200
v 0.094080 0.325835 0.021667
v 0.347243 0.228683 -0.004130
v 0.396063 0.210022 0.013865
v 0.414825 0.206656 0.028273
v 0.301026 0.246275 -0.007676
v 0.452400 0.199701 0.000694
v 0.278820 0.254758 -0.006922
v 0.406549 0.201828 0.027251
v 0.324749 0.233601 -0.006237
v 0.423077 0.195210 0.041330
v -0.269892 0.239946 -0.011639
v -0.293753 0.234510 -0.010140
v -0.263545 0.223237 -0.019517
v -0.303490 0.217051 -0.016213
v -0.248893 0.244093 -0.015548
v -0.258624 0.261194 -0.006661
v -0.250719 0.226093 -0.021322
v -0.234216 0.265911 -0.007203
v -0.238142 0.245676 -0.016351
v -0.276600 0.256568 -0.006132
v -0.300312 0.247595 -0.006410
v -0.301519 0.227310 -0.011527
v -0.327616 0.235212 -0.005214
v -0.236840 0.229507 -0.020176
v -0.330674 0.221045 -0.007730
v -0.359863 0.225150 -0.001857
v -0.333607 0.213288 -0.010641
v -0.367233 0.213182 -0.002832
v -0.376835 0.221897 -0.001574
v -0.376456 0.208114 -0.002257
v -0.348014 0.210204 -0.010061
v -0.218897 0.258508 -0.006430
v -0.216296 0.239313 -0.013744
v -0.204039 0.239338 -0.014194
v -0.226108 0.232254 -0.016902
v -0.205797 0.269196 -0.002093
v -0.192516 0.251036 -0.006462
v -0.182120 0.274270 0.004020
v -0.176455 0.256187 -0.001530
v -0.171947 0.276589 0.007417
v -0.150471 0.260405 0.004467
v -0.147809 0.268736 0.009137
v -0.147539 0.282395 0.013278
v -0.126904 0.268523 0.013442
v -0.125710 0.284592 0.020317
v -0.188298 0.244898 -0.012135
v -0.125559 0.259377 0.006412
v -0.162378 0.248721 -0.010911
v -0.292268 0.216203 -0.020373
v -0.137591 0.250075 -0.009323
v -0.376094 0.205289 -0.006170
v -0.115595 0.273170 0.022414
v -0.108426 0.287479 0.032173
v -0.111228 0.259223 0.016794
v -0.202557 0.235800 -0.019767
v -0.195253 0.229727 -0.028891
v -0.174132 0.240138 -0.023331
v -0.126513 0.249182 -0.010125
v -0.149338 0.244617 -0.022137
v -0.115041 0.251715 0.004542
v -0.182121 0.230046 -0.036847
v -0.192153 0.223138 -0.041118
v -0.160368 0.235771 -0.039210
v -0.173631 0.228317 -0.047828
v -0.138182 0.243078 -0.032454
v -0.188894 0.218685 -0.051222
v -0.125930 0.246186 -0.030641
v -0.112822 0.245674 -0.007485
v -0.113416 0.245636 -0.031069
v -0.199513 0.228602 -0.036396
v -0.112307 0.242884 -0.022498
v -0.382078 0.205573 0.002598
v -0.109256 0.246324 0.007694
v -0.389392 0.216321 0.006008
v 0.327851 0.208868 -0.033133
v 0.354208 0.206542 -0.032450
v 0.350179 0.205454 -0.021805
v 0.373924 0.203829 -0.019703
v 0.374761 0.207497 -0.035616
v 0.390727 0.203634 -0.034012
v 0.393388 0.205025 -0.041735
v 0.412074 0.199425 -0.036468
v 0.388479 0.201066 -0.016789
v 0.406617 0.196453 -0.016412
v 0.423812 0.197556 -0.035959
v 0.416294 0.202056 -0.047028
v 0.440049 0.197561 -0.046785
v 0.420761 0.194838 -0.002872
v 0.440403 0.196981 -0.035949
v 0.389011 0.200671 -0.004069
v 0.453206 0.197023 -0.020931
v 0.438680 0.196759 -0.008788
v 0.459193 0.195718 -0.017018
v 0.455870 0.194105 -0.002956
v 0.319190 0.211256 -0.024000
v 0.438097 0.196509 0.009137
v 0.446117 0.197193 -0.001585
v 0.447345 0.195628 0.004827
v 0.293644 0.212544 -0.039319
v 0.425922 0.195583 0.009937
v 0.365273 0.206601 -0.006511
v 0.378594 0.206181 -0.006329
v 0.302663 0.214730 -0.020920
v 0.290542 0.217471 -0.019614
v 0.267684 0.217743 -0.040617
v 0.268244 0.222467 -0.019626
v 0.255292 0.221058 -0.036839
v 0.408989 0.191446 0.001449
v 0.394162 0.197887 0.005160
v 0.455809 0.192945 0.006268
v 0.283259 0.218075 -0.049093
v 0.304618 0.216391 -0.050725
v 0.334814 0.213931 -0.046298
v 0.402820 0.192595 0.011080
v 0.422695 0.193652 0.006276
v 0.245278 0.228340 -0.020452
v 0.340129 0.211676 -0.009502
v 0.233503 0.226273 -0.033805
v 0.225729 0.232990 -0.015842
v 0.216161 0.229283 -0.033869
v 0.452278 0.196341 0.014664
v 0.210419 0.237012 -0.015186
v 0.454013 0.194406 -0.028454
v 0.451990 0.194874 -0.033676
v 0.464806 0.189110 -0.031872
v 0.316682 0.215666 -0.013298
v 0.466348 0.188702 0.014299
v 0.469726 0.187392 0.010812
v 0.471216 0.189411 -0.018544
v 0.474562 0.185661 -0.032371
v 0.444181 0.198108 -0.036776
v 0.452033 0.193732 -0.047752
v 0.460737 0.190117 -0.042846
v 0.463300 0.191479 -0.050048
v 0.204658 0.228920 -0.035453
v 0.208165 0.232956 -0.047341
v 0.414122 0.184996 0.012836
v 0.374988 0.210246 -0.038956
v 0.201878 0.232579 -0.023906
v 0.191429 0.224500 -0.043250
v 0.411744 0.189052 0.027276
v 0.179865 0.235807 -0.027086
v 0.162788 0.235250 -0.039046
v 0.162029 0.243397 -0.020131
v 0.145784 0.241700 -0.033320
v 0.138728 0.245342 -0.024605
v 0.131342 0.245768 -0.030348
v 0.123994 0.246092 -0.028219
v 0.132265 0.250477 -0.009463
v 0.118304 0.249583 -0.005920
v 0.161780 0.247759 -0.010563
v 0.153568 0.244852 -0.053266
v 0.127540 0.255257 -0.045108
v 0.190058 0.237508 -0.021484
v 0.170891 0.231337 -0.047334
v 0.188808 0.220187 -0.053417
v 0.116682 0.255056 -0.045318
v 0.172087 0.234728 -0.057854
v 0.188421 0.222750 -0.065118
v 0.200738 0.242827 -0.010061
v 0.121387 0.256340 0.005942
v 0.140239 0.258601 0.004861
v 0.173464 0.252601 -0.002767
v 0.478502 0.189963 -0.025497
v 0.188935 0.225529 -0.073313
v 0.194568 0.225185 -0.053412
v 0.202172 0.228526 -0.054698
v 0.467955 0.193921 -0.043004
v 0.416202 0.184099 0.026498
v 0.423694 0.183671 0.026742
v 0.425447 0.185691 0.016153
v 0.222585 0.239213 -0.048279
v 0.236772 0.243014 -0.053486
v 0.224958 0.247173 -0.065554
v 0.245192 0.244557 -0.068527
v 0.257933 0.239089 -0.055276
v 0.269868 0.236073 -0.065029
v 0.243320 0.247454 -0.074252
v 0.225037 0.250619 -0.074418
v 0.212364 0.240978 -0.063326
v 0.268357 0.239996 -0.071715
v 0.214875 0.247235 -0.071217
v 0.202547 0.246947 -0.080017
v 0.275347 0.229768 -0.058572
v 0.246584 0.236730 -0.047927
v 0.295969 0.232059 -0.066093
v 0.323322 0.222237 -0.057401
v 0.204892 0.244843 -0.073817
v 0.194121 0.241232 -0.070628
v 0.355357 0.215678 -0.046687
v 0.135589 0.258139 -0.055295
v 0.160664 0.250752 -0.067344
v 0.176263 0.239348 -0.071252
v 0.194865 0.231857 -0.063551
v 0.205773 0.233303 -0.064399
v 0.452400 0.199701 0.000694
v 0.310184 0.228365 -0.062437
v 0.466215 0.194136 0.004570
v 0.115091 0.243696 -0.031040
v 0.113071 0.242461 -0.020104
v 0.430093 0.204097 -0.048696
v 0.110635 0.248308 0.006525
v 0.471693 0.192582 0.017601
v 0.479097 0.189934 -0.032042
v 0.475234 0.192119 0.011615
v 0.457963 0.192568 -0.008151
v 0.123966 0.268254 0.014454
v 0.291051 0.228269 -0.012329
v 0.265678 0.233876 -0.013795
v 0.110981 0.262844 0.020331
v 0.242502 0.251207 -0.008557
v 0.178580 0.262539 0.002125
v 0.141992 0.268218 0.009626
v 0.205285 0.256451 -0.003636
v 0.219459 0.253200 -0.007721
v 0.196739 0.267140 0.000921
v 0.315067 0.226142 -0.009623
v 0.294199 0.234435 -0.009441
v 0.266897 0.245682 -0.008925
v 0.144868 0.278716 0.013105
v 0.174158 0.274325 0.007113
v 0.324749 0.233601 -0.006237
v 0.226703 0.263606 -0.005467
v 0.035432 -0.107965 -0.093243
v 0.043677 -0.128002 -0.096763
v 0.038264 -0.128524 -0.069002
v 0.026852 -0.106087 -0.057007
v 0.024314 -0.090196 -0.070223
v 0.026025 -0.087089 -0.089373
v 0.018264 -0.068622 -0.084379
v 0.021197 -0.085540 -0.060723
v 0.016525 -0.066771 -0.065705
v 0.047345 -0.140744 -0.097187
v 0.043172 -0.145596 -0.061342
v 0.048136 -0.159127 -0.063696
v 0.053972 -0.161626 -0.098428
v 0.052604 -0.173530 -0.068753
v 0.054699 -0.180372 -0.073045
v 0.060283 -0.182465 -0.099726
v 0.058423 -0.194427 -0.076823
v 0.066872 -0.205458 -0.101451
v 0.065857 -0.222227 -0.080463
v 0.072607 -0.224422 -0.102500
v 0.072746 -0.244302 -0.084273
v 0.077653 -0.244700 -0.102883
v 0.014622 -0.057088 -0.073417
v 0.009311 -0.047747 -0.069732
v 0.011403 -0.043620 -0.080818
v 0.007151 -0.034689 -0.076006
v 0.031244 -0.121381 -0.056146
v 0.036496 -0.132830 -0.059406
v 0.013116 -0.053583 -0.081201
v 0.001432 -0.030834 -0.073987
v 0.091881 -0.096357 -0.058457
v 0.102080 -0.120743 -0.056173
v 0.088817 -0.115485 -0.057362
v 0.107900 -0.143354 -0.054796
v 0.077421 -0.099877 -0.057531
v 0.075828 -0.078235 -0.058284
v 0.071756 -0.085902 -0.057480
v 0.063053 -0.072899 -0.057170
v 0.086047 -0.058676 -0.059763
v 0.094671 -0.148222 -0.052669
v 0.109551 -0.167328 -0.053819
v 0.119018 -0.159799 -0.052672
v 0.115457 -0.185084 -0.051857
v 0.130228 -0.182202 -0.053020
v 0.127417 -0.197557 -0.052924
v 0.126439 -0.225767 -0.052434
v 0.112479 -0.122629 -0.053468
v 0.102638 -0.081375 -0.054273
v 0.099688 -0.066941 -0.052658
v 0.113308 -0.090144 -0.050766
v 0.108797 -0.106809 -0.052692
v 0.122201 -0.105732 -0.047382
v 0.130388 -0.158521 -0.047545
v 0.130879 -0.140294 -0.044463
v 0.136688 -0.201558 -0.048076
v 0.121078 -0.113759 -0.046775
v 0.114753 -0.109798 -0.048987
v 0.123854 -0.109903 -0.045862
v 0.138419 -0.185755 -0.047349
v 0.137575 -0.119005 -0.034980
v 0.129521 -0.109908 -0.039855
v 0.141894 -0.128855 -0.033756
v 0.143836 -0.124967 -0.033388
v 0.149594 -0.132236 -0.027900
v 0.153284 -0.142286 -0.023938
v 0.139999 -0.161624 -0.038354
v 0.153349 -0.152476 -0.021169
v 0.108684 -0.080503 -0.048379
v 0.148501 -0.166370 -0.027482
v 0.144595 -0.178464 -0.036858
v 0.135115 -0.220721 -0.044005
v 0.157825 -0.185612 -0.016781
v 0.145098 -0.193216 -0.035586
v 0.158131 -0.206445 -0.016622
v 0.142752 -0.213413 -0.031444
v 0.065276 -0.051933 -0.067400
v 0.072404 -0.048251 -0.064671
v 0.155451 -0.173166 -0.013516
v 0.048333 0.170290 0.093580
v 0.038429 0.196115 0.095663
v 0.040553 0.174580 0.095417
v 0.045580 0.130775 0.095171
v 0.052658 0.158023 0.092786
v 0.051833 0.131416 0.093735
v 0.048451 0.194674 0.092844
v 0.047091 0.121889 0.095740
v 0.052712 0.171123 0.091162
v 0.053076 0.188134 0.087668
v 0.030860 0.121946 0.095434
v 0.029429 0.175083 0.094977
v 0.023342 0.196552 0.094899
v 0.063758 0.165250 0.093144
v 0.055625 0.146033 0.090923
v 0.056618 0.177878 0.091173
v 0.055226 0.124067 0.090131
v 0.017374 0.144672 0.093306
v 0.019771 0.180950 0.092813
v 0.017182 0.122583 0.092868
v 0.008647 0.178707 0.089472
v 0.066123 0.125508 0.094206
v 0.010483 0.196417 0.088229
v 0.065204 0.112975 0.094773
v 0.054893 0.112708 0.091721
v 0.067209 0.187297 0.096301
v 0.064472 0.192596 0.096426
v 0.064845 0.215231 0.098006
v 0.006016 0.122171 0.087876
v 0.003624 0.134722 0.086750
v 0.076798 0.113431 0.100777
v 0.006215 0.177493 0.088178
v 0.033473 0.197286 0.094907
v 0.024170 0.199439 0.093532
v 0.027094 0.224468 0.094984
v 0.035318 0.233823 0.094942
v 0.025297 0.245637 0.095674
v 0.037796 0.246018 0.094787
v 0.073471 0.185947 0.099927
v 0.038945 0.211180 0.091101
v 0.038986 0.197473 0.092707
v 0.074908 0.141306 0.101115
v 0.075377 0.165573 0.100248
v 0.057637 0.194094 0.091325
v 0.060079 0.246366 0.095495
v 0.064946 0.246661 0.097285
v 0.053328 0.122964 0.088529
v 0.055214 0.223901 0.089702
v 0.054528 0.246054 0.087829
v 0.043070 0.239085 0.087104
v 0.044692 0.243525 0.087445
v 0.044055 0.211303 0.083758
v 0.053030 0.196555 0.084075
v 0.198751 -0.498300 0.028708
v 0.207778 -0.497962 0.009867
v 0.223840 -0.497633 0.023849
v 0.193220 -0.498108 0.004617
v 0.210473 -0.497011 0.043989
v 0.233302 -0.496464 0.036441
v 0.201680 -0.496504 0.052573
v 0.234428 -0.497575 0.008308
v 0.201251 -0.494888 0.068878
v 0.219878 -0.495073 0.054919
v 0.245041 -0.494852 0.051253
v 0.247432 -0.497521 0.031080
v 0.249477 -0.498869 0.003552
v 0.185110 -0.499662 0.041680
v 0.190370 -0.497951 0.056933
v 0.186796 -0.499979 0.021704
v 0.219658 -0.496002 -0.006723
v 0.194771 -0.496874 -0.015718
v 0.182954 -0.498827 0.006248
v 0.181102 -0.499351 -0.011836
v 0.219548 -0.493847 -0.027270
v 0.200013 -0.496099 -0.032207
v 0.220159 -0.495694 -0.048228
v 0.236274 -0.495022 -0.013483
v 0.175564 -0.499940 -0.036595
v 0.188586 -0.498227 -0.039526
v 0.188439 -0.499145 -0.057037
v 0.171114 -0.499780 -0.050888
v 0.190292 -0.499482 -0.072255
v 0.175758 -0.499890 -0.079789
v 0.203250 -0.497402 -0.044221
v 0.207687 -0.499775 -0.074526
v 0.194995 -0.500102 -0.083156
v 0.214487 -0.499990 -0.062897
v 0.169514 -0.499615 -0.068173
v 0.257270 -0.499752 0.028080
v 0.258631 -0.497776 0.055524
v 0.224377 -0.489829 0.073409
v 0.229286 -0.492056 0.061930
v 0.249188 -0.494918 0.059774
v 0.235276 -0.493586 0.072655
v 0.261156 -0.497877 0.038953
v 0.252008 -0.493120 0.063705
v 0.257540 -0.498053 0.018917
v 0.223111 -0.492675 -0.035014
v 0.228984 -0.492507 -0.022800
v 0.202221 -0.492669 0.072443
v -0.121227 -0.122237 0.045735
v -0.122189 -0.127820 0.048442
v -0.125810 -0.132015 0.045088
v -0.128256 -0.145205 0.047279
v -0.117858 -0.117756 0.051453
v -0.118478 -0.108019 0.047154
v -0.108838 -0.101059 0.054083
v -0.113293 -0.095919 0.046899
v -0.108953 -0.086007 0.047363
v -0.105486 -0.144678 0.066795
v -0.108429 -0.158585 0.067659
v -0.121830 -0.157926 0.054682
v -0.113437 -0.174991 0.067858
v -0.134096 -0.189742 0.053928
v -0.126170 -0.192972 0.061182
v -0.133448 -0.157941 0.046482
v -0.144100 -0.182989 0.043291
v -0.101261 -0.127134 0.065450
v -0.100082 -0.104837 0.060552
v -0.094937 -0.087747 0.062133
v -0.105412 -0.074999 0.052521
v -0.116660 -0.192687 0.072912
v -0.141406 -0.167313 0.038987
v -0.149182 -0.184579 0.040992
v -0.137743 -0.158940 0.040866
v -0.150977 -0.162455 0.025380
v -0.162221 -0.183006 0.025635
v -0.164611 -0.164703 0.012596
v -0.171984 -0.181704 0.016616
v -0.149173 -0.148590 0.017943
v -0.145826 -0.150758 0.022359
v -0.156746 -0.146764 0.008282
v -0.098580 -0.111644 0.066913
v -0.146039 -0.192250 0.047911
v -0.106628 -0.069368 0.047348
v -0.101054 -0.070006 0.052320
v -0.094079 -0.089219 0.066703
v -0.089521 -0.076189 0.061412
v -0.092452 -0.075276 0.055632
v -0.087069 -0.067987 0.056470
v -0.162913 -0.158658 -0.005445
v -0.168092 -0.172109 0.009217
v -0.153947 -0.140651 -0.002056
v -0.151518 -0.142094 0.004257
v -0.147310 -0.132250 -0.010023
v -0.148751 -0.136887 0.002519
v -0.169966 -0.180743 -0.013993
v -0.127953 -0.144254 0.044704
v -0.132321 -0.157130 0.044045
v -0.166708 -0.174543 -0.020997
v -0.169784 -0.186222 -0.032916
v -0.158612 -0.153568 -0.014541
v -0.151593 -0.144231 -0.029552
v -0.148143 -0.136036 -0.021047
v -0.149688 -0.138987 -0.036616
v -0.157159 -0.161298 -0.037460
v -0.157355 -0.164046 -0.031273
v -0.164189 -0.176282 -0.037423
v -0.170090 -0.185310 -0.037759
v -0.145006 -0.132137 -0.029032
v -0.141678 -0.124706 -0.034611
v -0.173584 -0.183818 -0.012318
v -0.174336 -0.186307 -0.017047
v -0.147259 -0.143962 -0.044573
v -0.135649 -0.124966 -0.050771
v -0.135929 -0.116016 -0.035599
v -0.131658 -0.112151 -0.042086
v -0.130194 -0.111625 -0.037908
v -0.121685 -0.102775 -0.052052
v -0.148400 -0.160385 -0.054732
v -0.162947 -0.184877 -0.045427
v -0.156408 -0.181519 -0.057440
v -0.170043 -0.205962 -0.053018
v -0.169123 -0.198017 -0.040857
v -0.139299 -0.139487 -0.056320
v -0.160401 -0.204674 -0.066742
v -0.163276 -0.213662 -0.069827
v -0.173006 -0.186537 -0.033491
v 0.046859 0.099347 -0.081864
v 0.046223 0.070227 -0.075993
v 0.043677 0.068944 -0.087619
v 0.042697 0.053812 -0.087067
v 0.044499 0.050683 -0.076914
v 0.043996 0.100453 -0.087920
v 0.048199 0.101774 -0.076289
v 0.049141 0.094004 -0.078776
v 0.041849 0.047971 -0.078145
v -0.022015 0.246111 0.093358
v -0.032978 0.225085 0.097513
v -0.033333 0.197900 0.097577
v -0.019716 0.197966 0.091069
v -0.033878 0.246247 0.097523
v -0.020058 0.246228 0.089371
v -0.206702 -0.464676 0.039874
v -0.215597 -0.461052 0.033560
v -0.215095 -0.463493 0.045057
v -0.215942 -0.464665 0.061350
v -0.205748 -0.469614 0.071362
v -0.215394 -0.465696 0.071266
v -0.195738 -0.475482 0.056407
v -0.191747 -0.476427 0.041042
v -0.198904 -0.468312 0.035085
v -0.190902 -0.474480 0.026308
v -0.195958 -0.463834 0.021394
v -0.206510 -0.456169 0.022407
v -0.203816 -0.448086 0.006637
v -0.194918 -0.452883 0.005643
v -0.201119 -0.440870 -0.005255
v -0.193833 -0.483921 0.065570
v -0.186867 -0.474993 0.009692
v -0.188034 -0.483741 0.038506
v -0.186203 -0.487759 0.050485
v -0.183355 -0.489872 0.032709
v -0.188313 -0.468121 0.009330
v -0.186500 -0.483495 0.006386
v -0.183238 -0.488062 0.006934
v -0.181004 -0.483266 -0.013251
v -0.187003 -0.456651 -0.003042
v -0.183852 -0.461460 -0.007197
v -0.183288 -0.441677 -0.019212
v -0.179525 -0.445273 -0.025108
v -0.181407 -0.475313 -0.017431
v -0.176442 -0.474681 -0.031967
v -0.176687 -0.468619 -0.039195
v -0.173853 -0.469891 -0.045125
v -0.173774 -0.459468 -0.053052
v -0.183284 -0.422029 -0.027050
v -0.180714 -0.417938 -0.036257
v -0.175547 -0.450348 -0.038186
v -0.170718 -0.466421 -0.063152
v -0.174130 -0.457048 -0.063254
v -0.176316 -0.462282 -0.033205
v -0.177766 -0.435487 -0.046153
v -0.170620 -0.499459 -0.052738
v -0.176183 -0.499526 -0.033457
v -0.182612 -0.405028 -0.026361
v -0.179879 -0.499626 -0.022039
v -0.169576 -0.498727 -0.066296
v -0.185810 -0.499578 0.043617
v -0.194504 -0.494876 0.065734
v -0.183733 -0.498357 0.003030
v -0.183656 -0.499669 0.026923
v -0.183777 -0.411914 -0.045772
v -0.171280 -0.487299 -0.072403
v -0.177194 -0.403835 -0.036205
v -0.172133 -0.499881 -0.075456
v -0.193662 -0.437670 -0.011412
v -0.190614 -0.422645 -0.021266
v -0.206084 -0.483743 0.075763
v -0.191915 -0.406075 -0.023214
v -0.203119 -0.491054 0.072838
v -0.177501 -0.456641 -0.058679
v -0.180334 -0.451357 -0.062634
v -0.188112 -0.447853 -0.061985
v -0.190714 -0.441008 -0.069606
v 0.053894 0.346303 0.049495
v 0.048612 0.340903 0.030533
v 0.050884 0.326798 0.041516
v 0.053191 0.364823 0.038607
v 0.052438 0.327598 0.053023
v 0.054592 0.327414 0.057770
v 0.055925 0.345825 0.053287
v 0.047484 0.380863 0.028586
v 0.052428 0.390607 0.036903
v 0.056287 0.354071 0.048681
v 0.046509 0.336532 0.029514
v 0.044597 0.311387 0.040362
v 0.047386 0.299101 0.072102
v 0.043258 0.291252 0.062517
v 0.041440 0.294432 0.048028
v 0.053090 0.322290 0.066663
v 0.044074 0.283601 0.057088
v 0.053136 0.309386 0.074875
v 0.040191 0.285019 0.051123
v 0.042851 0.272763 0.056415
v 0.056182 0.362322 0.043741
v 0.056487 0.376366 0.039294
v 0.040979 0.385956 0.020935
v 0.042143 0.402437 0.023494
v 0.048310 0.408996 0.029137
v 0.046274 0.418297 0.024519
v 0.052818 0.277905 0.064392
v 0.052179 0.248152 0.065720
v 0.052395 0.287500 0.068660
v 0.035618 0.359903 0.020442
v 0.054506 0.316512 0.071253
v 0.039449 0.330317 0.028759
v 0.027731 0.307721 0.036231
v 0.037144 0.391741 0.022262
v 0.041540 0.427201 0.023872
v -0.229351 -0.498684 0.009515
v -0.207326 -0.498924 0.012626
v -0.201751 -0.498870 0.026765
v -0.186448 -0.499320 -0.008142
v -0.183656 -0.499669 0.026923
v -0.239598 -0.498793 0.027985
v -0.198993 -0.498683 0.040499
v -0.185810 -0.499578 0.043617
v -0.252906 -0.499576 0.011270
v -0.205082 -0.497961 -0.003153
v -0.208572 -0.496716 -0.014260
v -0.244196 -0.498115 -0.003729
v -0.258715 -0.500094 0.027143
v -0.221474 -0.497101 0.043382
v -0.245523 -0.497564 0.048995
v -0.208331 -0.496589 -0.035821
v -0.179879 -0.499626 -0.022039
v -0.176183 -0.499526 -0.033457
v -0.231818 -0.495042 -0.017563
v -0.183733 -0.498357 0.003030
v -0.206050 -0.496700 0.054571
v -0.221168 -0.494526 -0.023768
v -0.223116 -0.492864 -0.032807
v -0.256762 -0.499105 0.057842
v -0.208697 -0.498483 -0.047418
v -0.181691 -0.499705 -0.050426
v -0.170620 -0.499459 -0.052738
v -0.172133 -0.499881 -0.075456
v -0.180155 -0.499972 -0.080992
v -0.189884 -0.499921 -0.062028
v -0.207431 -0.499810 -0.073185
v -0.214976 -0.499711 -0.062411
v -0.220577 -0.498414 -0.048498
v -0.198860 -0.500110 -0.082222
v -0.194504 -0.494876 0.065734
v -0.229970 -0.493424 0.056961
v -0.233238 -0.493972 0.072040
v -0.216606 -0.492151 0.070280
v -0.228001 -0.492562 0.058402
v -0.227235 -0.489145 0.073175
v -0.261041 -0.498080 0.047840
v -0.241952 -0.494276 0.070175
v -0.190093 -0.499082 -0.083901
v -0.203119 -0.491054 0.072838
v -0.169576 -0.498727 -0.066296
v -0.255905 -0.495193 0.060329
v 0.165303 -0.262509 -0.061174
v 0.170275 -0.278887 -0.065872
v 0.153368 -0.275369 -0.067680
v 0.173930 -0.307075 -0.074356
v 0.146404 -0.290877 -0.072933
v 0.154994 -0.319868 -0.081146
v 0.154896 -0.257451 -0.060238
v 0.138362 -0.263368 -0.062268
v 0.129884 -0.244980 -0.053453
v 0.158840 -0.327730 -0.085353
v 0.176456 -0.318668 -0.079947
v 0.181549 -0.327423 -0.084600
v 0.161333 -0.247970 -0.053459
v 0.140478 -0.237465 -0.047199
v 0.138448 -0.229270 -0.042614
v 0.188961 -0.319086 -0.075601
v 0.182649 -0.299021 -0.066057
v 0.154788 -0.226235 -0.033341
v 0.169151 -0.232576 -0.034810
v 0.153430 -0.212988 -0.023107
v 0.177452 -0.248318 -0.044751
v 0.178469 -0.274031 -0.058138
v 0.191991 -0.326904 -0.077430
v 0.163880 -0.219941 -0.021350
v 0.158131 -0.206445 -0.016622
v 0.142752 -0.213413 -0.031444
v 0.183935 -0.264936 -0.048824
v 0.189293 -0.281506 -0.051961
v 0.192044 -0.295566 -0.055872
v 0.194937 -0.309197 -0.058154
v 0.126439 -0.225767 -0.052434
v 0.135115 -0.220721 -0.044005
v 0.197451 -0.328376 -0.067377
v 0.008176 0.497498 -0.003963
v 0.000141 0.500091 0.009707
v 0.014735 0.496008 0.009141
v 0.000309 0.500090 -0.003581
v -0.000021 0.499438 0.024981
v 0.022339 0.491720 -0.009459
v 0.035611 0.485096 -0.015487
v 0.037369 0.485688 0.008284
v 0.006979 0.495789 -0.015485
v 0.015508 0.493004 0.024520
v 0.036271 0.483921 0.021525
v 0.027735 0.483822 0.035936
v 0.007496 0.491698 0.038453
v 0.020493 0.485178 0.039891
v -0.001449 0.498293 -0.013292
v 0.001955 0.498671 -0.025930
v 0.030385 0.481019 -0.027560
v 0.000080 0.500243 0.035180
v 0.008595 0.485433 -0.034047
v 0.003864 0.497335 0.042647
v -0.005966 0.495508 0.047180
v 0.000759 0.495963 0.046865
v 0.008210 0.492852 0.047876
v 0.003780 0.492324 -0.035900
v -0.008398 0.497170 0.012775
v -0.014024 0.496030 -0.000301
v -0.017054 0.492179 -0.015830
v -0.026619 0.489003 -0.015694
v -0.028363 0.490293 0.002893
v -0.006305 0.492350 -0.024482
v -0.024525 0.489387 0.023690
v -0.035027 0.484950 -0.016592
v -0.038379 0.486067 0.004629
v -0.035767 0.483272 0.025169
v -0.010575 0.492101 0.035609
v -0.003231 0.494477 0.037167
v -0.008743 0.487271 -0.032057
v -0.023341 0.481532 -0.031257
v -0.033286 0.482026 -0.024096
v -0.005389 0.492078 -0.032370
v 0.008984 0.486601 0.042397
v 0.013816 0.485624 0.049414
v 0.036525 0.429391 0.042434
v 0.028249 0.431517 0.055990
v 0.033044 0.408203 0.049634
v 0.026598 0.446012 0.056260
v 0.036303 0.439370 0.044561
v 0.019144 0.443386 0.061849
v 0.014522 0.451316 0.063760
v 0.009866 0.448320 0.067017
v 0.013986 0.429483 0.064399
v 0.010373 0.442027 0.068796
v 0.023184 0.420650 0.057667
v 0.000761 0.430847 0.072634
v 0.005338 0.449420 0.071745
v 0.023753 0.409582 0.060580
v 0.024357 0.391193 0.052768
v 0.017319 0.393870 0.059759
v 0.017474 0.373510 0.058134
v 0.007036 0.378829 0.066853
v 0.005913 0.366299 0.066841
v 0.014920 0.363688 0.057146
v 0.009687 0.403104 0.065979
v 0.006272 0.389085 0.071145
v 0.011793 0.408575 0.065744
v 0.002888 0.400161 0.070815
v -0.000511 0.440946 0.073035
v 0.009261 0.423090 0.062743
v 0.001648 0.425422 0.071927
v 0.021665 0.370604 0.049834
v 0.032865 0.444571 0.050623
v 0.030804 0.394719 0.040961
v -0.001615 0.379384 0.067573
v 0.006998 0.406774 0.079932
v 0.000597 0.401776 0.079193
v 0.001837 0.406372 0.083848
v 0.031198 0.373474 0.023216
v 0.038064 0.411049 0.027706
v 0.038581 0.428647 0.029452
v 0.041540 0.427201 0.023872
v 0.037144 0.391741 0.022262
v -0.002437 0.412826 0.080825
v -0.005222 0.391214 0.071259
v -0.002449 0.365478 0.066524
v -0.014810 0.449380 0.063516
v -0.005451 0.447954 0.068599
v -0.006171 0.449295 0.075002
v 0.005338 0.449420 0.071745
v -0.001169 0.447398 0.085422
v 0.017277 0.446875 0.083659
v -0.005001 0.445151 0.099922
v 0.021633 0.443648 0.097755
v 0.014522 0.451316 0.063760
v -0.021693 0.443290 0.098123
v -0.016609 0.447083 0.080255
v -0.014687 0.450684 0.065491
v -0.027733 0.447770 0.063662
v -0.028364 0.443464 0.083569
v -0.030943 0.446517 0.053922
v -0.039391 0.439278 0.084322
v -0.041816 0.438370 0.076218
v 0.028752 0.448132 0.057516
v 0.033962 0.442439 0.078327
v 0.043692 0.437944 0.078889
v -0.047445 0.435386 0.068624
v -0.041518 0.437616 0.052932
v -0.045269 0.435108 0.068632
v -0.043552 0.434396 0.043546
v -0.039476 0.435175 0.046062
v -0.043828 0.436174 0.037957
v 0.044712 0.435919 0.072429
v -0.016275 0.445075 0.100391
v 0.018404 0.445139 0.099804
v -0.038320 0.431631 0.030661
v -0.048766 0.432449 0.027288
v -0.045180 0.429860 0.018542
v -0.029855 0.442625 0.093492
v -0.032901 0.443078 0.050521
v 0.038086 0.441127 0.057936
v -0.051771 0.434590 0.003632
v 0.035482 0.441558 0.087480
v 0.032865 0.444571 0.050623
v 0.026598 0.446012 0.056260
v -0.046373 0.429947 0.007998
v 0.036303 0.439370 0.044561
v 0.042739 0.433582 0.045472
v 0.045691 0.434362 0.052452
v 0.044705 0.433679 0.035391
v 0.036525 0.429391 0.042434
v 0.038581 0.428647 0.029452
v 0.041540 0.427201 0.023872
v 0.048290 0.431034 0.019591
v 0.021971 0.244048 0.090231
v 0.020271 0.197824 0.087918
v 0.024170 0.199439 0.093532
v 0.025297 0.245637 0.095674
v 0.023342 0.196552 0.094899
v 0.022321 0.245225 0.085714
v 0.024655 0.198375 0.076632
v -0.031091 0.419326 0.052585
v -0.034000 0.410048 0.048215
v -0.027716 0.407532 0.056703
v -0.036223 0.428399 0.045010
v -0.029809 0.435680 0.057337
v -0.032901 0.443078 0.050521
v -0.030670 0.393776 0.040850
v -0.024296 0.388779 0.052396
v -0.022709 0.373044 0.047897
v -0.034511 0.382036 0.020961
v -0.037014 0.402738 0.023450
v -0.039035 0.418211 0.024737
v -0.025673 0.367293 0.029080
v -0.038320 0.431631 0.030661
v -0.040701 0.425059 0.023327
v -0.045180 0.429860 0.018542
v -0.029134 0.361108 0.022467
v -0.011544 0.372425 0.062409
v -0.012610 0.364021 0.057475
v -0.039476 0.435175 0.046062
v -0.015894 0.359500 0.033208
v -0.015872 0.392420 0.061075
v -0.005222 0.391214 0.071259
v -0.012158 0.339126 0.026317
v -0.002449 0.365478 0.066524
v -0.046461 0.424941 0.017729
v -0.006614 0.401126 0.067864
v -0.011212 0.408985 0.064735
v -0.007832 0.405292 0.078977
v -0.007714 0.419733 0.067757
v -0.010589 0.423389 0.061804
v -0.024037 0.421360 0.057338
v -0.016891 0.429553 0.065693
v -0.022840 0.441347 0.062193
v -0.030943 0.446517 0.053922
v -0.011824 0.442133 0.068913
v -0.002017 0.426078 0.070784
v -0.000511 0.440946 0.073035
v -0.002437 0.412826 0.080825
v 0.000761 0.430847 0.072634
v -0.001615 0.379384 0.067573
v 0.001837 0.406372 0.083848
v -0.006808 0.354568 0.033434
v 0.001648 0.425422 0.071927
v -0.036630 0.362873 0.019743
v -0.027607 0.351216 0.022764
v -0.014810 0.449380 0.063516
v 0.000597 0.401776 0.079193
v 0.001608 0.353391 0.034848
v -0.005451 0.447954 0.068599
v 0.005338 0.449420 0.071745
v 0.002888 0.400161 0.070815
v -0.040732 0.390369 0.021274
v -0.041870 0.409817 0.023701
v -0.049998 0.423724 0.022080
v 0.234196 -0.464273 0.001282
v 0.224410 -0.457529 0.006466
v 0.234850 -0.468422 0.011482
v 0.218113 -0.461219 0.031770
v 0.227092 -0.457404 -0.006284
v 0.227409 -0.454465 -0.020040
v 0.237718 -0.472484 0.022554
v 0.216116 -0.449356 0.001770
v 0.214527 -0.440545 -0.021519
v 0.211803 -0.442592 -0.009473
v 0.214582 -0.457604 0.024199
v 0.218565 -0.445717 -0.035035
v 0.239973 -0.470823 0.009767
v 0.235257 -0.471589 0.045739
v 0.238689 -0.475126 0.052423
v 0.237490 -0.475710 0.065317
v 0.225022 -0.466663 0.064471
v 0.229024 -0.470166 0.070898
v 0.217821 -0.463483 0.045514
v 0.217848 -0.465436 0.072154
v 0.202849 -0.437373 -0.014179
v 0.221315 -0.448628 -0.037771
v 0.218080 -0.445725 -0.049329
v 0.244559 -0.474187 0.022528
v 0.252027 -0.482169 0.015665
v 0.255214 -0.483317 0.037636
v 0.245753 -0.475749 0.045552
v 0.248499 -0.479958 0.059514
v 0.242099 -0.475806 0.060784
v 0.241414 -0.479885 0.068516
v 0.257913 -0.490205 0.054008
v 0.201076 -0.441323 -0.004431
v 0.204357 -0.449892 0.010464
v 0.236738 -0.465473 0.006287
v 0.233478 -0.467338 -0.011746
v 0.260947 -0.493046 0.036869
v 0.238937 -0.470676 0.000567
v 0.250626 -0.485849 0.008105
v 0.206231 -0.461410 0.032956
v 0.192902 -0.437725 -0.012437
v 0.252008 -0.493120 0.063705
v 0.242505 -0.486278 -0.004660
v 0.257540 -0.498053 0.018917
v 0.258631 -0.497776 0.055524
v 0.261156 -0.497877 0.038953
v 0.199648 -0.424667 -0.021794
v 0.190742 -0.423496 -0.022427
v 0.124319 -0.193242 0.051032
v 0.146364 -0.189794 0.054469
v 0.139924 -0.192372 0.067468
v 0.123206 -0.194716 0.062407
v 0.126167 -0.195546 0.078015
v 0.131265 -0.194395 0.078073
v 0.128279 -0.189475 0.046940
v 0.150263 -0.186951 0.044286
v 0.139609 -0.183276 0.040490
v 0.167438 -0.149165 0.026771
v 0.156649 -0.181597 0.032218
v 0.172908 -0.178049 0.027561
v 0.152633 -0.133710 0.031248
v 0.163385 -0.129743 0.027592
v 0.159278 -0.127517 0.029278
v 0.059095 0.071899 0.075742
v 0.056593 0.065154 0.076920
v 0.060652 0.060846 0.072864
v 0.066650 0.068726 0.069354
v 0.076161 0.051734 0.062574
v 0.060659 0.043673 0.072276
v 0.064002 0.029161 0.071450
v 0.084107 0.034923 0.057721
v 0.083538 0.044442 0.058490
v 0.079180 0.058793 0.060553
v 0.086610 0.007964 0.060287
v 0.068022 0.010934 0.071261
v 0.072283 -0.010806 0.072208
v 0.085456 0.030469 0.057355
v 0.090101 0.030639 0.053894
v 0.101694 0.011626 0.047630
v 0.099604 0.034400 0.045299
v 0.104631 -0.020403 0.051512
v 0.091583 0.036686 0.052350
v 0.094048 -0.025128 0.061509
v 0.079205 -0.034031 0.072457
v 0.103152 -0.048576 0.058122
v 0.085652 -0.052595 0.072224
v 0.093919 -0.082707 0.072416
v 0.129837 -0.039651 0.032108
v 0.122485 -0.065736 0.043363
v 0.136766 -0.061243 0.029654
v 0.103977 -0.073321 0.060838
v 0.115145 -0.091273 0.053311
v 0.133107 -0.090912 0.039392
v 0.130616 -0.111380 0.045594
v 0.145907 -0.125600 0.036895
v 0.146973 -0.095076 0.030577
v 0.097653 0.052321 0.043697
v 0.134276 -0.133209 0.048864
v 0.088177 0.052008 0.052930
v 0.123203 -0.019771 0.033088
v 0.115169 0.006833 0.035333
v 0.110057 0.027874 0.036051
v 0.097313 0.067628 0.039108
v 0.148666 -0.148731 0.034558
v 0.110387 0.033956 0.036054
v 0.150789 -0.167443 0.034764
v 0.154006 -0.112724 0.029910
v 0.103098 -0.109247 0.072985
v 0.120845 -0.126172 0.061974
v 0.107703 -0.127785 0.075446
v 0.117831 -0.155149 0.076441
v 0.130169 -0.148448 0.060151
v 0.136681 -0.172553 0.061635
v 0.124872 -0.171475 0.075283
v 0.118223 -0.165827 0.078128
v 0.131265 -0.194395 0.078073
v 0.139924 -0.192372 0.067468
v 0.086793 0.072470 0.053314
v 0.089219 0.089885 0.047855
v 0.098436 0.073725 0.036814
v 0.150263 -0.186951 0.044286
v 0.076902 0.070971 0.064680
v 0.146364 -0.189794 0.054469
v 0.081245 0.080396 0.063296
v 0.074806 0.101539 0.068237
v 0.081251 0.103715 0.054202
v 0.093165 0.101533 0.034515
v 0.100262 0.076533 0.030407
v 0.075102 0.108463 0.059991
v 0.068600 0.110600 0.076446
v 0.070224 0.097778 0.080437
v 0.074613 0.093400 0.075622
v 0.080442 0.078530 0.068880
v 0.077198 0.109133 0.050602
v 0.090328 0.106680 0.030681
v 0.076429 0.110824 0.054059
v 0.075147 0.123459 0.050893
v 0.094838 0.105727 0.021312
v 0.101628 0.036211 0.045480
v 0.056855 0.061964 0.072943
v 0.064954 0.073850 0.074972
v 0.112895 -0.150078 0.075529
v 0.019578 0.122754 0.075619
v 0.051091 0.122779 0.078480
v 0.006016 0.122171 0.087876
v 0.053328 0.122964 0.088529
v 0.047091 0.121889 0.095740
v 0.030860 0.121946 0.095434
v 0.004791 0.125924 0.072814
v 0.002633 0.122586 0.084153
v 0.022564 0.124478 0.071680
v 0.042231 0.126372 0.069910
v 0.049813 0.124711 0.067574
v 0.017182 0.122583 0.092868
v -0.000348 0.128041 0.075200
v 0.056182 0.362322 0.043741
v 0.059330 0.345992 0.042960
v 0.059087 0.359343 0.038972
v 0.057976 0.367639 0.036144
v 0.056287 0.354071 0.048681
v 0.056487 0.376366 0.039294
v 0.058464 0.377826 0.030747
v 0.057573 0.384042 0.027321
v 0.052428 0.390607 0.036903
v 0.052044 0.397580 0.033630
v 0.048310 0.408996 0.029137
v 0.057616 0.394151 0.020926
v 0.046274 0.418297 0.024519
v 0.062459 0.385067 0.021150
v 0.057692 0.329474 0.042070
v 0.055925 0.345825 0.053287
v 0.054592 0.327414 0.057770
v 0.062567 0.319845 0.046295
v 0.054506 0.316512 0.071253
v 0.062395 0.301555 0.054232
v 0.053136 0.309386 0.074875
v 0.070123 0.301611 0.043864
v 0.066651 0.318575 0.037069
v 0.052395 0.287500 0.068660
v 0.052818 0.277905 0.064392
v 0.053090 0.322290 0.066663
v 0.049440 0.421020 0.021783
v 0.059266 0.411175 0.012409
v 0.052426 0.427006 0.008687
v 0.048290 0.431034 0.019591
v 0.050662 0.435821 0.017348
v 0.049025 0.434752 0.001152
v 0.044705 0.433679 0.035391
v 0.047357 0.451740 0.018509
v 0.038868 0.446465 0.041194
v 0.042532 0.460299 0.032482
v 0.034417 0.462402 0.043048
v 0.048159 0.460371 0.019998
v 0.046163 0.453346 -0.004615
v 0.047131 0.460536 0.001006
v 0.049047 0.436846 -0.006501
v 0.040638 0.442742 0.040910
v 0.035295 0.445148 0.070783
v 0.045691 0.434362 0.052452
v 0.043475 0.459511 -0.022069
v 0.043692 0.437944 0.078889
v 0.044712 0.435919 0.072429
v 0.044805 0.436564 -0.025350
v 0.042242 0.453883 -0.024589
v 0.047057 0.425122 -0.008443
v 0.045763 0.434215 -0.016166
v 0.055702 0.398696 -0.011050
v 0.057070 0.402500 -0.021098
v 0.057031 0.369294 -0.016889
v 0.059039 0.387436 0.006176
v 0.055401 0.403489 -0.004754
v 0.055924 0.403003 0.003264
v 0.052719 0.419424 0.003529
v 0.058329 0.365757 -0.005940
v 0.059429 0.363343 -0.015149
v 0.058728 0.385429 -0.022990
v 0.055454 0.368812 -0.026078
v 0.061782 0.362082 0.003189
v 0.049718 0.428404 -0.019564
v 0.044697 0.464856 0.007104
v 0.037986 0.475838 -0.018560
v 0.035611 0.485096 -0.015487
v 0.037369 0.485688 0.008284
v 0.036271 0.483921 0.021525
v 0.045042 0.463628 0.020667
v 0.027735 0.483822 0.035936
v 0.028912 0.454333 0.050965
v 0.067067 0.322045 0.041007
v 0.063160 0.326057 0.043336
v 0.016933 0.467367 0.050949
v 0.020493 0.485178 0.039891
v 0.066160 0.396796 0.015205
v 0.068200 0.372159 0.015430
v 0.065073 0.358653 0.018887
v 0.070168 0.352674 0.014796
v 0.064168 0.340964 0.026661
v 0.079899 0.348369 0.011511
v 0.066148 0.334528 0.028200
v 0.041540 0.427201 0.023872
v 0.014006 0.480122 0.045864
v 0.013816 0.485624 0.049414
v 0.092520 0.300225 0.034836
v 0.081874 0.317032 0.032288
v 0.094080 0.325835 0.021667
v 0.097117 0.303065 0.030267
v 0.123252 0.304085 0.017593
v 0.123024 0.330059 0.005819
v 0.149070 0.315189 0.000192
v 0.145237 0.307174 0.006709
v 0.140221 0.296682 0.013270
v 0.172100 0.300730 0.000325
v 0.170440 0.286082 0.006554
v 0.191082 0.292520 -0.003862
v 0.004620 0.483590 0.052044
v 0.000559 0.477615 0.050597
v -0.146039 -0.192250 0.047911
v -0.126170 -0.192972 0.061182
v -0.146391 -0.193430 0.065427
v -0.137418 -0.192564 0.086151
v -0.116660 -0.192687 0.072912
v -0.126176 -0.192697 0.086275
v -0.151790 -0.193514 0.051562
v -0.154171 -0.185894 0.041665
v -0.149182 -0.184579 0.040992
v -0.082387 0.110747 -0.087371
v -0.062221 0.132432 -0.092990
v -0.062006 0.111244 -0.092633
v -0.081363 0.164865 -0.083143
v -0.061443 0.154190 -0.089913
v -0.056108 0.182710 -0.086503
v -0.079407 0.184090 -0.080545
v -0.045916 0.182320 -0.087387
v -0.050927 0.142543 -0.091492
v -0.056158 0.125290 -0.091915
v -0.046999 0.190600 -0.083883
v -0.058137 0.111810 -0.088489
v -0.047819 0.125203 -0.095017
v -0.043407 0.146194 -0.096814
v -0.042388 0.126002 -0.095923
v -0.042777 0.197577 -0.096689
v -0.042061 0.172704 -0.096788
v -0.044518 0.203854 -0.081600
v -0.052864 0.320329 0.048391
v -0.049947 0.324135 0.067955
v -0.049433 0.300505 0.057920
v -0.049929 0.305741 0.067519
v -0.045996 0.291299 0.072438
v -0.046701 0.290606 0.059745
v -0.049277 0.300380 0.074884
v -0.052022 0.319232 0.073735
v -0.052216 0.306763 0.080569
v -0.051234 0.299750 0.081194
v -0.048424 0.305643 0.049213
v -0.052622 0.326918 0.039067
v -0.053022 0.335067 0.042057
v -0.050580 0.360094 0.037962
v -0.050614 0.351775 0.048667
v -0.053196 0.378878 0.041676
v -0.048276 0.337949 0.063438
v -0.047960 0.330616 0.064259
v -0.048110 0.284856 0.065023
v -0.052503 0.351466 0.056697
v -0.047445 0.275063 0.066087
v -0.050263 0.333465 0.066530
v -0.047534 0.341762 0.029848
v -0.049404 0.389882 0.035184
v -0.041473 0.286279 0.052212
v -0.041680 0.272589 0.058060
v -0.043162 0.248934 0.066602
v -0.041695 0.357088 0.022939
v -0.040732 0.390369 0.021274
v -0.043855 0.399309 0.028615
v -0.041870 0.409817 0.023701
v -0.043529 0.302056 0.045070
v -0.049304 0.404895 0.032381
v -0.047931 0.325075 0.035437
v -0.048307 0.411613 0.028017
v -0.049998 0.423724 0.022080
v -0.036630 0.362873 0.019743
v -0.037746 0.336212 0.026225
v -0.052694 0.393825 0.035428
v 0.039923 0.390357 -0.060369
v 0.036813 0.404289 -0.051983
v 0.036838 0.371850 -0.050745
v 0.037492 0.363566 -0.055291
v 0.044278 0.358266 -0.068092
v 0.040337 0.356029 -0.055508
v 0.044365 0.348827 -0.060979
v 0.047107 0.343294 -0.066879
v 0.042721 0.370173 -0.068830
v 0.040409 0.387824 -0.064655
v 0.045622 0.348733 -0.072218
v 0.032731 0.407251 -0.058610
v 0.037676 0.395443 -0.048597
v 0.041309 0.364450 -0.071974
v 0.032248 0.409694 -0.050852
v 0.028852 0.414915 -0.047846
v 0.025717 0.419137 -0.056483
v 0.099916 0.058305 0.060013
v 0.101215 0.045037 0.056501
v 0.091583 0.036686 0.052350
v 0.097899 0.033472 0.052877
v 0.104058 0.043284 0.056572
v 0.088177 0.052008 0.052930
v 0.099119 0.067357 0.060016
v 0.086793 0.072470 0.053314
v 0.094556 0.076763 0.058654
v 0.105186 0.035547 0.057415
v 0.090101 0.030639 0.053894
v 0.040453 0.415552 -0.033723
v 0.044061 0.418955 -0.025426
v 0.049575 0.390371 -0.029236
v 0.040388 0.431559 -0.025917
v 0.036576 0.435547 -0.037839
v 0.048381 0.392054 -0.040818
v 0.042756 0.405147 -0.043947
v 0.039127 0.423400 -0.042041
v 0.040307 0.413790 -0.047425
v 0.050398 0.370835 -0.031114
v 0.047235 0.366633 -0.039739
v 0.055454 0.368812 -0.026078
v 0.049718 0.428404 -0.019564
v 0.045763 0.434215 -0.016166
v 0.058728 0.385429 -0.022990
v 0.057070 0.402500 -0.021098
v 0.053662 0.408082 -0.022609
v 0.044805 0.436564 -0.025350
v 0.037986 0.475838 -0.018560
v 0.043475 0.459511 -0.022069
v 0.035165 0.459833 -0.034234
v 0.030385 0.481019 -0.027560
v 0.035611 0.485096 -0.015487
v 0.028580 0.458982 -0.041691
v 0.042242 0.453883 -0.024589
v 0.017579 0.480180 -0.035903
v 0.015643 0.459234 -0.048477
v 0.026445 0.454407 -0.043654
v 0.034420 0.434442 -0.040862
v 0.020148 0.435926 -0.050087
v -0.000320 0.455866 -0.051544
v 0.001468 0.461825 -0.051222
v 0.007475 0.476329 -0.042273
v 0.003888 0.482414 -0.045955
v -0.000862 0.477812 -0.048872
v -0.001334 0.434824 -0.054621
v 0.027721 0.422727 -0.043850
v 0.026105 0.431115 -0.044113
v 0.020805 0.431116 -0.050077
v 0.001517 0.430682 -0.053931
v -0.002310 0.460523 -0.051783
v 0.010690 0.430187 -0.051533
v 0.014531 0.423676 -0.054056
v 0.009083 0.424475 -0.059199
v 0.013189 0.411820 -0.057995
v 0.018558 0.413953 -0.055533
v 0.021328 0.399745 -0.058202
v 0.025214 0.382376 -0.063015
v 0.017444 0.392408 -0.064394
v 0.019616 0.378663 -0.066083
v 0.030367 0.354193 -0.063649
v 0.018915 0.356127 -0.070150
v 0.028852 0.414915 -0.047846
v 0.008595 0.485433 -0.034047
v 0.032248 0.409694 -0.050852
v 0.036813 0.404289 -0.051983
v 0.025717 0.419137 -0.056483
v 0.003780 0.492324 -0.035900
v 0.037676 0.395443 -0.048597
v 0.040077 0.366664 -0.046713
v 0.036838 0.371850 -0.050745
v 0.037492 0.363566 -0.055291
v 0.040337 0.356029 -0.055508
v 0.010232 0.414682 -0.065804
v 0.011869 0.403269 -0.071702
v 0.017205 0.382120 -0.078006
v -0.030615 0.234047 0.076482
v -0.022657 0.231575 0.081269
v -0.028363 0.201776 0.076612
v -0.022011 0.199273 0.078399
v -0.024334 0.245573 0.076930
v -0.037042 0.244797 0.076581
v -0.037070 0.221770 0.076593
v -0.034608 0.207327 0.076226
v -0.038028 0.207698 0.075920
v 0.157733 -0.172676 -0.008387
v 0.174054 -0.177177 0.004491
v 0.156679 -0.177238 0.005030
v 0.164516 -0.178517 0.024515
v 0.172908 -0.178049 0.027561
v 0.171698 -0.174827 -0.020224
v 0.177276 -0.174393 -0.016763
v 0.178190 -0.175763 -0.034583
v 0.168730 -0.173860 -0.036995
v 0.166125 -0.171747 -0.026536
v 0.156649 -0.181597 0.032218
v 0.152203 -0.181679 0.026564
v 0.149964 -0.183401 0.030694
v 0.150263 -0.186951 0.044286
v 0.143312 -0.186395 0.042496
v 0.155451 -0.173166 -0.013516
v 0.142974 -0.180723 0.034084
v 0.139609 -0.183276 0.040490
v 0.156270 -0.163602 -0.016149
v -0.028699 0.363699 -0.085915
v -0.026683 0.347597 -0.076049
v -0.028891 0.350792 -0.093712
v -0.029139 0.338530 -0.085870
v -0.025743 0.337460 -0.075721
v -0.026326 0.318566 -0.079709
v -0.032487 0.337548 -0.091849
v -0.028229 0.310787 -0.082971
v -0.023261 0.353187 -0.073062
v -0.022601 0.367786 -0.069179
v -0.025997 0.373441 -0.077085
v -0.022578 0.377223 -0.069413
v -0.027122 0.389982 -0.070212
v -0.032988 0.349562 -0.096923
v -0.074564 0.106640 0.063513
v -0.062915 0.110246 0.079747
v -0.080993 0.110619 0.075189
v -0.087417 0.110405 0.062222
v -0.079575 0.106172 0.056569
v -0.077825 0.111445 0.096428
v -0.085632 0.111572 0.084900
v -0.097725 0.111103 0.072499
v -0.088989 0.111267 0.081055
v -0.087402 0.111084 0.083435
v -0.070939 0.111899 0.094270
v -0.059057 0.111987 0.100858
v -0.054235 0.110636 0.073926
v -0.050667 0.112473 0.085843
v -0.052091 0.111087 0.067908
v -0.062090 0.105510 0.077827
v 0.018861 0.371989 -0.075342
v 0.016240 0.351533 -0.075837
v 0.021483 0.360656 -0.081891
v 0.022023 0.353019 -0.087245
v 0.020631 0.346494 -0.090494
v 0.010232 0.335543 -0.077978
v 0.013031 0.335712 -0.083645
v 0.021500 0.338034 -0.095719
v 0.015780 0.319003 -0.082321
v 0.021882 0.313952 -0.089533
v 0.021253 0.323009 -0.100164
v 0.018060 0.373167 -0.083254
v 0.017205 0.382120 -0.078006
v 0.020843 0.357492 -0.087181
v 0.018915 0.356127 -0.070150
v 0.013984 0.339905 -0.074137
v -0.411805 0.211044 0.012424
v -0.444546 0.200721 0.013726
v -0.432899 0.202074 0.012438
v -0.416185 0.204219 0.012260
v -0.422347 0.197198 0.008641
v -0.441961 0.196025 0.007470
v -0.455575 0.193433 0.013114
v -0.471042 0.192146 0.018349
v -0.469945 0.187852 0.012277
v -0.457596 0.202901 0.014223
v -0.443828 0.210367 0.010759
v -0.408455 0.216403 0.010036
v -0.019420 0.122672 0.075015
v -0.028094 0.120089 0.094605
v -0.038897 0.120595 0.092474
v -0.041718 0.121723 0.077944
v -0.011836 0.122198 0.086168
v -0.035073 0.119291 0.099626
v -0.046292 0.124492 0.073553
v -0.019814 0.124771 0.071772
v -0.012285 0.126898 0.074071
v -0.013517 0.123784 0.091027
v -0.124919 -0.182350 0.087836
v -0.132469 -0.179129 0.085160
v -0.137418 -0.192564 0.086151
v -0.118594 -0.158877 0.085526
v -0.125466 -0.158732 0.083245
v -0.119935 -0.137905 0.080162
v -0.114422 -0.147020 0.083811
v -0.105537 -0.118563 0.080906
v -0.113533 -0.109691 0.075294
v -0.096375 -0.087357 0.077136
v -0.104739 -0.070943 0.068744
v -0.088965 -0.062284 0.074936
v -0.101832 -0.056306 0.067111
v -0.080871 -0.040187 0.072683
v -0.095044 -0.028933 0.063901
v -0.075467 -0.022613 0.072121
v -0.070405 -0.004652 0.071268
v -0.087868 0.000011 0.063643
v -0.085752 0.015487 0.062126
v -0.090061 0.013576 0.060194
v -0.066495 0.010535 0.071700
v -0.080666 0.038659 0.060553
v -0.064708 0.014746 0.071655
v -0.064097 0.044057 0.068911
v -0.071754 0.054343 0.065805
v -0.061303 0.058492 0.069638
v -0.061670 0.031693 0.069572
v -0.081013 0.055955 0.060997
v -0.099295 -0.014379 0.054063
v -0.102478 0.014450 0.050395
v -0.103235 -0.007262 0.050650
v -0.126176 -0.192697 0.086275
v -0.081581 0.069544 0.067856
v -0.071421 0.064326 0.068470
v -0.067198 0.060081 0.069322
v -0.088412 0.044555 0.066749
v -0.088913 0.052058 0.068183
v -0.092545 0.042074 0.066718
v -0.091558 0.018612 0.069780
v -0.090789 0.057884 0.070101
v 0.162131 -0.332751 -0.072476
v 0.186825 -0.332571 -0.066558
v 0.166739 -0.339211 -0.066477
v 0.185633 -0.337743 -0.063069
v 0.197451 -0.328376 -0.067377
v 0.198380 -0.337274 -0.057710
v 0.156757 -0.337808 -0.066642
v 0.150488 -0.337080 -0.072259
v 0.155904 -0.331164 -0.079379
v 0.191991 -0.326904 -0.077430
v 0.181549 -0.327423 -0.084600
v 0.158840 -0.327730 -0.085353
v 0.197261 -0.342617 -0.056498
v -0.019717 0.198308 0.084219
v -0.020058 0.246228 0.089371
v -0.019716 0.197966 0.091069
v -0.022657 0.231575 0.081269
v -0.024334 0.245573 0.076930
v -0.022011 0.199273 0.078399
v -0.063342 0.240154 0.069613
v -0.075349 0.244603 0.078697
v -0.067635 0.243466 0.082195
v -0.048993 0.243314 0.082594
v -0.061675 0.243771 0.099296
v -0.082324 0.244292 0.084692
v -0.087445 0.243981 0.078749
v -0.079918 0.242040 0.072111
v -0.086616 0.245066 0.070584
v -0.094934 0.245425 0.071904
v -0.052176 0.237381 0.072307
v -0.058178 0.238817 0.067680
v 0.180842 -0.341311 -0.065268
v 0.185245 -0.348484 -0.072926
v 0.162177 -0.347804 -0.076366
v 0.166739 -0.339211 -0.066477
v 0.180430 -0.353852 -0.078821
v 0.164103 -0.352873 -0.080694
v 0.198941 -0.348862 -0.066343
v 0.194882 -0.354331 -0.072473
v 0.197261 -0.342617 -0.056498
v 0.185633 -0.337743 -0.063069
v 0.182449 -0.364339 -0.080275
v 0.169048 -0.363505 -0.081792
v 0.198764 -0.367224 -0.070450
v 0.158622 -0.344047 -0.067963
v 0.156757 -0.337808 -0.066642
v -0.054207 0.124864 -0.080885
v -0.052393 0.118833 -0.075673
v -0.056343 0.112745 -0.074109
v -0.041850 0.124259 -0.080657
v -0.026486 0.115490 -0.077600
v -0.019836 0.099654 -0.072481
v -0.037647 0.100258 -0.070341
v -0.058988 0.109060 -0.069246
v -0.050009 0.099658 -0.067057
v 0.000411 0.123258 -0.080964
v 0.004625 0.100496 -0.073671
v 0.017211 0.102511 -0.074863
v 0.029219 0.122373 -0.082154
v 0.047813 0.125536 -0.082667
v 0.043155 0.103348 -0.075118
v 0.050653 0.120572 -0.080107
v 0.052533 0.110054 -0.076406
v 0.055850 0.104696 -0.075049
v 0.064283 0.109348 -0.076155
v 0.064648 0.105157 -0.075682
v 0.015212 0.075814 -0.073987
v 0.001363 0.064050 -0.073090
v -0.020471 0.066583 -0.072441
v -0.000044 0.038259 -0.074213
v 0.070447 0.113025 -0.088413
v 0.064642 0.109048 -0.067642
v 0.064283 0.109348 -0.076155
v 0.079832 0.113006 -0.070645
v 0.083344 0.113831 -0.087641
v 0.077672 0.114492 -0.091688
v 0.052827 0.111577 -0.092018
v 0.052533 0.110054 -0.076406
v -0.065398 0.362020 0.014230
v -0.081393 0.369349 0.006649
v -0.081410 0.352981 0.008370
v -0.062595 0.374582 0.013334
v -0.073836 0.378967 0.005869
v -0.059363 0.387512 0.011310
v -0.078391 0.350257 0.007867
v -0.070835 0.348185 0.011635
v -0.064707 0.347779 0.015358
v 0.079180 0.058793 0.060553
v 0.083538 0.044442 0.058490
v 0.088647 0.053565 0.068744
v 0.082582 0.067501 0.069263
v 0.076902 0.070971 0.064680
v 0.078390 0.073948 0.068190
v 0.084107 0.034923 0.057721
v 0.091828 0.033121 0.068698
v 0.085456 0.030469 0.057355
v 0.088590 0.068340 0.072380
v 0.080442 0.078530 0.068880
v 0.091870 0.028230 0.057650
v 0.094545 0.026838 0.063584
v 0.095634 0.031607 0.068511
v -0.081393 0.369349 0.006649
v -0.067622 0.377266 0.001803
v -0.074983 0.355755 0.002979
v -0.061118 0.361776 -0.001335
v -0.062792 0.391373 -0.000823
v -0.068084 0.385206 0.002592
v -0.073836 0.378967 0.005869
v -0.081410 0.352981 0.008370
v -0.065703 0.356908 -0.001588
v -0.078391 0.350257 0.007867
v -0.057598 0.394572 -0.008892
v -0.058787 0.409981 -0.002167
v -0.048248 0.420189 -0.007893
v -0.051077 0.430330 -0.001240
v -0.043802 0.430621 -0.013935
v -0.053895 0.374143 -0.020342
v -0.045333 0.418461 -0.018611
v -0.054874 0.366612 -0.021259
v -0.050893 0.371128 -0.027353
v -0.073209 0.354406 -0.004816
v -0.052200 0.407170 -0.015901
v -0.051592 0.396136 -0.023824
v -0.055731 0.384450 -0.016308
v -0.055498 0.383404 -0.023112
v -0.041917 0.429161 -0.025435
v -0.052530 0.365975 -0.032306
v -0.048632 0.405198 -0.029762
v -0.051303 0.386714 -0.030495
v -0.046945 0.435993 -0.014838
v -0.053935 0.387492 -0.034860
v -0.047044 0.395312 -0.038753
v -0.036651 0.400683 -0.047956
v -0.037235 0.393697 -0.049345
v -0.032718 0.413758 -0.046490
v -0.046970 0.405596 -0.036943
v -0.040999 0.421757 -0.038087
v -0.029209 0.428485 -0.042235
v -0.037630 0.431060 -0.035911
v -0.045257 0.371699 -0.039177
v -0.038495 0.366624 -0.046597
v -0.050594 0.366386 -0.035814
v -0.026936 0.435709 -0.046360
v -0.042246 0.435563 -0.031905
v -0.039545 0.452537 -0.030892
v -0.023292 0.452954 -0.045258
v -0.024398 0.430954 -0.049960
v -0.040178 0.460102 -0.030240
v -0.021630 0.459453 -0.046160
v -0.020131 0.472896 -0.039576
v -0.033286 0.482026 -0.024096
v -0.023341 0.481532 -0.031257
v -0.001334 0.434824 -0.054621
v -0.000320 0.455866 -0.051544
v -0.009236 0.475926 -0.041356
v -0.002310 0.460523 -0.051783
v -0.000862 0.477812 -0.048872
v -0.005631 0.481019 -0.044799
v -0.014157 0.428431 -0.051204
v -0.020227 0.418913 -0.053415
v -0.015043 0.413579 -0.056070
v -0.008743 0.487271 -0.032057
v -0.017890 0.403047 -0.060599
v -0.014129 0.402205 -0.062425
v -0.018676 0.393087 -0.063425
v -0.015559 0.375743 -0.070259
v -0.019473 0.380633 -0.066454
v -0.009926 0.415772 -0.064589
v -0.008347 0.425587 -0.058342
v -0.005389 0.492078 -0.032370
v -0.010552 0.395002 -0.074214
v 0.003888 0.482414 -0.045955
v -0.044788 0.452970 -0.015368
v 0.003780 0.492324 -0.035900
v -0.045281 0.459452 -0.014491
v -0.035027 0.484950 -0.016592
v -0.028626 0.416870 -0.056795
v -0.051771 0.434590 0.003632
v -0.048769 0.453835 0.002790
v -0.035906 0.403774 -0.057051
v -0.038379 0.486067 0.004629
v -0.048933 0.460316 0.002594
v -0.037154 0.381051 -0.052742
v -0.035541 0.370138 -0.053236
v -0.036185 0.358965 -0.055464
v -0.006305 0.492350 -0.024482
v -0.035720 0.362731 -0.060659
v -0.037798 0.354289 -0.065154
v -0.038797 0.352324 -0.060474
v -0.041337 0.342647 -0.067320
v 0.001517 0.430682 -0.053931
v 0.064524 0.354053 0.028968
v 0.071866 0.356615 0.039924
v 0.065040 0.339071 0.033585
v 0.072376 0.341955 0.045838
v 0.067067 0.322045 0.041007
v 0.072439 0.327719 0.047524
v 0.068740 0.365788 0.035681
v 0.063969 0.354943 0.023990
v 0.068483 0.370817 0.033104
v 0.065056 0.380636 0.028316
v 0.062459 0.385067 0.021150
v 0.066651 0.318575 0.037069
v 0.064168 0.340964 0.026661
v 0.066148 0.334528 0.028200
v 0.065073 0.358653 0.018887
v 0.061787 0.359695 0.037001
v 0.065593 0.344073 0.042131
v 0.071866 0.356615 0.039924
v 0.068740 0.365788 0.035681
v 0.072376 0.341955 0.045838
v 0.072439 0.327719 0.047524
v 0.063160 0.326057 0.043336
v 0.057692 0.329474 0.042070
v 0.057976 0.367639 0.036144
v 0.062567 0.319845 0.046295
v 0.068483 0.370817 0.033104
v 0.065056 0.380636 0.028316
v 0.058464 0.377826 0.030747
v 0.057573 0.384042 0.027321
v 0.059330 0.345992 0.042960
v 0.059087 0.359343 0.038972
v 0.067067 0.322045 0.041007
v 0.062459 0.385067 0.021150
v 0.190928 -0.432751 -0.046723
v 0.199698 -0.410452 -0.048154
v 0.198285 -0.434062 -0.046735
v 0.184402 -0.419910 -0.048335
v 0.188501 -0.400729 -0.050663
v 0.204461 -0.430055 -0.049148
v 0.204170 -0.418450 -0.048623
v 0.180045 -0.399003 -0.046694
v 0.191375 -0.437849 -0.050506
v 0.184009 -0.433999 -0.054069
v 0.188765 -0.369621 -0.060148
v 0.196549 -0.372998 -0.055516
v 0.192469 -0.373953 -0.059236
v 0.199293 -0.388052 -0.057324
v 0.194425 -0.387513 -0.059217
v 0.204550 -0.399135 -0.060823
v 0.172834 -0.364962 -0.063993
v 0.166866 -0.372217 -0.060669
v 0.164359 -0.361952 -0.063084
v 0.204165 -0.406623 -0.062237
v 0.212874 -0.408341 -0.067356
v 0.190556 -0.395208 -0.055664
v 0.183316 -0.379535 -0.056657
v 0.168302 -0.377888 -0.054058
v 0.168674 -0.383404 -0.047850
v 0.099916 0.058305 0.060013
v 0.093691 0.061350 0.069042
v 0.100499 0.048045 0.062533
v 0.099119 0.067357 0.060016
v 0.090447 0.078021 0.066781
v 0.088590 0.068340 0.072380
v 0.095634 0.031607 0.068511
v 0.105186 0.035547 0.057415
v 0.104058 0.043284 0.056572
v 0.094556 0.076763 0.058654
v 0.101215 0.045037 0.056501
v 0.100621 0.030003 0.058618
v 0.088647 0.053565 0.068744
v 0.080442 0.078530 0.068880
v 0.094545 0.026838 0.063584
v 0.091828 0.033121 0.068698
v 0.028528 0.238344 0.077731
v 0.035907 0.244084 0.077037
v 0.034511 0.208418 0.076309
v 0.028144 0.198834 0.076480
v 0.026308 0.244705 0.076539
v 0.024105 0.216409 0.081329
v 0.024655 0.198375 0.076632
v 0.022321 0.245225 0.085714
v 0.107552 0.066314 0.043650
v 0.110184 0.055379 0.047666
v 0.115024 0.050612 0.041356
v 0.112534 0.057539 0.038820
v 0.107547 0.076306 0.040509
v 0.115454 0.036458 0.042795
v 0.111986 0.034786 0.048544
v 0.107421 0.038880 0.052830
v 0.109909 0.075563 0.027481
v 0.111515 0.062095 0.027009
v -0.188521 -0.477538 -0.074097
v -0.175397 -0.467561 -0.070220
v -0.175885 -0.486073 -0.075260
v -0.183353 -0.453567 -0.069778
v -0.187773 -0.487888 -0.079190
v -0.180155 -0.499972 -0.080992
v -0.189895 -0.449459 -0.073075
v -0.171280 -0.487299 -0.072403
v -0.172133 -0.499881 -0.075456
v -0.190714 -0.441008 -0.069606
v -0.194340 -0.487840 -0.084071
v -0.190093 -0.499082 -0.083901
v -0.174130 -0.457048 -0.063254
v -0.170718 -0.466421 -0.063152
v -0.180334 -0.451357 -0.062634
v -0.190958 -0.433723 -0.046484
v -0.183115 -0.425804 -0.048182
v -0.185091 -0.430502 -0.049462
v -0.184072 -0.439537 -0.054343
v -0.199388 -0.439003 -0.050150
v -0.200087 -0.432693 -0.047230
v -0.191035 -0.442125 -0.058361
v -0.188112 -0.447853 -0.061985
v -0.199195 -0.438236 -0.060455
v -0.177501 -0.456641 -0.058679
v -0.177766 -0.435487 -0.046153
v 0.067984 0.048479 -0.083628
v 0.062622 0.045457 -0.073461
v 0.059055 0.047850 -0.074737
v 0.072041 0.046217 -0.078788
v 0.072149 0.051658 -0.083510
v 0.063187 0.066582 -0.085188
v -0.001836 0.147923 0.077537
v -0.000348 0.128041 0.075200
v 0.003624 0.134722 0.086750
v 0.002633 0.122586 0.084153
v -0.000682 0.167506 0.078549
v 0.006215 0.177493 0.088178
v 0.001977 0.181441 0.076548
v 0.006016 0.122171 0.087876
v -0.032277 0.363425 -0.084201
v -0.035194 0.351453 -0.090855
v -0.035626 0.346966 -0.080257
v -0.036282 0.328250 -0.086923
v -0.035413 0.337215 -0.074300
v -0.035231 0.329773 -0.077983
v -0.035243 0.367516 -0.073942
v -0.036682 0.328729 -0.075578
v -0.040065 0.321754 -0.077361
v -0.036459 0.313249 -0.083346
v -0.036473 0.319663 -0.088997
v -0.032487 0.337548 -0.091849
v -0.032988 0.349562 -0.096923
v -0.030063 0.375521 -0.076597
v -0.032697 0.381671 -0.068087
v -0.027122 0.389982 -0.070212
v -0.030975 0.388492 -0.063907
v -0.030176 0.401141 -0.060890
v -0.028130 0.403281 -0.062921
v -0.041337 0.342647 -0.067320
v -0.041203 0.348493 -0.073797
v -0.041978 0.363644 -0.071856
v -0.037798 0.354289 -0.065154
v -0.035720 0.362731 -0.060659
v -0.041535 0.374843 -0.065818
v -0.035541 0.370138 -0.053236
v -0.037154 0.381051 -0.052742
v -0.040279 0.390072 -0.061971
v -0.037235 0.393697 -0.049345
v -0.035906 0.403774 -0.057051
v -0.024334 0.245573 0.076930
v -0.040153 0.245092 0.084222
v -0.020058 0.246228 0.089371
v -0.037042 0.244797 0.076581
v -0.022015 0.246111 0.093358
v -0.033878 0.246247 0.097523
v 0.073072 0.385572 0.013103
v 0.076314 0.376257 0.009538
v 0.067668 0.384788 0.010345
v 0.064046 0.398739 0.012141
v 0.059039 0.387436 0.006176
v 0.064478 0.371247 0.009376
v 0.066662 0.361594 0.007835
v 0.071152 0.355011 0.005819
v 0.082625 0.360704 0.010072
v 0.081172 0.350205 0.008170
v 0.061782 0.362082 0.003189
v 0.055924 0.403003 0.003264
v 0.059266 0.411175 0.012409
v 0.066160 0.396796 0.015205
v 0.016877 0.091020 -0.076553
v 0.018128 0.080353 -0.083934
v 0.018382 0.078916 -0.076737
v 0.020738 0.061284 -0.083607
v 0.020368 0.056857 -0.075249
v 0.017691 0.099318 -0.083444
v 0.020373 0.100326 -0.076778
v -0.109280 -0.234084 -0.096712
v -0.090398 -0.239872 -0.100438
v -0.117914 -0.232265 -0.091697
v -0.133062 -0.226820 -0.091023
v -0.094328 -0.238092 -0.091390
v -0.074030 -0.244220 -0.086746
v -0.078185 -0.243114 -0.103075
v -0.120322 -0.229810 -0.087672
v -0.137533 -0.224497 -0.084730
v -0.154264 -0.219259 -0.081357
v -0.100633 -0.234402 -0.089822
v 0.172834 -0.364962 -0.063993
v 0.193202 -0.369082 -0.065790
v 0.188765 -0.369621 -0.060148
v 0.195435 -0.372314 -0.056885
v 0.196899 -0.372314 -0.058105
v 0.196549 -0.372998 -0.055516
v 0.185987 -0.366582 -0.074295
v 0.198764 -0.367224 -0.070450
v 0.198242 -0.370605 -0.059570
v 0.182449 -0.364339 -0.080275
v 0.164753 -0.365771 -0.077866
v 0.169048 -0.363505 -0.081792
v 0.166882 -0.364859 -0.069388
v 0.164359 -0.361952 -0.063084
v 0.198486 -0.371094 -0.056335
v 0.026308 0.244705 0.076539
v 0.037796 0.246018 0.094787
v 0.042531 0.244780 0.083771
v 0.022321 0.245225 0.085714
v 0.025297 0.245637 0.095674
v 0.035907 0.244084 0.077037
v 0.044692 0.243525 0.087445
v -0.206799 -0.444107 -0.083504
v -0.212423 -0.433549 -0.080675
v -0.200865 -0.429103 -0.081749
v -0.199324 -0.448286 -0.086486
v -0.216340 -0.420759 -0.075131
v -0.208265 -0.412876 -0.072784
v -0.214355 -0.407269 -0.066750
v -0.204365 -0.401700 -0.061692
v -0.210419 -0.401009 -0.053357
v -0.201595 -0.397729 -0.059307
v -0.189563 0.241926 -0.069879
v -0.195249 0.236713 -0.078021
v -0.193953 0.224916 -0.074424
v -0.194248 0.247009 -0.072879
v -0.198167 0.238985 -0.080649
v -0.205349 0.248361 -0.079395
v -0.193749 0.234817 -0.079284
v -0.193688 0.225019 -0.062350
v -0.191376 0.221246 -0.067618
v -0.188894 0.218685 -0.051222
v -0.201770 0.232199 -0.058353
v -0.192153 0.223138 -0.041118
v 0.053575 -0.057823 -0.053733
v 0.051498 -0.054157 -0.068010
v 0.065276 -0.051933 -0.067400
v 0.045116 -0.055799 -0.052514
v 0.047713 -0.122382 -0.076398
v 0.045144 -0.121834 -0.065230
v 0.052184 -0.126596 -0.069100
v 0.228466 -0.481271 0.073613
v 0.224377 -0.489829 0.073409
v 0.235881 -0.487904 0.074286
v 0.235276 -0.493586 0.072655
v 0.220215 -0.482150 0.076961
v 0.202221 -0.492669 0.072443
v 0.208942 -0.477988 0.074792
v 0.252008 -0.493120 0.063705
v 0.229024 -0.470166 0.070898
v 0.217848 -0.465436 0.072154
v 0.241414 -0.479885 0.068516
v 0.237490 -0.475710 0.065317
v -0.172020 -0.343178 -0.070057
v -0.161238 -0.352287 -0.069947
v -0.175261 -0.355082 -0.078335
v -0.166159 -0.361879 -0.076873
v -0.177002 -0.365387 -0.082186
v -0.173772 -0.367480 -0.080401
v -0.163580 -0.347265 -0.070217
v -0.158508 -0.340003 -0.064435
v -0.172733 -0.338158 -0.068129
v -0.189740 -0.358051 -0.075367
v -0.192581 -0.341797 -0.059543
v -0.198098 -0.353435 -0.067330
v -0.187251 -0.337259 -0.061516
v -0.200286 -0.368000 -0.070471
v 0.032934 0.099602 -0.083408
v 0.017691 0.099318 -0.083444
v 0.048199 0.101774 -0.076289
v 0.020373 0.100326 -0.076778
v 0.043996 0.100453 -0.087920
v -0.199195 -0.438236 -0.060455
v -0.188112 -0.447853 -0.061985
v -0.190714 -0.441008 -0.069606
v -0.202837 -0.425340 -0.066206
v -0.204777 -0.432963 -0.055430
v -0.196153 -0.432493 -0.075608
v -0.203845 -0.420956 -0.075446
v -0.199388 -0.439003 -0.050150
v -0.206677 -0.413613 -0.058633
v -0.206074 -0.410566 -0.066786
v -0.194699 -0.440406 -0.083623
v -0.189895 -0.449459 -0.073075
v -0.200865 -0.429103 -0.081749
v -0.208265 -0.412876 -0.072784
v -0.192572 -0.455944 -0.084164
v -0.192456 -0.478256 -0.083705
v -0.204365 -0.401700 -0.061692
v -0.188521 -0.477538 -0.074097
v -0.187773 -0.487888 -0.079190
v -0.203453 -0.413619 -0.051000
v -0.200087 -0.432693 -0.047230
v -0.226842 -0.482453 0.075068
v -0.230835 -0.488281 0.074341
v -0.227235 -0.489145 0.073175
v -0.233238 -0.493972 0.072040
v -0.206084 -0.483743 0.075763
v -0.203119 -0.491054 0.072838
v -0.215952 -0.474082 0.075788
v -0.236220 -0.483568 0.073586
v -0.234131 -0.488770 0.074402
v -0.232788 -0.490234 0.074707
v -0.234375 -0.491455 0.073730
v -0.241952 -0.494276 0.070175
v -0.205748 -0.469614 0.071362
v -0.215394 -0.465696 0.071266
v -0.121685 -0.102775 -0.052052
v -0.111532 -0.105035 -0.046650
v -0.120859 -0.116803 -0.044152
v -0.131658 -0.112151 -0.042086
v -0.117278 -0.101944 -0.056021
v -0.076752 0.315408 0.046292
v -0.068118 0.315188 0.044336
v -0.070494 0.311842 0.047113
v -0.067625 0.307597 0.047207
v -0.076416 0.308012 0.046997
v -0.081215 0.314770 0.048863
v -0.087028 0.306145 0.048920
v -0.082336 0.303124 0.048949
v -0.066273 0.326170 0.046040
v -0.072617 0.332667 0.052019
v -0.061930 0.322737 0.041109
v -0.066492 0.347586 0.046914
v -0.060181 0.335273 0.037678
v -0.069763 0.339844 0.050537
v -0.071042 -0.054108 -0.061964
v -0.066545 -0.057174 -0.058479
v -0.064381 -0.062504 -0.070176
v -0.067098 -0.072629 -0.059200
v 0.060836 0.027227 0.069523
v 0.060769 0.012636 0.059800
v 0.065123 0.010811 0.069762
v 0.056827 0.030083 0.060133
v 0.063790 0.001750 0.059800
v 0.058870 0.038645 0.069486
v 0.052140 0.043510 0.061043
v 0.053218 0.050291 0.063747
v 0.050846 0.068810 0.064772
v 0.056855 0.061964 0.072943
v 0.060659 0.043673 0.072276
v 0.064002 0.029161 0.071450
v 0.066882 0.000562 0.061474
v 0.069172 -0.004229 0.069199
v 0.072283 -0.010806 0.072208
v 0.073389 -0.019556 0.064549
v 0.071305 -0.011004 0.062406
v 0.070890 -0.021483 0.059844
v 0.077700 -0.034250 0.058128
v 0.068022 0.010934 0.071261
v -0.173983 0.307454 -0.039079
v -0.162649 0.309358 -0.051371
v -0.171368 0.304370 -0.050535
v -0.165606 0.314992 -0.028278
v -0.185258 0.299171 -0.049790
v -0.177807 0.306761 -0.029536
v -0.188893 0.302175 -0.032464
v -0.206630 0.296286 -0.035306
v -0.205079 0.291115 -0.049803
v -0.220937 0.284679 -0.051608
v -0.232529 0.286376 -0.034182
v -0.239876 0.279897 -0.051958
v -0.265253 0.277189 -0.032507
v -0.254984 0.274519 -0.054220
v -0.271437 0.269256 -0.052912
v -0.284802 0.269899 -0.033607
v -0.287454 0.264024 -0.049501
v -0.301526 0.262663 -0.034071
v -0.301785 0.258042 -0.046197
v -0.317783 0.255841 -0.033481
v -0.314155 0.250529 -0.046463
v -0.336699 0.247600 -0.032986
v -0.202627 0.297613 -0.033137
v -0.332200 0.244000 -0.042277
v -0.354657 0.238903 -0.031859
v -0.344452 0.244431 -0.019910
v -0.371771 0.232605 -0.019092
v -0.369188 0.233012 -0.027530
v -0.378624 0.226335 -0.029399
v -0.385589 0.226348 -0.017089
v -0.393936 0.220379 -0.027273
v -0.402536 0.221878 -0.016283
v -0.404127 0.218287 -0.030879
v -0.385380 0.216823 -0.039267
v -0.148338 0.325067 -0.041011
v -0.154793 0.323452 -0.026333
v -0.141013 0.334326 -0.026128
v -0.130691 0.338452 -0.039328
v -0.126620 0.345465 -0.024165
v -0.117111 0.342581 -0.047483
v -0.131903 0.334436 -0.047242
v -0.147682 0.322186 -0.048342
v -0.113331 0.349039 -0.036202
v -0.113957 0.351658 -0.022748
v -0.092237 0.353803 -0.037863
v -0.094247 0.356534 -0.022254
v -0.360708 0.226946 -0.042842
v -0.375823 0.221819 -0.037135
v -0.307163 0.244803 -0.058702
v -0.345075 0.231219 -0.048585
v -0.326645 0.237270 -0.054052
v -0.080824 0.355800 -0.036498
v -0.079371 0.358531 -0.024008
v -0.065622 0.362217 -0.026770
v -0.064807 0.354723 -0.049385
v -0.052530 0.365975 -0.032306
v -0.054874 0.366612 -0.021259
v -0.410254 0.214270 -0.043772
v -0.424291 0.217213 -0.031603
v -0.438183 0.208457 -0.046216
v -0.441057 0.208999 -0.037186
v -0.455448 0.200746 -0.042789
v -0.462986 0.195318 -0.049801
v -0.435427 0.214816 -0.029477
v -0.423914 0.220579 -0.018767
v -0.441046 0.215069 -0.018627
v -0.445735 0.209986 -0.033298
v -0.458772 0.202205 -0.031674
v -0.426760 0.220332 -0.005199
v -0.465664 0.194332 -0.040830
v -0.287492 0.250330 -0.064244
v -0.231184 0.273655 -0.062249
v -0.216745 0.275493 -0.063016
v -0.257779 0.261121 -0.067513
v -0.196481 0.277046 -0.067122
v -0.189427 0.284258 -0.063184
v -0.175799 0.292389 -0.060074
v -0.455191 0.200019 -0.035509
v -0.478045 0.190004 -0.032976
v -0.478319 0.190061 -0.025395
v -0.460243 0.200479 -0.022217
v -0.458216 0.201220 -0.018152
v -0.456445 0.206282 -0.009897
v -0.462229 0.201513 -0.013699
v -0.464405 0.195747 -0.019470
v -0.036185 0.358965 -0.055464
v -0.038797 0.352324 -0.060474
v -0.038495 0.366624 -0.046597
v -0.053879 0.357715 -0.048468
v -0.049715 0.345449 -0.064424
v -0.062498 0.341620 -0.066263
v -0.074274 0.340822 -0.064942
v -0.078682 0.351252 -0.050054
v -0.041337 0.342647 -0.067320
v -0.050594 0.366386 -0.035814
v -0.102819 0.348151 -0.047103
v -0.097785 0.339864 -0.056662
v -0.078851 0.334255 -0.066165
v -0.123184 0.330085 -0.055052
v -0.099563 0.329269 -0.063775
v -0.145389 0.314116 -0.055776
v -0.125825 0.317264 -0.062161
v -0.036682 0.328729 -0.075578
v -0.136524 0.299122 -0.066524
v -0.120369 0.309633 -0.066107
v -0.154125 0.285860 -0.070731
v -0.173416 0.282539 -0.068691
v -0.168288 0.274007 -0.075534
v -0.186514 0.260738 -0.079987
v -0.213487 0.265374 -0.071765
v -0.240772 0.261381 -0.071021
v -0.223189 0.255743 -0.074762
v -0.074875 0.317112 -0.076916
v -0.272096 0.250647 -0.069035
v -0.079581 0.320827 -0.071610
v -0.246934 0.250877 -0.073789
v -0.082015 0.303747 -0.075513
v -0.095754 0.305866 -0.070815
v -0.294092 0.234390 -0.066158
v -0.309737 0.234517 -0.062029
v -0.205349 0.248361 -0.079395
v -0.325391 0.222567 -0.056922
v -0.351144 0.218403 -0.048691
v -0.374846 0.213913 -0.040505
v -0.410403 0.209929 -0.046468
v -0.425433 0.201836 -0.048411
v -0.441101 0.202153 -0.048592
v -0.274223 0.238467 -0.069357
v -0.035413 0.337215 -0.074300
v -0.198167 0.238985 -0.080649
v -0.084137 0.256353 -0.075550
v -0.461366 0.190728 -0.049879
v -0.102513 0.277520 -0.065898
v -0.110008 0.297989 -0.065631
v -0.404389 0.202727 -0.045476
v -0.389400 0.205058 -0.042258
v -0.079152 0.249759 -0.080364
v -0.096649 0.246532 -0.066493
v -0.076346 0.234865 -0.079395
v -0.373845 0.210026 -0.039874
v -0.077745 0.207517 -0.071868
v -0.439114 0.196869 -0.046620
v -0.110277 0.283915 -0.060997
v -0.113865 0.265730 -0.051942
v -0.112584 0.263282 -0.051655
v -0.078503 0.305691 -0.080813
v 0.107552 0.066314 0.043650
v 0.097653 0.052321 0.043697
v 0.105787 0.055741 0.048958
v 0.097313 0.067628 0.039108
v 0.107547 0.076306 0.040509
v 0.098436 0.073725 0.036814
v 0.101628 0.036211 0.045480
v 0.099604 0.034400 0.045299
v 0.107421 0.038880 0.052830
v 0.110184 0.055379 0.047666
v -0.421947 0.192632 0.016347
v -0.422861 0.187987 0.012519
v -0.422430 0.184228 0.025451
v -0.422347 0.197198 0.008641
v -0.427470 0.193741 0.034421
v -0.419575 0.196512 0.004661
v -0.422291 0.198933 0.024909
v -0.411805 0.211044 0.012424
v -0.418247 0.203552 0.031310
v -0.407124 0.213089 0.018706
v -0.416185 0.204219 0.012260
v -0.408455 0.216403 0.010036
v -0.421646 0.195493 0.040538
v 0.010122 0.196921 0.084804
v 0.009904 0.191848 0.079511
v 0.005778 0.179972 0.082247
v 0.010483 0.196417 0.088229
v 0.008647 0.178707 0.089472
v 0.006710 0.188944 0.076241
v 0.011224 0.194598 0.074542
v 0.001977 0.181441 0.076548
v 0.006215 0.177493 0.088178
v 0.020271 0.197824 0.087918
v 0.023342 0.196552 0.094899
v 0.024655 0.198375 0.076632
v -0.455191 0.200019 -0.035509
v -0.449275 0.195320 -0.034155
v -0.478045 0.190004 -0.032976
v -0.464474 0.189491 -0.032245
v -0.443553 0.199482 -0.036369
v -0.477741 0.186618 -0.032624
v -0.441057 0.208999 -0.037186
v 0.051091 0.122779 0.078480
v 0.052467 0.117684 0.064514
v 0.052948 0.111919 0.082005
v 0.049813 0.124711 0.067574
v 0.054893 0.112708 0.091721
v 0.053328 0.122964 0.088529
v 0.050653 0.120572 -0.080107
v 0.051699 0.115419 -0.093471
v 0.052827 0.111577 -0.092018
v 0.052533 0.110054 -0.076406
v 0.050180 0.128068 -0.093639
v 0.047813 0.125536 -0.082667
v 0.009263 0.354776 -0.092441
v 0.020631 0.346494 -0.090494
v 0.012317 0.342532 -0.097243
v 0.021500 0.338034 -0.095719
v 0.017275 0.329139 -0.101282
v 0.020843 0.357492 -0.087181
v 0.009717 0.362530 -0.088245
v 0.018060 0.373167 -0.083254
v 0.021253 0.323009 -0.100164
v 0.022023 0.353019 -0.087245
v 0.067502 0.119796 -0.064373
v 0.064642 0.109048 -0.067642
v 0.079832 0.113006 -0.070645
v 0.081235 0.135551 -0.070679
v 0.073342 0.146359 -0.063530
v 0.080683 0.175010 -0.069867
v 0.075156 0.171542 -0.064390
v 0.076446 0.190887 -0.066493
v 0.079770 0.191555 -0.073898
v 0.075698 0.211204 -0.068270
v 0.074506 0.198387 -0.065712
v 0.078036 0.227338 -0.070855
v 0.079982 0.226759 -0.077412
v 0.079040 0.261174 -0.081506
v 0.061912 0.103856 -0.064736
v 0.083344 0.113831 -0.087641
v 0.080608 0.191212 -0.081653
v 0.082572 0.134438 -0.089734
v 0.081460 0.154183 -0.089707
v 0.081036 0.169190 -0.088552
v 0.079733 0.277698 -0.074194
v 0.064648 0.105157 -0.075682
v 0.064283 0.109348 -0.076155
v 0.079575 0.217658 -0.082020
v 0.077620 0.298438 -0.081268
v 0.079967 0.310348 -0.073549
v 0.077251 0.252167 -0.084786
v 0.074490 0.312673 -0.082088
v 0.073624 0.341048 -0.067720
v 0.069070 0.100894 -0.073147
v 0.063835 0.098978 -0.066205
v 0.068967 0.053577 -0.071428
v 0.070924 0.071400 -0.079195
v 0.072041 0.046217 -0.078788
v 0.071659 0.100312 -0.083860
v 0.072149 0.051658 -0.083510
v 0.065696 0.070478 -0.067099
v 0.066378 0.047782 -0.070332
v 0.108853 0.059960 0.001165
v 0.111466 0.037405 0.014002
v 0.111800 0.040551 -0.000769
v 0.107046 0.058284 0.021627
v 0.105335 0.069715 0.019251
v 0.107691 0.047086 0.031397
v 0.110057 0.027874 0.036051
v 0.113164 0.021357 0.021282
v 0.103756 0.080274 0.010090
v 0.117367 0.018087 -0.000237
v 0.119075 -0.005273 0.017918
v 0.115169 0.006833 0.035333
v 0.121344 -0.014032 -0.001515
v 0.102662 0.077387 0.022727
v 0.094838 0.105727 0.021312
v 0.099175 0.099215 0.005593
v 0.093165 0.101533 0.034515
v 0.124248 -0.025470 -0.002259
v 0.123203 -0.019771 0.033088
v 0.101870 0.084091 -0.007817
v 0.100262 0.076533 0.030407
v 0.094094 0.098235 -0.030940
v 0.115721 0.011349 -0.016184
v 0.110609 0.034073 -0.016746
v 0.117971 -0.013794 -0.018685
v 0.107969 0.043670 -0.014628
v 0.101204 0.073726 -0.018377
v 0.118391 -0.027345 -0.029766
v 0.094912 0.105807 -0.003058
v 0.094739 0.129458 -0.001746
v 0.093919 0.141294 0.020759
v 0.093935 0.162676 0.007886
v 0.091119 0.158893 0.027023
v 0.094883 0.165399 -0.007496
v 0.094815 0.185291 0.015940
v 0.092504 0.141009 -0.020088
v 0.092190 0.153362 -0.031187
v 0.091573 0.177824 0.028404
v 0.089505 0.105525 -0.031411
v 0.089928 0.126008 -0.031758
v 0.095547 0.193110 -0.033201
v 0.097460 0.197531 -0.005322
v 0.094507 0.197950 -0.032041
v 0.097025 0.203556 -0.002518
v 0.097241 0.209746 0.019219
v 0.097180 0.215371 0.015741
v 0.095028 0.212202 0.033904
v 0.096356 0.240736 0.037975
v 0.097616 0.064970 -0.031340
v 0.102081 0.029743 -0.033655
v 0.110437 -0.010775 -0.037113
v 0.117578 -0.040720 -0.041714
v 0.107494 0.021019 -0.030272
v 0.100279 0.212325 -0.015354
v 0.103087 0.220467 -0.029945
v 0.086195 0.193796 -0.052965
v 0.086865 0.197484 -0.049510
v 0.112534 0.057539 0.038820
v 0.086156 0.169792 -0.047935
v 0.082829 0.131745 -0.045870
v 0.106892 -0.022831 -0.051234
v 0.131921 -0.038834 -0.003099
v 0.125505 -0.024951 0.014749
v 0.129837 -0.039651 0.032108
v 0.136987 -0.053264 0.009842
v 0.136766 -0.061243 0.029654
v 0.142908 -0.076704 0.020252
v 0.146973 -0.095076 0.030577
v 0.147310 -0.083106 0.004646
v 0.143525 -0.066537 -0.003881
v 0.154437 -0.108336 0.008863
v 0.150335 -0.085502 -0.020261
v 0.140877 -0.059037 -0.017571
v 0.138925 -0.053094 -0.010035
v 0.143448 -0.077395 -0.032255
v 0.158206 -0.109520 -0.015908
v 0.157778 -0.107327 -0.032510
v 0.164790 -0.126140 -0.034318
v 0.160747 -0.126805 0.004748
v 0.159278 -0.127517 0.029278
v 0.154006 -0.112724 0.029910
v 0.151465 -0.092938 -0.031034
v 0.128212 -0.048839 -0.032472
v 0.102748 -0.007590 -0.049071
v 0.101394 0.014774 -0.040868
v 0.109909 0.075563 0.027481
v 0.110387 0.033956 0.036054
v 0.108080 0.235641 -0.012063
v 0.102833 0.230884 0.009548
v 0.111532 -0.051808 -0.053820
v 0.090216 0.031661 -0.049220
v 0.088991 0.059730 -0.043882
v 0.090937 0.015374 -0.054354
v 0.094606 -0.019028 -0.065193
v 0.130849 -0.074880 -0.044789
v 0.123801 -0.083609 -0.056692
v 0.080320 0.151491 -0.053325
v 0.079038 0.099554 -0.049711
v 0.075235 0.105266 -0.051367
v 0.098708 0.224708 -0.050527
v 0.071873 0.134930 -0.062267
v 0.097206 -0.039002 -0.065558
v 0.080439 0.059040 -0.054004
v 0.139325 -0.096612 -0.047372
v 0.155774 -0.117560 -0.039875
v 0.168320 -0.137137 -0.036303
v 0.166334 -0.127668 -0.012676
v 0.170442 -0.146627 -0.012443
v 0.174640 -0.160055 -0.036625
v 0.175670 -0.172996 -0.005585
v 0.172271 -0.164534 -0.045443
v 0.178190 -0.175763 -0.034583
v 0.177414 -0.179415 -0.046859
v 0.165282 -0.130011 0.007757
v 0.167438 -0.149165 0.026771
v 0.163385 -0.129743 0.027592
v 0.174160 -0.172709 0.008876
v 0.172908 -0.178049 0.027561
v 0.174054 -0.177177 0.004491
v 0.177276 -0.174393 -0.016763
v 0.142368 -0.114900 -0.052931
v 0.136038 -0.130314 -0.067359
v 0.161588 -0.148485 -0.047635
v 0.145527 -0.158077 -0.070721
v 0.160562 -0.173821 -0.061342
v 0.172009 -0.185099 -0.052938
v 0.155835 -0.189217 -0.075101
v 0.168642 -0.194919 -0.060817
v 0.161288 -0.207640 -0.078377
v 0.163967 -0.204492 -0.070574
v 0.111515 0.062095 0.027009
v 0.075709 0.033776 -0.063312
v 0.125976 -0.108720 -0.066591
v 0.109085 0.235534 -0.033864
v 0.115024 0.050612 0.041356
v 0.115454 0.036458 0.042795
v 0.080870 0.003428 -0.067801
v 0.097739 -0.055050 -0.067556
v 0.108888 -0.075138 -0.065997
v 0.109681 0.248106 -0.049863
v 0.079334 -0.023031 -0.078361
v 0.065097 0.025862 -0.073219
v 0.102579 0.253140 0.028813
v 0.110635 0.248308 0.006525
v 0.115091 0.243696 -0.031040
v 0.113071 0.242461 -0.020104
v 0.116682 0.255056 -0.045318
v 0.110981 0.262844 0.020331
v -0.050444 -0.044672 -0.065236
v -0.052273 -0.058197 -0.055686
v -0.057649 -0.041547 -0.058636
v -0.188332 -0.364834 -0.060504
v -0.173348 -0.369393 -0.062489
v -0.185071 -0.376437 -0.058804
v -0.193141 -0.372929 -0.060024
v -0.192081 -0.384832 -0.058896
v -0.184476 -0.384817 -0.056072
v -0.173467 -0.378594 -0.056202
v -0.201595 -0.397729 -0.059307
v -0.195037 -0.398847 -0.056627
v -0.163034 -0.372217 -0.056948
v -0.169806 -0.362763 -0.064544
v -0.180818 -0.364955 -0.064355
v -0.176522 -0.393916 -0.046513
v -0.193311 -0.406527 -0.048859
v -0.183777 -0.411914 -0.045772
v -0.162318 -0.355834 -0.061035
v -0.156377 -0.346039 -0.059502
v -0.162279 -0.375311 -0.050237
v -0.204365 -0.401700 -0.061692
v -0.203453 -0.413619 -0.051000
v -0.200087 -0.432693 -0.047230
v -0.190958 -0.433723 -0.046484
v -0.183115 -0.425804 -0.048182
v -0.177766 -0.435487 -0.046153
v -0.195642 -0.371217 -0.068027
v -0.196145 -0.374415 -0.056811
v -0.200286 -0.368000 -0.070471
v -0.187360 -0.369264 -0.072891
v -0.177002 -0.365387 -0.082186
v -0.173772 -0.367480 -0.080401
v -0.185870 0.233392 -0.070576
v -0.183487 0.227017 -0.058698
v -0.191376 0.221246 -0.067618
v -0.193953 0.224916 -0.074424
v -0.170717 0.248912 -0.073213
v -0.157062 0.245186 -0.053589
v -0.173631 0.228317 -0.047828
v -0.188894 0.218685 -0.051222
v -0.160368 0.235771 -0.039210
v -0.153477 0.254786 -0.065804
v -0.139126 0.251645 -0.048545
v -0.138182 0.243078 -0.032454
v -0.130364 0.259076 -0.054073
v -0.125930 0.246186 -0.030641
v -0.184584 0.243001 -0.077618
v -0.193749 0.234817 -0.079284
v -0.115522 0.255650 -0.043219
v -0.113865 0.265730 -0.051942
v -0.113416 0.245636 -0.031069
v -0.139844 0.275460 -0.064830
v -0.126324 0.271589 -0.057996
v -0.125068 0.284537 -0.062178
v -0.110277 0.283915 -0.060997
v -0.168288 0.274007 -0.075534
v -0.186514 0.260738 -0.079987
v -0.110008 0.297989 -0.065631
v -0.198167 0.238985 -0.080649
v -0.154125 0.285860 -0.070731
v -0.136524 0.299122 -0.066524
v -0.120369 0.309633 -0.066107
v -0.168412 -0.311615 -0.078392
v -0.166019 -0.329325 -0.088346
v -0.174162 -0.327663 -0.087420
v -0.190926 -0.325756 -0.079221
v -0.187643 -0.313059 -0.072200
v -0.185351 -0.299718 -0.065568
v -0.156902 -0.300284 -0.077178
v -0.170219 -0.280755 -0.063500
v -0.181273 -0.275677 -0.057473
v -0.159370 -0.281992 -0.070908
v -0.153632 -0.265396 -0.068671
v -0.168688 -0.253811 -0.056910
v -0.177673 -0.260484 -0.053954
v -0.157089 -0.248151 -0.064356
v -0.171598 -0.244231 -0.046508
v -0.189381 -0.284208 -0.051009
v -0.194006 -0.302829 -0.053489
v -0.194323 -0.314410 -0.060470
v -0.154744 -0.233681 -0.042057
v -0.160587 -0.230376 -0.035004
v -0.196920 -0.328131 -0.067972
v -0.184826 -0.260135 -0.034467
v -0.178605 -0.248092 -0.036642
v -0.172132 -0.237458 -0.029342
v -0.178168 -0.242304 -0.022273
v -0.138164 -0.260266 -0.064454
v -0.137361 -0.278757 -0.068546
v -0.134198 -0.251312 -0.059043
v -0.150689 -0.306669 -0.076930
v -0.134896 -0.238563 -0.046620
v -0.121273 -0.246543 -0.049198
v -0.126148 -0.261289 -0.058970
v 0.131265 -0.194395 0.078073
v 0.118223 -0.165827 0.078128
v 0.126167 -0.195546 0.078015
v 0.122660 -0.192769 0.075015
v 0.008813 0.344762 -0.091957
v 0.012102 0.326727 -0.088014
v 0.010143 0.338572 -0.083620
v 0.006199 0.357170 -0.084719
v 0.007603 0.354289 -0.080669
v 0.010232 0.335543 -0.077978
v 0.012303 0.332411 -0.095451
v 0.016423 0.314746 -0.088150
v 0.015780 0.319003 -0.082321
v 0.009263 0.354776 -0.092441
v 0.013031 0.335712 -0.083645
v 0.017275 0.329139 -0.101282
v 0.012317 0.342532 -0.097243
v 0.009717 0.362530 -0.088245
v 0.005987 0.365504 -0.078416
v 0.021253 0.323009 -0.100164
v -0.003244 0.360838 -0.075917
v 0.021882 0.313952 -0.089533
v -0.076491 0.308132 0.051246
v -0.070494 0.311842 0.047113
v -0.075146 0.312784 0.055606
v -0.070373 0.313706 0.052098
v -0.076416 0.308012 0.046997
v -0.082336 0.303124 0.048949
v -0.068631 0.331713 0.057666
v -0.062307 0.312153 0.050040
v -0.059467 0.333930 0.052223
v -0.077652 0.312958 0.052654
v -0.087028 0.306145 0.048920
v -0.064602 0.347989 0.051851
v -0.067625 0.307597 0.047207
v -0.059326 0.345410 0.047210
v -0.058650 0.357584 0.046063
v -0.063949 0.360243 0.044590
v -0.058251 0.372216 0.038436
v 0.075477 0.245962 0.077404
v 0.068977 0.247220 0.083344
v 0.080020 0.245916 0.086056
v 0.073889 0.246387 0.090430
v 0.054528 0.246054 0.087829
v 0.064946 0.246661 0.097285
v 0.060079 0.246366 0.095495
v 0.088676 0.248415 0.078166
v 0.059088 0.244367 0.077199
v 0.070982 0.240572 0.073136
v 0.076584 0.252978 0.072163
v 0.080274 0.255573 0.068239
v 0.087288 0.252646 0.066676
v 0.095181 0.247078 0.071822
v 0.194121 0.241232 -0.070628
v 0.188935 0.225529 -0.073313
v 0.192790 0.233829 -0.078329
v 0.202547 0.246947 -0.080017
v 0.194865 0.231857 -0.063551
v 0.420288 0.203274 0.026112
v 0.426861 0.196116 0.033027
v 0.424121 0.192201 0.024805
v 0.416723 0.207738 0.016202
v 0.423334 0.197302 0.014139
v 0.425447 0.185691 0.016153
v 0.423694 0.183671 0.026742
v 0.424194 0.189297 0.030066
v 0.427772 0.192937 0.036836
v 0.425922 0.195583 0.009937
v 0.423077 0.195210 0.041330
v 0.414825 0.206656 0.028273
v 0.409099 0.215529 0.013797
v 0.422695 0.193652 0.006276
v -0.002565 0.284770 0.043780
v 0.003493 0.282386 0.043371
v 0.013211 0.282506 0.044701
v -0.008393 0.281394 0.044930
v 0.016665 0.291205 0.042530
v -0.003654 0.277133 0.047624
v 0.007982 0.278450 0.047549
v -0.015446 0.280543 0.048139
v -0.025675 0.299808 0.040398
v -0.012855 0.309801 0.031428
v -0.041473 0.286279 0.052212
v -0.041680 0.272589 0.058060
v -0.043529 0.302056 0.045070
v -0.047931 0.325075 0.035437
v -0.028997 0.321485 0.031130
v -0.003418 0.315018 0.027303
v -0.021441 0.332808 0.024201
v -0.037746 0.336212 0.026225
v -0.030496 0.340610 0.025561
v -0.027607 0.351216 0.022764
v -0.036630 0.362873 0.019743
v 0.047637 0.224977 0.082375
v 0.043883 0.215999 0.076905
v 0.044055 0.211303 0.083758
v 0.044846 0.225428 0.072973
v 0.042352 0.213132 0.079936
v 0.038531 0.211574 0.076481
v 0.033901 0.215286 0.072119
v 0.034511 0.208418 0.076309
v 0.021667 0.202763 0.073308
v 0.028144 0.198834 0.076480
v 0.024655 0.198375 0.076632
v 0.011224 0.194598 0.074542
v 0.009904 0.191848 0.079511
v 0.003187 0.219277 0.071040
v 0.001977 0.181441 0.076548
v 0.053030 0.196555 0.084075
v 0.046959 0.198940 0.084080
v 0.052673 0.216023 0.081690
v 0.053726 0.226657 0.076427
v 0.050607 0.230538 0.071877
v 0.060239 0.230436 0.071564
v 0.059757 0.240962 0.062694
v 0.064157 0.235843 0.066009
v 0.067914 0.247144 0.064015
v 0.066975 0.250285 0.057930
v 0.070418 0.249455 0.060152
v 0.038986 0.197473 0.092707
v 0.048451 0.194674 0.092844
v 0.000136 0.305207 0.032629
v 0.009824 0.315474 0.027461
v 0.021973 0.338623 0.022217
v 0.025470 0.348131 0.021269
v 0.015155 0.345964 0.025889
v 0.020828 0.336914 0.022858
v 0.014794 0.355944 0.029264
v 0.031198 0.373474 0.023216
v 0.001608 0.353391 0.034848
v 0.001191 0.336943 0.028141
v 0.035618 0.359903 0.020442
v 0.037144 0.391741 0.022262
v 0.040979 0.385956 0.020935
v 0.020654 0.330782 0.023656
v 0.042143 0.402437 0.023494
v 0.038064 0.411049 0.027706
v -0.012158 0.339126 0.026317
v -0.029134 0.361108 0.022467
v 0.026815 0.329737 0.026411
v 0.027731 0.307721 0.036231
v 0.039449 0.330317 0.028759
v 0.046509 0.336532 0.029514
v 0.040191 0.285019 0.051123
v 0.029915 0.274503 0.053770
v 0.042851 0.272763 0.056415
v 0.052179 0.248152 0.065720
v 0.028855 0.254487 0.062010
v 0.041354 0.236738 0.067701
v -0.002177 0.263368 0.056067
v 0.003232 0.238962 0.066812
v -0.024879 0.231872 0.068415
v -0.026391 0.210886 0.072974
v -0.023773 0.249569 0.063521
v -0.017051 0.265187 0.056377
v -0.042832 0.218932 0.071758
v -0.040604 0.242721 0.066946
v -0.038028 0.207698 0.075920
v -0.043162 0.248934 0.066602
v -0.014575 0.198906 0.074357
v -0.011840 0.184370 0.077184
v -0.000682 0.167506 0.078549
v -0.455934 0.203257 -0.002616
v -0.469725 0.196344 -0.002740
v -0.450767 0.198296 -0.002242
v -0.447079 0.204698 -0.001161
v -0.440755 0.198676 -0.000700
v -0.442703 0.212519 -0.001007
v -0.469106 0.188717 -0.003974
v -0.477101 0.188406 -0.000136
v -0.073434 0.260989 0.064170
v -0.078652 0.254789 0.065147
v -0.071981 0.252542 0.074341
v -0.079918 0.242040 0.072111
v -0.075349 0.244603 0.078697
v -0.069600 0.265037 0.068986
v -0.068302 0.269774 0.060025
v -0.082092 0.262496 0.059354
v -0.086598 0.271895 0.052546
v -0.067335 0.277820 0.056958
v -0.086157 0.299146 0.044176
v -0.066322 0.288436 0.054164
v -0.067625 0.307597 0.047207
v -0.084957 0.314472 0.038006
v -0.068118 0.315188 0.044336
v -0.053261 0.295359 0.059854
v -0.056938 0.313215 0.052043
v -0.086616 0.245066 0.070584
v -0.062700 0.285225 0.058772
v -0.061233 0.264294 0.061966
v -0.054042 0.288578 0.060319
v -0.047445 0.275063 0.066087
v -0.058178 0.238817 0.067680
v -0.048518 0.242523 0.071055
v -0.060500 0.289654 0.058937
v -0.052176 0.237381 0.072307
v -0.046802 0.226945 0.074129
v -0.095016 0.263063 0.058851
v -0.096249 0.260993 0.063770
v -0.094934 0.245425 0.071904
v -0.048110 0.284856 0.065023
v -0.063342 0.240154 0.069613
v -0.062307 0.312153 0.050040
v -0.059467 0.333930 0.052223
v -0.056977 0.334947 0.053259
v -0.059326 0.345410 0.047210
v -0.043162 0.248934 0.066602
v -0.042832 0.218932 0.071758
v -0.044752 0.209697 0.077166
v -0.040604 0.242721 0.066946
v -0.038028 0.207698 0.075920
v -0.046875 0.190464 0.082581
v -0.105035 -0.113874 -0.053247
v -0.111532 -0.105035 -0.046650
v -0.117278 -0.101944 -0.056021
v -0.052176 0.237381 0.072307
v -0.048993 0.243314 0.082594
v -0.046802 0.226945 0.074129
v -0.046988 0.232902 0.079231
v -0.044752 0.209697 0.077166
v 0.193309 -0.431101 -0.065520
v 0.202907 -0.425991 -0.066720
v 0.197627 -0.438735 -0.072828
v 0.185069 -0.441599 -0.067204
v 0.206209 -0.432476 -0.078409
v 0.209680 -0.436638 -0.081678
v 0.199822 -0.452156 -0.083207
v 0.208841 -0.410923 -0.071492
v 0.188949 -0.460710 -0.072378
v 0.196455 -0.469622 -0.083635
v 0.185796 -0.482751 -0.076480
v 0.190933 -0.491927 -0.082356
v 0.206161 -0.415753 -0.066927
v 0.204165 -0.406623 -0.062237
v 0.206311 -0.423317 -0.057248
v 0.204170 -0.418450 -0.048623
v 0.204461 -0.430055 -0.049148
v 0.204286 -0.434070 -0.055428
v 0.199537 -0.438531 -0.050693
v 0.198285 -0.434062 -0.046735
v 0.200731 -0.433093 -0.061540
v 0.195599 -0.437975 -0.060717
v 0.203867 -0.427223 -0.063269
v 0.180469 -0.447449 -0.063064
v 0.174083 -0.467699 -0.069321
v 0.172305 -0.487430 -0.074009
v 0.182915 -0.445685 -0.068472
v 0.175758 -0.499890 -0.079789
v 0.194995 -0.500102 -0.083156
v 0.196781 -0.490695 -0.082426
v 0.175845 -0.452375 -0.065409
v 0.170629 -0.464958 -0.063704
v 0.059311 0.110641 0.070961
v 0.068600 0.110600 0.076446
v 0.071368 0.112452 0.078253
v 0.070224 0.097778 0.080437
v 0.056855 0.061964 0.072943
v 0.060652 0.060846 0.072864
v 0.056593 0.065154 0.076920
v 0.059095 0.071899 0.075742
v 0.055340 0.082035 0.064328
v 0.058109 0.085354 0.066317
v 0.056908 0.110002 0.066304
v 0.064954 0.073850 0.074972
v 0.050846 0.068810 0.064772
v 0.071675 0.069314 0.080685
v 0.051090 0.103866 0.062922
v 0.052467 0.117684 0.064514
v 0.066650 0.068726 0.069354
v 0.163967 -0.204492 -0.070574
v 0.144338 -0.215803 -0.081569
v 0.161288 -0.207640 -0.078377
v 0.153639 -0.211920 -0.081989
v 0.140002 -0.219034 -0.087441
v 0.133745 -0.218827 -0.084637
v 0.114872 -0.228859 -0.088162
v 0.088791 -0.241315 -0.099855
v 0.104739 -0.234816 -0.096666
v 0.092927 -0.237247 -0.088793
v 0.113815 -0.230895 -0.091113
v 0.082491 -0.241850 -0.087766
v 0.077653 -0.244700 -0.102883
v 0.072746 -0.244302 -0.084273
v 0.124770 -0.226720 -0.092548
v -0.176689 -0.181799 0.016343
v -0.171984 -0.181704 0.016616
v -0.163029 -0.183787 0.030421
v -0.162221 -0.183006 0.025635
v -0.149182 -0.184579 0.040992
v -0.154171 -0.185894 0.041665
v -0.173584 -0.183818 -0.012318
v -0.169071 -0.214268 -0.072550
v -0.163276 -0.213662 -0.069827
v -0.174746 -0.208458 -0.053793
v -0.154264 -0.219259 -0.081357
v -0.145079 -0.220020 -0.080658
v -0.137533 -0.224497 -0.084730
v -0.170043 -0.205962 -0.053018
v -0.176307 -0.201503 -0.043007
v -0.169123 -0.198017 -0.040857
v -0.170090 -0.185310 -0.037759
v -0.164189 -0.176282 -0.037423
v 0.042531 0.244780 0.083771
v 0.043070 0.239085 0.087104
v 0.042352 0.213132 0.079936
v 0.044055 0.211303 0.083758
v 0.044692 0.243525 0.087445
v 0.038207 0.231608 0.078839
v 0.035907 0.244084 0.077037
v 0.038531 0.211574 0.076481
v 0.034511 0.208418 0.076309
v 0.188902 -0.484863 0.042064
v 0.191484 -0.487176 0.060454
v 0.198713 -0.485121 0.068680
v 0.186926 -0.487004 0.041928
v 0.185570 -0.482180 0.000688
v 0.177457 -0.439317 -0.050710
v 0.184009 -0.433999 -0.054069
v 0.180469 -0.447449 -0.063064
v 0.172544 -0.459849 -0.056922
v 0.181394 -0.426839 -0.048606
v 0.184402 -0.419910 -0.048335
v 0.179893 -0.417306 -0.038791
v 0.174851 -0.446017 -0.037817
v 0.173732 -0.465112 -0.040563
v 0.174440 -0.470947 -0.046379
v 0.178189 -0.454722 -0.021259
v 0.170629 -0.464958 -0.063704
v 0.175845 -0.452375 -0.065409
v 0.171533 -0.483843 -0.051882
v 0.169514 -0.499615 -0.068173
v 0.171114 -0.499780 -0.050888
v 0.175028 -0.482301 -0.037631
v 0.179121 -0.480673 -0.024200
v 0.181102 -0.499351 -0.011836
v 0.182827 -0.486530 -0.001818
v 0.182954 -0.498827 0.006248
v 0.175564 -0.499940 -0.036595
v 0.182835 -0.422790 -0.028140
v 0.180102 -0.471206 -0.016230
v 0.182845 -0.467691 0.000552
v 0.183328 -0.490936 0.031385
v 0.185110 -0.499662 0.041680
v 0.187263 -0.493716 0.051391
v 0.185498 -0.457015 -0.001834
v 0.186540 -0.470530 0.020357
v 0.185544 -0.478868 0.021841
v 0.191040 -0.475199 0.043794
v 0.194590 -0.475680 0.055618
v 0.185024 -0.440297 -0.017794
v 0.201799 -0.472205 0.067608
v 0.190370 -0.497951 0.056933
v 0.182579 -0.477986 -0.018625
v 0.172305 -0.487430 -0.074009
v 0.202221 -0.492669 0.072443
v 0.175758 -0.499890 -0.079789
v 0.182915 -0.445685 -0.068472
v 0.185069 -0.441599 -0.067204
v 0.206231 -0.461410 0.032956
v 0.198613 -0.466189 0.034593
v 0.207077 -0.464867 0.044624
v 0.194797 -0.456024 0.011435
v 0.204357 -0.449892 0.010464
v 0.194347 -0.445630 -0.002475
v 0.201076 -0.441323 -0.004431
v 0.192902 -0.437725 -0.012437
v 0.217821 -0.463483 0.045514
v 0.209892 -0.466740 0.069411
v 0.190742 -0.423496 -0.022427
v 0.217848 -0.465436 0.072154
v 0.208942 -0.477988 0.074792
v 0.110387 0.033956 0.036054
v 0.111986 0.034786 0.048544
v 0.101628 0.036211 0.045480
v 0.107421 0.038880 0.052830
v 0.115454 0.036458 0.042795
v -0.101054 -0.070006 0.052320
v -0.106628 -0.069368 0.047348
v -0.108953 -0.086007 0.047363
v -0.099049 -0.090439 0.051362
v -0.092452 -0.075276 0.055632
v -0.113293 -0.095919 0.046899
v -0.001578 -0.024686 0.053530
v -0.024963 -0.017839 0.056465
v -0.046115 -0.033819 0.056632
v -0.061544 -0.020091 0.059321
v -0.073873 -0.030644 0.060475
v -0.069485 -0.015013 0.060981
v -0.059269 0.009205 0.058623
v -0.029342 0.014108 0.058253
v 0.007882 -0.011067 0.056043
v -0.054927 0.022005 0.059102
v 0.024481 0.011734 0.058126
v -0.000476 0.036024 0.060484
v -0.033325 0.041251 0.060238
v 0.032408 -0.021928 0.055800
v 0.040203 0.014446 0.058648
v 0.022368 0.045301 0.060862
v 0.056827 0.030083 0.060133
v 0.052140 0.043510 0.061043
v 0.005066 0.074915 0.065370
v 0.028059 0.078840 0.065381
v -0.042221 0.062876 0.062972
v -0.003776 0.077865 0.065042
v -0.043423 0.080938 0.063764
v -0.055085 0.044208 0.062371
v -0.056954 0.080839 0.064886
v 0.050846 0.068810 0.064772
v 0.060769 0.012636 0.059800
v 0.063790 0.001750 0.059800
v 0.055340 0.082035 0.064328
v 0.070890 -0.021483 0.059844
v 0.047798 -0.031078 0.055968
v 0.072532 -0.044977 0.056737
v 0.077700 -0.034250 0.058128
v 0.081951 -0.041504 0.057669
v 0.086057 -0.049494 0.057942
v 0.088068 -0.061127 0.056349
v 0.086909 -0.080593 0.053582
v -0.057460 0.028422 0.060416
v 0.031133 -0.037035 0.052193
v -0.054909 0.057872 0.065061
v -0.065500 -0.055723 0.054144
v 0.094575 -0.073786 0.056031
v 0.097551 -0.084079 0.053997
v -0.065448 -0.003217 0.060282
v -0.078200 -0.042933 0.059099
v -0.087069 -0.067987 0.056470
v -0.082807 -0.097314 0.050062
v -0.093308 -0.099216 0.051336
v -0.098025 -0.127622 0.045757
v -0.107613 -0.111160 0.048902
v -0.114635 -0.130946 0.046500
v -0.118631 -0.155836 0.044340
v -0.125810 -0.132015 0.045088
v -0.127953 -0.144254 0.044704
v -0.132321 -0.157130 0.044045
v -0.132818 -0.183097 0.042542
v -0.121227 -0.122237 0.045735
v -0.118478 -0.108019 0.047154
v -0.113382 -0.175061 0.040398
v -0.096868 -0.147878 0.041366
v 0.102787 -0.095848 0.051446
v 0.095107 -0.110032 0.048347
v 0.109260 -0.111118 0.048933
v 0.105669 -0.131160 0.046430
v 0.116554 -0.126646 0.047867
v 0.119873 -0.148484 0.044302
v 0.116950 -0.188037 0.037925
v 0.086178 -0.120711 0.044949
v 0.124415 -0.182031 0.040177
v 0.129686 -0.166724 0.041140
v 0.048984 -0.051609 0.050340
v 0.074641 -0.098491 0.047345
v 0.061174 -0.078081 0.048131
v -0.121789 -0.196278 0.037525
v -0.079793 -0.113254 0.044733
v 0.091780 -0.151827 0.038528
v 0.135184 -0.171484 0.038963
v 0.006066 0.080495 0.064126
v -0.063070 -0.082097 0.047595
v -0.048773 -0.054185 0.050172
v -0.022478 -0.041097 0.049954
v -0.061226 0.015897 0.060693
v -0.110145 -0.190495 0.035378
v 0.106327 -0.191733 0.033273
v -0.091000 -0.168842 0.033611
v -0.051075 0.089779 0.061868
v -0.000630 -0.037162 0.047417
v 0.024223 -0.044421 0.046363
v 0.034660 -0.065424 0.040867
v -0.077605 -0.141869 0.034999
v 0.077246 -0.138705 0.035941
v 0.058726 -0.098920 0.040865
v 0.136686 -0.181095 0.035539
v 0.142974 -0.180723 0.034084
v 0.123941 -0.194253 0.033483
v -0.054122 -0.106815 0.035468
v -0.036386 -0.077862 0.036976
v -0.028660 -0.050450 0.044249
v -0.129512 -0.195277 0.041076
v -0.140058 -0.191429 0.043425
v -0.141350 -0.178165 0.041000
v -0.141406 -0.167313 0.038987
v -0.137743 -0.158940 0.040866
v -0.118732 -0.212681 0.037840
v 0.113173 -0.199149 0.029606
v 0.128104 -0.223225 0.039702
v 0.139155 -0.200732 0.031222
v 0.150905 -0.187919 0.026003
v 0.140917 -0.185706 0.029907
v 0.157241 -0.210068 0.031327
v 0.145040 -0.222894 0.037862
v 0.141910 -0.237989 0.034314
v 0.127720 -0.235910 0.035843
v 0.158334 -0.220833 0.034376
v 0.125901 -0.244593 0.030282
v 0.117371 -0.222829 0.034478
v 0.143456 -0.257319 0.020952
v 0.157098 -0.249022 0.021806
v 0.059290 -0.119143 0.033595
v 0.079414 -0.156438 0.030311
v 0.090614 -0.178257 0.029648
v 0.042081 -0.093391 0.033476
v -0.090941 -0.185664 0.026319
v -0.141545 -0.206571 0.049856
v -0.127267 -0.208611 0.044018
v -0.138410 -0.224475 0.044113
v -0.123110 -0.236592 0.035766
v -0.140290 -0.244249 0.034658
v -0.148140 -0.230070 0.037021
v -0.143972 -0.206790 0.047525
v 0.159448 -0.238232 0.025476
v -0.061013 -0.133195 0.028064
v -0.021203 -0.059457 0.035302
v -0.010292 -0.047692 0.035380
v -0.122051 -0.251969 0.022851
v -0.066528 -0.153818 0.021862
v -0.153578 -0.252551 0.022169
v 0.149964 -0.183401 0.030694
v -0.093185 -0.195426 0.021709
v -0.142244 -0.261205 0.019817
v -0.105076 -0.202920 0.023407
v -0.072765 -0.168307 0.019879
v 0.125193 -0.252944 0.022105
v -0.152398 -0.271302 0.006708
v 0.090279 -0.061325 0.058101
v -0.042181 0.082773 0.062223
v -0.001492 0.095369 0.068829
v -0.046356 0.109778 0.065349
v -0.003311 0.117787 0.070778
v 0.019017 0.097962 0.067329
v 0.016736 0.121401 0.069635
v 0.034278 0.124109 0.067971
v 0.042663 0.090897 0.063300
v 0.034316 0.081788 0.062563
v -0.025244 0.120432 0.069565
v -0.046087 0.120088 0.068052
v -0.001122 0.084910 0.066224
v 0.051090 0.103866 0.062922
v 0.052467 0.117684 0.064514
v -0.052555 0.105411 0.063721
v 0.004791 0.125924 0.072814
v -0.019814 0.124771 0.071772
v 0.049813 0.124711 0.067574
v -0.052091 0.111087 0.067908
v 0.022564 0.124478 0.071680
v 0.125121 -0.157075 0.042342
v 0.156166 -0.266362 0.006758
v 0.042231 0.126372 0.069910
v -0.147433 -0.277395 0.001716
v -0.153890 -0.279055 0.003156
v -0.147275 -0.294722 -0.001723
v -0.159365 -0.295272 0.002508
v -0.135753 -0.272878 -0.002771
v -0.168412 -0.273506 -0.000751
v -0.160773 -0.267469 0.004734
v -0.167670 -0.294118 -0.001078
v -0.161708 -0.305394 -0.002138
v -0.180832 -0.317405 -0.013943
v -0.167084 -0.318389 -0.008470
v -0.169602 -0.332522 -0.011616
v -0.172897 -0.348339 -0.011679
v -0.159013 -0.327355 -0.013262
v -0.157676 -0.338701 -0.016833
v -0.144745 -0.308331 -0.010247
v -0.185713 -0.345150 -0.016178
v -0.163969 -0.348784 -0.013719
v -0.134743 -0.303204 -0.011587
v -0.125812 -0.277205 -0.014743
v -0.144086 -0.329255 -0.023904
v -0.151572 -0.344465 -0.023291
v -0.012285 0.126898 0.074071
v -0.000348 0.128041 0.075200
v -0.008971 0.146850 0.077343
v -0.001836 0.147923 0.077537
v -0.000682 0.167506 0.078549
v -0.010447 0.161231 0.078968
v -0.011840 0.184370 0.077184
v -0.136774 -0.319731 -0.024434
v 0.133732 -0.265923 0.008942
v 0.146902 -0.270945 0.004271
v 0.156755 -0.275715 0.005076
v 0.169981 -0.264593 -0.002066
v 0.160423 -0.289432 0.004475
v -0.033027 -0.095480 0.023784
v -0.046001 -0.120844 0.021309
v -0.046292 0.124492 0.073553
v -0.183661 -0.348011 -0.013500
v -0.185755 -0.359574 -0.019466
v -0.173739 -0.367019 -0.018893
v -0.184184 -0.372367 -0.017054
v -0.173350 -0.374205 -0.018315
v -0.186650 -0.382788 -0.021924
v -0.175027 -0.388279 -0.025219
v -0.182612 -0.405028 -0.026361
v -0.191915 -0.406075 -0.023214
v -0.161725 -0.358651 -0.020491
v -0.163897 -0.370037 -0.024960
v -0.159441 -0.353262 -0.022549
v 0.109909 0.075563 0.027481
v 0.100262 0.076533 0.030407
v 0.107547 0.076306 0.040509
v 0.102662 0.077387 0.022727
v 0.098436 0.073725 0.036814
v -0.089523 0.090973 0.052731
v -0.095395 0.087636 0.057142
v -0.085001 0.087761 0.067399
v -0.083373 0.089478 0.063305
v -0.104285 0.087346 0.047485
v -0.095267 0.089260 0.041425
v -0.080530 0.082139 0.067775
v -0.088763 0.074509 0.068965
v -0.067165 0.086631 0.080670
v -0.076563 0.060045 0.075233
v -0.072990 0.059744 0.079733
v -0.068398 0.062764 0.082240
v -0.076248 0.074236 0.075530
v -0.080903 0.100960 0.060760
v -0.062090 0.105510 0.077827
v -0.074564 0.106640 0.063513
v -0.079575 0.106172 0.056569
v -0.077454 0.068542 0.072083
v -0.081107 0.072584 0.070050
v -0.081581 0.069544 0.067856
v -0.062915 0.110246 0.079747
v -0.067363 0.057594 0.079909
v -0.187360 -0.369264 -0.072891
v -0.188332 -0.364834 -0.060504
v -0.195642 -0.371217 -0.068027
v -0.180818 -0.364955 -0.064355
v -0.169806 -0.362763 -0.064544
v -0.165561 -0.362902 -0.071378
v -0.173772 -0.367480 -0.080401
v -0.162318 -0.355834 -0.061035
v -0.166159 -0.361879 -0.076873
v -0.161238 -0.352287 -0.069947
v -0.156377 -0.346039 -0.059502
v -0.013072 0.197041 0.087037
v -0.019717 0.198308 0.084219
v -0.016051 0.196954 0.091491
v -0.022011 0.199273 0.078399
v -0.019716 0.197966 0.091069
v -0.033333 0.197900 0.097577
v -0.014264 0.192438 0.076303
v 0.075477 0.245962 0.077404
v 0.067914 0.247144 0.064015
v 0.070982 0.240572 0.073136
v 0.064157 0.235843 0.066009
v 0.076584 0.252978 0.072163
v 0.063885 0.233528 0.071563
v 0.060239 0.230436 0.071564
v 0.070418 0.249455 0.060152
v 0.080274 0.255573 0.068239
v 0.054200 0.228345 0.082159
v 0.053726 0.226657 0.076427
v 0.052673 0.216023 0.081690
v 0.055214 0.223901 0.089702
v 0.054528 0.246054 0.087829
v 0.057637 0.194094 0.091325
v 0.053030 0.196555 0.084075
v 0.053076 0.188134 0.087668
v 0.059088 0.244367 0.077199
v 0.066650 0.068726 0.069354
v 0.078390 0.073948 0.068190
v 0.076676 0.069444 0.076760
v 0.071675 0.069314 0.080685
v 0.076902 0.070971 0.064680
v 0.080442 0.078530 0.068880
v 0.456825 0.196583 -0.038827
v 0.444181 0.198108 -0.036776
v 0.460737 0.190117 -0.042846
v 0.467955 0.193921 -0.043004
v 0.445267 0.206788 -0.037000
v -0.024596 -0.117418 -0.057842
v -0.030666 -0.126753 -0.063538
v -0.027529 -0.133626 -0.065259
v -0.027121 -0.105941 -0.056860
v -0.036990 -0.094873 -0.064588
v -0.029749 -0.061463 -0.060352
v -0.038162 -0.059736 -0.065492
v -0.034289 -0.033983 -0.060454
v -0.048678 -0.073341 -0.073232
v -0.041977 -0.080528 -0.070961
v -0.049237 -0.097890 -0.079653
v -0.045482 -0.115661 -0.077708
v -0.051133 -0.118552 -0.081064
v -0.039709 -0.126213 -0.066676
v -0.038099 -0.152444 -0.063454
v -0.052903 -0.160479 -0.069489
v -0.053925 -0.131511 -0.074653
v -0.060819 -0.154992 -0.079844
v -0.057225 -0.178218 -0.072009
v -0.061216 -0.125879 -0.079930
v -0.067230 -0.153337 -0.082591
v -0.071167 -0.185575 -0.082652
v -0.068310 -0.203332 -0.079415
v -0.080779 -0.222726 -0.086336
v -0.071514 -0.235180 -0.083293
v -0.074030 -0.244220 -0.086746
v -0.094328 -0.238092 -0.091390
v -0.049115 -0.171080 -0.068945
v -0.090753 -0.205945 -0.087372
v -0.057337 -0.189729 -0.074398
v -0.066614 -0.216915 -0.080815
v -0.100633 -0.234402 -0.089822
v -0.086599 -0.169010 -0.083896
v -0.070770 -0.141650 -0.082401
v -0.069146 -0.116926 -0.079507
v -0.050444 -0.044672 -0.065236
v -0.040409 -0.025750 -0.059672
v -0.030337 -0.027960 -0.056795
v -0.057720 -0.099006 -0.079749
v -0.096807 -0.198550 -0.086658
v -0.064381 -0.062504 -0.070176
v -0.113802 -0.210556 -0.085769
v -0.104229 -0.192118 -0.084546
v -0.062705 -0.085069 -0.074976
v -0.120322 -0.229810 -0.087672
v -0.092020 -0.143835 -0.080171
v -0.137533 -0.224497 -0.084730
v -0.096124 -0.162933 -0.081302
v -0.082382 -0.080161 -0.069967
v -0.093486 -0.127426 -0.076622
v -0.088376 -0.100656 -0.072029
v -0.136628 -0.203754 -0.079088
v -0.114269 -0.184536 -0.079635
v -0.128454 -0.180034 -0.074034
v -0.119205 -0.157083 -0.070706
v -0.145079 -0.220020 -0.080658
v -0.080135 -0.065991 -0.065693
v -0.114483 -0.132257 -0.067180
v -0.140260 -0.153949 -0.060638
v -0.147592 -0.169279 -0.061162
v -0.125586 -0.126196 -0.060636
v -0.117278 -0.101944 -0.056021
v -0.152600 -0.187525 -0.065418
v -0.160401 -0.204674 -0.066742
v -0.163276 -0.213662 -0.069827
v -0.107052 -0.084217 -0.056800
v -0.092580 -0.070585 -0.060528
v -0.071042 -0.054108 -0.061964
v -0.139299 -0.139487 -0.056320
v -0.020416 -0.022857 -0.055847
v -0.057649 -0.041547 -0.058636
v -0.148400 -0.160385 -0.054732
v -0.135649 -0.124966 -0.050771
v -0.121685 -0.102775 -0.052052
v -0.156408 -0.181519 -0.057440
v -0.232903 -0.474960 0.067121
v -0.236220 -0.483568 0.073586
v -0.226842 -0.482453 0.075068
v -0.242647 -0.481126 0.067568
v -0.225751 -0.469211 0.070650
v -0.215952 -0.474082 0.075788
v -0.215394 -0.465696 0.071266
v -0.255905 -0.495193 0.060329
v -0.241952 -0.494276 0.070175
v -0.255522 -0.487197 0.053796
v -0.230656 -0.470012 0.060271
v -0.243146 -0.476195 0.053658
v -0.238169 -0.473264 0.046963
v -0.255427 -0.482334 0.037045
v -0.259672 -0.489299 0.041415
v -0.244908 -0.473518 0.029628
v -0.225049 -0.463613 0.031767
v -0.238405 -0.471247 0.026978
v -0.240809 -0.470336 0.011709
v -0.231142 -0.463505 0.018656
v -0.215840 -0.454946 0.017221
v -0.226109 -0.456627 0.005037
v -0.214613 -0.448277 0.001921
v -0.224477 -0.453183 -0.008330
v -0.225901 -0.466511 0.047392
v -0.215942 -0.464665 0.061350
v -0.215075 -0.443585 -0.010844
v -0.201119 -0.440870 -0.005255
v -0.209828 -0.439056 -0.017748
v -0.215597 -0.461052 0.033560
v -0.215095 -0.463493 0.045057
v -0.233192 -0.463369 -0.005990
v -0.252571 -0.482211 0.015705
v -0.222643 -0.451052 -0.029245
v -0.237596 -0.466758 0.020795
v -0.193662 -0.437670 -0.011412
v -0.203816 -0.448086 0.006637
v -0.206510 -0.456169 0.022407
v -0.243248 -0.476234 0.002037
v -0.261041 -0.498080 0.047840
v -0.204477 -0.424961 -0.022036
v -0.190614 -0.422645 -0.021266
v -0.256762 -0.499105 0.057842
v 0.461760 0.195680 -0.034486
v 0.479097 0.189934 -0.032042
v 0.474562 0.185661 -0.032371
v 0.464806 0.189110 -0.031872
v 0.451990 0.194874 -0.033676
v 0.444181 0.198108 -0.036776
v 0.445267 0.206788 -0.037000
v 0.463118 0.199553 -0.032884
v -0.201770 0.232199 -0.058353
v -0.193666 0.236134 -0.062285
v -0.193688 0.225019 -0.062350
v -0.205185 0.241061 -0.061838
v -0.189563 0.241926 -0.069879
v -0.194248 0.247009 -0.072879
v -0.207081 0.247508 -0.068855
v -0.208096 0.235368 -0.046476
v -0.223846 0.246344 -0.056534
v -0.219309 0.228511 -0.033618
v -0.222358 0.253410 -0.074011
v -0.237323 0.240707 -0.049343
v -0.237441 0.226228 -0.031880
v -0.205349 0.248361 -0.079395
v -0.223189 0.255743 -0.074762
v -0.246064 0.245175 -0.060469
v -0.259680 0.241968 -0.058352
v -0.248547 0.232322 -0.042961
v -0.199513 0.228602 -0.036396
v -0.265373 0.225684 -0.046226
v -0.237414 0.246858 -0.067936
v -0.248080 0.246403 -0.071882
v -0.249567 0.243757 -0.067378
v -0.260873 0.239672 -0.067631
v -0.274223 0.238467 -0.069357
v -0.270216 0.233872 -0.062167
v -0.291479 0.225844 -0.061148
v -0.275033 0.221593 -0.052492
v -0.294092 0.234390 -0.066158
v -0.313287 0.220580 -0.057301
v -0.325391 0.222567 -0.056922
v -0.341235 0.214607 -0.047038
v -0.351144 0.218403 -0.048691
v -0.373845 0.210026 -0.039874
v -0.246934 0.250877 -0.073789
v -0.192153 0.223138 -0.041118
v -0.066365 0.296993 0.061161
v -0.065462 0.287826 0.058417
v -0.068468 0.282309 0.066992
v -0.065032 0.296532 0.065282
v -0.062700 0.285225 0.058772
v -0.066322 0.288436 0.054164
v 0.446533 0.200195 -0.048828
v 0.447021 0.200195 -0.048828
v 0.452033 0.193732 -0.047752
v 0.454269 0.201345 -0.047416
v 0.463300 0.191479 -0.050048
v 0.444824 0.201538 -0.048645
v 0.447266 0.200195 -0.048828
v 0.430093 0.204097 -0.048696
v 0.432431 0.211102 -0.045328
v 0.420310 0.212118 -0.045455
v 0.398321 0.207730 -0.043336
v 0.416294 0.202056 -0.047028
v 0.405214 0.215162 -0.040709
v 0.378420 0.215464 -0.038163
v 0.393388 0.205025 -0.041735
v 0.374988 0.210246 -0.038956
v 0.355357 0.215678 -0.046687
v 0.370353 0.223961 -0.037882
v 0.354692 0.225126 -0.045703
v 0.323322 0.222237 -0.057401
v 0.385555 0.219925 -0.032878
v 0.378082 0.225662 -0.028229
v -0.457837 0.199722 0.002422
v -0.449928 0.197924 0.001824
v -0.458740 0.191683 0.006084
v -0.447079 0.204698 -0.001161
v -0.440755 0.198676 -0.000700
v -0.469502 0.192550 0.005668
v -0.199324 -0.448286 -0.086486
v -0.192456 -0.478256 -0.083705
v -0.198369 -0.465671 -0.084211
v -0.194340 -0.487840 -0.084071
v -0.192572 -0.455944 -0.084164
v -0.194699 -0.440406 -0.083623
v -0.200865 -0.429103 -0.081749
v -0.187773 -0.487888 -0.079190
v 0.094556 0.076763 0.058654
v 0.081245 0.080396 0.063296
v 0.090447 0.078021 0.066781
v 0.080442 0.078530 0.068880
v 0.086793 0.072470 0.053314
v 0.041955 0.129494 -0.090511
v 0.050180 0.128068 -0.093639
v 0.047813 0.125536 -0.082667
v 0.029219 0.122373 -0.082154
v 0.017776 0.129930 -0.088640
v 0.000411 0.123258 -0.080964
v -0.011468 0.129358 -0.089085
v -0.041850 0.124259 -0.080657
v -0.037392 0.128157 -0.088247
v -0.040951 0.126450 -0.089320
v -0.047819 0.125203 -0.095017
v -0.054207 0.124864 -0.080885
v -0.056158 0.125290 -0.091915
v -0.042388 0.126002 -0.095923
v -0.056343 0.112745 -0.074109
v 0.006576 -0.020119 -0.052949
v 0.014379 -0.017966 -0.054953
v 0.005189 -0.019961 -0.048850
v -0.014896 -0.022752 -0.052927
v -0.008054 -0.030848 -0.035030
v 0.002173 -0.028052 -0.033695
v -0.001177 -0.036001 -0.018002
v 0.009921 -0.016618 -0.056691
v 0.023559 -0.017858 -0.058472
v -0.010953 -0.042808 -0.019173
v -0.002523 -0.041067 -0.004255
v 0.002291 -0.044029 0.005267
v -0.019350 -0.039401 -0.037377
v -0.029171 -0.037769 -0.048660
v -0.020416 -0.022857 -0.055847
v -0.030337 -0.027960 -0.056795
v -0.039956 -0.028307 -0.055709
v -0.040409 -0.025750 -0.059672
v -0.002523 -0.041067 -0.004255
v 0.002291 -0.044029 0.005267
v -0.001554 -0.043534 0.010474
v -0.000181 -0.044277 0.031227
v 0.005428 -0.048112 0.019415
v 0.008260 -0.048653 -0.003096
v 0.010454 -0.047098 0.037494
v -0.000630 -0.037162 0.047417
v 0.012496 -0.059658 0.021960
v 0.018478 -0.057144 0.035010
v 0.031607 -0.093917 0.022042
v 0.023432 -0.085536 0.010020
v 0.040258 -0.119210 0.005216
v 0.054870 -0.132485 0.021662
v 0.062166 -0.160063 0.004314
v 0.071298 -0.157694 0.022563
v 0.074828 -0.179594 0.006651
v 0.087496 -0.186299 0.021749
v 0.088651 -0.201726 0.006432
v 0.095963 -0.197567 0.023918
v 0.097599 -0.210018 0.004699
v 0.102406 -0.204960 0.019558
v 0.105438 -0.219423 0.021420
v 0.103927 -0.231367 0.013294
v 0.116695 -0.242750 0.026056
v 0.110606 -0.247306 0.010226
v 0.107960 -0.244233 0.000078
v 0.120012 -0.258892 0.009691
v 0.120613 -0.264365 -0.011890
v 0.042081 -0.093391 0.033476
v 0.117371 -0.222829 0.034478
v 0.090614 -0.178257 0.029648
v 0.125193 -0.252944 0.022105
v 0.059290 -0.119143 0.033595
v 0.133056 -0.270568 -0.003858
v 0.118292 -0.274130 -0.020799
v 0.114906 -0.255688 -0.019041
v 0.136845 -0.279030 -0.005559
v 0.079414 -0.156438 0.030311
v 0.106327 -0.191733 0.033273
v 0.121560 -0.292482 -0.022842
v 0.119153 -0.294364 -0.027893
v 0.133987 -0.315642 -0.024466
v 0.134494 -0.295190 -0.011114
v 0.145804 -0.306110 -0.009480
v 0.144622 -0.330460 -0.023343
v 0.125901 -0.244593 0.030282
v 0.146986 -0.291087 -0.000973
v 0.146902 -0.270945 0.004271
v 0.127720 -0.235910 0.035843
v 0.133732 -0.265923 0.008942
v 0.163193 -0.327109 -0.011113
v 0.024223 -0.044421 0.046363
v 0.034660 -0.065424 0.040867
v 0.058726 -0.098920 0.040865
v 0.151842 -0.346725 -0.024257
v 0.163447 -0.353515 -0.017619
v 0.157371 -0.356491 -0.024736
v 0.153096 -0.358129 -0.037129
v 0.164270 -0.365033 -0.020163
v 0.155514 -0.362602 -0.027337
v 0.165687 -0.375569 -0.026628
v 0.152112 -0.363022 -0.037899
v 0.162364 -0.378693 -0.036389
v 0.169171 -0.381903 -0.024624
v 0.172018 -0.386999 -0.029005
v 0.175312 -0.399728 -0.037875
v 0.179966 -0.402525 -0.028398
v 0.175440 -0.382247 -0.022065
v 0.182835 -0.422790 -0.028140
v 0.175570 -0.370933 -0.017639
v 0.113173 -0.199149 0.029606
v 0.166121 -0.309574 -0.002873
v 0.160423 -0.289432 0.004475
v 0.189714 -0.394664 -0.022979
v 0.190742 -0.423496 -0.022427
v 0.186249 -0.384486 -0.021622
v 0.169440 -0.322011 -0.007238
v 0.175727 -0.347083 -0.012677
v 0.156755 -0.275715 0.005076
v 0.178414 -0.351356 -0.011713
v 0.175459 -0.361597 -0.016767
v 0.186037 -0.372325 -0.017643
v 0.193525 -0.406511 -0.023135
v 0.199648 -0.424667 -0.021794
v 0.188146 -0.351475 -0.016087
v 0.189643 -0.359119 -0.020851
v -0.455448 0.200746 -0.042789
v -0.465664 0.194332 -0.040830
v -0.454696 0.192813 -0.041622
v -0.465350 0.189212 -0.042902
v -0.441057 0.208999 -0.037186
v -0.450573 0.199255 -0.038377
v -0.443553 0.199482 -0.036369
v -0.005966 0.495508 0.047180
v -0.003231 0.494477 0.037167
v -0.005375 0.487420 0.041355
v 0.000080 0.500243 0.035180
v -0.000021 0.499438 0.024981
v -0.012816 0.484483 0.044409
v -0.135929 -0.116016 -0.035599
v -0.135812 -0.129680 -0.035302
v -0.141678 -0.124706 -0.034611
v -0.130194 -0.111625 -0.037908
v -0.120859 -0.116803 -0.044152
v -0.125847 -0.144999 -0.044787
v -0.138239 -0.152085 -0.037871
v -0.133764 -0.171646 -0.043696
v -0.145133 -0.174854 -0.035677
v -0.135000 -0.194912 -0.044956
v -0.151519 -0.209383 -0.034599
v -0.118004 -0.129947 -0.049586
v -0.114120 -0.117649 -0.048143
v -0.111532 -0.105035 -0.046650
v -0.106174 -0.107043 -0.050062
v -0.105035 -0.113874 -0.053247
v -0.146441 -0.158713 -0.030037
v -0.152315 -0.187857 -0.028700
v -0.159528 -0.220218 -0.027079
v -0.149662 -0.223702 -0.037056
v -0.142436 -0.138259 -0.029070
v -0.145006 -0.132137 -0.029032
v -0.164657 -0.206858 -0.014527
v -0.169998 -0.224745 -0.015955
v -0.155708 -0.178470 -0.016735
v -0.146193 -0.141439 -0.022070
v -0.148143 -0.136036 -0.021047
v -0.160587 -0.230376 -0.035004
v -0.154744 -0.233681 -0.042057
v -0.172132 -0.237458 -0.029342
v -0.178168 -0.242304 -0.022273
v 0.005348 0.304412 -0.091545
v 0.001366 0.313136 -0.084326
v 0.000980 0.305876 -0.086091
v 0.003829 0.321912 -0.083621
v 0.001053 0.299920 -0.094834
v 0.006083 0.304273 -0.095896
v 0.002236 0.328418 -0.093440
v 0.001522 0.318898 -0.099852
v 0.002377 0.337897 -0.086235
v 0.005059 0.336201 -0.078668
v 0.001240 0.303117 -0.100821
v 0.025651 0.058629 -0.080261
v 0.034477 0.053624 -0.076122
v 0.020368 0.056857 -0.075249
v 0.033304 0.058421 -0.082973
v 0.020738 0.061284 -0.083607
v 0.041849 0.047971 -0.078145
v 0.042697 0.053812 -0.087067
v 0.043677 0.068944 -0.087619
v 0.032934 0.099602 -0.083408
v 0.043996 0.100453 -0.087920
v 0.032142 0.084739 -0.081323
v 0.023171 0.066902 -0.083764
v 0.031363 0.071190 -0.080990
v 0.017691 0.099318 -0.083444
v 0.018128 0.080353 -0.083934
v 0.023533 0.055926 -0.083411
v -0.060500 0.289654 0.058937
v -0.062040 0.286502 0.065603
v -0.062700 0.285225 0.058772
v -0.068468 0.282309 0.066992
v 0.091451 0.195629 0.076554
v 0.088643 0.186674 0.079911
v 0.091184 0.186979 0.071597
v 0.091459 0.226227 0.076423
v 0.087479 0.246242 0.081618
v 0.095181 0.247078 0.071822
v 0.084041 0.221427 0.083266
v 0.081912 0.198391 0.085552
v 0.074719 0.186011 0.090856
v 0.075296 0.231559 0.087983
v 0.080020 0.245916 0.086056
v 0.073889 0.246387 0.090430
v 0.064845 0.215231 0.098006
v 0.074713 0.207889 0.087159
v 0.064946 0.246661 0.097285
v 0.067209 0.187297 0.096301
v 0.088676 0.248415 0.078166
v 0.469033 0.195720 0.000800
v 0.469457 0.190405 0.000271
v 0.481672 0.188635 -0.000377
v 0.455870 0.194105 -0.002956
v 0.452400 0.199701 0.000694
v 0.446117 0.197193 -0.001585
v 0.477615 0.186403 -0.003955
v 0.468166 0.189030 -0.008212
v 0.457963 0.192568 -0.008151
v 0.424194 0.189297 0.030066
v 0.427772 0.192937 0.036836
v 0.422580 0.188733 0.035388
v 0.411744 0.189052 0.027276
v 0.419268 0.192088 0.039726
v 0.423077 0.195210 0.041330
v 0.416202 0.184099 0.026498
v 0.423694 0.183671 0.026742
v 0.406549 0.201828 0.027251
v 0.400877 0.196544 0.018339
v 0.409712 0.196767 0.030564
v 0.396063 0.210022 0.013865
v 0.394162 0.197887 0.005160
v 0.383111 0.214796 0.000987
v 0.389011 0.200671 -0.004069
v 0.402820 0.192595 0.011080
v 0.378851 0.212193 -0.001249
v 0.378594 0.206181 -0.006329
v 0.368426 0.220384 -0.002631
v 0.365273 0.206601 -0.006511
v 0.362566 0.209916 -0.004847
v 0.340129 0.211676 -0.009502
v 0.340883 0.218993 -0.006650
v 0.315067 0.226142 -0.009623
v -0.028699 0.363699 -0.085915
v -0.030063 0.375521 -0.076597
v -0.025997 0.373441 -0.077085
v -0.027122 0.389982 -0.070212
v -0.032277 0.363425 -0.084201
v -0.032988 0.349562 -0.096923
v -0.098710 0.014127 0.054950
v -0.090061 0.013576 0.060194
v -0.096383 0.018031 0.062840
v -0.091558 0.018612 0.069780
v -0.085752 0.015487 0.062126
v -0.102478 0.014450 0.050395
v -0.102884 0.022927 0.055183
v 0.000532 0.447064 0.100217
v -0.016275 0.445075 0.100391
v 0.018404 0.445139 0.099804
v 0.042739 0.433582 0.045472
v 0.036303 0.439370 0.044561
v 0.036525 0.429391 0.042434
v 0.155233 -0.139003 -0.027370
v 0.156270 -0.163602 -0.016149
v 0.153349 -0.152476 -0.021169
v 0.155451 -0.173166 -0.013516
v 0.153284 -0.142286 -0.023938
v 0.149594 -0.132236 -0.027900
v 0.162186 -0.165702 -0.026901
v 0.166125 -0.171747 -0.026536
v 0.161395 -0.161431 -0.037238
v 0.168730 -0.173860 -0.036995
v 0.208841 -0.410923 -0.071492
v 0.204165 -0.406623 -0.062237
v 0.212874 -0.408341 -0.067356
v 0.215305 -0.420830 -0.075342
v 0.209680 -0.436638 -0.081678
v -0.068398 0.062764 0.082240
v -0.067363 0.057594 0.079909
v -0.061303 0.058492 0.069638
v -0.062644 0.071652 0.075724
v -0.067165 0.086631 0.080670
v -0.063630 0.090987 0.077530
v -0.062090 0.105510 0.077827
v -0.052555 0.105411 0.063721
v -0.056954 0.080839 0.064886
v -0.054909 0.057872 0.065061
v -0.061670 0.031693 0.069572
v -0.055085 0.044208 0.062371
v -0.057460 0.028422 0.060416
v -0.061226 0.015897 0.060693
v -0.064708 0.014746 0.071655
v -0.052091 0.111087 0.067908
v -0.051075 0.089779 0.061868
v -0.066495 0.010535 0.071700
v -0.065448 -0.003217 0.060282
v -0.070405 -0.004652 0.071268
v -0.069485 -0.015013 0.060981
v -0.075467 -0.022613 0.072121
v -0.073873 -0.030644 0.060475
v -0.078200 -0.042933 0.059099
v -0.080871 -0.040187 0.072683
v -0.087069 -0.067987 0.056470
v -0.089521 -0.076189 0.061412
v -0.088965 -0.062284 0.074936
v -0.094079 -0.089219 0.066703
v -0.096375 -0.087357 0.077136
v -0.098580 -0.111644 0.066913
v -0.105537 -0.118563 0.080906
v -0.101261 -0.127134 0.065450
v -0.105486 -0.144678 0.066795
v -0.114422 -0.147020 0.083811
v -0.108429 -0.158585 0.067659
v -0.118594 -0.158877 0.085526
v -0.116660 -0.192687 0.072912
v -0.124919 -0.182350 0.087836
v -0.126176 -0.192697 0.086275
v 0.425922 0.195583 0.009937
v 0.436516 0.200388 0.013228
v 0.423334 0.197302 0.014139
v 0.438097 0.196509 0.009137
v 0.452278 0.196341 0.014664
v 0.423116 0.213705 0.012814
v 0.447716 0.206916 0.012965
v 0.457957 0.201336 0.014277
v 0.471693 0.192582 0.017601
v 0.416723 0.207738 0.016202
v 0.409099 0.215529 0.013797
v 0.466348 0.188702 0.014299
v -0.474560 0.192367 -0.012604
v -0.468593 0.192344 -0.014640
v -0.482524 0.188430 -0.010408
v -0.462229 0.201513 -0.013699
v -0.458216 0.201220 -0.018152
v -0.451558 0.199349 -0.018892
v 0.189843 -0.438675 -0.057935
v 0.184009 -0.433999 -0.054069
v 0.191375 -0.437849 -0.050506
v 0.199537 -0.438531 -0.050693
v 0.195599 -0.437975 -0.060717
v 0.198285 -0.434062 -0.046735
v 0.190928 -0.432751 -0.046723
v 0.022321 0.245225 0.085714
v 0.024105 0.216409 0.081329
v 0.024655 0.198375 0.076632
v 0.017211 0.102511 -0.074863
v 0.016877 0.091020 -0.076553
v 0.015212 0.075814 -0.073987
v 0.018382 0.078916 -0.076737
v 0.020368 0.056857 -0.075249
v 0.020373 0.100326 -0.076778
v 0.001363 0.064050 -0.073090
v 0.020447 0.044703 -0.074724
v 0.034477 0.053624 -0.076122
v 0.045661 0.028922 -0.079377
v 0.028529 0.007106 -0.078070
v 0.036956 -0.019637 -0.082116
v 0.045942 0.004442 -0.081675
v -0.000044 0.038259 -0.074213
v 0.007995 -0.016126 -0.079501
v -0.001112 0.005990 -0.076530
v 0.014661 -0.046615 -0.082978
v 0.020626 -0.067587 -0.086020
v 0.046245 -0.054808 -0.087362
v 0.044985 -0.083336 -0.090767
v 0.026025 -0.087089 -0.089373
v 0.035432 -0.107965 -0.093243
v 0.046737 -0.099282 -0.093154
v 0.043677 -0.128002 -0.096763
v 0.047818 -0.035728 -0.086134
v 0.041849 0.047971 -0.078145
v 0.062091 -0.059060 -0.084550
v 0.087708 -0.109296 -0.086483
v 0.067841 -0.148068 -0.094606
v 0.098415 -0.157718 -0.089961
v 0.060283 -0.182465 -0.099726
v 0.092570 -0.126198 -0.087554
v 0.047345 -0.140744 -0.097187
v 0.053972 -0.161626 -0.098428
v 0.089787 -0.184724 -0.094900
v 0.066872 -0.205458 -0.101451
v 0.072607 -0.224422 -0.102500
v 0.115676 -0.211049 -0.092978
v 0.100042 -0.219347 -0.096664
v 0.114747 -0.189315 -0.090555
v 0.124770 -0.226720 -0.092548
v 0.104739 -0.234816 -0.096666
v 0.088791 -0.241315 -0.099855
v 0.070172 -0.088032 -0.086753
v 0.062622 0.045457 -0.073461
v -0.005750 0.006888 -0.077583
v -0.030489 0.007671 -0.077763
v -0.009007 -0.022840 -0.080453
v -0.035933 0.045292 -0.074410
v -0.020471 0.066583 -0.072441
v -0.036845 0.064224 -0.073410
v -0.027214 -0.029176 -0.081991
v -0.017811 -0.063242 -0.085528
v -0.047354 -0.050702 -0.085299
v -0.043276 -0.014102 -0.080981
v -0.013143 -0.042961 -0.082714
v -0.026295 -0.087584 -0.090041
v -0.048059 -0.062699 -0.086659
v -0.049429 -0.083881 -0.089893
v -0.039345 0.021325 -0.077492
v -0.034785 -0.110494 -0.094987
v -0.048188 -0.115352 -0.095758
v -0.044569 -0.138389 -0.098907
v -0.059491 -0.140113 -0.096269
v -0.067641 -0.117486 -0.092378
v -0.066739 -0.099425 -0.089404
v -0.054835 -0.167977 -0.099648
v 0.077653 -0.244700 -0.102883
v 0.082688 -0.083731 -0.083049
v 0.079280 -0.059907 -0.080463
v 0.074123 -0.042324 -0.081105
v 0.060163 -0.030141 -0.082439
v 0.079334 -0.023031 -0.078361
v 0.073162 -0.008599 -0.076586
v 0.065456 0.003218 -0.076155
v 0.065097 0.025862 -0.073219
v -0.002526 -0.009913 -0.075786
v 0.129797 -0.201372 -0.087679
v 0.140002 -0.219034 -0.087441
v -0.069629 -0.160570 -0.095734
v -0.096443 -0.137134 -0.087297
v -0.065693 -0.201111 -0.101609
v -0.085830 -0.186684 -0.095860
v -0.092632 -0.207706 -0.097271
v -0.096316 -0.172109 -0.091728
v -0.108070 -0.192955 -0.091863
v -0.098532 -0.155589 -0.089065
v -0.073945 -0.226535 -0.102776
v -0.078185 -0.243114 -0.103075
v -0.090398 -0.239872 -0.100438
v -0.109280 -0.234084 -0.096712
v -0.118365 -0.212749 -0.092090
v -0.133062 -0.226820 -0.091023
v -0.070063 -0.077715 -0.084439
v -0.056708 0.036516 -0.071239
v -0.053362 0.064454 -0.068953
v -0.136785 -0.212596 -0.087869
v -0.127484 -0.184596 -0.084948
v -0.113553 -0.169079 -0.086300
v -0.062056 0.003086 -0.073893
v -0.062684 -0.049101 -0.080048
v -0.081222 -0.042075 -0.074183
v -0.083906 -0.071106 -0.079073
v -0.050009 0.099658 -0.067057
v -0.088932 -0.103210 -0.084333
v -0.024787 0.090768 -0.075073
v -0.037647 0.100258 -0.070341
v -0.019836 0.099654 -0.072481
v -0.121717 -0.149682 -0.080095
v -0.106595 -0.116535 -0.079871
v -0.094996 -0.087966 -0.078142
v -0.082047 -0.013630 -0.069801
v -0.080283 0.018648 -0.065604
v 0.120096 -0.165635 -0.084727
v 0.153639 -0.211920 -0.081989
v 0.116853 -0.146880 -0.082023
v 0.106957 -0.136223 -0.083955
v 0.135825 -0.184316 -0.082086
v 0.059055 0.047850 -0.074737
v 0.044499 0.050683 -0.076914
v 0.046223 0.070227 -0.075993
v 0.054637 0.073975 -0.077678
v 0.049141 0.094004 -0.078776
v 0.054094 0.100235 -0.078140
v 0.048199 0.101774 -0.076289
v -0.078667 0.045345 -0.060850
v -0.077695 0.061266 -0.057462
v 0.099436 -0.109679 -0.081319
v -0.060783 0.068199 -0.063159
v -0.073309 0.100481 -0.056419
v -0.140710 -0.172839 -0.076688
v -0.144961 -0.204810 -0.082354
v -0.154264 -0.219259 -0.081357
v -0.129371 -0.131354 -0.072602
v -0.148572 -0.141512 -0.065874
v 0.155835 -0.189217 -0.075101
v 0.145527 -0.158077 -0.070721
v 0.161288 -0.207640 -0.078377
v -0.139945 -0.116220 -0.063933
v -0.118296 -0.102628 -0.070629
v -0.025211 0.069383 -0.078405
v -0.163121 -0.193721 -0.070640
v -0.155947 -0.166555 -0.067547
v 0.001432 -0.030834 -0.073987
v -0.004167 -0.031869 -0.072773
v -0.013223 -0.060033 -0.064402
v 0.009046 -0.059826 -0.065091
v -0.006613 -0.080624 -0.060913
v 0.021197 -0.085540 -0.060723
v -0.017099 -0.105553 -0.057238
v -0.016944 -0.079064 -0.061798
v 0.020308 -0.103393 -0.056944
v 0.022015 -0.124911 -0.054800
v -0.024530 -0.123519 -0.055485
v 0.026852 -0.106087 -0.057007
v 0.031244 -0.121381 -0.056146
v -0.169071 -0.214268 -0.072550
v 0.009311 -0.047747 -0.069732
v 0.016525 -0.066771 -0.065705
v -0.130218 -0.094804 -0.062189
v -0.106269 -0.080331 -0.069951
v -0.021818 -0.099463 -0.060467
v -0.024596 -0.117418 -0.057842
v 0.095367 -0.082790 -0.076513
v 0.097739 -0.055050 -0.067556
v -0.097005 -0.054206 -0.066522
v 0.112064 -0.109292 -0.074698
v 0.136038 -0.130314 -0.067359
v 0.080870 0.003428 -0.067801
v 0.125976 -0.108720 -0.066591
v 0.108888 -0.075138 -0.065997
v 0.055850 0.104696 -0.075049
v 0.043155 0.103348 -0.075118
v -0.118576 -0.071455 -0.058976
v 0.018264 -0.068622 -0.084379
v 0.011403 -0.043620 -0.080818
v 0.013116 -0.053583 -0.081201
v 0.066378 0.047782 -0.070332
v -0.093367 -0.038950 -0.062886
v -0.102559 -0.036855 -0.052239
v -0.058988 0.109060 -0.069246
v -0.070554 0.112432 -0.064999
v 0.063741 0.103467 -0.080713
v 0.060920 0.100495 -0.085336
v 0.063187 0.066582 -0.085188
v 0.068466 0.088859 -0.087488
v 0.072149 0.051658 -0.083510
v 0.067984 0.048479 -0.083628
v 0.071659 0.100312 -0.083860
v 0.064648 0.105157 -0.075682
v 0.156270 -0.163602 -0.016149
v 0.157733 -0.172676 -0.008387
v 0.155451 -0.173166 -0.013516
v 0.066378 0.047782 -0.070332
v 0.062622 0.045457 -0.073461
v 0.072041 0.046217 -0.078788
v -0.052503 0.351466 0.056697
v -0.050263 0.333465 0.066530
v -0.048276 0.337949 0.063438
v -0.130194 -0.111625 -0.037908
v -0.131658 -0.112151 -0.042086
v -0.120859 -0.116803 -0.044152
v 0.003829 0.321912 -0.083621
v 0.007275 0.316667 -0.081041
v 0.001366 0.313136 -0.084326
v 0.005059 0.336201 -0.078668
v 0.013369 0.329630 -0.075849
v 0.010232 0.335543 -0.077978
v 0.013984 0.339905 -0.074137
v 0.016240 0.351533 -0.075837
v 0.461308 0.198681 -0.017745
v 0.459193 0.195718 -0.017018
v 0.471216 0.189411 -0.018544
v 0.478502 0.189963 -0.025497
v -0.465664 0.194332 -0.040830
v -0.462986 0.195318 -0.049801
v -0.465350 0.189212 -0.042902
v -0.461366 0.190728 -0.049879
v -0.451558 0.199349 -0.018892
v -0.458216 0.201220 -0.018152
v -0.464405 0.195747 -0.019470
v -0.460243 0.200479 -0.022217
v -0.470027 0.192743 -0.021655
v -0.457059 0.198003 -0.021654
v -0.478319 0.190061 -0.025395
v -0.066365 0.296993 0.061161
v -0.060500 0.289654 0.058937
v -0.065462 0.287826 0.058417
v 0.088643 0.186674 0.079911
v 0.096496 0.185502 0.072832
v 0.091184 0.186979 0.071597
v 0.089139 0.186226 0.064366
v 0.074719 0.186011 0.090856
v 0.067209 0.187297 0.096301
v 0.073471 0.185947 0.099927
v -0.211971 -0.436623 -0.071708
v -0.206405 -0.441040 -0.068455
v -0.210268 -0.443282 -0.064176
v -0.220375 -0.431895 -0.066356
v -0.212423 -0.433549 -0.080675
v -0.213570 -0.442118 -0.056843
v -0.216429 -0.443675 -0.050578
v -0.206799 -0.444107 -0.083504
v -0.202551 -0.446110 -0.069206
v -0.201223 -0.457032 -0.083312
v -0.216340 -0.420759 -0.075131
v -0.198860 -0.500110 -0.082222
v -0.194340 -0.487840 -0.084071
v -0.190093 -0.499082 -0.083901
v -0.199760 -0.483230 -0.079661
v -0.198369 -0.465671 -0.084211
v -0.207431 -0.499810 -0.073185
v -0.209498 -0.484503 -0.067135
v -0.214976 -0.499711 -0.062411
v -0.201093 -0.472250 -0.073792
v -0.207129 -0.462018 -0.063817
v -0.200885 -0.460200 -0.069557
v -0.218080 -0.477981 -0.048059
v -0.213719 -0.462360 -0.053358
v -0.221261 -0.464601 -0.036141
v -0.220577 -0.498414 -0.048498
v -0.224310 -0.484088 -0.031769
v -0.231886 -0.470979 -0.014531
v -0.231818 -0.495042 -0.017563
v -0.222643 -0.451052 -0.029245
v -0.223116 -0.492864 -0.032807
v -0.233192 -0.463369 -0.005990
v -0.244196 -0.498115 -0.003729
v -0.243248 -0.476234 0.002037
v -0.248597 -0.489483 0.003317
v -0.255623 -0.496793 0.014923
v -0.252571 -0.482211 0.015705
v -0.252906 -0.499576 0.011270
v -0.259918 -0.494838 0.029452
v -0.258715 -0.500094 0.027143
v -0.199324 -0.448286 -0.086486
v -0.261041 -0.498080 0.047840
v -0.259672 -0.489299 0.041415
v -0.255427 -0.482334 0.037045
v -0.081581 0.069544 0.067856
v -0.071421 0.064326 0.068470
v -0.077454 0.068542 0.072083
v -0.067198 0.060081 0.069322
v -0.067363 0.057594 0.079909
v -0.072990 0.059744 0.079733
v -0.061303 0.058492 0.069638
v -0.076563 0.060045 0.075233
v -0.103235 -0.007262 0.050650
v -0.104079 0.003963 0.043729
v -0.099295 -0.014379 0.054063
v 0.002377 0.337897 -0.086235
v -0.001481 0.336631 -0.080414
v 0.005059 0.336201 -0.078668
v -0.015894 0.359500 0.033208
v -0.025673 0.367293 0.029080
v -0.006808 0.354568 0.033434
v -0.009525 0.359436 0.045761
v -0.012610 0.364021 0.057475
v 0.005294 0.359450 0.059863
v -0.002449 0.365478 0.066524
v 0.001608 0.353391 0.034848
v 0.004488 0.357540 0.048369
v 0.005913 0.366299 0.066841
v 0.014920 0.363688 0.057146
v 0.016530 0.360248 0.031838
v 0.021665 0.370604 0.049834
v 0.026585 0.370396 0.029596
v 0.031198 0.373474 0.023216
v 0.014794 0.355944 0.029264
v -0.065032 0.296532 0.065282
v -0.060500 0.289654 0.058937
v -0.066365 0.296993 0.061161
v -0.062040 0.286502 0.065603
v -0.068468 0.282309 0.066992
v 0.082625 0.360704 0.010072
v 0.079899 0.348369 0.011511
v 0.081172 0.350205 0.008170
v 0.070168 0.352674 0.014796
v 0.068200 0.372159 0.015430
v 0.073072 0.385572 0.013103
v 0.066160 0.396796 0.015205
v -0.105035 -0.113874 -0.053247
v -0.106174 -0.107043 -0.050062
v -0.111532 -0.105035 -0.046650
v -0.145826 -0.150758 0.022359
v -0.148560 -0.161300 0.022335
v -0.150977 -0.162455 0.025380
v 0.461308 0.198681 -0.017745
v 0.469193 0.192680 -0.014497
v 0.459193 0.195718 -0.017018
v 0.468166 0.189030 -0.008212
v 0.474185 0.191880 -0.011725
v 0.483575 0.188880 -0.007902
v 0.477615 0.186403 -0.003955
v 0.457963 0.192568 -0.008151
v 0.481672 0.188635 -0.000377
v 0.016423 0.314746 -0.088150
v 0.021882 0.313952 -0.089533
v 0.015780 0.319003 -0.082321
v -0.027121 -0.105941 -0.056860
v -0.024596 -0.117418 -0.057842
v -0.024530 -0.123519 -0.055485
v 0.002377 0.337897 -0.086235
v 0.002236 0.328418 -0.093440
v -0.000691 0.333385 -0.090118
v 0.070418 0.249455 0.060152
v 0.073671 0.243082 0.057196
v 0.073738 0.247736 0.054494
v 0.075670 0.211301 0.054762
v 0.077134 0.218806 0.052231
v 0.075016 0.190747 0.051172
v 0.081084 0.183780 0.043981
v 0.074313 0.160096 0.052297
v 0.086251 0.136343 0.034523
v 0.075147 0.123459 0.050893
v 0.091119 0.158893 0.027023
v 0.091573 0.177824 0.028404
v 0.093919 0.141294 0.020759
v 0.094838 0.105727 0.021312
v 0.077198 0.109133 0.050602
v 0.090328 0.106680 0.030681
v 0.095028 0.212202 0.033904
v 0.087288 0.227055 0.044248
v 0.096356 0.240736 0.037975
v 0.094743 0.268180 0.039812
v 0.102579 0.253140 0.028813
v 0.101512 0.275309 0.032606
v 0.110981 0.262844 0.020331
v 0.111115 0.280477 0.026070
v 0.092520 0.300225 0.034836
v 0.097117 0.303065 0.030267
v 0.123966 0.268254 0.014454
v 0.082066 0.271877 0.046396
v 0.066975 0.250285 0.057930
v 0.122824 0.280712 0.019587
v 0.123252 0.304085 0.017593
v 0.064046 0.266275 0.056545
v 0.059757 0.240962 0.062694
v 0.052818 0.277905 0.064392
v 0.060709 0.287433 0.056077
v 0.062395 0.301555 0.054232
v 0.067739 0.283927 0.050151
v 0.070123 0.301611 0.043864
v 0.052179 0.248152 0.065720
v 0.050607 0.230538 0.071877
v 0.144868 0.278716 0.013105
v 0.140221 0.296682 0.013270
v 0.174158 0.274325 0.007113
v 0.170440 0.286082 0.006554
v 0.196868 0.273283 0.000356
v 0.196739 0.267140 0.000921
v 0.226703 0.263606 -0.005467
v 0.191082 0.292520 -0.003862
v 0.216208 0.285674 -0.009688
v 0.172009 -0.185099 -0.052938
v 0.169920 -0.188828 -0.052902
v 0.168642 -0.194919 -0.060817
v 0.177414 -0.179415 -0.046859
v 0.161429 -0.198665 -0.061729
v 0.163967 -0.204492 -0.070574
v 0.170575 -0.178820 -0.044521
v 0.164152 -0.186724 -0.051670
v 0.178190 -0.175763 -0.034583
v 0.168730 -0.173860 -0.036995
v 0.155233 -0.139003 -0.027370
v 0.148764 -0.132890 -0.037518
v 0.156338 -0.146081 -0.038011
v 0.149594 -0.132236 -0.027900
v 0.143836 -0.124967 -0.033388
v 0.135977 -0.116565 -0.039849
v 0.161395 -0.161431 -0.037238
v 0.161702 -0.168957 -0.045565
v 0.132046 -0.132368 -0.055774
v 0.125981 -0.114546 -0.051806
v 0.149448 -0.160188 -0.054081
v 0.135421 -0.150738 -0.062262
v 0.120028 -0.118787 -0.060492
v 0.112381 -0.098876 -0.055281
v 0.151475 -0.186826 -0.067874
v 0.154795 -0.207406 -0.074272
v 0.143085 -0.171825 -0.066704
v 0.122201 -0.105732 -0.047382
v 0.113308 -0.090144 -0.050766
v 0.102301 -0.081200 -0.056039
v 0.108684 -0.080503 -0.048379
v 0.099688 -0.066941 -0.052658
v 0.129521 -0.109908 -0.039855
v 0.118213 -0.135464 -0.066140
v 0.097901 -0.100170 -0.064931
v 0.082277 -0.079733 -0.067225
v 0.086047 -0.058676 -0.059763
v 0.143470 -0.193873 -0.074843
v 0.072404 -0.048251 -0.064671
v 0.094479 -0.123238 -0.074609
v 0.084615 -0.101073 -0.071110
v 0.120323 -0.153577 -0.069886
v 0.144338 -0.215803 -0.081569
v 0.096522 -0.144594 -0.078513
v 0.102445 -0.171976 -0.079987
v 0.121576 -0.177590 -0.074868
v 0.123643 -0.197134 -0.080300
v 0.073178 -0.094938 -0.072997
v 0.065276 -0.051933 -0.067400
v 0.065825 -0.084600 -0.072355
v 0.103262 -0.195046 -0.084309
v 0.114213 -0.211499 -0.085146
v 0.059132 -0.110551 -0.078399
v 0.067565 -0.120825 -0.078001
v 0.133745 -0.218827 -0.084637
v 0.086541 -0.143696 -0.079919
v 0.089293 -0.180962 -0.083254
v 0.114872 -0.228859 -0.088162
v 0.090031 -0.201724 -0.085653
v 0.123854 -0.109903 -0.045862
v 0.137575 -0.119005 -0.034980
v -0.042269 0.202720 -0.083112
v -0.042777 0.197577 -0.096689
v -0.044518 0.203854 -0.081600
v -0.038932 0.198236 -0.085988
v -0.042061 0.172704 -0.096788
v -0.040514 0.165991 -0.087497
v -0.043407 0.146194 -0.096814
v -0.040951 0.126450 -0.089320
v -0.042388 0.126002 -0.095923
v 0.210408 -0.442808 -0.069335
v 0.210170 -0.444057 -0.061749
v 0.206011 -0.442718 -0.064900
v -0.002705 0.323692 -0.090179
v 0.001366 0.313136 -0.084326
v -0.000689 0.311879 -0.083003
v 0.020843 -0.019793 -0.059637
v 0.022540 -0.025406 -0.054017
v 0.023559 -0.017858 -0.058472
v 0.456922 0.205846 -0.004587
v 0.451326 0.202886 0.001028
v 0.452400 0.199701 0.000694
v 0.446351 0.211796 -0.002416
v 0.467038 0.198795 -0.001930
v 0.469033 0.195720 0.000800
v 0.483575 0.188880 -0.007902
v 0.481672 0.188635 -0.000377
v -0.460243 0.200479 -0.022217
v -0.457059 0.198003 -0.021654
v -0.464405 0.195747 -0.019470
v 0.090101 0.030639 0.053894
v 0.091870 0.028230 0.057650
v 0.085456 0.030469 0.057355
v 0.100621 0.030003 0.058618
v 0.094545 0.026838 0.063584
v 0.097899 0.033472 0.052877
v 0.105186 0.035547 0.057415
v 0.025651 0.058629 -0.080261
v 0.020738 0.061284 -0.083607
v 0.023533 0.055926 -0.083411
v -0.478045 0.190004 -0.032976
v -0.477741 0.186618 -0.032624
v -0.478319 0.190061 -0.025395
v -0.045996 0.291299 0.072438
v -0.049103 0.288622 0.070074
v -0.048110 0.284856 0.065023
v -0.053331 0.294794 0.070665
v -0.051234 0.299750 0.081194
v -0.054726 0.320208 0.064782
v -0.053357 0.304214 0.061280
v -0.052216 0.306763 0.080569
v -0.053261 0.295359 0.059854
v -0.056938 0.313215 0.052043
v -0.056977 0.334947 0.053259
v -0.052022 0.319232 0.073735
v -0.050263 0.333465 0.066530
v -0.052503 0.351466 0.056697
v -0.058650 0.357584 0.046063
v -0.059326 0.345410 0.047210
v -0.054042 0.288578 0.060319
v -0.066322 0.288436 0.054164
v -0.065462 0.287826 0.058417
v -0.060500 0.289654 0.058937
v -0.053261 0.295359 0.059854
v -0.038028 0.207698 0.075920
v -0.046875 0.190464 0.082581
v -0.040642 0.202971 0.078900
v -0.039041 0.213642 0.086149
v -0.037070 0.221770 0.076593
v -0.040153 0.245092 0.084222
v -0.037042 0.244797 0.076581
v -0.150977 -0.162455 0.025380
v -0.148560 -0.161300 0.022335
v -0.146236 -0.161998 0.028140
v -0.141406 -0.167313 0.038987
v 0.035482 0.441558 0.087480
v 0.018404 0.445139 0.099804
v 0.021633 0.443648 0.097755
v 0.001366 0.313136 -0.084326
v 0.007275 0.316667 -0.081041
v -0.000689 0.311879 -0.083003
v -0.200077 -0.339518 -0.054158
v -0.196920 -0.328131 -0.067972
v -0.197168 -0.332452 -0.062993
v -0.192581 -0.341797 -0.059543
v -0.190926 -0.325756 -0.079221
v -0.196353 -0.345539 -0.056288
v -0.187251 -0.337259 -0.061516
v -0.173218 -0.332205 -0.074229
v -0.172733 -0.338158 -0.068129
v -0.174162 -0.327663 -0.087420
v -0.166019 -0.329325 -0.088346
v -0.160626 -0.330565 -0.083968
v -0.158508 -0.340003 -0.064435
v -0.151440 -0.335598 -0.069502
v -0.150913 -0.338148 -0.060278
v -0.156377 -0.346039 -0.059502
v -0.016275 0.445075 0.100391
v -0.029855 0.442625 0.093492
v -0.021693 0.443290 0.098123
v 0.018466 0.452033 0.071999
v 0.000391 0.452699 0.077163
v 0.003961 0.449761 0.086618
v 0.000136 0.457924 0.060346
v 0.021797 0.447546 0.084570
v 0.014215 0.457855 0.057489
v 0.018404 0.445139 0.099804
v 0.000532 0.447064 0.100217
v -0.017533 0.450912 0.075640
v -0.016603 0.456372 0.057879
v -0.031043 0.448269 0.066796
v -0.029004 0.453698 0.050808
v 0.035482 0.441558 0.087480
v 0.035295 0.445148 0.070783
v 0.030387 0.450494 0.059271
v 0.028912 0.454333 0.050965
v 0.043692 0.437944 0.078889
v 0.038868 0.446465 0.041194
v -0.037588 0.442758 0.071934
v -0.039391 0.439278 0.084322
v -0.039382 0.443232 0.058926
v -0.047445 0.435386 0.068624
v -0.036551 0.448246 0.043493
v 0.000375 0.468917 0.053643
v 0.016933 0.467367 0.050949
v 0.014006 0.480122 0.045864
v 0.000559 0.477615 0.050597
v -0.085632 0.111572 0.084900
v -0.083318 0.112657 0.088693
v -0.087402 0.111084 0.083496
v -0.070068 0.341797 0.048828
v -0.066492 0.347586 0.046914
v -0.070129 0.341797 0.048828
v 0.243656 0.279591 -0.011847
v 0.226703 0.263606 -0.005467
v 0.251650 0.260499 -0.006080
v 0.230151 0.282566 -0.011943
v 0.278820 0.254758 -0.006922
v 0.216208 0.285674 -0.009688
v 0.266897 0.245682 -0.008925
v 0.294199 0.234435 -0.009441
v 0.301026 0.246275 -0.007676
v 0.324749 0.233601 -0.006237
v 0.242502 0.251207 -0.008557
v 0.219459 0.253200 -0.007721
v -0.082387 0.110747 -0.087371
v -0.062006 0.111244 -0.092633
v -0.077789 0.108827 -0.073417
v -0.058137 0.111810 -0.088489
v -0.065038 0.107755 -0.070523
v -0.058988 0.109060 -0.069246
v -0.070554 0.112432 -0.064999
v -0.056343 0.112745 -0.074109
v -0.052393 0.118833 -0.075673
v 0.205285 0.256451 -0.003636
v 0.226703 0.263606 -0.005467
v 0.196739 0.267140 0.000921
v 0.368426 0.220384 -0.002631
v 0.347243 0.228683 -0.004130
v 0.362566 0.209916 -0.004847
v 0.340883 0.218993 -0.006650
v 0.324749 0.233601 -0.006237
v 0.315067 0.226142 -0.009623
v -0.394717 0.206617 0.015585
v -0.417622 0.192308 0.038171
v -0.397224 0.197153 0.016757
v -0.392528 0.197667 0.009481
v 0.184009 -0.433999 -0.054069
v 0.195599 -0.437975 -0.060717
v 0.180469 -0.447449 -0.063064
v 0.080442 0.078530 0.068880
v 0.074613 0.093400 0.075622
v 0.076676 0.069444 0.076760
v 0.070224 0.097778 0.080437
v 0.071675 0.069314 0.080685
v -0.056158 0.125290 -0.091915
v -0.056343 0.112745 -0.074109
v -0.058137 0.111810 -0.088489
v 0.189643 -0.359119 -0.020851
v 0.175459 -0.361597 -0.016767
v 0.186037 -0.372325 -0.017643
v -0.191915 -0.406075 -0.023214
v -0.199238 -0.421024 -0.021561
v -0.190614 -0.422645 -0.021266
v -0.204477 -0.424961 -0.022036
v -0.081107 0.072584 0.070050
v -0.088763 0.074509 0.068965
v -0.090789 0.057884 0.070101
v 0.053136 0.309386 0.074875
v 0.047386 0.299101 0.072102
v 0.052395 0.287500 0.068660
v 0.209680 -0.436638 -0.081678
v 0.196455 -0.469622 -0.083635
v 0.199822 -0.452156 -0.083207
v -0.158508 -0.340003 -0.064435
v -0.156377 -0.346039 -0.059502
v -0.161238 -0.352287 -0.069947
v 0.206011 -0.442718 -0.064900
v 0.201736 -0.451896 -0.067628
v 0.210408 -0.442808 -0.069335
v 0.206011 -0.442718 -0.064900
v 0.210170 -0.444057 -0.061749
v 0.201736 -0.451896 -0.067628
v -0.081107 0.072584 0.070050
v -0.090789 0.057884 0.070101
v -0.081581 0.069544 0.067856
v 0.073738 0.247736 0.054494
v 0.066975 0.250285 0.057930
v 0.070418 0.249455 0.060152
v -0.103027 0.075108 0.020749
v -0.103781 0.090303 0.003710
v -0.108028 0.059741 0.006117
v -0.094214 0.100741 0.035518
v -0.099328 0.104733 0.002122
v -0.108773 0.036677 0.018722
v -0.100212 0.058554 0.032873
v -0.106016 0.023911 0.032065
v -0.112802 0.020074 0.020724
v -0.093011 0.104428 0.032102
v -0.093872 0.035289 0.049343
v -0.098137 0.019212 0.047457
v -0.104079 0.003963 0.043729
v -0.116664 -0.014173 0.031093
v -0.102319 0.078384 -0.013688
v -0.105661 0.054591 -0.009333
v -0.098723 0.060908 -0.030159
v -0.093274 0.057262 0.046964
v -0.095813 0.064284 0.042031
v -0.093730 0.057037 0.052811
v -0.099296 0.043524 0.056951
v -0.097542 0.120422 0.014033
v -0.098050 0.151563 0.001427
v -0.092801 0.161648 0.034471
v -0.093152 0.117086 0.034612
v -0.098820 0.080614 -0.025924
v -0.092113 0.145277 0.037643
v -0.112049 0.034529 0.005651
v -0.088309 0.077963 -0.042561
v -0.097675 0.081385 0.034844
v -0.077695 0.061266 -0.057462
v -0.078667 0.045345 -0.060850
v -0.102478 0.014450 0.050395
v -0.103235 -0.007262 0.050650
v -0.095008 0.053981 0.058310
v -0.092545 0.042074 0.066718
v -0.096383 0.018031 0.062840
v -0.091558 0.018612 0.069780
v -0.095926 0.139490 -0.018197
v -0.095342 0.103891 -0.019085
v -0.087405 0.129216 -0.044797
v -0.086589 0.102521 -0.039559
v -0.085819 0.105049 0.045283
v -0.104156 0.063451 0.053621
v -0.092038 0.036487 -0.045674
v -0.101028 0.050460 -0.027130
v -0.103889 0.031865 -0.028093
v -0.088913 0.052058 0.068183
v -0.096839 0.176702 -0.020069
v -0.097671 0.182901 0.002559
v -0.107106 0.014278 -0.031357
v -0.096887 0.010449 -0.046850
v -0.100520 -0.008885 -0.047431
v -0.112849 -0.008295 -0.031391
v -0.098973 0.200610 -0.020239
v -0.112604 0.018678 -0.013149
v -0.096187 0.196418 -0.035977
v -0.104821 0.226589 -0.037899
v -0.092755 0.196062 -0.047921
v -0.105665 0.242168 -0.052335
v -0.089773 0.178559 -0.049736
v -0.084809 0.198607 -0.060845
v -0.103229 0.215298 -0.016723
v -0.078226 0.189914 -0.068789
v -0.075113 0.156911 -0.066963
v -0.079730 0.141546 -0.058672
v -0.098079 0.234629 -0.061861
v -0.107466 0.232069 -0.029031
v -0.117715 -0.033586 -0.028301
v -0.111229 -0.034783 -0.039099
v -0.102559 -0.036855 -0.052239
v -0.082047 -0.013630 -0.069801
v -0.080283 0.018648 -0.065604
v -0.094336 0.185557 0.023861
v -0.118388 -0.050059 -0.038703
v -0.102884 0.022927 0.055183
v -0.090789 0.057884 0.070101
v -0.092276 0.154524 -0.035012
v -0.073372 0.136522 -0.066622
v -0.082547 0.133709 -0.081572
v -0.077789 0.108827 -0.073417
v -0.082904 0.111427 -0.085658
v -0.081363 0.164865 -0.083143
v -0.081277 0.173445 -0.079948
v -0.070554 0.112432 -0.064999
v -0.082387 0.110747 -0.087371
v -0.120145 -0.017331 -0.014970
v -0.099822 0.059868 0.058761
v -0.113416 0.245636 -0.031069
v -0.112307 0.242884 -0.022498
v -0.115522 0.255650 -0.043219
v -0.112584 0.263282 -0.051655
v -0.113865 0.265730 -0.051942
v -0.104069 0.228178 0.004371
v -0.118576 -0.071455 -0.058976
v -0.125088 -0.056429 -0.032033
v -0.127727 -0.076710 -0.048537
v -0.138816 -0.083605 -0.031534
v -0.137859 -0.091405 -0.044131
v -0.151189 -0.110167 -0.033935
v -0.144533 -0.112076 -0.051377
v -0.143188 -0.092412 -0.025081
v -0.137806 -0.078113 -0.021183
v -0.159423 -0.132045 -0.037591
v -0.154020 -0.133523 -0.050886
v -0.166346 -0.160213 -0.039239
v -0.164344 -0.158203 -0.036105
v -0.158549 -0.132912 -0.032373
v -0.166730 -0.154530 -0.024032
v -0.175923 -0.183679 -0.017743
v -0.139945 -0.116220 -0.063933
v -0.148572 -0.141512 -0.065874
v -0.155947 -0.166555 -0.067547
v -0.161907 -0.161457 -0.051993
v -0.153952 -0.118550 -0.029776
v -0.130218 -0.094804 -0.062189
v -0.167903 -0.140310 -0.011823
v -0.169959 -0.177715 -0.036195
v -0.173456 -0.187640 -0.040572
v -0.170090 -0.185310 -0.037759
v -0.176307 -0.201503 -0.043007
v -0.173320 -0.166065 0.015750
v -0.168456 -0.139368 0.013783
v -0.155767 -0.161007 0.032651
v -0.151456 -0.122045 0.029604
v -0.141661 -0.133886 0.042682
v -0.139956 -0.154696 0.051315
v -0.154171 -0.185894 0.041665
v -0.141212 -0.172136 0.059897
v -0.146391 -0.193430 0.065427
v -0.151790 -0.193514 0.051562
v -0.137418 -0.192564 0.086151
v -0.132469 -0.179129 0.085160
v -0.125466 -0.158732 0.083245
v -0.132431 -0.154758 0.065666
v -0.133608 -0.121412 0.049231
v -0.136920 -0.093019 0.038245
v -0.163029 -0.183787 0.030421
v -0.176689 -0.181799 0.016343
v -0.165005 -0.113858 0.012459
v -0.175515 -0.179954 -0.008863
v -0.116002 -0.093017 0.062430
v -0.127045 -0.074130 0.044154
v -0.104739 -0.070943 0.068744
v -0.111228 -0.051109 0.052916
v -0.129111 -0.054074 0.031871
v -0.120498 -0.029789 0.030358
v -0.107177 -0.033829 0.049675
v -0.129191 -0.032839 0.018005
v -0.150053 -0.068156 0.005025
v -0.139706 -0.043177 0.006149
v -0.128093 -0.027233 0.002632
v -0.132293 -0.043048 -0.007777
v -0.144862 -0.072751 -0.007047
v -0.161054 -0.092356 -0.000481
v -0.152799 -0.070957 0.006476
v -0.151061 -0.073049 0.013183
v -0.161910 -0.092659 0.011329
v -0.101832 -0.056306 0.067111
v -0.137566 -0.072767 0.029198
v -0.113533 -0.109691 0.075294
v -0.156114 -0.093114 -0.008274
v -0.095044 -0.028933 0.063901
v -0.120025 -0.010161 0.020463
v -0.135730 -0.059659 -0.014027
v -0.119935 -0.137905 0.080162
v -0.084447 0.192677 0.048824
v -0.080667 0.166420 0.056631
v -0.080010 0.209814 0.055007
v -0.092233 0.229166 0.037709
v -0.080294 0.234735 0.056530
v -0.086040 0.240556 0.048589
v -0.100683 0.244409 0.027930
v -0.096526 0.218227 0.023425
v -0.096116 0.254706 0.038602
v -0.105206 0.257427 0.026377
v -0.099702 0.269372 0.037345
v -0.107696 0.270373 0.028355
v -0.108426 0.287479 0.032173
v -0.115595 0.273170 0.022414
v -0.090603 0.287586 0.043357
v -0.090369 0.267728 0.045141
v -0.083354 0.257367 0.051615
v -0.086798 0.264709 0.050522
v -0.081896 0.243847 0.053923
v -0.111228 0.259223 0.016794
v -0.123432 -0.122177 0.061850
v -0.095267 0.089260 0.041425
v -0.091082 0.194066 0.036585
v -0.168211 -0.188441 -0.055546
v -0.173584 -0.183818 -0.012318
v -0.107893 0.034610 -0.012886
v -0.086598 0.271895 0.052546
v -0.120812 -0.007898 -0.001879
v -0.077745 0.207517 -0.071868
v -0.163121 -0.193721 -0.070640
v -0.169071 -0.214268 -0.072550
v -0.163427 -0.118013 -0.009300
v -0.076281 0.167969 -0.067758
v -0.174746 -0.208458 -0.053793
v -0.079407 0.184090 -0.080545
v -0.173006 -0.186537 -0.033491
v -0.124456 -0.032944 -0.014327
v -0.098917 0.206416 0.005910
v -0.078585 0.189761 -0.077205
v -0.095641 0.158347 -0.020924
v -0.109256 0.246324 0.007694
v -0.086157 0.299146 0.044176
v -0.084957 0.314472 0.038006
v -0.080903 0.100960 0.060760
v -0.079575 0.106172 0.056569
v -0.089523 0.090973 0.052731
v -0.083373 0.089478 0.063305
v -0.073309 0.100481 -0.056419
v -0.146686 -0.099505 -0.026296
v -0.076388 0.218316 -0.077121
v -0.076346 0.234865 -0.079395
v -0.081096 0.113423 -0.051213
v -0.080676 0.124668 0.055335
v -0.096896 0.099949 -0.020867
v -0.174336 -0.186307 -0.017047
v -0.096649 0.246532 -0.066493
v -0.102513 0.277520 -0.065898
v -0.151523 -0.091665 0.023451
v -0.162031 -0.105755 -0.005071
v -0.088763 0.074509 0.068965
v -0.095395 0.087636 0.057142
v -0.085001 0.087761 0.067399
v -0.112802 0.020074 0.020724
v -0.112049 0.034529 0.005651
v -0.121410 -0.012233 0.013726
v -0.120812 -0.007898 -0.001879
v -0.128093 -0.027233 0.002632
v -0.120145 -0.017331 -0.014970
v -0.120025 -0.010161 0.020463
v -0.112604 0.018678 -0.013149
v -0.107893 0.034610 -0.012886
v -0.129191 -0.032839 0.018005
v -0.124456 -0.032944 -0.014327
v -0.116664 -0.014173 0.031093
v -0.120498 -0.029789 0.030358
v -0.107177 -0.033829 0.049675
v -0.099295 -0.014379 0.054063
v -0.095044 -0.028933 0.063901
v -0.087868 0.000011 0.063643
v -0.104079 0.003963 0.043729
v -0.091082 0.194066 0.036585
v -0.096526 0.218227 0.023425
v -0.094336 0.185557 0.023861
v -0.098917 0.206416 0.005910
v -0.104069 0.228178 0.004371
v -0.100683 0.244409 0.027930
v -0.109256 0.246324 0.007694
v -0.080667 0.166420 0.056631
v -0.080676 0.124668 0.055335
v -0.079575 0.106172 0.056569
v -0.113533 -0.109691 0.075294
v -0.123432 -0.122177 0.061850
v -0.119935 -0.137905 0.080162
v -0.151523 -0.091665 0.023451
v -0.161910 -0.092659 0.011329
v -0.165005 -0.113858 0.012459
v -0.162031 -0.105755 -0.005071
v -0.089773 0.178559 -0.049736
v -0.087405 0.129216 -0.044797
v -0.092276 0.154524 -0.035012
v -0.079730 0.141546 -0.058672
v -0.081096 0.113423 -0.051213
v -0.132293 -0.043048 -0.007777
v -0.125088 -0.056429 -0.032033
v -0.135730 -0.059659 -0.014027
v -0.124456 -0.032944 -0.014327
v -0.135730 -0.059659 -0.014027
v -0.137806 -0.078113 -0.021183
v -0.144862 -0.072751 -0.007047
v -0.146686 -0.099505 -0.026296
v -0.081096 0.113423 -0.051213
v -0.070554 0.112432 -0.064999
v -0.073309 0.100481 -0.056419
v -0.095395 0.087636 0.057142
v -0.104285 0.087346 0.047485
v -0.099822 0.059868 0.058761
v -0.105545 0.068602 0.049585
v -0.095267 0.089260 0.041425
v -0.095813 0.064284 0.042031
v -0.104156 0.063451 0.053621
v -0.083009 0.137283 0.086027
v -0.097725 0.111103 0.072499
v -0.083318 0.112657 0.088693
v -0.097280 0.160745 0.072576
v -0.082234 0.174370 0.085342
v -0.087131 0.202292 0.080132
v -0.081750 0.218944 0.082679
v -0.079561 0.201103 0.089182
v -0.095636 0.200547 0.071981
v -0.078257 0.165403 0.095091
v -0.079178 0.226077 0.087794
v -0.074179 0.208934 0.091045
v -0.083956 0.237821 0.080169
v -0.087445 0.243981 0.078749
v -0.095881 0.236846 0.071618
v -0.060878 0.210928 0.098607
v -0.088989 0.111267 0.081055
v -0.087402 0.111084 0.083496
v -0.082324 0.244292 0.084692
v -0.078592 0.118238 0.097078
v -0.076145 0.161569 0.096608
v -0.069699 0.143794 0.094224
v -0.077825 0.111445 0.096428
v -0.070939 0.111899 0.094270
v -0.075031 0.185787 0.094072
v -0.060685 0.189606 0.099576
v -0.094934 0.245425 0.071904
v -0.096249 0.260993 0.063770
v -0.061675 0.243771 0.099296
v -0.065691 0.141179 0.096516
v -0.059057 0.111987 0.100858
v -0.059599 0.113582 0.101936
v -0.060449 0.181532 0.100900
v -0.066150 0.180878 0.094781
v -0.060685 0.189606 0.099576
v -0.066150 0.180878 0.094781
v -0.060449 0.181532 0.100900
v -0.085632 0.111572 0.084900
v -0.077825 0.111445 0.096428
v -0.083318 0.112657 0.088693
v -0.366190 0.233075 -0.009663
v -0.371771 0.232605 -0.019092
v -0.378890 0.227030 -0.006824
v -0.349866 0.239143 -0.010565
v -0.359863 0.225150 -0.001857
v -0.335836 0.242635 -0.009262
v -0.385589 0.226348 -0.017089
v -0.344452 0.244431 -0.019910
v -0.376835 0.221897 -0.001574
v -0.327616 0.235212 -0.005214
v -0.322235 0.247222 -0.009887
v -0.402536 0.221878 -0.016283
v -0.407177 0.222356 -0.004920
v -0.300312 0.247595 -0.006410
v -0.398461 0.220580 0.004206
v -0.426690 0.218231 0.004972
v -0.426760 0.220332 -0.005199
v -0.442703 0.212519 -0.001007
v -0.443828 0.210367 0.010759
v -0.457596 0.202901 0.014223
v -0.456512 0.203673 0.004617
v -0.447079 0.204698 -0.001161
v -0.457837 0.199722 0.002422
v -0.469502 0.192550 0.005668
v -0.472970 0.194006 0.013254
v -0.446850 0.212500 -0.007539
v -0.303158 0.259980 -0.015651
v -0.283137 0.266838 -0.012932
v -0.276600 0.256568 -0.006132
v -0.267478 0.271638 -0.011558
v -0.249706 0.277040 -0.011747
v -0.269241 0.274617 -0.025370
v -0.441046 0.215069 -0.018627
v -0.258624 0.261194 -0.006661
v -0.234216 0.265911 -0.007203
v -0.231434 0.282291 -0.010773
v -0.236948 0.283461 -0.022981
v -0.219538 0.288733 -0.023732
v -0.232529 0.286376 -0.034182
v -0.206630 0.296286 -0.035306
v -0.210155 0.287404 -0.008835
v -0.205797 0.269196 -0.002093
v -0.202627 0.297613 -0.033137
v -0.408455 0.216403 0.010036
v -0.423914 0.220579 -0.018767
v -0.456445 0.206282 -0.009897
v -0.455934 0.203257 -0.002616
v -0.469725 0.196344 -0.002740
v -0.462229 0.201513 -0.013699
v -0.474560 0.192367 -0.012604
v -0.483511 0.188929 -0.004650
v -0.477101 0.188406 -0.000136
v -0.482524 0.188430 -0.010408
v -0.324214 0.252604 -0.019920
v -0.384326 0.222876 -0.000926
v -0.188893 0.302175 -0.032464
v -0.189124 0.295095 -0.011583
v -0.188425 0.291982 -0.001759
v -0.176454 0.301670 -0.008133
v -0.203970 0.280198 -0.003982
v -0.177807 0.306761 -0.029536
v -0.163710 0.311694 -0.010679
v -0.165606 0.314992 -0.028278
v -0.154793 0.323452 -0.026333
v -0.149976 0.323417 -0.009658
v -0.146524 0.316028 0.000154
v -0.150283 0.306357 0.006899
v -0.128286 0.318121 0.011821
v -0.118955 0.331907 0.007633
v -0.109607 0.316435 0.022360
v -0.106088 0.298735 0.030910
v -0.096015 0.315150 0.030414
v -0.128106 0.298479 0.017046
v -0.141013 0.334326 -0.026128
v -0.133882 0.334782 -0.005938
v -0.119384 0.344277 -0.005213
v -0.103623 0.344541 0.004671
v -0.103474 0.350854 -0.008427
v -0.113957 0.351658 -0.022748
v -0.094247 0.356534 -0.022254
v -0.094196 0.340696 0.012153
v -0.086875 0.347259 0.007687
v -0.081574 0.336196 0.020305
v -0.070835 0.348185 0.011635
v -0.062547 0.330522 0.032091
v -0.064707 0.347779 0.015358
v -0.068681 0.319498 0.038540
v -0.061930 0.322737 0.041109
v -0.084957 0.314472 0.038006
v -0.058918 0.341153 0.027582
v -0.068118 0.315188 0.044336
v -0.089059 0.354265 -0.010809
v -0.173997 0.297085 0.002462
v -0.088694 0.328456 0.025568
v -0.126620 0.345465 -0.024165
v -0.090603 0.287586 0.043357
v -0.336699 0.247600 -0.032986
v -0.471042 0.192146 0.018349
v -0.317783 0.255841 -0.033481
v -0.108426 0.287479 0.032173
v -0.125710 0.284592 0.020317
v -0.147539 0.282395 0.013278
v -0.265253 0.277189 -0.032507
v -0.301526 0.262663 -0.034071
v -0.078391 0.350257 0.007867
v -0.073209 0.354406 -0.004816
v -0.072439 0.358013 -0.013668
v -0.065703 0.356908 -0.001588
v -0.065622 0.362217 -0.026770
v -0.054874 0.366612 -0.021259
v -0.155132 0.292936 0.008954
v -0.473942 0.190356 0.010578
v -0.182120 0.274270 0.004020
v -0.079371 0.358531 -0.024008
v -0.284802 0.269899 -0.033607
v -0.407124 0.213089 0.018706
v -0.389392 0.216321 0.006008
v -0.394717 0.206617 0.015585
v -0.411484 0.202350 0.030133
v -0.417622 0.192308 0.038171
v -0.421646 0.195493 0.040538
v -0.418247 0.203552 0.031310
v -0.382078 0.205573 0.002598
v -0.171947 0.276589 0.007417
v -0.442703 0.212519 -0.001007
v -0.446850 0.212500 -0.007539
v -0.455934 0.203257 -0.002616
v -0.088694 0.328456 0.025568
v -0.096015 0.315150 0.030414
v -0.084957 0.314472 0.038006
v -0.090603 0.287586 0.043357
v 0.079733 0.277698 -0.074194
v 0.084729 0.249522 -0.071678
v 0.078036 0.227338 -0.070855
v 0.098114 0.249030 -0.063364
v 0.092023 0.226644 -0.058731
v 0.075698 0.211204 -0.068270
v 0.086865 0.197484 -0.049510
v 0.074506 0.198387 -0.065712
v 0.092868 0.287303 -0.070447
v 0.098708 0.224708 -0.050527
v 0.079967 0.310348 -0.073549
v 0.103009 0.314713 -0.068876
v 0.108047 0.296857 -0.065300
v 0.099926 0.278936 -0.066057
v 0.079098 0.332839 -0.065154
v 0.105168 0.338750 -0.058152
v 0.079255 0.343788 -0.059273
v 0.118655 0.331795 -0.057160
v 0.073624 0.341048 -0.067720
v 0.124583 0.310198 -0.065624
v 0.109681 0.248106 -0.049863
v 0.111111 0.276554 -0.057984
v 0.123809 0.281151 -0.058463
v 0.118233 0.262826 -0.050171
v 0.138621 0.273058 -0.059941
v 0.135589 0.258139 -0.055295
v 0.160664 0.250752 -0.067344
v 0.170021 0.251089 -0.072255
v 0.176263 0.239348 -0.071252
v 0.190907 0.251230 -0.081059
v 0.192790 0.233829 -0.078329
v 0.188935 0.225529 -0.073313
v 0.202547 0.246947 -0.080017
v 0.207086 0.265551 -0.072902
v 0.192369 0.265061 -0.073586
v 0.225037 0.250619 -0.074418
v 0.230439 0.270274 -0.066712
v 0.250348 0.254689 -0.071195
v 0.253168 0.263976 -0.066824
v 0.278951 0.256049 -0.064419
v 0.268357 0.239996 -0.071715
v 0.295056 0.248422 -0.062954
v 0.295969 0.232059 -0.066093
v 0.310184 0.228365 -0.062437
v 0.323514 0.236517 -0.056501
v 0.323322 0.222237 -0.057401
v 0.354692 0.225126 -0.045703
v 0.343746 0.232311 -0.048048
v 0.370353 0.223961 -0.037882
v 0.243320 0.247454 -0.074252
v 0.200679 0.283094 -0.059251
v 0.164937 0.273919 -0.071756
v 0.140889 0.296337 -0.065746
v 0.127540 0.255257 -0.045108
v 0.116682 0.255056 -0.045318
v 0.128530 0.297837 -0.063799
v 0.146632 0.307824 -0.058044
v 0.137894 0.322957 -0.053145
v 0.167588 0.296249 -0.056814
v 0.102452 0.263254 -0.061127
v 0.134155 0.302734 -0.065125
v 0.131836 0.304199 -0.065430
v 0.131836 0.304443 -0.065430
v 0.151633 0.286855 -0.067668
v 0.183113 0.276977 -0.066142
v 0.130371 0.306396 -0.065002
v 0.173613 0.282280 -0.064520
v 0.186129 0.299738 -0.048131
v 0.102452 0.263254 -0.061127
v 0.111111 0.276554 -0.057984
v 0.109681 0.248106 -0.049863
v 0.116682 0.255056 -0.045318
v 0.131836 0.304443 -0.065430
v 0.130371 0.306396 -0.065002
v 0.146632 0.307824 -0.058044
v 0.134155 0.302734 -0.065125
v 0.140889 0.296337 -0.065746
v 0.173613 0.282280 -0.064520
v 0.167588 0.296249 -0.056814
v 0.164937 0.273919 -0.071756
v 0.186129 0.299738 -0.048131
v -0.011065 0.478203 0.047627
v -0.014774 0.470191 0.050466
v 0.000559 0.477615 0.050597
v -0.012816 0.484483 0.044409
v -0.031129 0.465939 0.044279
v -0.026348 0.483322 0.037290
v -0.035767 0.483272 0.025169
v -0.045735 0.459911 0.027656
v -0.038379 0.486067 0.004629
v -0.039377 0.461261 0.037472
v -0.029004 0.453698 0.050808
v -0.036551 0.448246 0.043493
v -0.048933 0.460316 0.002594
v -0.016603 0.456372 0.057879
v -0.009764 0.484577 0.051749
v -0.024525 0.489387 0.023690
v -0.010575 0.492101 0.035609
v 0.000375 0.468917 0.053643
v -0.046043 0.450690 0.027086
v 0.000136 0.457924 0.060346
v -0.043828 0.436174 0.037957
v -0.047445 0.435386 0.068624
v -0.048766 0.432449 0.027288
v -0.051771 0.434590 0.003632
v -0.048769 0.453835 0.002790
v -0.003231 0.494477 0.037167
v -0.005375 0.487420 0.041355
v 0.004620 0.483590 0.052044
v -0.003177 0.486959 0.050208
v 0.000759 0.495963 0.046865
v 0.008210 0.492852 0.047876
v 0.013816 0.485624 0.049414
v -0.009764 0.484577 0.051749
v -0.005966 0.495508 0.047180
v -0.012816 0.484483 0.044409
v -0.003177 0.486959 0.050208
v 0.000759 0.495963 0.046865
v -0.052273 -0.058197 -0.055686
v -0.066545 -0.057174 -0.058479
v -0.057649 -0.041547 -0.058636
v -0.071042 -0.054108 -0.061964
v -0.067098 -0.072629 -0.059200
v -0.056375 -0.085168 -0.054562
v -0.040291 -0.054331 -0.050803
v -0.039854 -0.038302 -0.051929
v -0.029171 -0.037769 -0.048660
v -0.067135 -0.090568 -0.058425
v -0.080119 -0.099723 -0.059448
v -0.079338 -0.123640 -0.057066
v -0.044640 -0.088025 -0.045530
v -0.083541 -0.086676 -0.057890
v -0.039956 -0.028307 -0.055709
v -0.040409 -0.025750 -0.059672
v -0.033440 -0.065594 -0.042362
v -0.050444 -0.044672 -0.065236
v -0.063642 -0.119849 -0.048719
v -0.093532 -0.104974 -0.056728
v -0.099269 -0.086678 -0.056823
v -0.117278 -0.101944 -0.056021
v -0.107052 -0.084217 -0.056800
v -0.105035 -0.113874 -0.053247
v -0.096109 -0.132038 -0.057905
v -0.092580 -0.070585 -0.060528
v -0.080135 -0.065991 -0.065693
v -0.019350 -0.039401 -0.037377
v -0.029362 -0.077754 -0.032536
v -0.098327 -0.156810 -0.055547
v -0.088508 -0.160599 -0.051937
v -0.100733 -0.190423 -0.048908
v -0.080356 -0.164203 -0.045590
v -0.095170 -0.198501 -0.040600
v -0.110372 -0.224712 -0.048239
v -0.107188 -0.187026 -0.051664
v -0.076412 -0.179636 -0.033295
v -0.061610 -0.147324 -0.034321
v -0.093051 -0.206679 -0.032796
v -0.127262 -0.201121 -0.048101
v -0.119193 -0.225525 -0.047133
v -0.117628 -0.243359 -0.047786
v -0.137174 -0.229877 -0.042631
v -0.121273 -0.246543 -0.049198
v -0.134896 -0.238563 -0.046620
v -0.149662 -0.223702 -0.037056
v -0.154744 -0.233681 -0.042057
v -0.121466 -0.177483 -0.048827
v -0.140387 -0.217928 -0.041596
v -0.133764 -0.171646 -0.043696
v -0.125847 -0.144999 -0.044787
v -0.112780 -0.159622 -0.052679
v -0.045823 -0.112892 -0.034996
v -0.075223 -0.142639 -0.049875
v -0.135000 -0.194912 -0.044956
v -0.118004 -0.129947 -0.049586
v -0.151519 -0.209383 -0.034599
v -0.063642 -0.119849 -0.048719
v -0.045823 -0.112892 -0.034996
v -0.061610 -0.147324 -0.034321
v -0.075223 -0.142639 -0.049875
v -0.047465 -0.131311 -0.025407
v -0.067098 -0.072629 -0.059200
v -0.080135 -0.065991 -0.065693
v -0.064381 -0.062504 -0.070176
v -0.003988 0.310064 -0.088619
v -0.002705 0.323692 -0.090179
v -0.003722 0.305713 -0.096199
v 0.001522 0.318898 -0.099852
v 0.001366 0.313136 -0.084326
v 0.002236 0.328418 -0.093440
v 0.000980 0.305876 -0.086091
v 0.001240 0.303117 -0.100821
v -0.000691 0.333385 -0.090118
v -0.001481 0.336631 -0.080414
v -0.003409 0.317645 -0.080528
v 0.002377 0.337897 -0.086235
v -0.005021 0.335420 -0.076229
v 0.000309 0.349778 -0.078925
v 0.001053 0.299920 -0.094834
v -0.003409 0.317645 -0.080528
v -0.002705 0.323692 -0.090179
v -0.000689 0.311879 -0.083003
v 0.000309 0.349778 -0.078925
v 0.010232 0.335543 -0.077978
v -0.001481 0.336631 -0.080414
v 0.007603 0.354289 -0.080669
v -0.003244 0.360838 -0.075917
v -0.005021 0.335420 -0.076229
v -0.012558 0.337246 -0.074588
v -0.026326 0.318566 -0.079709
v -0.003409 0.317645 -0.080528
v -0.009495 0.374577 -0.075977
v -0.014960 0.359551 -0.073200
v -0.015559 0.375743 -0.070259
v -0.010552 0.395002 -0.074214
v -0.000562 0.389052 -0.069495
v -0.000102 0.404578 -0.063557
v -0.022601 0.367786 -0.069179
v -0.009926 0.415772 -0.064589
v -0.002865 0.422209 -0.056775
v -0.002090 0.372048 -0.075048
v -0.022578 0.377223 -0.069413
v -0.019473 0.380633 -0.066454
v -0.027122 0.389982 -0.070212
v -0.008347 0.425587 -0.058342
v 0.001517 0.430682 -0.053931
v 0.009083 0.424475 -0.059199
v 0.005987 0.365504 -0.078416
v 0.006837 0.376026 -0.076784
v 0.011322 0.369015 -0.083606
v 0.009717 0.362530 -0.088245
v 0.013288 0.387868 -0.077797
v -0.028229 0.310787 -0.082971
v -0.001208 0.298799 -0.084479
v -0.000689 0.311879 -0.083003
v 0.022822 0.306532 -0.083145
v 0.041839 0.296527 -0.083793
v -0.008540 0.283294 -0.085042
v -0.040400 0.290698 -0.084199
v -0.036459 0.313249 -0.083346
v -0.039082 0.310421 -0.082745
v -0.005854 0.259874 -0.085485
v -0.034166 0.247133 -0.084697
v 0.003845 0.229090 -0.084912
v -0.011665 0.205823 -0.083893
v 0.027042 0.217365 -0.083948
v 0.007676 0.201774 -0.084400
v 0.051534 0.200561 -0.083533
v 0.052697 0.228835 -0.084302
v 0.072958 0.213700 -0.085132
v 0.054194 0.274063 -0.084880
v 0.077251 0.252167 -0.084786
v 0.075555 0.297362 -0.083749
v 0.017084 0.197517 -0.086418
v -0.027964 0.198085 -0.085392
v -0.005809 0.170587 -0.087748
v 0.023556 0.154218 -0.088403
v -0.036650 0.147471 -0.088472
v -0.011468 0.129358 -0.089085
v 0.017776 0.129930 -0.088640
v 0.040439 0.132599 -0.090191
v 0.041955 0.129494 -0.090511
v 0.048118 0.134730 -0.093110
v -0.037392 0.128157 -0.088247
v -0.040951 0.126450 -0.089320
v 0.050180 0.128068 -0.093639
v 0.050813 0.153803 -0.091495
v 0.069558 0.118189 -0.093723
v 0.051699 0.115419 -0.093471
v 0.081460 0.154183 -0.089707
v 0.081036 0.169190 -0.088552
v 0.082572 0.134438 -0.089734
v 0.077672 0.114492 -0.091688
v 0.083344 0.113831 -0.087641
v 0.049206 0.188490 -0.086885
v -0.040514 0.165991 -0.087497
v 0.052827 0.111577 -0.092018
v -0.042269 0.202720 -0.083112
v 0.079040 0.261174 -0.081506
v 0.077620 0.298438 -0.081268
v -0.049243 0.239885 -0.083118
v 0.027561 0.244444 -0.085179
v -0.036473 0.319663 -0.088997
v -0.032487 0.337548 -0.091849
v -0.067702 0.307321 -0.082398
v -0.025743 0.337460 -0.075721
v -0.063734 0.275853 -0.083467
v 0.004329 0.411084 -0.062446
v -0.023261 0.353187 -0.073062
v 0.018060 0.373167 -0.083254
v 0.007275 0.316667 -0.081041
v 0.013369 0.329630 -0.075849
v 0.022107 0.325838 -0.075338
v 0.022092 0.340607 -0.070105
v 0.013984 0.339905 -0.074137
v 0.018915 0.356127 -0.070150
v 0.030367 0.354193 -0.063649
v 0.036063 0.344683 -0.066766
v 0.040325 0.336377 -0.071214
v 0.074490 0.312673 -0.082088
v -0.018676 0.393087 -0.063425
v -0.028130 0.403281 -0.062921
v -0.017890 0.403047 -0.060599
v -0.020227 0.418913 -0.053415
v -0.028626 0.416870 -0.056795
v -0.024398 0.430954 -0.049960
v -0.035906 0.403774 -0.057051
v -0.040065 0.321754 -0.077361
v -0.030176 0.401141 -0.060890
v -0.030975 0.388492 -0.063907
v -0.040279 0.390072 -0.061971
v -0.032697 0.381671 -0.068087
v -0.041535 0.374843 -0.065818
v -0.035243 0.367516 -0.073942
v -0.041978 0.363644 -0.071856
v -0.079152 0.249759 -0.080364
v -0.076346 0.234865 -0.079395
v -0.076388 0.218316 -0.077121
v -0.061211 0.217366 -0.079031
v -0.063948 0.187950 -0.077903
v -0.078585 0.189761 -0.077205
v -0.079407 0.184090 -0.080545
v -0.056108 0.182710 -0.086503
v -0.053288 0.189166 -0.080120
v -0.046999 0.190600 -0.083883
v 0.020792 0.277560 -0.085306
v -0.075391 0.287526 -0.082552
v -0.078503 0.305691 -0.080813
v 0.055443 0.308999 -0.082649
v 0.045709 0.156938 -0.088951
v -0.038932 0.198236 -0.085988
v 0.041309 0.364450 -0.071974
v 0.045622 0.348733 -0.072218
v 0.045458 0.337695 -0.070540
v 0.047107 0.343294 -0.066879
v 0.062687 0.343743 -0.065903
v 0.073624 0.341048 -0.067720
v -0.074875 0.317112 -0.076916
v 0.010232 0.414682 -0.065804
v 0.011869 0.403269 -0.071702
v -0.062498 0.341620 -0.066263
v -0.036682 0.328729 -0.075578
v 0.077249 0.189633 -0.085918
v 0.079575 0.217658 -0.082020
v 0.080608 0.191212 -0.081653
v 0.035678 0.375011 -0.067689
v 0.042721 0.370173 -0.068830
v 0.035583 0.386935 -0.065242
v 0.040409 0.387824 -0.064655
v 0.032731 0.407251 -0.058610
v 0.025214 0.382376 -0.063015
v 0.021328 0.399745 -0.058202
v 0.018558 0.413953 -0.055533
v 0.025717 0.419137 -0.056483
v 0.014531 0.423676 -0.054056
v 0.058598 0.323021 -0.076845
v 0.017205 0.382120 -0.078006
v 0.002279 0.387474 -0.069287
v 0.041839 0.296527 -0.083793
v 0.075555 0.297362 -0.083749
v 0.054194 0.274063 -0.084880
v 0.055443 0.308999 -0.082649
v 0.020792 0.277560 -0.085306
v -0.049243 0.239885 -0.083118
v -0.011665 0.205823 -0.083893
v -0.044518 0.203854 -0.081600
v -0.061211 0.217366 -0.079031
v -0.063948 0.187950 -0.077903
v -0.053288 0.189166 -0.080120
v -0.046999 0.190600 -0.083883
v -0.042269 0.202720 -0.083112
v 0.058598 0.323021 -0.076845
v 0.073624 0.341048 -0.067720
v 0.074490 0.312673 -0.082088
v 0.011869 0.403269 -0.071702
v 0.013288 0.387868 -0.077797
v 0.002279 0.387474 -0.069287
v 0.017205 0.382120 -0.078006
v 0.097599 -0.201511 -0.031117
v 0.093001 -0.200687 -0.024939
v 0.094513 -0.198397 -0.029477
v 0.103684 -0.206498 -0.036869
v 0.093454 -0.206606 -0.021445
v 0.100949 -0.213497 -0.019018
v 0.097599 -0.210018 0.004699
v 0.100359 -0.221957 -0.003993
v 0.106873 -0.237481 -0.017636
v 0.111668 -0.230291 -0.029247
v 0.107960 -0.244233 0.000078
v 0.093173 -0.207555 -0.004588
v 0.088651 -0.201726 0.006432
v 0.080010 -0.187340 -0.023275
v 0.103927 -0.231367 0.013294
v 0.114906 -0.255688 -0.019041
v 0.120613 -0.264365 -0.011890
v 0.115838 -0.245099 -0.032325
v 0.109421 -0.214461 -0.030945
v 0.072377 -0.176687 -0.008100
v 0.074828 -0.179594 0.006651
v 0.062166 -0.160063 0.004314
v 0.068318 -0.168685 -0.023577
v 0.085466 -0.180319 -0.037538
v 0.066839 -0.149330 -0.034553
v 0.081201 -0.155786 -0.044479
v 0.066449 -0.132124 -0.039299
v 0.079608 -0.123099 -0.052453
v 0.059545 -0.112021 -0.041350
v 0.061833 -0.098762 -0.049232
v 0.044777 -0.094763 -0.037293
v 0.048253 -0.122176 -0.023797
v 0.029114 -0.091748 -0.016349
v 0.039991 -0.078988 -0.040910
v 0.040015 -0.115035 -0.016855
v 0.050065 -0.136200 -0.018097
v 0.025331 -0.060083 -0.031459
v 0.035134 -0.053475 -0.045607
v 0.027786 -0.038251 -0.046312
v 0.040809 -0.037912 -0.053240
v 0.022540 -0.025406 -0.054017
v 0.014379 -0.017966 -0.054953
v 0.036434 -0.032893 -0.064786
v 0.051498 -0.054157 -0.068010
v 0.023559 -0.017858 -0.058472
v 0.045116 -0.055799 -0.052514
v 0.018690 -0.038848 -0.035324
v 0.040258 -0.119210 0.005216
v 0.026583 -0.091869 -0.002617
v 0.015744 -0.067803 -0.001933
v 0.023432 -0.085536 0.010020
v 0.012496 -0.059658 0.021960
v 0.005428 -0.048112 0.019415
v 0.008260 -0.048653 -0.003096
v 0.014678 -0.053499 -0.016811
v 0.077421 -0.099877 -0.057531
v 0.060502 -0.148123 -0.027354
v 0.060895 -0.130456 -0.031871
v 0.094671 -0.148222 -0.052669
v 0.071756 -0.085902 -0.057480
v 0.088817 -0.115485 -0.057362
v 0.091779 -0.176412 -0.045523
v 0.057846 -0.152641 -0.009006
v 0.109551 -0.167328 -0.053819
v 0.102308 -0.189277 -0.046717
v 0.123249 -0.243309 -0.045921
v 0.120566 -0.255293 -0.045495
v 0.126877 -0.266012 -0.055118
v 0.129884 -0.244980 -0.053453
v 0.138362 -0.263368 -0.062268
v 0.146404 -0.290877 -0.072933
v 0.127342 -0.284504 -0.057580
v 0.126439 -0.225767 -0.052434
v 0.120211 -0.279747 -0.048618
v 0.005189 -0.019961 -0.048850
v 0.002173 -0.028052 -0.033695
v 0.092179 -0.197044 -0.031176
v 0.115457 -0.185084 -0.051857
v 0.113312 -0.201540 -0.046403
v 0.127417 -0.197557 -0.052924
v 0.008509 -0.042445 -0.015529
v 0.002291 -0.044029 0.005267
v 0.062090 -0.137653 -0.030526
v -0.001177 -0.036001 -0.018002
v 0.119592 -0.215693 -0.045424
v 0.049183 -0.076280 -0.051037
v 0.063053 -0.072899 -0.057170
v 0.053575 -0.057823 -0.053733
v 0.065276 -0.051933 -0.067400
v 0.085466 -0.180319 -0.037538
v 0.103684 -0.206498 -0.036869
v 0.092179 -0.197044 -0.031176
v 0.102308 -0.189277 -0.046717
v 0.113312 -0.201540 -0.046403
v 0.119592 -0.215693 -0.045424
v 0.050065 -0.136200 -0.018097
v 0.060502 -0.148123 -0.027354
v 0.068318 -0.168685 -0.023577
v 0.057846 -0.152641 -0.009006
v 0.119592 -0.215693 -0.045424
v 0.127417 -0.197557 -0.052924
v 0.126439 -0.225767 -0.052434
v 0.040258 -0.119210 0.005216
v 0.057846 -0.152641 -0.009006
v 0.062166 -0.160063 0.004314
v 0.020843 -0.019793 -0.059637
v 0.036434 -0.032893 -0.064786
v 0.022540 -0.025406 -0.054017
v 0.080363 0.336589 0.062268
v 0.077403 0.338015 0.055148
v 0.077904 0.329036 0.059530
v 0.077403 0.338015 0.055148
v 0.083549 0.330713 0.060912
v 0.077904 0.329036 0.059530
v 0.077403 0.338015 0.055148
v 0.080363 0.336589 0.062268
v 0.083549 0.330713 0.060912
v 0.083549 0.330713 0.060912
v 0.080363 0.336589 0.062268
v 0.077904 0.329036 0.059530
v 0.047498 0.242762 0.084331
v 0.042531 0.244780 0.083771
v 0.044692 0.243525 0.087445
v -0.045962 0.059142 0.070305
v -0.040795 0.064736 0.068805
v -0.038488 0.035541 0.074649
v -0.049034 0.035262 0.074805
v -0.037316 0.061630 0.072571
v -0.045832 0.072900 0.076793
v -0.039078 0.073418 0.075977
v -0.049376 0.063062 0.076569
v -0.037298 0.056476 0.078475
v -0.041890 0.072485 0.080295
v -0.039651 0.044196 0.081686
v -0.039078 0.073418 0.075977
v -0.038488 0.035541 0.074649
v -0.037316 0.061630 0.072571
v -0.045937 0.035458 0.081602
v -0.046876 0.056441 0.082469
v -0.049376 0.063062 0.076569
v -0.049540 0.036098 0.079724
v -0.046876 0.056441 0.082469
v -0.045832 0.072900 0.076793
v -0.041890 0.072485 0.080295
v -0.045937 0.035458 0.081602
v -0.049034 0.035262 0.074805
v -0.049034 0.035262 0.074805
v -0.038488 0.035541 0.074649
v -0.045937 0.035458 0.081602
v -0.049540 0.036098 0.079724
v -0.039078 0.073418 0.075977
v -0.045832 0.072900 0.076793
v -0.041890 0.072485 0.080295
v -0.068468 0.282309 0.066992
v -0.062700 0.285225 0.058772
v -0.066697 0.278399 0.065321
f 2923 2922 2921
f 2922 2914 2921
f 678 694 677
f 694 693 677
f 5951 5954 5949
f 4491 4489 4490
f 2927 2931 2928
f 2927 2929 2930
f 3673 3674 3675
f 5942 5949 5954
f 5933 5942 5955
f 3366 3367 3368
f 4205 4202 4170
f 2946 2947 2948
f 5930 5932 5931
f 2947 2949 2948
f 5948 5949 5942
f 5991 5992 5993
f 5012 5013 5014
f 4202 4175 4170
f 5944 5936 5946
f 5955 5942 5954
f 5944 5943 5936
f 5933 5930 5929
f 5929 5930 5931
f 5948 5952 5950
f 4490 4489 4481
f 4890 4891 4892
f 5949 5950 5951
f 4489 4491 4492
f 5946 5936 5929
f 2927 2928 2929
f 5949 5948 5950
f 1 2 3
f 3 4 1
f 5 6 7
f 840 836 834
f 3534 3536 3538
f 3539 3535 3534
f 3538 3539 3534
f 1263 1266 1276
f 1295 1277 1275
f 1277 1258 1275
f 1285 1283 1279
f 1276 1295 1275
f 1279 1278 1277
f 1265 1303 1266
f 6227 6231 6233
f 1258 1277 1278
f 1284 1278 1279
f 6227 6228 6230
f 1275 1258 1263
f 1303 1304 1266
f 6293 6294 6295
f 5161 5162 5163
f 6275 6276 6274
f 1283 1284 1279
f 1276 1275 1263
f 1266 1263 1265
f 2854 2857 2855
f 6230 6231 6227
f 2854 2855 2856
f 17 18 19
f 6188 6189 6190
f 5873 5871 5872
f 5872 5876 5873
f 2824 2814 2818
f 2824 2813 2814
f 4308 4309 4303
f 8 9 10
f 5170 5169 5171
f 909 912 911
f 911 910 909
f 909 972 912
f 4901 4903 4904
f 917 915 918
f 5170 5168 5169
f 4556 4557 4558
f 1209 1207 1132
f 1207 1131 1132
f 979 963 965
f 4901 4902 4903
f 914 917 996
f 917 914 915
f 901 905 906
f 906 905 907
f 4133 4130 4132
f 910 902 909
f 914 913 900
f 914 900 915
f 901 906 960
f 4671 4667 4674
f 964 965 963
f 964 995 965
f 909 913 972
f 5164 5166 5168
f 4560 4559 4556
f 5168 5166 5169
f 4556 4559 4557
f 902 896 909
f 909 896 913
f 5164 5165 5166
f 4560 4561 4559
f 901 904 905
f 4670 4667 4671
f 4134 4131 4130
f 964 962 995
f 4130 4131 4132
f 902 899 896
f 913 896 900
f 5167 5165 5164
f 4669 4667 4670
f 4306 4305 4304
f 14 15 16
f 4309 4308 4306
f 964 963 962
f 898 901 966
f 898 897 901
f 901 897 904
f 4667 4664 4666
f 963 916 962
f 962 916 899
f 896 895 900
f 900 895 898
f 898 895 897
f 4669 4664 4667
f 899 894 896
f 896 894 895
f 903 899 916
f 903 894 899
f 897 994 904
f 4668 4664 4669
f 894 893 895
f 893 897 895
f 897 893 994
f 4668 4672 4664
f 916 957 903
f 903 908 894
f 881 893 894
f 1104 1119 1092
f 3528 3524 3532
f 4664 4672 4665
f 3528 3523 3524
f 3523 3521 3524
f 3519 3520 3521
f 3520 3526 3521
f 3521 3526 3525
f 3521 3525 3524
f 3519 3530 3520
f 3520 3527 3526
f 3529 3527 3520
f 3520 3530 3529
f 4565 4566 4567
f 903 957 950
f 903 950 908
f 894 908 881
f 3522 3521 3523
f 3522 3519 3521
f 4568 4571 4565
f 4565 4571 4572
f 881 887 893
f 893 993 994
f 4668 4673 4672
f 3530 3519 3522
f 4573 4575 4570
f 893 887 993
f 993 1007 1008
f 4568 4574 4580
f 950 876 908
f 908 876 881
f 887 1001 993
f 993 1001 1007
f 1008 1007 1012
f 950 951 876
f 881 883 887
f 883 1002 887
f 887 1002 1001
f 4576 4577 4574
f 876 874 881
f 881 874 883
f 4315 4316 4323
f 876 951 875
f 876 875 874
f 4578 4579 4577
f 874 884 883
f 883 884 1003
f 883 1003 1002
f 4583 4581 4578
f 955 875 987
f 875 873 874
f 874 886 884
f 4583 4585 4581
f 955 873 875
f 874 873 872
f 874 872 886
f 884 886 1003
f 5858 5859 5857
f 5302 5303 5304
f 4585 4586 4584
f 886 1006 1003
f 956 869 873
f 873 869 872
f 886 968 1006
f 5303 5305 5304
f 4585 4587 4586
f 869 871 872
f 871 968 886
f 872 871 886
f 869 868 867
f 5303 5306 5305
f 867 871 869
f 968 1013 1006
f 980 959 956
f 956 959 868
f 1221 1130 1121
f 5306 5307 5305
f 4587 4588 4586
f 867 878 871
f 871 878 968
f 5856 5854 5855
f 868 959 866
f 968 1009 1013
f 866 856 867
f 867 856 870
f 867 870 878
f 878 1009 968
f 878 870 1009
f 1226 1222 1221
f 5286 5285 5287
f 959 958 866
f 856 866 854
f 866 958 854
f 856 854 855
f 856 855 870
f 1212 1108 1130
f 1221 1212 1130
f 1222 1212 1221
f 1107 1108 1103
f 855 879 870
f 870 879 1009
f 879 1011 1009
f 5286 5282 5285
f 961 851 958
f 958 851 854
f 854 852 855
f 855 880 879
f 5282 5284 5285
f 1222 1213 1212
f 854 851 852
f 852 880 855
f 879 880 1011
f 1222 1223 1213
f 5282 5280 5284
f 961 974 851
f 851 850 852
f 1213 1120 1110
f 852 850 880
f 850 882 880
f 880 882 1011
f 5282 5278 5280
f 851 974 848
f 5280 5288 5284
f 1904 1913 1911
f 1899 1912 1913
f 1904 1899 1913
f 1223 1215 1213
f 552 553 551
f 1906 1893 1911
f 1893 1894 1904
f 1893 1904 1911
f 1894 1896 1899
f 1894 1899 1904
f 1899 1909 1912
f 848 849 850
f 850 877 882
f 1215 1120 1213
f 550 552 551
f 1893 1892 1894
f 1894 1895 1896
f 1896 1909 1899
f 848 853 849
f 849 877 850
f 1881 1892 1893
f 1895 1894 1892
f 1896 1895 1897
f 1909 1896 1898
f 976 853 848
f 5278 5279 5280
f 550 551 548
f 1905 1906 1910
f 1881 1875 1892
f 1892 1875 1883
f 1892 1883 1895
f 1895 1883 1897
f 1897 1884 1896
f 1896 1884 1898
f 2871 2863 2868
f 1215 1123 1120
f 5278 5281 5279
f 1902 1881 1905
f 1902 1871 1881
f 1881 1871 1875
f 2868 2863 2864
f 853 857 849
f 849 858 877
f 858 885 877
f 542 548 543
f 5280 5279 5288
f 1869 1902 1903
f 1903 1902 1905
f 1903 1905 1910
f 1902 1869 1871
f 1875 1882 1883
f 1882 1884 1883
f 2871 2861 2863
f 2871 2872 2861
f 2863 2862 2864
f 885 882 877
f 1219 1123 1215
f 1874 1869 1903
f 1874 1873 1869
f 1871 1872 1875
f 1872 1882 1875
f 1882 1885 1884
f 1885 1886 1884
f 2872 2869 2861
f 2861 2862 2863
f 976 977 853
f 849 857 858
f 545 541 543
f 858 860 885
f 539 540 542
f 539 542 541
f 541 542 543
f 1873 1870 1869
f 1869 1870 1871
f 1882 1887 1885
f 2869 2865 2861
f 2861 2865 2862
f 853 977 859
f 857 859 858
f 858 859 860
f 538 541 545
f 1890 1880 1874
f 540 539 537
f 539 541 538
f 1874 1880 1873
f 860 888 885
f 5281 5283 5279
f 1876 1870 1873
f 1876 1879 1870
f 1871 1870 1872
f 1887 1882 1872
f 1887 1888 1885
f 1885 1888 1886
f 2870 2865 2869
f 502 501 504
f 502 497 501
f 504 501 534
f 497 492 501
f 501 492 496
f 501 496 534
f 537 539 538
f 544 538 545
f 1891 1880 1890
f 1880 1877 1873
f 1219 1126 1123
f 1877 1876 1873
f 1877 1878 1876
f 1879 1872 1870
f 502 504 518
f 517 502 518
f 503 502 517
f 503 497 502
f 536 544 546
f 536 538 544
f 497 490 492
f 496 537 534
f 534 537 536
f 536 537 538
f 492 494 496
f 1879 1907 1872
f 3827 3821 3830
f 2870 2867 2865
f 2862 2865 2866
f 518 504 522
f 976 986 977
f 504 524 522
f 547 535 546
f 535 536 546
f 489 497 503
f 534 536 535
f 489 490 497
f 489 486 490
f 491 492 490
f 492 491 494
f 491 495 494
f 861 889 860
f 860 889 888
f 1877 1889 1878
f 1219 1218 1126
f 1227 1218 1219
f 5082 5080 5081
f 1878 1901 1876
f 1876 1901 1879
f 3819 3821 3827
f 1872 1907 1887
f 3821 3828 3830
f 3828 3831 3830
f 1405 1367 1396
f 2867 2866 2865
f 5342 5343 5344
f 549 535 547
f 4618 4619 4620
f 524 534 535
f 500 489 503
f 490 486 491
f 491 486 493
f 493 495 491
f 493 514 495
f 1164 1143 1126
f 1218 1164 1126
f 1878 1889 1900
f 1900 1901 1878
f 1901 1907 1879
f 531 533 523
f 547 532 549
f 523 527 528
f 549 528 535
f 3703 3701 3698
f 3703 3698 3695
f 498 489 500
f 487 489 498
f 859 862 861
f 489 487 486
f 487 485 486
f 486 521 493
f 493 521 514
f 889 891 888
f 5082 5084 5080
f 3819 3820 3821
f 3821 3809 3811
f 3828 3821 3811
f 3831 3774 3815
f 523 529 531
f 555 532 547
f 529 528 530
f 523 528 529
f 3685 3683 3682
f 530 528 549
f 3701 3702 3698
f 498 488 487
f 443 444 470
f 488 485 487
f 485 484 486
f 484 520 486
f 486 520 521
f 1914 1908 1889
f 1218 1220 1164
f 1889 1908 1900
f 5084 5083 5080
f 3825 3824 3823
f 3823 3822 3819
f 3821 3820 3809
f 531 530 532
f 3517 3514 3516
f 2457 2456 2462
f 3682 3681 3703
f 3703 3681 3701
f 3681 3702 3701
f 432 433 434
f 434 433 505
f 471 470 472
f 472 516 554
f 2657 2656 2658
f 505 433 473
f 473 443 471
f 443 470 471
f 470 499 516
f 472 470 516
f 499 488 498
f 4685 4681 4684
f 433 432 435
f 433 443 473
f 499 470 488
f 433 435 443
f 2651 2643 2645
f 435 444 443
f 470 480 481
f 488 481 485
f 480 482 481
f 435 448 444
f 444 448 449
f 480 449 482
f 449 510 482
f 481 482 483
f 483 484 481
f 481 484 485
f 484 525 520
f 448 509 449
f 4460 4452 4461
f 1914 1915 1908
f 1220 1216 1164
f 3825 3826 3824
f 3824 3822 3823
f 3822 3820 3819
f 3820 3808 3809
f 3774 3773 3815
f 1657 1674 1664
f 3514 3515 3516
f 1671 1674 1657
f 2457 2451 2456
f 3684 3681 3683
f 3514 3518 3515
f 1198 1163 1169
f 2456 2451 2450
f 3681 3684 3702
f 1198 1170 1163
f 1170 1160 1163
f 2456 2450 2458
f 4681 4683 4684
f 1170 1144 1160
f 438 436 437
f 436 432 437
f 432 436 435
f 436 447 435
f 435 447 448
f 861 864 889
f 447 508 448
f 448 508 509
f 482 510 511
f 482 511 483
f 483 511 484
f 511 526 484
f 484 526 525
f 889 890 891
f 1216 1167 1164
f 3826 3810 3824
f 3824 3805 3822
f 5083 5079 5080
f 3822 3806 3820
f 3772 3775 3773
f 3772 3773 3774
f 1657 1658 1671
f 5845 5875 5861
f 3684 3704 3702
f 2653 2654 2655
f 32 33 34
f 4681 4682 4683
f 2652 2646 2643
f 4682 4687 4683
f 863 864 861
f 439 436 438
f 436 446 447
f 864 890 889
f 4460 4451 4452
f 3829 3799 3826
f 3799 3810 3826
f 447 507 508
f 3810 3805 3824
f 3805 3806 3822
f 3776 3802 3775
f 3775 3802 3773
f 3802 3804 3773
f 1670 1663 1669
f 440 439 438
f 4451 4453 4444
f 4451 4444 4446
f 4451 4446 4452
f 445 446 439
f 439 446 436
f 4457 4458 4462
f 3813 3794 3796
f 508 556 509
f 3813 3796 3776
f 5080 5078 5081
f 3804 3802 3803
f 1652 1657 1653
f 5845 5862 5875
f 3817 3789 3779
f 863 865 864
f 440 441 439
f 442 439 441
f 439 442 445
f 4453 4445 4444
f 4453 4447 4445
f 5323 5324 5325
f 4458 4447 4459
f 445 475 446
f 446 475 447
f 475 507 447
f 507 557 508
f 508 557 556
f 1167 1155 1164
f 2120 2118 2119
f 5080 5079 5078
f 1225 1216 1220
f 1657 1645 1658
f 1643 1658 1645
f 3326 3329 3330
f 864 919 890
f 3329 3327 3337
f 451 450 442
f 442 450 445
f 475 519 507
f 519 558 507
f 507 558 557
f 445 512 475
f 890 892 891
f 2454 2452 2451
f 5088 5086 5085
f 5088 5091 5086
f 453 442 441
f 4442 4443 4444
f 864 921 919
f 453 452 442
f 3326 3327 3329
f 452 451 442
f 4447 4438 4445
f 4458 4436 4447
f 919 920 890
f 3326 3325 3327
f 4455 4433 4457
f 4457 4433 4458
f 920 892 890
f 512 519 475
f 3327 3336 3337
f 450 479 445
f 445 479 512
f 3327 3334 3336
f 3334 3335 3336
f 2454 2455 2452
f 5085 5086 5087
f 3340 3328 3343
f 5091 5092 5086
f 3323 3326 3328
f 864 865 921
f 3323 3325 3326
f 4438 4441 4445
f 4428 4433 4455
f 4454 4428 4455
f 451 469 450
f 450 469 479
f 479 515 512
f 515 519 512
f 1216 1166 1167
f 3325 3332 3327
f 3332 3334 3327
f 3332 3335 3334
f 2823 2820 2822
f 3345 3347 3346
f 3342 3343 3345
f 3342 3345 3344
f 3342 3340 3343
f 5086 5092 5089
f 991 922 865
f 5091 5102 5092
f 3295 3324 3323
f 3324 3325 3323
f 454 452 453
f 920 969 892
f 3324 3331 3325
f 3324 3296 3331
f 457 456 452
f 452 456 451
f 469 513 479
f 4044 4009 4043
f 4044 4043 4045
f 3331 3332 3325
f 456 468 451
f 451 468 469
f 5079 5077 5078
f 3296 3333 3331
f 3331 3333 3332
f 1925 1926 1927
f 3344 3345 3346
f 399 400 412
f 865 922 921
f 1660 1659 1665
f 3294 3293 3295
f 4434 4437 4436
f 4436 4437 4438
f 3293 3296 3295
f 3295 3296 3324
f 455 452 454
f 452 455 457
f 2115 2116 2118
f 2118 2117 2119
f 1225 1224 1216
f 458 456 457
f 469 506 513
f 458 463 456
f 468 474 469
f 469 474 506
f 456 474 468
f 463 464 456
f 456 464 474
f 1929 1928 1925
f 1925 1928 1926
f 5089 5110 5090
f 3342 3341 3340
f 5869 5867 5868
f 1654 1655 1660
f 922 925 921
f 1660 1655 1659
f 921 925 923
f 921 923 919
f 1659 1661 1665
f 4433 4432 4434
f 4428 4432 4433
f 919 924 920
f 3294 3289 3293
f 461 455 476
f 4449 4428 4454
f 3293 3288 3296
f 461 459 455
f 459 457 455
f 4450 4421 4449
f 1217 1166 1216
f 459 458 457
f 2118 2116 2117
f 5077 5076 5078
f 1224 1217 1216
f 459 460 458
f 460 463 458
f 3298 3297 3288
f 3288 3297 3296
f 3296 3297 3333
f 1930 1928 1929
f 3973 3956 3960
f 5090 5110 5127
f 3730 3731 3732
f 3340 3339 3322
f 5097 5096 5105
f 380 389 373
f 4435 4439 4437
f 3289 3294 3299
f 4428 4422 4432
f 4428 4421 4422
f 3289 3288 3293
f 4881 4882 4883
f 4449 4421 4428
f 462 459 461
f 924 969 920
f 462 467 459
f 4456 4424 4450
f 4009 4042 4043
f 467 465 459
f 465 460 459
f 466 463 460
f 3956 3954 3960
f 1930 1974 1962
f 1928 1971 1926
f 1926 1971 1973
f 1973 1988 1926
f 5105 5111 5109
f 1648 1655 1654
f 3338 3322 3339
f 3321 3294 3322
f 5098 5099 5096
f 1299 1301 1300
f 477 462 461
f 1294 1305 1296
f 919 923 924
f 3289 3286 3288
f 4450 4424 4421
f 4456 4425 4424
f 4009 3960 3959
f 3286 3285 3288
f 3288 3285 3298
f 465 466 460
f 3952 3950 3949
f 3952 3949 3953
f 3952 3953 3956
f 3956 3953 3954
f 4808 4827 4826
f 5110 5122 5127
f 5111 5122 5109
f 3339 3340 3341
f 992 928 922
f 922 928 925
f 1297 1299 1286
f 1286 1299 1300
f 1297 1296 1299
f 1300 1301 1302
f 3292 3289 3299
f 1291 1292 1289
f 1289 1292 1294
f 1289 1294 1293
f 1293 1294 1296
f 3290 3287 3289
f 3287 3286 3289
f 3284 3285 3286
f 465 478 466
f 3980 3951 3950
f 3960 3954 3959
f 1963 1962 1974
f 1928 1962 1971
f 1973 1980 1988
f 1980 1990 1988
f 1980 1984 1990
f 5105 5106 5111
f 1648 1650 1655
f 5103 5106 5096
f 3292 3299 3321
f 1293 1296 1297
f 1290 1291 1289
f 4421 4419 4422
f 923 952 924
f 4420 4419 4421
f 3291 3287 3290
f 4424 4420 4421
f 4414 4420 4424
f 924 999 969
f 4425 4414 4424
f 3291 3282 3287
f 3282 3284 3287
f 3287 3284 3286
f 3283 3285 3284
f 1963 1960 1962
f 1965 1971 1962
f 1965 1973 1971
f 1973 1979 1980
f 5106 5126 5111
f 3312 3292 3321
f 1286 1300 1282
f 5145 5100 5099
f 1300 1302 1282
f 1282 1302 1298
f 1673 1667 1656
f 3312 3300 3292
f 925 927 923
f 3300 3290 3292
f 927 952 923
f 952 998 924
f 998 999 924
f 4425 4411 4414
f 3279 3282 3291
f 3282 3283 3284
f 3959 3957 3985
f 3951 3937 3950
f 3950 3937 3949
f 3954 3957 3959
f 3936 3935 3951
f 1957 1960 1963
f 3919 3935 3936
f 3948 3955 3954
f 3953 3948 3954
f 1962 1960 1961
f 1961 1965 1962
f 1965 1979 1973
f 1984 1981 1983
f 5111 5126 5130
f 5111 5130 5122
f 5883 5885 5886
f 5883 5884 5885
f 3350 3338 3339
f 3321 3313 3312
f 5100 5104 5103
f 1656 1672 1673
f 928 926 925
f 1280 1293 1286
f 926 927 925
f 3291 3290 3300
f 2115 2113 2116
f 2116 2113 2117
f 1224 1211 1217
f 5065 5062 5076
f 3935 3937 3951
f 3949 3948 3953
f 3955 3957 3954
f 1957 1956 1960
f 3919 3911 3935
f 1980 1981 1984
f 3735 3736 3734
f 5122 5130 5131
f 5122 5131 5127
f 5830 5867 5876
f 5103 5118 5106
f 5104 5107 5103
f 1271 1282 1273
f 5100 5117 5104
f 1287 1283 1288
f 927 926 929
f 4411 4412 4414
f 2114 2113 2115
f 1217 1211 1166
f 1211 1165 1166
f 3280 3282 3279
f 5077 5066 5076
f 5066 5065 5076
f 3280 3281 3282
f 3281 3283 3282
f 3949 3937 3948
f 1955 1956 1957
f 3911 3937 3935
f 1959 1961 1960
f 1961 1976 1965
f 1976 1979 1965
f 1979 1978 1980
f 5106 5118 5126
f 5144 5104 5117
f 1283 1287 1281
f 3300 3312 3269
f 3300 3245 3291
f 4417 4418 4419
f 3245 3279 3291
f 4414 4417 4420
f 927 929 952
f 4405 4412 4411
f 3245 3235 3279
f 1153 1165 1154
f 3235 3280 3279
f 3236 3281 3280
f 3948 3958 3955
f 3919 3912 3911
f 1956 1959 1960
f 1980 1978 1981
f 1981 1982 1983
f 3461 3462 3463
f 5139 5136 5142
f 5131 5136 5127
f 5127 5136 5139
f 5107 5118 5103
f 5104 5108 5107
f 1285 1288 1283
f 926 930 929
f 6254 6205 6253
f 929 932 952
f 5065 5059 5062
f 5059 5058 5062
f 3280 3235 3236
f 3937 3947 3948
f 4426 4407 4401
f 4426 4401 4423
f 3911 3909 3937
f 1967 1948 1955
f 4008 3908 3912
f 3912 3908 3911
f 1961 1975 1976
f 1976 1978 1979
f 1978 1982 1981
f 3463 3462 3464
f 5135 5136 5131
f 988 978 926
f 3307 3312 3313
f 926 978 930
f 1152 1203 1161
f 3242 3235 3245
f 3242 3240 3230
f 952 932 970
f 3227 3230 3240
f 3242 3230 3235
f 952 970 998
f 3227 3228 3230
f 3228 3235 3230
f 1214 1206 1165
f 1211 1214 1165
f 5066 5059 5065
f 3228 3236 3235
f 3909 3947 3937
f 3947 3958 3948
f 3908 3909 3911
f 1955 1952 1956
f 1959 1975 1961
f 2009 1982 1978
f 4861 4860 4857
f 930 931 929
f 3268 3240 3242
f 3268 3242 3245
f 929 931 932
f 3241 3227 3240
f 3241 3220 3227
f 970 999 998
f 2114 2111 2113
f 3227 3225 3228
f 4401 4402 4404
f 5066 5061 5059
f 3225 3229 3228
f 3228 3229 3236
f 3909 3926 3947
f 1968 1946 1967
f 3906 3909 3908
f 3907 3906 3908
f 1955 1948 1952
f 1956 1952 1958
f 1976 1977 1978
f 1977 2009 1978
f 5129 5135 5131
f 5880 5882 5881
f 1278 1284 1274
f 3278 3269 3307
f 3268 3245 3269
f 3362 3363 3351
f 3363 3305 3351
f 3270 3240 3268
f 3241 3240 3270
f 3243 3220 3241
f 3363 3361 3305
f 3218 3220 3243
f 3218 3219 3220
f 970 1005 999
f 3220 3219 3227
f 3219 3225 3227
f 4448 4398 4407
f 2700 2695 2701
f 3219 3224 3225
f 3224 3229 3225
f 2695 2692 2694
f 1969 1946 1968
f 2694 2693 2697
f 1946 1948 1967
f 3905 3906 3907
f 2697 2693 2698
f 2693 2699 2698
f 1956 1958 1959
f 1975 1977 1976
f 3736 3739 3740
f 5126 5129 5130
f 5107 5124 5118
f 5118 5124 5128
f 5108 5119 5107
f 3319 3278 3307
f 5113 5114 5108
f 3301 3268 3278
f 3357 3362 3351
f 930 933 931
f 931 933 934
f 3351 3305 3272
f 3267 3241 3270
f 931 934 932
f 3244 3218 3243
f 3305 3361 3306
f 3226 3222 3218
f 3361 3360 3306
f 3222 3221 3218
f 3218 3221 3219
f 3365 3360 3361
f 2113 2111 2112
f 3222 3231 3303
f 4064 4062 4061
f 3221 3223 3219
f 3223 3224 3219
f 4416 4396 4448
f 3221 3275 3223
f 4061 4062 4063
f 2700 2696 2695
f 3223 3275 3304
f 3223 3304 3224
f 2696 2692 2695
f 2006 1947 1972
f 1972 1947 1969
f 1969 1947 1946
f 2692 2693 2694
f 3116 3118 3125
f 3125 3118 3124
f 1948 1950 1952
f 1959 1954 1975
f 5136 5135 5143
f 5136 5143 5142
f 5128 5129 5126
f 5823 5832 5824
f 5870 5831 5814
f 5814 5831 5820
f 3357 3351 3317
f 3301 3302 3268
f 3267 3270 3302
f 3244 3243 3267
f 3272 3305 3271
f 934 945 932
f 3305 3306 3271
f 932 945 970
f 3237 3218 3244
f 3226 3231 3222
f 3360 3265 3306
f 5061 5057 5059
f 5057 5056 5058
f 3909 3918 3926
f 3116 3119 3117
f 3906 3918 3909
f 3117 3123 3122
f 3118 3117 3122
f 3905 3904 3906
f 3906 3904 3910
f 3903 3904 3905
f 1952 1954 1958
f 1958 1954 1959
f 108 107 110
f 5129 5141 5135
f 5114 5119 5108
f 3311 3301 3278
f 978 933 930
f 3302 3301 3310
f 3317 3272 3260
f 934 933 935
f 3266 3244 3267
f 6188 6191 6189
f 3272 3271 3260
f 3239 3237 3244
f 3233 3237 3239
f 945 949 970
f 3306 3263 3271
f 3271 3263 3261
f 3233 3218 3237
f 3233 3226 3218
f 970 949 1005
f 3233 3231 3226
f 5057 5055 5056
f 3906 3910 3918
f 1964 1949 1947
f 1946 1941 1948
f 2668 2670 2678
f 2678 2670 2676
f 2676 2670 2675
f 2670 2674 2675
f 2675 2674 2679
f 1950 1953 1952
f 766 753 781
f 5128 5141 5129
f 5125 5124 5119
f 5114 5116 5119
f 3310 3301 3311
f 3308 3302 3310
f 3308 3267 3302
f 3309 3266 3267
f 3309 3267 3308
f 3266 3239 3244
f 6190 6189 6264
f 3260 3259 3258
f 3258 3251 3254
f 3271 3261 3260
f 3260 3261 3259
f 3258 3259 3251
f 3254 3251 3253
f 3251 3247 3253
f 3246 3233 3239
f 3251 3259 3252
f 3251 3249 3247
f 3252 3249 3251
f 3249 3248 3247
f 3261 3262 3259
f 3259 3262 3252
f 3247 3232 3246
f 4396 4395 4397
f 3248 3232 3247
f 3246 3232 3233
f 3263 3262 3261
f 3232 3231 3233
f 3306 3265 3263
f 3262 3255 3252
f 2111 2109 2112
f 3263 3265 3264
f 3263 3264 3262
f 3262 3264 3255
f 3232 3234 3231
f 4416 4408 4394
f 4416 4394 4396
f 5061 5060 5057
f 3231 3234 3238
f 5060 5055 5057
f 5056 5055 5054
f 5054 5053 5052
f 1994 1986 1995
f 1986 1987 1995
f 3918 3933 3926
f 5038 5054 5055
f 1987 1986 1970
f 1970 1966 1964
f 3903 3879 3904
f 1947 1949 1945
f 1947 1945 1946
f 1946 1945 1941
f 3885 3879 3903
f 1941 1950 1948
f 2677 2672 2671
f 2671 2672 2669
f 2671 2669 2668
f 2668 2669 2670
f 2519 2513 2518
f 2669 2674 2670
f 1952 1953 1954
f 43 47 46
f 3739 3741 3737
f 5141 5143 5135
f 5128 5140 5141
f 5124 5140 5128
f 5116 5120 5119
f 975 946 933
f 946 936 933
f 3317 3260 3274
f 3273 3258 3276
f 3258 3254 3276
f 933 936 935
f 3315 3256 3239
f 3254 3253 3257
f 3256 3246 3239
f 3253 3247 3257
f 3247 3246 3256
f 3257 3247 3256
f 3252 3255 3249
f 3255 3250 3249
f 3249 3250 3248
f 5048 5044 5049
f 5049 5044 5051
f 2002 1994 2005
f 3926 3933 3962
f 3926 3962 3963
f 5055 5063 5038
f 3904 3879 3910
f 1964 1966 1949
f 3878 3879 3884
f 3884 3879 3885
f 1945 1944 1941
f 3987 3878 3884
f 569 574 580
f 2672 2673 2669
f 2673 2680 2669
f 2680 2683 2674
f 2669 2680 2674
f 3512 3507 3513
f 580 575 569
f 4921 4920 4922
f 4544 4555 4543
f 4544 4543 4542
f 44 45 43
f 44 43 46
f 3358 3311 3319
f 3358 3354 3311
f 5119 5120 5125
f 5121 5120 5116
f 3320 3309 3308
f 3274 3260 3273
f 3277 3254 3257
f 934 935 945
f 945 942 949
f 949 1004 1005
f 2111 2110 2109
f 5046 5044 5048
f 5044 5050 5051
f 5047 5042 5046
f 5046 5042 5044
f 5060 5063 5055
f 5053 5042 5052
f 5052 5042 5047
f 3918 3910 3933
f 5038 5053 5054
f 1993 1986 1994
f 1986 1985 1970
f 1970 1985 1966
f 560 570 562
f 562 570 564
f 4339 4340 4341
f 1941 1951 1950
f 560 559 576
f 560 576 577
f 577 581 560
f 4341 4340 4342
f 2681 2673 2672
f 2515 2509 2508
f 1950 1951 1953
f 3512 3511 3507
f 573 575 576
f 575 577 576
f 4539 4540 4541
f 4542 4543 4540
f 4542 4540 4539
f 4919 4920 4921
f 4543 4545 4540
f 43 48 47
f 109 101 108
f 108 101 107
f 107 101 105
f 3198 3183 3197
f 3197 3183 3195
f 4763 4855 4760
f 5125 5138 5124
f 5124 5138 5140
f 5120 5132 5125
f 3349 3308 3310
f 3314 3276 3277
f 3315 3239 3309
f 935 942 945
f 942 948 949
f 949 948 997
f 949 997 1004
f 2111 2105 2110
f 5060 5072 5063
f 5042 5043 5044
f 5043 5045 5044
f 5038 5040 5053
f 1994 2001 1993
f 3879 3914 3910
f 3878 3874 3879
f 3877 3876 3874
f 3877 3874 3878
f 1986 1991 1985
f 1940 1935 1939
f 1939 1935 1938
f 1944 1938 1941
f 2509 2510 2506
f 573 576 559
f 2516 2511 2515
f 2515 2511 2509
f 3511 3510 3507
f 3500 3502 3507
f 4555 4549 4543
f 4543 4548 4545
f 4545 4546 4540
f 4546 4547 4540
f 4919 4925 4920
f 4919 4923 4925
f 45 49 41
f 45 41 43
f 43 42 48
f 6152 6154 6080
f 109 99 101
f 105 101 102
f 105 102 106
f 3193 3203 3206
f 6153 6154 6152
f 3199 3196 3185
f 98 99 109
f 3193 3192 3203
f 3203 3192 3196
f 3199 3185 3198
f 5125 5137 5138
f 3191 3188 3192
f 3191 3189 3188
f 3192 3188 3196
f 3188 3185 3196
f 3198 3185 3183
f 3183 3182 3195
f 4764 4859 4763
f 5132 5137 5125
f 3185 3184 3183
f 5123 5120 5121
f 947 946 975
f 3320 3315 3309
f 3277 3256 3318
f 3318 3256 3316
f 5005 5006 5007
f 4415 4392 4408
f 5042 5041 5043
f 5044 5045 5050
f 2002 2001 1994
f 5053 5040 5042
f 5040 5041 5042
f 6299 6300 6301
f 3875 3874 3876
f 6302 6303 6304
f 561 560 562
f 561 562 563
f 1993 1992 1986
f 6305 6306 6307
f 568 583 574
f 1992 1991 1986
f 1938 1937 1941
f 1941 1943 1951
f 3510 3500 3507
f 4549 4548 4543
f 4548 4552 4545
f 4545 4552 4546
f 41 42 43
f 6089 6088 6062
f 6062 6088 6061
f 98 97 99
f 3207 3205 3204
f 3204 3200 3193
f 98 88 97
f 3208 3205 3207
f 3204 3205 3200
f 3200 3191 3193
f 3193 3191 3192
f 5829 5825 5821
f 3189 3187 3188
f 3189 3190 3187
f 3188 3187 3185
f 3185 3186 3184
f 3184 3180 3183
f 3183 3180 3182
f 3187 3186 3185
f 5123 5133 5120
f 984 947 975
f 984 975 1000
f 3190 3273 3187
f 3187 3314 3186
f 3186 3314 3318
f 3314 3277 3318
f 947 937 946
f 3316 3256 3315
f 946 937 936
f 936 937 935
f 935 941 942
f 942 941 943
f 942 943 948
f 2778 2786 2779
f 5005 5010 5009
f 5009 5008 5005
f 5005 5008 5006
f 2105 2045 2110
f 2110 2045 2109
f 2109 2045 2044
f 5060 5073 5072
f 3910 3914 3933
f 5063 5064 5038
f 3874 3914 3879
f 5037 5039 5038
f 5038 5039 5040
f 579 561 578
f 5040 5039 5041
f 578 561 563
f 563 565 582
f 2004 2003 2001
f 3872 3874 3875
f 568 561 579
f 2003 1996 2001
f 2001 1996 1993
f 1996 1992 1993
f 1989 1935 1940
f 1935 1937 1938
f 4114 4113 4110
f 1941 1937 1942
f 1941 1942 1943
f 1992 1999 1991
f 1991 1999 2000
f 5315 5316 5317
f 5316 5318 5317
f 4129 4126 4125
f 3500 3501 3502
f 3502 3501 3503
f 4549 4550 4548
f 4552 4547 4546
f 4552 4554 4547
f 1344 1347 1348
f 3214 3212 3215
f 97 100 99
f 99 100 101
f 100 102 101
f 3215 3212 3213
f 3212 3211 3213
f 3211 3217 3213
f 3180 3181 3182
f 5133 5134 5120
f 5120 5134 5132
f 3184 3318 3180
f 984 985 947
f 3186 3318 3184
f 3318 3316 3180
f 947 953 937
f 2102 2103 2104
f 5063 5067 5064
f 3874 3915 3914
f 5036 5037 5038
f 5351 5352 5353
f 3579 3578 3577
f 4107 4109 4108
f 1996 1997 1992
f 1989 1934 1935
f 2964 2963 2965
f 1997 1998 1992
f 1992 1998 1999
f 5318 5319 5317
f 4548 4551 4552
f 4923 4924 4925
f 1344 1319 1347
f 1327 1329 1336
f 4879 4874 4873
f 4879 4873 4880
f 3214 3201 3209
f 4884 4885 4886
f 88 96 97
f 100 103 102
f 3214 3209 3212
f 3209 3211 3212
f 3209 3210 3211
f 3210 3216 3211
f 3211 3216 3217
f 3217 3349 3359
f 3216 3320 3217
f 985 953 947
f 938 939 935
f 935 939 941
f 2781 2791 2778
f 5011 5009 5010
f 2099 2036 2100
f 2036 2101 2100
f 2100 2101 2102
f 2101 2103 2102
f 2624 2617 2622
f 2103 2105 2104
f 2618 2616 2617
f 4415 4410 4392
f 2616 2611 2610
f 2628 2625 2627
f 2625 2626 2627
f 3914 3934 3933
f 2630 2626 2631
f 2630 2631 2641
f 3915 3934 3914
f 5072 5067 5063
f 5067 5068 5064
f 2954 2967 2966
f 2962 2954 2966
f 3578 3575 3577
f 3577 3575 3576
f 1934 1933 1935
f 1933 1936 1935
f 1935 1936 1937
f 2952 2963 2964
f 2969 2952 2964
f 4553 4551 4550
f 4550 4551 4548
f 1333 1332 1331
f 4873 4862 4880
f 89 75 78
f 88 95 96
f 96 112 97
f 97 112 100
f 112 104 100
f 100 104 103
f 3202 3181 3201
f 3181 3194 3201
f 3194 3210 3209
f 3201 3194 3209
f 3181 3180 3194
f 3194 3216 3210
f 937 940 938
f 939 944 941
f 2788 2784 2785
f 2783 2782 2780
f 2788 2783 2784
f 2099 2034 2036
f 2642 2638 2636
f 2620 2619 2617
f 2620 2617 2624
f 2638 2637 2636
f 2636 2637 2635
f 2610 2622 2617
f 2635 2637 2633
f 2635 2633 2628
f 2628 2633 2625
f 2610 2612 2622
f 2622 2612 2623
f 2625 2640 2626
f 2623 2612 2621
f 2639 2632 2626
f 2612 2614 2621
f 2096 2040 2095
f 2095 2040 2045
f 2040 2044 2045
f 2040 2042 2044
f 5073 5070 5072
f 3874 3913 3915
f 5071 5070 5073
f 5072 5070 5067
f 3872 3873 3874
f 3870 3856 3872
f 2961 2950 2969
f 2950 2952 2969
f 3576 3575 3574
f 4109 4112 4111
f 3714 3713 3716
f 3724 3722 3720
f 2008 1931 1934
f 1931 1933 1934
f 3500 3508 3501
f 3508 3504 3501
f 3503 3504 3505
f 1332 1321 1331
f 1331 1321 1319
f 1327 1319 1320
f 1320 1322 1327
f 1327 1322 1329
f 1351 1350 1333
f 4714 4718 4719
f 78 87 88
f 76 78 75
f 86 111 104
f 104 111 103
f 77 73 75
f 73 74 75
f 6145 6143 6144
f 985 989 953
f 953 940 937
f 971 944 939
f 2081 2077 2085
f 2781 2790 2791
f 2050 2034 2099
f 2036 2034 2030
f 2633 2640 2625
f 2026 2023 2025
f 2023 2024 2025
f 2640 2639 2626
f 2023 2027 2024
f 2631 2632 2634
f 2037 2039 2040
f 2040 2041 2042
f 3856 3873 3872
f 2042 2041 2043
f 5071 5069 5070
f 3869 3857 3870
f 2960 2955 2961
f 2961 2955 2950
f 3574 3575 3573
f 1933 2007 1936
f 3574 3573 3572
f 1931 1932 1933
f 4112 4116 4115
f 3504 3506 3505
f 1350 1349 1333
f 1349 1321 1332
f 1314 1310 1319
f 1321 1314 1319
f 1322 1330 1329
f 78 84 87
f 88 87 94
f 88 94 95
f 76 84 78
f 95 94 113
f 74 76 75
f 95 113 90
f 95 90 96
f 96 90 112
f 90 82 112
f 112 82 104
f 82 83 86
f 82 86 104
f 2083 2076 2084
f 2084 2076 2082
f 954 939 938
f 2075 2074 2076
f 2075 2076 2083
f 2076 2081 2082
f 2074 2077 2076
f 2078 2077 2074
f 2077 2081 2076
f 2078 2079 2077
f 2031 2028 2030
f 2028 2029 2030
f 4410 4406 4390
f 2028 2023 2026
f 2029 2028 2026
f 1570 1561 1567
f 2027 2038 2037
f 2038 2039 2037
f 2039 2041 2040
f 3870 3857 3856
f 2039 2048 2041
f 5070 5069 5067
f 5067 5069 5068
f 5069 5074 5068
f 3728 3727 3723
f 3723 3727 3721
f 3723 3721 3722
f 2042 2043 2046
f 2042 2046 2047
f 5074 5075 5068
f 3721 3725 3717
f 1576 1578 1591
f 4121 4122 4120
f 1349 1315 1321
f 1315 1314 1321
f 1322 1352 1330
f 3164 3165 3166
f 4703 4765 4715
f 84 91 87
f 87 91 94
f 113 79 90
f 90 79 82
f 82 79 81
f 81 83 82
f 953 967 940
f 954 938 940
f 2219 2228 2226
f 2229 2232 2233
f 2086 2073 2075
f 2073 2074 2075
f 2080 2079 2078
f 2080 2051 2079
f 2051 2049 2050
f 2049 2034 2050
f 2034 2033 2030
f 2033 2032 2030
f 2032 2031 2030
f 1582 1569 1564
f 1564 1562 1561
f 1561 1562 1563
f 3915 3931 3934
f 3874 3873 3913
f 1566 1565 1576
f 3871 4000 3995
f 2958 2956 2957
f 5333 5334 5335
f 3572 3554 3571
f 3554 3569 3571
f 1358 1312 1315
f 1310 1311 1322
f 1320 1310 1322
f 1322 1311 1352
f 1484 1490 1491
f 1484 1489 1490
f 1484 1491 1485
f 84 85 91
f 91 114 94
f 72 71 73
f 71 74 73
f 68 85 74
f 74 85 76
f 76 85 84
f 2858 2859 2860
f 114 79 113
f 953 990 967
f 2222 2226 2227
f 2219 2226 2222
f 982 981 940
f 2219 2218 2233
f 2218 2229 2233
f 2073 2072 2074
f 2072 2078 2074
f 2072 2080 2078
f 2054 2051 2072
f 2072 2051 2080
f 2063 2053 2054
f 2054 2053 2051
f 2062 2092 2060
f 2062 2056 2061
f 2063 2061 2053
f 2062 2060 2056
f 2061 2056 2053
f 2053 2052 2051
f 2052 2049 2051
f 2060 2092 2058
f 2058 2056 2060
f 2056 2055 2053
f 2053 2055 2052
f 2049 2035 2034
f 2035 2033 2034
f 4406 4387 4390
f 2033 2031 2032
f 3934 3964 3961
f 3913 3931 3915
f 3873 3881 3913
f 1577 1580 1587
f 3859 3857 3869
f 1573 1574 1577
f 1573 1577 1589
f 4001 3994 4000
f 3871 3862 3868
f 4005 3994 4001
f 3573 3557 3572
f 3572 3557 3554
f 3554 3556 3569
f 3569 3556 3570
f 6308 6309 6310
f 1315 1312 1306
f 1315 1306 1314
f 1314 1306 1310
f 1310 1306 1309
f 1310 1309 1311
f 1352 1311 1313
f 1311 1309 1313
f 1484 1486 1489
f 1484 1485 1486
f 1486 1485 1487
f 1485 1488 1487
f 2202 2193 2199
f 2193 2196 2199
f 6142 6144 6143
f 2193 2195 2196
f 71 68 74
f 91 85 114
f 85 79 114
f 79 80 81
f 940 983 982
f 2217 2219 2222
f 2223 2217 2222
f 2217 2218 2219
f 2229 2220 2230
f 2061 2063 2070
f 2071 2061 2070
f 2070 2063 2073
f 2062 2067 2087
f 2067 2062 2061
f 2067 2061 2071
f 2073 2054 2072
f 2087 2092 2062
f 2052 2106 2049
f 2049 2106 2035
f 1595 1594 1586
f 1586 1594 1584
f 3593 3594 3596
f 1562 1590 1571
f 2058 2057 2056
f 2057 2055 2056
f 2057 2064 2055
f 4430 4406 4431
f 2064 2066 2055
f 2064 2068 2066
f 1577 1579 1580
f 3857 3853 3856
f 3606 3605 3607
f 3605 3608 3607
f 3995 3996 3871
f 2068 2064 2065
f 2068 2069 2066
f 3607 3608 3609
f 3994 3995 4000
f 3868 3862 3860
f 3573 3609 3557
f 3555 3558 3556
f 3570 3580 3569
f 3569 3580 3581
f 1312 1346 1307
f 1312 1307 1306
f 1306 1307 1308
f 1306 1308 1309
f 4713 4712 4710
f 2891 2887 2889
f 6141 6155 6156
f 2198 2189 2197
f 2197 2189 2193
f 2189 2192 2193
f 2193 2192 2194
f 2193 2194 2195
f 68 64 85
f 85 64 79
f 79 53 80
f 983 940 967
f 2275 2222 2276
f 2276 2222 2227
f 2224 2217 2223
f 2224 2223 2225
f 2237 2236 2241
f 2217 2220 2218
f 2234 2230 2220
f 2067 2088 2087
f 2089 2087 2088
f 2089 2090 2087
f 2090 2091 2087
f 2087 2091 2092
f 3593 3592 3594
f 1754 1752 1755
f 3603 3592 3602
f 2059 2058 2092
f 1754 1753 1752
f 1592 1593 1572
f 1572 1593 1575
f 4605 4606 4607
f 1575 1593 1579
f 2057 2065 2064
f 5262 5259 5258
f 3996 3862 3871
f 3862 3858 3860
f 3555 3557 3559
f 5261 5258 5257
f 3763 3764 3765
f 3765 3764 3766
f 2827 2826 2831
f 1355 1345 1357
f 1357 1345 1346
f 3556 3580 3570
f 1356 1343 1355
f 1355 1343 1345
f 1343 1341 1345
f 1308 1317 1309
f 1309 1316 1313
f 71 58 68
f 2200 2189 2198
f 64 53 79
f 2200 2203 2190
f 2200 2190 2189
f 2189 2190 2191
f 2189 2191 2192
f 2277 2276 2278
f 2278 2276 2279
f 2190 2201 2191
f 2275 2276 2277
f 2272 2223 2275
f 2221 2217 2224
f 2221 2220 2217
f 3593 3589 3592
f 3589 3585 3592
f 3597 3589 3593
f 3592 3600 3602
f 2091 2059 2092
f 1753 1717 1752
f 1752 1717 1719
f 2058 2059 2057
f 2059 2094 2057
f 3604 3605 3606
f 5262 5260 5259
f 3608 3611 3609
f 3609 3560 3557
f 3559 3560 3561
f 2830 2825 2827
f 2825 2826 2827
f 1341 1338 1345
f 1345 1338 1346
f 1346 1338 1307
f 1309 1317 1316
f 72 70 58
f 72 58 71
f 68 55 64
f 2244 2221 2245
f 2245 2221 2224
f 2237 2241 2244
f 2240 2237 2244
f 2238 2235 2237
f 1681 1677 1682
f 1677 1685 1682
f 3592 3585 3600
f 2091 2093 2059
f 1752 1746 1751
f 3602 3600 3601
f 1719 1746 1752
f 4430 4386 4406
f 3881 3930 3913
f 3913 3930 3931
f 3860 3858 3859
f 3859 3858 3857
f 3994 3992 3995
f 3995 3992 3996
f 3560 3562 3561
f 3561 3562 3563
f 5258 5249 5257
f 2825 2828 2826
f 2828 2829 2826
f 1341 1340 1338
f 5220 5221 5222
f 1343 1342 1341
f 1307 1318 1308
f 1317 1323 1316
f 2888 2890 2889
f 2887 2888 2889
f 6108 6103 6107
f 58 55 68
f 2204 2203 2200
f 2205 2204 2200
f 64 55 50
f 64 50 53
f 2244 2245 2246
f 2240 2238 2237
f 1681 1680 1677
f 3589 3588 3585
f 3595 3601 3600
f 4998 4996 4997
f 1751 1746 1744
f 1746 1719 1731
f 1776 1797 1796
f 1745 1720 1721
f 1720 1718 1717
f 1721 1720 1717
f 1717 1718 1719
f 1718 1727 1719
f 1727 1730 1719
f 1719 1730 1731
f 3992 3920 3996
f 5259 5245 5258
f 5258 5245 5249
f 1338 1340 1339
f 1339 1318 1338
f 1318 1324 1308
f 5249 5251 5257
f 1341 1342 1340
f 1338 1318 1307
f 1323 1325 1316
f 2348 2350 2351
f 4530 4519 4534
f 5182 5183 5184
f 53 50 52
f 2273 2255 2269
f 2255 2253 2269
f 2242 2238 2240
f 1681 1691 1680
f 3588 3586 3585
f 3585 3587 3595
f 3585 3595 3600
f 4998 4997 4995
f 4998 4995 4999
f 4429 4386 4430
f 2098 2097 2093
f 2093 2097 2059
f 3601 3537 3604
f 2059 2097 2094
f 1746 1731 1744
f 3604 3537 3605
f 3856 3881 3873
f 1720 1722 1718
f 3862 3861 3858
f 3993 3992 3994
f 3562 3564 3563
f 1342 1339 1340
f 2345 2347 2348
f 2348 2347 2349
f 2348 2349 2350
f 2352 2343 2354
f 2354 2343 2344
f 2798 2797 2792
f 2794 2793 2795
f 2353 2341 2352
f 2352 2341 2343
f 2341 2342 2343
f 2246 2254 2255
f 2254 2253 2255
f 1691 1683 1680
f 1680 1675 1677
f 1677 1684 1685
f 3584 3586 3587
f 3587 3586 3595
f 1685 1684 1686
f 3595 3583 3601
f 4386 4385 4387
f 1686 1684 1688
f 3601 3583 3537
f 4997 4996 4995
f 2098 2107 2097
f 5269 5250 5260
f 1731 1733 1744
f 1744 1733 1736
f 1732 1733 1731
f 3853 3851 3856
f 5260 5250 5259
f 1722 1725 1718
f 1718 1725 1727
f 1727 1742 1730
f 1730 1737 1732
f 3996 3920 3862
f 3862 3920 3861
f 5259 5250 5245
f 3611 3567 3609
f 3609 3567 3560
f 3560 3567 3562
f 3150 3139 3148
f 3139 3142 3148
f 3148 3142 3149
f 1324 1326 1317
f 1317 1326 1323
f 2344 2342 2345
f 2342 2346 2345
f 2341 2353 2355
f 2341 2355 2342
f 2342 2355 2356
f 2281 2265 2282
f 2282 2265 2266
f 2282 2266 2268
f 2265 2261 2264
f 115 65 70
f 65 58 70
f 58 57 55
f 55 54 50
f 1691 1693 1683
f 6239 6237 6238
f 4996 4994 4995
f 2098 2108 2107
f 23 24 25
f 3537 3539 3605
f 3605 3610 3608
f 1720 1723 1722
f 1727 1725 1742
f 1732 1734 1733
f 3858 3854 3857
f 1742 1739 1730
f 1730 1739 1737
f 4007 4003 3993
f 3562 3565 3564
f 3565 3566 3564
f 5245 5247 5249
f 5249 5247 5251
f 4900 4899 4898
f 4898 4899 4897
f 1252 1256 1250
f 2280 2265 2281
f 2280 2261 2265
f 2280 2260 2261
f 65 63 58
f 58 63 57
f 2260 2258 2259
f 2260 2259 2261
f 55 56 54
f 54 51 50
f 50 51 52
f 1680 1683 1675
f 1677 1679 1684
f 3586 3548 3595
f 3595 3548 3583
f 1684 1687 1688
f 3583 3582 3537
f 1688 1687 1715
f 1688 1715 1716
f 3881 3843 3930
f 3856 3843 3881
f 1733 1734 1735
f 1733 1735 1736
f 3854 3853 3857
f 1723 1724 1722
f 1722 1724 1726
f 1726 1725 1722
f 1732 1738 1734
f 3608 3610 3611
f 3992 3989 3920
f 3920 3864 3861
f 5250 5248 5245
f 1732 1737 1738
f 3993 3991 3992
f 1328 1326 1324
f 1323 1334 1325
f 5247 5252 5251
f 3469 3468 3467
f 6039 6040 6037
f 57 56 55
f 2260 2256 2258
f 65 93 63
f 1675 1676 1677
f 1676 1679 1677
f 3586 3591 3548
f 3548 3582 3583
f 1679 1687 1684
f 3588 3590 3586
f 4995 4991 4999
f 3533 3534 3535
f 3537 3533 3535
f 5922 5919 5923
f 5270 5268 5269
f 3538 3610 3605
f 3539 3538 3605
f 3843 3929 3930
f 5269 5268 5250
f 3851 3843 3856
f 3989 3999 3920
f 1726 1728 1725
f 1737 1740 1738
f 3991 3989 3992
f 1742 1748 1739
f 3562 3567 3565
f 4003 3991 3993
f 5248 5246 5245
f 1739 1748 1737
f 1748 1740 1737
f 3145 3146 3144
f 5245 5246 5247
f 3141 3147 3143
f 1326 1337 1335
f 1323 1335 1334
f 4513 4512 4518
f 4514 4508 4515
f 4515 4508 4513
f 4514 4511 4508
f 4511 4509 4508
f 4516 4511 4514
f 4981 4982 4983
f 4516 4517 4511
f 4896 4894 4893
f 2250 2274 2270
f 2250 2270 2249
f 1690 1693 1698
f 1690 1683 1693
f 1690 1689 1683
f 1683 1689 1678
f 1683 1678 1675
f 1678 1676 1675
f 1679 1692 1687
f 3590 3591 3586
f 1692 1694 1687
f 3582 3533 3537
f 1694 1715 1687
f 1694 1696 1697
f 5922 5921 5919
f 2121 2122 2107
f 5270 5271 5268
f 5268 5248 5250
f 1734 1747 1735
f 3861 3854 3858
f 1729 1741 1724
f 1724 1741 1726
f 1726 1741 1728
f 1742 1728 1743
f 1742 1743 1748
f 1743 1750 1748
f 3144 3146 3141
f 2736 2737 2741
f 4508 4510 4512
f 4513 4508 4512
f 4508 4509 4510
f 2250 2249 2248
f 2251 2250 2248
f 2590 2576 2592
f 1714 1690 1698
f 1692 1695 1694
f 1694 1695 1696
f 5921 5920 5919
f 1747 1758 1735
f 3861 3864 3854
f 1853 1850 1857
f 1738 1757 1747
f 1738 1747 1734
f 1740 1757 1738
f 1857 1850 1852
f 1743 1756 1750
f 4602 4603 4604
f 5997 5996 5995
f 5994 5996 6000
f 6000 5996 6008
f 5995 5994 5998
f 5998 5994 6000
f 63 62 57
f 1690 1714 1704
f 1676 1699 1679
f 3591 3598 3548
f 1862 1856 1837
f 3590 3598 3591
f 3582 3548 3542
f 5892 5893 5894
f 5920 5906 5919
f 5894 5893 5909
f 5909 5893 5911
f 1864 1863 1851
f 1865 1840 1836
f 4003 4004 3991
f 3567 3568 3565
f 3568 3621 3622
f 4036 4035 4034
f 4035 4033 4034
f 4037 4038 4035
f 4037 4035 4036
f 740 741 732
f 6028 6026 6024
f 6034 6029 6028
f 57 59 56
f 2587 2577 2609
f 92 62 63
f 93 92 63
f 51 61 52
f 1704 1701 1689
f 4365 4369 4368
f 216 221 214
f 1678 1700 1699
f 1678 1699 1676
f 221 220 214
f 220 230 229
f 220 229 218
f 1679 1705 1709
f 1679 1709 1710
f 5908 5895 5917
f 5917 5895 5918
f 3582 3542 3533
f 5925 5924 5927
f 5928 5925 5927
f 3538 3536 3540
f 3538 3540 3610
f 3843 3923 3929
f 3610 3540 3615
f 5893 5905 5911
f 3853 3850 3851
f 3851 3844 3843
f 1863 1860 1849
f 1854 1836 1831
f 1854 1831 1838
f 1863 1849 1851
f 1851 1849 1850
f 3611 3612 3567
f 5248 5253 5246
f 1843 1842 1852
f 3567 3620 3621
f 3567 3621 3568
f 4039 4038 4037
f 5253 5242 5246
f 5246 5242 5247
f 5247 5242 5252
f 740 732 738
f 732 742 731
f 62 59 57
f 2573 2568 2570
f 1711 1701 1704
f 1701 1700 1678
f 1699 1705 1679
f 3598 3549 3548
f 230 246 229
f 5908 5897 5895
f 3542 3541 3533
f 3541 3540 3533
f 3533 3540 3536
f 3610 3614 3611
f 3854 3850 3853
f 1860 1847 1849
f 1844 1841 1843
f 3614 3612 3611
f 3920 3865 3864
f 3864 3863 3854
f 5248 5254 5253
f 1849 1846 1850
f 1840 1835 1836
f 3612 3613 3567
f 3613 3620 3567
f 4004 3997 3991
f 127 126 120
f 117 116 124
f 738 732 723
f 723 732 731
f 56 59 60
f 56 60 54
f 54 60 51
f 1700 1703 1699
f 1699 1703 1705
f 3598 3552 3549
f 1826 1837 1856
f 246 258 229
f 5895 5893 5892
f 3843 3845 3923
f 1835 1821 1831
f 1844 1845 1841
f 1841 1816 1835
f 3615 3614 3610
f 126 121 120
f 120 118 117
f 116 117 118
f 116 122 123
f 121 118 120
f 121 125 118
f 118 119 116
f 116 119 122
f 731 730 723
f 723 730 722
f 60 61 51
f 4362 4363 4371
f 216 214 215
f 1701 1702 1700
f 1702 1703 1700
f 214 218 213
f 218 229 213
f 1826 1830 1837
f 3548 3549 3547
f 3548 3547 3542
f 5908 5907 5897
f 3542 3547 3541
f 3976 3940 3975
f 3540 3544 3615
f 3843 3844 3845
f 3850 3844 3851
f 1846 1845 1844
f 1845 1816 1841
f 3920 3988 3865
f 1849 1847 1846
f 5254 5255 5253
f 127 128 126
f 4099 4102 4100
f 4100 4103 4101
f 4099 4100 4101
f 129 119 118
f 4831 4796 4740
f 6033 6110 6032
f 6033 6032 6031
f 730 733 722
f 6112 6111 6113
f 219 216 217
f 215 214 211
f 214 213 211
f 3599 3552 3598
f 5897 5896 5895
f 5895 5896 5893
f 3976 3923 3940
f 5893 5896 5905
f 1860 1848 1847
f 1845 1814 1816
f 1847 1818 1846
f 1846 1818 1845
f 3615 3619 3614
f 5254 5256 5255
f 3989 3988 3999
f 3991 3997 3990
f 3991 3990 3989
f 134 133 127
f 127 133 128
f 2436 2433 2435
f 2433 2432 2435
f 2435 2432 2437
f 5253 5243 5242
f 2432 2433 2434
f 1493 1496 1498
f 1493 1494 1495
f 1493 1495 1496
f 4103 4104 4101
f 125 131 118
f 5242 5243 5244
f 2312 2314 2313
f 2311 2312 2313
f 723 722 721
f 722 713 721
f 2321 2320 2311
f 4589 4590 4591
f 2311 2320 2319
f 2311 2319 2312
f 722 736 713
f 2323 2322 2321
f 2321 2322 2320
f 722 733 736
f 733 737 736
f 736 737 739
f 4135 4136 4137
f 4204 4172 4142
f 69 66 62
f 62 66 59
f 66 67 59
f 59 67 60
f 5937 5956 5945
f 1712 1713 1701
f 217 215 211
f 229 242 213
f 3552 3551 3549
f 3551 3547 3549
f 229 258 242
f 1821 1820 1822
f 5905 5896 5902
f 3541 3543 3540
f 1845 1818 1814
f 3854 3852 3850
f 3614 3617 3612
f 2772 2773 2774
f 2774 2773 2776
f 1497 1494 1493
f 132 131 125
f 131 129 118
f 129 130 119
f 2313 2317 2324
f 4594 4593 4589
f 2313 2314 2317
f 2317 2314 2316
f 2317 2316 2318
f 2314 2315 2316
f 721 713 715
f 2312 2315 2314
f 4831 4740 4741
f 713 736 739
f 4138 4136 4135
f 4137 4136 4149
f 6118 6116 6111
f 1706 1707 1703
f 1702 1706 1703
f 3551 3550 3547
f 5907 5898 5897
f 3975 3939 4046
f 3940 3939 3975
f 1814 1815 1816
f 3543 3544 3540
f 3855 3852 3854
f 3990 3928 3989
f 3989 3928 3988
f 3612 3616 3613
f 134 135 133
f 5243 5255 5263
f 2772 2775 2773
f 2776 2773 2777
f 2742 2743 2744
f 6064 6140 6087
f 715 713 712
f 2744 2762 2748
f 2765 2763 2764
f 4136 4139 4148
f 4142 4141 4140
f 4140 4141 4139
f 4140 4139 4138
f 211 213 212
f 1707 1708 1703
f 242 212 213
f 1703 1708 1705
f 1823 1858 1830
f 3553 3550 3552
f 1830 1858 1859
f 3552 3550 3551
f 5897 5898 5896
f 3547 3546 3541
f 3940 3922 3939
f 1819 1833 1817
f 3545 3543 3541
f 3923 3922 3940
f 5267 5265 5256
f 1792 1773 1783
f 3845 3922 3923
f 3850 3852 3849
f 5256 5265 5255
f 3544 3619 3615
f 3619 3617 3614
f 3612 3617 3616
f 4004 3998 3997
f 3616 3618 3613
f 134 136 135
f 5263 5264 5243
f 2764 2763 2761
f 4171 4170 4142
f 2768 2769 2766
f 3055 3056 3057
f 217 211 224
f 211 209 210
f 211 212 209
f 242 247 212
f 1824 1825 1867
f 1867 1866 1824
f 1824 1866 1823
f 1823 1866 1858
f 1827 1828 1825
f 2187 2186 2177
f 3550 3546 3547
f 3541 3546 3545
f 5255 5265 5263
f 1780 1771 1775
f 3864 3865 3863
f 3997 3998 3990
f 3671 3668 3669
f 6322 6319 6324
f 6324 6319 6323
f 6321 6325 6323
f 6322 6320 6319
f 6319 6320 6321
f 6319 6321 6323
f 783 785 784
f 784 785 788
f 5147 5149 5150
f 5150 5151 5152
f 715 712 724
f 5146 5149 5147
f 5150 5149 5151
f 5151 5153 5152
f 5152 5153 5154
f 712 716 724
f 712 714 716
f 4144 4146 4139
f 4141 4143 4144
f 4142 4170 4143
f 4142 4143 4141
f 4136 4148 4149
f 714 718 717
f 3056 3058 3057
f 3058 3064 3057
f 5941 5957 5981
f 224 211 223
f 211 210 223
f 212 245 209
f 212 247 245
f 804 825 847
f 1829 1839 1828
f 1828 1868 1825
f 1868 1867 1825
f 2180 2179 2178
f 2178 2177 2186
f 2177 2172 2187
f 1788 1784 1789
f 3939 3938 4046
f 1780 1781 1782
f 3850 3849 3844
f 1780 1775 1781
f 3990 4002 3928
f 3863 3866 3855
f 3670 3667 3668
f 1775 1779 1781
f 4004 4048 3998
f 5263 5266 5264
f 3671 3669 3672
f 5209 5210 5211
f 155 137 154
f 6338 6339 6340
f 6320 6326 6321
f 6326 6325 6321
f 788 785 789
f 4144 4143 4145
f 4146 4147 4148
f 714 717 716
f 4148 4150 4149
f 4149 4150 4153
f 4149 4153 4162
f 2185 2184 2180
f 2184 2182 2180
f 2180 2182 2179
f 2178 2179 2173
f 2178 2173 2177
f 2177 2173 2172
f 2182 2173 2179
f 2172 2183 2187
f 2181 2160 2174
f 2160 2152 2174
f 2152 2155 2174
f 2174 2155 2175
f 3855 3866 3852
f 2166 2171 2167
f 2171 2151 2167
f 2155 2168 2170
f 2155 2170 2175
f 2152 2153 2154
f 2152 2154 2155
f 2155 2154 2168
f 5188 5189 5190
f 2175 2170 2176
f 3652 3654 3667
f 3998 4006 3990
f 2153 2156 2154
f 3667 3654 3668
f 3654 3657 3668
f 3657 3669 3668
f 3679 3680 3678
f 150 146 149
f 146 137 149
f 6331 6330 6329
f 6332 6329 6328
f 137 139 154
f 154 139 153
f 139 141 153
f 153 141 152
f 724 716 729
f 716 719 729
f 4148 4151 4150
f 2545 2537 2538
f 209 207 210
f 245 247 208
f 2184 2185 2182
f 2182 2188 2173
f 2173 2188 2165
f 2173 2165 2163
f 2173 2163 2172
f 2172 2163 2161
f 2172 2161 2183
f 2161 2163 2162
f 3939 3921 3938
f 2163 2165 2164
f 2163 2164 2162
f 2161 2181 2183
f 3922 3921 3939
f 2164 2165 2169
f 2161 2150 2160
f 2161 2160 2181
f 2164 2166 2162
f 2164 2169 2166
f 2166 2167 2162
f 2162 2167 2150
f 2150 2167 2151
f 2150 2152 2160
f 3849 3846 3844
f 3846 3845 3844
f 4887 4888 4889
f 2150 2151 2152
f 2151 2153 2152
f 3651 3650 3652
f 3661 3651 3652
f 3988 3928 3865
f 3928 3867 3865
f 3865 3867 3863
f 3867 3882 3863
f 3863 3882 3866
f 2151 2171 2157
f 3652 3653 3654
f 2151 2157 2153
f 2157 2156 2153
f 5188 5191 5189
f 3656 3657 3654
f 3998 4048 4006
f 2157 2158 2156
f 2158 2159 2156
f 2156 2159 2154
f 156 152 151
f 150 148 146
f 152 141 151
f 4145 4173 4147
f 4143 4178 4173
f 4143 4173 4145
f 4147 4154 4151
f 716 717 719
f 4175 4178 4143
f 717 720 719
f 4143 4170 4175
f 4162 4153 4164
f 3064 3058 3025
f 5987 5990 5988
f 209 208 207
f 811 812 801
f 800 803 822
f 2162 2150 2161
f 3845 3883 3922
f 3866 3880 3852
f 5200 5193 5199
f 4630 4631 4639
f 2339 2338 2337
f 146 145 137
f 148 147 146
f 145 144 137
f 144 138 137
f 137 138 139
f 139 140 141
f 141 143 151
f 139 138 140
f 141 142 143
f 729 719 726
f 2141 2143 2134
f 6132 6129 6133
f 4356 4355 4358
f 5320 5321 5322
f 4147 4169 4154
f 4154 4152 4151
f 3058 3024 3025
f 3025 3023 3026
f 5789 5788 5787
f 207 208 206
f 247 257 208
f 4047 3974 3978
f 803 817 822
f 3499 3498 3497
f 3664 3663 3647
f 3665 3664 3647
f 3922 3883 3921
f 3847 3883 3845
f 3646 3655 3651
f 3651 3655 3649
f 3651 3649 3650
f 3852 3880 3924
f 3852 3924 3849
f 3652 3650 3653
f 4634 4633 4635
f 4630 4628 4631
f 4631 4625 4632
f 4632 4633 4634
f 4632 4625 4633
f 4638 4629 4630
f 4630 4629 4628
f 2448 2449 2438
f 2339 2337 2340
f 2441 2438 2440
f 2441 2440 2442
f 147 145 146
f 138 142 140
f 141 140 142
f 719 725 726
f 4173 4169 4147
f 4154 4155 4152
f 719 720 725
f 5297 5295 5293
f 5295 5294 5293
f 4178 4169 4173
f 4152 4156 4153
f 3060 3024 3059
f 3024 3023 3025
f 5788 5786 5787
f 2537 2528 2523
f 208 255 206
f 2502 2501 2500
f 208 257 255
f 5765 5763 5764
f 817 830 826
f 3917 3932 3938
f 826 830 831
f 5764 5766 5767
f 3921 3917 3938
f 3497 3498 3494
f 3497 3494 3496
f 3494 3491 3496
f 3491 3494 3489
f 3491 3489 3490
f 3490 3489 3486
f 3663 3643 3647
f 3647 3643 3646
f 3845 3846 3847
f 5205 5206 5207
f 5208 5205 5207
f 3649 3640 3650
f 3849 3924 3886
f 3849 3886 3846
f 5000 5001 5002
f 4535 4536 4537
f 4635 4633 4636
f 5001 5000 5003
f 3650 3662 3653
f 2404 2402 2405
f 2405 2402 2401
f 4633 4637 4636
f 4631 4628 4625
f 4628 4626 4625
f 4626 4623 4625
f 4629 4627 4628
f 4627 4626 4628
f 2337 2326 2340
f 5674 5675 5676
f 6132 6131 6129
f 4154 4169 4168
f 4154 4168 4155
f 4152 4155 4156
f 4153 4157 4164
f 4164 4157 4165
f 3024 3021 3023
f 204 207 205
f 207 206 205
f 805 842 844
f 2505 2497 2504
f 5763 5762 5764
f 3974 3932 3978
f 3938 3932 3974
f 831 832 833
f 3490 3484 3495
f 3643 3642 3646
f 3847 3887 3883
f 3640 3637 3650
f 3886 3848 3846
f 3848 3847 3846
f 4636 4640 4641
f 5000 5004 5003
f 3650 3636 3662
f 2413 2403 2404
f 2404 2403 2402
f 4640 4642 4641
f 4623 4624 4625
f 2438 2439 2440
f 4627 4623 4626
f 5668 5650 5655
f 5655 5650 5651
f 5655 5647 5665
f 5665 5647 5673
f 5669 5663 5670
f 726 725 727
f 5296 5292 5294
f 3024 3061 3062
f 3024 3062 3021
f 5788 5793 5786
f 5787 5786 5785
f 2539 2522 2528
f 2500 2501 2498
f 2500 2498 2497
f 5764 5762 5766
f 5766 5762 5768
f 832 835 834
f 836 837 833
f 833 837 838
f 3486 3489 3485
f 4641 4642 4643
f 3637 3636 3650
f 2412 2403 2413
f 4642 4644 4643
f 3636 3633 3662
f 4080 4079 4074
f 4079 4078 4074
f 3633 3635 3662
f 4077 4074 4076
f 4077 4076 4087
f 2440 2439 2443
f 2440 2443 2442
f 5647 5664 5673
f 5664 5661 5673
f 725 728 727
f 727 728 734
f 4156 4158 4157
f 4157 4158 4159
f 4157 4159 4165
f 4175 4183 4178
f 4178 4183 4169
f 4191 4183 4175
f 3023 3021 3022
f 206 222 203
f 205 206 203
f 222 206 249
f 2497 2498 2499
f 2497 2499 2503
f 2497 2503 2504
f 5784 5761 5763
f 3978 3927 3984
f 3644 3643 3645
f 3921 3889 3917
f 837 843 839
f 3642 3641 3640
f 3883 3889 3921
f 3486 3485 3484
f 3637 3638 3631
f 2403 2400 2402
f 2402 2400 2401
f 2401 2400 2399
f 4079 4069 4078
f 2412 2411 2403
f 2399 2397 2395
f 4643 4644 4645
f 4074 4078 4075
f 4074 4075 4076
f 5661 5664 5660
f 5660 5659 5661
f 5661 5659 5663
f 5663 5659 5662
f 727 734 735
f 4169 4180 4168
f 4180 4167 4168
f 4168 4167 4155
f 5558 5437 5552
f 5552 5437 5418
f 4183 4185 4169
f 204 205 203
f 5793 5771 5786
f 5786 5771 5785
f 5785 5771 5784
f 206 255 249
f 255 264 249
f 3932 3927 3978
f 3644 3641 3643
f 3643 3641 3642
f 3883 3888 3889
f 3640 3639 3637
f 3637 3639 3638
f 3887 3888 3883
f 2406 2400 2403
f 2411 2406 2403
f 2400 2397 2399
f 4645 4644 4646
f 4078 4084 4083
f 5664 5647 5649
f 5664 5649 5660
f 5660 5649 5659
f 4167 4163 4156
f 4156 4163 4158
f 4158 4160 4159
f 5418 5437 5433
f 4185 4184 4169
f 4169 4184 4180
f 4191 4201 4183
f 5771 5761 5784
f 5762 5773 5768
f 3917 3902 3932
f 843 845 839
f 3483 3492 3488
f 3641 3639 3640
f 3632 3638 3648
f 3632 3648 3634
f 2397 2396 2395
f 2396 2393 2395
f 2395 2393 2394
f 2439 2444 2443
f 5645 5644 5646
f 2804 2803 2800
f 4158 4161 4160
f 4792 4869 4802
f 3021 3015 3022
f 204 203 199
f 5793 5759 5771
f 203 222 197
f 5761 5760 5762
f 264 262 249
f 5523 5542 5520
f 5520 5380 5521
f 3492 3493 3488
f 3639 3658 3638
f 4069 4066 4068
f 2414 2397 2400
f 2406 2414 2400
f 4647 4649 4648
f 4646 4647 4648
f 4069 4068 4072
f 4068 4073 4072
f 4072 4073 4084
f 5330 5331 5332
f 5348 5349 5350
f 2411 2415 2406
f 2411 2418 2415
f 2406 2415 2414
f 2394 2393 2392
f 4647 4650 4649
f 2446 2444 2445
f 2446 2447 2444
f 5652 5653 5645
f 5652 5645 5646
f 5644 5643 5640
f 5640 5641 5642
f 2327 2331 2334
f 5272 5273 5274
f 4163 4166 4158
f 4158 4166 4161
f 4167 4174 4163
f 4795 4801 4793
f 4167 4180 4182
f 4167 4182 4177
f 4183 4201 4185
f 3062 3065 3014
f 222 202 197
f 222 260 202
f 5760 5773 5762
f 5807 5808 5809
f 5809 5808 5810
f 5396 5378 5363
f 3932 3902 3927
f 5572 5378 5396
f 3888 3841 3890
f 3888 3890 3889
f 3658 3659 3638
f 2397 2398 2396
f 2415 2416 2414
f 2414 2417 2397
f 3638 3659 3648
f 2414 2416 2417
f 4650 4651 4649
f 3648 3659 3660
f 5653 5666 5654
f 5653 5654 5645
f 5645 5654 5648
f 5645 5643 5644
f 5643 5641 5640
f 2333 2332 2327
f 4167 4177 4174
f 3066 3065 3062
f 5940 5959 5958
f 3014 3015 3021
f 197 202 198
f 197 198 196
f 5757 5756 5771
f 5771 5756 5761
f 202 260 198
f 249 262 260
f 5380 5375 5378
f 5751 5750 5775
f 5528 5526 5525
f 5534 5532 5530
f 5534 5530 5535
f 5535 5530 5528
f 5535 5528 5525
f 3917 3891 3902
f 3889 3890 3891
f 3841 3840 3890
f 4066 4067 4068
f 2398 2408 2407
f 2396 2398 2407
f 5580 5441 5579
f 5579 5441 5430
f 5389 5390 5391
f 1443 1442 1425
f 2393 2391 2392
f 2392 2391 2390
f 4650 4652 4651
f 5648 5643 5645
f 5953 5952 5948
f 3014 3013 3015
f 199 197 193
f 5759 5757 5771
f 196 198 201
f 5756 5760 5761
f 260 259 198
f 5603 5602 5601
f 5760 5748 5773
f 5773 5748 5751
f 5357 5354 5383
f 3902 3901 3927
f 5364 5361 5365
f 4071 4070 4066
f 3890 3840 3892
f 4066 4070 4067
f 3841 3837 3840
f 5598 5596 5597
f 1425 1442 1438
f 4652 4653 4651
f 2390 2389 2388
f 4177 4176 4174
f 4174 4176 4163
f 4182 4187 4177
f 4800 4830 4801
f 4180 4189 4182
f 4185 4192 4184
f 4200 4196 4185
f 4201 4200 4185
f 5960 5962 5963
f 5962 5967 5963
f 3014 3065 3012
f 199 193 200
f 3014 3012 3013
f 193 197 195
f 5759 5758 5757
f 197 196 195
f 262 266 260
f 5775 5750 5779
f 3837 3839 3840
f 3890 3892 3891
f 2408 2409 2407
f 1441 1444 1426
f 1438 1423 1424
f 2391 2389 2390
f 4653 4654 4655
f 4653 4652 4654
f 4176 4179 4166
f 4163 4176 4166
f 4182 4189 4187
f 4184 4192 4180
f 4180 4192 4189
f 4196 4192 4185
f 196 201 192
f 196 192 195
f 5757 5755 5756
f 192 201 226
f 198 248 201
f 198 252 248
f 5748 5749 5751
f 259 252 198
f 260 266 259
f 5749 5750 5751
f 3965 3925 3981
f 3981 3925 3983
f 3901 3925 3927
f 3927 3925 3965
f 3891 3892 3893
f 3839 3842 3840
f 3840 3842 3892
f 1440 1441 1426
f 1426 1425 1412
f 4655 4654 4656
f 2389 2387 2388
f 2387 2386 2388
f 2809 2801 2803
f 4856 4864 4870
f 3009 3012 3065
f 5406 5407 5404
f 193 195 192
f 192 226 227
f 5356 5381 5359
f 5359 5362 5361
f 1440 1426 1414
f 1414 1426 1412
f 1414 1412 1413
f 4656 4657 4658
f 4654 4657 4656
f 2806 2801 2809
f 193 191 194
f 193 192 191
f 5758 5755 5757
f 5755 5748 5756
f 3925 3916 3983
f 259 268 252
f 3901 3916 3925
f 3902 3894 3901
f 3842 3900 3892
f 3892 3900 3899
f 3892 3899 3893
f 3891 3893 3894
f 3891 3894 3902
f 1410 1415 1407
f 1416 1427 1418
f 2386 2384 2385
f 4177 4187 4176
f 4196 4195 4192
f 5423 5428 5422
f 3012 3008 3013
f 190 233 172
f 191 192 190
f 190 192 228
f 192 227 228
f 5748 5747 5749
f 248 243 226
f 5749 5747 5750
f 5747 5752 5750
f 5750 5752 5779
f 3916 3946 3983
f 266 268 259
f 5500 5498 5501
f 3899 3895 3893
f 3895 3894 3893
f 5498 5496 5497
f 1413 1412 1411
f 1412 1410 1411
f 2387 2384 2386
f 4658 4657 4659
f 4658 4659 4660
f 2384 2382 2385
f 4187 4186 4176
f 4189 4188 4187
f 4195 4193 4192
f 4192 4193 4189
f 231 194 191
f 231 191 189
f 191 190 189
f 189 190 182
f 3009 3008 3012
f 158 182 172
f 172 161 158
f 158 161 159
f 172 233 161
f 190 228 233
f 5758 5774 5755
f 228 227 232
f 227 226 243
f 227 243 232
f 1056 1049 1048
f 248 253 243
f 5752 5780 5779
f 265 253 248
f 252 265 248
f 3916 3941 3946
f 3946 3967 3969
f 268 265 252
f 3895 3896 3894
f 1411 1410 1406
f 1406 1410 1407
f 1407 1416 1417
f 1418 1427 1420
f 2384 2383 2382
f 4659 4661 4660
f 4660 4661 4662
f 2806 2807 2802
f 2806 2802 2801
f 4176 4181 4179
f 4188 4186 4187
f 4208 4207 4196
f 3416 3415 3411
f 187 231 189
f 187 189 182
f 187 182 183
f 183 158 160
f 3009 3010 3007
f 158 159 160
f 228 232 239
f 5755 5754 5748
f 3896 3897 3894
f 3897 3898 3894
f 3894 3898 3901
f 3901 3898 3916
f 3941 3967 3946
f 1406 1407 1408
f 1408 1407 1409
f 1409 1407 1417
f 5495 5489 5540
f 1418 1420 1419
f 2382 2380 2379
f 4176 4186 4181
f 4189 4194 4188
f 4196 4203 4195
f 1474 1472 1470
f 159 162 160
f 233 254 161
f 161 254 159
f 5754 5745 5748
f 243 261 232
f 5748 5745 5747
f 5505 5504 5502
f 3969 3970 3977
f 3898 3941 3916
f 3967 3968 3969
f 1453 1408 1409
f 5495 5490 5489
f 1409 1417 1421
f 1417 1419 1421
f 4186 4190 4181
f 4193 4194 4189
f 187 183 188
f 4203 4193 4195
f 3007 3006 3008
f 162 159 238
f 159 254 238
f 233 239 254
f 3968 3970 3969
f 3897 3945 3898
f 3898 3945 3944
f 3898 3944 3943
f 1453 1409 1454
f 1454 1409 1421
f 3967 3941 3966
f 3967 3966 3968
f 5489 5480 5540
f 5488 5482 5487
f 2379 2380 2381
f 2379 2381 2410
f 4194 4186 4188
f 3073 3070 3071
f 188 183 184
f 162 163 160
f 1472 1471 1470
f 4029 4026 4040
f 4030 4013 4029
f 1048 1045 1051
f 5747 5746 5752
f 5746 5790 5752
f 1049 1047 1046
f 1049 1046 1048
f 5752 5781 5780
f 3943 3942 3898
f 1421 1428 1430
f 3898 3942 3941
f 3941 3942 3966
f 4194 4197 4186
f 1470 1469 1480
f 160 163 166
f 3011 3004 3010
f 1470 1466 1469
f 3010 3004 3007
f 1470 1471 1466
f 5774 5753 5754
f 4013 4026 4029
f 4015 4011 4013
f 5745 5746 5747
f 5752 5790 5781
f 5513 5577 5490
f 1422 1419 1439
f 5488 5480 5482
f 3454 3442 3456
f 4193 4206 4194
f 3411 3409 3408
f 4203 4206 4193
f 1480 1469 1475
f 1466 1460 1469
f 4026 4031 4040
f 5753 5744 5754
f 5629 5628 5627
f 5518 5507 5504
f 1046 1045 1048
f 5503 5510 5513
f 5513 5510 5577
f 3968 3971 3970
f 638 645 690
f 3972 3971 3968
f 3966 3972 3968
f 4186 4198 4190
f 184 169 185
f 4186 4197 4198
f 185 169 168
f 169 166 168
f 3442 3447 3458
f 166 163 167
f 163 164 167
f 163 162 164
f 162 165 164
f 1466 1465 1460
f 162 237 234
f 162 234 165
f 5753 5743 5744
f 1450 1451 1449
f 4012 4014 4013
f 4011 4012 4013
f 632 633 634
f 3986 4012 4011
f 5503 5509 5510
f 3970 3979 3982
f 5490 5577 5478
f 1431 1428 1429
f 3970 3971 3979
f 4198 4199 4190
f 166 167 168
f 4206 4209 4194
f 4194 4209 4197
f 1469 1461 1475
f 1469 1460 1461
f 1460 1458 1461
f 4505 4504 4496
f 165 241 181
f 1460 1459 1458
f 4024 4032 4031
f 1459 1450 1458
f 4026 4024 4031
f 1450 1448 1458
f 1450 1449 1448
f 4014 4019 4013
f 637 630 636
f 1435 1436 1431
f 636 639 640
f 652 646 700
f 3753 3755 3756
f 185 168 186
f 4197 4209 4198
f 5238 5240 5241
f 167 164 170
f 3070 2971 3011
f 170 164 171
f 3011 2971 3004
f 1475 1461 1476
f 165 181 171
f 164 165 171
f 2971 2973 3004
f 171 181 175
f 3004 2973 3005
f 1458 1462 1461
f 244 241 165
f 1063 1061 1067
f 1458 1457 1462
f 4024 4025 4032
f 5743 5741 5744
f 1458 1448 1457
f 4021 4024 4026
f 1448 1449 1437
f 3986 4016 4012
f 1044 1046 1047
f 5510 5511 5577
f 5577 5493 5478
f 5339 5340 5341
f 3046 2972 3075
f 1477 1476 1478
f 1477 1478 1481
f 170 171 173
f 173 171 174
f 3443 3448 3447
f 171 175 174
f 1476 1461 1463
f 1461 1462 1463
f 241 256 175
f 1462 1457 1455
f 5742 5741 5743
f 4025 4028 4032
f 234 263 244
f 244 269 241
f 1457 1448 1446
f 5745 5741 5746
f 5746 5741 5772
f 5578 5511 5508
f 5746 5772 5790
f 1046 1044 1045
f 1437 1433 1446
f 1448 1437 1446
f 3986 4017 4016
f 5790 5803 5781
f 1433 1431 1432
f 2879 2880 2874
f 4097 4093 4096
f 4097 4095 4093
f 1481 1478 1482
f 4097 4098 4095
f 3384 3385 3378
f 3447 3442 3443
f 175 176 174
f 2971 2970 2973
f 1476 1463 1479
f 3762 3761 3760
f 1462 1456 1463
f 175 240 176
f 1462 1455 1456
f 4028 4023 4060
f 4060 4023 4058
f 4024 4022 4025
f 4025 4022 4023
f 4025 4023 4028
f 1457 1446 1455
f 4021 4022 4024
f 1433 1447 1446
f 4016 4018 4012
f 4012 4018 4014
f 4014 4018 4019
f 641 642 649
f 1433 1432 1434
f 3758 3754 3753
f 3440 3443 3442
f 3404 3407 3405
f 1476 1479 1478
f 2970 2975 2973
f 1463 1456 1464
f 4059 4051 4053
f 256 273 240
f 4023 4051 4058
f 1455 1446 1452
f 5738 5772 5741
f 1045 1044 1043
f 1446 1447 1452
f 649 653 702
f 5790 5772 5803
f 1433 1434 1447
f 2873 2874 2875
f 1549 1535 1543
f 1549 1543 1551
f 3404 3405 3400
f 3403 3404 3400
f 1535 1539 1543
f 3758 3760 3759
f 5472 5474 5473
f 3760 3761 3759
f 3443 3451 3452
f 176 250 178
f 273 250 240
f 5741 5740 5738
f 1452 1467 1468
f 5544 5463 5574
f 4021 4020 4022
f 696 650 695
f 4018 4020 4019
f 4019 4020 4021
f 1044 1042 1043
f 1452 1434 1467
f 2714 2715 2703
f 1536 1558 1557
f 1531 1535 1536
f 1536 1557 1531
f 1531 1530 1535
f 1535 1530 1539
f 1530 1528 1539
f 1528 1540 1539
f 178 250 251
f 3452 3451 3453
f 4022 4020 4023
f 644 650 696
f 5772 5792 5803
f 3403 3399 3413
f 3400 3405 3406
f 1531 1529 1530
f 2972 2974 2970
f 177 178 179
f 1533 1534 1538
f 1538 1534 1531
f 1531 1534 1537
f 1531 1537 1529
f 2974 2975 2970
f 179 178 180
f 1529 1528 1530
f 1533 1526 1534
f 1533 1532 1526
f 1534 1526 1537
f 1537 1527 1529
f 1528 1522 1540
f 4053 4054 4055
f 1522 1542 1540
f 5740 5735 5738
f 4023 4050 4051
f 4051 4052 4053
f 4020 4027 4023
f 4027 4049 4023
f 5772 5737 5792
f 2706 2704 2707
f 1558 1559 1557
f 2718 2727 2720
f 1068 1066 1070
f 3391 3383 3392
f 1548 1533 1538
f 2974 2976 2975
f 1550 1541 1533
f 1533 1541 1532
f 4054 4056 4055
f 1532 1525 1526
f 1526 1524 1537
f 1524 1527 1537
f 1529 1527 1528
f 1528 1527 1522
f 618 620 650
f 4051 4050 4052
f 1527 1520 1522
f 5735 5736 5738
f 650 620 695
f 1526 1525 1524
f 1521 1546 1542
f 1522 1521 1542
f 5738 5736 5737
f 5738 5737 5772
f 1043 1042 1041
f 1521 1518 1547
f 1521 1547 1546
f 1518 1544 1547
f 1518 1517 1544
f 2711 2716 2705
f 3399 3400 3401
f 2882 2884 2883
f 1560 1559 1558
f 3400 3406 3401
f 1541 1555 1532
f 1555 1553 1532
f 4054 4057 4056
f 620 688 695
f 706 651 705
f 707 623 669
f 1553 1525 1532
f 1553 1552 1525
f 1527 1515 1520
f 1525 1512 1523
f 1525 1523 1524
f 1524 1515 1527
f 1524 1519 1515
f 1520 1521 1522
f 1523 1519 1524
f 1521 1520 1518
f 1520 1516 1518
f 1518 1516 1517
f 1517 1545 1544
f 4332 4338 4334
f 2906 2903 2907
f 2907 2909 2910
f 3414 3399 3402
f 2903 2909 2907
f 3399 3401 3402
f 4088 4089 4090
f 616 617 703
f 3369 3372 3393
f 3434 3445 3444
f 3374 3382 3377
f 2723 2721 2720
f 705 647 623
f 1525 1552 1512
f 1040 1041 1042
f 5737 5739 5792
f 5739 5721 5792
f 1512 1519 1523
f 1519 1509 1515
f 1509 1508 1515
f 1515 1508 1516
f 1515 1516 1520
f 1508 1506 1516
f 1516 1514 1517
f 1514 1545 1517
f 2894 2903 2902
f 2902 2903 2906
f 2897 2894 2902
f 2897 2895 2894
f 2895 2892 2894
f 2892 2893 2894
f 2724 2725 2723
f 2723 2725 2721
f 2974 2977 2976
f 2977 2992 2976
f 669 670 709
f 622 651 688
f 5326 5327 5328
f 5735 5720 5736
f 1552 1513 1512
f 1512 1509 1519
f 1509 1507 1508
f 1508 1507 1506
f 1506 1505 1516
f 1516 1505 1514
f 4337 4336 4331
f 2845 2846 2843
f 2904 2898 2897
f 2904 2897 2902
f 2898 2895 2897
f 711 704 656
f 613 614 612
f 612 614 623
f 1060 1059 1074
f 609 610 622
f 670 697 709
f 5735 5722 5720
f 5328 5327 5329
f 4251 4250 4245
f 1041 1038 1050
f 5736 5720 5737
f 5737 5720 5739
f 1041 1040 1036
f 1513 1511 1512
f 1511 1510 1509
f 1512 1511 1509
f 1507 1499 1506
f 1506 1499 1505
f 1505 1503 1514
f 1514 1554 1545
f 1545 1554 1556
f 2845 2847 2846
f 4934 4933 4935
f 2895 2896 2892
f 2896 2899 2892
f 2911 2912 2896
f 2896 2912 2899
f 670 659 697
f 697 659 680
f 4250 4238 4245
f 1041 1036 1038
f 4245 4238 4237
f 1499 1507 1509
f 1509 1510 1499
f 1503 1554 1514
f 2832 2833 2834
f 2905 2901 2898
f 2901 2895 2898
f 2901 2900 2895
f 2895 2900 2896
f 3042 2979 3044
f 2908 2900 2901
f 2908 2911 2900
f 2900 2911 2896
f 657 662 660
f 4238 4236 4237
f 4237 4232 4246
f 1499 1503 1505
f 1499 1502 1503
f 1503 1502 1504
f 3079 3042 3044
f 2838 2839 2837
f 2839 2840 2841
f 4946 4948 4949
f 316 317 318
f 5719 5717 5722
f 664 665 672
f 5722 5717 5720
f 1038 1037 1039
f 1036 1037 1038
f 4237 4236 4232
f 4246 4232 4230
f 4246 4230 4247
f 4230 4239 4247
f 1510 1500 1499
f 1499 1500 1501
f 1501 1502 1499
f 2925 2926 2919
f 2925 2919 2917
f 662 684 661
f 661 684 686
f 661 686 667
f 1611 1628 1620
f 672 665 671
f 5739 5720 5721
f 2919 2913 2917
f 2913 2915 2917
f 2917 2915 2918
f 3041 2981 3042
f 667 686 668
f 5719 5718 5717
f 5717 5715 5720
f 5720 5715 5721
f 4236 4233 4232
f 4232 4231 4230
f 4239 4226 4240
f 4240 4234 4235
f 1037 1023 1039
f 5715 5714 5721
f 1040 1022 1036
f 4233 4231 4232
f 4230 4229 4226
f 4230 4226 4239
f 4226 4234 4240
f 4235 4234 4214
f 4235 4214 4216
f 4214 4212 4215
f 4216 4214 4215
f 2979 2981 2980
f 1036 1023 1037
f 4231 4229 4230
f 4234 4220 4214
f 4214 4210 4212
f 5718 5716 5717
f 5717 5716 5715
f 1036 1022 1023
f 4229 4227 4226
f 4226 4220 4234
f 4220 4210 4214
f 2913 2920 2914
f 2913 2914 2915
f 2914 2916 2915
f 4241 4228 4231
f 4244 4227 4229
f 1631 1635 1632
f 4210 4211 4212
f 2920 2921 2914
f 2923 2924 2916
f 2914 2922 2916
f 1023 1028 1039
f 4228 4244 4229
f 4222 4221 4210
f 4210 4213 4211
f 2921 2920 2924
f 2921 2924 2923
f 4276 4283 4281
f 3041 2983 2981
f 1023 1019 1028
f 1022 1019 1023
f 5715 5710 5714
f 4227 4228 4225
f 4225 4221 4222
f 4227 4225 4222
f 4221 4213 4210
f 4213 4217 4211
f 3043 2983 3041
f 3080 3043 3041
f 5718 5782 5716
f 5716 5710 5715
f 1019 1021 1028
f 5714 5710 5713
f 4221 4219 4213
f 1022 1020 1019
f 4242 4223 4225
f 4223 4219 4221
f 4219 4217 4213
f 2983 2982 2981
f 5782 5710 5716
f 1019 1017 1021
f 4960 4961 4962
f 5782 5711 5710
f 5710 5711 5709
f 1019 1015 1017
f 4277 4278 4280
f 1020 1015 1019
f 5710 5708 5713
f 2983 2984 2982
f 313 311 312
f 5710 5709 5708
f 4277 4280 4288
f 4286 4277 4288
f 1020 1024 1015
f 5711 5707 5709
f 1015 1016 1017
f 2984 2985 2982
f 5711 5794 5707
f 2984 2986 2985
f 1017 1018 1053
f 1017 1016 1018
f 5709 5707 5708
f 1024 1025 1015
f 1025 1016 1015
f 5707 5693 5708
f 2986 2987 2985
f 1016 1026 1018
f 2988 2987 2986
f 5794 5706 5707
f 3018 2988 2986
f 3040 3018 2986
f 5794 5783 5706
f 5707 5706 5693
f 1025 1026 1016
f 2988 2989 2987
f 5706 5690 5693
f 1025 1027 1026
f 2988 2990 2989
f 5778 5706 5783
f 1026 1029 1018
f 1026 1027 1029
f 5778 5733 5706
f 5706 5733 5690
f 3020 2993 3018
f 3018 2993 2990
f 1018 1029 1031
f 5693 5690 5689
f 2990 2991 2989
f 5690 5733 5685
f 5778 5776 5733
f 5690 5685 5689
f 5733 5687 5685
f 3019 2993 3020
f 5776 5687 5733
f 5685 5687 5683
f 1027 1030 1029
f 2991 2994 2995
f 1030 1032 1031
f 1029 1030 1031
f 5685 5684 5689
f 5685 5683 5684
f 1032 1035 1031
f 3016 2994 3019
f 2994 2996 2995
f 5687 5681 5683
f 5683 5680 5684
f 5681 5680 5683
f 277 292 279
f 1032 1034 1035
f 3016 2997 2994
f 2994 2997 2996
f 5680 5688 5684
f 5680 5682 5688
f 1030 1033 1032
f 5680 5681 5682
f 2998 2996 2997
f 1032 1033 1034
f 5682 5734 5688
f 3003 2998 3017
f 2998 2999 2996
f 5681 5686 5682
f 1055 1034 1076
f 5734 5796 5688
f 1033 1076 1034
f 1033 1078 1076
f 3003 3000 2998
f 2998 3000 2999
f 5802 5796 5797
f 366 298 331
f 3094 3093 3105
f 2999 3000 3001
f 5686 5691 5682
f 5682 5694 5734
f 3003 3002 3000
f 5682 5692 5694
f 5734 5694 5796
f 5691 5692 5682
f 5694 5795 5796
f 5796 5795 5797
f 3027 3002 3003
f 3002 3001 3000
f 5797 5795 5798
f 5308 5309 5310
f 5797 5798 5799
f 360 325 361
f 5694 5723 5795
f 298 361 325
f 3002 3034 3001
f 5691 5724 5692
f 5692 5695 5694
f 3137 3133 3135
f 3027 3028 3002
f 5694 5695 5723
f 5795 5801 5798
f 5798 5801 5800
f 5798 5800 5799
f 3002 3028 3034
f 5724 5696 5692
f 5692 5696 5695
f 3136 3129 3126
f 3094 3029 3027
f 3134 3132 3130
f 3134 3130 3138
f 365 333 360
f 3027 3029 3028
f 5695 5698 5723
f 2368 2367 2358
f 2368 2358 2357
f 2357 2358 2359
f 2357 2359 2360
f 2360 2359 2361
f 365 364 333
f 3034 3035 3038
f 2359 2362 2361
f 3029 3030 3028
f 3028 3030 3033
f 3030 3036 3033
f 5696 5697 5695
f 344 290 345
f 3036 3035 3033
f 5712 5705 5696
f 5696 5705 5697
f 3627 3626 3625
f 5697 5698 5695
f 2367 2366 2358
f 3029 3031 3030
f 4464 4469 4468
f 344 350 291
f 4468 4469 4470
f 3036 3037 3035
f 308 346 290
f 3035 3037 3051
f 3096 3111 3101
f 350 295 291
f 308 356 346
f 5705 5725 5726
f 3626 3623 3625
f 5700 5699 5697
f 5697 5699 5698
f 3037 3050 3051
f 356 308 357
f 3029 3032 3031
f 4464 4465 4466
f 4469 4464 4466
f 346 356 348
f 4909 4910 4911
f 3623 3624 3625
f 2366 2364 2358
f 2358 2364 2363
f 3032 3039 3031
f 4465 4467 4466
f 4912 4913 4914
f 3050 3054 3051
f 5728 5727 5725
f 5725 5727 5726
f 356 362 348
f 3624 3629 3625
f 5703 5704 5700
f 5702 5703 5700
f 5700 5704 5699
f 5699 5704 5777
f 3048 3049 3037
f 3037 3049 3050
f 4912 4915 4913
f 5728 5729 5727
f 3624 3630 3629
f 362 351 348
f 5729 5730 5727
f 5729 5732 5730
f 5727 5730 5731
f 5023 5026 5024
f 1208 1168 1134
f 1134 1168 1133
f 4260 4254 4253
f 4253 4254 4255
f 5022 5023 5021
f 5021 5023 5024
f 4562 4558 4557
f 4253 4255 4256
f 1134 1133 1129
f 5019 5022 5021
f 4563 4562 4557
f 1202 1209 1132
f 1138 1172 1137
f 1129 1133 1097
f 4253 4256 4257
f 972 914 996
f 5018 5019 5020
f 5020 5019 5021
f 4564 4563 4557
f 1114 1202 1132
f 1136 1138 1137
f 1129 1097 1127
f 1128 1129 1127
f 1127 1097 1095
f 913 914 972
f 5020 5021 5025
f 4564 4557 4559
f 966 901 960
f 1114 1132 1131
f 1097 1210 1098
f 966 960 1010
f 1200 1202 1114
f 1125 1114 1131
f 4306 4307 4305
f 1136 1137 1135
f 902 910 962
f 4259 4260 4253
f 4259 4253 4258
f 4258 4253 4257
f 1096 1097 1098
f 1096 1098 1101
f 1200 1114 1102
f 1114 1125 1100
f 4303 4304 4305
f 1091 1136 1135
f 899 902 962
f 1128 1127 1093
f 1093 1127 1095
f 1095 1097 1096
f 1101 1200 1102
f 1102 1114 1100
f 4310 4306 4308
f 4308 4303 4305
f 4310 4308 4305
f 1205 1136 1091
f 1091 1135 1093
f 1135 1128 1093
f 1101 1102 1100
f 4311 4306 4310
f 1096 1101 1100
f 1205 1091 1090
f 1091 1093 1089
f 1093 1095 1089
f 1089 1095 1096
f 1096 1100 1092
f 1092 1100 1104
f 4663 4666 4664
f 4663 4664 4665
f 4312 4311 4310
f 1090 1091 1089
f 1089 1096 1092
f 1089 1092 1088
f 4567 4566 4569
f 4569 4566 4570
f 1090 1089 1086
f 1141 1119 1175
f 1141 1175 1174
f 4568 4565 4567
f 4568 4567 4569
f 1086 1089 1088
f 1088 1092 1112
f 1092 1119 1112
f 1112 1119 1141
f 3530 3522 3531
f 1141 1174 1173
f 1008 1012 1014
f 4570 4575 4569
f 4313 4312 4310
f 4313 4310 4314
f 4315 4312 4313
f 1118 1141 1145
f 1145 1141 1173
f 4575 4568 4569
f 4313 4314 4317
f 1085 1090 1086
f 1084 1086 1088
f 1112 1141 1118
f 4574 4568 4575
f 1085 1086 1084
f 1094 1088 1112
f 1113 1112 1118
f 4573 4574 4575
f 1084 1088 1087
f 1087 1088 1094
f 1113 1094 1112
f 4577 4580 4574
f 4576 4574 4573
f 4578 4577 4576
f 4316 4315 4313
f 4316 4313 4317
f 1106 1087 1094
f 1001 1002 1007
f 4316 4317 4318
f 1142 1085 1083
f 1083 1085 1084
f 1083 1084 1082
f 1082 1084 1087
f 1082 1087 1106
f 4578 4581 4579
f 4324 4323 4316
f 4581 4582 4579
f 4584 4582 4581
f 4320 4316 4319
f 4316 4318 4319
f 4584 4581 4585
f 4321 4320 4319
f 1080 1083 1082
f 1105 1082 1106
f 1142 1083 1080
f 1081 1082 1105
f 873 955 956
f 1080 1082 1081
f 1194 1142 1117
f 1081 1105 1121
f 4321 4319 4322
f 1117 1142 1080
f 869 956 868
f 1117 1080 1079
f 1079 1080 1081
f 1191 1194 1117
f 1079 1081 1099
f 5855 5857 5856
f 5858 5857 5855
f 1081 1121 1099
f 1099 1121 1130
f 1191 1117 1116
f 866 867 868
f 1117 1079 1116
f 973 959 980
f 1107 1099 1130
f 5852 5855 5854
f 1103 1116 1079
f 1103 1079 1099
f 5852 5854 5853
f 958 959 973
f 1201 1191 1116
f 1103 1099 1107
f 1107 1130 1108
f 1190 1201 1116
f 958 973 961
f 1190 1116 1115
f 1115 1116 1103
f 5852 5853 5851
f 1188 1190 1115
f 1185 1190 1188
f 1103 1108 1109
f 1108 1212 1213
f 5850 5852 5851
f 1185 1188 1181
f 1109 1108 1110
f 1188 1115 1109
f 1109 1115 1103
f 1108 1213 1110
f 5850 5851 5848
f 1180 1181 1188
f 1180 1188 1109
f 1111 1109 1110
f 5849 5850 5848
f 1180 1109 1111
f 1185 1181 1182
f 1189 1180 1111
f 1111 1110 1120
f 1402 1400 1394
f 1400 1395 1394
f 5860 5848 5851
f 1182 1181 1179
f 1179 1181 1180
f 850 851 848
f 1370 1394 1395
f 1122 1111 1120
f 1881 1893 1906
f 1371 1402 1394
f 1371 1394 1370
f 1370 1395 1398
f 1398 1395 1401
f 5847 5849 5848
f 976 848 974
f 1179 1180 1177
f 1180 1189 1177
f 1189 1111 1122
f 1370 1398 1369
f 1881 1906 1905
f 1366 1371 1370
f 1398 1401 1399
f 5848 5860 5846
f 1177 1189 1122
f 542 550 548
f 1366 1370 1364
f 1364 1370 1369
f 1897 1883 1884
f 1369 1398 1397
f 1397 1398 1399
f 5847 5848 5846
f 1183 1182 1178
f 1182 1179 1178
f 1178 1179 1177
f 1382 1371 1366
f 1361 1366 1364
f 1368 1369 1397
f 1177 1122 1124
f 1122 1120 1123
f 1382 1366 1375
f 1364 1369 1368
f 1397 1399 1396
f 859 857 853
f 1178 1177 1176
f 1176 1177 1124
f 1404 1382 1379
f 1379 1382 1375
f 5289 5288 5279
f 1183 1178 1186
f 1186 1178 1184
f 1379 1403 1404
f 1124 1122 1123
f 1375 1366 1361
f 1361 1364 1363
f 1363 1364 1368
f 1368 1397 1396
f 5844 5846 5843
f 1178 1176 1184
f 1184 1176 1140
f 1381 1403 1379
f 1360 1375 1361
f 517 518 533
f 5847 5846 5844
f 4618 4620 4621
f 524 504 534
f 1392 1381 1389
f 861 860 859
f 1140 1176 1124
f 1124 1123 1126
f 1367 1368 1396
f 4618 4621 4622
f 1187 1183 1186
f 1187 1186 1192
f 5861 5847 5844
f 1186 1184 1199
f 5155 5156 5157
f 862 859 977
f 1140 1124 1139
f 1389 1381 1380
f 1380 1381 1379
f 1139 1124 1126
f 5299 5300 5301
f 1359 1360 1361
f 1363 1368 1367
f 3685 3688 3686
f 533 518 523
f 523 518 522
f 523 522 527
f 1192 1186 1199
f 2658 2663 2662
f 5345 5346 5347
f 527 524 535
f 527 535 528
f 862 977 986
f 1199 1184 1171
f 1171 1184 1140
f 1139 1126 1143
f 1380 1379 1376
f 1376 1379 1375
f 1376 1375 1362
f 1375 1360 1362
f 1359 1361 1363
f 1365 1363 1367
f 5336 5337 5338
f 3685 3686 3687
f 530 549 532
f 3688 3685 3693
f 3693 3685 3682
f 3694 3688 3693
f 3695 3693 3682
f 3695 3682 3703
f 863 862 986
f 3694 3693 3695
f 3694 3695 3696
f 3696 3695 3697
f 3695 3698 3697
f 1140 1139 1144
f 1144 1139 1143
f 1362 1360 1359
f 1359 1363 1365
f 3828 3811 3831
f 5844 5843 5840
f 3685 3687 3683
f 531 529 530
f 1187 1192 1193
f 1391 1390 1387
f 5861 5844 5845
f 1192 1199 1193
f 1193 1199 1198
f 2657 2658 2662
f 1390 1392 1385
f 1198 1199 1171
f 1198 1171 1170
f 1385 1392 1389
f 2644 2662 2649
f 3698 3702 3699
f 1171 1140 1170
f 2644 2649 2648
f 2644 2648 2645
f 3697 3698 3699
f 3700 3697 3699
f 1385 1389 1384
f 1170 1140 1144
f 470 444 480
f 470 481 488
f 480 444 449
f 1158 1143 1164
f 1362 1359 1374
f 1359 1365 1372
f 1372 1365 1373
f 3831 3811 3774
f 3690 3710 3692
f 3692 3710 3709
f 5840 5843 5841
f 5845 5844 5840
f 3683 3687 3689
f 3681 3682 3683
f 1387 1390 1385
f 2811 2817 2818
f 2811 2818 2814
f 2654 2656 2655
f 2655 2656 2657
f 2664 2657 2662
f 2813 2824 2815
f 2647 2662 2644
f 2646 2644 2643
f 4683 4686 4684
f 2643 2644 2645
f 1389 1380 1384
f 1146 1143 1158
f 1384 1380 1376
f 3811 3809 3774
f 1373 1365 1367
f 1373 1367 1405
f 3690 3692 3691
f 2457 2462 2460
f 3689 3687 3690
f 2819 2817 2816
f 3684 3683 3689
f 3684 3689 3707
f 2428 2423 2420
f 2816 2817 2811
f 2423 2424 2422
f 2422 2424 2431
f 2813 2811 2814
f 2812 2811 2813
f 2812 2813 2815
f 2664 2662 2647
f 2647 2644 2646
f 861 862 863
f 1144 1143 1146
f 510 449 509
f 1376 1362 1378
f 1374 1359 1372
f 3808 3772 3774
f 3809 3808 3774
f 3773 3812 3815
f 3692 3709 3708
f 1657 1664 1653
f 5839 5841 5842
f 2451 2457 2454
f 2454 2457 2460
f 3689 3690 3691
f 1670 1671 1658
f 2420 2423 2422
f 2810 2816 2811
f 5877 5861 5875
f 2459 2458 2450
f 5312 5313 5314
f 1387 1385 1386
f 5878 5861 5877
f 2655 2657 2665
f 2665 2657 2664
f 2650 2664 2647
f 1383 1384 1376
f 1362 1374 1377
f 1378 1362 1377
f 3807 3776 3772
f 3772 3776 3775
f 1377 1374 1372
f 3808 3820 3806
f 3808 3806 3807
f 3808 3807 3772
f 3773 3804 3812
f 5840 5841 5839
f 1391 1387 1388
f 3705 3707 3689
f 1663 1670 1658
f 2810 2811 2812
f 5889 5891 5888
f 1162 1163 1160
f 2665 2664 2650
f 3781 3782 3778
f 2647 2646 2650
f 1385 1384 1383
f 1383 1376 1378
f 4463 4462 4458
f 1158 1164 1155
f 3800 3813 3776
f 3800 3776 3801
f 3805 3801 3806
f 3801 3776 3807
f 3806 3801 3807
f 3776 3796 3802
f 3804 3803 3812
f 3706 3692 3708
f 5862 5845 5840
f 5838 5840 5839
f 3691 3692 3706
f 2428 2420 2419
f 2820 2819 2816
f 3705 3689 3691
f 3705 3691 3706
f 3711 3707 3705
f 1643 1663 1658
f 2420 2422 2421
f 2453 2459 2450
f 3818 3817 3779
f 1386 1388 1387
f 1162 1169 1163
f 2659 2653 2655
f 1668 1669 1663
f 3777 3778 3779
f 865 863 991
f 3777 3781 3778
f 1386 1385 1383
f 391 390 392
f 3783 3782 3781
f 3800 3786 3813
f 3813 3786 3794
f 3799 3787 3810
f 4453 4459 4447
f 3796 3794 3795
f 3810 3787 3805
f 3805 3787 3801
f 3787 3800 3801
f 3796 3795 3797
f 3796 3797 3802
f 3802 3797 3803
f 1652 1653 1651
f 5862 5840 5838
f 1645 1657 1652
f 2429 2428 2419
f 5877 5875 5862
f 2419 2420 2421
f 1393 1388 1386
f 1197 1169 1162
f 2659 2655 2660
f 3779 3789 3780
f 1662 1668 1663
f 2655 2665 2666
f 2660 2655 2666
f 3777 3779 3780
f 1162 1160 1159
f 3328 3326 3330
f 1160 1144 1147
f 1159 1160 1147
f 388 390 391
f 3781 3777 3784
f 3777 3780 3784
f 3783 3781 3784
f 3794 3786 3793
f 1147 1144 1146
f 388 391 393
f 3785 3786 3800
f 4444 4443 4446
f 3783 3784 3799
f 3799 3784 3787
f 3787 3784 3785
f 3794 3793 3795
f 3795 3793 3798
f 3787 3785 3800
f 1146 1158 1148
f 1158 1155 1148
f 2454 2460 2455
f 2455 2460 2461
f 2821 2819 2820
f 5837 5838 5839
f 2820 2816 2822
f 2450 2451 2452
f 2816 2810 2822
f 3712 3705 3706
f 3711 3705 3712
f 1642 1663 1643
f 3789 3788 3780
f 2666 2665 2667
f 3780 3788 3786
f 3786 3788 3790
f 3328 3330 3343
f 2665 2650 2667
f 386 390 388
f 3780 3786 3785
f 3793 3786 3790
f 3793 3790 3792
f 5091 5088 5093
f 3784 3780 3785
f 3793 3792 3798
f 2300 2299 2297
f 4445 4442 4444
f 2297 2299 2298
f 4442 4445 4441
f 2297 2298 2293
f 2293 2296 2295
f 1645 1652 1651
f 2427 2429 2419
f 3791 3814 3816
f 2419 2421 2425
f 2453 2450 2452
f 2822 2810 2823
f 2661 2659 2660
f 3788 3814 3791
f 1654 1662 1642
f 1662 1663 1642
f 3790 3788 3791
f 3790 3791 3792
f 1654 1660 1662
f 5094 5091 5093
f 4440 4443 4442
f 2301 2300 2297
f 4440 4442 4441
f 4438 4447 4436
f 4436 4458 4433
f 1647 1645 1651
f 2430 2429 2427
f 403 413 402
f 1643 1645 1644
f 2463 2453 2452
f 1196 1197 1162
f 5089 5090 5087
f 398 384 383
f 5089 5087 5086
f 384 385 380
f 1156 1162 1159
f 380 385 386
f 3323 3328 3340
f 387 386 388
f 5102 5091 5094
f 1147 1146 1148
f 4438 4440 4441
f 2301 2297 2292
f 2292 2297 2293
f 2294 2293 2295
f 2295 2296 2302
f 412 403 399
f 399 403 402
f 1644 1645 1646
f 5862 5838 5835
f 5835 5838 5837
f 2464 2453 2463
f 398 399 402
f 1648 1642 1644
f 1642 1643 1644
f 399 382 400
f 399 398 382
f 5889 5888 5885
f 1156 1196 1162
f 383 382 398
f 383 384 380
f 3322 3323 3340
f 1156 1159 1147
f 3322 3295 3323
f 380 386 387
f 3294 3295 3322
f 5101 5102 5094
f 4616 4617 4615
f 4616 4615 4614
f 455 454 476
f 4434 4436 4433
f 2292 2293 2294
f 2303 2295 2302
f 4826 4828 4805
f 1646 1645 1647
f 2427 2419 2426
f 2426 2419 2425
f 5885 5888 5887
f 1654 1642 1648
f 401 400 382
f 922 991 992
f 372 382 383
f 372 383 380
f 5102 5105 5092
f 380 387 389
f 5097 5102 5101
f 5095 5097 5101
f 4439 4440 4438
f 4608 4616 4614
f 4608 4609 4610
f 4609 4608 4614
f 1666 1665 1661
f 4609 4614 4615
f 2310 2301 2292
f 2307 2292 2294
f 2294 2295 2303
f 1928 1930 1962
f 394 396 395
f 3733 3732 3731
f 5887 5888 5890
f 11 12 13
f 5874 5862 5835
f 3341 3342 3344
f 5835 5837 5836
f 5109 5110 5089
f 1649 1648 1644
f 376 401 374
f 374 401 382
f 5092 5109 5089
f 374 382 372
f 1149 1156 1147
f 5097 5105 5102
f 372 380 373
f 4437 4439 4438
f 4434 4435 4437
f 1147 1148 1149
f 4613 4608 4612
f 4432 4435 4434
f 1149 1148 1150
f 4612 4608 4610
f 1148 1155 1150
f 4610 4609 4611
f 2302 2305 2304
f 4808 4826 4805
f 375 394 395
f 375 395 376
f 1195 1196 1156
f 5105 5109 5092
f 3321 3322 3338
f 3299 3294 3321
f 5095 5096 5097
f 5098 5096 5095
f 1666 1661 1667
f 1167 1166 1153
f 1155 1167 1153
f 4042 4009 3959
f 2303 2302 2304
f 2304 2305 2306
f 4768 4805 4769
f 3734 3733 3731
f 411 394 377
f 377 394 375
f 5109 5122 5110
f 1649 1644 1646
f 5863 5874 5835
f 375 376 374
f 375 374 370
f 370 374 372
f 1156 1149 1157
f 370 372 371
f 1656 1659 1655
f 371 372 373
f 1661 1659 1656
f 1667 1661 1656
f 409 371 408
f 371 373 408
f 3290 3289 3292
f 3951 3980 3936
f 2308 2304 2306
f 4808 4805 4768
f 3734 3731 3735
f 411 377 381
f 1648 1649 1650
f 5096 5106 5105
f 1195 1156 1157
f 5099 5100 5096
f 1150 1155 1153
f 4041 4042 3959
f 2309 2308 2306
f 4858 4827 4806
f 5885 5887 5886
f 6255 6257 6258
f 370 377 375
f 1656 1655 1650
f 5100 5103 5096
f 1293 1297 1286
f 1151 1157 1149
f 1289 1293 1281
f 1287 1290 1289
f 410 369 371
f 1151 1149 1150
f 410 371 409
f 4411 4425 4427
f 4041 3959 3985
f 779 780 778
f 38 39 40
f 4768 4769 4731
f 4827 4808 4804
f 4806 4827 4804
f 5872 5871 5866
f 5866 5871 5863
f 397 411 381
f 5866 5863 5833
f 5833 5863 5835
f 3321 3338 3350
f 5834 5835 5836
f 6256 6257 6255
f 381 377 368
f 368 377 370
f 1280 1286 1271
f 1286 1282 1271
f 1273 1282 1298
f 1672 1656 1650
f 1281 1293 1280
f 5117 5100 5145
f 369 370 371
f 1150 1153 1152
f 1151 1150 1152
f 775 779 778
f 1922 1924 1923
f 1923 1917 1922
f 1922 1917 1916
f 1916 1917 1918
f 1918 1921 1920
f 3736 3744 3734
f 5828 5867 5830
f 5876 5872 5866
f 5830 5876 5866
f 5868 5867 5828
f 6255 6258 6259
f 5833 5835 5834
f 928 992 988
f 1272 1271 1273
f 5834 5836 5864
f 1287 1289 1281
f 369 410 367
f 1153 1166 1165
f 4411 4427 4404
f 775 778 765
f 1916 1918 1919
f 4728 4768 4731
f 3313 3321 3350
f 926 928 988
f 1270 1271 1272
f 6261 6255 6259
f 397 381 368
f 1280 1271 1269
f 6287 6288 6289
f 6260 6256 6253
f 6253 6256 6255
f 1157 1151 1152
f 369 368 370
f 4420 4417 4419
f 1152 1153 1154
f 4405 4411 4404
f 4409 4404 4427
f 764 775 765
f 764 765 762
f 762 765 768
f 1919 1918 1920
f 4730 4768 4728
f 4804 4808 4730
f 4808 4768 4730
f 3744 3736 3740
f 4858 4806 4807
f 4857 4860 4858
f 5830 5866 5823
f 5823 5866 5833
f 1269 1271 1270
f 1268 1269 1270
f 3307 3269 3312
f 5108 5104 5112
f 1281 1280 1269
f 6265 6267 6266
f 6266 6267 6272
f 6254 6255 6261
f 378 397 368
f 5834 5864 5865
f 5144 5112 5104
f 6272 6260 6253
f 6253 6255 6254
f 1161 1157 1152
f 367 368 369
f 1203 1152 1204
f 1204 1152 1154
f 4412 4417 4414
f 4404 4409 4401
f 4401 4409 4423
f 761 770 764
f 761 764 762
f 763 762 768
f 759 763 776
f 3313 3350 3356
f 5823 5833 5832
f 5832 5833 5834
f 5832 5834 5865
f 1284 1283 1274
f 1283 1281 1274
f 1274 1281 1269
f 405 404 379
f 379 404 378
f 3357 3364 3362
f 3245 3300 3269
f 6206 6272 6197
f 6197 6272 6253
f 379 378 367
f 367 378 368
f 6197 6253 6205
f 379 367 407
f 4417 4412 4418
f 4413 4412 4405
f 6198 6203 6204
f 1154 1165 1206
f 760 770 761
f 755 761 762
f 755 762 763
f 755 763 759
f 4728 4731 4729
f 3738 3744 3740
f 4720 4804 4730
f 4857 4858 4807
f 5828 5830 5822
f 3307 3313 3356
f 1274 1269 1261
f 1261 1269 1268
f 5113 5108 5112
f 6281 6282 6278
f 406 405 379
f 6196 6197 6205
f 406 379 407
f 6196 6205 6203
f 1204 1154 1206
f 4403 4405 4404
f 4403 4404 4402
f 3304 3352 3353
f 745 760 755
f 755 760 761
f 758 755 759
f 758 759 777
f 4729 4731 4732
f 4806 4804 4720
f 4818 4857 4807
f 5130 5129 5131
f 5830 5823 5822
f 3319 3307 3355
f 5879 5880 5881
f 3268 3269 3278
f 6252 6265 6266
f 6191 6272 6206
f 4400 4402 4401
f 5058 5059 5057
f 3303 3348 3221
f 3222 3303 3221
f 4399 4400 4401
f 4407 4399 4401
f 3221 3348 3275
f 3275 3352 3304
f 3832 3836 3833
f 747 760 745
f 754 745 755
f 4725 4730 4728
f 4807 4806 4720
f 4854 4857 4818
f 4854 4861 4857
f 5118 5128 5126
f 5826 5828 5822
f 3355 3307 3356
f 5824 5832 5870
f 1259 1274 1261
f 5115 5114 5113
f 6251 6265 6252
f 6280 6281 6278
f 3302 3270 3268
f 6191 6206 6193
f 6193 6206 6197
f 3243 3241 3267
f 6193 6197 6196
f 6198 6196 6203
f 4400 4403 4402
f 4398 4399 4407
f 3832 3833 3834
f 3834 3833 3835
f 754 755 758
f 769 754 758
f 4725 4728 4729
f 4720 4730 4725
f 4807 4720 4722
f 3739 3738 3740
f 4722 4818 4807
f 5819 5823 5824
f 5119 5124 5107
f 3311 3278 3319
f 1258 1278 1274
f 1258 1274 1259
f 1261 1268 1267
f 5114 5115 5116
f 6249 6251 6252
f 6277 6280 6278
f 3317 3351 3272
f 6191 6193 6192
f 6193 6196 6195
f 6195 6196 6198
f 6202 6195 6198
f 4398 4448 4396
f 4063 4062 4065
f 3120 3121 3119
f 3120 3119 3116
f 3116 3117 3118
f 3118 3122 3124
f 2210 2215 2209
f 5180 5181 5178
f 745 744 747
f 753 754 769
f 781 753 769
f 3737 3738 3739
f 4718 4818 4722
f 4855 4861 4854
f 5819 5822 5823
f 1259 1261 1260
f 1260 1261 1267
f 6246 6251 6249
f 6277 6278 6279
f 6264 6191 6188
f 6192 6193 6194
f 6194 6193 6195
f 6194 6195 6202
f 4398 4397 4399
f 4399 4397 4400
f 2207 2210 2209
f 5180 5178 5176
f 5176 5178 5179
f 746 744 743
f 743 744 745
f 2682 2679 2674
f 753 743 745
f 753 745 754
f 4725 4729 4727
f 4733 4729 4732
f 5821 5822 5819
f 5825 5822 5821
f 5826 5822 5825
f 5824 5870 5814
f 5827 5826 5825
f 5814 5820 5815
f 933 978 975
f 1258 1259 1260
f 6249 6252 6211
f 3239 3266 3309
f 6190 6264 6188
f 6189 6191 6192
f 35 36 37
f 6192 6194 6199
f 6199 6194 6200
f 4398 4396 4397
f 2214 2212 2213
f 2212 2206 2211
f 2213 2212 2211
f 2206 2207 2208
f 2211 2206 2208
f 2207 2209 2208
f 2208 2209 2216
f 5175 5180 5176
f 748 746 743
f 560 572 570
f 743 753 766
f 588 592 589
f 4727 4729 4733
f 4759 4818 4718
f 4854 4818 4759
f 4760 4855 4759
f 4759 4855 4854
f 5821 5819 5811
f 5819 5824 5812
f 5824 5814 5812
f 5812 5814 5813
f 5813 5814 5815
f 3310 3311 3354
f 5815 5820 5817
f 6248 6246 6215
f 6213 6246 6249
f 3260 3258 3273
f 6201 6192 6199
f 5175 5176 5177
f 750 748 749
f 570 571 564
f 564 571 566
f 2514 2517 2513
f 2513 2517 2518
f 749 748 743
f 573 569 575
f 749 743 766
f 4720 4725 4721
f 3742 3737 3741
f 3358 3319 3355
f 5811 5819 5812
f 5813 5815 5816
f 5816 5815 5817
f 6215 6246 6213
f 3276 3254 3277
f 6211 6213 6249
f 3277 3257 3256
f 6201 6264 6192
f 6201 6199 6200
f 4395 4396 4394
f 4340 4339 4343
f 2508 2507 2512
f 3877 3878 3987
f 752 750 751
f 567 569 573
f 2508 2512 2513
f 2513 2512 2514
f 751 750 749
f 767 749 766
f 586 588 589
f 4727 4733 4758
f 4726 4725 4727
f 6082 6081 6083
f 3349 3310 3354
f 5816 5817 5818
f 3187 3273 3276
f 1263 1258 1262
f 1262 1258 1260
f 3274 3273 3190
f 6201 6211 6264
f 564 566 565
f 559 560 561
f 756 752 751
f 574 569 568
f 568 569 567
f 567 573 559
f 2506 2507 2508
f 2509 2506 2508
f 767 751 749
f 4719 4720 4721
f 6079 6081 6077
f 6081 6082 6077
f 4719 4722 4720
f 3742 3741 3743
f 6061 6153 6152
f 4734 4759 4718
f 4763 4760 4761
f 5811 5812 5813
f 3187 3276 3314
f 3320 3308 3349
f 6243 6248 6215
f 6212 6213 6211
f 6207 6201 6200
f 6208 6207 6200
f 2779 2786 2785
f 2785 2786 2787
f 4394 4393 4395
f 4393 4394 4392
f 4408 4392 4394
f 563 562 564
f 563 564 565
f 568 567 561
f 567 559 561
f 596 588 585
f 584 574 583
f 757 772 756
f 757 756 751
f 585 588 586
f 2511 2510 2509
f 771 757 751
f 771 751 767
f 586 589 590
f 4721 4725 4726
f 4722 4719 4718
f 6080 6079 6076
f 6059 6061 6152
f 6109 6089 6062
f 2494 2493 2489
f 2489 2493 2492
f 3315 3320 3216
f 1263 1262 1264
f 3194 3316 3315
f 6243 6215 6217
f 6215 6213 6214
f 6212 6211 6210
f 6210 6211 6201
f 6210 6201 6207
f 2784 2779 2785
f 6296 6297 6298
f 2965 2967 2968
f 773 772 757
f 585 586 587
f 774 757 771
f 1247 1249 1248
f 6060 6062 6061
f 6060 6061 6059
f 4876 4879 4877
f 4717 4761 4760
f 4717 4760 4759
f 4717 4759 4734
f 2732 2731 2728
f 4764 4763 4762
f 4762 4763 4761
f 2490 2489 2492
f 4766 4859 4765
f 4859 4764 4765
f 3349 3354 3359
f 3217 3320 3349
f 6247 6243 6217
f 6217 6215 6216
f 6214 6213 6212
f 938 935 937
f 6209 6207 6208
f 2781 2778 2780
f 2778 2779 2780
f 2611 2613 2612
f 3962 3933 3961
f 2613 2615 2614
f 2963 2966 2965
f 2966 2967 2965
f 4110 4113 4107
f 774 773 757
f 4110 4107 4106
f 4106 4107 4108
f 4128 4125 4124
f 4124 4125 4126
f 4124 4126 4127
f 4554 4552 4551
f 1347 1327 1336
f 4724 4719 4721
f 6076 6079 6077
f 1246 1247 1248
f 4879 4876 4874
f 4876 4877 4875
f 4875 4877 4878
f 4761 4717 4762
f 6138 6109 6062
f 4764 4762 4765
f 6181 6182 6183
f 2489 2490 2491
f 2496 2489 2491
f 6143 6146 6165
f 3180 3316 3194
f 3194 3315 3216
f 1265 1263 1264
f 6216 6215 6214
f 6244 6212 6210
f 944 943 941
f 2780 2779 2784
f 2780 2784 2783
f 4392 4391 4393
f 2619 2618 2617
f 2617 2616 2610
f 2610 2611 2612
f 2612 2613 2614
f 3961 3933 3934
f 2629 2627 2626
f 2629 2626 2630
f 2963 2962 2966
f 4108 4109 4111
f 3500 3509 3508
f 4123 4108 4111
f 3724 3729 3726
f 3716 3724 3726
f 586 590 591
f 1319 1327 1347
f 1331 1319 1344
f 6077 6082 6086
f 4734 4718 4713
f 2495 2494 2489
f 1245 1247 1246
f 6060 6059 6058
f 6057 6059 6152
f 4874 4876 4875
f 6165 6109 6138
f 2733 2728 2730
f 2483 2484 2482
f 2729 2728 2731
f 2728 2729 2730
f 4766 4765 4703
f 4735 4868 4766
f 6145 6146 6143
f 6274 6247 6273
f 6273 6247 6217
f 6216 6214 6245
f 6245 6214 6270
f 6270 6214 6212
f 6250 6210 6207
f 6250 6207 6209
f 2782 2783 2788
f 2781 2780 2782
f 2626 2632 2631
f 2951 2954 2952
f 2952 2954 2962
f 2952 2962 2963
f 3713 3714 3715
f 3504 3503 3501
f 593 586 591
f 4714 4719 4723
f 6078 6077 6086
f 6152 6080 6084
f 6084 6080 6076
f 1244 1243 1245
f 6171 6169 6168
f 6168 6169 6170
f 6058 6059 6057
f 6057 6152 6084
f 2495 2489 2496
f 4762 4717 4715
f 4715 4717 4709
f 1244 1245 1246
f 4873 4874 4814
f 4874 4875 4812
f 2481 2483 2482
f 4873 4814 4862
f 4812 4875 4809
f 4700 4766 4703
f 6219 6216 6245
f 6219 6245 6244
f 6245 6270 6244
f 6270 6212 6244
f 6283 6284 6285
f 6286 6283 6285
f 2790 2781 2789
f 2789 2781 2782
f 4390 4391 4392
f 4410 4390 4392
f 2037 2024 2027
f 2955 2953 2950
f 2953 2951 2950
f 2950 2951 2952
f 3723 3722 3716
f 3713 3723 3716
f 3716 3722 3724
f 3717 3718 3719
f 4111 4112 4115
f 4123 4111 4115
f 595 586 593
f 593 591 594
f 1333 1349 1332
f 4723 4719 4724
f 4713 4718 4714
f 6075 6076 6077
f 6075 6077 6078
f 1240 1243 1242
f 4709 4717 4710
f 4717 4734 4713
f 4765 4762 4715
f 1242 1243 1244
f 4862 4814 4815
f 4814 4874 4812
f 4809 4735 4716
f 4735 4766 4700
f 4716 4735 4700
f 6275 6274 6273
f 6217 6216 6218
f 2232 2231 2219
f 2219 2231 2228
f 6219 6244 6223
f 2051 2050 2079
f 2956 2953 2955
f 2957 2956 2955
f 3728 3723 3713
f 597 595 593
f 3722 3721 3720
f 3721 3717 3719
f 3720 3721 3719
f 2959 2957 2960
f 2957 2955 2960
f 4119 4123 4115
f 4116 4117 4115
f 4119 4115 4118
f 4115 4117 4118
f 4118 4117 4120
f 4117 4121 4120
f 1354 1353 1350
f 1350 1353 1349
f 1320 1319 1310
f 6076 6075 6072
f 6139 6084 6076
f 4710 4717 4713
f 1241 1240 1242
f 3164 3166 3167
f 1241 1239 1240
f 2481 2482 2479
f 4863 4862 4815
f 4815 4814 4813
f 4813 4814 4812
f 4813 4812 4811
f 4811 4812 4809
f 4811 4809 4810
f 4810 4809 4716
f 6143 6165 6108
f 953 989 990
f 6233 6275 6273
f 6273 6217 6218
f 981 954 940
f 6218 6216 6219
f 2233 2232 2219
f 6290 6291 6292
f 1582 1564 1581
f 1581 1564 1570
f 1570 1564 1561
f 1561 1565 1566
f 1567 1561 1566
f 2958 2957 2959
f 3158 3161 3159
f 3158 3159 3160
f 3158 3160 3162
f 3163 3158 3162
f 6072 6075 6071
f 1237 1240 1239
f 6139 6076 6072
f 4344 4345 4346
f 3164 3168 3165
f 3169 3168 3164
f 6165 6138 6108
f 2480 2481 2479
f 2478 2480 2479
f 6233 6273 6225
f 6221 6273 6218
f 6222 6219 6223
f 2073 2063 2054
f 6235 6223 6250
f 4389 4391 4390
f 1569 1568 1564
f 1568 1562 1564
f 1563 1562 1571
f 1563 1571 1572
f 1561 1563 1565
f 1565 1563 1572
f 1565 1572 1573
f 1576 1565 1573
f 1589 1577 1587
f 1587 1580 1588
f 1578 1576 1573
f 3573 3607 3609
f 2019 2020 2011
f 6084 6139 6066
f 6070 6139 6072
f 6072 6071 6070
f 4708 4709 4710
f 6091 6060 6058
f 6063 6057 6084
f 4344 4346 4347
f 4703 4715 4702
f 1487 1488 1492
f 1238 1237 1239
f 1237 1238 1230
f 6141 6142 6108
f 6108 6142 6143
f 2197 2193 2202
f 6225 6273 6221
f 2220 2229 2218
f 4387 4389 4390
f 1585 1586 1584
f 1805 1806 1802
f 1585 1584 1569
f 1584 1583 1569
f 1569 1583 1568
f 1568 1583 1562
f 1571 1592 1572
f 1802 1801 1800
f 1803 1802 1800
f 1575 1579 1577
f 1573 1572 1574
f 1572 1575 1574
f 1574 1575 1577
f 1800 1801 1785
f 3994 4005 4010
f 3554 3557 3555
f 3763 3767 3764
f 3554 3555 3556
f 4712 4713 4714
f 4711 4710 4712
f 6066 6139 6070
f 6045 6138 6046
f 6091 6058 6055
f 6055 6058 6057
f 4528 4526 4527
f 4527 4526 4522
f 4702 4715 4709
f 1230 1229 1237
f 6102 6108 6138
f 2478 2479 2476
f 4700 4703 4702
f 6157 6158 6156
f 6157 6156 6155
f 1255 1230 1238
f 2225 2223 2272
f 6227 6233 6225
f 2223 2222 2275
f 2241 2234 2221
f 2221 2234 2220
f 6220 6218 6219
f 6235 6222 6223
f 1562 1583 1590
f 1805 1802 1804
f 1804 1802 1803
f 1799 1800 1793
f 1793 1800 1785
f 3769 3763 3768
f 3763 3765 3768
f 3768 3765 3770
f 3555 3559 3558
f 2011 2013 2012
f 2013 2014 2012
f 4708 4710 4711
f 6168 6170 6172
f 6056 6057 6063
f 4526 4525 4522
f 6102 6138 6045
f 2477 2478 2476
f 4529 4527 4522
f 4529 4522 4531
f 4522 4525 4524
f 4701 4700 4702
f 1228 1229 1230
f 4520 4522 4524
f 4699 4716 4700
f 6141 6107 6106
f 6107 6141 6108
f 6159 6158 6157
f 2269 2225 2271
f 2225 2272 2271
f 6226 6227 6225
f 2253 2224 2225
f 2253 2225 2269
f 2241 2221 2244
f 6220 6221 6218
f 2235 2236 2237
f 2239 2235 2238
f 6220 6219 6222
f 1799 1793 1796
f 3557 3560 3559
f 2018 2019 2011
f 1777 1785 1778
f 3769 3768 3771
f 3768 3770 3771
f 6069 6070 6071
f 6135 6060 6091
f 6091 6055 6053
f 6055 6057 6056
f 4702 4709 4708
f 4531 4522 4519
f 4691 4863 4815
f 4519 4522 4520
f 4519 4520 4521
f 4699 4700 4698
f 4698 4700 4701
f 1232 1228 1231
f 1231 1228 1230
f 6160 6157 6155
f 6160 6155 6106
f 6155 6141 6106
f 6159 6157 6160
f 1231 1230 1254
f 1254 1230 1255
f 6228 6227 6226
f 2245 2224 2253
f 6224 6225 6221
f 6236 6220 6222
f 6236 6222 6235
f 1796 1793 1776
f 1777 1793 1785
f 1776 1793 1777
f 3993 3994 4010
f 2688 2685 2684
f 2684 2685 2686
f 2684 2686 2687
f 2010 2011 2012
f 2012 2014 2015
f 1778 1795 1766
f 6066 6070 6069
f 4348 4344 4347
f 4527 4529 4530
f 4530 4529 4531
f 4530 4531 4519
f 4691 4815 4696
f 4695 4699 4698
f 1232 1233 1228
f 6106 6107 6103
f 2264 2267 2266
f 2254 2245 2253
f 6226 6225 6224
f 6224 6221 6220
f 6238 6236 6235
f 4388 4389 4387
f 4406 4386 4387
f 3993 4010 4007
f 2018 2011 2010
f 2688 2684 2689
f 2689 2684 2687
f 2689 2687 2690
f 1777 1778 1766
f 1308 1324 1317
f 3174 3173 3178
f 3175 3179 3171
f 6063 6084 6066
f 4532 4527 4530
f 4532 4530 4533
f 4533 4530 4523
f 4530 4534 4523
f 4702 4708 4707
f 4523 4519 4521
f 6103 6108 6102
f 2268 2266 2267
f 6105 6106 6103
f 1235 1232 1231
f 4839 4845 4842
f 6163 6159 6162
f 6162 6159 6161
f 6159 6160 6161
f 4842 4845 4843
f 4845 4846 4843
f 2243 2240 2244
f 2246 2245 2254
f 6234 6226 6224
f 6242 6224 6220
f 3584 3585 3586
f 1797 1776 1767
f 1732 1731 1730
f 1776 1777 1764
f 2691 2688 2689
f 4688 4689 4690
f 1812 1813 1808
f 1764 1777 1766
f 3172 3171 3173
f 3175 3171 3170
f 4865 4708 4711
f 6101 6102 6045
f 1234 1233 1232
f 2342 2344 2343
f 4691 4696 4692
f 2794 2795 2796
f 4694 4695 4693
f 6105 6103 6104
f 1236 1234 1232
f 1250 1234 1236
f 2264 2266 2265
f 1236 1232 1235
f 2262 2263 2261
f 2259 2255 2273
f 6163 6162 6164
f 6229 6232 6228
f 6229 6228 6226
f 2242 2240 2243
f 6268 6234 6224
f 6242 6220 6237
f 6237 6220 6236
f 6238 6237 6236
f 1767 1776 1764
f 2016 2018 2010
f 1807 1812 1808
f 1810 1812 1807
f 1810 1807 1809
f 1807 1808 1809
f 1809 1808 1811
f 2021 2012 2015
f 3172 3173 3174
f 3170 3171 3172
f 3472 3480 3482
f 3476 3480 3472
f 3176 3175 3170
f 3176 3177 3175
f 5027 5028 5029
f 6101 6045 6100
f 6043 6046 6135
f 4707 4708 4865
f 6041 6166 6099
f 2347 2345 2346
f 2797 2793 2792
f 4701 4702 4705
f 4705 4702 4707
f 6103 6102 6101
f 6104 6103 6101
f 2792 2793 2794
f 6184 6187 6185
f 4691 4692 4693
f 4693 4692 4694
f 4837 4849 4839
f 2263 2264 2261
f 2258 2255 2259
f 2261 2259 2262
f 4366 4367 4360
f 2246 2255 2258
f 6234 6229 6226
f 6262 6229 6234
f 2238 2242 2270
f 6268 6224 6242
f 4385 4388 4387
f 3139 3150 3140
f 1328 1324 1318
f 3477 3476 3471
f 3471 3476 3472
f 3466 3471 3472
f 6065 6063 6066
f 6039 6099 6040
f 3475 3467 3466
f 3475 3466 3473
f 3473 3466 3472
f 6051 6135 6091
f 6053 6055 6054
f 6054 6055 6056
f 4348 4347 4349
f 6041 6099 6039
f 3467 3475 3470
f 4866 4707 4867
f 4867 4707 4865
f 4704 4698 4701
f 4704 4701 4705
f 1256 1234 1250
f 2475 2476 2485
f 4693 4695 4697
f 4697 4695 4698
f 1251 1252 1250
f 1251 1250 1236
f 4848 4849 4837
f 4840 4842 4843
f 4366 4360 4359
f 2243 2244 2247
f 2244 2246 2247
f 4359 4360 4361
f 2249 2242 2248
f 2248 2242 2243
f 2270 2242 2249
f 6262 6234 6263
f 6263 6234 6268
f 6241 6242 6237
f 4383 4385 4386
f 4995 4994 4991
f 4429 4383 4386
f 4991 4994 4992
f 4992 4994 4989
f 4989 4994 4993
f 1724 1723 1729
f 1767 1764 1762
f 3145 3144 3140
f 2016 2010 2012
f 2016 2012 2017
f 1326 1335 1323
f 3474 3477 3465
f 3465 3477 3471
f 3465 3471 3466
f 3465 3467 3468
f 3465 3466 3467
f 6100 6045 6044
f 6045 6046 6043
f 6043 6135 6047
f 6047 6135 6051
f 6051 6091 6053
f 3469 3467 3470
f 4898 4897 4896
f 4896 4897 4894
f 2474 2477 2476
f 4705 4707 4866
f 6041 6039 6038
f 6038 6039 6037
f 6041 6038 6167
f 2470 2475 2485
f 2470 2485 2486
f 4697 4698 4704
f 1253 1252 1251
f 4839 4842 4840
f 2248 2243 2247
f 2247 2246 2252
f 2252 2246 2256
f 2256 2246 2258
f 6268 6242 6241
f 6269 6268 6241
f 6240 6241 6237
f 6240 6237 6239
f 4383 4381 4385
f 1697 1716 1715
f 1694 1697 1715
f 4383 4429 4384
f 2107 2108 2121
f 1742 1725 1728
f 1762 1764 1763
f 3140 3144 3141
f 3139 3140 3141
f 3142 3139 3141
f 3142 3141 3143
f 1764 1766 1765
f 4518 4515 4513
f 5033 5034 5035
f 6068 6066 6069
f 3468 3478 3474
f 3468 3474 3465
f 4893 4894 4895
f 5223 5224 5225
f 6044 6045 6043
f 4350 4348 4349
f 3479 3478 3468
f 3481 3479 3468
f 3481 3468 3469
f 6016 6015 6012
f 6012 6015 6013
f 26 27 28
f 6012 6013 6014
f 6030 6038 6037
f 6030 6037 6016
f 2469 2476 2475
f 4704 4705 4706
f 4706 4705 4767
f 4767 4705 4834
f 4834 4705 4866
f 29 30 31
f 6167 6038 6030
f 1253 1251 1257
f 6184 6185 6186
f 4834 4848 4837
f 6097 6148 6149
f 6097 6149 6167
f 6026 6097 6167
f 6036 6148 6097
f 4838 4839 4840
f 6263 6268 6271
f 6271 6268 6269
f 4378 4382 4381
f 4378 4381 4380
f 4380 4381 4383
f 4380 4383 4384
f 4989 4993 4990
f 1740 1748 1749
f 2022 2016 2017
f 1749 1748 1750
f 3141 3146 3147
f 2740 2738 2739
f 1763 1764 1765
f 2739 2738 2736
f 1765 1766 1787
f 5999 5997 5995
f 6002 5999 5995
f 6005 6002 6003
f 6016 6012 6017
f 6006 6007 6003
f 2474 2476 2469
f 4767 4834 4835
f 4834 4837 4836
f 4835 4834 4836
f 6026 6167 6025
f 4838 4837 4839
f 6029 6097 6026
f 4844 4840 4843
f 6036 6097 6029
f 6035 6036 6029
f 2251 2248 2257
f 2590 2575 2576
f 4365 4370 4369
f 4377 4378 4379
f 4379 4378 4380
f 3536 3534 3533
f 1840 1865 1861
f 1761 1762 1763
f 2734 2735 2736
f 2738 2734 2736
f 2736 2735 2737
f 1765 1787 1786
f 5997 6001 5996
f 5996 6001 6008
f 6067 6065 6066
f 6067 6066 6068
f 6003 6002 5995
f 6003 5995 6004
f 5158 5159 5160
f 6009 6010 6011
f 6020 6044 6043
f 6006 6003 6004
f 4736 4706 4767
f 6025 6167 6021
f 6167 6030 6021
f 6021 6030 6016
f 4736 4704 4706
f 741 742 732
f 6024 6026 6025
f 4836 4837 4838
f 6028 6029 6026
f 2257 2248 2247
f 6035 6029 6034
f 4359 4361 4362
f 2575 2574 2573
f 2576 2575 2573
f 4361 4364 4363
f 4362 4361 4363
f 2588 2592 2576
f 4363 4364 4365
f 1689 1690 1704
f 220 235 230
f 230 235 246
f 4474 4475 4472
f 4471 4474 4472
f 4986 4991 4987
f 235 267 246
f 4991 4992 4987
f 5894 5919 5906
f 4987 4992 4989
f 4988 4989 4990
f 1760 1762 1761
f 1850 1853 1851
f 1840 1861 1842
f 4003 4034 4033
f 4004 4003 4033
f 1842 1861 1855
f 5994 5995 5996
f 6056 6063 6064
f 6021 6016 6018
f 6018 6016 6017
f 4736 4767 4738
f 6024 6025 6021
f 2487 2486 2488
f 4836 4838 4841
f 2571 2609 2577
f 2588 2576 2580
f 2580 2576 2573
f 2588 2580 2604
f 4363 4365 4368
f 1678 1689 1701
f 214 220 218
f 4471 4472 4473
f 4471 4473 4476
f 3976 3929 3923
f 5892 5894 5906
f 4987 4989 4988
f 1759 1760 1761
f 1844 1850 1846
f 1850 1844 1843
f 1852 1850 1843
f 1852 1842 1855
f 1768 1765 1786
f 6085 6065 6067
f 6042 6020 6043
f 6018 6017 6019
f 6019 6017 6020
f 6021 6018 6022
f 6024 6021 6023
f 2487 2470 2486
f 2567 2574 2572
f 2567 2573 2574
f 2568 2573 2567
f 2580 2573 2570
f 219 236 216
f 4984 4986 4987
f 4984 4987 4988
f 5924 5925 5926
f 5906 5895 5892
f 1831 1832 1838
f 1770 1759 1761
f 1770 1761 1769
f 1842 1841 1840
f 1842 1843 1841
f 123 124 116
f 1761 1763 1768
f 1769 1761 1768
f 1763 1765 1768
f 6064 6063 6065
f 6019 6020 6042
f 6052 6051 6053
f 6052 6053 6054
f 4737 4736 4738
f 2469 2475 2470
f 6023 6021 6022
f 4737 4704 4736
f 2582 2589 2584
f 2586 2589 2582
f 2583 2582 2584
f 2583 2584 2585
f 2581 2582 2583
f 4841 4838 4840
f 2579 2586 2582
f 2579 2582 2581
f 2587 2586 2577
f 2577 2586 2579
f 2578 2577 2579
f 92 69 62
f 2564 2572 2571
f 2564 2571 2565
f 2565 2571 2577
f 2567 2572 2564
f 1701 1711 1712
f 4984 4985 4986
f 1822 1834 1832
f 1836 1835 1831
f 1759 1770 1771
f 1841 1835 1840
f 1771 1770 1769
f 2377 2373 2369
f 6054 6056 6087
f 6087 6056 6064
f 4738 4746 4742
f 6098 6022 6018
f 6027 6022 6098
f 4796 4798 4740
f 4740 4704 4739
f 4739 4704 4737
f 6032 6023 6031
f 6031 6023 6027
f 6023 6022 6027
f 4852 4841 4840
f 2579 2581 2578
f 2565 2577 2578
f 4373 4362 4372
f 4372 4362 4371
f 217 216 215
f 1826 1834 1822
f 1821 1822 1831
f 1831 1822 1832
f 1773 1759 1771
f 3920 3999 3988
f 2376 2377 2369
f 4099 4105 4102
f 1772 1769 1768
f 2373 2378 2370
f 6067 6068 6073
f 6042 6043 6047
f 6052 6054 6090
f 4350 4349 4351
f 4742 4746 4743
f 4737 4738 4742
f 6098 6018 6095
f 2312 2319 2315
f 6095 6018 6019
f 4741 4740 4739
f 6111 6110 6033
f 6111 6112 6110
f 4852 4840 4853
f 6114 6113 6111
f 4853 4840 4844
f 6115 6113 6114
f 4374 4373 4372
f 1821 1835 1816
f 3855 3854 3863
f 1771 1769 1772
f 2369 2373 2370
f 2370 2378 2374
f 2311 2313 2324
f 6064 6065 6085
f 6047 6051 6048
f 6173 6174 6175
f 6175 6174 6180
f 2468 2474 2469
f 4745 4737 4742
f 4796 4831 4741
f 4590 4592 4591
f 4797 4798 4796
f 2561 2564 2565
f 2561 2565 2556
f 2556 2565 2553
f 2568 2567 2566
f 2566 2567 2564
f 2569 2570 2568
f 5945 5956 5957
f 1823 1826 1822
f 1848 1819 1847
f 1847 1819 1818
f 2375 2376 2369
f 2287 2284 2283
f 2283 2284 2285
f 2285 2284 2286
f 1772 1768 1774
f 2369 2370 2371
f 1774 1768 1791
f 6092 6093 6042
f 4744 4743 4747
f 6049 6042 6048
f 6042 6047 6048
f 4352 4350 4351
f 4742 4743 4744
f 4593 4590 4589
f 713 739 714
f 2757 2755 2756
f 2758 2757 2756
f 2760 2757 2759
f 2759 2757 2758
f 6116 6118 6119
f 6114 6111 6116
f 5030 5031 5032
f 2565 2595 2553
f 5937 5945 5935
f 2563 2564 2561
f 2556 2553 2555
f 2569 2568 2566
f 2561 2556 2557
f 1706 1701 1713
f 1702 1701 1706
f 1823 1830 1826
f 1820 1823 1822
f 1815 1820 1816
f 1816 1820 1821
f 5253 5255 5243
f 1771 1772 1775
f 2287 2283 2288
f 2375 2369 2372
f 2289 2283 2285
f 2289 2285 2290
f 2372 2369 2371
f 1775 1772 1774
f 2371 2370 2374
f 2742 2754 2743
f 2745 2753 2752
f 6140 6064 6085
f 6092 6042 6049
f 6048 6051 6052
f 4745 4742 4744
f 4750 4737 4745
f 2746 2747 2749
f 4739 4737 4750
f 712 713 714
f 2748 2755 2742
f 2742 2744 2748
f 2763 2748 2762
f 4794 4796 4741
f 2756 2755 2748
f 6121 6123 6122
f 6119 6121 6120
f 6120 6121 6122
f 714 739 718
f 6116 6119 6120
f 2605 2606 2603
f 4136 4138 4139
f 2602 2605 2603
f 4172 4171 4142
f 2559 2602 2603
f 4376 4374 4375
f 4375 4374 4372
f 5943 5937 5936
f 2553 2595 2598
f 2553 2598 2551
f 2598 2552 2551
f 5936 5937 5935
f 2562 2563 2561
f 2562 2561 2557
f 2555 2557 2556
f 2566 2564 2563
f 1824 1823 1820
f 1815 1824 1820
f 5896 5901 5902
f 5902 5901 5903
f 1783 1773 1780
f 1819 1817 1818
f 1818 1817 1814
f 1817 1815 1814
f 1780 1773 1771
f 2288 2283 2289
f 2289 2290 2291
f 4749 4747 4751
f 2743 2754 2753
f 2743 2753 2745
f 6085 6067 6074
f 6074 6067 6073
f 4744 4747 4748
f 2745 2752 2751
f 4353 4352 4351
f 2744 2743 2745
f 2744 2745 2746
f 2746 2745 2747
f 2747 2745 2750
f 2750 2745 2751
f 6117 6049 6050
f 2466 2468 2469
f 2762 2744 2761
f 2761 2744 2746
f 2749 2747 2750
f 3063 3098 3072
f 4797 4796 4794
f 6122 6123 6124
f 2607 2606 2608
f 2766 2763 2765
f 2603 2606 2607
f 2768 2766 2767
f 2766 2765 2767
f 2770 2771 2769
f 2770 2769 2768
f 2552 2601 2559
f 2559 2601 2602
f 5935 5945 5941
f 2553 2551 2550
f 5945 5957 5941
f 2562 2557 2544
f 2569 2566 2593
f 2569 2593 2594
f 1788 1783 1784
f 1825 1824 1815
f 1833 1827 1817
f 1784 1783 1782
f 1817 1827 1825
f 1817 1825 1815
f 1782 1783 1780
f 6317 6315 6312
f 6312 6315 6313
f 6334 6335 6336
f 5214 5215 5213
f 5214 5213 5212
f 5212 5213 5209
f 5212 5209 5211
f 793 783 782
f 782 783 784
f 795 796 793
f 795 793 794
f 794 793 782
f 794 782 797
f 797 782 786
f 786 782 784
f 787 790 792
f 786 784 787
f 4752 4751 4753
f 2145 2146 2144
f 4354 4357 4353
f 4749 4751 4752
f 4748 4747 4749
f 4354 4353 4351
f 2469 2470 2466
f 3063 3072 3060
f 6150 6151 6117
f 2466 2470 2471
f 4794 4741 4786
f 4786 4741 4739
f 2763 2762 2761
f 3056 3063 3059
f 4141 4144 4139
f 4139 4146 4148
f 2550 2551 2552
f 2550 2552 2558
f 2558 2552 2559
f 2555 2553 2554
f 2554 2553 2550
f 2557 2555 2544
f 2593 2566 2563
f 2593 2563 2591
f 2563 2562 2591
f 2562 2544 2548
f 2548 2544 2534
f 2534 2544 2536
f 2599 2594 2593
f 5898 5900 5899
f 1827 1829 1828
f 1790 1788 1789
f 5898 5899 5896
f 5896 5899 5901
f 5901 5910 5903
f 5903 5910 5912
f 1782 1781 1779
f 5263 5265 5266
f 6316 6317 6312
f 6316 6312 6311
f 6311 6312 6313
f 6311 6313 6314
f 1779 1775 1774
f 799 798 791
f 791 798 790
f 784 788 787
f 787 788 789
f 787 789 790
f 789 791 790
f 2147 2148 2139
f 2139 2148 2145
f 5146 5147 5148
f 2149 2147 2142
f 2142 2147 2139
f 6049 6048 6050
f 6096 6048 6052
f 6096 6052 6090
f 6178 6175 6179
f 4354 4351 4355
f 4791 4745 4744
f 6173 6175 6176
f 6177 6175 6178
f 2465 2468 2466
f 4790 4750 4745
f 4786 4739 4785
f 4785 4739 4750
f 4144 4145 4146
f 3059 3063 3060
f 5936 5935 5929
f 5935 5941 5934
f 2554 2550 2549
f 2550 2558 2549
f 2549 2558 2560
f 2558 2559 2560
f 2544 2555 2546
f 2546 2555 2554
f 2544 2546 2536
f 2591 2562 2548
f 2534 2536 2532
f 2548 2534 2533
f 2533 2534 2532
f 2599 2593 2600
f 208 209 245
f 1798 1790 1794
f 5899 5900 5904
f 809 808 804
f 1794 1790 1789
f 5901 5899 5910
f 5910 5914 5912
f 4047 4046 3938
f 5903 5912 5913
f 5265 5267 5266
f 1784 1782 1779
f 6318 6316 6311
f 6318 6311 6314
f 6334 6336 6337
f 2140 2145 2144
f 2140 2144 2141
f 2139 2140 2136
f 2139 2145 2140
f 6050 6048 6094
f 2142 2139 2137
f 6133 6134 6132
f 4356 4354 4355
f 4791 4744 4748
f 6094 6117 6050
f 6176 6175 6177
f 4790 4745 4791
f 4145 4147 4146
f 2472 2466 2471
f 4785 4750 4790
f 4148 4147 4151
f 5929 5935 5934
f 2546 2554 2549
f 2546 2549 2547
f 2546 2547 2541
f 2541 2547 2538
f 2543 2541 2538
f 2547 2545 2538
f 223 210 225
f 2536 2546 2541
f 2540 2536 2541
f 2532 2536 2540
f 2591 2548 2533
f 2533 2532 2531
f 2593 2591 2597
f 2600 2593 2597
f 2597 2591 2596
f 2591 2533 2596
f 808 846 811
f 808 811 801
f 5899 5904 5916
f 5899 5916 5910
f 5910 5916 5915
f 804 808 801
f 5910 5915 5914
f 825 804 800
f 804 801 800
f 3974 4047 3938
f 4002 3990 4006
f 5191 5188 5192
f 3677 3679 3678
f 3676 3677 3678
f 157 156 151
f 6327 6333 6328
f 6330 6327 6329
f 6327 6328 6329
f 4754 4753 4757
f 4752 4753 4754
f 2140 2141 2133
f 4749 4752 4756
f 2137 2139 2136
f 4784 4748 4749
f 4784 4749 4756
f 6094 6048 6096
f 2465 2466 2467
f 5297 5298 5295
f 4794 4786 4819
f 3058 3056 3059
f 5941 5981 5947
f 2549 2560 2545
f 2547 2549 2545
f 2535 2543 2538
f 2535 2538 2537
f 2541 2543 2542
f 2542 2543 2535
f 2540 2541 2530
f 2530 2541 2542
f 2532 2540 2530
f 2531 2532 2530
f 800 801 802
f 825 800 824
f 824 800 823
f 823 800 822
f 5201 5198 5200
f 5200 5198 5193
f 5194 5196 5191
f 5196 5204 5189
f 5191 5196 5189
f 5189 5204 5190
f 3654 3653 3656
f 5192 5195 5191
f 4752 4754 4755
f 2140 2133 2136
f 2133 2141 2134
f 4756 4752 4755
f 4791 4748 4784
f 2472 2471 2473
f 4151 4152 4150
f 4820 4794 4819
f 4819 4786 4785
f 3024 3058 3059
f 5933 5929 5934
f 5934 5941 5947
f 5986 5987 5988
f 225 210 207
f 2542 2535 2530
f 2535 2537 2523
f 2530 2535 2523
f 2531 2530 2524
f 801 812 810
f 802 801 810
f 802 810 805
f 802 805 803
f 800 802 803
f 823 822 826
f 822 817 826
f 823 826 827
f 827 826 828
f 827 828 829
f 5202 5203 5198
f 3666 3664 3665
f 5201 5202 5198
f 5198 5197 5193
f 5193 5197 5194
f 5194 5197 5196
f 5199 5193 5195
f 5193 5194 5195
f 5195 5194 5191
f 2441 2448 2438
f 2326 2337 2336
f 2337 2338 2336
f 4754 4757 4770
f 6150 6117 6094
f 4150 4152 4153
f 4871 4794 4820
f 5933 5934 5938
f 204 225 207
f 2524 2530 2523
f 2524 2523 2521
f 805 806 803
f 803 806 807
f 803 807 817
f 807 813 817
f 813 815 816
f 817 813 816
f 5769 5765 5764
f 817 816 818
f 830 817 818
f 818 816 819
f 819 816 820
f 819 820 821
f 2944 2942 2940
f 4916 4917 4918
f 4636 4637 4640
f 4537 4536 4538
f 2135 2136 2133
f 5290 5291 5292
f 6094 6096 6136
f 6127 6090 6128
f 5291 5293 5292
f 6147 6150 6094
f 6127 6128 6129
f 5292 5293 5294
f 4816 4785 4803
f 4803 4785 4790
f 4872 4871 4820
f 5294 5295 5296
f 4817 4819 4785
f 5938 5934 5947
f 5986 5988 5989
f 2525 2524 2521
f 2521 2523 2522
f 2522 2523 2528
f 810 842 805
f 806 814 813
f 807 806 813
f 814 815 813
f 830 818 832
f 831 830 832
f 832 818 819
f 2943 2944 2940
f 2943 2940 2941
f 5767 5766 5770
f 2940 2942 2933
f 3484 3490 3486
f 4298 4302 4301
f 3642 3640 3649
f 4298 4301 4299
f 6341 6342 6343
f 4973 4976 4974
f 2326 2336 2335
f 5672 5673 5669
f 5672 5669 5671
f 5671 5669 5670
f 4770 4757 4772
f 4755 4754 4770
f 2138 2137 2135
f 2137 2136 2135
f 6125 6096 6090
f 6125 6090 6126
f 6090 6127 6126
f 6127 6129 6130
f 4153 4156 4157
f 3061 3060 3082
f 4790 4791 4792
f 4817 4785 4816
f 3024 3060 3061
f 4820 4819 4817
f 5933 5938 5939
f 5938 5947 5940
f 2526 2525 2521
f 5275 5276 5277
f 2945 2943 2941
f 20 21 22
f 2941 2940 2932
f 2932 2940 2933
f 2932 2933 2934
f 2934 2933 2935
f 833 832 834
f 834 836 833
f 4297 4298 4299
f 4300 4297 4299
f 4086 4081 4080
f 4971 4973 4977
f 4973 4974 4975
f 4977 4973 4975
f 2327 2326 2330
f 2326 2335 2330
f 5655 5651 5647
f 5673 5661 5669
f 5661 5663 5669
f 4771 4755 4770
f 2132 2135 2133
f 2132 2133 2134
f 4784 4756 4795
f 4795 4756 4755
f 6147 6094 6137
f 6137 6094 6136
f 6136 6096 6125
f 5439 5434 5435
f 4793 4791 4784
f 6130 6129 6131
f 4792 4791 4793
f 3061 3082 3084
f 4802 4790 4792
f 5432 5434 5438
f 4790 4802 4803
f 5432 5438 5419
f 5939 5938 5940
f 5940 5947 5982
f 5966 5965 5961
f 2522 2539 2529
f 5766 5768 5770
f 2941 2932 2937
f 2932 2934 2936
f 3487 3484 3483
f 838 837 839
f 838 839 841
f 3483 3484 3485
f 3636 3637 3631
f 3636 3631 3633
f 2325 2326 2327
f 4080 4081 4079
f 4970 4971 4972
f 4972 4971 4977
f 4772 4778 4774
f 4774 4778 4779
f 4770 4772 4773
f 6137 6136 6125
f 4155 4167 4156
f 3084 3082 3086
f 3082 3115 3086
f 5569 5558 5548
f 5432 5433 5434
f 3067 3061 3084
f 5417 5548 5558
f 5417 5558 5552
f 5418 5433 5432
f 5417 5552 5418
f 3062 3061 3067
f 5419 5418 5432
f 5419 5438 5571
f 5942 5933 5939
f 5630 5631 5632
f 5982 5966 5961
f 2520 2521 2522
f 2526 2521 2520
f 2522 2529 2527
f 2937 2932 2936
f 3488 3487 3483
f 3492 3483 3485
f 3631 3638 3632
f 4082 4079 4081
f 3631 3632 3633
f 3633 3632 3634
f 4078 4069 4072
f 4078 4072 4084
f 4084 4085 4083
f 4647 4646 4644
f 3633 3634 3635
f 4078 4083 4075
f 5651 5650 5647
f 4775 4770 4773
f 2800 2805 2804
f 4795 4755 4771
f 5435 5436 5439
f 4793 4784 4795
f 5554 5436 5437
f 3086 3115 3106
f 3086 3106 3100
f 3100 3106 3108
f 5433 5435 5434
f 5570 5569 5548
f 5554 5437 5558
f 5415 5548 5417
f 3066 3062 3067
f 5414 5417 5418
f 5940 5982 5959
f 5395 5567 5382
f 5382 5567 5384
f 5982 5961 5959
f 5571 5567 5395
f 5962 5961 5965
f 2520 2522 2527
f 5763 5761 5762
f 3965 3984 3927
f 2937 2936 2938
f 2938 2936 2939
f 5564 5396 5563
f 5522 5520 5521
f 5572 5396 5564
f 423 431 418
f 423 418 419
f 415 418 421
f 5607 5608 5609
f 415 421 416
f 2329 2325 2328
f 2328 2325 2327
f 2444 2439 2445
f 5658 5652 5646
f 5658 5646 5650
f 5650 5646 5647
f 5647 5646 5644
f 2331 2327 2330
f 5677 5678 5679
f 5668 5658 5650
f 5649 5647 5644
f 5649 5644 5640
f 5649 5640 5642
f 5649 5642 5659
f 5659 5642 5662
f 4774 4779 4780
f 4773 4772 4774
f 4771 4770 4777
f 4777 4770 4775
f 5436 5435 5433
f 5436 5433 5437
f 3084 3086 3069
f 3100 3108 3107
f 3107 3108 3110
f 3067 3084 3069
f 5415 5417 5414
f 5398 5385 5426
f 5948 5942 5939
f 5939 5940 5953
f 5414 5418 5419
f 5617 5620 5618
f 5370 5384 5385
f 5370 5385 5398
f 5618 5620 5621
f 5961 5962 5960
f 5394 5571 5395
f 5962 5965 5967
f 260 222 249
f 5525 5523 5524
f 5524 5523 5522
f 5522 5523 5520
f 3891 3917 3889
f 5536 5525 5538
f 5538 5525 5524
f 5380 5572 5521
f 429 428 422
f 426 429 422
f 5566 5563 5565
f 428 423 422
f 422 423 419
f 2333 2327 2334
f 5658 5653 5652
f 3087 3069 3086
f 3087 3086 3100
f 4792 4793 4856
f 5420 5575 5548
f 4869 4792 4856
f 3066 3067 3069
f 5406 5426 5425
f 5398 5426 5405
f 5948 5939 5953
f 5412 5415 5414
f 5959 5961 5960
f 5382 5384 5370
f 3021 3062 3014
f 5617 5618 5619
f 5394 5395 5393
f 5393 5395 5573
f 199 203 197
f 5561 5562 5534
f 5396 5363 5357
f 5520 5542 5377
f 5520 5377 5380
f 5380 5378 5572
f 5396 5357 5563
f 5561 5534 5546
f 5534 5535 5546
f 5546 5535 5537
f 5535 5525 5536
f 5537 5535 5536
f 425 427 426
f 425 426 422
f 1444 1445 1443
f 422 419 420
f 419 418 417
f 417 418 415
f 4596 4599 4598
f 2332 2328 2327
f 5641 5656 5642
f 5642 5656 5657
f 4774 4780 4781
f 4776 4773 4774
f 3102 3100 3107
f 5548 5415 5420
f 5953 5940 5958
f 5405 5426 5406
f 5958 5959 5960
f 5412 5414 5410
f 5410 5414 5431
f 5379 5395 5382
f 5573 5395 5379
f 5559 5431 5392
f 5392 5431 5394
f 5392 5394 5393
f 5542 5427 5377
f 5523 5527 5542
f 5600 5601 5602
f 5525 5526 5523
f 5563 5357 5541
f 5563 5541 5565
f 5373 5371 5364
f 5374 5373 5364
f 5373 5388 5441
f 4595 4596 4597
f 1444 1443 1425
f 425 422 424
f 5581 5580 5579
f 5430 5388 5401
f 5441 5388 5430
f 5401 5388 5389
f 4596 4598 4597
f 424 422 420
f 420 419 417
f 417 415 414
f 414 415 416
f 4775 4773 4776
f 4800 4795 4771
f 4801 4795 4800
f 4856 4793 4851
f 4851 4793 4801
f 3102 3087 3100
f 4802 4869 4870
f 5420 5415 5412
f 5425 5424 5406
f 5958 5960 5964
f 5399 5370 5398
f 5410 5431 5402
f 5382 5370 5379
f 5408 5410 5402
f 5402 5431 5559
f 5402 5559 5392
f 5392 5393 5358
f 5358 5393 5573
f 5427 5403 5376
f 5375 5358 5363
f 5363 5358 5357
f 5427 5376 5377
f 5376 5375 5377
f 5378 5375 5363
f 5377 5375 5380
f 5526 5527 5523
f 5357 5383 5541
f 5541 5383 5372
f 5372 5383 5360
f 5637 5638 5636
f 5634 5637 5636
f 5372 5360 5371
f 5371 5360 5364
f 5372 5371 5397
f 5371 5373 5397
f 5374 5364 5429
f 5429 5364 5365
f 5397 5373 5441
f 5388 5373 5374
f 1426 1444 1425
f 5388 5374 5389
f 1425 1438 1424
f 430 425 424
f 5389 5374 5390
f 5667 5654 5666
f 4851 4801 4830
f 3103 3087 3102
f 5445 5576 5575
f 5575 5420 5413
f 4869 4856 4870
f 5953 5958 5980
f 5413 5420 5412
f 5413 5412 5411
f 5411 5412 5410
f 5398 5405 5404
f 5398 5404 5400
f 5411 5410 5408
f 5399 5398 5400
f 5379 5370 5368
f 5573 5379 5368
f 5416 5408 5557
f 5408 5402 5403
f 5376 5402 5392
f 5573 5368 5355
f 5447 5416 5557
f 5557 5408 5403
f 5376 5392 5358
f 5403 5402 5376
f 5358 5573 5355
f 5601 5604 5603
f 5557 5403 5427
f 5375 5376 5358
f 5357 5358 5355
f 5357 5355 5354
f 5605 5604 5601
f 5529 5528 5530
f 5383 5354 5360
f 5360 5361 5364
f 5365 5361 5366
f 5636 5638 5639
f 5386 5365 5366
f 5429 5365 5386
f 5634 5636 5635
f 5633 5634 5635
f 5635 5636 5639
f 4600 4595 4601
f 4595 4600 4596
f 1412 1425 1424
f 5374 5429 5390
f 4601 4595 4597
f 4776 4774 4781
f 4789 4775 4776
f 2799 2800 2801
f 4789 4777 4775
f 2801 2800 2803
f 3069 3087 3074
f 3074 3087 3103
f 3103 3102 3112
f 3068 3066 3069
f 5445 5575 5413
f 3009 3065 3066
f 5952 5953 5984
f 5984 5953 5980
f 5964 5960 5963
f 5406 5424 5423
f 5404 5405 5406
f 5421 5411 5416
f 5416 5411 5408
f 5370 5399 5545
f 5545 5399 5400
f 5368 5370 5369
f 5369 5370 5545
f 5421 5416 5447
f 5368 5369 5356
f 5355 5368 5356
f 5354 5355 5356
f 226 201 248
f 5360 5354 5359
f 5528 5529 5526
f 5360 5359 5361
f 5530 5531 5529
f 5532 5531 5530
f 5386 5366 5387
f 4978 4979 4980
f 3837 3838 3839
f 5597 5596 5595
f 1412 1424 1423
f 5516 5501 5512
f 5512 5501 5498
f 1410 1423 1415
f 4782 4776 4781
f 4799 4771 4777
f 4864 4856 4851
f 3068 3069 3071
f 3112 3102 3113
f 3113 3102 3114
f 5980 5958 5964
f 4489 4492 4488
f 5423 5424 5428
f 200 193 194
f 5421 5413 5411
f 5407 5406 5422
f 5422 5406 5423
f 5443 5421 5447
f 5356 5369 5545
f 5560 5443 5447
f 5606 5604 5605
f 5760 5756 5748
f 5539 5560 5529
f 5560 5526 5529
f 5354 5356 5359
f 5531 5539 5529
f 5361 5367 5366
f 5599 5593 5596
f 5596 5593 5595
f 1412 1423 1410
f 5512 5498 5497
f 4788 4789 4776
f 4799 4777 4789
f 4800 4771 4799
f 4850 4851 4830
f 3071 3069 3074
f 3009 3066 3068
f 5424 5448 5428
f 5980 5964 5976
f 5968 5964 5963
f 5445 5413 5444
f 5442 5444 5413
f 5442 5413 5421
f 5442 5421 5443
f 5400 5404 5409
f 5409 5404 5407
f 5545 5400 5409
f 1077 1072 1075
f 5590 5589 5583
f 1072 1077 1064
f 5356 5545 5381
f 1058 1064 1077
f 5359 5381 5362
f 5531 5533 5539
f 5532 5533 5531
f 5361 5362 5367
f 1407 1415 1416
f 5497 5495 5514
f 4782 4781 4783
f 4788 4776 4782
f 2802 2799 2801
f 4824 4800 4799
f 4864 4851 4850
f 3424 3421 3420
f 3420 3421 3416
f 3420 3416 3419
f 5984 5980 5976
f 5968 5963 5969
f 5969 5963 5970
f 5446 5445 5444
f 4481 4489 4488
f 182 190 172
f 5440 5407 5422
f 5409 5407 5440
f 5583 5589 5585
f 5583 5585 5584
f 1048 1058 1056
f 5582 5583 5584
f 5582 5584 5588
f 5362 5517 5367
f 5593 5594 5595
f 1417 1416 1418
f 4830 4800 4824
f 3419 3416 3411
f 5976 5964 5968
f 183 182 158
f 5428 5448 5449
f 5448 5450 5449
f 5979 5984 5976
f 3415 3417 3412
f 1073 1075 1062
f 1071 1073 1062
f 233 228 239
f 1075 1072 1062
f 5409 5440 5547
f 1062 1072 1064
f 1062 1064 1051
f 1051 1064 1058
f 1048 1051 1058
f 1057 1049 1056
f 5498 5500 5499
f 5497 5496 5495
f 5495 5540 5514
f 2126 2127 2128
f 4788 4782 4787
f 4799 4789 4788
f 3428 3424 3420
f 3010 3009 3068
f 3411 3415 3412
f 5978 5979 5976
f 5978 5976 5968
f 5971 5969 5970
f 5971 5970 5972
f 4481 4488 4482
f 3008 3009 3007
f 5556 5428 5449
f 5422 5428 5556
f 5440 5422 5556
f 5586 5587 5592
f 5585 5587 5586
f 5585 5586 5584
f 5588 5584 5591
f 5593 5588 5591
f 5593 5591 5594
f 5498 5499 5496
f 1417 1418 1419
f 2124 2127 2126
f 5610 5611 5612
f 4787 4782 4783
f 4824 4799 4825
f 3071 3074 3073
f 3427 3428 3420
f 3427 3420 3418
f 4850 4830 4829
f 183 160 184
f 5450 5448 5469
f 4203 4196 4207
f 3458 3459 3456
f 3459 3460 3456
f 3409 3411 3412
f 5978 5968 5983
f 5968 5969 5977
f 5973 5971 5972
f 4483 4482 4484
f 4480 4481 4478
f 4478 4481 4482
f 5622 5625 5623
f 5755 5774 5754
f 239 232 261
f 5584 5586 5591
f 243 253 272
f 5500 5502 5499
f 5519 5540 5488
f 5519 5488 5487
f 2382 2383 2380
f 4822 4788 4787
f 4821 4799 4788
f 4829 4830 4824
f 3418 3420 3419
f 3456 3460 3454
f 3454 3460 3455
f 184 160 169
f 5450 5469 5452
f 5451 5450 5452
f 5983 5968 5977
f 5971 5977 5969
f 3409 3412 3410
f 5449 5450 5451
f 1472 1473 1471
f 4478 4482 4483
f 4477 4480 4478
f 5449 5451 5456
f 1069 1071 1062
f 5622 5623 5624
f 5449 5456 5518
f 5505 5556 5506
f 1054 1062 1051
f 270 243 272
f 5499 5513 5496
f 5496 5513 5490
f 1430 1454 1421
f 5496 5490 5495
f 1421 1419 1422
f 1439 1419 1420
f 4821 4788 4822
f 4829 4824 4825
f 3418 3419 3411
f 5452 5469 5454
f 3010 3068 3011
f 3068 3071 3070
f 3011 3068 3070
f 4477 4478 4479
f 4479 4478 4498
f 5456 5451 5455
f 1063 1069 1062
f 1063 1062 1054
f 4013 4030 4015
f 1054 1051 1045
f 5505 5506 5504
f 270 261 243
f 3982 3977 3970
f 1428 1421 1422
f 2123 2124 2125
f 5488 5540 5480
f 2125 2124 2126
f 5487 5482 5486
f 2808 2802 2807
f 4825 4799 4821
f 4833 4825 4821
f 3418 3411 3408
f 5469 5464 5454
f 169 160 166
f 5974 5971 5973
f 4483 4484 4485
f 4485 4484 4486
f 3007 3004 3006
f 4498 4478 4497
f 4478 4483 4493
f 4497 4478 4493
f 162 238 237
f 5626 5627 5628
f 1052 1054 1045
f 5504 5506 5518
f 271 261 270
f 271 270 272
f 5504 5503 5502
f 5502 5503 5499
f 5499 5503 5513
f 5490 5479 5489
f 5489 5479 5480
f 5486 5482 5485
f 4822 4787 4783
f 4822 4783 4823
f 3757 3756 3755
f 188 184 185
f 3427 3418 3426
f 3454 3455 3439
f 2971 3070 3073
f 3442 3454 3439
f 3458 3456 3442
f 3409 3410 3404
f 5452 5454 5453
f 5451 5452 5453
f 4485 4486 4487
f 5985 5983 5977
f 5985 5977 5974
f 5977 5971 5974
f 4493 4483 4485
f 1067 1069 1063
f 4497 4493 4502
f 4503 4498 4497
f 4503 4497 4502
f 5568 5456 5455
f 1063 1054 1052
f 3986 4011 3982
f 637 638 648
f 5216 5218 5219
f 648 638 654
f 1428 1422 1429
f 654 638 690
f 1429 1422 1439
f 2129 2123 2125
f 5485 5482 5483
f 4833 4821 4822
f 3426 3418 3422
f 2971 3073 3075
f 5458 5464 5465
f 5454 5464 5458
f 3408 3409 3404
f 3404 3410 3407
f 5975 5974 5973
f 5455 5451 5453
f 5455 5453 5568
f 4493 4485 4494
f 4485 4487 4494
f 1460 1465 1459
f 676 691 673
f 677 692 676
f 677 676 632
f 693 692 677
f 632 676 673
f 678 677 632
f 5745 5754 5744
f 5503 5507 5508
f 5504 5507 5503
f 694 678 698
f 678 632 698
f 632 679 698
f 679 632 634
f 635 679 634
f 635 634 633
f 5015 5016 5017
f 3986 3982 3979
f 5216 5217 5218
f 638 637 636
f 5490 5478 5479
f 638 636 645
f 645 636 643
f 5480 5479 5477
f 5480 5481 5482
f 4832 4833 4822
f 3439 3455 3435
f 3455 3457 3435
f 3422 3418 3408
f 1477 1475 1476
f 5453 5454 5457
f 3006 3004 3005
f 5568 5453 5468
f 165 234 244
f 4493 4494 4501
f 673 691 674
f 673 674 631
f 5507 5568 5515
f 5508 5507 5515
f 632 673 631
f 4019 4026 4013
f 5503 5508 5509
f 632 631 630
f 632 630 633
f 1437 1449 1435
f 637 633 630
f 5478 5477 5479
f 636 640 643
f 643 640 652
f 3747 3749 3750
f 5480 5477 5481
f 2130 2131 2123
f 2130 2123 2129
f 5483 5481 5484
f 5482 5481 5483
f 4832 4822 4823
f 3435 3457 3430
f 274 185 186
f 3438 3439 3435
f 3422 3408 3403
f 5237 5239 5238
f 5239 5240 5238
f 5465 5466 5458
f 5454 5458 5457
f 5468 5453 5457
f 4495 4496 4504
f 5468 5457 5461
f 4487 4496 4495
f 175 181 241
f 4494 4487 4495
f 5578 5568 5468
f 5515 5568 5578
f 4021 4026 4019
f 5744 5741 5745
f 1437 1435 1433
f 1435 1431 1433
f 636 630 629
f 636 629 639
f 1432 1431 1429
f 652 640 646
f 5478 5476 5477
f 3748 3749 3747
f 4847 4832 4823
f 3046 3075 3076
f 3436 3439 3438
f 2972 2971 3075
f 5458 5466 5467
f 3442 3439 3440
f 5461 5457 5460
f 5468 5461 5551
f 4494 4495 4499
f 256 241 269
f 1061 1063 1052
f 4501 4494 4499
f 5468 5551 5578
f 631 674 628
f 1052 1045 1043
f 5515 5578 5508
f 630 631 628
f 5509 5508 5511
f 630 628 629
f 5510 5509 5511
f 3979 4017 3986
f 5613 5614 5615
f 639 626 640
f 640 626 641
f 5478 5493 5476
f 640 641 646
f 5477 5491 5481
f 3429 3435 3430
f 3076 3075 3077
f 3438 3435 3429
f 3752 3755 3753
f 5233 5237 5238
f 2881 2880 2873
f 2873 2880 2879
f 5543 5466 5549
f 4093 4095 4092
f 3408 3404 3403
f 3440 3439 3436
f 3384 3378 3379
f 5467 5466 5543
f 3378 3386 3375
f 5458 5467 5459
f 5457 5458 5459
f 5457 5459 5460
f 5461 5460 5462
f 4495 4504 4506
f 1456 1455 1452
f 240 175 256
f 5470 5461 5462
f 4499 4495 4500
f 4059 4058 4051
f 5551 5461 5470
f 674 675 628
f 5614 5616 5615
f 639 629 626
f 700 649 702
f 641 649 646
f 646 649 700
f 3429 3430 3431
f 5236 5237 5233
f 2875 2874 2876
f 2873 2879 2874
f 4094 4096 4093
f 3436 3438 3429
f 5233 5238 5234
f 3752 3753 3754
f 3440 3436 3437
f 3379 3378 3370
f 3370 3378 3375
f 2970 2971 2972
f 5467 5543 5459
f 174 176 177
f 5460 5459 5471
f 3452 3448 3443
f 1483 1464 1456
f 1065 1067 1061
f 176 240 250
f 4495 4506 4500
f 1468 1456 1452
f 628 675 627
f 628 627 625
f 5551 5470 5493
f 5578 5551 5493
f 629 628 625
f 629 625 626
f 626 625 624
f 5493 5470 5476
f 1452 1447 1434
f 626 624 642
f 641 626 642
f 5477 5476 5475
f 3746 3748 3747
f 5477 5475 5491
f 5235 5236 5233
f 2875 2876 2877
f 2877 2876 2878
f 3423 3422 3403
f 4094 4093 4088
f 4088 4093 4092
f 2703 2715 2709
f 5549 5550 5543
f 3441 3440 3437
f 1623 1640 1622
f 3443 3440 3441
f 3375 3386 3381
f 5459 5543 5472
f 3759 3754 3758
f 177 176 178
f 1068 1067 1065
f 5471 5459 5472
f 5471 5472 5473
f 5471 5473 5555
f 1456 1468 1483
f 5463 5462 5460
f 5741 5742 5740
f 1061 1052 1050
f 5470 5462 5463
f 5470 5463 5475
f 649 642 653
f 5476 5470 5475
f 3751 3746 3745
f 3745 3746 3747
f 2709 2710 2707
f 2704 2709 2707
f 3423 3403 3413
f 3045 3076 3077
f 3045 3077 3044
f 2704 2703 2709
f 3434 3436 3429
f 4088 4092 4091
f 3403 3400 3399
f 3380 3379 3370
f 3370 3375 3371
f 1624 1623 1621
f 5543 5550 5553
f 1621 1623 1622
f 5543 5553 5474
f 1621 1622 1613
f 5472 5543 5474
f 5460 5471 5463
f 5471 5555 5463
f 4500 4506 4507
f 5463 5555 5574
f 627 621 625
f 5494 5463 5544
f 625 621 624
f 5475 5463 5494
f 642 624 644
f 1050 1052 1043
f 642 644 653
f 653 644 696
f 5492 5494 5544
f 5475 5492 5491
f 3429 3431 3432
f 2882 2875 2877
f 3044 3077 3078
f 3434 3429 3433
f 3046 3076 3045
f 2873 2875 2882
f 2705 2714 2703
f 2885 2881 2873
f 2885 2873 2883
f 3437 3436 3434
f 3369 3370 3371
f 1625 1624 1621
f 2972 3046 2974
f 3375 3381 3374
f 1538 1531 1557
f 2720 2727 2726
f 3443 3441 3450
f 3443 3450 3451
f 1060 1065 1061
f 624 621 619
f 4054 4053 4052
f 4050 4023 4049
f 624 619 644
f 1041 1050 1043
f 5475 5494 5492
f 3433 3429 3432
f 5230 5235 5233
f 2702 2704 2706
f 3397 3398 3396
f 2705 2703 2702
f 2702 2703 2704
f 2883 2873 2882
f 2716 2714 2705
f 5233 5234 5232
f 4088 4091 4089
f 2974 3046 3045
f 3380 3370 3369
f 3371 3375 3374
f 2720 2726 2724
f 3374 3381 3382
f 2718 2720 2719
f 3382 3381 3383
f 1066 1068 1065
f 621 683 608
f 1060 1061 1050
f 621 608 619
f 608 618 619
f 619 618 644
f 644 618 650
f 1599 1612 1615
f 2712 2707 2713
f 3423 3413 3425
f 3425 3413 3414
f 2706 2707 2712
f 1638 1624 1629
f 3414 3413 3399
f 5230 5233 5228
f 3395 3397 3396
f 2711 2705 2708
f 2708 2705 2702
f 3372 3369 3371
f 3444 3437 3434
f 3371 3374 3373
f 2723 2720 2724
f 3441 3437 3444
f 608 699 606
f 608 606 607
f 608 607 618
f 708 707 669
f 1599 1615 1600
f 2882 2877 2886
f 1629 1624 1626
f 5230 5228 5227
f 1626 1624 1625
f 3395 3396 3393
f 5228 5233 5232
f 3445 3434 3433
f 5228 5232 5229
f 3372 3371 3373
f 3382 3383 3391
f 3382 3391 3390
f 2717 2720 2721
f 2717 2718 2719
f 2719 2720 2717
f 1060 1066 1065
f 618 607 605
f 618 605 620
f 688 620 622
f 647 705 651
f 707 705 623
f 688 651 706
f 1598 1599 1600
f 1598 1600 1602
f 1602 1600 1603
f 4336 4335 4331
f 4331 4335 4332
f 4331 4332 4333
f 4333 4332 4334
f 4937 4938 4939
f 3090 3078 3099
f 2843 2848 2844
f 2843 2842 2845
f 2884 2882 2886
f 2842 2843 2844
f 3432 3449 3446
f 4266 4265 4264
f 2842 2844 2849
f 2849 2844 2850
f 3433 3432 3446
f 4264 4265 4262
f 4265 4263 4262
f 4261 4262 4263
f 3393 3372 3394
f 2978 2974 3045
f 3445 3433 3446
f 5228 5229 5226
f 5226 5229 5231
f 3394 3372 3373
f 3374 3377 3376
f 3373 3374 3376
f 2849 2850 2851
f 3382 3390 3389
f 2722 2717 2721
f 605 606 603
f 607 606 605
f 620 605 604
f 620 604 622
f 708 669 709
f 1611 1612 1599
f 1059 1060 1050
f 1059 1050 1038
f 1616 1603 1630
f 4935 4966 4941
f 3081 3078 3090
f 4940 4941 4938
f 4940 4938 4937
f 3079 3078 3081
f 2846 2848 2843
f 3044 3078 3079
f 4266 4264 4267
f 3395 3393 3394
f 4264 4262 4261
f 617 616 611
f 611 616 615
f 613 615 710
f 2978 3045 3044
f 602 601 598
f 5226 5227 5228
f 3376 3377 3387
f 1626 1625 1627
f 2852 2849 2851
f 603 602 598
f 598 601 599
f 599 617 600
f 600 617 611
f 710 711 656
f 3377 3382 3387
f 3387 3382 3388
f 613 710 656
f 3382 3389 3388
f 1625 1621 1620
f 1627 1625 1620
f 2977 2974 2978
f 4279 4261 4296
f 2852 2851 2853
f 603 598 604
f 1621 1613 1620
f 605 603 604
f 604 598 609
f 612 611 613
f 613 656 655
f 613 655 614
f 1620 1613 1611
f 1066 1060 1074
f 1613 1612 1611
f 622 604 609
f 610 612 647
f 647 612 623
f 614 655 623
f 655 658 669
f 623 655 669
f 669 658 670
f 622 610 651
f 610 647 651
f 1611 1599 1606
f 1597 1599 1598
f 1602 1603 1616
f 4933 4966 4935
f 4942 4940 4937
f 2905 2898 2904
f 4935 4941 4945
f 4941 4940 4945
f 4934 4935 4947
f 4947 4935 4945
f 4927 4934 4928
f 4928 4934 4946
f 4934 4947 4946
f 613 611 615
f 656 704 657
f 4261 4279 4268
f 598 599 600
f 609 598 600
f 609 600 610
f 610 600 611
f 655 656 657
f 610 611 612
f 655 657 658
f 1606 1599 1605
f 1599 1597 1605
f 2834 2835 2832
f 4927 4933 4934
f 4933 4927 4926
f 4943 4945 4940
f 4274 4266 4267
f 4946 4947 4945
f 2908 2901 2905
f 2979 2978 3044
f 4268 4264 4261
f 662 657 704
f 659 657 660
f 336 318 317
f 658 657 659
f 658 659 670
f 1611 1606 1617
f 1059 1038 1039
f 1598 1602 1609
f 1609 1602 1616
f 1616 1630 1633
f 2836 2834 2833
f 2836 2837 2834
f 2838 2837 2836
f 4926 4927 4928
f 4943 4940 4942
f 4946 4945 4943
f 4267 4264 4268
f 2840 2839 2838
f 4931 4928 4946
f 4931 4946 4949
f 660 661 659
f 316 318 337
f 659 664 680
f 680 664 672
f 1616 1633 1634
f 1630 1639 1633
f 4275 4274 4271
f 4930 4933 4926
f 4271 4274 4267
f 4930 4926 4929
f 4929 4926 4928
f 4943 4942 4944
f 4271 4267 4269
f 4269 4267 4268
f 4932 4931 4949
f 4946 4943 4948
f 4943 4944 4948
f 1627 1620 1628
f 660 662 661
f 663 661 667
f 659 661 663
f 659 663 664
f 664 663 665
f 1618 1611 1617
f 1596 1605 1597
f 1631 1609 1616
f 1631 1616 1634
f 1633 1639 1635
f 4929 4936 4930
f 685 689 701
f 4928 4931 4929
f 2979 3042 2981
f 662 689 685
f 662 685 684
f 4929 4931 4932
f 4269 4268 4270
f 663 667 668
f 4932 4949 4950
f 4949 4948 4950
f 2977 2978 2979
f 2980 2977 2979
f 663 668 666
f 1628 1611 1618
f 665 663 666
f 665 666 671
f 1614 1617 1606
f 1614 1606 1605
f 1614 1605 1607
f 1607 1605 1596
f 1596 1597 1598
f 1596 1598 1601
f 685 701 687
f 684 685 686
f 685 687 686
f 686 687 668
f 4948 4944 4951
f 4955 4932 4950
f 4950 4948 4952
f 4948 4951 4952
f 666 668 681
f 671 666 682
f 1618 1617 1614
f 1601 1598 1609
f 1634 1633 1635
f 4952 4951 4956
f 314 317 316
f 4950 4952 4953
f 666 681 682
f 3080 3079 3081
f 3041 3042 3079
f 3041 3079 3080
f 4275 4271 4281
f 4276 4271 4269
f 4269 4270 4272
f 4954 4952 4956
f 314 316 315
f 4955 4950 4953
f 4233 4243 4241
f 4957 4955 4953
f 4953 4952 4954
f 4231 4233 4241
f 1610 1609 1631
f 1631 1634 1635
f 4281 4271 4276
f 4276 4269 4272
f 4272 4270 4273
f 4231 4228 4229
f 4226 4227 4222
f 1601 1609 1610
f 4220 4226 4222
f 4220 4222 4210
f 2923 2916 2922
f 3080 3081 3085
f 4275 4281 4282
f 4278 4272 4273
f 4953 4954 4958
f 4957 4953 4959
f 1610 1631 1619
f 1619 1631 1632
f 4295 4275 4282
f 4282 4281 4283
f 352 314 312
f 314 315 313
f 4959 4953 4958
f 4228 4241 4248
f 1607 1596 1604
f 4244 4228 4227
f 1619 1632 1637
f 4217 4218 4211
f 4277 4276 4272
f 4959 4958 4960
f 4242 4228 4248
f 1604 1596 1601
f 1604 1601 1608
f 1608 1601 1610
f 4282 4283 4284
f 4272 4278 4277
f 2980 2981 2982
f 4958 4963 4961
f 4962 4959 4960
f 4225 4228 4242
f 4221 4225 4223
f 1619 1637 1641
f 3083 3080 3085
f 4295 4282 4285
f 3043 3080 3083
f 4284 4283 4276
f 4284 4276 4277
f 312 314 313
f 4960 4958 4961
f 1608 1610 1619
f 3083 3085 3097
f 4285 4282 4284
f 2984 2983 3043
f 327 352 312
f 4962 4961 4964
f 4964 4961 4965
f 4961 4963 4965
f 4969 4962 4964
f 4969 4964 4968
f 1608 1619 1636
f 4219 4223 4224
f 4249 4252 4217
f 4284 4277 4286
f 4968 4964 4967
f 4967 4964 4965
f 4219 4224 4249
f 4217 4219 4249
f 327 312 306
f 306 312 311
f 4285 4284 4286
f 3040 2984 3043
f 3040 3043 3083
f 324 327 305
f 327 306 305
f 4287 4285 4286
f 303 324 305
f 305 306 302
f 5711 5782 5794
f 293 306 311
f 3083 3097 3088
f 4287 4286 4288
f 2986 2984 3040
f 302 306 293
f 3040 3083 3088
f 4289 4285 4287
f 353 324 303
f 353 303 304
f 303 305 302
f 4289 4287 4290
f 338 353 304
f 3040 3088 3089
f 303 302 288
f 3089 3088 3091
f 3018 3040 3089
f 4291 4289 4290
f 2990 2988 3018
f 304 303 288
f 288 302 293
f 288 293 276
f 276 293 332
f 3020 3018 3089
f 338 304 322
f 276 332 320
f 4291 4290 4292
f 2991 2990 2993
f 322 304 288
f 3019 3020 3089
f 3019 3089 3091
f 322 288 275
f 4293 4291 4292
f 275 288 276
f 3019 3091 3092
f 275 276 277
f 277 276 320
f 277 320 319
f 2994 2991 2993
f 2994 2993 3019
f 322 275 278
f 277 319 292
f 3016 3019 3092
f 3016 3092 3093
f 3093 3092 3109
f 4293 4292 4294
f 335 322 278
f 278 275 277
f 278 277 279
f 1055 1035 1034
f 2997 3016 3017
f 3017 3016 3093
f 2998 2997 3017
f 3017 3093 3003
f 280 335 278
f 3093 3109 3105
f 278 279 280
f 279 292 281
f 281 292 331
f 280 279 281
f 281 331 298
f 3003 3093 3094
f 3027 3003 3094
f 281 298 294
f 5310 5311 5308
f 287 281 294
f 3094 3105 3104
f 283 280 282
f 282 280 281
f 282 281 287
f 284 283 282
f 287 294 321
f 294 298 321
f 321 298 325
f 3094 3104 3095
f 286 287 321
f 321 325 326
f 333 325 360
f 284 282 286
f 282 287 286
f 286 321 339
f 3133 3136 3126
f 3133 3126 3132
f 3135 3133 3132
f 3135 3132 3134
f 326 325 333
f 359 283 285
f 285 283 284
f 3129 3131 3127
f 3126 3129 3127
f 339 321 326
f 284 286 289
f 289 286 299
f 299 286 309
f 3126 3127 3128
f 3130 3126 3128
f 3132 3126 3130
f 364 326 333
f 3029 3094 3095
f 3029 3095 3096
f 285 284 291
f 291 284 290
f 3034 3028 3033
f 290 284 289
f 3034 3033 3035
f 3096 3095 3111
f 344 291 290
f 290 289 308
f 299 309 310
f 295 285 291
f 300 289 299
f 300 299 307
f 2362 2359 2358
f 3029 3096 3032
f 296 285 295
f 3157 3155 3151
f 3036 3030 3047
f 345 290 346
f 5700 5697 5701
f 4328 4329 4326
f 323 299 310
f 2363 2362 2358
f 3032 3096 3101
f 3151 3155 3152
f 3035 3051 3052
f 308 289 301
f 301 289 300
f 301 300 307
f 5804 5805 5806
f 3628 3623 3626
f 323 310 340
f 340 310 341
f 296 295 297
f 3037 3036 3047
f 347 345 346
f 5705 5712 5725
f 4328 4326 4325
f 5700 5701 5702
f 4325 4326 4327
f 3151 3152 3153
f 3153 3152 3154
f 347 346 348
f 5172 5173 5174
f 3052 3051 3053
f 4679 4680 4676
f 329 308 301
f 4678 4679 4676
f 4325 4327 4330
f 340 341 342
f 2365 2363 2364
f 3037 3047 3048
f 3153 3154 3156
f 4675 4678 4676
f 329 301 328
f 328 301 307
f 343 340 342
f 4906 4908 4907
f 4905 4906 4907
f 349 347 348
f 343 342 355
f 349 348 351
f 4675 4676 4677
f 329 328 330
f 334 329 330
f 330 328 354
f 5704 5703 5791
f 355 342 363
f 358 330 354
f 5704 5791 5777
f 5185 5186 5187
f 334 330 358
