v -0.253906 0.023056 0.081116
v -0.255859 0.021500 0.081238
v -0.255859 0.021484 0.081299
v 0.102295 0.036865 -0.022018
v 0.102295 0.036865 -0.021927
v 0.102844 0.035065 -0.021317
v 0.188110 0.071289 0.021729
v 0.188110 0.071289 0.021744
v 0.188599 0.069397 0.023468
v 0.186890 0.071167 0.020355
v 0.252441 0.014450 0.042633
v 0.253906 0.013664 0.042725
v 0.253906 0.013672 0.042725
v 0.253418 0.012054 0.043549
v 0.193246 0.063228 0.018385
v -0.185108 0.039330 0.035380
v -0.179979 0.041003 0.030425
v -0.190791 0.033552 0.038078
v -0.040776 0.380003 -0.069542
v -0.038186 0.380800 -0.062511
v -0.043742 0.381460 -0.076974
v 0.126945 0.227905 -0.041982
v 0.126547 0.223997 -0.036609
v 0.124300 0.222015 -0.039018
v 0.129119 0.235311 -0.041291
v 0.126009 0.236872 -0.038359
v 0.128065 0.234956 -0.032965
v 0.074458 -0.235235 -0.051432
v 0.078631 -0.236058 -0.047068
v 0.067803 -0.238727 -0.052996
v 0.022075 -0.500083 0.034828
v 0.042445 -0.500282 0.042748
v 0.008616 -0.500659 0.044239
v 0.049444 -0.500030 0.015459
v 0.033035 -0.500051 0.016956
v 0.008475 -0.500036 0.010052
v 0.045430 -0.499950 -0.005164
v 0.031825 -0.500173 -0.011172
v 0.008126 -0.500297 0.030793
v 0.010269 -0.499877 -0.018260
v 0.036668 -0.499906 -0.036348
v 0.013356 -0.499593 -0.034872
v 0.042094 -0.499796 -0.023716
v 0.029110 -0.500233 0.053757
v 0.043272 -0.500042 0.063931
v 0.053997 -0.500007 0.064762
v 0.053503 -0.500024 0.038687
v 0.029305 -0.500301 0.070361
v 0.032241 -0.500167 0.088681
v 0.007314 -0.500668 0.070576
v 0.049775 -0.500489 0.086111
v 0.034832 -0.500259 0.102591
v 0.012529 -0.499812 0.095032
v 0.018538 -0.499664 0.103109
v 0.011413 -0.271643 -0.020713
v 0.010246 -0.270288 -0.033815
v 0.006599 -0.312439 -0.030000
v 0.014737 -0.249089 -0.022388
v 0.007557 -0.325258 -0.024778
v 0.012973 -0.289100 -0.011453
v 0.018121 -0.265513 -0.006773
v 0.018502 -0.257345 -0.010255
v 0.014595 -0.317331 -0.009786
v 0.013578 -0.224241 -0.003654
v 0.011191 -0.222987 -0.015691
v 0.018012 -0.226547 0.005506
v 0.008430 -0.333823 -0.033887
v 0.009813 -0.338000 -0.030771
v 0.025336 -0.269656 -0.000295
v 0.015823 -0.215881 0.008170
v 0.030157 -0.248454 0.015772
v 0.031385 -0.260542 0.014272
v 0.033041 -0.258139 0.019841
v 0.024911 -0.299226 0.003878
v 0.019249 -0.355984 -0.006807
v 0.024709 -0.360276 0.000208
v 0.014941 -0.389867 -0.009309
v 0.019636 -0.394252 0.002408
v 0.012074 -0.369465 -0.027624
v 0.015620 -0.330135 -0.015952
v 0.009975 -0.412591 -0.020479
v 0.011849 -0.423038 0.003393
v 0.015257 -0.403830 0.003213
v 0.007741 -0.439417 -0.002529
v 0.009303 -0.445712 0.010043
v 0.019776 -0.415842 0.018841
v 0.019409 -0.438831 0.030132
v 0.019555 -0.463407 0.043975
v 0.005806 -0.466099 0.021948
v 0.005279 -0.462394 0.009018
v 0.007787 -0.444611 -0.022834
v 0.006024 -0.466528 -0.013961
v 0.007327 -0.483211 0.002616
v 0.008032 -0.480178 0.046157
v 0.008126 -0.500297 0.030793
v 0.007314 -0.500668 0.070576
v 0.007736 -0.486448 0.068026
v 0.010515 -0.488855 0.087201
v 0.012529 -0.499812 0.095032
v 0.008475 -0.500036 0.010052
v 0.010524 -0.419193 -0.028286
v 0.010269 -0.499877 -0.018260
v 0.013300 -0.368835 -0.036117
v 0.015821 -0.251509 -0.048168
v 0.008737 -0.476741 -0.030244
v 0.012851 -0.269454 -0.049771
v 0.011904 -0.296957 -0.048242
v 0.013356 -0.499593 -0.034872
v 0.015953 -0.227667 -0.030990
v 0.017747 -0.245778 -0.042170
v 0.010131 -0.209400 -0.018167
v 0.017114 -0.488683 0.099949
v 0.022154 -0.238124 -0.051333
v 0.023934 -0.221238 -0.045040
v 0.014631 -0.477274 -0.048355
v 0.015701 -0.460356 -0.040308
v 0.015395 -0.209059 -0.031915
v 0.014915 -0.392686 -0.039691
v 0.018101 -0.339063 -0.048049
v 0.018392 -0.471518 0.048042
v 0.017753 -0.336319 -0.050152
v 0.020150 -0.417024 -0.045597
v 0.018538 -0.499664 0.103109
v 0.022840 -0.369007 -0.051650
v 0.022071 -0.389874 -0.049381
v 0.024843 -0.246787 -0.061220
v 0.020603 -0.425318 -0.041257
v 0.024270 -0.208178 -0.043463
v 0.030926 -0.229009 0.020052
v 0.027130 -0.284730 0.004848
v 0.028292 -0.212284 0.025048
v 0.027236 -0.217886 0.031987
v 0.026761 -0.210423 0.036378
v 0.030809 -0.232717 0.023122
v 0.032931 -0.241859 0.019056
v 0.026989 -0.250627 0.021094
v 0.017071 -0.479094 0.066584
v 0.022963 -0.415946 0.010787
v 0.017918 -0.207208 -0.032897
v 0.009628 -0.206385 -0.015078
v 0.007404 -0.220849 -0.015003
v 0.005516 -0.189856 -0.014220
v 0.013812 -0.181798 -0.032931
v -0.088668 -0.008811 0.026936
v -0.099839 -0.024677 0.019161
v -0.081539 -0.013576 0.032492
v -0.087084 -0.049288 0.033715
v -0.096068 -0.001128 0.017199
v -0.098859 -0.054410 0.021013
v -0.092434 -0.078117 0.025892
v -0.080200 -0.079329 0.037256
v -0.076060 -0.120524 0.034238
v -0.069154 -0.066049 0.043473
v -0.065913 -0.102495 0.042549
v -0.073847 -0.039867 0.039935
v -0.061833 -0.139108 0.039144
v -0.067285 -0.168983 0.028370
v -0.051893 -0.164175 0.037694
v -0.074159 -0.169905 0.020464
v -0.081842 -0.142700 0.019914
v -0.092018 -0.109837 0.016537
v -0.107160 -0.041135 0.009556
v -0.099470 0.023446 0.006136
v -0.111441 -0.016434 0.000019
v -0.104859 -0.074834 0.005721
v -0.115744 -0.040871 -0.004406
v -0.107715 -0.062285 0.002606
v -0.110007 -0.090145 -0.000115
v -0.119322 -0.047174 -0.006617
v -0.079208 -0.169234 0.010079
v -0.087166 -0.141171 0.008722
v -0.098114 -0.104928 0.003665
v -0.110233 -0.047001 -0.001422
v -0.104015 -0.112227 -0.000510
v -0.103347 -0.127865 -0.008679
v -0.092661 -0.126316 -0.001170
v -0.083572 -0.162253 -0.005394
v -0.102934 -0.126530 -0.003641
v -0.093210 -0.128091 -0.013372
v -0.078303 -0.174888 -0.004398
v -0.080403 -0.176178 -0.017038
v -0.079544 -0.198085 -0.007427
v -0.074558 -0.206432 0.005292
v -0.079002 -0.223685 -0.008749
v -0.075182 -0.220793 -0.000549
v -0.067894 -0.209380 0.012579
v -0.069610 -0.192134 0.015655
v -0.073134 -0.174184 0.012021
v -0.063574 -0.170888 0.023740
v -0.057008 -0.196570 0.025985
v -0.057988 -0.216820 0.018937
v -0.067321 -0.223676 0.004373
v -0.058227 -0.223875 0.017770
v -0.083018 -0.209559 -0.020861
v -0.083475 -0.198899 -0.022721
v -0.050324 -0.210525 0.026268
v -0.056058 -0.170026 0.028894
v -0.085723 -0.151546 -0.017287
v -0.080462 -0.218022 -0.016254
v -0.072788 -0.226650 -0.007484
v -0.103377 0.036062 -0.034751
v -0.103979 0.024085 -0.052839
v -0.109721 0.017204 -0.038175
v -0.107018 0.007452 -0.064275
v -0.113001 -0.014815 -0.057440
v -0.116959 -0.016468 -0.034532
v -0.115037 -0.038344 -0.060793
v -0.117496 -0.042053 -0.037493
v -0.115783 -0.014121 -0.019542
v -0.118689 -0.044364 -0.020931
v -0.107895 0.016423 -0.011237
v -0.101680 0.038636 -0.014873
v -0.118424 -0.046294 -0.066306
v -0.119919 -0.047055 -0.040468
v -0.120441 -0.050618 -0.028276
v -0.116573 -0.071468 -0.026157
v -0.113767 -0.081131 -0.010042
v -0.111683 -0.094749 -0.024095
v -0.104458 -0.125850 -0.020981
v -0.114441 -0.064726 -0.058605
v -0.118224 -0.056608 -0.033265
v -0.104252 -0.120755 -0.037758
v -0.110194 -0.086203 -0.050697
v -0.115389 -0.046837 -0.033016
v -0.103005 0.030812 -0.044714
v -0.097709 0.039079 -0.008320
v -0.106237 -0.013683 -0.066730
v -0.103470 -0.007994 -0.068683
v -0.103982 0.006835 -0.067344
v -0.051085 -0.006180 -0.097708
v -0.032916 -0.005951 -0.098349
v -0.031115 -0.028337 -0.092159
v -0.051554 -0.027607 -0.091947
v -0.066712 -0.006675 -0.092924
v -0.067689 -0.028348 -0.085823
v -0.082334 -0.007422 -0.084405
v -0.081051 -0.027070 -0.077290
v -0.065223 -0.038016 -0.079098
v -0.048800 -0.043907 -0.079075
v -0.082386 -0.042955 -0.061542
v -0.067946 -0.056035 -0.057668
v -0.083905 -0.054191 -0.049790
v -0.051904 -0.060504 -0.058652
v -0.077228 -0.063553 -0.051230
v -0.030410 -0.044092 -0.078259
v -0.093136 -0.058486 -0.041867
v -0.093554 -0.040967 -0.048545
v -0.096072 -0.048012 -0.044935
v -0.094402 -0.024323 -0.062807
v -0.093139 -0.034366 -0.054170
v -0.031238 -0.060224 -0.057145
v -0.076372 0.018501 -0.084569
v -0.048906 0.016449 -0.094729
v -0.030523 0.018385 -0.095445
v -0.051802 -0.095158 -0.060749
v -0.032388 -0.093424 -0.058753
v -0.035054 -0.118480 -0.056685
v -0.050744 -0.124112 -0.057919
v -0.048001 -0.174940 -0.049792
v -0.034643 -0.171028 -0.048250
v -0.047103 -0.204075 -0.047445
v -0.061187 0.047919 -0.080235
v -0.074709 0.039004 -0.078000
v -0.030105 -0.205933 -0.042921
v -0.023528 0.047060 -0.084972
v -0.053662 0.059070 -0.075964
v -0.024343 0.064298 -0.080344
v -0.049449 0.082283 -0.067095
v -0.061437 0.084006 -0.061542
v -0.067594 0.063130 -0.067620
v -0.010284 0.017415 -0.088930
v -0.010539 -0.006180 -0.089527
v -0.021691 0.040677 -0.086348
v -0.011866 -0.030208 -0.082064
v -0.026612 -0.184844 -0.043117
v -0.019998 -0.152295 -0.042709
v -0.016212 -0.115521 -0.047518
v 0.001083 0.039811 -0.077901
v 0.000197 -0.008838 -0.082152
v -0.017783 -0.058654 -0.049570
v -0.017694 0.054930 -0.079976
v 0.004392 0.059079 -0.073200
v 0.020017 0.048427 -0.078884
v 0.019133 0.063016 -0.076477
v -0.006910 0.067150 -0.075183
v 0.013339 0.072433 -0.081980
v -0.012493 -0.095741 -0.046572
v -0.000191 0.019843 -0.082682
v 0.027874 0.019825 -0.095496
v 0.026529 0.027638 -0.092821
v 0.031442 -0.007087 -0.098346
v 0.052425 -0.007272 -0.097526
v 0.030015 -0.027316 -0.092512
v 0.050067 -0.029741 -0.090627
v 0.008835 -0.007990 -0.088497
v 0.049130 0.017932 -0.094298
v 0.012255 -0.032473 -0.081015
v 0.065037 -0.027123 -0.087744
v 0.072812 -0.005262 -0.090564
v 0.061097 0.013595 -0.091961
v 0.030792 -0.043288 -0.079686
v 0.047911 -0.042805 -0.079971
v 0.031722 0.034944 -0.089705
v 0.055312 0.045100 -0.082415
v 0.029045 0.062609 -0.080498
v 0.029376 0.045950 -0.086336
v 0.073951 0.020368 -0.085277
v 0.000340 -0.025853 -0.073336
v 0.079290 -0.027023 -0.079852
v 0.053087 0.023545 -0.091060
v 0.068545 0.041358 -0.080414
v 0.022029 0.035887 -0.086897
v 0.065708 -0.038098 -0.078450
v -0.008537 0.074764 -0.083149
v 0.043447 0.068209 -0.074308
v -0.013790 0.072110 -0.080807
v 0.023750 0.075602 -0.075343
v 0.058755 0.060063 -0.074233
v 0.061348 0.081161 -0.063561
v 0.047061 0.080446 -0.067332
v 0.030973 0.080812 -0.069037
v 0.085331 -0.005837 -0.081446
v 0.013265 -0.047018 -0.066078
v -0.012565 -0.042669 -0.070515
v 0.084129 0.037656 -0.072532
v 0.086344 0.020271 -0.077834
v 0.071079 0.063394 -0.065686
v -0.013072 -0.186167 -0.031762
v 0.061594 -0.058478 -0.057652
v 0.075386 -0.057210 -0.053458
v 0.050485 -0.058742 -0.059700
v 0.031491 -0.060570 -0.057032
v -0.019227 -0.207962 -0.032468
v -0.010908 -0.056553 -0.043225
v -0.010043 -0.131371 -0.034893
v 0.086924 -0.030085 -0.070026
v 0.086937 -0.053289 -0.048184
v 0.000224 -0.033487 -0.063888
v 0.012788 -0.057641 -0.045753
v -0.059653 -0.308229 -0.064543
v -0.048112 -0.338547 -0.058828
v -0.054926 -0.336381 -0.058018
v -0.053361 -0.277106 -0.070248
v -0.032252 -0.299856 -0.065038
v -0.027500 -0.338126 -0.057357
v -0.041167 -0.375503 -0.052373
v -0.023311 -0.371109 -0.051747
v -0.019792 -0.417198 -0.045780
v -0.037709 -0.417588 -0.045858
v -0.034542 -0.269283 -0.068337
v -0.067918 -0.280965 -0.065076
v -0.062381 -0.266390 -0.068754
v -0.038238 -0.423282 -0.042125
v -0.050152 -0.269888 -0.067842
v -0.030855 -0.256272 -0.065483
v -0.047934 -0.243598 -0.063782
v -0.024728 -0.294287 -0.061502
v -0.060929 -0.254513 -0.062635
v -0.031867 -0.239735 -0.059856
v -0.044827 -0.211145 -0.052883
v -0.015589 -0.337860 -0.047744
v -0.018599 -0.422550 -0.041906
v -0.034901 -0.449516 -0.042306
v -0.016845 -0.460023 -0.041429
v -0.036230 -0.461067 -0.042735
v -0.037392 -0.476017 -0.049477
v -0.028018 -0.246152 -0.062859
v -0.015336 -0.476600 -0.049400
v -0.037220 -0.499750 -0.035795
v -0.014141 -0.499835 -0.035600
v -0.068800 -0.242409 -0.061333
v -0.060255 -0.238787 -0.057837
v -0.058229 -0.220320 -0.051736
v -0.062008 -0.207636 -0.048302
v -0.064676 -0.245709 -0.058679
v -0.071709 -0.266517 -0.062668
v -0.043990 -0.466543 -0.038200
v -0.065684 -0.219691 -0.046595
v -0.059145 -0.360291 -0.042731
v -0.065753 -0.338250 -0.048012
v -0.051616 -0.387215 -0.039108
v -0.070379 -0.327007 -0.048035
v -0.077543 -0.294555 -0.051779
v -0.047103 -0.204075 -0.047445
v -0.069709 -0.238848 -0.046473
v -0.071148 -0.209584 -0.037544
v 0.128696 0.157903 -0.036805
v 0.121826 0.160819 -0.017028
v 0.126993 0.149605 -0.027605
v 0.122072 0.192101 -0.019265
v 0.125914 0.195314 -0.038531
v 0.120862 0.224735 -0.024794
v 0.124300 0.222015 -0.039018
v 0.115927 0.215140 -0.013658
v 0.117732 0.258390 -0.023746
v 0.126522 0.251064 -0.039330
v 0.124736 0.230181 -0.034351
v 0.126009 0.236872 -0.038359
v 0.133551 0.148185 -0.037804
v 0.106383 0.252841 -0.011963
v 0.107042 0.279086 -0.018826
v 0.117838 0.150613 -0.018295
v 0.104409 0.210963 -0.005607
v 0.107980 0.157388 -0.009138
v 0.099461 0.277098 -0.014122
v 0.091060 0.260189 -0.003473
v 0.088004 0.276961 -0.004503
v 0.080272 0.270761 0.003689
v 0.097146 0.242751 -0.006325
v 0.081386 0.284344 -0.003390
v 0.110299 0.148452 -0.013857
v 0.110471 0.133717 -0.010861
v 0.083600 0.257461 -0.000584
v 0.081288 0.244411 -0.006620
v 0.132515 0.143008 -0.026891
v 0.142868 0.134710 -0.035252
v 0.149376 0.120304 -0.022477
v 0.118241 0.268942 -0.021307
v 0.121654 0.261657 -0.027036
v 0.125581 0.256216 -0.032491
v 0.147469 0.122764 -0.037397
v 0.154571 0.106137 -0.030292
v 0.157991 0.096185 -0.008489
v 0.148948 0.119752 -0.045063
v 0.159180 0.088043 -0.014447
v 0.142368 0.129591 -0.054109
v 0.134155 0.142817 -0.051571
v 0.162464 0.083085 0.006269
v 0.168857 0.073880 0.002010
v 0.126111 0.160696 -0.049885
v 0.130886 0.149335 -0.048776
v 0.133840 0.139277 -0.059343
v 0.122968 0.144261 -0.061647
v -0.148465 0.119088 -0.044721
v -0.141382 0.129165 -0.055075
v -0.139831 0.116264 -0.059186
v -0.150834 0.102946 -0.039890
v -0.154385 0.104691 -0.032525
v -0.160175 0.086122 -0.016257
v -0.135032 0.126634 -0.063327
v -0.132858 0.138477 -0.060814
v -0.158553 0.095397 -0.016224
v -0.168405 0.076870 -0.000335
v -0.157980 0.074619 -0.014778
v -0.171349 0.066255 0.001059
v -0.151866 0.086991 -0.027699
v -0.141620 0.103658 -0.050086
v -0.161253 0.060024 -0.003230
v -0.170695 0.053756 0.008539
v -0.178193 0.072406 0.003683
v -0.185709 0.063908 0.007534
v -0.187643 0.072253 0.013143
v -0.193136 0.060764 0.015432
v -0.188135 0.048239 0.017448
v -0.196101 0.054174 0.024896
v -0.200061 0.037228 0.025633
v -0.204062 0.042544 0.029988
v -0.211717 0.036057 0.034817
v -0.179736 0.079007 0.009011
v -0.030891 -0.226635 0.061071
v -0.056321 -0.242517 0.049412
v -0.035987 -0.253135 0.041806
v -0.057255 -0.225869 0.061623
v -0.054738 -0.262808 0.032662
v -0.039686 -0.268333 0.032330
v -0.028798 -0.203969 0.060056
v -0.058089 -0.196807 0.060009
v -0.027118 -0.187883 0.057798
v -0.058623 -0.185954 0.057827
v -0.014764 -0.193300 0.049928
v -0.017018 -0.211148 0.045248
v -0.038579 -0.273680 0.025866
v -0.022225 -0.225711 0.047882
v -0.021479 -0.184953 0.051202
v -0.022567 -0.230108 0.039854
v -0.041166 -0.500187 0.053865
v -0.037154 -0.500047 0.031491
v -0.027049 -0.500133 0.042861
v -0.052739 -0.499907 0.037609
v -0.053149 -0.500180 0.071710
v -0.033801 -0.500559 0.065995
v -0.015883 -0.500424 0.046739
v -0.020356 -0.500376 0.018936
v -0.049441 -0.500304 0.019178
v -0.043910 -0.500232 -0.013388
v -0.007696 -0.499918 0.000455
v -0.041885 -0.499979 -0.024300
v -0.014141 -0.499835 -0.035600
v -0.037220 -0.499750 -0.035795
v -0.006867 -0.500315 0.065945
v -0.010404 -0.500154 0.088991
v -0.046008 -0.500059 0.091261
v -0.024270 -0.500087 0.081969
v -0.031767 -0.499705 0.103328
v -0.017285 -0.499869 0.102555
v -0.007867 -0.499815 0.033317
v -0.009699 -0.498926 -0.019028
v 0.053876 0.080222 0.036257
v 0.042690 0.081729 0.042049
v 0.044819 0.064629 0.043153
v 0.035361 0.066275 0.048920
v 0.043359 0.103555 0.039592
v 0.042910 0.036097 0.042639
v 0.033357 0.036446 0.047714
v 0.014128 0.061213 0.064895
v 0.053051 0.089703 0.031357
v 0.026594 0.026193 0.049577
v 0.023375 0.085428 0.064006
v 0.028922 0.112166 0.064783
v 0.020624 0.117777 0.075015
v 0.025298 0.147668 0.079753
v 0.038242 0.147930 0.064773
v 0.042441 0.169829 0.063789
v 0.050721 0.161436 0.052989
v 0.061424 0.186374 0.048561
v 0.049388 0.181929 0.059381
v 0.064960 0.160664 0.035682
v 0.069819 0.195343 0.039556
v 0.059128 0.146950 0.036606
v 0.026322 0.165370 0.078963
v 0.016674 0.167728 0.088870
v 0.038593 0.121160 0.051392
v 0.013327 0.101633 0.075391
v 0.031106 0.181102 0.072885
v 0.012597 0.143174 0.087128
v 0.070687 0.161744 0.023944
v 0.077410 0.204798 0.027703
v 0.045343 0.023444 0.038982
v 0.063576 0.142040 0.023791
v 0.043184 0.124046 0.041139
v 0.050791 0.112103 0.020895
v 0.049148 0.143484 0.041024
v 0.049474 0.130091 0.022261
v 0.078405 0.177162 0.003706
v 0.083083 0.213224 0.011226
v 0.038279 0.003793 0.036605
v 0.058925 0.096990 0.017862
v 0.082011 0.222814 0.030675
v 0.012718 0.035828 0.058795
v 0.073706 0.157400 0.001510
v 0.013288 -0.000337 0.047065
v 0.054052 0.126979 -0.003553
v 0.052949 0.135604 0.012651
v 0.056093 0.139110 -0.000544
v 0.057230 0.108739 0.000201
v 0.062825 0.098622 -0.001992
v 0.082836 0.197700 -0.013707
v 0.051355 0.137113 0.029654
v 0.080357 0.182806 -0.020831
v 0.079143 0.212335 0.041940
v 0.076937 0.225568 0.048155
v 0.072416 0.201506 0.054349
v 0.073022 0.215492 0.058754
v 0.065558 0.202406 0.069177
v 0.067566 0.220887 0.067492
v 0.058633 0.213633 0.078638
v 0.055506 0.196654 0.077062
v 0.059563 0.190159 0.064650
v 0.074965 0.166804 -0.022167
v 0.077310 0.239319 0.034762
v 0.081740 0.232117 0.020456
v 0.045211 0.202499 0.085893
v 0.082842 0.214343 -0.013676
v 0.065889 0.144436 -0.001866
v 0.081094 0.234026 -0.011162
v 0.053156 0.131075 -0.016712
v 0.056075 0.142779 -0.022025
v 0.055741 0.110147 -0.018447
v 0.078569 0.248578 0.003515
v 0.081288 0.244411 -0.006620
v 0.083600 0.257461 -0.000584
v 0.074457 0.255029 0.008566
v 0.080272 0.270761 0.003689
v 0.064752 0.146838 -0.019317
v 0.074242 0.179027 -0.038382
v 0.045465 0.190097 0.079187
v 0.064874 0.154032 -0.031517
v 0.070273 0.233777 0.051522
v 0.017469 0.180037 0.080354
v 0.067913 0.259326 0.012465
v 0.066615 0.243760 0.047187
v 0.045014 0.216449 0.086075
v 0.057747 0.230487 0.071289
v 0.068508 0.177929 -0.047480
v 0.027865 -0.013645 0.031575
v 0.015913 -0.016804 0.037279
v 0.018478 -0.034858 0.019502
v 0.073630 0.195489 -0.050931
v 0.069312 0.205410 -0.072715
v 0.073844 0.213490 -0.056251
v 0.071212 0.235949 -0.072241
v 0.068159 0.225084 -0.080157
v 0.064214 0.207107 -0.082221
v 0.060703 0.184012 -0.065339
v 0.060233 0.154781 -0.037942
v 0.033384 0.189343 0.082617
v 0.033207 0.207351 0.089196
v -0.041694 -0.396274 0.008905
v -0.043488 -0.403449 -0.002331
v -0.038673 -0.418582 0.009396
v -0.046375 -0.418519 -0.006011
v -0.049750 -0.416907 -0.013649
v -0.042588 -0.425062 0.003709
v -0.046077 -0.371687 -0.001225
v -0.054274 -0.385866 -0.015552
v -0.041338 -0.394029 0.001717
v -0.060097 -0.359928 -0.016534
v -0.064428 -0.343089 -0.016044
v -0.052094 -0.338219 -0.000323
v -0.069306 -0.305275 -0.009755
v -0.074079 -0.311261 -0.019596
v -0.080106 -0.281429 -0.016076
v -0.069705 -0.270158 0.000560
v -0.078807 -0.257165 -0.010966
v -0.073918 -0.256245 -0.003503
v -0.057068 -0.288856 0.007016
v -0.062772 -0.283919 0.003404
v -0.082246 -0.246565 -0.023904
v -0.082102 -0.271210 -0.030786
v -0.069965 -0.328244 -0.032826
v -0.063760 -0.347850 -0.028914
v -0.060486 -0.355903 -0.023068
v -0.053864 -0.380898 -0.022279
v -0.076285 -0.303537 -0.032387
v -0.070379 -0.327007 -0.048035
v -0.077543 -0.294555 -0.051779
v -0.065753 -0.338250 -0.048012
v -0.059145 -0.360291 -0.042731
v -0.051616 -0.387215 -0.039108
v -0.047042 -0.419482 -0.027156
v -0.081318 -0.260620 -0.050713
v -0.046964 -0.413962 -0.035903
v -0.042538 -0.424951 -0.035896
v -0.077375 -0.234540 -0.047156
v -0.078224 -0.236353 -0.035745
v -0.045316 -0.450184 -0.028266
v -0.048336 -0.426341 -0.003550
v -0.042933 -0.447662 0.005889
v -0.045952 -0.454601 -0.006826
v -0.043259 -0.442719 0.015193
v -0.040742 -0.444449 0.028179
v -0.040552 -0.418534 0.014771
v -0.044110 -0.471355 0.041807
v -0.047856 -0.463599 -0.002462
v -0.045973 -0.460889 -0.022006
v -0.043954 -0.467549 -0.029381
v -0.043910 -0.500232 -0.013388
v -0.049441 -0.500304 0.019178
v -0.050340 -0.474594 0.020976
v -0.041885 -0.499979 -0.024300
v -0.052739 -0.499907 0.037609
v -0.053671 -0.486753 0.049972
v -0.053149 -0.500180 0.071710
v -0.052166 -0.489842 0.073460
v -0.046008 -0.500059 0.091261
v -0.040266 -0.492529 -0.029722
v -0.044498 -0.476212 -0.036895
v -0.037220 -0.499750 -0.035795
v -0.037392 -0.476017 -0.049477
v -0.043990 -0.466543 -0.038200
v -0.051374 -0.455940 -0.027506
v -0.049732 -0.463542 -0.033115
v -0.041284 -0.489802 0.096112
v -0.034901 -0.449516 -0.042306
v -0.038238 -0.423282 -0.042125
v -0.037709 -0.417588 -0.045858
v -0.067918 -0.280965 -0.065076
v -0.071709 -0.266517 -0.062668
v -0.068800 -0.242409 -0.061333
v -0.053770 -0.448559 -0.007754
v -0.055553 -0.442772 -0.025197
v -0.054666 -0.419387 -0.008435
v -0.056346 -0.424227 -0.024938
v -0.075132 -0.239890 -0.022225
v 0.109400 0.175367 -0.066995
v 0.116019 0.161661 -0.063242
v 0.100762 0.154656 -0.070056
v 0.100628 0.198535 -0.068592
v 0.106016 0.233410 -0.064048
v 0.094454 0.239223 -0.068828
v 0.107161 0.262478 -0.063266
v 0.115935 0.209546 -0.059745
v 0.095286 0.258239 -0.070376
v 0.090635 0.276268 -0.068618
v 0.075855 0.260607 -0.075554
v 0.110088 0.142159 -0.070471
v 0.122968 0.144261 -0.061647
v 0.108447 0.278669 -0.056716
v 0.110990 0.275552 -0.056544
v 0.078186 0.282857 -0.069250
v 0.062425 0.262462 -0.082602
v 0.066897 0.249065 -0.081313
v 0.048854 0.258072 -0.086026
v 0.048940 0.239417 -0.086475
v 0.066279 0.239392 -0.079610
v 0.046736 0.274437 -0.081583
v 0.082378 0.242214 -0.069478
v 0.061679 0.231809 -0.084957
v 0.050264 0.227126 -0.088564
v 0.048116 0.211294 -0.088001
v 0.064214 0.207107 -0.082221
v 0.068159 0.225084 -0.080157
v 0.031767 0.221384 -0.087673
v 0.091419 0.214693 -0.067375
v 0.048342 0.283783 -0.077242
v 0.020446 0.261578 -0.084221
v 0.115180 0.265915 -0.054394
v 0.035980 0.207117 -0.086410
v 0.116497 0.240699 -0.052722
v 0.121010 0.261070 -0.050718
v 0.123474 0.251023 -0.048259
v 0.118564 0.230795 -0.051176
v 0.123709 0.169567 -0.054155
v 0.071212 0.235949 -0.072241
v 0.077278 0.238680 -0.067601
v 0.022978 0.281013 -0.077510
v 0.126111 0.160696 -0.049885
v 0.130886 0.149335 -0.048776
v 0.054269 0.189230 -0.074136
v 0.045670 0.192797 -0.078672
v 0.017393 0.232939 -0.084362
v 0.073844 0.213490 -0.056251
v 0.084225 0.211848 -0.064592
v 0.025513 0.296888 -0.066098
v 0.092470 0.136128 -0.064444
v 0.099848 0.128489 -0.064433
v 0.016137 0.209752 -0.081072
v 0.035397 0.167390 -0.062582
v 0.110673 0.115243 -0.065151
v 0.020562 0.175388 -0.067206
v 0.022289 0.162847 -0.060455
v 0.018893 0.187491 -0.072542
v 0.084649 0.160551 -0.063238
v 0.060703 0.184012 -0.065339
v 0.053721 0.162043 -0.050402
v 0.040555 0.158043 -0.052080
v 0.022286 0.148570 -0.055849
v 0.039747 0.144391 -0.043339
v 0.048005 0.148436 -0.038706
v 0.060233 0.154781 -0.037942
v 0.124300 0.222015 -0.039018
v 0.076050 0.200225 -0.055235
v 0.134155 0.142817 -0.051571
v 0.056075 0.142779 -0.022025
v 0.125914 0.195314 -0.038531
v 0.126009 0.236872 -0.038359
v 0.126522 0.251064 -0.039330
v 0.053279 -0.225786 0.061257
v 0.037031 -0.252791 0.042106
v 0.059206 -0.247567 0.042614
v 0.059238 -0.227648 0.058408
v 0.034083 -0.226945 0.061264
v 0.038180 -0.268561 0.031569
v 0.049404 -0.262250 0.032163
v 0.057818 -0.267266 0.024063
v 0.049770 -0.274035 0.017729
v 0.038844 -0.274117 0.024382
v 0.057543 -0.199209 0.060122
v 0.031206 -0.206673 0.060529
v 0.027622 -0.193127 0.058370
v 0.058502 -0.185899 0.057479
v 0.025650 -0.186279 0.054971
v -0.093239 0.126100 -0.026975
v -0.098707 0.129968 -0.017171
v -0.104366 0.106416 -0.008175
v -0.099678 0.103418 -0.022952
v -0.108637 0.092672 -0.009405
v -0.119832 0.087319 0.004953
v -0.085037 0.149827 -0.025852
v -0.081179 0.147495 -0.036470
v -0.076673 0.165788 -0.034725
v -0.074249 0.176600 -0.033691
v -0.092454 0.144332 -0.018514
v -0.076780 0.187716 -0.026971
v -0.092105 0.150296 -0.015005
v -0.075826 0.198714 -0.024633
v -0.114850 0.105423 0.003515
v -0.083460 0.207009 -0.016499
v -0.077562 0.222118 -0.018355
v -0.095275 0.185775 -0.009394
v -0.089879 0.224657 -0.010227
v -0.129282 0.094418 0.011703
v -0.133369 0.077842 0.015588
v -0.126584 0.075543 0.005634
v -0.134150 0.061862 0.008114
v -0.139671 0.063937 0.022852
v -0.146509 0.047350 0.028059
v -0.149212 0.050792 0.034931
v -0.158904 0.037966 0.047762
v -0.163794 0.024886 0.048722
v -0.078752 0.240575 -0.011338
v -0.154336 0.059462 0.036864
v -0.165348 0.042027 0.052341
v -0.077765 0.151728 -0.048619
v -0.126255 0.072579 -0.006130
v -0.088073 0.129124 -0.049442
v -0.073728 0.177964 -0.038684
v -0.095949 0.234572 -0.006957
v -0.145156 0.077483 0.021799
v -0.074464 0.186451 -0.045251
v -0.086714 0.250825 -0.005904
v -0.102340 0.205848 -0.006189
v -0.109338 0.132599 -0.011813
v -0.110288 0.150072 -0.015414
v -0.106413 0.156802 -0.009838
v -0.106194 0.175442 -0.007237
v -0.112403 0.086189 -0.017648
v -0.147989 0.043643 0.015758
v -0.099460 0.109177 -0.043923
v -0.095077 0.124043 -0.051851
v -0.097924 0.112457 -0.050991
v -0.153617 0.038807 0.029391
v -0.083113 0.164487 -0.062232
v -0.081480 0.194524 -0.062817
v -0.074203 0.196252 -0.050943
v -0.074997 0.212099 -0.059366
v -0.091406 -0.123123 -0.022600
v -0.080896 -0.133611 -0.036981
v -0.085723 -0.151546 -0.017287
v -0.088643 -0.116547 -0.033017
v -0.075633 -0.165788 -0.032311
v -0.080403 -0.176178 -0.017038
v -0.069053 -0.170835 -0.040646
v -0.093210 -0.128091 -0.013372
v -0.077961 -0.184647 -0.022848
v -0.088819 -0.104522 -0.037723
v -0.074883 -0.209707 -0.024950
v -0.067739 -0.207517 -0.035627
v -0.071003 -0.118883 -0.050413
v -0.077832 -0.090819 -0.049673
v -0.089395 -0.088145 -0.040829
v -0.058592 -0.205766 -0.043326
v -0.077228 -0.063553 -0.051230
v -0.057560 -0.153559 -0.051450
v -0.058653 -0.182804 -0.045700
v -0.093136 -0.058486 -0.041867
v -0.060724 -0.120684 -0.055764
v -0.063566 -0.088313 -0.057709
v -0.083475 -0.198899 -0.022721
v -0.083018 -0.209559 -0.020861
v -0.073798 -0.217107 -0.021901
v -0.080462 -0.218022 -0.016254
v -0.051802 -0.095158 -0.060749
v -0.048001 -0.174940 -0.049792
v -0.047103 -0.204075 -0.047445
v -0.050744 -0.124112 -0.057919
v -0.051904 -0.060504 -0.058652
v -0.072788 -0.226650 -0.007484
v -0.079002 -0.223685 -0.008749
v 0.052216 -0.085940 0.046028
v 0.048681 -0.114709 0.044432
v 0.063324 -0.086850 0.044237
v 0.058265 -0.136780 0.040233
v 0.046198 -0.161994 0.038314
v 0.057049 -0.055114 0.044751
v 0.070692 -0.073877 0.042221
v 0.071031 -0.040413 0.039649
v 0.061985 -0.165706 0.032453
v 0.076484 -0.110110 0.035386
v 0.071297 -0.139549 0.032971
v 0.085007 -0.062896 0.034282
v 0.086939 -0.030596 0.030588
v 0.071982 -0.022776 0.035532
v 0.084878 -0.015261 0.028172
v 0.097159 -0.046514 0.023341
v 0.090683 -0.007831 0.022544
v 0.093113 -0.078721 0.024616
v 0.058431 -0.027081 0.039406
v 0.100551 -0.021904 0.016334
v 0.040581 -0.090880 0.044056
v 0.034138 -0.141969 0.038784
v 0.034236 -0.113515 0.041739
v 0.041476 -0.031306 0.037460
v 0.040045 -0.050967 0.040976
v 0.035330 -0.163539 0.034739
v 0.045228 -0.169761 0.032617
v 0.031770 -0.179880 0.028433
v 0.036305 -0.202802 0.029045
v 0.042717 -0.199890 0.030862
v 0.057559 -0.170207 0.028435
v 0.045718 -0.206239 0.029692
v 0.067460 -0.191838 0.018859
v 0.058747 -0.213748 0.019947
v 0.047240 -0.023549 0.035069
v -0.080859 0.090662 -0.026072
v -0.078273 0.068130 -0.051743
v -0.087220 0.067962 -0.032033
v -0.073518 0.079300 -0.051116
v -0.069684 0.093882 -0.041538
v -0.067594 0.063130 -0.067620
v -0.061437 0.084006 -0.061542
v -0.075988 0.097211 -0.024699
v -0.091979 0.065038 -0.017729
v -0.090104 0.072167 -0.005308
v -0.083569 0.085552 0.002108
v -0.092376 0.057810 0.008455
v -0.087263 0.057104 -0.028033
v -0.092270 0.055299 -0.010963
v -0.097596 0.037709 -0.026482
v -0.081679 0.060112 -0.040577
v -0.079217 0.050334 -0.063074
v -0.088648 0.038173 -0.052508
v -0.082552 0.040672 -0.068101
v -0.086380 0.019344 -0.073205
v -0.094891 0.021702 -0.050069
v -0.094091 0.034422 -0.038243
v -0.095235 0.007923 -0.062440
v -0.081747 0.020453 -0.081284
v -0.095415 -0.005365 -0.066903
v -0.097709 0.039079 -0.008320
v -0.082334 -0.007422 -0.084405
v -0.074709 0.039004 -0.078000
v -0.074926 0.059681 -0.054756
v -0.076372 0.018501 -0.084569
v -0.088699 0.068760 0.015313
v -0.094402 -0.024323 -0.062807
v -0.090404 0.046801 0.023293
v -0.090161 0.045522 0.007661
v -0.087514 0.033398 0.016425
v -0.087837 0.036481 0.028157
v -0.094660 0.035154 0.003878
v -0.079994 0.080010 0.020837
v -0.099470 0.023446 0.006136
v -0.071130 0.099473 -0.004812
v -0.080132 0.064510 0.033086
v -0.093265 0.018475 0.011051
v -0.066659 0.095874 0.016864
v -0.082369 0.027631 0.022073
v -0.083368 0.032192 0.032322
v -0.044472 0.207864 -0.086375
v -0.024738 0.206409 -0.083406
v -0.032342 0.190504 -0.076654
v -0.046927 0.192964 -0.078252
v -0.032832 0.167843 -0.062192
v -0.018572 0.178958 -0.067052
v -0.014507 0.204406 -0.078925
v -0.030718 0.160356 -0.055229
v -0.034262 0.220908 -0.088062
v -0.064541 0.205874 -0.080976
v -0.050705 0.171519 -0.061054
v -0.019812 0.154433 -0.056632
v -0.034418 0.138152 -0.042523
v -0.050373 0.152871 -0.040501
v -0.046130 0.139454 -0.031830
v -0.056307 0.160573 -0.046807
v -0.062022 0.146748 -0.028586
v -0.060201 0.173046 -0.056879
v -0.055381 0.139664 -0.021347
v -0.062446 0.222778 -0.084756
v -0.050941 0.222086 -0.087613
v -0.067515 0.158232 -0.031479
v -0.066486 0.181485 -0.056853
v -0.051886 0.130354 -0.019126
v -0.024263 0.130494 -0.048747
v -0.044726 0.125775 -0.030555
v -0.070055 0.206632 -0.071608
v -0.016999 0.222500 -0.084648
v 0.064508 0.298414 -0.049285
v 0.032999 0.302663 -0.048497
v 0.065802 0.299534 -0.037716
v 0.036933 0.303090 -0.035844
v 0.088476 0.292034 -0.047328
v 0.086583 0.289893 -0.057778
v 0.051844 0.297647 -0.056928
v 0.030803 0.298536 -0.060112
v 0.025513 0.296888 -0.066098
v 0.046110 0.292838 -0.066938
v 0.078186 0.282857 -0.069250
v 0.048342 0.283783 -0.077242
v 0.090352 0.288013 -0.058625
v 0.090635 0.276268 -0.068618
v 0.108447 0.278669 -0.056716
v 0.087742 0.291885 -0.030481
v 0.099963 0.288530 -0.053402
v 0.086492 0.060848 -0.033792
v 0.091169 0.057218 -0.019974
v 0.094860 0.046222 -0.023110
v 0.088925 0.040109 -0.049567
v 0.095758 0.026217 -0.041651
v 0.095315 0.020749 -0.049753
v 0.086372 0.015222 -0.076178
v 0.085373 0.034225 -0.063244
v 0.095580 0.012411 -0.057409
v 0.095054 0.000597 -0.066349
v 0.079355 0.050656 -0.059398
v 0.074515 0.061395 -0.055074
v 0.071079 0.063394 -0.065686
v 0.095794 0.032289 -0.033495
v 0.096744 0.036057 -0.021220
v 0.085331 -0.005837 -0.081446
v 0.091435 0.066486 -0.019914
v 0.086957 0.069578 -0.033694
v 0.080829 0.093988 -0.020605
v 0.074892 0.078007 -0.049696
v 0.078491 0.067533 -0.051177
v 0.069709 0.091543 -0.044119
v 0.061348 0.081161 -0.063561
v 0.062251 0.088378 -0.056486
v 0.082202 0.089872 -0.009046
v 0.090522 0.067495 -0.001720
v 0.095224 -0.024199 -0.062346
v 0.091406 0.057552 0.005908
v 0.081386 0.048664 -0.067474
v 0.084129 0.037656 -0.072532
v 0.086344 0.020271 -0.077834
v 0.095153 0.033580 -0.006967
v 0.089832 0.049458 0.000346
v 0.086391 0.067218 0.020395
v 0.079666 0.089597 0.006595
v 0.086637 0.043063 0.025067
v 0.087206 0.040788 0.011714
v 0.093059 0.015323 0.008437
v 0.075623 0.086766 0.020619
v 0.081554 0.064106 0.032027
v 0.082108 0.031716 0.021371
v 0.073951 0.020368 -0.085277
v 0.079290 -0.027023 -0.079852
v 0.086924 -0.030085 -0.070026
v 0.094203 -0.034302 -0.055562
v 0.086937 -0.053289 -0.048184
v 0.095655 -0.040615 -0.047558
v 0.068545 0.041358 -0.080414
v 0.111077 -0.096703 -0.019594
v 0.103441 -0.128505 -0.011670
v 0.105470 -0.120810 -0.037010
v 0.107276 -0.107600 -0.043586
v 0.112820 -0.080009 -0.048017
v 0.113995 -0.074800 -0.029873
v 0.119128 -0.048491 -0.040734
v 0.118426 -0.051373 -0.021453
v 0.113142 -0.072240 -0.055961
v 0.117581 -0.045293 -0.065756
v 0.102857 -0.125033 -0.001856
v 0.110997 -0.077522 0.002570
v 0.106419 -0.101292 0.001931
v 0.118096 -0.045786 -0.016026
v 0.113024 -0.050888 0.004103
v 0.116100 -0.053105 -0.031484
v 0.108927 -0.015747 0.005085
v 0.115306 -0.020764 -0.013633
v 0.117419 -0.035448 -0.027173
v 0.114708 -0.007693 -0.036947
v 0.116815 -0.042294 -0.039886
v 0.115093 -0.040077 -0.057392
v 0.110885 0.003808 -0.012152
v 0.109246 0.006239 -0.064018
v 0.105308 0.032278 -0.036021
v 0.107904 0.016923 -0.055390
v 0.106335 0.020894 -0.014546
v 0.103027 0.035004 -0.024124
v 0.102844 0.035065 -0.021317
v 0.102295 0.036865 -0.022018
v 0.101728 0.032359 -0.012217
v 0.099863 0.019416 0.004403
v 0.112915 -0.048352 -0.034009
v 0.108706 -0.088737 -0.050600
v 0.103138 -0.126437 -0.025643
v 0.105641 0.025884 -0.045954
v -0.088359 0.298451 -0.010253
v -0.096088 0.296284 -0.008005
v -0.086563 0.296062 -0.005128
v -0.094406 0.302128 -0.022949
v -0.115842 0.295534 -0.025157
v -0.114131 0.298850 -0.037556
v -0.094332 0.305196 -0.043901
v -0.117987 0.285284 -0.010325
v -0.103650 0.301371 -0.053493
v -0.117551 0.295909 -0.050293
v -0.130991 0.284859 -0.037508
v -0.129480 0.281128 -0.023413
v -0.111262 0.281937 -0.002241
v -0.091910 0.285164 0.005719
v -0.086688 0.303237 -0.065404
v -0.114041 0.292178 -0.063419
v -0.088552 0.303837 -0.050302
v -0.085069 0.302900 -0.055419
v -0.090549 0.302027 -0.036733
v -0.090390 0.298576 -0.024650
v -0.093545 0.292869 -0.073863
v -0.053769 -0.066904 0.045553
v -0.065913 -0.102495 0.042549
v -0.050406 -0.096778 0.045690
v -0.069154 -0.066049 0.043473
v -0.046961 -0.133244 0.042865
v -0.061833 -0.139108 0.039144
v -0.051893 -0.164175 0.037694
v -0.073847 -0.039867 0.039935
v -0.058134 -0.028335 0.039383
v -0.070941 -0.019996 0.036585
v -0.081539 -0.013576 0.032492
v -0.043080 -0.043117 0.040080
v -0.034701 -0.129068 0.040571
v -0.038196 -0.089109 0.042599
v -0.033583 -0.162011 0.034844
v -0.034399 -0.066091 0.039722
v -0.039941 -0.031308 0.035619
v -0.027551 -0.106865 0.037778
v -0.029917 -0.038466 0.032355
v -0.023563 -0.133852 0.033760
v -0.020921 -0.107801 0.032502
v -0.049065 -0.024336 0.034668
v -0.032617 -0.170361 0.030462
v -0.020675 -0.180711 0.022432
v -0.023523 -0.184653 0.023145
v -0.037482 -0.207975 0.027439
v -0.044588 -0.169650 0.031922
v -0.043328 -0.202458 0.030275
v -0.025844 -0.203401 0.021133
v -0.057008 -0.196570 0.025985
v -0.056058 -0.170026 0.028894
v -0.050324 -0.210525 0.026268
v -0.029383 -0.213881 0.020259
v -0.017305 -0.059409 0.025961
v -0.013768 -0.151588 0.020933
v -0.039505 -0.208176 0.032532
v -0.058456 -0.020558 0.032433
v -0.033477 -0.029774 0.029042
v 0.123220 0.286402 -0.060064
v 0.132621 0.280721 -0.049459
v 0.128070 0.274105 -0.061773
v 0.136764 0.262570 -0.052632
v 0.115782 0.278806 -0.072353
v 0.124043 0.260749 -0.069970
v 0.139116 0.242162 -0.051094
v 0.132720 0.224503 -0.059734
v 0.137931 0.222557 -0.050914
v 0.126589 0.237467 -0.066247
v 0.123085 0.241958 -0.068851
v 0.115617 0.272003 -0.073227
v 0.140134 0.220925 -0.040636
v 0.138646 0.267191 -0.037958
v 0.141410 0.242361 -0.037838
v 0.133184 0.282097 -0.037996
v 0.103251 0.290701 -0.072481
v 0.119144 0.295977 -0.048587
v 0.122362 0.294447 -0.036977
v 0.139160 0.247299 -0.027014
v 0.135255 0.267990 -0.023053
v 0.136412 0.221116 -0.024570
v 0.126052 0.287007 -0.023461
v 0.107487 0.297405 -0.060860
v 0.120339 0.260053 -0.070922
v 0.132553 0.242894 -0.015499
v 0.130923 0.229786 -0.015066
v -0.189458 0.047635 0.061591
v -0.185620 0.042437 0.070792
v -0.180899 0.049129 0.062525
v -0.192275 0.038222 0.068894
v -0.194013 0.047095 0.061355
v -0.194574 0.031938 0.090799
v -0.198902 0.028386 0.098987
v -0.190101 0.029133 0.094741
v -0.189181 0.039723 0.081639
v -0.182635 0.036167 0.073958
v -0.184760 0.032945 0.083339
v -0.173107 0.037994 0.070768
v -0.176058 0.043881 0.053523
v -0.179844 0.050164 0.048414
v -0.165348 0.042027 0.052341
v -0.163198 0.041247 0.055482
v -0.158904 0.037966 0.047762
v -0.159305 0.037433 0.075615
v -0.155914 0.036216 0.074065
v -0.156877 0.036683 0.080413
v -0.167287 0.033233 0.078245
v -0.175373 0.034418 0.072430
v -0.123420 0.127950 -0.069172
v -0.111537 0.113900 -0.064051
v -0.124599 0.114178 -0.064532
v -0.111464 0.127092 -0.069205
v -0.098123 0.127082 -0.064720
v -0.102561 0.120814 -0.063958
v -0.113093 0.136568 -0.069124
v -0.102632 0.154631 -0.069909
v -0.093652 0.152628 -0.068025
v -0.097068 0.206180 -0.071505
v -0.086703 0.220348 -0.070458
v -0.093328 0.253826 -0.072142
v -0.080070 0.241921 -0.072395
v -0.120842 0.140624 -0.068140
v -0.075962 0.232132 -0.068070
v -0.088270 0.143199 -0.063327
v -0.073076 0.254380 -0.078060
v -0.069836 0.272141 -0.076919
v -0.107099 0.208752 -0.067532
v -0.106304 0.238406 -0.065624
v -0.084211 0.278151 -0.070494
v -0.139831 0.116264 -0.059186
v -0.135032 0.126634 -0.063327
v -0.104585 0.268874 -0.063753
v -0.114884 0.160028 -0.063203
v -0.052900 0.258080 -0.088073
v -0.050475 0.239245 -0.086142
v -0.069613 0.238644 -0.079178
v -0.062446 0.222778 -0.084756
v -0.050941 0.222086 -0.087613
v -0.034262 0.220908 -0.088062
v -0.021759 0.252117 -0.085808
v -0.120174 0.145559 -0.063518
v -0.048329 0.258552 -0.086825
v -0.114206 0.216284 -0.062305
v -0.132858 0.138477 -0.060814
v -0.050158 0.269940 -0.083957
v -0.024002 0.274570 -0.081473
v -0.072894 0.279456 -0.072851
v -0.049982 0.283615 -0.077378
v -0.068390 0.220399 -0.079586
v -0.064541 0.205874 -0.080976
v -0.016999 0.222500 -0.084648
v -0.024738 0.206409 -0.083406
v -0.116865 0.259016 -0.053347
v -0.101994 0.281208 -0.058490
v -0.110614 0.271005 -0.057624
v -0.118313 0.242882 -0.052745
v -0.120466 0.254943 -0.053545
v -0.121285 0.240695 -0.050041
v -0.121002 0.215349 -0.051584
v -0.121673 0.170116 -0.055423
v -0.125560 0.145901 -0.057710
v -0.125539 0.159667 -0.049846
v -0.063884 0.290214 -0.067501
v -0.090936 0.285529 -0.061091
v -0.141620 0.103658 -0.050086
v -0.026690 0.291108 -0.070692
v -0.130554 0.147237 -0.049855
v -0.085491 0.289725 -0.058933
v -0.028581 0.298755 -0.063428
v -0.052330 0.294696 -0.062220
v -0.124672 0.217445 -0.038935
v -0.123284 0.230378 -0.042119
v -0.128217 0.164004 -0.037820
v -0.084091 0.294477 -0.049425
v -0.063723 0.298678 -0.050210
v -0.033744 0.303456 -0.049027
v -0.126884 0.158310 -0.038909
v -0.014926 0.411433 -0.089378
v 0.014930 0.410834 -0.089738
v -0.003265 0.399743 -0.090979
v 0.016654 0.394774 -0.091475
v -0.017870 0.392004 -0.091480
v -0.001697 0.371489 -0.099923
v 0.015979 0.377285 -0.096524
v 0.005983 0.361555 -0.100713
v -0.017015 0.377877 -0.095305
v -0.004400 0.361502 -0.101263
v -0.003400 0.424721 -0.080860
v 0.013956 0.425126 -0.079687
v -0.014795 0.425814 -0.078675
v 0.012924 0.354684 -0.098530
v 0.024776 0.405472 -0.085010
v 0.023121 0.383392 -0.089981
v 0.021165 0.419460 -0.079642
v -0.009889 0.435617 -0.068718
v 0.013296 0.440261 -0.062019
v -0.033267 0.404396 -0.079190
v -0.024453 0.424473 -0.071908
v -0.014093 0.445524 -0.054144
v -0.025429 0.441650 -0.048948
v 0.023180 0.424635 -0.072849
v 0.027561 0.435362 -0.055657
v 0.016230 0.446124 -0.052057
v -0.037541 0.422991 -0.058275
v -0.040012 0.433724 -0.041066
v -0.033607 0.445047 -0.034117
v -0.000252 0.460766 0.004032
v -0.012704 0.453278 0.035106
v -0.000894 0.456639 0.036423
v -0.014427 0.456157 0.014446
v -0.029835 0.448088 0.035921
v -0.028561 0.454524 0.001653
v -0.029735 0.451584 0.021439
v -0.017853 0.456638 -0.021405
v -0.032251 0.452999 -0.020260
v 0.000253 0.452724 0.049478
v -0.013077 0.448491 0.047913
v -0.030063 0.438947 0.052526
v 0.001097 0.458592 -0.018645
v -0.018127 0.451208 -0.040312
v 0.000120 0.455651 -0.030372
v 0.016144 0.457612 0.002105
v 0.016055 0.456797 -0.021266
v 0.016499 0.454300 0.024408
v 0.029892 0.451263 0.023547
v 0.029327 0.454344 -0.000635
v 0.031315 0.453735 -0.019834
v 0.020985 0.450328 0.036373
v 0.017884 0.451942 -0.038178
v 0.030353 0.446586 0.039677
v 0.029067 0.441601 0.049995
v 0.032668 0.445836 -0.032803
v -0.041766 0.442055 0.001305
v -0.044173 0.441178 -0.021020
v 0.036256 0.447258 0.004359
v 0.046343 0.437926 -0.022288
v 0.043785 0.439254 -0.002937
v -0.125805 0.098353 -0.050484
v -0.111537 0.113900 -0.064051
v -0.106653 0.102697 -0.048811
v -0.110377 0.095252 -0.037314
v -0.129168 0.078816 -0.023693
v -0.112403 0.086189 -0.017648
v -0.126255 0.072579 -0.006130
v -0.097924 0.112457 -0.050991
v -0.102561 0.120814 -0.063958
v -0.141580 0.055907 0.000522
v -0.141816 0.065947 -0.011847
v -0.154269 0.053728 0.001618
v -0.147989 0.043643 0.015758
v -0.143360 0.073822 -0.019119
v -0.140524 0.093135 -0.041674
v -0.124599 0.114178 -0.064532
v -0.161253 0.060024 -0.003230
v -0.169409 0.049010 0.014757
v -0.154367 0.041035 0.021856
v -0.170416 0.034863 0.030313
v -0.153617 0.038807 0.029391
v -0.168549 0.023931 0.047270
v -0.163794 0.024886 0.048722
v -0.156741 0.019877 0.060361
v -0.170695 0.053756 0.008539
v -0.180700 0.054340 0.011538
v -0.141620 0.103658 -0.050086
v -0.157980 0.074619 -0.014778
v -0.151866 0.086991 -0.027699
v -0.155925 0.017205 0.074940
v -0.185709 0.063908 0.007534
v -0.171349 0.066255 0.001059
v -0.188135 0.048239 0.017448
v -0.176423 0.050764 0.018238
v -0.179979 0.041003 0.030425
v -0.178400 0.029467 0.044871
v -0.190791 0.033552 0.038078
v -0.190591 0.023403 0.043932
v -0.201005 0.026603 0.039966
v -0.199877 0.009794 0.056291
v -0.207102 0.018018 0.052251
v -0.213088 0.020380 0.045334
v -0.215753 0.022519 0.042973
v -0.215477 0.015550 0.054054
v -0.218719 0.005211 0.059216
v -0.213075 0.005141 0.061900
v -0.185636 0.040626 0.021462
v -0.190541 0.031787 0.029600
v -0.200061 0.037228 0.025633
v -0.199465 0.025622 0.029276
v -0.202364 0.029725 0.026775
v -0.219999 0.021137 0.029380
v -0.205460 0.021558 0.033707
v -0.219711 0.015478 0.034217
v -0.231440 0.011216 0.033219
v -0.229438 0.007943 0.047867
v -0.229012 0.002026 0.054634
v -0.224841 0.012763 0.044341
v -0.230967 0.014596 0.042495
v -0.238798 0.014221 0.038595
v -0.241011 0.004812 0.045664
v -0.254225 0.004717 0.040432
v -0.233264 0.005544 0.055496
v -0.099460 0.109177 -0.043923
v -0.134150 0.061862 0.008114
v -0.159739 0.029627 0.050503
v -0.150724 0.023105 0.073857
v -0.099678 0.103418 -0.022952
v -0.158904 0.037966 0.047762
v -0.095077 0.124043 -0.051851
v -0.098123 0.127082 -0.064720
v -0.088073 0.129124 -0.049442
v -0.088270 0.143199 -0.063327
v -0.077765 0.151728 -0.048619
v -0.083113 0.164487 -0.062232
v -0.093652 0.152628 -0.068025
v -0.081480 0.194524 -0.062817
v -0.086703 0.220348 -0.070458
v -0.074997 0.212099 -0.059366
v -0.075962 0.232132 -0.068070
v 0.017709 0.072234 -0.115058
v 0.019322 0.091002 -0.081438
v 0.020861 0.062774 -0.101830
v 0.023176 0.067639 -0.083364
v 0.014862 0.086735 -0.112191
v 0.015069 0.099212 -0.096331
v 0.023750 0.075602 -0.075343
v 0.015933 0.099244 -0.088422
v 0.021988 0.049201 -0.094988
v 0.027560 0.097521 -0.067027
v 0.021766 0.121790 -0.068638
v 0.028438 0.107429 -0.048716
v 0.030277 0.092538 -0.057184
v 0.023612 0.127125 -0.054031
v 0.016142 0.131039 -0.080354
v 0.019112 0.158827 -0.065477
v 0.022286 0.148570 -0.055849
v 0.013735 0.161223 -0.076566
v 0.026564 0.128002 -0.048682
v 0.022289 0.162847 -0.060455
v 0.020562 0.175388 -0.067206
v 0.029376 0.045950 -0.086336
v 0.024571 0.033433 -0.096309
v 0.030769 0.091030 -0.066287
v 0.030973 0.080812 -0.069037
v 0.010184 0.178130 -0.078817
v 0.029045 0.062609 -0.080498
v 0.008357 0.101993 -0.103402
v 0.042228 0.127073 -0.034897
v 0.006365 0.095920 -0.113444
v 0.002114 0.103141 -0.140959
v 0.000056 0.130148 -0.118360
v 0.005409 0.125975 -0.088493
v 0.003696 0.071717 -0.138625
v 0.000162 0.072602 -0.172167
v 0.000063 0.091987 -0.155837
v 0.000331 0.116740 -0.146985
v 0.000093 0.123444 -0.133319
v 0.005931 0.085267 -0.115143
v -0.001172 0.134810 -0.107947
v -0.001455 0.141354 -0.090936
v -0.000971 0.160488 -0.087295
v 0.040997 0.081839 -0.055169
v 0.031722 0.034944 -0.089705
v 0.026529 0.027638 -0.092821
v 0.039747 0.144391 -0.043339
v 0.048652 0.136597 -0.028355
v 0.053156 0.131075 -0.016712
v 0.055741 0.110147 -0.018447
v 0.048933 0.112499 -0.032092
v 0.059219 0.091491 -0.033086
v 0.063974 0.095459 -0.016254
v 0.043709 0.106664 -0.039628
v 0.050471 0.086516 -0.046017
v 0.062825 0.098622 -0.001992
v 0.057230 0.108739 0.000201
v 0.056075 0.142779 -0.022025
v 0.048005 0.148436 -0.038706
v 0.034105 -0.473266 0.054115
v 0.019555 -0.463407 0.043975
v 0.018392 -0.471518 0.048042
v 0.019409 -0.438831 0.030132
v 0.032985 -0.442629 0.036137
v 0.019776 -0.415842 0.018841
v 0.033537 -0.412887 0.020255
v 0.107980 0.157388 -0.009138
v 0.095508 0.156751 -0.011732
v 0.110299 0.148452 -0.013857
v 0.096241 0.139539 -0.016270
v 0.110471 0.133717 -0.010861
v 0.099962 0.127616 -0.014690
v 0.097146 0.242751 -0.006325
v 0.081094 0.234026 -0.011162
v 0.087041 0.227441 -0.009652
v 0.100676 0.202009 -0.005692
v 0.088902 0.196115 -0.011003
v 0.082842 0.214343 -0.013676
v 0.082836 0.197700 -0.013707
v 0.089122 0.155039 -0.016786
v 0.080357 0.182806 -0.020831
v 0.104409 0.210963 -0.005607
v 0.081288 0.244411 -0.006620
v 0.091060 0.260189 -0.003473
v -0.066802 0.387925 0.004274
v -0.073354 0.386736 -0.011691
v -0.072514 0.375297 -0.004325
v -0.065237 0.369565 0.010758
v -0.071447 0.361927 -0.004880
v -0.065155 0.349583 0.004100
v -0.073098 0.360203 -0.019065
v -0.072605 0.382433 -0.034141
v -0.072132 0.392832 -0.020602
v -0.070665 0.361081 -0.032884
v -0.064847 0.342898 -0.021086
v -0.060713 0.338112 -0.009459
v -0.064667 0.365548 -0.049722
v -0.061765 0.347376 -0.038075
v -0.063777 0.383819 -0.052223
v -0.064728 0.406438 -0.036265
v -0.063951 0.393407 -0.049683
v -0.064769 0.407469 -0.023157
v -0.065195 0.402788 -0.007666
v -0.059145 0.337394 -0.022774
v 0.024751 0.328660 -0.055449
v 0.032999 0.302663 -0.048497
v 0.025513 0.296888 -0.066098
v 0.033417 0.321546 -0.034568
v 0.036933 0.303090 -0.035844
v 0.030664 0.329328 -0.033760
v 0.025142 0.333436 -0.048223
v 0.021469 0.338623 -0.060486
v 0.037104 0.319742 -0.006422
v 0.038108 0.300020 -0.022809
v 0.037883 0.292492 -0.007810
v 0.035693 0.308304 0.009621
v 0.022762 0.338497 -0.066527
v 0.021698 0.341309 -0.060547
v 0.027286 0.372797 -0.080258
v 0.024479 0.349004 -0.060103
v 0.020769 0.352635 -0.082441
v 0.036733 0.371195 -0.058147
v 0.033775 0.359031 -0.048430
v 0.034576 0.387156 -0.078522
v 0.037000 0.344099 -0.026639
v 0.038511 0.380658 -0.059629
v 0.036652 0.329989 -0.012859
v 0.041136 0.338770 -0.014754
v 0.040642 0.333236 -0.003423
v 0.042579 0.331313 0.011542
v 0.023121 0.383392 -0.089981
v 0.012924 0.354684 -0.098530
v 0.037485 0.357962 -0.042178
v 0.037573 0.364980 -0.051620
v 0.015979 0.377285 -0.096524
v 0.040596 0.347815 -0.028346
v 0.031802 0.399253 -0.079601
v 0.035098 0.394408 -0.061407
v 0.041886 0.382211 -0.054786
v 0.044899 0.397179 -0.041704
v 0.033964 0.407955 -0.059876
v 0.046044 0.422292 -0.042346
v 0.032402 0.422435 -0.063986
v 0.049279 0.404343 -0.034119
v 0.054050 0.408677 -0.024133
v 0.052511 0.424049 -0.024511
v 0.033268 0.391465 -0.071367
v 0.024776 0.405472 -0.085010
v 0.046343 0.437926 -0.022288
v 0.021165 0.419460 -0.079642
v 0.027561 0.435362 -0.055657
v 0.023180 0.424635 -0.072849
v -0.197659 0.022870 0.065601
v -0.193382 0.021874 0.070764
v -0.204254 0.021041 0.067436
v -0.206466 0.016749 0.075305
v -0.193089 0.014296 0.084494
v -0.186793 0.029801 0.063050
v -0.198226 0.007301 0.089623
v -0.185913 0.006614 0.095181
v -0.189791 0.000933 0.099432
v -0.211474 0.016225 0.077437
v -0.193225 -0.000519 0.103308
v -0.176198 0.002220 0.098046
v -0.191820 0.027547 0.060138
v -0.175657 0.002130 0.104281
v -0.181115 0.004379 0.106720
v -0.187178 0.028515 0.050499
v -0.193363 0.001271 0.111222
v -0.049130 0.400519 -0.073278
v -0.047130 0.418813 -0.082819
v -0.053215 0.382165 -0.078595
v -0.052523 0.384105 -0.065776
v -0.046437 0.422380 -0.097817
v -0.043563 0.446851 -0.104784
v -0.053847 0.368370 -0.070786
v -0.052937 0.376238 -0.052716
v -0.055935 0.359869 -0.057116
v -0.054955 0.356023 -0.047711
v -0.041388 0.446929 -0.095036
v -0.038905 0.465145 -0.112352
v -0.036193 0.468507 -0.111864
v -0.043239 0.427867 -0.085202
v -0.048978 0.388034 -0.065827
v -0.040042 0.373611 -0.064870
v -0.042113 0.363654 -0.051407
v -0.052457 0.356940 -0.054089
v -0.053847 0.368370 -0.070786
v -0.043742 0.381460 -0.076974
v -0.037689 0.368424 -0.055237
v -0.038480 0.353016 -0.039815
v -0.035089 0.374043 -0.065331
v -0.055935 0.359869 -0.057116
v -0.033209 0.352473 -0.045704
v -0.054955 0.356023 -0.047711
v -0.038186 0.380800 -0.062511
v -0.205438 -0.021797 0.129897
v -0.199697 -0.024516 0.139466
v -0.224020 -0.025044 0.143630
v -0.189015 -0.023622 0.131444
v -0.187581 -0.023926 0.135514
v -0.222360 -0.023770 0.132921
v -0.223924 -0.024639 0.121672
v -0.210901 -0.023090 0.099129
v -0.191513 -0.022448 0.150018
v -0.203163 -0.023101 0.149415
v -0.194223 -0.021533 0.158887
v -0.205887 -0.020763 0.111590
v -0.198715 -0.021505 0.104675
v -0.198473 -0.023449 0.101738
v -0.206473 -0.021926 0.092673
v -0.182189 -0.023746 0.104715
v -0.216099 -0.029968 0.147494
v -0.207273 -0.030752 0.145523
v 0.056043 0.350927 0.019682
v 0.044794 0.348903 0.022950
v 0.052852 0.339597 0.018753
v 0.058071 0.366366 0.019472
v 0.046379 0.373862 0.023141
v 0.059169 0.388512 0.014043
v 0.048540 0.391149 0.015220
v 0.071313 0.375355 0.003746
v 0.066768 0.353616 0.005248
v 0.060403 0.345631 0.007612
v 0.071890 0.387084 -0.002919
v 0.061249 0.399666 0.005703
v 0.052797 0.331179 0.012498
v 0.063222 0.404933 -0.008795
v 0.060208 0.409139 -0.005006
v 0.073040 0.391646 -0.017674
v 0.063397 0.409500 -0.024939
v 0.060028 0.418535 -0.005266
v 0.060723 0.438261 -0.005847
v 0.061580 0.451171 -0.001076
v 0.061126 0.437292 0.005953
v 0.059650 0.465814 0.004960
v 0.059784 0.485930 0.002206
v 0.061790 0.489806 0.005941
v 0.042003 0.333400 0.016113
v 0.072119 0.357494 -0.012139
v 0.071603 0.366088 -0.031574
v 0.071839 0.385600 -0.034185
v 0.064930 0.343688 -0.019088
v 0.064058 0.349401 -0.034813
v 0.061755 0.339154 -0.010030
v 0.063608 0.364181 -0.047875
v 0.062746 0.377573 -0.052779
v 0.062400 0.390806 -0.051717
v 0.063055 0.406446 -0.038128
v 0.058069 0.335962 -0.016658
v 0.053314 0.330637 -0.001213
v 0.060177 0.344981 -0.032062
v -0.013611 0.070864 -0.107248
v -0.017808 0.059139 -0.093510
v -0.017672 0.066290 -0.106758
v -0.020669 0.057533 -0.093950
v -0.017608 0.074625 -0.115059
v -0.007244 0.079700 -0.115352
v -0.006392 0.073533 -0.103342
v -0.021691 0.040677 -0.086348
v -0.017694 0.054930 -0.079976
v -0.013790 0.072110 -0.080807
v -0.036062 -0.197744 0.044406
v -0.045394 -0.213797 0.039066
v -0.056920 -0.186272 0.043129
v -0.039476 -0.209900 0.040650
v -0.034688 -0.217812 0.039152
v -0.051964 -0.185303 0.045029
v -0.022191 -0.207582 0.041048
v -0.023122 -0.226767 0.037501
v -0.028529 -0.185306 0.043764
v -0.017919 -0.185913 0.044087
v -0.058821 -0.210378 0.033384
v -0.063041 -0.194314 0.035353
v -0.068457 -0.211384 0.034343
v -0.069424 -0.191816 0.038326
v -0.061965 -0.181341 0.039725
v -0.067965 -0.181817 0.039724
v -0.017018 -0.211148 0.045248
v -0.061336 -0.219626 0.025315
v -0.052837 -0.212634 0.029802
v -0.014764 -0.193300 0.049928
v -0.022567 -0.230108 0.039854
v 0.206673 0.043368 0.069280
v 0.205498 0.027764 0.086675
v 0.216346 0.038128 0.074146
v 0.206194 0.051526 0.062356
v 0.208680 0.019960 0.090557
v 0.220722 0.028231 0.084661
v 0.215395 0.014299 0.095098
v 0.198099 0.032599 0.078161
v 0.208138 0.012911 0.100662
v 0.183071 0.036761 0.062395
v 0.189827 0.033483 0.071400
v 0.201175 0.049291 0.058381
v 0.193505 0.045722 0.049327
v 0.227773 0.048513 0.052010
v 0.219986 0.050067 0.058628
v 0.232133 0.043934 0.060941
v 0.217331 0.055368 0.052418
v 0.232422 0.043292 0.056896
v 0.218660 0.045242 0.062538
v 0.220373 0.041639 0.063881
v 0.204097 0.061940 0.052943
v 0.209871 0.061758 0.049493
v 0.221615 0.035573 0.073313
v 0.230018 0.025085 0.083398
v 0.255952 0.026265 0.080647
v 0.247109 0.031170 0.074633
v 0.236179 0.037647 0.069423
v 0.226207 0.039450 0.068046
v 0.261241 0.027934 0.076210
v 0.210041 0.081519 0.049473
v -0.028702 -0.009713 0.032902
v -0.043925 -0.015528 0.034332
v -0.018454 -0.032852 0.021101
v -0.037568 0.005902 0.036866
v -0.033477 -0.029774 0.029042
v -0.049065 -0.024336 0.034668
v -0.018700 -0.037570 0.019142
v -0.007895 -0.046238 0.004654
v 0.019133 0.063016 -0.076477
v 0.017540 0.063051 -0.104054
v 0.021794 0.047030 -0.089854
v 0.022167 0.052345 -0.080793
v 0.013339 0.072433 -0.081980
v 0.012576 0.070223 -0.102711
v 0.017709 0.072234 -0.115058
v -0.010641 0.307463 0.044644
v -0.015987 0.293681 0.028715
v -0.009150 0.287756 0.039341
v -0.009525 0.266080 0.035887
v -0.013558 0.271024 0.029872
v -0.024625 0.314668 0.030773
v -0.027864 0.298998 0.021253
v -0.034342 0.311917 0.017522
v -0.032981 0.324471 0.024956
v -0.041784 0.339891 0.019977
v -0.040943 0.326029 0.011331
v -0.044423 0.331727 0.011893
v -0.001443 0.278135 0.042182
v -0.000190 0.302353 0.047535
v -0.021178 0.278087 0.027303
v -0.021269 0.268675 0.028517
v 0.000779 0.265447 0.039209
v -0.027531 0.284303 0.014233
v -0.036938 0.310121 0.006509
v -0.035207 0.288343 0.004435
v -0.037560 0.281636 0.004216
v -0.027205 0.270242 0.021644
v -0.038331 0.292949 -0.009005
v -0.132311 0.279021 -0.050934
v -0.138818 0.251589 -0.050423
v -0.138864 0.266094 -0.038085
v -0.128732 0.273856 -0.061456
v -0.134639 0.248715 -0.058821
v -0.135982 0.222656 -0.054952
v -0.130414 0.236825 -0.065156
v -0.139554 0.219693 -0.042828
v -0.141345 0.234961 -0.038501
v -0.120955 0.265262 -0.072263
v -0.111369 0.281852 -0.072939
v -0.114041 0.292178 -0.063419
v -0.130991 0.284859 -0.037508
v -0.117551 0.295909 -0.050293
v -0.136556 0.266677 -0.025415
v -0.138954 0.242383 -0.025048
v -0.138372 0.220056 -0.027268
v -0.129480 0.281128 -0.023413
v -0.093545 0.292869 -0.073863
v 0.047549 0.416379 -0.095455
v 0.049193 0.400425 -0.074033
v 0.052938 0.384488 -0.079007
v 0.052353 0.382641 -0.058717
v 0.055255 0.365419 -0.064577
v 0.046282 0.423110 -0.082558
v 0.044682 0.438182 -0.090913
v 0.043741 0.446344 -0.105067
v 0.052619 0.376237 -0.053364
v 0.055342 0.361039 -0.050532
v 0.041411 0.452845 -0.099801
v 0.041122 0.466467 -0.112536
v 0.053794 0.354938 -0.046871
v -0.067679 0.063794 0.038461
v -0.062170 0.047947 0.041002
v -0.042617 0.061338 0.043467
v -0.048751 0.073909 0.039600
v -0.054243 0.039776 0.041442
v -0.065589 0.035024 0.040195
v -0.038783 0.033837 0.043778
v -0.068947 0.052641 0.041016
v -0.070169 0.027946 0.038676
v -0.054028 0.029574 0.038116
v -0.083368 0.032192 0.032322
v -0.038750 0.076825 0.046358
v -0.082832 0.050179 0.033614
v -0.080132 0.064510 0.033086
v -0.065585 0.079249 0.032937
v -0.055903 0.083097 0.033412
v -0.049315 0.094302 0.032693
v -0.087837 0.036481 0.028157
v -0.066659 0.095874 0.016864
v -0.079994 0.080010 0.020837
v -0.056931 0.098801 0.019661
v -0.049219 0.115490 0.022254
v -0.090404 0.046801 0.023293
v -0.088324 -0.001470 0.017748
v -0.096068 -0.001128 0.017199
v -0.087405 -0.007023 0.020184
v -0.099470 0.023446 0.006136
v -0.093265 0.018475 0.011051
v -0.094660 0.035154 0.003878
v -0.079317 0.006324 0.019468
v -0.080274 -0.014938 0.014815
v -0.074324 -0.009453 0.020592
v -0.073548 -0.000786 0.023240
v -0.064121 -0.006823 0.027578
v -0.063381 -0.019745 0.027492
v -0.079075 -0.019232 0.016030
v -0.060758 0.007772 0.029265
v -0.077947 0.011064 0.022759
v -0.075123 0.018225 0.025511
v -0.064155 0.020697 0.030720
v -0.082369 0.027631 0.022073
v -0.049574 0.017324 0.036473
v -0.051120 -0.004792 0.033048
v -0.051036 -0.011787 0.032483
v -0.043925 -0.015528 0.034332
v -0.037568 0.005902 0.036866
v -0.015019 0.019935 0.053729
v -0.014206 0.046354 0.061063
v -0.026729 0.060058 0.056454
v -0.013493 0.076525 0.068728
v -0.025756 0.101953 0.065455
v -0.012094 -0.006576 0.044823
v -0.000483 0.067018 0.069439
v -0.001009 0.096309 0.077249
v -0.016002 0.102598 0.073930
v -0.013577 0.124872 0.081717
v -0.000532 0.140327 0.089303
v -0.011993 0.153505 0.089741
v -0.025102 0.147553 0.080225
v -0.021019 0.165198 0.085379
v -0.008005 0.173245 0.093537
v -0.000115 0.175220 0.096099
v -0.000436 0.027296 0.058925
v -0.000313 -0.005862 0.047456
v -0.028702 -0.009713 0.032902
v -0.014367 -0.026742 0.029903
v 0.001094 -0.026471 0.034159
v -0.079300 0.025596 0.030159
v -0.049065 -0.024336 0.034668
v -0.058456 -0.020558 0.032433
v -0.018454 -0.032852 0.021101
v 0.013288 -0.000337 0.047065
v 0.012718 0.035828 0.058795
v 0.014128 0.061213 0.064895
v 0.012597 0.143174 0.087128
v 0.013327 0.101633 0.075391
v -0.087514 0.033398 0.016425
v 0.015913 -0.016804 0.037279
v 0.000321 -0.037829 0.020009
v 0.016674 0.167728 0.088870
v -0.007895 -0.046238 0.004654
v 0.018478 -0.034858 0.019502
v 0.007814 -0.046694 0.004482
v 0.003567 -0.051315 -0.005374
v -0.004710 -0.050029 -0.002530
v -0.001261 -0.055707 -0.015465
v -0.096072 -0.048012 -0.044935
v -0.093136 -0.058486 -0.041867
v -0.096162 -0.061135 -0.058088
v -0.093482 -0.083656 -0.046398
v -0.096906 -0.042234 -0.056905
v -0.100004 -0.050020 -0.064658
v -0.101500 -0.041319 -0.064213
v -0.089395 -0.088145 -0.040829
v -0.093139 -0.034366 -0.054170
v -0.094402 -0.024323 -0.062807
v -0.088819 -0.104522 -0.037723
v -0.092115 -0.114938 -0.039557
v -0.088643 -0.116547 -0.033017
v -0.097022 -0.073729 -0.054146
v -0.099448 -0.092625 -0.048339
v -0.093554 -0.040967 -0.048545
v -0.107553 -0.047855 -0.068338
v -0.103470 -0.007994 -0.068683
v -0.095415 -0.005365 -0.066903
v -0.100081 -0.122069 -0.039064
v -0.107773 -0.038295 -0.064549
v -0.114441 -0.064726 -0.058605
v -0.110194 -0.086203 -0.050697
v -0.106237 -0.013683 -0.066730
v -0.118424 -0.046294 -0.066306
v -0.104252 -0.120755 -0.037758
v -0.115037 -0.038344 -0.060793
v 0.194942 0.005795 0.115180
v 0.205326 0.015084 0.101038
v 0.187864 0.008339 0.102094
v 0.203972 0.009956 0.111294
v 0.199484 0.022937 0.089440
v 0.195037 0.023432 0.087166
v 0.203826 0.023596 0.091500
v 0.185207 0.002358 0.105204
v 0.179545 0.004224 0.098871
v 0.169953 -0.000291 0.098956
v 0.201847 0.008351 0.127194
v 0.195467 0.005573 0.127111
v 0.190782 0.015944 0.086089
v 0.190920 0.023192 0.074116
v 0.168405 -0.002110 0.095183
v 0.188130 0.006188 0.095783
v 0.094268 0.305145 -0.044225
v 0.088692 0.303155 -0.023434
v 0.110475 0.300409 -0.036862
v 0.108294 0.298153 -0.023174
v 0.093444 0.295200 -0.006505
v 0.083056 0.299722 -0.009980
v 0.122362 0.294447 -0.036977
v 0.113179 0.288291 -0.009906
v 0.126052 0.287007 -0.023461
v 0.082361 0.294442 -0.002065
v 0.077358 0.299401 -0.006790
v 0.089206 0.285091 0.005911
v 0.119144 0.295977 -0.048587
v 0.133184 0.282097 -0.037996
v 0.111677 0.278243 -0.001950
v 0.124817 0.273569 -0.011386
v 0.107487 0.297405 -0.060860
v 0.087542 0.302614 -0.065231
v 0.087919 0.303349 -0.051162
v 0.135255 0.267990 -0.023053
v 0.096548 0.275294 0.006431
v 0.124077 0.259627 -0.007328
v 0.114210 0.268769 -0.001007
v 0.132553 0.242894 -0.015499
v 0.126138 0.246770 -0.010567
v 0.130923 0.229786 -0.015066
v 0.109343 0.102134 -0.050507
v 0.126982 0.096684 -0.047910
v 0.117055 0.092236 -0.036608
v 0.126641 0.084810 -0.030990
v 0.118317 0.084704 -0.020060
v 0.131104 0.072333 -0.011541
v 0.128124 0.070846 -0.003733
v 0.141646 0.055812 0.001512
v 0.102469 0.107542 -0.051115
v 0.110673 0.115243 -0.065151
v 0.103216 0.119287 -0.063398
v 0.101462 0.101349 -0.022799
v 0.135689 0.058120 0.009656
v 0.113617 0.086751 -0.009084
v 0.139222 0.044181 0.022598
v 0.097510 0.113428 -0.051041
v 0.099848 0.128489 -0.064433
v 0.095133 0.124424 -0.050978
v 0.092470 0.136128 -0.064444
v 0.088343 0.129151 -0.049995
v 0.077661 0.150943 -0.049163
v 0.084649 0.160551 -0.063238
v 0.076050 0.200225 -0.055235
v 0.073630 0.195489 -0.050931
v 0.073844 0.213490 -0.056251
v 0.137198 0.063177 0.019430
v 0.122106 0.083762 0.005875
v 0.103910 0.106136 -0.009591
v 0.094847 0.123311 -0.025359
v 0.118403 0.097372 0.006958
v 0.098477 0.111286 -0.034716
v 0.094289 0.125301 -0.034242
v 0.087989 0.133531 -0.039408
v 0.086712 0.143057 -0.027088
v 0.074242 0.179027 -0.038382
v 0.083415 0.160662 -0.024270
v 0.080357 0.182806 -0.020831
v 0.089122 0.155039 -0.016786
v 0.096241 0.139539 -0.016270
v 0.099962 0.127616 -0.014690
v 0.106768 0.116197 -0.005273
v 0.136206 0.080127 0.018546
v 0.145022 0.069963 0.026665
v 0.146476 0.041142 0.031410
v 0.148605 0.055225 0.035648
v 0.155463 0.039172 0.044260
v 0.159470 0.030283 0.048647
v 0.162922 0.037596 0.055411
v 0.155411 0.035339 0.031588
v 0.163855 0.025071 0.049315
v 0.161722 0.048896 0.046476
v -0.008607 0.342432 0.078305
v -0.008931 0.328914 0.079003
v 0.000530 0.334990 0.082863
v 0.000233 0.329405 0.083540
v -0.023559 0.337323 0.067750
v -0.016610 0.355030 0.071984
v 0.000168 0.357648 0.084626
v 0.000213 0.353153 0.084537
v -0.025293 0.353775 0.064747
v -0.016641 0.314993 0.067389
v -0.008494 0.307764 0.071462
v -0.035613 0.360936 0.048553
v -0.036986 0.348490 0.046549
v -0.041578 0.368893 0.037352
v -0.027071 0.320937 0.053660
v -0.036204 0.334623 0.041321
v -0.035629 0.380610 0.055909
v -0.040039 0.390076 0.046147
v -0.045110 0.356375 0.024282
v -0.046020 0.381062 0.021595
v -0.041313 0.401689 0.050197
v -0.032955 0.366251 0.063169
v -0.026717 0.375171 0.074368
v -0.022618 0.360918 0.076958
v -0.016667 0.365299 0.084226
v -0.041784 0.339891 0.019977
v -0.030070 0.321740 0.042554
v -0.037324 0.386515 0.062118
v -0.033605 0.399463 0.071402
v -0.029823 0.380329 0.078149
v -0.020980 0.395666 0.089712
v -0.016132 0.380974 0.095649
v -0.011328 0.362663 0.092743
v -0.037837 0.420498 0.053650
v -0.043271 0.421746 0.035625
v -0.047368 0.392103 0.016033
v -0.026184 0.418227 0.075855
v -0.002951 0.342778 0.087213
v -0.013958 0.307442 0.059820
v -0.032981 0.324471 0.024956
v -0.044899 0.420646 0.020275
v -0.048994 0.406583 0.005359
v -0.049173 0.399154 0.008321
v -0.048359 0.430899 -0.002146
v -0.042608 0.435847 0.024500
v -0.027997 0.427276 0.067161
v -0.030063 0.438947 0.052526
v -0.024625 0.314668 0.030773
v -0.029835 0.448088 0.035921
v -0.050292 0.417004 0.001299
v 0.003283 0.341908 0.089919
v -0.029735 0.451584 0.021439
v -0.041766 0.442055 0.001305
v 0.135708 0.046933 0.093660
v 0.119318 0.044064 0.099716
v 0.136041 0.040613 0.115275
v 0.119449 0.051158 0.087828
v 0.141072 0.041908 0.106658
v 0.142541 0.046012 0.095433
v 0.142906 0.039723 0.119867
v 0.131215 0.047061 0.088313
v 0.142427 0.037558 0.102669
v -0.205887 -0.020763 0.111590
v -0.211854 -0.020566 0.116193
v -0.205438 -0.021797 0.129897
v -0.223065 -0.022595 0.142417
v -0.221431 -0.022026 0.118511
v -0.199261 -0.020521 0.140482
v -0.210593 -0.021196 0.145816
v -0.215492 -0.021486 0.105046
v -0.189015 -0.023622 0.131444
v -0.187581 -0.023926 0.135514
v -0.186576 -0.018288 0.148227
v -0.203699 -0.012035 0.101956
v -0.172198 -0.013090 0.095689
v -0.162595 -0.017831 0.081621
v -0.173967 -0.018324 0.095960
v -0.168797 -0.005611 0.097218
v -0.160079 0.009099 0.091874
v -0.155941 -0.002359 0.079101
v -0.154837 0.009548 0.082746
v -0.176671 -0.017994 0.103024
v -0.156402 -0.015548 0.077270
v -0.160084 -0.021853 0.071094
v -0.151254 -0.020613 0.059556
v -0.150389 0.011590 0.082040
v -0.166709 -0.007672 0.102457
v -0.005111 -0.207032 -0.014399
v 0.009628 -0.206385 -0.015078
v -0.004821 -0.221377 -0.014862
v 0.007404 -0.220849 -0.015003
v 0.000098 -0.182262 -0.012167
v 0.001225 -0.236180 -0.018778
v -0.011971 -0.232085 -0.016506
v 0.005516 -0.189856 -0.014220
v 0.001682 -0.180531 -0.011243
v -0.010206 -0.208882 -0.017926
v -0.004262 -0.186520 -0.015310
v -0.001862 -0.171612 -0.008700
v 0.007272 -0.165042 -0.021260
v 0.010235 0.340612 0.077612
v 0.000213 0.353153 0.084537
v 0.003283 0.341908 0.089919
v -0.059405 0.466819 -0.000335
v -0.058442 0.431182 -0.004236
v -0.061093 0.415653 -0.003636
v -0.054696 0.473614 -0.000289
v -0.056699 0.488975 0.001317
v -0.051957 0.417618 -0.003474
v -0.054652 0.405895 -0.007989
v -0.062116 0.402310 -0.001017
v 0.062251 0.088378 -0.056486
v 0.050471 0.086516 -0.046017
v 0.069709 0.091543 -0.044119
v 0.059219 0.091491 -0.033086
v 0.047061 0.080446 -0.067332
v 0.040997 0.081839 -0.055169
v 0.076085 0.094326 -0.018953
v 0.080829 0.093988 -0.020605
v 0.030973 0.080812 -0.069037
v 0.063974 0.095459 -0.016254
v 0.072086 0.094666 0.001082
v 0.082202 0.089872 -0.009046
v 0.062825 0.098622 -0.001992
v 0.058925 0.096990 0.017862
v 0.079666 0.089597 0.006595
v 0.075623 0.086766 0.020619
v 0.061348 0.081161 -0.063561
v -0.064728 0.406438 -0.036265
v -0.064769 0.407469 -0.023157
v -0.051379 0.408766 -0.031811
v -0.054552 0.410110 -0.022463
v -0.065195 0.402788 -0.007666
v -0.054652 0.405895 -0.007989
v -0.062116 0.402310 -0.001017
v -0.053988 0.400283 -0.043972
v -0.046374 0.401282 -0.040893
v -0.063951 0.393407 -0.049683
v -0.044048 0.392112 -0.046842
v -0.063777 0.383819 -0.052223
v -0.043860 0.383938 -0.051843
v 0.017394 0.419890 -0.076738
v 0.015384 0.416834 -0.071268
v 0.018462 0.394115 -0.077303
v 0.015055 0.396971 -0.070029
v 0.021165 0.419460 -0.079642
v 0.019162 0.390599 -0.070315
v 0.018129 0.394559 -0.063887
v 0.019161 0.418826 -0.064114
v 0.023180 0.424635 -0.072849
v 0.019161 0.418826 -0.064114
v 0.033964 0.407955 -0.059876
v 0.026860 0.391983 -0.061805
v 0.018129 0.394559 -0.063887
v 0.035098 0.394408 -0.061407
v 0.032402 0.422435 -0.063986
v 0.023180 0.424635 -0.072849
v 0.050526 -0.183914 0.047329
v 0.025650 -0.186279 0.054971
v 0.058502 -0.185899 0.057479
v 0.062209 -0.182542 0.046713
v 0.066393 -0.181532 0.039983
v 0.029817 -0.185864 0.045127
v 0.019082 -0.185575 0.043225
v 0.015151 -0.191975 0.049025
v -0.056921 0.185051 0.052018
v -0.043290 0.180770 0.063657
v -0.047722 0.186581 0.074084
v -0.063310 0.193713 0.064276
v -0.067712 0.194169 0.041994
v -0.053274 0.195366 0.078357
v -0.073997 0.205239 0.050486
v -0.078849 0.212324 0.039652
v -0.076546 0.204229 0.030459
v -0.070702 0.209179 0.063175
v -0.075081 0.187518 0.022999
v -0.060866 0.209034 0.076953
v -0.057772 0.163163 0.044941
v -0.049083 0.159275 0.051954
v -0.058229 0.146488 0.035601
v -0.066994 0.164366 0.031196
v -0.067671 0.154981 0.022938
v -0.078160 0.223384 0.046239
v -0.058244 0.139370 0.021013
v -0.075016 0.173982 0.009251
v -0.079615 0.204130 0.016808
v -0.081752 0.226240 0.025742
v -0.069082 0.153722 0.010731
v -0.036949 0.160904 0.069090
v -0.034719 0.140187 0.067165
v -0.039669 0.132249 0.054722
v -0.042752 0.125587 0.042493
v -0.048589 0.143898 0.040694
v -0.035243 0.104541 0.053496
v -0.025756 0.101953 0.065455
v -0.043664 0.107455 0.037470
v -0.049213 0.133559 0.021942
v -0.049219 0.115490 0.022254
v -0.026729 0.060058 0.056454
v -0.038750 0.076825 0.046358
v -0.025102 0.147553 0.080225
v -0.072871 0.163065 -0.005846
v -0.069087 0.223016 0.064175
v -0.064744 0.144889 -0.000388
v -0.053570 0.120888 -0.001521
v -0.053852 0.136187 0.001430
v -0.076625 0.181096 -0.005002
v -0.079731 0.208106 -0.001534
v -0.072844 0.172690 -0.024509
v -0.067515 0.158232 -0.031479
v -0.073728 0.177964 -0.038684
v -0.062022 0.146748 -0.028586
v -0.075826 0.198714 -0.024633
v -0.074249 0.176600 -0.033691
v -0.079441 0.237657 -0.003278
v -0.051886 0.130354 -0.019126
v -0.055381 0.139664 -0.021347
v -0.077562 0.222118 -0.018355
v -0.078752 0.240575 -0.011338
v -0.078696 0.255651 0.002424
v -0.052851 0.119224 -0.018841
v -0.076787 0.238461 0.037497
v -0.079793 0.238291 0.024793
v -0.049315 0.094302 0.032693
v -0.074171 0.255372 0.007627
v -0.072548 0.234732 0.049190
v -0.066486 0.181485 -0.056853
v -0.074464 0.186451 -0.045251
v -0.056931 0.098801 0.019661
v -0.059627 0.103683 -0.002956
v -0.057163 0.221148 0.078115
v -0.060148 0.099597 -0.019945
v -0.074203 0.196252 -0.050943
v -0.070055 0.206632 -0.071608
v -0.074997 0.212099 -0.059366
v -0.068390 0.220399 -0.079586
v -0.075962 0.232132 -0.068070
v -0.064541 0.205874 -0.080976
v -0.023662 0.170157 0.079967
v -0.031328 0.180696 0.072409
v -0.021019 0.165198 0.085379
v -0.045070 0.207124 0.087050
v -0.035316 0.190023 0.083092
v -0.032336 0.201730 0.088577
v -0.015503 0.185363 0.077829
v -0.000508 0.378027 0.101959
v -0.011328 0.362663 0.092743
v 0.000821 0.361067 0.097178
v -0.016132 0.380974 0.095649
v -0.000064 0.398534 0.097109
v -0.020980 0.395666 0.089712
v -0.020355 0.409622 0.084217
v 0.000146 0.412918 0.090698
v -0.026184 0.418227 0.075855
v 0.000197 0.424635 0.081885
v 0.000023 0.432894 0.074995
v -0.027997 0.427276 0.067161
v -0.000420 0.445054 0.060335
v -0.030063 0.438947 0.052526
v -0.013077 0.448491 0.047913
v 0.000253 0.452724 0.049478
v 0.023669 0.411123 0.081953
v 0.028046 0.428609 0.066247
v 0.011979 0.432177 0.070125
v 0.020946 0.389278 0.091355
v 0.016328 0.379321 0.095459
v 0.029067 0.441601 0.049995
v 0.012924 0.354684 -0.098530
v 0.020769 0.352635 -0.082441
v 0.017305 0.336720 -0.095477
v 0.010691 0.332671 -0.108061
v 0.007753 0.337099 -0.114253
v 0.005610 0.346958 -0.111546
v 0.003718 0.334258 -0.132096
v 0.001417 0.364069 -0.145182
v 0.000894 0.368219 -0.131372
v 0.002305 0.365314 -0.107743
v 0.005983 0.361555 -0.100713
v -0.000585 0.370754 -0.102829
v -0.001697 0.371489 -0.099923
v 0.014912 0.324152 -0.097426
v 0.020814 0.322974 -0.079551
v 0.011244 0.328161 -0.104157
v 0.003812 0.307867 -0.129452
v 0.003247 0.326090 -0.137639
v 0.001660 0.316943 -0.158167
v 0.000623 0.306713 -0.160553
v 0.024751 0.328660 -0.055449
v 0.025513 0.296888 -0.066098
v 0.022762 0.338497 -0.066527
v 0.024479 0.349004 -0.060103
v 0.018554 0.288652 -0.088425
v 0.022978 0.281013 -0.077510
v 0.020446 0.261578 -0.084221
v 0.014916 0.260045 -0.102608
v 0.008195 0.264274 -0.114916
v 0.010873 0.255020 -0.115340
v 0.006725 0.279685 -0.113947
v 0.002111 0.252519 -0.129443
v 0.001291 0.279422 -0.138528
v 0.001612 0.247427 -0.146811
v -0.000192 0.235546 -0.140335
v 0.000737 0.213999 -0.135567
v 0.005114 0.231661 -0.116080
v 0.003564 0.205792 -0.102107
v -0.001101 0.271468 -0.143917
v -0.000330 0.305669 -0.133632
v 0.007787 0.224985 -0.102285
v 0.010644 0.207708 -0.085301
v 0.012171 0.227039 -0.091156
v 0.009438 0.248952 -0.112302
v 0.017393 0.232939 -0.084362
v 0.001955 0.192485 -0.087219
v 0.000243 0.184987 -0.088626
v -0.000411 0.196758 -0.105941
v -0.000262 0.205919 -0.123189
v -0.000971 0.160488 -0.087295
v 0.016137 0.209752 -0.081072
v 0.010184 0.178130 -0.078817
v 0.018893 0.187491 -0.072542
v 0.020562 0.175388 -0.067206
v -0.120613 0.260691 -0.069832
v -0.114755 0.269688 -0.058107
v -0.120466 0.254943 -0.053545
v -0.124505 0.240604 -0.066081
v -0.121285 0.240695 -0.050041
v -0.125407 0.229895 -0.056397
v -0.130413 0.221778 -0.058570
v -0.123284 0.230378 -0.042119
v -0.127474 0.219957 -0.041669
v -0.124347 0.235877 -0.048555
v -0.115052 0.268339 -0.069007
v -0.109996 0.279540 -0.058343
v -0.110517 0.277915 -0.072666
v -0.120955 0.265262 -0.072263
v -0.124672 0.217445 -0.038935
v -0.054186 0.487438 0.006160
v -0.054945 0.459811 0.005416
v -0.054696 0.473614 -0.000289
v -0.050292 0.417004 0.001299
v -0.051957 0.417618 -0.003474
v -0.056699 0.488975 0.001317
v -0.052903 0.413509 0.005975
v -0.048994 0.406583 0.005359
v 0.161642 0.006582 0.092814
v 0.166816 -0.016847 0.090191
v 0.163020 -0.019303 0.084236
v 0.156011 0.005792 0.082542
v 0.156872 -0.015484 0.078029
v 0.162191 -0.025570 0.077038
v 0.149037 -0.020816 0.061814
v 0.159662 -0.031042 0.071675
v 0.159485 0.018092 0.086501
v 0.168405 -0.002110 0.095183
v 0.169953 -0.000291 0.098956
v 0.156650 0.015442 0.093160
v 0.173995 -0.015108 0.094968
v 0.178357 -0.009194 0.099753
v 0.152703 -0.003021 0.078711
v 0.150853 0.010795 0.081142
v 0.145961 -0.027161 0.060236
v 0.194179 -0.015241 0.099774
v 0.157829 0.017289 0.077180
v 0.187041 -0.002120 0.099779
v 0.179545 0.004224 0.098871
v -0.210593 -0.021196 0.145816
v -0.203163 -0.023101 0.149415
v -0.204206 -0.013714 0.150625
v -0.207273 -0.030752 0.145523
v -0.198652 -0.019352 0.157251
v -0.205704 -0.008429 0.146354
v -0.194223 -0.021533 0.158887
v -0.216099 -0.029968 0.147494
v -0.223065 -0.022595 0.142417
v -0.224020 -0.025044 0.143630
v -0.182760 -0.010162 0.146380
v 0.006372 0.074376 -0.084342
v -0.006392 0.073533 -0.103342
v -0.000199 0.072099 -0.099362
v -0.008537 0.074764 -0.083149
v 0.005643 0.073935 -0.102340
v 0.005134 0.076750 -0.110996
v -0.013790 0.072110 -0.080807
v -0.013611 0.070864 -0.107248
v 0.013339 0.072433 -0.081980
v 0.012576 0.070223 -0.102711
v 0.017709 0.072234 -0.115058
v -0.003547 0.061063 -0.109657
v 0.036733 0.371195 -0.058147
v 0.039407 0.375055 -0.061298
v 0.046540 0.374041 -0.072622
v 0.038511 0.380658 -0.059629
v 0.043063 0.386875 -0.079627
v 0.040228 0.425559 -0.086474
v 0.040599 0.404979 -0.086130
v 0.043783 0.410387 -0.077707
v 0.044285 0.394699 -0.069660
v 0.037609 0.435748 -0.099208
v 0.041411 0.452845 -0.099801
v 0.041606 0.406067 -0.090873
v 0.038177 0.439807 -0.102867
v 0.035507 0.452265 -0.104644
v 0.036936 0.457651 -0.111257
v 0.036243 0.466786 -0.112311
v 0.055511 0.444146 -0.004665
v 0.059784 0.485930 0.002206
v 0.060723 0.438261 -0.005847
v 0.055937 0.478778 0.000335
v 0.060028 0.418535 -0.005266
v 0.056097 0.498673 0.001142
v 0.071557 0.493804 0.003200
v 0.071268 0.500311 0.004575
v 0.052697 0.415830 -0.002448
v 0.060208 0.409139 -0.005006
v 0.055080 0.405097 -0.005750
v 0.063222 0.404933 -0.008795
v 0.051024 0.416020 -0.005680
v 0.157924 0.049043 0.065391
v 0.148674 0.057930 0.072847
v 0.148755 0.050834 0.076156
v 0.150120 0.062060 0.063473
v 0.141491 0.064691 0.080991
v 0.141641 0.060314 0.084063
v 0.156203 0.051003 0.059318
v 0.154652 0.058056 0.050797
v 0.153539 0.064083 0.045367
v 0.163205 0.043592 0.059992
v 0.161995 0.040244 0.071256
v 0.153772 0.046950 0.079748
v 0.143402 0.048366 0.091561
v 0.143823 0.067755 0.051203
v 0.135188 0.068779 0.063715
v 0.148124 0.064590 0.039167
v 0.133464 0.064746 0.079649
v 0.169480 0.032135 0.072856
v 0.160444 0.027154 0.083922
v 0.159485 0.018092 0.086501
v 0.156650 0.015442 0.093160
v 0.161642 0.006582 0.092814
v 0.170290 0.041277 0.062118
v 0.149730 0.024601 0.089442
v 0.150798 0.012137 0.099203
v 0.151625 0.031166 0.084207
v 0.168710 -0.003761 0.105844
v 0.159995 -0.000009 0.107720
v 0.183071 0.036761 0.062395
v 0.185100 0.042786 0.051404
v 0.169953 -0.000291 0.098956
v 0.174284 -0.007708 0.100223
v 0.147917 0.042990 0.084643
v 0.142584 0.042174 0.092014
v 0.145056 0.034071 0.092652
v 0.180564 -0.014716 0.106497
v 0.179525 -0.019472 0.110608
v 0.178357 -0.009194 0.099753
v 0.194179 -0.015241 0.099774
v 0.172937 0.043117 0.054113
v 0.176918 0.033079 0.073833
v 0.165149 -0.015256 0.106468
v 0.011266 0.308513 0.042524
v 0.011291 0.306186 0.060568
v 0.000191 0.303601 0.057464
v 0.000912 0.303668 0.070499
v 0.021185 0.313347 0.051695
v 0.022415 0.313755 0.033756
v -0.000190 0.302353 0.047535
v 0.012076 0.308542 0.068479
v 0.000911 0.307113 0.075392
v -0.013958 0.307442 0.059820
v -0.010641 0.307463 0.044644
v -0.024625 0.314668 0.030773
v -0.008494 0.307764 0.071462
v 0.215498 0.089281 0.035847
v 0.208526 0.071670 0.039880
v 0.201739 0.071069 0.038378
v 0.193444 0.063097 0.035016
v 0.209779 0.059359 0.044510
v 0.193828 0.049256 0.038688
v 0.205900 0.041047 0.045520
v 0.217654 0.050469 0.047219
v 0.215666 0.037540 0.047537
v 0.227773 0.048513 0.052010
v 0.214227 0.078442 0.044742
v 0.189060 0.062875 0.029843
v 0.222779 0.093089 0.038718
v 0.222636 0.099450 0.030828
v 0.232920 0.102723 0.041569
v 0.229731 0.108706 0.037552
v 0.241349 0.114319 0.043500
v 0.251932 0.113844 0.045752
v 0.251071 0.118165 0.045007
v 0.223159 0.105498 0.031828
v 0.220235 0.036885 0.055862
v 0.232422 0.043292 0.056896
v -0.042310 0.084043 -0.051800
v -0.057818 0.088917 -0.056734
v -0.055661 0.091245 -0.041242
v -0.042500 0.080482 -0.068183
v -0.069684 0.093882 -0.041538
v -0.034018 0.080792 -0.061957
v -0.049449 0.082283 -0.067095
v -0.055996 0.094448 -0.035175
v -0.075988 0.097211 -0.024699
v -0.029156 0.080106 -0.069447
v -0.060148 0.099597 -0.019945
v -0.071130 0.099473 -0.004812
v -0.059627 0.103683 -0.002956
v -0.061437 0.084006 -0.061542
v -0.024343 0.064298 -0.080344
v -0.066659 0.095874 0.016864
v -0.056931 0.098801 0.019661
v -0.044423 0.331727 0.011893
v -0.051894 0.337437 0.017240
v -0.053114 0.330699 0.008336
v -0.041784 0.339891 0.019977
v -0.053584 0.345191 0.019168
v -0.045110 0.356375 0.024282
v -0.056679 0.367208 0.019529
v -0.046020 0.381062 0.021595
v -0.058284 0.387361 0.014569
v -0.065237 0.369565 0.010758
v -0.065155 0.349583 0.004100
v -0.059052 0.345755 0.007060
v -0.066802 0.387925 0.004274
v -0.060970 0.398476 0.006134
v -0.060713 0.338112 -0.009459
v -0.065195 0.402788 -0.007666
v -0.062116 0.402310 -0.001017
v -0.059796 0.459762 0.004352
v -0.059405 0.466819 -0.000335
v -0.058314 0.487160 0.005692
v -0.061093 0.415653 -0.003636
v -0.056699 0.488975 0.001317
v -0.052754 0.330803 -0.007313
v -0.057244 0.461854 0.005938
v -0.052903 0.413509 0.005975
v -0.048994 0.406583 0.005359
v -0.054945 0.459811 0.005416
v -0.054186 0.487438 0.006160
v -0.049173 0.399154 0.008321
v -0.047368 0.392103 0.016033
v -0.155914 0.036216 0.074065
v -0.150724 0.023105 0.073857
v -0.154212 0.026631 0.061539
v -0.153607 0.033754 0.082882
v -0.146175 0.020593 0.085110
v -0.159739 0.029627 0.050503
v -0.163198 0.041247 0.055482
v -0.156877 0.036683 0.080413
v -0.150135 0.019870 0.093582
v -0.147816 0.011347 0.095824
v -0.156741 0.019877 0.060361
v -0.158904 0.037966 0.047762
v 0.173711 -0.021814 0.106220
v 0.180278 -0.026679 0.123272
v 0.164401 -0.023713 0.111987
v 0.181333 -0.021505 0.106684
v 0.167094 -0.025599 0.124910
v 0.182406 -0.031320 0.131490
v 0.178606 -0.031125 0.137979
v 0.161953 -0.026360 0.102076
v 0.153384 -0.026625 0.100984
v 0.170042 -0.018269 0.098965
v 0.163020 -0.019303 0.084236
v 0.156784 -0.029865 0.092754
v 0.147638 -0.034200 0.086432
v 0.175619 -0.018645 0.105736
v 0.152561 -0.035261 0.081038
v 0.159662 -0.031042 0.071675
v 0.148555 -0.034609 0.071940
v 0.145961 -0.027161 0.060236
v 0.162191 -0.025570 0.077038
v 0.185649 -0.022483 0.141196
v 0.188904 -0.023555 0.134728
v 0.166816 -0.016847 0.090191
v 0.173995 -0.015108 0.094968
v 0.196059 -0.022388 0.157153
v 0.196893 -0.020570 0.142108
v 0.208854 -0.018181 0.146676
v 0.209468 -0.021694 0.137991
v 0.223964 -0.025948 0.129093
v 0.223556 -0.021861 0.142369
v 0.205591 -0.021269 0.128790
v 0.185502 -0.022112 0.126217
v 0.219570 -0.026141 0.115697
v 0.207764 -0.021547 0.109641
v 0.213766 -0.022276 0.106623
v 0.207905 -0.023704 0.095537
v 0.199110 -0.023339 0.100936
v 0.180798 -0.025324 0.100112
v 0.191000 -0.030799 0.103842
v 0.190068 -0.032031 0.100703
v 0.173174 -0.025516 0.139146
v 0.179525 -0.019472 0.110608
v 0.185502 -0.022112 0.126217
v 0.182406 -0.031320 0.131490
v 0.188904 -0.023555 0.134728
v 0.180278 -0.026679 0.123272
v 0.181333 -0.021505 0.106684
v 0.180564 -0.014716 0.106497
v 0.214269 0.037000 0.041957
v 0.205900 0.041047 0.045520
v 0.215666 0.037540 0.047537
v 0.206822 0.038866 0.030780
v 0.224623 0.035003 0.042539
v 0.193828 0.049256 0.038688
v 0.193884 0.049349 0.023533
v 0.221066 0.028116 0.033625
v 0.230834 0.027256 0.038681
v 0.239850 0.018562 0.037349
v 0.242116 0.021631 0.041853
v 0.252339 0.015481 0.044243
v 0.252441 0.014450 0.042633
v 0.253906 0.013664 0.042725
v 0.240987 0.018717 0.053666
v 0.226718 0.028439 0.059924
v 0.224452 0.028945 0.048268
v 0.232195 0.023411 0.060904
v 0.228941 0.025262 0.044293
v 0.220235 0.036885 0.055862
v 0.220373 0.041639 0.063881
v 0.189060 0.062875 0.029843
v 0.188367 0.068407 0.025748
v 0.193246 0.063228 0.018385
v 0.188599 0.069397 0.023468
v 0.188110 0.071289 0.021744
v 0.253418 0.012054 0.043549
v -0.039063 0.424859 -0.098526
v -0.040789 0.411101 -0.083817
v -0.041158 0.405475 -0.087496
v -0.039442 0.427895 -0.086257
v -0.042225 0.400809 -0.076944
v -0.036304 0.443100 -0.103652
v -0.042956 0.401254 -0.088540
v -0.040776 0.380003 -0.069542
v -0.043742 0.381460 -0.076974
v -0.042506 0.385212 -0.067280
v -0.047225 0.382028 -0.057653
v -0.041388 0.446929 -0.095036
v -0.035026 0.455920 -0.103587
v -0.035524 0.457206 -0.110726
v -0.036193 0.468507 -0.111864
v -0.167287 0.033233 0.078245
v -0.160521 0.020468 0.078682
v -0.159124 0.020307 0.088393
v -0.170564 0.024703 0.063560
v -0.175373 0.034418 0.072430
v -0.180693 0.030762 0.058540
v -0.155925 0.017205 0.074940
v -0.178400 0.029467 0.044871
v -0.182070 0.032684 0.049610
v -0.168549 0.023931 0.047270
v -0.182635 0.036167 0.073958
v -0.154837 0.009548 0.082746
v -0.160079 0.009099 0.091874
v -0.104458 -0.125850 -0.020981
v -0.091406 -0.123123 -0.022600
v -0.093210 -0.128091 -0.013372
v -0.100081 -0.122069 -0.039064
v -0.103347 -0.127865 -0.008679
v -0.092661 -0.126316 -0.001170
v -0.102934 -0.126530 -0.003641
v -0.104252 -0.120755 -0.037758
v -0.088643 -0.116547 -0.033017
v -0.092115 -0.114938 -0.039557
v 0.001417 0.364069 -0.145182
v 0.003718 0.334258 -0.132096
v -0.003240 0.332270 -0.132601
v -0.001818 0.359061 -0.143336
v 0.049193 0.400425 -0.074033
v 0.043783 0.410387 -0.077707
v 0.044285 0.394699 -0.069660
v 0.046282 0.423110 -0.082558
v 0.048322 0.389199 -0.063090
v 0.052353 0.382641 -0.058717
v 0.041886 0.382211 -0.054786
v 0.052619 0.376237 -0.053364
v 0.038511 0.380658 -0.059629
v 0.040228 0.425559 -0.086474
v 0.044682 0.438182 -0.090913
v 0.041411 0.452845 -0.099801
v -0.081539 -0.013576 0.032492
v -0.070941 -0.019996 0.036585
v -0.079075 -0.019232 0.016030
v -0.087405 -0.007023 0.020184
v -0.088668 -0.008811 0.026936
v -0.096068 -0.001128 0.017199
v -0.080274 -0.014938 0.014815
v -0.088324 -0.001470 0.017748
v -0.063381 -0.019745 0.027492
v -0.058456 -0.020558 0.032433
v -0.032469 -0.392203 0.004802
v -0.041694 -0.396274 0.008905
v -0.029223 -0.395704 0.009201
v -0.019337 -0.394414 0.002602
v -0.041338 -0.394029 0.001717
v -0.014582 -0.404109 0.003768
v -0.030756 -0.413554 0.013344
v -0.018790 -0.417846 0.009771
v -0.041042 -0.289624 0.010575
v -0.052964 -0.313267 0.003942
v -0.041265 -0.329140 0.005539
v -0.057068 -0.288856 0.007016
v -0.052094 -0.338219 -0.000323
v -0.038764 -0.353170 0.003547
v -0.046077 -0.371687 -0.001225
v -0.025125 -0.332519 0.001554
v -0.023147 -0.366902 0.000389
v -0.025314 -0.286331 0.005449
v -0.044573 -0.287356 0.007793
v -0.031354 -0.276717 0.001960
v -0.022799 -0.276035 0.001097
v -0.052439 -0.284814 0.004188
v -0.062772 -0.283919 0.003404
v -0.063970 -0.266995 0.000296
v -0.069705 -0.270158 0.000560
v -0.073918 -0.256245 -0.003503
v 0.047236 0.386686 -0.049207
v 0.062746 0.377573 -0.052779
v 0.052619 0.376237 -0.053364
v 0.062400 0.390806 -0.051717
v 0.057538 0.398340 -0.047473
v 0.044899 0.397179 -0.041704
v 0.041886 0.382211 -0.054786
v 0.063055 0.406446 -0.038128
v 0.063608 0.364181 -0.047875
v 0.055342 0.361039 -0.050532
v -0.063777 0.383819 -0.052223
v -0.052937 0.376238 -0.052716
v -0.064667 0.365548 -0.049722
v -0.054955 0.356023 -0.047711
v -0.043860 0.383938 -0.051843
v -0.061765 0.347376 -0.038075
v -0.054102 0.345104 -0.036824
v -0.038480 0.353016 -0.039815
v -0.044003 0.338763 -0.021667
v -0.054589 0.334733 -0.021426
v -0.041765 0.331636 -0.010775
v -0.059145 0.337394 -0.022774
v -0.038225 0.340748 -0.027109
v -0.052754 0.330803 -0.007313
v -0.043607 0.330336 -0.000832
v -0.053114 0.330699 0.008336
v -0.044423 0.331727 0.011893
v -0.060713 0.338112 -0.009459
v 0.102761 0.278183 -0.012463
v 0.101494 0.271810 0.001706
v 0.088004 0.276961 -0.004503
v 0.093477 0.273441 0.002199
v 0.112238 0.267920 -0.006434
v 0.111471 0.275714 -0.018151
v 0.107042 0.279086 -0.018826
v 0.118241 0.268942 -0.021307
v 0.119430 0.258167 -0.008379
v 0.114210 0.268769 -0.001007
v 0.099461 0.277098 -0.014122
v -0.146369 -0.027323 0.077035
v -0.160084 -0.021853 0.071094
v -0.147288 -0.026278 0.061722
v -0.159339 -0.025828 0.080981
v -0.151254 -0.020613 0.059556
v -0.147131 -0.020546 0.060099
v -0.148281 -0.034425 0.085137
v -0.159242 -0.034566 0.087134
v -0.167659 -0.022494 0.092916
v -0.162595 -0.017831 0.081621
v -0.173967 -0.018324 0.095960
v -0.179851 -0.024193 0.097835
v -0.183745 -0.018484 0.099991
v 0.056307 0.417729 0.007562
v 0.048467 0.410459 0.006238
v 0.061249 0.399666 0.005703
v 0.048575 0.399663 0.007887
v 0.061126 0.437292 0.005953
v 0.056424 0.454946 0.007071
v 0.059650 0.465814 0.004960
v 0.053426 0.434496 0.006222
v 0.056048 0.489616 0.006945
v 0.061790 0.489806 0.005941
v 0.048860 0.414324 0.002757
v 0.048540 0.391149 0.015220
v 0.236179 0.037647 0.069423
v 0.250907 0.024482 0.069534
v 0.236803 0.025033 0.064063
v 0.226718 0.028439 0.059924
v 0.232195 0.023411 0.060904
v 0.226207 0.039450 0.068046
v 0.220373 0.041639 0.063881
v 0.247109 0.031170 0.074633
v 0.261241 0.027934 0.076210
v 0.258618 0.020748 0.070766
v 0.247099 0.020660 0.068851
v 0.054192 0.463777 0.002420
v 0.055937 0.478778 0.000335
v 0.055511 0.444146 -0.004665
v 0.051840 0.435137 0.001645
v 0.052697 0.415830 -0.002448
v 0.056097 0.498673 0.001142
v 0.048860 0.414324 0.002757
v 0.056048 0.489616 0.006945
v 0.056947 0.500069 0.005751
v 0.053426 0.434496 0.006222
v 0.056424 0.454946 0.007071
v 0.059753 0.497260 0.011154
v 0.000168 0.357648 0.084626
v 0.006076 0.358123 0.078831
v 0.000821 0.361067 0.097178
v 0.011821 0.364971 0.092885
v 0.015676 0.364686 0.083163
v 0.023908 0.353505 0.066937
v -0.011328 0.362663 0.092743
v 0.016328 0.379321 0.095459
v -0.139554 0.219693 -0.042828
v -0.127474 0.219957 -0.041669
v -0.134619 0.217208 -0.038145
v -0.124672 0.217445 -0.038935
v -0.130413 0.221778 -0.058570
v -0.135982 0.222656 -0.054952
v -0.138372 0.220056 -0.027268
v -0.135061 0.221521 -0.021212
v -0.130024 0.221916 -0.024828
v -0.123874 0.225186 -0.036555
v -0.129726 0.228945 -0.014421
v -0.096032 0.275498 -0.006894
v -0.094650 0.271856 0.006084
v -0.103833 0.275401 -0.007718
v -0.099665 0.277753 -0.012165
v -0.089719 0.273447 -0.003114
v -0.107780 0.275700 -0.016293
v -0.117256 0.270253 -0.018046
v -0.108573 0.267675 -0.001774
v -0.109300 0.268796 0.002534
v -0.122031 0.261426 -0.021418
v -0.125435 0.243417 -0.015615
v -0.126189 0.256057 -0.024777
v -0.118073 0.256961 -0.004976
v -0.127321 0.242619 -0.030137
v -0.127467 0.238054 -0.011925
v -0.126239 0.255211 -0.033276
v -0.124452 0.249530 -0.007024
v -0.124957 0.241157 -0.036377
v 0.036936 0.457651 -0.111257
v 0.043741 0.446344 -0.105067
v 0.038177 0.439807 -0.102867
v 0.047549 0.416379 -0.095455
v 0.041606 0.406067 -0.090873
v 0.052938 0.384488 -0.079007
v 0.043063 0.386875 -0.079627
v 0.046540 0.374041 -0.072622
v 0.055255 0.365419 -0.064577
v 0.041122 0.466467 -0.112536
v 0.036243 0.466786 -0.112311
v 0.028563 0.390665 -0.075916
v 0.019162 0.390599 -0.070315
v 0.026860 0.391983 -0.061805
v 0.033268 0.391465 -0.071367
v 0.035098 0.394408 -0.061407
v 0.018129 0.394559 -0.063887
v 0.018462 0.394115 -0.077303
v 0.103138 -0.126437 -0.025643
v 0.103441 -0.128505 -0.011670
v 0.092316 -0.125834 -0.017266
v 0.098780 -0.122087 -0.039489
v 0.092514 -0.124881 -0.001928
v 0.092495 -0.118993 -0.036484
v 0.102857 -0.125033 -0.001856
v 0.105470 -0.120810 -0.037010
v 0.031802 0.399253 -0.079601
v 0.023637 0.396383 -0.080183
v 0.028563 0.390665 -0.075916
v 0.018462 0.394115 -0.077303
v 0.021165 0.419460 -0.079642
v 0.033268 0.391465 -0.071367
v -0.201815 0.031249 0.081512
v -0.206882 0.021052 0.092579
v -0.198902 0.028386 0.098987
v -0.194574 0.031938 0.090799
v -0.194940 0.032296 0.080732
v -0.192275 0.038222 0.068894
v -0.220258 0.024921 0.088255
v -0.218327 0.013248 0.098306
v -0.220446 0.035878 0.079560
v -0.206351 0.048242 0.067501
v -0.194013 0.047095 0.061355
v -0.216581 0.042133 0.070732
v -0.203654 0.051824 0.059968
v -0.216509 0.046342 0.061226
v -0.211671 0.055191 0.052860
v -0.227288 0.048485 0.053765
v -0.228619 0.046631 0.057518
v -0.221944 0.040373 0.066782
v -0.242885 0.041552 0.066328
v -0.243462 0.039928 0.055023
v -0.236277 0.033570 0.069663
v -0.227089 0.030441 0.077171
v -0.243323 0.030149 0.072675
v -0.233448 0.024600 0.082974
v -0.260308 0.027764 0.077794
v -0.253906 0.023056 0.081116
v -0.255859 0.021500 0.081238
v -0.204381 0.059302 0.056002
v -0.262125 0.027096 0.073771
v -0.247828 0.038893 0.059481
v -0.211249 0.080013 0.049656
v -0.202003 0.018428 0.098062
v -0.263930 0.020487 0.075300
v -0.255859 0.021484 0.081299
v -0.006392 0.073533 -0.103342
v -0.007244 0.079700 -0.115352
v -0.003547 0.061063 -0.109657
v -0.000733 0.055985 -0.121714
v -0.002567 0.066462 -0.127535
v 0.000280 0.050468 -0.111636
v -0.005139 0.070886 -0.137585
v -0.008485 0.088699 -0.116125
v -0.002308 0.072833 -0.157563
v -0.004093 0.116149 -0.119961
v 0.000331 0.116740 -0.146985
v -0.009264 0.098680 -0.108835
v -0.012064 0.102035 -0.092552
v -0.007355 0.127916 -0.086547
v 0.000093 0.123444 -0.133319
v -0.001172 0.134810 -0.107947
v -0.001455 0.141354 -0.090936
v 0.000063 0.091987 -0.155837
v 0.000162 0.072602 -0.172167
v -0.017063 0.096498 -0.084902
v -0.015488 0.096171 -0.098743
v 0.054050 0.408677 -0.024133
v 0.063397 0.409500 -0.024939
v 0.049279 0.404343 -0.034119
v 0.063055 0.406446 -0.038128
v 0.057538 0.398340 -0.047473
v 0.044899 0.397179 -0.041704
v 0.063222 0.404933 -0.008795
v 0.055080 0.405097 -0.005750
v -0.224663 0.102573 0.033424
v -0.214734 0.101529 0.006705
v -0.217379 0.096591 0.023650
v -0.218811 0.089924 0.038620
v -0.228398 0.101239 0.041138
v -0.213281 0.092510 0.003879
v -0.218509 0.099820 -0.001506
v -0.206410 0.089276 0.003041
v -0.209358 0.088935 0.010914
v -0.211018 0.093158 0.016395
v -0.220477 0.107033 -0.000261
v -0.224977 0.119209 -0.004560
v -0.220007 0.109720 -0.007859
v -0.227639 0.117518 -0.001758
v -0.234050 0.130038 -0.001807
v -0.230292 0.125134 0.002678
v -0.219547 0.097794 0.045403
v -0.215916 0.083025 0.044777
v -0.229637 0.103828 0.047421
v -0.241248 0.111692 0.048540
v -0.238793 0.108858 0.041848
v -0.211249 0.080013 0.049656
v -0.251923 0.112813 0.045104
v -0.251937 0.115532 0.049412
v -0.252729 0.119561 0.044850
v -0.209806 0.102053 -0.002270
v -0.211373 0.067338 0.046261
v -0.211671 0.055191 0.052860
v -0.204254 0.021041 0.067436
v -0.206466 0.016749 0.075305
v -0.206623 0.008654 0.064626
v -0.207361 0.007101 0.077341
v -0.209595 0.004551 0.072021
v -0.209961 0.005226 0.075867
v -0.211426 0.002928 0.074036
v -0.211426 0.002935 0.073730
v 0.084004 -0.194253 -0.022358
v 0.083063 -0.216779 -0.022433
v 0.075558 -0.209389 -0.024950
v 0.076397 -0.192395 -0.024550
v 0.077880 -0.213883 -0.024202
v 0.079872 -0.177676 -0.019747
v 0.076456 -0.227723 -0.020700
v -0.183745 -0.018484 0.099991
v -0.198715 -0.021505 0.104675
v -0.182189 -0.023746 0.104715
v -0.203699 -0.012035 0.101956
v -0.205887 -0.020763 0.111590
v -0.211854 -0.020566 0.116193
v -0.176671 -0.017994 0.103024
v -0.173967 -0.018324 0.095960
v -0.177571 -0.025858 0.126928
v -0.182924 -0.025050 0.125047
v -0.187581 -0.023926 0.135514
v -0.189015 -0.023622 0.131444
v -0.172335 -0.021363 0.105900
v 0.098736 0.284774 -0.073026
v 0.103884 0.286566 -0.064650
v 0.090352 0.288013 -0.058625
v 0.099963 0.288530 -0.053402
v 0.107950 0.286136 -0.055855
v 0.086539 0.288420 -0.072526
v 0.108841 0.280518 -0.072990
v 0.099774 0.286577 -0.075494
v 0.195037 0.023432 0.087166
v 0.199484 0.022937 0.089440
v 0.191946 0.029453 0.097139
v 0.200903 0.028842 0.100145
v 0.203826 0.023596 0.091500
v -0.011358 -0.226864 -0.012057
v 0.003848 -0.224460 -0.014113
v -0.000113 -0.219481 -0.008923
v -0.011971 -0.232085 -0.016506
v -0.003682 -0.215633 -0.006120
v 0.001225 -0.236180 -0.018778
v 0.007404 -0.220849 -0.015003
v 0.001123 -0.201034 -0.008899
v -0.001862 -0.171612 -0.008700
v 0.000098 -0.182262 -0.012167
v -0.247828 0.038893 0.059481
v -0.233477 0.028761 0.059903
v -0.236277 0.033570 0.069663
v -0.242167 0.035485 0.053315
v -0.242885 0.041552 0.066328
v 0.216890 0.099353 0.044252
v 0.205481 0.088400 0.044752
v 0.210041 0.081519 0.049473
v 0.198474 0.065380 0.050535
v 0.204097 0.061940 0.052943
v 0.201175 0.049291 0.058381
v 0.206194 0.051526 0.062356
v 0.215306 0.102046 0.039675
v 0.234651 0.114503 0.048403
v 0.233827 0.106317 0.049037
v 0.219985 0.094431 0.044658
v 0.192093 0.052469 0.043040
v 0.193505 0.045722 0.049327
v 0.186119 0.051464 0.038481
v 0.190007 0.061772 0.036981
v 0.182281 0.060660 0.030548
v 0.197991 0.071559 0.042382
v 0.228796 0.112339 0.040302
v 0.031516 -0.489289 0.102310
v 0.018538 -0.499664 0.103109
v 0.034832 -0.500259 0.102591
v 0.017114 -0.488683 0.099949
v 0.042603 -0.490057 0.095973
v 0.044638 -0.477367 0.055368
v 0.032292 -0.479292 0.072161
v 0.042641 -0.480125 0.068410
v 0.034105 -0.473266 0.054115
v 0.045571 -0.473505 0.042810
v 0.018392 -0.471518 0.048042
v 0.017071 -0.479094 0.066584
v 0.051876 -0.490830 0.079218
v 0.010515 -0.488855 0.087201
v 0.054521 -0.487618 0.049837
v 0.043126 -0.456103 0.033054
v 0.033060 -0.280234 0.004446
v 0.048745 -0.281789 0.011026
v 0.038483 -0.272662 0.013426
v 0.049770 -0.274035 0.017729
v 0.045920 -0.287507 0.006532
v 0.031385 -0.260542 0.014272
v 0.025336 -0.269656 -0.000295
v 0.033041 -0.258139 0.019841
v 0.038844 -0.274117 0.024382
v 0.038180 -0.268561 0.031569
v 0.037031 -0.252791 0.042106
v 0.030376 -0.237034 0.043308
v 0.023169 -0.237827 0.028186
v 0.019950 -0.225252 0.037913
v 0.034083 -0.226945 0.061264
v 0.026601 -0.218462 0.052835
v 0.017374 -0.216372 0.040116
v 0.015151 -0.191975 0.049025
v 0.031206 -0.206673 0.060529
v 0.027622 -0.193127 0.058370
v 0.026989 -0.250627 0.021094
v 0.025650 -0.186279 0.054971
v 0.017384 -0.201797 0.042703
v -0.205704 -0.008429 0.146354
v -0.192470 -0.016617 0.144768
v -0.199261 -0.020521 0.140482
v -0.182760 -0.010162 0.146380
v -0.210593 -0.021196 0.145816
v -0.186576 -0.018288 0.148227
v -0.236962 0.022297 0.044771
v -0.253130 0.013211 0.042548
v -0.239972 0.017857 0.052790
v -0.227860 0.031010 0.053455
v -0.237755 0.021226 0.063816
v -0.223975 0.032687 0.044006
v -0.219011 0.036909 0.049941
v -0.219238 0.038116 0.045166
v -0.236698 0.016048 0.058602
v -0.235702 0.027861 0.065498
v 0.223159 0.105498 0.031828
v 0.222636 0.099450 0.030828
v 0.215306 0.102046 0.039675
v 0.206982 0.090535 0.039131
v 0.228796 0.112339 0.040302
v 0.205481 0.088400 0.044752
v 0.197991 0.071559 0.042382
v 0.201739 0.071069 0.038378
v 0.215498 0.089281 0.035847
v -0.150389 0.011590 0.082040
v -0.147445 0.003838 0.084912
v -0.152089 -0.018135 0.080425
v -0.146175 0.020593 0.085110
v -0.156402 -0.015548 0.077270
v -0.150724 0.023105 0.073857
v -0.155925 0.017205 0.074940
v -0.155941 -0.002359 0.079101
v -0.154837 0.009548 0.082746
v 0.115180 0.265915 -0.054394
v 0.118073 0.271841 -0.055595
v 0.121010 0.261070 -0.050718
v 0.110990 0.275552 -0.056544
v 0.112728 0.278142 -0.061638
v 0.108447 0.278669 -0.056716
v 0.107950 0.286136 -0.055855
v 0.099963 0.288530 -0.053402
v -0.165111 -0.022757 0.098181
v -0.167659 -0.022494 0.092916
v -0.159238 -0.028046 0.099624
v -0.159242 -0.034566 0.087134
v -0.148281 -0.034425 0.085137
v -0.154040 -0.025884 0.098730
v 0.202350 -0.018171 0.105896
v 0.181333 -0.021505 0.106684
v 0.199110 -0.023339 0.100936
v 0.191000 -0.030799 0.103842
v 0.189726 -0.016629 0.105539
v 0.180564 -0.014716 0.106497
v 0.202694 -0.013973 0.100353
v 0.207764 -0.021547 0.109641
v 0.161722 0.048896 0.046476
v 0.162922 0.037596 0.055411
v 0.172937 0.043117 0.054113
v 0.174329 0.049415 0.047620
v 0.170952 0.066225 0.030691
v 0.157817 0.067592 0.031120
v 0.145022 0.069963 0.026665
v 0.156987 0.082208 0.015488
v 0.147004 0.083453 0.018056
v 0.136206 0.080127 0.018546
v 0.185100 0.042786 0.051404
v 0.142988 0.109647 0.000979
v 0.127733 0.110467 0.005592
v 0.129490 0.134420 -0.014621
v 0.121557 0.136580 -0.015345
v 0.114397 0.118078 -0.000937
v 0.110471 0.133717 -0.010861
v 0.125992 0.096934 0.011297
v 0.132515 0.143008 -0.026891
v 0.186119 0.051464 0.038481
v 0.182281 0.060660 0.030548
v 0.193505 0.045722 0.049327
v 0.117838 0.150613 -0.018295
v 0.126993 0.149605 -0.027605
v 0.183071 0.036761 0.062395
v 0.148605 0.055225 0.035648
v 0.099962 0.127616 -0.014690
v 0.106768 0.116197 -0.005273
v 0.118403 0.097372 0.006958
v 0.177683 0.065970 0.023346
v 0.188367 0.068407 0.025748
v 0.189060 0.062875 0.029843
v 0.183254 0.073170 0.018107
v 0.172986 0.073951 0.009227
v 0.162464 0.083085 0.006269
v 0.157991 0.096185 -0.008489
v 0.149376 0.120304 -0.022477
v -0.175781 0.068134 0.021073
v -0.189424 0.070230 0.022032
v -0.182146 0.061919 0.028479
v -0.181352 0.077675 0.014488
v -0.172620 0.073746 0.016215
v -0.166108 0.081714 0.009810
v -0.186852 0.065197 0.028386
v -0.185737 0.062031 0.033676
v -0.185685 0.057234 0.035801
v -0.196867 0.050392 0.030312
v -0.196101 0.054174 0.024896
v -0.204062 0.042544 0.029988
v -0.198856 0.046337 0.041209
v -0.192249 0.052341 0.039264
v -0.211717 0.036057 0.034817
v -0.193136 0.060764 0.015432
v -0.187643 0.072253 0.013143
v -0.179736 0.079007 0.009011
v -0.188771 0.049127 0.044151
v -0.179844 0.050164 0.048414
v -0.190046 0.044937 0.052598
v -0.180899 0.049129 0.062525
v -0.170414 0.052045 0.046529
v -0.170963 0.064297 0.035463
v -0.159116 0.080689 0.017530
v -0.156481 0.091783 0.005783
v -0.141284 0.105615 0.004757
v -0.138880 0.120213 -0.006604
v -0.151210 0.106738 -0.006978
v -0.140581 0.130955 -0.024356
v -0.130083 0.143166 -0.025783
v -0.122272 0.139632 -0.016102
v -0.131941 0.147588 -0.037903
v -0.126660 0.113120 0.002894
v -0.152390 0.077796 0.022572
v -0.145877 0.125332 -0.027324
v -0.123097 0.154639 -0.025138
v -0.110288 0.150072 -0.015414
v -0.168405 0.076870 -0.000335
v -0.126884 0.158310 -0.038909
v -0.145156 0.077483 0.021799
v -0.176058 0.043881 0.053523
v -0.109338 0.132599 -0.011813
v -0.154336 0.059462 0.036864
v -0.165348 0.042027 0.052341
v -0.129282 0.094418 0.011703
v -0.114850 0.105423 0.003515
v -0.158553 0.095397 -0.016224
v -0.138368 0.134844 -0.047266
v -0.130554 0.147237 -0.049855
v -0.141382 0.129165 -0.055075
v -0.148465 0.119088 -0.044721
v -0.147244 0.119300 -0.033289
v -0.154385 0.104691 -0.032525
v -0.125539 0.159667 -0.049846
v -0.132858 0.138477 -0.060814
v -0.189458 0.047635 0.061591
v -0.253130 0.013211 0.042548
v -0.236962 0.022297 0.044771
v -0.238798 0.014221 0.038595
v -0.254225 0.004717 0.040432
v -0.230967 0.014596 0.042495
v -0.227780 0.022294 0.043267
v -0.223975 0.032687 0.044006
v -0.218581 0.031669 0.040913
v -0.217773 0.036713 0.043884
v -0.219238 0.038116 0.045166
v -0.212827 0.040559 0.045360
v -0.211717 0.036057 0.034817
v -0.198856 0.046337 0.041209
v -0.232279 0.010299 0.039388
v 0.206784 0.010921 0.115584
v 0.211122 0.019413 0.122322
v 0.219900 0.009001 0.123213
v 0.225688 0.008677 0.129043
v -0.224657 0.107404 0.037180
v -0.210766 0.104267 0.005793
v -0.214734 0.101529 0.006705
v -0.224663 0.102573 0.033424
v -0.228398 0.101239 0.041138
v -0.166045 0.004402 0.108828
v -0.175657 0.002130 0.104281
v -0.163224 0.001574 0.109989
v -0.166709 -0.007672 0.102457
v -0.161414 -0.009947 0.102244
v -0.181115 0.004379 0.106720
v -0.189791 0.000933 0.099432
v -0.168797 -0.005611 0.097218
v -0.176198 0.002220 0.098046
v 0.042461 -0.206030 0.039908
v 0.036305 -0.202802 0.029045
v 0.035272 -0.213526 0.036172
v 0.028292 -0.212284 0.025048
v 0.025270 -0.208421 0.019808
v 0.015823 -0.215881 0.008170
v 0.014371 -0.207829 0.005442
v 0.042717 -0.199890 0.030862
v 0.128709 0.220879 -0.055020
v 0.137931 0.222557 -0.050914
v 0.134333 0.217505 -0.037920
v 0.132720 0.224503 -0.059734
v 0.140134 0.220925 -0.040636
v 0.136412 0.221116 -0.024570
v 0.125175 0.224405 -0.058042
v 0.126865 0.223891 -0.025650
v 0.130923 0.229786 -0.015066
v 0.126589 0.237467 -0.066247
v 0.125581 0.256216 -0.032491
v 0.126522 0.251064 -0.039330
v 0.129983 0.246373 -0.034925
v 0.125783 0.248588 -0.052185
v 0.125008 0.252932 -0.021698
v 0.121654 0.261657 -0.027036
v 0.122828 0.263073 -0.021023
v 0.118241 0.268942 -0.021307
v 0.129119 0.235311 -0.041291
v 0.119430 0.258167 -0.008379
v 0.126138 0.246770 -0.010567
v 0.126276 0.238884 -0.017076
v 0.128065 0.234956 -0.032965
v 0.124184 0.238895 -0.059255
v 0.123127 0.261181 -0.056838
v 0.119005 0.264088 -0.068026
v 0.123085 0.241958 -0.068851
v 0.120339 0.260053 -0.070922
v 0.115617 0.272003 -0.073227
v 0.118073 0.271841 -0.055595
v 0.112728 0.278142 -0.061638
v 0.108841 0.280518 -0.072990
v 0.121010 0.261070 -0.050718
v 0.123474 0.251023 -0.048259
v 0.126945 0.227905 -0.041982
v 0.126547 0.223997 -0.036609
v 0.103884 0.286566 -0.064650
v 0.107950 0.286136 -0.055855
v 0.124736 0.230181 -0.034351
v 0.211122 0.019413 0.122322
v 0.201847 0.008351 0.127194
v 0.207132 0.009816 0.130881
v 0.216556 0.013289 0.133103
v 0.206784 0.010921 0.115584
v 0.203365 0.006540 0.119111
v -0.017134 -0.489888 0.101726
v -0.031767 -0.499705 0.103328
v -0.017285 -0.499869 0.102555
v -0.029279 -0.490036 0.102755
v -0.041284 -0.489802 0.096112
v -0.046008 -0.500059 0.091261
v -0.034918 -0.474035 0.054592
v -0.042588 -0.479723 0.065874
v -0.030675 -0.478824 0.069714
v -0.041066 -0.484978 0.085309
v -0.030403 -0.483738 0.088081
v -0.043996 -0.474790 0.046168
v -0.018278 -0.483018 0.086463
v -0.018565 -0.473131 0.049658
v -0.044110 -0.471355 0.041807
v -0.053671 -0.486753 0.049972
v -0.052166 -0.489842 0.073460
v -0.050340 -0.474594 0.020976
v -0.032691 -0.452629 0.041003
v -0.020492 -0.454883 0.039210
v -0.040742 -0.444449 0.028179
v -0.040552 -0.418534 0.014771
v -0.032070 -0.413689 0.020579
v -0.030756 -0.413554 0.013344
v -0.038673 -0.418582 0.009396
v -0.041694 -0.396274 0.008905
v -0.164432 0.006312 0.100859
v -0.160079 0.009099 0.091874
v -0.166515 0.002297 0.094159
v -0.155097 0.015240 0.097648
v -0.159124 0.020307 0.088393
v -0.150135 0.019870 0.093582
v -0.167287 0.033233 0.078245
v -0.156877 0.036683 0.080413
v -0.154795 0.004519 0.104875
v -0.153607 0.033754 0.082882
v 0.211122 0.019413 0.122322
v 0.216556 0.013289 0.133103
v 0.225688 0.008677 0.129043
v 0.227378 0.020963 0.080627
v 0.253798 0.020695 0.080360
v 0.230018 0.025085 0.083398
v 0.255952 0.026265 0.080647
v 0.257254 0.018872 0.076599
v 0.218508 0.019120 0.085948
v 0.220722 0.028231 0.084661
v 0.261241 0.027934 0.076210
v 0.005931 0.085267 -0.115143
v 0.017709 0.072234 -0.115058
v 0.005134 0.076750 -0.110996
v 0.183254 0.073170 0.018107
v 0.186890 0.071167 0.020355
v 0.185753 0.071868 0.012413
v 0.172986 0.073951 0.009227
v 0.168857 0.073880 0.002010
v 0.188367 0.068407 0.025748
v 0.193246 0.063228 0.018385
v 0.162464 0.083085 0.006269
v 0.188110 0.071289 0.021729
v 0.060696 -0.206901 -0.049175
v 0.051219 -0.203608 -0.047103
v 0.068484 -0.207015 -0.036788
v 0.070390 -0.209532 -0.040391
v 0.075558 -0.209389 -0.024950
v -0.192548 0.021022 0.084770
v -0.191016 0.016280 0.089628
v -0.193089 0.014296 0.084494
v -0.185913 0.006614 0.095181
v -0.183045 0.008221 0.098628
v -0.193382 0.021874 0.070764
v -0.192975 0.025434 0.086987
v -0.176198 0.002220 0.098046
v 0.042579 0.331313 0.011542
v 0.053314 0.330637 -0.001213
v 0.052797 0.331179 0.012498
v 0.040642 0.333236 -0.003423
v 0.058069 0.335962 -0.016658
v 0.041136 0.338770 -0.014754
v 0.049407 0.342976 -0.027758
v 0.060177 0.344981 -0.032062
v 0.051439 0.352785 -0.042021
v 0.053794 0.354938 -0.046871
v 0.037485 0.357962 -0.042178
v 0.052217 0.361564 -0.059791
v 0.040596 0.347815 -0.028346
v 0.037573 0.364980 -0.051620
v 0.036733 0.371195 -0.058147
v 0.046540 0.374041 -0.072622
v 0.055255 0.365419 -0.064577
v 0.064058 0.349401 -0.034813
v 0.063608 0.364181 -0.047875
v 0.055342 0.361039 -0.050532
v 0.042003 0.333400 0.016113
v -0.120955 0.265262 -0.072263
v -0.124505 0.240604 -0.066081
v -0.130414 0.236825 -0.065156
v -0.130413 0.221778 -0.058570
v -0.135982 0.222656 -0.054952
v -0.077375 -0.234540 -0.047156
v -0.078224 -0.236353 -0.035745
v -0.069709 -0.238848 -0.046473
v -0.068800 -0.242409 -0.061333
v -0.064676 -0.245709 -0.058679
v -0.073617 -0.236665 -0.036349
v -0.075132 -0.239890 -0.022225
v 0.185207 0.002358 0.105204
v 0.174284 -0.007708 0.100223
v 0.178357 -0.009194 0.099753
v 0.169953 -0.000291 0.098956
v 0.222779 0.093089 0.038718
v 0.232920 0.102723 0.041569
v 0.233827 0.106317 0.049037
v 0.241601 0.111383 0.047515
v 0.219985 0.094431 0.044658
v 0.251932 0.113844 0.045752
v 0.248181 0.115318 0.049211
v 0.214227 0.078442 0.044742
v 0.210041 0.081519 0.049473
v 0.209779 0.059359 0.044510
v 0.234651 0.114503 0.048403
v 0.251071 0.118165 0.045007
v -0.182189 -0.023746 0.104715
v -0.191680 -0.031319 0.101401
v -0.179104 -0.027944 0.104224
v -0.198473 -0.023449 0.101738
v -0.039505 -0.208176 0.032532
v -0.050324 -0.210525 0.026268
v -0.045394 -0.213797 0.039066
v -0.052837 -0.212634 0.029802
v -0.039476 -0.209900 0.040650
v -0.057988 -0.216820 0.018937
v -0.061336 -0.219626 0.025315
v -0.018790 -0.417846 0.009771
v -0.030756 -0.413554 0.013344
v -0.032070 -0.413689 0.020579
v -0.020576 -0.417007 0.020268
v -0.011930 -0.425945 0.004411
v -0.019404 -0.434718 0.028148
v -0.032691 -0.452629 0.041003
v -0.020492 -0.454883 0.039210
v 0.105308 0.032278 -0.036021
v 0.095794 0.032289 -0.033495
v 0.096744 0.036057 -0.021220
v 0.103027 0.035004 -0.024124
v 0.105641 0.025884 -0.045954
v 0.095758 0.026217 -0.041651
v 0.095315 0.020749 -0.049753
v 0.102295 0.036865 -0.022018
v 0.107904 0.016923 -0.055390
v 0.095580 0.012411 -0.057409
v 0.103203 0.003126 -0.069301
v 0.095054 0.000597 -0.066349
v 0.109246 0.006239 -0.064018
v 0.102295 0.036865 -0.021927
v 0.111852 0.043591 0.085143
v 0.119593 0.041424 0.087493
v 0.110899 0.031859 0.084023
v 0.104286 0.034081 0.083744
v 0.131215 0.047061 0.088313
v 0.119449 0.051158 0.087828
v -0.231851 0.038504 0.052551
v -0.227860 0.031010 0.053455
v -0.233477 0.028761 0.059903
v -0.219011 0.036909 0.049941
v -0.242167 0.035485 0.053315
v -0.235702 0.027861 0.065498
v -0.211353 0.095711 0.035512
v -0.201321 0.077378 0.040376
v -0.208426 0.078121 0.037953
v -0.195797 0.053001 0.042481
v -0.215659 0.092280 0.033533
v -0.194901 0.062675 0.045277
v -0.207283 0.057815 0.042971
v -0.198856 0.046337 0.041209
v -0.212292 0.050204 0.047174
v -0.212827 0.040559 0.045360
v -0.227288 0.048485 0.053765
v -0.243462 0.039928 0.055023
v -0.218811 0.089924 0.038620
v -0.247828 0.038893 0.059481
v -0.192249 0.052341 0.039264
v -0.211373 0.067338 0.046261
v -0.215916 0.083025 0.044777
v -0.211671 0.055191 0.052860
v -0.147131 -0.020546 0.060099
v -0.156402 -0.015548 0.077270
v -0.152089 -0.018135 0.080425
v -0.144052 -0.022082 0.067478
v -0.151254 -0.020613 0.059556
v -0.145978 -0.028847 0.083530
v -0.152667 -0.019167 0.085059
v -0.154040 -0.025884 0.098730
v -0.160945 -0.016296 0.097579
v -0.148281 -0.034425 0.085137
v -0.147288 -0.026278 0.061722
v -0.146369 -0.027323 0.077035
v -0.156598 -0.002099 0.092207
v -0.161414 -0.009947 0.102244
v -0.149402 0.006977 0.088436
v -0.147445 0.003838 0.084912
v -0.146175 0.020593 0.085110
v -0.172335 -0.021363 0.105900
v -0.165111 -0.022757 0.098181
v -0.173623 -0.024479 0.107510
v -0.177571 -0.025858 0.126928
v -0.179055 -0.032842 0.132785
v -0.176151 -0.034990 0.120025
v -0.154795 0.004519 0.104875
v -0.147816 0.011347 0.095824
v -0.163224 0.001574 0.109989
v -0.150135 0.019870 0.093582
v -0.187581 -0.023926 0.135514
v -0.159238 -0.028046 0.099624
v 0.036620 -0.414633 0.012056
v 0.022963 -0.415946 0.010787
v 0.033537 -0.412887 0.020255
v 0.019776 -0.415842 0.018841
v 0.011849 -0.423038 0.003393
v -0.038905 0.465145 -0.112352
v -0.035524 0.457206 -0.110726
v -0.043563 0.446851 -0.104784
v -0.036304 0.443100 -0.103652
v -0.046437 0.422380 -0.097817
v -0.039063 0.424859 -0.098526
v -0.042956 0.401254 -0.088540
v -0.053215 0.382165 -0.078595
v -0.043742 0.381460 -0.076974
v -0.053847 0.368370 -0.070786
v -0.036193 0.468507 -0.111864
v 0.203826 0.023596 0.091500
v 0.205326 0.015084 0.101038
v 0.208680 0.019960 0.090557
v 0.208138 0.012911 0.100662
v 0.203972 0.009956 0.111294
v 0.205498 0.027764 0.086675
v 0.200903 0.028842 0.100145
v 0.193835 0.034278 0.090068
v 0.198099 0.032599 0.078161
v 0.189827 0.033483 0.071400
v 0.183071 0.036761 0.062395
v 0.191946 0.029453 0.097139
v 0.185730 0.032994 0.087122
v 0.176918 0.033079 0.073833
v 0.089206 0.285091 0.005911
v 0.088004 0.276961 -0.004503
v 0.093477 0.273441 0.002199
v 0.096548 0.275294 0.006431
v 0.081386 0.284344 -0.003390
v 0.082361 0.294442 -0.002065
v 0.071989 0.290722 -0.008759
v 0.077358 0.299401 -0.006790
v 0.101494 0.271810 0.001706
v 0.114210 0.268769 -0.001007
v -0.103005 0.030812 -0.044714
v -0.096454 0.029754 -0.041471
v -0.103979 0.024085 -0.052839
v -0.094891 0.021702 -0.050069
v -0.103982 0.006835 -0.067344
v -0.095235 0.007923 -0.062440
v -0.103377 0.036062 -0.034751
v -0.095415 -0.005365 -0.066903
v -0.094091 0.034422 -0.038243
v -0.097596 0.037709 -0.026482
v -0.103470 -0.007994 -0.068683
v -0.101680 0.038636 -0.014873
v -0.097709 0.039079 -0.008320
v 0.220235 0.036885 0.055862
v 0.232422 0.043292 0.056896
v 0.232133 0.043934 0.060941
v 0.220373 0.041639 0.063881
v -0.089719 0.273447 -0.003114
v -0.082584 0.282934 -0.001862
v -0.091559 0.277855 0.005700
v -0.094650 0.271856 0.006084
v -0.091910 0.285164 0.005719
v -0.086563 0.296062 -0.005128
v -0.210383 0.011928 0.107252
v -0.221356 0.009774 0.104805
v -0.220647 0.009533 0.114940
v -0.212542 0.013003 0.118801
v -0.224477 0.007906 0.126652
v -0.218327 0.013248 0.098306
v -0.202003 0.018428 0.098062
v -0.206882 0.021052 0.092579
v -0.211334 0.019877 0.125730
v -0.205778 0.015625 0.108821
v -0.207538 0.012378 0.126619
v -0.201225 0.005506 0.126105
v -0.197172 0.006329 0.111901
v -0.211996 0.010624 0.133043
v -0.183045 0.008221 0.098628
v -0.191016 0.016280 0.089628
v -0.192548 0.021022 0.084770
v -0.181115 0.004379 0.106720
v -0.166045 0.004402 0.108828
v -0.164432 0.006312 0.100859
v -0.154795 0.004519 0.104875
v -0.163224 0.001574 0.109989
v -0.166515 0.002297 0.094159
v -0.218758 0.006999 0.130336
v -0.049215 -0.265549 0.020311
v -0.047097 -0.267510 0.027860
v -0.054738 -0.262808 0.032662
v -0.044199 -0.274620 0.016832
v -0.038579 -0.273680 0.025866
v -0.039686 -0.268333 0.032330
v -0.057733 -0.265224 0.019540
v -0.058443 -0.250279 0.039266
v -0.056321 -0.242517 0.049412
v -0.063900 -0.253880 0.021033
v -0.057255 -0.225869 0.061623
v -0.052930 -0.272296 0.015383
v -0.044573 -0.287356 0.007793
v -0.052439 -0.284814 0.004188
v -0.068066 -0.239378 0.027327
v -0.069988 -0.222001 0.035748
v -0.058089 -0.196807 0.060009
v -0.069424 -0.191816 0.038326
v -0.060883 -0.183109 0.048775
v -0.058623 -0.185954 0.057827
v -0.067965 -0.181817 0.039724
v -0.068457 -0.211384 0.034343
v -0.061336 -0.219626 0.025315
v -0.074746 -0.225796 -0.020658
v -0.073333 -0.219096 -0.033330
v -0.073617 -0.236665 -0.036349
v -0.075132 -0.239890 -0.022225
v -0.074883 -0.209707 -0.024950
v -0.071148 -0.209584 -0.037544
v -0.072788 -0.226650 -0.007484
v -0.073798 -0.217107 -0.021901
v -0.070990 -0.251198 -0.003673
v -0.074368 -0.249148 -0.016215
v -0.066837 -0.250285 0.004154
v -0.069383 -0.225691 0.005069
v -0.063970 -0.266995 0.000296
v -0.057972 -0.262465 0.010496
v -0.056973 -0.250265 0.015520
v -0.058227 -0.223875 0.017770
v -0.057540 -0.229022 0.021132
v -0.078807 -0.257165 -0.010966
v -0.073918 -0.256245 -0.003503
v -0.082246 -0.246565 -0.023904
v -0.057988 -0.216820 0.018937
v -0.067321 -0.223676 0.004373
v -0.065684 -0.219691 -0.046595
v -0.069709 -0.238848 -0.046473
v 0.201739 0.071069 0.038378
v 0.193444 0.063097 0.035016
v 0.197991 0.071559 0.042382
v 0.190007 0.061772 0.036981
v 0.189060 0.062875 0.029843
v 0.182281 0.060660 0.030548
v -0.227780 0.022294 0.043267
v -0.235349 0.019091 0.035578
v -0.232279 0.010299 0.039388
v -0.223590 0.027875 0.033383
v -0.218581 0.031669 0.040913
v -0.211717 0.036057 0.034817
v -0.200061 0.037228 0.025633
v -0.219999 0.021137 0.029380
v -0.202364 0.029725 0.026775
v -0.231440 0.011216 0.033219
v -0.000199 0.072099 -0.099362
v -0.003547 0.061063 -0.109657
v 0.003497 0.062225 -0.110969
v 0.000280 0.050468 -0.111636
v 0.005134 0.076750 -0.110996
v 0.003228 0.067444 -0.124952
v 0.003696 0.071717 -0.138625
v 0.005931 0.085267 -0.115143
v -0.000733 0.055985 -0.121714
v -0.002308 0.072833 -0.157563
v -0.005139 0.070886 -0.137585
v 0.000162 0.072602 -0.172167
v -0.002567 0.066462 -0.127535
v 0.067803 -0.238727 -0.052996
v 0.078631 -0.236058 -0.047068
v 0.068071 -0.242570 -0.061900
v 0.064109 -0.246575 -0.058938
v 0.063502 -0.261767 -0.068192
v 0.001660 0.316943 -0.158167
v -0.002012 0.322551 -0.144574
v 0.003247 0.326090 -0.137639
v -0.003240 0.332270 -0.132601
v 0.003718 0.334258 -0.132096
v -0.002124 0.314063 -0.158160
v 0.000623 0.306713 -0.160553
v -0.242638 0.115868 0.045645
v -0.232414 0.115018 0.042121
v -0.238793 0.108858 0.041848
v -0.224657 0.107404 0.037180
v -0.251923 0.112813 0.045104
v -0.252729 0.119561 0.044850
v -0.228398 0.101239 0.041138
v 0.078631 -0.236058 -0.047068
v 0.074748 -0.235837 -0.035458
v 0.081458 -0.237425 -0.037838
v 0.072215 -0.235126 -0.043675
v 0.074458 -0.235235 -0.051432
v 0.082418 -0.237027 -0.024073
v 0.077083 -0.234107 -0.022089
v 0.067803 -0.238727 -0.052996
v -0.089048 0.296412 -0.046661
v -0.088552 0.303837 -0.050302
v -0.090549 0.302027 -0.036733
v -0.090390 0.298576 -0.024650
v -0.203699 -0.012035 0.101956
v -0.206473 -0.021926 0.092673
v -0.210901 -0.023090 0.099129
v -0.215492 -0.021486 0.105046
v -0.197727 -0.016133 0.098717
v -0.183745 -0.018484 0.099991
v -0.179851 -0.024193 0.097835
v -0.191680 -0.031319 0.101401
v -0.198473 -0.023449 0.101738
v 0.061790 0.489806 0.005941
v 0.071591 0.494854 0.009982
v 0.059753 0.497260 0.011154
v 0.056048 0.489616 0.006945
v 0.071557 0.493804 0.003200
v 0.059784 0.485930 0.002206
v 0.190453 0.061027 0.012534
v 0.185753 0.071868 0.012413
v 0.193246 0.063228 0.018385
v 0.173068 0.064842 0.003048
v 0.168857 0.073880 0.002010
v 0.160770 0.078697 -0.007981
v 0.193884 0.049349 0.023533
v 0.169486 0.056340 0.004761
v 0.175789 0.051492 0.011098
v 0.184225 0.046359 0.018176
v 0.160928 0.060759 -0.003281
v 0.151121 0.074276 -0.014388
v 0.148437 0.088387 -0.030416
v 0.196720 0.036443 0.025073
v 0.206822 0.038866 0.030780
v 0.159180 0.088043 -0.014447
v 0.147320 0.107312 -0.045919
v 0.154571 0.106137 -0.030292
v 0.148948 0.119752 -0.045063
v 0.136445 0.117758 -0.061730
v 0.142368 0.129591 -0.054109
v 0.133821 0.127311 -0.063699
v 0.133840 0.139277 -0.059343
v 0.123846 0.137022 -0.067098
v 0.123199 0.128791 -0.068881
v 0.118299 0.143002 -0.069278
v 0.122968 0.144261 -0.061647
v 0.140894 0.078924 -0.023533
v 0.139673 0.068922 -0.011370
v 0.138562 0.098350 -0.047135
v 0.123559 0.112805 -0.063572
v 0.110673 0.115243 -0.065151
v 0.110088 0.142159 -0.070471
v 0.003812 0.307867 -0.129452
v -0.001429 0.306547 -0.149535
v 0.000623 0.306713 -0.160553
v -0.000330 0.305669 -0.133632
v 0.057639 -0.287195 0.006589
v 0.045920 -0.287507 0.006532
v 0.047264 -0.289062 0.009749
v 0.036127 -0.290055 0.009211
v 0.027130 -0.284730 0.004848
v 0.066616 -0.281121 0.001886
v 0.060563 -0.274247 0.001371
v 0.033060 -0.280234 0.004446
v 0.025336 -0.269656 -0.000295
v 0.018121 -0.265513 -0.006773
v 0.039053 -0.340853 0.003763
v 0.024709 -0.360276 0.000208
v 0.035040 -0.376012 0.003832
v 0.030563 -0.393164 0.005170
v 0.019636 -0.394252 0.002408
v 0.030777 -0.327692 0.003443
v 0.024911 -0.299226 0.003878
v 0.051784 -0.321146 0.003537
v 0.045722 -0.367089 -0.000247
v 0.041010 -0.393506 0.002226
v 0.029608 -0.396269 0.008572
v 0.022963 -0.415946 0.010787
v 0.042733 -0.396252 0.009505
v 0.036620 -0.414633 0.012056
v 0.209779 0.059359 0.044510
v 0.209871 0.061758 0.049493
v 0.217331 0.055368 0.052418
v 0.217654 0.050469 0.047219
v 0.227773 0.048513 0.052010
v 0.210041 0.081519 0.049473
v -0.182760 -0.010162 0.146380
v -0.194223 -0.021533 0.158887
v -0.186576 -0.018288 0.148227
v -0.191513 -0.022448 0.150018
v -0.187581 -0.023926 0.135514
v -0.215834 0.111994 -0.001094
v -0.222365 0.123218 -0.000663
v -0.220477 0.107033 -0.000261
v -0.227639 0.117518 -0.001758
v -0.230292 0.125134 0.002678
v -0.214734 0.101529 0.006705
v -0.210766 0.104267 0.005793
v -0.234050 0.130038 -0.001807
v -0.179851 -0.024193 0.097835
v -0.179104 -0.027944 0.104224
v -0.191680 -0.031319 0.101401
v -0.165111 -0.022757 0.098181
v -0.167659 -0.022494 0.092916
v -0.173623 -0.024479 0.107510
v -0.176151 -0.034990 0.120025
v -0.124452 0.249530 -0.007024
v -0.131704 0.239986 -0.012406
v -0.127467 0.238054 -0.011925
v -0.121677 0.258555 -0.003371
v -0.129726 0.228945 -0.014421
v -0.135061 0.221521 -0.021212
v -0.130945 0.264794 -0.013548
v -0.138372 0.220056 -0.027268
v -0.138954 0.242383 -0.025048
v -0.136556 0.266677 -0.025415
v -0.111262 0.281937 -0.002241
v -0.117987 0.285284 -0.010325
v -0.109300 0.268796 0.002534
v -0.129480 0.281128 -0.023413
v -0.091910 0.285164 0.005719
v -0.094650 0.271856 0.006084
v -0.118073 0.256961 -0.004976
v 0.045718 -0.206239 0.029692
v 0.042461 -0.206030 0.039908
v 0.047164 -0.212326 0.035545
v 0.042717 -0.199890 0.030862
v 0.056175 -0.214544 0.029231
v 0.058747 -0.213748 0.019947
v 0.216556 0.013289 0.133103
v 0.207132 0.009816 0.130881
v 0.225688 0.008677 0.129043
v 0.220954 0.006366 0.126911
v 0.209994 0.006122 0.121679
v 0.201847 0.008351 0.127194
v 0.195467 0.005573 0.127111
v 0.203365 0.006540 0.119111
v 0.194942 0.005795 0.115180
v 0.204751 0.005763 0.104018
v 0.195103 0.001203 0.103461
v 0.185207 0.002358 0.105204
v 0.187041 -0.002120 0.099779
v 0.202718 0.000464 0.098650
v 0.200882 0.002798 0.093636
v 0.178357 -0.009194 0.099753
v 0.219900 0.009001 0.123213
v 0.206784 0.010921 0.115584
v -0.185620 0.042437 0.070792
v -0.192275 0.038222 0.068894
v -0.189181 0.039723 0.081639
v -0.194940 0.032296 0.080732
v -0.194574 0.031938 0.090799
v 0.087100 0.295221 -0.073021
v 0.099774 0.286577 -0.075494
v 0.086539 0.288420 -0.072526
v 0.103251 0.290701 -0.072481
v 0.108841 0.280518 -0.072990
v 0.115782 0.278806 -0.072353
v 0.115617 0.272003 -0.073227
v 0.087542 0.302614 -0.065231
v 0.107487 0.297405 -0.060860
v -0.073134 -0.174184 0.012021
v -0.063574 -0.170888 0.023740
v -0.067285 -0.168983 0.028370
v -0.056058 -0.170026 0.028894
v -0.074159 -0.169905 0.020464
v -0.051893 -0.164175 0.037694
v -0.044588 -0.169650 0.031922
v -0.032617 -0.170361 0.030462
v 0.071268 0.500311 0.004575
v 0.056947 0.500069 0.005751
v 0.059753 0.497260 0.011154
v 0.071591 0.494854 0.009982
v 0.056097 0.498673 0.001142
v 0.102844 0.035065 -0.021317
v 0.096744 0.036057 -0.021220
v 0.101728 0.032359 -0.012217
v 0.095153 0.033580 -0.006967
v 0.099863 0.019416 0.004403
v 0.093059 0.015323 0.008437
v 0.095671 0.004205 0.013442
v 0.089358 0.000141 0.017300
v 0.085408 0.011057 0.018777
v 0.087206 0.040788 0.011714
v 0.082108 0.031716 0.021371
v 0.075272 0.009921 0.024852
v 0.082507 -0.009451 0.023510
v 0.070038 0.027253 0.029481
v 0.065483 -0.002861 0.028591
v 0.069650 -0.019353 0.030647
v 0.053537 0.022261 0.035419
v 0.057717 -0.000030 0.031254
v 0.049138 -0.010098 0.034803
v 0.059657 -0.012732 0.031273
v 0.065137 -0.009385 0.027898
v 0.047240 -0.023549 0.035069
v 0.038279 0.003793 0.036605
v 0.045343 0.023444 0.038982
v 0.102295 0.036865 -0.021927
v 0.090683 -0.007831 0.022544
v 0.084878 -0.015261 0.028172
v 0.071982 -0.022776 0.035532
v 0.027865 -0.013645 0.031575
v 0.068153 0.032848 0.037770
v 0.042910 0.036097 0.042639
v 0.071851 0.054801 0.039053
v 0.077776 0.037304 0.034560
v 0.081554 0.064106 0.032027
v 0.066531 0.064438 0.039148
v 0.086637 0.043063 0.025067
v 0.044819 0.064629 0.043153
v 0.065608 0.079191 0.033331
v 0.053876 0.080222 0.036257
v 0.075623 0.086766 0.020619
v 0.053051 0.089703 0.031357
v 0.058925 0.096990 0.017862
v 0.041122 0.466467 -0.112536
v 0.036243 0.466786 -0.112311
v 0.041411 0.452845 -0.099801
v -0.197727 -0.016133 0.098717
v -0.198473 -0.023449 0.101738
v -0.206473 -0.021926 0.092673
v -0.231482 0.112432 0.050134
v -0.241248 0.111692 0.048540
v -0.229637 0.103828 0.047421
v 0.199110 -0.023339 0.100936
v 0.194179 -0.015241 0.099774
v 0.207905 -0.023704 0.095537
v 0.180798 -0.025324 0.100112
v 0.190068 -0.032031 0.100703
v 0.173995 -0.015108 0.094968
v 0.170042 -0.018269 0.098965
v 0.202694 -0.013973 0.100353
v -0.000585 0.370754 -0.102829
v 0.000894 0.368219 -0.131372
v -0.001511 0.366214 -0.130948
v 0.001417 0.364069 -0.145182
v -0.001818 0.359061 -0.143336
v -0.001697 0.371489 -0.099923
v -0.220258 0.024921 0.088255
v -0.216477 0.015415 0.089697
v -0.218327 0.013248 0.098306
v -0.166709 -0.007672 0.102457
v -0.176671 -0.017994 0.103024
v -0.172335 -0.021363 0.105900
v -0.161414 -0.009947 0.102244
v -0.192975 0.025434 0.086987
v -0.190101 0.029133 0.094741
v -0.198902 0.028386 0.098987
v -0.184760 0.032945 0.083339
v -0.193382 0.021874 0.070764
v -0.186793 0.029801 0.063050
v -0.182635 0.036167 0.073958
v -0.180693 0.030762 0.058540
v -0.202003 0.018428 0.098062
v -0.192548 0.021022 0.084770
v -0.182070 0.032684 0.049610
v -0.253906 0.023056 0.081116
v -0.253906 0.019821 0.080017
v -0.230079 0.020936 0.081550
v -0.233448 0.024600 0.082974
v -0.255859 0.021484 0.081299
v -0.263930 0.020487 0.075300
v -0.255092 0.017454 0.075812
v -0.237204 0.017587 0.074819
v -0.224787 0.020836 0.087343
v -0.215852 0.019925 0.072994
v -0.225869 0.020306 0.067357
v -0.237755 0.021226 0.063816
v -0.245763 0.020777 0.069307
v -0.211474 0.016225 0.077437
v -0.216477 0.015415 0.089697
v -0.204784 0.009608 0.097495
v -0.218327 0.013248 0.098306
v -0.198226 0.007301 0.089623
v -0.199666 0.004718 0.109567
v -0.221356 0.009774 0.104805
v -0.218758 0.006999 0.130336
v -0.201225 0.005506 0.126105
v -0.193363 0.001271 0.111222
v -0.256435 0.021516 0.069923
v -0.197172 0.006329 0.111901
v -0.193225 -0.000519 0.103308
v -0.211996 0.010624 0.133043
v -0.222365 0.123218 -0.000663
v -0.218642 0.116362 -0.007556
v -0.224977 0.119209 -0.004560
v -0.234050 0.130038 -0.001807
v -0.220007 0.109720 -0.007859
v -0.209806 0.102053 -0.002270
v -0.103574 0.285005 -0.059965
v -0.090936 0.285529 -0.061091
v -0.101994 0.281208 -0.058490
v -0.109996 0.279540 -0.058343
v -0.110614 0.271005 -0.057624
v -0.114755 0.269688 -0.058107
v -0.116865 0.259016 -0.053347
v -0.120466 0.254943 -0.053545
v 0.117581 -0.045293 -0.065756
v 0.108311 -0.039564 -0.063243
v 0.115093 -0.040077 -0.057392
v 0.108518 -0.047983 -0.068855
v 0.101712 -0.049531 -0.066059
v 0.099958 -0.042050 -0.060736
v 0.105387 -0.029545 -0.064598
v 0.109246 0.006239 -0.064018
v 0.095224 -0.024199 -0.062346
v 0.100458 -0.010008 -0.067170
v 0.106336 -0.007516 -0.067982
v 0.103203 0.003126 -0.069301
v 0.095054 0.000597 -0.066349
v 0.105547 -0.062153 -0.061347
v 0.113142 -0.072240 -0.055961
v 0.108706 -0.088737 -0.050600
v 0.098495 -0.076529 -0.053600
v 0.098780 -0.122087 -0.039489
v 0.107276 -0.107600 -0.043586
v 0.105470 -0.120810 -0.037010
v 0.097252 -0.049841 -0.044220
v 0.097484 -0.061016 -0.055656
v 0.093614 -0.059551 -0.042025
v 0.092696 -0.078731 -0.042060
v 0.092304 -0.098326 -0.043541
v 0.095655 -0.040615 -0.047558
v 0.090399 -0.084864 -0.039787
v 0.089185 -0.099456 -0.037649
v 0.089462 -0.115902 -0.031674
v 0.092495 -0.118993 -0.036484
v 0.094203 -0.034302 -0.055562
v 0.092316 -0.125834 -0.017266
v 0.241349 0.114319 0.043500
v 0.234651 0.114503 0.048403
v 0.248181 0.115318 0.049211
v 0.228796 0.112339 0.040302
v 0.251071 0.118165 0.045007
v 0.229731 0.108706 0.037552
v 0.223159 0.105498 0.031828
v -0.176198 0.002220 0.098046
v -0.166515 0.002297 0.094159
v -0.168797 -0.005611 0.097218
v -0.183045 0.008221 0.098628
v -0.160079 0.009099 0.091874
v 0.000948 0.316830 0.077628
v 0.012305 0.327717 0.075805
v 0.008337 0.328241 0.080460
v 0.000233 0.329405 0.083540
v -0.008494 0.307764 0.071462
v 0.000911 0.307113 0.075392
v 0.012076 0.308542 0.068479
v 0.022078 0.337090 0.069317
v 0.010235 0.340612 0.077612
v 0.000530 0.334990 0.082863
v 0.023908 0.353505 0.066937
v 0.006076 0.358123 0.078831
v 0.000168 0.357648 0.084626
v 0.000213 0.353153 0.084537
v 0.003283 0.341908 0.089919
v 0.046714 0.432618 -0.002111
v 0.048860 0.414324 0.002757
v 0.051024 0.416020 -0.005680
v 0.048467 0.410459 0.006238
v 0.052511 0.424049 -0.024511
v 0.054050 0.408677 -0.024133
v 0.044115 0.430406 0.029606
v 0.048575 0.399663 0.007887
v 0.043852 0.398920 0.032724
v 0.048540 0.391149 0.015220
v 0.043400 0.408722 0.042844
v 0.043592 0.374165 0.031402
v 0.040485 0.386680 0.044194
v 0.037447 0.387580 0.061474
v 0.037327 0.404954 0.064166
v 0.038065 0.420844 0.054579
v 0.046379 0.373862 0.023141
v 0.044794 0.348903 0.022950
v 0.036808 0.344561 0.045834
v 0.034718 0.380330 0.057614
v 0.032782 0.364776 0.061530
v 0.034242 0.358433 0.050260
v 0.041195 0.339041 0.025961
v 0.029037 0.323552 0.051714
v 0.042003 0.333400 0.016113
v 0.030325 0.381490 0.075497
v 0.026715 0.366111 0.074020
v 0.033431 0.309381 0.018734
v 0.042579 0.331313 0.011542
v 0.035693 0.308304 0.009621
v 0.029358 0.296382 0.014432
v 0.034291 0.324798 0.025985
v 0.020946 0.389278 0.091355
v 0.024999 0.374020 0.075829
v 0.016328 0.379321 0.095459
v 0.043235 0.437114 0.018869
v 0.011821 0.364971 0.092885
v 0.023669 0.411123 0.081953
v 0.028046 0.428609 0.066247
v 0.025388 0.300221 0.024111
v 0.019609 0.282591 0.025815
v 0.018856 0.298683 0.033124
v 0.022415 0.313755 0.033756
v 0.015121 0.276381 0.035445
v 0.018631 0.272087 0.025764
v 0.012686 0.268710 0.033975
v 0.015676 0.364686 0.083163
v 0.034128 0.292329 0.008375
v 0.037883 0.292492 -0.007810
v 0.035638 0.279640 0.007012
v 0.026211 0.276532 0.018161
v 0.021185 0.313347 0.051695
v 0.055080 0.405097 -0.005750
v 0.046343 0.437926 -0.022288
v 0.043785 0.439254 -0.002937
v 0.029067 0.441601 0.049995
v 0.030353 0.446586 0.039677
v 0.029892 0.451263 0.023547
v 0.036256 0.447258 0.004359
v 0.012630 0.302140 0.036428
v 0.011266 0.308513 0.042524
v -0.000190 0.302353 0.047535
v -0.001443 0.278135 0.042182
v 0.010323 0.285452 0.034620
v 0.000779 0.265447 0.039209
v 0.214550 -0.021060 0.110135
v 0.223964 -0.025948 0.129093
v 0.219570 -0.026141 0.115697
v 0.213766 -0.022276 0.106623
v 0.223556 -0.021861 0.142369
v 0.205591 -0.021269 0.128790
v 0.209468 -0.021694 0.137991
v 0.196893 -0.020570 0.142108
v 0.185502 -0.022112 0.126217
v 0.207764 -0.021547 0.109641
v 0.185649 -0.022483 0.141196
v 0.173174 -0.025516 0.139146
v 0.167094 -0.025599 0.124910
v 0.163163 -0.020553 0.111390
v 0.179525 -0.019472 0.110608
v 0.203106 -0.013977 0.150124
v 0.208854 -0.018181 0.146676
v 0.165149 -0.015256 0.106468
v 0.202350 -0.018171 0.105896
v 0.202694 -0.013973 0.100353
v 0.207905 -0.023704 0.095537
v 0.003848 -0.224460 -0.014113
v 0.011191 -0.222987 -0.015691
v 0.008434 -0.219612 -0.004724
v -0.000113 -0.219481 -0.008923
v 0.013578 -0.224241 -0.003654
v -0.039442 0.427895 -0.086257
v -0.043239 0.427867 -0.085202
v -0.045325 0.407853 -0.077646
v -0.041388 0.446929 -0.095036
v -0.047130 0.418813 -0.082819
v -0.049130 0.400519 -0.073278
v -0.042225 0.400809 -0.076944
v -0.042506 0.385212 -0.067280
v -0.048978 0.388034 -0.065827
v -0.040789 0.411101 -0.083817
v -0.047225 0.382028 -0.057653
v 0.185649 -0.022483 0.141196
v 0.196059 -0.022388 0.157153
v 0.198259 -0.018604 0.156628
v 0.203106 -0.013977 0.150124
v -0.220647 0.009533 0.114940
v -0.218758 0.006999 0.130336
v -0.224477 0.007906 0.126652
v -0.028443 -0.207758 -0.046905
v -0.047103 -0.204075 -0.047445
v -0.030105 -0.205933 -0.042921
v -0.016520 -0.209157 -0.033912
v -0.019227 -0.207962 -0.032468
v -0.010206 -0.208882 -0.017926
v -0.044827 -0.211145 -0.052883
v -0.123874 0.225186 -0.036555
v -0.134619 0.217208 -0.038145
v -0.124672 0.217445 -0.038935
v 0.220722 0.028231 0.084661
v 0.215395 0.014299 0.095098
v 0.218508 0.019120 0.085948
v -0.040776 0.380003 -0.069542
v -0.047225 0.382028 -0.057653
v -0.043860 0.383938 -0.051843
v -0.038186 0.380800 -0.062511
v -0.052937 0.376238 -0.052716
v -0.052523 0.384105 -0.065776
v -0.048978 0.388034 -0.065827
v -0.179979 0.041003 0.030425
v -0.185108 0.039330 0.035380
v -0.190541 0.031787 0.029600
v -0.190791 0.033552 0.038078
v -0.205460 0.021558 0.033707
v -0.201005 0.026603 0.039966
v -0.199465 0.025622 0.029276
v -0.215753 0.022519 0.042973
v -0.219711 0.015478 0.034217
v -0.224841 0.012763 0.044341
v -0.232279 0.010299 0.039388
v -0.231440 0.011216 0.033219
v -0.181115 0.004379 0.106720
v -0.197172 0.006329 0.111901
v -0.193363 0.001271 0.111222
v -0.221431 -0.022026 0.118511
v -0.223924 -0.024639 0.121672
v -0.224020 -0.025044 0.143630
v -0.223065 -0.022595 0.142417
v -0.210901 -0.023090 0.099129
v -0.217379 0.096591 0.023650
v -0.210877 0.098436 0.027091
v -0.215659 0.092280 0.033533
v -0.211353 0.095711 0.035512
v -0.218811 0.089924 0.038620
v -0.211018 0.093158 0.016395
v -0.206998 0.098921 0.016221
v -0.209358 0.088935 0.010914
v -0.202194 0.095741 0.004715
v -0.206410 0.089276 0.003041
v -0.058592 -0.205766 -0.043326
v -0.062008 -0.207636 -0.048302
v -0.067739 -0.207517 -0.035627
v -0.047103 -0.204075 -0.047445
v -0.071148 -0.209584 -0.037544
v -0.074883 -0.209707 -0.024950
v 0.152703 -0.003021 0.078711
v 0.156872 -0.015484 0.078029
v 0.147978 -0.003078 0.080972
v 0.150853 0.010795 0.081142
v 0.152518 -0.016101 0.077591
v 0.017540 0.063051 -0.104054
v 0.020861 0.062774 -0.101830
v 0.021794 0.047030 -0.089854
v 0.017709 0.072234 -0.115058
v 0.149037 -0.020816 0.061814
v 0.152518 -0.016101 0.077591
v 0.156872 -0.015484 0.078029
v 0.142700 -0.027328 0.077340
v 0.151355 -0.020581 0.084863
v 0.145543 -0.027014 0.087178
v 0.153384 -0.026625 0.100984
v 0.160492 -0.014127 0.095669
v 0.163163 -0.020553 0.111390
v 0.165149 -0.015256 0.106468
v 0.145961 -0.027161 0.060236
v 0.162814 -0.008996 0.101527
v 0.168710 -0.003761 0.105844
v 0.155906 -0.001264 0.091408
v 0.149536 -0.005470 0.085420
v 0.147638 -0.034200 0.086432
v 0.164401 -0.023713 0.111987
v 0.147950 0.007254 0.085667
v 0.167094 -0.025599 0.124910
v 0.150798 0.012137 0.099203
v 0.153239 0.004376 0.100353
v 0.159995 -0.000009 0.107720
v 0.148555 -0.034609 0.071940
v 0.077358 0.299401 -0.006790
v 0.078764 0.290057 -0.010904
v 0.071989 0.290722 -0.008759
v 0.083056 0.299722 -0.009980
v 0.085243 0.292633 -0.016583
v 0.084185 0.290079 -0.017426
v 0.087919 0.303349 -0.051162
v 0.088476 0.292034 -0.047328
v 0.087742 0.291885 -0.030481
v 0.088692 0.303155 -0.023434
v 0.085131 0.294789 -0.068536
v 0.086583 0.289893 -0.057778
v 0.087542 0.302614 -0.065231
v 0.087100 0.295221 -0.073021
v 0.086539 0.288420 -0.072526
v 0.090352 0.288013 -0.058625
v 0.001612 0.247427 -0.146811
v -0.000192 0.235546 -0.140335
v -0.001086 0.246516 -0.146502
v -0.001101 0.271468 -0.143917
v -0.004515 0.224447 -0.116383
v -0.003380 0.249271 -0.126390
v 0.000737 0.213999 -0.135567
v -0.000262 0.205919 -0.123189
v -0.003628 0.203231 -0.098600
v -0.006349 0.302446 -0.119394
v -0.004172 0.309444 -0.129845
v -0.008738 0.328828 -0.111680
v -0.011711 0.329470 -0.101562
v -0.007289 0.269916 -0.115017
v -0.015122 0.324612 -0.094462
v -0.015789 0.340607 -0.096398
v -0.021160 0.338956 -0.080482
v -0.019636 0.331923 -0.081653
v -0.023976 0.326773 -0.065513
v -0.019180 0.352795 -0.084885
v -0.023540 0.345486 -0.062288
v -0.024057 0.335051 -0.055160
v -0.026690 0.291108 -0.070692
v -0.024002 0.274570 -0.081473
v -0.011068 0.247377 -0.108349
v -0.012204 0.226896 -0.093353
v -0.020667 0.261489 -0.088705
v -0.007913 0.344613 -0.108721
v -0.011290 0.355544 -0.098166
v -0.004912 0.342407 -0.125389
v -0.003240 0.332270 -0.132601
v -0.001818 0.359061 -0.143336
v -0.028581 0.298755 -0.063428
v -0.033744 0.303456 -0.049027
v -0.002012 0.322551 -0.144574
v -0.001429 0.306547 -0.149535
v -0.011618 0.255957 -0.113051
v -0.014917 0.265265 -0.101824
v -0.021759 0.252117 -0.085808
v -0.033196 0.323144 -0.038175
v -0.037088 0.302975 -0.035628
v -0.035298 0.326545 -0.023278
v -0.033209 0.352473 -0.045704
v -0.038213 0.299987 -0.024095
v -0.038040 0.315970 0.000006
v -0.001511 0.366214 -0.130948
v -0.004400 0.361502 -0.101263
v -0.016999 0.222500 -0.084648
v -0.027406 0.369487 -0.077178
v -0.017015 0.377877 -0.095305
v -0.038331 0.292949 -0.009005
v -0.014507 0.204406 -0.078925
v -0.000411 0.196758 -0.105941
v 0.000243 0.184987 -0.088626
v -0.003750 0.196576 -0.087805
v -0.038225 0.340748 -0.027109
v -0.041765 0.331636 -0.010775
v -0.043607 0.330336 -0.000832
v -0.002124 0.314063 -0.158160
v 0.000623 0.306713 -0.160553
v -0.035089 0.374043 -0.065331
v -0.033440 0.391771 -0.079241
v -0.038186 0.380800 -0.062511
v -0.036782 0.407431 -0.060440
v -0.033267 0.404396 -0.079190
v -0.044048 0.392112 -0.046842
v -0.046374 0.401282 -0.040893
v -0.037541 0.422991 -0.058275
v -0.053492 0.422403 -0.025263
v -0.032181 0.416430 -0.068081
v -0.051379 0.408766 -0.031811
v -0.054552 0.410110 -0.022463
v -0.001697 0.371489 -0.099923
v -0.051957 0.417618 -0.003474
v -0.043860 0.383938 -0.051843
v -0.054652 0.405895 -0.007989
v -0.040943 0.326029 0.011331
v -0.036938 0.310121 0.006509
v -0.035207 0.288343 0.004435
v -0.037689 0.368424 -0.055237
v -0.013774 0.169067 -0.071377
v -0.018572 0.178958 -0.067052
v -0.019812 0.154433 -0.056632
v -0.017583 0.136607 -0.068248
v -0.024263 0.130494 -0.048747
v -0.026460 0.115829 -0.048820
v -0.025318 0.104537 -0.063153
v -0.016557 0.119548 -0.078803
v -0.023800 0.094957 -0.071515
v -0.017063 0.096498 -0.084902
v -0.024997 0.074263 -0.074992
v -0.029597 0.099873 -0.051709
v -0.029156 0.080106 -0.069447
v -0.009793 0.149035 -0.078402
v -0.021035 0.077122 -0.089139
v -0.024343 0.064298 -0.080344
v -0.023528 0.047060 -0.084972
v -0.020669 0.057533 -0.093950
v -0.017608 0.074625 -0.115059
v -0.021691 0.040677 -0.086348
v -0.015488 0.096171 -0.098743
v -0.000971 0.160488 -0.087295
v -0.001455 0.141354 -0.090936
v -0.007355 0.127916 -0.086547
v -0.009264 0.098680 -0.108835
v -0.040012 0.433724 -0.041066
v -0.048359 0.430899 -0.002146
v -0.044726 0.125775 -0.030555
v -0.044173 0.441178 -0.021020
v -0.034018 0.080792 -0.061957
v -0.024453 0.424473 -0.071908
v -0.017672 0.066290 -0.106758
v -0.017870 0.392004 -0.091480
v -0.008485 0.088699 -0.116125
v -0.044423 0.331727 0.011893
v -0.041766 0.442055 0.001305
v -0.038480 0.353016 -0.039815
v -0.042608 0.435847 0.024500
v -0.044884 0.104947 -0.038982
v -0.055996 0.094448 -0.035175
v -0.052851 0.119224 -0.018841
v -0.051886 0.130354 -0.019126
v -0.060148 0.099597 -0.019945
v -0.042310 0.084043 -0.051800
v -0.000330 0.305669 -0.133632
v -0.033607 0.445047 -0.034117
v -0.050292 0.417004 0.001299
v -0.007244 0.079700 -0.115352
v 0.175789 0.051492 0.011098
v 0.184225 0.046359 0.018176
v 0.176814 0.049473 0.019175
v 0.126641 0.084810 -0.030990
v 0.138562 0.098350 -0.047135
v 0.140894 0.078924 -0.023533
v 0.126982 0.096684 -0.047910
v 0.131104 0.072333 -0.011541
v 0.123559 0.112805 -0.063572
v 0.109343 0.102134 -0.050507
v 0.110673 0.115243 -0.065151
v 0.139673 0.068922 -0.011370
v 0.141646 0.055812 0.001512
v 0.160928 0.060759 -0.003281
v 0.152222 0.054551 0.002342
v 0.147152 0.044197 0.013804
v 0.151121 0.074276 -0.014388
v 0.158950 0.050662 0.011737
v 0.169486 0.056340 0.004761
v 0.171718 0.046631 0.018916
v 0.155209 0.043595 0.018733
v 0.166773 0.032377 0.033098
v 0.179803 0.039599 0.027254
v 0.155411 0.035339 0.031588
v 0.139222 0.044181 0.022598
v 0.163855 0.025071 0.049315
v 0.168885 0.025369 0.046235
v 0.177812 0.030923 0.040362
v 0.181573 0.037837 0.036493
v 0.190990 0.029336 0.030814
v 0.196720 0.036443 0.025073
v 0.204576 0.023612 0.031106
v 0.165900 0.022743 0.066178
v 0.178913 0.028972 0.061987
v 0.179959 0.034493 0.049217
v 0.160749 0.019344 0.062058
v 0.159485 0.018092 0.086501
v 0.157829 0.017289 0.077180
v 0.152534 0.019088 0.074482
v 0.150853 0.010795 0.081142
v 0.239850 0.018562 0.037349
v 0.252441 0.014450 0.042633
v 0.253708 0.009205 0.043560
v 0.245654 0.008282 0.041400
v 0.253906 0.013672 0.042725
v 0.221066 0.028116 0.033625
v 0.222921 0.019424 0.033806
v 0.196720 0.036443 0.025073
v 0.228919 0.012142 0.036809
v 0.204576 0.023612 0.031106
v 0.206822 0.038866 0.030780
v 0.235590 0.007988 0.044610
v 0.209346 0.019447 0.034725
v 0.220426 0.015682 0.037458
v 0.112610 0.039959 0.088433
v 0.104286 0.034081 0.083744
v 0.110899 0.031859 0.084023
v 0.120456 0.041952 0.092571
v 0.111852 0.043591 0.085143
v 0.104286 0.034081 0.083744
v 0.112610 0.039959 0.088433
v 0.119318 0.044064 0.099716
v 0.119449 0.051158 0.087828
v -0.242638 0.115868 0.045645
v -0.251937 0.115532 0.049412
v -0.241248 0.111692 0.048540
v -0.252729 0.119561 0.044850
v -0.231482 0.112432 0.050134
v -0.232414 0.115018 0.042121
v -0.226767 0.111393 0.045861
v -0.220855 0.107766 0.040496
v -0.224657 0.107404 0.037180
v -0.209236 0.104927 0.014301
v -0.210766 0.104267 0.005793
v -0.210877 0.098436 0.027091
v -0.211353 0.095711 0.035512
v -0.206998 0.098921 0.016221
v -0.202194 0.095741 0.004715
v -0.207394 0.091109 0.044831
v -0.201689 0.080879 0.044658
v -0.202612 0.074282 0.051401
v -0.194901 0.062675 0.045277
v -0.209806 0.102053 -0.002270
v -0.201321 0.077378 0.040376
v -0.195336 0.049378 0.050889
v -0.215834 0.111994 -0.001094
v -0.218642 0.116362 -0.007556
v -0.222365 0.123218 -0.000663
v -0.195797 0.053001 0.042481
v -0.206410 0.089276 0.003041
v -0.219547 0.097794 0.045403
v -0.211249 0.080013 0.049656
v -0.204381 0.059302 0.056002
v -0.203654 0.051824 0.059968
v -0.229637 0.103828 0.047421
v -0.190046 0.044937 0.052598
v -0.188771 0.049127 0.044151
v -0.192249 0.052341 0.039264
v -0.194013 0.047095 0.061355
v -0.192139 0.045471 0.059021
v -0.189087 0.044922 0.055420
v -0.190552 0.042969 0.057129
v -0.220258 0.024921 0.088255
v -0.224787 0.020836 0.087343
v -0.216477 0.015415 0.089697
v -0.233448 0.024600 0.082974
v 0.038483 -0.272662 0.013426
v 0.049770 -0.274035 0.017729
v 0.040372 -0.274487 0.018037
v 0.038844 -0.274117 0.024382
v -0.126239 0.255211 -0.033276
v -0.119323 0.257313 -0.022319
v -0.126189 0.256057 -0.024777
v -0.049750 -0.416907 -0.013649
v -0.054666 -0.419387 -0.008435
v -0.046375 -0.418519 -0.006011
v -0.047042 -0.419482 -0.027156
v -0.056346 -0.424227 -0.024938
v -0.048336 -0.426341 -0.003550
v 0.118299 0.143002 -0.069278
v 0.110088 0.142159 -0.070471
v 0.122968 0.144261 -0.061647
v -0.061965 -0.181341 0.039725
v -0.060883 -0.183109 0.048775
v -0.056920 -0.186272 0.043129
v -0.067965 -0.181817 0.039724
v -0.028529 -0.185306 0.043764
v -0.021479 -0.184953 0.051202
v -0.017919 -0.185913 0.044087
v -0.058623 -0.185954 0.057827
v -0.027118 -0.187883 0.057798
v -0.051964 -0.185303 0.045029
v -0.014764 -0.193300 0.049928
v 0.261241 0.027934 0.076210
v 0.257254 0.018872 0.076599
v 0.258618 0.020748 0.070766
v 0.208138 0.012911 0.100662
v 0.203972 0.009956 0.111294
v 0.204751 0.005763 0.104018
v 0.210642 0.011765 0.091229
v 0.202718 0.000464 0.098650
v 0.203365 0.006540 0.119111
v 0.201847 0.008351 0.127194
v 0.207520 0.011269 0.084864
v 0.215395 0.014299 0.095098
v 0.218508 0.019120 0.085948
v 0.213211 0.010557 0.072442
v 0.219672 0.019758 0.068935
v 0.214730 0.019830 0.061656
v 0.210900 0.016422 0.060809
v 0.227378 0.020963 0.080627
v 0.232195 0.023411 0.060904
v 0.200882 0.002798 0.093636
v 0.231490 0.019436 0.068782
v 0.236803 0.025033 0.064063
v 0.247099 0.020660 0.068851
v 0.196059 -0.022388 0.157153
v 0.208854 -0.018181 0.146676
v 0.198259 -0.018604 0.156628
v 0.203106 -0.013977 0.150124
v 0.126009 0.236872 -0.038359
v 0.129119 0.235311 -0.041291
v 0.126945 0.227905 -0.041982
v 0.124300 0.222015 -0.039018
v 0.020861 0.062774 -0.101830
v 0.021988 0.049201 -0.094988
v 0.021794 0.047030 -0.089854
v 0.024571 0.033433 -0.096309
v 0.022029 0.035887 -0.086897
v 0.020017 0.048427 -0.078884
v 0.026529 0.027638 -0.092821
v 0.022167 0.052345 -0.080793
v 0.019133 0.063016 -0.076477
v -0.097237 0.288204 -0.074460
v -0.088626 0.287692 -0.072384
v -0.092531 0.286876 -0.067635
v -0.083602 0.293033 -0.068631
v -0.085491 0.289725 -0.058933
v -0.090936 0.285529 -0.061091
v -0.085509 0.293151 -0.073733
v -0.103574 0.285005 -0.059965
v -0.103288 0.282258 -0.071997
v -0.109996 0.279540 -0.058343
v -0.110517 0.277915 -0.072666
v -0.085069 0.302900 -0.055419
v -0.084091 0.294477 -0.049425
v -0.111369 0.281852 -0.072939
v -0.103288 0.282258 -0.071997
v -0.110517 0.277915 -0.072666
v -0.120955 0.265262 -0.072263
v -0.097237 0.288204 -0.074460
v -0.085509 0.293151 -0.073733
v -0.093545 0.292869 -0.073863
v -0.088626 0.287692 -0.072384
v -0.086688 0.303237 -0.065404
v 0.007404 -0.220849 -0.015003
v 0.011191 -0.222987 -0.015691
v 0.003848 -0.224460 -0.014113
v 0.010131 -0.209400 -0.018167
v 0.148124 0.064590 0.039167
v 0.153539 0.064083 0.045367
v 0.154652 0.058056 0.050797
v 0.150462 0.059970 0.040385
v -0.176151 -0.034990 0.120025
v -0.179055 -0.032842 0.132785
v -0.181935 -0.034183 0.129154
v -0.180117 -0.034615 0.118574
v -0.179104 -0.027944 0.104224
v -0.187581 -0.023926 0.135514
v -0.182924 -0.025050 0.125047
v -0.182189 -0.023746 0.104715
v -0.189015 -0.023622 0.131444
v -0.028018 -0.246152 -0.062859
v -0.021364 -0.239926 -0.052475
v -0.021089 -0.244050 -0.056796
v -0.031867 -0.239735 -0.059856
v -0.029947 -0.219105 -0.049628
v -0.044827 -0.211145 -0.052883
v -0.020352 -0.224369 -0.040854
v -0.020126 -0.263059 -0.059677
v -0.028443 -0.207758 -0.046905
v -0.030855 -0.256272 -0.065483
v -0.016520 -0.209157 -0.033912
v -0.034542 -0.269283 -0.068337
v -0.024728 -0.294287 -0.061502
v -0.011632 -0.288393 -0.049559
v -0.013286 -0.252583 -0.045956
v -0.011663 -0.315615 -0.046312
v -0.015589 -0.337860 -0.047744
v -0.015247 -0.241971 -0.032978
v -0.011971 -0.232085 -0.016506
v -0.010206 -0.208882 -0.017926
v -0.006227 -0.322179 -0.028963
v -0.007740 -0.280058 -0.029410
v -0.010192 -0.334783 -0.035798
v -0.011708 -0.251968 -0.034127
v -0.014319 -0.247195 -0.023003
v -0.011358 -0.226864 -0.012057
v -0.018024 -0.256036 -0.012883
v -0.011599 -0.337172 -0.027227
v -0.012376 -0.354618 -0.033453
v -0.012893 -0.376176 -0.026352
v -0.011194 -0.414139 -0.030557
v -0.017542 -0.358667 -0.010482
v -0.016889 -0.321573 -0.008529
v -0.014164 -0.393918 -0.009885
v -0.009712 -0.421635 -0.021696
v -0.019337 -0.394414 0.002602
v -0.009891 -0.423745 -0.002876
v -0.014582 -0.404109 0.003768
v -0.011930 -0.425945 0.004411
v -0.007992 -0.446450 -0.001708
v -0.009232 -0.455096 0.014374
v -0.008775 -0.445285 -0.024140
v -0.007998 -0.448812 -0.017049
v -0.008648 -0.450818 -0.001213
v -0.006381 -0.466654 0.006309
v -0.008302 -0.476916 0.038512
v -0.007399 -0.485815 0.005218
v -0.008110 -0.481189 0.048708
v -0.007867 -0.499815 0.033317
v -0.006867 -0.500315 0.065945
v -0.007723 -0.487830 0.078073
v -0.007696 -0.499918 0.000455
v -0.006449 -0.470266 -0.004534
v -0.009699 -0.498926 -0.019028
v -0.006985 -0.469709 -0.023598
v -0.010404 -0.500154 0.088991
v -0.008892 -0.460333 -0.018128
v -0.007682 -0.466737 -0.016025
v -0.012807 -0.453610 -0.002732
v -0.009873 -0.461085 0.001480
v -0.014141 -0.499835 -0.035600
v -0.013017 -0.480422 -0.042315
v -0.017134 -0.489888 0.101726
v -0.019404 -0.434718 0.028148
v -0.014220 -0.462948 0.031476
v -0.020576 -0.417007 0.020268
v -0.014323 -0.387848 -0.038086
v -0.016492 -0.339921 -0.045153
v -0.017285 -0.499869 0.102555
v -0.018599 -0.422550 -0.041906
v -0.020492 -0.454883 0.039210
v -0.018565 -0.473131 0.049658
v -0.012009 -0.318381 -0.013196
v -0.017504 -0.265543 -0.007596
v -0.016845 -0.460023 -0.041429
v -0.015336 -0.476600 -0.049400
v -0.019792 -0.417198 -0.045780
v -0.025314 -0.286331 0.005449
v -0.022799 -0.276035 0.001097
v -0.023147 -0.366902 0.000389
v -0.025125 -0.332519 0.001554
v -0.023311 -0.371109 -0.051747
v -0.014934 -0.452283 -0.013734
v -0.027500 -0.338126 -0.057357
v -0.018790 -0.417846 0.009771
v -0.018278 -0.483018 0.086463
v 0.131215 0.047061 0.088313
v 0.135708 0.046933 0.093660
v 0.138704 0.040671 0.094599
v 0.142541 0.046012 0.095433
v 0.142584 0.042174 0.092014
v 0.145056 0.034071 0.092652
v 0.071268 0.500311 0.004575
v 0.071591 0.494854 0.009982
v 0.071557 0.493804 0.003200
v 0.001682 -0.180531 -0.011243
v 0.000098 -0.182262 -0.012167
v 0.001123 -0.201034 -0.008899
v 0.004723 -0.183167 -0.006420
v 0.010570 -0.207757 0.002937
v 0.003730 -0.159427 -0.010008
v 0.012974 -0.189491 0.010215
v 0.009243 -0.174210 0.005895
v 0.013847 -0.147342 0.020927
v 0.008081 -0.128989 0.009599
v 0.012474 -0.116591 0.021851
v 0.005770 -0.088309 0.006892
v 0.002481 -0.110061 -0.008356
v 0.013859 -0.072150 0.022300
v 0.007814 -0.046694 0.004482
v 0.003567 -0.051315 -0.005374
v 0.018478 -0.034858 0.019502
v 0.019526 -0.119345 0.031468
v 0.020600 -0.061924 0.029454
v 0.008434 -0.219612 -0.004724
v 0.015823 -0.215881 0.008170
v 0.002145 -0.074463 -0.017702
v 0.001266 -0.053428 -0.017163
v 0.023419 -0.135460 0.033614
v 0.024656 -0.103941 0.036071
v 0.021223 -0.186565 0.020595
v 0.025215 -0.165735 0.029397
v 0.027530 -0.034692 0.029841
v 0.014371 -0.207829 0.005442
v 0.025270 -0.208421 0.019808
v 0.029135 -0.059493 0.036322
v 0.036305 -0.202802 0.029045
v 0.031770 -0.179880 0.028433
v 0.034236 -0.113515 0.041739
v 0.040581 -0.090880 0.044056
v 0.034138 -0.141969 0.038784
v 0.041476 -0.031306 0.037460
v 0.040045 -0.050967 0.040976
v 0.028884 -0.030643 0.027832
v 0.027865 -0.013645 0.031575
v -0.000113 -0.219481 -0.008923
v 0.035330 -0.163539 0.034739
v 0.013578 -0.224241 -0.003654
v 0.004506 -0.119450 -0.020755
v 0.047240 -0.023549 0.035069
v 0.006486 -0.090559 -0.035970
v 0.005042 -0.056214 -0.030915
v 0.007272 -0.165042 -0.021260
v 0.000754 -0.049541 -0.031181
v 0.012909 -0.137618 -0.037964
v -0.000385 -0.042674 -0.045095
v 0.013812 -0.181798 -0.032931
v 0.005516 -0.189856 -0.014220
v 0.012788 -0.057641 -0.045753
v 0.010490 -0.090749 -0.044709
v 0.016332 -0.114046 -0.047629
v 0.013265 -0.047018 -0.066078
v 0.000224 -0.033487 -0.063888
v -0.236277 0.033570 0.069663
v -0.233477 0.028761 0.059903
v -0.235702 0.027861 0.065498
v -0.243323 0.030149 0.072675
v -0.237755 0.021226 0.063816
v -0.245763 0.020777 0.069307
v -0.256435 0.021516 0.069923
v -0.262125 0.027096 0.073771
v -0.263930 0.020487 0.075300
v -0.215492 -0.021486 0.105046
v -0.210901 -0.023090 0.099129
v -0.221431 -0.022026 0.118511
v -0.212297 0.004361 0.075141
v -0.213075 0.005141 0.061900
v -0.209595 0.004551 0.072021
v -0.206623 0.008654 0.064626
v -0.199877 0.009794 0.056291
v -0.193464 0.014678 0.057570
v -0.190591 0.023403 0.043932
v -0.187178 0.028515 0.050499
v -0.191820 0.027547 0.060138
v -0.197659 0.022870 0.065601
v -0.178400 0.029467 0.044871
v -0.182070 0.032684 0.049610
v -0.186793 0.029801 0.063050
v -0.204254 0.021041 0.067436
v -0.253130 0.013211 0.042548
v -0.254225 0.004717 0.040432
v -0.254231 0.006090 0.045190
v -0.038186 0.380800 -0.062511
v -0.035089 0.374043 -0.065331
v -0.040042 0.373611 -0.064870
v -0.175781 0.068134 0.021073
v -0.185685 0.057234 0.035801
v -0.172620 0.073746 0.016215
v 0.128065 0.234956 -0.032965
v 0.126009 0.236872 -0.038359
v 0.124736 0.230181 -0.034351
v 0.126865 0.223891 -0.025650
v -0.224841 0.012763 0.044341
v -0.230967 0.014596 0.042495
v -0.232279 0.010299 0.039388
v 0.050914 -0.418550 -0.014143
v 0.047250 -0.418510 -0.008553
v 0.053915 -0.419504 -0.010347
v 0.048930 -0.418946 -0.027553
v 0.056070 -0.425781 -0.026505
v 0.138704 0.040671 0.094599
v 0.149730 0.024601 0.089442
v 0.145056 0.034071 0.092652
v 0.012305 0.327717 0.075805
v 0.000233 0.329405 0.083540
v 0.008337 0.328241 0.080460
v 0.175619 -0.018645 0.105736
v 0.181333 -0.021505 0.106684
v 0.173711 -0.021814 0.106220
v -0.221356 0.009774 0.104805
v -0.218758 0.006999 0.130336
v -0.220647 0.009533 0.114940
v 0.126547 0.223997 -0.036609
v 0.124736 0.230181 -0.034351
v 0.124300 0.222015 -0.039018
v 0.051024 0.416020 -0.005680
v 0.048860 0.414324 0.002757
v 0.052697 0.415830 -0.002448
v -0.056699 0.488975 0.001317
v -0.058314 0.487160 0.005692
v -0.054186 0.487438 0.006160
v 0.000056 0.130148 -0.118360
v 0.000093 0.123444 -0.133319
v -0.001172 0.134810 -0.107947
v -0.189458 0.047635 0.061591
v -0.189087 0.044922 0.055420
v -0.190552 0.042969 0.057129
v -0.219011 0.036909 0.049941
v -0.212827 0.040559 0.045360
v -0.217773 0.037567 0.046539
v -0.217773 0.036713 0.043884
v -0.219238 0.038116 0.045166
v -0.192139 0.045471 0.059021
v -0.194013 0.047095 0.061355
v -0.189458 0.047635 0.061591
v -0.190552 0.042969 0.057129
v -0.189458 0.047635 0.061591
v -0.190046 0.044937 0.052598
v -0.189087 0.044922 0.055420
v -0.212297 0.004361 0.075141
v -0.209595 0.004551 0.072021
v -0.211426 0.002935 0.073730
v 0.253708 0.009205 0.043560
v 0.253906 0.013672 0.042725
v 0.253418 0.012054 0.043549
v 0.252339 0.015481 0.044243
v 0.240987 0.018717 0.053666
v 0.232195 0.023411 0.060904
v 0.223520 0.015767 0.058185
v 0.233775 0.010719 0.053159
v 0.214730 0.019830 0.061656
v 0.215530 0.011683 0.057659
v 0.210900 0.016422 0.060809
v -0.032336 0.201730 0.088577
v -0.035316 0.190023 0.083092
v -0.013384 0.189567 0.079688
v -0.015503 0.185363 0.077829
v -0.000834 0.191442 0.079996
v 0.033384 0.189343 0.082617
v 0.010225 0.188855 0.078757
v 0.031106 0.181102 0.072885
v 0.022290 0.199587 0.086002
v 0.033207 0.207351 0.089196
v 0.165900 0.022743 0.066178
v 0.169480 0.032135 0.072856
v 0.159485 0.018092 0.086501
v 0.178913 0.028972 0.061987
v -0.048336 -0.426341 -0.003550
v -0.053770 -0.448559 -0.007754
v -0.045952 -0.454601 -0.006826
v -0.056346 -0.424227 -0.024938
v -0.047042 -0.419482 -0.027156
v -0.055553 -0.442772 -0.025197
v 0.018856 0.298683 0.033124
v 0.010323 0.285452 0.034620
v 0.015121 0.276381 0.035445
v 0.012686 0.268710 0.033975
v 0.096423 -0.113130 0.002338
v 0.092514 -0.124881 -0.001928
v 0.102857 -0.125033 -0.001856
v 0.142541 0.046012 0.095433
v 0.142427 0.037558 0.102669
v 0.145056 0.034071 0.092652
v 0.141072 0.041908 0.106658
v -0.086688 0.303237 -0.065404
v -0.085069 0.302900 -0.055419
v -0.083602 0.293033 -0.068631
v -0.085509 0.293151 -0.073733
v -0.055553 -0.442772 -0.025197
v -0.045316 -0.450184 -0.028266
v -0.051374 -0.455940 -0.027506
v 0.114210 0.268769 -0.001007
v 0.119430 0.258167 -0.008379
v 0.124077 0.259627 -0.007328
v 0.126138 0.246770 -0.010567
v 0.202694 -0.013973 0.100353
v 0.194179 -0.015241 0.099774
v 0.180564 -0.014716 0.106497
v -0.034501 -0.246290 0.017904
v -0.028850 -0.248561 0.022232
v -0.033727 -0.255435 0.023583
v -0.235349 0.019091 0.035578
v -0.231440 0.011216 0.033219
v -0.232279 0.010299 0.039388
v -0.144052 -0.022082 0.067478
v -0.145978 -0.028847 0.083530
v -0.146369 -0.027323 0.077035
v 0.148674 0.057930 0.072847
v 0.146716 0.058017 0.071089
v 0.148755 0.050834 0.076156
v 0.188110 0.071289 0.021744
v 0.186890 0.071167 0.020355
v 0.188367 0.068407 0.025748
v 0.074064 -0.226358 -0.004865
v 0.075602 -0.246278 -0.012683
v 0.077083 -0.234107 -0.022089
v 0.071694 -0.249437 -0.001715
v 0.068305 -0.227296 0.009141
v 0.068887 -0.222271 0.006055
v 0.083448 -0.254479 -0.021526
v 0.082418 -0.237027 -0.024073
v 0.058747 -0.213748 0.019947
v 0.057807 -0.216735 0.022479
v 0.059506 -0.253095 0.017040
v 0.068211 -0.259816 0.001629
v 0.056467 -0.263694 0.016263
v 0.079637 -0.261676 -0.012188
v 0.066616 -0.281121 0.001886
v 0.073653 -0.213954 0.005344
v 0.067460 -0.191838 0.018859
v 0.075622 -0.204132 0.003313
v 0.076503 -0.176249 0.001448
v 0.066249 -0.174370 0.021387
v 0.057559 -0.170207 0.028435
v 0.082579 -0.182699 -0.018344
v 0.079872 -0.177676 -0.019747
v 0.084532 -0.154483 -0.006440
v 0.085036 -0.153625 -0.019479
v 0.092316 -0.125834 -0.017266
v 0.085786 -0.130713 -0.029628
v 0.084004 -0.194253 -0.022358
v 0.072541 -0.155755 -0.041050
v 0.079005 -0.120833 -0.043127
v 0.092514 -0.124881 -0.001928
v 0.069669 -0.168647 0.023438
v 0.061985 -0.165706 0.032453
v 0.071297 -0.139549 0.032971
v 0.085615 -0.119187 0.021385
v 0.076484 -0.110110 0.035386
v 0.093113 -0.078721 0.024616
v 0.097257 -0.104585 0.007850
v 0.104902 -0.077062 0.008350
v 0.113024 -0.050888 0.004103
v 0.110997 -0.077522 0.002570
v 0.097159 -0.046514 0.023341
v 0.108927 -0.015747 0.005085
v 0.100551 -0.021904 0.016334
v 0.090683 -0.007831 0.022544
v 0.095671 0.004205 0.013442
v 0.099863 0.019416 0.004403
v 0.106419 -0.101292 0.001931
v 0.070654 -0.183357 -0.037141
v 0.058145 -0.238138 0.019166
v 0.056175 -0.214544 0.029231
v 0.075141 -0.219937 0.001483
v 0.076456 -0.227723 -0.020700
v 0.060563 -0.274247 0.001371
v 0.083063 -0.216779 -0.022433
v 0.077515 -0.169596 0.006001
v 0.083129 -0.262321 -0.037066
v 0.081458 -0.237425 -0.037838
v 0.080375 -0.264350 -0.051931
v 0.078678 -0.287861 -0.051649
v 0.068660 -0.281654 -0.064163
v 0.075005 -0.307989 -0.050704
v 0.074143 -0.256475 -0.059731
v 0.076755 -0.308139 -0.021969
v 0.069603 -0.332582 -0.045812
v 0.069881 -0.325742 -0.018329
v 0.074748 -0.235837 -0.035458
v 0.070390 -0.209532 -0.040391
v 0.072215 -0.235126 -0.043675
v 0.089462 -0.115902 -0.031674
v 0.078631 -0.236058 -0.047068
v 0.068816 -0.304787 -0.007667
v 0.061386 -0.333224 -0.008480
v 0.051784 -0.321146 0.003537
v 0.057639 -0.287195 0.006589
v 0.060486 -0.357179 -0.014715
v 0.061186 -0.354907 -0.021361
v 0.054098 -0.382536 -0.020389
v 0.052182 -0.396742 -0.014073
v 0.059989 -0.360665 -0.042352
v 0.044969 -0.395652 -0.002491
v 0.052866 -0.386356 -0.038483
v 0.045722 -0.367089 -0.000247
v 0.067724 -0.334313 -0.030810
v 0.050914 -0.418550 -0.014143
v 0.047250 -0.418510 -0.008553
v 0.041515 -0.416816 0.004000
v 0.042730 -0.424781 0.005427
v 0.036620 -0.414633 0.012056
v 0.033537 -0.412887 0.020255
v 0.041718 -0.422036 0.013039
v 0.044613 -0.459667 0.021952
v 0.043158 -0.446950 0.008086
v 0.044832 -0.447346 -0.000563
v 0.039231 -0.432903 0.024124
v 0.048801 -0.467582 0.006875
v 0.050674 -0.475791 0.023161
v 0.045571 -0.473505 0.042810
v 0.054521 -0.487618 0.049837
v 0.049444 -0.500030 0.015459
v 0.045430 -0.499950 -0.005164
v 0.042094 -0.499796 -0.023716
v 0.042733 -0.396252 0.009505
v 0.047190 -0.457115 -0.009104
v 0.046012 -0.424768 -0.001247
v 0.053503 -0.500024 0.038687
v 0.048930 -0.418946 -0.027553
v 0.089185 -0.099456 -0.037649
v 0.082966 -0.276695 -0.018750
v 0.066314 -0.336538 -0.047732
v 0.045043 -0.465566 -0.028012
v 0.052426 -0.457316 -0.027096
v 0.050455 -0.462439 -0.032982
v 0.045581 -0.469619 -0.036734
v 0.043632 -0.478868 -0.035343
v 0.037026 -0.476465 -0.049784
v 0.052640 -0.449841 -0.008305
v 0.054599 -0.445283 -0.026177
v 0.040495 -0.490996 -0.029568
v 0.068071 -0.242570 -0.061900
v 0.057640 -0.227803 0.024959
v 0.066451 -0.240330 0.025641
v 0.096423 -0.113130 0.002338
v 0.048009 -0.418423 -0.034500
v 0.044521 -0.423318 -0.032315
v 0.045022 -0.432679 -0.028835
v 0.037357 -0.423331 -0.042410
v 0.036711 -0.434778 -0.042513
v 0.053997 -0.500007 0.064762
v 0.051876 -0.490830 0.079218
v 0.049775 -0.500489 0.086111
v 0.042603 -0.490057 0.095973
v 0.034832 -0.500259 0.102591
v 0.062755 -0.250987 0.021241
v 0.059206 -0.247567 0.042614
v 0.068264 -0.233545 0.028906
v 0.059238 -0.227648 0.058408
v 0.070050 -0.212629 0.033679
v 0.067660 -0.200177 0.040980
v 0.064517 -0.198316 0.037153
v 0.057543 -0.199209 0.060122
v 0.058502 -0.185899 0.057479
v 0.062209 -0.182542 0.046713
v 0.066393 -0.181532 0.039983
v 0.053241 -0.445246 -0.005768
v 0.032985 -0.442629 0.036137
v 0.043126 -0.456103 0.033054
v 0.041010 -0.393506 0.002226
v 0.057818 -0.267266 0.024063
v 0.036668 -0.499906 -0.036348
v 0.079598 -0.223539 -0.012291
v 0.048745 -0.281789 0.011026
v 0.045920 -0.287507 0.006532
v 0.049770 -0.274035 0.017729
v 0.085271 -0.144538 0.006562
v 0.052689 -0.424945 -0.006091
v 0.034105 -0.473266 0.054115
v 0.053915 -0.419504 -0.010347
v 0.056070 -0.425781 -0.026505
v 0.082966 -0.276695 -0.018750
v 0.066616 -0.281121 0.001886
v 0.068816 -0.304787 -0.007667
v 0.057639 -0.287195 0.006589
v 0.083063 -0.216779 -0.022433
v 0.079598 -0.223539 -0.012291
v 0.076456 -0.227723 -0.020700
v 0.085615 -0.119187 0.021385
v 0.069669 -0.168647 0.023438
v 0.085271 -0.144538 0.006562
v 0.097257 -0.104585 0.007850
v 0.092514 -0.124881 -0.001928
v 0.084532 -0.154483 -0.006440
v 0.096423 -0.113130 0.002338
v 0.075558 -0.209389 -0.024950
v 0.076456 -0.227723 -0.020700
v 0.070390 -0.209532 -0.040391
v 0.070654 -0.183357 -0.037141
v 0.079872 -0.177676 -0.019747
v 0.076397 -0.192395 -0.024550
v 0.068484 -0.207015 -0.036788
v 0.075558 -0.209389 -0.024950
v 0.056070 -0.425781 -0.026505
v 0.053241 -0.445246 -0.005768
v 0.054599 -0.445283 -0.026177
v 0.056467 -0.263694 0.016263
v 0.057818 -0.267266 0.024063
v 0.049770 -0.274035 0.017729
v 0.044521 -0.423318 -0.032315
v 0.045022 -0.432679 -0.028835
v 0.044385 -0.451232 -0.029277
v 0.036711 -0.434778 -0.042513
v 0.036260 -0.460162 -0.042231
v 0.106419 -0.101292 0.001931
v 0.096423 -0.113130 0.002338
v 0.102857 -0.125033 -0.001856
v 0.030573 -0.297128 -0.064801
v 0.049584 -0.299249 -0.066942
v 0.032114 -0.330911 -0.059431
v 0.048857 -0.339086 -0.058308
v 0.058147 -0.307201 -0.064409
v 0.053015 -0.273802 -0.070421
v 0.026674 -0.339577 -0.055931
v 0.054667 -0.336473 -0.057738
v 0.066314 -0.336538 -0.047732
v 0.059989 -0.360665 -0.042352
v 0.044594 -0.361107 -0.054491
v 0.052866 -0.386356 -0.038483
v 0.064981 -0.312699 -0.058381
v 0.039704 -0.389475 -0.050183
v 0.037026 -0.418465 -0.046046
v 0.048009 -0.418423 -0.034500
v 0.037357 -0.423331 -0.042410
v 0.020150 -0.417024 -0.045597
v 0.017753 -0.336319 -0.050152
v 0.018101 -0.339063 -0.048049
v 0.022004 -0.273901 -0.060731
v 0.011904 -0.296957 -0.048242
v 0.012851 -0.269454 -0.049771
v 0.024843 -0.246787 -0.061220
v 0.029541 -0.254039 -0.064325
v 0.031803 -0.268540 -0.067460
v 0.022840 -0.369007 -0.051650
v 0.020603 -0.425318 -0.041257
v 0.036711 -0.434778 -0.042513
v 0.036260 -0.460162 -0.042231
v 0.015701 -0.460356 -0.040308
v 0.014631 -0.477274 -0.048355
v 0.037026 -0.476465 -0.049784
v 0.050455 -0.462439 -0.032982
v 0.044385 -0.451232 -0.029277
v 0.036668 -0.499906 -0.036348
v 0.013356 -0.499593 -0.034872
v 0.052426 -0.457316 -0.027096
v 0.054599 -0.445283 -0.026177
v 0.045022 -0.432679 -0.028835
v 0.069603 -0.332582 -0.045812
v 0.075005 -0.307989 -0.050704
v 0.022071 -0.389874 -0.049381
v 0.068660 -0.281654 -0.064163
v 0.063502 -0.261767 -0.068192
v 0.074143 -0.256475 -0.059731
v 0.068071 -0.242570 -0.061900
v 0.045022 -0.432679 -0.028835
v 0.056070 -0.425781 -0.026505
v 0.054599 -0.445283 -0.026177
v 0.048930 -0.418946 -0.027553
v 0.039773 0.248597 0.049207
v 0.045012 0.248947 0.046543
v 0.037935 0.250701 0.045052
v 0.045733 0.247615 0.053918
v 0.028633 0.248018 0.051696
v 0.031647 0.237763 0.072790
v 0.048020 0.239828 0.067472
v 0.015309 0.243714 0.053735
v 0.024397 0.253937 0.039653
v 0.014871 0.262230 0.037339
v 0.035014 0.260492 0.028146
v 0.044496 0.233066 0.076571
v 0.057747 0.230487 0.071289
v 0.045014 0.216449 0.086075
v 0.058633 0.213633 0.078638
v 0.020215 0.234263 0.070701
v 0.009048 0.227489 0.067313
v 0.044157 0.265491 0.017683
v 0.035638 0.279640 0.007012
v 0.068852 0.284184 0.000522
v 0.037883 0.292492 -0.007810
v 0.071989 0.290722 -0.008759
v 0.038108 0.300020 -0.022809
v 0.057522 0.243554 0.053985
v 0.002558 0.246045 0.054137
v 0.032785 0.248980 0.045541
v 0.056388 0.262841 0.016506
v 0.062072 0.297638 -0.024175
v 0.065802 0.299534 -0.037716
v 0.036933 0.303090 -0.035844
v 0.033536 0.221761 0.086313
v 0.026211 0.276532 0.018161
v 0.078764 0.290057 -0.010904
v 0.081386 0.284344 -0.003390
v 0.018631 0.272087 0.025764
v 0.012686 0.268710 0.033975
v 0.050581 0.252350 0.041840
v 0.080272 0.270761 0.003689
v 0.087742 0.291885 -0.030481
v 0.084185 0.290079 -0.017426
v 0.067913 0.259326 0.012465
v 0.070273 0.233777 0.051522
v 0.018517 0.222014 0.081287
v 0.000779 0.265447 0.039209
v 0.010323 0.285452 0.034620
v -0.008032 0.225098 0.069510
v -0.013024 0.237289 0.061385
v -0.019844 0.222683 0.081614
v -0.023628 0.237835 0.069122
v -0.032788 0.223651 0.085635
v -0.033516 0.239255 0.071935
v -0.035421 0.249397 0.053770
v -0.019574 0.206428 0.086278
v -0.032336 0.201730 0.088577
v -0.045070 0.207124 0.087050
v -0.047802 0.223708 0.082868
v -0.057163 0.221148 0.078115
v -0.058285 0.234083 0.067630
v -0.069087 0.223016 0.064175
v -0.072548 0.234732 0.049190
v -0.013384 0.189567 0.079688
v -0.064957 0.241584 0.051718
v -0.045784 0.239962 0.069538
v -0.076787 0.238461 0.037497
v -0.068297 0.250359 0.035895
v -0.074171 0.255372 0.007627
v -0.067889 0.260096 0.013063
v -0.061084 0.254544 0.034353
v -0.051548 0.264296 0.015404
v -0.037401 0.263917 0.023190
v -0.040108 0.271274 0.011129
v -0.044369 0.257328 0.037252
v -0.027789 0.257546 0.036630
v -0.037560 0.281636 0.004216
v -0.066902 0.285120 -0.000030
v -0.038331 0.292949 -0.009005
v -0.061208 0.293110 -0.009923
v -0.038213 0.299987 -0.024095
v -0.062342 0.300267 -0.033955
v -0.037088 0.302975 -0.035628
v -0.033744 0.303456 -0.049027
v -0.063723 0.298678 -0.050210
v -0.085826 0.295782 -0.034902
v -0.084799 0.294484 -0.020248
v -0.090390 0.298576 -0.024650
v -0.084091 0.294477 -0.049425
v -0.027205 0.270242 0.021644
v -0.021269 0.268675 0.028517
v -0.077382 0.292786 -0.008866
v -0.088359 0.298451 -0.010253
v -0.086563 0.296062 -0.005128
v -0.082584 0.282934 -0.001862
v -0.094406 0.302128 -0.022949
v -0.089048 0.296412 -0.046661
v -0.088552 0.303837 -0.050302
v -0.085069 0.302900 -0.055419
v -0.005678 0.206286 0.076203
v 0.066615 0.243760 0.047187
v 0.065398 0.251497 0.036161
v 0.077310 0.239319 0.034762
v -0.015066 0.247245 0.051171
v 0.033207 0.207351 0.089196
v 0.045211 0.202499 0.085893
v 0.005386 0.211394 0.074262
v -0.000834 0.191442 0.079996
v 0.010225 0.188855 0.078757
v -0.000115 0.175220 0.096099
v 0.017469 0.180037 0.080354
v 0.031106 0.181102 0.072885
v 0.016674 0.167728 0.088870
v -0.008005 0.173245 0.093537
v -0.009525 0.266080 0.035887
v 0.074457 0.255029 0.008566
v 0.020212 0.208872 0.086162
v -0.050855 0.248330 0.052433
v 0.037935 0.250701 0.045052
v 0.024397 0.253937 0.039653
v 0.032785 0.248980 0.045541
v 0.050581 0.252350 0.041840
v -0.009525 0.266080 0.035887
v -0.021269 0.268675 0.028517
v -0.015066 0.247245 0.051171
v -0.013558 0.271024 0.029872
v -0.027789 0.257546 0.036630
v -0.035421 0.249397 0.053770
v -0.015066 0.247245 0.051171
v -0.044369 0.257328 0.037252
v -0.050855 0.248330 0.052433
v -0.000834 0.191442 0.079996
v -0.015503 0.185363 0.077829
v -0.008005 0.173245 0.093537
v -0.021019 0.165198 0.085379
v -0.023662 0.170157 0.079967
v -0.031328 0.180696 0.072409
v 0.020212 0.208872 0.086162
v 0.022290 0.199587 0.086002
v 0.033207 0.207351 0.089196
v 0.010225 0.188855 0.078757
v 0.042461 -0.206030 0.039908
v 0.053736 -0.191563 0.040272
v 0.057535 -0.213822 0.035412
v 0.047257 -0.188732 0.044135
v 0.035128 -0.209211 0.041438
v 0.035272 -0.213526 0.036172
v 0.064517 -0.198316 0.037153
v 0.066393 -0.181532 0.039983
v 0.029817 -0.185864 0.045127
v 0.021967 -0.197010 0.040808
v 0.062400 -0.214303 0.030931
v 0.070050 -0.212629 0.033679
v 0.068264 -0.233545 0.028906
v 0.057640 -0.227803 0.024959
v 0.047164 -0.212326 0.035545
v 0.050526 -0.183914 0.047329
v 0.066451 -0.240330 0.025641
v 0.019082 -0.185575 0.043225
v 0.017384 -0.201797 0.042703
v 0.015151 -0.191975 0.049025
v 0.026761 -0.210423 0.036378
v 0.056175 -0.214544 0.029231
v 0.017374 -0.216372 0.040116
v 0.027236 -0.217886 0.031987
v 0.030809 -0.232717 0.023122
v 0.023169 -0.237827 0.028186
v 0.032931 -0.241859 0.019056
v 0.026989 -0.250627 0.021094
v 0.028292 -0.212284 0.025048
v 0.026761 -0.210423 0.036378
v 0.035272 -0.213526 0.036172
v 0.120456 0.041952 0.092571
v 0.138704 0.040671 0.094599
v 0.140893 0.037168 0.115202
v 0.131215 0.047061 0.088313
v 0.119318 0.044064 0.099716
v 0.142427 0.037558 0.102669
v 0.119593 0.041424 0.087493
v 0.110899 0.031859 0.084023
v 0.145056 0.034071 0.092652
v 0.136041 0.040613 0.115275
v 0.142906 0.039723 0.119867
v 0.112610 0.039959 0.088433
v 0.120456 0.041952 0.092571
v 0.119318 0.044064 0.099716
v -0.225869 0.020306 0.067357
v -0.233264 0.005544 0.055496
v -0.223276 0.008669 0.065307
v -0.236698 0.016048 0.058602
v -0.245129 0.009911 0.050581
v -0.218719 0.005211 0.059216
v -0.213075 0.005141 0.061900
v -0.229012 0.002026 0.054634
v -0.237755 0.021226 0.063816
v -0.215852 0.019925 0.072994
v -0.241011 0.004812 0.045664
v -0.253130 0.013211 0.042548
v -0.216127 0.009423 0.069312
v -0.239972 0.017857 0.052790
v -0.254231 0.006090 0.045190
v -0.211474 0.016225 0.077437
v -0.212297 0.004361 0.075141
v -0.254225 0.004717 0.040432
v -0.207361 0.007101 0.077341
v -0.206466 0.016749 0.075305
v -0.209961 0.005226 0.075867
v -0.211426 0.002928 0.074036
v -0.211426 0.002935 0.073730
v 0.061642 -0.220357 -0.050452
v 0.072215 -0.235126 -0.043675
v 0.067803 -0.238727 -0.052996
v 0.057403 -0.239235 -0.060215
v 0.064109 -0.246575 -0.058938
v 0.059456 -0.260724 -0.064428
v 0.063502 -0.261767 -0.068192
v 0.051996 -0.269499 -0.067431
v 0.053015 -0.273802 -0.070421
v 0.070390 -0.209532 -0.040391
v 0.060696 -0.206901 -0.049175
v 0.046879 -0.219444 -0.054000
v 0.041197 -0.207087 -0.051653
v 0.048410 -0.243302 -0.064041
v 0.051219 -0.203608 -0.047103
v 0.032383 -0.204947 -0.044516
v 0.024270 -0.208178 -0.043463
v 0.015395 -0.209059 -0.031915
v 0.023934 -0.221238 -0.045040
v 0.031803 -0.268540 -0.067460
v 0.034935 -0.175497 -0.047820
v 0.046682 -0.163107 -0.051683
v 0.057873 -0.185413 -0.046125
v 0.025265 -0.176447 -0.042662
v 0.013812 -0.181798 -0.032931
v 0.058858 -0.144676 -0.052877
v 0.072541 -0.155755 -0.041050
v 0.070654 -0.183357 -0.037141
v 0.058722 -0.115403 -0.057627
v 0.070760 -0.121815 -0.050309
v 0.048291 -0.112539 -0.059621
v 0.034178 -0.133005 -0.054123
v 0.012909 -0.137618 -0.037964
v 0.079005 -0.120833 -0.043127
v 0.078942 -0.091650 -0.049346
v 0.089185 -0.099456 -0.037649
v 0.090399 -0.084864 -0.039787
v 0.093614 -0.059551 -0.042025
v 0.086937 -0.053289 -0.048184
v 0.075386 -0.057210 -0.053458
v 0.095655 -0.040615 -0.047558
v 0.097252 -0.049841 -0.044220
v 0.061104 -0.099306 -0.058703
v 0.061594 -0.058478 -0.057652
v 0.023102 -0.125802 -0.049702
v 0.029541 -0.254039 -0.064325
v 0.047302 -0.088097 -0.060640
v 0.031106 -0.242011 -0.060707
v 0.024843 -0.246787 -0.061220
v 0.022154 -0.238124 -0.051333
v 0.031491 -0.060570 -0.057032
v 0.016332 -0.114046 -0.047629
v 0.024559 -0.088474 -0.054513
v 0.010490 -0.090749 -0.044709
v 0.012788 -0.057641 -0.045753
v 0.033834 -0.100128 -0.058581
v 0.034582 -0.219889 -0.051725
v 0.031106 -0.242011 -0.060707
v 0.023934 -0.221238 -0.045040
v 0.034582 -0.219889 -0.051725
v 0.022154 -0.238124 -0.051333
v 0.024559 -0.088474 -0.054513
v 0.031491 -0.060570 -0.057032
v 0.033834 -0.100128 -0.058581
v 0.012788 -0.057641 -0.045753
v 0.057873 -0.185413 -0.046125
v 0.068484 -0.207015 -0.036788
v 0.051219 -0.203608 -0.047103
v 0.070654 -0.183357 -0.037141
v 0.013812 -0.181798 -0.032931
v 0.032383 -0.204947 -0.044516
v 0.017918 -0.207208 -0.032897
v 0.015395 -0.209059 -0.031915
v 0.145355 0.041083 0.083767
v 0.142584 0.042174 0.092014
v 0.147917 0.042990 0.084643
v 0.148755 0.050834 0.076156
v 0.143402 0.048366 0.091561
v 0.159489 0.039833 0.067350
v 0.156203 0.051003 0.059318
v 0.149748 0.030962 0.079621
v 0.152583 0.025309 0.065748
v 0.146716 0.058017 0.071089
v 0.159470 0.030283 0.048647
v 0.160749 0.019344 0.062058
v 0.163855 0.025071 0.049315
v 0.152534 0.019088 0.074482
v 0.162922 0.037596 0.055411
v 0.138704 0.040671 0.094599
v 0.154652 0.058056 0.050797
v 0.144118 0.063796 0.050255
v 0.150462 0.059970 0.040385
v 0.148124 0.064590 0.039167
v 0.143823 0.067755 0.051203
v 0.135188 0.068779 0.063715
v 0.145590 0.019564 0.082643
v 0.163205 0.043592 0.059992
v 0.141641 0.060314 0.084063
v 0.134909 0.065189 0.069228
v 0.147950 0.007254 0.085667
v 0.150798 0.012137 0.099203
v 0.150853 0.010795 0.081142
v 0.147978 -0.003078 0.080972
v 0.149536 -0.005470 0.085420
v 0.151355 -0.020581 0.084863
v 0.152518 -0.016101 0.077591
v 0.172937 0.043117 0.054113
v 0.149730 0.024601 0.089442
v 0.133464 0.064746 0.079649
v 0.148674 0.057930 0.072847
v 0.141641 0.060314 0.084063
v 0.146716 0.058017 0.071089
v -0.113397 0.271516 -0.018643
v -0.117256 0.270253 -0.018046
v -0.119323 0.257313 -0.022319
v -0.107780 0.275700 -0.016293
v -0.122031 0.261426 -0.021418
v -0.126189 0.256057 -0.024777
v -0.107671 0.256566 -0.012463
v -0.094157 0.266485 -0.005980
v -0.099665 0.277753 -0.012165
v -0.096032 0.275498 -0.006894
v -0.094770 0.255869 -0.006116
v -0.089719 0.273447 -0.003114
v -0.078696 0.255651 0.002424
v -0.070418 0.266604 0.008521
v -0.082584 0.282934 -0.001862
v -0.066902 0.285120 -0.000030
v -0.051548 0.264296 0.015404
v -0.067889 0.260096 0.013063
v -0.074171 0.255372 0.007627
v -0.086714 0.250825 -0.005904
v -0.078752 0.240575 -0.011338
v -0.095949 0.234572 -0.006957
v -0.109451 0.214753 -0.006875
v -0.115735 0.221152 -0.011852
v -0.118550 0.190546 -0.012210
v -0.115721 0.158849 -0.012072
v -0.122643 0.201596 -0.023082
v -0.120489 0.158776 -0.014857
v -0.123097 0.154639 -0.025138
v -0.106194 0.175442 -0.007237
v -0.106413 0.156802 -0.009838
v -0.110288 0.150072 -0.015414
v -0.125943 0.161643 -0.025506
v -0.128217 0.164004 -0.037820
v -0.124672 0.217445 -0.038935
v -0.126884 0.158310 -0.038909
v -0.102340 0.205848 -0.006189
v -0.119559 0.238242 -0.022862
v -0.123874 0.225186 -0.036555
v -0.124957 0.241157 -0.036377
v -0.079441 0.237657 -0.003278
v -0.119323 0.257313 -0.022319
v -0.126239 0.255211 -0.033276
v -0.124957 0.241157 -0.036377
v -0.125943 0.161643 -0.025506
v -0.126884 0.158310 -0.038909
v -0.123097 0.154639 -0.025138
v -0.033350 -0.241105 0.017874
v -0.034501 -0.246290 0.017904
v -0.034200 -0.256607 0.018050
v -0.028850 -0.248561 0.022232
v -0.023856 -0.233373 0.010552
v -0.033727 -0.255435 0.023583
v -0.026719 -0.261744 0.005890
v -0.018024 -0.256036 -0.012883
v -0.017567 -0.226499 0.004678
v -0.011358 -0.226864 -0.012057
v -0.012154 -0.219450 0.003496
v -0.003682 -0.215633 -0.006120
v -0.009111 -0.207054 0.001715
v -0.001862 -0.171612 -0.008700
v -0.005592 -0.179000 -0.002069
v -0.011387 -0.189669 0.007900
v -0.008102 -0.159070 0.008207
v -0.013768 -0.151588 0.020933
v -0.020675 -0.180711 0.022432
v -0.023523 -0.184653 0.023145
v -0.003213 -0.154015 -0.009583
v -0.012623 -0.115383 0.022179
v -0.005109 -0.087695 0.006262
v -0.013481 -0.068825 0.022048
v -0.020921 -0.107801 0.032502
v -0.025844 -0.203401 0.021133
v -0.007895 -0.046238 0.004654
v -0.004710 -0.050029 -0.002530
v -0.000940 -0.092604 -0.007575
v -0.001261 -0.055707 -0.015465
v -0.001988 -0.096053 -0.019391
v -0.004746 -0.055023 -0.031337
v -0.023563 -0.133852 0.033760
v -0.006122 -0.092765 -0.035355
v -0.017305 -0.059409 0.025961
v -0.015465 -0.210051 0.005809
v -0.010908 -0.056553 -0.043225
v -0.012493 -0.095741 -0.046572
v -0.010043 -0.131371 -0.034893
v -0.017509 -0.123353 -0.045221
v -0.016212 -0.115521 -0.047518
v -0.019998 -0.152295 -0.042709
v -0.004000 -0.130154 -0.016852
v -0.031354 -0.276717 0.001960
v 0.001266 -0.053428 -0.017163
v 0.000754 -0.049541 -0.031181
v -0.000385 -0.042674 -0.045095
v -0.028620 -0.242181 0.027222
v -0.023159 -0.263534 -0.004904
v -0.039660 -0.263671 0.017454
v -0.030617 -0.225575 0.024842
v -0.023122 -0.226767 0.037501
v -0.030269 -0.219959 0.035515
v -0.022567 -0.230108 0.039854
v -0.035987 -0.253135 0.041806
v -0.022225 -0.225711 0.047882
v -0.034688 -0.217812 0.039152
v -0.018700 -0.037570 0.019142
v -0.029917 -0.038466 0.032355
v -0.033477 -0.029774 0.029042
v -0.039941 -0.031308 0.035619
v -0.002615 -0.120480 -0.008058
v -0.022799 -0.276035 0.001097
v -0.017504 -0.265543 -0.007596
v -0.007186 -0.155433 -0.023675
v -0.014319 -0.247195 -0.023003
v -0.029383 -0.213881 0.020259
v -0.013072 -0.186167 -0.031762
v -0.004262 -0.186520 -0.015310
v -0.019227 -0.207962 -0.032468
v -0.010206 -0.208882 -0.017926
v 0.000224 -0.033487 -0.063888
v -0.044573 -0.287356 0.007793
v -0.044199 -0.274620 0.016832
v -0.038579 -0.273680 0.025866
v -0.004000 -0.130154 -0.016852
v -0.002615 -0.120480 -0.008058
v -0.003213 -0.154015 -0.009583
v -0.007186 -0.155433 -0.023675
v -0.029383 -0.213881 0.020259
v -0.039505 -0.208176 0.032532
v -0.030269 -0.219959 0.035515
v -0.034688 -0.217812 0.039152
v -0.039476 -0.209900 0.040650
v -0.033727 -0.255435 0.023583
v -0.035987 -0.253135 0.041806
v -0.038579 -0.273680 0.025866
v -0.028620 -0.242181 0.027222
v -0.028850 -0.248561 0.022232
v 0.001266 -0.053428 -0.017163
v 0.003567 -0.051315 -0.005374
v -0.001261 -0.055707 -0.015465
v 0.190782 0.015944 0.086089
v 0.195386 0.014997 0.079563
v 0.188130 0.006188 0.095783
v 0.200882 0.002798 0.093636
v 0.190920 0.023192 0.074116
v 0.202499 0.018184 0.075147
v 0.203280 0.022272 0.057996
v 0.210900 0.016422 0.060809
v 0.215530 0.011683 0.057659
v 0.186143 0.027393 0.063746
v 0.185730 0.032994 0.087122
v 0.213211 0.010557 0.072442
v 0.197069 0.028155 0.046614
v 0.176918 0.033079 0.073833
v 0.178913 0.028972 0.061987
v 0.187491 0.032382 0.050668
v 0.169480 0.032135 0.072856
v 0.205639 0.020555 0.047841
v 0.207520 0.011269 0.084864
v 0.187041 -0.002120 0.099779
v 0.179545 0.004224 0.098871
v 0.214481 0.020411 0.046433
v 0.224618 0.012504 0.049832
v 0.220426 0.015682 0.037458
v 0.228919 0.012142 0.036809
v 0.209346 0.019447 0.034725
v 0.235590 0.007988 0.044610
v 0.233775 0.010719 0.053159
v 0.204576 0.023612 0.031106
v 0.245654 0.008282 0.041400
v 0.253708 0.009205 0.043560
v 0.223520 0.015767 0.058185
v 0.210642 0.011765 0.091229
v 0.179959 0.034493 0.049217
v 0.187209 0.034595 0.042090
v 0.181573 0.037837 0.036493
v 0.190990 0.029336 0.030814
v 0.179803 0.039599 0.027254
v 0.198717 0.025197 0.042310
v 0.190990 0.029336 0.030814
v 0.204576 0.023612 0.031106
v 0.198717 0.025197 0.042310
v 0.190920 0.023192 0.074116
v 0.195037 0.023432 0.087166
v 0.185730 0.032994 0.087122
v 0.191946 0.029453 0.097139
v 0.224823 0.129237 -0.004322
v 0.232837 0.125888 0.002524
v 0.222621 0.112669 -0.005686
v 0.215776 0.112668 -0.001949
v 0.222621 0.112669 -0.005686
v 0.210350 0.097155 -0.002238
v 0.224823 0.129237 -0.004322
v 0.203856 0.098319 0.004581
v 0.223598 0.129057 -0.001692
v 0.209752 0.088616 0.005625
v 0.207327 0.090756 0.011483
v 0.210350 0.097155 -0.002238
v 0.217992 0.099040 -0.000174
v 0.209752 0.088616 0.005625
v 0.222621 0.112669 -0.005686
v 0.213305 0.094015 0.010797
v 0.207327 0.090756 0.011483
v 0.220544 0.111797 0.001309
v 0.211049 0.099015 0.010668
v 0.232837 0.125888 0.002524
v 0.232837 0.125888 0.002524
v 0.225788 0.125626 0.002351
v 0.220544 0.111797 0.001309
v 0.211049 0.099015 0.010668
v 0.207327 0.090756 0.011483
v 0.213305 0.094015 0.010797
v 0.224823 0.129237 -0.004322
v 0.223598 0.129057 -0.001692
v 0.212645 0.106110 0.003469
v 0.215776 0.112668 -0.001949
v 0.203856 0.098319 0.004581
v 0.153806 0.039839 0.127794
v 0.166752 0.047452 0.129372
v 0.168115 0.030793 0.131370
v 0.175450 0.038694 0.130991
v 0.146563 0.041419 0.125464
v 0.159191 0.033993 0.131115
v 0.171716 0.038748 0.135876
v 0.154328 0.041976 0.134239
v 0.168115 0.030793 0.131370
v 0.159191 0.033993 0.131115
v 0.169678 0.045438 0.134992
v 0.175450 0.038694 0.130991
v 0.166752 0.047452 0.129372
v 0.146563 0.041419 0.125464
v 0.154328 0.041976 0.134239
v 0.169678 0.045438 0.134992
v 0.142906 0.039723 0.119867
v 0.153806 0.039839 0.127794
v 0.154328 0.041976 0.134239
v 0.146563 0.041419 0.125464
v 0.159191 0.033993 0.131115
v 0.166752 0.047452 0.129372
v 0.169678 0.045438 0.134992
v 0.175450 0.038694 0.130991
v 0.171716 0.038748 0.135876
v 0.142906 0.039723 0.119867
v 0.146563 0.041419 0.125464
v 0.153806 0.039839 0.127794
v 0.178346 0.002977 0.131666
v 0.157437 0.006077 0.130592
v 0.167275 0.001185 0.132910
v 0.156516 0.001307 0.133487
v 0.156052 -0.001451 0.134864
v 0.174606 -0.003235 0.134358
v 0.157437 0.006077 0.130592
v 0.178346 0.002977 0.131666
v 0.168053 0.001925 0.128666
v 0.176801 -0.002255 0.130209
v 0.156516 0.001307 0.133487
v 0.156052 -0.001451 0.134864
v 0.174606 -0.003235 0.134358
v 0.167275 0.001185 0.132910
v 0.176801 -0.002255 0.130209
v 0.178346 0.002977 0.131666
v 0.174606 -0.003235 0.134358
v 0.142906 0.039723 0.119867
v 0.136041 0.040613 0.115275
v 0.146563 0.041419 0.125464
v -0.069843 0.497429 0.010139
v -0.070505 0.489745 0.006694
v -0.053887 0.492563 0.006431
v -0.055584 0.499291 0.006618
v -0.055343 0.490589 0.002853
v -0.068561 0.495680 0.000589
v -0.055343 0.490589 0.002853
v -0.070505 0.489745 0.006694
v -0.073550 0.498718 0.003605
v -0.055244 0.500544 0.002535
v -0.055244 0.500544 0.002535
v -0.073550 0.498718 0.003605
v -0.069843 0.497429 0.010139
v -0.055584 0.499291 0.006618
v -0.069843 0.497429 0.010139
v -0.073550 0.498718 0.003605
v -0.070505 0.489745 0.006694
v -0.055244 0.500544 0.002535
v -0.055584 0.499291 0.006618
v -0.053887 0.492563 0.006431
v -0.055343 0.490589 0.002853
v -0.152694 0.003178 0.134498
v -0.167632 0.001771 0.131268
v -0.157407 -0.007196 0.142073
v -0.148809 -0.002830 0.138431
v -0.148129 -0.005799 0.142669
v -0.166841 0.001885 0.127974
v -0.152166 0.002835 0.130479
v -0.160669 -0.005335 0.132862
v -0.148809 -0.002830 0.138431
v -0.151946 -0.010043 0.140586
v -0.152166 0.002835 0.130479
v -0.160277 -0.012737 0.141483
v -0.166841 0.001885 0.127974
v -0.148129 -0.005799 0.142669
v -0.167632 0.001771 0.131268
v -0.166841 0.001885 0.127974
v -0.160669 -0.005335 0.132862
v -0.157407 -0.007196 0.142073
v -0.157407 -0.007196 0.142073
v -0.160669 -0.005335 0.132862
v -0.160277 -0.012737 0.141483
v -0.148129 -0.005799 0.142669
v -0.160277 -0.012737 0.141483
v -0.151946 -0.010043 0.140586
v -0.157407 -0.007196 0.142073
v -0.152694 0.003178 0.134498
v -0.148809 -0.002830 0.138431
v -0.152166 0.002835 0.130479
v -0.163820 0.048184 0.129194
v -0.166248 0.033312 0.130812
v -0.175847 0.043281 0.131145
v -0.156023 0.041364 0.130740
v -0.163820 0.048184 0.129194
v -0.175847 0.043281 0.131145
v -0.162723 0.045381 0.134236
v -0.171376 0.038740 0.134232
v -0.156023 0.041364 0.130740
v -0.166248 0.033312 0.130812
v -0.175847 0.043281 0.131145
v -0.166248 0.033312 0.130812
v -0.171376 0.038740 0.134232
v 0.153553 -0.010968 0.142893
v 0.160096 -0.016817 0.145446
v 0.157381 -0.018757 0.147012
v -0.127160 0.053929 0.084592
v -0.121969 0.047860 0.086362
v -0.127497 0.047958 0.086072
f 3936 3940 3937
f 1 2 3
f 4818 4820 4816
f 4818 4819 4820
f 2933 2934 2932
f 2934 2935 2932
f 4478 4477 4476
f 4477 4472 4476
f 2289 2292 2294
f 1787 1789 1790
f 1788 1793 1789
f 1795 1790 1794
f 1789 1791 1790
f 1801 1791 1792
f 1801 1800 1791
f 1794 1791 1800
f 1792 1791 1789
f 1791 1794 1790
f 1787 1790 1795
f 1792 1789 1793
f 1787 1788 1789
f 4641 4647 4648
f 4647 4641 4645
f 4647 4645 4671
f 4645 4641 4646
f 1486 1491 1492
f 5148 5149 5150
f 5150 5173 5148
f 3872 3867 3870
f 3872 3873 3867
f 1050 1052 1051
f 4 5 6
f 7 8 8
f 8 8 9
f 10 8 7
f 11 12 13
f 12 14 13
f 4510 4511 4512
f 3322 3318 3319
f 2576 2575 2577
f 2577 2575 2590
f 3396 3391 3390
f 1686 1683 1682
f 3318 3316 3319
f 4834 4831 4833
f 4009 4011 4013
f 4834 4835 4831
f 4009 4010 4011
f 3391 3395 3388
f 2574 2578 2575
f 2745 2752 2746
f 4835 4838 4831
f 1683 1680 1682
f 1680 1681 1682
f 2572 2582 2574
f 3386 3388 3387
f 3395 3387 3388
f 4835 4836 4838
f 1685 1680 1684
f 1684 1680 1683
f 5677 5672 5671
f 2574 2582 2580
f 1675 1671 1673
f 2579 2578 2574
f 2574 2580 2579
f 4836 4837 4838
f 2579 2581 2578
f 5678 5672 5677
f 5651 5652 5653
f 5670 5668 5665
f 5671 5672 5673
f 2573 2571 2572
f 4015 4012 4014
f 2568 2582 2572
f 2992 2984 2993
f 1672 1676 1673
f 1671 1672 1673
f 1680 1663 1681
f 3321 3320 3317
f 2450 2448 2449
f 2993 2984 2994
f 2568 2580 2582
f 1676 1677 1673
f 4836 4839 4837
f 5672 5678 5680
f 5672 5680 5673
f 5665 5668 5663
f 3057 3059 3061
f 2564 2566 2568
f 2568 2566 2580
f 1671 1674 1672
f 2566 2583 2579
f 2566 2579 2580
f 2584 2579 2583
f 4837 4839 4840
f 1685 1677 1680
f 1660 1663 1680
f 3207 3206 3208
f 4101 4105 4102
f 4101 4102 4103
f 5680 5679 5673
f 5668 5669 5663
f 5673 5679 5674
f 5663 5669 5666
f 2571 2567 2564
f 2994 2984 2986
f 3389 3392 3385
f 3389 3393 3392
f 1674 1676 1672
f 1677 1660 1680
f 4524 4522 4523
f 4155 4156 4157
f 3312 3313 3314
f 3808 3809 3810
f 4105 4101 4106
f 5663 5666 5664
f 2991 2985 2984
f 3759 3761 3762
f 3759 3760 3761
f 2564 2565 2566
f 1674 1661 1676
f 4839 4841 4840
f 1676 1661 1677
f 1677 1661 1660
f 4525 4523 4526
f 1660 1662 1663
f 4522 4516 4523
f 1663 1662 1664
f 5679 5681 5674
f 5674 5675 5676
f 5664 5666 5667
f 2446 2440 2437
f 2564 2567 2565
f 2984 2985 2986
f 3392 3393 3394
f 3759 3764 3760
f 1687 1678 1679
f 1679 1678 1674
f 1674 1678 1661
f 1658 1659 1660
f 1660 1659 1662
f 3507 3506 3508
f 1664 1662 1666
f 4120 4119 4101
f 4104 4120 4101
f 4119 4110 4101
f 4101 4110 4106
f 4105 4106 4107
f 2985 2987 2986
f 2986 2987 2988
f 2988 2989 2990
f 1658 1665 1659
f 3510 3505 3507
f 4520 4516 4517
f 3505 3506 3507
f 4516 4513 4515
f 4516 4515 4517
f 4120 4104 4121
f 3506 3509 3508
f 4513 4514 4515
f 4514 4518 4515
f 4514 4519 4518
f 3812 3813 3814
f 4106 4108 4107
f 4536 4535 4534
f 2569 2565 2567
f 2567 2570 2569
f 2987 2989 2988
f 1877 1875 1872
f 3510 3511 3505
f 3510 3512 3511
f 3817 3818 3821
f 1872 1871 1874
f 1874 1871 1881
f 1881 1871 1882
f 4117 4108 4116
f 3623 3624 3625
f 5617 5620 5643
f 1669 1667 1658
f 1667 1668 1665
f 3513 3512 3510
f 1875 1873 1872
f 3512 3516 3511
f 3818 3820 3821
f 3095 3093 3089
f 3089 3093 3090
f 3089 3090 3091
f 3091 3090 3092
f 4106 4109 4108
f 4108 4111 4116
f 4141 4138 4140
f 3700 3704 3698
f 2587 2586 2570
f 3627 3626 3624
f 2447 2439 2441
f 2585 2569 2570
f 5639 5641 5643
f 2995 2997 2996
f 3118 3116 3107
f 4884 4885 4886
f 3094 3093 3095
f 4108 4109 4111
f 4138 4139 4140
f 3698 3699 3700
f 3328 3327 3332
f 2589 2588 2587
f 7 8 15
f 2589 2586 2588
f 2587 2588 2586
f 3127 3117 3128
f 2586 2585 2570
f 3627 3628 3626
f 2998 2999 2997
f 5639 5640 5641
f 3107 3121 3118
f 3515 3512 3514
f 3515 3517 3512
f 1886 1879 1873
f 2419 2418 2416
f 2554 2553 2555
f 3326 3327 3328
f 3326 3331 3327
f 3127 3126 3117
f 3116 3100 3107
f 3515 3518 3517
f 1879 1880 1878
f 3381 3382 3383
f 3093 3094 3090
f 2558 2560 2559
f 2537 2536 2522
f 3328 3329 3326
f 3129 3126 3127
f 3107 3100 3099
f 2563 2557 2562
f 2562 2557 2561
f 2522 2536 2523
f 4109 4112 4111
f 2536 2556 2523
f 3126 3101 3117
f 3117 3101 3116
f 4405 4411 4404
f 2403 2409 2410
f 2410 2420 2403
f 2403 2398 2409
f 2409 2398 2421
f 2418 2412 2416
f 4115 4114 4109
f 3130 3131 3126
f 3116 3101 3100
f 4404 4411 4403
f 1879 1885 1880
f 2412 2407 2416
f 2407 2417 2416
f 4114 4113 4109
f 4109 4113 4112
f 5703 5704 5705
f 5704 5706 5705
f 5710 5712 5715
f 3131 3101 3126
f 3131 3104 3101
f 3097 3098 3099
f 3100 3097 3099
f 2420 2390 2403
f 4853 4852 4855
f 2407 2412 2411
f 2526 2530 2517
f 2407 2422 2417
f 4118 4114 4115
f 3330 3333 3329
f 3701 3705 3708
f 3104 3102 3101
f 3101 3102 3097
f 2403 2390 2391
f 2403 2391 2398
f 2308 2319 2318
f 2308 2318 2317
f 2411 2401 2407
f 4222 4221 4219
f 5711 5713 5712
f 5710 5711 5712
f 5692 5689 5688
f 425 428 429
f 3713 3702 3703
f 1963 1958 1960
f 4409 4413 4412
f 4413 4414 4412
f 4852 4853 4854
f 2398 2391 2399
f 2398 2399 2400
f 2313 2312 2310
f 2308 2309 2310
f 2527 2526 2524
f 2401 2405 2407
f 2407 2405 2408
f 5697 5694 5696
f 5713 5714 5712
f 422 423 425
f 423 428 425
f 3132 3104 3131
f 2387 2381 2390
f 5441 5437 5432
f 2381 2391 2390
f 2381 2392 2391
f 2391 2406 2399
f 2399 2406 2404
f 2316 2311 2326
f 2311 2310 2312
f 2527 2528 2535
f 2535 2528 2532
f 2399 2401 2400
f 2311 2316 2308
f 2311 2308 2310
f 2527 2524 2528
f 2400 2401 2402
f 4218 4217 4216
f 5694 5695 5696
f 3714 3715 3713
f 422 417 423
f 3713 3703 3710
f 3710 3703 3709
f 3104 3105 3102
f 3105 3103 3102
f 3103 3122 3097
f 3102 3103 3097
f 2389 2384 2388
f 2388 2384 2387
f 2384 2381 2387
f 2314 2313 2315
f 2381 2384 2382
f 2381 2382 2383
f 2312 2313 2314
f 2383 2392 2381
f 4210 4211 4212
f 2392 2413 2391
f 2391 2413 2406
f 2399 2404 2401
f 4223 4224 4217
f 4217 4224 4214
f 2404 2405 2401
f 4214 4216 4217
f 3716 3715 3714
f 424 421 422
f 3714 3713 3710
f 421 417 422
f 3133 3108 3132
f 3108 3104 3132
f 2396 2394 2389
f 2389 2394 2384
f 2384 2385 2382
f 2534 2532 2533
f 2532 2531 2533
f 2383 2393 2392
f 5456 5453 5455
f 2413 2414 2406
f 4223 4227 4224
f 2406 2415 2404
f 5707 5708 5709
f 416 417 421
f 3108 3105 3104
f 2394 2395 2384
f 2384 2395 2385
f 2382 2385 2386
f 5427 5428 5429
f 2414 2415 2406
f 5727 5728 5729
f 3718 3716 3717
f 3717 3716 3714
f 421 424 426
f 1137 1139 1130
f 1132 1137 1130
f 416 415 417
f 3133 3115 3108
f 3105 3106 3103
f 1938 1927 1956
f 4869 4870 4871
f 4679 4678 4680
f 4869 4872 4870
f 2021 2023 2025
f 2021 2019 2023
f 5327 5319 5322
f 3720 3718 3719
f 427 421 426
f 1124 1132 1130
f 1124 1130 1126
f 1131 1132 1124
f 1121 1131 1124
f 427 416 421
f 399 416 427
f 1131 1137 1132
f 1131 1138 1137
f 399 415 416
f 3105 3114 3106
f 2395 2397 2385
f 2385 2397 2386
f 2022 2017 2021
f 1121 1124 1123
f 1123 1124 1125
f 1124 1126 1125
f 1119 1131 1121
f 1119 1133 1131
f 431 399 427
f 1133 1138 1131
f 1138 1143 1137
f 1137 1143 1139
f 1143 1144 1139
f 3115 3110 3108
f 3110 3109 3108
f 3108 3109 3105
f 3109 3114 3105
f 4675 4676 4677
f 2021 2017 2019
f 1120 1121 1123
f 1119 1121 1120
f 432 433 427
f 430 387 399
f 430 399 431
f 25 26 27
f 4777 4778 4779
f 387 389 399
f 1133 1140 1138
f 399 389 415
f 3115 3120 3111
f 3115 3111 3110
f 1906 1908 1910
f 1908 1911 1910
f 1910 1911 1912
f 3114 3125 3106
f 1954 1942 1939
f 2024 2020 2017
f 3721 3719 3722
f 430 391 387
f 1135 1136 1133
f 1135 1133 1119
f 4801 4802 4803
f 1893 1895 1900
f 390 387 391
f 1895 1902 1906
f 1906 1902 1908
f 3110 3111 3109
f 2020 2018 2017
f 2017 2018 2019
f 3723 3724 3721
f 711 741 712
f 712 741 745
f 712 745 713
f 713 745 717
f 747 746 711
f 711 746 741
f 398 396 397
f 396 392 397
f 397 392 393
f 393 392 391
f 392 390 391
f 387 388 389
f 390 388 387
f 388 402 389
f 3119 3111 3120
f 1895 1894 1902
f 4882 4881 4883
f 1902 1901 1908
f 3109 3112 3114
f 4496 4497 4498
f 1118 1141 1135
f 1032 1029 1031
f 682 712 713
f 1893 1890 1895
f 419 395 420
f 420 395 396
f 395 392 396
f 395 394 392
f 392 394 390
f 390 394 388
f 3119 3113 3111
f 3111 3113 3112
f 1894 1901 1902
f 1901 1909 1908
f 4880 4881 4882
f 3111 3112 3109
f 3112 3125 3114
f 5323 5317 5324
f 4434 4431 4433
f 4439 4435 4438
f 1122 1134 1118
f 3723 3722 3730
f 676 687 686
f 707 710 709
f 1044 1029 1032
f 1031 1029 1027
f 1899 1889 1893
f 1044 1043 1029
f 1044 1042 1043
f 1043 1055 1029
f 1029 1028 1027
f 1029 1055 1038
f 1029 1038 1028
f 1893 1889 1890
f 1042 1041 1043
f 1041 1036 1055
f 1038 1055 1030
f 1038 1030 1028
f 2714 2715 2716
f 418 395 419
f 418 401 395
f 1045 1040 1042
f 1042 1040 1041
f 1041 1040 1036
f 1036 1030 1055
f 1030 1023 1028
f 1890 1894 1895
f 400 394 395
f 404 411 388
f 402 411 412
f 1023 1030 1034
f 1036 1034 1030
f 1036 1037 1034
f 3112 3124 3125
f 3980 3978 3977
f 3977 3978 3979
f 689 707 681
f 707 709 681
f 3984 3979 3978
f 1046 1042 1044
f 1046 1048 1042
f 1031 1027 1056
f 1027 1026 1056
f 1048 1047 1042
f 1028 1023 1027
f 1027 1023 1026
f 1047 1049 1045
f 1047 1045 1042
f 401 400 395
f 394 400 403
f 403 404 394
f 394 404 388
f 1045 1039 1040
f 1040 1039 1036
f 1036 1039 1037
f 4944 4943 4941
f 4431 4432 4433
f 4435 4436 4437
f 675 676 677
f 3428 3426 3424
f 3987 3984 3983
f 1899 1903 1887
f 1899 1887 1889
f 1058 1047 1048
f 1026 1023 1025
f 1023 1024 1025
f 1894 1890 1891
f 1443 1444 1445
f 1444 1446 1445
f 1456 1450 1441
f 3113 3123 3112
f 1023 1034 1035
f 1023 1033 1024
f 1023 1035 1033
f 1894 1898 1901
f 1901 1907 1909
f 4942 4940 4949
f 4941 4940 4942
f 678 679 675
f 3981 3982 3978
f 3426 3425 3424
f 3424 3422 3420
f 3420 3417 3416
f 1887 1888 1889
f 1889 1888 1890
f 1047 1050 1049
f 3416 3417 3418
f 3416 3418 3419
f 1025 1024 1057
f 3877 3854 3853
f 1050 1051 1049
f 1051 1053 1049
f 3853 3854 3855
f 401 405 400
f 1442 1444 1443
f 1441 1442 1443
f 400 409 403
f 3112 3123 3124
f 1053 1054 1049
f 1049 1054 1045
f 1901 1898 1907
f 3522 3527 3528
f 1045 1054 1039
f 5094 5095 5096
f 4948 4947 4944
f 4940 4939 4949
f 4944 4945 4943
f 4941 4943 4938
f 4941 4938 4940
f 3834 3838 3839
f 2959 2958 2957
f 971 970 972
f 972 970 974
f 1952 1941 1940
f 1888 1891 1890
f 400 406 409
f 1450 1442 1441
f 3854 3856 3855
f 400 405 406
f 1447 1450 1456
f 1894 1891 1898
f 4866 4867 4868
f 3855 3856 3857
f 3857 3858 3859
f 4940 4938 4939
f 4947 4946 4944
f 4944 4946 4945
f 869 862 865
f 1903 1904 1887
f 977 988 979
f 977 989 988
f 1442 1454 1444
f 977 1006 989
f 1447 1449 1450
f 1450 1449 1451
f 1450 1451 1442
f 407 406 405
f 3856 3858 3857
f 5074 5071 5072
f 3858 3860 3859
f 4939 4938 4936
f 866 862 869
f 3831 3838 3834
f 981 984 990
f 984 1001 990
f 4248 4243 4247
f 978 980 981
f 981 980 983
f 1904 1905 1887
f 978 979 980
f 1019 1021 1020
f 1945 1932 1930
f 978 977 979
f 975 977 978
f 1887 1905 1888
f 975 976 977
f 1888 1892 1891
f 1442 1451 1454
f 991 1000 1002
f 976 1007 977
f 1007 1006 977
f 1458 1457 1447
f 407 408 406
f 1007 1011 1006
f 1006 1011 1012
f 3859 3860 3878
f 866 864 862
f 862 861 865
f 865 861 867
f 990 1001 1017
f 1017 1001 1018
f 970 968 963
f 982 978 981
f 1001 1019 1018
f 4241 4238 4237
f 992 991 975
f 992 993 991
f 975 991 976
f 4928 4927 4926
f 1448 1452 1449
f 1452 1453 1451
f 1453 1455 1451
f 1447 1457 1448
f 1447 1448 1449
f 999 1000 991
f 993 999 991
f 4927 4932 4925
f 4927 4925 4926
f 406 413 414
f 1892 1896 1891
f 408 413 406
f 976 1002 1007
f 5072 5070 5073
f 1891 1896 1898
f 407 410 408
f 999 1008 1000
f 1000 1008 1002
f 1007 1002 1011
f 3862 3861 3858
f 3858 3861 3860
f 5071 5068 5070
f 1008 1010 1002
f 1002 1010 1011
f 3862 3863 3861
f 3860 3865 3878
f 3878 3865 3879
f 990 1016 981
f 1004 982 1005
f 1005 982 981
f 1003 982 1004
f 963 958 962
f 985 978 982
f 985 975 978
f 5390 5389 5388
f 4971 4928 4931
f 4959 4909 4958
f 4958 4909 4908
f 4908 5010 4958
f 4908 4915 5010
f 4929 4923 4956
f 4926 4925 4924
f 1892 1897 1896
f 563 535 547
f 573 572 571
f 561 535 563
f 5056 4957 4925
f 1009 1008 999
f 1011 1010 1015
f 1008 1014 1010
f 1013 1014 1008
f 3886 3885 3888
f 861 859 867
f 1005 981 1016
f 309 336 330
f 1003 985 982
f 4972 4959 4960
f 962 958 960
f 962 960 973
f 994 992 995
f 995 975 986
f 4959 4958 4960
f 4960 4958 4961
f 993 992 994
f 4931 4928 4930
f 3671 3672 3673
f 3673 3672 3676
f 3676 3672 3677
f 4958 5010 4961
f 4961 5010 4965
f 5186 5180 5187
f 4926 4924 4950
f 4909 4904 4908
f 4904 4903 4908
f 2082 2081 2086
f 5065 5066 5067
f 4908 4903 4915
f 547 534 549
f 2081 2085 2086
f 4923 4919 4956
f 4919 4917 4956
f 4956 4917 5052
f 3524 3526 3525
f 3524 3525 3523
f 570 569 565
f 4925 4920 4924
f 4924 4920 4923
f 4920 4919 4923
f 571 569 570
f 4925 4957 4920
f 5181 5167 5185
f 571 572 569
f 565 561 563
f 535 534 547
f 2085 2089 2086
f 573 580 572
f 565 569 561
f 535 527 534
f 1013 1008 1009
f 569 560 561
f 561 538 535
f 3861 3864 3860
f 3864 3865 3860
f 535 538 527
f 3863 3864 3861
f 3865 3868 3879
f 538 550 527
f 3886 3884 3885
f 863 862 864
f 561 560 538
f 862 857 861
f 861 857 856
f 861 856 859
f 560 551 538
f 538 551 550
f 1003 987 985
f 987 986 985
f 4964 4960 4962
f 4960 4961 4962
f 987 994 995
f 4964 5021 4972
f 5388 5387 5383
f 3675 3674 3671
f 3671 3674 3672
f 4961 4965 4963
f 996 993 994
f 4928 4926 4930
f 5176 5180 5186
f 4926 4950 4930
f 2077 2081 2082
f 5078 5079 5080
f 549 559 575
f 5010 4973 4965
f 549 534 559
f 4902 4903 4904
f 4954 4902 4904
f 4903 4905 4915
f 559 534 540
f 4917 4953 5052
f 5052 4953 4902
f 4915 4905 5010
f 5181 5169 5167
f 2085 2090 2089
f 534 526 540
f 572 560 569
f 5260 5246 5247
f 534 527 526
f 5068 5069 5070
f 3866 3864 3863
f 3864 3867 3865
f 3865 3867 3868
f 4936 4935 4933
f 3863 3885 3866
f 4936 4937 4935
f 3879 3868 3880
f 3886 3887 3884
f 863 857 862
f 560 581 551
f 550 551 552
f 692 685 714
f 309 330 313
f 968 967 963
f 963 967 964
f 714 715 722
f 5141 5143 5142
f 963 964 958
f 987 995 986
f 4961 4963 4962
f 5387 5380 5383
f 575 559 584
f 4969 4968 4970
f 4963 4965 4966
f 4967 4985 4966
f 5078 5080 5081
f 3338 3337 3339
f 5075 5076 5077
f 4969 4954 4968
f 1604 1614 1615
f 1616 1604 1615
f 5080 5082 5081
f 4965 4967 4966
f 4965 4973 4967
f 1599 1596 1604
f 1604 1596 1614
f 4902 4905 4903
f 4913 4916 4905
f 4905 4916 5010
f 5061 5062 5063
f 4902 4907 4906
f 4902 4906 4905
f 4917 4907 4953
f 4681 4682 4683
f 4920 4918 4919
f 2085 2088 2090
f 4957 4921 4920
f 5056 4933 4957
f 527 518 526
f 3890 3886 3892
f 5246 5245 5247
f 3890 3887 3886
f 3884 3882 3885
f 527 552 518
f 581 578 551
f 551 553 552
f 578 555 551
f 551 555 553
f 592 589 593
f 692 714 695
f 695 714 702
f 591 589 592
f 591 590 589
f 589 590 588
f 997 994 987
f 997 998 994
f 589 588 584
f 998 996 994
f 588 575 584
f 1622 1616 1621
f 1616 1620 1621
f 5364 5363 5354
f 1616 1615 1620
f 3338 3335 3337
f 5354 5363 5355
f 1620 1615 1618
f 584 559 577
f 1623 1604 1616
f 1605 1604 1623
f 5176 5175 5180
f 2077 2078 2081
f 1615 1614 1617
f 1615 1617 1618
f 559 574 577
f 2078 2084 2081
f 1605 1602 1604
f 1614 1619 1617
f 2081 2084 2085
f 4967 4973 4974
f 1602 1599 1604
f 540 564 574
f 2085 2084 2087
f 1602 1600 1599
f 1614 1597 1619
f 1596 1597 1614
f 540 529 564
f 2087 2088 2085
f 1596 1592 1597
f 5185 5174 5188
f 3848 3850 3851
f 4919 4918 4917
f 540 526 529
f 4920 4921 4918
f 5260 5188 5246
f 5188 5174 5246
f 3869 3867 3864
f 3867 3873 3868
f 518 517 526
f 4935 4934 4933
f 863 868 857
f 859 853 860
f 857 855 856
f 856 855 852
f 856 852 859
f 518 552 515
f 578 583 555
f 553 555 554
f 553 554 552
f 698 695 702
f 698 694 695
f 698 702 701
f 969 967 968
f 593 589 594
f 589 584 594
f 5360 5359 5358
f 584 595 594
f 5396 5383 5382
f 5383 5379 5382
f 5358 5357 5356
f 5109 5105 5104
f 2075 2076 2077
f 584 577 595
f 2077 2076 2078
f 3335 3336 3337
f 4985 4981 5011
f 4985 4978 4981
f 4967 4978 4985
f 5175 5169 5180
f 4967 4977 4978
f 4967 4974 4977
f 1597 1598 1619
f 5062 5064 5063
f 3852 3849 3848
f 1599 1600 1594
f 1599 1594 1596
f 5167 5174 5185
f 4910 4906 4907
f 4905 4906 4912
f 4905 4912 4913
f 3848 3849 3850
f 4917 4910 4907
f 4910 4911 4906
f 3892 3894 3893
f 4934 4922 4933
f 4933 4922 4921
f 526 517 529
f 3892 3893 3890
f 3890 3893 3891
f 3873 3872 3868
f 5299 5298 5302
f 3866 3869 3864
f 3890 3889 3887
f 860 853 858
f 5041 5040 5039
f 518 515 517
f 3884 3887 3883
f 3884 3883 3882
f 868 855 857
f 852 853 859
f 5041 5045 5040
f 5037 5036 5023
f 5045 5044 5040
f 5040 5038 5039
f 5039 5038 5037
f 5037 5038 5036
f 5245 5171 5189
f 552 558 515
f 5189 5171 5160
f 552 554 558
f 555 556 554
f 300 296 310
f 5104 5105 5100
f 2684 2685 2688
f 577 567 595
f 1424 1427 1426
f 2893 2892 2898
f 2898 2892 2899
f 1424 1431 1430
f 1424 1430 1427
f 1603 1600 1602
f 4973 4975 4974
f 1608 1600 1607
f 1607 1600 1606
f 1606 1600 1603
f 3741 3736 3740
f 4976 4975 4973
f 1612 1610 1611
f 1611 1610 1608
f 1608 1610 1609
f 1608 1609 1600
f 2737 2733 2735
f 545 537 546
f 2742 2741 2739
f 4913 4912 4914
f 4913 4914 4955
f 1596 1594 1592
f 1597 1592 1598
f 529 543 544
f 4906 4951 4912
f 4911 4951 4906
f 4921 4922 4918
f 4912 5035 4914
f 5035 5050 4914
f 5174 5184 5246
f 517 519 529
f 3867 3869 3870
f 3872 3871 3868
f 3868 3871 3874
f 3868 3874 3880
f 5296 5307 5288
f 5023 5036 5035
f 5035 5036 5050
f 3891 3889 3890
f 3882 3876 3869
f 863 884 868
f 517 514 519
f 852 851 853
f 5287 5301 5293
f 517 515 514
f 855 850 852
f 2125 2121 2124
f 2121 2123 2124
f 5044 5043 5040
f 5043 5042 5040
f 5040 5042 5038
f 5171 5154 5160
f 583 556 555
f 554 556 557
f 5360 5361 5359
f 2091 2079 2075
f 2079 2076 2075
f 4981 4978 4979
f 4981 4979 4983
f 4978 4977 4979
f 4788 4787 4786
f 567 544 566
f 4977 4982 4980
f 5169 5168 5167
f 544 542 566
f 4975 4984 4974
f 4977 4974 4984
f 1619 1601 1625
f 544 543 542
f 3740 3736 3735
f 2733 2734 2735
f 2735 2734 2736
f 1619 1598 1601
f 3735 3736 3737
f 2764 2763 2767
f 2739 2741 2738
f 2739 2738 2737
f 2738 2733 2737
f 2735 2736 2744
f 1600 1595 1594
f 1598 1589 1591
f 1598 1591 1601
f 5167 5165 5174
f 1594 1595 1593
f 1594 1593 1592
f 1592 1589 1598
f 545 531 537
f 531 506 537
f 880 881 882
f 882 881 883
f 4911 5022 4951
f 4910 4952 4911
f 4911 4952 5022
f 3870 3869 3871
f 3870 3871 3872
f 5307 5300 5288
f 853 854 858
f 3887 3889 3883
f 3883 3876 3882
f 850 851 852
f 5245 5246 5151
f 5245 5151 5171
f 5000 5030 5007
f 758 748 751
f 5000 5031 5030
f 5031 5032 5030
f 556 562 557
f 1745 1746 1747
f 1746 1748 1747
f 2633 2637 2638
f 1747 1748 1749
f 1748 1753 1749
f 1753 1754 1749
f 1749 1754 1757
f 3364 3357 3359
f 964 959 958
f 5364 5366 5368
f 958 959 960
f 1429 1428 1426
f 5176 5170 5175
f 1425 1424 1426
f 4983 4979 4980
f 1516 1520 1519
f 1432 1423 1422
f 4787 4784 4786
f 5083 5084 5085
f 4040 4038 4041
f 5175 5170 5169
f 5170 5168 5169
f 566 542 568
f 5059 5046 5060
f 5019 5046 5018
f 5019 5018 5013
f 4038 4088 4041
f 542 545 568
f 4982 4986 4980
f 4784 4785 4786
f 4977 4984 4982
f 4987 5057 5059
f 5059 5057 5046
f 4804 4805 4806
f 2380 2376 2378
f 4955 5053 5054
f 3735 3737 3752
f 4955 4914 5053
f 4914 5055 5053
f 543 533 542
f 542 533 531
f 542 531 545
f 1593 1590 1592
f 1592 1590 1589
f 1589 1590 1591
f 543 548 533
f 5174 5165 5158
f 3807 3802 3806
f 5001 4998 5007
f 5174 5158 5184
f 854 876 858
f 3802 3804 3806
f 506 499 498
f 868 873 855
f 851 854 853
f 4998 4999 5000
f 855 870 850
f 5246 5184 5151
f 2121 2122 2123
f 516 513 515
f 515 513 514
f 761 760 758
f 3011 3007 3016
f 3007 3014 3016
f 3007 3009 3014
f 5154 5159 5160
f 5160 5161 5162
f 562 576 557
f 556 582 562
f 1751 1750 1745
f 1750 1746 1745
f 2633 2635 2637
f 2637 2639 2638
f 2079 2080 2076
f 2638 2639 2640
f 2681 2687 2686
f 1428 1429 1418
f 959 961 960
f 1516 1519 1518
f 1523 1520 1516
f 5176 5177 5170
f 4983 4980 5008
f 4983 5008 5025
f 1404 1423 1424
f 1404 1424 1425
f 5131 5134 5130
f 4980 4986 5008
f 5013 5005 5012
f 5013 5018 5005
f 4089 4036 4040
f 4036 4038 4040
f 4986 4982 4987
f 5005 4997 5012
f 5018 5046 5005
f 5046 4995 5005
f 4036 4037 4038
f 4987 5006 5057
f 5006 4995 5046
f 5057 5006 5046
f 4036 4039 4037
f 3745 3753 3752
f 5167 5166 5165
f 4997 4998 5001
f 4997 4993 4998
f 1590 1613 1591
f 533 530 531
f 876 879 880
f 880 879 881
f 531 502 506
f 533 532 530
f 3876 3875 3869
f 3869 3875 3871
f 498 499 500
f 873 874 855
f 850 870 851
f 748 749 750
f 5149 5148 5151
f 5184 5149 5151
f 514 513 512
f 5171 5151 5154
f 5159 5161 5160
f 3009 3006 3014
f 5031 5033 5032
f 1756 1755 1752
f 1752 1755 1751
f 1752 1751 1745
f 2636 2634 2633
f 2633 2634 2635
f 969 966 967
f 2635 2641 2637
f 5362 5373 5361
f 967 965 964
f 1516 1518 1514
f 1433 1422 1421
f 5015 5012 5016
f 5089 5090 5091
f 5012 4997 5003
f 5003 4997 5002
f 4090 4036 4089
f 4984 5049 4982
f 4987 4989 5006
f 4090 4071 4036
f 5167 5168 5166
f 5006 4989 4995
f 3019 3018 3022
f 3736 3738 3737
f 3737 3745 3752
f 4982 5049 5004
f 5004 4988 4982
f 5005 4995 4994
f 5005 4994 4997
f 4060 4063 4064
f 4994 4993 4997
f 4071 4042 4036
f 4042 4039 4036
f 4039 4042 4043
f 4043 4044 4045
f 4052 4045 4047
f 4052 4047 4053
f 753 757 756
f 4993 4999 4998
f 4042 4044 4043
f 530 502 531
f 3871 3875 3874
f 4993 5048 4999
f 3802 3803 3804
f 3802 3805 3803
f 749 753 750
f 506 502 499
f 874 870 855
f 5184 5150 5149
f 532 522 530
f 3011 3010 3007
f 514 522 532
f 752 749 748
f 514 512 522
f 748 758 759
f 759 752 748
f 516 524 513
f 5154 5153 5159
f 5159 5178 5161
f 5033 5034 5032
f 2814 2806 2805
f 3895 3896 3897
f 2644 2642 2643
f 2079 2083 2080
f 1500 1512 1513
f 1515 1514 1512
f 1512 1514 1513
f 1516 1525 1523
f 1516 1514 1515
f 5014 5015 5017
f 5126 5130 5129
f 5015 5016 5017
f 5028 5026 5029
f 5126 5131 5130
f 5017 5016 5051
f 5089 5091 5092
f 5016 5020 5051
f 5012 5020 5016
f 5020 5003 5051
f 1285 1294 1290
f 5012 5003 5020
f 1285 1295 1294
f 1499 1502 1501
f 1502 1503 1501
f 1501 1503 1487
f 1504 1487 1503
f 3745 3747 3753
f 3753 3747 3754
f 4982 4988 4987
f 4987 4988 4989
f 1504 1490 1487
f 3736 3739 3738
f 3737 3738 3745
f 4989 4994 4995
f 4988 5004 4990
f 4992 4989 4991
f 4989 4992 4993
f 4989 4993 4994
f 4090 4094 4071
f 4064 4063 4065
f 4991 4996 4992
f 4060 4058 4063
f 4992 4996 4993
f 4053 4058 4060
f 4993 4996 5048
f 876 878 879
f 4045 4044 4047
f 4047 4054 4053
f 4728 4722 4720
f 854 875 876
f 4996 5047 5048
f 4044 4048 4047
f 854 871 875
f 3230 3224 3223
f 5158 5156 5184
f 528 507 536
f 870 872 851
f 851 872 871
f 851 871 854
f 5047 5058 5048
f 4044 4046 4048
f 5264 5263 5266
f 530 522 502
f 502 501 499
f 499 501 500
f 500 501 503
f 503 504 528
f 3017 3010 3011
f 4042 4050 4046
f 4042 4051 4050
f 4046 4050 4049
f 4046 4049 4048
f 762 760 761
f 760 759 758
f 512 509 522
f 3010 3008 3007
f 3007 3008 3009
f 5151 5152 5153
f 5151 5153 5154
f 3009 3008 3006
f 562 596 576
f 3008 3002 3006
f 5161 5249 5250
f 2367 2365 2362
f 1498 1512 1500
f 1498 1500 1496
f 967 966 965
f 1517 1525 1516
f 1516 1515 1517
f 1418 1400 1388
f 964 965 959
f 1507 1499 1497
f 1294 1260 1290
f 1482 1487 1483
f 1487 1488 1483
f 1499 1501 1484
f 1284 1293 1285
f 1285 1293 1295
f 1487 1489 1488
f 1487 1490 1489
f 4065 4083 4084
f 3742 3739 3736
f 3747 3748 3754
f 3738 3750 3745
f 3754 3748 3757
f 4988 4990 4989
f 3020 3023 3018
f 4990 4991 4989
f 3025 3023 3020
f 4094 4093 4071
f 4058 4067 4063
f 4991 5047 4996
f 4093 4092 4071
f 876 875 877
f 876 877 878
f 4092 4042 4071
f 3875 3881 3874
f 4722 4711 4720
f 4053 4054 4058
f 4721 4714 4718
f 4714 4708 4718
f 4091 4051 4042
f 4092 4091 4042
f 4047 4057 4054
f 504 507 528
f 4048 4055 4047
f 4047 4055 4056
f 4047 4056 4057
f 5173 5152 5148
f 501 504 503
f 4048 4049 4055
f 5148 5152 5151
f 522 501 502
f 513 511 512
f 513 520 511
f 5159 5153 5178
f 5178 5249 5161
f 597 596 562
f 3002 3004 3006
f 1511 1521 1498
f 1521 1512 1498
f 1498 1496 1493
f 1496 1494 1493
f 2819 2818 2820
f 1399 1388 1400
f 5411 5412 5413
f 5366 5370 5369
f 1499 1485 1497
f 1480 1482 1483
f 1499 1484 1485
f 1501 1487 1484
f 1484 1487 1482
f 3750 3746 3745
f 3745 3746 3747
f 4084 4083 4085
f 3738 3751 3750
f 1284 1283 1293
f 4083 4086 4085
f 3748 3755 3757
f 3755 3756 3757
f 3757 3756 3758
f 4065 4066 4083
f 5166 5179 5157
f 5166 5157 5165
f 4063 4067 4075
f 5165 5157 5158
f 4716 4709 4715
f 3224 3227 3226
f 4728 4723 4722
f 4725 4710 4716
f 4720 4711 4714
f 4719 4710 4725
f 5314 5315 5316
f 4717 4707 4719
f 4718 4708 4717
f 4054 4059 4058
f 4058 4059 4067
f 5156 5152 5173
f 5263 5264 5265
f 2126 2122 2121
f 4057 4059 4054
f 501 505 504
f 4091 4074 4051
f 522 509 501
f 4074 4050 4051
f 4049 4061 4055
f 4061 4069 4055
f 4050 4061 4049
f 524 520 513
f 512 511 509
f 4851 4850 4847
f 1498 1493 1505
f 2831 2832 2833
f 305 317 315
f 1385 1399 1400
f 2816 2817 2818
f 1385 1388 1399
f 1497 1485 1494
f 1479 1482 1480
f 1484 1482 1479
f 1260 1287 1290
f 1290 1287 1285
f 3742 3743 3739
f 3750 3751 3746
f 3746 3748 3747
f 3738 3739 3751
f 4083 4066 4086
f 3490 3492 3491
f 3489 3490 3491
f 4716 4710 4709
f 5312 5311 5310
f 1439 1437 1438
f 1440 1439 1438
f 1283 1282 1286
f 4067 4078 4075
f 4719 4707 4710
f 1283 1286 1288
f 541 586 585
f 4717 4708 4707
f 4067 4059 4078
f 536 507 541
f 5306 5295 5290
f 1437 1435 1434
f 1438 1437 1434
f 1288 1286 1289
f 5152 5156 5155
f 2126 2127 2122
f 1434 1435 1436
f 505 507 504
f 4057 4028 4059
f 3010 3012 3008
f 4057 4056 4031
f 4031 4028 4057
f 5152 5155 5153
f 5155 5163 5153
f 509 508 501
f 4069 4062 4055
f 4055 4062 4056
f 4073 4050 4074
f 4050 4073 4068
f 4050 4068 4061
f 5153 5190 5178
f 5190 5261 5178
f 5178 5261 5249
f 5282 5283 5284
f 3008 3005 3002
f 3002 3003 3004
f 1397 1419 1398
f 1384 1397 1398
f 1384 1379 1397
f 1379 1402 1397
f 1524 1511 1522
f 2831 2835 2832
f 2832 2834 2833
f 2816 2822 2817
f 1479 1480 1481
f 1389 1387 1386
f 1386 1387 1385
f 1260 1254 1261
f 1387 1388 1385
f 5401 5402 5403
f 1392 1394 1389
f 1389 1394 1387
f 1485 1484 1479
f 5128 5127 5126
f 1261 1287 1260
f 5370 5371 5369
f 5424 5426 5425
f 1285 1287 1281
f 62 61 69
f 3743 3744 3739
f 3748 3746 3749
f 3748 3749 3755
f 3755 3749 3756
f 1284 1280 1283
f 129 70 66
f 1280 1282 1283
f 4066 4076 4086
f 4066 4075 4076
f 5179 5182 5157
f 4722 4700 4711
f 5157 5156 5158
f 4702 4708 4714
f 4708 4701 4707
f 508 505 501
f 3012 3013 3008
f 509 510 508
f 4062 4082 4031
f 4061 4072 4069
f 5153 5163 5190
f 4847 4848 4849
f 5253 5255 5256
f 524 579 520
f 509 511 510
f 4847 4850 4848
f 3013 3005 3008
f 520 521 511
f 3002 3005 3003
f 1377 1379 1378
f 1379 1384 1378
f 1239 1251 1242
f 1505 1493 1495
f 2232 2245 2233
f 1252 1250 1237
f 2255 2252 2256
f 1377 1382 1379
f 1252 1247 1259
f 2109 2105 2107
f 2835 2834 2832
f 2245 2252 2255
f 1383 1385 1377
f 1493 1494 1495
f 2232 2253 2245
f 1390 1386 1383
f 1383 1386 1385
f 2821 2818 2817
f 2232 2254 2253
f 2253 2251 2245
f 2245 2251 2252
f 2114 2116 2117
f 1494 1492 1491
f 1491 1486 1479
f 1391 1395 1392
f 1391 1392 1386
f 1492 1494 1485
f 1492 1485 1486
f 1486 1485 1479
f 1386 1392 1389
f 1285 1281 1284
f 1284 1281 1280
f 78 83 138
f 3490 3493 3492
f 4709 4690 4712
f 4711 4700 4702
f 4076 4080 4086
f 4707 4709 4710
f 4077 4079 4076
f 4075 4077 4076
f 4078 4077 4075
f 4078 4095 4077
f 1286 1274 1289
f 507 539 541
f 505 539 507
f 2230 2227 2226
f 4059 4027 4087
f 4028 4027 4059
f 2227 2218 2226
f 2772 2769 2773
f 508 510 523
f 2226 2218 2225
f 525 510 511
f 4068 4070 4061
f 4061 4070 4072
f 1380 1377 1376
f 1376 1377 1378
f 4209 4207 4206
f 2234 2233 2244
f 1381 1377 1380
f 1506 1509 1505
f 2255 2257 2258
f 2258 2257 2275
f 1505 1495 1506
f 2231 2232 2233
f 2233 2245 2244
f 1381 1383 1377
f 2244 2245 2255
f 2255 2256 2257
f 2275 2281 2272
f 2105 2106 2107
f 2107 2106 2108
f 2107 2108 2110
f 1390 1391 1386
f 2105 2112 2106
f 1396 1395 1393
f 1395 1391 1393
f 1393 1391 1390
f 1254 1260 1259
f 2106 2112 2111
f 2106 2111 2108
f 2108 2111 2110
f 117 111 139
f 55 60 61
f 77 83 78
f 4712 4688 4704
f 138 83 82
f 4697 4701 4708
f 4701 4694 4692
f 585 586 587
f 87 85 88
f 4095 4099 4077
f 4862 4863 4864
f 4076 4079 4080
f 4079 4081 4080
f 5182 5183 5157
f 4078 4096 4095
f 5156 5157 5155
f 120 94 137
f 5155 5164 5163
f 523 505 508
f 4031 4032 4029
f 4031 4029 4028
f 4028 4022 4027
f 5190 5251 5261
f 5282 5285 5283
f 525 523 510
f 4069 4072 4082
f 3013 3015 3005
f 2225 2213 2228
f 579 521 520
f 521 525 511
f 2261 2258 2259
f 2259 2258 2260
f 2260 2258 2274
f 1380 1405 1403
f 1380 1403 1381
f 2244 2255 2261
f 2261 2255 2258
f 2258 2271 2274
f 2258 2275 2271
f 2275 2273 2271
f 1381 1403 1383
f 2273 2275 2272
f 2281 2283 2282
f 2282 2283 2284
f 1401 1396 1393
f 1277 1280 1281
f 81 84 82
f 85 89 88
f 1839 1835 1824
f 88 89 120
f 4864 4863 4865
f 5157 5172 5155
f 94 97 137
f 2230 2224 2227
f 4029 4022 4028
f 137 97 98
f 5261 5251 5253
f 5253 5254 5255
f 5255 5254 5257
f 2235 2234 2246
f 2246 2244 2247
f 2244 2261 2247
f 2235 2231 2234
f 2274 2271 2267
f 2236 2231 2235
f 2241 2231 2236
f 2271 2273 2272
f 1408 1383 1403
f 1237 1246 1247
f 2272 2281 2276
f 2281 2282 2276
f 1254 1257 1261
f 1287 1279 1281
f 1280 1277 1265
f 4688 4686 4703
f 4693 4689 4687
f 1280 1265 1282
f 1839 1824 1836
f 5192 5191 5183
f 1282 1267 1286
f 1267 1274 1286
f 5183 5191 5157
f 1829 1821 1835
f 4096 4097 4095
f 5157 5191 5172
f 1830 1820 1829
f 5155 5172 5164
f 4021 4026 4022
f 1833 1811 1831
f 4029 4030 4022
f 4022 4030 4024
f 1832 1814 1833
f 4792 4793 4794
f 2225 2218 2216
f 2225 2216 2213
f 2772 2771 2769
f 5253 5252 5254
f 1837 1819 1832
f 2228 2213 2229
f 2775 2770 2771
f 2209 2211 2229
f 2249 2248 2247
f 1406 1405 1409
f 2239 2236 2238
f 2238 2236 2237
f 2263 2261 2262
f 2236 2235 2237
f 2237 2235 2248
f 2247 2261 2263
f 2262 2267 2266
f 2239 2240 2236
f 2248 2235 2246
f 2262 2259 2260
f 2266 2267 2268
f 1405 1414 1409
f 2248 2246 2247
f 2262 2261 2259
f 3646 3643 3645
f 3645 3643 3644
f 1407 1403 1406
f 1413 1407 1406
f 3643 3641 3644
f 2267 2271 2268
f 1406 1403 1405
f 2240 2242 2241
f 2240 2241 2236
f 2243 2241 2242
f 1415 1408 1407
f 1407 1408 1403
f 2272 2276 2268
f 2276 2282 2280
f 1257 1278 1287
f 1261 1257 1287
f 1278 1279 1287
f 1281 1279 1277
f 2975 2970 2974
f 4687 4684 4686
f 4686 4724 4703
f 1265 1267 1282
f 4099 4098 4100
f 4095 4098 4099
f 1821 1824 1835
f 4097 4098 4095
f 1829 1820 1821
f 2224 2221 2227
f 1810 1820 1830
f 1831 1810 1830
f 2221 2219 2227
f 1831 1811 1810
f 5251 5252 5253
f 2227 2219 2218
f 4024 4021 4023
f 1814 1811 1833
f 4032 4033 4029
f 4033 4034 4029
f 2064 2065 2066
f 1832 1819 1814
f 2213 2209 2229
f 1411 1406 1410
f 1406 1409 1410
f 3657 3658 3659
f 3731 3732 3733
f 1411 1412 1406
f 2269 2263 2264
f 4249 4250 4251
f 2629 2631 2632
f 3658 3660 3659
f 3915 3914 3913
f 2629 2630 2631
f 2270 2263 2269
f 2263 2262 2264
f 2264 2262 2265
f 2270 2247 2263
f 2265 2262 2266
f 2266 2268 2279
f 3644 3647 3651
f 3644 3642 3647
f 3644 3641 3642
f 2239 2242 2240
f 2268 2278 2279
f 3641 3640 3642
f 3643 3639 3641
f 3639 3640 3641
f 2268 2277 2278
f 2268 2276 2277
f 1416 1408 1415
f 4684 4685 4686
f 2976 2973 2971
f 5172 5193 5164
f 5164 5193 5251
f 1971 2001 2014
f 4307 4284 4283
f 2342 2341 2351
f 5558 5557 5544
f 5542 5541 5543
f 5541 5574 5543
f 2970 2972 2974
f 1841 1842 1843
f 2977 2976 2978
f 2977 2973 2976
f 1841 1838 1842
f 1265 1266 1267
f 1716 1705 1715
f 5191 5259 5248
f 5248 5172 5191
f 2224 2223 2221
f 5172 5194 5193
f 1810 1805 1820
f 5251 5193 5244
f 5251 5244 5208
f 5251 5208 5252
f 1966 1965 1967
f 5252 5258 5254
f 1819 1815 1814
f 279 308 274
f 272 279 274
f 308 338 274
f 5584 5559 5549
f 5559 5544 5549
f 5544 5543 5546
f 5546 5543 5555
f 5542 5543 5544
f 5591 5588 5590
f 5577 5526 5581
f 5543 5574 5555
f 5533 5526 5577
f 2970 2969 2972
f 4646 4641 4643
f 5588 5589 5590
f 4641 4635 4642
f 5540 5541 5542
f 5574 5529 5533
f 5533 5529 5527
f 5533 5527 5526
f 5526 5527 5525
f 5526 5525 5524
f 4635 4640 4642
f 5540 5535 5541
f 5541 5535 5574
f 5574 5535 5529
f 5540 5539 5535
f 4633 4635 4641
f 4635 4637 4640
f 1265 1268 1266
f 4635 4634 4636
f 4636 4637 4635
f 1715 1705 1706
f 1809 1823 1824
f 1266 1275 1274
f 1703 1705 1716
f 4636 4638 4637
f 1820 1804 1809
f 1820 1809 1821
f 5172 5248 5194
f 1820 1805 1804
f 4636 4639 4638
f 1810 1807 1805
f 1970 1969 1964
f 4024 4025 4021
f 1964 1965 1966
f 4846 4844 4845
f 1814 1813 1811
f 4639 4644 4638
f 2215 2213 2216
f 5276 5277 5278
f 1818 1815 1819
f 2213 2212 2209
f 2209 2212 2210
f 2209 2210 2211
f 1632 1633 1627
f 2882 2891 2883
f 2341 2346 2347
f 2343 2346 2341
f 281 278 273
f 274 338 324
f 338 334 324
f 5544 5546 5549
f 5549 5546 5550
f 5550 5546 5551
f 4602 4610 4609
f 4602 4609 4604
f 4604 4609 4611
f 5546 5555 5551
f 4612 4613 4610
f 4609 4616 4611
f 4650 4643 4649
f 1278 1272 1279
f 5555 5577 5551
f 5551 5577 5580
f 4630 4643 4650
f 4643 4642 4649
f 1279 1272 1277
f 5577 5581 5580
f 4609 4661 4616
f 4661 4621 4616
f 4610 4661 4609
f 4630 4631 4645
f 4645 4646 4643
f 4630 4645 4643
f 4631 4671 4645
f 4643 4641 4642
f 4625 4628 4630
f 4623 4625 4630
f 4630 4628 4631
f 4631 4628 4632
f 1277 1272 1265
f 5524 5525 5523
f 4625 4627 4628
f 4648 4633 4641
f 5529 5528 5527
f 5527 5528 5525
f 4628 4629 4632
f 4648 4632 4633
f 1265 1270 1268
f 4627 4629 4628
f 5539 5536 5535
f 5535 5534 5529
f 4632 4629 4633
f 5535 5536 5534
f 5534 5530 5529
f 4633 4634 4635
f 4633 4629 4634
f 4629 4653 4634
f 5270 5268 5267
f 4660 4636 4634
f 4636 4660 4639
f 2221 2220 2219
f 1811 1812 1807
f 1813 1812 1811
f 5244 5200 5208
f 2218 2215 2216
f 1814 1815 1813
f 4639 4651 4644
f 2213 2214 2212
f 4651 4657 4644
f 1632 1627 1631
f 1627 1629 1631
f 1627 1628 1629
f 4286 4272 4262
f 1627 1636 1628
f 1636 1635 1628
f 324 334 280
f 4596 4603 4602
f 280 334 287
f 4603 4610 4602
f 5553 5550 5552
f 4603 4590 4606
f 4603 4612 4610
f 4604 4611 4605
f 4611 4656 4605
f 4664 4663 4650
f 4650 4649 4664
f 5552 5551 5554
f 4603 4606 4612
f 4611 4617 4656
f 4656 4617 4655
f 276 335 328
f 4655 4617 4619
f 4658 4630 4663
f 4663 4630 4650
f 4606 4613 4612
f 4611 4616 4617
f 4617 4618 4619
f 4658 4623 4630
f 4608 4607 4595
f 4599 4608 4595
f 4617 4616 4618
f 5580 5581 5582
f 4148 4149 4150
f 4619 4618 4623
f 4613 4662 4610
f 4620 4622 4618
f 4607 4614 4613
f 4610 4662 4661
f 4618 4622 4623
f 4662 4666 4661
f 4622 4625 4623
f 1272 1270 1265
f 4622 4626 4625
f 5522 5523 5521
f 4626 4627 4625
f 5528 5548 5525
f 5525 5548 5523
f 5548 5521 5523
f 4627 4626 4673
f 1690 1694 1695
f 4654 4652 4627
f 5570 5547 5539
f 5539 5547 5536
f 5529 5530 5528
f 4627 4652 4629
f 1704 1717 1707
f 5536 5537 5534
f 4652 4653 4629
f 5267 5268 5269
f 1809 1822 1823
f 4653 4660 4634
f 2223 2222 2221
f 4660 4674 4639
f 2220 2217 2219
f 1969 1968 1964
f 1965 1968 1973
f 2219 2217 2218
f 2218 2217 2215
f 5195 5200 5244
f 5193 5195 5244
f 1815 1816 1813
f 2215 2214 2213
f 5277 5279 5278
f 1818 1817 1815
f 4639 4674 4651
f 1628 1635 1634
f 1253 1256 1257
f 4596 4602 4601
f 4591 4603 4596
f 4602 4604 4601
f 4591 4590 4603
f 4601 4604 4605
f 1257 1258 1278
f 4670 4655 4665
f 4656 4655 4670
f 4655 4619 4665
f 4665 4619 4658
f 4619 4623 4658
f 4595 4607 4606
f 4607 4613 4606
f 4613 4614 4615
f 5578 5520 5576
f 4616 4620 4618
f 5520 5561 5576
f 4616 4621 4620
f 5522 5521 5520
f 4662 4667 4666
f 4661 4666 4621
f 4620 4624 4622
f 4624 4626 4622
f 5528 5532 5538
f 5528 5538 5548
f 3408 3411 3412
f 5528 5531 5532
f 1704 1709 1717
f 1114 1099 1103
f 1717 1718 1707
f 5547 5537 5536
f 5534 5537 5545
f 5534 5545 5530
f 4652 4659 4653
f 5235 5220 5248
f 4653 4659 4660
f 1646 1656 1653
f 4505 4504 4509
f 470 468 466
f 470 466 471
f 5248 5196 5194
f 2221 2222 2220
f 1807 1806 1805
f 1812 1808 1807
f 5194 5195 5193
f 5194 5196 5195
f 1813 1808 1812
f 5277 5281 5280
f 4589 4591 4596
f 4589 4590 4591
f 4672 4656 4670
f 4597 4599 4595
f 4595 4606 4590
f 4148 4147 4149
f 1278 1273 1272
f 5576 5561 5575
f 4621 4669 4620
f 4620 4669 4668
f 5520 5517 5519
f 4666 4669 4621
f 4620 4668 4624
f 5521 5517 5520
f 2658 2657 2660
f 2660 2661 2662
f 1270 1271 1268
f 1690 1692 1694
f 5570 5571 5547
f 1094 1104 1103
f 1268 1271 1269
f 1268 1269 1266
f 1704 1708 1709
f 1113 1095 1100
f 1100 1097 1099
f 1643 1653 1644
f 1644 1653 1657
f 1266 1269 1276
f 1266 1276 1275
f 475 471 473
f 4505 4503 4504
f 474 468 470
f 471 466 460
f 5199 5196 5248
f 3289 3282 3284
f 3289 3284 3288
f 1816 1808 1813
f 3288 3284 3286
f 2217 2214 2215
f 5195 5197 5200
f 5200 5201 5208
f 1995 1993 1996
f 3286 3279 3276
f 3288 3286 3276
f 3276 3279 3277
f 3276 3277 3278
f 4589 4592 4590
f 4597 4595 4593
f 4593 4595 4590
f 4145 4147 4148
f 1258 1264 1278
f 1273 1270 1272
f 5561 5556 5575
f 5520 5519 5561
f 2675 2674 2672
f 2670 2668 2671
f 2671 2668 2655
f 2671 2655 2658
f 2672 2663 2670
f 2658 2655 2657
f 2657 2661 2660
f 1720 1723 1724
f 5548 5579 5521
f 5521 5579 5517
f 5548 5538 5579
f 3408 3409 3410
f 3408 3410 3411
f 1094 1102 1104
f 5570 5572 5571
f 3411 3410 3413
f 3413 3410 3414
f 1098 1095 1113
f 1099 1094 1103
f 1100 1095 1093
f 1100 1093 1097
f 1097 1092 1099
f 3413 3414 3415
f 1804 1803 1809
f 3295 3294 3289
f 5271 5272 5273
f 3289 3294 3282
f 471 460 473
f 5198 5197 5196
f 5196 5197 5195
f 2202 2152 2164
f 4844 4843 4845
f 4842 4843 4844
f 5200 5197 5201
f 350 357 344
f 5519 5556 5561
f 2670 2665 2668
f 2657 2656 2661
f 5517 5513 5515
f 5517 5515 5519
f 5579 5513 5517
f 5234 5218 5217
f 1108 1105 1112
f 5579 5563 5513
f 1708 1711 1710
f 1710 1709 1708
f 1104 1105 1108
f 5516 5513 5560
f 5600 5597 5601
f 5234 5217 5220
f 1688 1689 1690
f 1689 1692 1690
f 5572 5573 5571
f 1112 1105 1115
f 5592 5593 5594
f 5579 5565 5563
f 5563 5564 5560
f 5594 5593 5595
f 5565 5564 5563
f 5564 5566 5560
f 5560 5566 5567
f 1099 1092 1094
f 1804 1764 1803
f 5568 5567 5566
f 1806 1764 1805
f 473 460 462
f 5199 5198 5196
f 2202 2203 2152
f 2605 2603 2604
f 2604 2603 2596
f 2603 2602 2596
f 1224 1206 1227
f 2467 2461 2463
f 4594 4597 4593
f 1264 1292 1273
f 2674 2673 2672
f 2672 2673 2663
f 2655 2659 2656
f 5519 5515 5556
f 2655 2656 2657
f 1270 1291 1271
f 5221 5218 5234
f 3300 3297 3299
f 5513 5514 5515
f 3299 3297 3298
f 5514 5518 5515
f 1102 1106 1105
f 1691 1689 1688
f 5600 5598 5597
f 5597 5598 5599
f 5217 5219 5220
f 1098 1091 1095
f 1092 1084 1094
f 1093 1092 1097
f 2012 2008 2010
f 5274 5272 5271
f 1806 1769 1764
f 4503 4500 4504
f 3282 3283 3284
f 2164 2152 2153
f 3284 3283 3285
f 2207 2205 2206
f 3284 3285 3286
f 5197 5202 5201
f 3286 3285 3280
f 3286 3280 3279
f 3279 3280 3277
f 2605 2602 2603
f 2596 2594 2591
f 2596 2602 2594
f 2591 2594 2592
f 2591 2592 2593
f 1198 1200 1203
f 2461 2458 2463
f 1227 1228 1234
f 4151 4146 4145
f 4145 4146 4147
f 1273 1292 1270
f 1270 1292 1291
f 2668 2669 2655
f 2655 2669 2659
f 2663 2665 2670
f 5556 5515 5562
f 3299 3301 3300
f 5218 5216 5217
f 1711 1712 1710
f 5515 5518 5562
f 5562 5518 5587
f 1689 1693 1692
f 1106 1107 1105
f 1107 1115 1105
f 3297 3296 3294
f 462 465 472
f 1084 1086 1094
f 5593 5596 5595
f 1767 1803 1764
f 1093 1082 1092
f 1092 1082 1084
f 2010 2008 1997
f 1760 1764 1769
f 2154 2155 2157
f 4503 4508 4500
f 460 461 462
f 4504 4506 4507
f 469 467 468
f 468 467 466
f 3282 3287 3283
f 5199 5210 5198
f 2203 2130 2152
f 5198 5210 5197
f 5197 5203 5202
f 3280 3281 3277
f 1556 1555 1554
f 2591 2593 2597
f 4130 4128 4127
f 4127 4128 4129
f 4127 4129 4136
f 4128 4131 4129
f 4129 4133 4136
f 2592 2595 2593
f 2593 2595 2597
f 2597 2595 2598
f 2597 2598 2599
f 4133 4129 4132
f 4133 4132 4134
f 2595 2600 2598
f 1570 1559 1563
f 19 20 21
f 4158 4159 4160
f 4161 4158 4160
f 603 637 638
f 5585 5562 5586
f 1712 1714 1713
f 1101 1096 1117
f 3845 3846 3847
f 1094 1086 1102
f 1107 1111 1115
f 3401 3402 3403
f 1803 1799 1802
f 1096 1091 1098
f 462 464 465
f 1769 1761 1760
f 1095 1091 1080
f 1095 1080 1093
f 5274 5275 5272
f 463 461 460
f 467 463 466
f 466 463 460
f 5199 5262 5210
f 5197 5210 5203
f 4131 4132 4129
f 4132 4135 4134
f 1206 1221 1228
f 1563 1559 1562
f 1559 1561 1562
f 2600 2601 2598
f 4134 4135 4137
f 1559 1560 1561
f 2461 2459 2458
f 5228 5226 5227
f 5227 5226 5225
f 662 661 636
f 660 662 636
f 606 604 599
f 599 602 601
f 4856 4857 4858
f 601 637 603
f 5223 5222 5221
f 2665 2667 2668
f 2668 2667 2669
f 5221 5216 5218
f 2663 2664 2665
f 3579 3587 3588
f 2663 2666 2664
f 2478 2476 2475
f 2479 2476 2478
f 3576 3587 3579
f 2480 2479 2478
f 2155 2161 2159
f 5217 5215 5219
f 3402 3404 3403
f 1769 1774 1761
f 1096 1088 1091
f 1760 1762 1764
f 4500 4506 4504
f 2206 2134 2131
f 3283 3292 3280
f 2205 2134 2206
f 1544 1547 1558
f 4164 4163 4159
f 4163 4162 4159
f 2464 2459 2461
f 4159 4162 4160
f 1228 1233 1234
f 360 374 384
f 5228 5229 5226
f 4367 4368 4356
f 2697 2699 2700
f 4493 4494 4491
f 604 602 599
f 4490 4491 4492
f 2705 2706 2704
f 4492 4491 4495
f 637 672 670
f 5223 5224 5222
f 2705 2707 2706
f 2676 2666 2673
f 2503 2483 2504
f 2504 2483 2482
f 2483 2481 2482
f 2482 2481 2480
f 2481 2479 2480
f 5217 5216 5215
f 1779 1778 1774
f 1106 1110 1109
f 1106 1109 1107
f 1109 1111 1107
f 1799 1800 1802
f 1800 1801 1826
f 1802 1800 1826
f 1826 1801 1827
f 1774 1773 1761
f 1096 1101 1088
f 1655 1647 1638
f 1761 1758 1760
f 1760 1759 1762
f 1764 1762 1767
f 1091 1088 1080
f 1084 1085 1086
f 461 464 462
f 1093 1080 1082
f 3290 3291 3287
f 2130 2129 2141
f 2130 2141 2142
f 3287 3291 3283
f 3283 3291 3292
f 5210 5205 5203
f 5203 5204 5202
f 654 653 655
f 2464 2471 2459
f 2101 2099 2102
f 2458 2459 2460
f 2694 2697 2696
f 5225 5224 5223
f 604 607 605
f 608 607 604
f 2302 2303 2304
f 2664 2666 2667
f 5747 5748 5749
f 5747 5749 5750
f 2305 2300 2302
f 2300 2301 2302
f 2302 2301 2303
f 2301 2306 2303
f 2498 2488 2499
f 2501 2498 2499
f 2303 2306 2307
f 2499 2488 2500
f 2500 2488 2503
f 5221 5222 5216
f 4807 4808 4809
f 2502 2498 2501
f 2503 2488 2483
f 3576 3582 3587
f 1799 1794 1800
f 1773 1758 1761
f 1101 1116 1088
f 5219 5215 5262
f 1758 1759 1760
f 1084 1081 1085
f 2141 2143 2142
f 2142 2143 2156
f 1082 1081 1084
f 4508 4501 4500
f 5262 5209 5210
f 5209 5205 5210
f 652 653 654
f 2194 2140 2205
f 2205 2140 2134
f 4198 4196 4195
f 2099 2092 2094
f 2092 2093 2094
f 2094 2093 2095
f 5225 5226 5224
f 2093 2096 2095
f 2095 2096 2097
f 2097 2096 2098
f 2678 2679 2677
f 2498 2492 2488
f 5733 5730 5732
f 2494 2498 2502
f 2481 2485 2486
f 2483 2484 2481
f 5216 5214 5215
f 189 190 197
f 3406 3407 3404
f 1799 1797 1794
f 1773 1772 1758
f 1088 1087 1080
f 1080 1083 1081
f 1080 1081 1082
f 4499 4500 4501
f 5262 5215 5209
f 5203 5205 5204
f 2134 2140 2132
f 352 371 358
f 2459 2462 2460
f 4195 4196 4197
f 2460 2462 2465
f 2468 2469 2470
f 2491 2490 2488
f 2485 2489 2486
f 616 617 610
f 2470 2469 2473
f 2470 2473 2474
f 5730 5731 5732
f 2484 2485 2481
f 5481 5479 5482
f 5479 5483 5482
f 2147 2145 2167
f 1776 1772 1773
f 1778 1776 1773
f 1767 1797 1799
f 2653 2646 2654
f 156 157 158
f 1763 1766 1767
f 1089 1088 1116
f 1088 1089 1087
f 1759 1763 1762
f 1767 1762 1763
f 1080 1087 1083
f 5215 5212 5209
f 4499 4502 4500
f 5209 5207 5205
f 5205 5206 5204
f 2194 2166 2140
f 890 888 891
f 375 358 371
f 4196 4199 4197
f 2465 2462 2466
f 2465 2466 2468
f 5226 5236 5224
f 2468 2466 2469
f 5224 5236 5222
f 3607 3617 3611
f 2680 2679 2678
f 5735 5738 5739
f 5740 5741 5742
f 5740 5742 5743
f 3620 3610 3614
f 188 187 189
f 5214 5212 5215
f 1797 1796 1794
f 1767 1766 1797
f 1758 1765 1759
f 1759 1765 1763
f 3592 3593 3591
f 1228 1221 1232
f 3377 3376 3378
f 3377 3374 3376
f 891 888 889
f 5229 5230 5226
f 3620 3605 3610
f 3605 3607 3609
f 186 185 192
f 5481 5480 5479
f 187 183 186
f 1796 1795 1794
f 2647 2646 2653
f 156 152 157
f 1772 1771 1758
f 1758 1771 1765
f 1765 1766 1763
f 154 152 156
f 153 151 154
f 1221 1226 1232
f 3374 3375 3376
f 3376 3375 3379
f 3604 3600 3603
f 3606 3599 3605
f 610 612 611
f 924 892 895
f 185 184 200
f 3616 3617 3607
f 3608 3616 3607
f 183 185 186
f 5479 5484 5483
f 924 895 927
f 5744 5745 5746
f 1776 1777 1771
f 2188 2186 2185
f 1797 1825 1796
f 1771 1770 1765
f 1770 1768 1765
f 1765 1768 1766
f 154 151 152
f 5211 5207 5209
f 800 797 771
f 800 771 794
f 797 772 771
f 5230 5231 5226
f 3379 3375 3380
f 776 774 772
f 635 618 674
f 5226 5231 5236
f 3602 3618 3608
f 3618 3616 3608
f 892 885 895
f 5236 5239 5222
f 5479 5478 5484
f 1798 1795 1796
f 1766 1768 1825
f 1089 1090 1087
f 155 147 153
f 147 151 153
f 1187 1226 1221
f 816 815 814
f 814 815 800
f 814 800 813
f 800 794 813
f 794 771 770
f 772 769 771
f 772 774 769
f 776 778 774
f 779 778 776
f 791 781 779
f 5236 5238 5239
f 5480 5477 5479
f 5479 5477 5478
f 1787 1781 1788
f 2652 2648 2651
f 2648 2647 2651
f 1798 1781 1795
f 1795 1781 1787
f 2647 2648 2645
f 152 161 160
f 151 150 152
f 4873 4875 4876
f 4873 4874 4875
f 1076 1073 1075
f 1368 1369 1367
f 794 770 796
f 771 769 770
f 774 778 775
f 779 781 778
f 5237 5236 5231
f 801 798 791
f 791 798 781
f 1059 1060 1061
f 3551 3550 3547
f 5477 5476 5478
f 5478 5476 5485
f 2649 2645 2648
f 146 147 155
f 147 150 151
f 1079 1074 1073
f 4553 4561 4554
f 1073 1065 1075
f 4561 4562 4554
f 5243 5242 5233
f 5242 5241 5233
f 1075 1065 1077
f 5241 5232 5233
f 770 763 796
f 5233 5232 5230
f 770 769 763
f 5230 5232 5231
f 5240 5237 5231
f 774 775 769
f 1062 1060 1059
f 781 780 778
f 778 780 775
f 5476 5487 5485
f 5477 5473 5476
f 3547 3550 3548
f 1781 1782 1783
f 2648 2650 2649
f 144 145 146
f 147 149 150
f 4568 4567 4569
f 1368 1367 1366
f 1073 1067 1065
f 3681 3682 3679
f 1851 1854 1847
f 1847 1854 1855
f 1065 1062 1078
f 1065 1078 1077
f 1855 1854 1856
f 769 764 763
f 769 775 773
f 798 780 781
f 5477 5475 5473
f 1060 1072 1061
f 3548 3550 3549
f 1786 1784 1785
f 1785 1784 1781
f 1781 1784 1782
f 4557 4558 4552
f 1852 1848 1853
f 1852 1844 1848
f 1852 1859 1844
f 1846 1847 1857
f 810 809 811
f 1844 1845 1846
f 1846 1845 1847
f 1857 1847 1858
f 1065 1067 1064
f 810 763 809
f 1858 1847 1855
f 1858 1855 1863
f 2628 2627 2622
f 1065 1064 1062
f 3535 3538 3537
f 2627 2620 2622
f 780 805 775
f 775 805 773
f 3538 3540 3541
f 5487 5476 5488
f 798 802 780
f 802 806 780
f 172 174 176
f 176 174 178
f 3799 3797 3800
f 1849 1860 1850
f 3971 3972 3969
f 1365 1303 1304
f 1366 1365 1304
f 1853 1848 1850
f 1848 1846 1849
f 1850 1848 1849
f 3531 3532 3533
f 3533 3532 3534
f 1848 1844 1846
f 3529 3530 3531
f 3531 3530 3532
f 3529 3535 3530
f 809 763 766
f 1062 1064 1063
f 3535 3540 3538
f 1062 1063 1060
f 763 764 765
f 763 765 766
f 2621 2623 2619
f 5469 5472 5473
f 5473 5472 5476
f 5487 5488 5502
f 780 806 805
f 2787 2789 2790
f 1060 1071 1072
f 226 212 163
f 3799 3795 3797
f 165 168 172
f 172 168 174
f 1171 1170 1173
f 1303 1359 1298
f 1063 1066 1060
f 5469 5466 5472
f 805 804 773
f 773 804 764
f 764 804 803
f 765 767 766
f 5476 5472 5488
f 5502 5488 5495
f 1060 1066 1071
f 764 777 765
f 168 175 174
f 1074 1068 1067
f 1298 1359 1299
f 1359 1363 1299
f 1363 1301 1299
f 5496 5491 5497
f 2792 2789 2793
f 5472 5489 5488
f 5495 5488 5491
f 5495 5491 5496
f 766 767 807
f 803 777 764
f 167 168 165
f 2297 2296 2295
f 2296 2286 2295
f 1868 1870 1864
f 3972 3973 3974
f 1067 1068 1064
f 203 209 211
f 5466 5467 5468
f 5466 5468 5472
f 5491 5494 5497
f 5469 5467 5466
f 3171 3165 3176
f 5489 5490 5488
f 5488 5490 5491
f 2794 2795 2799
f 3797 3788 3801
f 767 765 768
f 166 169 173
f 173 169 167
f 765 777 768
f 2298 2295 2285
f 2295 2286 2285
f 5468 5467 5470
f 3170 3165 3171
f 2793 2794 2799
f 807 767 795
f 166 210 169
f 3795 3788 3797
f 3176 3167 3180
f 1180 1199 1173
f 2285 2287 2288
f 2285 2286 2287
f 3974 3975 3976
f 5507 5508 5509
f 5468 5505 5503
f 5470 5471 5468
f 2793 2799 2796
f 2796 2799 2797
f 2799 2803 2797
f 3796 3791 3795
f 3795 3791 3788
f 3801 3788 3785
f 3176 3165 3167
f 3180 3167 3179
f 1180 1202 1199
f 1199 1202 1219
f 2287 2289 2288
f 2288 2289 2290
f 2289 2294 2290
f 1068 1069 1064
f 3170 3166 3164
f 3170 3164 3165
f 2796 2797 2798
f 3785 3788 3786
f 2797 2803 2801
f 3785 3786 3787
f 795 768 784
f 777 782 768
f 2288 2290 2291
f 2294 2292 2290
f 2292 2293 2291
f 2290 2292 2291
f 4152 4153 4154
f 2802 2800 2804
f 1063 1069 1070
f 2802 2798 2800
f 2804 2800 2785
f 2800 2798 2797
f 2801 2786 2785
f 2800 2801 2785
f 2785 2786 2784
f 2797 2801 2800
f 3787 3786 3789
f 3788 3791 3786
f 784 785 795
f 768 782 783
f 768 783 784
f 1219 1202 1225
f 1738 1728 1740
f 2785 2784 2778
f 2784 2783 2778
f 3786 3790 3789
f 3164 3161 3165
f 3165 3161 3167
f 3167 3161 3160
f 3167 3174 3179
f 784 783 785
f 3791 3794 3793
f 3167 3160 3174
f 782 799 783
f 783 786 785
f 3184 3185 3182
f 785 786 787
f 783 799 786
f 1360 1308 1305
f 3174 3160 3158
f 3174 3158 3168
f 785 787 808
f 786 788 787
f 808 787 812
f 799 792 786
f 786 792 788
f 3463 3471 3470
f 3460 3463 3470
f 3460 3462 3463
f 4893 4894 4895
f 3463 3462 3465
f 3160 3159 3158
f 3168 3177 3174
f 3460 3464 3461
f 3460 3461 3462
f 2509 2506 2508
f 3071 3069 3066
f 3069 3067 3066
f 3066 3067 3068
f 3462 3466 3465
f 2508 2513 2509
f 3476 3474 3475
f 3474 3466 3475
f 3475 3466 3462
f 2509 2513 2514
f 3476 3484 3474
f 3466 3467 3465
f 3465 3467 3469
f 3307 3305 3310
f 3486 3483 3484
f 5776 5777 5778
f 5751 5753 5754
f 5754 5753 5755
f 5772 5775 5773
f 5772 5773 5774
f 3159 3139 3158
f 792 793 788
f 788 793 789
f 788 789 787
f 2505 2506 2507
f 2507 2506 2515
f 1319 1362 1325
f 2505 2508 2506
f 2505 2512 2508
f 3311 3309 3307
f 3307 3306 3305
f 3474 3472 3466
f 3472 3468 3466
f 3468 3467 3466
f 3474 3484 3472
f 3484 3483 3472
f 3088 3085 3087
f 3168 3157 3177
f 3177 3156 3178
f 787 789 790
f 787 790 812
f 2510 2505 2507
f 2510 2511 2505
f 2510 2507 2515
f 1160 1162 1163
f 1162 1165 1164
f 2046 2047 2039
f 3309 3308 3307
f 3303 3302 3305
f 3472 3473 3468
f 3472 3483 3473
f 3468 3478 3467
f 3467 3478 3488
f 3305 3302 3310
f 3483 3485 3473
f 3572 3571 3570
f 3572 3570 3573
f 5783 5785 5787
f 5756 5752 5751
f 5757 5756 5751
f 5751 5752 5753
f 3172 3139 3159
f 3168 3158 3157
f 3177 3157 3156
f 1318 1364 1361
f 1159 1160 1161
f 2516 2511 2510
f 3216 3217 3218
f 5785 5786 5787
f 5787 5786 5788
f 3139 3138 3158
f 1159 1157 1156
f 1159 1156 1160
f 1160 1156 1162
f 1162 1156 1165
f 1156 1166 1165
f 2039 2038 2041
f 3468 3473 3477
f 3924 3921 3923
f 3468 3477 3478
f 5783 5784 5785
f 5785 5784 5786
f 3151 3137 3139
f 3137 3138 3139
f 3158 3138 3157
f 3157 3142 3156
f 3156 3175 3178
f 3574 3566 3571
f 2041 2038 2050
f 2050 2038 2045
f 3921 3922 3923
f 3478 3477 3479
f 3214 3215 3216
f 3138 3137 3134
f 3134 3136 3142
f 4774 4775 4776
f 3138 3142 3157
f 3142 3153 3156
f 3156 3153 3175
f 1156 1157 1147
f 2610 2611 2609
f 1147 1154 1156
f 1156 1154 1166
f 3566 3569 3570
f 3571 3566 3570
f 2038 2040 2045
f 3783 3779 3781
f 3214 3219 3215
f 2949 2951 2955
f 3477 3480 3479
f 3480 3481 3479
f 3479 3481 3482
f 1158 1147 1157
f 1147 1146 1154
f 2945 2952 2951
f 2949 2945 2951
f 3137 3135 3134
f 3134 3135 3136
f 3136 3141 3142
f 3153 3152 3154
f 3154 3190 3155
f 3153 3154 3155
f 1145 1146 1147
f 2952 2953 2951
f 3480 3487 3481
f 3150 3135 3137
f 3135 3140 3136
f 1330 1343 1342
f 3140 3141 3136
f 4165 4166 4167
f 3142 3147 3152
f 4765 4761 4764
f 4765 4766 4761
f 1145 1148 1146
f 3826 3827 3828
f 1146 1153 1154
f 3931 3928 3930
f 1153 1155 1154
f 3397 3398 3399
f 2952 2954 2953
f 3765 3766 3767
f 3142 3143 3147
f 4166 4168 4167
f 4761 4759 4760
f 4761 4762 4759
f 4821 4822 4823
f 1145 1149 1148
f 3930 3928 3929
f 1153 1152 1155
f 1152 1153 1150
f 3341 3344 3343
f 2943 2944 2945
f 1586 1583 1584
f 3397 3400 3398
f 3566 3564 3569
f 4177 4178 4179
f 2034 2031 2035
f 3769 3767 3768
f 2035 2031 2036
f 2334 2331 2339
f 2339 2331 2335
f 3767 3766 3768
f 3140 3144 3143
f 4465 4473 4474
f 4465 4461 4473
f 4473 4461 4472
f 4759 4758 4760
f 4475 4476 4472
f 3345 3346 3340
f 3340 3342 3345
f 3340 3341 3342
f 1150 1151 1152
f 3567 3558 3566
f 3688 3687 3683
f 3558 3564 3566
f 2943 2946 2944
f 2028 2031 2034
f 2331 2333 2335
f 4167 4168 4169
f 4167 4169 4171
f 4168 4170 4169
f 3443 3447 3445
f 4458 4461 4465
f 4456 4457 4458
f 4457 4461 4458
f 4457 4469 4461
f 4461 4470 4472
f 4472 4470 4475
f 2849 2846 2847
f 4762 4763 4759
f 2847 2846 2842
f 2842 2846 2837
f 2842 2837 2841
f 2841 2837 2840
f 2840 2837 2839
f 3925 3927 3933
f 3925 3933 3934
f 3568 3558 3567
f 2946 2947 2944
f 2333 2330 2335
f 4469 4470 4461
f 4763 4767 4759
f 4767 4757 4759
f 4759 4757 4758
f 3898 3899 3900
f 3561 3564 3558
f 3564 3561 3563
f 4459 4454 4466
f 4193 4191 4192
f 4193 4192 4194
f 4449 4453 4454
f 3442 3443 3444
f 4452 4455 4456
f 4452 4456 4460
f 4455 4457 4456
f 2867 2851 2864
f 4457 4468 4469
f 2928 2929 2930
f 2846 2845 2837
f 2929 2931 2930
f 3559 3557 3558
f 3558 3552 3561
f 2946 2948 2947
f 3560 3562 3561
f 3561 3562 3563
f 2026 2027 2028
f 3562 3565 3563
f 2329 2336 2332
f 2330 2329 2332
f 4459 4449 4454
f 4459 4450 4449
f 4191 4190 4192
f 4191 4186 4190
f 4449 4451 4453
f 456 458 457
f 4455 4447 4467
f 4467 4468 4457
f 4455 4467 4457
f 2851 2850 2849
f 2849 2850 2846
f 2930 2931 2932
f 4757 4756 4755
f 2846 2848 2845
f 5346 5347 5349
f 5350 5346 5349
f 5349 5347 5351
f 5351 5347 5352
f 2837 2845 2843
f 2837 2843 2838
f 2838 2843 2844
f 3558 3557 3552
f 2037 2033 2027
f 3552 3554 3555
f 3560 3565 3562
f 2028 2027 2029
f 2028 2029 2031
f 2031 2029 2032
f 4463 4462 4459
f 4462 4450 4459
f 3770 3775 3776
f 4449 4450 4448
f 4449 4447 4451
f 4449 4448 4447
f 4186 4188 4187
f 3635 3632 3634
f 4451 4447 4452
f 4447 4455 4452
f 2916 2917 2921
f 4817 4819 4818
f 3450 3452 3459
f 2851 2852 2850
f 2850 2848 2846
f 3557 3553 3552
f 3552 3553 3554
f 2033 2030 2027
f 2329 2337 2336
f 4463 4464 4462
f 3770 3771 3772
f 3770 3772 3775
f 2901 2910 2906
f 2901 2906 2905
f 3634 3632 3633
f 4447 4446 4467
f 2852 2853 2850
f 2850 2853 2854
f 5340 5331 5333
f 5340 5333 5343
f 4479 4480 4481
f 3555 3554 3556
f 3555 3556 3560
f 3560 3556 3565
f 3565 3556 3575
f 2027 2030 2029
f 2337 2338 2336
f 3774 3773 3771
f 3771 3773 3772
f 4173 4172 4174
f 4446 4471 4467
f 1338 1339 1353
f 3053 3052 3050
f 2848 2858 2845
f 4173 4174 4175
f 4173 4175 4176
f 4781 4782 4783
f 4447 4445 4446
f 4446 4444 4471
f 3047 3050 3052
f 5336 5332 5338
f 5333 5332 5336
f 5331 5334 5332
f 5331 5332 5333
f 2854 2857 2848
f 2857 2858 2848
f 2858 2860 2843
f 4479 4482 4480
f 3777 3774 3771
f 3629 3630 3631
f 3196 3204 3195
f 4445 4444 4446
f 2853 2855 2854
f 5331 5339 5334
f 2854 2855 2857
f 2857 2859 2858
f 2859 2861 2858
f 1354 1351 1355
f 3901 3902 3903
f 5334 5335 5332
f 2858 2861 2860
f 4445 4440 4444
f 3047 3048 3049
f 4440 4442 4444
f 3049 3048 3055
f 5334 5342 5335
f 2856 2866 2853
f 2853 2866 2855
f 1355 1356 1357
f 2919 2923 2922
f 5335 5345 5341
f 4440 4441 4442
f 4443 4441 4440
f 5342 5345 5335
f 2861 2862 2860
f 3936 3937 3938
f 3939 3936 3938
f 2859 2865 2861
f 2862 2861 2863
f 2746 2753 2754
f 4418 4421 4419
f 4831 4832 4833
f 2753 2746 2752
f 2575 2576 2573
f 4417 4418 4419
f 2746 2754 2755
f 4532 4512 4511
f 3316 3318 3317
f 2574 2575 2573
f 4417 4419 4420
f 2452 2454 2453
f 5634 5635 5632
f 3388 3390 3391
f 2452 2453 2450
f 3386 3390 3388
f 2747 2746 2755
f 3315 3316 3317
f 4417 4420 4428
f 5634 5632 5631
f 2745 2746 2747
f 4531 4532 4530
f 4530 4532 4511
f 3319 3316 3315
f 4530 4511 4527
f 2572 2574 2573
f 4012 4009 4014
f 2451 2452 2450
f 4425 4417 4428
f 4010 4009 4012
f 4528 4531 4530
f 4423 4417 4425
f 5629 5631 5627
f 5627 5631 5632
f 2750 2745 2748
f 2745 2747 2748
f 2748 2747 2749
f 2451 2450 2449
f 2455 2451 2449
f 3385 3386 3387
f 3385 3387 3389
f 4528 4530 4524
f 4524 4530 4527
f 3315 3317 3320
f 4422 4417 4423
f 4423 4425 4430
f 2568 2572 2571
f 5628 5629 5627
f 5628 5627 5626
f 2992 3001 2991
f 2992 2991 2984
f 2443 2445 2444
f 2445 2457 2456
f 2444 2445 2456
f 5636 5627 5632
f 3542 3543 3544
f 3542 3544 3545
f 2751 2750 2748
f 4524 4527 4522
f 3824 3810 3811
f 5662 5665 5663
f 2449 2448 2436
f 2436 2448 2446
f 2568 2571 2564
f 3761 3763 3762
f 5626 5627 5613
f 5627 5636 5613
f 4528 4524 4525
f 5654 5655 5656
f 5657 5655 5654
f 5659 5657 5654
f 3057 3058 3059
f 4423 4430 4429
f 2437 2436 2446
f 5628 5626 5630
f 4525 4524 4523
f 4522 4521 4516
f 4104 4101 4103
f 3811 3810 3809
f 2544 2545 2543
f 5662 5663 5664
f 4427 4422 4424
f 4424 4422 4423
f 4426 4423 4429
f 3059 3058 3060
f 3058 3065 3060
f 3060 3065 3064
f 2443 2444 2442
f 5622 5626 5613
f 4516 4521 4513
f 2550 2548 2549
f 2551 2550 2549
f 3205 3206 3207
f 3825 3824 3812
f 3812 3824 3811
f 2548 2544 2546
f 3812 3811 3809
f 5654 5656 5658
f 5679 5680 5681
f 4424 4423 4426
f 2436 2437 2438
f 3059 3060 3062
f 2442 2440 2443
f 5622 5613 5611
f 5611 5613 5612
f 5610 5612 5616
f 1660 1661 1658
f 5623 5616 5637
f 3825 3812 3815
f 2549 2548 2546
f 3273 3270 3272
f 3812 3809 3813
f 2546 2544 2537
f 2537 2544 2543
f 5658 5656 5660
f 5658 5660 5661
f 5674 5681 5675
f 3060 3064 3063
f 2437 2440 2439
f 2439 2440 2441
f 2441 2440 2442
f 5633 5630 5626
f 5633 5626 5643
f 5643 5626 5622
f 5611 5643 5622
f 5611 5612 5610
f 5610 5616 5623
f 5610 5623 5606
f 5606 5623 5608
f 4520 4517 4529
f 3911 3906 3905
f 2552 2551 2549
f 3817 3815 3816
f 3816 3815 3814
f 3274 3275 3271
f 3270 3274 3271
f 3814 3815 3812
f 3270 3271 3272
f 2537 2543 2541
f 2541 2542 2540
f 3704 3712 3711
f 4407 4408 4406
f 2438 2437 2439
f 5644 5645 5646
f 3062 3060 3063
f 2985 3000 2987
f 5617 5643 5611
f 1661 1669 1658
f 2965 2968 2967
f 3904 3905 3906
f 3818 3817 3816
f 3089 3091 3096
f 4533 4534 4535
f 2987 2995 2989
f 2989 2995 2996
f 5617 5611 5614
f 5614 5611 5609
f 1658 1667 1665
f 5609 5611 5610
f 5609 5610 5606
f 2964 2965 2966
f 5607 5606 5608
f 3822 3821 3820
f 5607 5608 5624
f 2965 2967 2966
f 2555 2552 2554
f 1871 1872 1873
f 2537 2541 2540
f 3707 3704 3711
f 3625 3624 3626
f 5639 5643 5620
f 3000 2998 2987
f 2987 2998 2995
f 5620 5617 5614
f 1669 1670 1667
f 3512 3513 3514
f 5614 5609 5615
f 5647 5648 5649
f 1876 1884 1883
f 5609 5606 5605
f 1876 1883 1873
f 5605 5606 5607
f 5649 5648 5650
f 1875 1876 1873
f 3905 3904 3907
f 3907 3904 3908
f 3819 3818 3816
f 2547 2546 2537
f 2536 2537 2540
f 3706 3698 3707
f 3707 3698 3704
f 3334 3332 3327
f 4378 4407 4406
f 2998 2997 2995
f 5639 5620 5638
f 5638 5620 5619
f 5619 5620 5614
f 3512 3517 3516
f 1873 1883 1886
f 3820 3818 3819
f 3823 3820 3819
f 1873 1878 1871
f 3699 3698 3701
f 4899 4900 4901
f 4378 4406 4399
f 5640 5642 5641
f 5640 5639 5638
f 5619 5614 5618
f 5618 5614 5615
f 5625 5607 5624
f 2328 2327 2317
f 2317 2327 2321
f 3909 3905 3907
f 1873 1879 1878
f 2520 2553 2554
f 2557 2558 2559
f 2557 2559 2561
f 3701 3698 3705
f 3705 3698 3706
f 4377 4378 4379
f 4379 4378 4399
f 2321 2325 2320
f 3381 3384 3382
f 5724 5725 5726
f 3329 3328 3330
f 3702 3699 3701
f 3129 3130 3126
f 4379 4399 4396
f 4399 4405 4398
f 4405 4404 4398
f 4403 4411 4410
f 2317 2321 2320
f 2553 2520 2530
f 2526 2553 2530
f 4795 4796 4797
f 2517 2520 2518
f 2517 2518 2519
f 5718 5717 5719
f 2521 2518 2522
f 4377 4379 4396
f 4396 4399 4398
f 4398 4404 4403
f 4403 4410 4409
f 5621 5619 5618
f 3910 3909 3907
f 2538 2539 2526
f 2519 2518 2521
f 5683 5685 5684
f 5718 5719 5722
f 2521 2522 2523
f 5690 5693 5688
f 2521 2523 2556
f 5450 5460 5441
f 4402 4403 4409
f 2317 2320 2309
f 5716 5717 5718
f 5718 5722 5723
f 3703 3702 3701
f 3703 3701 3708
f 4377 4396 4394
f 4397 4396 4398
f 3101 3097 3100
f 4402 4398 4403
f 4402 4409 4412
f 2308 2317 2309
f 2527 2538 2526
f 2526 2517 2524
f 4221 4222 4231
f 2524 2517 2519
f 4226 4228 4218
f 5682 5683 5684
f 4390 4395 4394
f 4395 4377 4394
f 4394 4396 4397
f 4397 4398 4400
f 4400 4398 4402
f 5432 5450 5441
f 4221 4217 4219
f 2525 2524 2519
f 4216 4226 4218
f 5682 5684 5687
f 5716 5718 5720
f 5718 5723 5721
f 5720 5718 5721
f 5689 5691 5690
f 5688 5689 5690
f 3709 3703 3708
f 4390 4394 4391
f 4391 4394 4397
f 4391 4397 4392
f 1961 1962 1959
f 1960 1958 1959
f 5437 5439 5438
f 5437 5438 5435
f 5433 5450 5432
f 5435 5438 5440
f 4415 4412 4414
f 2322 2311 2312
f 2532 2528 2531
f 4221 4223 4217
f 4230 4223 4221
f 2525 2528 2524
f 4219 4217 4218
f 4230 4221 4231
f 5686 5683 5682
f 4389 4390 4391
f 1956 1961 1959
f 4576 4577 4578
f 4576 4578 4579
f 1963 1957 1958
f 5432 5437 5435
f 2314 2315 2324
f 5434 5432 5435
f 4415 4414 4416
f 2323 2326 2311
f 2323 2311 2322
f 4201 4202 4203
f 4203 4202 4205
f 2529 2531 2528
f 2529 2528 2525
f 4229 4230 4231
f 5700 5699 5702
f 5792 5793 5794
f 3710 3709 3725
f 4393 4390 4388
f 4388 4390 4389
f 4389 4391 4392
f 4392 4397 4401
f 1957 1956 1958
f 1958 1956 1959
f 5444 5445 5443
f 5444 5443 5436
f 5443 5433 5436
f 5436 5433 5430
f 5430 5433 5432
f 5430 5432 5427
f 5427 5432 5434
f 5449 5434 5435
f 5435 5440 5449
f 5453 5440 5455
f 5449 5440 5453
f 4203 4204 4201
f 5456 5459 5458
f 2533 2531 2529
f 2413 2392 2393
f 5457 5456 5458
f 4229 4227 4223
f 4229 4223 4230
f 4216 4214 4215
f 5698 5699 5700
f 5698 5700 5701
f 3725 3709 3726
f 4401 4397 4400
f 5446 5445 5444
f 4210 4220 4213
f 4896 4897 4898
f 4211 4210 4213
f 4220 4232 4213
f 5463 5464 5465
f 5429 5430 5427
f 5430 5429 5431
f 4214 4211 4213
f 5434 5449 5461
f 4215 4213 4225
f 4213 4232 4225
f 5453 5456 5457
f 4215 4214 4213
f 5449 5453 5454
f 5461 5449 5454
f 4216 4215 4225
f 3718 3717 3719
f 3727 3714 3710
f 3727 3710 3725
f 4401 4389 4392
f 1957 1938 1956
f 1961 1956 1927
f 5447 5446 5444
f 5452 5444 5451
f 5451 5444 5436
f 5442 5427 5434
f 5442 5434 5461
f 4789 4790 4791
f 5318 5325 5322
f 5326 5319 5327
f 427 426 432
f 3727 3717 3714
f 3232 3235 3233
f 3235 3236 3233
f 4380 4381 4382
f 4384 4382 4388
f 1925 1920 1927
f 1938 1925 1927
f 1955 1954 1938
f 1955 1938 1957
f 5447 5444 5448
f 5448 5444 5452
f 5452 5451 5462
f 4676 4678 4679
f 4676 4679 4677
f 5428 5427 5442
f 5318 5322 5319
f 1123 1125 1127
f 3728 3717 3727
f 3234 3232 3231
f 4385 4381 4383
f 3231 3232 3233
f 4383 4381 4380
f 4380 4382 4384
f 4384 4388 4389
f 1918 1920 1919
f 1919 1920 1925
f 5448 5452 5462
f 5317 5318 5319
f 5321 5319 5326
f 3721 3720 3719
f 3719 3717 3722
f 3724 3720 3721
f 1118 1119 1120
f 687 718 743
f 3266 3231 3233
f 3231 3266 3265
f 4537 4538 4539
f 22 23 24
f 3243 3249 3253
f 3238 3266 3233
f 3238 3233 3236
f 3239 3238 3236
f 1939 1925 1938
f 1954 1939 1938
f 5320 5318 5317
f 5317 5319 5321
f 1123 1127 1128
f 3723 3721 3722
f 3722 3717 3728
f 3240 3234 3237
f 3237 3234 3231
f 1135 1119 1118
f 717 718 687
f 676 717 687
f 3242 3244 3243
f 3264 3244 3242
f 3244 3254 3249
f 3243 3244 3249
f 3249 3254 3265
f 3254 3237 3265
f 3265 3237 3231
f 4537 4539 4540
f 3241 3242 3243
f 1915 1914 1916
f 3245 3241 3243
f 3269 3266 3238
f 4777 4779 4780
f 3245 3243 3253
f 3245 3253 3238
f 1916 1918 1917
f 3252 3245 3238
f 3252 3238 3239
f 3251 3252 3239
f 1939 1919 1925
f 3435 3434 3430
f 3430 3434 3431
f 5323 5320 5317
f 1118 1120 1122
f 1122 1120 1123
f 1142 1123 1128
f 3254 3257 3240
f 3254 3240 3237
f 4385 4383 4386
f 3255 3254 3244
f 713 717 676
f 3263 3255 3264
f 3264 3255 3244
f 710 711 709
f 709 711 712
f 1917 1915 1916
f 3246 3241 3245
f 3247 3246 3245
f 3245 3252 3251
f 1919 1917 1918
f 1926 1917 1919
f 1129 1122 1123
f 1129 1123 1142
f 3258 3257 3256
f 3255 3256 3254
f 3254 3256 3257
f 682 713 676
f 3260 3256 3255
f 3260 3255 3263
f 3075 3076 3077
f 1913 1914 1915
f 3248 3246 3247
f 3250 3248 3247
f 2716 2717 2713
f 3250 3247 3245
f 3250 3245 3251
f 1939 1926 1919
f 3430 3431 3432
f 5328 5329 5330
f 1141 1118 1134
f 3259 3258 3256
f 3730 3722 3729
f 682 676 675
f 3722 3728 3729
f 3980 3977 3991
f 712 682 679
f 4385 4386 4387
f 3078 3079 3076
f 3260 3261 3256
f 3078 3076 3075
f 1043 1041 1055
f 1924 1915 1917
f 2713 2714 2716
f 411 402 388
f 2718 2713 2717
f 4438 4435 4437
f 3835 3836 3837
f 3262 3259 3256
f 686 729 726
f 679 682 675
f 3980 3991 3990
f 3267 3262 3261
f 3261 3262 3256
f 681 709 679
f 709 712 679
f 3983 3984 3978
f 3080 3079 3078
f 1921 1922 1913
f 1921 1913 1915
f 1921 1915 1924
f 1926 1924 1917
f 1940 1926 1939
f 1953 1940 1942
f 1942 1940 1939
f 3430 3432 3433
f 3834 3836 3835
f 678 675 677
f 677 676 686
f 3988 3984 3987
f 2956 2962 2957
f 683 681 680
f 1929 1922 1923
f 3268 3267 3261
f 688 689 681
f 3081 3079 3080
f 3082 3081 3080
f 1923 1922 1921
f 3990 3991 3992
f 3994 3995 3996
f 2715 2714 2709
f 2709 2714 2713
f 1940 1924 1926
f 2713 2718 2710
f 3834 3835 3832
f 2963 2962 2956
f 677 686 725
f 3988 3987 3986
f 688 681 684
f 684 681 683
f 680 681 679
f 680 679 678
f 725 686 726
f 3986 3987 3983
f 3978 3980 3981
f 3980 3990 3981
f 3983 3978 3982
f 2957 2960 2959
f 3981 3990 3998
f 3998 3990 3993
f 3990 3992 3993
f 3422 3424 3425
f 3993 3992 3994
f 3992 3995 3994
f 3417 3420 3421
f 1943 1921 1924
f 2826 2830 2823
f 3423 3419 3418
f 2823 2824 2825
f 2719 2715 2709
f 2709 2713 2710
f 704 678 677
f 3989 3988 3986
f 3989 3986 3985
f 3985 3986 3983
f 3426 3427 3425
f 3985 3983 3982
f 3985 3982 4007
f 3982 3981 3998
f 1928 1923 1921
f 1929 1923 1928
f 3982 3998 3997
f 4007 3982 4002
f 4002 3982 3997
f 1943 1928 1921
f 3420 3422 3421
f 5394 5395 5391
f 3997 3998 3999
f 3993 3994 4001
f 2826 2823 2825
f 1941 1943 1924
f 3429 3423 3418
f 1941 1924 1940
f 1952 1940 1953
f 2825 2824 2827
f 2709 2710 2711
f 2824 2829 2827
f 2711 2710 2712
f 3521 3527 3522
f 5024 4949 4939
f 3831 3834 3832
f 3831 3832 3833
f 2961 2963 2956
f 680 678 704
f 2956 2957 2958
f 981 983 984
f 1931 1929 1930
f 1931 1930 1932
f 1930 1929 1928
f 3998 3993 4000
f 1943 1930 1928
f 5392 5394 5391
f 3999 3998 4000
f 4000 3993 4001
f 3999 4000 4003
f 4000 4001 4003
f 1944 1930 1943
f 4001 3994 4006
f 1944 1943 1941
f 2828 2826 2825
f 4005 4006 4008
f 1951 1941 1952
f 2711 2719 2709
f 2961 2956 2958
f 970 971 968
f 704 677 733
f 733 677 725
f 4243 4248 4244
f 1018 1019 1020
f 4239 4240 4241
f 4239 4241 4242
f 1945 1930 1944
f 4003 4001 4004
f 4004 4001 4005
f 4001 4006 4005
f 1945 1944 1941
f 1946 1945 1941
f 4928 4971 4927
f 1951 1946 1941
f 1950 1946 1951
f 991 1002 976
f 3519 3521 3522
f 5072 5071 5070
f 684 683 685
f 4243 4246 4247
f 683 680 697
f 697 680 704
f 704 733 723
f 4243 4244 4240
f 4239 4243 4240
f 5392 5391 5388
f 5388 5391 5390
f 5009 4971 4931
f 4242 4241 4237
f 1950 1948 1946
f 1455 1454 1451
f 1452 1451 1449
f 3519 3523 3520
f 3519 3520 3521
f 4937 4936 4938
f 307 325 326
f 685 683 697
f 4245 4246 4243
f 697 704 723
f 715 697 723
f 722 723 742
f 742 723 733
f 330 336 337
f 4245 4243 4239
f 1934 1931 1933
f 1933 1931 1932
f 5393 5392 5388
f 1945 1933 1932
f 986 975 985
f 1946 1933 1945
f 5388 5389 5387
f 995 992 975
f 4924 4923 4929
f 1950 1949 1948
f 4236 4242 4237
f 4237 4238 4234
f 4236 4237 4234
f 3524 3523 3519
f 3863 3888 3885
f 299 322 309
f 307 322 299
f 311 325 307
f 690 684 685
f 685 697 715
f 987 1003 1022
f 1022 1003 1004
f 715 723 722
f 1935 1934 1933
f 4964 4972 4960
f 1947 1933 1946
f 1948 1947 1946
f 1949 1947 1948
f 2936 2937 2938
f 2939 2936 2938
f 2938 2937 2940
f 2939 2941 2936
f 2940 2937 2942
f 4233 4236 4234
f 4233 4234 4235
f 4954 5052 4902
f 299 309 298
f 685 715 714
f 1937 1935 1936
f 5393 5388 5396
f 28 29 30
f 3652 3653 3654
f 1935 1933 1936
f 1947 1936 1933
f 4954 4904 4968
f 2938 2940 2942
f 527 550 552
f 300 307 299
f 298 309 313
f 691 685 692
f 690 685 691
f 318 327 311
f 5141 5142 5140
f 313 330 329
f 5140 5138 5109
f 5396 5388 5383
f 5109 5138 5137
f 5379 5383 5380
f 3675 3678 3674
f 5011 4966 4985
f 574 559 540
f 4902 4953 4907
f 4921 4957 4933
f 3866 3885 3882
f 311 307 300
f 304 311 310
f 694 692 695
f 5140 5109 5101
f 5397 5393 5396
f 3654 3655 3652
f 5109 5137 5105
f 5379 5380 5376
f 5354 5355 5356
f 1623 1616 1622
f 5376 5380 5381
f 2373 2375 2374
f 3692 3696 3693
f 3869 3866 3882
f 300 299 292
f 292 299 298
f 311 300 310
f 705 691 696
f 318 311 304
f 690 691 705
f 719 701 734
f 319 327 318
f 3654 3656 3655
f 5354 5356 5357
f 5419 5422 5420
f 1626 1618 1624
f 567 577 574
f 1618 1617 1624
f 567 574 564
f 2373 2374 2369
f 4913 4955 4916
f 3697 3696 3692
f 3692 3693 3694
f 4910 4917 4918
f 4951 5023 5035
f 4951 5035 4912
f 5022 5023 4951
f 5297 5298 5296
f 5296 5298 5299
f 5292 5297 5296
f 515 558 516
f 691 692 693
f 693 692 694
f 698 701 700
f 699 698 700
f 298 313 294
f 5141 5140 5102
f 5102 5140 5101
f 302 313 329
f 5357 5358 5359
f 5101 5109 5104
f 734 740 735
f 2683 2682 2689
f 5100 5105 5106
f 3366 3365 3357
f 3357 3365 3355
f 5419 5420 5421
f 1624 1617 1619
f 567 564 544
f 2377 2379 2378
f 1611 1608 1607
f 2373 2369 2371
f 544 564 529
f 3695 3692 3694
f 5307 5296 5299
f 548 529 519
f 5287 5293 5292
f 5292 5296 5288
f 5287 5292 5288
f 748 750 751
f 558 554 557
f 296 300 292
f 292 298 294
f 696 691 693
f 694 698 699
f 294 313 302
f 315 319 318
f 320 319 315
f 5361 5360 5362
f 5102 5101 5098
f 302 329 331
f 719 734 735
f 5400 5397 5396
f 5396 5382 5384
f 5382 5379 5375
f 2685 2684 2681
f 2681 2684 2682
f 2683 2689 2690
f 5375 5379 5376
f 5100 5106 5107
f 3367 3366 3357
f 5107 5106 5108
f 3357 3355 3356
f 2894 2895 2896
f 2894 2896 2897
f 739 740 744
f 2895 2894 2893
f 2892 2893 2894
f 3354 3355 3352
f 4979 4977 4980
f 1624 1619 1625
f 2371 2369 2368
f 2368 2369 2370
f 2368 2370 2372
f 2368 2372 2376
f 2372 2377 2376
f 2376 2377 2378
f 5086 5087 5088
f 543 529 548
f 755 750 754
f 548 519 532
f 5286 5287 5288
f 4998 5000 5007
f 532 519 514
f 700 701 719
f 700 719 720
f 315 318 304
f 2812 2810 2813
f 5357 5359 5367
f 5367 5359 5361
f 5400 5396 5384
f 5101 5104 5100
f 5098 5101 5100
f 5384 5382 5375
f 5354 5357 5367
f 5365 5354 5367
f 5366 5364 5365
f 5364 5354 5365
f 2681 2682 2683
f 2686 2685 2681
f 736 735 740
f 736 740 739
f 5107 5108 5110
f 1425 1426 1428
f 3356 3355 3354
f 1433 1432 1422
f 5147 5145 5144
f 5144 5145 5146
f 1422 1423 1404
f 5135 5134 5131
f 5014 5013 5012
f 2756 2757 2758
f 2756 2758 2759
f 2759 2758 2760
f 2759 2760 2762
f 2761 2757 2756
f 2765 2756 2759
f 2765 2759 2762
f 2740 2743 2733
f 2733 2743 2734
f 2764 2761 2763
f 2763 2761 2756
f 2763 2756 2766
f 2756 2765 2766
f 2738 2740 2733
f 1613 1601 1591
f 756 755 754
f 533 548 532
f 876 880 858
f 5286 5288 5300
f 868 884 873
f 5301 5287 5289
f 5289 5287 5286
f 558 557 576
f 2808 2810 2809
f 304 310 296
f 2809 2810 2811
f 2811 2810 2812
f 720 719 728
f 5102 5098 5097
f 3359 3363 3364
f 5099 5098 5100
f 331 329 332
f 5404 5397 5400
f 2681 2683 2687
f 3359 3357 3358
f 5375 5376 5368
f 3358 3357 3356
f 736 739 738
f 5110 5108 5111
f 5111 5108 5112
f 3360 3356 3354
f 5025 5008 5026
f 5026 5008 5027
f 5015 5014 5012
f 5136 5135 5131
f 3360 3354 3353
f 3353 3354 3352
f 3351 3352 3349
f 3353 3352 3351
f 4997 5001 5002
f 3349 3348 3351
f 3348 3349 3350
f 3368 3348 3350
f 756 754 753
f 34 47 32
f 32 47 46
f 32 46 45
f 516 558 576
f 45 46 51
f 2806 2808 2807
f 2807 2808 2809
f 296 292 289
f 289 292 291
f 291 292 293
f 293 292 294
f 303 304 296
f 305 304 303
f 294 302 301
f 315 304 305
f 5367 5361 5399
f 5399 5361 5373
f 5097 5098 5099
f 2637 2641 2639
f 728 719 735
f 3362 3363 3359
f 5400 5384 5409
f 5385 5384 5375
f 5365 5367 5410
f 3362 3359 3361
f 3361 3359 3358
f 1428 1418 1387
f 5375 5368 5374
f 5369 5368 5366
f 1421 1422 1404
f 1404 1425 1428
f 5111 5112 5113
f 3358 3356 3360
f 5028 5025 5026
f 1499 1510 1502
f 3018 3019 3020
f 3020 3019 3021
f 4483 4484 4485
f 4485 4484 4486
f 4042 4046 4044
f 753 754 750
f 5290 5289 5286
f 524 516 576
f 49 45 51
f 2815 2814 2805
f 2805 2806 2807
f 703 694 699
f 699 700 703
f 703 700 708
f 293 294 301
f 2643 2642 2636
f 693 694 703
f 700 720 708
f 2636 2642 2634
f 2357 2358 2359
f 2358 2363 2356
f 2359 2358 2360
f 2358 2356 2360
f 321 320 315
f 302 331 301
f 2353 2356 2354
f 5122 5102 5097
f 2360 2356 2355
f 2355 2356 2353
f 301 331 332
f 2355 2353 2352
f 5401 5367 5399
f 2352 2353 2354
f 728 735 731
f 731 735 736
f 5404 5400 5409
f 5409 5384 5385
f 5410 5367 5401
f 5100 5107 5123
f 736 738 737
f 5385 5375 5374
f 5366 5365 5410
f 1508 1507 1497
f 5374 5368 5369
f 1394 1421 1404
f 5092 5091 5093
f 1507 1510 1499
f 43 37 38
f 37 34 35
f 31 34 32
f 5301 5289 5294
f 5294 5289 5290
f 44 32 45
f 524 576 596
f 2362 2365 2361
f 2364 2363 2361
f 290 296 289
f 2362 2361 2357
f 303 296 290
f 2361 2363 2358
f 2357 2361 2358
f 305 303 306
f 724 705 696
f 1387 1418 1388
f 5099 5100 5103
f 5103 5100 5123
f 1496 1508 1497
f 5107 5110 5123
f 5123 5110 5139
f 1392 1421 1394
f 1404 1428 1387
f 4065 4063 4066
f 4483 4485 4486
f 3025 3020 3026
f 3223 3224 3225
f 5286 5291 5290
f 48 45 49
f 49 51 52
f 2367 2366 2365
f 2366 2364 2365
f 2365 2364 2361
f 696 693 706
f 1511 1498 1505
f 716 724 696
f 708 720 732
f 321 315 317
f 732 720 730
f 1525 1517 1526
f 730 720 728
f 1496 1497 1494
f 731 736 737
f 5415 5416 5417
f 5377 5385 5374
f 5366 5410 5372
f 5370 5366 5372
f 5110 5111 5114
f 1394 1404 1387
f 5377 5374 5369
f 41 43 38
f 38 37 36
f 37 35 36
f 71 72 73
f 136 71 73
f 4066 4063 4075
f 129 135 134
f 35 34 31
f 3025 3026 3027
f 3224 3226 3225
f 3028 3025 3027
f 585 536 541
f 4721 4720 4714
f 5290 5291 5306
f 3029 3025 3028
f 5294 5290 5295
f 3029 3028 3032
f 44 45 48
f 1398 1419 1420
f 1511 1505 1522
f 706 693 703
f 703 708 727
f 716 696 706
f 2831 2833 2836
f 1385 1400 1382
f 2120 2119 2114
f 2818 2819 2816
f 730 728 731
f 5402 5401 5399
f 5121 5122 5117
f 5120 5121 5117
f 5122 5097 5117
f 2115 2118 2116
f 959 965 966
f 5097 5099 5103
f 5406 5409 5398
f 5409 5385 5398
f 5412 5411 5414
f 5398 5385 5377
f 5139 5110 5114
f 5114 5111 5113
f 5114 5113 5124
f 5124 5113 5125
f 5124 5125 5126
f 42 41 40
f 40 41 38
f 3024 3018 3023
f 71 69 72
f 135 129 71
f 5311 5312 5313
f 135 71 136
f 4709 4713 4715
f 132 131 129
f 132 129 134
f 5309 5310 5308
f 3038 3025 3030
f 133 131 132
f 3030 3025 3029
f 4078 4059 4087
f 33 32 44
f 3031 3029 3032
f 3033 3031 3032
f 3036 3033 3032
f 4031 4056 4062
f 1250 1251 1239
f 706 703 721
f 721 703 727
f 1382 1402 1379
f 727 708 732
f 297 293 301
f 297 301 323
f 2114 2119 2115
f 2114 2115 2116
f 323 301 332
f 5097 5103 5115
f 5418 5416 5415
f 5406 5398 5405
f 5128 5126 5129
f 5128 5129 5132
f 5377 5369 5378
f 5423 5424 5425
f 40 38 36
f 71 66 69
f 129 66 71
f 4712 4713 4709
f 129 131 70
f 3227 3228 3226
f 4723 4700 4722
f 5308 5310 5311
f 4711 4702 4714
f 5308 5306 5309
f 5295 5306 5304
f 5304 5306 5308
f 3031 3030 3029
f 5303 5294 5295
f 31 32 33
f 3037 3033 3036
f 49 52 54
f 4541 4542 4543
f 4543 4542 4544
f 4543 4544 4545
f 4545 4544 4547
f 288 289 291
f 295 291 293
f 1237 1250 1239
f 312 290 278
f 278 290 289
f 4548 4543 4546
f 4546 4543 4545
f 278 283 312
f 1377 1385 1382
f 2105 2109 2113
f 2105 2113 2112
f 323 332 339
f 113 126 104
f 5115 5103 5116
f 5116 5103 5123
f 124 125 118
f 5386 5398 5377
f 5386 5377 5378
f 114 113 110
f 113 104 110
f 5124 5126 5127
f 5128 5132 5133
f 117 128 114
f 117 114 109
f 109 114 110
f 66 62 69
f 130 61 74
f 74 75 76
f 3227 3229 3228
f 36 35 31
f 36 31 39
f 3034 3030 3031
f 5303 5295 5304
f 2428 2427 2423
f 3035 3034 3033
f 3034 3031 3033
f 3037 3035 3033
f 3039 3035 3037
f 44 48 50
f 4082 4062 4069
f 48 49 53
f 53 49 54
f 2231 2233 2234
f 2234 2244 2246
f 4206 4207 4208
f 288 291 295
f 1247 1252 1237
f 1696 1697 1698
f 1408 1390 1383
f 1696 1698 1699
f 295 293 297
f 4549 4548 4546
f 282 284 283
f 1254 1259 1247
f 5120 5117 5119
f 104 126 106
f 5117 5097 5115
f 5408 5406 5407
f 5407 5406 5405
f 103 119 124
f 5398 5386 5405
f 68 119 103
f 103 124 118
f 118 125 122
f 122 127 101
f 101 127 116
f 110 104 58
f 142 143 139
f 109 110 58
f 62 58 55
f 59 80 63
f 61 62 55
f 63 80 75
f 80 79 75
f 75 79 77
f 74 61 60
f 74 63 75
f 75 77 76
f 76 77 78
f 66 64 62
f 64 66 70
f 4703 4726 4704
f 4702 4700 4697
f 4692 4690 4709
f 4707 4692 4709
f 4708 4702 4697
f 4701 4692 4707
f 39 31 33
f 5303 5304 5305
f 3035 3040 3034
f 2127 2128 2122
f 33 44 50
f 2423 2427 2424
f 2424 2427 2430
f 5163 5164 5190
f 50 48 53
f 1405 1380 1414
f 1414 1380 1376
f 3323 3324 3325
f 1701 1702 1697
f 1242 1249 1243
f 1700 1701 1697
f 1700 1697 1696
f 308 297 323
f 1254 1247 1253
f 5119 5117 5118
f 5118 5117 5115
f 107 121 67
f 104 106 56
f 56 106 107
f 107 67 57
f 67 121 119
f 67 119 68
f 4739 4733 4729
f 58 104 56
f 103 118 101
f 101 118 122
f 101 116 91
f 4731 4733 4735
f 79 68 103
f 79 103 101
f 111 117 109
f 58 56 55
f 79 101 81
f 81 101 91
f 140 142 139
f 65 109 58
f 140 139 111
f 65 111 109
f 59 68 80
f 80 68 79
f 77 79 81
f 65 58 64
f 64 58 62
f 77 81 82
f 4123 4126 4124
f 74 60 63
f 83 77 82
f 82 84 85
f 4690 4688 4712
f 4688 4703 4704
f 86 82 85
f 4700 4698 4697
f 4692 4691 4690
f 86 85 87
f 4694 4693 4692
f 4697 4694 4701
f 4027 4022 4026
f 5190 5164 5251
f 112 98 99
f 112 99 123
f 2260 2274 2262
f 2262 2274 2267
f 2345 2350 2349
f 2344 2345 2349
f 1241 1242 1243
f 2271 2272 2268
f 2344 2349 2340
f 2340 2349 2348
f 1246 1237 1236
f 1236 1237 1238
f 1237 1239 1238
f 1393 1390 1408
f 278 289 288
f 288 295 279
f 285 286 284
f 285 284 282
f 278 282 283
f 4740 4737 4734
f 4730 4737 4729
f 4737 4738 4729
f 4738 4739 4729
f 56 107 57
f 116 115 105
f 105 115 108
f 4729 4733 4727
f 91 116 105
f 4727 4733 4731
f 55 56 57
f 55 57 59
f 59 57 67
f 59 67 68
f 4731 4735 4736
f 91 105 92
f 140 111 141
f 55 59 60
f 60 59 63
f 92 105 108
f 2058 2052 2055
f 4575 4573 4572
f 84 91 92
f 92 108 93
f 4572 4573 4574
f 84 81 91
f 93 108 102
f 4122 4123 4124
f 90 84 92
f 4691 4687 4690
f 4690 4687 4688
f 4693 4687 4691
f 85 84 89
f 4698 4695 4697
f 4693 4691 4692
f 1836 1840 1839
f 4697 4695 4694
f 4695 4693 4694
f 89 93 94
f 94 120 89
f 39 33 50
f 2423 2424 2425
f 2426 2424 2430
f 2426 2430 2431
f 4021 4022 4023
f 98 96 99
f 2250 2249 2247
f 1412 1413 1406
f 3651 3645 3644
f 2345 2344 2342
f 1238 1239 1241
f 1239 1242 1241
f 2344 2340 2342
f 2277 2276 2280
f 1416 1393 1408
f 1401 1393 1417
f 1417 1393 1416
f 2340 2348 2343
f 279 295 297
f 314 286 285
f 279 297 308
f 1253 1247 1246
f 1257 1254 1253
f 338 308 323
f 4734 4741 4740
f 4734 4737 4730
f 4732 4734 4730
f 4705 4730 4729
f 4705 4729 4727
f 4706 4730 4705
f 4727 4731 4689
f 2052 2054 2053
f 2053 2054 2056
f 4705 4727 4696
f 4689 4731 4684
f 2063 2058 2059
f 2059 2058 2055
f 4727 4689 4696
f 4122 4124 4125
f 4689 4684 4687
f 4687 4686 4688
f 93 102 100
f 4695 4696 4693
f 4693 4696 4689
f 90 92 93
f 4698 4699 4695
f 89 84 90
f 1841 1840 1836
f 89 90 93
f 95 93 100
f 94 93 95
f 2429 2423 2425
f 94 95 96
f 2424 2426 2425
f 97 94 96
f 97 96 98
f 4029 4035 4030
f 2769 2771 2770
f 2768 2769 2770
f 3648 3650 3645
f 3648 3645 3649
f 4252 4249 4251
f 3732 3731 3734
f 3661 3659 3660
f 3649 3645 3651
f 4706 4732 4730
f 2051 2052 2053
f 2055 2052 2051
f 5602 5603 5604
f 4706 4705 4699
f 4699 4705 4696
f 4699 4696 4695
f 1838 1841 1836
f 3662 3657 3663
f 4307 4308 4284
f 2879 2888 2889
f 3658 3657 3662
f 2881 2888 2879
f 3914 3915 3916
f 4284 4373 4259
f 4259 4373 4252
f 2885 2881 2880
f 4253 4250 4255
f 3912 3913 3914
f 4253 4255 4256
f 4253 4256 4257
f 3912 3914 3917
f 4810 4811 4812
f 2873 2874 2876
f 4257 4256 4301
f 4257 4301 4302
f 1238 1241 1240
f 4257 4302 4303
f 2340 2341 2342
f 2341 2340 2343
f 288 279 271
f 271 279 272
f 281 282 278
f 5559 5558 5544
f 5544 5557 5542
f 2053 2056 2057
f 2062 2055 2061
f 2969 2970 2971
f 1836 1824 1823
f 1706 1719 1715
f 1824 1821 1809
f 2429 2425 2433
f 2426 2431 2435
f 1966 2014 2001
f 2768 2770 2774
f 4259 4283 4284
f 4294 4280 4278
f 4279 4283 4259
f 4259 4252 4258
f 4258 4252 4254
f 4252 4251 4254
f 4251 4250 4254
f 4278 4280 4279
f 4278 4279 4259
f 4250 4253 4254
f 2881 2879 2880
f 2880 2879 2878
f 2878 2879 2877
f 4294 4278 4295
f 4276 4278 4259
f 4262 4258 4254
f 2882 2880 2878
f 2878 2877 2872
f 2872 2877 2875
f 4276 4259 4260
f 4260 4259 4258
f 4285 4254 4273
f 4273 4254 4253
f 4295 4278 4276
f 2874 2872 2875
f 4321 4294 4295
f 2886 2885 2880
f 2872 2874 2873
f 2871 2872 2873
f 1244 1241 1245
f 2887 2886 2880
f 2884 2887 2880
f 1248 1246 1236
f 4350 4351 4342
f 4342 4351 4352
f 273 278 271
f 278 288 271
f 4302 4350 4329
f 314 285 316
f 285 282 281
f 1253 1246 1248
f 2060 2051 2053
f 2060 2053 2057
f 2061 2055 2051
f 2969 2971 2973
f 1838 1836 1828
f 1828 1836 1823
f 1274 1267 1266
f 2433 2425 2432
f 2432 2425 2426
f 2432 2426 2435
f 1811 1807 1810
f 4021 4025 4026
f 1974 1967 1965
f 1970 1964 1971
f 2001 1964 1966
f 2001 1971 1964
f 4262 4254 4285
f 4362 4376 4347
f 4261 4260 4258
f 4274 4273 4253
f 4277 4295 4276
f 4263 4258 4262
f 4298 4295 4277
f 4274 4253 4257
f 2880 2882 2883
f 1240 1241 1244
f 2884 2880 2883
f 1236 1238 1240
f 4274 4257 4296
f 4296 4257 4300
f 4300 4257 4303
f 4300 4303 4302
f 273 271 254
f 4300 4302 4329
f 4342 4352 4336
f 316 285 281
f 4329 4350 4342
f 5550 5551 5552
f 2060 2061 2051
f 488 497 486
f 4671 4631 4632
f 4671 4632 4647
f 4647 4632 4648
f 5522 5524 5523
f 483 486 496
f 1704 1707 1706
f 1705 1704 1706
f 482 496 490
f 1969 1970 1988
f 1988 1970 1996
f 4286 4262 4285
f 4353 4362 4347
f 4349 4353 4347
f 4264 4277 4276
f 4264 4276 4260
f 4264 4260 4261
f 4263 4261 4258
f 4264 4261 4263
f 4275 4273 4274
f 1629 1628 1630
f 4268 4277 4264
f 2883 2891 2890
f 272 274 232
f 2884 2883 2890
f 4336 4352 4338
f 1253 1248 1256
f 4300 4329 4330
f 4332 4342 4336
f 4329 4342 4332
f 256 287 277
f 276 328 275
f 5582 5581 5583
f 487 488 486
f 5528 5530 5531
f 483 496 482
f 1703 1704 1705
f 1973 2002 1974
f 1965 1973 1974
f 1969 1988 1987
f 481 490 491
f 4275 4286 4285
f 4349 4347 4343
f 4347 4360 4346
f 4275 4285 4273
f 4263 4262 4272
f 4272 4286 4275
f 1628 1634 1630
f 4268 4264 4265
f 4265 4264 4263
f 4287 4275 4274
f 4266 4265 4263
f 4287 4274 4296
f 232 274 324
f 4331 4329 4332
f 4330 4329 4331
f 4672 4605 4656
f 1828 1823 1822
f 1708 1704 1703
f 1646 1653 1643
f 2434 2433 2432
f 482 490 481
f 1972 1969 1987
f 1964 1968 1965
f 493 481 491
f 1993 1988 1996
f 5279 5277 5280
f 1816 1815 1817
f 493 491 495
f 4343 4347 4346
f 271 272 231
f 254 271 231
f 231 272 232
f 4343 4346 4345
f 4345 4346 4348
f 265 273 254
f 1255 1236 1240
f 4297 4298 4277
f 4297 4277 4268
f 4267 4266 4263
f 4272 4275 4287
f 1197 1209 1210
f 4338 4349 4343
f 4344 4343 4345
f 1248 1236 1256
f 1256 1236 1255
f 4263 4272 4271
f 931 957 936
f 4338 4343 4339
f 4343 4344 4339
f 4297 4268 4269
f 4269 4268 4265
f 4267 4263 4271
f 931 936 932
f 4337 4336 4338
f 4337 4338 4339
f 232 324 245
f 932 936 935
f 4265 4266 4267
f 4332 4336 4335
f 4336 4337 4335
f 245 324 251
f 4269 4265 4270
f 4270 4265 4267
f 1258 1257 1256
f 934 935 937
f 935 941 937
f 324 280 251
f 4331 4332 4333
f 4333 4332 4334
f 357 361 344
f 344 361 345
f 251 280 256
f 280 287 256
f 5553 5552 5554
f 365 364 366
f 366 364 368
f 368 370 369
f 363 362 364
f 363 364 365
f 275 328 264
f 264 328 333
f 483 482 478
f 1822 1809 1803
f 1645 1646 1643
f 2011 2002 1978
f 478 482 481
f 1978 2002 1973
f 1808 1806 1807
f 1969 1972 1968
f 1993 1986 1988
f 1988 1986 1987
f 4310 4361 4298
f 1198 1209 1197
f 4313 4361 4310
f 4267 4271 4281
f 932 935 934
f 4335 4337 4341
f 4341 4337 4339
f 4589 4596 4598
f 4598 4596 4600
f 4600 4596 4601
f 4332 4335 4334
f 4334 4335 4340
f 4270 4267 4288
f 256 277 257
f 4593 4590 4592
f 941 954 942
f 277 276 257
f 257 276 260
f 347 348 346
f 260 276 275
f 348 362 353
f 349 348 353
f 1278 1264 1273
f 486 483 485
f 1720 1724 1718
f 1709 1720 1718
f 1709 1718 1717
f 5235 5234 5220
f 477 483 478
f 1641 1643 1644
f 5569 5564 5565
f 1645 1643 1637
f 1990 2011 1978
f 1804 1805 1764
f 1968 1978 1973
f 2203 2208 2206
f 2202 2164 2204
f 2000 1992 1994
f 1994 1993 1995
f 493 495 494
f 1203 1204 1198
f 930 938 931
f 4310 4298 4297
f 1224 1204 1206
f 4359 4313 4318
f 4310 4297 4309
f 4316 4359 4318
f 1258 1256 1262
f 4309 4297 4269
f 4340 4335 4341
f 4340 4341 4358
f 359 367 355
f 4267 4281 4282
f 941 942 937
f 4267 4282 4288
f 346 348 349
f 4291 4269 4270
f 4334 4340 4367
f 366 368 369
f 1258 1263 1264
f 4291 4270 4290
f 353 362 363
f 4290 4270 4288
f 489 488 487
f 485 487 486
f 1722 1723 1720
f 5513 5516 5514
f 4887 4888 4889
f 5563 5560 5513
f 1105 1104 1102
f 1990 2003 2011
f 1637 1643 1641
f 1975 1972 1985
f 1972 1975 1968
f 476 478 481
f 1980 1986 1993
f 1986 1980 1985
f 1985 1972 1987
f 1986 1985 1987
f 2164 2153 2158
f 1994 1992 1993
f 253 254 231
f 1193 1198 1197
f 930 931 932
f 266 267 265
f 1206 1204 1203
f 232 245 239
f 4341 4339 4344
f 2461 2467 2472
f 4312 4318 4313
f 344 345 341
f 1258 1262 1263
f 4291 4309 4269
f 4328 4309 4291
f 4594 4593 4592
f 260 275 264
f 260 264 261
f 942 954 955
f 4288 4282 4289
f 1721 1722 1720
f 1709 1721 1720
f 1710 1721 1709
f 483 477 484
f 1979 2003 1990
f 1640 1637 1641
f 1979 1990 1978
f 476 477 478
f 1976 1979 1968
f 1968 1979 1978
f 1975 1976 1968
f 2157 2163 2162
f 2158 2157 2162
f 2009 2010 1997
f 2153 2157 2158
f 2009 1997 2000
f 1993 1991 1980
f 2000 1997 1992
f 1992 1991 1993
f 481 493 492
f 2131 2203 2206
f 3504 3495 3494
f 3494 3495 3496
f 3495 3497 3496
f 253 231 230
f 230 231 232
f 930 932 933
f 233 232 239
f 932 934 933
f 239 245 251
f 4313 4310 4312
f 4312 4310 4311
f 4311 4310 4309
f 4771 4772 4773
f 355 350 354
f 1559 1566 1564
f 359 355 356
f 4316 4318 4312
f 256 257 255
f 360 359 356
f 341 345 346
f 346 345 347
f 4340 4358 4372
f 258 257 259
f 257 260 259
f 1564 1568 1560
f 4367 4340 4372
f 1560 1568 1565
f 943 937 944
f 365 366 377
f 944 937 942
f 4365 4291 4304
f 944 942 955
f 4356 4333 4334
f 4304 4291 4290
f 4288 4289 4290
f 4290 4289 4292
f 4293 4292 4299
f 4293 4290 4292
f 4293 4299 4327
f 1722 1725 1723
f 4326 4293 4327
f 5585 5556 5562
f 642 600 603
f 484 485 483
f 1713 1721 1710
f 5586 5562 5587
f 3298 3297 3294
f 2015 2008 2012
f 1989 2003 1979
f 1981 1977 1980
f 1980 1977 1975
f 1975 1977 1976
f 1642 1645 1637
f 1985 1980 1975
f 1984 1981 1991
f 1991 1981 1980
f 2153 2154 2157
f 1997 1984 1992
f 1984 1991 1992
f 493 494 492
f 3496 3497 3498
f 3498 3497 3499
f 3498 3499 3500
f 1200 1198 1193
f 1193 1197 1196
f 265 254 262
f 938 930 950
f 266 265 262
f 2464 2461 2472
f 268 267 266
f 1228 1227 1206
f 354 350 343
f 343 350 344
f 933 934 940
f 239 251 243
f 356 355 354
f 343 344 341
f 1559 1564 1560
f 940 934 937
f 251 256 255
f 243 251 255
f 4314 4312 4311
f 4314 4311 4323
f 940 937 943
f 4316 4312 4315
f 4312 4314 4315
f 259 260 261
f 666 665 632
f 660 659 657
f 4356 4334 4367
f 632 665 633
f 633 665 664
f 657 659 658
f 633 664 636
f 363 365 377
f 636 664 660
f 657 658 656
f 4357 4374 4354
f 2698 2703 2699
f 646 657 656
f 656 658 650
f 646 656 650
f 2699 2703 2701
f 4305 4304 4290
f 4305 4290 4306
f 4306 4290 4293
f 599 601 600
f 4325 4306 4293
f 606 599 598
f 598 599 600
f 600 601 603
f 2015 2016 2008
f 4325 4293 4326
f 603 638 640
f 642 603 640
f 1712 1713 1710
f 641 642 640
f 2008 2004 1998
f 1982 1989 1979
f 1977 1982 1976
f 1976 1982 1979
f 3405 3401 3403
f 2008 1998 1997
f 1984 1998 1983
f 1984 1983 1981
f 1981 1983 1977
f 1767 1799 1803
f 1638 1637 1640
f 2155 2159 2157
f 2157 2159 2163
f 3294 3296 3290
f 3294 3290 3282
f 3282 3290 3287
f 479 477 476
f 1997 1998 1984
f 476 481 492
f 2130 2142 2152
f 2152 2142 2153
f 2130 2203 2131
f 1554 1555 1549
f 230 232 233
f 1554 1549 1545
f 1549 1548 1545
f 1554 1545 1557
f 3498 3500 3501
f 1192 1200 1193
f 262 254 253
f 3500 3502 3501
f 3501 3502 3503
f 255 257 258
f 1561 1560 1565
f 4317 4316 4315
f 4317 4315 4319
f 381 346 349
f 629 666 632
f 662 660 657
f 2698 2699 2697
f 632 633 630
f 662 657 646
f 630 633 636
f 630 636 671
f 4877 4878 4879
f 662 646 645
f 2699 2701 2700
f 646 650 647
f 644 646 647
f 4364 4357 4355
f 2700 2701 2704
f 645 646 644
f 2704 2701 2705
f 637 639 638
f 4364 4355 4366
f 4363 4306 4325
f 639 644 638
f 2007 2005 2004
f 2004 2005 1999
f 2008 2007 2004
f 638 649 643
f 1977 1983 1982
f 3577 3576 3579
f 3577 3579 3580
f 640 638 641
f 641 638 643
f 1998 2004 1999
f 3581 3577 3580
f 1998 1999 1983
f 3577 3581 3578
f 484 477 479
f 2159 2161 2187
f 2159 2187 2163
f 2142 2155 2154
f 476 492 480
f 2153 2142 2154
f 3285 3283 3280
f 1203 1200 1192
f 949 950 930
f 343 341 340
f 1562 1561 1567
f 340 341 342
f 373 360 356
f 846 844 834
f 374 360 373
f 341 346 379
f 2102 2104 2103
f 2691 2695 2692
f 945 940 943
f 834 844 835
f 1561 1565 1569
f 835 844 832
f 844 845 832
f 2100 2102 2099
f 4367 4372 4368
f 2465 2458 2460
f 4354 4316 4317
f 2099 2094 2100
f 2694 2698 2697
f 943 944 948
f 4357 4354 4317
f 944 955 953
f 623 629 630
f 629 632 630
f 4859 4860 4861
f 661 662 645
f 4370 4356 4369
f 4491 4490 4493
f 4355 4357 4317
f 661 639 670
f 639 661 645
f 639 645 644
f 4355 4322 4375
f 644 647 648
f 2007 2013 2005
f 3587 3589 3588
f 2664 2667 2665
f 638 644 649
f 2663 2673 2666
f 2005 2006 1999
f 2475 2476 2477
f 649 644 648
f 2155 2160 2161
f 3576 3577 3578
f 3843 3846 3845
f 2156 2160 2155
f 3290 3293 3291
f 1642 1637 1639
f 1637 1638 1639
f 2142 2156 2155
f 479 476 480
f 2129 2130 2131
f 663 654 655
f 1545 1548 1546
f 949 930 939
f 930 933 939
f 233 239 238
f 1544 1545 1546
f 1547 1544 1546
f 939 933 940
f 352 354 343
f 1547 1546 1550
f 241 239 243
f 358 356 354
f 358 354 352
f 1547 1550 1551
f 1551 1550 1552
f 372 356 358
f 947 940 945
f 837 846 834
f 373 356 372
f 2101 2102 2103
f 1551 1552 1553
f 2692 2694 2693
f 1569 1567 1561
f 379 346 381
f 945 943 946
f 4317 4319 4320
f 2697 2700 2702
f 2696 2697 2702
f 943 948 946
f 4356 4368 4369
f 948 944 953
f 605 623 602
f 602 623 630
f 672 671 670
f 671 661 670
f 4355 4317 4322
f 4322 4317 4320
f 4322 4320 4324
f 2700 2704 2708
f 2702 2700 2708
f 2169 2179 2168
f 2168 2179 2184
f 604 605 602
f 2069 2072 2073
f 2067 2070 2068
f 2068 2070 2072
f 2068 2072 2069
f 2489 2497 2477
f 609 608 604
f 2160 2169 2168
f 2479 2477 2476
f 2161 2160 2168
f 2168 2192 2161
f 2169 2160 2147
f 3404 3402 3406
f 3582 3576 3578
f 649 648 651
f 2147 2160 2143
f 1774 1778 1773
f 652 649 651
f 2160 2156 2143
f 1639 1638 1647
f 2131 2134 2132
f 234 253 230
f 234 230 233
f 234 233 235
f 1203 1192 1184
f 1183 1192 1193
f 235 233 238
f 1206 1203 1184
f 238 239 241
f 269 268 266
f 847 843 838
f 843 846 837
f 2691 2692 2693
f 2092 2099 2101
f 2693 2694 2696
f 628 629 623
f 1472 1478 1469
f 4369 4368 4371
f 607 622 623
f 607 623 605
f 672 673 671
f 2180 2179 2169
f 2180 2169 2167
f 2168 2184 2193
f 2184 2195 2193
f 2067 2068 2069
f 2069 2073 2074
f 5735 5739 5736
f 2071 2070 2067
f 2678 2677 2676
f 2676 2677 2666
f 616 610 609
f 2486 2489 2477
f 2168 2193 2192
f 2486 2477 2479
f 3612 3611 3587
f 3587 3611 3589
f 2481 2486 2479
f 3613 3612 3582
f 3585 3613 3582
f 3582 3612 3587
f 3615 3614 3613
f 3590 3615 3585
f 3615 3613 3585
f 190 191 196
f 3614 3615 3598
f 3841 3843 3842
f 1647 1655 1654
f 1801 1792 1827
f 3843 3845 3842
f 3583 3582 3578
f 1651 1639 1648
f 1648 1639 1647
f 3584 3583 3578
f 652 651 653
f 2132 2129 2131
f 252 253 234
f 262 253 252
f 1184 1192 1183
f 1195 1193 1196
f 1183 1193 1194
f 1194 1193 1195
f 1221 1206 1205
f 270 266 262
f 939 940 947
f 269 266 270
f 352 343 351
f 351 343 340
f 241 243 244
f 833 847 838
f 843 837 838
f 372 358 375
f 380 342 341
f 374 373 378
f 380 341 379
f 823 834 835
f 951 947 945
f 951 945 946
f 823 835 832
f 621 628 623
f 621 623 622
f 1469 1478 1470
f 2167 2175 2180
f 608 609 610
f 2493 2495 2491
f 2496 2493 2494
f 2494 2493 2492
f 2493 2491 2492
f 2492 2491 2488
f 3609 3611 3612
f 5734 5732 5731
f 2494 2492 2498
f 2167 2169 2147
f 3613 3609 3612
f 191 192 193
f 190 186 191
f 2145 2147 2143
f 3598 3619 3614
f 3598 3615 3590
f 1649 1647 1654
f 3583 3585 3582
f 1650 1648 1649
f 1649 1648 1647
f 1651 1648 1650
f 1652 1651 1650
f 2141 2144 2143
f 3586 3583 3584
f 3595 3594 3592
f 2133 2129 2132
f 1194 1195 1207
f 1207 1195 1208
f 1205 1206 1184
f 270 262 263
f 952 939 947
f 371 352 376
f 838 837 829
f 340 342 382
f 382 342 380
f 2459 2471 2462
f 837 834 829
f 829 834 823
f 373 372 378
f 378 372 385
f 372 375 385
f 951 952 947
f 1471 1472 1468
f 823 832 828
f 621 627 628
f 1468 1472 1469
f 608 621 622
f 608 622 607
f 2167 2173 2175
f 1464 1469 1470
f 2488 2490 2487
f 3609 3607 3611
f 5735 5736 5737
f 2488 2487 2483
f 192 191 186
f 3610 3609 3613
f 2483 2487 2484
f 2145 2151 2167
f 3610 3613 3614
f 190 187 186
f 3840 3841 3842
f 189 187 190
f 3598 3590 3591
f 3597 3598 3591
f 3590 3585 3583
f 2145 2143 2144
f 3591 3590 3583
f 2133 2141 2129
f 3596 3593 3594
f 3591 3583 3586
f 3594 3593 3592
f 3592 3591 3586
f 5205 5207 5206
f 2166 2138 2140
f 2138 2132 2140
f 234 235 236
f 263 262 252
f 1179 1183 1194
f 2197 2199 2201
f 956 939 952
f 238 241 240
f 376 352 351
f 2197 2190 2196
f 1233 1228 1232
f 383 351 340
f 2196 2190 2191
f 242 241 244
f 833 838 830
f 838 829 830
f 5230 5229 5233
f 2174 2191 2190
f 2174 2190 2173
f 1475 1473 1466
f 1466 1473 1471
f 374 378 386
f 3604 3621 3600
f 3600 3621 3601
f 3601 3621 3622
f 625 627 620
f 1466 1471 1468
f 620 627 621
f 1474 1475 1466
f 823 828 827
f 4197 4199 4200
f 611 620 608
f 620 621 608
f 1476 1474 1467
f 1465 1468 1469
f 2172 2174 2173
f 2165 2172 2173
f 1477 1476 1467
f 1477 1467 1460
f 2165 2173 2167
f 610 611 608
f 1465 1469 1464
f 1463 1465 1464
f 1459 1477 1460
f 2165 2167 2151
f 200 192 185
f 3610 3605 3609
f 617 613 610
f 1459 1461 1462
f 1461 1463 1462
f 1463 1464 1462
f 2133 2139 2141
f 2141 2139 2144
f 3593 3597 3591
f 2135 2133 2132
f 2138 2135 2132
f 252 234 236
f 908 912 914
f 236 235 237
f 1187 1221 1205
f 1179 1194 1181
f 1181 1194 1207
f 2198 2200 2199
f 2198 2199 2197
f 890 912 901
f 2198 2197 2196
f 888 890 886
f 886 890 913
f 913 890 901
f 240 241 242
f 669 668 631
f 383 340 382
f 826 829 818
f 818 829 823
f 620 624 625
f 825 821 823
f 1474 1466 1467
f 1466 1468 1465
f 2176 2177 2172
f 2177 2174 2172
f 825 823 827
f 3599 3600 3601
f 624 620 611
f 1467 1466 1460
f 1460 1466 1465
f 3599 3601 3602
f 1461 1460 1465
f 2176 2172 2170
f 842 841 848
f 2170 2172 2165
f 842 848 849
f 3605 3599 3602
f 3605 3602 3607
f 3602 3608 3607
f 1461 1465 1463
f 1459 1460 1461
f 613 612 610
f 2170 2165 2148
f 5738 5735 5737
f 2148 2165 2151
f 188 183 187
f 2148 2151 2145
f 170 188 159
f 5214 5213 5212
f 2139 2148 2145
f 3844 3840 3842
f 2139 2145 2144
f 1772 1776 1771
f 5212 5213 5211
f 1797 1766 1825
f 152 159 157
f 2137 2139 2133
f 2136 2137 2133
f 5212 5211 5209
f 2135 2136 2133
f 2138 2146 2135
f 2166 2189 2146
f 2166 2146 2138
f 237 235 240
f 240 235 238
f 1375 1374 1373
f 631 668 667
f 631 667 626
f 634 669 631
f 900 886 913
f 913 901 900
f 826 830 829
f 889 888 885
f 624 626 625
f 892 889 885
f 818 823 821
f 818 821 819
f 3603 3600 3599
f 612 624 611
f 825 827 839
f 822 825 839
f 839 827 840
f 840 827 841
f 3603 3599 3606
f 2182 2181 2178
f 2171 2181 2176
f 2171 2176 2170
f 2178 2181 2171
f 615 614 613
f 613 614 612
f 2183 2182 2178
f 5484 5478 5506
f 180 188 170
f 188 180 183
f 180 182 183
f 182 184 183
f 183 184 185
f 2149 2170 2148
f 2188 2178 2186
f 927 895 922
f 2139 2149 2148
f 2645 2646 2647
f 2149 2139 2137
f 1825 1798 1796
f 152 160 159
f 2189 2185 2146
f 2146 2136 2135
f 908 914 904
f 1178 1184 1183
f 1178 1183 1179
f 903 912 908
f 1179 1181 1177
f 1373 1374 1372
f 901 912 903
f 1368 1370 1369
f 619 631 626
f 888 886 885
f 635 634 618
f 618 634 631
f 619 626 624
f 612 619 624
f 819 821 822
f 822 821 825
f 618 619 612
f 840 841 842
f 614 618 612
f 5237 5238 5236
f 177 198 181
f 181 194 182
f 182 194 184
f 184 194 199
f 5486 5478 5485
f 177 181 180
f 180 181 182
f 177 180 170
f 2150 2178 2171
f 2171 2170 2149
f 2186 2178 2150
f 2150 2171 2149
f 160 170 159
f 2150 2149 2137
f 1798 1825 1768
f 2185 2186 2150
f 2150 2137 2136
f 2185 2150 2146
f 2150 2136 2146
f 904 914 911
f 1187 1184 1178
f 1178 1179 1177
f 903 908 904
f 249 236 237
f 4571 4568 4569
f 4556 4553 4551
f 1205 1184 1187
f 1222 1226 1187
f 1373 1372 1371
f 1371 1372 1370
f 901 903 902
f 240 242 247
f 242 244 246
f 901 902 899
f 900 901 899
f 836 833 831
f 833 830 831
f 831 830 826
f 826 818 820
f 885 886 887
f 887 886 900
f 618 631 619
f 885 887 893
f 887 900 897
f 897 900 899
f 817 820 818
f 817 818 819
f 181 195 194
f 895 885 894
f 171 177 170
f 922 895 915
f 171 170 160
f 1834 1781 1798
f 920 919 928
f 922 915 925
f 925 915 917
f 1771 1780 1770
f 920 928 929
f 1770 1775 1768
f 4567 4568 4570
f 1176 1177 1175
f 4551 4553 4552
f 1371 1370 1368
f 4552 4553 4554
f 4552 4554 4555
f 249 237 240
f 903 904 902
f 250 249 240
f 250 240 247
f 247 242 246
f 3679 3680 3681
f 899 902 906
f 5232 5240 5231
f 893 887 897
f 898 897 899
f 898 893 897
f 885 893 894
f 3546 3547 3548
f 895 894 915
f 898 918 896
f 176 177 171
f 896 918 919
f 918 921 919
f 915 896 917
f 896 919 917
f 1781 1834 1785
f 161 171 160
f 920 917 919
f 1770 1780 1775
f 150 161 152
f 146 145 147
f 4550 4551 4552
f 1190 1187 1178
f 1178 1177 1176
f 904 911 909
f 1222 1187 1212
f 1175 1182 1171
f 907 904 909
f 909 911 916
f 1073 1074 1067
f 4552 4555 4557
f 3969 3970 3971
f 905 904 907
f 902 904 905
f 1366 1367 1365
f 906 902 905
f 248 247 246
f 810 796 763
f 1845 1851 1847
f 764 769 773
f 824 817 819
f 177 179 198
f 176 179 177
f 2787 2791 2788
f 894 893 896
f 896 893 898
f 918 898 910
f 3546 3548 3549
f 915 894 896
f 918 910 921
f 161 176 171
f 919 921 926
f 144 148 145
f 145 149 147
f 4550 4552 4558
f 1186 1178 1176
f 1174 1176 1175
f 1174 1175 1171
f 1212 1187 1190
f 3534 3536 3533
f 3533 3536 3539
f 1861 1862 1853
f 1861 1853 1850
f 3537 3532 3530
f 3535 3537 3530
f 2622 2620 2619
f 2619 2620 2621
f 898 899 910
f 5475 5474 5473
f 2623 2621 2624
f 2787 2788 2789
f 161 172 176
f 4569 4567 4563
f 4563 4567 4564
f 1186 1176 1185
f 1185 1176 1174
f 1174 1171 1173
f 1168 1171 1172
f 1867 1861 1850
f 1867 1850 1864
f 1860 1849 1846
f 1860 1846 1865
f 1865 1846 1857
f 1865 1857 1858
f 1866 1858 1863
f 2626 2622 2619
f 5474 5469 5473
f 2623 2624 2625
f 2789 2788 2794
f 2794 2788 2795
f 921 910 923
f 148 163 145
f 165 172 161
f 149 165 150
f 165 161 150
f 4563 4564 4565
f 4560 4558 4559
f 1190 1178 1186
f 1201 1186 1185
f 1170 1171 1168
f 229 228 204
f 204 228 227
f 1864 1850 1860
f 4559 4558 4557
f 1212 1190 1213
f 1304 1303 1297
f 202 229 204
f 1297 1303 1298
f 1866 1865 1858
f 201 225 202
f 1866 1863 1869
f 201 203 211
f 212 201 211
f 2792 2790 2789
f 163 212 211
f 174 175 178
f 163 211 164
f 163 164 145
f 162 167 165
f 162 165 149
f 145 162 149
f 1737 1744 1736
f 1191 1185 1174
f 1864 1860 1868
f 1213 1190 1211
f 1211 1190 1186
f 205 204 227
f 205 227 207
f 1867 1864 1870
f 3972 3971 3973
f 202 204 203
f 201 202 203
f 218 222 219
f 175 218 219
f 2793 2789 2794
f 162 173 167
f 145 164 162
f 4563 4565 4566
f 2298 2297 2295
f 1173 1170 1167
f 1167 1170 1168
f 1191 1201 1185
f 1191 1174 1173
f 1191 1173 1199
f 1868 1860 1865
f 3974 3973 3975
f 1211 1186 1214
f 1186 1201 1214
f 1298 1299 1296
f 203 204 205
f 223 222 216
f 216 222 218
f 217 218 175
f 217 175 168
f 211 209 164
f 169 217 168
f 164 166 162
f 162 166 173
f 167 169 168
f 1737 1736 1729
f 1736 1735 1729
f 1180 1173 1167
f 1201 1191 1218
f 1219 1191 1199
f 1220 1191 1219
f 1296 1297 1298
f 208 207 213
f 208 213 214
f 205 207 206
f 206 207 208
f 220 223 216
f 203 205 206
f 214 220 221
f 221 220 216
f 224 208 214
f 224 214 221
f 215 224 221
f 1300 1299 1301
f 209 203 206
f 209 206 208
f 209 208 210
f 210 208 224
f 210 224 215
f 5468 5503 5472
f 5494 5491 5493
f 216 218 217
f 5489 5472 5503
f 169 216 217
f 5490 5493 5491
f 164 209 166
f 209 210 166
f 795 767 768
f 2298 2285 2288
f 3369 3370 3371
f 1167 1168 1169
f 1311 1297 1296
f 1211 1214 1215
f 1215 1214 1216
f 1214 1201 1217
f 1217 1201 1218
f 1218 1191 1220
f 1216 1214 1217
f 213 220 214
f 1296 1299 1300
f 4487 4488 4489
f 216 215 221
f 5489 5503 5492
f 5489 5492 5490
f 169 215 216
f 210 215 169
f 1202 1180 1167
f 1188 1167 1169
f 1726 1737 1729
f 1739 1737 1726
f 1220 1219 1225
f 1217 1218 1220
f 1229 1217 1220
f 1229 1220 1231
f 1216 1217 1230
f 1230 1217 1229
f 2293 2292 2299
f 1064 1069 1063
f 5503 5505 5504
f 5503 5504 5500
f 5503 5500 5492
f 5510 5511 5512
f 5499 5501 5498
f 5490 5492 5498
f 5493 5490 5498
f 5498 5494 5493
f 1300 1301 1302
f 5795 5796 5797
f 1729 1735 1730
f 1730 1735 1732
f 1202 1167 1189
f 1189 1167 1188
f 3371 3370 3372
f 1188 1169 1223
f 1322 1311 1296
f 1738 1739 1726
f 3166 3188 3183
f 1231 1220 1235
f 3173 3188 3166
f 2777 2779 2778
f 1296 1300 1310
f 5492 5500 5499
f 5492 5499 5498
f 3170 3173 3166
f 1066 1063 1070
f 2783 2784 2786
f 3796 3798 3791
f 3371 3372 3373
f 2780 2777 2776
f 2781 2780 2776
f 1322 1296 1310
f 1738 1726 1728
f 2776 2777 2778
f 1743 1738 1740
f 3798 3794 3791
f 1300 1302 1305
f 1306 1300 1305
f 1305 1302 1360
f 441 440 435
f 1726 1729 1727
f 1729 1730 1727
f 1727 1730 1731
f 1730 1732 1731
f 3183 3189 3184
f 3182 3183 3184
f 1726 1727 1728
f 3166 3183 3182
f 2776 2778 2782
f 2778 2783 2782
f 1310 1300 1309
f 3164 3166 3163
f 1309 1300 1306
f 3786 3793 3792
f 3786 3792 3790
f 3164 3163 3161
f 3791 3793 3786
f 435 440 436
f 1727 1731 1733
f 1734 1727 1733
f 1728 1727 1734
f 3166 3182 3169
f 1742 1734 1733
f 1740 1728 1734
f 1740 1734 1741
f 1741 1734 1742
f 3163 3166 3169
f 1322 1310 1324
f 3169 3182 3186
f 3182 3185 3186
f 3161 3163 3162
f 434 435 436
f 434 436 437
f 437 436 447
f 437 447 446
f 1310 1309 1324
f 1324 1309 1323
f 3163 3169 3162
f 1306 1305 1307
f 3161 3162 3159
f 3160 3161 3159
f 1307 1305 1308
f 1308 1316 1314
f 2724 2725 2722
f 3471 3465 3469
f 5759 5764 5760
f 434 437 438
f 3186 3185 3187
f 3186 3187 3181
f 3169 3186 3181
f 439 446 444
f 3169 3181 3162
f 1323 1309 1312
f 1309 1306 1312
f 1312 1306 1307
f 2721 2724 2722
f 2720 2721 2722
f 2721 2720 2723
f 3072 3071 3066
f 3072 3066 3074
f 2044 2049 2043
f 3066 3068 3070
f 3073 3066 3070
f 2720 2726 2727
f 5761 5759 5758
f 5758 5759 5760
f 438 437 439
f 442 438 439
f 439 437 446
f 1313 1308 1314
f 1164 1163 1162
f 2720 2727 2723
f 3086 3087 3085
f 5763 5761 5758
f 5758 5760 5762
f 3172 3162 3181
f 3162 3172 3159
f 1307 1308 1313
f 1320 1307 1313
f 1314 1316 1315
f 1318 1361 1319
f 2046 2048 2047
f 2043 2046 2039
f 2607 2612 2617
f 3307 3308 3306
f 2607 2617 2618
f 2608 2607 2618
f 2044 2043 2042
f 3305 3306 3303
f 442 439 443
f 439 444 443
f 1312 1307 1320
f 1313 1314 1315
f 1315 1316 1317
f 1316 1318 1317
f 1317 1318 1319
f 1317 1319 1325
f 2615 2612 2609
f 2607 2609 2612
f 2729 2721 2723
f 2606 2607 2608
f 2042 2043 2039
f 2728 2723 2727
f 2729 2723 2728
f 3302 3303 3304
f 3084 3086 3085
f 3083 3084 3085
f 5779 5782 5780
f 5769 5770 5771
f 443 444 445
f 445 444 448
f 445 448 449
f 2606 2609 2607
f 2610 2609 2606
f 2038 2039 2040
f 2730 2729 2728
f 2042 2039 2041
f 4017 4020 4018
f 5765 5766 5767
f 5765 5767 5768
f 443 445 450
f 3151 3139 3172
f 1329 1313 1315
f 1315 1317 1330
f 1330 1317 1331
f 4019 4017 4016
f 4016 4017 4018
f 3221 3217 3215
f 3222 3221 3215
f 3215 3217 3216
f 5779 5780 5781
f 5789 5790 5791
f 459 443 450
f 450 445 451
f 1327 1320 1326
f 1326 1320 1321
f 1321 1320 1313
f 1321 1313 1329
f 1330 1329 1315
f 2609 2613 2615
f 2613 2609 2611
f 2730 2728 2731
f 3778 3782 3781
f 3783 3784 3779
f 1342 1329 1330
f 1330 1331 1332
f 2614 2613 2611
f 2611 2610 2616
f 3343 3344 3347
f 3778 3781 3779
f 1535 1538 1540
f 2949 2950 2943
f 4584 4580 4583
f 4583 4580 4582
f 4580 4581 4582
f 459 450 452
f 452 450 451
f 1326 1321 1328
f 1321 1329 1328
f 1328 1329 1342
f 16 17 18
f 3153 3142 3152
f 3935 3932 3930
f 3932 3931 3930
f 2732 2730 2731
f 1534 1538 1535
f 3778 3779 3780
f 3220 3215 3219
f 2949 2943 2945
f 4583 4587 4584
f 4582 4581 4585
f 3042 3044 3046
f 453 451 454
f 3137 3151 3150
f 1332 1331 1333
f 4760 4764 4761
f 4825 4826 4827
f 1542 1532 1539
f 1535 1541 1537
f 1537 1541 1543
f 4586 4587 4583
f 4586 4583 4582
f 4588 4586 4582
f 4588 4582 4585
f 453 452 451
f 1328 1342 1344
f 1344 1342 1346
f 1342 1343 1345
f 3141 3140 3142
f 4813 4814 4815
f 4821 4823 4824
f 3929 3928 3925
f 3925 3928 3926
f 3341 3343 3342
f 1531 1534 1533
f 1533 1534 1535
f 3688 3689 3687
f 3687 3689 3690
f 1572 1574 1575
f 3041 3044 3042
f 3042 3046 3043
f 1572 1575 1579
f 3135 3150 3149
f 3135 3149 3144
f 455 453 454
f 3135 3144 3140
f 455 454 456
f 455 456 457
f 3142 3140 3143
f 1342 1345 1346
f 3147 3143 3146
f 1332 1333 1334
f 1539 1532 1527
f 1532 1528 1527
f 3828 3827 3829
f 3830 3828 3829
f 3925 3926 3927
f 1533 1535 1537
f 3687 3690 3691
f 1572 1579 1580
f 1580 1579 1581
f 3143 3144 3145
f 3146 3143 3145
f 3449 3445 3456
f 4456 4458 4460
f 1334 1333 1335
f 1527 1528 1529
f 1529 1528 1530
f 1528 1531 1530
f 1530 1531 1533
f 3953 3961 3958
f 3954 3953 3958
f 3960 3954 3958
f 3954 3960 3957
f 1571 1574 1572
f 3041 3042 3043
f 3444 3443 3445
f 3444 3445 3448
f 3448 3445 3449
f 4169 4170 4172
f 1334 1335 1336
f 1530 1533 1536
f 3949 3953 3951
f 2837 2838 2839
f 2839 2838 2868
f 3684 3683 3687
f 3951 3953 3954
f 1588 1572 1580
f 3146 3145 3148
f 3448 3449 3450
f 3450 3449 3451
f 3203 3202 3201
f 1338 1334 1337
f 1334 1336 1337
f 1336 1335 1340
f 1340 1335 1341
f 4755 4758 4757
f 2932 2931 2933
f 3950 3949 3951
f 3683 3684 3685
f 1578 1585 1584
f 3951 3954 3955
f 1578 1584 1583
f 1578 1583 1582
f 1578 1582 1571
f 3954 3957 3956
f 1571 1572 1573
f 3041 3043 3045
f 2329 2330 2331
f 2333 2331 2330
f 2905 2907 2908
f 1346 1345 1347
f 1345 1348 1347
f 3446 3442 3444
f 4173 4169 4172
f 3457 3444 3448
f 3457 3448 3459
f 3459 3448 3450
f 2921 2926 2927
f 1337 1336 1339
f 2864 2851 2849
f 1339 1336 1340
f 4754 4755 4756
f 4828 4829 4830
f 3950 3951 3952
f 3683 3685 3686
f 3561 3552 3555
f 3956 3955 3954
f 1578 1571 1577
f 3560 3561 3555
f 3962 3956 3957
f 1576 1571 1573
f 1572 1588 1587
f 1573 1572 1587
f 2334 2329 2331
f 3964 3968 3967
f 2912 2925 2906
f 2906 2925 2907
f 2906 2907 2905
f 2909 2905 2908
f 2905 2909 2902
f 4190 4186 4185
f 4185 4186 4187
f 3632 3635 3637
f 3632 3637 3636
f 1347 1348 1349
f 3446 3444 3454
f 3454 3444 3458
f 3458 3444 3457
f 3201 3202 3198
f 3199 3201 3198
f 2921 2917 2926
f 3452 3450 3451
f 5343 5337 5347
f 5346 5340 5343
f 5346 5343 5347
f 5347 5353 5352
f 3945 3949 3944
f 3944 3949 3950
f 3952 3951 3955
f 4751 4752 4753
f 4184 4181 4180
f 4798 4799 4800
f 1577 1571 1576
f 2901 2905 2902
f 3209 3210 3211
f 4185 4187 4189
f 3200 3199 3197
f 3197 3199 3198
f 1338 1337 1339
f 4816 4817 4818
f 3452 3451 3439
f 2848 2850 2854
f 5336 5337 5333
f 5337 5343 5333
f 3918 3919 3920
f 4142 4143 4144
f 3209 3211 3212
f 2900 2901 2902
f 3632 3636 3630
f 2900 2902 2903
f 3633 3632 3629
f 2916 2903 2917
f 3197 3198 3196
f 3054 3052 3053
f 1353 1339 1351
f 1351 1339 1340
f 1351 1340 1352
f 3946 3945 3938
f 3938 3945 3944
f 1577 1576 1573
f 3963 3964 3965
f 3964 3967 3965
f 2911 2912 2906
f 2913 2911 2910
f 2911 2906 2910
f 1347 1349 1350
f 3630 3636 3638
f 2904 2900 2903
f 4445 4447 4448
f 2904 2903 2916
f 3197 3196 3192
f 2904 2916 2918
f 3452 3439 3436
f 3436 3439 3437
f 2845 2858 2843
f 4180 4181 4182
f 4183 4180 4182
f 3966 3963 3965
f 2914 2911 2913
f 3665 3667 3666
f 3209 3212 3213
f 3666 3667 3670
f 3629 3632 3630
f 3192 3196 3195
f 1354 1353 1351
f 3452 3436 3453
f 1358 1351 1352
f 3436 3437 3438
f 3943 3946 3938
f 3939 3938 3944
f 2915 2914 2913
f 4890 4891 4892
f 3192 3195 3193
f 1356 1351 1358
f 2852 2856 2853
f 3436 3438 3440
f 3050 3047 3049
f 3438 3437 3441
f 3050 3049 3051
f 3056 3050 3051
f 3947 3946 3943
f 3664 3665 3666
f 2920 2904 2919
f 1355 1351 1356
f 2904 2918 2919
f 3453 3436 3440
f 5341 5332 5335
f 2982 2980 2979
f 5339 5344 5334
f 4742 4743 4744
f 2979 2980 2981
f 4744 4746 4745
f 4745 4746 4747
f 4742 4744 4745
f 3947 3943 3948
f 3191 3192 3193
f 2979 2981 2983
f 3948 3943 3942
f 3942 3943 3938
f 3664 3666 3668
f 2920 2919 2922
f 5348 5341 5345
f 3455 3453 3440
f 4745 4747 4748
f 3191 3193 3194
f 3669 3664 3668
f 4749 4745 4748
f 3959 3948 3942
f 3942 3938 3937
f 3942 3937 3941
f 3941 3937 3940
f 4768 4769 4770
f 2924 2922 2923
f 3941 3959 3942
f 2861 2869 2870
f 2863 2861 2870
f 4749 4748 4750
f 2861 2865 2869
