v 0.255859 0.301025 -0.141357
v 0.255859 0.301025 -0.141113
v 0.255859 0.301025 -0.141479
v -0.406250 0.144043 0.224609
v -0.405029 0.142944 0.223389
v -0.406250 0.144043 0.224487
v -0.406982 0.143555 0.225952
v -0.405029 0.163574 0.126953
v -0.406738 0.161621 0.125610
v -0.403076 0.163208 0.128296
v -0.398438 0.177734 0.212402
v -0.399902 0.179321 0.214111
v -0.398193 0.177246 0.214233
v -0.395508 0.039062 0.114746
v -0.393311 0.040771 0.116333
v -0.395996 0.041443 0.113403
v -0.383545 0.193359 0.194824
v -0.382324 0.193726 0.193848
v -0.383545 0.192993 0.194824
v -0.189941 -0.477783 -0.075806
v -0.185181 -0.478271 -0.075806
v -0.193237 -0.477295 -0.075867
v -0.151611 0.123047 -0.142578
v -0.151367 0.124634 -0.140991
v -0.151611 0.123108 -0.142578
v -0.143555 0.349609 0.023880
v -0.143555 0.349609 0.023941
v -0.143555 0.349609 0.023911
v -0.142456 0.351074 0.024200
v -0.130371 0.306396 -0.087891
v -0.129759 0.298512 -0.093778
v -0.130371 0.306396 -0.087830
v -0.114014 0.344238 -0.076416
v -0.109802 0.343262 -0.075928
v -0.116394 0.344482 -0.076660
v 0.006489 0.270996 -0.164917
v 0.004192 0.270752 -0.166016
v 0.004086 0.270752 -0.166016
v 0.096497 0.347900 -0.121582
v 0.097961 0.348389 -0.119141
v 0.095886 0.347900 -0.121399
v 0.185181 0.312500 -0.024857
v 0.185303 0.311279 -0.025574
v 0.185181 0.312744 -0.024857
v -0.381919 0.193763 0.193615
v -0.138284 0.354501 0.022164
v -0.150006 0.123878 -0.144578
v -0.398679 0.189525 0.177486
v -0.383750 0.187673 0.176550
v -0.400119 0.182920 0.181223
v -0.383750 0.187673 0.176550
v -0.397845 0.181821 0.176536
v -0.400119 0.182920 0.181223
v -0.397845 0.181821 0.176536
v -0.383750 0.187673 0.176550
v -0.398679 0.189525 0.177486
v -0.398679 0.189525 0.177486
v -0.400119 0.182920 0.181223
v -0.397845 0.181821 0.176536
v -0.022070 0.423615 -0.070954
v -0.002522 0.421091 -0.068311
v -0.008354 0.421328 -0.063742
v -0.012179 0.422128 -0.064833
v -0.002522 0.421091 -0.068311
v -0.022070 0.423615 -0.070954
v -0.012179 0.422128 -0.064833
v -0.008354 0.421328 -0.063742
v 0.255859 0.301025 -0.141357
v 0.255886 0.297758 -0.143291
v 0.255127 0.300049 -0.140015
v 0.255859 0.301025 -0.141479
v 0.255859 0.301025 -0.141113
v 0.255859 0.301025 -0.141113
v 0.255127 0.300049 -0.140015
v 0.255886 0.297758 -0.143291
v 0.255859 0.301025 -0.141479
v 0.062170 0.113721 0.096227
v 0.064602 0.113732 0.103434
v 0.062778 0.106517 0.099746
v 0.146523 -0.010520 -0.025264
v 0.146301 -0.014013 -0.023072
v 0.150756 -0.012424 -0.021262
v 0.018494 0.495185 0.012881
v 0.016108 0.499238 0.012477
v 0.023570 0.497517 0.015774
v 0.141551 0.166374 -0.172951
v 0.140218 0.168106 -0.165559
v 0.135158 0.169296 -0.172010
v -0.357361 0.058065 0.088226
v -0.350377 0.064085 0.083612
v -0.363842 0.053551 0.088930
v 0.012046 0.178370 0.087952
v 0.006160 0.181097 0.088299
v 0.029540 0.176285 0.089490
v 0.327585 0.147513 0.016993
v 0.312842 0.145579 0.017847
v 0.315186 0.146729 0.018127
v -0.424382 0.129755 0.169575
v -0.420211 0.127399 0.164121
v -0.421652 0.121798 0.172160
v 0.079712 0.081809 0.083433
v 0.067039 0.081920 0.084592
v 0.083306 0.052916 0.084547
v 0.066829 0.100358 0.086326
v 0.087770 0.067414 0.082346
v 0.072581 0.115795 0.083582
v 0.060393 0.116913 0.087490
v 0.071348 0.134984 0.079421
v 0.077101 0.122099 0.079368
v 0.083221 0.091752 0.078368
v 0.084604 0.107991 0.078702
v 0.086722 0.077804 0.084145
v 0.078043 0.129701 0.079971
v 0.059700 0.102928 0.084383
v 0.071783 0.144931 0.084060
v 0.012780 0.257760 -0.093151
v 0.031293 0.268665 -0.093081
v 0.023789 0.260715 -0.093002
v 0.023734 0.246233 -0.091194
v 0.045268 0.271000 -0.089095
v 0.050080 0.251068 -0.088390
v 0.082681 0.276124 -0.084046
v 0.061442 0.286253 -0.087948
v 0.072560 0.240427 -0.086016
v 0.091132 0.250318 -0.082159
v 0.107927 0.263523 -0.078766
v 0.102157 0.299084 -0.080816
v 0.089222 0.217196 -0.079052
v 0.079263 0.205851 -0.082077
v 0.106049 0.242395 -0.076185
v 0.128731 0.286621 -0.070172
v 0.124744 0.264663 -0.071587
v 0.138560 0.269846 -0.068504
v 0.151252 0.280544 -0.063519
v 0.095837 0.186381 -0.073044
v 0.074547 0.196863 -0.083368
v 0.055115 0.231497 -0.092004
v 0.073683 0.206731 -0.090104
v 0.059190 0.206547 -0.094101
v 0.035105 0.211142 -0.094285
v 0.179311 0.272606 -0.060302
v 0.169038 0.244294 -0.062712
v 0.194061 0.245004 -0.058735
v 0.209308 0.246741 -0.054699
v 0.191886 0.232556 -0.060771
v 0.212568 0.209764 -0.061586
v 0.195258 0.204776 -0.064127
v 0.222363 0.236358 -0.054516
v 0.221626 0.207077 -0.059540
v 0.239904 0.214251 -0.057029
v 0.254439 0.196089 -0.057395
v 0.182192 0.223159 -0.060164
v 0.269033 0.211164 -0.048946
v 0.292175 0.193292 -0.044491
v 0.289166 0.182615 -0.047862
v 0.309972 0.175560 -0.040707
v 0.164942 0.290168 -0.057396
v 0.148835 0.312825 -0.053886
v 0.076489 0.153813 -0.084434
v 0.056633 0.144503 -0.087394
v 0.068077 0.101736 -0.085482
v 0.079458 0.093499 -0.082394
v 0.078671 0.062810 -0.080822
v 0.040447 0.099969 -0.088130
v 0.056774 0.083886 -0.085879
v 0.044427 0.135257 -0.088181
v 0.054132 0.054451 -0.082996
v 0.077221 0.049909 -0.080214
v 0.044901 0.040954 -0.084808
v 0.065093 0.025761 -0.084110
v 0.084113 0.024845 -0.080344
v 0.033878 0.027982 -0.086627
v 0.047299 0.201442 -0.084289
v 0.033137 0.056620 -0.084065
v 0.025618 0.159335 -0.086315
v 0.015178 0.118360 -0.086985
v 0.013482 0.095554 -0.086627
v -0.011695 0.135694 -0.084614
v -0.008378 0.105606 -0.084949
v -0.001297 0.061151 -0.082015
v -0.006548 0.160024 -0.083825
v -0.038686 0.169758 -0.081197
v -0.004070 0.184030 -0.081919
v 0.015174 0.198324 -0.082015
v -0.004286 0.041741 -0.082765
v -0.030505 0.201704 -0.078325
v -0.005975 0.212322 -0.077306
v -0.014617 0.213031 -0.077019
v -0.019523 0.224900 -0.080469
v -0.005998 0.024984 -0.085134
v -0.037350 0.125406 -0.081915
v -0.032477 0.091468 -0.079592
v 0.076488 0.201026 -0.084252
v -0.050091 0.111029 -0.079195
v 0.003438 0.246665 -0.088160
v -0.051263 0.165656 -0.079118
v -0.035384 0.213895 -0.082972
v 0.146157 0.259699 -0.066036
v 0.150415 0.243318 -0.061790
v 0.124602 0.246898 -0.066333
v 0.094581 0.047602 -0.072299
v 0.103208 0.027607 -0.072142
v 0.074550 0.289121 -0.088386
v 0.083820 0.291966 -0.087624
v 0.094168 0.293422 -0.084626
v 0.051537 0.023472 -0.084153
v -0.018624 0.061125 -0.078321
v 0.026652 0.207595 -0.092657
v 0.286126 0.157066 -0.038935
v 0.304209 0.151489 -0.033127
v 0.267129 0.172194 -0.046695
v 0.258302 0.165694 -0.046127
v 0.239188 0.172712 -0.049272
v 0.252416 0.178133 -0.050396
v 0.223594 0.181274 -0.051842
v 0.110730 0.213633 -0.067659
v 0.321602 0.157485 -0.031150
v 0.330948 0.165877 -0.031747
v 0.355873 0.154146 -0.020490
v -0.045261 0.206432 -0.080236
v -0.055717 0.229883 -0.080880
v -0.050373 0.240650 -0.083110
v -0.067200 0.205476 -0.078008
v -0.044211 0.045642 -0.073057
v -0.004809 0.233525 -0.084533
v -0.012964 0.027820 -0.083204
v -0.033195 0.028975 -0.079559
v 0.216279 0.189112 -0.053130
v -0.055547 0.197116 -0.073326
v 0.153843 0.232832 -0.057079
v -0.044687 0.059968 -0.070976
v -0.016848 0.236535 -0.085122
v 0.005978 0.224981 -0.085274
v 0.041912 0.279215 -0.093533
v 0.126506 0.303291 -0.067159
v 0.108655 0.301275 -0.076906
v 0.129102 0.240568 -0.060791
v 0.102955 0.058085 -0.065581
v 0.093914 0.162753 -0.073721
v 0.111204 0.188063 -0.063567
v 0.097837 0.130255 -0.070277
v 0.114560 0.084869 -0.063500
v 0.113433 0.116691 -0.064697
v 0.110625 0.153606 -0.064032
v 0.116322 0.050346 -0.055793
v 0.119122 0.317801 -0.066091
v 0.129064 0.321309 -0.059820
v 0.120171 0.323852 -0.065894
v 0.142016 0.313294 -0.055536
v -0.048146 0.027941 -0.074792
v 0.316659 0.147894 -0.027484
v -0.037086 0.239768 -0.087576
v -0.024532 0.227124 -0.085703
v 0.332829 0.140810 -0.018135
v 0.367278 0.146222 -0.013418
v 0.012640 0.204970 -0.085711
v 0.346906 0.135436 -0.011646
v 0.360560 0.140240 -0.012155
v 0.374357 0.141334 -0.011396
v 0.362532 0.133558 -0.010813
v 0.375330 0.132132 -0.009681
v 0.392915 0.127565 -0.009172
v 0.127411 0.218621 -0.052818
v -0.067324 0.188014 -0.071094
v -0.066366 0.169058 -0.071447
v 0.123953 0.029834 -0.055596
v 0.137119 0.318844 -0.056080
v 0.203479 0.182727 -0.049767
v 0.174544 0.209873 -0.052268
v 0.005619 0.207992 -0.081068
v -0.027852 0.235657 -0.088603
v 0.119117 0.184042 -0.052473
v 0.001034 0.253151 -0.094205
v 0.126229 0.103398 -0.050316
v 0.135886 0.227420 -0.047819
v 0.158131 0.222138 -0.051161
v 0.127310 0.080124 -0.047441
v 0.124394 0.047984 -0.046382
v 0.374801 0.125021 -0.003235
v 0.387874 0.115988 -0.003127
v 0.393821 0.112150 0.000299
v 0.397704 0.122927 -0.005572
v 0.110970 0.318712 -0.076996
v 0.190225 0.190811 -0.050528
v -0.032616 0.026876 -0.077594
v 0.121812 0.135027 -0.050930
v 0.130383 0.207027 -0.044173
v 0.141005 0.217249 -0.032430
v 0.126527 0.144393 -0.038474
v 0.115346 0.325794 -0.078020
v 0.127184 0.179356 -0.038070
v -0.070689 0.192193 -0.078193
v 0.399901 0.115395 -0.007238
v 0.404198 0.122675 -0.006795
v 0.416743 0.109636 -0.008504
v -0.110544 0.111037 0.015101
v -0.112949 0.086905 0.013587
v -0.108238 0.097229 0.028402
v -0.107027 0.060343 0.030856
v -0.101719 0.084324 0.051524
v -0.111815 0.069417 0.012339
v -0.112255 0.057591 0.012801
v -0.100185 0.058114 0.048017
v -0.101039 0.049844 0.045618
v -0.095089 0.078715 0.064325
v -0.098896 0.111380 0.045883
v -0.092109 0.100063 0.066681
v -0.086927 0.053138 0.068172
v -0.102988 0.042239 0.029768
v -0.100053 0.031139 0.030467
v -0.105513 0.031170 0.006750
v -0.106990 0.046066 0.011515
v -0.111919 0.060214 -0.008502
v -0.105623 0.035680 -0.008130
v -0.110466 0.113747 -0.003798
v -0.111482 0.098336 -0.009437
v -0.105041 0.051400 -0.009368
v -0.088578 0.029807 0.053582
v -0.103084 0.130372 0.017931
v -0.108086 0.123757 -0.008716
v -0.101552 0.031007 -0.019747
v -0.094720 0.030940 -0.036844
v -0.086362 0.047342 -0.054303
v -0.095299 0.076709 -0.033628
v -0.085294 0.068959 -0.057226
v -0.104155 0.067707 -0.012602
v -0.102527 0.100191 -0.016302
v -0.092819 0.107400 -0.038068
v -0.083259 0.099306 -0.061273
v -0.099161 0.132305 -0.015811
v -0.092579 0.137042 -0.031808
v -0.083953 0.146908 -0.052394
v -0.081013 0.125303 -0.062312
v -0.086907 0.028650 -0.055064
v -0.106557 0.103780 -0.011966
v -0.103057 0.139650 -0.009320
v -0.096286 0.155234 -0.032071
v -0.088612 0.160765 -0.049017
v -0.103785 0.162345 -0.003068
v -0.104868 0.141774 -0.001374
v -0.104076 0.178917 -0.007684
v -0.098742 0.179826 -0.028803
v -0.107317 0.200561 -0.008449
v -0.103649 0.205099 -0.034860
v -0.086396 0.185763 -0.054149
v -0.078370 0.156703 -0.061639
v -0.079893 0.169622 -0.063405
v -0.094066 0.195748 -0.047567
v -0.099125 0.216470 -0.052153
v -0.112772 0.217004 -0.024186
v -0.111642 0.221402 -0.036771
v -0.109364 0.232630 -0.051222
v 0.207540 -0.279531 -0.061562
v 0.212924 -0.276599 -0.031554
v 0.215314 -0.287762 -0.036991
v 0.213978 -0.297635 -0.048194
v 0.213994 -0.312564 -0.050955
v 0.217027 -0.313382 -0.037053
v 0.208632 -0.301782 -0.064761
v 0.216412 -0.298302 -0.016438
v 0.216383 -0.315276 -0.022804
v 0.213721 -0.288526 -0.006238
v 0.214455 -0.308260 -0.008274
v 0.211503 -0.302479 0.002495
v 0.208880 -0.265690 -0.032759
v 0.207893 -0.269347 -0.003534
v 0.203458 -0.246537 -0.009007
v 0.203838 -0.248358 -0.031634
v 0.200789 -0.239101 -0.024251
v 0.194157 -0.225297 -0.004134
v 0.189317 -0.216483 -0.015344
v 0.183512 -0.199460 -0.006183
v 0.184840 -0.200255 0.015604
v 0.180185 -0.184463 0.014198
v 0.175890 -0.176166 0.038088
v 0.193284 -0.229704 0.006510
v 0.186166 -0.212606 0.024922
v 0.175888 -0.186073 0.044155
v 0.179163 -0.174223 0.014445
v 0.203159 -0.260843 0.004455
v 0.177733 -0.185770 -0.002935
v 0.175910 -0.172616 -0.004920
v 0.206961 -0.274057 -0.047098
v 0.184125 -0.197433 0.046317
v 0.190006 -0.218354 0.029121
v 0.191472 -0.221207 0.044690
v 0.193153 -0.236802 0.030766
v 0.182201 -0.204572 0.060448
v 0.176431 -0.186756 0.058549
v 0.190137 -0.242868 0.044741
v 0.188449 -0.234286 0.018114
v 0.183738 -0.222338 0.060033
v 0.175750 -0.159030 -0.016401
v 0.179799 -0.156594 0.013196
v 0.177800 -0.153218 0.005495
v 0.178617 -0.156220 0.022645
v 0.175303 -0.165723 0.037598
v 0.175006 -0.147748 0.028382
v 0.169184 -0.142922 0.037976
v 0.163105 -0.170518 0.054953
v 0.166588 -0.180989 0.059071
v 0.167017 -0.163388 0.049489
v 0.173375 -0.196096 0.068711
v 0.188531 -0.252374 0.039615
v 0.189530 -0.252942 0.031647
v 0.161777 -0.130688 0.044033
v 0.171783 -0.172795 0.040887
v 0.212812 -0.318682 -0.012100
v 0.169152 -0.182993 0.065593
v 0.171921 -0.178613 -0.015474
v 0.222296 -0.321130 -0.049134
v 0.227408 -0.324467 -0.028954
v 0.223583 -0.328098 -0.011021
v 0.186612 -0.226540 -0.038028
v 0.206142 -0.294099 -0.059736
v 0.197482 -0.269551 -0.056017
v 0.189147 -0.243873 -0.050925
v 0.173764 -0.201092 -0.025549
v 0.187138 -0.251053 0.021777
v 0.208285 -0.312968 -0.063312
v 0.214442 -0.319795 -0.062602
v 0.223131 -0.333561 -0.034143
v 0.222119 -0.336734 -0.016927
v 0.226440 -0.338405 -0.034248
v 0.219777 -0.332501 -0.049674
v 0.223011 -0.340277 -0.053949
v 0.224585 -0.353039 -0.032732
v 0.222265 -0.352744 -0.017491
v 0.221963 -0.350355 -0.048185
v 0.221652 -0.353550 -0.056607
v 0.209706 -0.331774 -0.067647
v 0.212384 -0.336187 -0.068732
v 0.214817 -0.353134 -0.007798
v 0.216335 -0.339718 -0.008140
v 0.219155 -0.332746 -0.003204
v 0.165639 -0.171886 -0.018486
v 0.175866 -0.211283 -0.029884
v 0.170477 -0.137074 0.037698
v 0.153300 -0.134421 0.053552
v 0.154839 -0.121300 0.049882
v 0.152678 -0.118556 0.053225
v 0.166713 -0.188480 -0.019480
v 0.174076 -0.156187 -0.022066
v 0.179316 -0.152893 -0.013493
v 0.186885 -0.257792 -0.059595
v 0.199276 -0.325806 -0.077435
v 0.176197 -0.227888 -0.047662
v 0.165422 -0.131867 0.042439
v 0.204580 -0.353733 -0.003201
v 0.206865 -0.340905 -0.002914
v 0.178731 -0.261768 0.029375
v 0.188509 -0.253184 0.019724
v 0.196251 -0.269265 0.009065
v 0.207542 -0.290737 0.003920
v 0.195924 -0.310252 0.016523
v 0.194832 -0.317537 0.002457
v 0.198551 -0.324954 0.000690
v 0.185592 -0.324492 0.009095
v 0.197533 -0.333894 0.011505
v 0.203500 -0.337413 0.007067
v 0.083608 0.302602 0.064007
v 0.087371 0.300077 0.089271
v 0.078422 0.295193 0.080295
v 0.072099 0.287732 0.090500
v 0.075994 0.287916 0.110042
v 0.067878 0.281508 0.101951
v 0.092930 0.299389 0.105163
v 0.104656 0.311107 0.081186
v 0.082808 0.305563 0.045025
v 0.101159 0.314946 0.048181
v 0.096845 0.314668 0.031745
v 0.110275 0.314688 0.071072
v 0.114714 0.318545 0.053975
v 0.106396 0.318060 0.024549
v 0.072168 0.290805 0.057963
v 0.078016 0.299095 0.048032
v 0.116741 0.318924 0.037674
v 0.116023 0.321617 0.025942
v 0.066602 0.278610 0.071718
v 0.089374 0.308503 0.035766
v 0.110165 0.325485 0.018306
v 0.160012 -0.053844 0.021766
v 0.158202 -0.050791 0.031988
v 0.163268 -0.062840 0.020866
v 0.161878 -0.058208 0.042580
v 0.161516 -0.059547 0.014112
v 0.159898 -0.049276 0.012815
v 0.161931 -0.056932 0.004424
v 0.152442 -0.042679 0.036192
v 0.145597 -0.026711 0.032635
v 0.152601 -0.024777 0.000872
v 0.162310 -0.048746 0.000636
v 0.147004 -0.012705 0.000867
v 0.145202 -0.008015 0.004332
v 0.170295 -0.067745 -0.003589
v 0.167949 -0.057279 -0.012052
v 0.161681 -0.044242 -0.012816
v 0.156414 -0.029226 -0.014481
v 0.168302 -0.068354 0.009002
v 0.175244 -0.082564 0.027250
v 0.174666 -0.079081 0.008514
v 0.181441 -0.098026 0.023711
v 0.186907 -0.108568 0.003602
v 0.189111 -0.116267 0.025511
v 0.183805 -0.099804 0.049538
v 0.178221 -0.086246 0.047801
v 0.174387 -0.077899 0.049423
v 0.168366 -0.063976 0.037933
v 0.168422 -0.063440 0.049684
v 0.192256 -0.121167 0.049691
v 0.197867 -0.139179 0.040509
v 0.196280 -0.142794 0.013668
v 0.196479 -0.142136 0.031997
v 0.194060 -0.136251 0.002069
v 0.196085 -0.137802 0.051515
v 0.155417 -0.022619 -0.006073
v 0.143584 -0.011651 0.028329
v 0.141491 -0.005408 0.017613
v 0.140422 -0.001705 0.005004
v 0.155135 -0.018706 -0.019708
v 0.140791 -0.013707 0.041147
v 0.143716 -0.023530 0.044796
v 0.151555 -0.034494 0.053761
v 0.154148 -0.038979 0.045190
v 0.152831 -0.041340 0.053611
v 0.198078 -0.157847 0.014619
v 0.197101 -0.154106 -0.010991
v 0.191186 -0.126532 -0.027432
v 0.187294 -0.104093 0.000386
v 0.185629 -0.099758 -0.024984
v 0.177279 -0.068403 -0.001499
v 0.177496 -0.068629 -0.022930
v 0.194613 -0.158207 -0.029441
v 0.146434 -0.020748 0.055424
v 0.138280 -0.006819 0.030981
v 0.133572 -0.002132 0.039656
v 0.178101 -0.087402 0.048798
v 0.178467 -0.090332 0.049438
v 0.144040 -0.005936 0.055476
v 0.144869 -0.013481 0.062254
v 0.142904 -0.004248 0.061702
v 0.136208 0.002001 0.056501
v 0.134897 0.003397 0.044696
v 0.153053 -0.002443 -0.014970
v 0.158859 -0.008007 -0.015795
v 0.143295 0.003810 -0.011695
v 0.163502 -0.060385 0.050418
v 0.165123 -0.048582 0.044315
v 0.161800 -0.045155 0.053447
v 0.192127 -0.155014 -0.032418
v 0.170184 -0.067447 -0.020192
v 0.159749 -0.065689 -0.020569
v 0.171736 -0.063213 -0.011364
v 0.193118 -0.159705 -0.022259
v 0.218847 -0.496924 0.040086
v 0.233387 -0.496933 0.029672
v 0.235379 -0.496452 0.041364
v 0.217758 -0.496291 0.052950
v 0.206217 -0.497332 0.022720
v 0.263309 -0.494951 0.040782
v 0.262963 -0.495909 0.027477
v 0.202802 -0.498577 0.040665
v 0.241686 -0.494077 0.056591
v 0.261829 -0.493285 0.053590
v 0.202798 -0.496583 0.054343
v 0.232613 -0.491705 0.072257
v 0.205449 -0.494681 0.068057
v 0.259436 -0.489619 0.067275
v 0.261331 -0.494983 0.016647
v 0.210411 -0.489817 0.081277
v 0.248321 -0.487488 0.073252
v 0.233671 -0.486966 0.083237
v 0.255582 -0.482418 0.084271
v 0.247556 -0.478340 0.096163
v 0.237405 -0.477451 0.101947
v 0.223951 -0.479430 0.099667
v 0.217718 -0.482729 0.093296
v 0.234335 -0.493805 0.014553
v 0.259494 -0.493183 0.008672
v 0.217653 -0.484995 0.000334
v 0.247481 -0.485077 -0.001630
v 0.232993 -0.485404 -0.002314
v 0.218874 -0.489257 -0.008309
v 0.205449 -0.483851 -0.000789
v 0.247701 -0.490619 -0.020837
v 0.223951 -0.491997 -0.015692
v 0.243239 -0.494845 -0.049930
v 0.225292 -0.495709 -0.039262
v 0.212250 -0.497726 -0.048273
v 0.229410 -0.497035 -0.072529
v 0.190447 -0.499006 -0.064757
v 0.186417 -0.498692 -0.030953
v 0.209002 -0.497196 -0.029883
v 0.184083 -0.498906 -0.049934
v 0.198792 -0.495099 -0.009319
v 0.200502 -0.497754 -0.069806
v 0.206569 -0.491307 0.013429
v 0.258306 -0.482614 0.000146
v 0.254016 -0.477721 -0.015829
v -0.089321 -0.236544 -0.014535
v -0.084523 -0.236672 0.010706
v -0.093294 -0.245603 -0.005286
v -0.094862 -0.243832 -0.017665
v -0.094566 -0.248277 0.010403
v -0.098424 -0.249789 0.021146
v -0.095743 -0.239690 0.038590
v -0.087606 -0.226350 0.044131
v -0.106563 -0.261944 0.023668
v -0.108155 -0.253100 0.036161
v -0.100937 -0.275326 -0.006723
v -0.100613 -0.275062 -0.017091
v -0.107835 -0.287982 0.005406
v -0.108974 -0.297324 -0.008820
v -0.107056 -0.292514 -0.017633
v -0.084107 -0.229415 0.012904
v -0.085368 -0.216022 0.047835
v -0.078568 -0.217066 0.014681
v -0.079114 -0.224328 -0.004533
v -0.085767 -0.220911 0.052408
v -0.092112 -0.239227 0.045476
v -0.094390 -0.220930 0.068281
v -0.072172 -0.206998 0.027062
v -0.081316 -0.201593 0.052408
v -0.069363 -0.207979 0.008756
v -0.088127 -0.200683 0.065882
v -0.105427 -0.238365 0.068596
v -0.121642 -0.300790 0.008750
v -0.112206 -0.254368 0.054857
v -0.108770 -0.257891 0.041942
v -0.078563 -0.212733 -0.008692
v -0.111559 -0.292206 -0.033294
v -0.086031 -0.229613 0.000293
v -0.105182 -0.267648 -0.035543
v -0.124698 -0.264895 0.050023
v -0.075381 -0.197816 0.033342
v -0.081166 -0.195480 0.049748
v -0.066108 -0.180044 0.034813
v -0.058286 -0.180090 0.010054
v -0.068670 -0.197662 0.008848
v -0.052725 -0.164134 0.025257
v -0.051954 -0.150977 0.039069
v -0.044913 -0.162776 0.008586
v -0.031608 -0.128910 0.025647
v -0.068749 -0.165697 0.051500
v -0.049274 -0.137711 0.046463
v -0.030867 -0.143559 0.006997
v -0.015777 -0.122012 0.005203
v -0.012177 -0.104682 0.022030
v 0.007022 -0.089567 0.000540
v 0.002816 -0.086720 0.019198
v 0.017055 -0.073817 -0.000423
v -0.014207 -0.090405 0.044260
v -0.034244 -0.111893 0.047959
v 0.016205 -0.073945 0.018701
v 0.003021 -0.077017 0.043184
v -0.061101 -0.176864 -0.005289
v -0.074041 -0.195139 -0.017812
v -0.069465 -0.182411 -0.023537
v -0.123237 -0.284762 0.020612
v -0.071200 -0.208070 -0.006817
v -0.031879 -0.128921 -0.021083
v -0.058465 -0.163381 -0.020494
v -0.016452 -0.112771 -0.008849
v -0.044564 -0.145450 -0.018981
v -0.066279 -0.170066 -0.023091
v -0.017486 -0.100419 -0.024256
v 0.013382 -0.072482 0.043151
v -0.000333 -0.072919 -0.031136
v 0.015276 -0.063008 -0.013645
v 0.011311 -0.053023 -0.034858
v 0.002266 -0.049565 -0.053667
v 0.007233 -0.042551 -0.053944
v -0.076181 -0.203939 -0.021079
v -0.104839 -0.303067 -0.020003
v -0.111073 -0.310551 -0.006050
v -0.118339 -0.316358 -0.018645
v -0.123608 -0.323826 -0.004115
v -0.121654 -0.324578 -0.021063
v -0.120012 -0.316878 0.004556
v -0.122494 -0.323573 -0.036584
v -0.132180 -0.333651 -0.030969
v -0.127066 -0.324097 -0.048502
v -0.137546 -0.334521 -0.048636
v -0.121571 -0.313610 -0.032358
v -0.106734 -0.301309 -0.033535
v -0.056379 -0.126072 0.057426
v -0.132771 -0.328719 -0.007719
v -0.133980 -0.335487 -0.018619
v -0.139682 -0.336562 -0.007049
v -0.029392 -0.090416 0.055583
v -0.010578 -0.077565 0.051434
v -0.117489 -0.257908 0.037014
v 0.002528 -0.058273 0.066001
v -0.116503 -0.300173 -0.049930
v 0.009279 -0.065433 0.057012
v -0.113866 -0.269266 -0.047957
v -0.128804 -0.311325 -0.044961
v -0.132932 -0.312231 -0.050223
v -0.122857 -0.291290 -0.048879
v -0.086758 -0.224311 -0.014286
v -0.092370 -0.228698 -0.014774
v -0.104797 -0.234841 -0.034819
v -0.100369 -0.224347 -0.023519
v -0.138020 -0.322107 -0.061041
v -0.151839 -0.331201 -0.063944
v -0.127279 -0.295687 -0.062306
v 0.098668 -0.202303 0.008478
v 0.108878 -0.218677 0.010554
v 0.105288 -0.201475 0.025116
v 0.120127 -0.232475 0.025962
v 0.114400 -0.215107 0.033110
v 0.112057 -0.232080 0.003833
v 0.121099 -0.248712 0.005576
v 0.115649 -0.242552 -0.005340
v 0.120665 -0.259742 -0.008469
v 0.129166 -0.264523 0.003542
v 0.114881 -0.201305 0.045097
v 0.123691 -0.274746 -0.012730
v 0.131036 -0.280152 -0.005469
v 0.130768 -0.293746 -0.021585
v 0.134837 -0.295731 -0.009495
v 0.136454 -0.288081 0.000703
v 0.114394 -0.191713 0.048867
v 0.140825 -0.310055 -0.029888
v 0.136334 -0.251103 0.023030
v 0.120822 -0.192654 0.056866
v 0.150129 -0.310721 -0.005930
v 0.148631 -0.295376 0.006955
v 0.143649 -0.278413 0.007185
v 0.138842 -0.263234 0.013684
v 0.142932 -0.258388 0.021077
v 0.158951 -0.307063 0.003004
v 0.131636 -0.294755 -0.034084
v 0.106080 -0.195179 0.026883
v 0.099112 -0.195578 0.011007
v 0.118121 -0.249946 -0.019238
v 0.123821 -0.270353 -0.036944
v 0.101540 -0.203735 -0.016309
v 0.116160 -0.238110 -0.023054
v 0.112546 -0.223280 -0.017680
v 0.133170 -0.290811 -0.048852
v 0.111113 -0.212352 -0.016104
v 0.141777 -0.303566 -0.052033
v 0.117120 -0.230372 0.037128
v 0.126207 -0.243013 0.029589
v 0.120464 -0.235799 0.043955
v 0.112252 -0.214602 0.047626
v 0.123828 -0.218984 0.066622
v 0.131168 -0.240775 0.057846
v 0.137299 -0.256698 0.041941
v 0.114573 -0.203859 0.055219
v 0.144262 -0.264209 0.028299
v 0.142299 -0.253916 0.053367
v 0.148451 -0.265545 0.041217
v 0.123432 -0.198211 0.068170
v 0.117929 -0.233389 -0.026741
v 0.114834 -0.184890 0.047310
v 0.098089 -0.191927 0.024637
v 0.092412 -0.190638 0.016932
v 0.089992 -0.172038 0.032581
v 0.074992 -0.163401 0.017511
v 0.078296 -0.151167 0.033250
v 0.076327 -0.163793 -0.003872
v 0.062915 -0.144632 0.017498
v 0.090501 -0.151563 0.049755
v 0.105081 -0.184810 0.040816
v 0.063615 -0.124766 0.032541
v 0.051195 -0.120906 0.018127
v 0.040353 -0.093018 0.036660
v 0.031645 -0.088997 0.023056
v 0.035960 -0.102883 -0.010953
v 0.023553 -0.083526 -0.008520
v 0.017055 -0.073817 -0.000423
v 0.059372 -0.108870 0.046773
v 0.016205 -0.073945 0.018701
v 0.038133 -0.078261 0.048501
v 0.024734 -0.076156 0.041324
v 0.102413 -0.172888 0.047776
v 0.046121 -0.115769 -0.014301
v 0.059868 -0.135683 0.000050
v 0.080716 -0.122639 0.053197
v 0.085727 -0.175160 -0.019802
v 0.066198 -0.139170 -0.022278
v 0.015276 -0.063008 -0.013645
v 0.104444 -0.193276 -0.017001
v 0.029259 -0.065393 0.052270
v 0.152253 -0.248432 0.064313
v 0.146729 -0.230076 0.073753
v 0.156961 -0.258864 0.055946
v 0.157119 -0.265257 0.020879
v 0.139020 -0.200566 0.080472
v 0.128117 -0.180159 0.063263
v 0.134634 -0.184393 0.067831
v 0.157869 -0.268943 0.039537
v 0.013382 -0.072482 0.043151
v 0.009279 -0.065433 0.057012
v 0.027495 -0.081163 -0.017128
v 0.024948 -0.067493 -0.032843
v 0.011311 -0.053023 -0.034858
v 0.020269 -0.055195 -0.050542
v 0.007233 -0.042551 -0.053944
v 0.040643 -0.072234 -0.051199
v 0.041691 -0.091286 -0.025971
v 0.055427 -0.094875 -0.041487
v 0.140191 -0.308276 -0.055559
v 0.134821 -0.318373 -0.030196
v 0.138927 -0.186247 0.073087
v 0.134217 -0.317014 -0.045083
v 0.141941 -0.323962 -0.021398
v 0.148422 -0.326200 -0.037660
v 0.149172 -0.321796 -0.054588
v 0.146035 -0.335317 -0.035989
v 0.148708 -0.335332 -0.050887
v -0.337917 0.171348 0.128664
v -0.335283 0.173997 0.144612
v -0.312685 0.171808 0.140441
v -0.309617 0.169277 0.127840
v -0.345920 0.174453 0.134860
v -0.323799 0.172232 0.168517
v -0.352670 0.175259 0.175665
v -0.316551 0.171220 0.113281
v -0.306860 0.169116 0.133076
v -0.337993 0.170275 0.186000
v -0.322785 0.170265 0.176157
v -0.334473 0.169556 0.186768
v -0.353877 0.170293 0.191899
v -0.373008 0.173317 0.194438
v -0.382032 0.173367 0.186022
v -0.361419 0.178743 0.165552
v -0.375740 0.179510 0.165185
v -0.351452 0.178583 0.156654
v -0.342747 0.176312 0.154503
v -0.329138 0.173459 0.116713
v -0.327995 0.173050 0.109628
v -0.320043 0.169621 0.100862
v -0.382811 0.174521 0.180538
v -0.352351 0.171339 0.102442
v -0.337658 0.171916 0.083295
v -0.337227 0.173634 0.111678
v -0.350043 0.177463 0.123777
v -0.364296 0.174780 0.106749
v -0.352442 0.168818 0.083670
v -0.365335 0.174151 0.097859
v -0.361381 0.168891 0.067559
v -0.382502 0.172979 0.084731
v -0.371292 0.174511 0.097828
v -0.390519 0.174136 0.093899
v -0.374308 0.178272 0.104422
v -0.396191 0.177781 0.110481
v -0.411417 0.175461 0.105816
v -0.402232 0.178384 0.132567
v -0.422959 0.174018 0.139376
v -0.416616 0.175877 0.150165
v -0.403076 0.177246 0.146729
v -0.403076 0.177246 0.149780
v -0.418425 0.176869 0.153269
v -0.391892 0.181414 0.127528
v -0.390930 0.180828 0.144658
v -0.379649 0.182713 0.142697
v -0.374029 0.183429 0.141602
v -0.390029 0.181480 0.123672
v -0.401741 0.178444 0.149829
v -0.342551 0.178266 0.144559
v -0.389582 0.180711 0.109233
v -0.351131 0.179185 0.139879
v -0.359220 0.182357 0.142338
v -0.355193 0.166577 0.072259
v -0.387360 0.182637 0.119582
v -0.383843 0.182831 0.112491
v -0.354505 0.183435 0.146525
v -0.417268 0.173740 0.116590
v -0.337402 0.169556 0.187012
v -0.357406 0.183363 0.125972
v -0.370569 0.180651 0.109473
v -0.368958 0.186064 0.129114
v -0.349153 0.165459 0.082459
v -0.348609 0.161916 0.069436
v -0.353847 0.164258 0.066460
v -0.231522 -0.448474 0.001521
v -0.233648 -0.459455 -0.005933
v -0.237800 -0.454380 0.023455
v -0.244672 -0.469095 0.032421
v -0.225892 -0.446166 -0.026449
v -0.241046 -0.456772 0.045389
v -0.244923 -0.461976 0.073299
v -0.228815 -0.441791 0.008042
v -0.218402 -0.422479 -0.024055
v -0.216439 -0.418066 -0.033883
v -0.217951 -0.435762 -0.051168
v -0.211182 -0.406681 -0.048183
v -0.210319 -0.392186 -0.021577
v -0.210007 -0.386946 -0.033630
v -0.207347 -0.387910 -0.048052
v -0.227370 -0.463358 -0.033809
v -0.235019 -0.470185 -0.008166
v -0.223010 -0.466269 -0.051061
v -0.202538 -0.352670 -0.045873
v -0.205535 -0.353860 -0.025109
v -0.247035 -0.478951 0.054563
v -0.247075 -0.482418 0.034077
v -0.238515 -0.478931 0.004734
v -0.214598 -0.447755 -0.064726
v -0.208048 -0.423144 -0.062520
v -0.242099 -0.483660 0.007960
v -0.236198 -0.484517 -0.009767
v -0.230464 -0.478162 -0.017825
v -0.243952 -0.495160 0.021816
v -0.201470 -0.378784 -0.055362
v -0.246775 -0.494068 0.040034
v -0.225614 -0.477169 -0.034009
v -0.212084 -0.470350 -0.070813
v -0.217024 -0.473800 -0.062987
v -0.194809 -0.351268 -0.057365
v -0.198197 -0.395557 -0.063708
v -0.246605 -0.489117 0.054864
v -0.237941 -0.450296 0.064668
v -0.239618 -0.451193 0.084808
v -0.245656 -0.483572 0.069395
v -0.212724 -0.412473 -0.007675
v -0.221784 -0.430599 0.003890
v -0.228139 -0.440926 0.025748
v -0.205401 -0.381467 -0.012566
v -0.200270 -0.355738 -0.009631
v -0.235736 -0.489172 -0.007247
v -0.231564 -0.480281 -0.026254
v -0.228994 -0.491754 -0.027191
v -0.228070 -0.485607 -0.042166
v -0.225727 -0.478422 -0.048895
v -0.220084 -0.478538 -0.065599
v -0.218902 -0.492867 -0.065178
v -0.241287 -0.463196 0.086574
v -0.208761 -0.452668 -0.072487
v -0.193882 -0.348739 -0.054809
v -0.198400 -0.430711 -0.075315
v -0.231117 -0.489781 -0.017192
v -0.199464 -0.426219 -0.071261
v -0.211825 -0.489197 -0.072755
v -0.219921 -0.495433 -0.055921
v -0.210046 -0.480285 -0.075078
v -0.185171 -0.349807 -0.064848
v -0.240747 -0.476841 0.083985
v -0.202153 -0.387714 -0.005517
v -0.204355 -0.410869 0.004594
v -0.199178 -0.470141 -0.079803
v -0.189766 -0.340484 -0.066644
v -0.184501 -0.393000 -0.069930
v -0.187056 -0.427963 -0.077115
v -0.188223 -0.451941 -0.081918
v -0.196811 -0.480912 -0.081172
v -0.194975 -0.492152 -0.079505
v -0.100024 -0.025042 0.028009
v -0.103678 -0.025853 0.009257
v -0.116914 -0.041453 0.011687
v -0.085643 -0.008306 0.027668
v -0.113363 -0.042234 0.034935
v -0.090194 -0.008101 0.007893
v -0.079952 -0.008309 0.046225
v -0.100821 -0.033412 0.049317
v -0.105848 -0.043876 0.052377
v -0.112657 -0.041282 -0.000239
v -0.088317 -0.020121 -0.019626
v -0.086793 -0.008485 -0.004430
v -0.106494 -0.040749 -0.012532
v -0.080100 -0.010377 -0.024474
v -0.096754 -0.035567 -0.021928
v -0.107471 -0.038700 -0.029239
v -0.123887 -0.042224 0.016994
v -0.121041 -0.038779 -0.027388
v -0.102771 -0.041586 -0.033293
v -0.125317 -0.039300 0.000085
v -0.120312 -0.041352 0.059191
v -0.129572 -0.039124 0.034023
v -0.125083 -0.039569 0.011114
v -0.135269 -0.061290 0.025187
v -0.146616 -0.088483 0.012426
v -0.154722 -0.102292 0.023521
v -0.135050 -0.064653 0.014481
v -0.152344 -0.104876 0.003043
v -0.141236 -0.078970 0.002971
v -0.146815 -0.091113 0.003500
v -0.158487 -0.117923 0.011804
v -0.168539 -0.135802 0.028527
v -0.131826 -0.056989 0.005278
v -0.164255 -0.135212 0.013185
v -0.162834 -0.132839 0.006219
v -0.141382 -0.064515 0.034561
v -0.166559 -0.119605 0.035637
v -0.173158 -0.137402 0.036128
v -0.157368 -0.094032 0.034312
v -0.163060 -0.107119 0.035458
v -0.135414 -0.062782 -0.000587
v -0.128257 -0.053962 -0.025749
v -0.138342 -0.077420 -0.024823
v -0.144115 -0.080877 0.000102
v -0.156356 -0.107130 -0.021874
v -0.159784 -0.111528 0.000949
v -0.165323 -0.122037 -0.020093
v -0.173411 -0.137798 -0.010012
v -0.173756 -0.138078 -0.019116
v -0.131209 -0.067517 0.058581
v -0.140881 -0.089219 0.057915
v -0.151065 -0.099621 0.047505
v -0.167457 -0.135451 0.000020
v -0.150614 -0.115115 0.055556
v -0.159307 -0.115488 0.039504
v -0.158598 -0.138129 0.053140
v -0.163933 -0.138135 0.046669
v -0.168988 -0.138181 -0.021579
v -0.158686 -0.198070 0.021894
v -0.167017 -0.221574 -0.003092
v -0.164217 -0.223589 0.015354
v -0.156311 -0.215413 0.035025
v -0.154645 -0.197060 0.039826
v -0.150281 -0.184702 0.049894
v -0.146698 -0.172408 0.057194
v -0.154773 -0.178532 0.024882
v -0.157869 -0.234751 0.031955
v -0.172008 -0.253864 0.009724
v -0.175936 -0.238139 -0.011492
v -0.172074 -0.241642 0.007183
v -0.181667 -0.257326 -0.013453
v -0.178271 -0.254339 -0.003992
v -0.184804 -0.282755 -0.003492
v -0.191215 -0.285414 -0.022679
v -0.179425 -0.279839 0.005593
v -0.181146 -0.290879 0.011844
v -0.196104 -0.292702 -0.021813
v -0.146049 -0.160487 0.027951
v -0.139722 -0.164368 0.066696
v -0.141070 -0.157902 0.050404
v -0.144864 -0.151831 0.019121
v -0.148539 -0.177164 0.063892
v -0.144246 -0.167573 0.072754
v -0.153304 -0.188371 -0.001027
v -0.153040 -0.175912 0.008550
v -0.155300 -0.186515 0.014944
v -0.150316 -0.174582 -0.006286
v -0.142583 -0.158061 -0.001722
v -0.143169 -0.137959 0.005227
v -0.171364 -0.238563 -0.031044
v -0.178375 -0.264400 -0.035018
v -0.186342 -0.281985 -0.033863
v -0.162415 -0.220847 -0.020062
v -0.190900 -0.290463 -0.048598
v -0.141112 -0.141759 -0.007784
v -0.146512 -0.134653 0.029274
v -0.142121 -0.133385 -0.002930
v -0.144700 -0.149534 0.035476
v -0.141216 -0.155251 0.059035
v -0.136127 -0.138224 0.059819
v -0.134107 -0.157428 0.082989
v -0.132874 -0.145459 0.078560
v -0.129954 -0.129971 0.071383
v -0.125946 -0.118097 0.062630
v -0.145375 -0.175483 0.070103
v -0.155457 -0.198108 0.081900
v -0.154240 -0.183475 0.058445
v -0.162000 -0.206364 0.058835
v -0.158548 -0.193400 0.049367
v -0.162583 -0.206215 0.044574
v -0.164681 -0.218143 0.040546
v -0.165395 -0.229114 0.057159
v -0.159001 -0.215852 0.076174
v -0.165440 -0.245077 0.036221
v -0.161009 -0.233953 0.069868
v -0.163287 -0.253714 0.043895
v -0.146347 -0.129997 0.017542
v -0.176584 -0.277432 -0.049217
v -0.146842 -0.189191 -0.016406
v -0.155187 -0.214898 -0.024589
v -0.146143 -0.175275 -0.018167
v -0.158807 -0.254380 0.059254
v -0.139047 -0.181954 0.086016
v -0.184078 -0.286643 -0.054858
v -0.154993 -0.227074 -0.040704
v -0.189563 -0.302492 -0.038773
v -0.157747 -0.232852 -0.047489
v -0.165169 -0.262250 -0.050783
v -0.187834 -0.298378 -0.007818
v -0.181737 -0.313296 0.004942
v -0.188750 -0.306597 -0.009683
v -0.191884 -0.302739 -0.022524
v -0.198066 -0.320667 -0.022637
v -0.197320 -0.318433 -0.035819
v -0.197442 -0.328510 -0.033577
v -0.201126 -0.334252 -0.015282
v -0.202195 -0.335977 -0.031426
v -0.189704 -0.314859 -0.054755
v -0.193369 -0.330384 -0.051460
v -0.193385 -0.327338 -0.008226
v -0.197495 -0.337657 -0.053128
v -0.187937 -0.317874 -0.002518
v -0.181261 -0.300834 -0.053236
v -0.188287 -0.338607 0.006085
v -0.195074 -0.342168 -0.000769
v -0.179068 -0.320499 0.010520
v -0.193882 -0.348739 -0.054809
v -0.198269 -0.351707 -0.035322
v -0.195702 -0.354193 -0.017326
v -0.194665 -0.346578 -0.012336
v -0.189766 -0.340484 -0.066644
v -0.166175 -0.262581 0.017557
v -0.156314 -0.254836 0.030397
v -0.142920 -0.196725 0.093543
v -0.157500 -0.263678 0.037884
v -0.159505 -0.255024 0.031636
v -0.173662 -0.310229 0.010122
v -0.183308 -0.329179 -0.061695
v -0.180640 -0.326740 0.002450
v -0.172084 -0.297486 0.020753
v -0.167301 -0.285379 0.016360
v -0.186728 -0.347262 0.005067
v -0.182480 -0.350542 -0.002761
v -0.175133 -0.356891 -0.001995
v -0.173875 -0.346405 0.011071
v -0.132396 -0.177542 0.078863
v -0.049654 0.297639 0.058021
v -0.071064 0.299490 0.052231
v -0.058553 0.273421 0.067272
v -0.074760 0.279016 0.057505
v -0.082078 0.301421 0.048215
v -0.057519 0.311335 0.053335
v -0.062903 0.252765 0.077784
v -0.034560 0.254684 0.082013
v -0.039131 0.233981 0.089228
v -0.060115 0.217776 0.090775
v -0.046936 0.271697 0.070233
v -0.039151 0.299622 0.056835
v -0.030113 0.274259 0.069238
v -0.033461 0.288402 0.061443
v -0.025930 0.270025 0.074346
v -0.052630 0.205120 0.093300
v -0.037625 0.208340 0.095349
v -0.089826 0.283571 0.047397
v -0.090469 0.255809 0.056096
v -0.088690 0.303998 0.045147
v -0.073483 0.223961 0.078289
v -0.026003 0.250036 0.092467
v -0.099050 0.271197 0.042872
v -0.097001 0.304242 0.042941
v -0.126676 0.278668 0.030125
v -0.124576 0.299261 0.030823
v -0.108053 0.315792 0.033681
v -0.128227 0.311798 0.018726
v -0.140104 0.286809 0.022297
v -0.143651 0.271518 0.026011
v -0.155890 0.283442 0.016511
v -0.159343 0.258380 0.028531
v -0.174057 0.265550 0.018980
v -0.190889 0.252633 0.019520
v -0.182932 0.236787 0.027959
v -0.157349 0.250754 0.031451
v -0.205964 0.241158 0.020550
v -0.208828 0.223690 0.029871
v -0.221995 0.233170 0.017291
v -0.194354 0.222948 0.032862
v -0.205229 0.213928 0.032462
v -0.150944 0.298864 0.006912
v -0.222240 0.217391 0.029804
v -0.214376 0.203015 0.035383
v -0.138744 0.257325 0.030488
v -0.161872 0.288580 0.008216
v -0.157197 0.303664 0.004361
v -0.141608 0.311480 0.004769
v -0.163900 0.295687 0.003380
v -0.175559 0.286222 0.002594
v -0.176948 0.279258 0.004998
v -0.195024 0.261227 0.005882
v -0.186207 0.275189 0.003088
v -0.113808 0.254253 0.033641
v -0.200363 0.255058 0.009554
v -0.213979 0.247995 0.008130
v -0.221537 0.241760 0.006847
v -0.063698 0.209380 0.089400
v -0.158356 0.227206 0.032226
v -0.101478 0.255021 0.040776
v -0.048699 0.314220 0.055184
v -0.173388 0.217822 0.028193
v -0.043600 0.190639 0.093361
v -0.139115 0.230029 0.031090
v -0.056309 0.191917 0.089831
v -0.190999 0.216321 0.029990
v -0.185361 0.205132 0.032822
v -0.074562 0.316143 0.051822
v -0.065384 0.207203 0.095915
v -0.028514 0.284958 0.071511
v -0.121350 0.241532 0.028551
v -0.162071 0.209467 0.026562
v -0.021151 0.266050 0.088056
v -0.062449 0.200350 0.094503
v -0.086527 0.308262 0.050482
v -0.036930 0.301488 0.061589
v 0.184596 -0.410888 -0.024014
v 0.187086 -0.422234 -0.022944
v 0.192237 -0.420567 -0.004806
v 0.180792 -0.409540 -0.043620
v 0.184491 -0.424040 -0.043766
v 0.171033 -0.386369 -0.046177
v 0.176454 -0.389688 -0.023507
v 0.163554 -0.363972 -0.036314
v 0.163527 -0.357216 -0.025090
v 0.161475 -0.357415 -0.048574
v 0.193111 -0.407341 -0.003158
v 0.169387 -0.357651 -0.013765
v 0.182783 -0.382489 -0.007680
v 0.198576 -0.422832 0.006802
v 0.164088 -0.352561 -0.036800
v 0.188437 -0.427475 -0.066779
v 0.177221 -0.393474 -0.063925
v 0.184660 -0.412514 -0.059282
v 0.169461 -0.373060 -0.063289
v 0.165335 -0.354045 -0.062474
v 0.188870 -0.436140 -0.007002
v 0.183838 -0.434822 -0.027242
v 0.188265 -0.450258 -0.016495
v 0.195961 -0.442228 0.013282
v 0.197007 -0.459314 0.002724
v 0.198848 -0.451229 0.024607
v 0.200628 -0.460885 0.019129
v 0.204429 -0.480840 0.000995
v 0.205806 -0.477004 0.020858
v 0.200794 -0.459675 0.041939
v 0.194829 -0.475587 -0.015477
v 0.184258 -0.457725 -0.033526
v 0.181003 -0.479473 -0.051852
v 0.185821 -0.475790 -0.033429
v 0.182084 -0.433078 -0.049889
v 0.202002 -0.476172 0.043677
v 0.200543 -0.470420 0.056914
v 0.183409 -0.455488 -0.063186
v 0.202810 -0.467654 0.070331
v 0.207922 -0.476123 0.078291
v 0.205449 -0.494681 0.068057
v 0.202798 -0.496583 0.054343
v 0.200008 -0.483896 0.043754
v 0.202802 -0.498577 0.040665
v 0.210411 -0.489817 0.081277
v 0.209938 -0.464318 0.087486
v 0.203618 -0.484048 0.026960
v 0.206569 -0.491307 0.013429
v 0.205449 -0.483851 -0.000789
v 0.206217 -0.497332 0.022720
v 0.217718 -0.482729 0.093296
v 0.185362 -0.482076 -0.066773
v 0.184083 -0.498906 -0.049934
v 0.184183 -0.480925 -0.032109
v 0.186417 -0.498692 -0.030953
v 0.194372 -0.479276 -0.012940
v 0.198792 -0.495099 -0.009319
v 0.187087 -0.431982 -0.070198
v 0.204316 -0.446384 0.037200
v 0.206810 -0.425789 0.020702
v 0.201096 -0.402607 0.002411
v 0.210428 -0.452328 0.071371
v 0.217074 -0.450280 0.088715
v 0.190447 -0.499006 -0.064757
v 0.209820 -0.443871 0.045648
v 0.223768 -0.459384 0.101217
v 0.223951 -0.479430 0.099667
v 0.177652 -0.356852 -0.006111
v 0.164961 -0.351614 -0.050236
v 0.157630 -0.341045 -0.034508
v 0.163808 -0.344720 -0.022145
v 0.168635 -0.354207 -0.021529
v 0.158154 -0.339418 -0.051878
v 0.171540 -0.345082 -0.011016
v 0.185356 -0.355062 -0.005877
v 0.189592 -0.461779 -0.074198
v 0.191116 -0.406669 -0.070064
v 0.165587 -0.339059 -0.063233
v 0.169158 -0.350681 -0.060565
v 0.189626 -0.357656 -0.001418
v 0.185992 -0.341879 -0.003308
v 0.204580 -0.353733 -0.003201
v -0.357197 0.122106 0.191181
v -0.348898 0.113336 0.186934
v -0.361097 0.101950 0.194561
v -0.333272 0.114944 0.178450
v -0.355103 0.089115 0.194101
v -0.332584 0.105761 0.181081
v -0.352854 0.078070 0.193402
v -0.330755 0.082024 0.179757
v -0.383202 0.121245 0.195733
v -0.354678 0.131975 0.183371
v -0.336957 0.129436 0.172740
v -0.370003 0.127427 0.190573
v -0.386087 0.137251 0.192271
v -0.375464 0.141633 0.186629
v -0.390991 0.145937 0.191875
v -0.402318 0.145530 0.199697
v -0.368785 0.138676 0.182720
v -0.368098 0.144078 0.178941
v -0.388715 0.081614 0.192074
v -0.368217 0.081324 0.192004
v -0.397759 0.102029 0.191453
v -0.391569 0.121164 0.191756
v -0.402777 0.089837 0.190381
v -0.407379 0.096145 0.190140
v -0.368167 0.064817 0.186138
v -0.400151 0.114432 0.189441
v -0.404389 0.115539 0.185668
v -0.355514 0.066887 0.187900
v -0.335855 0.068390 0.178024
v -0.389409 0.066057 0.183607
v -0.406229 0.079210 0.184411
v -0.338718 0.059041 0.172029
v -0.370780 0.054780 0.176559
v -0.356677 0.054650 0.175922
v -0.400812 0.146973 0.200597
v -0.323046 0.074649 0.162321
v -0.197874 0.258690 -0.035270
v -0.214491 0.247854 -0.019243
v -0.196933 0.264238 -0.016287
v -0.212180 0.250910 0.000924
v -0.229592 0.234697 -0.000568
v -0.230401 0.229108 -0.019274
v -0.199002 0.261232 -0.001318
v -0.206856 0.255757 0.003831
v -0.213979 0.247995 0.008130
v -0.221537 0.241760 0.006847
v -0.192719 0.270023 -0.000860
v -0.186207 0.275189 0.003088
v -0.184937 0.274827 -0.019162
v -0.194736 0.264343 -0.034182
v -0.172425 0.282003 -0.035601
v -0.175232 0.282420 -0.004352
v -0.172396 0.281656 -0.019039
v -0.168055 0.290862 -0.010641
v -0.196184 0.260846 -0.042866
v -0.184755 0.266008 -0.045463
v -0.166627 0.292474 -0.033316
v -0.149182 0.310976 -0.033644
v -0.153382 0.305903 -0.018198
v -0.140787 0.319397 -0.017231
v -0.132339 0.324436 -0.034937
v -0.132279 0.327237 -0.011620
v -0.121976 0.335041 -0.018887
v -0.154879 0.306294 -0.009831
v -0.169694 0.291741 -0.004382
v -0.155713 0.304232 -0.000993
v -0.105891 0.342792 -0.033166
v -0.100022 0.348928 -0.018194
v -0.163900 0.295687 0.003380
v -0.157197 0.303664 0.004361
v -0.175559 0.286222 0.002594
v -0.108327 0.342827 -0.006683
v -0.084710 0.354404 -0.031042
v -0.217300 0.234270 -0.033152
v -0.080094 0.356987 -0.016573
v -0.092361 0.347105 -0.039324
v -0.145595 0.320746 -0.009043
v -0.145248 0.310368 -0.039441
v -0.241752 0.224855 -0.018351
v -0.188881 0.262838 -0.046915
v -0.097938 0.338806 -0.047389
v -0.102837 0.332312 -0.049609
v -0.120286 0.324565 -0.046082
v -0.176948 0.279258 0.004998
v -0.240826 0.231796 0.001105
v -0.252188 0.218587 -0.019055
v -0.257623 0.223470 0.003299
v -0.272395 0.208353 -0.004557
v -0.271375 0.215062 0.010955
v -0.289958 0.203126 0.020683
v -0.293337 0.195977 0.012054
v -0.310172 0.192648 0.031489
v -0.146274 0.301868 -0.045769
v -0.226231 0.218556 -0.034805
v -0.308064 0.182261 0.019814
v -0.324463 0.175493 0.034930
v -0.323694 0.184637 0.041483
v -0.303807 0.200142 0.037926
v -0.294844 0.206596 0.027852
v -0.283770 0.215606 0.028957
v -0.278278 0.218124 0.019134
v -0.266533 0.226432 0.013678
v -0.257443 0.232157 0.022004
v -0.234857 0.247764 0.013275
v -0.250188 0.236002 0.007301
v -0.236549 0.244435 0.003544
v -0.211460 0.257424 0.008484
v -0.265855 0.200509 -0.016521
v -0.197802 0.240317 -0.047169
v -0.294500 0.183495 0.006225
v -0.207002 0.267311 0.008512
v -0.195260 0.278430 0.006429
v -0.235991 0.243642 0.021720
v -0.315834 0.183475 0.052691
v -0.225118 0.245529 0.008400
v -0.257720 0.226567 0.031704
v -0.206308 0.276262 0.011383
v -0.206347 0.285923 0.015765
v -0.322061 0.176786 0.051476
v -0.204580 0.264059 -0.052270
v -0.221700 -0.485674 -0.011021
v -0.212285 -0.485793 -0.009252
v -0.203010 -0.485750 -0.004300
v -0.191559 -0.487308 -0.008812
v -0.171963 -0.482331 -0.003026
v -0.188867 -0.484405 0.000507
v -0.171746 -0.484546 0.005606
v -0.214428 -0.493312 0.014475
v -0.235292 -0.494144 0.010607
v -0.235736 -0.489172 -0.007247
v -0.198392 -0.493279 0.016821
v -0.232170 -0.495050 0.026320
v -0.207816 -0.495785 0.028743
v -0.184732 -0.496372 0.028054
v -0.172662 -0.493770 0.019596
v -0.175880 -0.497363 0.040954
v -0.243952 -0.495160 0.021816
v -0.195685 -0.496462 0.041576
v -0.217444 -0.495433 0.044513
v -0.246775 -0.494068 0.040034
v -0.180731 -0.495717 0.055769
v -0.232952 -0.492789 0.051866
v -0.212049 -0.490037 0.068135
v -0.185848 -0.492895 0.067555
v -0.231117 -0.489781 -0.017192
v -0.246605 -0.489117 0.054864
v -0.227924 -0.486627 0.070072
v -0.245656 -0.483572 0.069395
v -0.204893 -0.484744 0.077174
v -0.228512 -0.476587 0.090678
v -0.205502 -0.478408 0.090867
v -0.192212 -0.485686 0.077927
v -0.217434 -0.476731 0.092242
v -0.207346 -0.494093 -0.022973
v -0.228994 -0.491754 -0.027191
v -0.221377 -0.494584 -0.037995
v -0.195644 -0.497631 -0.036755
v -0.219921 -0.495433 -0.055921
v -0.204393 -0.497290 -0.052824
v -0.179405 -0.499415 -0.051026
v -0.162800 -0.499617 -0.027923
v -0.159230 -0.499757 -0.045759
v -0.164503 -0.499640 -0.061307
v -0.176825 -0.499455 -0.071649
v -0.184688 -0.497605 -0.025087
v -0.199742 -0.496493 -0.069073
v -0.170918 -0.495494 -0.011046
v -0.187157 -0.497782 -0.075705
v -0.218902 -0.492867 -0.065178
v -0.186025 -0.494190 -0.015389
v -0.232199 -0.480923 0.075980
v -0.240747 -0.476841 0.083985
v -0.194975 -0.492152 -0.079505
v -0.211825 -0.489197 -0.072755
v 0.066658 0.455995 0.011760
v 0.063852 0.447618 0.022573
v 0.069906 0.436267 0.017532
v 0.075890 0.439093 0.005805
v 0.072870 0.461197 -0.000660
v 0.082381 0.442293 -0.006991
v 0.088876 0.431878 -0.008918
v 0.090769 0.409389 0.003027
v 0.102674 0.404158 -0.014517
v 0.065190 0.464002 0.012570
v 0.095286 0.390761 -0.001735
v 0.101342 0.387992 -0.008435
v 0.063247 0.461260 0.019679
v 0.054371 0.466543 0.033528
v 0.057979 0.456962 0.039219
v 0.083156 0.422055 0.008973
v 0.077405 0.431083 0.014237
v 0.053612 0.460629 0.047884
v 0.057074 0.440768 0.056069
v 0.048579 0.450306 0.064828
v 0.048839 0.460777 0.056525
v 0.047805 0.475092 0.038073
v 0.052824 0.472109 0.026311
v 0.050096 0.478211 0.025826
v 0.060462 0.467044 0.013417
v 0.057362 0.474870 0.012361
v 0.058455 0.478382 0.000233
v 0.062005 0.467768 0.000910
v 0.050577 0.479752 0.012851
v 0.063524 0.420421 0.041100
v 0.063777 0.429045 0.031217
v 0.058560 0.422118 0.058928
v 0.047670 0.421389 0.073629
v 0.068001 0.407432 0.014560
v 0.067901 0.471813 -0.006568
v 0.058557 0.391993 0.054662
v 0.061835 0.380548 0.044504
v 0.054077 0.407991 0.064842
v 0.051848 0.364913 0.062868
v 0.062544 0.382816 0.035118
v 0.074023 0.418009 0.009538
v 0.070919 0.397378 0.007377
v 0.103527 0.368141 -0.014009
v 0.111812 0.390445 -0.017099
v 0.081999 0.460711 -0.011067
v 0.091216 0.449557 -0.013125
v 0.043556 0.471146 0.045378
v 0.053559 0.355382 0.047966
v 0.040150 0.379777 0.073167
v 0.048986 0.347298 0.054289
v 0.042249 0.358290 0.069361
v 0.046362 0.351637 0.064230
v 0.034393 0.432264 0.078486
v 0.121244 0.354446 -0.027428
v 0.044561 0.409492 0.070664
v 0.037613 0.462187 0.063421
v 0.032768 0.475519 0.052281
v 0.039282 0.483784 0.036528
v 0.043821 0.480921 0.030185
v 0.040739 0.488479 0.023112
v 0.041522 0.490295 0.012960
v 0.032842 0.450115 0.072497
v 0.049684 0.485652 0.001097
v 0.049964 0.485739 0.011247
v 0.052516 0.488470 -0.008667
v 0.042609 0.494210 -0.002799
v 0.062110 0.476275 -0.010269
v 0.057105 0.484312 -0.012649
v 0.065847 0.475978 -0.021290
v 0.071195 0.464931 -0.017296
v 0.074215 0.465432 -0.031055
v 0.075023 0.455312 -0.020549
v 0.079828 0.456963 -0.038169
v 0.083773 0.449838 -0.035284
v 0.034112 0.495243 0.021218
v 0.031537 0.490589 0.029526
v 0.060443 0.370256 0.016761
v 0.031387 0.483375 0.043539
v 0.054968 0.360814 0.033163
v 0.053807 0.346559 0.024615
v 0.060184 0.357741 0.013847
v 0.065059 0.349947 0.006037
v 0.064253 0.361292 -0.001413
v 0.061221 0.376864 -0.000328
v 0.064088 0.390898 0.002607
v 0.067532 0.346468 0.007717
v 0.040398 0.338718 0.059148
v 0.097970 0.437727 -0.012345
v 0.103115 0.429841 -0.017211
v 0.110901 0.414460 -0.013590
v 0.120834 0.405141 -0.017767
v 0.119638 0.401994 -0.013286
v 0.132537 0.391014 -0.016791
v 0.126258 0.390080 -0.011808
v 0.081095 0.405682 0.004052
v 0.086384 0.392727 0.000445
v 0.079810 0.379316 0.002148
v 0.087142 0.368016 -0.005382
v 0.081788 0.363397 0.002244
v 0.087322 0.361387 -0.003435
v 0.098731 0.352122 -0.014553
v 0.107100 0.353319 -0.022470
v 0.110496 0.345784 -0.024566
v 0.118103 0.342730 -0.030934
v 0.041002 0.488198 0.002695
v 0.038782 0.492049 0.005083
v 0.031250 0.498689 -0.001972
v 0.037507 0.497651 0.010669
v 0.107367 -0.032849 0.087176
v 0.103526 -0.020314 0.091802
v 0.109985 -0.040509 0.096894
v 0.114101 -0.043118 0.086439
v 0.108133 -0.025874 0.077836
v 0.115410 -0.047954 0.074132
v 0.110687 -0.023730 0.064246
v 0.107148 -0.018491 0.069199
v 0.117095 -0.044242 0.063680
v 0.118747 -0.052164 0.068817
v 0.100795 -0.022905 0.097966
v 0.091537 -0.004095 0.101800
v 0.097034 -0.009134 0.092049
v 0.108473 -0.010580 0.064886
v 0.117527 -0.015051 0.053463
v 0.124952 -0.042779 0.054056
v 0.122278 -0.061942 0.062715
v 0.123650 -0.067264 0.067246
v 0.129497 -0.080031 0.063540
v 0.130148 -0.086973 0.066730
v 0.134339 -0.101385 0.068296
v 0.146646 -0.120937 0.061070
v 0.146581 -0.129481 0.067780
v 0.138900 -0.112544 0.072223
v 0.144492 -0.128481 0.073783
v 0.146271 -0.138037 0.076366
v 0.083968 0.000623 0.095910
v 0.099836 -0.024666 0.081391
v 0.094337 -0.012732 0.079543
v 0.087724 -0.004811 0.081440
v 0.088301 -0.007055 0.103696
v 0.126132 -0.054213 0.080377
v 0.137184 -0.076959 0.078776
v 0.135708 -0.072505 0.081533
v 0.142791 -0.095666 0.084392
v 0.149716 -0.117970 0.082543
v 0.153363 -0.125783 0.087093
v 0.154797 -0.135925 0.089088
v 0.125924 -0.046703 0.095773
v 0.121273 -0.046241 0.104186
v 0.128311 -0.054227 0.097711
v 0.126189 -0.049509 0.083878
v 0.123367 -0.055414 0.086460
v 0.095055 0.000047 0.105008
v 0.096416 0.010391 0.111028
v 0.095809 0.004054 0.120762
v 0.094588 0.013645 0.118751
v 0.088420 0.012368 0.126911
v 0.086923 0.002854 0.128534
v 0.083926 0.010955 0.103973
v 0.089283 -0.004548 0.113943
v 0.080515 0.013877 0.120224
v -0.382502 0.172979 0.084731
v -0.372646 0.169926 0.103395
v -0.387043 0.173153 0.115374
v -0.390519 0.174136 0.093899
v -0.417268 0.173740 0.116590
v -0.403853 0.173335 0.126770
v -0.386032 0.172817 0.135686
v -0.395039 0.172841 0.141998
v -0.422959 0.174018 0.139376
v -0.402378 0.171475 0.148794
v -0.411417 0.175461 0.105816
v -0.371314 0.168325 0.089491
v -0.361381 0.168891 0.067559
v -0.355193 0.166577 0.072259
v -0.358332 0.162003 0.096635
v -0.369803 0.166986 0.110003
v -0.375891 0.167932 0.120797
v -0.382480 0.168463 0.124630
v -0.360794 0.162109 0.107322
v -0.408955 0.168988 0.153696
v -0.421103 0.171897 0.155423
v 0.097404 0.369262 -0.094475
v 0.087625 0.386931 -0.078414
v 0.097670 0.371286 -0.076811
v 0.081014 0.397066 -0.089720
v 0.080293 0.399343 -0.065634
v 0.077140 0.405147 -0.074568
v 0.071093 0.415156 -0.064919
v 0.070098 0.418674 -0.077443
v 0.085374 0.395929 -0.113924
v 0.100940 0.365471 -0.111763
v 0.074251 0.414786 -0.083215
v 0.079029 0.406583 -0.094118
v 0.089309 0.388386 -0.067560
v 0.105233 0.361192 -0.087413
v 0.104267 0.362047 -0.103962
v 0.094254 0.384304 -0.119544
v 0.098765 0.372842 -0.121596
v 0.077262 0.413377 -0.052184
v 0.062379 0.426370 -0.057161
v 0.065209 0.421370 -0.077434
v 0.060468 0.431392 -0.077274
v 0.055143 0.446427 -0.062062
v 0.057562 0.442837 -0.054704
v 0.054517 0.458399 -0.055363
v 0.055134 0.454182 -0.039513
v 0.052091 0.467844 -0.044425
v 0.053949 0.463420 -0.027726
v 0.049434 0.475602 -0.038045
v 0.050101 0.470617 -0.021211
v 0.041296 0.488335 -0.026622
v 0.042909 0.479359 -0.015395
v 0.034196 0.487118 -0.007468
v 0.031285 0.495678 -0.017425
v 0.065987 0.443629 -0.035875
v 0.061734 0.454274 -0.027298
v 0.068012 0.431836 -0.042034
v 0.102086 0.370979 -0.069590
v 0.107216 0.364035 -0.074621
v 0.086906 0.398657 -0.056962
v 0.076005 0.422940 -0.044259
v 0.115603 0.356183 -0.085867
v 0.059488 0.463900 -0.021693
v 0.093645 0.395242 -0.057688
v 0.111375 0.359526 -0.105567
v 0.121147 0.352839 -0.086094
v 0.117860 0.350515 -0.111244
v 0.125484 0.342152 -0.098358
v 0.118541 0.344475 -0.126236
v 0.130656 0.322023 -0.117979
v 0.135440 0.320857 -0.099445
v 0.129949 0.338179 -0.086375
v 0.136261 0.312311 -0.119822
v 0.126489 0.317677 -0.143234
v 0.121273 0.328736 -0.137367
v 0.111824 0.361939 -0.122222
v 0.119874 0.333151 -0.149398
v 0.111985 0.350242 -0.148345
v 0.111385 0.354898 -0.135070
v 0.128322 0.319582 -0.157871
v 0.132416 0.309511 -0.134503
v 0.131933 0.304161 -0.145606
v 0.133310 0.304555 -0.161593
v 0.106015 0.355471 -0.146501
v 0.130746 0.317202 -0.163345
v 0.146978 0.313238 -0.098865
v 0.143172 0.309302 -0.111490
v 0.136943 0.329209 -0.088028
v 0.141365 0.319704 -0.094102
v 0.132713 0.347951 -0.080411
v 0.136180 0.306920 -0.121422
v 0.135161 0.306171 -0.130809
v 0.116050 0.361837 -0.077009
v 0.133081 0.334471 -0.081702
v 0.139548 0.331691 -0.087104
v 0.123796 0.357794 -0.081204
v 0.128371 0.361931 -0.075456
v 0.028053 0.490833 -0.006114
v 0.023806 0.497787 -0.009942
v 0.136273 0.318436 -0.083463
v 0.133179 0.323622 -0.072956
v 0.142732 0.315448 -0.093773
v 0.073720 0.432686 -0.038523
v 0.085273 0.413291 -0.049244
v 0.089895 0.403508 -0.053619
v 0.130841 0.298285 -0.156215
v 0.135436 0.294791 -0.162306
v 0.136258 0.326125 -0.068399
v -0.408993 0.108906 0.123130
v -0.409343 0.095389 0.122011
v -0.390548 0.106740 0.109571
v -0.396204 0.118370 0.115942
v -0.385325 0.134487 0.113053
v -0.406340 0.129177 0.128073
v -0.374490 0.135777 0.107922
v -0.389357 0.147856 0.116230
v -0.405329 0.143896 0.124018
v -0.378094 0.097705 0.102990
v -0.357963 0.121642 0.098065
v -0.382935 0.086378 0.106532
v -0.357025 0.092493 0.096833
v -0.391580 0.082407 0.113386
v -0.354829 0.125019 0.098845
v -0.397718 0.155678 0.127131
v -0.378180 0.153061 0.116851
v -0.345086 0.102211 0.098268
v -0.412051 0.135786 0.126662
v -0.354793 0.141175 0.111706
v -0.359572 0.069879 0.108594
v -0.407268 0.084656 0.126144
v -0.354856 0.082732 0.101350
v -0.377777 0.068515 0.117099
v -0.368134 0.061406 0.116295
v -0.334955 0.114088 0.108146
v -0.342880 0.131066 0.109518
v -0.344983 0.072301 0.116567
v -0.342633 0.066404 0.129777
v -0.329077 0.071659 0.137571
v -0.356989 0.061232 0.117997
v -0.325870 0.086391 0.123543
v -0.339702 0.084972 0.108725
v -0.314512 0.084456 0.137032
v -0.314855 0.078447 0.147104
v -0.359572 0.069879 0.108594
v -0.354856 0.082732 0.101350
v -0.307939 0.085669 0.140627
v -0.316091 0.091075 0.131378
v -0.333051 0.099112 0.108887
v -0.296603 0.095779 0.134785
v -0.298561 0.103318 0.127440
v -0.294410 0.107272 0.126165
v -0.335357 0.061543 0.156950
v -0.346856 0.059711 0.143649
v -0.364440 0.052006 0.138859
v -0.363568 0.055262 0.125517
v -0.321508 0.072927 0.161099
v -0.350754 0.055962 0.152452
v -0.362964 0.053106 0.145257
v -0.338718 0.059041 0.172029
v -0.323046 0.074649 0.162321
v -0.368134 0.061406 0.116295
v -0.356677 0.054650 0.175922
v -0.345086 0.102211 0.098268
v -0.318900 0.099570 0.127683
v -0.309422 0.101878 0.126656
v -0.314513 0.111472 0.122520
v -0.319845 0.107213 0.126389
v -0.335855 0.068390 0.178024
v -0.334955 0.114088 0.108146
v -0.216696 0.162211 0.022296
v -0.234552 0.152157 0.021625
v -0.232708 0.150105 0.009940
v -0.208322 0.161599 0.009783
v -0.221883 0.155200 -0.003682
v -0.196666 0.168341 -0.001598
v -0.195056 0.172152 0.008569
v -0.183968 0.175682 -0.003044
v -0.168980 0.182825 -0.004617
v -0.169219 0.185493 0.016726
v -0.157389 0.192465 0.009591
v -0.137021 0.202840 -0.008697
v -0.135706 0.209007 0.011824
v -0.113301 0.216661 -0.001915
v -0.114985 0.220029 0.008072
v -0.111813 0.213976 -0.008994
v -0.190468 0.179124 0.020763
v -0.209207 0.170837 0.022982
v -0.154623 0.200830 0.019681
v -0.242193 0.150712 0.021433
v -0.153078 0.195023 -0.021297
v -0.171090 0.183865 -0.016796
v -0.233769 0.151533 -0.002885
v -0.186190 0.178708 -0.020326
v -0.112772 0.217004 -0.024186
v -0.147012 0.203451 -0.033953
v -0.132199 0.212096 -0.033514
v -0.111642 0.221402 -0.036771
v -0.209233 0.168301 -0.019938
v -0.219891 0.162570 -0.020277
v -0.178184 0.186877 -0.034370
v -0.200573 0.172715 -0.015665
v -0.108772 0.220946 0.007995
v -0.232290 0.160135 -0.018212
v -0.206792 0.181039 -0.032969
v -0.171154 0.200710 -0.048260
v -0.130904 0.223220 -0.046329
v -0.153214 0.215748 -0.049535
v -0.127745 0.228465 -0.050776
v -0.109364 0.232630 -0.051222
v -0.193441 0.194655 -0.044947
v -0.134823 0.228706 -0.052092
v -0.159930 0.200018 0.020666
v -0.129448 0.222641 0.020786
v -0.112365 0.235796 0.022034
v -0.214741 0.179655 0.035176
v -0.231378 0.165750 0.033951
v -0.108125 0.231269 0.017584
v -0.246936 0.156640 0.026748
v -0.250542 0.162458 0.036436
v -0.263915 0.156397 0.035799
v -0.378199 0.080660 0.097043
v -0.381082 0.070114 0.105951
v -0.394855 0.070310 0.109919
v -0.364954 0.073245 0.097010
v -0.368669 0.085877 0.090798
v -0.357730 0.075546 0.091236
v -0.359264 0.096219 0.080589
v -0.388120 0.063919 0.113976
v -0.399081 0.061846 0.115405
v -0.378067 0.064370 0.112443
v -0.384573 0.093465 0.082665
v -0.367656 0.094775 0.081664
v -0.401342 0.082098 0.095961
v -0.405686 0.071311 0.107517
v -0.393451 0.085333 0.089456
v -0.374018 0.067050 0.102516
v -0.386021 0.095490 0.072080
v -0.358520 0.095444 0.072898
v -0.365701 0.060495 0.097991
v -0.376033 0.061871 0.102148
v -0.357361 0.058065 0.088226
v -0.351133 0.070548 0.075830
v -0.353280 0.089632 0.067942
v -0.406647 0.076699 0.108328
v -0.407065 0.085040 0.096487
v -0.419017 0.086964 0.100794
v -0.415498 0.076743 0.113738
v -0.424143 0.084826 0.105392
v -0.415031 0.070739 0.113900
v -0.351675 0.099850 0.059488
v -0.404594 0.054104 0.126760
v -0.392885 0.052221 0.134901
v -0.404940 0.052327 0.146853
v -0.380960 0.050603 0.127922
v -0.409820 0.051719 0.142828
v -0.396692 0.047658 0.149765
v -0.386277 0.047809 0.137452
v -0.390707 0.050090 0.122458
v -0.382210 0.050903 0.143346
v -0.377231 0.046729 0.134698
v -0.373239 0.048371 0.140191
v -0.368110 0.046808 0.155568
v -0.388052 0.052704 0.154634
v -0.391189 0.053474 0.170317
v -0.370912 0.047387 0.173424
v -0.410298 0.050517 0.125612
v -0.391614 0.055744 0.161351
v -0.396174 0.052710 0.161359
v -0.397392 0.050755 0.151927
v 0.301157 0.145828 -0.018314
v 0.325385 0.140106 -0.004514
v 0.308617 0.143955 -0.005206
v 0.291137 0.147798 -0.002630
v 0.278547 0.151327 -0.019139
v 0.277232 0.152571 0.004882
v 0.291592 0.149667 0.010464
v 0.332829 0.140810 -0.018135
v 0.344669 0.135146 0.000203
v 0.346906 0.135436 -0.011646
v 0.323451 0.143484 0.008770
v 0.312392 0.148097 0.008145
v 0.264350 0.158818 -0.010681
v 0.259267 0.158149 -0.022652
v 0.248333 0.163097 -0.014425
v 0.251399 0.162990 0.001032
v 0.262702 0.159088 0.004110
v 0.231342 0.167267 -0.022587
v 0.267100 0.158286 -0.032512
v 0.251218 0.163284 -0.028985
v 0.258302 0.165694 -0.046127
v 0.239188 0.172712 -0.049272
v 0.233388 0.176026 -0.043419
v 0.223594 0.181274 -0.051842
v 0.218064 0.182077 -0.044294
v 0.220310 0.176945 -0.029983
v 0.210797 0.176096 -0.023037
v 0.286126 0.157066 -0.038935
v 0.340021 0.133602 0.010683
v 0.351535 0.129887 0.009272
v 0.356746 0.129161 -0.003254
v 0.358388 0.128658 0.009036
v 0.348210 0.135870 -0.008368
v 0.316659 0.147894 -0.027484
v 0.304209 0.151489 -0.033127
v 0.371827 0.119993 0.010161
v 0.374801 0.125021 -0.003235
v 0.203479 0.182727 -0.049767
v 0.202080 0.176662 -0.027290
v 0.192605 0.182723 -0.031226
v 0.190225 0.190811 -0.050528
v 0.174174 0.191277 -0.022071
v 0.187351 0.179625 -0.023663
v 0.387874 0.115988 -0.003127
v 0.383317 0.109933 0.014862
v 0.164275 0.205253 -0.035216
v 0.160759 0.200352 -0.020459
v 0.143638 0.211050 -0.021840
v 0.141005 0.217249 -0.032430
v 0.166149 0.200282 -0.004768
v 0.152581 0.203930 -0.013750
v 0.181318 0.188582 -0.015798
v 0.185446 0.194640 0.009251
v 0.175451 0.199272 0.008895
v 0.210437 0.188426 -0.003924
v 0.208348 0.186158 -0.014175
v 0.244331 0.168876 -0.003202
v 0.244925 0.168404 0.003638
v 0.232409 0.178961 0.003857
v 0.232304 0.174344 -0.013720
v 0.216859 0.181647 -0.005871
v 0.201716 0.183720 -0.021405
v 0.155783 0.212527 0.003226
v 0.143157 0.210342 -0.010338
v 0.140443 0.220047 0.008116
v 0.214064 0.192809 0.005631
v 0.216279 0.189112 -0.053130
v 0.186937 0.202180 0.018498
v 0.158131 0.222138 -0.051161
v 0.135886 0.227420 -0.047819
v 0.174544 0.209873 -0.052268
v 0.362532 0.133558 -0.010813
v 0.360560 0.140240 -0.012155
v 0.142485 0.201908 -0.017472
v 0.147467 0.199227 -0.017238
v 0.322632 0.138674 0.012020
v -0.046582 0.315655 0.075807
v -0.068713 0.317675 0.073084
v -0.063542 0.308661 0.097447
v -0.040657 0.307931 0.090681
v -0.049251 0.302457 0.112511
v -0.065625 0.324945 0.058714
v -0.049655 0.325001 0.057365
v -0.076441 0.314354 0.079470
v -0.037366 0.299454 0.109796
v -0.032476 0.293941 0.119698
v -0.062062 0.330309 0.052100
v -0.049368 0.343721 0.031056
v -0.063230 0.345059 0.033148
v -0.056622 0.354405 0.013355
v -0.074103 0.336686 0.039443
v -0.077095 0.346913 0.020995
v -0.038817 0.294791 0.119560
v -0.082874 0.315501 0.069580
v -0.082280 0.351537 0.003772
v -0.066783 0.357573 -0.001628
v -0.087652 0.321374 0.048272
v -0.090241 0.333794 0.032270
v -0.100085 0.343060 0.005153
v -0.059598 0.359436 0.002084
v -0.103300 0.331967 0.022075
v -0.109262 0.338098 0.004811
v -0.080094 0.356987 -0.016573
v -0.108327 0.342827 -0.006683
v -0.100022 0.348928 -0.018194
v -0.088803 0.315127 0.061262
v -0.133565 0.318967 0.004230
v -0.132279 0.327237 -0.011620
v -0.145595 0.320746 -0.009043
v -0.144053 0.317824 -0.001292
v -0.128227 0.311798 0.018726
v -0.141608 0.311480 0.004769
v -0.108053 0.315792 0.033681
v -0.150944 0.298864 0.006912
v -0.092158 0.313681 0.055099
v -0.103524 0.310187 0.040579
v -0.098640 0.307035 0.052073
v -0.157362 0.317396 0.001299
v -0.050144 0.356038 0.004720
v -0.032043 0.301169 0.096830
v -0.021224 0.287618 0.111032
v 0.070511 0.026652 0.077908
v 0.077215 0.019701 0.068274
v 0.071910 0.014096 0.072509
v 0.068871 0.008692 0.079238
v 0.073697 0.044145 0.068454
v 0.075448 0.003844 0.072353
v 0.070526 0.062447 0.080482
v 0.074022 0.068040 0.068511
v 0.070902 0.085204 0.070786
v 0.067039 0.081920 0.084592
v 0.065277 0.095211 0.075193
v 0.073769 0.070822 0.064708
v 0.075942 0.004561 0.068174
v 0.071779 -0.011179 0.066305
v 0.066829 0.100358 0.086326
v 0.072089 0.055786 0.062982
v 0.072268 0.014341 0.084248
v 0.071563 0.013262 0.066784
v 0.066932 -0.000529 0.083607
v 0.060762 -0.011739 0.079424
v 0.070855 -0.017609 0.074552
v 0.075988 -0.021609 0.069990
v 0.069797 -0.024485 0.078326
v 0.083608 -0.029847 0.068570
v 0.061394 -0.019362 0.080135
v 0.064872 -0.017455 0.085192
v 0.040808 0.316704 -0.116756
v 0.051101 0.315619 -0.119023
v 0.048644 0.298984 -0.124948
v 0.033042 0.301119 -0.122855
v 0.032610 0.319038 -0.116102
v 0.044476 0.328693 -0.116304
v 0.031221 0.334904 -0.113188
v 0.049872 0.292340 -0.125140
v 0.033501 0.290787 -0.123514
v 0.054036 0.304445 -0.125475
v 0.045061 0.273963 -0.135797
v 0.027476 0.276972 -0.132515
v 0.032874 0.269465 -0.137205
v 0.045868 0.341689 -0.107005
v 0.036183 0.350378 -0.104451
v 0.046087 0.364450 -0.098115
v 0.060934 0.357471 -0.098820
v 0.056509 0.342021 -0.108491
v 0.031180 0.366700 -0.101717
v 0.023443 0.320918 -0.118268
v 0.035694 0.374625 -0.095785
v 0.030709 0.383090 -0.088992
v 0.060171 0.371943 -0.089089
v 0.024518 0.262706 -0.144275
v 0.034226 0.255600 -0.147562
v 0.047986 0.382583 -0.085904
v 0.042583 0.393355 -0.078122
v 0.050761 0.374905 -0.092054
v 0.032923 0.248903 -0.153487
v 0.034035 0.403499 -0.070589
v 0.053121 0.397089 -0.072278
v 0.056549 0.381656 -0.084518
v 0.067694 0.381876 -0.084607
v 0.066389 0.365848 -0.094808
v 0.049605 0.409675 -0.063534
v 0.042862 0.426226 -0.052135
v 0.067440 0.400882 -0.068309
v 0.021557 0.418971 -0.060399
v 0.063761 0.393392 -0.075922
v 0.070545 0.396159 -0.074614
v 0.025120 0.428432 -0.052228
v 0.044000 0.434609 -0.046911
v 0.031085 0.442030 -0.045470
v 0.049799 0.425510 -0.054014
v 0.047975 0.268671 -0.142310
v 0.019550 0.398984 -0.078577
v 0.011095 0.412682 -0.069446
v 0.043041 0.249960 -0.156092
v 0.031911 0.236661 -0.156546
v 0.036270 0.443644 -0.045544
v 0.037469 0.452603 -0.041771
v 0.046036 0.259806 -0.149266
v 0.039557 0.224470 -0.164883
v 0.054616 0.328018 -0.121775
v 0.032164 0.445574 -0.041793
v 0.064534 0.289416 -0.135556
v 0.017840 0.377347 -0.100633
v 0.018516 0.356297 -0.110329
v 0.025607 0.346449 -0.112186
v 0.022770 0.290835 -0.128816
v 0.017505 0.319045 -0.122907
v 0.022470 0.296857 -0.132008
v 0.029177 0.298178 -0.127826
v 0.005748 0.386535 -0.101054
v 0.011417 0.399860 -0.083833
v 0.005120 0.373507 -0.115463
v 0.010867 0.372613 -0.111454
v 0.019087 0.265183 -0.147355
v 0.020782 0.250689 -0.161591
v 0.028147 0.236628 -0.162279
v 0.018319 0.339963 -0.125325
v 0.018592 0.282856 -0.138273
v 0.029443 0.455469 -0.042967
v 0.039994 0.461696 -0.030156
v 0.030756 0.463615 -0.031690
v 0.033376 0.468486 -0.025757
v 0.025513 0.476573 -0.023569
v 0.032576 0.478168 -0.022030
v 0.026361 0.488930 -0.016465
v 0.058974 0.297449 -0.129685
v 0.173217 -0.239239 0.064202
v 0.170360 -0.232575 0.068231
v 0.152253 -0.248432 0.064313
v 0.146729 -0.230076 0.073753
v 0.156319 -0.216527 0.076604
v 0.156961 -0.258864 0.055946
v 0.174025 -0.256737 0.052508
v 0.163462 -0.198986 0.078070
v 0.139020 -0.200566 0.080472
v 0.183738 -0.222338 0.060033
v 0.190137 -0.242868 0.044741
v 0.188531 -0.252374 0.039615
v 0.173375 -0.196096 0.068711
v 0.169152 -0.182993 0.065593
v 0.156841 -0.182813 0.071707
v 0.138927 -0.186247 0.073087
v -0.386850 0.132083 0.110826
v -0.400204 0.111622 0.114338
v -0.407988 0.132120 0.124106
v -0.414561 0.113276 0.122814
v -0.393245 0.098366 0.107640
v -0.371669 0.125056 0.099639
v -0.414689 0.093472 0.120335
v -0.381822 0.090253 0.100751
v -0.372944 0.089575 0.096368
v -0.392768 0.084112 0.106988
v -0.364947 0.099534 0.094153
v -0.364016 0.118276 0.093769
v -0.393863 0.137869 0.114943
v -0.406877 0.082911 0.118450
v -0.379711 0.135790 0.105270
v -0.385557 0.139027 0.108333
v -0.383174 0.085198 0.097668
v -0.398224 0.080147 0.108323
v -0.362330 0.118530 0.086955
v -0.365081 0.099978 0.085091
v -0.275670 0.141866 0.038477
v -0.285021 0.131347 0.054602
v -0.287941 0.142764 0.039298
v -0.307119 0.134464 0.053735
v -0.301009 0.141341 0.044458
v -0.275576 0.129161 0.052053
v -0.287481 0.148524 0.035275
v -0.304026 0.144965 0.032470
v -0.309383 0.139599 0.039934
v -0.317001 0.150332 0.031595
v -0.298176 0.154243 0.019137
v -0.290555 0.148287 0.026192
v -0.275847 0.151237 0.015408
v -0.267066 0.157818 0.000108
v -0.256522 0.166495 -0.016578
v -0.247779 0.158378 -0.006272
v -0.232290 0.160135 -0.018212
v -0.233769 0.151533 -0.002885
v -0.243435 0.154538 -0.003289
v -0.233759 0.172324 -0.030529
v -0.265350 0.156509 0.007014
v -0.219891 0.162570 -0.020277
v -0.242193 0.150712 0.021433
v -0.218704 0.180530 -0.035363
v -0.324102 0.145702 0.035018
v -0.206792 0.181039 -0.032969
v -0.320603 0.131068 0.045490
v -0.331614 0.136219 0.048176
v -0.327317 0.127081 0.058553
v -0.344171 0.135579 0.060123
v -0.344738 0.128653 0.071674
v -0.335617 0.124615 0.077724
v -0.323312 0.126254 0.062539
v -0.249070 0.185218 -0.033167
v -0.283456 0.150914 0.027701
v -0.268876 0.140899 0.044777
v -0.312265 0.128763 0.054544
v -0.320971 0.120011 0.055451
v -0.344453 0.130152 0.084499
v -0.324515 0.129131 0.074001
v -0.253616 0.162063 0.008731
v -0.275583 0.159931 0.026790
v -0.050671 0.314031 0.064087
v -0.037730 0.301004 0.086545
v -0.048393 0.303928 0.094570
v -0.033595 0.293943 0.110386
v -0.052171 0.301812 0.108445
v -0.038817 0.294791 0.119560
v -0.068523 0.309583 0.089000
v -0.063336 0.317494 0.057588
v -0.048699 0.314220 0.055184
v -0.082874 0.315501 0.069580
v -0.020896 0.283959 0.109517
v -0.074562 0.316143 0.051822
v -0.088803 0.315127 0.061262
v -0.031449 0.294963 0.086838
v -0.036930 0.301488 0.061589
v -0.020850 0.281965 0.100834
v -0.015939 0.282699 0.102736
v -0.063542 0.308661 0.097447
v -0.028514 0.284958 0.071511
v -0.076441 0.314354 0.079470
v -0.032476 0.293941 0.119698
v -0.049251 0.302457 0.112511
v -0.021151 0.266050 0.088056
v -0.038975 0.258807 -0.149663
v -0.036167 0.239708 -0.145936
v -0.039732 0.245491 -0.156045
v -0.036504 0.258191 -0.139953
v -0.038034 0.271380 -0.146682
v -0.036957 0.286558 -0.136868
v -0.032795 0.282410 -0.126160
v -0.034583 0.297894 -0.126442
v -0.042845 0.224137 -0.162240
v -0.041711 0.294664 -0.144284
v -0.028040 0.243838 -0.134021
v -0.031031 0.269651 -0.128852
v -0.039758 0.214766 -0.146459
v -0.049356 0.314005 -0.132721
v -0.039108 0.317353 -0.114681
v -0.048599 0.338180 -0.121029
v -0.045057 0.346474 -0.105734
v -0.052254 0.345683 -0.131711
v -0.054191 0.316925 -0.145015
v -0.052923 0.307213 -0.146932
v -0.037396 0.337456 -0.100702
v -0.038809 0.355745 -0.093933
v -0.049045 0.357945 -0.126724
v -0.044231 0.356497 -0.106236
v -0.044213 0.363926 -0.108674
v -0.045599 0.369776 -0.127205
v -0.046202 0.374922 -0.100139
v -0.044576 0.381183 -0.089346
v -0.039788 0.365969 -0.094488
v -0.038959 0.381990 -0.080287
v -0.031570 0.351795 -0.089835
v -0.024130 0.297511 -0.118271
v -0.028711 0.305728 -0.117704
v -0.025780 0.229955 -0.134931
v -0.041250 0.226722 -0.148505
v -0.044906 0.215688 -0.164676
v -0.041296 0.205900 -0.146281
v -0.048710 0.199708 -0.159991
v -0.047315 0.193317 -0.154292
v -0.053228 0.184497 -0.164068
v -0.046458 0.165166 -0.163716
v -0.054539 0.186821 -0.175962
v -0.056882 0.170374 -0.169191
v -0.060180 0.161608 -0.177589
v -0.061327 0.145385 -0.183070
v -0.053956 0.144366 -0.174875
v -0.059361 0.128557 -0.189139
v -0.062494 0.134307 -0.189717
v -0.032283 0.190455 -0.140648
v -0.037374 0.180432 -0.149358
v -0.031745 0.198505 -0.136867
v -0.043064 0.167522 -0.155364
v -0.045746 0.160856 -0.162834
v -0.050410 0.154581 -0.169868
v -0.027742 0.216088 -0.135248
v -0.023081 0.192780 -0.132045
v -0.065331 0.117917 -0.196966
v -0.028991 0.218794 -0.139638
v -0.018595 0.203157 -0.128649
v -0.024590 0.269777 -0.126489
v -0.029080 0.324512 -0.104970
v -0.037480 0.360675 -0.105704
v -0.014746 0.186087 -0.132107
v -0.051412 0.154114 -0.166499
v 0.112132 0.231151 0.067373
v 0.111388 0.206875 0.071787
v 0.112167 0.203106 0.059814
v 0.110041 0.245374 0.060545
v 0.108059 0.242782 0.067423
v 0.102832 0.198896 0.069465
v 0.103009 0.203933 0.078306
v 0.092106 0.196914 0.077005
v 0.139074 0.116570 0.005569
v 0.135328 0.123092 0.026113
v 0.140268 0.104420 0.004484
v 0.134933 0.102191 0.026596
v 0.133082 0.108479 0.038190
v 0.131984 0.086137 0.051962
v 0.141216 0.136547 0.005609
v 0.127524 0.098222 0.061350
v 0.128720 0.081043 0.064522
v 0.134784 0.138909 0.022986
v 0.127911 0.139406 0.039886
v 0.124662 0.117917 0.055516
v 0.122961 0.133523 0.053314
v 0.120719 0.141366 0.056999
v 0.119220 0.178112 0.048570
v 0.119122 0.159983 0.056233
v 0.128357 0.174196 0.028800
v 0.132582 0.146821 0.021777
v 0.133843 0.172460 0.012558
v 0.135734 0.196133 0.006941
v 0.116751 0.176227 0.054798
v 0.136191 0.145740 0.003242
v 0.131787 0.209819 0.022406
v 0.123517 0.202549 0.039706
v 0.135490 0.174139 -0.001432
v 0.143157 0.210342 -0.010338
v 0.142485 0.201908 -0.017472
v 0.128985 0.231344 0.035158
v 0.119908 0.237427 0.049325
v 0.116471 0.138753 0.063773
v 0.140443 0.220047 0.008116
v 0.125684 0.254726 0.044105
v 0.131851 0.083262 0.025134
v 0.135631 0.097700 0.015005
v 0.129795 0.067771 0.038804
v 0.129716 0.047574 0.027247
v 0.125629 0.041033 0.039693
v 0.121612 0.055712 0.063246
v 0.129973 0.023729 0.024714
v 0.135408 0.031840 0.005548
v 0.126643 0.019389 0.033591
v 0.124193 0.068417 0.064100
v 0.134574 0.168459 -0.017302
v 0.138538 0.188946 -0.017502
v 0.132093 0.041761 0.012124
v 0.130004 0.053450 0.020285
v 0.133870 0.142682 -0.018511
v 0.135216 0.140801 -0.006452
v 0.135729 0.116622 -0.007805
v 0.137375 0.115979 -0.019367
v 0.141255 0.101172 -0.016929
v 0.113953 0.015338 0.050373
v 0.114805 0.037039 0.056226
v 0.110598 0.060002 0.080912
v 0.117434 0.006321 0.041841
v 0.117310 -0.000267 0.041499
v 0.106317 -0.008052 0.056391
v 0.132316 0.108757 -0.004496
v 0.112724 0.080311 0.078207
v 0.098095 0.007796 0.068659
v 0.089462 0.028457 0.082518
v 0.102272 -0.008519 0.062870
v 0.087724 -0.004811 0.081440
v 0.084040 0.004952 0.089689
v 0.081957 0.013659 0.103883
v 0.087520 0.051416 0.095112
v 0.079605 0.045731 0.119068
v 0.084547 0.065806 0.101217
v 0.075582 0.073497 0.114749
v 0.083256 0.087302 0.096629
v 0.070287 0.111708 0.109167
v 0.079392 0.114109 0.094582
v 0.072812 0.147345 0.095903
v 0.108357 0.258441 0.057737
v 0.093546 0.038513 0.081213
v 0.065932 0.136759 0.107439
v 0.061671 0.179336 0.104190
v 0.115287 0.264151 0.048599
v 0.072333 0.192375 0.091974
v 0.068248 0.220799 0.092365
v 0.061020 0.225347 0.100750
v 0.068021 0.244269 0.091727
v 0.063029 0.250913 0.098364
v 0.066791 0.260411 0.089496
v 0.070209 0.259305 0.083708
v 0.103758 0.128106 0.073563
v 0.107618 0.109959 0.073408
v 0.100755 0.061632 0.089567
v 0.111954 0.135114 0.066670
v 0.094070 0.167803 0.076249
v 0.072731 0.241211 0.088385
v 0.109016 0.149217 0.067187
v 0.109493 0.172393 0.062837
v 0.111923 0.173704 0.060501
v 0.066602 0.278610 0.071718
v 0.098540 0.095706 0.084091
v 0.074720 0.203576 0.089428
v 0.083968 0.000623 0.095910
v 0.087239 0.248758 0.076097
v 0.112800 0.156584 0.066516
v 0.080515 0.013877 0.120224
v 0.094337 -0.012732 0.079543
v 0.066558 0.267253 0.102557
v 0.144145 0.272096 0.030453
v 0.141133 0.249823 0.032659
v 0.139696 0.230005 0.019090
v 0.156743 0.265750 0.023239
v 0.165245 0.243205 0.020725
v 0.128064 0.093924 -0.009927
v 0.069448 0.275264 0.106533
v 0.125948 0.073757 0.003096
v 0.137132 0.089249 -0.021084
v 0.124028 0.071968 -0.013099
v 0.134341 0.069686 -0.026442
v 0.128601 0.054836 -0.018871
v 0.134078 0.039619 -0.025517
v 0.124251 0.059389 -0.009300
v 0.067878 0.281508 0.101951
v 0.135541 0.033124 -0.026972
v 0.066310 0.275993 0.110549
v 0.130156 0.095526 0.006524
v 0.127203 0.298227 0.030713
v 0.139638 0.296037 0.024441
v 0.165915 0.289339 0.010442
v 0.171560 0.261937 0.016473
v 0.152398 0.306896 0.008865
v 0.102787 0.272184 0.052151
v 0.107148 -0.018491 0.069199
v 0.099836 -0.024666 0.081391
v 0.086309 0.266417 0.065981
v 0.072168 0.290805 0.057963
v 0.086982 0.284320 0.053489
v 0.130501 0.310934 0.019427
v 0.144177 0.311486 0.012202
v 0.095565 0.237542 0.077873
v 0.092939 0.202743 0.085101
v 0.078222 0.226541 0.090245
v 0.080422 0.209402 0.091447
v 0.101336 0.297328 0.039236
v 0.078016 0.299095 0.048032
v 0.083926 0.010955 0.103973
v 0.070344 0.285955 0.118598
v 0.075994 0.287916 0.110042
v 0.078185 0.293432 0.110343
v 0.092930 0.299389 0.105163
v 0.130939 0.025249 0.011304
v 0.106396 0.318060 0.024549
v 0.089374 0.308503 0.035766
v 0.096845 0.314668 0.031745
v 0.110165 0.325485 0.018306
v 0.134330 0.101775 -0.030494
v 0.127310 0.080124 -0.047441
v 0.126527 0.144393 -0.038474
v 0.127184 0.179356 -0.038070
v 0.124394 0.047984 -0.046382
v 0.126229 0.103398 -0.050316
v 0.121812 0.135027 -0.050930
v 0.143638 0.211050 -0.021840
v 0.123953 0.029834 -0.055596
v 0.130383 0.207027 -0.044173
v 0.115412 -0.003280 0.038160
v 0.116720 0.013681 0.030446
v 0.117377 0.022307 0.018601
v 0.117466 -0.010005 0.007082
v 0.118612 -0.014032 0.028915
v 0.123402 -0.023726 0.020073
v 0.123354 -0.026798 0.008558
v 0.119957 -0.032378 -0.001838
v 0.113418 -0.028826 -0.017061
v 0.117068 -0.039629 -0.015135
v 0.111682 -0.002513 -0.013289
v 0.106648 -0.020623 -0.029512
v 0.107289 0.018776 -0.026634
v 0.106597 -0.052359 -0.035093
v 0.141005 0.217249 -0.032430
v 0.119717 0.019722 0.027328
v 0.101532 0.168112 -0.194557
v 0.097480 0.143443 -0.208161
v 0.090886 0.141677 -0.212717
v 0.099468 0.134435 -0.212634
v 0.103689 0.137478 -0.210255
v 0.108207 0.125229 -0.215824
v 0.082880 0.169845 -0.196517
v 0.085886 0.179682 -0.192329
v 0.080868 0.161772 -0.203573
v 0.078686 0.157460 -0.206028
v 0.093805 0.185550 -0.190429
v 0.102049 0.153607 -0.199051
v 0.101580 0.141919 -0.204915
v 0.083793 0.200757 -0.196794
v 0.093896 0.205335 -0.191422
v 0.089240 0.225218 -0.181660
v 0.080057 0.225437 -0.188044
v 0.080398 0.204433 -0.197113
v 0.086489 0.240850 -0.175306
v 0.081774 0.189421 -0.207106
v 0.081157 0.183618 -0.197440
v 0.109791 0.157676 -0.200061
v 0.122606 0.145465 -0.210613
v 0.119403 0.140719 -0.204219
v 0.125687 0.130831 -0.206708
v 0.128739 0.134491 -0.214225
v 0.120146 0.156479 -0.208281
v 0.111183 0.140351 -0.199479
v 0.116556 0.178733 -0.202414
v 0.108375 0.189263 -0.193174
v 0.118220 0.196812 -0.200201
v 0.108461 0.205506 -0.191648
v 0.117975 0.129838 -0.203964
v 0.109545 0.216028 -0.188931
v 0.117458 0.208158 -0.196430
v 0.114668 0.218695 -0.192251
v 0.122189 0.179231 -0.204606
v 0.095949 0.221279 -0.182229
v 0.102809 0.236239 -0.178747
v 0.095549 0.248669 -0.171703
v 0.005000 0.421314 -0.073004
v 0.004517 0.414490 -0.077556
v 0.000699 0.412923 -0.069999
v 0.001440 0.400285 -0.085123
v -0.000160 0.426891 -0.062502
v 0.005365 0.404306 -0.103538
v 0.001736 0.387824 -0.104077
v 0.006746 0.423127 -0.088708
v 0.001701 0.393583 -0.118484
v -0.000406 0.375624 -0.119687
v 0.001626 0.381915 -0.147306
v -0.004935 0.369264 -0.111599
v 0.001824 0.363387 -0.122713
v 0.003415 0.360412 -0.139345
v 0.001363 0.359597 -0.121701
v 0.001548 0.352918 -0.148477
v 0.006295 0.357001 -0.148959
v -0.002242 0.355106 -0.129147
v -0.004263 0.350730 -0.142558
v -0.354555 0.169179 0.139070
v -0.348854 0.169730 0.139342
v -0.355624 0.174179 0.154245
v -0.367339 0.173187 0.143718
v -0.370303 0.177727 0.160981
v -0.339031 0.167966 0.147723
v -0.354246 0.173871 0.171688
v -0.330601 0.170207 0.168484
v -0.353877 0.170293 0.191899
v -0.337993 0.170275 0.186000
v -0.382032 0.173367 0.186022
v -0.373008 0.173317 0.194438
v -0.381485 0.173222 0.173835
v -0.393507 0.173696 0.193519
v -0.322461 0.170144 0.147169
v -0.322785 0.170265 0.176157
v -0.334473 0.169556 0.186768
v -0.337402 0.169556 0.187012
v -0.312685 0.171808 0.140441
v -0.335061 0.164810 0.139139
v -0.346213 0.163307 0.133116
v -0.323287 0.165197 0.129098
v -0.306860 0.169116 0.133076
v -0.341153 0.155359 0.125277
v -0.306046 0.160027 0.129638
v 0.190758 -0.272298 0.008749
v 0.183664 -0.289749 0.010241
v 0.190253 -0.297326 0.010855
v 0.173090 -0.298731 0.010508
v 0.177561 -0.305332 0.011618
v 0.196251 -0.269265 0.009065
v 0.169512 -0.283251 0.012857
v 0.162473 -0.293767 0.013904
v 0.207542 -0.290737 0.003920
v 0.184928 -0.263017 0.013645
v 0.173063 -0.265429 0.015941
v 0.183794 -0.283801 0.007405
v 0.161345 -0.264816 0.021579
v 0.168228 -0.274438 0.013738
v 0.168984 -0.261100 0.021012
v 0.188509 -0.253184 0.019724
v 0.158951 -0.307063 0.003004
v 0.148631 -0.295376 0.006955
v 0.195924 -0.310252 0.016523
v 0.143649 -0.278413 0.007185
v 0.157119 -0.265257 0.020879
v 0.189520 -0.312354 0.019494
v 0.173703 -0.318074 0.019818
v 0.156782 -0.317814 0.010669
v 0.168785 -0.324447 0.013497
v 0.185592 -0.324492 0.009095
v 0.181460 -0.326726 0.007132
v 0.197533 -0.333894 0.011505
v 0.185686 -0.337966 0.010916
v 0.169994 -0.334558 -0.007859
v 0.166678 -0.327427 -0.004464
v 0.175104 -0.340264 -0.000952
v 0.155276 -0.339221 -0.019853
v 0.156830 -0.330430 -0.023227
v 0.146200 -0.321906 -0.006955
v 0.153668 -0.326510 -0.020987
v 0.152483 -0.326061 -0.032207
v 0.146035 -0.335317 -0.035989
v 0.148422 -0.326200 -0.037660
v 0.150129 -0.310721 -0.005930
v 0.134821 -0.318373 -0.030196
v 0.141941 -0.323962 -0.021398
v -0.342880 0.131066 0.109518
v -0.327179 0.121157 0.120155
v -0.334821 0.135141 0.129632
v -0.354793 0.141175 0.111706
v -0.354230 0.153075 0.131149
v -0.369702 0.158687 0.126123
v -0.364189 0.162588 0.138864
v -0.361680 0.162186 0.143616
v -0.366411 0.167503 0.141192
v -0.349008 0.150161 0.146999
v -0.337731 0.139426 0.149780
v -0.324431 0.119303 0.128675
v -0.319845 0.107213 0.126389
v -0.331355 0.126250 0.165763
v -0.327185 0.120476 0.141024
v -0.323941 0.116354 0.154881
v -0.336957 0.129436 0.172740
v -0.322909 0.111418 0.159480
v -0.320886 0.105887 0.161604
v -0.353344 0.145992 0.164646
v -0.333272 0.114944 0.178450
v -0.363713 0.159460 0.150468
v -0.332584 0.105761 0.181081
v -0.354678 0.131975 0.183371
v -0.368785 0.138676 0.182720
v -0.330755 0.082024 0.179757
v -0.323046 0.074649 0.162321
v -0.334955 0.114088 0.108146
v -0.366503 0.147313 0.167268
v -0.368098 0.144078 0.178941
v -0.368071 0.155578 0.156510
v -0.375165 0.158374 0.155989
v -0.380266 0.150160 0.159592
v -0.375133 0.150640 0.163636
v 0.063831 0.268506 0.101292
v 0.063158 0.279488 0.085788
v 0.063029 0.250913 0.098364
v 0.062480 0.284567 0.105365
v 0.060515 0.265915 0.081987
v 0.061493 0.279218 0.067650
v 0.064588 0.292247 0.054996
v 0.070130 0.296835 0.083707
v 0.053292 0.256338 0.073055
v 0.075041 0.305504 0.076349
v 0.071595 0.310708 0.042230
v 0.064616 0.298949 0.044184
v 0.083470 0.317332 0.067894
v 0.083985 0.326686 0.050174
v 0.075910 0.326241 0.027536
v 0.082683 0.342988 0.026537
v 0.054997 0.284808 0.049260
v 0.046497 0.254386 0.066532
v 0.047854 0.280622 0.042686
v 0.044150 0.262102 0.053120
v 0.041406 0.251115 0.060213
v 0.040895 0.227038 0.073486
v 0.046041 0.228284 0.081816
v 0.052315 0.298412 0.034892
v 0.040838 0.209425 0.081011
v 0.084014 0.305790 0.092301
v 0.064983 0.321791 0.024191
v 0.070977 0.339974 0.013733
v 0.077130 0.358836 0.005342
v 0.070344 0.285955 0.118598
v 0.093275 0.332857 0.051252
v 0.092034 0.346458 0.031660
v 0.066310 0.275993 0.110549
v 0.094316 0.324875 0.063942
v 0.093126 0.312913 0.083712
v 0.078185 0.293432 0.110343
v 0.066558 0.267253 0.102557
v -0.325139 0.129844 0.164005
v -0.324001 0.118277 0.171444
v -0.326046 0.124587 0.152104
v -0.323941 0.116354 0.154881
v -0.327898 0.126949 0.138392
v -0.320886 0.105887 0.161604
v -0.324277 0.108254 0.188968
v -0.326467 0.126042 0.178559
v -0.320578 0.095272 0.165805
v -0.327922 0.122991 0.183272
v -0.334317 0.140398 0.140323
v -0.331274 0.144703 0.161084
v -0.327976 0.135904 0.164406
v -0.326250 0.130039 0.128294
v -0.324431 0.119303 0.128675
v -0.327185 0.120476 0.141024
v -0.322032 0.126120 0.117294
v -0.319341 0.121009 0.120016
v -0.334482 0.142696 0.118710
v -0.324580 0.125448 0.194574
v -0.321755 0.114624 0.197954
v -0.318199 0.096997 0.201656
v -0.318024 0.093591 0.198803
v -0.322008 0.099682 0.208401
v -0.327141 0.140106 0.167944
v -0.329889 0.151449 0.168471
v -0.325890 0.096713 0.188851
v -0.322171 0.083574 0.195322
v -0.329288 0.080500 0.185023
v -0.324834 0.067647 0.166931
v -0.327669 0.069869 0.177516
v -0.325445 0.065674 0.187673
v -0.324590 0.130052 0.189425
v -0.323308 0.135044 0.193419
v -0.321508 0.072927 0.161099
v -0.319845 0.107213 0.126389
v -0.323620 0.131193 0.171372
v -0.335668 0.152324 0.175661
v -0.335222 0.145424 0.178328
v -0.334026 0.157209 0.181891
v -0.328874 0.145690 0.189463
v -0.327677 0.138147 0.187350
v -0.324018 0.137931 0.195660
v -0.312116 0.060113 0.160585
v -0.311312 0.057078 0.174803
v -0.327939 0.056579 0.171030
v -0.326416 0.054549 0.178345
v -0.324424 0.058641 0.155951
v -0.316674 0.055985 0.183286
v -0.342319 0.049774 0.179752
v -0.292049 0.067218 0.159718
v -0.338663 0.051322 0.173324
v -0.345543 0.051288 0.199762
v -0.334246 0.051670 0.159694
v -0.353650 0.045413 0.194800
v -0.300494 0.063410 0.170631
v -0.330108 0.056232 0.195716
v -0.336379 0.048704 0.177769
v -0.290682 0.070806 0.161643
v -0.289795 0.069702 0.158936
v -0.288330 0.070862 0.159180
v -0.288086 0.071167 0.159180
v -0.419761 0.147847 0.189072
v -0.424188 0.139477 0.189367
v -0.416718 0.140476 0.198052
v -0.429285 0.135428 0.196580
v -0.433133 0.134788 0.194118
v -0.438351 0.130631 0.194069
v -0.442861 0.130711 0.185060
v -0.431801 0.136996 0.168538
v -0.442962 0.131287 0.168694
v -0.417664 0.145665 0.180945
v -0.421072 0.147268 0.161993
v -0.410693 0.154887 0.175801
v -0.412973 0.157032 0.161819
v -0.403632 0.164364 0.160781
v -0.398443 0.168799 0.161494
v -0.400482 0.165335 0.180498
v -0.409861 0.150169 0.187458
v -0.401979 0.157687 0.196594
v -0.443869 0.133455 0.163640
v -0.406056 0.147231 0.202075
v -0.395923 0.171171 0.190808
v -0.437113 0.140518 0.163511
v -0.445007 0.129171 0.156360
v -0.441673 0.130733 0.145704
v -0.437862 0.141353 0.158592
v -0.430362 0.155387 0.160037
v -0.415970 0.154327 0.184648
v -0.419419 0.135694 0.199898
v -0.449173 0.103696 0.149480
v -0.449477 0.106064 0.153766
v -0.456599 0.097176 0.148918
v -0.400999 0.169980 0.180367
v -0.416797 0.119137 0.207703
v 0.005091 0.030735 -0.070751
v 0.036390 0.031088 -0.072735
v 0.004307 0.030506 -0.067233
v -0.013254 0.031415 -0.071481
v -0.025348 0.030841 -0.067861
v -0.028073 0.030329 -0.066386
v -0.048146 0.027941 -0.074792
v -0.050948 0.030159 -0.066428
v -0.041843 0.030370 -0.062811
v -0.053227 0.029997 -0.058859
v -0.063928 0.030470 -0.053612
v -0.064197 0.027799 -0.066580
v -0.086907 0.028650 -0.055064
v -0.082195 0.032144 -0.036472
v -0.094720 0.030940 -0.036844
v -0.083613 0.032860 -0.028398
v -0.032616 0.026876 -0.077594
v -0.074097 0.030161 -0.041916
v -0.086169 0.031785 -0.023532
v -0.101552 0.031007 -0.019747
v -0.091332 0.030161 -0.011487
v -0.097753 0.027734 0.007620
v -0.105513 0.031170 0.006750
v 0.035434 0.030060 -0.070088
v 0.046856 0.033346 -0.068753
v 0.081328 0.031698 -0.073880
v -0.100053 0.031139 0.030467
v -0.005614 0.026319 -0.079810
v -0.005998 0.024984 -0.085134
v -0.012964 0.027820 -0.083204
v 0.023624 0.024232 -0.083526
v 0.051537 0.023472 -0.084153
v 0.067137 0.022840 -0.079542
v 0.065093 0.025761 -0.084110
v 0.084113 0.024845 -0.080344
v 0.085286 0.025951 -0.077688
v 0.103208 0.027607 -0.072142
v 0.108885 0.027392 -0.065065
v 0.123953 0.029834 -0.055596
v 0.120713 0.029310 -0.053084
v 0.130037 0.032540 -0.035877
v 0.135541 0.033124 -0.026972
v 0.129943 0.032144 0.000440
v 0.135408 0.031840 0.005548
v 0.092296 0.038131 -0.057888
v 0.077075 0.038047 -0.060130
v 0.061170 0.035147 -0.068456
v 0.082561 0.038968 -0.056870
v 0.096566 0.042997 -0.039152
v 0.109382 0.040753 -0.043305
v 0.107797 0.044585 -0.030486
v 0.127127 0.035868 -0.025252
v 0.114265 0.038210 0.000876
v 0.113020 0.041916 -0.013034
v 0.109502 0.041194 -0.017659
v 0.120249 0.031567 0.013366
v 0.062674 0.033911 -0.065752
v 0.130939 0.025249 0.011304
v 0.118891 0.027208 0.018074
v 0.119717 0.019722 0.027328
v 0.129973 0.023729 0.024714
v 0.126643 0.019389 0.033591
v 0.116464 0.033114 0.007462
v 0.116720 0.013681 0.030446
v 0.117377 0.022307 0.018601
v -0.154102 -0.314099 0.012114
v -0.143439 -0.304266 0.019936
v -0.159704 -0.300986 0.022855
v -0.132095 -0.314338 0.010219
v -0.173662 -0.310229 0.010122
v -0.172084 -0.297486 0.020753
v -0.120012 -0.316878 0.004556
v -0.135118 -0.323901 0.009403
v -0.157741 -0.323222 0.014502
v -0.161901 -0.330680 0.005675
v -0.179068 -0.320499 0.010520
v -0.121642 -0.300790 0.008750
v -0.141103 -0.293322 0.021255
v -0.123237 -0.284762 0.020612
v -0.139145 -0.262761 0.035747
v -0.126260 -0.269369 0.029448
v -0.155399 -0.288397 0.020604
v -0.106563 -0.261944 0.023668
v -0.128458 -0.260770 0.037344
v -0.154026 -0.268489 0.027172
v -0.148968 -0.261226 0.034649
v -0.167301 -0.285379 0.016360
v -0.180640 -0.326740 0.002450
v -0.175422 -0.332912 0.003547
v -0.155206 -0.335046 0.003921
v -0.149342 -0.330594 0.001641
v -0.139682 -0.336562 -0.007049
v -0.132771 -0.328719 -0.007719
v -0.123608 -0.323826 -0.004115
v -0.117489 -0.257908 0.037014
v -0.193385 -0.327338 -0.008226
v -0.156314 -0.254836 0.030397
v -0.166175 -0.262581 0.017557
v 0.149135 0.347665 -0.025829
v 0.166907 0.338278 -0.023743
v 0.149741 0.331637 -0.022843
v 0.155807 0.320595 -0.024498
v 0.170957 0.327098 -0.026491
v 0.178810 0.336281 -0.027124
v 0.174173 0.345891 -0.027726
v 0.161943 0.320784 -0.024299
v 0.168818 0.315405 -0.027734
v 0.184022 0.312520 -0.030283
v 0.180973 0.328826 -0.029264
v 0.188485 0.319021 -0.030820
v 0.189603 0.334640 -0.032168
v 0.142684 0.328816 -0.026021
v 0.139161 0.338215 -0.025599
v 0.137190 0.341133 -0.029451
v 0.136429 0.362368 -0.030845
v 0.126702 0.354724 -0.033802
v 0.152857 0.357127 -0.030215
v 0.161411 0.349389 -0.030843
v 0.177095 0.330608 -0.025611
v 0.175633 0.310973 -0.026689
v 0.123033 0.368407 -0.040207
v 0.128562 0.335932 -0.035003
v 0.120598 0.357117 -0.040470
v 0.127402 0.371937 -0.034597
v 0.118419 0.381581 -0.034221
v 0.140324 0.329164 -0.022969
v 0.185303 0.311279 -0.025574
v -0.364044 0.079957 0.194287
v -0.381237 0.091939 0.196854
v -0.380646 0.080078 0.193752
v -0.362952 0.103000 0.201576
v -0.380123 0.103409 0.200912
v -0.371672 0.068368 0.188878
v -0.354458 0.068677 0.193732
v -0.359429 0.062657 0.189944
v -0.354819 0.076143 0.198588
v -0.382699 0.072003 0.192917
v -0.381862 0.065712 0.190891
v -0.362595 0.116223 0.199295
v -0.380415 0.117179 0.198163
v -0.376624 0.127046 0.195727
v -0.356661 0.126026 0.197651
v -0.379911 0.131023 0.196355
v -0.382365 0.059569 0.185304
v -0.354634 0.054762 0.185030
v -0.367545 0.049293 0.185886
v -0.345916 0.054443 0.183404
v -0.349008 0.059181 0.184619
v -0.333451 0.057553 0.177998
v -0.331798 0.066087 0.177078
v -0.334700 0.068956 0.181050
v -0.349236 0.083512 0.198991
v -0.333384 0.082680 0.188503
v -0.343420 0.099361 0.200574
v -0.334176 0.095711 0.195668
v -0.318024 0.093591 0.198803
v -0.318199 0.096997 0.201656
v -0.322171 0.083574 0.195322
v -0.330918 0.071530 0.186181
v -0.325445 0.065674 0.187673
v -0.390527 0.068095 0.189290
v -0.390209 0.059498 0.188471
v -0.397813 0.073805 0.189413
v -0.389809 0.081301 0.195858
v -0.390716 0.095983 0.198614
v -0.398187 0.099036 0.195057
v -0.404180 0.078935 0.192162
v -0.407187 0.097325 0.196129
v -0.400151 0.114432 0.189441
v -0.406718 0.112275 0.190371
v -0.391569 0.121164 0.191756
v -0.382080 0.085815 0.196411
v -0.384521 0.083984 0.197266
v -0.384033 0.083984 0.197266
v -0.377016 0.142112 0.189977
v -0.322002 0.061628 0.166458
v -0.324834 0.067647 0.166931
v -0.316771 0.068487 0.158127
v -0.321508 0.072927 0.161099
v -0.314855 0.078447 0.147104
v 0.061435 0.328762 -0.146684
v 0.060869 0.318893 -0.144615
v 0.058885 0.327749 -0.132420
v 0.051101 0.315619 -0.119023
v 0.054616 0.328018 -0.121775
v 0.056297 0.311065 -0.129020
v 0.058580 0.300567 -0.148002
v 0.054036 0.304445 -0.125475
v 0.058974 0.297449 -0.129685
v 0.056874 0.306761 -0.154740
v 0.048301 0.302251 -0.160374
v 0.065707 0.330511 -0.144373
v 0.144088 0.380941 -0.081378
v 0.141574 0.368469 -0.076312
v 0.148363 0.364211 -0.079805
v 0.157027 0.366204 -0.093547
v 0.156494 0.353926 -0.079029
v 0.171151 0.354093 -0.096760
v 0.135621 0.366296 -0.066446
v 0.130869 0.373721 -0.064819
v 0.148238 0.359353 -0.068711
v 0.168323 0.344891 -0.077097
v 0.169679 0.355935 -0.100114
v 0.176830 0.353624 -0.105404
v 0.158562 0.352457 -0.070239
v 0.084556 0.450128 -0.019734
v 0.088306 0.440576 -0.020657
v 0.090981 0.437931 -0.022737
v 0.091384 0.444987 -0.033348
v 0.098950 0.436252 -0.035899
v 0.099175 0.419760 -0.029724
v 0.104330 0.427453 -0.038406
v 0.110454 0.415006 -0.043722
v 0.111527 0.414610 -0.048132
v 0.105065 0.409633 -0.037156
v 0.108758 0.400558 -0.041480
v 0.127948 0.391161 -0.058526
v 0.125563 0.397861 -0.061789
v 0.131566 0.393061 -0.068715
v 0.140898 0.381487 -0.072979
v 0.112166 0.393081 -0.045059
v 0.116703 0.384967 -0.051160
v 0.124380 0.357946 -0.050797
v 0.132575 0.349634 -0.063874
v 0.130927 0.338423 -0.054416
v 0.126070 0.336419 -0.044926
v 0.140667 0.332386 -0.064815
v 0.143973 0.344660 -0.072976
v 0.151014 0.331985 -0.073521
v 0.138624 0.353288 -0.068519
v 0.120598 0.357117 -0.040470
v 0.119917 0.372298 -0.048912
v 0.141898 0.321060 -0.054012
v 0.156447 0.318006 -0.066921
v 0.165301 0.329151 -0.083499
v 0.159128 0.316925 -0.069633
v 0.167418 0.319795 -0.081933
v 0.151715 0.315130 -0.058761
v 0.159255 0.336692 -0.079635
v 0.151370 0.342929 -0.075512
v 0.148835 0.312825 -0.053886
v 0.110666 0.398316 -0.033915
v 0.107515 0.402819 -0.024771
v 0.100700 0.417099 -0.024013
v 0.114744 0.391528 -0.024617
v 0.168589 0.314528 -0.075104
v 0.118419 0.381581 -0.034221
v 0.123033 0.368407 -0.040207
v 0.124825 0.363464 -0.044100
v 0.083773 0.449838 -0.035284
v 0.075023 0.455312 -0.020549
v -0.043950 0.452198 0.015880
v -0.056567 0.437705 0.007068
v -0.053783 0.436462 0.015223
v -0.060543 0.430509 0.008469
v -0.043354 0.451202 0.022895
v -0.038083 0.461723 0.021941
v -0.040803 0.468919 0.013385
v -0.048105 0.462303 0.008342
v -0.060563 0.440451 0.001923
v -0.075222 0.416236 -0.006453
v -0.070233 0.417274 -0.000934
v -0.078484 0.405521 -0.007679
v -0.084257 0.405331 -0.015780
v -0.088045 0.394359 -0.017437
v -0.095400 0.390024 -0.023160
v -0.033917 0.464741 0.020569
v -0.030473 0.468796 0.025735
v -0.031267 0.479447 0.015791
v -0.035893 0.417411 0.011600
v -0.041830 0.416553 0.025470
v -0.043943 0.398998 0.007536
v -0.045562 0.406680 0.023806
v -0.038943 0.428958 0.030441
v -0.049085 0.393472 0.019800
v -0.048466 0.386569 0.007768
v -0.055045 0.370140 0.016222
v -0.050018 0.365018 0.001310
v -0.056622 0.354405 0.013355
v -0.037590 0.393746 -0.002167
v -0.026113 0.432174 0.018278
v -0.035301 0.441968 0.037461
v -0.026246 0.442166 0.026883
v -0.031891 0.447724 0.034485
v -0.038463 0.363647 -0.008563
v -0.024617 0.409630 -0.001271
v -0.032791 0.388647 -0.006968
v -0.025598 0.414440 0.002865
v -0.026099 0.424643 0.011442
v -0.025764 0.451871 0.033959
v -0.050144 0.356038 0.004720
v -0.019222 0.371282 -0.016150
v -0.042518 0.357413 -0.003010
v -0.020514 0.396872 -0.006273
v -0.384972 0.100459 0.214144
v -0.386760 0.123295 0.199187
v -0.389208 0.106072 0.200014
v -0.391569 0.121164 0.191756
v -0.386087 0.137251 0.192271
v -0.384031 0.118138 0.216520
v -0.385050 0.098953 0.220114
v -0.384991 0.094257 0.209285
v -0.388574 0.131587 0.209356
v -0.384765 0.126913 0.216516
v -0.383541 0.095579 0.221720
v -0.382751 0.078316 0.218767
v -0.385060 0.065934 0.197663
v -0.381153 0.066018 0.209133
v -0.390716 0.095983 0.198614
v -0.389809 0.081301 0.195858
v -0.390527 0.068095 0.189290
v -0.398187 0.099036 0.195057
v -0.148968 -0.261226 0.034649
v -0.138880 -0.265351 0.041734
v -0.157500 -0.263678 0.037884
v -0.139145 -0.262761 0.035747
v -0.128458 -0.260770 0.037344
v -0.124698 -0.264895 0.050023
v -0.117489 -0.257908 0.037014
v -0.108770 -0.257891 0.041942
v -0.108155 -0.253100 0.036161
v -0.156314 -0.254836 0.030397
v -0.159505 -0.255024 0.031636
v -0.140743 -0.264167 0.057726
v -0.158807 -0.254380 0.059254
v -0.399785 0.141544 0.099238
v -0.390958 0.139044 0.097256
v -0.385557 0.139027 0.108333
v -0.379711 0.135790 0.105270
v -0.378226 0.132308 0.086939
v -0.368758 0.126108 0.086901
v -0.381933 0.130773 0.075351
v -0.393178 0.132309 0.080554
v -0.390660 0.135237 0.089561
v -0.393863 0.137869 0.114943
v -0.406232 0.138218 0.116741
v -0.424499 0.141292 0.098785
v -0.407988 0.132120 0.124106
v -0.371669 0.125056 0.099639
v -0.364016 0.118276 0.093769
v -0.362330 0.118530 0.086955
v -0.420015 0.134030 0.112789
v -0.424712 0.138516 0.102502
v -0.357406 0.183363 0.125972
v -0.339400 0.193218 0.120906
v -0.350043 0.177463 0.123777
v -0.361921 0.204006 0.129235
v -0.368958 0.186064 0.129114
v -0.335499 0.179889 0.116218
v -0.326762 0.179401 0.112719
v -0.369016 0.200995 0.133349
v -0.337227 0.173634 0.111678
v -0.327995 0.173050 0.109628
v 0.094787 0.430515 -0.053141
v 0.094485 0.428138 -0.049187
v 0.096570 0.410965 -0.048906
v 0.097253 0.421543 -0.060432
v 0.099724 0.396413 -0.055986
v 0.095482 0.414192 -0.045544
v 0.094000 0.427360 -0.042003
v 0.101558 0.408152 -0.066084
v 0.102547 0.401408 -0.064171
v 0.085549 0.433066 -0.037108
v 0.083272 0.445297 -0.048386
v 0.079828 0.456963 -0.038169
v 0.100930 0.401608 -0.050102
v 0.083773 0.449838 -0.035284
v 0.119509 0.171579 0.073464
v 0.112800 0.156584 0.066516
v 0.123828 0.162606 0.078642
v 0.111923 0.173704 0.060501
v 0.116428 0.135213 0.078999
v 0.123884 0.146245 0.084868
v 0.111954 0.135114 0.066670
v 0.127596 0.179962 0.066614
v 0.127725 0.161429 0.079826
v 0.128793 0.175650 0.072775
v 0.127270 0.135503 0.082495
v 0.116751 0.176227 0.054798
v 0.119220 0.178112 0.048570
v -0.168270 0.199652 -0.142337
v -0.149152 0.195095 -0.131153
v -0.152448 0.186964 -0.135027
v -0.160949 0.210438 -0.135082
v -0.164136 0.172735 -0.143343
v -0.145440 0.214368 -0.126454
v -0.170607 0.192055 -0.144278
v -0.170607 0.163912 -0.147032
v -0.158262 0.214973 -0.131497
v -0.143434 0.196062 -0.130647
v -0.142966 0.182671 -0.131538
v -0.379787 0.137119 0.091228
v -0.390660 0.135237 0.089561
v -0.390958 0.139044 0.097256
v -0.393178 0.132309 0.080554
v -0.381933 0.130773 0.075351
v -0.366966 0.153785 0.103358
v -0.392821 0.150609 0.108685
v -0.360058 0.146196 0.095712
v -0.399785 0.141544 0.099238
v -0.389846 0.157580 0.112683
v -0.370172 0.163191 0.111305
v -0.360794 0.162109 0.107322
v -0.359929 0.155326 0.098073
v -0.359817 0.132046 0.089898
v -0.366514 0.128860 0.087616
v -0.348145 0.136782 0.087681
v -0.353753 0.150997 0.097681
v -0.349688 0.120056 0.079542
v -0.344453 0.130152 0.084499
v -0.342209 0.123925 0.082713
v -0.362330 0.118530 0.086955
v -0.368758 0.126108 0.086901
v -0.355392 0.100502 0.079118
v -0.365081 0.099978 0.085091
v -0.359264 0.096219 0.080589
v -0.335617 0.124615 0.077724
v -0.369803 0.166986 0.110003
v -0.358520 0.095444 0.072898
v -0.351675 0.099850 0.059488
v -0.350326 0.108379 0.069319
v 0.147088 0.375106 -0.018419
v 0.162677 0.360501 -0.013869
v 0.149552 0.361120 -0.021728
v 0.136745 0.373476 -0.021306
v 0.132537 0.391014 -0.016791
v 0.114744 0.391528 -0.024617
v 0.120834 0.405141 -0.017767
v 0.107515 0.402819 -0.024771
v 0.103115 0.429841 -0.017211
v 0.125330 0.373850 -0.028143
v 0.100700 0.417099 -0.024013
v 0.090981 0.437931 -0.022737
v 0.153801 0.356831 -0.022756
v 0.172731 0.345187 -0.018561
v 0.176358 0.348075 -0.013195
v 0.177620 0.339279 -0.018908
v 0.188048 0.342837 -0.011448
v 0.205866 0.328079 -0.012964
v 0.136429 0.362368 -0.030845
v 0.198460 0.327261 -0.014240
v 0.207371 0.317749 -0.013546
v 0.213727 0.318174 -0.010084
v 0.184712 0.324337 -0.017229
v 0.204331 0.331850 -0.009149
v 0.177095 0.330608 -0.025611
v 0.184108 0.321608 -0.020245
v 0.179261 0.321208 -0.023305
v 0.144418 0.360508 -0.029283
v 0.118419 0.381581 -0.034221
v 0.209961 0.323486 -0.009285
v 0.088306 0.440576 -0.020657
v 0.091216 0.449557 -0.013125
v 0.084556 0.450128 -0.019734
v 0.081999 0.460711 -0.011067
v 0.075023 0.455312 -0.020549
v 0.127402 0.371937 -0.034597
v -0.142143 0.325091 -0.076662
v -0.141367 0.311810 -0.080181
v -0.149805 0.313566 -0.083456
v -0.145441 0.302456 -0.085254
v -0.131642 0.322117 -0.071932
v -0.149852 0.297037 -0.089844
v -0.134294 0.332502 -0.068270
v -0.124317 0.324657 -0.066793
v -0.125652 0.338237 -0.064308
v -0.115098 0.329334 -0.062605
v -0.113236 0.343867 -0.060052
v -0.160551 0.295132 -0.090771
v -0.155278 0.288751 -0.094652
v -0.165043 0.287484 -0.096442
v -0.158396 0.283903 -0.094302
v -0.166593 0.280798 -0.098936
v -0.172499 0.292084 -0.098786
v -0.167544 0.299159 -0.084068
v -0.173738 0.311147 -0.076920
v -0.173290 0.272859 -0.117200
v -0.168602 0.267493 -0.117138
v -0.173595 0.261859 -0.125597
v -0.168267 0.250317 -0.125934
v -0.165894 0.262207 -0.116882
v -0.164062 0.263672 -0.115234
v -0.174140 0.250380 -0.132839
v -0.166541 0.265539 -0.111356
v 0.121542 0.336556 -0.108993
v 0.118602 0.335736 -0.127834
v 0.129014 0.324369 -0.112832
v 0.111535 0.347691 -0.118289
v 0.110998 0.348918 -0.125381
v 0.114334 0.344120 -0.145616
v 0.128182 0.323945 -0.094217
v 0.133005 0.317055 -0.109731
v 0.121595 0.333591 -0.093334
v 0.116322 0.340864 -0.094586
v 0.136273 0.318436 -0.083463
v 0.129554 0.310289 -0.130495
v 0.120201 0.324087 -0.138439
v 0.136180 0.306920 -0.121422
v 0.121352 0.316219 -0.143750
v 0.126172 0.302468 -0.149607
v 0.119874 0.333151 -0.149398
v 0.111985 0.350242 -0.148345
v 0.111824 0.361939 -0.122222
v 0.135161 0.306171 -0.130809
v 0.111385 0.354898 -0.135070
v 0.132416 0.309511 -0.134503
v 0.120496 0.326089 -0.084119
v 0.128322 0.319582 -0.157871
v 0.131086 0.303195 -0.162053
v 0.130841 0.298285 -0.156215
v 0.135436 0.294791 -0.162306
v 0.130746 0.317202 -0.163345
v 0.105130 0.352789 -0.106645
v 0.104267 0.362047 -0.103962
v 0.143172 0.309302 -0.111490
v 0.143019 0.313498 -0.102492
v 0.142732 0.315448 -0.093773
v 0.146978 0.313238 -0.098865
v 0.153573 0.306721 -0.097446
v 0.157062 0.308540 -0.106724
v 0.106951 0.349429 -0.131644
v 0.106015 0.355471 -0.146501
v 0.100968 0.354044 -0.099988
v 0.131933 0.304161 -0.145606
v 0.231870 -0.442787 0.064582
v 0.221357 -0.445628 0.076528
v 0.225851 -0.446153 0.094777
v 0.234915 -0.444333 0.095920
v 0.213588 -0.445907 0.056311
v 0.219664 -0.440514 0.046950
v 0.231899 -0.436594 0.043063
v 0.209820 -0.443871 0.045648
v 0.210428 -0.452328 0.071371
v 0.217074 -0.450280 0.088715
v 0.217965 -0.426285 0.025155
v 0.206810 -0.425789 0.020702
v 0.226640 -0.423215 0.022247
v 0.246672 -0.445885 0.091215
v 0.201096 -0.402607 0.002411
v 0.217903 -0.409413 0.010813
v 0.223768 -0.459384 0.101217
v 0.212996 -0.397497 0.004092
v 0.189626 -0.357656 -0.001418
v -0.339400 0.193218 0.120906
v -0.361921 0.204006 0.129235
v -0.343358 0.184459 0.125933
v -0.354213 0.186246 0.131534
v -0.337917 0.171348 0.128664
v -0.366024 0.194283 0.138269
v -0.345920 0.174453 0.134860
v -0.326762 0.179401 0.112719
v -0.359220 0.182357 0.142338
v -0.329138 0.173459 0.116713
v -0.351131 0.179185 0.139879
v -0.369016 0.200995 0.133349
v -0.370417 0.202771 0.139552
v -0.327995 0.173050 0.109628
v -0.039866 0.458600 -0.023851
v -0.039001 0.445462 -0.020418
v -0.033465 0.452454 -0.011295
v -0.044023 0.445947 -0.028539
v -0.034474 0.468247 -0.010276
v -0.044098 0.431052 -0.021146
v -0.045876 0.423518 -0.026535
v -0.050215 0.439133 -0.035956
v -0.057037 0.416096 -0.043336
v -0.060246 0.421435 -0.047239
v -0.051043 0.415040 -0.028488
v -0.057742 0.407080 -0.035503
v -0.033511 0.456925 -0.001110
v -0.029013 0.464186 0.005653
v -0.034472 0.474094 -0.004038
v -0.025790 0.471093 0.007213
v -0.024925 0.484019 0.004549
v -0.022855 0.482366 0.014408
v 0.180585 0.296341 -0.136507
v 0.171974 0.304546 -0.121556
v 0.181516 0.297871 -0.126893
v 0.187981 0.292936 -0.143269
v 0.178266 0.299688 -0.118552
v 0.188017 0.291297 -0.134478
v 0.198187 0.283866 -0.148707
v 0.194729 0.286582 -0.139162
v -0.384573 0.093465 0.082665
v -0.393451 0.085333 0.089456
v -0.383174 0.085198 0.097668
v -0.372547 0.094580 0.090306
v -0.372944 0.089575 0.096368
v -0.372823 0.096112 0.083515
v -0.386021 0.095490 0.072080
v -0.365081 0.099978 0.085091
v -0.398224 0.080147 0.108323
v -0.401342 0.082098 0.095961
v -0.364947 0.099534 0.094153
v -0.358520 0.095444 0.072898
v -0.359264 0.096219 0.080589
v -0.407065 0.085040 0.096487
v -0.411172 0.087306 0.118962
v -0.418615 0.088244 0.105249
v -0.419017 0.086964 0.100794
v -0.424143 0.084826 0.105392
v -0.406877 0.082911 0.118450
v -0.418979 0.169581 0.161012
v -0.400999 0.169980 0.180367
v -0.410640 0.172688 0.183039
v -0.395923 0.171171 0.190808
v -0.419808 0.173005 0.170883
v -0.398443 0.168799 0.161494
v -0.421103 0.171897 0.155423
v 0.100904 0.327685 -0.086011
v 0.112441 0.329588 -0.085400
v 0.108377 0.314205 -0.089447
v 0.115812 0.312684 -0.092094
v 0.112894 0.303251 -0.095613
v 0.102490 0.309730 -0.086182
v 0.106425 0.300103 -0.089626
v 0.099352 0.299014 -0.089499
v 0.108789 0.340274 -0.087777
v 0.116322 0.340864 -0.094586
v 0.121595 0.333591 -0.093334
v 0.099247 0.346673 -0.092324
v 0.120496 0.326089 -0.084119
v 0.117203 0.316611 -0.088710
v 0.090685 0.306809 -0.091664
v 0.087644 0.296474 -0.094692
v 0.090648 0.332162 -0.093916
v 0.090383 0.346821 -0.098250
v -0.084985 0.372334 -0.065624
v -0.089550 0.357921 -0.077087
v -0.095185 0.371050 -0.073232
v -0.091299 0.378362 -0.065897
v -0.073794 0.365760 -0.067395
v -0.089692 0.356321 -0.083949
v -0.095221 0.369779 -0.098564
v -0.091040 0.362900 -0.095409
v 0.124447 0.196842 -0.163542
v 0.133996 0.183545 -0.162371
v 0.130419 0.178154 -0.167246
v 0.142646 0.171920 -0.158831
v 0.140218 0.168106 -0.165559
v 0.151064 0.154797 -0.155304
v 0.146803 0.153948 -0.159467
v 0.113366 0.187892 -0.170749
v 0.114262 0.206533 -0.163608
v 0.106252 0.208102 -0.169554
v 0.116011 0.212887 -0.156023
v 0.104181 0.200595 -0.170726
v 0.107009 0.192938 -0.175468
v 0.130270 0.203496 -0.162333
v 0.137152 0.194579 -0.164677
v 0.142917 0.191921 -0.160642
v 0.139063 0.161973 -0.163593
v 0.144759 0.188180 -0.163923
v 0.138443 0.179985 -0.161925
v 0.146586 0.181010 -0.161908
v 0.125714 0.178334 -0.167148
v 0.120053 0.180221 -0.170940
v 0.122212 0.172759 -0.172857
v 0.111384 0.169308 -0.179259
v 0.105220 0.180754 -0.177525
v 0.119621 0.165116 -0.176982
v 0.128858 0.160692 -0.173883
v 0.130585 0.154120 -0.174475
v 0.129040 0.171222 -0.168695
v 0.115534 0.187116 -0.173707
v 0.104247 0.197622 -0.180496
v 0.104537 0.217070 -0.157498
v 0.097267 0.217153 -0.167391
v 0.135158 0.169296 -0.172010
v 0.111828 0.165860 -0.177605
v 0.090757 0.229448 -0.148847
v -0.410716 0.116469 0.186056
v -0.409942 0.120057 0.179801
v -0.413570 0.093022 0.186712
v -0.416412 0.094031 0.200980
v -0.416939 0.077156 0.205917
v -0.417318 0.100753 0.212153
v -0.418078 0.116224 0.203901
v -0.416346 0.126150 0.194469
v -0.419419 0.135694 0.199898
v -0.417733 0.134886 0.187357
v -0.413662 0.098427 0.178779
v -0.418033 0.078772 0.184097
v -0.419615 0.076098 0.175542
v -0.420834 0.072083 0.179209
v -0.421086 0.072622 0.199843
v -0.416797 0.119137 0.207703
v -0.418106 0.087101 0.173522
v -0.419321 0.135114 0.178380
v -0.413652 0.127261 0.175432
v -0.422919 0.085270 0.166940
v -0.415142 0.071781 0.205587
v 0.060707 0.154702 -0.189369
v 0.068875 0.170337 -0.190028
v 0.074817 0.152653 -0.197963
v 0.056356 0.169880 -0.182172
v 0.054261 0.150005 -0.186651
v 0.047951 0.160208 -0.182672
v 0.038352 0.175123 -0.177156
v 0.050132 0.185934 -0.181803
v 0.063386 0.180954 -0.190663
v 0.057826 0.180737 -0.187486
v 0.074662 0.161413 -0.197715
v 0.080607 0.148836 -0.206006
v 0.053715 0.137414 -0.181221
v 0.045019 0.190128 -0.182332
v 0.068759 0.176606 -0.194575
v 0.046118 0.160136 -0.178361
v 0.078686 0.157460 -0.206028
v 0.090886 0.141677 -0.212717
v 0.086965 0.138950 -0.208280
v 0.098637 0.128695 -0.209040
v 0.099468 0.134435 -0.212634
v 0.103092 0.122127 -0.213463
v 0.108207 0.125229 -0.215824
v 0.111145 0.117501 -0.213047
v 0.080919 0.145042 -0.200930
v -0.075522 0.393359 -0.017799
v -0.079486 0.390123 -0.022516
v -0.077456 0.372059 -0.019049
v -0.084227 0.383689 -0.029062
v -0.084710 0.354404 -0.031042
v -0.091817 0.358005 -0.040448
v -0.068958 0.387225 -0.005811
v -0.070431 0.399300 -0.010872
v -0.092361 0.347105 -0.039324
v -0.097938 0.338806 -0.047389
v -0.061446 0.408317 -0.003374
v -0.098462 0.354811 -0.046528
v -0.079002 0.361328 -0.017373
v -0.060285 0.404981 0.003496
v -0.080094 0.356987 -0.016573
v -0.066783 0.357573 -0.001628
v -0.077496 0.374021 -0.016414
v -0.064066 0.376515 -0.001598
v -0.066884 0.389919 -0.000229
v -0.094573 0.379389 -0.036957
v -0.098395 0.371905 -0.040197
v -0.059598 0.359436 0.002084
v -0.057295 0.390279 0.003190
v -0.109541 0.350347 -0.052264
v -0.109726 0.335525 -0.054462
v -0.102837 0.332312 -0.049609
v -0.102995 0.326754 -0.056785
v -0.102264 0.323098 -0.055478
v -0.063073 0.413074 -0.003412
v -0.057275 0.424452 0.007332
v -0.044603 0.430942 0.014086
v -0.119041 0.325747 -0.055985
v 0.174515 0.332845 -0.115740
v 0.179282 0.347988 -0.118760
v 0.188653 0.332642 -0.127272
v 0.179896 0.325194 -0.115033
v 0.185299 0.306427 -0.115938
v 0.190065 0.317971 -0.122613
v 0.168570 0.317340 -0.103556
v 0.165307 0.333483 -0.105017
v 0.155218 0.326019 -0.094013
v 0.152028 0.330698 -0.091645
v 0.155968 0.320575 -0.094840
v 0.177854 0.309881 -0.113094
v 0.164089 0.312761 -0.102354
v 0.189860 0.306465 -0.117550
v 0.192627 0.322511 -0.134496
v 0.196688 0.334004 -0.133292
v 0.189113 0.343556 -0.133164
v 0.182228 0.346202 -0.126082
v 0.199268 0.325269 -0.141370
v 0.199127 0.317800 -0.143026
v 0.210477 0.324713 -0.146811
v 0.154912 0.338419 -0.090200
v 0.163148 0.347463 -0.094175
v 0.149969 0.352021 -0.086099
v 0.139778 0.336112 -0.080162
v 0.138320 0.362196 -0.077753
v 0.152263 0.365250 -0.089766
v 0.160178 0.358671 -0.098771
v 0.143749 0.377176 -0.083696
v 0.157027 0.366204 -0.093547
v 0.182580 0.350370 -0.123881
v 0.219911 0.315389 -0.155549
v 0.223300 0.319452 -0.159589
v 0.139548 0.331691 -0.087104
v 0.176830 0.353624 -0.105404
v 0.173625 0.345385 -0.105369
v 0.169679 0.355935 -0.100114
v 0.167619 0.340537 -0.100547
v 0.175325 0.339632 -0.110439
v 0.173684 0.334464 -0.109983
v 0.181475 0.301753 -0.116982
v 0.192038 0.296319 -0.121091
v 0.192871 0.290838 -0.116417
v 0.195919 0.318264 -0.133066
v 0.136943 0.329209 -0.088028
v 0.146978 0.313238 -0.098865
v 0.141365 0.319704 -0.094102
v 0.197436 0.296809 -0.120022
v 0.199855 0.286840 -0.125368
v 0.204511 0.288733 -0.129316
v 0.206125 0.278941 -0.139060
v 0.210657 0.281974 -0.139307
v 0.213852 0.276576 -0.146909
v -0.322002 0.061628 0.166458
v -0.333451 0.057553 0.177998
v -0.316674 0.055985 0.183286
v -0.300494 0.063410 0.170631
v -0.302543 0.067988 0.159518
v -0.290682 0.070806 0.161643
v -0.289795 0.072388 0.159058
v -0.316771 0.068487 0.158127
v -0.330108 0.056232 0.195716
v -0.345543 0.051288 0.199762
v -0.345916 0.054443 0.183404
v -0.349079 0.052968 0.193842
v -0.354778 0.051592 0.195360
v -0.356091 0.051630 0.187027
v -0.367545 0.049293 0.185886
v -0.353650 0.045413 0.194800
v -0.363022 0.042226 0.195847
v -0.381505 0.046450 0.196390
v -0.288086 0.071167 0.159180
v -0.328751 0.118337 0.193405
v -0.348736 0.123865 0.197058
v -0.339031 0.104003 0.199866
v -0.327423 0.106176 0.197217
v -0.348776 0.109051 0.203605
v -0.342409 0.123721 0.193248
v -0.335149 0.126890 0.191673
v -0.324580 0.125448 0.194574
v -0.330798 0.132209 0.188776
v -0.340911 0.132161 0.191365
v -0.321755 0.114624 0.197954
v -0.343643 0.128480 0.199382
v -0.348599 0.103733 0.211729
v -0.323308 0.135044 0.193419
v -0.335721 0.100034 0.212485
v -0.345052 0.099204 0.213760
v -0.322008 0.099682 0.208401
v -0.060246 0.421435 -0.047239
v -0.043632 0.420961 -0.036879
v -0.052884 0.412683 -0.047752
v -0.050215 0.439133 -0.035956
v -0.060132 0.414463 -0.057297
v -0.049965 0.410993 -0.052915
v -0.221651 -0.441738 0.076277
v -0.232244 -0.444182 0.086135
v -0.220854 -0.444085 0.089704
v -0.231043 -0.444966 0.061910
v -0.216197 -0.440694 0.048267
v -0.229380 -0.444151 0.044358
v -0.219715 -0.437963 0.037830
v -0.228139 -0.440926 0.025748
v -0.204216 -0.431303 0.030508
v -0.219038 -0.432849 0.024252
v -0.237941 -0.450296 0.064668
v -0.221784 -0.430599 0.003890
v -0.239618 -0.451193 0.084808
v -0.241046 -0.456772 0.045389
v -0.216061 -0.423829 0.006000
v -0.203743 -0.422544 0.017882
v -0.212724 -0.412473 -0.007675
v -0.204355 -0.410869 0.004594
v -0.230509 -0.451325 0.093858
v -0.186038 -0.411072 0.010724
v -0.205866 -0.440595 0.047769
v -0.207293 -0.445538 0.073632
v -0.190071 -0.429458 0.025766
v -0.211352 -0.446134 0.087242
v -0.194097 -0.444479 0.046490
v -0.218636 -0.451962 0.095805
v -0.195404 -0.393750 0.002291
v -0.202153 -0.387714 -0.005517
v -0.184224 -0.387499 0.003732
v -0.195087 -0.372604 -0.002892
v -0.200270 -0.355738 -0.009631
v -0.189409 -0.357084 -0.001407
v -0.402398 0.125797 0.171817
v -0.408891 0.128135 0.178734
v -0.404389 0.115539 0.185668
v -0.408684 0.132811 0.170051
v -0.411687 0.139004 0.167235
v -0.406718 0.112275 0.190371
v -0.413885 0.128406 0.199453
v -0.407187 0.097325 0.196129
v -0.411784 0.101963 0.204696
v -0.416797 0.119137 0.207703
v -0.404180 0.078935 0.192162
v -0.408421 0.142069 0.177399
v -0.411741 0.142311 0.193097
v -0.416718 0.140476 0.198052
v -0.417318 0.100753 0.212153
v -0.416939 0.077156 0.205917
v -0.407284 0.066131 0.202482
v -0.399535 0.059845 0.196494
v -0.399771 0.055008 0.203872
v -0.397813 0.073805 0.189413
v -0.390209 0.059498 0.188471
v -0.415142 0.071781 0.205587
v -0.383694 0.050627 0.198660
v -0.367545 0.049293 0.185886
v -0.381505 0.046450 0.196390
v 0.169313 0.337785 -0.017187
v 0.156206 0.326267 -0.021878
v 0.175372 0.323847 -0.018608
v 0.157208 0.340182 -0.020672
v 0.188733 0.334943 -0.009236
v 0.161943 0.320784 -0.024299
v 0.155807 0.320595 -0.024498
v 0.184712 0.324337 -0.017229
v 0.199393 0.325258 -0.011604
v 0.204331 0.331850 -0.009149
v 0.207397 0.323975 -0.008766
v 0.207371 0.317749 -0.013546
v 0.168818 0.315405 -0.027734
v 0.175633 0.310973 -0.026689
v 0.208984 0.322266 -0.008781
v 0.210327 0.320801 -0.009399
v 0.213727 0.318174 -0.010084
v 0.184108 0.321608 -0.020245
v 0.209961 0.323486 -0.009285
v 0.188048 0.342837 -0.011448
v 0.179261 0.321208 -0.023305
v 0.183594 0.314209 -0.025085
v 0.185181 0.312500 -0.024857
v 0.185303 0.311279 -0.025574
v 0.185181 0.312744 -0.024857
v 0.128562 0.335932 -0.035003
v 0.137190 0.341133 -0.029451
v 0.128065 0.340427 -0.031833
v 0.118103 0.342730 -0.030934
v 0.121244 0.354446 -0.027428
v 0.139745 0.351263 -0.023411
v 0.130381 0.365188 -0.021746
v 0.119632 0.376673 -0.020434
v 0.111812 0.390445 -0.017099
v 0.126258 0.390080 -0.011808
v 0.133460 0.378326 -0.011450
v 0.148428 0.361476 -0.011742
v 0.139699 0.372074 -0.011108
v 0.166142 0.353136 -0.009898
v 0.150819 0.349108 -0.021034
v 0.139161 0.338215 -0.025599
v 0.167676 0.347626 -0.010014
v 0.176702 0.342124 -0.008716
v 0.119638 0.401994 -0.013286
v 0.102674 0.404158 -0.014517
v 0.110901 0.414460 -0.013590
v 0.094797 0.430189 -0.010768
v 0.140324 0.329164 -0.022969
v 0.154792 0.320610 -0.021723
v 0.107100 0.353319 -0.022470
v 0.103527 0.368141 -0.014009
v 0.088876 0.431878 -0.008918
v 0.097970 0.437727 -0.012345
v -0.066557 0.003541 0.079242
v -0.057187 -0.000506 0.078513
v -0.059045 -0.002025 0.089194
v -0.065013 0.002409 0.073144
v -0.082187 0.004624 0.063958
v -0.078751 0.002460 0.060831
v -0.075583 0.000258 0.051634
v -0.082529 0.002782 0.050870
v -0.080642 -0.003116 0.045624
v -0.050416 -0.000086 0.089920
v -0.054539 -0.005819 0.098220
v -0.049482 -0.003593 0.094252
v -0.038632 -0.007125 0.099838
v -0.045331 -0.008009 0.121188
v -0.343946 0.092868 0.087829
v -0.339108 0.105205 0.087171
v -0.340100 0.092488 0.093385
v -0.350888 0.085833 0.086614
v -0.350872 0.073128 0.097519
v -0.350792 0.100155 0.076753
v -0.346228 0.112318 0.080729
v -0.342209 0.123925 0.082713
v -0.338228 0.080592 0.099557
v -0.337993 0.122360 0.084358
v -0.349688 0.120056 0.079542
v -0.332874 0.095646 0.093562
v -0.347974 0.071633 0.098439
v -0.350326 0.108379 0.069319
v -0.331690 0.099340 0.097715
v -0.332388 0.127095 0.096823
v -0.337021 0.130140 0.091722
v -0.331233 0.139066 0.091223
v -0.353280 0.089632 0.067942
v -0.351675 0.099850 0.059488
v -0.351133 0.070548 0.075830
v -0.350572 0.076241 0.087494
v -0.350377 0.064085 0.083612
v -0.331287 0.140350 0.098856
v -0.348305 0.063278 0.098049
v -0.352579 0.057520 0.087892
v -0.333213 0.143355 0.095999
v -0.333837 0.151532 0.085124
v -0.321626 0.142839 0.100740
v -0.357361 0.058065 0.088226
v 0.094787 0.430515 -0.053141
v 0.097253 0.421543 -0.060432
v 0.085423 0.421536 -0.048592
v 0.085273 0.413291 -0.049244
v 0.089895 0.403508 -0.053619
v 0.101558 0.408152 -0.066084
v 0.093645 0.395242 -0.057688
v 0.076005 0.422940 -0.044259
v 0.083272 0.445297 -0.048386
v 0.073720 0.432686 -0.038523
v 0.072011 0.445266 -0.035170
v 0.079828 0.456963 -0.038169
v 0.074215 0.465432 -0.031055
v 0.061734 0.454274 -0.027298
v 0.059488 0.463900 -0.021693
v 0.065847 0.475978 -0.021290
v 0.053192 0.474214 -0.015783
v 0.057105 0.484312 -0.012649
v 0.102547 0.401408 -0.064171
v 0.065987 0.443629 -0.035875
v 0.086906 0.398657 -0.056962
v -0.407666 0.129826 0.142242
v -0.412414 0.120581 0.147804
v -0.413039 0.105795 0.133455
v -0.416296 0.102541 0.146306
v -0.406340 0.129177 0.128073
v -0.408993 0.108906 0.123130
v -0.409343 0.095389 0.122011
v -0.414137 0.089124 0.140907
v -0.421091 0.093781 0.154501
v -0.418439 0.109533 0.148929
v -0.407268 0.084656 0.126144
v -0.416504 0.114746 0.150024
v -0.414128 0.128341 0.148016
v -0.416260 0.117920 0.149780
v -0.415283 0.116638 0.150391
v 0.136208 0.002001 0.056501
v 0.117310 -0.000267 0.041499
v 0.128197 -0.008572 0.062747
v 0.124582 0.003865 0.042829
v 0.135241 -0.008811 0.065344
v 0.142904 -0.004248 0.061702
v 0.134897 0.003397 0.044696
v 0.123004 -0.007202 0.052036
v -0.011527 0.245782 0.066113
v -0.019267 0.247912 0.075351
v -0.015828 0.236916 0.075803
v -0.021330 0.218338 0.086873
v -0.018375 0.207740 0.086182
v -0.022898 0.196156 0.093711
v -0.019641 0.270993 0.056459
v -0.013047 0.262343 0.053579
v -0.014814 0.282014 0.042119
v -0.020725 0.288540 0.041473
v -0.030811 0.305863 0.045348
v 0.002796 0.213586 0.080878
v -0.025116 0.305672 0.033212
v -0.030950 0.316612 0.035258
v -0.026403 0.318691 0.025356
v -0.029500 0.332084 0.016177
v -0.038574 0.330666 0.037870
v -0.011607 0.308931 0.031413
v 0.003482 0.247911 0.064984
v 0.013715 0.223742 0.076479
v 0.040895 0.227038 0.073486
v 0.041406 0.251115 0.060213
v 0.009527 0.274154 0.048661
v 0.033019 0.277536 0.045936
v 0.044150 0.262102 0.053120
v 0.047854 0.280622 0.042686
v 0.009287 0.294500 0.038431
v 0.032074 0.295195 0.038383
v 0.052315 0.298412 0.034892
v 0.022725 0.213682 0.079487
v 0.040838 0.209425 0.081011
v 0.029040 0.217459 0.077561
v 0.018410 0.218949 0.077221
v 0.029365 0.305743 0.036697
v -0.002234 0.312890 0.033036
v -0.013554 0.332132 0.022356
v -0.000561 0.318316 0.030549
v 0.018250 0.309606 0.033976
v 0.036666 0.312133 0.032382
v 0.045727 0.311299 0.033670
v 0.048689 0.320659 0.028306
v 0.059944 0.329000 0.021505
v 0.064983 0.321791 0.024191
v 0.067532 0.346468 0.007717
v -0.016106 0.341698 0.015200
v 0.070977 0.339974 0.013733
v -0.031695 0.341609 0.008252
v -0.017046 0.351125 0.005936
v -0.035488 0.353837 -0.004420
v -0.030046 0.360150 -0.009133
v -0.038463 0.363647 -0.008563
v -0.023277 0.363908 -0.014083
v -0.042518 0.357413 -0.003010
v 0.077130 0.358836 0.005342
v 0.064253 0.361292 -0.001413
v 0.065059 0.349947 0.006037
v 0.072714 0.364548 -0.001727
v 0.081788 0.363397 0.002244
v 0.092364 0.351158 0.021779
v -0.017881 0.364311 -0.012818
v -0.019222 0.371282 -0.016150
v 0.061221 0.376864 -0.000328
v 0.092034 0.346458 0.031660
v -0.014561 0.374240 -0.013496
v 0.079810 0.379316 0.002148
v 0.064088 0.390898 0.002607
v -0.041175 0.344987 0.019965
v -0.050144 0.356038 0.004720
v -0.049368 0.343721 0.031056
v 0.070919 0.397378 0.007377
v 0.023482 0.329194 0.040587
v -0.042024 0.324852 0.051803
v -0.049655 0.325001 0.057365
v -0.036805 0.314124 0.064673
v -0.046582 0.315655 0.075807
v -0.040657 0.307931 0.090681
v 0.010716 0.338753 0.041028
v -0.016655 0.384594 -0.010069
v -0.020514 0.396872 -0.006273
v 0.068001 0.407432 0.014560
v 0.010624 0.268241 -0.162751
v 0.016183 0.259417 -0.161918
v 0.014629 0.262014 -0.145250
v 0.009627 0.273497 -0.158253
v 0.009987 0.279763 -0.145089
v 0.005200 0.286773 -0.131969
v 0.015444 0.251207 -0.150608
v 0.014862 0.250341 -0.164293
v 0.010545 0.276594 -0.161803
v 0.018772 0.245665 -0.175312
v 0.006343 0.354044 -0.121619
v 0.009758 0.344432 -0.116202
v 0.004875 0.348334 -0.109709
v -0.000603 0.358510 -0.110528
v 0.016333 0.342391 -0.139842
v 0.012893 0.349255 -0.146531
v 0.001363 0.359597 -0.121701
v 0.013727 0.332865 -0.122914
v 0.017331 0.334187 -0.138671
v -0.004096 0.350797 -0.102477
v -0.003972 0.358097 -0.103979
v 0.008599 0.325507 -0.116658
v -0.016090 0.359813 -0.094400
v 0.011099 0.311625 -0.132719
v 0.004465 0.299241 -0.129692
v 0.013548 0.301167 -0.145353
v 0.014033 0.322234 -0.141131
v 0.015067 0.288736 -0.160592
v -0.002543 0.299374 -0.125727
v -0.004646 0.299546 -0.121332
v -0.417294 0.076941 0.166487
v -0.412067 0.083323 0.178074
v -0.400436 0.067832 0.169806
v -0.418106 0.087101 0.173522
v -0.422919 0.085270 0.166940
v -0.406229 0.079210 0.184411
v -0.389409 0.066057 0.183607
v -0.388292 0.059213 0.167741
v -0.370780 0.054780 0.176559
v -0.400565 0.067180 0.162632
v -0.376376 0.055547 0.138406
v -0.384987 0.061309 0.133886
v -0.396876 0.068004 0.146260
v -0.374296 0.057830 0.123566
v -0.408512 0.079652 0.141496
v -0.396115 0.072681 0.128209
v -0.407268 0.084656 0.126144
v -0.364440 0.052006 0.138859
v -0.362964 0.053106 0.145257
v -0.363568 0.055262 0.125517
v -0.377777 0.068515 0.117099
v -0.414137 0.089124 0.140907
v -0.391580 0.082407 0.113386
v -0.421091 0.093781 0.154501
v -0.368134 0.061406 0.116295
v -0.356677 0.054650 0.175922
v -0.425341 0.087498 0.163872
v -0.425813 0.087020 0.166392
v -0.429268 0.091930 0.161507
v -0.073030 0.387831 -0.072125
v -0.075474 0.379265 -0.068237
v -0.067413 0.388345 -0.062334
v -0.073053 0.374073 -0.061434
v -0.077849 0.365040 -0.060970
v -0.067516 0.401423 -0.067338
v -0.059392 0.394748 -0.053977
v -0.061739 0.389672 -0.046220
v -0.060132 0.414463 -0.057297
v -0.062702 0.416501 -0.064040
v -0.057618 0.395992 -0.046635
v -0.060246 0.421435 -0.047239
v -0.057742 0.407080 -0.035503
v -0.309582 0.087183 0.132165
v -0.298561 0.103318 0.127440
v -0.295467 0.084146 0.125485
v -0.294410 0.107272 0.126165
v -0.286974 0.092329 0.120753
v -0.301825 0.077016 0.130300
v -0.311088 0.079182 0.133749
v -0.306625 0.067652 0.131675
v -0.286923 0.122254 0.115171
v -0.293815 0.124094 0.122165
v -0.314363 0.082121 0.133309
v -0.288248 0.082194 0.126064
v -0.290294 0.067183 0.131841
v -0.308299 0.059976 0.134932
v -0.287239 0.051400 0.132076
v -0.312682 0.053275 0.135518
v -0.300567 0.041587 0.133544
v -0.309422 0.101878 0.126656
v -0.293932 0.039916 0.135500
v -0.315682 0.064252 0.129769
v -0.313266 0.078268 0.137107
v -0.317229 0.073285 0.129433
v -0.318081 0.074180 0.132993
v -0.040533 0.296874 -0.131930
v -0.041711 0.294664 -0.144284
v -0.039337 0.293495 -0.121502
v -0.038355 0.279959 -0.137201
v -0.038034 0.271380 -0.146682
v -0.049322 0.309529 -0.121912
v -0.047585 0.305620 -0.135886
v -0.052923 0.307213 -0.146932
v -0.053581 0.315413 -0.128420
v -0.046769 0.298004 -0.112466
v -0.041926 0.274329 -0.131284
v -0.038975 0.258807 -0.149663
v 0.190381 0.322066 -0.089079
v 0.194567 0.313375 -0.087775
v 0.185274 0.315731 -0.089117
v 0.195091 0.329041 -0.088289
v 0.185127 0.337474 -0.089691
v 0.169859 0.338677 -0.089432
v 0.173438 0.324588 -0.089631
v 0.180177 0.342305 -0.089949
v 0.194178 0.304995 -0.089588
v 0.181205 0.311337 -0.087294
v 0.187543 0.299575 -0.089573
v 0.175890 0.308359 -0.087978
v 0.178079 0.311852 -0.092765
v 0.199581 0.307583 -0.086404
v 0.167455 0.329871 -0.092106
v 0.196828 0.293970 -0.096315
v 0.207366 0.287759 -0.095335
v 0.213071 0.294693 -0.086808
v 0.214850 0.278092 -0.095936
v 0.220303 0.284645 -0.087685
v 0.221551 0.274865 -0.091932
v 0.190379 0.331876 -0.095039
v 0.192911 0.336429 -0.094347
v 0.177327 0.301737 -0.083791
v 0.171471 0.309279 -0.083592
v -0.247779 0.158378 -0.006272
v -0.242193 0.150712 0.021433
v -0.249224 0.159923 0.022060
v -0.246936 0.156640 0.026748
v -0.243435 0.154538 -0.003289
v -0.253616 0.162063 0.008731
v 0.012544 0.455295 0.070185
v 0.005285 0.443572 0.073356
v 0.020964 0.438774 0.078336
v 0.018756 0.419762 0.082007
v 0.003315 0.423995 0.076340
v -0.005568 0.456774 0.060338
v 0.005314 0.460009 0.065949
v -0.005403 0.434343 0.068046
v 0.000299 0.466555 0.058344
v -0.013638 0.451383 0.052435
v -0.008078 0.422145 0.065563
v -0.018102 0.459210 0.047984
v -0.010994 0.465098 0.048360
v -0.002097 0.479081 0.047821
v -0.019708 0.469453 0.035960
v -0.025748 0.457578 0.037864
v -0.030473 0.468796 0.025735
v -0.034613 0.456442 0.033358
v -0.013058 0.474979 0.034554
v -0.038083 0.461723 0.021941
v -0.022757 0.474791 0.026477
v -0.017401 0.485213 0.026284
v 0.002610 0.410133 0.072468
v 0.002289 0.390612 0.069266
v 0.012436 0.393688 0.075027
v 0.006988 0.367162 0.069237
v -0.037171 0.448094 0.025334
v -0.031891 0.447724 0.034485
v 0.024068 0.383894 0.078898
v 0.025371 0.377686 0.079006
v 0.025731 0.363711 0.075364
v 0.015996 0.354300 0.071312
v 0.011405 0.344215 0.064019
v 0.025641 0.389970 0.086723
v 0.023767 0.396380 0.085232
v 0.018969 0.410622 0.073913
v 0.027118 0.412572 0.079872
v 0.026744 0.340460 0.069269
v -0.043354 0.451202 0.022895
v -0.025764 0.451871 0.033959
v 0.011678 0.338031 0.057731
v 0.028499 0.333004 0.060787
v -0.012572 0.405266 0.052685
v -0.017812 0.410037 0.040663
v -0.015057 0.386428 0.036702
v -0.003895 0.375312 0.059813
v -0.006610 0.362835 0.046553
v -0.024056 0.416328 0.024292
v -0.020527 0.438274 0.039993
v -0.026113 0.432174 0.018278
v -0.026246 0.442166 0.026883
v -0.019687 0.447531 0.040312
v 0.004128 0.345419 0.054914
v -0.014901 0.376553 0.018843
v -0.026099 0.424643 0.011442
v -0.007032 0.362844 0.035586
v -0.009969 0.347380 0.024678
v -0.000001 0.351615 0.040004
v -0.002687 0.336603 0.031698
v -0.025598 0.414440 0.002865
v -0.013324 0.363912 0.013415
v -0.014561 0.374240 -0.013496
v -0.016655 0.384594 -0.010069
v -0.020514 0.396872 -0.006273
v -0.024617 0.409630 -0.001271
v -0.017046 0.351125 0.005936
v -0.016106 0.341698 0.015200
v -0.013554 0.332132 0.022356
v -0.017881 0.364311 -0.012818
v 0.010716 0.338753 0.041028
v 0.012174 0.341774 0.045387
v -0.000561 0.318316 0.030549
v 0.025079 0.338475 0.047491
v 0.023482 0.329194 0.040587
v 0.091983 0.349474 -0.109160
v 0.101266 0.348602 -0.115368
v 0.099247 0.346673 -0.092324
v 0.097961 0.348389 -0.119141
v 0.090383 0.346821 -0.098250
v 0.096497 0.347900 -0.121582
v 0.095886 0.347900 -0.121399
v 0.103763 0.349460 -0.110014
v 0.116322 0.340864 -0.094586
v 0.111535 0.347691 -0.118289
v 0.108789 0.340274 -0.087777
v -0.430365 0.131105 0.168053
v -0.419321 0.135114 0.178380
v -0.429285 0.135428 0.196580
v -0.438351 0.130631 0.194069
v -0.436289 0.127989 0.174344
v -0.417733 0.134886 0.187357
v -0.419419 0.135694 0.199898
v -0.442861 0.130711 0.185060
v -0.442962 0.131287 0.168694
v -0.435240 0.118853 0.169474
v -0.430717 0.116779 0.165333
v -0.439826 0.109615 0.167234
v -0.428433 0.121868 0.163788
v -0.429623 0.098842 0.163799
v -0.439540 0.093483 0.168433
v -0.126502 -0.171591 0.079371
v -0.112950 -0.180511 0.082476
v -0.116868 -0.174720 0.069634
v -0.128214 -0.166279 0.068228
v -0.100525 -0.186612 0.069796
v -0.099897 -0.189457 0.079223
v -0.088127 -0.200683 0.065882
v -0.081316 -0.201593 0.052408
v -0.134107 -0.157428 0.082989
v -0.098381 -0.184532 0.065771
v -0.081166 -0.195480 0.049748
v -0.129757 -0.146669 0.068468
v -0.132874 -0.145459 0.078560
v -0.125717 -0.134369 0.065516
v -0.129954 -0.129971 0.071383
v -0.125946 -0.118097 0.062630
v -0.123284 -0.202132 0.091649
v -0.141991 -0.215131 0.090292
v -0.123763 -0.219939 0.088070
v -0.142920 -0.196725 0.093543
v -0.125397 -0.238101 0.080189
v -0.144221 -0.232708 0.082678
v -0.143900 -0.255016 0.068858
v -0.126187 -0.254741 0.067376
v -0.108685 -0.221684 0.081182
v -0.105427 -0.238365 0.068596
v -0.103535 -0.203697 0.082009
v -0.140743 -0.264167 0.057726
v -0.094390 -0.220930 0.068281
v -0.112206 -0.254368 0.054857
v -0.124698 -0.264895 0.050023
v -0.108689 -0.188142 0.082833
v -0.124191 -0.183866 0.086885
v -0.121862 -0.180219 0.081887
v -0.132396 -0.177542 0.078863
v -0.139047 -0.181954 0.086016
v -0.161009 -0.233953 0.069868
v -0.158807 -0.254380 0.059254
v -0.159001 -0.215852 0.076174
v -0.145375 -0.175483 0.070103
v -0.144246 -0.167573 0.072754
v -0.230353 -0.464044 0.095166
v -0.228512 -0.476587 0.090678
v -0.217434 -0.476731 0.092242
v -0.218892 -0.464342 0.096737
v -0.240747 -0.476841 0.083985
v -0.241287 -0.463196 0.086574
v -0.218636 -0.451962 0.095805
v -0.230509 -0.451325 0.093858
v -0.239618 -0.451193 0.084808
v -0.206661 -0.459390 0.092584
v -0.205502 -0.478408 0.090867
v -0.347420 0.058961 0.107916
v -0.340784 0.051826 0.109253
v -0.351529 0.049327 0.118674
v -0.345594 0.038708 0.117717
v -0.338228 0.038370 0.112011
v -0.334392 0.046925 0.100539
v -0.335650 0.055342 0.095717
v -0.344335 0.062614 0.095932
v -0.348305 0.063278 0.098049
v -0.350872 0.073128 0.097519
v -0.361757 0.036915 0.123553
v -0.361663 0.048588 0.119844
v -0.361503 0.053900 0.110336
v -0.349429 0.038513 0.123922
v -0.359975 0.058052 0.098207
v -0.357218 0.037047 0.128421
v -0.362464 0.036002 0.141867
v -0.368278 0.182093 0.142436
v -0.373425 0.185113 0.165526
v -0.360323 0.181534 0.163014
v -0.354346 0.181260 0.150857
v -0.361926 0.181616 0.145577
v -0.351452 0.178583 0.156654
v -0.372979 0.185551 0.146831
v -0.361542 0.186614 0.168663
v -0.372754 0.189976 0.175757
v -0.375455 0.190997 0.176094
v -0.379511 0.186419 0.182994
v -0.421091 0.093781 0.154501
v -0.416691 0.103697 0.139605
v -0.419931 0.087630 0.134661
v -0.418439 0.109533 0.148929
v -0.412655 0.122972 0.135349
v -0.414128 0.128341 0.148016
v -0.420386 0.080714 0.154531
v -0.417800 0.108402 0.124341
v -0.413138 0.123223 0.127774
v -0.422238 0.090921 0.128992
v -0.416260 0.117920 0.149780
v -0.425341 0.087498 0.163872
v -0.425066 0.078611 0.160694
v -0.416372 0.071037 0.154927
v -0.414729 0.079910 0.141227
v -0.415269 0.071416 0.141100
v -0.412871 0.074742 0.135591
v -0.415818 0.081002 0.133716
v -0.415819 0.078447 0.132390
v 0.154603 -0.179655 0.066009
v 0.134634 -0.184393 0.067831
v 0.138927 -0.186247 0.073087
v 0.156841 -0.182813 0.071707
v 0.166588 -0.180989 0.059071
v 0.169152 -0.182993 0.065593
v 0.123432 -0.198211 0.068170
v -0.343420 0.099361 0.200574
v -0.335721 0.100034 0.212485
v -0.345052 0.099204 0.213760
v -0.318199 0.096997 0.201656
v -0.348897 0.099997 0.207596
v -0.322008 0.099682 0.208401
v -0.334176 0.095711 0.195668
v -0.350333 0.094898 0.215210
v -0.349914 0.099276 0.222806
v -0.349236 0.083512 0.198991
v -0.351523 0.065857 0.206019
v -0.351246 0.058331 0.195911
v -0.349008 0.059181 0.184619
v -0.350023 0.077706 0.212391
v -0.350333 0.094898 0.215210
v -0.348897 0.099997 0.207596
v -0.343420 0.099361 0.200574
v -0.354634 0.054762 0.185030
v -0.349079 0.052968 0.193842
v -0.356091 0.051630 0.187027
v 0.055962 0.256363 -0.190702
v 0.056385 0.269153 -0.178097
v 0.063753 0.262313 -0.167015
v 0.065662 0.249784 -0.174787
v 0.060206 0.272478 -0.168306
v 0.064599 0.269696 -0.158521
v 0.059369 0.240795 -0.183288
v 0.071625 0.241417 -0.175600
v 0.059445 0.228847 -0.188270
v 0.067727 0.255562 -0.169591
v 0.069737 0.269172 -0.156732
v 0.066916 0.278070 -0.153320
v 0.126474 -0.008288 0.015304
v 0.123748 -0.010270 0.005243
v 0.125629 -0.009908 0.025926
v 0.126206 -0.000615 0.004223
v 0.123402 -0.023726 0.020073
v 0.123354 -0.026798 0.008558
v 0.126302 -0.030743 0.001099
v 0.129591 -0.001776 -0.002270
v 0.132674 0.001237 -0.014018
v 0.129955 0.002608 0.003003
v 0.134093 -0.009746 -0.017563
v 0.136479 -0.019275 -0.017341
v 0.127830 -0.040607 -0.002986
v 0.135784 -0.042514 -0.021246
v 0.131433 -0.044895 -0.008060
v 0.137405 -0.053370 -0.012502
v 0.144129 -0.051778 -0.026102
v 0.142439 -0.059832 -0.014715
v 0.146301 -0.014013 -0.023072
v 0.148349 -0.032708 -0.022811
v 0.156921 -0.029502 -0.028335
v 0.149818 -0.004940 -0.033941
v 0.146523 -0.010520 -0.025264
v 0.157247 -0.009485 -0.040189
v 0.161565 -0.002925 -0.040635
v 0.121997 -0.015951 0.024697
v 0.118612 -0.014032 0.028915
v 0.156205 -0.041154 -0.021752
v 0.165392 -0.041209 -0.025302
v 0.162925 -0.051874 -0.016936
v 0.170587 -0.060718 -0.018678
v 0.178555 -0.058990 -0.020627
v 0.165075 -0.008374 -0.039850
v 0.161480 -0.020597 -0.032179
v 0.166131 -0.031705 -0.026115
v -0.123471 0.185659 -0.149623
v -0.116906 0.180954 -0.164140
v -0.118804 0.179321 -0.159767
v -0.115577 0.201164 -0.146951
v -0.111044 0.203616 -0.155082
v -0.122214 0.168434 -0.171264
v -0.121794 0.171839 -0.164186
v -0.127153 0.158081 -0.170510
v -0.121876 0.156385 -0.173908
v -0.116488 0.214788 -0.150920
v -0.114436 0.192495 -0.161826
v -0.116975 0.173704 -0.149840
v -0.117608 0.162362 -0.156144
v -0.122791 0.182113 -0.146713
v -0.116932 0.163937 -0.163704
v 0.143295 0.003810 -0.011695
v 0.153053 -0.002443 -0.014970
v 0.150756 -0.012424 -0.021262
v 0.134093 -0.009746 -0.017563
v 0.132674 0.001237 -0.014018
v 0.158859 -0.008007 -0.015795
v 0.146301 -0.014013 -0.023072
v -0.345279 0.051819 0.118702
v -0.357567 0.043498 0.127088
v -0.349429 0.038513 0.123922
v -0.357218 0.037047 0.128421
v -0.338228 0.038370 0.112011
v -0.338540 0.060112 0.114267
v -0.355276 0.048379 0.127967
v -0.334392 0.046925 0.100539
v -0.335650 0.055342 0.095717
v -0.357164 0.043875 0.134521
v -0.361832 0.038538 0.141261
v -0.362464 0.036002 0.141867
v -0.360951 0.039184 0.146895
v -0.362437 0.030004 0.148144
v -0.343733 0.065680 0.104161
v -0.340390 0.065312 0.098485
v -0.155206 -0.335046 0.003921
v -0.175422 -0.332912 0.003547
v -0.159270 -0.343866 0.012514
v -0.188287 -0.338607 0.006085
v -0.193385 -0.327338 -0.008226
v -0.173875 -0.346405 0.011071
v -0.139544 -0.346583 0.002543
v -0.139682 -0.336562 -0.007049
v -0.129689 -0.345014 -0.012279
v -0.133980 -0.335487 -0.018619
v -0.127068 -0.340996 -0.029057
v -0.132180 -0.333651 -0.030969
v -0.137546 -0.334521 -0.048636
v -0.135362 -0.341721 -0.052825
v 0.060109 0.421780 -0.069516
v 0.060468 0.431392 -0.077274
v 0.062742 0.413353 -0.068487
v 0.065209 0.421370 -0.077434
v 0.055955 0.419633 -0.062436
v 0.055139 0.430946 -0.059869
v 0.055143 0.446427 -0.062062
v 0.044000 0.434609 -0.046911
v 0.049799 0.425510 -0.054014
v 0.047989 0.453430 -0.046399
v 0.054517 0.458399 -0.055363
v 0.052091 0.467844 -0.044425
v 0.039994 0.461696 -0.030156
v 0.049434 0.475602 -0.038045
v 0.033376 0.468486 -0.025757
v 0.041296 0.488335 -0.026622
v 0.032576 0.478168 -0.022030
v 0.026361 0.488930 -0.016465
v 0.031285 0.495678 -0.017425
v 0.023806 0.497787 -0.009942
v 0.049605 0.409675 -0.063534
v 0.037469 0.452603 -0.041771
v 0.067440 0.400882 -0.068309
v 0.070098 0.418674 -0.077443
v -0.375184 0.199360 0.127215
v -0.377286 0.194805 0.106688
v -0.377300 0.188407 0.121484
v -0.377453 0.185568 0.126856
v -0.383175 0.187376 0.112872
v -0.273802 0.145888 0.045126
v -0.286483 0.144293 0.049641
v -0.291874 0.138181 0.059942
v -0.274991 0.137368 0.059156
v -0.303420 0.144409 0.057264
v -0.277740 0.152797 0.040692
v -0.291799 0.150242 0.048403
v -0.268876 0.140899 0.044777
v -0.275483 0.150598 0.036979
v 0.056035 0.154140 0.091966
v 0.060158 0.140871 0.092424
v 0.059272 0.140964 0.100375
v 0.062778 0.106517 0.099746
v 0.062170 0.113721 0.096227
v 0.065932 0.136759 0.107439
v 0.064602 0.113732 0.103434
v 0.067329 0.092311 0.106857
v 0.061671 0.179336 0.104190
v 0.058746 0.169108 0.101558
v 0.061020 0.225347 0.100750
v 0.053309 0.200980 0.089337
v 0.053344 0.175054 0.090677
v 0.054618 0.231111 0.086375
v 0.057343 0.244066 0.085160
v 0.063029 0.250913 0.098364
v 0.053292 0.256338 0.073055
v 0.060515 0.265915 0.081987
v 0.070287 0.111708 0.109167
v -0.111661 0.349112 -0.091620
v -0.114014 0.344238 -0.076416
v -0.109802 0.343262 -0.075928
v -0.121973 0.348119 -0.087270
v -0.102017 0.341965 -0.072936
v -0.117013 0.351767 -0.097229
v -0.117493 0.345215 -0.079651
v -0.116394 0.344482 -0.076660
v -0.095663 0.348395 -0.083150
v -0.104032 0.358695 -0.100848
v -0.095836 0.359866 -0.092786
v -0.098022 0.362602 -0.101458
v -0.095221 0.369779 -0.098564
v -0.096396 0.344133 -0.079949
v 0.236520 -0.457485 0.103068
v 0.223768 -0.459384 0.101217
v 0.237405 -0.477451 0.101947
v 0.223951 -0.479430 0.099667
v 0.225851 -0.446153 0.094777
v 0.234915 -0.444333 0.095920
v 0.248399 -0.458082 0.097831
v 0.246672 -0.445885 0.091215
v 0.247556 -0.478340 0.096163
v 0.252028 -0.464169 0.094052
v 0.192459 0.337001 -0.108321
v 0.192911 0.336429 -0.094347
v 0.198465 0.330050 -0.108997
v 0.196095 0.332685 -0.124474
v 0.195091 0.329041 -0.088289
v 0.197179 0.328509 -0.124624
v -0.002591 0.477611 -0.038015
v 0.002548 0.474484 -0.026145
v 0.004347 0.463568 -0.032942
v -0.002392 0.466217 -0.051316
v -0.001862 0.488756 -0.024988
v 0.003270 0.487101 -0.015738
v 0.000858 0.493889 -0.014231
v 0.007709 0.486437 -0.006891
v 0.002338 0.454508 -0.043596
v -0.003011 0.454150 -0.060667
v 0.003458 0.442794 -0.046080
v -0.003206 0.439563 -0.061013
v 0.002414 0.433699 -0.055634
v -0.000160 0.426891 -0.062502
v 0.006831 0.477920 -0.017989
v -0.000198 0.492070 -0.006029
v 0.387231 0.099223 0.043291
v 0.401767 0.085444 0.045652
v 0.399388 0.087193 0.057044
v 0.408121 0.078567 0.053217
v 0.388501 0.101206 0.029879
v 0.396216 0.092208 0.060084
v 0.379106 0.119588 0.030112
v 0.378954 0.114406 0.022003
v 0.383317 0.109933 0.014862
v 0.371827 0.119993 0.010161
v 0.372211 0.120072 0.020869
v 0.363726 0.128534 0.023393
v 0.391876 0.102627 0.014725
v 0.358388 0.128658 0.009036
v 0.387874 0.115988 -0.003127
v 0.394876 0.099822 0.030185
v 0.393821 0.112150 0.000299
v 0.401185 0.101777 0.011497
v 0.405170 0.103552 -0.001927
v 0.399901 0.115395 -0.007238
v 0.412336 0.100640 0.010696
v 0.417893 0.100957 0.003097
v 0.424060 0.098593 0.011663
v 0.426279 0.097697 0.003319
v 0.406449 0.102335 0.022944
v 0.421766 0.101334 0.026582
v 0.420890 0.101013 0.036913
v 0.402320 0.101557 0.036043
v 0.426038 0.102177 0.017668
v 0.436001 0.094426 0.026667
v 0.443671 0.097235 0.022516
v 0.432143 0.102533 0.033837
v 0.434583 0.098814 0.004130
v 0.433957 0.096228 0.012013
v 0.442611 0.085881 0.012192
v 0.445471 0.083087 0.009114
v 0.435227 0.103315 0.016802
v 0.423595 0.095283 -0.003749
v 0.416743 0.109636 -0.008504
v 0.429048 0.093629 -0.008268
v 0.435816 0.082312 -0.006781
v 0.438434 0.094471 0.032973
v 0.434462 0.087868 -0.000162
v 0.441845 0.075540 -0.000591
v 0.444770 0.080474 -0.006346
v 0.413933 0.105968 0.043253
v 0.433348 0.097843 0.041641
v 0.433437 0.101136 0.047273
v 0.445193 0.082222 0.049974
v 0.445320 0.078074 0.031143
v 0.450445 0.076762 0.027861
v 0.449902 0.072567 0.035792
v 0.441887 0.091065 0.015662
v 0.451767 0.077114 0.017877
v 0.447011 0.071755 0.012168
v 0.451061 0.070034 0.011014
v -0.324879 0.172596 0.037412
v -0.337175 0.164588 0.046604
v -0.337798 0.168757 0.055842
v -0.347293 0.156611 0.058137
v -0.344172 0.162462 0.070146
v -0.322061 0.176786 0.051476
v -0.331217 0.167912 0.068909
v -0.339972 0.158858 0.079615
v -0.348609 0.161916 0.069436
v -0.324463 0.175493 0.034930
v -0.372611 0.203492 0.146277
v -0.373583 0.199558 0.160805
v -0.372979 0.185551 0.146831
v -0.373425 0.185113 0.165526
v -0.375455 0.190997 0.176094
v -0.368165 0.193771 0.141660
v -0.368278 0.182093 0.142436
v -0.364429 0.202073 0.140871
v -0.366024 0.194283 0.138269
v -0.176646 0.347615 -0.044122
v -0.164105 0.353727 -0.048446
v -0.170113 0.342501 -0.046755
v -0.184922 0.336152 -0.043396
v -0.148859 0.347554 -0.049839
v -0.141527 0.359881 -0.051570
v -0.129322 0.346501 -0.053931
v -0.123801 0.361564 -0.056347
v -0.120188 0.343201 -0.057506
v -0.129966 0.372391 -0.048372
v -0.119773 0.372188 -0.052706
v -0.111605 0.382835 -0.049041
v -0.204465 0.328603 -0.049855
v -0.196896 0.340190 -0.045974
v -0.211292 0.330396 -0.049388
v -0.215353 0.316173 -0.052554
v -0.222488 0.320116 -0.053431
v -0.218349 0.310997 -0.051770
v -0.312530 0.111681 0.099049
v -0.314565 0.102724 0.093338
v -0.331690 0.099340 0.097715
v -0.319376 0.093658 0.089126
v -0.332874 0.095646 0.093562
v -0.332326 0.086371 0.090957
v -0.320724 0.083441 0.086843
v -0.327826 0.082293 0.085477
v -0.324893 0.114010 0.099102
v -0.316142 0.120163 0.102609
v -0.307013 0.127353 0.102333
v -0.306641 0.118774 0.100220
v -0.322984 0.134551 0.103799
v -0.306641 0.115417 0.099976
v -0.306152 0.117004 0.100098
v -0.306152 0.117676 0.100098
v -0.332388 0.127095 0.096823
v -0.331287 0.140350 0.098856
v -0.308072 0.109049 0.101672
v -0.321626 0.142839 0.100740
v -0.335323 0.073782 0.090554
v -0.338228 0.080592 0.099557
v -0.336715 0.074276 0.095179
v -0.347974 0.071633 0.098439
v -0.164255 -0.135212 0.013185
v -0.158160 -0.135662 0.011735
v -0.164616 -0.136981 0.034159
v -0.168539 -0.135802 0.028527
v -0.173158 -0.137402 0.036128
v -0.163933 -0.138135 0.046669
v -0.152711 -0.133867 0.032393
v -0.146347 -0.129997 0.017542
v -0.151981 -0.133260 0.006450
v -0.142121 -0.133385 -0.002930
v -0.158055 -0.140133 -0.003966
v -0.162834 -0.132839 0.006219
v -0.149074 -0.138149 0.040860
v -0.146512 -0.134653 0.029274
v -0.167457 -0.135451 0.000020
v -0.173411 -0.137798 -0.010012
v -0.154580 -0.144149 0.051502
v -0.155545 -0.145739 -0.008794
v -0.167276 -0.142273 -0.014218
v -0.155306 -0.143179 -0.011957
v -0.141112 -0.141759 -0.007784
v -0.173756 -0.138078 -0.019116
v -0.168988 -0.138181 -0.021579
v -0.162542 -0.134733 -0.018066
v -0.158202 -0.134596 -0.021671
v -0.149452 -0.127878 -0.021500
v -0.136887 -0.115337 -0.025069
v -0.133829 -0.121903 -0.014583
v -0.146711 -0.134962 -0.010137
v -0.129625 -0.113656 -0.019480
v -0.130143 -0.099114 -0.025897
v -0.120987 -0.096932 -0.020619
v -0.124114 -0.090362 -0.026280
v -0.114617 -0.085020 -0.021677
v -0.118222 -0.074040 -0.030089
v -0.107383 -0.068384 -0.023449
v -0.111950 -0.061115 -0.031152
v -0.101514 -0.051532 -0.027542
v -0.102771 -0.041586 -0.033293
v 0.061628 0.259224 -0.161382
v 0.055420 0.258325 -0.179771
v 0.061556 0.252989 -0.166799
v 0.060315 0.244805 -0.170333
v 0.060206 0.272478 -0.168306
v 0.056385 0.269153 -0.178097
v 0.064599 0.269696 -0.158521
v 0.059369 0.240795 -0.183288
v 0.055962 0.256363 -0.190702
v 0.064159 0.274656 -0.149032
v 0.066916 0.278070 -0.153320
v 0.185992 -0.341879 -0.003308
v 0.203500 -0.337413 0.007067
v 0.185686 -0.337966 0.010916
v 0.206865 -0.340905 -0.002914
v 0.175104 -0.340264 -0.000952
v 0.171540 -0.345082 -0.011016
v 0.219155 -0.332746 -0.003204
v 0.197533 -0.333894 0.011505
v 0.216335 -0.339718 -0.008140
v 0.155276 -0.339221 -0.019853
v 0.163808 -0.344720 -0.022145
v 0.157630 -0.341045 -0.034508
v 0.146035 -0.335317 -0.035989
v 0.148708 -0.335332 -0.050887
v 0.158154 -0.339418 -0.051878
v 0.159530 -0.335279 -0.065041
v 0.165587 -0.339059 -0.063233
v 0.176670 -0.341595 -0.067653
v 0.170319 -0.331172 -0.075677
v 0.185958 -0.327612 -0.082400
v 0.195402 -0.333243 -0.075841
v -0.413138 0.123223 0.127774
v -0.429655 0.115838 0.117695
v -0.417800 0.108402 0.124341
v -0.420940 0.124979 0.123856
v -0.416388 0.127369 0.127575
v -0.432661 0.100068 0.120723
v -0.422238 0.090921 0.128992
v -0.406340 0.129177 0.128073
v -0.412051 0.135786 0.126662
v -0.426036 0.130151 0.128998
v -0.422475 0.135388 0.136023
v -0.368110 0.046808 0.155568
v -0.369264 0.042485 0.141915
v -0.364208 0.032060 0.153873
v -0.364860 0.033521 0.163137
v -0.370912 0.047387 0.173424
v -0.373239 0.048371 0.140191
v -0.367858 0.029667 0.146049
v -0.377231 0.046729 0.134698
v -0.363849 0.040184 0.171892
v -0.378424 0.036152 0.135257
v 0.456242 0.082321 0.034041
v 0.438434 0.094471 0.032973
v 0.446390 0.087177 0.034594
v 0.445468 0.103792 0.030865
v 0.449902 0.072567 0.035792
v 0.432143 0.102533 0.033837
v 0.433814 0.111142 0.031590
v 0.436759 0.117871 0.023642
v 0.424779 0.119432 0.029901
v 0.435344 0.123471 0.022933
v 0.407409 0.129842 0.026568
v 0.445320 0.078074 0.031143
v 0.448873 0.099912 0.026016
v -0.347570 0.154517 0.160078
v -0.345538 0.157643 0.177487
v -0.336870 0.151647 0.170213
v -0.335668 0.152324 0.175661
v -0.343419 0.152913 0.154281
v -0.344036 0.153094 0.141829
v -0.356315 0.159819 0.149545
v -0.331274 0.144703 0.161084
v -0.349281 0.158697 0.166919
v -0.334317 0.140398 0.140323
v -0.343241 0.150350 0.125934
v -0.334482 0.142696 0.118710
v -0.345998 0.161880 0.187746
v -0.340552 0.156079 0.182897
v -0.341760 0.162014 0.194673
v -0.349924 0.160928 0.132565
v -0.355010 0.165552 0.141464
v -0.334026 0.157209 0.181891
v -0.329889 0.151449 0.168471
v -0.356067 0.155230 0.161070
v -0.338663 0.051322 0.173324
v -0.336379 0.048704 0.177769
v -0.337498 0.041184 0.174948
v -0.334246 0.051670 0.159694
v -0.333609 0.038380 0.155632
v -0.340424 0.040750 0.179492
v -0.327536 0.059895 0.153871
v -0.321403 0.052856 0.147579
v -0.324405 0.062459 0.140835
v -0.327000 0.038319 0.151299
v -0.314688 0.049410 0.140755
v -0.335831 0.027773 0.151349
v -0.342319 0.049774 0.179752
v -0.346743 0.042058 0.184873
v -0.353650 0.045413 0.194800
v -0.375184 0.199360 0.127215
v -0.372681 0.202266 0.130673
v -0.372999 0.186990 0.124194
v -0.369016 0.200995 0.133349
v -0.368958 0.186064 0.129114
v -0.377286 0.194805 0.106688
v -0.370569 0.180651 0.109473
v -0.370417 0.202771 0.139552
v -0.311333 0.131064 0.112595
v -0.301854 0.129126 0.115922
v -0.314513 0.111472 0.122520
v -0.300267 0.121745 0.122368
v -0.293815 0.124094 0.122165
v -0.322004 0.118704 0.113367
v -0.318733 0.107484 0.117963
v -0.317737 0.090662 0.123725
v -0.309422 0.101878 0.126656
v -0.309582 0.087183 0.132165
v -0.314363 0.082121 0.133309
v -0.304304 0.141418 0.117580
v -0.291569 0.139694 0.115999
v -0.306465 0.152123 0.120867
v -0.320123 0.138849 0.111676
v -0.324748 0.149718 0.109136
v -0.313303 0.155645 0.114105
v -0.324057 0.156359 0.111124
v -0.305458 0.150924 0.123463
v -0.297325 0.145505 0.120403
v -0.072871 0.137285 -0.176844
v -0.074425 0.126820 -0.188060
v -0.074785 0.127674 -0.176512
v -0.076495 0.115163 -0.193845
v -0.077208 0.110980 -0.190979
v -0.073510 0.142192 -0.171638
v -0.075611 0.152128 -0.169558
v -0.068802 0.144381 -0.166086
v -0.307209 0.152190 0.142637
v -0.323901 0.153322 0.138976
v -0.320117 0.147210 0.150151
v -0.308565 0.146941 0.149961
v -0.321799 0.156259 0.130910
v -0.316023 0.145914 0.155691
v -0.307127 0.140636 0.164475
v -0.321312 0.137781 0.166582
v -0.308817 0.137146 0.168456
v -0.305173 0.154271 0.130832
v -0.329651 0.161319 0.134371
v -0.331542 0.160470 0.141324
v -0.335061 0.164810 0.139139
v -0.323287 0.165197 0.129098
v -0.306046 0.160027 0.129638
v -0.039866 0.458600 -0.023851
v -0.035201 0.454919 -0.022500
v -0.031606 0.443044 -0.025347
v -0.039964 0.438462 -0.029449
v -0.044023 0.445947 -0.028539
v -0.050215 0.439133 -0.035956
v -0.045867 0.425512 -0.035186
v -0.038418 0.430707 -0.029670
v -0.043632 0.420961 -0.036879
v -0.034474 0.468247 -0.010276
v -0.026906 0.464404 -0.008614
v -0.034472 0.474094 -0.004038
v -0.028589 0.471784 -0.002286
v -0.024925 0.484019 0.004549
v -0.028136 0.456221 -0.017474
v -0.018114 0.479334 0.002657
v -0.348776 0.109051 0.203605
v -0.349848 0.108838 0.214696
v -0.348599 0.103733 0.211729
v -0.349914 0.099276 0.222806
v -0.350915 0.129887 0.208949
v -0.348736 0.123865 0.197058
v -0.345052 0.099204 0.213760
v -0.427590 0.109017 0.115198
v -0.421158 0.101504 0.118894
v -0.427647 0.097718 0.107320
v -0.419681 0.093681 0.112623
v -0.414689 0.093472 0.120335
v -0.411172 0.087306 0.118962
v -0.418615 0.088244 0.105249
v -0.424535 0.091493 0.109116
v -0.406877 0.082911 0.118450
v -0.422385 0.122492 0.117920
v -0.414561 0.113276 0.122814
v -0.407988 0.132120 0.124106
v -0.420015 0.134030 0.112789
v -0.127633 0.355769 -0.071701
v -0.120433 0.346378 -0.060461
v -0.123801 0.361564 -0.056347
v -0.130768 0.348610 -0.077091
v -0.133877 0.358154 -0.082664
v -0.129811 0.366089 -0.079269
v -0.122957 0.370579 -0.063465
v -0.125652 0.338237 -0.064308
v -0.121163 0.371978 -0.055864
v -0.119773 0.372188 -0.052706
v -0.120188 0.343201 -0.057506
v -0.130265 0.353191 -0.083612
v 0.177444 0.306237 -0.075323
v 0.185317 0.298813 -0.082860
v 0.191547 0.298870 -0.082845
v 0.177327 0.301737 -0.083791
v 0.171471 0.309279 -0.083592
v 0.168589 0.314528 -0.075104
v 0.187543 0.299575 -0.089573
v 0.159104 0.312671 -0.076948
v 0.159128 0.316925 -0.069633
v 0.152218 0.317961 -0.070101
v 0.161343 0.306643 -0.084990
v 0.164866 0.300498 -0.091524
v 0.159693 0.305156 -0.091870
v 0.152368 0.286399 -0.096370
v 0.152985 0.298081 -0.097233
v 0.153573 0.306721 -0.097446
v -0.149805 0.313566 -0.083456
v -0.160551 0.295132 -0.090771
v -0.167544 0.299159 -0.084068
v -0.165043 0.287484 -0.096442
v -0.161190 0.308730 -0.078612
v -0.173738 0.311147 -0.076920
v -0.149002 0.314032 -0.080297
v 0.025079 0.338475 0.047491
v 0.032607 0.339887 0.044567
v 0.028499 0.333004 0.060787
v 0.011678 0.338031 0.057731
v 0.012174 0.341774 0.045387
v 0.004128 0.345419 0.054914
v -0.000001 0.351615 0.040004
v 0.040398 0.338718 0.059148
v 0.048986 0.347298 0.054289
v 0.042826 0.347220 0.038068
v 0.053559 0.355382 0.047966
v 0.054968 0.360814 0.033163
v 0.119504 -0.008553 0.037820
v 0.138280 -0.006819 0.030981
v 0.125629 -0.009908 0.025926
v 0.141491 -0.005408 0.017613
v 0.126474 -0.008288 0.015304
v 0.118612 -0.014032 0.028915
v 0.133572 -0.002132 0.039656
v 0.117310 -0.000267 0.041499
v 0.124582 0.003865 0.042829
v 0.134897 0.003397 0.044696
v 0.115412 -0.003280 0.038160
v -0.418979 0.169581 0.161012
v -0.430362 0.155387 0.160037
v -0.412973 0.157032 0.161819
v -0.421072 0.147268 0.161993
v -0.403632 0.164364 0.160781
v -0.398443 0.168799 0.161494
v -0.437113 0.140518 0.163511
v -0.344853 0.050788 0.154850
v -0.360882 0.047131 0.154511
v -0.350444 0.035977 0.150456
v -0.362437 0.030004 0.148144
v -0.340746 0.039348 0.154274
v -0.338553 0.039098 0.158296
v -0.340916 0.048898 0.160830
v 0.104505 -0.040625 0.095530
v 0.094399 -0.025311 0.094933
v 0.097074 -0.043745 0.086820
v 0.100795 -0.022905 0.097966
v 0.088301 -0.007055 0.103696
v 0.109985 -0.040509 0.096894
v 0.103098 -0.046634 0.097239
v 0.096369 -0.049837 0.088585
v 0.105379 -0.054778 0.087511
v 0.114542 -0.056152 0.098119
v 0.121273 -0.046241 0.104186
v 0.128311 -0.054227 0.097711
v 0.077490 0.009096 0.106540
v 0.080515 0.013877 0.120224
v 0.074441 0.012821 0.114446
v 0.082182 0.000415 0.118447
v 0.089283 -0.004548 0.113943
v 0.086923 0.002854 0.128534
v 0.078400 -0.000440 0.101134
v 0.082433 -0.010538 0.094406
v 0.073326 -0.008759 0.087410
v 0.086163 -0.021953 0.083819
v 0.093944 -0.032930 0.085260
v 0.088420 0.012368 0.126911
v 0.195091 0.329041 -0.088289
v 0.189508 0.330305 -0.084700
v 0.180809 0.323334 -0.086418
v 0.194567 0.313375 -0.087775
v 0.185821 0.311055 -0.082263
v 0.167418 0.319795 -0.081933
v 0.199581 0.307583 -0.086404
v 0.191547 0.298870 -0.082845
v 0.210467 0.293900 -0.082959
v 0.177444 0.306237 -0.075323
v 0.175038 0.314090 -0.073768
v 0.213071 0.294693 -0.086808
v 0.220303 0.284645 -0.087685
v 0.218809 0.280566 -0.084528
v 0.168589 0.314528 -0.075104
v 0.221551 0.274865 -0.091932
v 0.202590 0.285100 -0.088468
v -0.368843 0.193121 0.100351
v -0.370569 0.180651 0.109473
v -0.364185 0.176654 0.098912
v -0.363130 0.191820 0.088188
v -0.363052 0.177181 0.089138
v -0.364296 0.174780 0.106749
v -0.374978 0.194182 0.103963
v -0.377286 0.194805 0.106688
v -0.365335 0.174151 0.097859
v -0.430289 0.130561 0.142342
v -0.422475 0.135388 0.136023
v -0.431404 0.133846 0.152629
v -0.438252 0.123967 0.144532
v -0.426036 0.130151 0.128998
v -0.433498 0.128248 0.136967
v -0.440005 0.120996 0.152920
v -0.434737 0.129184 0.157720
v -0.441967 0.115109 0.145637
v -0.419264 0.135912 0.153096
v -0.442283 0.100333 0.145798
v -0.441054 0.091778 0.154484
v -0.439728 0.109069 0.158428
v -0.395923 0.171171 0.190808
v -0.401979 0.157687 0.196594
v -0.400059 0.154538 0.191088
v -0.393863 0.161319 0.174757
v -0.385377 0.170648 0.161206
v -0.400812 0.146973 0.200597
v -0.420211 0.127399 0.164121
v -0.413652 0.127261 0.175432
v -0.421652 0.121798 0.172160
v -0.411419 0.127667 0.170085
v -0.404386 0.148799 0.187461
v -0.402318 0.145530 0.199697
v -0.402819 0.153166 0.163305
v -0.408421 0.142069 0.177399
v -0.411687 0.139004 0.167235
v -0.391054 0.165841 0.153272
v -0.411800 0.153701 0.154810
v -0.414810 0.139918 0.161267
v -0.417886 0.139617 0.140487
v -0.409885 0.152303 0.139601
v -0.400336 0.161609 0.154126
v -0.412051 0.135786 0.126662
v -0.405329 0.143896 0.124018
v -0.416388 0.127369 0.127575
v -0.408684 0.132811 0.170051
v -0.082345 0.303030 -0.120966
v -0.071177 0.306755 -0.117741
v -0.074253 0.300226 -0.104687
v -0.069882 0.304174 -0.106339
v -0.053716 0.305254 -0.114077
v -0.085458 0.300690 -0.100294
v -0.091237 0.303177 -0.112772
v -0.091293 0.299814 -0.104875
v -0.066930 0.305331 -0.128754
v -0.062403 0.301961 -0.104459
v -0.080495 0.302162 -0.128155
v -0.057200 0.310078 -0.127410
v -0.049322 0.309529 -0.121912
v -0.099549 0.303643 -0.107153
v -0.046769 0.298004 -0.112466
v -0.053581 0.315413 -0.128420
v 0.404782 0.092106 0.045453
v 0.401198 0.095912 0.058454
v 0.415004 0.082289 0.052393
v 0.420589 0.075550 0.055523
v 0.401003 0.105688 0.043172
v 0.394107 0.110965 0.045313
v 0.402320 0.101557 0.036043
v 0.199855 0.286840 -0.125368
v 0.206072 0.278496 -0.133741
v 0.204193 0.282509 -0.112645
v 0.206125 0.278941 -0.139060
v 0.192871 0.290838 -0.116417
v 0.196822 0.289561 -0.100550
v 0.209472 0.278161 -0.099175
v 0.211953 0.274953 -0.092277
v 0.213620 0.276494 -0.112131
v 0.195962 0.287732 -0.092582
v 0.216313 0.274813 -0.099314
v 0.202590 0.285100 -0.088468
v 0.213824 0.279064 -0.105624
v 0.191547 0.298870 -0.082845
v 0.187543 0.299575 -0.089573
v 0.192038 0.296319 -0.121091
v 0.207417 0.272032 -0.141617
v 0.209591 0.273367 -0.164085
v 0.212092 0.266776 -0.174357
v 0.214269 0.267648 -0.154746
v 0.212833 0.272842 -0.138330
v 0.209781 0.280434 -0.124264
v 0.221551 0.274865 -0.091932
v 0.218809 0.280566 -0.084528
v 0.209764 0.282563 -0.114415
v 0.216806 0.267525 -0.170569
v 0.193764 0.296645 -0.111663
v 0.212538 0.275553 -0.175893
v -0.372780 0.182552 0.098475
v -0.363052 0.177181 0.089138
v -0.371292 0.174511 0.097828
v -0.363130 0.191820 0.088188
v -0.374978 0.194182 0.103963
v -0.374308 0.178272 0.104422
v -0.377286 0.194805 0.106688
v -0.394325 0.193542 0.107319
v -0.389582 0.180711 0.109233
v -0.396191 0.177781 0.110481
v -0.394325 0.193542 0.107319
v -0.386136 0.186970 0.124740
v -0.383175 0.187376 0.112872
v -0.397873 0.194408 0.122378
v -0.377300 0.188407 0.121484
v -0.377453 0.185568 0.126856
v -0.377286 0.194805 0.106688
v -0.031071 0.360874 -0.102765
v -0.016090 0.359813 -0.094400
v -0.038809 0.355745 -0.093933
v -0.016051 0.363784 -0.103193
v -0.037480 0.360675 -0.105704
v -0.044231 0.356497 -0.106236
v -0.031570 0.351795 -0.089835
v -0.044213 0.363926 -0.108674
v -0.392567 0.049741 0.173296
v -0.370912 0.047387 0.173424
v -0.380989 0.039193 0.176770
v -0.391189 0.053474 0.170317
v -0.363849 0.040184 0.171892
v -0.394139 0.039925 0.173343
v -0.361206 0.039204 0.176009
v 0.006746 0.423127 -0.088708
v 0.015892 0.425917 -0.086009
v 0.011095 0.412682 -0.069446
v 0.018411 0.417929 -0.065045
v 0.021557 0.418971 -0.060399
v 0.025394 0.456493 -0.053544
v 0.029443 0.455469 -0.042967
v 0.031085 0.442030 -0.045470
v 0.032164 0.445574 -0.041793
v 0.030756 0.463615 -0.031690
v 0.025738 0.469388 -0.045896
v 0.023897 0.481850 -0.033534
v 0.025513 0.476573 -0.023569
v 0.022591 0.491239 -0.022538
v 0.026361 0.488930 -0.016465
v 0.023806 0.497787 -0.009942
v 0.026753 0.435481 -0.051002
v 0.022556 0.442410 -0.064491
v 0.025120 0.428432 -0.052228
v 0.020507 0.427034 -0.058794
v 0.021748 0.434978 -0.071134
v 0.026491 0.436582 -0.057760
v 0.020710 0.496534 -0.016375
v 0.067039 0.081920 0.084592
v 0.070526 0.062447 0.080482
v 0.073906 0.058807 0.083734
v 0.072268 0.014341 0.084248
v 0.083306 0.052916 0.084547
v 0.082036 0.029177 0.086371
v 0.079140 0.013044 0.088569
v 0.076821 -0.000849 0.087202
v 0.066932 -0.000529 0.083607
v 0.073326 -0.008759 0.087410
v 0.064872 -0.017455 0.085192
v 0.082358 0.026728 0.090661
v 0.060762 -0.011739 0.079424
v 0.078283 -0.023034 0.081326
v 0.086163 -0.021953 0.083819
v 0.093944 -0.032930 0.085260
v 0.088314 -0.042296 0.084463
v 0.097074 -0.043745 0.086820
v 0.096369 -0.049837 0.088585
v 0.083090 -0.053944 0.084777
v 0.079496 -0.028518 0.078755
v 0.089491 -0.056974 0.088838
v 0.105379 -0.054778 0.087511
v 0.120697 -0.062670 0.083957
v 0.100775 -0.092539 0.091319
v 0.142791 -0.095666 0.084392
v 0.110524 -0.118937 0.092891
v 0.141792 -0.136748 0.091705
v 0.154797 -0.135925 0.089088
v 0.135933 -0.139327 0.093246
v 0.111142 -0.136739 0.096167
v 0.089648 -0.107116 0.096315
v 0.073450 -0.073789 0.095940
v 0.071810 -0.060330 0.093409
v 0.135708 -0.072505 0.081533
v 0.126132 -0.054213 0.080377
v 0.079754 -0.053841 0.089479
v 0.061087 -0.052503 0.098500
v 0.153363 -0.125783 0.087093
v 0.123367 -0.055414 0.086460
v 0.062247 -0.057629 0.095957
v 0.124268 -0.144538 0.089627
v 0.067955 -0.061551 0.090877
v -0.100505 0.346795 -0.095883
v -0.106083 0.340360 -0.084051
v -0.119277 0.344544 -0.087827
v -0.117013 0.351767 -0.097229
v -0.099441 0.342930 -0.090799
v -0.096034 0.339892 -0.078469
v -0.104032 0.358695 -0.100848
v -0.100624 0.353666 -0.100050
v -0.121973 0.348119 -0.087270
v -0.102017 0.341965 -0.072936
v -0.114014 0.344238 -0.076416
v -0.116394 0.344482 -0.076660
v -0.117493 0.345215 -0.079651
v 0.448468 0.093211 0.015837
v 0.436974 0.115488 0.010725
v 0.435227 0.103315 0.016802
v 0.441887 0.091065 0.015662
v 0.451767 0.077114 0.017877
v 0.435784 0.122213 0.010773
v 0.432354 0.119825 0.017557
v 0.140422 -0.001705 0.005004
v 0.126206 -0.000615 0.004223
v 0.141491 -0.005408 0.017613
v 0.126474 -0.008288 0.015304
v 0.129955 0.002608 0.003003
v -0.378239 0.185549 0.133496
v -0.385983 0.195127 0.127116
v -0.391892 0.181414 0.127528
v -0.372681 0.202266 0.130673
v -0.395016 0.193564 0.124337
v -0.401822 0.186279 0.125945
v -0.374029 0.183429 0.141602
v -0.370417 0.202771 0.139552
v -0.390991 0.145937 0.191875
v -0.400812 0.146973 0.200597
v -0.389973 0.139212 0.208548
v -0.380090 0.139714 0.200120
v -0.377016 0.142112 0.189977
v -0.403448 0.142151 0.208110
v -0.398091 0.137682 0.213023
v -0.406056 0.147231 0.202075
v -0.388927 0.131795 0.218402
v -0.375464 0.141633 0.186629
v -0.384289 0.133452 0.205249
v -0.384765 0.126913 0.216516
v -0.401979 0.157687 0.196594
v -0.376624 0.127046 0.195727
v 0.155218 0.326019 -0.094013
v 0.155968 0.320575 -0.094840
v 0.162379 0.322008 -0.087625
v 0.161011 0.307565 -0.097515
v 0.156015 0.329103 -0.081488
v 0.152028 0.330698 -0.091645
v 0.148731 0.333341 -0.080232
v 0.139548 0.331691 -0.087104
v 0.153573 0.306721 -0.097446
v 0.141365 0.319704 -0.094102
v 0.142732 0.315448 -0.093773
v -0.334673 0.145577 0.185423
v -0.341053 0.146243 0.192049
v -0.335598 0.140031 0.195670
v -0.340552 0.156079 0.182897
v -0.334026 0.157209 0.181891
v -0.341760 0.162014 0.194673
v -0.339629 0.142275 0.203855
v -0.378424 0.036152 0.135257
v -0.362464 0.036002 0.141867
v -0.367858 0.029667 0.146049
v -0.362437 0.030004 0.148144
v -0.376551 0.040534 0.127880
v -0.362577 0.040930 0.128250
v -0.364208 0.032060 0.153873
v 0.020901 0.245378 -0.154237
v 0.021070 0.239938 -0.170417
v 0.024475 0.233853 -0.169543
v 0.025827 0.234003 -0.155099
v 0.023477 0.234715 -0.150027
v 0.027331 0.226802 -0.154956
v 0.010044 0.246306 -0.165427
v 0.015444 0.251207 -0.150608
v 0.011999 0.242061 -0.173689
v 0.020598 0.237734 -0.178999
v 0.028295 0.231318 -0.172749
v 0.114542 -0.056152 0.098119
v 0.123367 -0.055414 0.086460
v 0.120554 -0.057520 0.093839
v 0.105379 -0.054778 0.087511
v 0.128311 -0.054227 0.097711
v -0.182480 -0.350542 -0.002761
v -0.167682 -0.352679 0.000370
v -0.173875 -0.346405 0.011071
v -0.186728 -0.347262 0.005067
v -0.159270 -0.343866 0.012514
v -0.148749 -0.349945 0.004847
v -0.152012 -0.353079 -0.005742
v -0.137782 -0.349710 -0.004507
v -0.143546 -0.352505 -0.021108
v -0.139544 -0.346583 0.002543
v -0.129689 -0.345014 -0.012279
v -0.131326 -0.345050 -0.035019
v -0.143348 -0.354874 -0.035658
v -0.195074 -0.342168 -0.000769
v -0.194665 -0.346578 -0.012336
v -0.141768 -0.347262 -0.053841
v -0.135362 -0.341721 -0.052825
v -0.127068 -0.340996 -0.029057
v -0.152731 -0.341331 -0.067736
v -0.155052 -0.349192 -0.061158
v -0.170359 -0.347940 -0.066613
v -0.391738 0.182893 0.111313
v -0.387360 0.182637 0.119582
v -0.390029 0.181480 0.123672
v -0.383843 0.182831 0.112491
v -0.389582 0.180711 0.109233
v -0.397014 0.188795 0.110367
v -0.401822 0.186279 0.125945
v -0.391892 0.181414 0.127528
v -0.394325 0.193542 0.107319
v -0.393858 0.050869 0.178159
v -0.398722 0.040618 0.174880
v -0.380989 0.039193 0.176770
v -0.403414 0.050288 0.176982
v -0.371959 0.044977 0.181288
v -0.361206 0.039204 0.176009
v -0.354187 0.043465 0.180040
v -0.067190 0.426362 -0.020531
v -0.068131 0.404759 -0.022541
v -0.066417 0.409655 -0.013473
v -0.060180 0.424348 -0.010592
v -0.404131 0.173978 0.155735
v -0.405947 0.184395 0.161879
v -0.418425 0.176869 0.153269
v -0.401931 0.180305 0.160343
v -0.412006 0.192722 0.155231
v -0.421103 0.171897 0.155423
v -0.402083 0.176718 0.162387
v -0.388507 0.179008 0.168397
v 0.065483 0.327248 -0.140166
v 0.079332 0.327038 -0.141933
v 0.075735 0.332433 -0.128450
v 0.068627 0.329704 -0.119479
v 0.061161 0.325432 -0.130620
v 0.063868 0.322515 -0.118039
v 0.075061 0.323884 -0.118299
v 0.434583 0.098814 0.004130
v 0.450211 0.088380 0.008687
v 0.445471 0.083087 0.009114
v 0.439320 0.107685 0.003326
v 0.451061 0.070034 0.011014
v 0.447011 0.071755 0.012168
v 0.143295 0.003810 -0.011695
v 0.132674 0.001237 -0.014018
v 0.129955 0.002608 0.003003
v 0.140422 -0.001705 0.005004
v 0.132080 0.160776 0.072394
v 0.127725 0.161429 0.079826
v 0.135070 0.156585 0.074714
v 0.133309 0.166527 0.064956
v 0.128793 0.175650 0.072775
v 0.123884 0.146245 0.084868
v 0.135592 0.147241 0.074935
v 0.127270 0.135503 0.082495
v 0.133545 0.171509 0.066040
v 0.127596 0.179962 0.066614
v 0.073450 -0.073789 0.095940
v 0.070522 -0.065514 0.087618
v 0.076490 -0.086445 0.091745
v 0.067955 -0.061551 0.090877
v 0.059139 -0.051315 0.089465
v 0.089648 -0.107116 0.096315
v 0.114370 -0.108893 0.069892
v 0.123090 -0.124594 0.068667
v 0.123289 -0.122135 0.075119
v 0.116253 -0.111968 0.074432
v 0.134721 -0.135429 0.067998
v 0.131230 -0.133422 0.078129
v 0.139386 -0.138159 0.065513
v 0.135138 -0.138476 0.081220
v 0.107566 -0.087464 0.074773
v 0.112450 -0.119441 0.081897
v 0.094744 -0.078650 0.080065
v 0.086652 -0.065837 0.081154
v 0.088937 -0.105713 0.092071
v 0.102367 -0.127004 0.091506
v 0.116009 -0.139511 0.089124
v 0.127657 -0.145701 0.083665
v 0.100100 -0.072970 0.073226
v 0.093541 -0.059531 0.072162
v 0.087039 -0.047003 0.080666
v 0.083090 -0.053944 0.084777
v 0.090239 -0.041353 0.068904
v 0.083608 -0.029847 0.068570
v 0.079496 -0.028518 0.078755
v 0.111142 -0.136739 0.096167
v 0.124268 -0.144538 0.089627
v 0.056862 -0.056742 0.091173
v 0.162379 0.322008 -0.087625
v 0.161011 0.307565 -0.097515
v 0.161343 0.306643 -0.084990
v 0.159104 0.312671 -0.076948
v 0.159693 0.305156 -0.091870
v 0.156015 0.329103 -0.081488
v 0.152218 0.317961 -0.070101
v 0.178254 -0.058704 -0.015867
v 0.164956 -0.039117 -0.015619
v 0.161681 -0.044242 -0.012816
v 0.167949 -0.057279 -0.012052
v 0.156414 -0.029226 -0.014481
v 0.171736 -0.063213 -0.011364
v 0.168543 -0.034305 -0.021301
v 0.155135 -0.018706 -0.019708
v 0.162614 -0.016388 -0.029474
v 0.159391 -0.001571 -0.032696
v 0.170295 -0.067745 -0.003589
v 0.165075 -0.008374 -0.039850
v 0.146523 -0.010520 -0.025264
v 0.161565 -0.002925 -0.040635
v 0.178555 -0.058990 -0.020627
v 0.166131 -0.031705 -0.026115
v 0.161480 -0.020597 -0.032179
v -0.390051 0.195921 0.155587
v -0.392890 0.186959 0.152833
v -0.388923 0.179924 0.154587
v -0.377766 0.188565 0.153779
v -0.378671 0.192805 0.153555
v -0.402818 0.186948 0.153959
v -0.374910 0.201386 0.150115
v -0.377706 0.182237 0.150637
v -0.380454 0.197122 0.150203
v -0.401931 0.180305 0.160343
v -0.405947 0.184395 0.161879
v -0.412006 0.192722 0.155231
v -0.317606 0.110247 0.107771
v -0.317736 0.093652 0.113974
v -0.314460 0.090977 0.110344
v -0.312831 0.083456 0.115533
v -0.318108 0.082453 0.123154
v -0.318733 0.107484 0.117963
v -0.322004 0.118704 0.113367
v -0.317737 0.090662 0.123725
v -0.314363 0.082121 0.133309
v -0.318081 0.074180 0.132993
v -0.317229 0.073285 0.129433
v -0.307623 0.078590 0.118670
v -0.307929 0.068956 0.120950
v -0.308381 0.122508 0.104295
v -0.308072 0.109049 0.101672
v -0.306641 0.115417 0.099976
v -0.308309 0.101000 0.106100
v -0.306152 0.117004 0.100098
v -0.306152 0.117676 0.100098
v -0.306641 0.118774 0.100220
v -0.307013 0.127353 0.102333
v -0.311333 0.131064 0.112595
v -0.306625 0.067652 0.131675
v -0.305426 0.127933 0.109014
v 0.148238 0.359353 -0.068711
v 0.143973 0.344660 -0.072976
v 0.158562 0.352457 -0.070239
v 0.138624 0.353288 -0.068519
v 0.135621 0.366296 -0.066446
v 0.151370 0.342929 -0.075512
v 0.168323 0.344891 -0.077097
v 0.159255 0.336692 -0.079635
v 0.175835 0.336560 -0.083376
v 0.165301 0.329151 -0.083499
v 0.180809 0.323334 -0.086418
v 0.189508 0.330305 -0.084700
v 0.167418 0.319795 -0.081933
v 0.058580 0.300567 -0.148002
v 0.055846 0.302519 -0.158597
v 0.063888 0.291970 -0.150166
v 0.066332 0.292766 -0.141292
v 0.058974 0.297449 -0.129685
v 0.064534 0.289416 -0.135556
v 0.070188 0.288968 -0.143718
v 0.048301 0.302251 -0.160374
v -0.408010 0.062342 0.178926
v -0.423831 0.057797 0.186491
v -0.406015 0.055381 0.178708
v -0.403414 0.050288 0.176982
v -0.422986 0.067810 0.189248
v -0.427942 0.070016 0.189481
v -0.409783 0.074353 0.189918
v -0.421086 0.072622 0.199843
v -0.406928 0.188709 0.150471
v -0.401741 0.178444 0.149829
v -0.418425 0.176869 0.153269
v -0.412006 0.192722 0.155231
v -0.131689 0.326236 -0.057915
v -0.134294 0.332502 -0.068270
v -0.139299 0.322100 -0.067451
v -0.142143 0.325091 -0.076662
v -0.149002 0.314032 -0.080297
v -0.149805 0.313566 -0.083456
v -0.125652 0.338237 -0.064308
v -0.119107 0.331070 -0.053480
v -0.146380 0.313256 -0.077234
v -0.148383 0.302564 -0.081366
v -0.109726 0.335525 -0.054462
v -0.119041 0.325747 -0.055985
v -0.360882 0.047131 0.154511
v -0.364860 0.033521 0.163137
v -0.364208 0.032060 0.153873
v -0.363849 0.040184 0.171892
v -0.362437 0.030004 0.148144
v -0.356852 0.048671 0.173823
v -0.361206 0.039204 0.176009
v -0.354187 0.043465 0.180040
v -0.092158 0.313681 0.055099
v -0.091285 0.301211 0.051949
v -0.086527 0.308262 0.050482
v -0.098640 0.307035 0.052073
v -0.088803 0.315127 0.061262
v -0.074562 0.316143 0.051822
v -0.088690 0.303998 0.045147
v 0.001067 0.497888 0.010018
v -0.003349 0.490587 -0.000130
v -0.010698 0.482411 0.008096
v 0.002753 0.498373 -0.002224
v -0.000198 0.492070 -0.006029
v -0.005492 0.495829 0.013183
v -0.015322 0.487596 0.011192
v 0.404782 0.092106 0.045453
v 0.415004 0.082289 0.052393
v 0.401767 0.085444 0.045652
v 0.408121 0.078567 0.053217
v 0.420589 0.075550 0.055523
v 0.402320 0.101557 0.036043
v 0.394876 0.099822 0.030185
v -0.287838 0.141592 0.111845
v -0.286434 0.134927 0.117265
v -0.291139 0.130637 0.103322
v -0.286923 0.122254 0.115171
v -0.287188 0.125768 0.126819
v -0.289090 0.109667 0.126849
v -0.286974 0.092329 0.120753
v -0.276442 0.143483 0.115238
v -0.277299 0.137984 0.119739
v -0.111605 0.382835 -0.049041
v -0.116978 0.379083 -0.040478
v -0.108767 0.380816 -0.042545
v -0.104180 0.385953 -0.045594
v -0.129966 0.372391 -0.048372
v -0.123800 0.372110 -0.042291
v -0.103623 0.391500 -0.039789
v -0.095400 0.390024 -0.023160
v -0.101418 0.384441 -0.028974
v -0.093571 0.399348 -0.031072
v -0.087482 0.403081 -0.023198
v -0.084257 0.405331 -0.015780
v -0.109363 0.378124 -0.034952
v -0.397873 0.194408 0.122378
v -0.397014 0.188795 0.110367
v -0.401822 0.186279 0.125945
v -0.402222 0.188209 0.130394
v -0.394325 0.193542 0.107319
v -0.427252 0.057685 0.131562
v -0.441921 0.057610 0.134864
v -0.425440 0.063643 0.140387
v -0.420641 0.061955 0.139470
v -0.420063 0.057928 0.128280
v -0.443499 0.056536 0.144175
v -0.000603 0.358510 -0.110528
v -0.012951 0.362248 -0.115346
v -0.010172 0.358068 -0.121005
v -0.016051 0.363784 -0.103193
v -0.003972 0.358097 -0.103979
v 0.001363 0.359597 -0.121701
v -0.016090 0.359813 -0.094400
v -0.400985 0.053423 0.103158
v -0.415327 0.046707 0.100198
v -0.400570 0.041881 0.102459
v -0.409848 0.053605 0.099491
v -0.396228 0.046989 0.111175
v -0.427252 0.057685 0.131562
v -0.425477 0.053394 0.140210
v -0.443016 0.052445 0.138852
v -0.420063 0.057928 0.128280
v -0.415226 0.052720 0.138375
v -0.441921 0.057610 0.134864
v -0.426422 0.056009 0.145013
v -0.443499 0.056536 0.144175
v 0.448873 0.099912 0.026016
v 0.456002 0.083856 0.027438
v 0.443671 0.097235 0.022516
v 0.440463 0.111819 0.019841
v 0.435227 0.103315 0.016802
v 0.432354 0.119825 0.017557
v 0.450445 0.076762 0.027861
v 0.436001 0.094426 0.026667
v 0.456242 0.082321 0.034041
v 0.449902 0.072567 0.035792
v 0.436759 0.117871 0.023642
v 0.435344 0.123471 0.022933
v 0.445468 0.103792 0.030865
v -0.359975 0.058052 0.098207
v -0.361503 0.053900 0.110336
v -0.365179 0.047827 0.108242
v -0.363842 0.053551 0.088930
v -0.361663 0.048588 0.119844
v -0.363243 0.037246 0.120635
v -0.361757 0.036915 0.123553
v -0.352579 0.057520 0.087892
v -0.348305 0.063278 0.098049
v -0.350377 0.064085 0.083612
v -0.261371 0.166323 0.022735
v -0.249224 0.159923 0.022060
v -0.256705 0.158491 0.027470
v -0.246936 0.156640 0.026748
v -0.263915 0.156397 0.035799
v -0.275583 0.159931 0.026790
v -0.287481 0.148524 0.035275
v -0.275483 0.150598 0.036979
v -0.254030 0.166203 0.020761
v -0.275670 0.141866 0.038477
v -0.268876 0.140899 0.044777
v -0.262949 0.165205 0.016981
v -0.257000 0.166093 0.012803
v -0.308817 0.137146 0.168456
v -0.323620 0.131193 0.171372
v -0.316536 0.131411 0.174569
v -0.309316 0.130168 0.173745
v -0.327141 0.140106 0.167944
v -0.315117 0.130172 0.185297
v -0.323308 0.135044 0.193419
v -0.327677 0.138147 0.187350
v -0.335222 0.145424 0.178328
v -0.116881 0.226403 -0.124299
v -0.118551 0.220385 -0.117982
v -0.120578 0.206110 -0.129511
v -0.126738 0.205445 -0.117538
v -0.130800 0.193376 -0.125299
v -0.126681 0.187566 -0.138477
v -0.132732 0.173944 -0.138541
v -0.126610 0.176617 -0.146163
v -0.122791 0.182113 -0.146713
v -0.113298 0.204310 -0.137995
v -0.108633 0.192067 -0.147052
v -0.104553 0.222012 -0.132612
v -0.102978 0.238052 -0.126945
v -0.119919 0.233219 -0.120366
v -0.108120 0.244714 -0.117686
v -0.100679 0.246665 -0.122716
v -0.098119 0.256710 -0.115308
v -0.104533 0.254750 -0.109340
v -0.101665 0.258532 -0.103790
v -0.098043 0.266997 -0.107562
v -0.093261 0.274363 -0.104760
v -0.098228 0.268207 -0.097296
v -0.093489 0.276424 -0.093644
v -0.088208 0.279232 -0.099263
v -0.089586 0.282385 -0.089225
v -0.126818 0.239145 -0.115114
v -0.120656 0.244300 -0.115720
v -0.115022 0.253146 -0.113888
v -0.125836 0.248102 -0.115770
v -0.106858 0.263895 -0.109705
v -0.132834 0.265707 -0.111408
v -0.120990 0.281636 -0.106130
v -0.108215 0.278512 -0.106302
v -0.111319 0.294243 -0.103039
v -0.101882 0.284977 -0.102379
v -0.127888 0.220226 -0.121960
v -0.104629 0.300496 -0.095885
v -0.129439 0.226510 -0.120808
v -0.127244 0.277537 -0.105600
v -0.131845 0.287391 -0.099132
v -0.120836 0.295209 -0.096160
v -0.078058 0.252923 -0.117292
v -0.077974 0.272538 -0.105143
v -0.089998 0.245863 -0.123101
v -0.093217 0.222795 -0.131482
v -0.101103 0.206466 -0.140410
v -0.084909 0.203592 -0.136236
v -0.092489 0.192378 -0.145990
v -0.101997 0.171958 -0.157695
v -0.107903 0.173130 -0.156609
v -0.084194 0.180458 -0.148050
v -0.097669 0.164194 -0.160506
v -0.089440 0.161086 -0.160022
v -0.097761 0.144839 -0.167895
v -0.081046 0.214919 -0.128526
v -0.080598 0.166260 -0.152043
v -0.072204 0.259522 -0.109276
v -0.100638 0.150598 -0.167567
v -0.104691 0.140668 -0.173781
v -0.098170 0.135515 -0.175513
v -0.076084 0.158642 -0.161866
v -0.087054 0.153977 -0.166513
v -0.068802 0.144381 -0.166086
v -0.059759 0.156821 -0.164755
v -0.077069 0.166567 -0.155738
v -0.059183 0.171282 -0.158904
v -0.051412 0.154114 -0.166499
v -0.050860 0.182682 -0.152586
v -0.061392 0.144245 -0.170011
v -0.060788 0.182595 -0.151266
v -0.048161 0.189625 -0.146699
v -0.073067 0.183956 -0.144279
v -0.070874 0.132315 -0.172031
v -0.043064 0.167522 -0.155364
v -0.060365 0.190823 -0.141343
v -0.049433 0.198609 -0.139840
v -0.059881 0.203915 -0.134339
v -0.059291 0.215350 -0.125336
v -0.037437 0.211582 -0.129382
v -0.035590 0.197066 -0.137081
v -0.074004 0.192498 -0.135475
v -0.041661 0.177786 -0.149107
v -0.032283 0.190455 -0.140648
v -0.070012 0.206001 -0.129315
v -0.047993 0.227702 -0.110220
v -0.060024 0.224465 -0.117313
v -0.062042 0.237759 -0.109585
v -0.072928 0.225888 -0.119288
v -0.029828 0.216288 -0.121199
v -0.022477 0.203664 -0.124955
v -0.023081 0.192780 -0.132045
v -0.036685 0.227011 -0.109441
v -0.048615 0.249129 -0.089647
v -0.037475 0.239739 -0.090881
v -0.069991 0.215238 -0.119080
v -0.037374 0.180432 -0.149358
v -0.015882 0.192965 -0.125253
v -0.014746 0.186087 -0.132107
v -0.075597 0.202508 -0.117977
v -0.083183 0.283837 -0.085690
v -0.053956 0.144366 -0.174875
v -0.056803 0.137364 -0.179040
v -0.066619 0.132680 -0.180316
v -0.061517 0.125029 -0.187101
v -0.070846 0.121557 -0.187179
v -0.074785 0.127674 -0.176512
v -0.073510 0.142192 -0.171638
v -0.106105 0.121020 -0.173291
v -0.116975 0.173704 -0.149840
v -0.117608 0.162362 -0.156144
v -0.082667 0.290675 -0.075332
v -0.096141 0.308660 -0.079947
v -0.105042 0.307576 -0.089823
v -0.102821 0.318360 -0.075026
v -0.095305 0.320436 -0.061711
v -0.077208 0.110980 -0.190979
v -0.078519 0.176508 -0.143923
v -0.078937 0.182468 -0.137896
v -0.045746 0.160856 -0.162834
v -0.088553 0.303729 -0.068956
v -0.079046 0.188432 -0.127016
v -0.110904 0.123585 -0.179485
v -0.078935 0.207348 -0.127723
v -0.081808 0.191105 -0.136789
v -0.059474 0.250052 -0.099143
v -0.063387 0.263297 -0.090538
v -0.069285 0.270358 -0.090267
v -0.343240 0.188359 0.145302
v -0.341815 0.190548 0.162955
v -0.336014 0.189713 0.149118
v -0.349371 0.186041 0.160194
v -0.354346 0.181260 0.150857
v -0.354505 0.183435 0.146525
v -0.361926 0.181616 0.145577
v -0.314855 0.078447 0.147104
v -0.317992 0.069756 0.149418
v -0.317706 0.071248 0.137371
v -0.316771 0.068487 0.158127
v -0.313266 0.078268 0.137107
v -0.307939 0.085669 0.140627
v -0.327536 0.059895 0.153871
v -0.324405 0.062459 0.140835
v -0.322066 0.068069 0.135755
v -0.166097 0.326127 0.009789
v -0.166421 0.325734 0.016195
v -0.156157 0.320958 0.003653
v -0.149523 0.312967 0.005775
v -0.175831 0.326778 0.017334
v -0.173990 0.322550 0.021860
v -0.141608 0.311480 0.004769
v -0.144053 0.317824 -0.001292
v -0.143086 0.145265 -0.144512
v -0.139518 0.148254 -0.143218
v -0.142681 0.132690 -0.142278
v -0.150006 0.123878 -0.144578
v -0.135738 0.164002 -0.142914
v -0.135313 0.158077 -0.142575
v -0.116488 0.214788 -0.150920
v -0.115577 0.201164 -0.146951
v -0.124203 0.204143 -0.146068
v -0.123471 0.185659 -0.149623
v -0.131424 0.178587 -0.147755
v -0.340746 0.039348 0.154274
v -0.327000 0.038319 0.151299
v -0.335831 0.027773 0.151349
v -0.328757 0.049988 0.149548
v -0.341641 0.049275 0.151223
v -0.314688 0.049410 0.140755
v -0.312682 0.053275 0.135518
v -0.307291 0.045071 0.137283
v -0.300567 0.041587 0.133544
v -0.004263 0.350730 -0.142558
v 0.006032 0.352623 -0.139949
v -0.002242 0.355106 -0.129147
v 0.006343 0.354044 -0.121619
v 0.012893 0.349255 -0.146531
v 0.001548 0.352918 -0.148477
v 0.001363 0.359597 -0.121701
v -0.386277 0.047809 0.137452
v -0.380960 0.050603 0.127922
v -0.378424 0.036152 0.135257
v -0.376551 0.040534 0.127880
v -0.185639 0.150832 -0.146766
v -0.184903 0.158115 -0.139910
v -0.175566 0.167214 -0.146445
v -0.191756 0.146201 -0.142590
v -0.177137 0.166255 -0.133656
v -0.173572 0.167433 -0.138142
v -0.172859 0.172151 -0.138752
v -0.170914 0.175745 -0.143121
v -0.409820 0.051719 0.142828
v -0.404940 0.052327 0.146853
v -0.409930 0.038988 0.144374
v -0.402195 0.035066 0.150682
v -0.397392 0.050755 0.151927
v -0.412675 0.046237 0.137439
v -0.400120 0.031613 0.150815
v -0.410298 0.050517 0.125612
v -0.396174 0.052710 0.161359
v -0.394139 0.039925 0.173343
v -0.397759 0.037937 0.161419
v -0.392567 0.049741 0.173296
v -0.391189 0.053474 0.170317
v -0.425440 0.063643 0.140387
v -0.443499 0.056536 0.144175
v -0.426422 0.056009 0.145013
v 0.064872 -0.017455 0.085192
v 0.069797 -0.024485 0.078326
v 0.079496 -0.028518 0.078755
v 0.061394 -0.019362 0.080135
v 0.083608 -0.029847 0.068570
v -0.420834 0.072083 0.179209
v -0.427942 0.070016 0.189481
v -0.421086 0.072622 0.199843
v -0.428927 0.071010 0.182274
v -0.429638 0.074341 0.180180
v -0.419615 0.076098 0.175542
v -0.406928 0.188709 0.150471
v -0.402818 0.186948 0.153959
v -0.401433 0.182261 0.141178
v -0.412006 0.192722 0.155231
v -0.390930 0.180828 0.144658
v -0.402232 0.178384 0.132567
v -0.392890 0.186959 0.152833
v -0.379649 0.182713 0.142697
v 0.081774 0.189421 -0.207106
v 0.081157 0.183618 -0.197440
v 0.082922 0.176959 -0.207780
v 0.082880 0.169845 -0.196517
v 0.080914 0.177453 -0.213732
v 0.085050 0.193103 -0.199122
v 0.083793 0.200757 -0.196794
v 0.076202 0.171437 -0.209265
v -0.088266 0.152541 -0.172238
v -0.098170 0.135515 -0.175513
v -0.095492 0.144416 -0.177886
v -0.108411 0.126229 -0.181617
v -0.106105 0.121020 -0.173291
v -0.087054 0.153977 -0.166513
v -0.110904 0.123585 -0.179485
v -0.077195 0.159999 -0.169520
v -0.085092 0.160517 -0.177988
v -0.083805 0.170995 -0.174333
v -0.075871 0.174597 -0.163795
v -0.091145 0.153969 -0.173899
v -0.079109 0.184327 -0.163052
v 0.432143 0.102533 0.033837
v 0.437601 0.111646 0.041077
v 0.443107 0.099798 0.041419
v 0.432312 0.116263 0.037501
v 0.447910 0.089417 0.050833
v 0.449710 0.087208 0.047392
v 0.442689 0.092553 0.041843
v 0.433348 0.097843 0.041641
v 0.445193 0.082222 0.049974
v 0.420890 0.101013 0.036913
v -0.385623 0.047875 0.120886
v -0.384875 0.038655 0.122575
v -0.393311 0.040771 0.116333
v -0.396228 0.046989 0.111175
v -0.395508 0.039062 0.114746
v -0.395996 0.041443 0.113403
v -0.372140 0.038983 0.124112
v -0.366079 0.045475 0.122341
v -0.361757 0.036915 0.123553
v -0.378477 0.031362 0.119087
v -0.384111 0.030709 0.120103
v 0.131243 0.173745 0.060330
v 0.116751 0.176227 0.054798
v 0.127596 0.179962 0.066614
v 0.119122 0.159983 0.056233
v 0.131164 0.148323 0.061088
v 0.120719 0.141366 0.056999
v 0.135592 0.147241 0.074935
v 0.126794 0.140605 0.063794
v 0.130631 0.136754 0.071541
v 0.122709 0.130361 0.075219
v 0.127270 0.135503 0.082495
v 0.135070 0.156585 0.074714
v 0.133309 0.166527 0.064956
v 0.111954 0.135114 0.066670
v 0.116471 0.138753 0.063773
v -0.405686 0.071311 0.107517
v -0.399081 0.061846 0.115405
v -0.407157 0.057621 0.108508
v -0.410870 0.066862 0.103708
v 0.190379 0.331876 -0.095039
v 0.189892 0.334148 -0.115372
v 0.192146 0.329275 -0.112581
v 0.195091 0.329041 -0.088289
v 0.198465 0.330050 -0.108997
v 0.197179 0.328509 -0.124624
v 0.187602 0.325213 -0.117101
v -0.075474 0.379265 -0.068237
v -0.073794 0.365760 -0.067395
v -0.084985 0.372334 -0.065624
v -0.073030 0.387831 -0.072125
v -0.071841 0.371738 -0.083750
v -0.071985 0.362495 -0.072734
v -0.380454 0.197122 0.150203
v -0.372611 0.203492 0.146277
v -0.376802 0.188969 0.145807
v -0.374029 0.183429 0.141602
v -0.390944 0.195361 0.152136
v -0.392890 0.186959 0.152833
v -0.379649 0.182713 0.142697
v -0.370417 0.202771 0.139552
v 0.187138 -0.251053 0.021777
v 0.189530 -0.252942 0.031647
v 0.178731 -0.261768 0.029375
v 0.172052 -0.265480 0.040892
v 0.188531 -0.252374 0.039615
v 0.174025 -0.256737 0.052508
v 0.156961 -0.258864 0.055946
v 0.157869 -0.268943 0.039537
v 0.161345 -0.264816 0.021579
v 0.158935 -0.269025 0.026489
v 0.168984 -0.261100 0.021012
v 0.188509 -0.253184 0.019724
v 0.157119 -0.265257 0.020879
v 0.144262 -0.264209 0.028299
v 0.148451 -0.265545 0.041217
v -0.039989 0.083272 0.120469
v -0.045398 0.059641 0.119200
v -0.041338 0.057859 0.121845
v -0.044037 0.046262 0.120479
v -0.038115 0.071133 0.124733
v -0.040726 0.036318 0.119625
v -0.037384 0.081648 0.121052
v -0.033679 0.103787 0.119250
v -0.027880 0.145027 0.116825
v -0.044376 0.022271 0.120269
v -0.045331 -0.008009 0.121188
v 0.433437 0.101136 0.047273
v 0.445193 0.082222 0.049974
v 0.447910 0.089417 0.050833
v 0.168635 -0.354207 -0.021529
v 0.169387 -0.357651 -0.013765
v 0.185356 -0.355062 -0.005877
v 0.177652 -0.356852 -0.006111
v 0.189626 -0.357656 -0.001418
v 0.204580 -0.353733 -0.003201
v 0.208929 -0.355736 0.000603
v 0.214817 -0.353134 -0.007798
v 0.217662 -0.353895 -0.005099
v 0.222265 -0.352744 -0.017491
v 0.226985 -0.353395 -0.015753
v 0.224585 -0.353039 -0.032732
v 0.229351 -0.353976 -0.032853
v 0.227421 -0.353645 -0.045727
v 0.221652 -0.353550 -0.056607
v 0.440147 0.099422 -0.003451
v 0.438758 0.091300 0.000494
v 0.445085 0.079663 0.000632
v 0.434583 0.098814 0.004130
v 0.439320 0.107685 0.003326
v 0.444770 0.080474 -0.006346
v 0.441845 0.075540 -0.000591
v -0.028991 0.218794 -0.139638
v -0.015451 0.220887 -0.137401
v -0.027742 0.216088 -0.135248
v -0.018632 0.211060 -0.129883
v -0.018595 0.203157 -0.128649
v -0.016186 0.435817 -0.060700
v -0.011251 0.429996 -0.054102
v -0.020592 0.436683 -0.046232
v -0.017604 0.432952 -0.043136
v -0.019915 0.438663 -0.052603
v -0.011263 0.424366 -0.057424
v -0.016359 0.439635 -0.038442
v -0.075474 0.379265 -0.068237
v -0.084985 0.372334 -0.065624
v -0.077849 0.365040 -0.060970
v -0.085588 0.366886 -0.055969
v -0.091299 0.378362 -0.065897
v -0.089060 0.363598 -0.058268
v -0.185181 -0.478271 -0.075806
v -0.171482 -0.480531 -0.071559
v -0.189941 -0.477783 -0.075806
v -0.185320 -0.475091 -0.082150
v -0.168309 -0.478379 -0.074708
v -0.194458 -0.475586 -0.077942
v -0.193237 -0.477295 -0.075867
v -0.160891 -0.478412 -0.065943
v -0.160310 -0.480463 -0.053582
v -0.197139 -0.477224 -0.077378
v -0.199178 -0.470141 -0.079803
v -0.206656 -0.475186 -0.070189
v -0.212084 -0.470350 -0.070813
v -0.217024 -0.473800 -0.062987
v -0.011616 0.473068 -0.014751
v -0.022531 0.471301 -0.024736
v -0.020519 0.468399 -0.012051
v -0.011942 0.475442 -0.003942
v -0.008285 0.479854 -0.007433
v -0.018517 0.464357 -0.013572
v -0.022103 0.463856 -0.023966
v -0.028037 0.456482 -0.023228
v -0.028136 0.456221 -0.017474
v -0.035201 0.454919 -0.022500
v -0.409942 0.120057 0.179801
v -0.406793 0.118165 0.174457
v -0.410682 0.099003 0.180418
v -0.413652 0.127261 0.175432
v -0.411419 0.127667 0.170085
v -0.407135 0.128176 0.157435
v -0.408684 0.132811 0.170051
v -0.401650 0.138588 0.164382
v -0.403428 0.132964 0.153358
v -0.177120 0.153080 -0.142724
v -0.177137 0.166255 -0.133656
v -0.181430 0.153696 -0.136715
v -0.173572 0.167433 -0.138142
v -0.170607 0.163912 -0.147032
v -0.164136 0.172735 -0.143343
v -0.177308 0.141686 -0.138643
v -0.172859 0.172151 -0.138752
v 0.054813 0.286495 -0.095404
v 0.061442 0.286253 -0.087948
v 0.041912 0.279215 -0.093533
v 0.074550 0.289121 -0.088386
v 0.066103 0.287450 -0.095955
v 0.187290 0.336255 -0.118091
v 0.178731 0.317815 -0.109067
v 0.187602 0.325213 -0.117101
v 0.189860 0.306465 -0.117550
v 0.173684 0.334464 -0.109983
v 0.183297 0.344937 -0.113049
v 0.175325 0.339632 -0.110439
v 0.169007 0.325882 -0.099122
v 0.167619 0.340537 -0.100547
v 0.186382 0.302426 -0.109169
v 0.193764 0.296645 -0.111663
v 0.197436 0.296809 -0.120022
v 0.190065 0.317971 -0.122613
v 0.197179 0.328509 -0.124624
v 0.178079 0.311852 -0.092765
v 0.167455 0.329871 -0.092106
v 0.178359 0.302979 -0.099490
v 0.195919 0.318264 -0.133066
v 0.172909 0.304819 -0.093655
v 0.173438 0.324588 -0.089631
v 0.178629 0.347275 -0.099200
v 0.204205 0.333347 -0.131406
v 0.215332 0.323827 -0.141416
v 0.210477 0.324713 -0.146811
v 0.224338 0.322718 -0.155996
v 0.199268 0.325269 -0.141370
v 0.223300 0.319452 -0.159589
v 0.196688 0.334004 -0.133292
v 0.189113 0.343556 -0.133164
v 0.192086 0.345508 -0.131263
v 0.182580 0.350370 -0.123881
v 0.196095 0.332685 -0.124474
v 0.197179 0.328509 -0.124624
v 0.208789 0.325524 -0.134514
v 0.223134 0.316894 -0.151587
v 0.187290 0.336255 -0.118091
v 0.183297 0.344937 -0.113049
v 0.176830 0.353624 -0.105404
v 0.178629 0.347275 -0.099200
v 0.176244 0.349456 -0.089951
v 0.180177 0.342305 -0.089949
v 0.189892 0.334148 -0.115372
v 0.171151 0.354093 -0.096760
v 0.175835 0.336560 -0.083376
v 0.168323 0.344891 -0.077097
v 0.185127 0.337474 -0.089691
v 0.189508 0.330305 -0.084700
v 0.195091 0.329041 -0.088289
v 0.192911 0.336429 -0.094347
v 0.078017 0.336582 -0.144003
v 0.079332 0.327038 -0.141933
v 0.065707 0.330511 -0.144373
v 0.065483 0.327248 -0.140166
v -0.320886 0.105887 0.161604
v -0.320578 0.095272 0.165805
v -0.323046 0.074649 0.162321
v 0.173625 0.345385 -0.105369
v 0.178629 0.347275 -0.099200
v 0.169859 0.338677 -0.089432
v 0.167619 0.340537 -0.100547
v 0.180177 0.342305 -0.089949
v 0.167455 0.329871 -0.092106
v -0.410870 0.066862 0.103708
v -0.424086 0.068472 0.107530
v -0.415031 0.070739 0.113900
v -0.405686 0.071311 0.107517
v -0.366079 0.045475 0.122341
v -0.367051 0.054344 0.101988
v -0.365179 0.047827 0.108242
v -0.363243 0.037246 0.120635
v -0.363842 0.053551 0.088930
v -0.361757 0.036915 0.123553
v -0.385983 0.195127 0.127116
v -0.375184 0.199360 0.127215
v -0.386136 0.186970 0.124740
v -0.377453 0.185568 0.126856
v -0.397873 0.194408 0.122378
v -0.376551 0.040534 0.127880
v -0.390707 0.050090 0.122458
v -0.384875 0.038655 0.122575
v -0.380960 0.050603 0.127922
v -0.395127 0.046072 0.118937
v -0.384111 0.030709 0.120103
v -0.393311 0.040771 0.116333
v -0.395508 0.039062 0.114746
v -0.404594 0.054104 0.126760
v -0.414329 0.054544 0.122256
v -0.378477 0.031362 0.119087
v -0.372140 0.038983 0.124112
v -0.361757 0.036915 0.123553
v -0.362577 0.040930 0.128250
v -0.395996 0.041443 0.113403
v -0.396228 0.046989 0.111175
v -0.399897 0.052175 0.110956
v -0.400985 0.053423 0.103158
v -0.408320 0.055067 0.104351
v -0.362464 0.036002 0.141867
v 0.189929 0.335591 -0.029579
v 0.177620 0.339279 -0.018908
v 0.178810 0.336281 -0.027124
v 0.189603 0.334640 -0.032168
v -0.307013 0.127353 0.102333
v -0.320123 0.138849 0.111676
v -0.311333 0.131064 0.112595
v -0.305426 0.127933 0.109014
v -0.322984 0.134551 0.103799
v -0.089692 0.356321 -0.083949
v -0.089550 0.357921 -0.077087
v -0.071985 0.362495 -0.072734
v -0.073794 0.365760 -0.067395
v -0.084544 0.366941 -0.097586
v -0.091040 0.362900 -0.095409
v -0.076614 0.363613 -0.091412
v -0.095221 0.369779 -0.098564
v -0.071841 0.371738 -0.083750
v -0.198269 -0.351707 -0.035322
v -0.202538 -0.352670 -0.045873
v -0.205535 -0.353860 -0.025109
v -0.193882 -0.348739 -0.054809
v -0.195702 -0.354193 -0.017326
v -0.200270 -0.355738 -0.009631
v -0.189409 -0.357084 -0.001407
v -0.175133 -0.356891 -0.001995
v -0.175306 -0.358503 0.001533
v -0.162352 -0.361661 -0.000970
v -0.157632 -0.361239 -0.007796
v -0.296535 0.129416 0.109802
v -0.286923 0.122254 0.115171
v -0.293815 0.124094 0.122165
v -0.301854 0.129126 0.115922
v -0.291139 0.130637 0.103322
v -0.354505 0.183435 0.146525
v -0.343240 0.188359 0.145302
v -0.342551 0.178266 0.144559
v -0.330633 0.183437 0.144874
v -0.336014 0.189713 0.149118
v 0.117527 -0.015051 0.053463
v 0.106317 -0.008052 0.056391
v 0.108473 -0.010580 0.064886
v 0.102272 -0.008519 0.062870
v 0.117310 -0.000267 0.041499
v 0.107148 -0.018491 0.069199
v -0.104073 0.328811 -0.065462
v -0.115033 0.324547 -0.067083
v -0.115098 0.329334 -0.062605
v -0.124317 0.324657 -0.066793
v -0.100501 0.337918 -0.060716
v -0.119980 0.320883 -0.071705
v -0.113236 0.343867 -0.060052
v -0.099376 0.345679 -0.062144
v -0.108953 0.356785 -0.054340
v -0.093038 0.360772 -0.052618
v -0.091643 0.370953 -0.047279
v -0.099962 0.376201 -0.046229
v -0.103623 0.391500 -0.039789
v -0.078417 0.382320 -0.039303
v -0.115662 0.363268 -0.054103
v -0.111605 0.382835 -0.049041
v -0.119773 0.372188 -0.052706
v -0.104180 0.385953 -0.045594
v -0.090538 0.389173 -0.034159
v -0.093571 0.399348 -0.031072
v -0.085351 0.395972 -0.028344
v -0.087482 0.403081 -0.023198
v -0.084257 0.405331 -0.015780
v -0.122957 0.370579 -0.063465
v -0.122296 0.347003 -0.069638
v -0.121163 0.371978 -0.055864
v -0.130265 0.353191 -0.083612
v -0.129811 0.366089 -0.079269
v -0.133877 0.358154 -0.082664
v 0.162469 0.299603 -0.100109
v 0.156862 0.287408 -0.099832
v 0.153497 0.285493 -0.101731
v 0.152832 0.278320 -0.100159
v 0.151855 0.277832 -0.100159
v 0.151855 0.275879 -0.099609
v 0.151489 0.275879 -0.099609
v 0.158833 0.307311 -0.099516
v 0.161011 0.307565 -0.097515
v 0.168411 0.306601 -0.098713
v 0.152368 0.286399 -0.096370
v 0.152985 0.298081 -0.097233
v 0.153573 0.306721 -0.097446
v 0.070287 0.111708 0.109167
v 0.070699 0.087313 0.111670
v 0.075582 0.073497 0.114749
v 0.072301 0.064274 0.112041
v 0.074829 0.038416 0.117549
v 0.067329 0.092311 0.106857
v 0.079605 0.045731 0.119068
v 0.077220 0.019692 0.120754
v 0.080515 0.013877 0.120224
v 0.074441 0.012821 0.114446
v -0.401650 0.138588 0.164382
v -0.390318 0.145328 0.156848
v -0.399952 0.134217 0.159768
v -0.380266 0.150160 0.159592
v -0.302543 0.067988 0.159518
v -0.292049 0.067218 0.159718
v -0.312116 0.060113 0.160585
v -0.316771 0.068487 0.158127
v -0.289795 0.069702 0.158936
v -0.289795 0.072388 0.159058
v -0.288330 0.070862 0.159180
v -0.288086 0.071167 0.159180
v -0.324424 0.058641 0.155951
v -0.327536 0.059895 0.153871
v -0.334246 0.051670 0.159694
v 0.083306 0.052916 0.084547
v 0.082036 0.029177 0.086371
v 0.087231 0.050061 0.087752
v 0.087770 0.067414 0.082346
v 0.082358 0.026728 0.090661
v -0.408010 0.062342 0.178926
v -0.406015 0.055381 0.178708
v -0.400328 0.062756 0.187204
v -0.397885 0.054253 0.190955
v -0.403414 0.050288 0.176982
v -0.409783 0.074353 0.189918
v -0.407882 0.072744 0.195930
v -0.407284 0.066131 0.202482
v -0.415142 0.071781 0.205587
v -0.421086 0.072622 0.199843
v -0.382797 0.048788 0.183827
v -0.393858 0.050869 0.178159
v -0.371959 0.044977 0.181288
v -0.381505 0.046450 0.196390
v -0.399771 0.055008 0.203872
v -0.381043 0.044550 0.188039
v -0.363022 0.042226 0.195847
v -0.354187 0.043465 0.180040
v -0.346743 0.042058 0.184873
v -0.340424 0.040750 0.179492
v -0.353650 0.045413 0.194800
v -0.344093 0.048799 0.172869
v -0.356852 0.048671 0.173823
v -0.344853 0.050788 0.154850
v -0.340916 0.048898 0.160830
v -0.360882 0.047131 0.154511
v -0.338553 0.039098 0.158296
v -0.333609 0.038380 0.155632
v -0.340746 0.039348 0.154274
v 0.073388 0.148484 -0.222810
v 0.074923 0.136841 -0.226055
v 0.072382 0.131002 -0.237127
v 0.075079 0.128865 -0.232812
v 0.068689 0.151346 -0.224764
v 0.073994 0.161282 -0.215762
v 0.076777 0.157136 -0.211952
v 0.080868 0.161772 -0.203573
v 0.076202 0.171437 -0.209265
v 0.082880 0.169845 -0.196517
v 0.067785 0.172934 -0.213452
v 0.073532 0.180664 -0.208278
v 0.078686 0.157460 -0.206028
v -0.287838 0.141592 0.111845
v -0.296535 0.129416 0.109802
v -0.291569 0.139694 0.115999
v -0.291139 0.130637 0.103322
v -0.301854 0.129126 0.115922
v -0.280456 0.142546 0.121474
v -0.276442 0.143483 0.115238
v -0.293729 0.135289 0.120272
v -0.225529 0.242058 0.019024
v -0.221995 0.233170 0.017291
v -0.221537 0.241760 0.006847
v -0.225118 0.245529 0.008400
v -0.231576 0.221645 0.030973
v -0.235738 0.233844 0.028868
v -0.222240 0.217391 0.029804
v -0.222544 0.205586 0.038287
v -0.214376 0.203015 0.035383
v -0.235925 0.217923 0.036495
v -0.235991 0.243642 0.021720
v -0.211450 0.186541 0.036281
v -0.206296 0.192045 0.031862
v -0.246241 0.219695 0.034680
v -0.256032 0.220462 0.036091
v -0.250433 0.201143 0.043064
v -0.236931 0.196665 0.043195
v -0.256491 0.209990 0.037993
v -0.283815 0.203742 0.045219
v -0.257720 0.226567 0.031704
v -0.230990 0.179437 0.041250
v -0.241491 0.178224 0.041379
v -0.255715 0.170581 0.042689
v -0.254468 0.176832 0.039449
v -0.271384 0.173613 0.043021
v -0.281395 0.163209 0.049431
v -0.286623 0.167958 0.047638
v -0.304558 0.165127 0.054251
v -0.300873 0.155855 0.055319
v -0.241476 0.192624 0.041174
v -0.276513 0.182903 0.048616
v -0.269252 0.191591 0.046085
v -0.291538 0.182006 0.050403
v -0.302756 0.174165 0.056110
v -0.285939 0.191754 0.043603
v -0.262861 0.201495 0.038369
v -0.294990 0.198147 0.046754
v -0.301913 0.181640 0.048534
v -0.315834 0.183475 0.052691
v -0.315888 0.175568 0.054155
v -0.311104 0.174907 0.052397
v -0.185361 0.205132 0.032822
v -0.322061 0.176786 0.051476
v -0.187180 0.197650 0.030809
v -0.319421 0.163132 0.068399
v -0.313510 0.144476 0.066981
v -0.331217 0.167912 0.068909
v -0.324372 0.150666 0.078791
v -0.333837 0.151532 0.085124
v -0.339972 0.158858 0.079615
v -0.331233 0.139066 0.091223
v -0.214741 0.179655 0.035176
v -0.303420 0.144409 0.057264
v -0.291799 0.150242 0.048403
v -0.277740 0.152797 0.040692
v -0.169219 0.185493 0.016726
v -0.325342 0.133311 0.079143
v -0.159930 0.200018 0.020666
v -0.162071 0.209467 0.026562
v -0.231378 0.165750 0.033951
v -0.250542 0.162458 0.036436
v -0.154623 0.200830 0.019681
v -0.139115 0.230029 0.031090
v -0.263915 0.156397 0.035799
v -0.129448 0.222641 0.020786
v -0.121350 0.241532 0.028551
v -0.112365 0.235796 0.022034
v -0.113808 0.254253 0.033641
v -0.283770 0.215606 0.028957
v -0.234857 0.247764 0.013275
v -0.303807 0.200142 0.037926
v -0.193066 0.189684 0.025558
v -0.190468 0.179124 0.020763
v -0.275483 0.150598 0.036979
v -0.162990 -0.483409 -0.066943
v -0.171482 -0.480531 -0.071559
v -0.160310 -0.480463 -0.053582
v -0.157522 -0.482888 -0.051013
v -0.179899 -0.482201 -0.079811
v -0.189941 -0.477783 -0.075806
v -0.197139 -0.477224 -0.077378
v -0.193237 -0.477295 -0.075867
v -0.196811 -0.480912 -0.081172
v -0.206656 -0.475186 -0.070189
v -0.210046 -0.480285 -0.075078
v -0.217024 -0.473800 -0.062987
v -0.201338 0.281285 0.014201
v -0.206308 0.276262 0.011383
v -0.189408 0.276016 0.005684
v -0.206347 0.285923 0.015765
v -0.195024 0.261227 0.005882
v -0.207002 0.267311 0.008512
v -0.186207 0.275189 0.003088
v -0.200363 0.255058 0.009554
v -0.211460 0.257424 0.008484
v -0.213979 0.247995 0.008130
v -0.181430 0.153696 -0.136715
v -0.191756 0.146201 -0.142590
v -0.183051 0.142394 -0.142315
v -0.184903 0.158115 -0.139910
v -0.177137 0.166255 -0.133656
v -0.181769 0.130080 -0.140241
v -0.177308 0.141686 -0.138643
v -0.409969 0.051876 0.091245
v -0.395501 0.051240 0.104916
v -0.400945 0.049318 0.099981
v -0.400570 0.041881 0.102459
v -0.411811 0.044285 0.098068
v -0.396228 0.046989 0.111175
v -0.388479 0.054368 0.085618
v -0.382333 0.054398 0.106521
v -0.382612 0.055075 0.086809
v -0.399241 0.053176 0.075461
v -0.367051 0.054344 0.101988
v -0.363842 0.053551 0.088930
v -0.385623 0.047875 0.120886
v -0.366079 0.045475 0.122341
v -0.408967 0.054083 0.082733
v -0.415327 0.046707 0.100198
v -0.154580 -0.144149 0.051502
v -0.146822 -0.148549 0.047526
v -0.145965 -0.152149 0.054183
v -0.141070 -0.157902 0.050404
v -0.144700 -0.149534 0.035476
v -0.141216 -0.155251 0.059035
v -0.149074 -0.138149 0.040860
v -0.146512 -0.134653 0.029274
v 0.420583 0.123563 0.045836
v 0.410203 0.130712 0.043528
v 0.419863 0.119402 0.054534
v 0.407025 0.123490 0.049400
v 0.402226 0.124462 0.038284
v -0.354505 0.183435 0.146525
v -0.368165 0.193771 0.141660
v -0.361926 0.181616 0.145577
v -0.360531 0.196042 0.143867
v -0.368278 0.182093 0.142436
v 0.142016 0.313294 -0.055536
v 0.159128 0.316925 -0.069633
v 0.151715 0.315130 -0.058761
v 0.148835 0.312825 -0.053886
v 0.152218 0.317961 -0.070101
v 0.125303 0.322489 -0.066828
v 0.136258 0.326125 -0.068399
v 0.129064 0.321309 -0.059820
v 0.137119 0.318844 -0.056080
v 0.142460 0.324815 -0.068217
v 0.139778 0.336112 -0.080162
v 0.133081 0.334471 -0.081702
v 0.148731 0.333341 -0.080232
v 0.156015 0.329103 -0.081488
v -0.031267 0.479447 0.015791
v -0.022855 0.482366 0.014408
v -0.025790 0.471093 0.007213
v 0.111954 0.135114 0.066670
v 0.122709 0.130361 0.075219
v 0.116428 0.135213 0.078999
v 0.127270 0.135503 0.082495
v -0.204465 0.328603 -0.049855
v -0.195580 0.330617 -0.044059
v -0.208240 0.326421 -0.043814
v -0.184922 0.336152 -0.043396
v -0.215353 0.316173 -0.052554
v -0.218349 0.310997 -0.051770
v -0.185179 0.340880 -0.039678
v -0.170113 0.342501 -0.046755
v -0.169915 0.345576 -0.042776
v -0.148859 0.347554 -0.049839
v -0.197171 0.334857 -0.040644
v -0.212284 0.327426 -0.044549
v -0.221899 0.320869 -0.048285
v -0.176646 0.347615 -0.044122
v -0.147790 0.350938 -0.046222
v -0.164105 0.353727 -0.048446
v -0.142278 0.358433 -0.047920
v -0.131698 0.366119 -0.047527
v -0.129966 0.372391 -0.048372
v -0.120386 0.353421 -0.053333
v -0.110534 0.368592 -0.046976
v -0.129322 0.346501 -0.053931
v -0.120188 0.343201 -0.057506
v -0.109541 0.350347 -0.052264
v -0.123800 0.372110 -0.042291
v -0.098462 0.354811 -0.046528
v -0.109726 0.335525 -0.054462
v -0.098395 0.371905 -0.040197
v -0.109363 0.378124 -0.034952
v -0.094573 0.379389 -0.036957
v -0.101418 0.384441 -0.028974
v -0.084227 0.383689 -0.029062
v -0.095400 0.390024 -0.023160
v -0.079486 0.390123 -0.022516
v -0.088045 0.394359 -0.017437
v -0.075522 0.393359 -0.017799
v -0.078484 0.405521 -0.007679
v -0.070431 0.399300 -0.010872
v -0.068379 0.408880 -0.005588
v -0.070233 0.417274 -0.000934
v -0.063073 0.413074 -0.003412
v -0.057275 0.424452 0.007332
v -0.061446 0.408317 -0.003374
v -0.060543 0.430509 0.008469
v -0.044603 0.430942 0.014086
v -0.053783 0.436462 0.015223
v -0.044639 0.440022 0.017319
v -0.043354 0.451202 0.022895
v -0.125652 0.338237 -0.064308
v -0.037171 0.448094 0.025334
v -0.185639 0.150832 -0.146766
v -0.177120 0.153080 -0.142724
v -0.183051 0.142394 -0.142315
v -0.170607 0.163912 -0.147032
v -0.181769 0.130080 -0.140241
v -0.191756 0.146201 -0.142590
v -0.177308 0.141686 -0.138643
v -0.175566 0.167214 -0.146445
v -0.170914 0.175745 -0.143121
v -0.071548 0.358343 -0.086896
v -0.057659 0.357662 -0.085411
v -0.067270 0.354002 -0.079502
v -0.079804 0.349110 -0.083074
v -0.075899 0.360743 -0.093982
v -0.087760 0.348948 -0.086514
v -0.098022 0.362602 -0.101458
v -0.100624 0.353666 -0.100050
v -0.084544 0.366941 -0.097586
v -0.104032 0.358695 -0.100848
v -0.095221 0.369779 -0.098564
v -0.082647 0.331161 -0.090531
v -0.075792 0.322827 -0.098715
v -0.087985 0.322309 -0.097590
v -0.086663 0.308843 -0.107074
v -0.071952 0.345078 -0.083140
v -0.096113 0.315119 -0.105716
v -0.089900 0.336015 -0.091402
v -0.099549 0.303643 -0.107153
v -0.095191 0.327936 -0.101021
v -0.098493 0.341973 -0.103177
v -0.100397 0.328396 -0.109410
v -0.105326 0.308949 -0.118886
v -0.104161 0.294405 -0.105702
v -0.091293 0.299814 -0.104875
v -0.083893 0.290586 -0.099917
v -0.085458 0.300690 -0.100294
v -0.109158 0.301703 -0.121660
v -0.107414 0.289309 -0.114214
v -0.102124 0.267662 -0.117190
v -0.108707 0.259752 -0.133298
v -0.102036 0.245980 -0.130608
v -0.109846 0.243602 -0.146675
v -0.100389 0.231021 -0.135164
v -0.106183 0.224591 -0.140151
v -0.111751 0.225312 -0.150508
v -0.111113 0.214385 -0.151575
v -0.103832 0.206346 -0.146366
v -0.111044 0.203616 -0.155082
v -0.103023 0.188714 -0.153742
v -0.110253 0.178031 -0.160612
v -0.114436 0.192495 -0.161826
v -0.116906 0.180954 -0.164140
v -0.115936 0.167225 -0.168265
v -0.122214 0.168434 -0.171264
v -0.121876 0.156385 -0.173908
v -0.116488 0.214788 -0.150920
v -0.108125 0.289499 -0.121997
v -0.104691 0.140668 -0.173781
v -0.108411 0.126229 -0.181617
v -0.110904 0.123585 -0.179485
v -0.095492 0.144416 -0.177886
v -0.091145 0.153969 -0.173899
v -0.100638 0.150598 -0.167567
v -0.098677 0.161374 -0.165581
v -0.100196 0.172648 -0.161056
v -0.080762 0.215945 -0.141475
v -0.069402 0.231047 -0.137980
v -0.069026 0.209879 -0.149806
v -0.057536 0.219048 -0.150515
v -0.051065 0.248837 -0.139213
v -0.066574 0.245191 -0.132806
v -0.059993 0.264109 -0.126144
v -0.058461 0.189497 -0.169094
v -0.070563 0.187272 -0.161068
v -0.085937 0.199249 -0.150304
v -0.079824 0.242621 -0.129515
v -0.054402 0.270615 -0.122759
v -0.041926 0.274329 -0.131284
v -0.065954 0.266108 -0.119333
v -0.076382 0.271428 -0.112523
v -0.066280 0.290726 -0.104150
v -0.043127 0.285032 -0.119810
v -0.046769 0.298004 -0.112466
v -0.080676 0.257242 -0.120494
v -0.093619 0.219762 -0.137742
v -0.089654 0.247411 -0.126915
v -0.046571 0.238540 -0.149603
v -0.061713 0.169661 -0.171669
v -0.075871 0.174597 -0.163795
v -0.077195 0.159999 -0.169520
v -0.077272 0.293789 -0.101001
v -0.062403 0.301961 -0.104459
v -0.094970 0.278255 -0.108493
v -0.092295 0.257303 -0.120316
v -0.079109 0.184327 -0.163052
v -0.089372 0.173841 -0.164157
v -0.042845 0.224137 -0.162240
v -0.044906 0.215688 -0.164676
v -0.054539 0.186821 -0.175962
v -0.039337 0.293495 -0.121502
v -0.038975 0.258807 -0.149663
v -0.075611 0.152128 -0.169558
v -0.072871 0.137285 -0.176844
v -0.060180 0.161608 -0.177589
v -0.061327 0.145385 -0.183070
v -0.062494 0.134307 -0.189717
v -0.074425 0.126820 -0.188060
v -0.069363 0.121106 -0.191280
v -0.076495 0.115163 -0.193845
v -0.065331 0.117917 -0.196966
v -0.087054 0.153977 -0.166513
v -0.039732 0.245491 -0.156045
v -0.074253 0.300226 -0.104687
v 0.083090 -0.053944 0.084777
v 0.059139 -0.051315 0.089465
v 0.065911 -0.049791 0.092210
v 0.061087 -0.052503 0.098500
v 0.079754 -0.053841 0.089479
v 0.089491 -0.056974 0.088838
v 0.179821 0.344663 -0.023704
v 0.172731 0.345187 -0.018561
v 0.177620 0.339279 -0.018908
v 0.189929 0.335591 -0.029579
v 0.163784 0.351180 -0.023986
v 0.153801 0.356831 -0.022756
v 0.152857 0.357127 -0.030215
v 0.144418 0.360508 -0.029283
v 0.174173 0.345891 -0.027726
v 0.189603 0.334640 -0.032168
v 0.161411 0.349389 -0.030843
v 0.136429 0.362368 -0.030845
v -0.348623 0.134975 0.204430
v -0.350915 0.129887 0.208949
v -0.343643 0.128480 0.199382
v -0.339629 0.142275 0.203855
v -0.348736 0.123865 0.197058
v -0.340911 0.132161 0.191365
v -0.330798 0.132209 0.188776
v -0.324018 0.137931 0.195660
v -0.335598 0.140031 0.195670
v -0.323308 0.135044 0.193419
v -0.063387 0.263297 -0.090538
v -0.048615 0.249129 -0.089647
v -0.055961 0.254417 -0.084740
v -0.069285 0.270358 -0.090267
v -0.070073 0.259586 -0.078438
v -0.050373 0.240650 -0.083110
v -0.037086 0.239768 -0.087576
v -0.102995 0.326754 -0.056785
v -0.095305 0.320436 -0.061711
v -0.102264 0.323098 -0.055478
v -0.095630 0.311967 -0.061119
v -0.088553 0.303729 -0.068956
v -0.090012 0.294608 -0.066750
v -0.082667 0.290675 -0.075332
v -0.120286 0.324565 -0.046082
v -0.111584 0.281932 -0.063621
v -0.131172 0.281863 -0.058061
v -0.129439 0.308077 -0.050801
v -0.146274 0.301868 -0.045769
v -0.147850 0.284248 -0.051134
v -0.147538 0.269064 -0.057634
v -0.162307 0.276413 -0.047260
v -0.093606 0.279657 -0.068271
v -0.075336 0.275231 -0.076809
v -0.114285 0.260488 -0.063687
v -0.094078 0.259303 -0.068135
v -0.144932 0.257312 -0.062189
v -0.164750 0.261827 -0.056054
v -0.169903 0.244708 -0.055098
v -0.184374 0.253537 -0.049457
v -0.182035 0.232433 -0.055239
v -0.197802 0.240317 -0.047169
v -0.207403 0.221734 -0.047616
v -0.188881 0.262838 -0.046915
v -0.202422 0.203250 -0.049491
v -0.181015 0.215772 -0.054743
v -0.220731 0.206820 -0.040815
v -0.166779 0.227814 -0.055882
v -0.154437 0.234590 -0.055331
v -0.172425 0.282003 -0.035601
v -0.226231 0.218556 -0.034805
v -0.230732 0.200379 -0.040606
v -0.250855 0.199352 -0.030831
v -0.249070 0.185218 -0.033167
v -0.231562 0.188094 -0.039616
v -0.102837 0.332312 -0.049609
v -0.252188 0.218587 -0.019055
v -0.266288 0.186252 -0.020093
v -0.184755 0.266008 -0.045463
v -0.087499 0.225709 -0.065224
v -0.074413 0.227761 -0.072548
v -0.055717 0.229883 -0.080880
v -0.067200 0.205476 -0.078008
v -0.106466 0.246060 -0.059714
v -0.079161 0.199962 -0.065307
v -0.214936 0.190758 -0.038732
v -0.129395 0.240154 -0.056663
v -0.280470 0.175229 -0.006497
v -0.145248 0.310368 -0.039441
v -0.217300 0.234270 -0.033152
v -0.265855 0.200509 -0.016521
v -0.294500 0.183495 0.006225
v -0.302704 0.166912 0.013341
v -0.324463 0.175493 0.034930
v -0.324089 0.159053 0.031714
v -0.308064 0.182261 0.019814
v -0.272395 0.208353 -0.004557
v -0.099125 0.216470 -0.052153
v -0.189186 0.259151 -0.045816
v -0.109364 0.232630 -0.051222
v -0.233759 0.172324 -0.030529
v -0.317001 0.150332 0.031595
v -0.324102 0.145702 0.035018
v -0.335761 0.156161 0.041326
v -0.324879 0.172596 0.037412
v -0.341037 0.143746 0.050561
v -0.337175 0.164588 0.046604
v -0.256522 0.166495 -0.016578
v -0.197874 0.258690 -0.035270
v -0.171154 0.200710 -0.048260
v -0.298176 0.154243 0.019137
v -0.094066 0.195748 -0.047567
v -0.086396 0.185763 -0.054149
v -0.073204 0.188144 -0.069413
v -0.134823 0.228706 -0.052092
v -0.153214 0.215748 -0.049535
v -0.079893 0.169622 -0.063405
v -0.067324 0.188014 -0.071094
v -0.066366 0.169058 -0.071447
v -0.078370 0.156703 -0.061639
v -0.081013 0.125303 -0.062312
v -0.064819 0.112922 -0.072395
v -0.083259 0.099306 -0.061273
v -0.051263 0.165656 -0.079118
v -0.050091 0.111029 -0.079195
v -0.070536 0.081970 -0.064703
v -0.085294 0.068959 -0.057226
v -0.061706 0.056551 -0.062198
v -0.086362 0.047342 -0.054303
v -0.044687 0.059968 -0.070976
v -0.064197 0.027799 -0.066580
v -0.086907 0.028650 -0.055064
v -0.044211 0.045642 -0.073057
v -0.048146 0.027941 -0.074792
v -0.218704 0.180530 -0.035363
v -0.193441 0.194655 -0.044947
v -0.127745 0.228465 -0.050776
v -0.331614 0.136219 0.048176
v -0.206792 0.181039 -0.032969
v -0.070689 0.192193 -0.078193
v -0.344171 0.135579 0.060123
v -0.204580 0.264059 -0.052270
v -0.031267 0.479447 0.015791
v -0.030082 0.469565 0.012888
v -0.040803 0.468919 0.013385
v 0.099353 0.353745 -0.105292
v 0.103763 0.349460 -0.110014
v 0.091983 0.349474 -0.109160
v 0.105130 0.352789 -0.106645
v 0.095487 0.353302 -0.104184
v 0.087342 0.358775 -0.094888
v 0.111535 0.347691 -0.118289
v 0.095154 0.348633 -0.118774
v 0.101266 0.348602 -0.115368
v 0.096497 0.347900 -0.121582
v 0.095886 0.347900 -0.121399
v 0.100968 0.354044 -0.099988
v 0.081230 0.350192 -0.122761
v 0.087363 0.345994 -0.123316
v 0.084019 0.345686 -0.139405
v 0.179261 0.321208 -0.023305
v 0.183594 0.314209 -0.025085
v 0.188485 0.319021 -0.030820
v 0.180973 0.328826 -0.029264
v 0.177095 0.330608 -0.025611
v 0.185181 0.312744 -0.024857
v 0.185181 0.312500 -0.024857
v 0.185303 0.311279 -0.025574
v -0.082667 0.290675 -0.075332
v -0.076751 0.278195 -0.082937
v -0.075336 0.275231 -0.076809
v -0.069285 0.270358 -0.090267
v -0.070073 0.259586 -0.078438
v -0.090012 0.294608 -0.066750
v -0.083183 0.283837 -0.085690
v -0.077974 0.272538 -0.105143
v -0.415498 0.076743 0.113738
v -0.419931 0.070755 0.109352
v -0.424086 0.068472 0.107530
v -0.428160 0.075155 0.105214
v -0.415031 0.070739 0.113900
v -0.424143 0.084826 0.105392
v -0.428237 0.081679 0.104592
v -0.440114 0.080997 0.099682
v -0.444216 0.076663 0.102671
v -0.107903 0.173130 -0.156609
v -0.117608 0.162362 -0.156144
v -0.116932 0.163937 -0.163704
v -0.115936 0.167225 -0.168265
v -0.121876 0.156385 -0.173908
v -0.110253 0.178031 -0.160612
v -0.331542 0.160470 0.141324
v -0.335061 0.164810 0.139139
v -0.331768 0.156230 0.132147
v -0.326347 0.149164 0.139193
v -0.341153 0.155359 0.125277
v -0.323397 0.148818 0.125937
v -0.334482 0.142696 0.118710
v -0.321719 0.133880 0.117418
v -0.321799 0.156259 0.130910
v -0.305458 0.150924 0.123463
v -0.297325 0.145505 0.120403
v -0.366024 0.194283 0.138269
v -0.360531 0.196042 0.143867
v -0.359220 0.182357 0.142338
v -0.354505 0.183435 0.146525
v -0.328874 0.145690 0.189463
v -0.334673 0.145577 0.185423
v -0.335598 0.140031 0.195670
v -0.324018 0.137931 0.195660
v -0.334026 0.157209 0.181891
v -0.008949 0.244280 -0.093647
v -0.016848 0.236535 -0.085122
v -0.018698 0.234757 -0.088705
v 0.001034 0.253151 -0.094205
v -0.024532 0.227124 -0.085703
v -0.003403 0.242834 -0.104563
v -0.021555 0.227531 -0.090611
v -0.018764 0.218360 -0.096528
v -0.017976 0.208278 -0.109533
v -0.003860 0.221860 -0.119314
v -0.015882 0.192965 -0.125253
v -0.017947 0.201193 -0.115412
v 0.003086 0.206416 -0.138284
v 0.006218 0.226212 -0.125749
v 0.013665 0.228721 -0.133577
v 0.009641 0.206267 -0.147049
v 0.014369 0.251449 -0.110442
v 0.024894 0.256724 -0.117996
v 0.029001 0.241999 -0.139289
v 0.024323 0.218373 -0.151093
v 0.001837 0.197107 -0.149155
v 0.034863 0.254693 -0.130197
v 0.039691 0.234754 -0.151187
v -0.005637 0.187070 -0.136493
v 0.038905 0.216084 -0.161040
v 0.026601 0.193543 -0.164807
v 0.016348 0.196599 -0.153901
v 0.038269 0.200516 -0.169519
v 0.033556 0.192591 -0.172490
v 0.017473 0.185439 -0.159182
v 0.014457 0.173505 -0.162383
v 0.018336 0.177059 -0.165831
v 0.012765 0.164773 -0.165667
v -0.014746 0.186087 -0.132107
v 0.012496 0.160117 -0.170907
v 0.036007 0.267365 -0.112274
v 0.012780 0.257760 -0.093151
v 0.041817 0.251377 -0.136171
v 0.031293 0.268665 -0.093081
v 0.045309 0.273909 -0.107810
v 0.041912 0.279215 -0.093533
v 0.054813 0.286495 -0.095404
v -0.004278 0.192850 -0.153452
v -0.001123 0.183618 -0.161456
v -0.005166 0.193424 -0.147737
v 0.141551 0.166374 -0.172951
v 0.130419 0.178154 -0.167246
v 0.140218 0.168106 -0.165559
v 0.008459 0.490578 -0.018090
v 0.017218 0.492774 -0.018093
v 0.006831 0.477920 -0.017989
v 0.017265 0.478035 -0.021188
v 0.003270 0.487101 -0.015738
v 0.022591 0.491239 -0.022538
v 0.020710 0.496534 -0.016375
v 0.013830 0.469530 -0.029742
v 0.021065 0.477985 -0.028201
v 0.021841 0.463961 -0.039435
v 0.013025 0.495872 -0.011253
v 0.018476 0.462174 -0.034393
v 0.004347 0.463568 -0.032942
v 0.002548 0.474484 -0.026145
v 0.002338 0.454508 -0.043596
v 0.016627 0.453479 -0.041359
v 0.020049 0.447380 -0.045793
v 0.003458 0.442794 -0.046080
v 0.016371 0.433913 -0.053506
v 0.002414 0.433699 -0.055634
v -0.000160 0.426891 -0.062502
v 0.005000 0.421314 -0.073004
v 0.016797 0.428282 -0.071755
v 0.015892 0.425917 -0.086009
v 0.021748 0.434978 -0.071134
v 0.025394 0.456493 -0.053544
v 0.023897 0.481850 -0.033534
v 0.025738 0.469388 -0.045896
v 0.022556 0.442410 -0.064491
v 0.006746 0.423127 -0.088708
v -0.022855 0.482366 0.014408
v -0.027586 0.472822 0.018974
v -0.016985 0.480380 0.021586
v -0.016650 0.488778 0.017221
v -0.022757 0.474791 0.026477
v -0.030473 0.468796 0.025735
v -0.015322 0.487596 0.011192
v -0.005492 0.495829 0.013183
v -0.031267 0.479447 0.015791
v -0.017401 0.485213 0.026284
v 0.023601 0.500862 0.011136
v 0.018494 0.495185 0.012881
v 0.023570 0.497517 0.015774
v 0.016108 0.499238 0.012477
v 0.012984 0.495024 0.024447
v 0.016815 0.490621 0.033697
v 0.018173 0.495957 0.023346
v 0.010405 0.499267 0.010549
v 0.023937 0.495153 0.025717
v 0.019154 0.492961 0.035422
v 0.006558 0.490091 0.028213
v 0.012776 0.487958 0.041785
v 0.006644 0.492698 0.015653
v 0.004764 0.479704 0.045435
v 0.002682 0.485139 0.033868
v 0.012147 0.475048 0.056607
v 0.001067 0.497888 0.010018
v -0.001464 0.482833 0.041351
v -0.002097 0.479081 0.047821
v -0.007495 0.482731 0.029507
v -0.013058 0.474979 0.034554
v 0.000608 0.493349 0.028379
v -0.006442 0.490714 0.017585
v -0.007351 0.488603 0.024470
v 0.018899 0.483979 0.045172
v 0.009102 0.467264 0.059811
v 0.000299 0.466555 0.058344
v 0.005314 0.460009 0.065949
v 0.022984 0.462231 0.067332
v 0.012544 0.455295 0.070185
v -0.011423 0.481870 0.021011
v 0.015592 0.473948 0.054743
v 0.022343 0.476323 0.055593
v 0.028459 0.474331 0.052695
v 0.031387 0.483375 0.043539
v 0.032768 0.475519 0.052281
v 0.037613 0.462187 0.063421
v 0.027091 0.487489 0.034891
v 0.031537 0.490589 0.029526
v 0.028447 0.492961 0.016629
v 0.034112 0.495243 0.021218
v 0.037507 0.497651 0.010669
v 0.041522 0.490295 0.012960
v -0.360951 0.039184 0.146895
v -0.350444 0.035977 0.150456
v -0.362437 0.030004 0.148144
v -0.340746 0.039348 0.154274
v -0.351553 0.045828 0.145810
v -0.341641 0.049275 0.151223
v -0.015322 0.487596 0.011192
v -0.017505 0.490395 0.005839
v -0.018125 0.481068 0.013429
v -0.024925 0.484019 0.004549
v 0.410203 0.130712 0.043528
v 0.420583 0.123563 0.045836
v 0.417408 0.117337 0.042495
v 0.408823 0.124573 0.037727
v 0.402226 0.124462 0.038284
v 0.419972 0.116852 0.048659
v 0.418675 0.112333 0.046015
v 0.419863 0.119402 0.054534
v -0.401741 0.178444 0.149829
v -0.401433 0.182261 0.141178
v -0.403076 0.177246 0.146729
v -0.402232 0.178384 0.132567
v -0.403076 0.177246 0.149780
v -0.406928 0.188709 0.150471
v -0.428237 0.081679 0.104592
v -0.440114 0.080997 0.099682
v -0.437926 0.082845 0.109118
v -0.428925 0.080630 0.112715
v -0.424143 0.084826 0.105392
v -0.444216 0.076663 0.102671
v -0.425989 0.084937 0.116384
v 0.079496 -0.028518 0.078755
v 0.087039 -0.047003 0.080666
v 0.088314 -0.042296 0.084463
v 0.078283 -0.023034 0.081326
v 0.083090 -0.053944 0.084777
v -0.075611 0.152128 -0.169558
v -0.068802 0.144381 -0.166086
v -0.087054 0.153977 -0.166513
v -0.013615 0.489743 0.002770
v -0.015322 0.487596 0.011192
v -0.010698 0.482411 0.008096
v -0.017505 0.490395 0.005839
v -0.003349 0.490587 -0.000130
v -0.000198 0.492070 -0.006029
v 0.148731 0.333341 -0.080232
v 0.139778 0.336112 -0.080162
v 0.136943 0.329209 -0.088028
v -0.377231 0.046729 0.134698
v -0.386277 0.047809 0.137452
v -0.378424 0.036152 0.135257
v -0.254030 0.166203 0.020761
v -0.253616 0.162063 0.008731
v -0.249224 0.159923 0.022060
v -0.257000 0.166093 0.012803
v -0.265350 0.156509 0.007014
v -0.262949 0.165205 0.016981
v -0.275847 0.151237 0.015408
v -0.275583 0.159931 0.026790
v -0.390318 0.145328 0.156848
v -0.385123 0.144136 0.161250
v -0.399952 0.134217 0.159768
v -0.380266 0.150160 0.159592
v -0.395992 0.135640 0.165278
v -0.402398 0.125797 0.171817
v -0.407135 0.128176 0.157435
v -0.403428 0.132964 0.153358
v -0.406793 0.118165 0.174457
v -0.404389 0.115539 0.185668
v -0.410682 0.099003 0.180418
v -0.407379 0.096145 0.190140
v -0.412067 0.083323 0.178074
v -0.406229 0.079210 0.184411
v -0.413662 0.098427 0.178779
v -0.418106 0.087101 0.173522
v -0.415226 0.052720 0.138375
v -0.412675 0.046237 0.137439
v -0.415811 0.043178 0.139536
v -0.425477 0.053394 0.140210
v -0.409930 0.038988 0.144374
v -0.016186 0.435817 -0.060700
v -0.012576 0.436550 -0.059694
v -0.008301 0.424422 -0.057097
v -0.011263 0.424366 -0.057424
v 0.196479 -0.142136 0.031997
v 0.190315 -0.141180 0.042437
v 0.194163 -0.149984 0.036136
v 0.196228 -0.152439 0.026754
v 0.198078 -0.157847 0.014619
v 0.191916 -0.161054 0.016657
v 0.187930 -0.155842 0.027255
v 0.187425 -0.151075 0.038506
v -0.357361 0.058065 0.088226
v -0.363842 0.053551 0.088930
v -0.382612 0.055075 0.086809
v -0.169072 0.318421 0.009711
v -0.168541 0.315552 0.015722
v -0.177280 0.317880 0.016774
v -0.158324 0.308914 0.006350
v -0.157362 0.317396 0.001299
v -0.157197 0.303664 0.004361
v -0.175831 0.326778 0.017334
v -0.166097 0.326127 0.009789
v -0.156673 0.313626 -0.006613
v -0.155713 0.304232 -0.000993
v -0.154879 0.306294 -0.009831
v -0.145595 0.320746 -0.009043
v -0.316837 0.063652 0.117711
v -0.315682 0.064252 0.129769
v -0.315715 0.056062 0.127019
v -0.308299 0.059976 0.134932
v -0.314565 0.102724 0.093338
v -0.316550 0.103208 0.100464
v -0.321558 0.095017 0.100549
v -0.319376 0.093658 0.089126
v -0.308072 0.109049 0.101672
v -0.323984 0.081185 0.102780
v -0.320724 0.083441 0.086843
v -0.322175 0.076982 0.088602
v -0.323070 0.073377 0.104450
v -0.314460 0.090977 0.110344
v -0.312831 0.083456 0.115533
v -0.320197 0.073428 0.116299
v -0.308309 0.101000 0.106100
v -0.319290 0.075056 0.107094
v -0.322593 0.066182 0.112513
v -0.321483 0.058838 0.117956
v -0.307623 0.078590 0.118670
v -0.307929 0.068956 0.120950
v -0.306625 0.067652 0.131675
v -0.179575 0.238016 -0.135951
v -0.178462 0.235405 -0.129807
v -0.183772 0.230264 -0.142676
v -0.187432 0.224136 -0.142025
v -0.172235 0.236413 -0.129920
v -0.174140 0.250380 -0.132839
v -0.168267 0.250317 -0.125934
v 0.111385 0.354898 -0.135070
v 0.106951 0.349429 -0.131644
v 0.110998 0.348918 -0.125381
v 0.106015 0.355471 -0.146501
v 0.087644 0.296474 -0.094692
v 0.094168 0.293422 -0.084626
v 0.083820 0.291966 -0.087624
v 0.099352 0.299014 -0.089499
v 0.102157 0.299084 -0.080816
v 0.123023 0.326367 -0.078199
v 0.120171 0.323852 -0.065894
v 0.115346 0.325794 -0.078020
v 0.120496 0.326089 -0.084119
v 0.125303 0.322489 -0.066828
v 0.129064 0.321309 -0.059820
v 0.133723 0.319159 -0.075950
v 0.136273 0.318436 -0.083463
v 0.128182 0.323945 -0.094217
v 0.023482 0.329194 0.040587
v 0.032607 0.339887 0.044567
v 0.025079 0.338475 0.047491
v 0.038222 0.334088 0.035549
v 0.042826 0.347220 0.038068
v 0.053807 0.346559 0.024615
v 0.054968 0.360814 0.033163
v 0.036666 0.312133 0.032382
v 0.048689 0.320659 0.028306
v 0.059944 0.329000 0.021505
v 0.067532 0.346468 0.007717
v 0.018250 0.309606 0.033976
v 0.065277 0.095211 0.075193
v 0.066829 0.100358 0.086326
v 0.059700 0.102928 0.084383
v -0.005166 0.193424 -0.147737
v 0.001837 0.197107 -0.149155
v -0.005637 0.187070 -0.136493
v 0.431600 0.129168 0.014063
v 0.435344 0.123471 0.022933
v 0.435784 0.122213 0.010773
v 0.439320 0.107685 0.003326
v 0.428142 0.121375 0.003172
v 0.436974 0.115488 0.010725
v 0.449421 0.095613 0.010476
v 0.450211 0.088380 0.008687
v 0.432584 0.111304 0.002220
v 0.451767 0.077114 0.017877
v 0.451061 0.070034 0.011014
v 0.448468 0.093211 0.015837
v 0.187242 0.285525 -0.042233
v 0.181465 0.296565 -0.033586
v 0.202226 0.275728 -0.034927
v 0.166885 0.304778 -0.042170
v 0.167725 0.310894 -0.029413
v 0.154307 0.315696 -0.041900
v 0.148835 0.312825 -0.053886
v 0.138550 0.326623 -0.042300
v 0.201999 0.264483 -0.046718
v 0.218127 0.260162 -0.036651
v 0.164942 0.290168 -0.057396
v 0.179311 0.272606 -0.060302
v 0.209308 0.246741 -0.054699
v 0.226033 0.256656 -0.034341
v 0.237208 0.238979 -0.047929
v 0.242268 0.248607 -0.034004
v 0.256213 0.239827 -0.034940
v 0.256371 0.223716 -0.048553
v 0.266009 0.225399 -0.041127
v 0.269033 0.211164 -0.048946
v 0.281196 0.226043 -0.033527
v 0.287092 0.210739 -0.040698
v 0.297790 0.213221 -0.032646
v 0.268981 0.234785 -0.034823
v 0.222363 0.236358 -0.054516
v 0.292175 0.193292 -0.044491
v 0.319311 0.193343 -0.029373
v 0.239904 0.214251 -0.057029
v 0.309972 0.175560 -0.040707
v 0.330948 0.165877 -0.031747
v 0.342441 0.169623 -0.022525
v 0.355873 0.154146 -0.020490
v 0.366165 0.160077 -0.010823
v 0.350252 0.171176 -0.014417
v 0.333731 0.187784 -0.017846
v 0.316266 0.206947 -0.017827
v 0.367278 0.146222 -0.013418
v 0.368126 0.153966 -0.010475
v 0.374357 0.141334 -0.011396
v 0.387947 0.138999 -0.006865
v 0.391237 0.144286 -0.000178
v 0.392915 0.127565 -0.009172
v 0.402735 0.131702 0.000948
v 0.368847 0.158920 -0.003073
v 0.296937 0.222010 -0.018316
v 0.397704 0.122927 -0.005572
v 0.360271 0.168044 -0.002027
v 0.367608 0.164408 -0.005351
v 0.337647 0.187944 -0.002663
v 0.142684 0.328816 -0.026021
v 0.128562 0.335932 -0.035003
v 0.155807 0.320595 -0.024498
v 0.388300 0.148445 0.010038
v 0.218539 0.263196 -0.020747
v 0.398052 0.139743 0.011693
v 0.410811 0.130892 0.012835
v 0.413136 0.125535 0.002875
v 0.126070 0.336419 -0.044926
v 0.141898 0.321060 -0.054012
v 0.243578 0.248942 -0.018855
v 0.424773 0.127740 0.013899
v 0.418505 0.119758 -0.002206
v 0.197535 0.280901 -0.022337
v 0.424642 0.113606 -0.009356
v 0.434640 0.108002 -0.005663
v 0.353790 0.173729 0.008351
v 0.366693 0.165589 0.011453
v 0.315855 0.207236 -0.006076
v 0.301246 0.217656 -0.007455
v 0.263681 0.233945 -0.012831
v 0.179431 0.298201 -0.022113
v 0.266013 0.232987 -0.026729
v 0.275540 0.229171 -0.017897
v 0.409035 0.130265 -0.000397
v 0.331832 0.192143 0.004969
v 0.316081 0.203542 0.007270
v 0.367716 0.159062 0.013191
v 0.404198 0.122675 -0.006795
v 0.416743 0.109636 -0.008504
v 0.392258 0.142223 0.020966
v 0.120598 0.357117 -0.040470
v 0.275745 0.227260 -0.005942
v 0.175670 0.297412 -0.006088
v 0.152144 0.319918 -0.010818
v 0.407409 0.129842 0.026568
v 0.154792 0.320610 -0.021723
v 0.140324 0.329164 -0.022969
v 0.195913 0.277394 -0.005479
v 0.122483 0.338575 -0.022093
v 0.118103 0.342730 -0.030934
v 0.110496 0.345784 -0.024566
v 0.110694 0.341925 -0.010295
v 0.098731 0.352122 -0.014553
v 0.425295 0.125025 0.019708
v 0.215618 0.259774 -0.004101
v 0.141323 0.324178 -0.007150
v 0.234084 0.250137 -0.007445
v 0.126691 0.331151 -0.006840
v 0.440147 0.099422 -0.003451
v 0.378372 0.150165 0.020468
v 0.436905 0.094974 -0.008997
v 0.252564 0.233812 0.003634
v 0.387475 0.143936 0.021579
v 0.101777 0.343648 -0.000539
v 0.120883 0.327156 0.006652
v 0.100686 0.345839 0.014430
v 0.087322 0.361387 -0.003435
v 0.081788 0.363397 0.002244
v 0.092364 0.351158 0.021779
v 0.101617 0.339423 0.032461
v 0.110868 0.327023 0.025107
v 0.105253 0.326861 0.051078
v 0.116741 0.318924 0.037674
v 0.114714 0.318545 0.053975
v 0.116023 0.321617 0.025942
v 0.110165 0.325485 0.018306
v 0.110275 0.314688 0.071072
v 0.092034 0.346458 0.031660
v 0.259017 0.227965 0.004791
v 0.289773 0.217222 0.004545
v 0.204120 0.264491 0.003774
v 0.144177 0.311486 0.012202
v 0.152398 0.306896 0.008865
v 0.094316 0.324875 0.063942
v 0.093275 0.332857 0.051252
v 0.211793 0.256075 0.005234
v 0.232284 0.242555 0.005055
v 0.363899 0.162711 0.018071
v 0.130501 0.310934 0.019427
v 0.093126 0.312913 0.083712
v 0.104656 0.311107 0.081186
v 0.184942 0.273899 0.007774
v 0.364814 0.155321 0.020354
v 0.092930 0.299389 0.105163
v 0.165915 0.289339 0.010442
v 0.394671 0.130633 0.033013
v 0.402226 0.124462 0.038284
v 0.408823 0.124573 0.037727
v 0.424779 0.119432 0.029901
v 0.432312 0.116263 0.037501
v 0.433814 0.111142 0.031590
v 0.417408 0.117337 0.042495
v 0.288951 0.207223 0.014492
v 0.298323 0.197873 0.019383
v 0.386110 0.130251 0.033472
v 0.418675 0.112333 0.046015
v 0.437601 0.111646 0.041077
v 0.084014 0.305790 0.092301
v 0.078185 0.293432 0.110343
v 0.447910 0.089417 0.050833
v 0.444770 0.080474 -0.006346
v -0.196184 0.260846 -0.042866
v -0.189186 0.259151 -0.045816
v -0.197874 0.258690 -0.035270
v -0.204580 0.264059 -0.052270
v -0.176012 0.249448 -0.121911
v -0.178758 0.253955 -0.125597
v -0.186713 0.241330 -0.127692
v -0.176094 0.262245 -0.115725
v -0.168776 0.255744 -0.117654
v -0.178462 0.235405 -0.129807
v -0.172235 0.236413 -0.129920
v -0.172734 0.263813 -0.111423
v -0.166541 0.265539 -0.111356
v -0.177518 0.270556 -0.107791
v -0.173255 0.271782 -0.101562
v -0.167785 0.283044 -0.092707
v -0.173544 0.286166 -0.086782
v -0.178776 0.281722 -0.092505
v -0.168267 0.250317 -0.125934
v -0.165442 0.296167 -0.084728
v -0.172951 0.295292 -0.079925
v -0.161204 0.301573 -0.080113
v -0.173431 0.303181 -0.073957
v -0.148383 0.302564 -0.081366
v -0.150016 0.292597 -0.087635
v -0.158396 0.283903 -0.094302
v -0.166593 0.280798 -0.098936
v -0.180941 0.300840 -0.079786
v -0.179770 0.294582 -0.084259
v -0.161190 0.308730 -0.078612
v -0.149002 0.314032 -0.080297
v -0.145441 0.302456 -0.085254
v -0.141367 0.311810 -0.080181
v -0.146380 0.313256 -0.077234
v -0.133956 0.320755 -0.064901
v -0.194340 0.227633 -0.127288
v -0.189864 0.227813 -0.134469
v -0.187432 0.224136 -0.142025
v -0.193369 0.225148 -0.142792
v -0.139299 0.322100 -0.067451
v -0.131689 0.326236 -0.057915
v -0.207445 0.224997 -0.127220
v -0.205123 0.219077 -0.127168
v -0.229552 0.208901 -0.125804
v -0.220231 0.207993 -0.127138
v -0.235850 0.197240 -0.128466
v -0.165894 0.262207 -0.116882
v -0.164062 0.263672 -0.115234
v -0.131642 0.322117 -0.071932
v -0.173738 0.311147 -0.076920
v -0.155278 0.288751 -0.094652
v 0.128814 0.167560 -0.167036
v 0.139063 0.161973 -0.163593
v 0.136139 0.163396 -0.158967
v 0.145553 0.155517 -0.153953
v 0.146803 0.153948 -0.159467
v 0.135158 0.169296 -0.172010
v 0.151064 0.154797 -0.155304
v -0.364086 0.146824 0.190599
v -0.359521 0.144368 0.202105
v -0.356842 0.148544 0.189876
v -0.048687 0.419270 -0.058740
v -0.055545 0.413828 -0.059666
v -0.049965 0.410993 -0.052915
v -0.043910 0.414246 -0.047146
v -0.042968 0.420472 -0.054208
v -0.037975 0.417541 -0.047831
v -0.060132 0.414463 -0.057297
v -0.062702 0.416501 -0.064040
v 0.036585 0.411321 0.070607
v 0.044561 0.409492 0.070664
v 0.037661 0.418908 0.078756
v 0.027118 0.412572 0.079872
v 0.047670 0.421389 0.073629
v 0.018756 0.419762 0.082007
v 0.034393 0.432264 0.078486
v 0.020964 0.438774 0.078336
v 0.032842 0.450115 0.072497
v 0.037060 0.400349 0.074082
v 0.040150 0.379777 0.073167
v 0.035178 0.387875 0.075483
v 0.024068 0.383894 0.078898
v 0.025371 0.377686 0.079006
v 0.025731 0.363711 0.075364
v 0.042249 0.358290 0.069361
v 0.026744 0.340460 0.069269
v 0.040398 0.338718 0.059148
v 0.046362 0.351637 0.064230
v 0.012544 0.455295 0.070185
v 0.022984 0.462231 0.067332
v 0.037613 0.462187 0.063421
v 0.028499 0.333004 0.060787
v 0.031573 0.394050 0.083811
v 0.023767 0.396380 0.085232
v 0.025641 0.389970 0.086723
v -0.083805 0.170995 -0.174333
v -0.085092 0.160517 -0.177988
v -0.091145 0.153969 -0.173899
v -0.089372 0.173841 -0.164157
v -0.079109 0.184327 -0.163052
v -0.060072 0.315185 -0.121598
v -0.057200 0.310078 -0.127410
v -0.066930 0.305331 -0.128754
v -0.071647 0.313935 -0.113293
v -0.055486 0.332453 -0.109418
v -0.053581 0.315413 -0.128420
v -0.067944 0.326185 -0.100638
v -0.075792 0.322827 -0.098715
v -0.086663 0.308843 -0.107074
v -0.064012 0.339774 -0.091933
v -0.071952 0.345078 -0.083140
v -0.057818 0.352053 -0.086775
v -0.067270 0.354002 -0.079502
v -0.051045 0.354897 -0.095076
v -0.082345 0.303030 -0.120966
v -0.091237 0.303177 -0.112772
v -0.099549 0.303643 -0.107153
v -0.080495 0.302162 -0.128155
v -0.057659 0.357662 -0.085411
v -0.048856 0.352535 -0.105508
v -0.051883 0.335740 -0.121225
v -0.046202 0.374922 -0.100139
v -0.047041 0.379078 -0.079852
v -0.045599 0.369776 -0.127205
v -0.049045 0.357945 -0.126724
v -0.052254 0.345683 -0.131711
v -0.054191 0.316925 -0.145015
v -0.052923 0.307213 -0.146932
v -0.044576 0.381183 -0.089346
v -0.418425 0.176869 0.153269
v -0.422959 0.174018 0.139376
v -0.421103 0.171897 0.155423
v -0.320136 0.142465 0.105874
v -0.332446 0.149616 0.103035
v -0.324748 0.149718 0.109136
v -0.321626 0.142839 0.100740
v -0.333213 0.143355 0.095999
v -0.340460 0.157164 0.099535
v -0.327334 0.155020 0.104593
v -0.324057 0.156359 0.111124
v -0.322984 0.134551 0.103799
v -0.320123 0.138849 0.111676
v -0.305458 0.150924 0.123463
v -0.306465 0.152123 0.120867
v -0.305173 0.154271 0.130832
v -0.304304 0.141418 0.117580
v -0.306046 0.160027 0.129638
v -0.313573 0.168055 0.123954
v -0.309617 0.169277 0.127840
v -0.311802 0.158622 0.123943
v -0.306860 0.169116 0.133076
v -0.313303 0.155645 0.114105
v -0.329749 0.162632 0.121559
v -0.331235 0.162519 0.109156
v -0.344973 0.162403 0.105650
v -0.347882 0.162893 0.087981
v -0.339972 0.158858 0.079615
v -0.348609 0.161916 0.069436
v -0.333837 0.151532 0.085124
v -0.349153 0.165459 0.082459
v 0.100940 0.365471 -0.111763
v 0.104267 0.362047 -0.103962
v 0.099353 0.353745 -0.105292
v 0.100968 0.354044 -0.099988
v 0.098673 0.359333 -0.113830
v 0.098765 0.372842 -0.121596
v -0.413652 0.127261 0.175432
v -0.424382 0.129755 0.169575
v -0.421652 0.121798 0.172160
v -0.419321 0.135114 0.178380
v -0.430365 0.131105 0.168053
v -0.428433 0.121868 0.163788
v -0.420211 0.127399 0.164121
v 0.192459 0.337001 -0.108321
v 0.189892 0.334148 -0.115372
v 0.190379 0.331876 -0.095039
v 0.192911 0.336429 -0.094347
v 0.196095 0.332685 -0.124474
v -0.103524 0.310187 0.040579
v -0.097001 0.304242 0.042941
v -0.098640 0.307035 0.052073
v -0.091285 0.301211 0.051949
v -0.108053 0.315792 0.033681
v -0.088690 0.303998 0.045147
v -0.319289 0.082518 0.078236
v -0.320724 0.083441 0.086843
v -0.318041 0.073534 0.086037
v -0.322175 0.076982 0.088602
v -0.016186 0.435817 -0.060700
v -0.018804 0.428827 -0.065181
v -0.016030 0.420650 -0.060659
v -0.022070 0.423615 -0.070954
v -0.011263 0.424366 -0.057424
v -0.013701 0.416657 -0.059856
v -0.406340 0.129177 0.128073
v -0.414128 0.128341 0.148016
v -0.407666 0.129826 0.142242
v -0.413138 0.123223 0.127774
v 0.013025 0.495872 -0.011253
v 0.003270 0.487101 -0.015738
v 0.014420 0.492885 -0.006141
v 0.007709 0.486437 -0.006891
v -0.385123 0.144136 0.161250
v -0.401650 0.138588 0.164382
v -0.395992 0.135640 0.165278
v -0.380266 0.150160 0.159592
v -0.408684 0.132811 0.170051
v -0.402398 0.125797 0.171817
v -0.420940 0.124979 0.123856
v -0.420015 0.134030 0.112789
v -0.422385 0.122492 0.117920
v -0.416541 0.139550 0.113989
v -0.415408 0.143610 0.124899
v -0.424712 0.138516 0.102502
v -0.424499 0.141292 0.098785
v -0.429655 0.115838 0.117695
v -0.341225 0.071544 0.102260
v -0.340390 0.065312 0.098485
v -0.329553 0.072702 0.102335
v -0.343733 0.065680 0.104161
v -0.116932 0.163937 -0.163704
v -0.127153 0.158081 -0.170510
v -0.121876 0.156385 -0.173908
v -0.121794 0.171839 -0.164186
v 0.103689 0.137478 -0.210255
v 0.097480 0.143443 -0.208161
v 0.097098 0.138758 -0.205007
v 0.108399 0.127702 -0.208979
v 0.108207 0.125229 -0.215824
v 0.111145 0.117501 -0.213047
v -0.320604 0.143268 0.145875
v -0.318254 0.140065 0.158690
v -0.320117 0.147210 0.150151
v -0.326347 0.149164 0.139193
v -0.323901 0.153322 0.138976
v -0.316023 0.145914 0.155691
v -0.321312 0.137781 0.166582
v -0.321318 0.133583 0.163614
v 0.159391 -0.001571 -0.032696
v 0.161565 -0.002925 -0.040635
v 0.149818 -0.004940 -0.033941
v 0.146523 -0.010520 -0.025264
v -0.416718 0.140476 0.198052
v -0.411741 0.142311 0.193097
v -0.406056 0.147231 0.202075
v -0.404386 0.148799 0.187461
v -0.408421 0.142069 0.177399
v -0.382446 0.178216 0.181845
v -0.393507 0.173696 0.193519
v -0.382032 0.173367 0.186022
v -0.384487 0.180125 0.182727
v 0.119621 0.165116 -0.176982
v 0.130585 0.154120 -0.174475
v 0.120450 0.164202 -0.171378
v 0.111828 0.165860 -0.177605
v -0.152448 0.186964 -0.135027
v -0.159223 0.181978 -0.134805
v -0.164136 0.172735 -0.143343
v -0.166185 0.178803 -0.134312
v -0.172859 0.172151 -0.138752
v -0.156179 0.191797 -0.129093
v -0.149152 0.195095 -0.131153
v -0.151669 0.204900 -0.126774
v -0.135671 0.200764 -0.126235
v -0.142107 0.212534 -0.122218
v -0.129494 0.212716 -0.123142
v -0.132047 0.219388 -0.114025
v -0.142966 0.182671 -0.131538
v -0.133524 0.188038 -0.124867
v -0.140894 0.169315 -0.131080
v -0.168541 0.315552 0.015722
v -0.158324 0.308914 0.006350
v -0.159573 0.314802 0.012444
v -0.149523 0.312967 0.005775
v -0.173990 0.322550 0.021860
v -0.177280 0.317880 0.016774
v -0.141608 0.311480 0.004769
v -0.157197 0.303664 0.004361
v -0.166421 0.325734 0.016195
v -0.132909 0.266891 -0.113504
v -0.128783 0.256054 -0.116589
v -0.125836 0.248102 -0.115770
v -0.132834 0.265707 -0.111408
v -0.125353 0.243307 -0.124536
v -0.126818 0.239145 -0.115114
v -0.140832 0.273371 -0.111399
v 0.071783 0.144931 0.084060
v 0.065476 0.140825 0.085979
v 0.071348 0.134984 0.079421
v 0.060393 0.116913 0.087490
v 0.054435 0.140336 0.091438
v 0.052578 0.101141 0.089107
v 0.059700 0.102928 0.084383
v 0.052372 0.092230 0.081066
v 0.065277 0.095211 0.075193
v 0.131243 0.173745 0.060330
v 0.127596 0.179962 0.066614
v 0.133309 0.166527 0.064956
v -0.022531 0.471301 -0.024736
v -0.013120 0.468760 -0.021609
v -0.014256 0.461908 -0.023187
v -0.022103 0.463856 -0.023966
v -0.019993 0.456252 -0.027546
v -0.011616 0.473068 -0.014751
v 0.238528 -0.473657 -0.068465
v 0.235378 -0.482180 -0.059019
v 0.230523 -0.481339 -0.063426
v 0.246982 -0.474199 -0.049113
v 0.241356 -0.480832 -0.049198
v 0.249516 -0.473801 -0.032460
v 0.244899 -0.478427 -0.033395
v 0.254016 -0.477721 -0.015829
v 0.249438 -0.481620 -0.017577
v 0.233847 -0.477513 -0.074849
v 0.230033 -0.483604 -0.073992
v 0.234243 -0.494683 -0.065040
v 0.245534 -0.487914 -0.046751
v 0.247701 -0.490619 -0.020837
v 0.243239 -0.494845 -0.049930
v 0.239505 -0.488108 -0.058619
v 0.227630 -0.411472 0.006255
v 0.212996 -0.397497 0.004092
v 0.217903 -0.409413 0.010813
v 0.228371 -0.396260 -0.007338
v 0.235506 -0.413436 -0.000050
v 0.226640 -0.423215 0.022247
v 0.245021 -0.433399 0.017910
v 0.231899 -0.436594 0.043063
v 0.249320 -0.442296 0.032266
v 0.238725 -0.418950 -0.001674
v 0.234845 -0.401871 -0.016409
v 0.246097 -0.442313 0.042219
v 0.257467 -0.455344 0.041534
v 0.245325 -0.445428 0.061680
v 0.255850 -0.453649 0.060167
v 0.231870 -0.442787 0.064582
v 0.253941 -0.451445 0.082563
v 0.246672 -0.445885 0.091215
v 0.251198 -0.444684 0.016488
v 0.248449 -0.440698 -0.002433
v 0.241725 -0.424407 -0.016232
v 0.257879 -0.459900 0.021084
v 0.263265 -0.470829 0.060957
v 0.264864 -0.474008 0.041221
v 0.257837 -0.466585 0.083508
v 0.233511 -0.402363 -0.046734
v 0.264162 -0.477260 0.024696
v 0.253727 -0.458832 0.000527
v 0.239388 -0.430988 -0.045350
v 0.247268 -0.453891 -0.028491
v 0.255880 -0.471728 -0.000334
v 0.241991 -0.450575 -0.050073
v 0.258306 -0.482614 0.000146
v 0.231985 -0.425505 -0.062807
v 0.225545 -0.393630 -0.061239
v 0.239236 -0.464992 -0.063009
v 0.227421 -0.353645 -0.045727
v 0.229351 -0.353976 -0.032853
v 0.234696 -0.399292 -0.034437
v 0.231177 -0.376032 -0.020206
v 0.226985 -0.353395 -0.015753
v 0.261829 -0.493285 0.053590
v 0.263309 -0.494951 0.040782
v 0.262593 -0.485198 0.022782
v 0.262963 -0.495909 0.027477
v 0.261331 -0.494983 0.016647
v 0.259494 -0.493183 0.008672
v 0.221652 -0.353550 -0.056607
v 0.252028 -0.464169 0.094052
v 0.248399 -0.458082 0.097831
v 0.232833 -0.449734 -0.068618
v 0.260670 -0.473974 0.067336
v 0.259436 -0.489619 0.067275
v 0.255582 -0.482418 0.084271
v 0.229829 -0.469365 -0.074415
v 0.210662 -0.350466 -0.067201
v 0.213462 -0.349014 -0.060712
v 0.221963 -0.350355 -0.048185
v 0.218509 -0.427310 -0.076638
v 0.219763 -0.424751 -0.074195
v 0.214522 -0.397240 -0.071800
v 0.208074 -0.373764 -0.071813
v 0.247556 -0.478340 0.096163
v 0.217662 -0.353895 -0.005099
v 0.222134 -0.466031 -0.078739
v 0.223011 -0.340277 -0.053949
v 0.212384 -0.336187 -0.068732
v 0.208929 -0.355736 0.000603
v -0.006838 0.192975 -0.141726
v -0.005637 0.187070 -0.136493
v -0.014746 0.186087 -0.132107
v -0.006670 0.194612 -0.156718
v -0.004278 0.192850 -0.153452
v -0.005166 0.193424 -0.147737
v -0.002707 0.179373 -0.169471
v -0.007650 0.208599 -0.144930
v -0.018632 0.211060 -0.129883
v -0.015451 0.220887 -0.137401
v -0.018595 0.203157 -0.128649
v -0.376297 0.161880 0.142248
v -0.364189 0.162588 0.138864
v -0.369464 0.164370 0.146083
v -0.369702 0.158687 0.126123
v -0.384437 0.165054 0.147358
v -0.390889 0.163386 0.137925
v -0.391054 0.165841 0.153272
v -0.385377 0.170648 0.161206
v -0.377473 0.163355 0.130462
v -0.397718 0.155678 0.127131
v -0.378180 0.153061 0.116851
v -0.400336 0.161609 0.154126
v -0.367339 0.173187 0.143718
v -0.370303 0.177727 0.160981
v -0.409885 0.152303 0.139601
v -0.381485 0.173222 0.173835
v -0.395923 0.171171 0.190808
v -0.393507 0.173696 0.193519
v -0.411800 0.153701 0.154810
v -0.405329 0.143896 0.124018
v -0.354793 0.141175 0.111706
v 0.193764 0.296645 -0.111663
v 0.196822 0.289561 -0.100550
v 0.201136 0.293658 -0.106039
v 0.197436 0.296809 -0.120022
v 0.209764 0.282563 -0.114415
v 0.214850 0.278092 -0.095936
v 0.207366 0.287759 -0.095335
v 0.204511 0.288733 -0.129316
v 0.213824 0.279064 -0.105624
v 0.209781 0.280434 -0.124264
v 0.210657 0.281974 -0.139307
v 0.216313 0.274813 -0.099314
v 0.213620 0.276494 -0.112131
v 0.221551 0.274865 -0.091932
v 0.196828 0.293970 -0.096315
v 0.212833 0.272842 -0.138330
v 0.213852 0.276576 -0.146909
v 0.214269 0.267648 -0.154746
v 0.216806 0.267525 -0.170569
v 0.212538 0.275553 -0.175893
v -0.170914 0.175745 -0.143121
v -0.170607 0.192055 -0.144278
v -0.170607 0.163912 -0.147032
v -0.158262 0.214973 -0.131497
v -0.156179 0.191797 -0.129093
v -0.151669 0.204900 -0.126774
v -0.168270 0.199652 -0.142337
v -0.161750 0.191851 -0.133256
v -0.168334 0.186959 -0.138802
v -0.166185 0.178803 -0.134312
v -0.172859 0.172151 -0.138752
v -0.145440 0.214368 -0.126454
v -0.142107 0.212534 -0.122218
v -0.140075 0.221551 -0.126149
v -0.132047 0.219388 -0.114025
v -0.135519 0.230949 -0.127420
v -0.129439 0.226510 -0.120808
v -0.129439 0.235009 -0.123263
v -0.125353 0.243307 -0.124536
v -0.126818 0.239145 -0.115114
v 0.099352 0.299014 -0.089499
v 0.106425 0.300103 -0.089626
v 0.102157 0.299084 -0.080816
v 0.108655 0.301275 -0.076906
v 0.112894 0.303251 -0.095613
v 0.115812 0.312684 -0.092094
v 0.110970 0.318712 -0.076996
v 0.117203 0.316611 -0.088710
v 0.115346 0.325794 -0.078020
v 0.120496 0.326089 -0.084119
v -0.354268 0.143142 0.192023
v -0.359521 0.144368 0.202105
v -0.355135 0.136724 0.194711
v -0.356842 0.148544 0.189876
v -0.135130 0.169371 -0.120967
v -0.144009 0.141250 -0.134377
v -0.135552 0.160601 -0.125408
v -0.130356 0.178987 -0.118149
v -0.131557 0.181808 -0.116093
v -0.141115 0.142231 -0.136064
v -0.150022 0.121165 -0.137910
v -0.142681 0.132690 -0.142278
v -0.127208 0.198015 -0.115009
v -0.139518 0.148254 -0.143218
v -0.135313 0.158077 -0.142575
v -0.137230 0.169355 -0.136315
v -0.135738 0.164002 -0.142914
v -0.150006 0.123878 -0.144578
v -0.132732 0.173944 -0.138541
v -0.133755 0.174805 -0.144039
v -0.151001 0.121582 -0.140991
v -0.134723 0.171124 -0.129529
v -0.130800 0.193376 -0.125299
v -0.126738 0.205445 -0.117538
v -0.211292 0.330396 -0.049388
v -0.222488 0.320116 -0.053431
v -0.221899 0.320869 -0.048285
v -0.212284 0.327426 -0.044549
v -0.196896 0.340190 -0.045974
v -0.197171 0.334857 -0.040644
v -0.185179 0.340880 -0.039678
v -0.176646 0.347615 -0.044122
v -0.409848 0.053605 0.099491
v -0.408967 0.054083 0.082733
v -0.409969 0.051876 0.091245
v -0.415327 0.046707 0.100198
v -0.382612 0.055075 0.086809
v -0.400985 0.053423 0.103158
v -0.393672 0.057886 0.112453
v -0.378067 0.064370 0.112443
v -0.376033 0.061871 0.102148
v -0.388479 0.054368 0.085618
v -0.365701 0.060495 0.097991
v -0.357361 0.058065 0.088226
v -0.407157 0.057621 0.108508
v -0.408320 0.055067 0.104351
v -0.411130 0.059166 0.118700
v -0.405539 0.061269 0.115008
v -0.403340 0.056035 0.077381
v -0.399241 0.053176 0.075461
v -0.399081 0.061846 0.115405
v -0.388120 0.063919 0.113976
v -0.414329 0.054544 0.122256
v 0.196479 -0.142136 0.031997
v 0.197867 -0.139179 0.040509
v 0.190315 -0.141180 0.042437
v 0.196085 -0.137802 0.051515
v 0.176491 -0.138430 0.040171
v 0.182787 -0.139013 0.056493
v 0.175006 -0.147748 0.028382
v 0.187930 -0.155842 0.027255
v 0.187425 -0.151075 0.038506
v 0.179036 -0.146914 0.036411
v 0.178617 -0.156220 0.022645
v 0.170477 -0.137074 0.037698
v 0.171285 -0.134299 0.047804
v 0.165422 -0.131867 0.042439
v 0.163419 -0.124686 0.046157
v 0.163087 -0.120985 0.057518
v 0.154839 -0.121300 0.049882
v 0.152678 -0.118556 0.053225
v 0.146930 -0.107559 0.058048
v 0.169269 -0.123211 0.059415
v 0.171936 -0.134848 0.057319
v 0.179799 -0.156594 0.013196
v 0.191916 -0.161054 0.016657
v 0.193256 -0.154558 0.002321
v 0.177800 -0.153218 0.005495
v 0.179316 -0.152893 -0.013493
v 0.197101 -0.154106 -0.010991
v 0.198078 -0.157847 0.014619
v 0.193118 -0.159705 -0.022259
v 0.175750 -0.159030 -0.016401
v 0.184892 -0.163634 -0.025699
v 0.194613 -0.158207 -0.029441
v 0.161777 -0.130688 0.044033
v -0.341153 0.155359 0.125277
v -0.343241 0.150350 0.125934
v -0.334482 0.142696 0.118710
v -0.349924 0.160928 0.132565
v -0.346213 0.163307 0.133116
v -0.354555 0.169179 0.139070
v -0.355010 0.165552 0.141464
v 0.004086 0.270752 -0.166016
v 0.010624 0.268241 -0.162751
v -0.000194 0.271238 -0.162145
v 0.009627 0.273497 -0.158253
v 0.170587 -0.060718 -0.018678
v 0.170184 -0.067447 -0.020192
v 0.159749 -0.065689 -0.020569
v 0.156542 -0.058392 -0.026502
v 0.162925 -0.051874 -0.016936
v 0.152822 -0.045783 -0.025504
v 0.156205 -0.041154 -0.021752
v 0.171736 -0.063213 -0.011364
v -0.349371 0.186041 0.160194
v -0.344397 0.182225 0.158755
v -0.341815 0.190548 0.162955
v -0.351452 0.178583 0.156654
v -0.342747 0.176312 0.154503
v -0.338173 0.188231 0.156461
v -0.331764 0.183564 0.153756
v -0.342551 0.178266 0.144559
v -0.330633 0.183437 0.144874
v 0.438758 0.091300 0.000494
v 0.434462 0.087868 -0.000162
v 0.445085 0.079663 0.000632
v 0.441845 0.075540 -0.000591
v 0.434583 0.098814 0.004130
v 0.426279 0.097697 0.003319
v -0.100624 0.353666 -0.100050
v -0.098493 0.341973 -0.103177
v -0.100505 0.346795 -0.095883
v -0.099441 0.342930 -0.090799
v -0.045562 0.406680 0.023806
v -0.048519 0.404639 0.022557
v -0.049085 0.393472 0.019800
v -0.041357 0.428546 0.029038
v -0.054212 0.385001 0.017993
v -0.055045 0.370140 0.016222
v -0.041830 0.416553 0.025470
v -0.038943 0.428958 0.030441
v -0.035301 0.441968 0.037461
v -0.044603 0.430942 0.014086
v -0.050210 0.406811 0.012720
v -0.037171 0.448094 0.025334
v -0.057295 0.390279 0.003190
v -0.056622 0.354405 0.013355
v -0.059598 0.359436 0.002084
v -0.060285 0.404981 0.003496
v -0.031891 0.447724 0.034485
v 0.062170 0.113721 0.096227
v 0.071513 0.109670 0.097891
v 0.064602 0.113732 0.103434
v -0.336014 0.189713 0.149118
v -0.338173 0.188231 0.156461
v -0.331764 0.183564 0.153756
v -0.330633 0.183437 0.144874
v -0.341815 0.190548 0.162955
v 0.023806 0.497787 -0.009942
v 0.019685 0.489685 -0.008709
v 0.028053 0.490833 -0.006114
v 0.020710 0.496534 -0.016375
v 0.017218 0.492774 -0.018093
v -0.129439 0.226510 -0.120808
v -0.132047 0.219388 -0.114025
v -0.127888 0.220226 -0.121960
v -0.129494 0.212716 -0.123142
v -0.323984 0.081185 0.102780
v -0.320197 0.073428 0.116299
v -0.319290 0.075056 0.107094
v 0.011999 0.242061 -0.173689
v 0.018772 0.245665 -0.175312
v 0.020598 0.237734 -0.178999
v 0.014862 0.250341 -0.164293
v 0.010044 0.246306 -0.165427
v 0.015444 0.251207 -0.150608
v 0.029116 0.497533 0.009171
v 0.037507 0.497651 0.010669
v 0.030223 0.491666 0.003934
v 0.038782 0.492049 0.005083
v 0.023601 0.500862 0.011136
v 0.026029 0.496510 0.002871
v 0.017425 0.494657 0.003136
v 0.016108 0.499238 0.012477
v 0.010405 0.499267 0.010549
v 0.005827 0.493016 0.003530
v 0.001067 0.497888 0.010018
v 0.002753 0.498373 -0.002224
v 0.021794 0.500274 -0.003094
v 0.008671 0.497547 -0.000803
v 0.031250 0.498689 -0.001972
v 0.042609 0.494210 -0.002799
v 0.028053 0.490833 -0.006114
v 0.042042 0.485558 -0.006015
v 0.014420 0.492885 -0.006141
v 0.034196 0.487118 -0.007468
v 0.019685 0.489685 -0.008709
v 0.052516 0.488470 -0.008667
v 0.057105 0.484312 -0.012649
v 0.007709 0.486437 -0.006891
v -0.000198 0.492070 -0.006029
v 0.042909 0.479359 -0.015395
v 0.053192 0.474214 -0.015783
v 0.050101 0.470617 -0.021211
v 0.059488 0.463900 -0.021693
v 0.053949 0.463420 -0.027726
v -0.344397 0.182225 0.158755
v -0.342747 0.176312 0.154503
v -0.342551 0.178266 0.144559
v 0.130270 0.203496 -0.162333
v 0.116011 0.212887 -0.156023
v 0.130131 0.201847 -0.158945
v 0.142917 0.191921 -0.160642
v -0.012179 0.422128 -0.064833
v -0.008354 0.421328 -0.063742
v -0.016030 0.420650 -0.060659
v -0.022070 0.423615 -0.070954
v 0.013025 0.495872 -0.011253
v 0.014420 0.492885 -0.006141
v 0.017218 0.492774 -0.018093
v 0.019685 0.489685 -0.008709
v 0.083396 0.284484 -0.098633
v 0.083152 0.278054 -0.098274
v 0.083565 0.269335 -0.108239
v 0.074550 0.289121 -0.088386
v 0.086803 0.263552 -0.114835
v 0.083820 0.291966 -0.087624
v 0.054261 0.150005 -0.186651
v 0.060707 0.154702 -0.189369
v 0.056754 0.152460 -0.183234
v 0.065188 0.156022 -0.188535
v 0.074817 0.152653 -0.197963
v 0.064831 0.174529 -0.183268
v 0.075215 0.153645 -0.193241
v 0.056012 0.185208 -0.177703
v 0.068765 0.185221 -0.181489
v 0.080424 0.163143 -0.191390
v 0.080919 0.145042 -0.200930
v 0.063530 0.206612 -0.170234
v 0.049619 0.206570 -0.167880
v 0.100138 0.155007 -0.196262
v 0.048197 0.191659 -0.174763
v 0.037970 0.185178 -0.174343
v 0.038269 0.200516 -0.169519
v 0.038905 0.216084 -0.161040
v 0.051883 0.234215 -0.151678
v 0.039691 0.234754 -0.151187
v 0.101580 0.141919 -0.204915
v 0.097098 0.138758 -0.205007
v 0.095957 0.178286 -0.183617
v 0.098736 0.165130 -0.190002
v 0.092846 0.193474 -0.175397
v 0.074820 0.203850 -0.170459
v 0.088672 0.210657 -0.166521
v 0.065368 0.220422 -0.158782
v 0.033556 0.192591 -0.172490
v 0.038352 0.175123 -0.177156
v 0.041817 0.251377 -0.136171
v 0.063332 0.234956 -0.148727
v 0.075727 0.211950 -0.162328
v 0.075923 0.223136 -0.159348
v 0.086524 0.220192 -0.161141
v 0.076403 0.236234 -0.146700
v 0.072143 0.231754 -0.150557
v 0.059439 0.244818 -0.140150
v 0.054069 0.256057 -0.129641
v 0.067522 0.257928 -0.132024
v 0.069877 0.264866 -0.125449
v 0.046562 0.264615 -0.118975
v 0.053773 0.272506 -0.115405
v 0.068374 0.274967 -0.113578
v 0.066103 0.287450 -0.095955
v 0.113904 0.200823 -0.161816
v 0.036007 0.267365 -0.112274
v 0.045309 0.273909 -0.107810
v 0.054813 0.286495 -0.095404
v 0.112924 0.210619 -0.155129
v 0.130131 0.201847 -0.158945
v 0.122896 0.195515 -0.161771
v 0.133996 0.183545 -0.162371
v 0.142917 0.191921 -0.160642
v 0.075317 0.278328 -0.106335
v 0.105510 0.189570 -0.166568
v 0.086965 0.138950 -0.208280
v 0.098637 0.128695 -0.209040
v 0.108399 0.127702 -0.208979
v 0.111145 0.117501 -0.213047
v 0.046118 0.160136 -0.178361
v 0.129616 0.175903 -0.162316
v 0.111365 0.174398 -0.170543
v 0.120450 0.164202 -0.171378
v 0.128814 0.167560 -0.167036
v 0.128858 0.160692 -0.173883
v 0.107380 0.155098 -0.191090
v 0.103092 0.122127 -0.213463
v 0.096930 0.220580 -0.153424
v 0.081504 0.255813 -0.122454
v 0.087499 0.255120 -0.122413
v 0.089028 0.244834 -0.128214
v 0.077447 0.242265 -0.138868
v 0.091249 0.231402 -0.138875
v 0.095033 0.233012 -0.136312
v 0.096602 0.226017 -0.143122
v 0.052314 0.151708 -0.177519
v 0.053715 0.137414 -0.181221
v 0.111828 0.165860 -0.177605
v 0.114634 0.157633 -0.188590
v 0.116258 0.146347 -0.194529
v 0.111183 0.140351 -0.199479
v 0.119609 0.138076 -0.199571
v 0.117975 0.129838 -0.203964
v 0.125687 0.130831 -0.206708
v 0.138443 0.179985 -0.161925
v 0.146586 0.181010 -0.161908
v 0.071219 0.220437 -0.150526
v 0.102049 0.153607 -0.199051
v 0.130585 0.154120 -0.174475
v 0.136139 0.163396 -0.158967
v 0.134988 0.173534 -0.158739
v 0.142646 0.171920 -0.158831
v 0.145553 0.155517 -0.153953
v 0.151064 0.154797 -0.155304
v -0.419931 0.087630 0.134661
v -0.427087 0.083478 0.136974
v -0.415818 0.081002 0.133716
v -0.415819 0.078447 0.132390
v -0.432661 0.100068 0.120723
v -0.434958 0.090245 0.124418
v -0.429979 0.090002 0.129706
v -0.440885 0.087844 0.123266
v -0.422238 0.090921 0.128992
v -0.438830 0.090133 0.140548
v -0.429197 0.082352 0.157618
v -0.437499 0.089134 0.159101
v -0.441054 0.091778 0.154484
v -0.420482 0.074579 0.148637
v -0.425066 0.078611 0.160694
v -0.416372 0.071037 0.154927
v -0.415269 0.071416 0.141100
v -0.412871 0.074742 0.135591
v -0.440451 0.093013 0.146851
v -0.442283 0.100333 0.145798
v -0.324590 0.130052 0.189425
v -0.315117 0.130172 0.185297
v -0.323308 0.135044 0.193419
v -0.326467 0.126042 0.178559
v -0.309316 0.130168 0.173745
v -0.320604 0.143268 0.145875
v -0.308565 0.146941 0.149961
v -0.318254 0.140065 0.158690
v -0.305173 0.154271 0.130832
v -0.320508 0.148068 0.126289
v -0.307127 0.140636 0.164475
v -0.321318 0.133583 0.163614
v -0.308817 0.137146 0.168456
v -0.325139 0.129844 0.164005
v -0.323620 0.131193 0.171372
v -0.305458 0.150924 0.123463
v -0.323397 0.148818 0.125937
v -0.324908 0.150542 0.133237
v -0.326347 0.149164 0.139193
v -0.331768 0.156230 0.132147
v 0.432312 0.116263 0.037501
v 0.432143 0.102533 0.033837
v 0.433814 0.111142 0.031590
v -0.381862 0.065712 0.190891
v -0.379888 0.065309 0.197704
v -0.385060 0.065934 0.197663
v -0.381153 0.066018 0.209133
v -0.390527 0.068095 0.189290
v 0.006295 0.357001 -0.148959
v 0.012893 0.349255 -0.146531
v 0.001548 0.352918 -0.148477
v 0.178555 -0.058990 -0.020627
v 0.178254 -0.058704 -0.015867
v 0.171736 -0.063213 -0.011364
v 0.170587 -0.060718 -0.018678
v -0.319289 0.082518 0.078236
v -0.327826 0.082293 0.085477
v -0.320724 0.083441 0.086843
v 0.093645 0.395242 -0.057688
v 0.102547 0.401408 -0.064171
v 0.099724 0.396413 -0.055986
v -0.331798 0.066087 0.177078
v -0.327669 0.069869 0.177516
v -0.325445 0.065674 0.187673
v -0.324834 0.067647 0.166931
v 0.176358 0.348075 -0.013195
v 0.166142 0.353136 -0.009898
v 0.188048 0.342837 -0.011448
v 0.162677 0.360501 -0.013869
v 0.139699 0.372074 -0.011108
v 0.147088 0.375106 -0.018419
v 0.133460 0.378326 -0.011450
v 0.132537 0.391014 -0.016791
v 0.126258 0.390080 -0.011808
v 0.056862 -0.056742 0.091173
v 0.067955 -0.061551 0.090877
v 0.062247 -0.057629 0.095957
v 0.071810 -0.060330 0.093409
v 0.061087 -0.052503 0.098500
v 0.146646 -0.120937 0.061070
v 0.146581 -0.129481 0.067780
v 0.146276 -0.129982 0.061026
v 0.139386 -0.138159 0.065513
v 0.146271 -0.138037 0.076366
v 0.135138 -0.138476 0.081220
v 0.135933 -0.139327 0.093246
v 0.141792 -0.136748 0.091705
v 0.154797 -0.135925 0.089088
v 0.127657 -0.145701 0.083665
v 0.124268 -0.144538 0.089627
v 0.144088 0.380941 -0.081378
v 0.143749 0.377176 -0.083696
v 0.138320 0.362196 -0.077753
v 0.128359 0.375565 -0.070578
v 0.131566 0.393061 -0.068715
v 0.117152 0.376184 -0.064416
v 0.120483 0.368631 -0.068048
v 0.128371 0.361931 -0.075456
v 0.117189 0.383405 -0.060821
v 0.125563 0.397861 -0.061789
v 0.108289 0.386892 -0.057263
v 0.100930 0.401608 -0.050102
v 0.109334 0.410213 -0.050746
v 0.132713 0.347951 -0.080411
v 0.096570 0.410965 -0.048906
v 0.157027 0.366204 -0.093547
v 0.111527 0.414610 -0.048132
v 0.102086 0.370979 -0.069590
v 0.095482 0.414192 -0.045544
v 0.104330 0.427453 -0.038406
v 0.107216 0.364035 -0.074621
v 0.139778 0.336112 -0.080162
v 0.133081 0.334471 -0.081702
v 0.094000 0.427360 -0.042003
v 0.098950 0.436252 -0.035899
v 0.085549 0.433066 -0.037108
v 0.091384 0.444987 -0.033348
v 0.116050 0.361837 -0.077009
v 0.123796 0.357794 -0.081204
v 0.093645 0.395242 -0.057688
v 0.099724 0.396413 -0.055986
v 0.083773 0.449838 -0.035284
v -0.381933 0.130773 0.075351
v -0.366514 0.128860 0.087616
v -0.368758 0.126108 0.086901
v -0.359817 0.132046 0.089898
v -0.321799 0.156259 0.130910
v -0.324908 0.150542 0.133237
v -0.331768 0.156230 0.132147
v -0.349371 0.186041 0.160194
v -0.354346 0.181260 0.150857
v -0.351452 0.178583 0.156654
v -0.404386 0.148799 0.187461
v -0.402318 0.145530 0.199697
v -0.406056 0.147231 0.202075
v -0.403448 0.142151 0.208110
v -0.398091 0.137682 0.213023
v -0.386087 0.137251 0.192271
v -0.388574 0.131587 0.209356
v -0.388927 0.131795 0.218402
v -0.384765 0.126913 0.216516
v -0.316551 0.171220 0.113281
v -0.313573 0.168055 0.123954
v -0.320043 0.169621 0.100862
v -0.309617 0.169277 0.127840
v -0.331732 0.169044 0.089022
v -0.344973 0.162403 0.105650
v -0.347882 0.162893 0.087981
v -0.349153 0.165459 0.082459
v -0.331235 0.162519 0.109156
v -0.329749 0.162632 0.121559
v -0.337658 0.171916 0.083295
v 0.024475 0.233853 -0.169543
v 0.028147 0.236628 -0.162279
v 0.025827 0.234003 -0.155099
v 0.031911 0.236661 -0.156546
v 0.028295 0.231318 -0.172749
v -0.440370 0.091674 0.163666
v -0.435740 0.083634 0.163230
v -0.443586 0.088790 0.168245
v -0.436222 0.083043 0.182327
v -0.429638 0.074341 0.180180
v -0.448403 0.091431 0.153903
v -0.446544 0.086686 0.158227
v -0.449477 0.106064 0.153766
v -0.456599 0.097176 0.148918
v -0.443100 0.076394 0.162313
v -0.432490 0.070202 0.175273
v -0.428927 0.071010 0.182274
v -0.439540 0.093483 0.168433
v -0.439826 0.109615 0.167234
v -0.435240 0.118853 0.169474
v -0.445007 0.129171 0.156360
v -0.443869 0.133455 0.163640
v -0.442962 0.131287 0.168694
v -0.436289 0.127989 0.174344
v -0.000160 0.426891 -0.062502
v 0.000699 0.412923 -0.069999
v -0.002522 0.421091 -0.068311
v -0.405029 0.163574 0.126953
v -0.406738 0.161621 0.125610
v -0.419007 0.153150 0.127558
v -0.413948 0.157218 0.122872
v -0.403076 0.163208 0.128296
v -0.404737 0.155464 0.120140
v -0.423769 0.158719 0.150641
v -0.411059 0.158489 0.139286
v -0.425595 0.145283 0.144298
v -0.437862 0.141353 0.158592
v -0.430362 0.155387 0.160037
v -0.441673 0.130733 0.145704
v -0.422393 0.162811 0.156764
v -0.418979 0.169581 0.161012
v -0.401351 0.168179 0.148655
v -0.408955 0.168988 0.153696
v -0.393851 0.168128 0.137522
v -0.395039 0.172841 0.141998
v -0.386032 0.172817 0.135686
v -0.391891 0.168092 0.132299
v -0.382480 0.168463 0.124630
v -0.389846 0.157580 0.112683
v -0.407743 0.147217 0.114636
v -0.415408 0.143610 0.124899
v -0.416541 0.139550 0.113989
v -0.410068 0.142839 0.106890
v -0.375891 0.167932 0.120797
v -0.370172 0.163191 0.111305
v -0.399785 0.141544 0.099238
v -0.392821 0.150609 0.108685
v -0.428126 0.142622 0.138741
v -0.427220 0.142777 0.131694
v -0.433498 0.128248 0.136967
v -0.426036 0.130151 0.128998
v -0.420279 0.137114 0.128030
v -0.420940 0.124979 0.123856
v -0.369803 0.166986 0.110003
v -0.402378 0.171475 0.148794
v -0.438252 0.123967 0.144532
v -0.441967 0.115109 0.145637
v -0.421103 0.171897 0.155423
v -0.424499 0.141292 0.098785
v -0.130265 0.353191 -0.083612
v -0.123603 0.348424 -0.076345
v -0.130768 0.348610 -0.077091
v -0.122296 0.347003 -0.069638
v -0.125652 0.338237 -0.064308
v -0.113236 0.343867 -0.060052
v 0.170755 0.294970 -0.132907
v 0.177973 0.286648 -0.140869
v 0.174429 0.286545 -0.135475
v 0.188124 0.282556 -0.146135
v 0.187981 0.292936 -0.143269
v 0.180585 0.296341 -0.136507
v 0.198187 0.283866 -0.148707
v 0.171974 0.304546 -0.121556
v 0.162410 0.297332 -0.124574
v 0.165193 0.299979 -0.119826
v 0.156201 0.302754 -0.115818
v 0.160318 0.306001 -0.114145
v -0.371292 0.174511 0.097828
v -0.363052 0.177181 0.089138
v -0.365335 0.174151 0.097859
v -0.008354 0.421328 -0.063742
v -0.002522 0.421091 -0.068311
v -0.005574 0.416348 -0.064709
v 0.000699 0.412923 -0.069999
v -0.013701 0.416657 -0.059856
v -0.016030 0.420650 -0.060659
v -0.363130 0.191820 0.088188
v -0.374978 0.194182 0.103963
v -0.368843 0.193121 0.100351
v 0.173625 0.345385 -0.105369
v 0.175325 0.339632 -0.110439
v 0.178629 0.347275 -0.099200
v 0.059139 -0.051315 0.089465
v 0.056862 -0.056742 0.091173
v 0.061087 -0.052503 0.098500
v -0.014324 0.441395 -0.044199
v -0.020592 0.436683 -0.046232
v -0.016359 0.439635 -0.038442
v -0.019915 0.438663 -0.052603
v -0.014256 0.461908 -0.023187
v -0.002924 0.460099 -0.033749
v -0.014306 0.450429 -0.035147
v -0.003311 0.464150 -0.026305
v -0.013120 0.468760 -0.021609
v -0.001819 0.477156 -0.022066
v -0.011616 0.473068 -0.014751
v -0.002623 0.478740 -0.009958
v -0.008285 0.479854 -0.007433
v -0.000198 0.492070 -0.006029
v -0.013615 0.489743 0.002770
v -0.011942 0.475442 -0.003942
v -0.018114 0.479334 0.002657
v -0.017505 0.490395 0.005839
v -0.020519 0.468399 -0.012051
v -0.028589 0.471784 -0.002286
v -0.026906 0.464404 -0.008614
v -0.018517 0.464357 -0.013572
v -0.028136 0.456221 -0.017474
v -0.001497 0.461307 -0.040128
v -0.005593 0.449477 -0.044740
v -0.007873 0.438511 -0.049555
v -0.010968 0.434176 -0.050497
v -0.002552 0.433210 -0.052617
v -0.011251 0.429996 -0.054102
v -0.008301 0.424422 -0.057097
v -0.000160 0.426891 -0.062502
v -0.008354 0.421328 -0.063742
v -0.002522 0.421091 -0.068311
v -0.024925 0.484019 0.004549
v -0.011263 0.424366 -0.057424
v -0.012179 0.422128 -0.064833
v -0.002591 0.477611 -0.038015
v -0.002392 0.466217 -0.051316
v -0.001862 0.488756 -0.024988
v -0.004615 0.486303 -0.015702
v -0.003011 0.454150 -0.060667
v -0.003206 0.439563 -0.061013
v 0.000858 0.493889 -0.014231
v 0.212538 0.275553 -0.175893
v 0.216806 0.267525 -0.170569
v 0.212092 0.266776 -0.174357
v 0.432354 0.119825 0.017557
v 0.435784 0.122213 0.010773
v 0.435344 0.123471 0.022933
v -0.076495 0.115163 -0.193845
v -0.070846 0.121557 -0.187179
v -0.077208 0.110980 -0.190979
v -0.069363 0.121106 -0.191280
v -0.061517 0.125029 -0.187101
v -0.065331 0.117917 -0.196966
v -0.059361 0.128557 -0.189139
v -0.056803 0.137364 -0.179040
v -0.053956 0.144366 -0.174875
v 0.177620 0.339279 -0.018908
v 0.177095 0.330608 -0.025611
v 0.178810 0.336281 -0.027124
v -0.104520 0.242733 0.031823
v -0.108125 0.231269 0.017584
v -0.108772 0.220946 0.007995
v -0.098713 0.222739 0.039590
v -0.096968 0.202997 0.038102
v -0.093240 0.203024 0.048605
v -0.100919 0.187507 0.009974
v -0.107317 0.200561 -0.008449
v -0.104076 0.178917 -0.007684
v -0.111813 0.213976 -0.008994
v -0.090802 0.180809 0.032748
v -0.093885 0.234690 0.053562
v -0.101478 0.255021 0.040776
v -0.103785 0.162345 -0.003068
v -0.097302 0.171490 0.019575
v -0.081517 0.185818 0.053237
v -0.082440 0.226015 0.068717
v -0.101375 0.144918 0.017093
v -0.104868 0.141774 -0.001374
v -0.103084 0.130372 0.017931
v -0.108086 0.123757 -0.008716
v -0.090469 0.255809 0.056096
v -0.099050 0.271197 0.042872
v -0.063242 0.194010 0.084698
v -0.073483 0.223961 0.078289
v -0.063698 0.209380 0.089400
v -0.062449 0.200350 0.094503
v -0.112772 0.217004 -0.024186
v -0.056309 0.191917 0.089831
v -0.113808 0.254253 0.033641
v -0.112365 0.235796 0.022034
v -0.065384 0.207203 0.095915
v -0.054539 -0.005819 0.098220
v -0.045331 -0.008009 0.121188
v -0.050751 -0.006377 0.107190
v -0.044376 0.022271 0.120269
v -0.047159 0.030575 0.105737
v -0.059045 -0.002025 0.089194
v -0.044037 0.046262 0.120479
v -0.046934 0.063592 0.105944
v -0.045398 0.059641 0.119200
v -0.039989 0.083272 0.120469
v -0.039881 0.094320 0.108384
v -0.035495 0.119498 0.108810
v -0.027880 0.145027 0.116825
v -0.031039 0.149113 0.107375
v -0.024385 0.196911 0.107839
v -0.058011 0.109263 0.090963
v -0.078272 0.098716 0.082003
v -0.062850 0.094646 0.095011
v -0.065727 0.123075 0.079505
v -0.046850 0.123438 0.095407
v -0.061745 0.135721 0.078210
v -0.084034 0.122433 0.060700
v -0.092109 0.100063 0.066681
v -0.086033 0.142058 0.048321
v -0.036615 0.153353 0.099672
v -0.084179 0.088372 0.077763
v -0.053186 0.089635 0.095641
v -0.067756 0.077613 0.092450
v -0.055052 0.157646 0.082788
v -0.034250 0.182695 0.099370
v -0.058487 0.067661 0.091722
v -0.037625 0.208340 0.095349
v -0.027000 0.230645 0.100483
v -0.039131 0.233981 0.089228
v -0.079414 0.061128 0.080158
v -0.043600 0.190639 0.093361
v -0.067851 0.166797 0.069007
v -0.095089 0.078715 0.064325
v -0.026003 0.250036 0.092467
v -0.059226 0.027017 0.088852
v -0.067903 0.053880 0.083649
v -0.081690 0.037347 0.067000
v -0.082187 0.004624 0.063958
v -0.066557 0.003541 0.079242
v -0.051464 0.177009 0.087380
v -0.064089 0.175178 0.075275
v -0.089905 0.149296 0.040955
v -0.088432 0.168200 0.040096
v -0.034560 0.254684 0.082013
v -0.086927 0.053138 0.068172
v -0.098896 0.111380 0.045883
v -0.082768 0.019774 0.063070
v -0.088578 0.029807 0.053582
v -0.110544 0.111037 0.015101
v -0.101039 0.049844 0.045618
v -0.083542 0.016527 0.054361
v -0.089502 0.025115 0.043562
v -0.087409 0.007708 0.042461
v -0.082529 0.002782 0.050870
v -0.097280 0.009655 0.010318
v -0.093529 0.024658 0.027771
v -0.097753 0.027734 0.007620
v -0.085643 -0.008306 0.027668
v -0.080642 -0.003116 0.045624
v -0.079952 -0.008309 0.046225
v -0.070327 -0.007338 0.052766
v -0.075583 0.000258 0.051634
v -0.090194 -0.008101 0.007893
v -0.079273 -0.029119 0.063793
v -0.100821 -0.033412 0.049317
v -0.105848 -0.043876 0.052377
v -0.080978 -0.039619 0.066242
v -0.105707 -0.054507 0.056731
v -0.100053 0.031139 0.030467
v -0.222488 0.320116 -0.053431
v -0.218349 0.310997 -0.051770
v -0.221899 0.320869 -0.048285
v -0.117874 0.288667 -0.116797
v -0.118030 0.292427 -0.112929
v -0.112953 0.281090 -0.112436
v -0.337658 0.171916 0.083295
v -0.320043 0.169621 0.100862
v -0.331732 0.169044 0.089022
v -0.348984 0.157331 0.179499
v -0.349281 0.158697 0.166919
v -0.349268 0.154011 0.171666
v -0.345998 0.161880 0.187746
v -0.356067 0.155230 0.161070
v -0.353547 0.156022 0.185481
v -0.358132 0.151634 0.170642
v -0.375133 0.150640 0.163636
v -0.375165 0.158374 0.155989
v -0.363713 0.159460 0.150468
v -0.356315 0.159819 0.149545
v -0.361680 0.162186 0.143616
v -0.347570 0.154517 0.160078
v -0.355010 0.165552 0.141464
v -0.380266 0.150160 0.159592
v -0.354268 0.143142 0.192023
v -0.345687 0.150236 0.192819
v -0.348532 0.138686 0.195713
v -0.355135 0.136724 0.194711
v -0.339629 0.142275 0.203855
v -0.341760 0.162014 0.194673
v -0.346296 0.154841 0.186202
v -0.348623 0.134975 0.204430
v -0.356661 0.126026 0.197651
v -0.350915 0.129887 0.208949
v -0.356679 0.131102 0.192615
v -0.362518 0.140250 0.185420
v -0.376624 0.127046 0.195727
v -0.375464 0.141633 0.186629
v -0.356842 0.148544 0.189876
v -0.368098 0.144078 0.178941
v -0.356442 0.144425 0.177761
v -0.366503 0.147313 0.167268
v 0.010545 0.276594 -0.161803
v -0.000194 0.271238 -0.162145
v 0.009627 0.273497 -0.158253
v -0.446777 0.089111 0.139893
v -0.448486 0.089355 0.140991
v -0.447266 0.090454 0.142944
v -0.447133 0.087769 0.137053
v -0.438830 0.090133 0.140548
v -0.448486 0.089844 0.141846
v -0.429979 0.090002 0.129706
v -0.440885 0.087844 0.123266
v -0.447522 0.089572 0.144891
v -0.442283 0.100333 0.145798
v -0.456599 0.097176 0.148918
v -0.449173 0.103696 0.149480
v -0.441967 0.115109 0.145637
v -0.441673 0.130733 0.145704
v -0.323397 0.148818 0.125937
v -0.324908 0.150542 0.133237
v -0.321799 0.156259 0.130910
v 0.133723 0.319159 -0.075950
v 0.133179 0.323622 -0.072956
v 0.125303 0.322489 -0.066828
v 0.136273 0.318436 -0.083463
v 0.136258 0.326125 -0.068399
v -0.429623 0.098842 0.163799
v -0.425813 0.087020 0.166392
v -0.429268 0.091930 0.161507
v -0.428433 0.121868 0.163788
v -0.434737 0.129184 0.157720
v -0.420211 0.127399 0.164121
v -0.439728 0.109069 0.158428
v -0.437499 0.089134 0.159101
v -0.425341 0.087498 0.163872
v -0.441054 0.091778 0.154484
v -0.440005 0.120996 0.152920
v -0.429197 0.082352 0.157618
v -0.425066 0.078611 0.160694
v -0.370417 0.202771 0.139552
v -0.364429 0.202073 0.140871
v -0.366024 0.194283 0.138269
v -0.024925 0.484019 0.004549
v -0.022855 0.482366 0.014408
v -0.018125 0.481068 0.013429
v -0.331542 0.160470 0.141324
v -0.326347 0.149164 0.139193
v -0.323901 0.153322 0.138976
v 0.141551 0.166374 -0.172951
v 0.135158 0.169296 -0.172010
v 0.130419 0.178154 -0.167246
v 0.129040 0.171222 -0.168695
v 0.125714 0.178334 -0.167148
v 0.128814 0.167560 -0.167036
v -0.098677 0.161374 -0.165581
v -0.097669 0.164194 -0.160506
v -0.100196 0.172648 -0.161056
v -0.100638 0.150598 -0.167567
v -0.096396 0.344133 -0.079949
v -0.096034 0.339892 -0.078469
v -0.099441 0.342930 -0.090799
v 0.084271 0.387619 -0.109745
v 0.087760 0.380066 -0.105859
v 0.084133 0.379133 -0.105191
v 0.085374 0.395929 -0.113924
v 0.086746 0.371039 -0.095250
v 0.090493 0.363934 -0.095754
v 0.098765 0.372842 -0.121596
v 0.095487 0.353302 -0.104184
v 0.094254 0.384304 -0.119544
v 0.098673 0.359333 -0.113830
v 0.087342 0.358775 -0.094888
v 0.099353 0.353745 -0.105292
v -0.351246 0.058331 0.195911
v -0.354778 0.051592 0.195360
v -0.349079 0.052968 0.193842
v -0.353751 0.064908 0.200029
v -0.415327 0.046707 0.100198
v -0.409969 0.051876 0.091245
v -0.411811 0.044285 0.098068
v 0.201136 0.293658 -0.106039
v 0.196822 0.289561 -0.100550
v 0.196828 0.293970 -0.096315
v 0.195962 0.287732 -0.092582
v 0.187543 0.299575 -0.089573
v -0.395016 0.193564 0.124337
v -0.402222 0.188209 0.130394
v -0.401822 0.186279 0.125945
v -0.128600 0.284231 -0.105950
v -0.133740 0.277701 -0.108970
v -0.127244 0.277537 -0.105600
v -0.140832 0.273371 -0.111399
v -0.132834 0.265707 -0.111408
v -0.037475 0.239739 -0.090881
v -0.027852 0.235657 -0.088603
v -0.037086 0.239768 -0.087576
v -0.048615 0.249129 -0.089647
v -0.031752 0.227977 -0.098297
v -0.021555 0.227531 -0.090611
v -0.022598 0.218902 -0.104826
v -0.026873 0.214286 -0.112411
v -0.017976 0.208278 -0.109533
v -0.017947 0.201193 -0.115412
v -0.036685 0.227011 -0.109441
v -0.018764 0.218360 -0.096528
v -0.022477 0.203664 -0.124955
v -0.015882 0.192965 -0.125253
v -0.029828 0.216288 -0.121199
v -0.024532 0.227124 -0.085703
v -0.173990 0.322550 0.021860
v -0.175831 0.326778 0.017334
v -0.177280 0.317880 0.016774
v -0.096396 0.344133 -0.079949
v -0.099441 0.342930 -0.090799
v -0.098493 0.341973 -0.103177
v -0.307209 0.152190 0.142637
v -0.308565 0.146941 0.149961
v -0.305173 0.154271 0.130832
v 0.198460 0.327261 -0.014240
v 0.199393 0.325258 -0.011604
v 0.184712 0.324337 -0.017229
v -0.020896 0.283959 0.109517
v -0.021224 0.287618 0.111032
v -0.032476 0.293941 0.119698
v -0.015939 0.282699 0.102736
v -0.021774 0.187964 0.106443
v -0.024385 0.196911 0.107839
v -0.027880 0.145027 0.116825
v -0.024710 0.151827 0.111706
v -0.022659 0.220273 0.097243
v -0.027000 0.230645 0.100483
v -0.026003 0.250036 0.092467
v -0.022080 0.253184 0.085596
v -0.029701 0.120847 0.114513
v -0.019267 0.247912 0.075351
v -0.020132 0.257570 0.074689
v -0.021330 0.218338 0.086873
v -0.022898 0.196156 0.093711
v -0.021151 0.266050 0.088056
v -0.020095 0.273084 0.082817
v -0.019641 0.270993 0.056459
v -0.022684 0.174426 0.105986
v -0.027151 0.139961 0.098942
v -0.031686 0.125924 0.092683
v -0.032944 0.095572 0.106444
v -0.033679 0.103787 0.119250
v -0.037384 0.081648 0.121052
v -0.036942 0.071413 0.109279
v -0.038115 0.071133 0.124733
v -0.041338 0.057859 0.121845
v -0.038664 0.076672 0.098287
v -0.037932 0.044133 0.102637
v -0.038861 0.002264 0.096167
v -0.038632 -0.007125 0.099838
v -0.039800 -0.004276 0.111167
v -0.040726 0.036318 0.119625
v -0.026269 0.284340 0.059360
v -0.028100 0.174511 0.089959
v -0.027078 0.295195 0.071086
v -0.030811 0.305863 0.045348
v -0.020943 0.287088 0.092326
v -0.038497 0.094498 0.095163
v -0.032142 0.305718 0.074065
v -0.045331 -0.008009 0.121188
v -0.036805 0.314124 0.064673
v -0.030950 0.316612 0.035258
v -0.038574 0.330666 0.037870
v -0.022589 0.188014 0.088998
v -0.018375 0.207740 0.086182
v -0.032043 0.301169 0.096830
v -0.040657 0.307931 0.090681
v -0.033108 0.133090 0.087232
v -0.031768 0.155508 0.090461
v -0.038896 0.126517 0.083480
v -0.046523 0.116678 0.081843
v -0.048107 0.069240 0.088675
v -0.055830 0.086083 0.072249
v -0.052054 0.109682 0.073636
v -0.059015 0.045335 0.072946
v -0.057696 0.010952 0.074900
v -0.062955 0.016769 0.067085
v -0.047148 0.026465 0.090545
v -0.050416 -0.000086 0.089920
v -0.057187 -0.000506 0.078513
v -0.065431 0.029551 0.059690
v -0.069372 0.016026 0.056876
v -0.065013 0.002409 0.073144
v -0.063626 0.057877 0.052942
v -0.074171 0.008422 0.056454
v -0.058243 0.079918 0.063137
v -0.064659 0.033767 0.056133
v -0.059653 0.075946 0.052527
v -0.054227 0.092342 0.068988
v -0.049482 -0.003593 0.094252
v -0.078751 0.002460 0.060831
v -0.045211 0.118024 0.078202
v -0.075583 0.000258 0.051634
v -0.430552 0.091223 0.118270
v -0.425989 0.084937 0.116384
v -0.428925 0.080630 0.112715
v 0.189892 0.334148 -0.115372
v 0.187602 0.325213 -0.117101
v 0.192146 0.329275 -0.112581
v 0.187290 0.336255 -0.118091
v 0.178079 0.311852 -0.092765
v 0.181205 0.311337 -0.087294
v 0.175890 0.308359 -0.087978
v 0.185274 0.315731 -0.089117
v 0.172909 0.304819 -0.093655
v 0.161011 0.307565 -0.097515
v 0.153573 0.306721 -0.097446
v 0.159693 0.305156 -0.091870
v -0.195260 0.278430 0.006429
v -0.201338 0.281285 0.014201
v -0.189408 0.276016 0.005684
v -0.186207 0.275189 0.003088
v -0.206347 0.285923 0.015765
v -0.375184 0.199360 0.127215
v -0.385983 0.195127 0.127116
v -0.372681 0.202266 0.130673
v -0.364086 0.146824 0.190599
v -0.358464 0.143634 0.184383
v -0.362518 0.140250 0.185420
v -0.356842 0.148544 0.189876
v -0.356442 0.144425 0.177761
v -0.353547 0.156022 0.185481
v -0.443499 0.056536 0.144175
v -0.441921 0.057610 0.134864
v -0.443016 0.052445 0.138852
v 0.112167 0.203106 0.059814
v 0.102832 0.198896 0.069465
v 0.092106 0.196914 0.077005
v 0.418675 0.112333 0.046015
v 0.433437 0.101136 0.047273
v 0.447910 0.089417 0.050833
v 0.050895 0.183843 -0.190440
v 0.063386 0.180954 -0.190663
v 0.057826 0.180737 -0.187486
v 0.050132 0.185934 -0.181803
v 0.045019 0.190128 -0.182332
v -0.370417 0.202771 0.139552
v -0.372611 0.203492 0.146277
v -0.364429 0.202073 0.140871
v -0.057037 0.416096 -0.043336
v -0.060246 0.421435 -0.047239
v -0.057742 0.407080 -0.035503
v -0.414329 0.054544 0.122256
v -0.404594 0.054104 0.126760
v -0.410298 0.050517 0.125612
v -0.122791 0.182113 -0.146713
v -0.126610 0.176617 -0.146163
v -0.131424 0.178587 -0.147755
v -0.123471 0.185659 -0.149623
v -0.133755 0.174805 -0.144039
v -0.132732 0.173944 -0.138541
v 0.128065 0.340427 -0.031833
v 0.137190 0.341133 -0.029451
v 0.139161 0.338215 -0.025599
v 0.065476 0.140825 0.085979
v 0.060158 0.140871 0.092424
v 0.054435 0.140336 0.091438
v -0.353847 0.164258 0.066460
v -0.348609 0.161916 0.069436
v -0.349252 0.155099 0.070568
v -0.440885 0.087844 0.123266
v -0.434958 0.090245 0.124418
v -0.432200 0.084463 0.123641
v 0.116011 0.212887 -0.156023
v 0.104537 0.217070 -0.157498
v 0.112924 0.210619 -0.155129
v 0.130131 0.201847 -0.158945
v 0.096930 0.220580 -0.153424
v 0.090757 0.229448 -0.148847
v -0.320578 0.095272 0.165805
v -0.321508 0.072927 0.161099
v -0.323046 0.074649 0.162321
v -0.335357 0.061543 0.156950
v -0.130265 0.353191 -0.083612
v -0.122296 0.347003 -0.069638
v -0.123603 0.348424 -0.076345
v -0.110253 0.178031 -0.160612
v -0.101997 0.171958 -0.157695
v -0.107903 0.173130 -0.156609
v -0.100196 0.172648 -0.161056
v -0.097669 0.164194 -0.160506
v -0.193369 0.225148 -0.142792
v -0.183772 0.230264 -0.142676
v -0.187432 0.224136 -0.142025
v -0.188978 0.231960 -0.141945
v -0.179575 0.238016 -0.135951
v -0.185080 0.242604 -0.132810
v -0.200130 0.232133 -0.131991
v -0.193012 0.229570 -0.135415
v -0.201208 0.221353 -0.134209
v -0.214078 0.218126 -0.133792
v -0.217132 0.219381 -0.130923
v -0.234097 0.201442 -0.135371
v -0.229552 0.208901 -0.125804
v -0.235850 0.197240 -0.128466
v -0.207445 0.224997 -0.127220
v -0.179770 0.294582 -0.084259
v -0.177518 0.270556 -0.107791
v -0.178776 0.281722 -0.092505
v -0.172499 0.292084 -0.098786
v -0.173290 0.272859 -0.117200
v -0.176094 0.262245 -0.115725
v -0.173595 0.261859 -0.125597
v -0.173738 0.311147 -0.076920
v -0.178758 0.253955 -0.125597
v -0.174140 0.250380 -0.132839
v -0.186713 0.241330 -0.127692
v -0.180941 0.300840 -0.079786
v -0.360323 0.181534 0.163014
v -0.361419 0.178743 0.165552
v -0.351452 0.178583 0.156654
v -0.361542 0.186614 0.168663
v -0.377217 0.183083 0.168025
v -0.375740 0.179510 0.165185
v -0.372754 0.189976 0.175757
v -0.379511 0.186419 0.182994
v -0.403428 0.132964 0.153358
v -0.401650 0.138588 0.164382
v -0.399952 0.134217 0.159768
v -0.380454 0.197122 0.150203
v -0.390944 0.195361 0.152136
v -0.390051 0.195921 0.155587
v 0.213620 0.276494 -0.112131
v 0.213824 0.279064 -0.105624
v 0.209472 0.278161 -0.099175
v 0.061435 0.328762 -0.146684
v 0.063548 0.326815 -0.146700
v 0.060869 0.318893 -0.144615
v 0.063910 0.314011 -0.143173
v 0.065707 0.330511 -0.144373
v 0.056874 0.306761 -0.154740
v 0.067417 0.297452 -0.142928
v 0.055846 0.302519 -0.158597
v 0.063888 0.291970 -0.150166
v 0.066332 0.292766 -0.141292
v 0.070777 0.298552 -0.134921
v 0.067302 0.300585 -0.131767
v 0.048301 0.302251 -0.160374
v 0.060864 0.315969 -0.134043
v 0.060348 0.316173 -0.123561
v 0.061161 0.325432 -0.130620
v 0.065483 0.327248 -0.140166
v 0.063868 0.322515 -0.118039
v 0.064591 0.311418 -0.121741
v 0.069936 0.316446 -0.116404
v -0.395016 0.193564 0.124337
v -0.397873 0.194408 0.122378
v -0.402222 0.188209 0.130394
v -0.385983 0.195127 0.127116
v 0.012765 0.164773 -0.165667
v 0.010222 0.168496 -0.168700
v 0.012496 0.160117 -0.170907
v 0.004776 0.172874 -0.165966
v 0.014457 0.173505 -0.162383
v -0.001123 0.183618 -0.161456
v -0.002707 0.179373 -0.169471
v -0.004278 0.192850 -0.153452
v 0.089655 -0.059952 0.065719
v 0.096434 -0.061449 0.067869
v 0.093541 -0.059531 0.072162
v 0.099392 -0.072687 0.068165
v 0.107566 -0.087464 0.074773
v 0.100100 -0.072970 0.073226
v 0.107262 -0.088590 0.070955
v 0.114370 -0.108893 0.069892
v 0.116253 -0.111968 0.074432
v -0.015322 0.487596 0.011192
v -0.018125 0.481068 0.013429
v -0.022855 0.482366 0.014408
v 0.249438 -0.481620 -0.017577
v 0.254016 -0.477721 -0.015829
v 0.247701 -0.490619 -0.020837
v 0.129040 0.171222 -0.168695
v 0.128814 0.167560 -0.167036
v 0.128858 0.160692 -0.173883
v 0.223300 0.319452 -0.159589
v 0.223134 0.316894 -0.151587
v 0.219911 0.315389 -0.155549
v 0.224338 0.322718 -0.155996
v 0.199127 0.317800 -0.143026
v 0.205952 0.317735 -0.139941
v 0.195919 0.318264 -0.133066
v 0.208789 0.325524 -0.134514
v 0.197179 0.328509 -0.124624
v -0.342209 0.123925 0.082713
v -0.335617 0.124615 0.077724
v -0.337993 0.122360 0.084358
v -0.325342 0.133311 0.079143
v -0.324515 0.129131 0.074001
v -0.331233 0.139066 0.091223
v -0.313510 0.144476 0.066981
v -0.311511 0.138902 0.058119
v -0.323312 0.126254 0.062539
v -0.274991 0.137368 0.059156
v -0.291874 0.138181 0.059942
v -0.285021 0.131347 0.054602
v -0.275576 0.129161 0.052053
v -0.307119 0.134464 0.053735
v -0.303420 0.144409 0.057264
v -0.312265 0.128763 0.054544
v -0.320971 0.120011 0.055451
v -0.268876 0.140899 0.044777
v -0.321318 0.133583 0.163614
v -0.327976 0.135904 0.164406
v -0.321312 0.137781 0.166582
v -0.327141 0.140106 0.167944
v -0.308817 0.137146 0.168456
v -0.325139 0.129844 0.164005
v 0.198460 0.327261 -0.014240
v 0.207371 0.317749 -0.013546
v 0.199393 0.325258 -0.011604
v -0.404389 0.115539 0.185668
v -0.406718 0.112275 0.190371
v -0.400151 0.114432 0.189441
v 0.144759 0.188180 -0.163923
v 0.142917 0.191921 -0.160642
v 0.146586 0.181010 -0.161908
v 0.127596 0.179962 0.066614
v 0.133545 0.171509 0.066040
v 0.133309 0.166527 0.064956
v 0.130746 0.317202 -0.163345
v 0.133310 0.304555 -0.161593
v 0.131086 0.303195 -0.162053
v 0.135436 0.294791 -0.162306
v -0.403340 0.056035 0.077381
v -0.399241 0.053176 0.075461
v -0.408967 0.054083 0.082733
v 0.038782 0.492049 0.005083
v 0.049684 0.485652 0.001097
v 0.041002 0.488198 0.002695
v 0.139548 0.331691 -0.087104
v 0.133081 0.334471 -0.081702
v 0.136943 0.329209 -0.088028
v -0.311088 0.079182 0.133749
v -0.317229 0.073285 0.129433
v -0.318081 0.074180 0.132993
v -0.313266 0.078268 0.137107
v -0.366024 0.194283 0.138269
v -0.368165 0.193771 0.141660
v -0.360531 0.196042 0.143867
v 0.449710 0.087208 0.047392
v 0.447910 0.089417 0.050833
v 0.445193 0.082222 0.049974
v -0.390051 0.195921 0.155587
v -0.390944 0.195361 0.152136
v -0.392890 0.186959 0.152833
v -0.193012 0.229570 -0.135415
v -0.189864 0.227813 -0.134469
v -0.194340 0.227633 -0.127288
v -0.193369 0.225148 -0.142792
v -0.201208 0.221353 -0.134209
v -0.205123 0.219077 -0.127168
v -0.216631 0.210753 -0.131997
v -0.220231 0.207993 -0.127138
v -0.231529 0.197390 -0.131370
v -0.235850 0.197240 -0.128466
v -0.214078 0.218126 -0.133792
v -0.234097 0.201442 -0.135371
v 0.155135 -0.018706 -0.019708
v 0.146523 -0.010520 -0.025264
v 0.150756 -0.012424 -0.021262
v 0.158859 -0.008007 -0.015795
v -0.050215 0.439133 -0.035956
v -0.045867 0.425512 -0.035186
v -0.043632 0.420961 -0.036879
v 0.006489 0.270996 -0.164917
v 0.004086 0.270752 -0.166016
v 0.002575 0.271484 -0.163940
v -0.000194 0.271238 -0.162145
v 0.010545 0.276594 -0.161803
v 0.065476 0.140825 0.085979
v 0.071783 0.144931 0.084060
v 0.063058 0.137773 0.090511
v 0.178266 0.299688 -0.118552
v 0.181475 0.301753 -0.116982
v 0.186336 0.299236 -0.111159
v 0.171974 0.304546 -0.121556
v 0.177854 0.309881 -0.113094
v 0.160318 0.306001 -0.114145
v 0.164089 0.312761 -0.102354
v 0.157062 0.308540 -0.106724
v 0.146978 0.313238 -0.098865
v 0.097480 0.143443 -0.208161
v 0.101580 0.141919 -0.204915
v 0.097098 0.138758 -0.205007
v -0.384277 0.191650 0.194336
v -0.381919 0.193763 0.193615
v -0.383545 0.192993 0.194824
v -0.383545 0.193359 0.194824
v -0.383470 0.181759 0.194159
v -0.382446 0.178216 0.181845
v -0.382032 0.173367 0.186022
v -0.382811 0.174521 0.180538
v -0.375455 0.190997 0.176094
v -0.379511 0.186419 0.182994
v -0.377217 0.183083 0.168025
v -0.375740 0.179510 0.165185
v 0.148731 0.333341 -0.080232
v 0.136943 0.329209 -0.088028
v 0.139548 0.331691 -0.087104
v 0.178467 -0.090332 0.049438
v 0.178101 -0.087402 0.048798
v 0.177368 -0.088562 0.049652
v 0.177368 -0.088135 0.049561
v 0.175366 -0.107538 0.050369
v 0.183805 -0.099804 0.049538
v 0.192256 -0.121167 0.049691
v 0.187132 -0.132305 0.050566
v 0.196085 -0.137802 0.051515
v 0.169269 -0.123211 0.059415
v 0.155349 -0.102013 0.059068
v 0.156620 -0.069532 0.049810
v 0.138104 -0.074974 0.057695
v 0.139777 -0.055369 0.051189
v 0.124952 -0.042779 0.054056
v 0.138123 -0.039334 0.052263
v 0.127919 -0.018196 0.051652
v 0.117527 -0.015051 0.053463
v 0.123004 -0.007202 0.052036
v 0.174387 -0.077899 0.049423
v 0.168422 -0.063440 0.049684
v 0.163502 -0.060385 0.050418
v 0.122278 -0.061942 0.062715
v 0.129497 -0.080031 0.063540
v 0.146930 -0.107559 0.058048
v 0.146646 -0.120937 0.061070
v 0.182787 -0.139013 0.056493
v 0.139320 -0.021859 0.052776
v 0.151555 -0.034494 0.053761
v 0.152831 -0.041340 0.053611
v 0.151017 -0.049271 0.055308
v 0.161800 -0.045155 0.053447
v 0.171936 -0.134848 0.057319
v 0.146434 -0.020748 0.055424
v 0.152678 -0.118556 0.053225
v 0.153300 -0.134421 0.053552
v 0.144869 -0.013481 0.062254
v 0.133056 -0.015566 0.060382
v 0.135241 -0.008811 0.065344
v 0.142904 -0.004248 0.061702
v 0.128197 -0.008572 0.062747
v 0.117310 -0.000267 0.041499
v 0.050203 0.178913 -0.201371
v 0.054452 0.171033 -0.208918
v 0.052087 0.174695 -0.202778
v 0.059600 0.164177 -0.210857
v 0.058413 0.166904 -0.212481
v 0.061970 0.153294 -0.220528
v 0.070673 0.146281 -0.219359
v 0.076777 0.157136 -0.211952
v 0.063480 0.147311 -0.221225
v 0.066615 0.134838 -0.227810
v 0.074923 0.136841 -0.226055
v 0.075079 0.128865 -0.232812
v 0.072382 0.131002 -0.237127
v 0.073388 0.148484 -0.222810
v 0.067928 0.169821 -0.203581
v 0.072671 0.158831 -0.209650
v 0.063230 0.178069 -0.199688
v 0.068759 0.176606 -0.194575
v 0.063386 0.180954 -0.190663
v 0.042969 0.180936 -0.195142
v 0.050895 0.183843 -0.190440
v 0.045019 0.190128 -0.182332
v 0.042462 0.187821 -0.188534
v 0.042073 0.198028 -0.177537
v 0.078686 0.157460 -0.206028
v 0.074662 0.161413 -0.197715
v 0.178101 -0.087402 0.048798
v 0.175366 -0.107538 0.050369
v 0.177368 -0.088135 0.049561
v 0.156206 0.326267 -0.021878
v 0.154792 0.320610 -0.021723
v 0.155807 0.320595 -0.024498
v 0.157208 0.340182 -0.020672
v -0.401741 0.178444 0.149829
v -0.403076 0.177246 0.149780
v -0.416616 0.175877 0.150165
v -0.115033 0.324547 -0.067083
v -0.108379 0.323524 -0.066532
v -0.124317 0.324657 -0.066793
v -0.158262 0.214973 -0.131497
v -0.160949 0.210438 -0.135082
v -0.168270 0.199652 -0.142337
v -0.415283 0.116638 0.150391
v -0.415283 0.117004 0.150391
v -0.416260 0.117920 0.149780
v -0.416504 0.114746 0.150024
v -0.418439 0.109533 0.148929
v -0.412414 0.120581 0.147804
v 0.152832 0.278320 -0.100159
v 0.156862 0.287408 -0.099832
v 0.151855 0.275879 -0.099609
v 0.162469 0.299603 -0.100109
v 0.164866 0.300498 -0.091524
v 0.172909 0.304819 -0.093655
v 0.168411 0.306601 -0.098713
v 0.171471 0.309279 -0.083592
v 0.152368 0.286399 -0.096370
v 0.175890 0.308359 -0.087978
v 0.095154 0.348633 -0.118774
v 0.095886 0.347900 -0.121399
v 0.091983 0.349474 -0.109160
v -0.151611 0.123047 -0.142578
v -0.150006 0.123878 -0.144578
v -0.151001 0.121582 -0.140991
v 0.177368 -0.088135 0.049561
v 0.175366 -0.107538 0.050369
v 0.177368 -0.088562 0.049652
v -0.384521 0.083984 0.197266
v -0.383545 0.082703 0.199219
v -0.384033 0.083984 0.197266
v -0.382080 0.085815 0.196411
v -0.126258 0.312635 -0.080885
v -0.130371 0.306396 -0.087830
v -0.130371 0.306396 -0.087891
v 0.004086 0.270752 -0.166016
v 0.004192 0.270752 -0.166016
v 0.010624 0.268241 -0.162751
v 0.006489 0.270996 -0.164917
v 0.010545 0.276594 -0.161803
v 0.016333 0.342391 -0.139842
v 0.018319 0.339963 -0.125325
v 0.017331 0.334187 -0.138671
v 0.017505 0.319045 -0.122907
v 0.014033 0.322234 -0.141131
v 0.013548 0.301167 -0.145353
v 0.014005 0.354016 -0.118954
v 0.022470 0.296857 -0.132008
v 0.018797 0.295654 -0.137863
v 0.015067 0.288736 -0.160592
v 0.018592 0.282856 -0.138273
v 0.022770 0.290835 -0.128816
v 0.014144 0.269529 -0.151869
v 0.019087 0.265183 -0.147355
v 0.016183 0.259417 -0.161918
v 0.020782 0.250689 -0.161591
v 0.018772 0.245665 -0.175312
v 0.020598 0.237734 -0.178999
v 0.028147 0.236628 -0.162279
v 0.009419 0.354620 -0.134697
v 0.012893 0.349255 -0.146531
v 0.018516 0.356297 -0.110329
v 0.005120 0.373507 -0.115463
v 0.005006 0.363125 -0.125405
v 0.001626 0.381915 -0.147306
v 0.001701 0.393583 -0.118484
v 0.005748 0.386535 -0.101054
v 0.005365 0.404306 -0.103538
v 0.006128 0.395594 -0.096127
v 0.007413 0.406962 -0.086606
v 0.006746 0.423127 -0.088708
v 0.011095 0.412682 -0.069446
v 0.006295 0.357001 -0.148959
v 0.011417 0.399860 -0.083833
v 0.028295 0.231318 -0.172749
v -0.383545 0.192993 0.194824
v -0.383545 0.193359 0.194824
v -0.384277 0.191650 0.194336
v 0.116464 0.033114 0.007462
v 0.117466 -0.010005 0.007082
v 0.107289 0.018776 -0.026634
v 0.111682 -0.002513 -0.013289
v 0.114265 0.038210 0.000876
v 0.109502 0.041194 -0.017659
v 0.117377 0.022307 0.018601
v -0.156356 -0.107130 -0.021874
v -0.130143 -0.099114 -0.025897
v -0.136887 -0.115337 -0.025069
v -0.158202 -0.134596 -0.021671
v -0.138342 -0.077420 -0.024823
v -0.165323 -0.122037 -0.020093
v -0.118222 -0.074040 -0.030089
v -0.128257 -0.053962 -0.025749
v -0.111950 -0.061115 -0.031152
v -0.121041 -0.038779 -0.027388
v -0.102771 -0.041586 -0.033293
v -0.162542 -0.134733 -0.018066
v -0.168988 -0.138181 -0.021579
v -0.124114 -0.090362 -0.026280
v 0.208929 -0.355736 0.000603
v 0.189626 -0.357656 -0.001418
v 0.212996 -0.397497 0.004092
v -0.175306 -0.358503 0.001533
v -0.189409 -0.357084 -0.001407
v -0.184224 -0.387499 0.003732
v -0.195087 -0.372604 -0.002892
v 0.112167 0.203106 0.059814
v 0.111923 0.173704 0.060501
v 0.119220 0.178112 0.048570
v 0.056754 0.152460 -0.183234
v 0.052314 0.151708 -0.177519
v 0.053715 0.137414 -0.181221
v 0.056012 0.185208 -0.177703
v 0.424642 0.113606 -0.009356
v 0.436905 0.094974 -0.008997
v 0.429048 0.093629 -0.008268
v 0.416743 0.109636 -0.008504
v 0.435816 0.082312 -0.006781
v 0.444770 0.080474 -0.006346
v -0.179899 -0.482201 -0.079811
v -0.176825 -0.499455 -0.071649
v -0.194975 -0.492152 -0.079505
v -0.187157 -0.497782 -0.075705
v -0.196811 -0.480912 -0.081172
v -0.425813 0.087020 0.166392
v -0.436222 0.083043 0.182327
v -0.419615 0.076098 0.175542
v -0.439540 0.093483 0.168433
v -0.422919 0.085270 0.166940
v -0.429623 0.098842 0.163799
v -0.429638 0.074341 0.180180
v 0.206865 -0.340905 -0.002914
v 0.185992 -0.341879 -0.003308
v 0.204580 -0.353733 -0.003201
v -0.073030 0.387831 -0.072125
v -0.067795 0.374728 -0.066372
v -0.066609 0.361325 -0.077718
v -0.071841 0.371738 -0.083750
v -0.071548 0.358343 -0.086896
v -0.076614 0.363613 -0.091412
v -0.075899 0.360743 -0.093982
v -0.084544 0.366941 -0.097586
v -0.067516 0.401423 -0.067338
v -0.091299 0.378362 -0.065897
v -0.095185 0.371050 -0.073232
v -0.089060 0.363598 -0.058268
v 0.132316 0.108757 -0.004496
v 0.140268 0.104420 0.004484
v 0.130156 0.095526 0.006524
v 0.139745 0.351263 -0.023411
v 0.128065 0.340427 -0.031833
v 0.139161 0.338215 -0.025599
v 0.209591 0.273367 -0.164085
v 0.206125 0.278941 -0.139060
v 0.213852 0.276576 -0.146909
v 0.212538 0.275553 -0.175893
v 0.089283 -0.004548 0.113943
v 0.095809 0.004054 0.120762
v 0.086923 0.002854 0.128534
v 0.122189 0.179231 -0.204606
v 0.119097 0.184057 -0.197027
v 0.117950 0.163651 -0.204619
v 0.123004 -0.007202 0.052036
v 0.127919 -0.018196 0.051652
v 0.128197 -0.008572 0.062747
v -0.364086 0.146824 0.190599
v -0.355135 0.136724 0.194711
v -0.359521 0.144368 0.202105
v -0.362518 0.140250 0.185420
v -0.042968 0.420472 -0.054208
v -0.037975 0.417541 -0.047831
v -0.040986 0.404814 -0.057778
v -0.144053 0.317824 -0.001292
v -0.157362 0.317396 0.001299
v -0.156157 0.320958 0.003653
v -0.166097 0.326127 0.009789
v -0.146711 -0.134962 -0.010137
v -0.141112 -0.141759 -0.007784
v -0.155306 -0.143179 -0.011957
v -0.102771 -0.041586 -0.033293
v -0.095821 -0.043487 -0.025007
v -0.101514 -0.051532 -0.027542
v -0.100824 -0.060394 -0.026130
v -0.096754 -0.035567 -0.021928
v -0.016186 0.435817 -0.060700
v -0.011263 0.424366 -0.057424
v -0.012179 0.422128 -0.064833
v -0.018804 0.428827 -0.065181
v -0.022070 0.423615 -0.070954
v 0.116556 0.178733 -0.202414
v 0.122189 0.179231 -0.204606
v 0.117950 0.163651 -0.204619
v -0.141527 0.359881 -0.051570
v -0.164105 0.353727 -0.048446
v -0.142278 0.358433 -0.047920
v -0.129966 0.372391 -0.048372
v -0.145441 0.302456 -0.085254
v -0.150016 0.292597 -0.087635
v -0.149852 0.297037 -0.089844
v -0.155278 0.288751 -0.094652
v -0.340746 0.039348 0.154274
v -0.335831 0.027773 0.151349
v -0.333609 0.038380 0.155632
v -0.173738 0.311147 -0.076920
v -0.180941 0.300840 -0.079786
v -0.173431 0.303181 -0.073957
v -0.182480 -0.350542 -0.002761
v -0.175133 -0.356891 -0.001995
v -0.167682 -0.352679 0.000370
v 0.068627 0.329704 -0.119479
v 0.075061 0.323884 -0.118299
v 0.069936 0.316446 -0.116404
v 0.063868 0.322515 -0.118039
v -0.409942 0.120057 0.179801
v -0.410682 0.099003 0.180418
v -0.413662 0.098427 0.178779
v -0.101514 -0.051532 -0.027542
v -0.100824 -0.060394 -0.026130
v -0.107383 -0.068384 -0.023449
v -0.086169 0.031785 -0.023532
v -0.074181 0.006970 -0.040105
v -0.091484 0.015059 -0.010293
v -0.083613 0.032860 -0.028398
v -0.080100 -0.010377 -0.024474
v -0.063018 -0.022786 -0.057483
v -0.091332 0.030161 -0.011487
v -0.063209 0.007172 -0.057391
v -0.074097 0.030161 -0.041916
v -0.097753 0.027734 0.007620
v -0.097280 0.009655 0.010318
v -0.086793 -0.008485 -0.004430
v -0.090194 -0.008101 0.007893
v -0.063928 0.030470 -0.053612
v -0.088317 -0.020121 -0.019626
v -0.080091 -0.032243 -0.036690
v -0.064841 -0.041715 -0.052720
v -0.075168 -0.052778 -0.045098
v -0.095821 -0.043487 -0.025007
v -0.096754 -0.035567 -0.021928
v -0.090037 -0.071526 -0.039175
v -0.080005 -0.075182 -0.049031
v -0.094472 -0.116221 -0.046266
v -0.107929 -0.119345 -0.034920
v -0.114617 -0.085020 -0.021677
v -0.120987 -0.096932 -0.020619
v -0.129625 -0.113656 -0.019480
v -0.131134 -0.142163 -0.021904
v -0.133829 -0.121903 -0.014583
v -0.141112 -0.141759 -0.007784
v -0.136055 -0.163921 -0.016762
v -0.127727 -0.172449 -0.026756
v -0.119578 -0.159742 -0.031619
v -0.142583 -0.158061 -0.001722
v -0.150316 -0.174582 -0.006286
v -0.115156 -0.139751 -0.031664
v -0.065408 -0.061814 -0.051554
v -0.095017 -0.122830 -0.042816
v -0.053227 0.029997 -0.058859
v -0.146143 -0.175275 -0.018167
v -0.134756 -0.180285 -0.031821
v -0.146842 -0.189191 -0.016406
v -0.136653 -0.192325 -0.026300
v -0.142651 -0.205425 -0.029875
v -0.155187 -0.214898 -0.024589
v -0.145213 -0.220684 -0.039423
v -0.122177 -0.189083 -0.038584
v -0.154993 -0.227074 -0.040704
v -0.123608 -0.198435 -0.032238
v -0.129298 -0.204452 -0.033021
v -0.125182 -0.215015 -0.036426
v -0.157747 -0.232852 -0.047489
v -0.141610 -0.232429 -0.051987
v -0.144559 -0.255390 -0.058156
v -0.165169 -0.262250 -0.050783
v -0.158715 -0.275465 -0.059447
v -0.176584 -0.277432 -0.049217
v -0.184078 -0.286643 -0.054858
v -0.157811 -0.283493 -0.068639
v -0.181261 -0.300834 -0.053236
v -0.145591 -0.280393 -0.062195
v -0.158565 -0.291175 -0.065641
v -0.158656 -0.304358 -0.065266
v -0.174905 -0.312753 -0.061704
v -0.189704 -0.314859 -0.054755
v -0.174481 -0.320652 -0.067151
v -0.183308 -0.329179 -0.061695
v -0.157567 -0.323644 -0.069517
v -0.167547 -0.332793 -0.066618
v -0.189766 -0.340484 -0.066644
v -0.173662 -0.340986 -0.070455
v -0.185171 -0.349807 -0.064848
v -0.146711 -0.134962 -0.010137
v 0.056754 0.152460 -0.183234
v 0.053715 0.137414 -0.181221
v 0.054261 0.150005 -0.186651
v 0.161480 -0.020597 -0.032179
v 0.162614 -0.016388 -0.029474
v 0.166131 -0.031705 -0.026115
v 0.138443 0.179985 -0.161925
v 0.134988 0.173534 -0.158739
v 0.142646 0.171920 -0.158831
v 0.133996 0.183545 -0.162371
v -0.340390 0.065312 0.098485
v -0.335650 0.055342 0.095717
v -0.344335 0.062614 0.095932
v -0.347974 0.071633 0.098439
v -0.350872 0.073128 0.097519
v -0.109726 0.335525 -0.054462
v -0.119107 0.331070 -0.053480
v -0.119041 0.325747 -0.055985
v -0.012576 0.436550 -0.059694
v -0.011251 0.429996 -0.054102
v -0.008301 0.424422 -0.057097
v -0.010968 0.434176 -0.050497
v -0.019915 0.438663 -0.052603
v -0.016186 0.435817 -0.060700
v -0.126258 0.312635 -0.080885
v -0.130371 0.306396 -0.087891
v -0.129759 0.298512 -0.093778
v -0.059653 0.075946 0.052527
v -0.054628 0.081193 0.062527
v -0.058243 0.079918 0.063137
v -0.293932 0.039916 0.135500
v -0.307291 0.045071 0.137283
v -0.300567 0.041587 0.133544
v 0.165422 -0.131867 0.042439
v 0.161777 -0.130688 0.044033
v 0.169184 -0.142922 0.037976
v 0.115534 0.187116 -0.173707
v 0.107009 0.192938 -0.175468
v 0.113366 0.187892 -0.170749
v 0.120053 0.180221 -0.170940
v -0.384487 0.180125 0.182727
v -0.382446 0.178216 0.181845
v -0.383470 0.181759 0.194159
v -0.068958 0.387225 -0.005811
v -0.077456 0.372059 -0.019049
v -0.077496 0.374021 -0.016414
v 0.152368 0.286399 -0.096370
v 0.151489 0.275879 -0.099609
v 0.151855 0.275879 -0.099609
v 0.142439 -0.059832 -0.014715
v 0.159749 -0.065689 -0.020569
v 0.151508 -0.068496 -0.016127
v 0.156542 -0.058392 -0.026502
v 0.144129 -0.051778 -0.026102
v 0.153515 -0.087196 -0.017793
v 0.152822 -0.045783 -0.025504
v 0.135784 -0.042514 -0.021246
v 0.148349 -0.032708 -0.022811
v 0.156205 -0.041154 -0.021752
v 0.140109 -0.086299 -0.031082
v 0.143602 -0.115544 -0.032203
v 0.126495 -0.068169 -0.026917
v 0.122899 -0.052653 -0.020068
v 0.137405 -0.053370 -0.012502
v 0.127830 -0.040607 -0.002986
v 0.117068 -0.039629 -0.015135
v 0.119957 -0.032378 -0.001838
v 0.106597 -0.052359 -0.035093
v 0.123991 -0.089744 -0.038491
v 0.159509 -0.111400 -0.017393
v 0.126302 -0.030743 0.001099
v 0.123354 -0.026798 0.008558
v 0.144671 -0.129608 -0.029914
v 0.162981 -0.129424 -0.016804
v 0.154862 -0.144194 -0.029699
v 0.166315 -0.136238 -0.015825
v 0.164786 -0.156774 -0.030333
v 0.143962 -0.155475 -0.036922
v 0.150818 -0.170791 -0.029263
v 0.165639 -0.171886 -0.018486
v 0.160661 -0.177634 -0.026602
v 0.171921 -0.178613 -0.015474
v 0.166713 -0.188480 -0.019480
v 0.155683 -0.189205 -0.025937
v 0.173764 -0.201092 -0.025549
v 0.152947 -0.199261 -0.034458
v 0.151265 -0.210048 -0.036611
v 0.138949 -0.213319 -0.036229
v 0.157056 -0.225040 -0.050136
v 0.137933 -0.228142 -0.046910
v 0.164224 -0.247379 -0.063963
v 0.176197 -0.227888 -0.047662
v 0.174117 -0.242170 -0.057909
v 0.186885 -0.257792 -0.059595
v 0.186285 -0.271677 -0.063016
v 0.167347 -0.277684 -0.067200
v 0.172947 -0.285918 -0.073714
v 0.145896 -0.278710 -0.061424
v 0.160250 -0.297013 -0.071888
v 0.141519 -0.292658 -0.057823
v 0.129953 -0.257326 -0.046561
v 0.133170 -0.290811 -0.048852
v 0.141777 -0.303566 -0.052033
v 0.123821 -0.270353 -0.036944
v 0.117929 -0.233389 -0.026741
v 0.131243 -0.238910 -0.045170
v 0.175613 -0.299890 -0.068153
v 0.192328 -0.295104 -0.065637
v 0.199650 -0.301353 -0.071608
v 0.206142 -0.294099 -0.059736
v 0.208632 -0.301782 -0.064761
v 0.208285 -0.312968 -0.063312
v 0.186833 -0.305043 -0.075778
v 0.151495 -0.301128 -0.065958
v 0.155443 -0.267051 -0.065332
v 0.196305 -0.281304 -0.069819
v 0.197482 -0.269551 -0.056017
v 0.189147 -0.243873 -0.050925
v 0.126958 -0.218951 -0.034290
v 0.125657 -0.199037 -0.032431
v 0.145225 -0.193051 -0.029869
v 0.162891 -0.210515 -0.035136
v 0.174076 -0.156187 -0.022066
v 0.134272 -0.173935 -0.031732
v 0.171273 -0.148565 -0.019922
v 0.168911 -0.119060 -0.023711
v 0.116332 -0.177230 -0.035785
v 0.112421 -0.151307 -0.043509
v 0.092362 -0.159099 -0.032455
v 0.121768 -0.183144 -0.033157
v 0.104743 -0.175479 -0.031801
v 0.129922 -0.140159 -0.038302
v 0.143017 -0.179797 -0.036465
v 0.140191 -0.308276 -0.055559
v 0.144322 -0.311079 -0.062685
v 0.134217 -0.317014 -0.045083
v 0.149172 -0.321796 -0.054588
v 0.159069 -0.322528 -0.065637
v 0.159530 -0.335279 -0.065041
v 0.148708 -0.335332 -0.050887
v 0.170319 -0.331172 -0.075677
v 0.168693 -0.321933 -0.068743
v 0.185958 -0.327612 -0.082400
v 0.162959 -0.097196 -0.021203
v 0.157947 -0.304151 -0.067152
v 0.114507 -0.188558 -0.026656
v 0.104444 -0.193276 -0.017001
v 0.113913 -0.199283 -0.031201
v 0.101540 -0.203735 -0.016309
v 0.111113 -0.212352 -0.016104
v 0.103126 -0.131981 -0.046677
v 0.069463 -0.135444 -0.027719
v 0.099376 -0.123424 -0.049201
v 0.098956 -0.109865 -0.050769
v 0.064202 -0.117215 -0.037466
v 0.066198 -0.139170 -0.022278
v 0.055427 -0.094875 -0.041487
v 0.041691 -0.091286 -0.025971
v 0.071521 -0.093257 -0.045117
v 0.097972 -0.085466 -0.051129
v 0.074243 -0.075809 -0.052034
v 0.094313 -0.073313 -0.051545
v 0.076791 -0.055633 -0.056735
v 0.095421 -0.056768 -0.050116
v 0.079590 -0.041147 -0.060939
v 0.093876 -0.034186 -0.050427
v 0.106648 -0.020623 -0.029512
v 0.089621 -0.018113 -0.051486
v 0.096366 0.012387 -0.041253
v 0.079262 -0.009681 -0.062709
v 0.078333 0.005363 -0.063331
v 0.082561 0.038968 -0.056870
v 0.077075 0.038047 -0.060130
v 0.064268 0.001875 -0.068530
v 0.107289 0.018776 -0.026634
v 0.096566 0.042997 -0.039152
v 0.109502 0.041194 -0.017659
v 0.106506 -0.091853 -0.049501
v 0.040643 -0.072234 -0.051199
v 0.055795 -0.058834 -0.058297
v 0.062838 -0.030062 -0.069899
v 0.035892 -0.030718 -0.072801
v 0.035416 0.003650 -0.072960
v 0.006402 -0.002076 -0.069399
v 0.004307 0.030506 -0.067233
v -0.009627 0.003512 -0.070030
v -0.028073 0.030329 -0.066386
v -0.028320 -0.022677 -0.069752
v 0.035434 0.030060 -0.070088
v -0.045365 0.003655 -0.064364
v -0.046989 -0.021354 -0.064673
v -0.063209 0.007172 -0.057391
v -0.053227 0.029997 -0.058859
v -0.063018 -0.022786 -0.057483
v -0.005278 -0.027605 -0.068942
v 0.006138 -0.032348 -0.063746
v -0.014685 -0.044029 -0.062679
v 0.002266 -0.049565 -0.053667
v -0.013584 -0.065072 -0.050075
v -0.000333 -0.072919 -0.031136
v -0.019233 -0.081101 -0.040464
v -0.044153 -0.095637 -0.048139
v -0.035520 -0.099814 -0.039734
v -0.053149 -0.122945 -0.042185
v -0.078245 -0.120612 -0.043413
v -0.070274 -0.085765 -0.048081
v -0.055349 -0.076110 -0.052025
v -0.034781 -0.068079 -0.056868
v -0.066737 -0.143485 -0.037059
v -0.057630 -0.131135 -0.038389
v -0.058465 -0.163381 -0.020494
v -0.066279 -0.170066 -0.023091
v -0.080406 -0.163747 -0.034140
v -0.069465 -0.182411 -0.023537
v -0.080373 -0.174169 -0.034983
v -0.093175 -0.159783 -0.037154
v -0.091032 -0.190247 -0.028479
v -0.074041 -0.195139 -0.017812
v -0.076181 -0.203939 -0.021079
v -0.086530 -0.201297 -0.030129
v -0.102945 -0.196062 -0.037820
v -0.104537 -0.205022 -0.027675
v -0.123608 -0.198435 -0.032238
v -0.122177 -0.189083 -0.038584
v -0.129298 -0.204452 -0.033021
v -0.125182 -0.215015 -0.036426
v -0.112827 -0.217753 -0.031631
v -0.096916 -0.220141 -0.023709
v -0.124819 -0.226296 -0.042971
v -0.104797 -0.234841 -0.034819
v -0.100369 -0.224347 -0.023519
v -0.145213 -0.220684 -0.039423
v -0.103328 -0.186837 -0.031739
v -0.125115 -0.232220 -0.049394
v -0.113866 -0.269266 -0.047957
v -0.124196 -0.267170 -0.055717
v -0.094549 -0.208578 -0.020467
v -0.130881 -0.265642 -0.058627
v -0.144559 -0.255390 -0.058156
v -0.145591 -0.280393 -0.062195
v -0.141610 -0.232429 -0.051987
v -0.132069 -0.286905 -0.056686
v -0.122857 -0.291290 -0.048879
v -0.127279 -0.295687 -0.062306
v -0.100759 -0.149421 -0.038195
v -0.017486 -0.100419 -0.024256
v -0.044564 -0.145450 -0.018981
v -0.080005 -0.075182 -0.049031
v 0.007233 -0.042551 -0.053944
v -0.094472 -0.116221 -0.046266
v -0.031879 -0.128921 -0.021083
v 0.046856 0.033346 -0.068753
v -0.030843 -0.038348 -0.066049
v -0.064841 -0.041715 -0.052720
v 0.023445 -0.031887 -0.070072
v -0.041843 0.030370 -0.062811
v 0.062674 0.033911 -0.065752
v 0.077351 -0.030970 -0.066894
v 0.085727 -0.175160 -0.019802
v 0.122552 -0.105831 -0.040461
v -0.078563 -0.212733 -0.008692
v 0.104113 -0.071432 -0.045192
v 0.188577 -0.318272 -0.071392
v -0.065408 -0.061814 -0.051554
v -0.143655 -0.287468 -0.069266
v -0.145717 -0.301111 -0.063857
v -0.132932 -0.312231 -0.050223
v -0.147468 -0.307440 -0.062824
v -0.138020 -0.322107 -0.061041
v -0.158565 -0.291175 -0.065641
v -0.157567 -0.323644 -0.069517
v -0.151839 -0.331201 -0.063944
v -0.167547 -0.332793 -0.066618
v -0.152731 -0.341331 -0.067736
v -0.135362 -0.341721 -0.052825
v -0.137546 -0.334521 -0.048636
v -0.173662 -0.340986 -0.070455
v -0.170359 -0.347940 -0.066613
v -0.185171 -0.349807 -0.064848
v -0.169369 -0.350094 -0.069424
v -0.174610 -0.376053 -0.069326
v -0.163503 -0.375234 -0.066832
v -0.150193 -0.354511 -0.061677
v -0.156160 -0.374718 -0.062188
v -0.166120 -0.408537 -0.068034
v -0.155320 -0.396272 -0.058316
v -0.184501 -0.393000 -0.069930
v -0.173745 -0.399692 -0.070727
v -0.155052 -0.349192 -0.061158
v -0.161722 -0.430114 -0.064747
v -0.158656 -0.304358 -0.065266
v -0.174806 -0.427476 -0.074929
v -0.164967 -0.431661 -0.071978
v -0.174581 -0.435945 -0.078950
v -0.164691 -0.449503 -0.073458
v -0.176537 -0.470213 -0.080536
v -0.188223 -0.451941 -0.081918
v -0.168309 -0.478379 -0.074708
v -0.185320 -0.475091 -0.082150
v -0.199178 -0.470141 -0.079803
v -0.187056 -0.427963 -0.077115
v 0.175866 -0.211283 -0.029884
v -0.158715 -0.275465 -0.059447
v -0.157811 -0.283493 -0.068639
v 0.046121 -0.115769 -0.014301
v -0.095017 -0.122830 -0.042816
v -0.115085 -0.181895 -0.032388
v -0.127727 -0.172449 -0.026756
v 0.144249 -0.249090 -0.058354
v -0.032101 -0.048572 -0.064318
v 0.124903 -0.187740 -0.037105
v -0.115156 -0.139751 -0.031664
v 0.033882 -0.050736 -0.063240
v -0.107890 -0.165136 -0.037540
v -0.093957 -0.169822 -0.038322
v 0.172400 -0.132429 -0.025930
v 0.207540 -0.279531 -0.061562
v -0.119578 -0.159742 -0.031619
v 0.203420 -0.316950 -0.067519
v 0.199276 -0.325806 -0.077435
v 0.214442 -0.319795 -0.062602
v 0.195402 -0.333243 -0.075841
v 0.209706 -0.331774 -0.067647
v 0.212384 -0.336187 -0.068732
v 0.198171 -0.344607 -0.068716
v 0.213462 -0.349014 -0.060712
v 0.198903 -0.348142 -0.072380
v 0.210662 -0.350466 -0.067201
v 0.208074 -0.373764 -0.071813
v 0.192313 -0.389711 -0.073630
v 0.185937 -0.353652 -0.073619
v 0.174344 -0.351280 -0.068854
v 0.169461 -0.373060 -0.063289
v 0.165335 -0.354045 -0.062474
v 0.169158 -0.350681 -0.060565
v 0.177221 -0.393474 -0.063925
v 0.191116 -0.406669 -0.070064
v 0.201586 -0.425949 -0.076686
v 0.188437 -0.427475 -0.066779
v 0.200967 -0.428597 -0.078772
v 0.187087 -0.431982 -0.070198
v 0.189592 -0.461779 -0.074198
v 0.205697 -0.470849 -0.081484
v 0.198950 -0.479799 -0.079608
v 0.222134 -0.466031 -0.078739
v 0.215637 -0.478235 -0.077879
v 0.200049 -0.485815 -0.072001
v 0.185362 -0.482076 -0.066773
v 0.219512 -0.476615 -0.075519
v 0.229829 -0.469365 -0.074415
v 0.233847 -0.477513 -0.074849
v 0.230033 -0.483604 -0.073992
v 0.219224 -0.482382 -0.069157
v 0.229410 -0.497035 -0.072529
v 0.234243 -0.494683 -0.065040
v 0.243239 -0.494845 -0.049930
v 0.239505 -0.488108 -0.058619
v 0.235378 -0.482180 -0.059019
v 0.241356 -0.480832 -0.049198
v 0.212068 -0.485986 -0.071691
v 0.200502 -0.497754 -0.069806
v 0.218509 -0.427310 -0.076638
v 0.214522 -0.397240 -0.071800
v 0.189403 -0.345223 -0.070584
v 0.219763 -0.424751 -0.074195
v 0.190447 -0.499006 -0.064757
v 0.176670 -0.341595 -0.067653
v 0.165587 -0.339059 -0.063233
v 0.020269 -0.055195 -0.050542
v 0.185629 -0.099758 -0.024984
v 0.175425 -0.138145 -0.027487
v 0.163744 -0.311362 -0.074132
v 0.191186 -0.126532 -0.027432
v -0.086758 -0.224311 -0.014286
v 0.177975 -0.155199 -0.029810
v 0.159749 -0.065689 -0.020569
v 0.168911 -0.119060 -0.023711
v 0.162959 -0.097196 -0.021203
v 0.177496 -0.068629 -0.022930
v 0.185629 -0.099758 -0.024984
v 0.191186 -0.126532 -0.027432
v 0.192127 -0.155014 -0.032418
v 0.177975 -0.155199 -0.029810
v 0.184892 -0.163634 -0.025699
v 0.175750 -0.159030 -0.016401
v 0.194613 -0.158207 -0.029441
v 0.174076 -0.156187 -0.022066
v 0.035416 0.003650 -0.072960
v 0.064268 0.001875 -0.068530
v 0.062838 -0.030062 -0.069899
v 0.046856 0.033346 -0.068753
v 0.062674 0.033911 -0.065752
v 0.077351 -0.030970 -0.066894
v 0.123991 -0.089744 -0.038491
v 0.122552 -0.105831 -0.040461
v 0.106506 -0.091853 -0.049501
v 0.104113 -0.071432 -0.045192
v 0.143017 -0.179797 -0.036465
v 0.155683 -0.189205 -0.025937
v 0.125657 -0.199037 -0.032431
v 0.145225 -0.193051 -0.029869
v 0.124903 -0.187740 -0.037105
v 0.113913 -0.199283 -0.031201
v 0.120371 -0.207093 -0.026860
v 0.138949 -0.213319 -0.036229
v 0.126958 -0.218951 -0.034290
v 0.117929 -0.233389 -0.026741
v 0.112546 -0.223280 -0.017680
v 0.121768 -0.183144 -0.033157
v 0.114507 -0.188558 -0.026656
v 0.111113 -0.212352 -0.016104
v 0.095421 -0.056768 -0.050116
v 0.106597 -0.052359 -0.035093
v 0.104113 -0.071432 -0.045192
v 0.106648 -0.020623 -0.029512
v 0.137933 -0.228142 -0.046910
v 0.144249 -0.249090 -0.058354
v 0.131243 -0.238910 -0.045170
v 0.126958 -0.218951 -0.034290
v 0.186833 -0.305043 -0.075778
v 0.188577 -0.318272 -0.071392
v 0.163744 -0.311362 -0.074132
v 0.208285 -0.312968 -0.063312
v 0.214442 -0.319795 -0.062602
v 0.203420 -0.316950 -0.067519
v -0.380415 0.117179 0.198163
v -0.384031 0.118138 0.216520
v -0.380123 0.103409 0.200912
v -0.384765 0.126913 0.216516
v -0.379911 0.131023 0.196355
v -0.384289 0.133452 0.205249
v -0.383541 0.095579 0.221720
v -0.382751 0.078316 0.218767
v -0.382415 0.079291 0.203335
v -0.381237 0.091939 0.196854
v -0.381153 0.066018 0.209133
v -0.382699 0.072003 0.192917
v -0.380646 0.080078 0.193752
v -0.380090 0.139714 0.200120
v -0.379888 0.065309 0.197704
v -0.381862 0.065712 0.190891
v -0.377016 0.142112 0.189977
v -0.383545 0.082703 0.199219
v -0.384521 0.083984 0.197266
v -0.380646 0.080078 0.193752
v -0.384033 0.083984 0.197266
v -0.383545 0.082703 0.199219
v -0.108125 0.289499 -0.121997
v -0.108707 0.259752 -0.133298
v -0.112701 0.270164 -0.116476
v -0.112953 0.281090 -0.112436
v -0.113425 0.257832 -0.120491
v -0.113951 0.295626 -0.113818
v -0.118030 0.292427 -0.112929
v -0.112123 0.242562 -0.133377
v -0.109846 0.243602 -0.146675
v -0.116851 0.241250 -0.128052
v -0.109158 0.301703 -0.121660
v -0.111592 0.298976 -0.105543
v -0.111751 0.225312 -0.150508
v -0.123774 0.213248 -0.138704
v -0.116488 0.214788 -0.150920
v -0.124203 0.204143 -0.146068
v -0.127956 0.200093 -0.137414
v -0.131131 0.207719 -0.130859
v -0.138582 0.182176 -0.131545
v -0.131424 0.178587 -0.147755
v -0.133755 0.174805 -0.144039
v -0.137230 0.169355 -0.136315
v -0.135738 0.164002 -0.142914
v -0.141575 0.159063 -0.137547
v -0.143086 0.145265 -0.144512
v -0.144719 0.147400 -0.136731
v -0.140894 0.169315 -0.131080
v -0.135130 0.169371 -0.120967
v -0.133524 0.188038 -0.124867
v -0.144009 0.141250 -0.134377
v -0.150022 0.121165 -0.137910
v -0.150006 0.123878 -0.144578
v -0.131557 0.181808 -0.116093
v -0.127208 0.198015 -0.115009
v -0.129494 0.212716 -0.123142
v -0.126738 0.205445 -0.117538
v -0.127888 0.220226 -0.121960
v -0.151367 0.124634 -0.140991
v -0.100413 0.319282 -0.104188
v -0.107379 0.308052 -0.098770
v -0.117914 0.303947 -0.092912
v -0.110381 0.313887 -0.086921
v -0.105326 0.308949 -0.118886
v -0.100397 0.328396 -0.109410
v -0.095235 0.334322 -0.089474
v -0.098493 0.341973 -0.103177
v -0.096396 0.344133 -0.079949
v -0.096034 0.339892 -0.078469
v -0.100145 0.336669 -0.075735
v -0.102017 0.341965 -0.072936
v -0.104577 0.324938 -0.082574
v -0.104073 0.328811 -0.065462
v -0.119980 0.320883 -0.071705
v -0.100501 0.337918 -0.060716
v -0.151001 0.121582 -0.140991
v -0.151611 0.123047 -0.142578
v -0.099376 0.345679 -0.062144
v -0.150006 0.123878 -0.144578
v -0.151611 0.123108 -0.142578
v -0.151367 0.124634 -0.140991
v -0.142966 0.182671 -0.131538
v -0.141575 0.159063 -0.137547
v -0.140894 0.169315 -0.131080
v -0.174617 -0.398002 0.005049
v -0.184224 -0.387499 0.003732
v -0.186038 -0.411072 0.010724
v -0.171928 -0.413840 0.004200
v -0.190071 -0.429458 0.025766
v -0.163414 -0.382338 -0.002099
v -0.159885 -0.402371 -0.009432
v -0.151290 -0.365295 -0.010832
v -0.151648 -0.392215 -0.023798
v -0.146245 -0.364940 -0.020855
v -0.170492 -0.429280 0.004496
v -0.166029 -0.435724 -0.004964
v -0.172354 -0.457546 0.012922
v -0.169426 -0.470148 -0.006049
v -0.174083 -0.476301 0.024597
v -0.169889 -0.482708 0.012831
v -0.177281 -0.479575 0.048660
v -0.175880 -0.497363 0.040954
v -0.176430 -0.450072 0.022997
v -0.180820 -0.441684 0.026932
v -0.180731 -0.495717 0.055769
v -0.142588 -0.363216 -0.034808
v -0.185848 -0.492895 0.067555
v -0.187977 -0.470035 0.069721
v -0.192212 -0.485686 0.077927
v -0.199144 -0.463066 0.084513
v -0.197825 -0.453776 0.072660
v -0.172662 -0.493770 0.019596
v -0.171746 -0.484546 0.005606
v -0.175655 -0.464489 0.030251
v -0.162352 -0.361661 -0.000970
v -0.146763 -0.360991 -0.024908
v -0.170281 -0.478739 -0.005420
v -0.184840 -0.453798 0.047416
v -0.179911 -0.430499 0.017990
v -0.211352 -0.446134 0.087242
v -0.206661 -0.459390 0.092584
v -0.218636 -0.451962 0.095805
v -0.161042 -0.438071 -0.023946
v -0.171963 -0.482331 -0.003026
v -0.168059 -0.477199 -0.017829
v -0.159568 -0.482795 -0.031764
v -0.205502 -0.478408 0.090867
v -0.207293 -0.445538 0.073632
v -0.162800 -0.499617 -0.027923
v -0.159230 -0.499757 -0.045759
v -0.157522 -0.482888 -0.051013
v -0.162990 -0.483409 -0.066943
v -0.164503 -0.499640 -0.061307
v -0.176825 -0.499455 -0.071649
v -0.179899 -0.482201 -0.079811
v -0.160310 -0.480463 -0.053582
v -0.175306 -0.358503 0.001533
v -0.157632 -0.361239 -0.007796
v -0.152716 -0.404999 -0.036334
v -0.143334 -0.361892 -0.046175
v -0.152832 -0.406118 -0.048738
v -0.155320 -0.396272 -0.058316
v -0.150193 -0.354511 -0.061677
v -0.161722 -0.430114 -0.064747
v -0.157856 -0.438143 -0.049774
v -0.159250 -0.439257 -0.063459
v -0.157827 -0.473990 -0.051563
v -0.164967 -0.431661 -0.071978
v -0.164691 -0.449503 -0.073458
v -0.160285 -0.479459 -0.039340
v -0.159142 -0.440584 -0.035745
v -0.147107 -0.355480 -0.050638
v -0.152012 -0.353079 -0.005742
v -0.167682 -0.352679 0.000370
v -0.143546 -0.352505 -0.021108
v -0.194097 -0.444479 0.046490
v -0.180975 -0.461504 0.046316
v -0.143348 -0.354874 -0.035658
v -0.141768 -0.347262 -0.053841
v -0.170918 -0.495494 -0.011046
v -0.155052 -0.349192 -0.061158
v -0.179911 -0.430499 0.017990
v -0.190071 -0.429458 0.025766
v -0.180820 -0.441684 0.026932
v -0.194097 -0.444479 0.046490
v -0.159142 -0.440584 -0.035745
v -0.160285 -0.479459 -0.039340
v -0.157827 -0.473990 -0.051563
v -0.160310 -0.480463 -0.053582
v -0.160891 -0.478412 -0.065943
v -0.159250 -0.439257 -0.063459
v -0.164691 -0.449503 -0.073458
v -0.168309 -0.478379 -0.074708
v -0.175133 -0.356891 -0.001995
v -0.157632 -0.361239 -0.007796
v -0.167682 -0.352679 0.000370
v -0.068131 0.404759 -0.022541
v -0.061169 0.411407 -0.021597
v -0.063364 0.403965 -0.026131
v -0.067190 0.426362 -0.020531
v -0.057958 0.423231 -0.017751
v -0.051043 0.415040 -0.028488
v -0.060180 0.424348 -0.010592
v -0.057742 0.407080 -0.035503
v -0.074751 0.400748 -0.026013
v -0.076274 0.399745 -0.021636
v -0.070715 0.404846 -0.016177
v -0.084257 0.405331 -0.015780
v -0.075222 0.416236 -0.006453
v -0.073647 0.393211 -0.030242
v -0.082737 0.394720 -0.032173
v -0.078417 0.382320 -0.039303
v -0.085351 0.395972 -0.028344
v -0.048341 0.431268 -0.016042
v -0.066417 0.409655 -0.013473
v -0.077646 0.374172 -0.048887
v -0.061739 0.389672 -0.046220
v -0.073053 0.374073 -0.061434
v -0.077849 0.365040 -0.060970
v -0.085588 0.366886 -0.055969
v -0.091643 0.370953 -0.047279
v -0.093038 0.360772 -0.052618
v -0.089060 0.363598 -0.058268
v -0.092625 0.350021 -0.063376
v -0.099376 0.345679 -0.062144
v -0.102017 0.341965 -0.072936
v -0.096396 0.344133 -0.079949
v -0.092237 0.354072 -0.070751
v -0.057618 0.395992 -0.046635
v -0.060905 0.425058 -0.003879
v -0.060563 0.440451 0.001923
v -0.054788 0.435836 0.001452
v -0.051208 0.441878 0.005722
v -0.049628 0.440910 -0.002418
v -0.044695 0.448114 0.005664
v -0.033511 0.456925 -0.001110
v -0.043226 0.441609 -0.013312
v -0.029013 0.464186 0.005653
v -0.040803 0.468919 0.013385
v -0.033465 0.452454 -0.011295
v -0.048478 0.440096 -0.010400
v -0.048105 0.462303 0.008342
v -0.039001 0.445462 -0.020418
v -0.030082 0.469565 0.012888
v -0.025790 0.471093 0.007213
v -0.031267 0.479447 0.015791
v -0.095185 0.371050 -0.073232
v -0.095836 0.359866 -0.092786
v -0.095221 0.369779 -0.098564
v -0.090538 0.389173 -0.034159
v -0.095663 0.348395 -0.083150
v -0.044098 0.431052 -0.021146
v -0.045876 0.423518 -0.026535
v -0.044098 0.431052 -0.021146
v -0.048341 0.431268 -0.016042
v -0.043226 0.441609 -0.013312
v -0.048478 0.440096 -0.010400
v -0.049628 0.440910 -0.002418
v -0.054788 0.435836 0.001452
v -0.060905 0.425058 -0.003879
v -0.060180 0.424348 -0.010592
v -0.066417 0.409655 -0.013473
v -0.384487 0.180125 0.182727
v -0.388507 0.179008 0.168397
v -0.392255 0.174342 0.176750
v -0.409246 0.174470 0.180465
v -0.393507 0.173696 0.193519
v -0.383750 0.187673 0.176550
v -0.381697 0.192172 0.185017
v -0.375455 0.190997 0.176094
v -0.383470 0.181759 0.194159
v -0.381919 0.193763 0.193615
v -0.377371 0.184386 0.165913
v -0.395923 0.171171 0.190808
v -0.395957 0.179214 0.171568
v -0.384277 0.191650 0.194336
v -0.402083 0.176718 0.162387
v -0.383545 0.193359 0.194824
v -0.382324 0.193726 0.193848
v -0.377766 0.188565 0.153779
v -0.374910 0.201386 0.150115
v -0.373583 0.199558 0.160805
v -0.377706 0.182237 0.150637
v -0.372611 0.203492 0.146277
v -0.380454 0.197122 0.150203
v -0.388923 0.179924 0.154587
v -0.404131 0.173978 0.155735
v -0.421103 0.171897 0.155423
v -0.419808 0.173005 0.170883
v -0.410640 0.172688 0.183039
v -0.388923 0.179924 0.154587
v -0.401931 0.180305 0.160343
v -0.388507 0.179008 0.168397
v -0.321483 0.058838 0.117956
v -0.315715 0.056062 0.127019
v -0.312682 0.053275 0.135518
v -0.329220 0.060733 0.128743
v -0.316837 0.063652 0.117711
v -0.328800 0.057174 0.138515
v -0.341347 0.056090 0.126092
v -0.330824 0.060563 0.118289
v -0.328757 0.049988 0.149548
v -0.308299 0.059976 0.134932
v -0.341641 0.049275 0.151223
v -0.355276 0.048379 0.127967
v -0.345279 0.051819 0.118702
v -0.357164 0.043875 0.134521
v -0.351553 0.045828 0.145810
v -0.361832 0.038538 0.141261
v -0.360951 0.039184 0.146895
v -0.338540 0.060112 0.114267
v -0.343733 0.065680 0.104161
v -0.341225 0.071544 0.102260
v -0.322593 0.066182 0.112513
v -0.329553 0.072702 0.102335
v -0.323070 0.073377 0.104450
v -0.322175 0.076982 0.088602
v -0.331844 0.071883 0.097649
v -0.335323 0.073782 0.090554
v -0.327826 0.082293 0.085477
v -0.318041 0.073534 0.086037
v -0.336715 0.074276 0.095179
v -0.319289 0.082518 0.078236
v -0.331844 0.071883 0.097649
v -0.329553 0.072702 0.102335
v -0.340390 0.065312 0.098485
v -0.336715 0.074276 0.095179
v -0.347974 0.071633 0.098439
v -0.425070 0.070408 0.132156
v -0.420064 0.063765 0.128523
v -0.420641 0.061955 0.139470
v -0.420063 0.057928 0.128280
v -0.425440 0.063643 0.140387
v -0.416728 0.063646 0.121760
v -0.414329 0.054544 0.122256
v -0.426102 0.068422 0.123619
v -0.434921 0.083284 0.136984
v -0.427610 0.074727 0.142064
v -0.424058 0.065162 0.146803
v -0.424721 0.061141 0.145889
v -0.415650 0.055910 0.152633
v -0.426422 0.056009 0.145013
v -0.411130 0.059166 0.118700
v -0.422527 0.068106 0.155514
v -0.419292 0.064268 0.173206
v -0.415168 0.058882 0.170961
v -0.423951 0.057303 0.180935
v -0.423790 0.065689 0.179741
v -0.423831 0.057797 0.186491
v -0.427942 0.070016 0.189481
v -0.428927 0.071010 0.182274
v -0.403414 0.050288 0.176982
v -0.432490 0.070202 0.175273
v -0.431806 0.078704 0.156738
v -0.415226 0.052720 0.138375
v -0.410298 0.050517 0.125612
v -0.412675 0.046237 0.137439
v -0.405539 0.061269 0.115008
v -0.410870 0.066862 0.103708
v -0.407157 0.057621 0.108508
v -0.406968 0.049966 0.150096
v -0.409930 0.038988 0.144374
v -0.402195 0.035066 0.150682
v -0.415811 0.043178 0.139536
v -0.425477 0.053394 0.140210
v -0.400664 0.042586 0.154650
v -0.397759 0.037937 0.161419
v -0.398722 0.040618 0.174880
v -0.400120 0.031613 0.150815
v -0.400442 0.050241 0.172627
v -0.394139 0.039925 0.173343
v -0.380989 0.039193 0.176770
v -0.446544 0.086686 0.158227
v -0.447522 0.089572 0.144891
v -0.447133 0.087769 0.137053
v -0.431778 0.084836 0.129022
v -0.440885 0.087844 0.123266
v -0.448403 0.091431 0.153903
v -0.456599 0.097176 0.148918
v -0.432200 0.084463 0.123641
v -0.448486 0.089355 0.140991
v -0.448486 0.089844 0.141846
v -0.429257 0.073646 0.159316
v -0.443100 0.076394 0.162313
v -0.427281 0.070239 0.171752
v -0.424086 0.068472 0.107530
v -0.427322 0.076411 0.125591
v -0.428925 0.080630 0.112715
v -0.407348 0.056050 0.171830
v -0.424003 0.075326 0.118789
v -0.427322 0.076411 0.125591
v -0.424003 0.075326 0.118789
v -0.426102 0.068422 0.123619
v -0.428160 0.075155 0.105214
v -0.424003 0.075326 0.118789
v -0.428925 0.080630 0.112715
v -0.437926 0.082845 0.109118
v -0.444216 0.076663 0.102671
v -0.424086 0.068472 0.107530
v -0.407348 0.056050 0.171830
v -0.400442 0.050241 0.172627
v -0.403414 0.050288 0.176982
v -0.398722 0.040618 0.174880
v -0.429257 0.073646 0.159316
v -0.427281 0.070239 0.171752
v -0.432490 0.070202 0.175273
v -0.443100 0.076394 0.162313
v 0.165193 0.299979 -0.119826
v 0.178266 0.299688 -0.118552
v 0.173270 0.303106 -0.111089
v 0.170049 0.295589 -0.126088
v 0.181516 0.297871 -0.126893
v 0.174429 0.286545 -0.135475
v 0.156201 0.302754 -0.115818
v 0.162410 0.297332 -0.124574
v 0.188017 0.291297 -0.134478
v 0.194729 0.286582 -0.139162
v 0.188124 0.282556 -0.146135
v 0.186336 0.299236 -0.111159
v 0.186382 0.302426 -0.109169
v 0.193764 0.296645 -0.111663
v 0.178359 0.302979 -0.099490
v 0.168411 0.306601 -0.098713
v 0.172909 0.304819 -0.093655
v 0.158833 0.307311 -0.099516
v 0.161011 0.307565 -0.097515
v 0.170755 0.294970 -0.132907
v 0.192871 0.290838 -0.116417
v 0.198187 0.283866 -0.148707
v 0.160318 0.306001 -0.114145
v 0.157062 0.308540 -0.106724
v 0.153573 0.306721 -0.097446
v 0.181475 0.301753 -0.116982
v 0.192871 0.290838 -0.116417
v 0.186336 0.299236 -0.111159
v 0.057650 0.217834 -0.194037
v 0.058958 0.202263 -0.190076
v 0.056903 0.209898 -0.183064
v 0.058560 0.210453 -0.198665
v 0.051659 0.211184 -0.176899
v 0.067518 0.199263 -0.199886
v 0.055895 0.221609 -0.188269
v 0.054056 0.193785 -0.190338
v 0.042073 0.198028 -0.177537
v 0.046210 0.224259 -0.170495
v 0.039557 0.224470 -0.164883
v 0.043041 0.249960 -0.156092
v 0.056516 0.240122 -0.171160
v 0.027331 0.226802 -0.154956
v 0.031911 0.236661 -0.156546
v 0.025024 0.204771 -0.160709
v 0.015010 0.207253 -0.152178
v 0.017064 0.187558 -0.163561
v 0.007291 0.205664 -0.150437
v 0.006188 0.181116 -0.164052
v -0.002283 0.196636 -0.158048
v 0.023477 0.234715 -0.150027
v 0.015116 0.175093 -0.167310
v 0.026601 0.193543 -0.164807
v 0.010222 0.168496 -0.168700
v -0.002707 0.179373 -0.169471
v 0.004776 0.172874 -0.165966
v -0.006670 0.194612 -0.156718
v -0.007650 0.208599 -0.144930
v 0.033556 0.192591 -0.172490
v 0.008128 0.228482 -0.142613
v 0.025827 0.234003 -0.155099
v 0.042462 0.187821 -0.188534
v 0.061556 0.252989 -0.166799
v 0.046036 0.259806 -0.149266
v 0.061628 0.259224 -0.161382
v 0.064159 0.274656 -0.149032
v 0.047975 0.268671 -0.142310
v 0.064534 0.289416 -0.135556
v 0.069125 0.281661 -0.147122
v 0.070188 0.288968 -0.143718
v 0.083897 0.281883 -0.159947
v 0.075834 0.275041 -0.155323
v 0.080817 0.295058 -0.148923
v 0.079860 0.309030 -0.140583
v 0.070777 0.298552 -0.134921
v 0.066332 0.292766 -0.141292
v 0.060315 0.244805 -0.170333
v 0.012496 0.160117 -0.170907
v 0.042969 0.180936 -0.195142
v 0.087244 0.258561 -0.172095
v 0.060376 0.193197 -0.205006
v 0.054328 0.223301 -0.178894
v 0.069737 0.269172 -0.156732
v 0.018336 0.177059 -0.165831
v 0.084289 0.253930 -0.172636
v 0.067727 0.255562 -0.169591
v 0.077869 0.250096 -0.174041
v 0.086489 0.240850 -0.175306
v 0.071625 0.241417 -0.175600
v 0.080057 0.225437 -0.188044
v 0.072180 0.226370 -0.186284
v 0.080398 0.204433 -0.197113
v 0.065662 0.249784 -0.174787
v 0.066916 0.278070 -0.153320
v 0.059369 0.240795 -0.183288
v 0.095549 0.248669 -0.171703
v -0.000935 0.211916 -0.147881
v 0.038352 0.175123 -0.177156
v -0.001270 0.227342 -0.140037
v -0.015451 0.220887 -0.137401
v -0.015037 0.232290 -0.133704
v -0.003920 0.252018 -0.133645
v -0.028991 0.218794 -0.139638
v -0.014877 0.270230 -0.126480
v -0.028040 0.243838 -0.134021
v -0.024590 0.269777 -0.126489
v -0.014114 0.291300 -0.119347
v -0.024130 0.297511 -0.118271
v -0.004646 0.299546 -0.121332
v -0.017276 0.312992 -0.112868
v 0.000234 0.313415 -0.118093
v -0.002874 0.333532 -0.105195
v 0.008599 0.325507 -0.116658
v 0.004875 0.348334 -0.109709
v -0.004096 0.350797 -0.102477
v -0.012453 0.336137 -0.101990
v 0.004465 0.299241 -0.129692
v -0.002543 0.299374 -0.125727
v -0.028711 0.305728 -0.117704
v 0.009758 0.344432 -0.116202
v -0.025780 0.229955 -0.134931
v -0.003802 0.280673 -0.126978
v 0.007794 0.251203 -0.139480
v 0.015444 0.251207 -0.150608
v 0.020901 0.245378 -0.154237
v 0.014629 0.262014 -0.145250
v 0.005200 0.286773 -0.131969
v -0.029080 0.324512 -0.104970
v -0.031570 0.351795 -0.089835
v -0.022393 0.354179 -0.091757
v -0.016090 0.359813 -0.094400
v 0.050203 0.178913 -0.201371
v 0.059445 0.228847 -0.188270
v 0.064754 0.180913 -0.208908
v 0.054452 0.171033 -0.208918
v 0.067785 0.172934 -0.213452
v 0.058413 0.166904 -0.212481
v 0.068689 0.151346 -0.224764
v 0.061970 0.153294 -0.220528
v 0.063480 0.147311 -0.221225
v 0.072382 0.131002 -0.237127
v 0.066615 0.134838 -0.227810
v 0.073532 0.180664 -0.208278
v 0.081774 0.189421 -0.207106
v 0.080914 0.177453 -0.213732
v 0.076202 0.171437 -0.209265
v 0.042073 0.198028 -0.177537
v 0.045019 0.190128 -0.182332
v 0.038352 0.175123 -0.177156
v 0.072180 0.226370 -0.186284
v 0.080398 0.204433 -0.197113
v 0.067518 0.199263 -0.199886
v 0.059445 0.228847 -0.188270
v 0.081774 0.189421 -0.207106
v -0.353847 0.164258 0.066460
v -0.345775 0.149151 0.088351
v -0.354245 0.161388 0.081323
v -0.349252 0.155099 0.070568
v -0.348145 0.136782 0.087681
v -0.349045 0.145664 0.063451
v -0.353753 0.150997 0.097681
v -0.344738 0.128653 0.071674
v -0.344453 0.130152 0.084499
v -0.355193 0.166577 0.072259
v -0.358332 0.162003 0.096635
v -0.344171 0.135579 0.060123
v -0.341037 0.143746 0.050561
v -0.347293 0.156611 0.058137
v -0.348609 0.161916 0.069436
v -0.335761 0.156161 0.041326
v -0.337175 0.164588 0.046604
v -0.359929 0.155326 0.098073
v -0.360794 0.162109 0.107322
v -0.348609 0.161916 0.069436
v -0.349045 0.145664 0.063451
v -0.349252 0.155099 0.070568
v -0.031071 0.360874 -0.102765
v -0.039788 0.365969 -0.094488
v -0.033862 0.366751 -0.092392
v -0.037480 0.360675 -0.105704
v -0.038959 0.381990 -0.080287
v -0.025341 0.392129 -0.075410
v -0.016091 0.383980 -0.086375
v -0.015667 0.373547 -0.094324
v -0.035058 0.388656 -0.075030
v -0.047041 0.379078 -0.079852
v -0.044576 0.381183 -0.089346
v -0.028341 0.403356 -0.064152
v -0.005574 0.416348 -0.064709
v -0.013701 0.416657 -0.059856
v 0.000699 0.412923 -0.069999
v 0.001440 0.400285 -0.085123
v -0.022580 0.414522 -0.057183
v -0.023488 0.423908 -0.048845
v -0.011263 0.424366 -0.057424
v -0.037975 0.417541 -0.047831
v -0.032336 0.430340 -0.036930
v -0.038418 0.430707 -0.029670
v -0.040986 0.404814 -0.057778
v -0.016051 0.363784 -0.103193
v -0.043632 0.420961 -0.036879
v -0.043910 0.414246 -0.047146
v -0.052884 0.412683 -0.047752
v -0.049965 0.410993 -0.052915
v -0.017604 0.432952 -0.043136
v -0.039964 0.438462 -0.029449
v -0.028975 0.437026 -0.034505
v -0.031606 0.443044 -0.025347
v -0.051256 0.390995 -0.060825
v -0.011251 0.429996 -0.054102
v -0.022823 0.440170 -0.038748
v -0.057858 0.371793 -0.072507
v -0.054225 0.385817 -0.062329
v -0.057659 0.357662 -0.085411
v -0.051045 0.354897 -0.095076
v -0.066609 0.361325 -0.077718
v -0.067795 0.374728 -0.066372
v -0.071548 0.358343 -0.086896
v -0.063744 0.380970 -0.065049
v -0.056627 0.397497 -0.058414
v -0.067516 0.401423 -0.067338
v -0.007750 0.384181 -0.091326
v 0.001736 0.387824 -0.104077
v -0.004935 0.369264 -0.111599
v -0.012951 0.362248 -0.115346
v 0.001824 0.363387 -0.122713
v -0.010172 0.358068 -0.121005
v 0.001363 0.359597 -0.121701
v -0.019979 0.452480 -0.033603
v -0.014306 0.450429 -0.035147
v -0.014256 0.461908 -0.023187
v -0.028037 0.456482 -0.023228
v -0.035201 0.454919 -0.022500
v -0.019993 0.456252 -0.027546
v -0.022103 0.463856 -0.023966
v -0.062702 0.416501 -0.064040
v -0.055545 0.413828 -0.059666
v -0.016359 0.439635 -0.038442
v -0.055545 0.413828 -0.059666
v -0.040986 0.404814 -0.057778
v -0.056627 0.397497 -0.058414
v -0.048687 0.419270 -0.058740
v -0.042968 0.420472 -0.054208
v -0.124317 0.324657 -0.066793
v -0.108379 0.323524 -0.066532
v -0.119041 0.325747 -0.055985
v -0.133956 0.320755 -0.064901
v -0.131689 0.326236 -0.057915
v -0.102995 0.326754 -0.056785
v -0.131642 0.322117 -0.071932
v -0.095305 0.320436 -0.061711
v -0.102821 0.318360 -0.075026
v -0.121363 0.310485 -0.082417
v -0.121393 0.316738 -0.076166
v -0.126258 0.312635 -0.080885
v -0.129759 0.298512 -0.093778
v -0.120836 0.295209 -0.096160
v -0.104629 0.300496 -0.095885
v -0.111319 0.294243 -0.103039
v -0.131845 0.287391 -0.099132
v -0.120990 0.281636 -0.106130
v -0.119980 0.320883 -0.071705
v -0.105042 0.307576 -0.089823
v -0.115033 0.324547 -0.067083
v -0.119980 0.320883 -0.071705
v -0.108379 0.323524 -0.066532
v -0.432661 0.100068 0.120723
v -0.427647 0.097718 0.107320
v -0.430552 0.091223 0.118270
v -0.424535 0.091493 0.109116
v -0.425989 0.084937 0.116384
v -0.424143 0.084826 0.105392
v -0.418615 0.088244 0.105249
v -0.427590 0.109017 0.115198
v -0.434958 0.090245 0.124418
v -0.429655 0.115838 0.117695
v -0.422385 0.122492 0.117920
v -0.432200 0.084463 0.123641
v -0.432200 0.084463 0.123641
v -0.430552 0.091223 0.118270
v -0.428925 0.080630 0.112715
v 0.063058 0.137773 0.090511
v 0.066874 0.126003 0.092523
v 0.062170 0.113721 0.096227
v 0.071513 0.109670 0.097891
v 0.074800 0.117911 0.088861
v 0.071783 0.144931 0.084060
v 0.060158 0.140871 0.092424
v 0.083349 0.103593 0.085494
v 0.088172 0.064754 0.089548
v 0.078451 0.058278 0.107970
v 0.072301 0.064274 0.112041
v 0.079613 0.036400 0.106285
v 0.074586 0.037823 0.113342
v 0.077490 0.009096 0.106540
v 0.082358 0.026728 0.090661
v 0.078400 -0.000440 0.101134
v 0.076821 -0.000849 0.087202
v 0.074829 0.038416 0.117549
v 0.073326 -0.008759 0.087410
v 0.087231 0.050061 0.087752
v 0.067329 0.092311 0.106857
v 0.064602 0.113732 0.103434
v 0.074441 0.012821 0.114446
v 0.086722 0.077804 0.084145
v 0.083221 0.091752 0.078368
v 0.084604 0.107991 0.078702
v 0.078043 0.129701 0.079971
v 0.087770 0.067414 0.082346
v 0.065476 0.140825 0.085979
v 0.063058 0.137773 0.090511
v 0.060158 0.140871 0.092424
v 0.090239 -0.041353 0.068904
v 0.089655 -0.059952 0.065719
v 0.093541 -0.059531 0.072162
v 0.084730 -0.036285 0.064507
v 0.083608 -0.029847 0.068570
v 0.070242 -0.068804 0.066558
v 0.058062 -0.036273 0.063362
v 0.048810 -0.057646 0.062127
v 0.039789 -0.049922 0.062838
v 0.043974 -0.034127 0.065042
v 0.061652 -0.084120 0.058693
v 0.010645 -0.049240 0.070517
v 0.033172 -0.014403 0.068351
v 0.038133 -0.078261 0.048501
v 0.029259 -0.065393 0.052270
v 0.081260 -0.097523 0.064980
v 0.080716 -0.122639 0.053197
v 0.101604 -0.131305 0.061418
v 0.090501 -0.151563 0.049755
v 0.093382 -0.090335 0.067475
v 0.114172 -0.128820 0.067001
v 0.102413 -0.172888 0.047776
v 0.099392 -0.072687 0.068165
v 0.059372 -0.108870 0.046773
v 0.074681 -0.024128 0.064590
v 0.007521 -0.027132 0.070676
v 0.006121 0.014626 0.073232
v -0.019967 0.015157 0.069897
v 0.043111 0.012741 0.069589
v 0.059011 0.024304 0.068038
v 0.071563 0.013262 0.066784
v 0.069411 0.046099 0.066627
v 0.073697 0.044145 0.068454
v 0.072089 0.055786 0.062982
v 0.077215 0.019701 0.068274
v 0.048823 0.050059 0.072606
v -0.022409 -0.036166 0.068833
v 0.000979 0.041148 0.078921
v -0.012943 0.047267 0.077471
v 0.000540 0.052267 0.079483
v -0.028130 0.050614 0.071507
v -0.000748 0.068459 0.086340
v 0.013959 0.072424 0.085696
v 0.033564 0.051774 0.077581
v -0.019665 0.074072 0.087939
v -0.033437 0.063499 0.076310
v -0.046878 0.052628 0.061838
v -0.048610 0.078896 0.065908
v -0.056365 0.067628 0.056477
v -0.058928 0.059072 0.054356
v -0.063626 0.057877 0.052942
v -0.059653 0.075946 0.052527
v -0.049013 0.042093 0.062927
v -0.027044 0.078778 0.079345
v 0.032265 0.074928 0.081908
v 0.019225 0.087098 0.093615
v 0.052372 0.092230 0.081066
v 0.031807 0.097381 0.091138
v 0.024561 0.095064 0.091037
v 0.052578 0.101141 0.089107
v 0.036141 0.121427 0.093876
v 0.054435 0.140336 0.091438
v 0.056035 0.154140 0.091966
v 0.033999 0.154316 0.093947
v 0.053344 0.175054 0.090677
v 0.060158 0.140871 0.092424
v 0.029540 0.176285 0.089490
v 0.013737 0.152528 0.091077
v 0.006160 0.181097 0.088299
v -0.007341 0.162753 0.090344
v -0.022589 0.188014 0.088998
v -0.026786 0.150773 0.089767
v -0.028100 0.174511 0.089959
v -0.031768 0.155508 0.090461
v -0.033108 0.133090 0.087232
v -0.022498 0.101918 0.086814
v -0.018375 0.207740 0.086182
v 0.002796 0.213586 0.080878
v 0.026720 0.190194 0.086271
v 0.040838 0.209425 0.081011
v -0.015828 0.236916 0.075803
v 0.047300 0.191205 0.087416
v -0.004685 0.111904 0.091065
v -0.011156 0.154780 0.092575
v -0.054628 0.081193 0.062527
v 0.033356 0.030269 0.075811
v 0.000623 0.078312 0.095591
v -0.033923 -0.021918 0.063573
v -0.038896 0.126517 0.083480
v -0.026449 -0.063047 0.067762
v -0.054151 -0.076938 0.069627
v -0.036025 -0.073869 0.064339
v -0.010578 -0.077565 0.051434
v -0.052638 -0.098150 0.066043
v -0.082431 -0.099332 0.072799
v -0.086555 -0.121271 0.070619
v -0.106199 -0.112549 0.068792
v -0.113202 -0.154385 0.067659
v -0.091626 -0.148380 0.068671
v -0.076952 -0.142464 0.063773
v -0.125717 -0.134369 0.065516
v -0.125946 -0.118097 0.062630
v -0.124851 -0.153202 0.066198
v -0.108557 -0.087689 0.065615
v -0.123321 -0.092562 0.054897
v -0.131552 -0.109866 0.052314
v -0.127078 -0.067796 0.059112
v -0.118420 -0.075294 0.056197
v -0.111063 -0.063387 0.057412
v -0.114587 -0.047380 0.062666
v -0.131209 -0.067517 0.058581
v -0.120312 -0.041352 0.059191
v -0.105848 -0.043876 0.052377
v -0.140881 -0.089219 0.057915
v -0.105707 -0.054507 0.056731
v -0.112315 -0.073151 0.060536
v -0.094722 -0.170025 0.066484
v -0.068749 -0.165697 0.051500
v -0.056379 -0.126072 0.057426
v -0.081166 -0.195480 0.049748
v -0.098381 -0.184532 0.065771
v -0.129757 -0.146669 0.068468
v -0.128214 -0.166279 0.068228
v -0.136127 -0.138224 0.059819
v -0.072381 -0.123353 0.065821
v -0.066648 -0.069514 0.070682
v -0.029392 -0.090416 0.055583
v -0.116868 -0.174720 0.069634
v -0.145891 -0.140401 0.049416
v -0.145965 -0.152149 0.054183
v -0.141216 -0.155251 0.059035
v -0.154580 -0.144149 0.051502
v -0.158598 -0.138129 0.053140
v -0.163933 -0.138135 0.046669
v -0.064659 0.033767 0.056133
v 0.114370 -0.108893 0.069892
v 0.123090 -0.124594 0.068667
v 0.134721 -0.135429 0.067998
v 0.139386 -0.138159 0.065513
v 0.124488 -0.156152 0.062197
v 0.145065 -0.152736 0.061503
v 0.146276 -0.129982 0.061026
v 0.153300 -0.134421 0.053552
v 0.167017 -0.163388 0.049489
v 0.146646 -0.120937 0.061070
v 0.154619 -0.168705 0.058435
v 0.163105 -0.170518 0.054953
v 0.147697 -0.174127 0.064567
v 0.154603 -0.179655 0.066009
v 0.134634 -0.184393 0.067831
v 0.128117 -0.180159 0.063263
v 0.166588 -0.180989 0.059071
v 0.147093 -0.169175 0.059205
v -0.039547 0.094464 0.077653
v -0.080978 -0.039619 0.066242
v 0.096434 -0.061449 0.067869
v 0.107262 -0.088590 0.070955
v 0.009241 0.125301 0.092072
v 0.071779 -0.011179 0.066305
v -0.037819 0.017246 0.065579
v -0.150614 -0.115115 0.055556
v -0.051824 -0.009693 0.060345
v -0.059181 -0.024985 0.065456
v -0.070327 -0.007338 0.052766
v -0.084255 -0.070755 0.070531
v 0.053309 0.200980 0.089337
v -0.079273 -0.029119 0.063793
v 0.075942 0.004561 0.068174
v -0.066853 0.009723 0.056089
v 0.061747 0.077183 0.070166
v 0.046041 0.228284 0.081816
v 0.054618 0.231111 0.086375
v 0.053292 0.256338 0.073055
v -0.003053 0.090991 0.089271
v 0.030012 0.048146 0.079669
v 0.075988 -0.021609 0.069990
v 0.002528 -0.058273 0.066001
v 0.009279 -0.065433 0.057012
v -0.028621 0.046575 0.072662
v -0.045211 0.118024 0.078202
v -0.054227 0.092342 0.068988
v -0.058243 0.079918 0.063137
v -0.075583 0.000258 0.051634
v -0.074171 0.008422 0.056454
v -0.069372 0.016026 0.056876
v -0.052054 0.109682 0.073636
v 0.065277 0.095211 0.075193
v 0.070902 0.085204 0.070786
v 0.073769 0.070822 0.064708
v 0.075448 0.003844 0.072353
v 0.071779 -0.011179 0.066305
v 0.075988 -0.021609 0.069990
v 0.026720 0.190194 0.086271
v 0.012046 0.178370 0.087952
v 0.029540 0.176285 0.089490
v 0.047300 0.191205 0.087416
v 0.006160 0.181097 0.088299
v -0.022498 0.101918 0.086814
v -0.027044 0.078778 0.079345
v -0.003053 0.090991 0.089271
v -0.039547 0.094464 0.077653
v 0.048823 0.050059 0.072606
v 0.033564 0.051774 0.077581
v 0.030012 0.048146 0.079669
v 0.061747 0.077183 0.070166
v 0.073769 0.070822 0.064708
v 0.061747 0.077183 0.070166
v 0.072089 0.055786 0.062982
v 0.114172 -0.128820 0.067001
v 0.101604 -0.131305 0.061418
v 0.125597 -0.177793 0.056773
v 0.102413 -0.172888 0.047776
v 0.114834 -0.184890 0.047310
v 0.124488 -0.156152 0.062197
v 0.147093 -0.169175 0.059205
v 0.128117 -0.180159 0.063263
v -0.052638 -0.098150 0.066043
v -0.072381 -0.123353 0.065821
v -0.056379 -0.126072 0.057426
v -0.029392 -0.090416 0.055583
v -0.105707 -0.054507 0.056731
v -0.112315 -0.073151 0.060536
v -0.084255 -0.070755 0.070531
v -0.080978 -0.039619 0.066242
v -0.111063 -0.063387 0.057412
v 0.120146 0.156479 -0.208281
v 0.117950 0.163651 -0.204619
v 0.125292 0.146713 -0.205589
v 0.119609 0.138076 -0.199571
v 0.128739 0.134491 -0.214225
v 0.116258 0.146347 -0.194529
v 0.125687 0.130831 -0.206708
v 0.112237 0.167994 -0.194675
v 0.116556 0.178733 -0.202414
v 0.114634 0.157633 -0.188590
v 0.111384 0.169308 -0.179259
v 0.111828 0.165860 -0.177605
v 0.105220 0.180754 -0.177525
v 0.111312 0.188398 -0.189558
v 0.104247 0.197622 -0.180496
v 0.114668 0.218695 -0.192251
v 0.117458 0.208158 -0.196430
v 0.119097 0.184057 -0.197027
v 0.106816 0.207572 -0.184376
v 0.106252 0.208102 -0.169554
v 0.097267 0.217153 -0.167391
v 0.098193 0.220816 -0.179445
v 0.088562 0.231538 -0.170135
v 0.086640 0.229969 -0.161285
v 0.087429 0.245231 -0.167885
v 0.080632 0.246019 -0.152615
v 0.082959 0.245764 -0.137891
v 0.077072 0.257212 -0.139057
v 0.080392 0.259529 -0.143282
v 0.084722 0.253948 -0.153214
v 0.079653 0.258761 -0.156986
v 0.084450 0.258061 -0.163189
v 0.089385 0.255689 -0.160687
v 0.087244 0.258561 -0.172095
v 0.083897 0.281883 -0.159947
v 0.077929 0.271936 -0.145160
v 0.079237 0.282363 -0.151749
v 0.075958 0.268903 -0.128939
v 0.095630 0.252684 -0.165639
v 0.081529 0.269020 -0.116628
v 0.087499 0.255120 -0.122413
v 0.089028 0.244834 -0.128214
v 0.086803 0.263552 -0.114835
v 0.083396 0.284484 -0.098633
v 0.095033 0.233012 -0.136312
v 0.079579 0.284188 -0.106106
v 0.076604 0.281124 -0.116512
v 0.092030 0.232482 -0.173657
v 0.109545 0.216028 -0.188931
v 0.090757 0.229448 -0.148847
v 0.078916 0.271919 -0.131577
v 0.104181 0.200595 -0.170726
v 0.087644 0.296474 -0.094692
v 0.083820 0.291966 -0.087624
v 0.080451 0.305635 -0.106977
v 0.084778 0.315120 -0.098853
v 0.083462 0.315358 -0.104342
v 0.090648 0.332162 -0.093916
v 0.090383 0.346821 -0.098250
v 0.084410 0.342440 -0.112643
v 0.087363 0.345994 -0.123316
v 0.091983 0.349474 -0.109160
v 0.084019 0.345686 -0.139405
v 0.081132 0.337897 -0.137296
v 0.090685 0.306809 -0.091664
v 0.079012 0.297110 -0.119669
v 0.079495 0.306937 -0.121762
v 0.078847 0.292556 -0.127176
v 0.075958 0.290590 -0.124409
v 0.118220 0.196812 -0.200201
v 0.122189 0.179231 -0.204606
v 0.077753 0.284606 -0.120255
v 0.082866 0.317855 -0.135547
v 0.083136 0.310249 -0.150405
v 0.084205 0.321553 -0.156616
v 0.101599 0.242730 -0.172778
v 0.096930 0.220580 -0.153424
v 0.096602 0.226017 -0.143122
v 0.080817 0.295058 -0.148923
v 0.083243 0.347239 -0.151168
v 0.080632 0.351669 -0.146095
v 0.081230 0.350192 -0.122761
v 0.075472 0.362564 -0.130213
v 0.077513 0.362892 -0.117388
v 0.087342 0.358775 -0.094888
v 0.081419 0.369549 -0.102102
v 0.086746 0.371039 -0.095250
v 0.084133 0.379133 -0.105191
v 0.079937 0.380619 -0.115120
v 0.084271 0.387619 -0.109745
v 0.077352 0.376850 -0.122632
v 0.102809 0.236239 -0.178747
v 0.095549 0.248669 -0.171703
v 0.075496 0.282152 -0.133561
v 0.119097 0.184057 -0.197027
v 0.112237 0.167994 -0.194675
v 0.117950 0.163651 -0.204619
v 0.095630 0.252684 -0.165639
v 0.087429 0.245231 -0.167885
v 0.101599 0.242730 -0.172778
v 0.095549 0.248669 -0.171703
v -0.354555 0.169179 0.139070
v -0.366411 0.167503 0.141192
v -0.361680 0.162186 0.143616
v -0.355010 0.165552 0.141464
v -0.367339 0.173187 0.143718
v -0.384437 0.165054 0.147358
v -0.369464 0.164370 0.146083
v -0.366411 0.167503 0.141192
v -0.369464 0.164370 0.146083
v -0.364189 0.162588 0.138864
v -0.353751 0.064908 0.200029
v -0.351246 0.058331 0.195911
v -0.351523 0.065857 0.206019
v -0.350023 0.077706 0.212391
v -0.354819 0.076143 0.198588
v -0.354458 0.068677 0.193732
v -0.350333 0.094898 0.215210
v -0.355684 0.102811 0.209113
v -0.359429 0.062657 0.189944
v -0.356091 0.051630 0.187027
v -0.354634 0.054762 0.185030
v -0.362952 0.103000 0.201576
v -0.349914 0.099276 0.222806
v -0.349848 0.108838 0.214696
v -0.350915 0.129887 0.208949
v -0.362595 0.116223 0.199295
v -0.356661 0.126026 0.197651
v -0.353751 0.064908 0.200029
v -0.356091 0.051630 0.187027
v -0.354778 0.051592 0.195360
v -0.353650 0.045413 0.194800
v -0.345543 0.051288 0.199762
v 0.317139 0.145508 0.018295
v 0.315186 0.146729 0.018127
v 0.316895 0.145508 0.018311
v 0.327585 0.147513 0.016993
v 0.312842 0.145579 0.017847
v 0.318848 0.144165 0.017548
v 0.326679 0.141118 0.017056
v 0.322632 0.138674 0.012020
v 0.291592 0.149667 0.010464
v 0.291348 0.157507 0.013238
v 0.281128 0.158402 0.013724
v 0.277232 0.152571 0.004882
v 0.283633 0.165014 0.021616
v 0.297575 0.165185 0.021112
v 0.290004 0.175036 0.025125
v 0.318014 0.165002 0.024098
v 0.325740 0.175765 0.021307
v 0.347199 0.153595 0.024362
v 0.346924 0.146844 0.022668
v 0.353324 0.145985 0.025659
v 0.350844 0.139677 0.014167
v 0.358843 0.144593 0.020879
v 0.358388 0.128658 0.009036
v 0.351535 0.129887 0.009272
v 0.363726 0.128534 0.023393
v 0.365166 0.144076 0.025021
v 0.374977 0.128427 0.029235
v 0.372211 0.120072 0.020869
v 0.379106 0.119588 0.030112
v 0.386110 0.130251 0.033472
v 0.378372 0.150165 0.020468
v 0.359940 0.158441 0.020093
v 0.324028 0.155999 0.021705
v 0.291126 0.187097 0.024661
v 0.298323 0.197873 0.019383
v 0.288050 0.199243 0.019247
v 0.288951 0.207223 0.014492
v 0.278257 0.202726 0.019283
v 0.274380 0.196304 0.014979
v 0.257003 0.213609 0.014973
v 0.259017 0.227965 0.004791
v 0.266969 0.182117 0.012598
v 0.247784 0.212303 0.012436
v 0.249751 0.188187 0.010720
v 0.238321 0.196326 0.009217
v 0.248705 0.178598 0.007451
v 0.223074 0.188563 0.004062
v 0.232409 0.178961 0.003857
v 0.244925 0.168404 0.003638
v 0.216859 0.181647 -0.005871
v 0.214064 0.192809 0.005631
v 0.254695 0.177345 0.014177
v 0.229196 0.216817 0.012577
v 0.217750 0.202195 0.010209
v 0.272221 0.158054 0.009063
v 0.262702 0.159088 0.004110
v 0.275451 0.161314 0.008267
v 0.251246 0.222772 0.009386
v 0.309364 0.155607 0.015693
v 0.283243 0.172632 0.014444
v 0.384094 0.115194 0.036641
v 0.394671 0.130633 0.033013
v 0.394107 0.110965 0.045313
v 0.402095 0.116947 0.043426
v 0.406969 0.114202 0.046466
v 0.407025 0.123490 0.049400
v 0.419863 0.119402 0.054534
v 0.419972 0.116852 0.048659
v 0.418675 0.112333 0.046015
v 0.413933 0.105968 0.043253
v 0.433437 0.101136 0.047273
v 0.401003 0.105688 0.043172
v 0.388876 0.105284 0.048883
v 0.401198 0.095912 0.058454
v 0.396216 0.092208 0.060084
v 0.402226 0.124462 0.038284
v 0.387231 0.099223 0.043291
v 0.399388 0.087193 0.057044
v 0.420589 0.075550 0.055523
v 0.408121 0.078567 0.053217
v 0.259721 0.169606 0.007272
v 0.262111 0.178366 0.016837
v 0.206005 0.216655 0.017795
v 0.222924 0.230593 0.011659
v 0.232284 0.242555 0.005055
v 0.252564 0.233812 0.003634
v 0.211793 0.256075 0.005234
v 0.340021 0.133602 0.010683
v 0.189804 0.249282 0.014037
v 0.184564 0.230621 0.018165
v 0.165245 0.243205 0.020725
v 0.172782 0.220263 0.014186
v 0.171560 0.261937 0.016473
v 0.156743 0.265750 0.023239
v 0.144145 0.272096 0.030453
v 0.155213 0.237034 0.020370
v 0.141133 0.249823 0.032659
v 0.139696 0.230005 0.019090
v 0.157892 0.224247 0.013363
v 0.140443 0.220047 0.008116
v 0.155783 0.212527 0.003226
v 0.184942 0.273899 0.007774
v 0.168907 0.209928 0.009310
v 0.319674 0.191935 0.010442
v 0.316081 0.203542 0.007270
v 0.331832 0.192143 0.004969
v 0.340084 0.179627 0.008717
v 0.165915 0.289339 0.010442
v 0.251399 0.162990 0.001032
v 0.353790 0.173729 0.008351
v 0.363899 0.162711 0.018071
v 0.175451 0.199272 0.008895
v 0.364814 0.155321 0.020354
v 0.186937 0.202180 0.018498
v 0.266199 0.172627 0.012535
v 0.327585 0.147513 0.016993
v 0.340021 0.133602 0.010683
v 0.350844 0.139677 0.014167
v 0.346924 0.146844 0.022668
v 0.324028 0.155999 0.021705
v 0.309364 0.155607 0.015693
v 0.312842 0.145579 0.017847
v 0.259721 0.169606 0.007272
v 0.262111 0.178366 0.016837
v 0.254695 0.177345 0.014177
v 0.266199 0.172627 0.012535
v 0.252564 0.233812 0.003634
v 0.251246 0.222772 0.009386
v 0.259017 0.227965 0.004791
v 0.402320 0.101557 0.036043
v 0.413933 0.105968 0.043253
v 0.401003 0.105688 0.043172
v 0.075735 0.332433 -0.128450
v 0.079332 0.327038 -0.141933
v 0.079785 0.320248 -0.125727
v 0.080603 0.324517 -0.144024
v 0.079860 0.309030 -0.140583
v 0.083136 0.310249 -0.150405
v 0.084205 0.321553 -0.156616
v 0.080817 0.295058 -0.148923
v 0.083243 0.347239 -0.151168
v 0.070777 0.298552 -0.134921
v 0.069936 0.316446 -0.116404
v 0.067302 0.300585 -0.131767
v 0.064591 0.311418 -0.121741
v 0.075061 0.323884 -0.118299
v 0.078017 0.336582 -0.144003
v 0.080632 0.351669 -0.146095
v 0.072508 0.352702 -0.121998
v 0.075472 0.362564 -0.130213
v 0.077352 0.376850 -0.122632
v 0.073742 0.369833 -0.105636
v 0.066335 0.355700 -0.106237
v 0.066389 0.365848 -0.094808
v 0.060934 0.357471 -0.098820
v 0.067694 0.381876 -0.084607
v 0.080341 0.387611 -0.098264
v 0.074631 0.393477 -0.085409
v 0.079029 0.406583 -0.094118
v 0.084271 0.387619 -0.109745
v 0.085374 0.395929 -0.113924
v 0.074251 0.414786 -0.083215
v 0.070545 0.396159 -0.074614
v 0.056509 0.342021 -0.108491
v 0.079937 0.380619 -0.115120
v 0.065540 0.339389 -0.116815
v 0.067440 0.400882 -0.068309
v 0.070098 0.418674 -0.077443
v 0.062742 0.413353 -0.068487
v 0.054616 0.328018 -0.121775
v 0.078017 0.336582 -0.144003
v 0.058885 0.327749 -0.132420
v 0.065540 0.339389 -0.116815
v 0.054616 0.328018 -0.121775
v 0.065707 0.330511 -0.144373
v -0.296603 0.095779 0.134785
v -0.307939 0.085669 0.140627
v -0.296547 0.093082 0.130001
v -0.305266 0.079998 0.135637
v -0.288248 0.082194 0.126064
v -0.290294 0.067183 0.131841
v -0.295280 0.063131 0.135286
v -0.313266 0.078268 0.137107
v -0.294410 0.107272 0.126165
v -0.289090 0.109667 0.126849
v -0.287239 0.051400 0.132076
v -0.293932 0.039916 0.135500
v -0.307291 0.045071 0.137283
v -0.311643 0.060290 0.135916
v -0.314688 0.049410 0.140755
v -0.324405 0.062459 0.140835
v -0.322066 0.068069 0.135755
v -0.286974 0.092329 0.120753
v -0.317706 0.071248 0.137371
v -0.293815 0.124094 0.122165
v -0.287188 0.125768 0.126819
v -0.293729 0.135289 0.120272
v -0.286434 0.134927 0.117265
v -0.280456 0.142546 0.121474
v -0.277299 0.137984 0.119739
v -0.276442 0.143483 0.115238
v -0.300267 0.121745 0.122368
v -0.319341 0.121009 0.120016
v -0.322032 0.126120 0.117294
v -0.321719 0.133880 0.117418
v -0.297325 0.145505 0.120403
v -0.314513 0.111472 0.122520
v -0.319845 0.107213 0.126389
v -0.318900 0.099570 0.127683
v -0.334482 0.142696 0.118710
v -0.297325 0.145505 0.120403
v -0.293729 0.135289 0.120272
v -0.291569 0.139694 0.115999
v -0.131845 0.287391 -0.099132
v -0.128600 0.284231 -0.105950
v -0.127244 0.277537 -0.105600
v -0.129759 0.298512 -0.093778
v -0.122292 0.296746 -0.099178
v -0.118030 0.292427 -0.112929
v -0.117874 0.288667 -0.116797
v -0.122933 0.276539 -0.111680
v -0.111592 0.298976 -0.105543
v -0.117914 0.303947 -0.092912
v -0.112953 0.281090 -0.112436
v -0.112701 0.270164 -0.116476
v -0.128783 0.256054 -0.116589
v -0.132909 0.266891 -0.113504
v -0.113425 0.257832 -0.120491
v -0.125353 0.243307 -0.124536
v -0.116851 0.241250 -0.128052
v -0.124419 0.226199 -0.130343
v -0.123774 0.213248 -0.138704
v -0.129478 0.220194 -0.132134
v -0.131131 0.207719 -0.130859
v -0.140075 0.221551 -0.126149
v -0.143434 0.196062 -0.130647
v -0.138582 0.182176 -0.131545
v -0.142966 0.182671 -0.131538
v -0.145440 0.214368 -0.126454
v -0.137230 0.169355 -0.136315
v -0.141575 0.159063 -0.137547
v -0.127251 0.307972 -0.088904
v -0.135519 0.230949 -0.127420
v -0.130371 0.306396 -0.087891
v -0.126258 0.312635 -0.080885
v -0.130371 0.306396 -0.087830
v -0.121393 0.316738 -0.076166
v -0.110381 0.313887 -0.086921
v -0.119980 0.320883 -0.071705
v -0.133740 0.277701 -0.108970
v -0.122933 0.276539 -0.111680
v -0.132909 0.266891 -0.113504
v -0.140832 0.273371 -0.111399
v -0.128600 0.284231 -0.105950
v -0.405029 0.142944 0.223389
v -0.401677 0.138823 0.225417
v -0.402344 0.139893 0.222290
v -0.406250 0.144043 0.224609
v -0.406982 0.143555 0.225952
v -0.408846 0.139797 0.232193
v -0.402588 0.138672 0.220215
v -0.403809 0.140137 0.221313
v -0.403076 0.138672 0.220215
v -0.401677 0.138823 0.225417
v -0.410279 0.137743 0.225259
v -0.402588 0.138672 0.220215
v -0.408846 0.139797 0.232193
v -0.406982 0.143555 0.225952
v -0.409969 0.142842 0.224618
v -0.408846 0.139797 0.232193
v -0.406250 0.144043 0.224487
v -0.410279 0.137743 0.225259
v -0.409969 0.142842 0.224618
v -0.405029 0.142944 0.223389
v -0.403809 0.140137 0.221313
v -0.406250 0.144043 0.224487
v -0.410279 0.137743 0.225259
v -0.403076 0.138672 0.220215
v -0.402588 0.138672 0.220215
v -0.393178 0.132309 0.080554
v -0.407281 0.130318 0.071469
v -0.381933 0.130773 0.075351
v -0.407281 0.130318 0.071469
v -0.400513 0.130213 0.074697
v -0.381933 0.130773 0.075351
v -0.393178 0.132309 0.080554
v -0.014516 -0.458986 -0.020676
v -0.023463 -0.447316 -0.022624
v -0.011205 -0.473805 -0.021957
v 0.032056 -0.499616 -0.022761
v 0.042132 -0.500026 -0.008452
v 0.035094 -0.499979 -0.009367
v -0.005020 -0.500014 -0.014971
v 0.066057 -0.499343 -0.009812
v 0.075712 -0.498714 -0.020889
v 0.075967 -0.499243 -0.010697
v 0.040509 -0.499258 0.004292
v 0.011641 -0.499005 -0.023309
v -0.032421 -0.499250 -0.024826
v -0.033374 -0.498833 -0.017184
v 0.035053 -0.496823 0.003608
v 0.058595 -0.480424 -0.011430
v 0.043277 -0.480929 -0.010087
v 0.045431 -0.495435 -0.009347
v 0.066057 -0.499343 -0.009812
v 0.042132 -0.500026 -0.008452
v 0.043178 -0.454891 -0.009752
v 0.036642 -0.463819 -0.009720
v 0.072918 -0.484491 -0.010111
v 0.075967 -0.499243 -0.010697
v 0.075556 -0.455688 -0.008763
v 0.036746 -0.454188 -0.011680
v 0.042015 -0.454946 -0.021225
v 0.043178 -0.454891 -0.009752
v 0.075556 -0.455688 -0.008763
v 0.075593 -0.455693 -0.021329
v 0.036746 -0.454188 -0.011680
v 0.075593 -0.455693 -0.021329
v 0.075967 -0.499243 -0.010697
v 0.075712 -0.498714 -0.020889
v 0.075556 -0.455688 -0.008763
v 0.036642 -0.463819 -0.009720
v 0.035862 -0.470562 0.002432
v 0.043277 -0.480929 -0.010087
v 0.042308 -0.493494 0.002650
v 0.045431 -0.495435 -0.009347
v 0.036746 -0.454188 -0.011680
v 0.035638 -0.447744 0.005029
v 0.035918 -0.447307 -0.022759
v 0.037001 -0.462909 -0.018499
v 0.040509 -0.499258 0.004292
v 0.042132 -0.500026 -0.008452
v 0.001248 -0.447473 -0.022801
v 0.001926 -0.448842 -0.013445
v 0.006867 -0.448791 -0.012326
v 0.011805 -0.447252 -0.022489
v 0.025909 -0.447887 -0.013832
v 0.002668 -0.450300 -0.006314
v -0.014584 -0.448268 -0.012340
v -0.023463 -0.447316 -0.022624
v 0.035918 -0.447307 -0.022759
v -0.031949 -0.447158 -0.010362
v 0.035638 -0.447744 0.005029
v 0.025868 -0.448254 0.005860
v -0.031986 -0.447806 -0.024363
v -0.031949 -0.447158 -0.010362
v -0.032617 -0.477271 -0.012648
v -0.032014 -0.466113 -0.009849
v -0.031986 -0.447806 -0.024363
v -0.033374 -0.498833 -0.017184
v -0.032421 -0.499250 -0.024826
v -0.032262 -0.455470 -0.009737
v -0.031937 -0.468690 -0.006248
v -0.031558 -0.466792 0.004914
v -0.031636 -0.454604 0.006013
v 0.006825 -0.462232 -0.011342
v 0.022247 -0.463324 0.006176
v 0.003199 -0.462683 0.007343
v 0.023120 -0.460554 -0.010860
v 0.001968 -0.465038 -0.011432
v 0.031827 -0.468294 0.005308
v 0.027003 -0.466105 -0.001714
v 0.030422 -0.477548 0.002726
v 0.033716 -0.480859 0.004700
v 0.025415 -0.454942 0.005871
v 0.026167 -0.464040 -0.012353
v 0.030995 -0.481002 -0.009828
v 0.035053 -0.496823 0.003608
v 0.035094 -0.499979 -0.009367
v 0.025909 -0.447887 -0.013832
v 0.025868 -0.448254 0.005860
v -0.023463 -0.447316 -0.022624
v -0.000069 -0.474142 -0.020504
v -0.011205 -0.473805 -0.021957
v -0.009240 -0.485184 -0.023383
v 0.001248 -0.447473 -0.022801
v 0.032832 -0.472756 -0.022216
v 0.035707 -0.486347 -0.022022
v 0.026447 -0.487890 -0.022309
v 0.032056 -0.499616 -0.022761
v 0.011641 -0.499005 -0.023309
v 0.049011 -0.487331 -0.021323
v 0.075712 -0.498714 -0.020889
v 0.013745 -0.481956 -0.021823
v 0.002494 -0.481382 -0.022656
v -0.032421 -0.499250 -0.024826
v -0.021384 -0.485958 -0.023464
v -0.019504 -0.460853 -0.021350
v -0.014516 -0.458986 -0.020676
v 0.057803 -0.486437 -0.020491
v 0.075593 -0.455693 -0.021329
v 0.058307 -0.481097 -0.020569
v -0.031986 -0.447806 -0.024363
v 0.044254 -0.478650 -0.019801
v 0.054624 -0.464178 -0.019272
v 0.041130 -0.462753 -0.020859
v 0.042015 -0.454946 -0.021225
v 0.037001 -0.462909 -0.018499
v 0.010217 -0.470754 -0.019630
v 0.002620 -0.459453 -0.022837
v 0.011805 -0.447252 -0.022489
v 0.014600 -0.461154 -0.022349
v 0.035918 -0.447307 -0.022759
v 0.025018 -0.465867 -0.019852
v 0.024463 -0.482631 -0.019941
v 0.015873 -0.452642 -0.010149
v 0.002668 -0.450300 -0.006314
v 0.022228 -0.451405 0.005658
v 0.001904 -0.454139 0.007136
v 0.008107 -0.455062 -0.012172
v 0.023120 -0.460554 -0.010860
v 0.025415 -0.454942 0.005871
v -0.009766 -0.453691 -0.009505
v -0.015276 -0.455686 -0.006599
v -0.012745 -0.457294 0.005668
v -0.014483 -0.456014 -0.011700
v -0.024487 -0.456912 -0.009938
v -0.031636 -0.454604 0.006013
v -0.032262 -0.455470 -0.009737
v 0.001421 -0.458112 -0.010324
v 0.001904 -0.454139 0.007136
v -0.015798 -0.459819 -0.008979
v -0.017489 -0.463894 0.005829
v -0.023027 -0.465287 -0.002614
v -0.031558 -0.466792 0.004914
v -0.011534 -0.463787 0.006574
v -0.031937 -0.468690 -0.006248
v -0.025102 -0.464100 -0.012828
v -0.021388 -0.465863 -0.011188
v -0.032014 -0.466113 -0.009849
v -0.014985 -0.463826 -0.014797
v -0.008375 -0.464395 -0.009488
v 0.003199 -0.462683 0.007343
v 0.000858 -0.462119 -0.013743
v -0.011277 -0.463389 -0.010956
v 0.001904 -0.454139 0.007136
v -0.012745 -0.457294 0.005668
v 0.003199 -0.462683 0.007343
v -0.011534 -0.463787 0.006574
v -0.017489 -0.463894 0.005829
v -0.031636 -0.454604 0.006013
v -0.031558 -0.466792 0.004914
v 0.025415 -0.454942 0.005871
v 0.022247 -0.463324 0.006176
v 0.022228 -0.451405 0.005658
v 0.023120 -0.460554 -0.010860
v 0.025415 -0.454942 0.005871
v 0.022247 -0.463324 0.006176
v -0.031949 -0.447158 -0.010362
v -0.024487 -0.456912 -0.009938
v -0.014483 -0.456014 -0.011700
v -0.014584 -0.448268 -0.012340
v -0.032262 -0.455470 -0.009737
v -0.009766 -0.453691 -0.009505
v 0.002668 -0.450300 -0.006314
v 0.001421 -0.458112 -0.010324
v 0.001904 -0.454139 0.007136
v 0.001926 -0.448842 -0.013445
v 0.001926 -0.448842 -0.013445
v -0.009766 -0.453691 -0.009505
v 0.001421 -0.458112 -0.010324
v -0.014584 -0.448268 -0.012340
v 0.036746 -0.454188 -0.011680
v 0.042015 -0.454946 -0.021225
v 0.037001 -0.462909 -0.018499
v 0.033716 -0.480859 0.004700
v 0.035053 -0.496823 0.003608
v 0.040509 -0.499258 0.004292
v 0.025868 -0.448254 0.005860
v 0.025415 -0.454942 0.005871
v 0.031827 -0.468294 0.005308
v 0.035638 -0.447744 0.005029
v 0.035862 -0.470562 0.002432
v 0.042308 -0.493494 0.002650
v -0.024487 -0.456912 -0.009938
v -0.021388 -0.465863 -0.011188
v -0.023027 -0.465287 -0.002614
v -0.024487 -0.456912 -0.009938
v -0.023027 -0.465287 -0.002614
v -0.025102 -0.464100 -0.012828
v 0.000858 -0.462119 -0.013743
v 0.001968 -0.465038 -0.011432
v 0.003199 -0.462683 0.007343
v 0.000378 -0.486760 -0.015021
v 0.000858 -0.462119 -0.013743
v -0.009290 -0.481400 -0.013395
v 0.000378 -0.486760 -0.015021
v -0.008375 -0.464395 -0.009488
v -0.016704 -0.483456 -0.015954
v -0.005020 -0.500014 -0.014971
v -0.033374 -0.498833 -0.017184
v -0.021773 -0.477596 -0.013824
v -0.032617 -0.477271 -0.012648
v -0.025102 -0.464100 -0.012828
v -0.032014 -0.466113 -0.009849
v 0.025439 -0.483380 -0.012161
v 0.035094 -0.499979 -0.009367
v -0.021388 -0.465863 -0.011188
v -0.024487 -0.456912 -0.009938
v 0.030995 -0.481002 -0.009828
v -0.011277 -0.463389 -0.010956
v 0.003993 -0.481032 -0.013282
v -0.014985 -0.463826 -0.014797
v 0.026167 -0.464040 -0.012353
v 0.001968 -0.465038 -0.011432
v 0.006825 -0.462232 -0.011342
v 0.023120 -0.460554 -0.010860
v 0.025909 -0.447887 -0.013832
v 0.015873 -0.452642 -0.010149
v 0.006867 -0.448791 -0.012326
v 0.008107 -0.455062 -0.012172
v 0.002668 -0.450300 -0.006314
v 0.131107 0.325017 -0.176871
v 0.130486 0.328571 -0.172766
v 0.130746 0.317202 -0.163345
v 0.128322 0.319582 -0.157871
v 0.128322 0.319582 -0.157871
v 0.131107 0.325017 -0.176871
v 0.130746 0.317202 -0.163345
v 0.130486 0.328571 -0.172766
v 0.146586 0.181010 -0.161908
v 0.154297 0.174683 -0.162109
v 0.154297 0.172485 -0.162109
v 0.154297 0.174561 -0.161865
v 0.146586 0.181010 -0.161908
v 0.154297 0.172485 -0.161987
v 0.146586 0.181010 -0.161908
v 0.154297 0.172485 -0.162109
v 0.154297 0.172485 -0.161987
v 0.154297 0.174561 -0.161865
v 0.154297 0.172485 -0.162109
v 0.154297 0.174683 -0.162109
v 0.154297 0.172485 -0.161987
v 0.146586 0.181010 -0.161908
v 0.236084 0.296379 -0.037189
v 0.241519 0.284725 -0.041254
v 0.219651 0.301406 -0.038883
v 0.264477 0.282516 -0.038971
v 0.224461 0.313769 -0.036888
v 0.213174 0.315231 -0.041009
v 0.207168 0.312483 -0.039778
v 0.196619 0.323791 -0.038278
v 0.199763 0.329280 -0.036631
v 0.189603 0.334640 -0.032168
v 0.255809 0.273752 -0.036697
v 0.277667 0.268489 -0.035031
v 0.276974 0.279828 -0.034067
v 0.288836 0.269995 -0.028709
v 0.288019 0.263347 -0.029058
v 0.189929 0.335591 -0.029579
v 0.251475 0.287946 -0.033467
v 0.232097 0.295881 -0.033197
v 0.246508 0.281825 -0.033087
v 0.274683 0.274970 -0.030933
v 0.273007 0.269090 -0.032387
v 0.281756 0.267418 -0.027171
v 0.288836 0.269995 -0.028709
v 0.288019 0.263347 -0.029058
v 0.276974 0.279828 -0.034067
v 0.236084 0.296379 -0.037189
v 0.224461 0.313769 -0.036888
v 0.219817 0.312884 -0.033670
v 0.223179 0.301346 -0.031663
v 0.209164 0.311063 -0.034578
v 0.200064 0.324625 -0.033986
v 0.195883 0.319016 -0.034605
v 0.189929 0.335591 -0.029579
v 0.240767 0.279492 -0.037018
v 0.229978 0.288511 -0.037634
v 0.222553 0.295444 -0.036349
v 0.214635 0.302524 -0.036123
v 0.255809 0.273752 -0.036697
v 0.199763 0.329280 -0.036631
v 0.207168 0.312483 -0.039778
v 0.209164 0.311063 -0.034578
v 0.195883 0.319016 -0.034605
v 0.214635 0.302524 -0.036123
v 0.219651 0.301406 -0.038883
v 0.222553 0.295444 -0.036349
v 0.229978 0.288511 -0.037634
v 0.196619 0.323791 -0.038278
v 0.189603 0.334640 -0.032168
v 0.241519 0.284725 -0.041254
v 0.240767 0.279492 -0.037018
v 0.255809 0.273752 -0.036697
v 0.189929 0.335591 -0.029579
v 0.281756 0.267418 -0.027171
v 0.273007 0.269090 -0.032387
v 0.277667 0.268489 -0.035031
v 0.255809 0.273752 -0.036697
v 0.288019 0.263347 -0.029058
v 0.215977 0.265833 -0.115736
v 0.220767 0.266437 -0.102956
v 0.216313 0.274813 -0.099314
v 0.213620 0.276494 -0.112131
v 0.221929 0.272260 -0.115098
v 0.216313 0.274813 -0.099314
v 0.225252 0.266634 -0.107964
v 0.213620 0.276494 -0.112131
v 0.220767 0.266437 -0.102956
v 0.215977 0.265833 -0.115736
v 0.225252 0.266634 -0.107964
v 0.220767 0.266437 -0.102956
v 0.221929 0.272260 -0.115098
v 0.213620 0.276494 -0.112131
v 0.221929 0.272260 -0.115098
v 0.215977 0.265833 -0.115736
v 0.140577 0.260690 -0.206079
v 0.128589 0.274874 -0.193153
v 0.137379 0.262612 -0.194930
v 0.143895 0.254676 -0.207213
v 0.141613 0.255334 -0.198486
v 0.122481 0.272327 -0.188798
v 0.124778 0.272498 -0.196425
v 0.124778 0.272498 -0.196425
v 0.140577 0.260690 -0.206079
v 0.128792 0.264627 -0.199483
v 0.143895 0.254676 -0.207213
v 0.138751 0.253228 -0.201550
v 0.122481 0.272327 -0.188798
v 0.128743 0.264100 -0.193687
v 0.137379 0.262612 -0.194930
v 0.128743 0.264100 -0.193687
v 0.141613 0.255334 -0.198486
v 0.122481 0.272327 -0.188798
v 0.138751 0.253228 -0.201550
v 0.143895 0.254676 -0.207213
v 0.124778 0.272498 -0.196425
v 0.122481 0.272327 -0.188798
v 0.128589 0.274874 -0.193153
v -0.138284 0.354501 0.022164
v -0.143555 0.349609 0.023911
v -0.142456 0.351074 0.024200
v -0.138284 0.354501 0.022164
v -0.122041 0.348938 0.016270
v -0.125392 0.344531 0.016692
v -0.143555 0.349609 0.023880
v -0.117435 0.335118 0.008362
v -0.110651 0.343736 0.008923
v -0.122041 0.348938 0.016270
v -0.138284 0.354501 0.022164
v -0.122628 0.342730 0.018338
v -0.138261 0.348670 0.023659
v -0.112481 0.339185 0.015622
v -0.142456 0.351074 0.024200
v -0.110651 0.343736 0.008923
v -0.114916 0.332678 0.012981
v -0.117435 0.335118 0.008362
v -0.112481 0.339185 0.015622
v -0.114916 0.332678 0.012981
v -0.110651 0.343736 0.008923
v -0.138261 0.348670 0.023659
v -0.125392 0.344531 0.016692
v -0.122628 0.342730 0.018338
v -0.117435 0.335118 0.008362
v -0.143555 0.349609 0.023880
v -0.143555 0.349609 0.023941
v -0.142456 0.351074 0.024200
v -0.114916 0.332678 0.012981
v -0.121973 0.348119 -0.087270
v -0.123603 0.348424 -0.076345
v -0.122296 0.347003 -0.069638
v -0.145086 0.326428 -0.056124
v -0.156871 0.327919 -0.056056
v -0.152571 0.322195 -0.053672
v -0.139719 0.318379 -0.053194
v -0.146453 0.310556 -0.056042
v -0.157805 0.318688 -0.054144
v -0.166304 0.330059 -0.048316
v -0.167943 0.335793 -0.049204
v -0.156871 0.327919 -0.056056
v -0.145086 0.326428 -0.056124
v -0.150557 0.317981 -0.061222
v -0.168879 0.330284 -0.054072
v -0.167943 0.335793 -0.049204
v -0.160652 0.319618 -0.057620
v -0.139719 0.318379 -0.053194
v -0.146453 0.310556 -0.056042
v -0.160652 0.319618 -0.057620
v -0.157805 0.318688 -0.054144
v -0.166304 0.330059 -0.048316
v -0.168879 0.330284 -0.054072
v -0.146453 0.310556 -0.056042
v -0.167943 0.335793 -0.049204
v -0.150557 0.317981 -0.061222
v -0.186686 0.165373 -0.119014
v -0.174272 0.173628 -0.124622
v -0.182108 0.159697 -0.122635
v -0.193130 0.153565 -0.120421
v -0.188977 0.148177 -0.121353
v -0.174893 0.180150 -0.118558
v -0.174893 0.180150 -0.118558
v -0.166075 0.184413 -0.116758
v -0.171870 0.173433 -0.122303
v -0.162417 0.196925 -0.109436
v -0.174272 0.173628 -0.124622
v -0.163405 0.185964 -0.112287
v -0.181364 0.162704 -0.114877
v -0.183682 0.168769 -0.114732
v -0.190419 0.155069 -0.114417
v -0.173795 0.180445 -0.112281
v -0.189921 0.148357 -0.117974
v -0.188977 0.148177 -0.121353
v -0.182108 0.159697 -0.122635
v -0.171870 0.173433 -0.122303
v -0.171479 0.172963 -0.114764
v -0.163405 0.185964 -0.112287
v -0.166075 0.184413 -0.116758
v -0.174272 0.173628 -0.124622
v -0.163892 0.193971 -0.107385
v -0.162417 0.196925 -0.109436
v -0.193130 0.153565 -0.120421
v -0.188977 0.148177 -0.121353
v -0.189921 0.148357 -0.117974
v -0.190419 0.155069 -0.114417
v -0.183682 0.168769 -0.114732
v -0.174893 0.180150 -0.118558
v -0.186686 0.165373 -0.119014
v -0.173795 0.180445 -0.112281
v -0.162417 0.196925 -0.109436
v -0.163892 0.193971 -0.107385
v -0.184734 0.129458 -0.123924
v -0.185750 0.137571 -0.117943
v -0.189688 0.133010 -0.122531
v -0.189921 0.148357 -0.117974
v -0.188977 0.148177 -0.121353
v -0.184734 0.129458 -0.123924
v -0.189688 0.133010 -0.122531
v -0.184619 0.144360 -0.121536
v -0.188977 0.148177 -0.121353
v -0.185750 0.137571 -0.117943
v -0.184619 0.144360 -0.121536
v -0.189921 0.148357 -0.117974
v -0.184734 0.129458 -0.123924
v -0.188977 0.148177 -0.121353
v -0.189688 0.133010 -0.122531
v -0.189921 0.148357 -0.117974
v -0.220425 0.268011 -0.064862
v -0.222734 0.260094 -0.061068
v -0.235327 0.263470 -0.069599
v -0.202867 0.276853 -0.058718
v -0.201253 0.264954 -0.054141
v -0.213751 0.278874 -0.063197
v -0.237573 0.259566 -0.066026
v -0.231204 0.269848 -0.066468
v -0.247839 0.269820 -0.074424
v -0.245033 0.259618 -0.071744
v -0.253988 0.266243 -0.078274
v -0.231204 0.269848 -0.066468
v -0.230124 0.266047 -0.061925
v -0.211747 0.271981 -0.057447
v -0.249837 0.262908 -0.070776
v -0.213751 0.278874 -0.063197
v -0.247839 0.269820 -0.074424
v -0.216976 0.263191 -0.056160
v -0.204580 0.264059 -0.052270
v -0.202867 0.276853 -0.058718
v -0.253988 0.266243 -0.078274
v -0.227608 0.261271 -0.060683
v -0.237573 0.259566 -0.066026
v -0.211296 0.279938 -0.058990
v -0.201253 0.264954 -0.054141
v -0.216976 0.263191 -0.056160
v -0.227608 0.261271 -0.060683
v -0.222734 0.260094 -0.061068
v -0.204580 0.264059 -0.052270
v -0.237573 0.259566 -0.066026
v -0.201253 0.264954 -0.054141
v -0.245033 0.259618 -0.071744
v -0.237573 0.259566 -0.066026
v -0.249837 0.262908 -0.070776
v -0.253988 0.266243 -0.078274
v -0.202867 0.276853 -0.058718
v -0.213751 0.278874 -0.063197
v -0.211296 0.279938 -0.058990
v -0.213605 0.307203 -0.052059
v -0.216074 0.301612 -0.052631
v -0.207019 0.289370 -0.050569
v -0.218349 0.310997 -0.051770
v -0.213283 0.282329 -0.057272
v -0.207268 0.281078 -0.057067
v -0.216074 0.301612 -0.052631
v -0.210380 0.301703 -0.057176
v -0.213283 0.282329 -0.057272
v -0.218349 0.310997 -0.051770
v -0.207268 0.281078 -0.057067
v -0.210380 0.301703 -0.057176
v -0.213605 0.307203 -0.052059
v -0.207019 0.289370 -0.050569
v -0.207268 0.281078 -0.057067
v -0.218349 0.310997 -0.051770
v -0.274268 0.125227 0.116189
v -0.259915 0.127494 0.114449
v -0.267737 0.121931 0.113240
v -0.267768 0.126619 0.122986
v -0.259915 0.127494 0.114449
v -0.267768 0.126619 0.122986
v -0.258581 0.122550 0.118465
v -0.259915 0.127494 0.114449
v -0.258581 0.122550 0.118465
v -0.267737 0.121931 0.113240
v -0.267768 0.126619 0.122986
v -0.274268 0.125227 0.116189
v -0.266913 0.121513 0.121066
v -0.258581 0.122550 0.118465
v -0.267737 0.121931 0.113240
v -0.283495 0.105783 0.067134
v -0.281087 0.103808 0.076857
v -0.272405 0.102698 0.067395
v -0.281087 0.103808 0.076857
v -0.285905 0.099304 0.068334
v -0.278229 0.097495 0.069629
v -0.272405 0.102698 0.067395
v -0.283495 0.105783 0.067134
v -0.272405 0.102698 0.067395
v -0.285905 0.099304 0.068334
v -0.278229 0.097495 0.069629
v -0.281087 0.103808 0.076857
v -0.283495 0.105783 0.067134
v -0.285905 0.099304 0.068334
v -0.277149 0.094587 0.179864
v -0.278280 0.087541 0.177638
v -0.284694 0.094686 0.173221
v -0.284694 0.094686 0.173221
v -0.278280 0.087541 0.177638
v -0.285425 0.094651 0.179463
v -0.278280 0.087541 0.177638
v -0.277149 0.094587 0.179864
v -0.285425 0.094651 0.179463
v -0.284694 0.094686 0.173221
v -0.285425 0.094651 0.179463
v -0.277149 0.094587 0.179864
v -0.290656 0.198634 0.154532
v -0.286540 0.194508 0.159152
v -0.287891 0.190217 0.152969
v -0.287891 0.190217 0.152969
v -0.286540 0.194508 0.159152
v -0.293549 0.192782 0.155312
v -0.290656 0.198634 0.154532
v -0.293549 0.192782 0.155312
v -0.286540 0.194508 0.159152
v -0.293549 0.192782 0.155312
v -0.290656 0.198634 0.154532
v -0.287891 0.190217 0.152969
v -0.291921 0.111927 0.174589
v -0.288073 0.112131 0.167609
v -0.286825 0.099515 0.172178
v -0.286784 0.111263 0.174692
v -0.291921 0.111927 0.174589
v -0.286825 0.099515 0.172178
v -0.288073 0.112131 0.167609
v -0.286784 0.111263 0.174692
v -0.286825 0.099515 0.172178
v -0.288073 0.112131 0.167609
v -0.291921 0.111927 0.174589
v -0.286784 0.111263 0.174692
v -0.318041 0.073534 0.086037
v -0.323995 0.062519 0.084309
v -0.320907 0.060795 0.086594
v -0.316549 0.060015 0.083808
v -0.311995 0.071648 0.083751
v -0.333530 0.053648 0.091284
v -0.332413 0.063293 0.088377
v -0.323995 0.062519 0.084309
v -0.316549 0.060015 0.083808
v -0.333530 0.053648 0.091284
v -0.332413 0.063293 0.088377
v -0.311995 0.071648 0.083751
v -0.318041 0.073534 0.086037
v -0.319289 0.082518 0.078236
v -0.318041 0.073534 0.086037
v -0.311995 0.071648 0.083751
v -0.348687 0.111408 -0.011495
v -0.356148 0.113097 -0.007185
v -0.351614 0.104183 -0.004042
v -0.356148 0.113097 -0.007185
v -0.348687 0.111408 -0.011495
v -0.354687 0.102564 -0.009464
v -0.351614 0.104183 -0.004042
v -0.356148 0.113097 -0.007185
v -0.354687 0.102564 -0.009464
v -0.354687 0.102564 -0.009464
v -0.348687 0.111408 -0.011495
v -0.351614 0.104183 -0.004042
v -0.356522 0.230395 0.091821
v -0.363978 0.227426 0.097756
v -0.357447 0.221298 0.099548
v -0.356522 0.230395 0.091821
v -0.356747 0.223671 0.090367
v -0.363617 0.221472 0.093276
v -0.363978 0.227426 0.097756
v -0.356522 0.230395 0.091821
v -0.357447 0.221298 0.099548
v -0.356747 0.223671 0.090367
v -0.356747 0.223671 0.090367
v -0.357447 0.221298 0.099548
v -0.363617 0.221472 0.093276
v -0.363617 0.221472 0.093276
v -0.357447 0.221298 0.099548
v -0.363978 0.227426 0.097756
v -0.363041 0.056920 0.058406
v -0.368550 0.054001 0.057632
v -0.363861 0.052391 0.054259
v -0.401913 0.099329 0.208948
v -0.412051 0.099165 0.219143
v -0.385050 0.098953 0.220114
v -0.397935 0.181997 0.214914
v -0.399902 0.179321 0.214111
v -0.405206 0.177349 0.218846
v -0.400261 0.183448 0.225266
v -0.398438 0.177734 0.212402
v -0.401766 0.176457 0.226483
v -0.397935 0.181997 0.214914
v -0.400261 0.183448 0.225266
v -0.396657 0.176929 0.221430
v -0.398193 0.177246 0.214233
v -0.398438 0.177734 0.212402
v -0.401766 0.176457 0.226483
v -0.398193 0.177246 0.214233
v -0.396657 0.176929 0.221430
v -0.405206 0.177349 0.218846
v -0.401766 0.176457 0.226483
v -0.398438 0.177734 0.212402
v -0.406928 0.188709 0.150471
v -0.401433 0.182261 0.141178
v -0.402222 0.188209 0.130394
v -0.438527 0.127242 0.107941
v -0.436115 0.118844 0.114520
v -0.444163 0.123495 0.105482
v -0.444163 0.123495 0.105482
v -0.436115 0.118844 0.114520
v -0.446252 0.123109 0.111276
v -0.441124 0.127475 0.111646
v -0.446252 0.123109 0.111276
v -0.436115 0.118844 0.114520
v -0.438527 0.127242 0.107941
v -0.441124 0.127475 0.111646
v -0.436115 0.118844 0.114520
v -0.441124 0.127475 0.111646
v -0.444163 0.123495 0.105482
v -0.446252 0.123109 0.111276
v -0.438527 0.127242 0.107941
v -0.443326 0.104897 0.200850
v -0.446662 0.098520 0.207012
v -0.440950 0.099559 0.204157
v -0.443326 0.104897 0.200850
v -0.444633 0.099536 0.197196
v -0.446662 0.098520 0.207012
v -0.444633 0.099536 0.197196
v -0.440950 0.099559 0.204157
v -0.446662 0.098520 0.207012
v -0.443326 0.104897 0.200850
v -0.440950 0.099559 0.204157
v -0.444633 0.099536 0.197196
v -0.450381 0.198964 0.157651
v -0.451631 0.189538 0.165663
v -0.445541 0.193416 0.158842
v -0.445541 0.193416 0.158842
v -0.451631 0.189538 0.165663
v -0.450630 0.190169 0.154970
v -0.450381 0.198964 0.157651
v -0.455063 0.192688 0.158854
v -0.451631 0.189538 0.165663
v -0.455063 0.192688 0.158854
v -0.450630 0.190169 0.154970
v -0.451631 0.189538 0.165663
v -0.450381 0.198964 0.157651
v -0.445541 0.193416 0.158842
v -0.450630 0.190169 0.154970
v -0.450381 0.198964 0.157651
v -0.450630 0.190169 0.154970
v -0.455063 0.192688 0.158854
v 0.255136 0.293643 -0.136171
v 0.255127 0.300049 -0.140015
v 0.255886 0.297758 -0.143291
v 0.142459 0.247960 -0.084471
v 0.145410 0.242063 -0.088896
v 0.145395 0.237671 -0.086015
v -0.131642 0.322117 -0.071932
v -0.119980 0.320883 -0.071705
v -0.121393 0.316738 -0.076166
v -0.133755 0.174805 -0.144039
v -0.135313 0.158077 -0.142575
v -0.135738 0.164002 -0.142914
v -0.201253 0.264954 -0.054141
v -0.188881 0.262838 -0.046915
v -0.204580 0.264059 -0.052270
v -0.218349 0.310997 -0.051770
v -0.215353 0.316173 -0.052554
v -0.213605 0.307203 -0.052059
v -0.248840 0.137054 0.176688
v -0.252745 0.130032 0.175594
v -0.250980 0.130601 0.181632
v -0.320886 0.105887 0.161604
v -0.318838 0.088384 0.157028
v -0.320578 0.095272 0.165805
v -0.349247 0.142573 0.224911
v -0.347428 0.138132 0.219052
v -0.348757 0.137995 0.226877
v -0.402499 0.119868 0.237710
v -0.400429 0.114195 0.236283
v -0.398380 0.117863 0.241091
f 48 49 50
f 51 52 53
f 63 60 62
f 60 61 62
f 1 2 3
f 68 70 72
f 8450 8451 8452
f 8451 8455 8452
f 4201 4200 4202
f 4201 4199 4200
f 9034 9036 9037
f 9034 9035 9036
f 4 5 6
f 6 7 4
f 6880 6882 6884
f 8 9 8
f 8 10 8
f 11061 11065 11066
f 11083 11082 11079
f 11 12 11
f 11 13 11
f 14 15 14
f 14 16 14
f 17 17 18
f 19 17 17
f 9106 9107 9108
f 5004 5003 5000
f 11084 11085 11086
f 11087 11088 11089
f 9062 9059 9061
f 9059 9060 9061
f 872 825 823
f 4542 4541 4538
f 4541 4540 4538
f 6140 6141 6139
f 6140 6142 6141
f 5505 5501 5504
f 5501 5493 5504
f 20 21 20
f 5897 5896 5893
f 20 22 20
f 7245 7210 7244
f 23 24 25
f 9825 9824 9807
f 26 27 28
f 27 29 28
f 30 31 30
f 30 32 30
f 33 33 34
f 35 33 33
f 4395 4389 4394
f 10497 10495 10498
f 10497 10496 10495
f 8915 8916 8917
f 36 37 38
f 3817 3819 3820
f 11101 11096 11095
f 2011 2001 2016
f 2011 2004 2001
f 2001 2000 2016
f 39 40 39
f 6675 6672 6674
f 39 41 39
f 11321 11322 11323
f 11321 11324 11322
f 6111 6113 6112
f 6113 6114 6112
f 11334 11335 11336
f 11334 11337 11335
f 2548 2538 2547
f 2548 2551 2544
f 2548 2544 2549
f 2538 2548 2549
f 8950 8951 8952
f 8951 8953 8952
f 42 43 42
f 3671 3668 3669
f 42 44 42
f 3657 3661 3665
f 3661 3662 3665
f 10805 10806 10807
f 10807 10810 10805
f 7041 7044 7042
f 7041 7046 7044
f 7042 7044 7045
f 4487 4488 4489
f 5470 5478 5471
f 4655 4646 4643
f 5478 5479 5476
f 4645 4647 4643
f 5763 5765 5766
f 8890 8891 8892
f 7145 7197 7147
f 5866 5868 5871
f 5866 5867 5868
f 5871 5868 5872
f 7040 7041 7038
f 7040 7046 7041
f 5100 5101 5102
f 5102 5103 5100
f 5100 5103 5104
f 5473 5482 5470
f 4646 4644 4643
f 4643 4644 4645
f 4644 4654 4645
f 5762 5765 5763
f 5848 5849 5850
f 7147 7111 7145
f 7782 7783 7784
f 7783 7785 7784
f 5101 5105 5102
f 4470 4467 4486
f 5473 5480 5482
f 4650 4649 4646
f 4649 4648 4646
f 4646 4648 4644
f 8678 8679 8680
f 7193 7192 7196
f 7111 7038 7145
f 7111 7043 7038
f 5866 5870 5869
f 5866 5869 5867
f 7786 7783 7782
f 7038 7039 7040
f 7035 7036 7037
f 5475 5473 5474
f 5473 5472 5474
f 4457 4471 4476
f 4470 4462 4456
f 4470 4456 4467
f 7035 7140 7036
f 5106 5102 5105
f 5481 5480 5475
f 4650 4652 4651
f 4650 4651 4649
f 8021 8022 8023
f 7193 7186 7192
f 7110 7111 7147
f 7039 7111 7110
f 7110 7108 7039
f 7111 7039 7043
f 7140 7131 7036
f 4652 4653 4651
f 7185 7184 7186
f 7186 7184 7188
f 7186 7188 7192
f 7107 7103 7102
f 7107 7102 7140
f 7131 7184 7185
f 6328 6329 6330
f 6873 6879 6877
f 7120 7103 7108
f 7140 7102 7131
f 6874 6877 6878
f 10872 10869 10873
f 7120 7089 7103
f 6875 6872 6874
f 10870 10868 10869
f 7184 7131 7183
f 6332 6331 6329
f 10874 10869 10876
f 4954 4955 4956
f 4955 4957 4956
f 10878 10882 10883
f 7101 7126 7102
f 7126 7131 7102
f 7131 7182 7183
f 10868 10867 10869
f 10869 10867 10876
f 10878 10879 10882
f 7101 7102 7089
f 7126 7182 7131
f 10880 10866 10868
f 10868 10866 10867
f 5415 5410 5412
f 4960 4958 4954
f 4958 4955 4954
f 4958 4959 4955
f 7088 7089 7092
f 7087 7101 7089
f 10867 10877 10878
f 7099 7126 7101
f 7149 7182 7126
f 10834 10865 10866
f 10866 10865 10867
f 7149 7191 7182
f 10865 10877 10867
f 7099 7146 7149
f 7149 7146 7191
f 10834 10831 10833
f 10834 10833 10865
f 7086 7084 7087
f 7087 7090 7099
f 7099 7123 7146
f 4441 4443 4442
f 10835 10830 10834
f 10830 10831 10834
f 7085 7083 7084
f 7090 7123 7099
f 10835 10917 10830
f 7079 7084 7083
f 7094 7113 7090
f 7123 7179 7146
f 10831 10829 10832
f 7094 7079 7093
f 7094 7084 7079
f 7094 7093 7113
f 7113 7174 7123
f 7174 7179 7123
f 10915 10836 10917
f 10830 10829 10831
f 7093 7112 7113
f 7113 7112 7174
f 10836 10826 10917
f 10917 10826 10830
f 7077 7080 7079
f 7080 7093 7079
f 7093 7095 7112
f 10826 10825 10827
f 10836 10824 10826
f 1950 1910 1887
f 7095 7093 7080
f 10914 10911 10836
f 10825 10828 10827
f 10836 10822 10824
f 10826 10824 10825
f 7080 7081 7095
f 10914 10910 10911
f 10825 10892 10828
f 10911 10908 10836
f 7095 7121 7112
f 10920 10921 10922
f 10836 10821 10822
f 10822 10820 10823
f 10908 10821 10836
f 10811 10812 10892
f 10923 10924 10920
f 10808 10811 10892
f 10820 10837 10823
f 217 254 251
f 7081 7082 7095
f 10821 10820 10822
f 7082 7114 7095
f 7095 7114 7122
f 7095 7122 7121
f 10909 10908 10910
f 10910 10908 10911
f 7073 7082 7081
f 10808 10810 10811
f 10810 10809 10811
f 10924 10925 10920
f 10820 10818 10837
f 10808 10805 10810
f 10808 10806 10805
f 10909 10839 10908
f 10908 10839 10821
f 10925 10926 10920
f 95 96 97
f 7091 7115 7082
f 7082 7115 7114
f 7114 7115 7122
f 10863 10814 10809
f 10821 10839 10838
f 10838 10819 10821
f 10821 10819 10820
f 10863 10818 10814
f 7115 7166 7122
f 7122 7189 7190
f 7166 7189 7122
f 10820 10819 10818
f 10839 10840 10838
f 7091 7128 7115
f 7115 7128 7166
f 10814 10815 10813
f 10841 10840 10839
f 10814 10817 10815
f 10818 10817 10814
f 10818 10819 10817
f 11361 11360 11362
f 7067 7091 7069
f 7091 7119 7128
f 10864 10817 10819
f 7067 7119 7091
f 10864 10861 10815
f 10815 10816 10813
f 10841 10842 10840
f 10840 10843 10864
f 211 155 209
f 11363 11358 11361
f 11361 11358 11360
f 7128 7165 7166
f 7166 7165 7189
f 10864 10919 10861
f 10815 10859 10816
f 10845 10842 10841
f 10861 10859 10815
f 11358 11359 11360
f 11391 11392 11393
f 7070 7118 7067
f 7067 7118 7119
f 7119 7116 7128
f 10919 10885 10861
f 10843 10846 10864
f 7070 7067 7065
f 11363 11355 11358
f 7119 7118 7116
f 10864 10846 10919
f 11392 11394 11393
f 7116 7165 7128
f 10885 10859 10861
f 10845 10862 10842
f 10842 10844 10843
f 7064 7065 7066
f 11342 11339 11351
f 11363 11364 11355
f 11357 11376 11359
f 11355 11357 11358
f 7070 7063 7118
f 10885 10860 10859
f 10844 10846 10843
f 10848 10886 10846
f 10862 10844 10842
f 10846 10886 10919
f 7561 7562 7563
f 7544 7541 7561
f 7561 7560 7562
f 7541 7560 7561
f 7541 7559 7560
f 7541 7540 7559
f 7540 7569 7559
f 7118 7063 7116
f 7116 7148 7165
f 10885 10913 10860
f 7550 7561 7564
f 10844 10847 10846
f 7548 7544 7550
f 7550 7544 7561
f 7548 7539 7544
f 7564 7561 7563
f 7539 7530 7541
f 7539 7541 7544
f 7532 7541 7530
f 7532 7540 7541
f 7569 7570 7559
f 7532 7534 7540
f 7534 7542 7540
f 7540 7542 7569
f 7569 7542 7570
f 7542 7571 7570
f 76 73 75
f 73 74 75
f 7063 7106 7116
f 7116 7106 7148
f 7548 7550 7509
f 10885 10853 10913
f 10931 10932 10933
f 10846 10847 10848
f 10856 10850 10853
f 10856 10853 10885
f 7545 7539 7548
f 10862 10847 10844
f 7545 7536 7539
f 7536 7526 7539
f 7526 7530 7539
f 7526 7529 7530
f 7566 7580 7542
f 7542 7580 7571
f 7534 7566 7542
f 7063 7062 7106
f 7507 7547 7548
f 7507 7548 7509
f 7547 7545 7548
f 7106 7143 7148
f 7537 7545 7547
f 7537 7536 7545
f 10848 10849 10850
f 7529 7532 7530
f 7529 7531 7532
f 7532 7531 7534
f 7531 7535 7534
f 7534 7535 7567
f 7567 7566 7534
f 11357 11372 11376
f 7514 7515 7516
f 7514 7510 7515
f 8819 8820 8821
f 599 581 585
f 10847 10849 10848
f 7524 7536 7537
f 7524 7526 7536
f 7549 7547 7505
f 7505 7547 7507
f 7514 7506 7508
f 7549 7546 7547
f 7546 7538 7537
f 7546 7537 7547
f 7538 7527 7524
f 7538 7524 7537
f 7143 7173 7148
f 10850 10852 10853
f 10890 10889 10862
f 7524 7525 7526
f 7531 7533 7535
f 4402 4404 4408
f 4408 4410 4411
f 4408 4404 4410
f 7553 7549 7505
f 7553 7505 7502
f 9679 9678 9677
f 7517 7506 7514
f 9679 9680 9681
f 7517 7514 7516
f 11355 11356 11357
f 7543 7528 7538
f 7543 7538 7546
f 7528 7527 7538
f 10889 10888 10862
f 10862 10888 10857
f 10862 10857 10847
f 10857 10849 10847
f 7522 7518 7527
f 7518 7524 7527
f 7525 7529 7526
f 7529 7525 7531
f 3270 3273 3283
f 4409 4407 4402
f 4409 4402 4408
f 7551 7549 7553
f 7551 7546 7549
f 7552 7543 7546
f 7552 7546 7551
f 11364 11356 11355
f 11356 11372 11357
f 7062 7060 7106
f 7556 7528 7543
f 1937 1895 1892
f 10849 10851 10850
f 10850 10851 10852
f 7523 7525 7524
f 7525 7533 7531
f 7511 7504 7512
f 7568 7551 7553
f 7513 7504 7503
f 7060 7062 7061
f 7555 7556 7543
f 11356 11374 11373
f 11356 11373 11372
f 7555 7557 7556
f 7060 7100 7106
f 7556 7557 7528
f 7106 7100 7143
f 7521 7527 7528
f 7527 7521 7522
f 7523 7524 7518
f 3270 3271 3272
f 3270 3272 3273
f 4407 4406 4402
f 4406 4403 4402
f 7582 7576 7568
f 7504 7513 7512
f 9674 9677 9676
f 7554 7555 7543
f 11356 11367 11374
f 5864 5862 5863
f 11365 11356 11364
f 5863 5862 5861
f 7558 7557 7555
f 7557 7558 7521
f 7557 7521 7528
f 7143 7172 7173
f 7522 7521 7518
f 10849 10858 10851
f 10849 10857 10858
f 7520 7523 7518
f 3276 3275 3270
f 4404 4403 4405
f 8828 8826 8825
f 7565 7554 7552
f 7552 7554 7543
f 7059 7056 7060
f 426 425 424
f 411 358 412
f 424 427 429
f 426 424 429
f 5864 5865 5862
f 11366 11356 11365
f 11366 11367 11356
f 5862 5860 5861
f 1937 1904 1895
f 412 361 413
f 7141 7143 7100
f 7558 7581 7521
f 7141 7172 7143
f 3282 3280 3276
f 555 559 556
f 3276 3280 3275
f 3270 3275 3274
f 3270 3274 3271
f 5961 5959 5971
f 11400 11401 11402
f 11402 11401 11404
f 4886 4887 4889
f 431 425 426
f 431 426 432
f 411 357 358
f 429 427 430
f 11367 11375 11374
f 7060 7056 7100
f 412 358 361
f 422 423 424
f 427 423 428
f 422 413 423
f 1937 1938 1904
f 361 408 413
f 413 435 423
f 5861 5860 5859
f 10851 10855 10854
f 7581 7519 7521
f 10858 10855 10851
f 7521 7519 7518
f 7518 7519 7520
f 10889 10891 10888
f 10888 10887 10857
f 3282 3285 3280
f 3271 3278 3279
f 3271 3279 3272
f 1255 1238 1258
f 11400 11403 11401
f 7629 7623 7631
f 4984 4968 4983
f 9667 9671 9668
f 421 357 411
f 7574 7575 7565
f 11368 11375 11367
f 11366 11368 11367
f 7056 7049 7100
f 355 360 358
f 358 360 361
f 428 423 433
f 423 434 433
f 5860 5858 5859
f 1943 1932 1938
f 10891 10893 10888
f 10857 10887 10858
f 3280 3281 3277
f 3280 3277 3275
f 3275 3277 3274
f 3274 3278 3271
f 7637 7634 7636
f 9186 9183 9185
f 7634 7635 7636
f 5963 5960 5961
f 7634 7633 7635
f 5961 5960 5959
f 7628 7633 7634
f 7622 7626 7630
f 7623 7629 7626
f 4885 4882 4886
f 4886 4882 4887
f 9667 9668 9666
f 9684 9660 9687
f 9676 9683 9682
f 420 357 421
f 353 354 355
f 353 355 356
f 355 357 356
f 11365 11377 11366
f 354 360 355
f 362 360 354
f 360 363 361
f 3184 3196 3188
f 3665 3662 3663
f 360 362 363
f 361 363 408
f 413 408 457
f 362 454 364
f 362 364 363
f 413 457 435
f 435 457 459
f 5859 5858 5857
f 7585 7519 7581
f 3287 3284 3285
f 10888 10893 10887
f 3285 3284 3280
f 3280 3284 3281
f 9183 9184 9185
f 5958 5959 5960
f 8831 8830 8832
f 5958 5970 5959
f 4981 4962 4977
f 7628 7625 7627
f 7628 7627 7633
f 7627 7625 7622
f 7622 7623 7626
f 4984 4972 4968
f 4882 4890 4887
f 9684 9662 9660
f 446 421 431
f 9650 9649 9648
f 359 415 356
f 359 357 420
f 353 356 415
f 383 354 353
f 7055 7049 7056
f 365 354 383
f 11377 11369 11366
f 11366 11369 11368
f 1933 1939 1904
f 3184 3188 3187
f 7100 7134 7141
f 354 365 362
f 3190 3196 3184
f 3656 3657 3665
f 3662 3658 3663
f 365 367 366
f 365 366 362
f 583 595 586
f 363 456 408
f 408 456 457
f 434 450 449
f 434 449 433
f 584 595 583
f 5858 5856 5857
f 7141 7134 7167
f 362 366 454
f 7141 7167 7172
f 435 459 460
f 5960 5962 5958
f 3546 3545 3544
f 5958 5969 5970
f 7620 7623 7622
f 7620 7624 7623
f 7620 7632 7624
f 4885 4880 4882
f 9642 9641 9643
f 9668 9669 9666
f 9433 9431 9432
f 9649 9647 9648
f 383 416 365
f 11369 11370 11368
f 7049 7109 7100
f 368 367 365
f 369 367 368
f 7100 7109 7134
f 3657 3655 3658
f 1241 1220 1249
f 1943 1930 1932
f 5856 5855 5857
f 367 380 366
f 9130 9131 9132
f 3287 3288 3284
f 366 380 454
f 454 455 364
f 10858 10918 10855
f 8833 8831 8832
f 5958 5968 5969
f 7625 7621 7622
f 7621 7620 7622
f 4882 4881 4890
f 4880 4881 4882
f 9438 9417 9639
f 9431 9430 9432
f 9639 9417 9439
f 416 383 353
f 1223 1248 1220
f 5856 5853 5855
f 2543 2540 2546
f 380 453 454
f 3327 3326 3328
f 5966 5968 5958
f 5950 5949 5954
f 4415 4414 4417
f 4415 4412 4414
f 7621 7618 7620
f 7618 7619 7620
f 4414 4413 4416
f 8526 8527 8528
f 9465 9585 9641
f 9642 9465 9641
f 416 368 365
f 417 369 368
f 1939 1920 1904
f 369 370 367
f 1274 1273 1267
f 1932 1930 1929
f 9162 9163 9164
f 370 376 367
f 367 376 380
f 456 458 457
f 1253 1203 1206
f 7134 7178 7167
f 7167 7178 7172
f 10891 10906 10893
f 2546 2540 2556
f 2540 2559 2556
f 10887 10918 10858
f 512 513 526
f 6946 6949 6950
f 3324 3326 3327
f 5950 5939 5949
f 5968 5972 5978
f 7375 7372 7371
f 5940 5947 5948
f 5940 5946 5947
f 4412 4413 4414
f 3975 3978 3976
f 417 368 416
f 11369 11371 11370
f 11348 11354 11347
f 11377 11371 11369
f 7048 7109 7049
f 528 533 550
f 369 414 371
f 528 527 533
f 533 527 554
f 3666 3651 3656
f 528 514 527
f 371 370 369
f 1205 1203 1253
f 1272 1205 1253
f 514 526 527
f 10906 10897 10893
f 2543 2538 2540
f 457 458 459
f 503 512 514
f 376 419 380
f 380 452 453
f 10893 10894 10887
f 10894 10918 10887
f 503 504 512
f 504 513 512
f 6950 6949 6951
f 6949 6952 6951
f 6946 6948 6949
f 504 511 513
f 386 390 387
f 504 510 511
f 6946 6947 6948
f 6947 6953 6948
f 510 515 511
f 10144 10141 10145
f 5966 5965 5967
f 5966 5967 5968
f 5967 5972 5968
f 3500 3508 3499
f 8646 8649 8647
f 5939 5940 5949
f 5939 5938 5940
f 10148 10147 10149
f 5982 5984 5985
f 5982 5983 5984
f 4877 4878 4880
f 4880 4878 4881
f 9438 9419 9417
f 7047 7048 7049
f 7048 7117 7109
f 1939 1929 1920
f 3183 3190 3184
f 530 529 528
f 3651 3654 3655
f 529 514 528
f 372 370 371
f 5853 5854 5855
f 1272 1260 1205
f 529 503 514
f 372 373 370
f 370 373 376
f 2538 2539 2540
f 2563 2564 2565
f 2564 2566 2565
f 2553 2547 2543
f 2540 2542 2559
f 456 455 458
f 376 377 391
f 376 391 419
f 419 452 380
f 2556 2559 2563
f 391 385 387
f 385 386 387
f 387 404 405
f 384 386 385
f 387 390 404
f 504 505 510
f 8956 8954 8957
f 8957 8976 8958
f 386 392 390
f 3324 3323 3326
f 3324 3321 3323
f 10144 10140 10141
f 3511 3512 3525
f 5967 5973 5972
f 5937 5938 5939
f 5938 5946 5940
f 4874 4876 4877
f 5982 5980 5983
f 5354 5351 5353
f 4877 4876 4878
f 4878 4883 4881
f 4790 4791 4792
f 9465 9464 9585
f 414 437 371
f 6531 6536 6528
f 6528 6530 6531
f 6034 6035 6036
f 6680 6681 6682
f 2855 2872 2853
f 6682 6685 6686
f 6682 6686 6687
f 6682 6681 6685
f 7749 7746 7750
f 1203 1199 1193
f 7117 7129 7109
f 7129 7134 7109
f 1273 1266 1267
f 7134 7129 7178
f 503 502 504
f 10894 10896 10918
f 2542 2560 2559
f 2559 2560 2563
f 373 377 376
f 502 505 504
f 8956 8955 8954
f 2115 2111 2116
f 384 388 386
f 388 392 386
f 2114 2105 2115
f 10140 10139 10141
f 3321 3322 3323
f 3323 3322 3325
f 5967 5974 5973
f 3525 3496 3529
f 5942 5943 5941
f 5942 5941 5937
f 5937 5941 5938
f 5973 5974 5975
f 5938 5951 5946
f 5977 5980 5982
f 4790 4793 4791
f 9419 9418 9417
f 9414 9440 9415
f 6683 6684 6680
f 6683 6680 6682
f 437 418 371
f 3189 3191 3182
f 3654 3649 3664
f 3649 3667 3664
f 3651 3649 3654
f 532 531 530
f 418 372 371
f 530 531 529
f 3666 3689 3651
f 531 503 529
f 395 394 393
f 394 379 393
f 372 374 373
f 2566 2567 2569
f 372 381 374
f 2539 2541 2540
f 2540 2541 2542
f 501 502 503
f 10893 10895 10894
f 10896 10907 10918
f 10918 10907 10916
f 394 396 379
f 2553 2548 2547
f 419 451 452
f 373 378 377
f 502 506 505
f 378 384 377
f 506 537 538
f 506 538 505
f 8957 8954 8959
f 8957 8959 8976
f 389 388 384
f 2115 2105 2111
f 388 403 392
f 8213 8208 8215
f 8924 8923 8926
f 5938 5941 5944
f 5944 5951 5938
f 5974 5976 5975
f 5974 5979 5976
f 8652 8654 8650
f 5951 5955 5953
f 5975 5976 5977
f 5976 5980 5977
f 5351 5352 5353
f 4876 4879 4878
f 4878 4884 4883
f 9435 9694 9429
f 7058 7057 7047
f 7047 7050 7048
f 2854 2848 2864
f 6528 6529 6530
f 8296 8297 8298
f 3649 3660 3667
f 3651 3647 3649
f 1266 1264 1267
f 8046 8047 8048
f 3685 3689 3666
f 444 395 393
f 393 379 382
f 382 379 381
f 2564 2568 2567
f 7129 7181 7178
f 531 501 503
f 10906 10912 10897
f 379 374 381
f 2549 2544 2539
f 10897 10895 10893
f 396 397 379
f 379 375 374
f 374 375 373
f 398 397 396
f 7725 7732 7727
f 375 378 373
f 500 506 502
f 500 507 506
f 507 537 506
f 8969 8954 8951
f 8950 8954 8955
f 378 389 384
f 5826 5827 5825
f 9018 9019 9020
f 8959 8982 8976
f 389 403 388
f 2117 2112 2114
f 2114 2106 2105
f 3495 3502 3534
f 3502 3532 3534
f 5941 5945 5944
f 5944 5956 5951
f 5944 5952 5956
f 5979 5981 5976
f 5352 5355 5353
f 5976 5981 5980
f 4879 4888 4884
f 4878 4879 4884
f 4884 4888 4883
f 9465 9463 9464
f 9654 9656 9657
f 7051 7048 7050
f 7051 7117 7048
f 5851 5852 5853
f 5296 5290 5304
f 5290 5293 5295
f 532 551 495
f 443 393 382
f 5853 5852 5854
f 532 495 531
f 410 382 381
f 531 495 499
f 499 501 531
f 2544 2541 2539
f 10894 10895 10896
f 2552 2551 2548
f 501 500 502
f 407 375 379
f 438 399 398
f 399 397 398
f 508 507 500
f 508 509 507
f 8969 8961 8954
f 8954 8960 8959
f 378 401 389
f 409 403 389
f 2112 2106 2114
f 8215 8208 8216
f 8926 8928 8927
f 2949 2948 2943
f 5996 5995 5998
f 5945 5952 5944
f 2943 2942 2947
f 9045 9047 9044
f 5349 5350 5351
f 5351 5350 5352
f 2982 2981 2991
f 9694 9467 9429
f 1271 1212 1261
f 9414 9411 9444
f 6536 6532 6528
f 6528 6532 6529
f 3649 3652 3659
f 3649 3659 3660
f 5305 5296 5304
f 3647 3648 3649
f 5296 5291 5290
f 9447 9399 9398
f 418 442 381
f 1264 1201 1204
f 7051 7129 7117
f 7051 7130 7129
f 1927 1924 1919
f 5290 5291 5292
f 5290 5292 5293
f 7765 7772 7766
f 553 495 551
f 9402 9404 9403
f 8046 8049 8047
f 410 381 442
f 5295 5293 5300
f 2567 2570 2569
f 2541 2554 2542
f 10907 10905 10916
f 2544 2545 2541
f 2552 2550 2551
f 2551 2550 2544
f 499 500 501
f 499 484 500
f 5832 5824 5830
f 484 508 500
f 438 448 399
f 399 402 397
f 397 402 407
f 8969 8970 8961
f 407 400 375
f 375 400 378
f 400 401 378
f 7736 7741 7740
f 2105 2110 2111
f 2117 2118 2112
f 10138 10158 10142
f 8928 8930 8929
f 3532 3502 3517
f 9045 9044 9043
f 4794 4800 4801
f 2980 2981 2982
f 4797 4800 4794
f 2942 2950 2947
f 4798 4797 4795
f 1212 1202 1261
f 1207 1201 1264
f 6536 6538 6532
f 7051 7098 7132
f 6529 6532 6533
f 9397 9398 9399
f 7132 7130 7051
f 2567 2571 2570
f 497 492 496
f 7129 7169 7181
f 496 492 495
f 1940 1927 1931
f 492 488 495
f 488 486 495
f 10907 10903 10905
f 486 499 495
f 2554 2561 2542
f 10896 10903 10907
f 2542 2561 2560
f 2401 2381 2402
f 10895 10900 10896
f 10900 10903 10896
f 2544 2550 2545
f 10897 10898 10895
f 486 484 499
f 508 485 509
f 7735 7753 7734
f 9356 9357 9358
f 399 406 402
f 509 485 547
f 402 400 407
f 5828 5829 5825
f 5827 5828 5825
f 2105 2107 2110
f 2112 2109 2106
f 8215 8218 8219
f 2948 2941 2943
f 9043 9044 9041
f 4801 4802 4803
f 9044 9048 9041
f 2941 2942 2943
f 5284 5287 5285
f 2984 2974 2980
f 5345 5348 5349
f 5303 5299 5301
f 5299 5298 5301
f 5299 5297 5298
f 5301 5298 5306
f 9444 9409 9407
f 6534 6533 6532
f 9326 9327 9328
f 3648 3653 3652
f 5298 5297 5296
f 5298 5296 5305
f 9407 9406 9405
f 3647 3650 3648
f 5296 5297 5294
f 5294 5292 5291
f 5296 5294 5291
f 7130 7169 7129
f 492 487 488
f 487 486 488
f 2550 2557 2555
f 2550 2555 2545
f 482 484 486
f 484 485 508
f 548 524 549
f 548 547 485
f 8971 8961 8970
f 7735 7737 7753
f 440 439 406
f 406 439 402
f 548 549 547
f 8961 8960 8954
f 10590 10587 10592
f 10590 10592 10593
f 10593 10595 10598
f 2105 2106 2107
f 4209 4205 4208
f 4209 4208 4210
f 2118 2119 2112
f 3522 3521 3524
f 5135 5142 5137
f 8655 8656 8657
f 4802 4805 4804
f 4802 4804 4803
f 2985 2974 2984
f 2980 2974 2979
f 2980 2979 2981
f 7050 7053 7052
f 9411 9409 9444
f 7052 7096 7051
f 7051 7096 7098
f 9408 9407 9409
f 9403 9401 9402
f 9021 9024 9022
f 9021 9022 9023
f 7771 7769 7770
f 3688 3686 3650
f 545 516 520
f 3685 3683 3688
f 498 516 492
f 498 492 497
f 516 491 492
f 2554 2577 2561
f 491 487 492
f 487 482 486
f 2558 2557 2550
f 10899 10898 10897
f 2384 2382 2385
f 487 489 482
f 482 483 484
f 483 485 484
f 524 525 549
f 8981 8980 8971
f 10590 10589 10587
f 8960 8974 8959
f 7739 7736 7740
f 10592 10594 10593
f 10593 10594 10595
f 2109 2108 2106
f 2113 2109 2112
f 11338 11334 11336
f 11328 11329 11330
f 5135 5143 5142
f 9040 9041 9042
f 9369 9370 9371
f 9041 9048 9042
f 2941 2940 2942
f 2942 2946 2950
f 5345 5344 5348
f 2974 2978 2979
f 5299 5302 5297
f 8908 8909 8910
f 9406 9408 9443
f 2571 2574 2570
f 3167 3168 3169
f 520 516 498
f 544 493 545
f 545 491 516
f 7130 7168 7169
f 10903 10902 10904
f 2401 2400 2381
f 10900 10902 10903
f 10901 10900 10895
f 489 483 482
f 8971 8963 8961
f 8979 8980 8981
f 8961 8962 8960
f 10587 10599 10592
f 2106 2108 2107
f 2119 2113 2112
f 8864 8865 8866
f 5143 5144 5142
f 8086 8072 8071
f 2941 2938 2940
f 2942 2940 2946
f 2985 2973 2974
f 5343 5344 5345
f 2972 2978 2974
f 2978 2983 2979
f 2978 2986 2983
f 7053 7054 7052
f 7052 7054 7096
f 7436 7438 7439
f 6534 6535 6533
f 9455 9403 9406
f 3650 3694 3695
f 9380 9381 9378
f 8051 8050 8049
f 7132 7133 7130
f 1941 1951 1928
f 1928 1951 1952
f 9372 9374 9377
f 8049 8050 8047
f 3684 3683 3685
f 544 519 494
f 544 494 493
f 545 493 491
f 7142 7168 7130
f 728 729 722
f 491 490 487
f 730 729 790
f 2403 2400 2401
f 731 730 790
f 10900 10901 10902
f 2384 2381 2382
f 487 490 489
f 490 524 489
f 524 490 523
f 523 525 524
f 8974 8975 8984
f 440 441 439
f 8984 8975 8985
f 10589 10591 10588
f 10588 10587 10589
f 2119 2120 2113
f 2113 2108 2109
f 1593 1594 1582
f 1592 1593 1582
f 1592 1591 1593
f 5069 5072 5082
f 3385 3384 3386
f 3385 3386 3387
f 7978 7979 7980
f 3528 3519 3516
f 6907 6908 6909
f 8947 8948 8949
f 2965 2939 2938
f 2938 2939 2940
f 2940 2944 2946
f 5343 5346 5344
f 2973 2972 2974
f 7053 7105 7054
f 9382 9377 9383
f 9383 9377 9392
f 3179 3194 3169
f 3686 3677 3687
f 3686 3687 3650
f 3650 3687 3694
f 80 81 82
f 9372 9377 9382
f 2572 2578 2579
f 724 806 727
f 2577 2578 2572
f 546 519 544
f 2411 2410 2403
f 493 490 491
f 493 494 490
f 490 522 523
f 534 521 539
f 522 534 523
f 8979 8978 8965
f 8979 8965 8980
f 8980 8965 8963
f 8961 8963 8962
f 539 541 540
f 539 540 534
f 8962 8974 8960
f 10587 10588 10585
f 10592 10599 10594
f 10594 10596 10595
f 8060 8061 8062
f 4205 4206 4207
f 11414 11416 11415
f 11412 11414 11415
f 3398 3395 3396
f 7939 7971 7972
f 3263 3261 3260
f 3519 3528 3539
f 2938 2964 2965
f 2939 2944 2940
f 5343 5347 5346
f 2975 2969 2973
f 2973 2969 2972
f 235 249 158
f 805 808 724
f 9455 9446 9401
f 9408 9442 9443
f 3185 3169 3194
f 3684 3678 3683
f 7133 7142 7130
f 729 719 722
f 494 519 518
f 2403 2410 2400
f 731 725 730
f 518 517 494
f 518 535 517
f 494 517 490
f 2381 2309 2382
f 517 521 490
f 521 522 490
f 521 534 522
f 753 750 754
f 8978 8977 8965
f 8986 8977 8983
f 8983 8977 8978
f 8974 8973 8975
f 787 749 753
f 8989 8988 8986
f 1578 1577 1579
f 10594 10597 10596
f 788 749 787
f 1579 1581 1582
f 8061 8064 8063
f 1589 1591 1592
f 5069 5071 5072
f 11412 11413 11414
f 8494 8495 8496
f 6776 6777 6778
f 7939 7938 7971
f 9332 9330 9329
f 9329 9330 9331
f 7978 7977 7976
f 7978 7976 7979
f 3260 3237 3243
f 1679 1694 1681
f 1679 1696 1697
f 1680 1702 1703
f 8880 8881 8882
f 1696 1708 1697
f 1696 1702 1708
f 1697 1708 1710
f 2965 2945 2939
f 2945 2944 2939
f 2975 2944 2969
f 2962 2945 2965
f 2969 2970 2972
f 2970 2978 2972
f 249 247 267
f 7105 7104 7054
f 7054 7097 7096
f 2859 2861 2860
f 9720 9721 9722
f 7096 7097 7133
f 2452 2435 2437
f 2435 2304 2321
f 2437 2435 2321
f 2428 2328 2389
f 3678 3677 3683
f 2327 2326 2328
f 2326 2335 2328
f 2304 2297 2302
f 2304 2302 2321
f 2303 2297 2304
f 5237 5239 5240
f 2299 2284 2325
f 7142 7151 7168
f 7168 7151 7175
f 2308 2300 2303
f 2303 2300 2297
f 2284 2279 2278
f 2284 2299 2287
f 2284 2287 2279
f 2278 2279 2280
f 2280 2281 2311
f 2400 2399 2381
f 535 521 517
f 535 536 521
f 536 539 521
f 8977 8966 8965
f 8965 8964 8963
f 8963 8964 8962
f 542 541 539
f 3780 3784 3785
f 8962 8973 8974
f 10587 10586 10599
f 1575 1577 1578
f 10661 10657 10662
f 1577 1580 1579
f 788 748 749
f 1580 1581 1579
f 791 748 788
f 1590 1591 1589
f 5070 5071 5069
f 11426 11427 11428
f 3383 3384 3385
f 7868 7870 7871
f 7939 7936 7938
f 7938 7947 7977
f 7977 7947 7976
f 1691 1714 1715
f 1689 1681 1699
f 1689 1699 1700
f 1678 1679 1681
f 1702 1709 1708
f 1702 1716 1709
f 8470 8468 8467
f 8471 8469 8468
f 2964 2962 2965
f 2944 2945 2969
f 2970 2971 2978
f 275 288 263
f 263 288 287
f 3185 3176 3169
f 2437 2321 2431
f 9180 9181 9182
f 7097 7135 7133
f 2324 2327 2428
f 2428 2389 2391
f 3169 3176 3170
f 2431 2321 2320
f 8053 8052 8051
f 8051 8052 8050
f 3684 3682 3678
f 2324 2326 2327
f 2328 2386 2389
f 2321 2302 2320
f 2320 2299 2324
f 2324 2325 2326
f 2335 2386 2328
f 9386 9385 9387
f 4259 4256 4258
f 2324 2299 2325
f 2393 2317 2396
f 7142 7144 7151
f 2320 2302 2299
f 2325 2278 2326
f 2326 2278 2335
f 5237 5238 5239
f 2278 2280 2335
f 2302 2297 2296
f 2302 2296 2299
f 5107 5111 5108
f 5107 5108 5109
f 730 725 716
f 2297 2294 2296
f 2296 2295 2299
f 2299 2295 2287
f 5109 5108 5110
f 2311 2310 2398
f 2308 2305 2300
f 2279 2281 2280
f 4828 4829 4827
f 2383 2305 2308
f 2311 2281 2310
f 4828 4827 4826
f 2382 2305 2383
f 2279 2282 2281
f 2281 2283 2310
f 2381 2399 2355
f 2382 2309 2305
f 2281 2282 2283
f 543 539 536
f 543 542 539
f 10661 10660 10657
f 3780 3782 3784
f 10587 10585 10586
f 10584 10467 10585
f 4206 4211 4207
f 5078 5067 5069
f 10674 10678 10676
f 11429 11427 11426
f 11413 11417 11414
f 11317 11318 11319
f 1688 1691 1693
f 8870 8871 8872
f 7936 7937 7938
f 7938 7937 7947
f 1688 1682 1691
f 1691 1690 1714
f 1682 1690 1691
f 1682 1689 1690
f 1682 1681 1689
f 1682 1678 1681
f 1676 1680 1679
f 1676 1679 1678
f 1676 1674 1698
f 1676 1698 1680
f 2963 2962 2964
f 2945 2968 2969
f 2968 2970 2969
f 2970 2968 2971
f 7054 7104 7097
f 2433 2428 2429
f 2432 2396 2436
f 2430 2324 2428
f 2429 2428 2391
f 2432 2393 2396
f 9633 9452 9455
f 3202 3176 3185
f 7097 7136 7135
f 2432 2391 2393
f 9728 9726 9727
f 3677 3676 3674
f 2431 2320 2430
f 3678 3676 3677
f 2430 2320 2324
f 2391 2392 2393
f 3679 3678 3682
f 7133 7135 7142
f 2389 2386 2390
f 2391 2389 2390
f 2391 2390 2392
f 2392 2394 2393
f 8053 8054 8052
f 7142 7135 7144
f 719 718 720
f 2394 2317 2393
f 716 718 719
f 2335 2398 2386
f 2394 2322 2317
f 2317 2316 2423
f 2398 2310 2388
f 2317 2313 2316
f 2323 2313 2322
f 2322 2313 2317
f 2410 2399 2400
f 2296 2294 2295
f 2295 2288 2287
f 2388 2310 2313
f 2297 2300 2294
f 2295 2294 2288
f 2287 2288 2279
f 2310 2312 2313
f 2283 2312 2310
f 4826 4825 4831
f 2355 2309 2381
f 2279 2288 2282
f 2285 2283 2282
f 3786 3783 3780
f 8966 8964 8965
f 2285 2286 2283
f 2283 2286 2319
f 8962 8964 8972
f 8962 8972 8973
f 793 792 726
f 8867 8868 8869
f 7493 7494 7495
f 10467 10586 10585
f 726 755 793
f 5250 5245 5249
f 5249 5245 5244
f 5241 5243 5244
f 5794 5793 5786
f 5793 5788 5786
f 1576 1577 1575
f 10584 10583 10467
f 5245 5242 5244
f 5242 5241 5244
f 755 791 807
f 5241 5242 5243
f 5788 5792 5790
f 5243 5242 5246
f 5243 5246 5247
f 5247 5246 5248
f 1588 1590 1589
f 8065 8066 8069
f 8066 8070 8069
f 10674 10675 10678
f 3407 3403 3409
f 7951 7949 7975
f 8822 8823 8824
f 1685 1682 1688
f 1683 1678 1682
f 1704 1698 1674
f 248 247 246
f 2962 2967 2945
f 2945 2967 2968
f 237 275 263
f 2994 2977 2993
f 2994 2993 2976
f 7104 7127 7097
f 287 291 272
f 2434 2430 2428
f 2434 2428 2433
f 3674 3675 3672
f 3678 3679 3676
f 2390 2394 2392
f 7135 7138 7144
f 2386 2398 2390
f 9387 9388 9389
f 715 718 716
f 2398 2388 2390
f 9389 9394 9393
f 2394 2323 2322
f 2388 2323 2394
f 710 713 725
f 2410 2424 2399
f 2305 2301 2300
f 2300 2301 2294
f 2313 2314 2316
f 2316 2314 2318
f 4827 4830 4825
f 2313 2312 2314
f 2290 2289 2288
f 2288 2289 2282
f 2282 2289 2285
f 2312 2315 2314
f 2283 2319 2312
f 2312 2319 2315
f 8968 8967 8966
f 8966 8967 8964
f 10657 10659 10662
f 5782 5783 5784
f 1575 1574 1576
f 755 748 791
f 3122 3115 3121
f 1566 1588 1589
f 5079 5067 5078
f 5067 5068 5069
f 5069 5068 5070
f 1595 1597 1598
f 1595 1596 1597
f 9190 9191 9192
f 10672 10673 10674
f 10673 10675 10674
f 7968 7969 7970
f 11432 11433 11434
f 3402 3401 3403
f 3401 3409 3403
f 7947 7949 7950
f 7950 7949 7951
f 7936 7931 7937
f 8713 8715 8716
f 7868 7869 7870
f 1685 1683 1682
f 1677 1675 1676
f 1677 1676 1678
f 1675 1674 1676
f 8078 8098 8077
f 237 263 200
f 2977 2968 2967
f 2785 2783 2784
f 245 278 266
f 2968 2976 2971
f 3195 3176 3202
f 3676 3675 3674
f 3176 3172 3170
f 1539 1540 1541
f 1540 1542 1541
f 9388 9387 9385
f 2390 2388 2394
f 2441 2444 2445
f 2441 2442 2443
f 2441 2443 2444
f 4270 4269 4248
f 2301 2292 2294
f 2305 2309 2306
f 2306 2301 2305
f 2292 2288 2294
f 2330 2329 2314
f 2314 2329 2318
f 2292 2291 2288
f 2291 2290 2288
f 8991 8967 8968
f 2315 2330 2314
f 2292 2293 2291
f 2289 2364 2285
f 1572 1566 1573
f 3120 3116 3113
f 1573 1574 1575
f 3120 3113 3122
f 2285 2336 2286
f 3122 3113 3115
f 3121 3115 3118
f 1566 1562 1588
f 1598 1562 1560
f 5083 5067 5079
f 1598 1560 1595
f 5070 5073 5071
f 4860 4859 4861
f 10741 10689 10742
f 10679 10677 10673
f 10673 10677 10675
f 10741 10688 10689
f 9359 9361 9362
f 3389 3394 3381
f 7937 7931 7947
f 7935 7931 7936
f 1686 1677 1685
f 1685 1677 1683
f 1673 1670 1674
f 1675 1673 1674
f 7667 7666 7665
f 1670 1701 1674
f 290 248 246
f 8077 8098 8091
f 2959 2958 2961
f 2963 2959 2962
f 2961 2966 2962
f 2959 2961 2962
f 244 272 289
f 2977 2992 2993
f 3195 3172 3176
f 7136 7137 7135
f 3680 3676 3679
f 3690 3680 3681
f 2446 2445 2447
f 2446 2441 2445
f 9109 9115 9110
f 2808 2801 2804
f 2804 2810 2808
f 2438 2442 2441
f 2440 2438 2441
f 2440 2439 2438
f 2453 2439 2440
f 4835 4825 4830
f 2318 2329 2332
f 2309 2355 2306
f 2301 2306 2272
f 10657 10658 10659
f 2298 2293 2292
f 1571 1563 1572
f 2291 2307 2290
f 2307 2366 2290
f 2366 2363 2290
f 2290 2363 2289
f 10660 10655 10657
f 1572 1565 1566
f 1566 1574 1573
f 2364 2373 2336
f 2364 2336 2285
f 1565 1562 1566
f 5083 5066 5067
f 1560 1559 1595
f 5073 5070 5074
f 7968 7967 7969
f 10766 10767 10768
f 10677 10679 10681
f 7966 7967 7968
f 10688 10687 10685
f 10688 10685 10689
f 10689 10685 10679
f 10679 10682 10681
f 7941 7948 7947
f 7947 7948 7949
f 7931 7941 7947
f 3389 3391 3394
f 1687 1677 1686
f 1687 1684 1677
f 1684 1673 1675
f 1684 1675 1677
f 1673 1643 1670
f 7663 7664 7662
f 7665 7664 7663
f 1670 1667 1701
f 7666 7664 7665
f 216 200 263
f 263 272 216
f 216 272 240
f 243 274 242
f 240 272 244
f 244 289 286
f 2967 2966 2977
f 2966 2992 2977
f 2966 2987 2992
f 2987 2988 2990
f 2987 2990 2992
f 3676 3696 3675
f 1550 1551 1552
f 1492 1491 1502
f 1539 1538 1540
f 7135 7137 7138
f 7138 7151 7144
f 9111 9113 9109
f 9109 9110 9111
f 2448 2441 2446
f 7151 7162 7175
f 7161 7162 7157
f 7161 7157 7159
f 2399 2424 2416
f 2332 2329 2333
f 2355 2351 2306
f 2301 2272 2292
f 6077 6074 6073
f 2273 2272 2306
f 9137 9138 9139
f 3125 3116 3124
f 2371 2370 2377
f 2377 2370 2369
f 1571 1570 1563
f 6073 6074 6075
f 1572 1563 1565
f 10655 10656 10657
f 2377 2369 2366
f 10582 10467 10583
f 1563 1562 1565
f 2319 2336 2331
f 2319 2331 2315
f 5066 5065 5067
f 1559 1596 1595
f 4860 4856 4859
f 7426 7425 7427
f 7966 7952 7967
f 7965 7952 7966
f 10693 10690 10720
f 10720 10690 10687
f 10690 10686 10687
f 10687 10686 10685
f 10685 10684 10679
f 10684 10682 10679
f 10682 10683 10681
f 9359 9360 9361
f 3390 3389 3388
f 3390 3391 3389
f 8713 8714 8715
f 1686 1692 1687
f 6999 7000 7001
f 1673 1684 1644
f 1673 1644 1643
f 7664 7661 7662
f 1670 1643 1667
f 2958 2960 2961
f 2961 2987 2966
f 2446 2447 2451
f 2448 2446 2449
f 1537 1538 1539
f 3692 3691 3690
f 3690 3691 3680
f 1457 1460 1492
f 1492 1460 1491
f 9111 9110 9112
f 9114 9113 9111
f 2427 2424 2410
f 7157 7158 7159
f 2399 2416 2404
f 2399 2404 2355
f 7159 7158 7160
f 2404 2351 2355
f 2329 2334 2333
f 2351 2273 2306
f 2329 2337 2334
f 7160 7158 7163
f 2272 2370 2371
f 2273 2274 2270
f 2273 2270 2272
f 6074 6076 6075
f 2270 2271 2272
f 2363 2364 2289
f 2315 2331 2330
f 1570 1564 1563
f 1563 1561 1562
f 1561 1560 1562
f 2336 2365 2331
f 1561 1557 1560
f 5067 5065 5068
f 1557 1559 1560
f 4855 4856 4860
f 7422 7425 7426
f 10763 10693 10720
f 10685 10686 10684
f 10690 10691 10686
f 3411 3393 3405
f 10691 10690 10692
f 3393 3392 3388
f 3393 3411 3392
f 3390 3413 3412
f 1644 1639 1643
f 241 244 243
f 2957 2958 2959
f 2960 2987 2961
f 2449 2446 2451
f 1550 1549 1551
f 2450 2448 2449
f 1550 1491 1549
f 7138 7150 7151
f 7150 7162 7151
f 7152 7156 7157
f 7152 7157 7162
f 7156 7158 7157
f 2272 2367 2370
f 2330 2338 2329
f 2329 2338 2337
f 2370 2367 2369
f 6075 6076 6078
f 10466 10467 10582
f 10603 10466 10582
f 2274 2412 2270
f 2369 2363 2366
f 2412 2271 2270
f 2271 2412 2413
f 2271 2413 2276
f 1564 1561 1563
f 1561 1584 1557
f 1557 1558 1559
f 1558 1567 1559
f 4853 4850 4855
f 4855 4850 4856
f 5070 5075 5074
f 7422 7424 7425
f 7907 7943 7944
f 7908 7909 7964
f 10763 10747 10693
f 10693 10692 10690
f 7931 7912 7941
f 7954 7920 7935
f 6668 6665 6676
f 1639 1630 1643
f 1630 1632 1643
f 1632 1667 1643
f 1632 1666 1667
f 3106 3103 3107
f 9734 9735 9736
f 9734 9737 9735
f 2957 2956 2958
f 2958 2956 2960
f 9491 9489 9490
f 2956 2987 2960
f 2956 2989 2988
f 2956 2988 2987
f 1536 1538 1537
f 7139 7138 7137
f 3699 3693 3692
f 7139 7150 7138
f 7150 7152 7162
f 2426 2425 2424
f 2424 2425 2416
f 10656 10658 10657
f 7170 7163 7158
f 2351 2376 2273
f 2334 2337 2339
f 2273 2376 2274
f 8675 8676 8677
f 2277 2367 2272
f 10469 10466 10603
f 10466 10462 10467
f 2369 2367 2363
f 2330 2352 2338
f 7170 7176 7163
f 1564 1584 1561
f 2336 2373 2365
f 2365 2343 2331
f 1584 1558 1557
f 5066 5062 5065
f 5070 5068 5075
f 7422 7423 7424
f 2454 2465 2455
f 2455 2465 2466
f 7899 7906 7974
f 10747 10719 10693
f 10764 10747 10763
f 10772 10769 10771
f 7912 7910 7941
f 7920 7912 7931
f 8714 8718 8717
f 4085 4081 4083
f 6674 6672 6673
f 1645 1639 1646
f 6672 6667 6666
f 6673 6672 6666
f 1645 1638 1639
f 7358 7360 7362
f 3369 3355 3362
f 1632 1642 1666
f 1642 1672 1666
f 3102 3103 3106
f 3102 3101 3103
f 3101 3111 3103
f 2795 2794 2790
f 9490 9489 9488
f 2957 2955 2956
f 1460 1459 1491
f 7155 7156 7152
f 7155 7164 7156
f 7164 7158 7156
f 7158 7164 7171
f 2416 2409 2404
f 10464 10465 10468
f 7158 7171 7170
f 10602 10448 10469
f 2379 2405 2339
f 7176 7177 7163
f 2405 2379 2406
f 2331 2343 2352
f 1584 1569 1558
f 7176 7180 7177
f 2345 2343 2365
f 4850 4851 4852
f 1568 1567 1558
f 1569 1568 1558
f 4853 4851 4850
f 7906 7896 7907
f 7899 7896 7906
f 7909 7895 7899
f 7909 7908 7895
f 10696 10694 10719
f 10747 10696 10719
f 10719 10694 10693
f 10694 10692 10693
f 10705 10710 10764
f 10769 10770 10771
f 3413 3416 3412
f 10721 10716 10748
f 10716 10749 10748
f 7960 7959 7961
f 1630 1631 1632
f 1631 1642 1632
f 241 238 162
f 2783 2771 2781
f 3099 3101 3102
f 3099 3100 3101
f 3101 3100 3104
f 3100 3105 3104
f 9498 9497 9491
f 2955 2953 2956
f 2953 2989 2956
f 1494 1536 1537
f 1455 1456 1457
f 3693 3698 3691
f 1491 1546 1549
f 1459 1546 1491
f 1456 1459 1457
f 1457 1459 1460
f 7139 7152 7150
f 7152 7154 7155
f 758 760 759
f 2404 2407 2351
f 10467 10462 10464
f 2337 2340 2339
f 2340 2379 2339
f 2412 2414 2413
f 1585 1569 1584
f 462 468 467
f 2373 2347 2365
f 1569 1586 1583
f 1569 1583 1568
f 1568 1587 1567
f 1601 1602 1600
f 1602 1607 1600
f 1603 1602 1601
f 1603 1604 1602
f 7907 7942 7943
f 7896 7942 7907
f 7899 7895 7896
f 10695 10692 10694
f 10705 10704 10710
f 10705 10703 10704
f 10704 10701 10710
f 10695 10721 10692
f 6678 6677 6667
f 6667 6677 6670
f 6667 6670 6669
f 1638 1630 1639
f 10729 10736 10727
f 2790 2771 2783
f 1642 1668 1672
f 3100 3099 3108
f 3100 3108 3105
f 8094 8096 8095
f 2954 2953 2955
f 3178 3197 3175
f 1546 1548 1549
f 1544 1546 1459
f 1456 1544 1459
f 7139 7153 7152
f 7152 7153 7154
f 765 760 778
f 2645 2627 2644
f 10463 10465 10464
f 2409 2407 2404
f 10464 10462 10463
f 2351 2362 2376
f 10447 10450 10448
f 2647 2626 2648
f 2376 2368 2274
f 2274 2368 2412
f 2277 2356 2367
f 2412 2368 2414
f 2363 2367 2349
f 2363 2349 2364
f 2337 2338 2340
f 5059 5057 5060
f 5059 5060 5061
f 5060 5063 5062
f 5061 5060 5062
f 5062 5063 5065
f 2364 2349 2373
f 2373 2349 2347
f 2343 2338 2352
f 5068 5076 5075
f 7176 7194 7180
f 1601 1606 1603
f 5740 5746 5745
f 5746 5741 5745
f 7910 7894 7908
f 7912 7911 7910
f 10706 10703 10705
f 10696 10697 10695
f 10696 10695 10694
f 10701 10697 10710
f 10704 10703 10701
f 10695 10698 10721
f 10698 10716 10721
f 10698 10713 10716
f 7957 7958 7959
f 7884 7955 7956
f 10732 10730 10731
f 10730 10728 10731
f 10730 10729 10728
f 10728 10729 10727
f 1633 1630 1638
f 10717 10724 10715
f 10724 10725 10715
f 1633 1631 1630
f 159 136 135
f 1642 1634 1668
f 9490 9488 9580
f 1713 1668 1647
f 3109 3108 3099
f 2951 2953 2954
f 2954 2995 2951
f 2951 2952 2953
f 1494 1454 1536
f 1536 1454 1455
f 1456 1543 1544
f 1464 1543 1456
f 3845 3841 3846
f 3846 3841 3850
f 2425 2417 2416
f 2417 2409 2416
f 2644 2626 2647
f 10448 10452 10469
f 10469 10452 10466
f 2351 2407 2362
f 2648 2626 2639
f 2277 2374 2356
f 6149 6146 6148
f 2414 2415 2413
f 2367 2350 2349
f 2338 2341 2340
f 6522 6526 6527
f 2338 2342 2341
f 4854 4869 4851
f 5065 5076 5068
f 2365 2347 2345
f 7180 7194 7195
f 2338 2343 2342
f 2421 2420 2422
f 1606 1608 1603
f 1608 1604 1603
f 5740 5742 5744
f 5745 5741 5740
f 5740 5741 5742
f 2471 2467 2473
f 2474 2467 2461
f 7895 7892 7896
f 2470 2469 2467
f 2470 2467 2471
f 7908 7894 7895
f 7910 7911 7894
f 10224 10223 10222
f 7912 7918 7911
f 7920 7919 7912
f 10706 10708 10703
f 10703 10708 10702
f 10703 10702 10701
f 10750 10708 10706
f 10702 10700 10701
f 10700 10699 10697
f 10700 10697 10701
f 10697 10698 10695
f 10751 10735 10746
f 10735 10744 10746
f 10746 10744 10745
f 10697 10699 10698
f 10751 10752 10734
f 10751 10734 10735
f 10745 10738 10750
f 6677 6678 6679
f 10752 10753 10734
f 10745 10744 10738
f 10734 10731 10735
f 10698 10712 10713
f 7956 7955 7957
f 10735 10728 10744
f 10744 10728 10738
f 10711 10712 10698
f 10735 10731 10728
f 10711 10714 10712
f 10760 10761 10759
f 10755 10756 10753
f 10711 10715 10714
f 10760 10759 10757
f 10757 10756 10755
f 10728 10727 10726
f 10717 10715 10711
f 7880 7882 7884
f 1641 1633 1638
f 10759 10758 10757
f 10727 10724 10726
f 10726 10724 10717
f 7880 7881 7882
f 10757 10758 10756
f 7883 7881 7880
f 7885 7883 7880
f 1633 1634 1631
f 1634 1642 1631
f 9492 9490 9580
f 1634 1647 1668
f 3109 3110 3108
f 3110 3112 3108
f 2995 2996 2951
f 1493 1453 1494
f 1494 1453 1454
f 1454 1452 1455
f 1452 1456 1455
f 1543 1490 1544
f 1546 1544 1545
f 1546 1545 1547
f 1546 1547 1548
f 1456 1452 1464
f 1464 1489 1543
f 2642 2629 2645
f 480 469 476
f 765 781 762
f 2644 2627 2626
f 2409 2408 2407
f 10466 10452 10462
f 2639 2626 2623
f 110 101 112
f 112 101 105
f 105 101 103
f 6896 6893 6895
f 6146 6147 6148
f 2415 2374 2413
f 2341 2375 2340
f 5080 5077 5065
f 5065 5077 5076
f 2342 2375 2341
f 2342 2418 2375
f 2343 2344 2342
f 2345 2344 2343
f 2342 2378 2418
f 4863 4867 4873
f 10279 10277 10278
f 5742 5741 5743
f 6189 6187 6188
f 5742 5743 5747
f 7894 7892 7895
f 10219 10220 10217
f 10214 10217 10206
f 7919 7918 7912
f 10205 10204 10207
f 10708 10707 10702
f 10702 10707 10700
f 10750 10765 10708
f 10708 10765 10707
f 10707 10765 10722
f 10722 10699 10700
f 10707 10722 10700
f 10738 10739 10750
f 10750 10739 10765
f 10754 10753 10752
f 10765 10743 10722
f 10709 10698 10699
f 10754 10755 10753
f 10718 10709 10743
f 10709 10711 10698
f 10737 10743 10740
f 10718 10711 10709
f 10762 10755 10754
f 10762 10760 10757
f 10762 10757 10755
f 10737 10726 10743
f 10726 10717 10743
f 10743 10717 10718
f 10718 10717 10711
f 7883 7930 7881
f 1641 1635 1633
f 1641 1640 1635
f 129 135 136
f 1635 1634 1633
f 1635 1636 1634
f 3746 3751 3753
f 1519 1520 1521
f 1521 1520 1522
f 1453 1452 1454
f 1544 1490 1545
f 3852 3844 3845
f 1452 1465 1464
f 469 461 476
f 2417 2408 2409
f 10450 10452 10448
f 461 463 475
f 10622 10471 10451
f 2372 2362 2407
f 113 109 111
f 111 109 110
f 5058 5053 5057
f 2347 2346 2345
f 2345 2346 2344
f 2344 2378 2342
f 6127 6128 6129
f 6182 6181 6183
f 6180 6181 6182
f 6182 6184 6180
f 9005 8998 9002
f 6185 6186 6180
f 6188 6187 6185
f 6185 6190 6188
f 6185 6187 6186
f 6187 6192 6186
f 7894 7891 7892
f 7911 7897 7894
f 7919 7973 7918
f 10203 10204 10205
f 10207 10204 10208
f 10946 10947 10939
f 124 129 138
f 129 193 138
f 1640 1637 1635
f 2781 2771 2778
f 2781 2778 2780
f 1637 1636 1635
f 2791 2792 2771
f 1636 1647 1634
f 1669 1648 1665
f 11122 11125 11123
f 11122 11123 11124
f 1493 1518 1483
f 11115 11113 11114
f 3845 3844 3841
f 1489 1490 1543
f 1452 1451 1465
f 1465 1451 1489
f 1465 1489 1464
f 2641 2640 2628
f 10462 10457 10463
f 2408 2372 2407
f 10480 10478 10479
f 10478 10477 10479
f 10479 10477 10481
f 109 106 110
f 2376 2362 2368
f 106 101 110
f 106 104 101
f 101 104 102
f 101 102 103
f 5048 5044 5046
f 5048 5046 5049
f 5046 5047 5049
f 5049 5047 5050
f 5050 5047 5051
f 2623 2621 2639
f 2368 2357 2414
f 6522 6524 6526
f 2414 2357 2415
f 2415 2357 2374
f 2639 2643 2649
f 2349 2348 2347
f 2347 2348 2346
f 2421 2419 2420
f 6123 6125 6127
f 6127 6125 6128
f 6128 6130 6129
f 9002 9001 9003
f 8998 9001 9002
f 6190 6185 6184
f 8999 8995 8998
f 9007 8995 8999
f 10270 10268 10277
f 9017 9006 9007
f 7889 7890 7892
f 7892 7891 7889
f 7918 7913 7897
f 10228 10203 10206
f 7921 7917 7922
f 7922 7973 7919
f 7922 7917 7973
f 7921 7925 7923
f 10946 10948 10947
f 7940 7930 7929
f 1636 1648 1647
f 1517 1518 1519
f 1519 1518 1520
f 11113 11109 11114
f 3853 3844 3857
f 3857 3844 3852
f 3842 3843 3831
f 3841 3842 3831
f 1458 1449 1453
f 1453 1449 1452
f 3867 3853 3857
f 1449 1451 1452
f 1451 1482 1489
f 3831 3830 3833
f 2628 2640 2624
f 10652 10653 10654
f 10471 10453 10450
f 10452 10457 10462
f 10614 10477 10605
f 113 108 109
f 2001 2002 1999
f 108 106 109
f 5045 5047 5046
f 5053 5054 5057
f 5721 5722 5723
f 5057 5054 5064
f 5047 5052 5051
f 5051 5052 5053
f 5053 5052 5054
f 2362 2359 2368
f 6522 6523 6524
f 2374 2357 2356
f 6526 6524 6525
f 5080 5081 5077
f 5086 5076 5077
f 2356 2350 2367
f 2356 2354 2350
f 2350 2353 2348
f 2350 2348 2349
f 2395 2420 2387
f 6121 6122 6123
f 6122 6124 6123
f 2420 2419 2387
f 8998 9000 9001
f 8998 8997 9000
f 10225 10267 10223
f 4239 4238 4235
f 4234 4237 4242
f 4243 4242 4237
f 7917 7913 7973
f 10203 10228 10200
f 7923 7917 7921
f 8781 8786 8785
f 10975 10979 10976
f 10948 10949 10947
f 1637 1649 1636
f 2064 2063 2061
f 1649 1648 1636
f 1517 1515 1518
f 1515 1483 1518
f 11115 11106 11113
f 11106 11109 11113
f 1483 1476 1493
f 3853 3849 3844
f 3844 3849 3842
f 1493 1476 1453
f 3831 3829 3830
f 1449 1450 1451
f 1450 1479 1482
f 1451 1450 1482
f 1482 1478 1488
f 2624 2640 2625
f 10457 10470 10463
f 10616 10482 10480
f 10450 10453 10452
f 10634 10616 10635
f 10480 10482 10478
f 10478 10476 10477
f 10633 10616 10634
f 7484 7485 7486
f 2372 2361 2362
f 106 107 104
f 107 114 104
f 2372 2395 2361
f 2362 2361 2359
f 2359 2361 2360
f 2368 2359 2357
f 5081 5084 5077
f 8058 8057 8056
f 2395 2387 2361
f 2357 2354 2356
f 2387 2380 2361
f 2650 2614 2616
f 2380 2360 2361
f 2354 2353 2350
f 2387 2397 2380
f 4387 4374 4376
f 6121 6126 6122
f 10271 10269 10270
f 10270 10269 10268
f 9006 8994 8995
f 9008 8994 9006
f 7891 7888 7889
f 4238 4239 4240
f 7893 7888 7891
f 7894 7893 7891
f 4234 4241 4235
f 7897 7893 7894
f 7898 7893 7897
f 4236 4237 4234
f 7913 7898 7897
f 8776 8775 8779
f 8780 8777 8778
f 8780 8778 8781
f 8781 8784 8783
f 8782 8781 8783
f 8779 8791 8776
f 8791 8778 8776
f 8778 8786 8781
f 8791 8790 8778
f 8778 8790 8788
f 8788 8786 8778
f 7925 7924 7923
f 8788 8789 8786
f 8789 8793 8786
f 7926 7924 7925
f 8790 8792 8789
f 8789 8792 8793
f 2771 2747 2778
f 2063 2055 2061
f 1648 1649 1650
f 1652 1665 1648
f 1652 1663 1665
f 1517 1516 1515
f 11120 11117 11119
f 1515 1475 1483
f 1483 1475 1476
f 1476 1473 1458
f 1453 1476 1458
f 1533 1525 1532
f 1533 1482 1525
f 1482 1488 1525
f 1479 1478 1482
f 2640 2637 2625
f 1478 1485 1488
f 1478 1484 1485
f 10452 10454 10457
f 10482 10476 10478
f 10605 10459 10471
f 10471 10459 10453
f 108 107 106
f 5052 5056 5054
f 8920 8921 8922
f 2360 2358 2359
f 2359 2358 2357
f 2357 2358 2354
f 77 78 79
f 8994 8993 8995
f 4235 4238 4232
f 4232 4233 4234
f 4232 4234 4235
f 9143 9141 9140
f 4592 4591 4593
f 4233 4236 4234
f 7913 7904 7898
f 8780 8781 8782
f 2937 2926 2928
f 8790 8789 8788
f 7927 7924 7926
f 7928 7927 7926
f 2792 2770 2771
f 1650 1651 1648
f 1651 1652 1648
f 1652 1654 1663
f 1654 1664 1663
f 1664 1656 1671
f 11106 11108 11109
f 1475 1473 1476
f 1532 1525 1529
f 1532 1529 1531
f 1529 1530 1531
f 1475 1474 1473
f 1529 1528 1530
f 1530 1528 1534
f 7027 7022 7026
f 1458 1473 1462
f 1458 1462 1461
f 1462 1463 1461
f 1461 1463 1450
f 1463 1479 1450
f 1463 1478 1479
f 1480 1484 1478
f 2625 2630 2620
f 1463 1467 1478
f 1467 1480 1478
f 1484 1487 1485
f 10633 10503 10616
f 7490 7491 7492
f 4386 4383 4384
f 7488 7487 7485
f 7486 7485 7487
f 10509 10508 10512
f 6523 6525 6524
f 8057 8059 8055
f 4377 4379 4378
f 4377 4378 4371
f 9323 9324 9325
f 9140 9141 9142
f 7898 7900 7893
f 10198 10201 10200
f 7924 7916 7923
f 2080 2035 2032
f 2042 2038 2041
f 2052 2056 2047
f 2052 2050 2056
f 1653 1652 1651
f 1653 1654 1652
f 1655 1654 1653
f 1654 1656 1664
f 7864 7862 7863
f 1513 1515 1516
f 11115 11111 11106
f 11108 11110 11109
f 1513 1475 1515
f 1513 1511 1475
f 1475 1511 1477
f 1475 1477 1474
f 1474 1471 1473
f 1471 1462 1473
f 1525 1528 1529
f 1525 1527 1528
f 3829 3828 3827
f 3829 3827 3830
f 3830 3827 3816
f 1525 1488 1527
f 1463 1462 1466
f 1485 1496 1527
f 1488 1485 1527
f 2637 2632 2630
f 1466 1467 1463
f 1485 1487 1496
f 10457 10460 10470
f 1480 1486 1484
f 1484 1486 1487
f 10459 10456 10453
f 10453 10454 10452
f 10476 10459 10477
f 10477 10459 10605
f 10503 10501 10616
f 7490 7489 7491
f 7488 7489 7487
f 7487 7489 7490
f 9012 9011 9010
f 10196 10172 10171
f 7946 7963 7962
f 7900 7901 7893
f 7893 7901 7962
f 7901 7946 7962
f 2078 2030 2042
f 1657 1656 1655
f 1655 1656 1654
f 1657 1658 1656
f 11198 11196 11186
f 11186 11196 11194
f 11117 11118 11119
f 1511 1512 1477
f 1477 1471 1474
f 1477 1472 1471
f 1477 1507 1472
f 7022 7025 7026
f 1471 1470 1462
f 1466 1469 1468
f 1466 1468 1467
f 1467 1468 1480
f 1468 1481 1480
f 1480 1481 1486
f 10651 10649 10648
f 10482 10621 10476
f 10619 10617 10618
f 10618 10617 10612
f 10511 10510 10509
f 9012 9013 9011
f 7898 7902 7900
f 7904 7903 7898
f 7905 7903 7904
f 2068 2060 2066
f 4340 4343 4342
f 1659 1658 1657
f 1659 1660 1658
f 7860 7861 7862
f 11117 11121 11118
f 7860 7852 7857
f 11111 11112 11107
f 11111 11107 11106
f 11106 11107 11108
f 1513 1514 1511
f 1514 1553 1511
f 1554 1509 1512
f 1554 1512 1511
f 1512 1509 1477
f 7022 7020 7025
f 1472 1470 1471
f 1472 1507 1470
f 7022 7021 7020
f 7023 7021 7022
f 1507 1495 1470
f 1470 1466 1462
f 1470 1495 1466
f 1466 1495 1469
f 1496 1487 1498
f 10457 10454 10460
f 1487 1500 1498
f 10453 10455 10454
f 1487 1499 1500
f 1486 1503 1497
f 1486 1497 1487
f 1497 1499 1487
f 10476 10475 10459
f 2622 2631 2636
f 10616 10501 10490
f 10617 10526 10612
f 10528 10513 10511
f 10511 10513 10510
f 10508 10507 10506
f 7915 7946 7901
f 10172 10174 10173
f 7902 7901 7900
f 7898 7903 7902
f 2030 2031 2038
f 2060 2065 2066
f 4340 4352 4343
f 11116 11112 11111
f 1508 1507 1477
f 1509 1508 1477
f 7020 7024 7025
f 3816 3815 3813
f 3813 3815 3811
f 3813 3811 3812
f 1498 1500 1535
f 1469 1504 1468
f 7282 7284 7285
f 10453 10456 10455
f 1504 1510 1468
f 1468 1501 1481
f 7268 7276 7277
f 10476 10532 10475
f 7271 7269 7268
f 10648 10649 10650
f 10621 10532 10476
f 10642 10639 10641
f 10507 10504 10506
f 7902 7914 7901
f 2069 2037 2035
f 2035 2033 2032
f 2043 2045 2040
f 2050 2046 2051
f 2747 2776 2778
f 1659 1662 1661
f 1659 1661 1660
f 7860 7854 7852
f 11126 11127 11128
f 11128 11127 11129
f 11128 11129 11130
f 1514 1554 1553
f 1514 1555 1554
f 11277 11270 11278
f 11278 11270 11272
f 1556 1509 1554
f 1523 1508 1509
f 1523 1524 1508
f 1508 1506 1507
f 3826 3821 3827
f 3827 3821 3816
f 3821 3815 3816
f 1506 1495 1507
f 4821 4820 4814
f 1495 1504 1469
f 10455 10461 10454
f 10454 10461 10460
f 7282 7283 7284
f 1468 1510 1501
f 7268 7267 7276
f 7276 7278 7277
f 10509 10507 10508
f 10193 10179 10172
f 6755 6756 6758
f 2072 2053 2049
f 6752 6749 6768
f 6770 6771 6769
f 2074 2067 2079
f 11207 11202 11181
f 11181 11202 11182
f 11133 11131 11134
f 11131 11127 11126
f 7849 7837 7838
f 11133 11132 11131
f 11131 11132 11127
f 11276 11275 11277
f 11275 11270 11277
f 7835 7839 7836
f 6860 6858 6861
f 1524 1506 1508
f 1506 1524 1526
f 7021 7018 7020
f 1526 1505 1506
f 1506 1505 1495
f 776 786 777
f 3812 3811 3809
f 1505 1504 1495
f 3809 3806 3808
f 10456 10458 10455
f 3808 3806 3807
f 7277 7281 7282
f 3808 3820 3819
f 7273 7269 7271
f 7276 7290 7278
f 3808 3819 3818
f 10526 10525 10528
f 10504 10502 10503
f 10502 10501 10503
f 10510 10507 10509
f 6758 6756 6759
f 6753 6750 6755
f 6755 6750 6756
f 6749 6750 6753
f 6752 6748 6749
f 2045 2043 2046
f 2075 2097 2098
f 2100 2099 2101
f 1662 1706 1661
f 11304 11300 11301
f 7850 7847 7849
f 7849 7840 7837
f 11145 11141 11147
f 11165 11167 11168
f 11273 11274 11275
f 11276 11273 11275
f 6819 6858 6860
f 3826 3825 3821
f 7020 7017 7024
f 6857 6856 6853
f 7018 7017 7020
f 6854 6852 6855
f 6852 6847 6855
f 7288 7287 7275
f 7284 7283 7289
f 7281 7283 7282
f 7267 7270 7276
f 7279 7280 7277
f 7278 7279 7277
f 3808 3807 3820
f 7273 7272 7269
f 7272 7270 7269
f 7270 7290 7276
f 7290 7292 7278
f 10505 10502 10504
f 2053 2048 2049
f 6749 6745 6750
f 2087 2028 2033
f 2043 2081 2046
f 5026 5027 5028
f 5026 5028 5037
f 5027 5029 5028
f 5031 5030 5026
f 5026 5030 5027
f 5032 5030 5031
f 5032 5033 5030
f 1707 1706 1662
f 11308 11300 11304
f 7849 7847 7840
f 11141 11148 11147
f 11165 11169 11166
f 7840 7835 7837
f 6819 6821 6858
f 6857 6827 6856
f 6856 6843 6853
f 6853 6843 6852
f 10456 10459 10458
f 10475 10473 10459
f 7280 7281 7277
f 7290 7270 7291
f 7290 7291 7292
f 10510 10604 10507
f 10507 10604 10504
f 9088 9086 9089
f 9088 9089 9105
f 8134 8133 8137
f 6756 6757 6760
f 6750 6757 6756
f 6745 6746 6750
f 6749 6748 6745
f 5038 5042 5041
f 5041 5042 5040
f 5038 5026 5037
f 5038 5037 5042
f 5042 5037 5040
f 5037 5039 5040
f 5032 5034 5033
f 11184 11185 11183
f 5034 5035 5033
f 5034 5036 5035
f 5034 5043 5036
f 11145 11140 11141
f 7817 7818 7819
f 7851 7855 7853
f 7847 7841 7840
f 6819 6820 6821
f 6821 6825 6827
f 6821 6827 6858
f 6827 6857 6858
f 6827 6828 6856
f 7017 7028 7024
f 3815 3814 3811
f 6843 6851 6852
f 6851 6847 6852
f 7287 7286 7275
f 7275 7286 7274
f 4036 4037 4043
f 10532 10473 10475
f 7275 7274 7273
f 7274 7272 7273
f 3819 3817 3818
f 10501 10489 10490
f 10501 10502 10489
f 10510 10514 10604
f 10604 10505 10504
f 5161 5167 5168
f 5160 5167 5161
f 9087 9085 9086
f 9087 9086 9088
f 6756 6760 6761
f 6756 6761 6762
f 2092 2048 2093
f 10177 10180 10185
f 6750 6746 6757
f 2092 2036 2048
f 2092 2096 2036
f 2096 2084 2036
f 6748 6747 6745
f 2095 2082 2083
f 2095 2083 2031
f 2095 2031 2044
f 2095 2044 2085
f 5022 5041 5024
f 5041 5040 5024
f 5040 5039 5025
f 7820 7821 7818
f 11312 11311 11308
f 11312 11313 11311
f 11308 11306 11300
f 11212 11216 11215
f 11250 11251 11252
f 6819 6822 6820
f 83 84 85
f 6827 6825 6828
f 3821 3814 3815
f 6828 6843 6856
f 3811 3810 3809
f 3809 3810 3806
f 6851 6850 6847
f 10623 10624 10461
f 4031 4037 4036
f 4035 4034 4031
f 4035 4031 4036
f 3817 3799 3818
f 10524 10525 10526
f 10639 10640 10641
f 10186 10218 10212
f 6762 6761 6763
f 6762 6763 6765
f 5159 5166 5165
f 9085 9083 9084
f 9085 9084 9086
f 9080 9081 9070
f 9076 9079 9080
f 9081 9084 9083
f 9070 9081 9083
f 9079 9081 9080
f 9075 9074 9076
f 9079 9082 9081
f 9071 9072 9073
f 9073 9074 9075
f 9076 9078 9079
f 9072 9074 9073
f 9074 9078 9076
f 9077 9072 9071
f 9077 9092 9072
f 2747 2746 2776
f 5024 5040 5025
f 11185 11188 11183
f 7878 7877 7879
f 11141 11140 11139
f 11312 11314 11313
f 11311 11310 11308
f 11300 11294 11301
f 7847 7848 7841
f 3858 3824 3825
f 3825 3822 3821
f 4078 4075 4079
f 3811 3814 3810
f 6834 6844 6847
f 6850 6834 6847
f 4043 4038 4046
f 6847 6844 6846
f 4037 4038 4043
f 6847 6846 6848
f 10459 10472 10458
f 4006 4007 4008
f 4007 4009 4008
f 3807 3817 3820
f 3817 3807 3799
f 10643 10640 10639
f 10502 10533 10489
f 9070 9083 9068
f 9068 9083 9085
f 7832 7833 7834
f 9103 9090 9091
f 9090 9071 9091
f 9090 9077 9071
f 6747 6744 6745
f 9093 9092 9077
f 2091 2082 2090
f 2091 2090 2081
f 2091 2081 2082
f 2081 2090 2088
f 6734 6736 6747
f 6802 6808 6800
f 2089 2071 2070
f 6786 6781 6782
f 7876 7877 7878
f 11313 11314 11315
f 11308 11310 11306
f 11214 11211 11210
f 11210 11211 11212
f 7848 7844 7841
f 11211 11213 11212
f 11249 11240 11247
f 11247 11240 11242
f 6822 6826 6823
f 6822 6823 6825
f 6823 6824 6825
f 6823 6829 6824
f 6824 6829 6830
f 3821 3822 3814
f 3858 3864 3824
f 6830 6843 6824
f 6834 6850 6843
f 6843 6830 6834
f 4028 4030 4041
f 10473 10472 10459
f 10532 10484 10473
f 10490 10486 10621
f 10621 10484 10532
f 10524 10515 10525
f 92 93 94
f 10513 10515 10514
f 10505 10620 10502
f 8803 8802 8799
f 6760 6774 6761
f 6746 6751 6757
f 9103 9094 9090
f 6745 6744 6743
f 9094 9077 9090
f 9094 9093 9077
f 6747 6736 6744
f 9099 9104 9097
f 9101 9100 9098
f 9100 9104 9099
f 9101 9102 9100
f 9100 9102 9104
f 6800 6799 6797
f 6797 6799 6798
f 6786 6791 6792
f 6786 6792 6781
f 669 668 670
f 669 649 668
f 11137 11139 11140
f 11300 11291 11294
f 669 651 649
f 7844 7845 7843
f 651 650 649
f 6826 6835 6831
f 3825 3824 3822
f 6829 6832 6830
f 6830 6832 6834
f 6834 6832 6844
f 4037 4031 4038
f 4030 4029 4031
f 4030 4031 4034
f 4007 4010 4009
f 4009 4010 4028
f 10488 10486 10489
f 10505 10604 10620
f 10502 10620 10533
f 9069 9068 9067
f 8447 8448 8449
f 7764 7763 7762
f 6773 6774 6757
f 9095 9094 9103
f 9096 9093 9095
f 9095 9093 9094
f 9096 9097 9093
f 6744 6736 6740
f 9096 9098 9097
f 9098 9099 9097
f 2746 2774 2776
f 4419 4423 4432
f 4419 4422 4423
f 11137 11138 11139
f 4424 4425 4423
f 4424 4433 4425
f 11139 11138 11142
f 11310 11309 11306
f 11314 11316 11315
f 7848 7846 7844
f 11160 11162 11164
f 6840 6829 6831
f 6835 6840 6831
f 6840 6833 6829
f 6833 6836 6832
f 4076 4063 4075
f 6844 6832 6845
f 6844 6845 6846
f 4031 4058 4038
f 4030 4028 4029
f 3806 3799 3807
f 10621 10486 10484
f 10604 10529 10620
f 10514 10530 10604
f 8803 8804 8802
f 6757 6751 6773
f 6743 6754 6751
f 2509 2511 2508
f 2746 2749 2773
f 4429 4430 4431
f 4427 4428 4429
f 4429 4428 4430
f 9518 9571 9520
f 4421 4426 4427
f 4427 4426 4428
f 671 670 668
f 4418 4420 4421
f 4420 4426 4421
f 4422 4419 4418
f 4418 4419 4420
f 4422 4424 4423
f 7846 7845 7844
f 6835 6841 6840
f 6840 6836 6833
f 3822 3805 3814
f 6836 6837 6832
f 6832 6837 6845
f 3810 3795 3806
f 4012 4011 4006
f 4006 4011 4007
f 4007 4013 4010
f 3806 3788 3799
f 10473 10474 10472
f 10515 10516 10514
f 10516 10530 10514
f 10530 10529 10604
f 2509 2512 2511
f 6740 6741 6743
f 6736 6739 6740
f 10245 10244 10246
f 273 195 232
f 8276 8277 8280
f 8280 8277 8249
f 8247 8248 8249
f 11289 11290 11291
f 11290 11293 11291
f 11291 11293 11294
f 8248 8250 8249
f 11263 11264 11265
f 6906 6901 6905
f 11224 11217 11219
f 11224 11219 11225
f 5403 5404 5405
f 11240 11241 11242
f 649 650 648
f 6835 6816 6841
f 6841 6842 6840
f 6840 6842 6838
f 4075 4073 4077
f 655 652 650
f 3814 3796 3810
f 3796 3795 3810
f 4019 4018 4014
f 4014 4011 4012
f 4011 4015 4007
f 4015 4013 4007
f 4028 4016 4029
f 4029 4016 4051
f 4010 4013 4016
f 3788 3790 3799
f 10184 10191 10192
f 6743 6741 6754
f 10361 10359 10360
f 10360 10359 10358
f 10317 10316 10356
f 8270 8269 8268
f 8267 8266 8265
f 8263 8238 8262
f 8243 8242 8245
f 8246 8248 8247
f 11178 11177 11179
f 11144 11143 11137
f 11137 11143 11138
f 11263 11266 11264
f 11289 11292 11290
f 11292 11305 11290
f 6905 6901 6903
f 11241 11243 11242
f 650 652 648
f 6838 6837 6836
f 655 691 652
f 4018 4017 4011
f 4018 4011 4014
f 3795 3788 3806
f 10472 10483 10458
f 10458 10536 10623
f 10484 10474 10473
f 10488 10487 10486
f 10486 10485 10484
f 10515 10517 10516
f 10529 10522 10620
f 6754 6741 6764
f 5450 5451 5452
f 10358 10359 10334
f 6736 6731 6738
f 6736 6738 6739
f 2749 2762 2773
f 8269 8273 8272
f 8269 8272 8267
f 9341 9342 9343
f 9341 9344 9342
f 9521 9522 9523
f 11307 11293 11290
f 11256 11255 11258
f 11220 11218 11217
f 11217 11218 11219
f 6816 6812 6841
f 6841 6812 6849
f 6849 6818 6838
f 6818 6839 6838
f 3824 3823 3822
f 3805 3796 3814
f 10536 10539 10623
f 10472 10534 10483
f 10458 10483 10536
f 10484 10485 10474
f 10487 10485 10486
f 10523 10515 10524
f 10530 10518 10529
f 6739 6742 6741
f 6731 6733 6738
f 10318 10317 10356
f 6731 6732 6733
f 64 65 66
f 10323 10322 10324
f 9215 9216 9217
f 7390 7386 7388
f 7390 7388 7391
f 9341 9346 9345
f 9341 9345 9344
f 8264 8241 8238
f 8238 8239 8240
f 10364 10363 10365
f 10363 10368 10365
f 3851 3865 3848
f 3848 3847 3851
f 11293 11295 11294
f 11241 11244 11243
f 6904 6902 6901
f 6901 6902 6903
f 6812 6818 6849
f 3823 3802 3822
f 3822 3802 3805
f 4024 4020 4018
f 4048 4054 4049
f 10487 10625 10485
f 10488 10491 10487
f 10524 10527 10523
f 10515 10523 10517
f 8570 8568 8567
f 5611 5605 5612
f 6733 6737 6738
f 8238 8241 8239
f 10345 10363 10364
f 3848 3839 3847
f 11144 11146 11143
f 3865 3866 3848
f 11253 11254 11255
f 11256 11253 11255
f 11235 11226 11233
f 11307 11302 11296
f 11307 11296 11293
f 3847 3839 3835
f 11220 11221 11218
f 8253 8256 8254
f 11218 11221 11222
f 11226 11227 11228
f 11226 11228 11233
f 11218 11222 11219
f 6869 6871 6870
f 6868 6869 6870
f 6811 6810 6813
f 3823 3803 3802
f 3802 3800 3805
f 4027 4020 4024
f 3805 3800 3796
f 3796 3800 3797
f 4020 4017 4018
f 3797 3794 3796
f 3796 3794 3795
f 10538 10573 10539
f 3795 3794 3788
f 10536 10538 10539
f 8581 8580 8586
f 3794 3789 3788
f 3788 3789 3790
f 10485 10625 10474
f 8585 8584 8581
f 8584 8578 8581
f 8570 8584 8585
f 10517 10518 10516
f 10529 10518 10522
f 8606 8570 8585
f 8606 8568 8570
f 6733 6732 6735
f 6733 6735 6737
f 232 189 253
f 2750 2762 2749
f 10324 10322 10327
f 10339 10328 10331
f 10345 10341 10342
f 5911 5912 5913
f 5911 5913 5910
f 8260 8258 8259
f 3039 3032 3037
f 8256 8257 8254
f 3839 3837 3835
f 647 661 663
f 3837 3836 3835
f 647 646 661
f 11241 11245 11244
f 11244 11245 11246
f 8488 8489 8490
f 3836 3834 3835
f 3835 3834 3832
f 6809 6810 6811
f 3832 3803 3823
f 4026 4022 4020
f 4020 4021 4017
f 4017 4021 4057
f 8602 8581 8586
f 10472 10474 10534
f 8585 8581 8602
f 8604 8606 8585
f 8581 8578 8580
f 3789 3791 3790
f 3791 3792 3790
f 10491 10492 10487
f 8584 8577 8578
f 8580 8578 8575
f 8580 8575 8582
f 10517 10519 10518
f 10516 10518 10530
f 8578 8577 8575
f 3791 3793 3792
f 8614 8583 8613
f 8575 8577 8576
f 8582 8575 8583
f 8575 8571 8583
f 8583 8571 8587
f 8576 8572 8575
f 8575 8572 8571
f 8571 8574 8587
f 8571 8572 8573
f 8571 8573 8574
f 5604 5594 5605
f 10334 10311 10313
f 5006 5007 5008
f 8540 8543 8544
f 253 189 197
f 10319 10322 10316
f 10363 10366 10368
f 11298 11297 11296
f 11297 11295 11296
f 11296 11295 11293
f 3032 3030 3037
f 3848 3838 3839
f 11253 11257 11254
f 3031 3032 3039
f 11221 11223 11222
f 11282 11283 11284
f 6809 6817 6810
f 6810 6814 6813
f 647 648 643
f 4020 4022 4021
f 4045 4023 4033
f 4021 4022 4023
f 3800 3798 3797
f 652 690 653
f 3798 3794 3797
f 8605 8602 8586
f 8602 8604 8585
f 10625 10606 10474
f 8608 8606 8604
f 8608 8568 8606
f 10519 10520 10518
f 10520 10521 10518
f 10518 10521 10522
f 8608 8615 8568
f 8613 8583 8603
f 8583 8587 8603
f 8603 8587 8588
f 1997 1962 1998
f 8587 8574 8588
f 8574 8579 8588
f 1998 1962 1963
f 8574 8573 8579
f 2256 2261 2254
f 5603 5593 5594
f 5603 5594 5604
f 2213 2237 2212
f 2212 2237 2265
f 2213 2238 2237
f 207 224 231
f 10328 10330 10331
f 5912 5914 5913
f 11176 11191 11197
f 11144 11149 11146
f 3839 3838 3837
f 11298 11299 11297
f 4753 4754 4752
f 3837 3838 3836
f 3031 3025 3032
f 3034 3015 3033
f 6817 6814 6810
f 3803 3801 3802
f 3028 3027 3026
f 3029 3027 3028
f 3802 3801 3800
f 648 653 643
f 3801 3798 3800
f 8605 8604 8602
f 8605 8608 8604
f 1186 1130 1129
f 10644 10647 10645
f 10521 10535 10522
f 8379 8364 8369
f 8369 8364 8363
f 8363 8364 8362
f 8603 8588 8618
f 8618 8588 8617
f 8345 8362 8360
f 8617 8588 8589
f 8360 8355 8344
f 8588 8579 8589
f 8579 8590 8589
f 8579 8573 8591
f 5845 5837 5844
f 2209 2216 2207
f 2207 2216 2218
f 2211 2212 2209
f 2212 2217 2209
f 2209 2217 2216
f 2213 2212 2211
f 2750 2752 2762
f 10333 10330 10327
f 9568 9573 9526
f 4742 4751 4743
f 3031 3015 3025
f 9966 9967 9972
f 646 643 642
f 3013 3003 3012
f 3026 3015 3034
f 3026 3019 3015
f 3834 3804 3803
f 3027 3019 3026
f 3803 3804 3801
f 8612 8610 8611
f 8610 8605 8611
f 8610 8608 8605
f 10474 10606 10534
f 10625 10499 10606
f 1129 1127 1124
f 8610 8616 8608
f 10535 10626 10600
f 10535 10600 10522
f 8616 8615 8608
f 8607 8590 8596
f 1957 1962 1997
f 8579 8591 8590
f 8591 8592 8590
f 8590 8592 8593
f 5844 5837 5843
f 2208 2207 2214
f 2214 2207 2240
f 2206 2207 2208
f 2210 2209 2206
f 2209 2207 2206
f 2207 2218 2240
f 2263 2242 2218
f 2215 2211 2210
f 2210 2211 2209
f 2215 2213 2211
f 2213 2219 2220
f 2213 2220 2238
f 2267 2230 2234
f 10314 10312 10311
f 10311 10312 10313
f 2227 2236 2226
f 10313 10312 10315
f 3303 3306 3304
f 9971 9965 9968
f 3838 3840 3836
f 9964 9963 9966
f 3836 3854 3834
f 3015 3017 3025
f 3012 3003 3002
f 3015 3016 3017
f 6406 6405 6408
f 3854 3804 3834
f 4025 4044 4032
f 3019 3016 3015
f 3859 3861 3804
f 1128 1127 1130
f 1130 1127 1129
f 10493 10625 10487
f 10606 10608 10534
f 10534 10609 10483
f 10494 10492 10500
f 10600 10494 10500
f 3861 3862 3863
f 8619 8589 8620
f 8620 8589 8607
f 8362 8366 8360
f 8596 8597 8598
f 8597 8599 8598
f 8593 8597 8596
f 8597 8600 8599
f 8595 8601 8597
f 8597 8601 8600
f 8593 8595 8597
f 8592 8594 8593
f 8593 8594 8595
f 5843 5837 5841
f 2214 2240 2241
f 2240 2218 2241
f 2218 2242 2241
f 2255 2257 2246
f 5610 5596 5588
f 2246 2257 2258
f 2242 2254 2244
f 2215 2219 2213
f 5593 5590 5594
f 2222 2226 2220
f 2229 2227 2222
f 5606 5608 5599
f 2227 2226 2222
f 2233 2234 2230
f 8541 8542 8539
f 2233 2235 2234
f 10321 10320 10315
f 10315 10320 10319
f 10320 10343 10319
f 2753 2757 2752
f 9200 9201 9202
f 7263 7262 7264
f 4746 4742 4745
f 9965 9962 9964
f 3030 3023 3038
f 9964 9962 9963
f 3032 3025 3030
f 3840 3854 3836
f 3003 3004 2997
f 3840 3855 3854
f 3855 3856 3854
f 642 643 640
f 6406 6404 6405
f 3016 3018 3017
f 643 641 640
f 7799 7795 7798
f 7798 7795 7792
f 3854 3856 3804
f 643 645 641
f 3856 3859 3804
f 643 653 645
f 690 686 653
f 3859 3860 3861
f 10538 10540 10573
f 3861 3860 3862
f 10483 10572 10537
f 10483 10537 10536
f 10536 10537 10538
f 10600 10632 10494
f 8619 8620 8641
f 8360 8366 8359
f 8621 8596 8598
f 8355 8350 8342
f 1957 1958 1962
f 8600 8609 8599
f 1962 1958 1963
f 1963 1958 1970
f 5837 5838 5839
f 5839 5840 5842
f 5840 5846 5842
f 8600 8601 8609
f 5842 5846 5847
f 2241 2242 2243
f 2242 2244 2243
f 2245 2244 2246
f 5585 5582 5596
f 2225 2219 2215
f 2221 2220 2219
f 6485 6490 6486
f 2231 2222 2228
f 2228 2222 2221
f 2221 2222 2220
f 2231 2230 2222
f 2231 2232 2230
f 2230 2229 2222
f 10377 10374 10376
f 7263 7259 7262
f 9524 9525 9526
f 3306 3310 3309
f 9930 9942 9980
f 9981 9930 9980
f 9982 9983 9984
f 646 662 664
f 9965 9969 9962
f 9962 9961 9963
f 3025 3023 3030
f 3023 3036 3038
f 3025 3021 3023
f 6405 6404 6403
f 3017 3020 3021
f 7801 7802 7793
f 3017 3018 3020
f 1996 1967 1965
f 7792 7793 7794
f 3856 3860 3859
f 1122 1117 1128
f 1177 1122 1128
f 1128 1117 1119
f 1128 1119 1127
f 10493 10495 10496
f 10493 10496 10499
f 10608 10609 10534
f 10666 10663 10665
f 10494 10493 10492
f 10538 10537 10540
f 10626 10632 10600
f 1124 1123 1125
f 8620 8596 8621
f 1125 1132 1133
f 8359 8351 8355
f 1133 1132 1179
f 2188 2204 2187
f 5839 5838 5840
f 2247 2243 2245
f 2246 2258 2259
f 2243 2244 2245
f 5582 5581 5588
f 5588 5581 5633
f 2224 2219 2225
f 2223 2219 2224
f 5592 5591 5590
f 2228 2221 2223
f 5608 5607 5599
f 10320 10346 10343
f 8912 8913 8914
f 3023 3024 3036
f 6403 6402 6400
f 3493 3492 3476
f 7801 7807 7802
f 3020 3022 3021
f 3021 3022 3023
f 7802 7796 7793
f 7793 7796 7794
f 7794 7796 7797
f 10494 10531 10495
f 10494 10495 10493
f 10499 10581 10606
f 10494 10627 10531
f 10632 10627 10494
f 1960 1959 1954
f 8641 8620 8623
f 8623 8620 8622
f 1954 1956 1957
f 8621 8627 8625
f 8627 8628 8625
f 1125 1126 1132
f 1132 1181 1179
f 8350 8346 8357
f 1957 1956 1958
f 2247 2245 2248
f 2259 2269 2251
f 5582 5580 5581
f 5590 5589 5585
f 5590 5591 5589
f 5607 5601 5599
f 7260 7265 7261
f 3589 3588 3586
f 3311 3310 3312
f 3313 3311 3314
f 9942 9929 9931
f 9989 9988 9983
f 7807 7804 7802
f 642 638 656
f 3004 2998 2997
f 3023 3022 3024
f 642 640 638
f 1965 1967 1966
f 1965 1964 1960
f 653 686 645
f 10531 10498 10495
f 10496 10497 10499
f 10581 10615 10606
f 10606 10615 10608
f 10627 10628 10531
f 10609 10601 10483
f 10483 10601 10572
f 8623 8622 8638
f 1127 1119 1124
f 1119 1123 1124
f 8625 8628 8629
f 1954 1955 1956
f 1123 1126 1125
f 3709 3710 3702
f 8366 8327 8375
f 8338 8361 8370
f 8294 8291 8293
f 2250 2251 2252
f 8295 8294 8293
f 2247 2248 2249
f 2248 2259 2251
f 5581 5583 5615
f 5581 5578 5583
f 5580 5578 5581
f 5582 5584 5580
f 6477 6475 6478
f 5599 5601 5600
f 7260 7266 7265
f 2756 2757 2753
f 3584 3586 3588
f 3485 3476 3480
f 3485 3480 3484
f 2998 3005 3000
f 638 640 637
f 641 637 640
f 1965 1966 1964
f 1177 1184 1122
f 1122 1118 1117
f 1960 1964 1959
f 1117 1118 1119
f 10663 10664 10665
f 8638 8622 8635
f 8624 8625 8626
f 1959 1955 1954
f 8622 8621 8624
f 8350 8349 8346
f 1132 1190 1181
f 1126 1185 1132
f 1185 1190 1132
f 8346 8348 8357
f 2204 2200 2187
f 8293 8291 8292
f 5616 5617 5618
f 5578 5577 5583
f 7309 7310 7316
f 9929 9928 9931
f 6400 6398 6399
f 3476 3481 3480
f 3484 3480 3478
f 1977 1973 1967
f 641 644 637
f 645 644 641
f 10615 10610 10608
f 10546 10564 10565
f 1118 1120 1119
f 8637 8635 8633
f 10608 10610 10609
f 8635 8622 8633
f 8622 8624 8633
f 8633 8624 8630
f 8624 8626 8630
f 8322 8376 8375
f 8361 8371 8370
f 1126 1174 1185
f 8348 8358 8357
f 8291 8290 8292
f 5617 5619 5618
f 5617 5583 5587
f 5583 5577 5587
f 5578 5575 5577
f 5580 5579 5578
f 5584 5579 5580
f 5589 5586 5584
f 5595 5586 5589
f 5591 5595 5589
f 6484 6487 6480
f 6479 6484 6480
f 5600 5609 5592
f 5592 5609 5598
f 5601 5602 5600
f 7301 7304 7302
f 10348 10352 10350
f 3933 3929 3934
f 5215 5212 5214
f 6399 6397 6401
f 6401 6397 6396
f 3473 3470 3469
f 3005 3006 3000
f 3000 3006 3007
f 656 638 639
f 1967 1972 1969
f 638 635 639
f 1967 1969 1966
f 1966 1968 1964
f 10581 10631 10615
f 10615 10629 10610
f 8633 8630 8636
f 10610 10613 10609
f 10571 10546 10565
f 8630 8626 8631
f 1119 1120 1123
f 10609 10613 10601
f 8349 8347 8346
f 1126 1137 1174
f 8361 8358 8371
f 8346 8347 8348
f 6514 6515 6511
f 5617 5587 5619
f 5579 5575 5578
f 5584 5586 5579
f 5600 5602 5609
f 9168 9167 9169
f 9168 9165 9167
f 9165 9166 9167
f 9173 9166 9165
f 9927 9933 9925
f 665 656 658
f 3469 3479 3478
f 6398 6395 6397
f 1973 1972 1967
f 1184 1121 1122
f 1122 1121 1118
f 10631 10630 10615
f 10615 10630 10629
f 10572 10601 10611
f 10537 10541 10540
f 8370 8372 8373
f 8370 8373 8374
f 1955 1961 1956
f 8290 8288 8287
f 8287 8288 8289
f 5621 5620 5587
f 4726 4725 4724
f 5575 5576 5577
f 5595 5632 5586
f 7315 7301 7300
f 5598 5613 5595
f 5595 5613 5635
f 5601 5556 5602
f 5602 5613 5609
f 5609 5613 5598
f 4939 4941 4940
f 9168 9169 9170
f 9170 9169 9171
f 3927 3928 3929
f 3929 3928 3930
f 9933 9934 9925
f 9535 9534 9536
f 9535 9536 9537
f 9925 9934 9935
f 3470 3463 3469
f 3006 3008 3007
f 1973 1980 1972
f 639 624 660
f 657 639 660
f 639 635 624
f 624 635 622
f 637 636 635
f 637 644 636
f 1968 1959 1964
f 8394 8395 8396
f 8354 8352 8351
f 1959 1971 1955
f 10540 10542 10571
f 1955 1971 1961
f 1123 1135 1137
f 8351 8352 8349
f 10572 10541 10537
f 10541 10542 10540
f 8347 8358 8348
f 8358 8365 8371
f 5579 5570 5575
f 5579 5631 5570
f 5586 5631 5579
f 5586 5632 5631
f 5595 5635 5632
f 5602 5569 5637
f 7301 7315 7312
f 5557 5556 5571
f 6049 6043 6045
f 3928 3931 3930
f 9940 9939 9938
f 9939 9941 9933
f 9938 9939 9933
f 9933 9941 9934
f 3463 3464 3465
f 9934 9936 9935
f 6396 6395 6394
f 624 617 630
f 1969 1975 1966
f 1966 1975 1968
f 635 623 622
f 623 616 622
f 1968 1974 1959
f 8396 8395 8399
f 8367 8377 8354
f 8642 8634 8640
f 10564 10563 10566
f 1959 1974 1971
f 10546 10563 10564
f 8322 8304 8314
f 1120 1135 1123
f 10571 10542 10546
f 10611 10541 10572
f 8371 8365 8372
f 8347 8356 8358
f 8356 8365 8358
f 5756 5757 5755
f 5760 5758 5757
f 5757 5758 5755
f 5756 5755 5748
f 5631 5565 5570
f 5638 5565 5632
f 5569 5561 5637
f 7301 7312 7306
f 6047 6048 6049
f 6043 6044 6045
f 5885 5886 5887
f 9947 9948 9944
f 9944 9948 9949
f 9936 9934 9941
f 3006 3009 3008
f 3008 3009 3010
f 6395 6393 6394
f 630 618 700
f 617 615 618
f 630 617 618
f 635 636 623
f 1184 1191 1121
f 1118 1121 1120
f 5401 5400 5398
f 10542 10545 10546
f 8365 8380 8372
f 5575 5567 5576
f 5570 5567 5575
f 5565 5567 5570
f 5562 5565 5638
f 5561 5562 5638
f 5556 5559 5569
f 7313 7306 7312
f 6049 6048 6043
f 5886 5888 5887
f 3466 3468 3467
f 6392 6391 6390
f 1347 1342 1349
f 1980 1982 1972
f 617 616 615
f 954 951 957
f 1191 1136 1121
f 8387 8388 8386
f 8395 8400 8399
f 10563 10567 10566
f 8356 8368 8365
f 5567 5568 5576
f 5565 5566 5567
f 5569 5559 5561
f 5556 5558 5559
f 5556 5531 5558
f 5535 5531 5557
f 6432 6434 6431
f 6047 6050 6048
f 5889 5888 5886
f 5889 5890 5888
f 3482 3468 3466
f 6098 6100 6099
f 961 956 962
f 1982 1981 1972
f 632 601 600
f 632 615 601
f 1972 1976 1969
f 1969 1976 1975
f 615 607 601
f 607 606 601
f 615 616 607
f 957 951 958
f 616 619 607
f 607 619 620
f 5396 5397 5398
f 5402 5398 5397
f 1134 1139 1135
f 619 621 620
f 8399 8401 8402
f 4115 4113 4116
f 8380 8385 8372
f 623 625 616
f 616 625 619
f 619 625 621
f 10546 10545 10563
f 5748 5749 5750
f 5748 5753 5749
f 5566 5568 5567
f 5565 5562 5563
f 6483 6457 6455
f 5561 5560 5562
f 5559 5560 5561
f 5558 5527 5559
f 7313 7314 7306
f 5535 5534 5531
f 6438 6435 6437
f 6435 6431 6437
f 6425 6423 6435
f 6425 6435 6438
f 5538 5539 5537
f 3375 3378 3379
f 3379 3378 3380
f 3375 3374 3378
f 3468 3474 3472
f 3468 3472 3471
f 9272 9270 9271
f 1350 1341 1347
f 9543 9555 9539
f 1347 1341 1342
f 600 602 603
f 701 632 600
f 1981 1976 1972
f 1976 1978 1975
f 1136 1139 1134
f 606 607 620
f 5396 5399 5397
f 8399 8400 8401
f 8402 8401 8403
f 4115 4110 4113
f 10670 10667 10669
f 10542 10544 10545
f 4110 4112 4113
f 10541 10543 10542
f 8501 8500 8503
f 5566 5572 5568
f 5559 5527 5526
f 5530 5527 5558
f 5531 5530 5558
f 6439 6437 6434
f 6438 6437 6439
f 5535 5536 5534
f 4399 4397 4398
f 5535 5537 5536
f 8558 8559 8560
f 9816 9815 9814
f 4398 4397 4396
f 9955 9954 9952
f 9952 9954 9953
f 9952 9953 9950
f 3468 3483 3474
f 3482 3483 3468
f 1355 1341 1350
f 702 600 603
f 703 701 600
f 602 611 603
f 1978 1990 1975
f 601 606 605
f 1140 1139 1136
f 8311 8299 8310
f 8310 8299 8302
f 1992 1993 1994
f 303 304 308
f 10667 10668 10669
f 10562 10550 10611
f 10550 10543 10611
f 4110 4111 4112
f 4112 4111 4134
f 4111 4132 4134
f 5568 5572 5573
f 5568 5573 5574
f 5574 5573 5622
f 5562 5525 5563
f 5560 5525 5562
f 5559 5526 5560
f 6439 6434 6440
f 6434 6436 6440
f 5531 5534 5533
f 5534 5536 5533
f 4397 4388 4396
f 8504 8505 8506
f 4401 4396 4392
f 3474 3486 3472
f 6388 6387 6386
f 5433 5432 5434
f 9210 9214 9211
f 702 703 600
f 702 603 633
f 603 611 633
f 602 610 611
f 602 604 610
f 1976 1979 1978
f 8302 8299 8301
f 1990 1993 1974
f 951 955 958
f 10667 10671 10668
f 10545 10544 10563
f 4134 4130 4131
f 4111 4137 4132
f 4132 4130 4134
f 6469 6467 6466
f 5525 5564 5563
f 6450 6451 6452
f 6450 6448 6449
f 6450 6449 6451
f 6448 6447 6449
f 6446 6447 6448
f 5531 5529 5530
f 6446 6441 6447
f 6440 6441 6445
f 6445 6441 6446
f 5531 5532 5529
f 5551 5548 5549
f 4396 4388 4392
f 3486 3487 3472
f 3472 3487 3488
f 5429 5426 5428
f 1355 1356 1341
f 5432 5427 5434
f 5427 5438 5434
f 969 966 965
f 633 611 631
f 965 966 963
f 336 320 340
f 1981 1979 1976
f 610 604 612
f 604 608 612
f 605 608 604
f 605 609 608
f 606 609 605
f 1139 1170 1176
f 298 299 300
f 629 620 628
f 620 626 628
f 10542 10543 10544
f 10563 10544 10574
f 10563 10574 10567
f 4110 4107 4111
f 6456 6457 6458
f 6455 6457 6456
f 6450 6452 6453
f 6454 6455 6456
f 6453 6452 6454
f 6454 6452 6455
f 5560 5524 5525
f 5560 5526 5524
f 5527 5515 5526
f 6465 6446 6448
f 6445 6446 6465
f 5532 5544 5542
f 5532 5542 5529
f 5549 5548 5547
f 4397 4393 4388
f 4388 4390 4392
f 9820 9822 9821
f 3487 3494 3489
f 6379 6382 6384
f 696 702 633
f 696 633 631
f 1341 1337 1342
f 4587 4588 4586
f 9544 9550 9549
f 9549 9553 9552
f 685 614 674
f 685 631 614
f 966 968 963
f 631 611 614
f 1342 1337 1346
f 614 613 674
f 613 675 674
f 610 613 614
f 610 612 613
f 8299 8328 8329
f 8311 8328 8299
f 1143 1142 1140
f 7376 7380 7377
f 1139 1141 1170
f 10559 10556 10561
f 10556 10555 10561
f 10550 10548 10543
f 4115 4108 4110
f 4110 4108 4107
f 4107 4137 4111
f 6710 6705 6708
f 6705 6707 6708
f 6705 6706 6707
f 6456 6464 6454
f 5623 5624 5564
f 5525 5623 5564
f 5526 5515 5524
f 5527 5528 5515
f 5529 5528 5527
f 5542 5541 5529
f 9780 9775 9781
f 5547 5546 5544
f 5548 5546 5547
f 10397 10387 10392
f 4393 4391 4388
f 4388 4391 4389
f 4388 4389 4390
f 4390 4389 4392
f 10386 10379 10387
f 10398 10399 10400
f 6079 6080 6081
f 6083 6081 6085
f 5426 5427 5428
f 6387 6383 6379
f 5438 5427 5431
f 694 631 685
f 1335 1337 1341
f 4587 4586 4585
f 675 676 674
f 613 627 675
f 608 659 612
f 951 953 955
f 6268 6266 6267
f 1142 1141 1140
f 1140 1141 1139
f 609 692 608
f 955 971 959
f 10559 10558 10556
f 10543 10547 10544
f 4137 4122 4132
f 4132 4122 4130
f 5525 5523 5623
f 5515 5517 5524
f 5515 5516 5517
f 5529 5541 5528
f 8408 8409 8410
f 9775 9776 9781
f 5546 5545 5544
f 11023 11022 11026
f 11026 11022 11027
f 5548 5555 5546
f 10392 10387 10391
f 11046 11051 11052
f 4391 4394 4389
f 11052 11051 11053
f 9338 9339 9340
f 6382 6378 6381
f 6382 6381 6385
f 6379 6378 6382
f 5426 5430 5427
f 9556 9552 9557
f 9556 9557 9558
f 9556 9551 9552
f 1357 1335 1341
f 694 699 631
f 4585 4586 4584
f 968 970 963
f 963 970 960
f 613 612 627
f 1978 1979 1984
f 11450 11444 11448
f 1984 1988 1978
f 1978 1988 1990
f 2828 2826 2824
f 2829 2826 2828
f 10555 10553 10554
f 10562 10554 10551
f 10550 10551 10548
f 10548 10547 10543
f 10544 10549 10574
f 4131 4129 4135
f 4131 4126 4129
f 4130 4126 4131
f 4106 4107 4108
f 4107 4106 4139
f 4107 4139 4137
f 4122 4124 4130
f 6462 6461 6463
f 6708 6707 6709
f 7418 7419 7420
f 7421 7419 7418
f 9784 9785 9783
f 5524 5517 5520
f 5524 5520 5525
f 5516 5518 5517
f 5528 5516 5515
f 5528 5540 5516
f 5544 5543 5542
f 5542 5543 5541
f 10391 10394 10395
f 10390 10391 10387
f 11046 11049 11051
f 10388 10389 10387
f 11464 11465 11466
f 6103 6102 6085
f 6080 6082 6081
f 6104 6093 6102
f 6093 6085 6102
f 6381 6407 6385
f 5386 5382 5383
f 6379 6376 6378
f 706 699 694
f 5430 5431 5427
f 9548 9549 9551
f 9630 9629 9546
f 4585 4584 4583
f 1337 1336 1346
f 1981 1985 1979
f 1979 1985 1984
f 970 973 953
f 960 970 953
f 627 679 675
f 11442 11440 11439
f 953 973 967
f 612 659 627
f 11444 11446 11448
f 953 967 955
f 972 971 955
f 10556 10558 10557
f 10556 10557 10553
f 10544 10547 10549
f 10549 10569 10574
f 4139 4138 4137
f 4130 4124 4126
f 4137 4138 4122
f 5517 5519 5520
f 5517 5518 5519
f 5540 5550 5516
f 5516 5550 5518
f 5544 5545 5543
f 5543 5540 5541
f 5541 5540 5528
f 5546 5553 5545
f 5546 5554 5553
f 10387 10389 10390
f 8723 8724 8725
f 6106 6102 6105
f 6102 6103 6105
f 8205 8207 8206
f 5382 5376 5383
f 6378 6380 6381
f 676 678 680
f 684 676 680
f 676 677 678
f 6267 6266 6265
f 1141 1146 1170
f 972 955 967
f 10554 10553 10551
f 10551 10553 10552
f 10549 10547 10568
f 4108 4109 4106
f 5522 5520 5521
f 5520 5519 5521
f 7691 7680 7690
f 7676 7672 7675
f 7480 7477 7479
f 7680 7676 7675
f 8534 8535 8536
f 10391 10390 10394
f 11048 11050 11049
f 11046 11048 11049
f 9063 9064 9065
f 9347 9348 9349
f 4778 4783 4782
f 3211 3210 3209
f 5383 5376 5387
f 6378 6373 6380
f 6383 6377 6376
f 682 698 680
f 697 684 680
f 4583 4582 4581
f 4582 4580 4581
f 2817 2838 2839
f 983 977 967
f 2823 2812 2822
f 2812 2814 2817
f 2822 2812 2817
f 11445 11447 11446
f 11444 11445 11446
f 11456 11457 11458
f 6266 6263 6265
f 1142 1145 1141
f 1146 1161 1170
f 4121 4120 4119
f 10568 10569 10549
f 4120 4118 4119
f 4119 4118 4117
f 4109 4114 4106
f 4139 4140 4138
f 4122 4123 4124
f 7687 7686 7684
f 7686 7683 7684
f 7690 7689 7686
f 7463 7461 7466
f 7690 7675 7689
f 7689 7675 7674
f 7655 7653 7654
f 7675 7672 7674
f 7822 7823 7824
f 7654 7653 7652
f 7824 7823 7825
f 8535 8537 8536
f 8536 8537 8538
f 9564 9565 9566
f 6376 6373 6378
f 704 698 682
f 9551 9554 9548
f 698 697 680
f 9298 9293 9292
f 4327 4328 4326
f 1335 1336 1337
f 4581 4580 4577
f 5192 5185 5186
f 4327 4326 4325
f 2817 2818 2838
f 1984 1989 1988
f 2817 2814 2818
f 2824 2823 2822
f 2826 2825 2824
f 2829 2825 2826
f 10553 10557 10560
f 10553 10560 10552
f 10560 10607 10552
f 4129 4133 4136
f 4117 4114 4109
f 4126 4128 4129
f 4117 4118 4114
f 4140 4141 4138
f 4124 4123 4126
f 4138 4141 4125
f 4138 4125 4122
f 4122 4125 4123
f 7684 7683 7682
f 7682 7683 7677
f 7689 7677 7683
f 7689 7674 7677
f 7463 7462 7461
f 7652 7651 7650
f 7246 7232 7230
f 9587 9564 9566
f 9226 9223 9225
f 6376 6375 6373
f 9551 9563 9554
f 4329 4327 4330
f 5191 5192 5186
f 4329 4328 4327
f 1332 1334 1335
f 1335 1334 1336
f 9281 9290 9280
f 4580 4578 4577
f 681 687 688
f 4326 4324 4325
f 4325 4324 4323
f 991 994 979
f 1141 1145 1146
f 2825 2823 2824
f 1161 1180 1187
f 1050 1029 1051
f 4146 4145 4106
f 4106 4145 4140
f 4127 4128 4126
f 4123 4127 4126
f 7681 7677 7679
f 7459 7465 7461
f 7461 7465 7466
f 7465 7467 7466
f 7672 7673 7674
f 5379 5380 5378
f 5377 5379 5378
f 9562 9564 9587
f 9591 9590 9589
f 9290 9289 9280
f 9280 9284 9283
f 1985 1986 1984
f 1984 1986 1987
f 4324 4317 4323
f 1984 1987 1989
f 2814 2819 2818
f 11445 11449 11447
f 6263 6262 6265
f 1030 1028 1029
f 1029 1015 1033
f 1116 1055 1073
f 7679 7678 7685
f 7679 7677 7678
f 7677 7673 7678
f 7461 7460 7459
f 7651 7649 7650
f 7462 7460 7461
f 7230 7221 7229
f 7231 7221 7230
f 11467 11469 11470
f 11469 11471 11470
f 9223 9224 9225
f 9888 9900 9854
f 9280 9289 9284
f 979 994 980
f 5179 5180 5184
f 1988 1989 1991
f 1144 1158 1145
f 1158 1147 1145
f 1145 1147 1146
f 11435 11436 11437
f 11462 11461 11456
f 2825 2827 2823
f 10552 10607 10575
f 10570 10576 10577
f 1033 1032 1055
f 9795 9800 9799
f 7649 7643 7650
f 9227 9228 9229
f 7229 7221 7222
f 5384 5380 5385
f 9587 9625 9562
f 11467 11468 11469
f 6375 6374 6373
f 9295 9301 9297
f 9891 9900 9888
f 9906 9864 9900
f 9900 9864 9854
f 9906 9903 9864
f 9864 9842 9854
f 9854 9842 9841
f 9901 9864 9903
f 1334 1333 1338
f 6968 6965 6961
f 1986 1995 1987
f 2836 2835 2837
f 980 996 978
f 5665 5660 5664
f 5660 5661 5664
f 980 978 975
f 2814 2811 2819
f 1790 1796 1788
f 1146 1148 1161
f 1152 1175 1180
f 1161 1152 1180
f 2825 2831 2830
f 1001 1002 1004
f 10576 10575 10578
f 1014 1057 1032
f 4123 4142 4127
f 1073 1056 1104
f 9827 9828 9829
f 3129 3134 3131
f 9229 9228 9230
f 7221 7228 7219
f 9626 9625 9587
f 9891 9909 9900
f 11469 11472 11471
f 9888 9889 9890
f 9888 9887 9889
f 9888 9854 9887
f 9854 9841 9887
f 9841 9842 9840
f 4576 4579 4570
f 9864 9886 9840
f 9842 9864 9840
f 4560 4568 4571
f 9203 9204 9205
f 7471 7469 7474
f 7474 7469 7475
f 1164 1163 1158
f 4317 4319 4323
f 1147 1148 1146
f 2827 2813 2812
f 2823 2827 2812
f 6263 6259 6262
f 2825 2830 2827
f 1148 1152 1161
f 1175 1188 1180
f 2842 2830 2831
f 1013 1059 1014
f 10607 10579 10575
f 10575 10579 10578
f 1014 1059 1057
f 1104 1056 1063
f 4125 4144 4142
f 7458 7454 7453
f 7641 7642 7643
f 7460 7458 7459
f 7459 7458 7453
f 7248 7222 7223
f 7222 7213 7223
f 7221 7219 7213
f 7221 7213 7222
f 4806 4810 4812
f 7228 7227 7219
f 6576 6577 6570
f 11474 11473 11468
f 11468 11473 11469
f 11469 11473 11472
f 6367 6366 6368
f 6373 6367 6368
f 6374 6372 6373
f 6372 6367 6373
f 9889 9887 9899
f 9889 9899 9893
f 9887 9871 9899
f 9841 9871 9887
f 9840 9839 9841
f 9840 9886 9863
f 9840 9838 9839
f 4559 4562 4561
f 978 996 981
f 5660 5659 5661
f 7471 7470 7469
f 1163 1162 1158
f 1158 1162 1147
f 7476 7470 7471
f 4559 4558 4552
f 2827 2830 2832
f 4558 4557 4552
f 1002 990 1005
f 1005 1006 1004
f 4142 4143 4128
f 7453 7454 7455
f 7644 7645 7642
f 7641 7644 7642
f 7642 7645 7647
f 7458 7456 7454
f 11515 11514 11511
f 7219 7217 7213
f 9602 9611 9605
f 9602 9600 9611
f 9890 9889 9892
f 9892 9889 9893
f 9893 9895 9894
f 9895 9893 9899
f 9914 9915 9916
f 9879 9884 9874
f 9879 9874 9878
f 9874 9877 9878
f 9841 9839 9871
f 1333 1339 1338
f 9840 9863 9838
f 1340 1343 1344
f 2827 2832 2813
f 2843 2832 2830
f 1017 1018 1103
f 7454 7456 7455
f 3227 3223 3229
f 11499 11501 11497
f 11511 11514 11505
f 4809 4808 4807
f 7227 7220 7219
f 9896 9894 9897
f 9596 9599 9595
f 9607 9608 9612
f 9896 9892 9894
f 9919 9918 9920
f 9308 9307 9305
f 9919 9916 9918
f 9892 9893 9894
f 9916 9917 9918
f 6275 6276 6277
f 9880 9878 9881
f 9916 9915 9917
f 9884 9898 9874
f 1075 1077 1040
f 1808 1798 1799
f 1075 1040 1043
f 9899 9871 9898
f 9121 9127 9128
f 9839 9844 9871
f 4561 4566 4568
f 6062 6059 6061
f 9901 9902 9886
f 9838 9836 9839
f 996 1003 985
f 1165 1166 1162
f 1009 1010 1011
f 4317 4318 4319
f 5658 5659 5660
f 1788 1820 1787
f 1011 1020 1018
f 2832 2816 2813
f 976 987 990
f 990 987 1005
f 987 988 1005
f 1005 988 1007
f 1061 1062 1058
f 6416 6417 6412
f 7644 7646 7645
f 5929 5931 5927
f 7647 7646 7648
f 3223 3226 3225
f 7244 7206 7216
f 11512 11511 11509
f 11496 11497 11498
f 11511 11510 11509
f 7244 7210 7206
f 11505 11510 11511
f 3218 3229 3223
f 3222 3218 3223
f 3222 3219 3218
f 3219 3216 3218
f 3216 3219 3220
f 7217 7214 7213
f 7219 7220 7218
f 7219 7218 7217
f 7247 7220 7227
f 9615 9614 9612
f 9920 9918 9921
f 9898 9873 9874
f 9898 9871 9846
f 9898 9846 9873
f 9873 9865 9874
f 1331 1327 1328
f 4574 4569 4573
f 9844 9846 9871
f 9865 9908 9877
f 9874 9865 9877
f 6059 6060 6061
f 9839 9836 9843
f 9839 9843 9844
f 2820 2834 2835
f 9863 9833 9838
f 9838 9833 9836
f 2815 2821 2819
f 5658 5662 5659
f 7476 7472 7470
f 7470 7472 7468
f 1147 1149 1148
f 1188 1175 1178
f 6259 6242 6258
f 5928 5927 5924
f 3224 3225 3228
f 6998 6996 6997
f 7216 7202 7208
f 3224 3223 3225
f 3224 3222 3223
f 11500 11496 11498
f 7216 7206 7202
f 7206 7205 7202
f 7210 7209 7206
f 11505 11502 11510
f 7210 7213 7212
f 3219 3221 3220
f 7217 7218 7214
f 9615 9616 9614
f 9607 9612 9614
f 6275 6279 6276
f 9305 9307 9306
f 9865 9872 9908
f 9237 9238 9239
f 9846 9848 9865
f 9865 9848 9872
f 1343 1339 1345
f 2820 2833 2834
f 9863 9885 9833
f 9848 9861 9872
f 1166 1167 1162
f 2821 2833 2820
f 9843 9845 9844
f 9844 9845 9846
f 1162 1167 1147
f 4318 4320 4319
f 9846 9847 9848
f 1147 1167 1149
f 1102 1025 1111
f 1025 1026 1111
f 1111 1026 1110
f 9848 9860 9861
f 5659 5662 5663
f 7472 7473 7468
f 1150 1151 1148
f 6242 6256 6258
f 1148 1151 1152
f 1175 1152 1151
f 1178 1183 1188
f 5697 5698 5699
f 5702 5699 5701
f 5927 5925 5924
f 7202 7204 7207
f 7202 7207 7208
f 11509 11502 11508
f 11505 11503 11502
f 8749 8746 8753
f 7214 7226 7215
f 7220 7225 7218
f 9602 9601 9600
f 6580 6579 6578
f 6372 6365 6367
f 6367 6365 6366
f 1327 1323 1326
f 1020 1022 1018
f 1107 1080 1096
f 4319 4320 4322
f 9836 9867 9843
f 9845 9847 9846
f 9843 9851 9845
f 9843 9867 9852
f 9843 9852 9851
f 8555 8556 8557
f 9851 9862 9845
f 6242 6244 6256
f 9845 9862 9847
f 9847 9849 9848
f 9848 9850 9860
f 9848 9849 9850
f 6410 6415 6413
f 6301 6300 6297
f 5924 5925 5926
f 5924 5926 5930
f 6303 6297 6302
f 6992 6993 6994
f 8736 8754 8755
f 7202 7203 7204
f 11491 11490 11495
f 9318 9319 9316
f 1327 1325 1323
f 1326 1322 1358
f 9133 9134 9135
f 9885 9834 9833
f 9833 9834 9835
f 9833 9835 9836
f 1107 1026 1080
f 1167 1168 1149
f 1149 1150 1148
f 6272 6273 6256
f 6256 6244 6272
f 1178 1182 1183
f 9862 9849 9847
f 9851 9905 9862
f 9862 9905 9849
f 9849 9853 9850
f 8732 8734 8735
f 6994 6993 6995
f 7207 7234 7235
f 7207 7204 7233
f 11508 11502 11507
f 11502 11506 11507
f 11536 11535 11538
f 11502 11503 11504
f 1068 1074 1042
f 1399 1398 1441
f 6056 6058 6059
f 1092 1090 1109
f 2833 2841 2834
f 6059 6058 6060
f 4318 4321 4320
f 1786 1784 1785
f 1025 1023 1026
f 1169 1168 1167
f 9835 9837 9836
f 9836 9837 9867
f 1151 1182 1178
f 9852 9866 9851
f 9866 9905 9851
f 9905 9866 9849
f 9849 9855 9853
f 6297 6300 6298
f 6297 6298 6299
f 11534 11537 11535
f 11534 11535 11536
f 11529 11528 11527
f 6279 6281 6280
f 6279 6280 6276
f 1108 1101 1089
f 1108 1089 1088
f 1074 1044 1042
f 1330 1324 1325
f 1325 1324 1323
f 1441 1398 1444
f 9134 9136 9135
f 6293 6289 6291
f 1168 1171 1149
f 1149 1171 1150
f 9911 9913 9912
f 9910 9911 9912
f 9852 9904 9866
f 9866 9856 9849
f 9856 9855 9849
f 9856 9857 9855
f 8736 8737 8756
f 11519 11516 11518
f 6279 6283 6281
f 6281 6282 6280
f 940 913 933
f 7698 7696 7697
f 1323 1313 1322
f 6056 6057 6058
f 1313 1321 1322
f 3619 3616 3618
f 8661 8658 8660
f 1094 1095 1112
f 3616 3609 3618
f 6272 6213 6273
f 1182 1160 1183
f 9866 9859 9856
f 9856 9858 9857
f 8896 8898 8900
f 7204 7239 7233
f 948 944 934
f 5896 5897 5900
f 913 897 933
f 1354 1394 1329
f 1354 1329 1330
f 1330 1329 1324
f 6056 6054 6057
f 3621 3620 3619
f 3616 3607 3609
f 8658 8659 8660
f 3607 3605 3609
f 3609 3605 3612
f 1150 1153 1151
f 1151 1153 1154
f 3612 3605 3598
f 1151 1154 1156
f 1156 1157 1182
f 1182 1157 1160
f 6242 6213 6244
f 6244 6213 6272
f 3612 3610 3614
f 9904 9859 9866
f 9859 9858 9856
f 8756 8737 8745
f 7233 7239 7240
f 6281 6283 6284
f 7696 7695 7697
f 6369 6361 6360
f 6052 6054 6056
f 3620 3617 3619
f 3619 3617 3616
f 6289 6288 6291
f 6287 6288 6289
f 8658 8662 8659
f 1150 1171 1153
f 6213 6252 6273
f 6242 6209 6213
f 3612 3598 3610
f 3614 3610 3611
f 9904 9876 9859
f 9858 9875 9857
f 6283 6285 6284
f 6369 6370 6361
f 6052 6053 6054
f 1311 1312 1313
f 923 922 942
f 6288 6292 6291
f 6292 6294 6291
f 1418 1417 1415
f 8737 8741 8745
f 8900 8901 8902
f 11577 11578 11579
f 11565 11555 11561
f 11591 11593 11594
f 11561 11555 11560
f 11561 11560 11566
f 11591 11592 11593
f 7696 7692 7695
f 1313 1314 1317
f 1317 1314 1318
f 6292 6295 6294
f 6295 6296 6294
f 1171 1172 1153
f 6213 6212 6252
f 1156 1154 1157
f 9868 9859 9876
f 9859 9868 9858
f 9868 9869 9858
f 9858 9869 9875
f 8901 8903 8902
f 6285 6286 6284
f 11555 11559 11560
f 4523 4521 4524
f 11580 11581 11582
f 11582 11581 11584
f 6359 6361 6363
f 6370 6364 6361
f 3606 3604 3607
f 1314 1381 1318
f 3604 3605 3607
f 1172 1173 1153
f 1795 1778 1781
f 1794 1823 1795
f 1157 1159 1160
f 6213 6209 6212
f 3598 3594 3610
f 3610 3594 3611
f 3594 3590 3611
f 9869 9868 9870
f 4156 4149 4157
f 8745 8741 8743
f 7239 7241 7240
f 7240 7241 7242
f 939 929 912
f 11583 11581 11580
f 7692 7693 7694
f 7692 7694 7695
f 1314 1315 1319
f 1173 1155 1153
f 3605 3604 3599
f 1153 1155 1154
f 1155 1159 1154
f 3599 3596 3598
f 3598 3596 3594
f 3613 3592 3615
f 4156 4150 4149
f 4153 4150 4156
f 11555 11554 11559
f 11559 11554 11563
f 11567 11568 11569
f 912 929 928
f 6370 6371 6364
f 919 887 920
f 1778 1780 1781
f 1795 1824 1778
f 6207 6208 6209
f 6209 6208 6212
f 6212 6221 6252
f 3611 3590 3592
f 3611 3592 3613
f 7241 7243 7242
f 11557 11553 11555
f 912 928 910
f 6582 6590 6609
f 888 883 887
f 1823 1824 1795
f 3596 3595 3594
f 3595 3593 3594
f 3594 3593 3590
f 1423 1421 1417
f 4147 4148 4149
f 4150 4147 4149
f 3592 3608 3615
f 8902 8903 8904
f 11542 11543 11544
f 11553 11554 11555
f 928 925 910
f 1368 1316 1348
f 1348 1316 1312
f 910 925 906
f 1312 1316 1315
f 6204 6201 6203
f 6201 6202 6203
f 1778 1779 1780
f 6202 6205 6207
f 1778 1824 1779
f 6252 6221 6260
f 3596 3597 3595
f 6208 6221 6212
f 1424 1446 1445
f 3590 3591 3592
f 3592 3591 3608
f 1380 1320 1315
f 1389 1380 1378
f 6204 6270 6201
f 6201 6270 6211
f 6201 6211 6206
f 6201 6205 6202
f 6201 6206 6205
f 6205 6208 6207
f 6205 6210 6208
f 6208 6217 6221
f 3593 3591 3590
f 11544 11550 11549
f 1316 1353 1315
f 1824 1826 1779
f 6217 6222 6221
f 3597 3603 3595
f 3603 3600 3593
f 3591 3602 3608
f 4154 4152 4147
f 4147 4151 4148
f 1353 1359 1315
f 1826 1797 1779
f 6206 6214 6205
f 6205 6214 6210
f 6221 6261 6260
f 6210 6216 6208
f 6208 6216 6217
f 3600 3602 3591
f 11553 11558 11556
f 11553 11556 11554
f 11554 11556 11564
f 6211 6220 6206
f 6222 6223 6221
f 11550 11551 11552
f 1353 1360 1359
f 1379 1376 1378
f 1378 1376 1377
f 1378 1377 1387
f 6206 6220 6215
f 6206 6215 6214
f 6230 6224 6222
f 6214 6216 6210
f 6217 6216 6230
f 6223 6261 6221
f 1360 1361 1359
f 6214 6215 6218
f 6214 6218 6216
f 11558 11562 11556
f 6593 6597 6592
f 6218 6236 6216
f 6230 6231 6224
f 6916 6917 6914
f 6223 6264 6261
f 6230 6216 6231
f 6216 6232 6231
f 1360 1362 1361
f 6216 6236 6232
f 6224 6231 6225
f 6224 6225 6223
f 11600 11601 11602
f 1361 1362 1363
f 6918 6919 6917
f 1377 1374 1390
f 6215 6219 6218
f 11603 11604 11605
f 11609 11606 11608
f 6918 6920 6919
f 1376 1374 1377
f 6220 6219 6215
f 6264 6226 6255
f 6264 6223 6226
f 11597 11596 11599
f 6220 6269 6219
f 6218 6219 6236
f 6223 6225 6226
f 4368 4360 4367
f 4367 4360 4363
f 8851 8843 8846
f 11606 11607 11608
f 1362 1364 1363
f 2182 2175 2153
f 6219 6235 6236
f 6236 6235 6232
f 6225 6227 6226
f 4365 4360 4368
f 11005 11003 11004
f 1362 1365 1364
f 2182 2147 2175
f 4365 4366 4361
f 4365 4361 4360
f 4360 4361 4362
f 4360 4362 4363
f 11611 11612 11613
f 11617 11614 11616
f 6235 6233 6232
f 6226 6229 6255
f 8843 8844 8845
f 11614 11615 11616
f 6193 6195 6198
f 6199 6193 6198
f 11003 11002 11004
f 11634 11635 11636
f 1375 1373 1374
f 6219 6269 6237
f 6219 6237 6235
f 6234 6228 6227
f 6233 6234 6231
f 6232 6233 6231
f 5417 5418 5419
f 5418 5420 5419
f 6198 6195 6200
f 11003 11001 11002
f 11002 11001 11000
f 5418 5421 5420
f 5421 5422 5420
f 5420 5422 5423
f 11637 11638 11639
f 3554 3553 3566
f 2712 2709 2711
f 11658 11659 11660
f 11655 11656 11657
f 11652 11653 11654
f 1373 1372 1374
f 6271 6237 6269
f 6237 6238 6235
f 6235 6238 6233
f 6227 6228 6226
f 6226 6228 6229
f 4366 4364 4361
f 8844 8847 8845
f 4361 4364 4362
f 6193 6194 6195
f 11001 10999 11000
f 11000 10999 10989
f 10989 10999 10988
f 10989 10982 10997
f 10989 10988 10982
f 10997 10982 10984
f 10982 10983 10984
f 10984 10983 10985
f 10985 10983 10986
f 10985 10986 10990
f 10990 10986 10991
f 11643 11644 11645
f 2710 2709 2701
f 6229 6253 6254
f 11015 11016 11017
f 11001 11006 10999
f 10988 10980 10982
f 1759 1758 1757
f 2709 2706 2701
f 1365 1366 1364
f 6237 6239 6238
f 6238 6241 6233
f 6233 6241 6234
f 1758 1755 1757
f 9353 9354 9355
f 10980 10981 10982
f 10986 10993 10992
f 10986 10992 10991
f 6271 6239 6237
f 6238 6240 6241
f 6234 6241 6228
f 8848 8841 8847
f 5338 5332 5337
f 5337 5332 5336
f 11010 11009 11001
f 7340 7341 7342
f 1773 1772 1758
f 1758 1772 1755
f 1757 1755 1754
f 10982 10981 10983
f 3551 3552 3548
f 1365 1369 1366
f 1366 1371 1372
f 6238 6239 6240
f 6228 6245 6229
f 8841 8849 8847
f 6229 6246 6253
f 5339 5332 5338
f 5334 5332 5333
f 6038 6040 6041
f 5340 5332 5342
f 11009 11008 11001
f 11008 11007 11001
f 11001 11007 11006
f 7341 7344 7342
f 7341 7347 7344
f 5330 5329 5331
f 7346 7348 7344
f 5331 5329 5341
f 10983 10987 10998
f 10998 10993 10986
f 10983 10998 10986
f 10993 10994 10992
f 10983 10981 10987
f 8561 8562 8563
f 4730 4732 4733
f 3548 3550 3551
f 1372 1371 1388
f 6241 6240 6228
f 6228 6240 6245
f 8848 8840 8841
f 6245 6246 6229
f 11665 11661 11664
f 5332 5319 5333
f 5333 5319 5335
f 5319 5321 5335
f 7349 7347 7341
f 5322 5323 5330
f 6720 6718 6721
f 11006 11007 11011
f 5330 5323 5329
f 1773 1774 1772
f 2535 2534 2537
f 4740 4731 4736
f 4741 4740 4736
f 10023 10031 10024
f 817 816 822
f 8883 8885 8886
f 1755 1750 1754
f 1750 1751 1754
f 5654 5649 5653
f 4730 4729 4732
f 3552 3555 3548
f 6239 6243 6240
f 2144 2177 2167
f 11661 11663 11664
f 6038 6042 6039
f 6038 6039 6040
f 5340 5325 5332
f 5332 5325 5319
f 5319 5320 5321
f 6982 6983 6978
f 5321 5320 5322
f 8122 8125 8123
f 5320 5323 5322
f 6720 6716 6718
f 11011 11012 11013
f 6969 6970 6971
f 5326 5327 5323
f 4736 4731 4727
f 3950 3960 3962
f 10998 10996 10993
f 10993 10996 10995
f 10993 10995 10994
f 5653 5649 5651
f 4684 4683 4686
f 4730 4727 4729
f 5649 5650 5651
f 819 824 816
f 2924 2923 2925
f 4732 4734 4733
f 4733 4734 4735
f 5506 5508 5509
f 5509 5508 5511
f 6243 6247 6240
f 6240 6247 6245
f 8841 8842 8849
f 8849 8842 8850
f 6245 6248 6246
f 8840 8838 8841
f 7383 7385 7384
f 7382 7383 7384
f 11674 11675 11676
f 11661 11662 11663
f 6973 6974 6975
f 6973 6975 6976
f 7826 7827 7828
f 835 834 821
f 8122 8123 8124
f 5325 5324 5319
f 5319 5324 5320
f 7337 7350 7347
f 4704 4701 4705
f 5324 5326 5320
f 5320 5326 5323
f 11007 11012 11011
f 2668 2665 2686
f 5323 5328 5329
f 1755 1748 1750
f 4731 4728 4727
f 4727 4728 4729
f 1750 1746 1751
f 5651 5650 5657
f 1751 1746 1764
f 4683 4684 4682
f 4683 4685 4686
f 7433 7430 7429
f 8854 8855 8856
f 5506 5510 5507
f 5506 5507 5508
f 3548 3549 3550
f 5508 5512 5511
f 5508 5507 5512
f 2173 2169 2178
f 8841 8838 8842
f 8840 8837 8838
f 6246 6248 6257
f 8036 8037 8038
f 11662 11667 11663
f 4530 4529 4528
f 6976 6975 6978
f 6976 6978 6979
f 6978 6981 6980
f 6979 6978 6980
f 6978 6986 6981
f 7330 7339 7338
f 7333 7330 7338
f 7332 7339 7330
f 7330 7331 7332
f 6984 6987 6981
f 6986 6984 6981
f 6984 6988 6987
f 821 814 817
f 2667 2664 2668
f 6719 6713 6716
f 2664 2665 2668
f 4740 4737 4731
f 8464 8465 8466
f 5657 5650 5656
f 2595 2598 2597
f 8852 8853 8854
f 2653 2652 2654
f 2654 2652 2656
f 8719 8720 8721
f 2924 2922 2923
f 2923 2922 2921
f 2685 2659 2680
f 2652 2657 2656
f 2656 2657 2659
f 2677 2679 2659
f 2659 2657 2677
f 5507 5513 5512
f 3549 3556 3550
f 2679 2682 2681
f 2683 2684 2670
f 2671 2672 2657
f 2657 2673 2677
f 2677 2678 2679
f 2679 2678 2682
f 2903 2904 2905
f 2657 2672 2673
f 2901 2898 2903
f 2671 2674 2672
f 4490 4492 4495
f 4495 4492 4496
f 6245 6247 6248
f 6248 6251 6257
f 8839 8836 8837
f 11663 11667 11666
f 4530 4531 4529
f 7334 7331 7333
f 7351 7337 7336
f 7336 7337 7332
f 834 833 821
f 7351 7350 7337
f 11009 11014 11008
f 821 833 814
f 6716 6715 6717
f 6716 6717 6718
f 6716 6713 6715
f 817 814 816
f 1748 1746 1750
f 4740 4739 4737
f 4737 4728 4731
f 2664 2655 2665
f 2665 2655 2666
f 4737 4738 4728
f 8491 8492 8493
f 2655 2654 2666
f 2655 2653 2654
f 4682 4680 4683
f 4683 4680 4685
f 8720 8722 8721
f 2651 2652 2653
f 2687 2658 2651
f 2651 2658 2652
f 2658 2660 2652
f 819 823 824
f 2675 2689 2687
f 2659 2679 2680
f 2680 2679 2681
f 8045 8043 8042
f 5507 5514 5513
f 2660 2657 2652
f 2683 2670 2660
f 2660 2670 2657
f 2691 2693 2692
f 3575 3573 3574
f 3580 3575 3574
f 3573 3567 3574
f 2901 2900 2898
f 3570 3581 3583
f 4490 4491 4492
f 6247 6249 6248
f 6248 6249 6251
f 8837 8836 8835
f 3731 3737 3729
f 3296 3298 3302
f 3289 3293 3296
f 3296 3293 3298
f 2661 2664 2667
f 2669 2661 2667
f 2661 2655 2664
f 4737 4739 4738
f 2661 2653 2655
f 7815 7812 7814
f 816 815 819
f 2661 2662 2653
f 7812 7813 7814
f 2662 2663 2653
f 4680 4687 4685
f 4682 4679 4680
f 1760 1767 1768
f 6144 6143 6145
f 4663 4658 4674
f 2662 2675 2663
f 2676 2688 2675
f 2688 2689 2675
f 2922 2895 2921
f 2921 2895 2894
f 2697 2700 2708
f 824 823 825
f 6730 6727 6726
f 2691 2692 2689
f 2904 2898 2896
f 2697 2699 2700
f 6726 6727 6728
f 6726 6728 6729
f 3573 3572 3567
f 3570 3569 3581
f 4496 4492 4494
f 4496 4494 4497
f 6250 6249 6247
f 3741 3740 3731
f 3723 3731 3730
f 8411 8412 8413
f 838 837 835
f 3740 3737 3731
f 7414 7415 7416
f 835 837 834
f 4309 4306 4308
f 837 839 834
f 7335 7352 7351
f 7336 7335 7351
f 4309 4315 4306
f 4306 4305 4308
f 1756 1749 1748
f 3289 3291 3293
f 7754 7755 7756
f 6712 6715 6713
f 4667 4666 4665
f 814 815 816
f 6071 6069 6072
f 1746 1745 1760
f 4661 4663 4665
f 7778 7774 7779
f 4663 4661 4660
f 819 815 820
f 4663 4660 4658
f 4679 4678 4680
f 4679 4676 4678
f 819 820 823
f 4674 4658 4659
f 2688 2690 2689
f 5149 5148 5145
f 5145 5146 5147
f 3575 3576 3573
f 3570 3567 3569
f 2900 2899 2898
f 3549 3557 3556
f 7335 7334 7356
f 7354 7335 7356
f 3723 3730 3715
f 7335 7331 7334
f 4549 4550 4548
f 7414 7417 7415
f 4316 4315 4309
f 1756 1771 1749
f 4306 4301 4305
f 1744 1745 1746
f 814 818 815
f 4661 4665 4666
f 1745 1761 1760
f 5642 5643 5644
f 7812 7816 7813
f 815 863 832
f 9231 9232 9233
f 815 832 820
f 4660 4656 4658
f 4658 4657 4659
f 4673 4657 4669
f 2893 2892 2894
f 2895 2893 2894
f 4677 4688 4681
f 4669 4668 4670
f 5148 5146 5145
f 2898 2897 2896
f 5150 5146 5148
f 3576 3578 3573
f 3572 3568 3567
f 3567 3568 3569
f 2899 2897 2898
f 5150 5151 5147
f 5146 5150 5147
f 3581 3569 3579
f 7354 7355 7353
f 838 842 837
f 7354 7353 7335
f 3714 3715 3716
f 7335 7353 7352
f 1742 1731 1734
f 1749 1753 1744
f 10039 10028 10034
f 4305 4301 4303
f 3291 3295 3293
f 818 865 815
f 815 865 863
f 5642 5645 5643
f 7865 7866 7867
f 7774 7776 7777
f 1761 1765 1760
f 1760 1765 1767
f 4656 4657 4658
f 820 826 823
f 4657 4668 4669
f 2895 2896 2893
f 4688 4689 4681
f 3558 3557 3549
f 6545 6543 6542
f 6543 6540 6542
f 3568 3571 3569
f 3569 3571 3579
f 3579 3582 3581
f 4494 4498 4497
f 3724 3720 3727
f 3727 3720 3719
f 3724 3721 3720
f 3720 3714 3719
f 9335 9337 9336
f 1771 1753 1749
f 839 837 840
f 4301 4302 4303
f 3289 3290 3291
f 1744 1747 1745
f 3291 3292 3295
f 7758 7757 7754
f 7754 7757 7755
f 4671 4661 4666
f 1745 1747 1761
f 865 866 863
f 4671 4672 4661
f 5642 5647 5646
f 5642 5646 5645
f 4661 4656 4660
f 4843 4845 4847
f 7774 7773 7776
f 831 820 832
f 4664 4657 4656
f 4664 4668 4657
f 2893 2890 2892
f 2896 2897 2893
f 4221 4223 4224
f 3558 3559 3557
f 2700 2703 2705
f 4688 4690 4689
f 8430 8431 8433
f 6540 6541 6542
f 4227 4221 4228
f 4227 4226 4221
f 4760 4761 4764
f 4760 4759 4761
f 11677 11678 11679
f 3727 3719 3733
f 3733 3719 3732
f 877 878 867
f 3719 3717 3732
f 3732 3717 3734
f 867 876 877
f 3717 3735 3734
f 3734 3735 3736
f 7357 7353 7355
f 3735 3718 3736
f 3717 3718 3735
f 3718 3738 3736
f 3736 3738 3739
f 1731 1727 1734
f 1734 1727 1729
f 1734 1729 1739
f 1753 1752 1744
f 4301 4307 4302
f 4302 4304 4303
f 3290 3292 3291
f 3292 3299 3295
f 7758 7759 7757
f 4661 4672 4662
f 4662 4656 4661
f 8110 8111 8112
f 8424 8418 8426
f 820 831 829
f 1765 1770 1767
f 8416 8420 8414
f 8420 8419 8414
f 8414 8419 8417
f 8417 8419 8435
f 2890 2891 2892
f 8419 8429 8430
f 8435 8419 8430
f 3558 3562 3561
f 3558 3561 3559
f 8430 8429 8431
f 8431 8429 8432
f 4230 4229 4223
f 8519 8520 8521
f 8431 8432 8436
f 4763 4762 4758
f 4221 4222 4223
f 3559 3560 3557
f 4762 4759 4758
f 4758 4759 4760
f 4221 4225 4222
f 4221 4226 4225
f 11683 11684 11685
f 3165 3164 3159
f 867 842 876
f 867 844 842
f 3159 3157 3154
f 11696 11697 11698
f 842 841 837
f 11689 11690 11691
f 837 841 840
f 1747 1763 1762
f 1747 1762 1761
f 3292 3297 3299
f 7759 7760 7757
f 1761 1762 1766
f 1761 1766 1765
f 5647 5648 5646
f 8427 8425 8424
f 4843 4844 4845
f 4180 4178 4177
f 8758 8759 8760
f 1766 1770 1765
f 8418 8420 8416
f 8419 8443 8429
f 8519 8522 8520
f 3164 3161 3159
f 842 844 843
f 842 843 841
f 1739 1729 1737
f 4307 4310 4302
f 3290 3294 3292
f 4302 4310 4304
f 3292 3294 3297
f 4310 4311 4304
f 4304 4311 4312
f 10773 10775 10776
f 6336 6334 6333
f 6333 6334 6335
f 2515 2516 2513
f 8425 8423 8424
f 8424 8423 8418
f 8667 8670 8668
f 1308 1299 1302
f 820 827 826
f 8667 8666 8669
f 3561 3562 3563
f 3563 3562 3564
f 7671 7669 7668
f 7668 7669 7670
f 2876 2873 2881
f 10798 10794 10790
f 844 845 843
f 4894 4893 4895
f 5483 5485 5486
f 3149 3142 3148
f 1731 1723 1727
f 5483 5484 5485
f 5484 5487 5485
f 5485 5487 5488
f 1752 1769 1747
f 874 875 873
f 1747 1769 1763
f 3290 3300 3294
f 8686 8687 8688
f 6722 6723 6724
f 8887 8888 8889
f 6334 6337 6335
f 10773 10774 10775
f 2588 2586 2587
f 4311 4313 4312
f 4312 4313 4314
f 4175 4178 4179
f 5388 5390 5392
f 4175 4177 4178
f 8423 8422 8418
f 5391 5389 5388
f 5388 5389 5390
f 4177 4176 4182
f 8761 8759 8758
f 5393 5394 5391
f 8420 8444 8445
f 5211 5209 5210
f 8445 8444 8440
f 8440 8441 8439
f 8439 8441 8437
f 2879 2873 2878
f 2879 2878 2880
f 7256 7257 7258
f 11705 11706 11707
f 3340 3334 3341
f 3341 3334 3336
f 3336 3332 3339
f 843 845 846
f 8229 8230 8231
f 4894 4891 4893
f 4891 4892 4893
f 4893 4896 4899
f 1727 1726 1729
f 1729 1728 1737
f 4893 4892 4896
f 3142 3147 3148
f 1736 1723 1731
f 4697 4693 4695
f 3922 3911 3917
f 6027 6014 6026
f 3917 3911 3915
f 4508 4507 4505
f 4500 4505 4507
f 10780 10781 10782
f 4175 4176 4177
f 8418 8422 8421
f 3916 3906 3923
f 8762 8763 8759
f 8761 8762 8759
f 8418 8421 8420
f 8420 8421 8446
f 4641 4637 4636
f 4182 4176 4183
f 8446 8444 8420
f 829 828 820
f 828 827 820
f 8444 8442 8440
f 2890 2889 2891
f 8442 8441 8440
f 3562 3565 3564
f 2887 2886 2884
f 3336 3334 3332
f 7711 7704 7710
f 845 847 846
f 3137 3142 3144
f 1723 1726 1727
f 1729 1726 1728
f 4891 4897 4892
f 1728 1740 1737
f 1733 1723 1736
f 1737 1740 1741
f 4694 4695 4693
f 4692 4694 4693
f 4694 4692 4698
f 3911 3908 3915
f 3300 3301 3294
f 4634 4642 4639
f 4505 4502 4506
f 4505 4500 4502
f 10778 10779 10774
f 10777 10778 10774
f 3915 3908 3916
f 4175 4181 4176
f 3916 3908 3906
f 5129 5124 5133
f 2886 2885 2884
f 2873 2874 2875
f 2876 2874 2873
f 3340 3335 3334
f 7710 7704 7708
f 1723 1719 1726
f 4897 4898 4892
f 4696 4693 4697
f 8181 8186 8187
f 3922 3918 3911
f 4691 4693 4696
f 4691 4692 4693
f 7600 7605 7607
f 6025 6014 6024
f 4638 4640 4634
f 4640 4642 4634
f 10012 10013 10009
f 4500 4501 4502
f 10012 10009 10010
f 4501 4503 4502
f 3906 3908 3905
f 4501 4504 4503
f 4184 4183 4176
f 829 830 828
f 5209 5207 5210
f 4184 4185 4183
f 2920 2888 2886
f 1294 1293 1277
f 2873 2875 2878
f 2878 2882 2883
f 2878 2883 2880
f 3645 3644 3646
f 2884 2885 2877
f 2884 2877 2876
f 2876 2877 2874
f 3332 3331 3333
f 846 847 848
f 1723 1721 1719
f 1728 1730 1740
f 1733 1724 1723
f 4356 4359 4357
f 3918 3909 3911
f 6014 6019 6024
f 8663 8664 8665
f 5115 5113 5112
f 3911 3909 3908
f 7601 7597 7599
f 5313 5315 5311
f 8946 8945 8942
f 10001 9996 9998
f 830 836 828
f 3906 3905 3904
f 8943 8936 8944
f 9998 9997 10000
f 2889 2907 2891
f 2875 2882 2878
f 2888 2885 2886
f 2874 2917 2875
f 9764 9761 9752
f 3335 3329 3334
f 3334 3329 3332
f 3137 3138 3139
f 3332 3329 3331
f 3137 3139 3142
f 1726 1719 1728
f 7708 7704 7707
f 1723 1724 1721
f 5001 5000 5003
f 6017 6015 6014
f 6014 6015 6016
f 6014 6016 6019
f 6910 6911 6912
f 3909 3905 3908
f 5310 5309 5314
f 8945 8940 8942
f 9998 9996 9997
f 6161 6162 6163
f 5209 5205 5207
f 8936 8939 8944
f 8944 8939 8940
f 10000 9997 10007
f 8936 8935 8939
f 5129 5120 5124
f 8938 8937 8936
f 18 17 45
f 10007 9997 10006
f 5124 5120 5123
f 2917 2919 2875
f 9759 9762 9763
f 5120 5122 5123
f 5123 5122 5130
f 9760 9765 9756
f 9767 9768 9769
f 9760 9756 9759
f 9757 9756 9765
f 9759 9758 9762
f 9753 9751 9752
f 9752 9751 9748
f 9748 9749 9750
f 9757 9750 9756
f 9756 9758 9759
f 9751 9749 9748
f 9750 9754 9755
f 9750 9755 9756
f 9756 9755 9758
f 9749 9754 9750
f 3045 3046 3050
f 11089 11088 11090
f 3141 3140 3137
f 3140 3138 3137
f 3329 3330 3331
f 3139 3143 3142
f 5005 4999 5001
f 5196 5200 5199
f 4999 5000 5001
f 869 864 868
f 1721 1720 1719
f 1732 1724 1733
f 3918 3913 3909
f 5112 5113 5114
f 8180 8179 8178
f 5112 5114 5118
f 857 858 859
f 860 857 859
f 5739 5736 5738
f 3909 3910 3905
f 8769 8770 8771
f 5310 5307 5309
f 5315 5307 5311
f 10011 10014 10001
f 10001 10014 9992
f 10001 9992 9996
f 8940 8941 8942
f 7445 7446 7447
f 7445 7448 7446
f 2883 2906 2889
f 1287 1283 1296
f 3642 3644 3645
f 5122 5128 5130
f 5128 5131 5130
f 7709 7705 7704
f 848 847 849
f 2137 2138 2130
f 7704 7706 7707
f 5000 4999 5002
f 864 849 861
f 864 861 868
f 1724 1725 1721
f 3920 3913 3918
f 5113 5116 5114
f 857 851 858
f 3909 3913 3910
f 5307 5308 5309
f 3910 3907 3905
f 6132 6131 6134
f 7403 7401 7400
f 6922 6925 6923
f 4917 4913 4916
f 9993 9995 9991
f 2906 2907 2889
f 2909 2908 2906
f 3043 3057 3042
f 2910 2908 2909
f 3642 3639 3644
f 5120 5121 5122
f 3057 3040 3042
f 11088 11087 11090
f 7717 7716 7709
f 3331 3330 3337
f 3139 3145 3143
f 1719 1718 1728
f 1728 1718 1730
f 5771 5773 5774
f 5774 5773 5775
f 6020 6018 6021
f 8181 8165 8180
f 1725 1722 1721
f 1721 1722 1720
f 3920 3914 3913
f 6015 6022 6018
f 5114 5116 5117
f 861 849 857
f 8179 8176 8178
f 5736 5733 5738
f 1871 1877 1864
f 5308 5312 5309
f 7400 7401 7402
f 6923 6925 6926
f 1875 1872 1876
f 3905 3907 3900
f 5717 5716 5713
f 5713 5716 5714
f 5713 5714 5715
f 5205 5206 5207
f 9993 10002 9995
f 4916 4913 4915
f 2906 2908 2907
f 3642 3641 3639
f 2910 2911 2908
f 3639 3640 3644
f 5122 5126 5128
f 11708 11709 11710
f 3330 3338 3337
f 6305 6307 6306
f 847 850 849
f 7705 7712 7706
f 6305 6309 6307
f 7706 7712 7718
f 1720 1717 1719
f 1717 1718 1719
f 1720 1722 1717
f 849 851 857
f 8531 8532 8533
f 8795 8796 8797
f 3912 3910 3913
f 5737 5734 5736
f 5734 5733 5736
f 8176 8174 8177
f 5312 5316 5309
f 5709 5713 5715
f 5709 5715 5711
f 5219 5222 5223
f 10019 10020 10021
f 9992 10005 10003
f 9992 10003 9994
f 9992 9994 9993
f 5205 5208 5206
f 57 58 59
f 4916 4915 4925
f 3900 3903 3904
f 4913 4914 4915
f 2908 2911 2912
f 3641 3632 3639
f 5121 5125 5122
f 5122 5125 5126
f 11721 11717 11720
f 11715 11712 11711
f 11717 11719 11720
f 11717 11718 11719
f 7716 7701 7709
f 7709 7701 7705
f 5457 5458 5459
f 7705 7713 7712
f 8188 8182 8189
f 850 851 849
f 1725 1735 1722
f 1730 1718 1738
f 8165 8164 8179
f 3913 3914 3912
f 11728 11729 11730
f 5732 5733 5734
f 8766 8767 8768
f 6923 6927 6928
f 6923 6926 6927
f 10005 9994 10003
f 2727 2726 2724
f 7402 7401 7404
f 7402 7404 7405
f 2727 2724 2728
f 9993 9994 10002
f 4915 4923 4925
f 6154 6152 6155
f 8861 8862 8863
f 4915 4918 4923
f 2914 2915 2913
f 2914 2913 2911
f 4915 4914 4918
f 3639 3632 3638
f 5132 5127 5121
f 3639 3638 3640
f 5121 5127 5125
f 11061 11060 11065
f 7701 7700 7705
f 8188 8201 8185
f 5460 5458 5457
f 3342 3337 3338
f 3342 3343 3337
f 8188 8185 8182
f 5797 5798 5799
f 7715 7712 7714
f 8182 8165 8181
f 8160 8164 8165
f 8160 8162 8164
f 8164 8162 8176
f 8162 8167 8176
f 7606 7611 7616
f 7392 7393 7394
f 3765 3767 3769
f 8176 8167 8174
f 851 853 854
f 5706 5708 5707
f 854 853 855
f 10089 10090 10091
f 3912 3898 3907
f 3910 3912 3907
f 5317 5316 5312
f 10005 10015 9994
f 2726 2725 2724
f 4925 4926 4927
f 6926 6930 6929
f 3622 3625 3623
f 3622 3623 3624
f 6929 6930 6931
f 9994 10018 10002
f 6930 6932 6931
f 3623 3627 3624
f 1298 1297 1305
f 4918 4924 4923
f 11062 11060 11059
f 11062 11063 11060
f 11060 11063 11064
f 3342 3344 3343
f 5999 6001 6002
f 4771 4768 4770
f 7712 7713 7714
f 3343 3347 3337
f 850 871 852
f 2122 2124 2123
f 850 852 851
f 8161 8163 8162
f 4630 4626 4629
f 4629 4626 4622
f 3769 3767 3770
f 3770 3767 3771
f 3767 3772 3771
f 3771 3772 3775
f 4935 4932 4934
f 4194 4190 4191
f 5705 5710 5712
f 3919 3912 3914
f 3765 3766 3767
f 3766 3768 3767
f 5710 5705 5707
f 3765 3777 3766
f 5735 5733 5732
f 5216 5218 5221
f 5216 5217 5218
f 5312 5318 5317
f 4841 4836 4840
f 4929 4927 4930
f 3907 3898 3900
f 3626 3633 3623
f 3626 3623 3625
f 3898 3899 3900
f 6931 6932 6933
f 2724 2739 2729
f 3633 3628 3623
f 6933 6932 6934
f 3633 3634 3628
f 3623 3628 3627
f 3627 3628 3629
f 3629 3630 3632
f 3630 3637 3632
f 3628 3630 3629
f 3637 3638 3632
f 3637 3643 3638
f 11072 11073 11074
f 3342 3345 3344
f 6698 6697 6700
f 5999 6000 6001
f 8185 8184 8182
f 4768 4769 4770
f 8182 8184 8183
f 4934 4932 4931
f 7998 7984 7997
f 851 852 853
f 3767 3768 3772
f 8167 8166 8174
f 4932 4929 4931
f 10089 10070 10090
f 8174 8166 8172
f 3777 3778 3766
f 3766 3776 3768
f 9039 9035 9034
f 9039 9036 9035
f 3919 3898 3912
f 5220 5218 5217
f 4930 4927 4922
f 10016 10017 9994
f 10015 10016 9994
f 4927 4937 4922
f 3901 3899 3898
f 9994 10017 10018
f 6935 6931 6933
f 6935 6933 6936
f 2739 2713 2729
f 5370 5368 5364
f 2729 2715 2732
f 3634 3635 3628
f 2715 2740 2745
f 3635 3631 3628
f 3628 3631 3630
f 3630 3636 3637
f 3631 3636 3630
f 8201 8184 8185
f 6696 6700 6697
f 4626 4625 4622
f 4622 4625 4623
f 4622 4623 4624
f 4934 4901 4936
f 7981 7982 7983
f 7983 7982 7984
f 4934 4931 4901
f 7984 7994 7997
f 4930 4909 4931
f 7997 7994 7996
f 10070 10092 10090
f 9036 9038 9037
f 3776 3774 3768
f 3768 3773 3772
f 10069 10068 10070
f 853 852 856
f 7327 7328 7329
f 3774 3773 3768
f 7994 7995 7996
f 3919 3921 3898
f 4840 4836 4838
f 4930 4919 4909
f 3921 3902 3898
f 2722 2723 2720
f 3902 3901 3898
f 4919 4920 4921
f 7364 7365 7366
f 5364 5368 5365
f 5364 5365 5366
f 2729 2713 2715
f 3428 3431 3421
f 5370 5371 5368
f 10407 10406 10404
f 4766 4769 4768
f 4768 4767 4766
f 4624 4627 4628
f 4632 4631 4626
f 7989 7982 7981
f 5444 5447 5448
f 7984 7982 7994
f 10070 10093 10092
f 10069 10067 10068
f 4836 4837 4838
f 4838 4837 4839
f 3924 3902 3921
f 3902 3924 3925
f 2722 2720 2714
f 2713 2714 2715
f 2715 2716 2740
f 7412 7411 7409
f 7409 7411 7407
f 4767 4768 4772
f 4765 4766 4767
f 6890 6889 6892
f 10114 10064 10118
f 4624 4623 4627
f 7985 7987 7989
f 8194 8193 8191
f 10057 10064 10058
f 7989 7987 7982
f 5444 5446 5447
f 10061 10068 10067
f 7982 7991 7994
f 7994 7991 7995
f 4837 4842 4839
f 4103 4091 4101
f 9159 9155 9157
f 5731 5730 5726
f 5726 5730 5729
f 5729 5727 5726
f 5368 5369 5365
f 5726 5727 5728
f 2714 2717 2716
f 2714 2716 2715
f 7985 7986 7987
f 7987 7990 7982
f 10066 10065 10061
f 7982 7990 7991
f 10111 10067 10072
f 8475 8472 8474
f 8480 8484 8483
f 2723 2734 2720
f 4103 4101 4104
f 4101 4102 4104
f 9160 9158 9155
f 9155 9156 9157
f 9157 9156 9161
f 2720 2717 2714
f 6886 6888 6889
f 5444 5445 5446
f 5718 5719 5720
f 8190 8171 8168
f 4900 4903 4905
f 8171 8169 8168
f 7990 7992 7991
f 8166 8169 8170
f 2738 2737 2734
f 4104 4102 4105
f 4101 4100 4102
f 4091 4095 4100
f 4091 4100 4101
f 9155 9158 9156
f 4091 4094 4095
f 10125 10126 10122
f 6886 6887 6888
f 11740 11741 11742
f 11737 11738 11739
f 8457 8453 8456
f 7986 7988 7987
f 8453 8454 8456
f 5446 5445 5449
f 4903 4902 4906
f 7999 7993 7990
f 4902 4907 4906
f 7993 7992 7990
f 8476 8478 8482
f 8139 8147 8148
f 2720 2721 2719
f 2720 2719 2717
f 11744 11743 11746
f 7990 8000 7999
f 4903 4906 4908
f 4908 4906 4910
f 4906 4911 4910
f 8000 7993 7999
f 4906 4912 4911
f 8478 8479 8481
f 8138 8144 8139
f 8139 8144 8147
f 2734 2731 2720
f 2720 2731 2721
f 11756 11757 11758
f 11747 11748 11749
f 8453 8450 8454
f 8450 8452 8454
f 8454 8452 8458
f 8143 8144 8138
f 11750 11751 11752
f 8452 8455 8458
f 8145 8146 8143
f 11759 11760 11761
f 11762 11763 11764
f 2741 2743 2742
f 5476 5471 5478
f 5470 5471 5472
f 5472 5471 5476
f 7038 7041 7042
f 5233 5232 5235
f 5233 5235 5236
f 4483 4484 4485
f 5763 5766 5767
f 5767 5766 5769
f 4474 4478 4477
f 5234 5232 5231
f 5231 5232 5233
f 4468 4469 4488
f 4486 4468 4487
f 4487 4468 4488
f 5473 5470 5472
f 5472 5476 5477
f 4463 4484 4483
f 4645 4654 4647
f 9145 9149 9148
f 4468 4466 4469
f 4466 4468 4467
f 4467 4468 4486
f 4475 4463 4483
f 5768 5767 5769
f 4481 4480 4482
f 4476 4474 4477
f 7039 7038 7043
f 7035 7037 7039
f 7037 7040 7039
f 8284 8285 8286
f 5480 5473 5475
f 4470 4464 4462
f 4462 4464 4463
f 5764 5762 5761
f 5761 5762 5763
f 5761 5763 5768
f 5768 5763 5767
f 9145 9148 9146
f 4474 4476 4471
f 7786 7787 7783
f 7035 7039 7107
f 4466 4467 4456
f 4457 4466 4456
f 4462 4463 4459
f 4463 4475 4465
f 9144 9145 9146
f 4473 4474 4471
f 7035 7107 7140
f 7186 7187 7185
f 4459 4463 4465
f 5761 5768 5770
f 9144 9146 9147
f 4472 4473 4471
f 7107 7039 7103
f 4455 4457 4456
f 4459 4465 4460
f 4460 4480 4479
f 4479 4480 4481
f 7108 7110 7125
f 4472 4471 4452
f 7103 7039 7108
f 4455 4471 4457
f 4455 4456 4454
f 4454 4456 4462
f 4462 4459 4454
f 6874 6873 6877
f 10874 10875 10873
f 7108 7125 7124
f 294 295 293
f 4453 4472 4452
f 4471 4455 4452
f 4452 4455 4454
f 4458 4454 4459
f 4458 4459 4460
f 4461 4460 4479
f 6872 6873 6874
f 10869 10872 10871
f 7120 7108 7124
f 4458 4460 4461
f 10874 10873 10869
f 6330 6329 6331
f 10870 10869 10871
f 5412 5411 5413
f 5411 5414 5413
f 10884 10883 10882
f 7102 7103 7089
f 4451 4452 4454
f 4454 4458 4451
f 6876 6872 6875
f 10934 10935 10936
f 5410 5411 5412
f 7089 7124 7092
f 282 294 293
f 7120 7124 7089
f 4451 4458 4446
f 4449 4458 4461
f 10870 10880 10868
f 4452 4451 4450
f 4446 4458 4449
f 5416 5415 5412
f 4436 4435 4437
f 7087 7089 7088
f 7086 7087 7088
f 282 293 281
f 4450 4453 4452
f 7099 7101 7087
f 4446 4450 4451
f 4446 4449 4438
f 262 282 281
f 262 281 280
f 4442 4446 4438
f 4438 4449 4435
f 4434 4438 4435
f 4434 4435 4436
f 4439 4434 4436
f 10878 10877 10879
f 4448 4450 4446
f 7126 7099 7149
f 4441 4442 4438
f 10877 10881 10879
f 7085 7086 7088
f 259 262 261
f 262 280 279
f 261 262 279
f 4442 4448 4446
f 1913 1921 1922
f 4440 4441 4438
f 10865 10833 10881
f 4440 4438 4434
f 10865 10881 10877
f 7084 7086 7085
f 1914 1921 1913
f 7090 7087 7084
f 4443 4441 4444
f 4444 4441 4440
f 10831 10832 10833
f 7078 7079 7083
f 255 259 258
f 258 259 260
f 259 261 260
f 7094 7090 7084
f 260 261 279
f 1949 1914 1908
f 1908 1914 1913
f 7090 7113 7123
f 4447 4443 4445
f 4445 4443 4444
f 1908 1913 1909
f 1950 1949 1908
f 10826 10827 10829
f 10830 10826 10829
f 7077 7079 7078
f 1910 1950 1908
f 1908 1909 1907
f 10915 10914 10836
f 7077 7078 7076
f 255 258 257
f 1910 1908 1886
f 1886 1908 1907
f 10823 10825 10824
f 10822 10823 10824
f 219 255 254
f 254 255 257
f 1886 1907 1906
f 218 219 217
f 7081 7080 7077
f 217 219 254
f 1887 1910 1886
f 1885 1887 1886
f 1888 1886 1906
f 7073 7081 7077
f 1885 1886 1879
f 1879 1886 1888
f 1888 1906 1953
f 10922 10923 10920
f 7073 7077 7076
f 1880 1879 1888
f 10812 10811 10809
f 156 218 217
f 217 251 210
f 1911 1885 1878
f 1878 1885 1879
f 1880 1888 1889
f 1889 1888 1953
f 10863 10837 10818
f 10809 10810 10807
f 7073 7076 7075
f 7082 7073 7069
f 1878 1879 1880
f 1889 1953 1884
f 10806 10809 10807
f 7072 7073 7075
f 156 217 210
f 7091 7082 7069
f 10813 10812 10809
f 7069 7073 7072
f 1880 1889 1881
f 7068 7069 7072
f 1912 1911 1905
f 1905 1911 1878
f 1881 1889 1884
f 156 210 209
f 1878 1880 1881
f 10813 10809 10814
f 154 156 155
f 155 156 209
f 7067 7069 7068
f 1905 1878 1882
f 1883 1881 1884
f 11351 11352 11350
f 11350 11352 11353
f 1882 1878 1881
f 10838 10840 10864
f 10838 10864 10819
f 7066 7068 7072
f 11393 11395 11391
f 1882 1881 1883
f 10817 10864 10815
f 10843 10840 10842
f 7067 7068 7066
f 1896 1905 1882
f 214 155 211
f 211 209 212
f 7065 7067 7066
f 11342 11351 11350
f 1890 1882 1883
f 1890 1883 1894
f 153 154 151
f 154 155 151
f 151 155 214
f 1896 1882 1891
f 1891 1882 1890
f 10860 10816 10859
f 7063 7070 7065
f 1898 1905 1896
f 1897 1896 1891
f 150 153 151
f 7063 7065 7064
f 11342 11350 11349
f 11358 11357 11359
f 10927 10930 10928
f 7064 7066 7074
f 1898 1896 1897
f 1891 1890 1892
f 1890 1894 1893
f 10927 10928 10929
f 68 71 69
f 7063 7064 7061
f 1892 1890 1893
f 581 598 579
f 10886 10848 10856
f 560 564 563
f 564 568 563
f 68 69 70
f 11777 11778 11779
f 214 211 213
f 213 211 212
f 11339 11342 11340
f 11340 11342 11349
f 7062 7063 7061
f 1899 1898 1897
f 599 598 581
f 10848 10850 10856
f 578 579 569
f 563 568 571
f 571 568 573
f 149 150 151
f 149 151 214
f 11387 11389 11388
f 7508 7510 7514
f 7507 7509 7508
f 7508 7509 7510
f 1892 1893 1934
f 1934 1893 1935
f 561 560 556
f 566 563 571
f 7061 7064 7074
f 7505 7507 7506
f 1900 1899 1897
f 7506 7507 7508
f 1897 1891 1895
f 1891 1892 1895
f 1937 1892 1934
f 583 585 581
f 581 579 578
f 578 569 556
f 556 569 561
f 556 560 557
f 557 560 563
f 571 573 572
f 572 573 574
f 7502 7505 7503
f 149 214 215
f 7505 7506 7503
f 583 581 582
f 566 571 572
f 572 574 575
f 7572 7502 7511
f 7568 7553 7572
f 7553 7502 7572
f 9680 9679 9677
f 9676 9677 9678
f 215 214 213
f 11384 11387 11388
f 1900 1897 1903
f 586 585 583
f 1936 1937 1934
f 1936 1934 1935
f 555 556 557
f 557 563 558
f 7582 7568 7572
f 7504 7511 7502
f 7502 7503 7504
f 7061 7074 7071
f 11339 11340 11341
f 11384 11382 11387
f 1903 1897 1895
f 588 587 586
f 587 585 586
f 580 582 581
f 555 557 558
f 572 575 576
f 4402 4403 4404
f 7551 7568 7576
f 146 150 149
f 228 149 215
f 590 587 589
f 7059 7061 7071
f 7060 7061 7059
f 1901 1899 1900
f 587 588 589
f 11383 11382 11384
f 1902 1900 1903
f 1937 1936 1938
f 10854 10852 10851
f 580 581 578
f 577 572 576
f 8825 8826 8827
f 11408 11406 11405
f 7577 7551 7576
f 9671 9672 9673
f 9673 9674 9671
f 7578 7552 7577
f 7552 7551 7577
f 9671 9674 9675
f 9675 9674 9676
f 148 150 146
f 1902 1901 1900
f 11343 11339 11341
f 422 424 425
f 411 412 422
f 425 411 422
f 1903 1895 1904
f 427 424 423
f 422 412 413
f 558 563 566
f 572 577 570
f 11405 11406 11407
f 3994 3995 3993
f 9667 9672 9671
f 7573 7565 7552
f 7574 7583 7575
f 1902 1944 1901
f 11344 11343 11341
f 434 423 435
f 583 582 580
f 580 578 559
f 559 578 556
f 570 566 572
f 3272 3279 3286
f 1258 1243 1259
f 8281 8282 8283
f 8827 8826 8830
f 5971 5959 5970
f 11409 11410 11411
f 11396 11397 11398
f 4971 4983 4968
f 3992 3994 3993
f 9668 9671 9682
f 7573 7552 7579
f 7579 7552 7578
f 9682 9671 9675
f 9675 9676 9682
f 421 411 431
f 7584 7583 7574
f 143 148 146
f 411 425 431
f 7574 7565 7573
f 1915 1944 1902
f 355 358 357
f 593 589 588
f 11381 11382 11383
f 1902 1903 1904
f 588 586 593
f 580 559 597
f 565 558 566
f 565 566 567
f 567 566 570
f 1238 1243 1258
f 4979 4986 4980
f 3515 3527 3526
f 3515 3526 3514
f 8829 8827 8830
f 8830 8826 8832
f 8772 8773 8774
f 11399 11396 11398
f 4973 4971 4967
f 3992 3993 3991
f 9684 9667 9665
f 9665 9667 9666
f 9685 9687 9660
f 596 590 591
f 144 148 143
f 359 356 357
f 591 590 589
f 7055 7056 7059
f 11347 11343 11344
f 11345 11344 11341
f 11378 11382 11381
f 1915 1902 1904
f 1933 1904 1938
f 1932 1933 1938
f 4604 4609 4607
f 4604 4607 4602
f 584 583 580
f 584 580 597
f 559 555 562
f 555 558 562
f 562 558 565
f 1255 1254 1238
f 1232 1243 1238
f 4978 4988 4979
f 4977 4978 4979
f 4977 4979 4980
f 3546 3547 3545
f 4980 4981 4977
f 4962 4981 4982
f 4982 4985 4963
f 4985 4969 4963
f 4963 4969 4967
f 3988 3992 3991
f 4968 4967 4971
f 9662 9684 9665
f 9668 9682 9669
f 145 143 146
f 147 146 149
f 9745 9746 9747
f 147 149 228
f 11379 11378 11381
f 1916 1915 1904
f 593 586 595
f 3658 3662 3661
f 456 363 364
f 3278 3274 3277
f 1238 1254 1231
f 1232 1237 1243
f 4964 4978 4977
f 3513 3515 3514
f 5964 5958 5962
f 4962 4964 4977
f 4962 4982 4963
f 4966 4963 4967
f 9644 9645 9646
f 9649 9650 9651
f 9651 9685 9652
f 9652 9685 9660
f 9669 9682 9683
f 145 146 147
f 9431 9433 9434
f 9646 9648 9647
f 9438 9639 9432
f 147 228 268
f 11378 11379 11380
f 3657 3658 3661
f 3655 3657 3656
f 456 364 455
f 1220 1241 1240
f 1219 1220 1221
f 1221 1220 1239
f 1239 1220 1240
f 1239 1240 1242
f 1257 1252 1251
f 1228 1221 1239
f 1254 1257 1222
f 1254 1222 1231
f 1231 1229 1232
f 1232 1229 1233
f 1238 1231 1232
f 1232 1233 1237
f 8829 8830 8831
f 3544 3545 3543
f 4961 4964 4962
f 4961 4962 4963
f 4961 4963 4965
f 4965 4963 4966
f 3988 3991 3990
f 4966 4967 4968
f 4970 4966 4968
f 4970 4968 4972
f 9662 9665 9664
f 9642 9645 9644
f 9438 9432 9430
f 11346 11347 11344
f 11344 11345 11346
f 1915 1916 1917
f 11385 11378 11380
f 593 595 592
f 1939 1933 1929
f 3184 3187 3186
f 8858 8859 8860
f 1929 1933 1932
f 3655 3656 3651
f 1217 1223 1220
f 1930 1943 1945
f 1253 1206 1252
f 1217 1220 1219
f 1252 1216 1218
f 1222 1218 1219
f 1251 1252 1218
f 1251 1218 1222
f 1222 1219 1221
f 1222 1221 1228
f 1239 1242 1236
f 1235 1239 1236
f 1228 1239 1235
f 1257 1251 1222
f 1229 1222 1228
f 1235 1236 1234
f 1229 1228 1235
f 1229 1235 1234
f 1229 1234 1233
f 1231 1222 1229
f 3510 3513 3509
f 5966 5958 5965
f 5965 5958 5964
f 3542 3544 3543
f 3536 3542 3543
f 5807 5806 5803
f 5806 5805 5803
f 3983 3976 3988
f 3983 3988 3990
f 4970 4972 4974
f 9664 9665 9666
f 9649 9651 9652
f 9659 9652 9660
f 9661 9660 9662
f 9435 9431 9434
f 9434 9641 9585
f 9644 9646 9647
f 9686 9647 9649
f 9666 9669 9670
f 9669 9683 9688
f 9670 9669 9688
f 147 268 284
f 591 589 592
f 594 591 592
f 7049 7055 7047
f 1918 1915 1917
f 592 589 593
f 11348 11347 11346
f 414 369 417
f 1916 1904 1920
f 1220 1248 1249
f 7744 7747 7748
f 514 512 526
f 4602 4608 4603
f 1216 1217 1218
f 1218 1217 1219
f 1252 1206 1216
f 7721 7722 7723
f 8212 8214 8211
f 10146 10157 10145
f 3509 3513 3514
f 3511 3510 3497
f 3497 3510 3509
f 3509 3514 3538
f 3509 3538 3500
f 3508 3542 3536
f 4965 4976 4961
f 4987 4965 4966
f 5803 5805 5804
f 5803 5804 5801
f 3996 3978 3975
f 3975 3976 3977
f 3977 3976 3983
f 3983 3990 3985
f 8528 8527 8529
f 8530 8528 8529
f 9465 9642 9644
f 9663 9662 9664
f 9686 9649 9653
f 9653 9649 9652
f 9435 9434 9585
f 9659 9660 9661
f 9662 9663 9661
f 152 145 147
f 9416 9439 9417
f 7055 7059 7058
f 7047 7055 7058
f 11386 11385 11380
f 1920 1917 1916
f 3182 3184 3186
f 8564 8565 8566
f 1215 1223 1217
f 1216 1215 1217
f 4601 4604 4602
f 1203 1195 1206
f 1206 1195 1213
f 1206 1213 1216
f 7744 7748 7743
f 2538 2543 2547
f 6949 6948 6952
f 7723 7722 7724
f 10146 10145 10141
f 3497 3509 3500
f 3497 3500 3499
f 3535 3508 3536
f 3536 3537 3535
f 8646 8647 8648
f 10156 10149 10147
f 10161 10162 10163
f 7374 7371 7373
f 7371 7372 7373
f 5801 5802 5803
f 3979 3997 3996
f 4975 4970 4974
f 4796 4792 4791
f 4620 4621 4618
f 9664 9666 9670
f 9644 9647 9689
f 9689 9647 9686
f 1269 1208 1210
f 152 147 269
f 269 147 284
f 417 416 445
f 11390 11386 11380
f 9704 9708 9706
f 1223 1226 1246
f 7752 7749 7751
f 1224 1226 1223
f 1215 1224 1223
f 1248 1223 1246
f 3183 3184 3182
f 3182 3186 3189
f 1248 1246 1247
f 1248 1247 1249
f 7749 7747 7746
f 1203 1193 1195
f 1193 1194 1195
f 1195 1194 1213
f 7746 7747 7744
f 1213 1215 1216
f 4601 4602 4603
f 7744 7743 7742
f 377 385 391
f 391 387 419
f 419 387 405
f 6952 6948 6953
f 8956 8957 8958
f 8212 8211 8209
f 8209 8211 8210
f 3512 3511 3497
f 3497 3499 3498
f 3499 3508 3535
f 3979 3996 3975
f 3979 3975 3977
f 3984 3977 3983
f 3984 3983 3985
f 4874 4875 4876
f 9654 9686 9653
f 9653 9652 9654
f 9419 9438 9430
f 9419 9430 9429
f 9429 9431 9435
f 9652 9659 9658
f 1250 1268 1230
f 1230 1268 1244
f 9430 9431 9429
f 142 143 145
f 9413 9416 9417
f 1209 1269 1210
f 141 144 143
f 9415 9440 9416
f 1208 1250 1227
f 1227 1250 1230
f 1244 1256 1245
f 1210 1208 1196
f 1197 1208 1227
f 1196 1208 1197
f 447 414 417
f 1918 1917 1919
f 1224 1225 1226
f 1226 1225 1246
f 1197 1227 1214
f 6536 6531 6537
f 2850 2856 2849
f 9693 9692 9695
f 9703 9704 9705
f 9693 9695 9697
f 9705 9704 9706
f 1196 1197 1194
f 6037 6034 6036
f 2853 2872 2865
f 1919 1917 1920
f 1193 1196 1194
f 1194 1197 1214
f 3660 3670 3669
f 1214 1224 1215
f 3181 3183 3182
f 7751 7749 7750
f 1194 1214 1213
f 1213 1214 1215
f 7745 7746 7744
f 4605 4601 4603
f 7745 7744 7742
f 2539 2538 2549
f 1931 1930 1945
f 7742 7743 7728
f 7742 7728 7731
f 5822 5823 5824
f 7727 7728 7729
f 384 385 377
f 7729 7723 7730
f 7723 7724 7725
f 7725 7724 7726
f 3512 3497 3496
f 3495 3497 3498
f 10139 10140 10137
f 3498 3499 3506
f 3506 3499 3535
f 8923 8924 8925
f 5942 5957 5943
f 10147 10148 10138
f 10138 10148 10150
f 5946 5951 5953
f 3980 3979 3977
f 3980 3977 3981
f 3981 3977 3987
f 8650 8653 8651
f 3986 3984 3985
f 4796 4791 4793
f 9742 9743 9744
f 9689 9686 9657
f 9686 9654 9657
f 141 143 142
f 142 145 152
f 9415 9416 9413
f 1209 1210 1196
f 1225 1230 1244
f 1225 1244 1245
f 1227 1230 1225
f 1948 1918 1923
f 1923 1918 1919
f 437 414 447
f 1214 1227 1225
f 1214 1225 1224
f 1246 1225 1245
f 1246 1245 1247
f 2854 2855 2853
f 3189 3192 3191
f 3191 3192 3193
f 3668 3660 3669
f 3668 3667 3660
f 9705 9706 9707
f 1920 1929 1919
f 381 372 418
f 1199 1203 1205
f 1927 1929 1930
f 4606 4601 4605
f 2564 2563 2562
f 2562 2563 2560
f 7727 7731 7728
f 7730 7727 7729
f 5823 5826 5825
f 5824 5823 5825
f 7723 7725 7730
f 8213 8212 8209
f 8208 8213 8209
f 3525 3512 3496
f 3495 3496 3497
f 3533 3496 3495
f 3495 3498 3501
f 3501 3498 3507
f 3507 3498 3506
f 8927 8924 8926
f 10137 10147 10138
f 8232 8233 8234
f 5994 5997 5995
f 3982 3979 3980
f 8650 8651 8652
f 3998 3986 3985
f 4620 4618 4619
f 9421 9419 9429
f 9694 9585 9464
f 9654 9652 9655
f 9655 9652 9658
f 9413 9417 9418
f 1198 1209 1196
f 2848 2854 2853
f 2848 2853 2852
f 2852 2853 2865
f 1199 1198 1193
f 1193 1198 1196
f 9692 9693 9638
f 9693 9697 9445
f 9693 9445 9447
f 9709 9705 9707
f 3180 3181 3182
f 1204 1199 1205
f 3647 3651 3689
f 1919 1929 1927
f 1260 1204 1205
f 1927 1930 1931
f 2564 2567 2566
f 2562 2568 2564
f 5833 5824 5832
f 7725 7727 7730
f 379 397 407
f 8954 8950 8952
f 7733 7725 7726
f 7733 7726 7741
f 8208 8209 8210
f 10139 10137 10136
f 3533 3495 3534
f 10136 10137 10138
f 3529 3496 3530
f 3531 3529 3530
f 3530 3496 3533
f 10138 10150 10151
f 10153 10138 10151
f 5993 5994 5995
f 5996 5993 5995
f 10151 10150 10152
f 3980 3981 3989
f 3999 3986 3998
f 9045 9049 9047
f 4790 4794 4793
f 157 141 134
f 9690 9689 9657
f 142 152 230
f 152 269 230
f 9414 9415 9413
f 230 269 276
f 1198 1211 1209
f 9444 9624 9414
f 1923 1919 1924
f 2849 2864 2848
f 2845 2849 2848
f 9701 9702 9699
f 9692 9638 9448
f 9638 9693 9447
f 9399 9445 9402
f 9398 9638 9447
f 436 443 382
f 8032 8033 8034
f 8035 8032 8034
f 382 410 436
f 2548 2553 2552
f 7732 7725 7733
f 9056 9057 9058
f 409 389 401
f 10155 10141 10139
f 10155 10139 10143
f 10139 10136 10143
f 3502 3495 3501
f 8929 8927 8928
f 3531 3530 3532
f 9046 9045 9043
f 4795 4794 4790
f 9421 9429 9467
f 9460 9464 9463
f 9413 9418 9437
f 4616 4619 4618
f 9656 9654 9655
f 4616 4618 4617
f 9411 9414 9413
f 7050 7047 7057
f 1946 1948 1923
f 2863 2850 2845
f 1200 1198 1199
f 2845 2850 2849
f 2845 2848 2847
f 2848 2852 2851
f 4272 4278 4275
f 9407 9624 9444
f 1201 1200 1199
f 4272 4275 4274
f 4272 4274 4273
f 9447 9445 9399
f 1204 1201 1199
f 3168 3181 3180
f 3652 3649 3648
f 9448 9398 9396
f 9398 9448 9638
f 1266 1263 1264
f 4611 4606 4610
f 3688 3647 3689
f 4610 4606 4605
f 3685 3688 3689
f 2562 2560 2561
f 5830 5824 5831
f 5831 5824 5825
f 7734 7732 7733
f 8215 8216 8217
f 8215 8217 8218
f 10136 10138 10142
f 10158 10138 10153
f 3522 3531 3517
f 10153 10151 10154
f 6116 6117 6108
f 3517 3531 3532
f 4797 4794 4795
f 9694 9464 9460
f 199 142 230
f 1261 1270 1271
f 1270 1261 1265
f 1212 1211 1202
f 1202 1211 1198
f 1261 1202 1207
f 1200 1202 1198
f 7051 7050 7052
f 2847 2848 2851
f 1207 1264 1263
f 552 551 532
f 9701 9699 9698
f 9698 9699 9700
f 3168 3180 3179
f 7768 7765 7767
f 7765 7766 7767
f 9466 9448 9396
f 9466 9396 9392
f 9403 9404 9405
f 3647 3688 3650
f 2568 2571 2567
f 2554 2541 2545
f 5831 5825 5829
f 7735 7734 7733
f 7736 7735 7733
f 7736 7733 7741
f 3524 3531 3522
f 3503 3502 3501
f 3503 3501 3505
f 3505 3501 3507
f 3517 3502 3516
f 3516 3502 3504
f 5136 5135 5137
f 5283 5284 5285
f 4800 4802 4801
f 5350 5349 5348
f 9420 9418 9419
f 9420 9419 9421
f 9421 9467 9436
f 134 141 133
f 133 141 142
f 9437 9418 9420
f 9460 9463 9461
f 4616 4617 4615
f 1265 1261 1262
f 4268 4276 4267
f 1262 1261 1207
f 1207 1202 1200
f 6534 6532 6538
f 4277 4278 4264
f 9406 9407 9408
f 1201 1207 1200
f 2846 2845 2847
f 4264 4278 4272
f 1262 1207 1263
f 4272 4273 4271
f 7769 7765 7768
f 7770 7769 7768
f 9396 9398 9397
f 9406 9403 9405
f 4612 4611 4610
f 9373 9466 9377
f 9377 9466 9392
f 9392 9396 9395
f 2568 2573 2571
f 2573 2568 2572
f 1940 1928 1927
f 2568 2562 2572
f 2572 2562 2561
f 5834 5830 5831
f 483 548 485
f 7737 7735 7736
f 10159 10158 10153
f 8931 8929 8930
f 6116 6108 6115
f 6115 6108 6110
f 6108 6109 6110
f 3504 3502 3503
f 3522 3517 3518
f 3518 3517 3516
f 5134 5135 5136
f 5134 5136 5138
f 5286 5283 5285
f 5288 5283 5286
f 4797 4798 4799
f 2981 2979 2983
f 133 142 198
f 9459 9460 9461
f 7053 7050 7057
f 4616 4615 4614
f 4614 4615 4612
f 4276 4277 4267
f 4267 4277 4264
f 9397 9399 9400
f 9400 9399 9401
f 2863 2845 2844
f 2844 2845 2846
f 9401 9399 9402
f 1925 1923 1924
f 4264 4272 4271
f 9395 9396 9397
f 3169 3168 3179
f 8910 8911 8908
f 9374 9373 9377
f 1924 1927 1928
f 2554 2545 2555
f 524 548 489
f 489 548 483
f 754 794 789
f 7738 7737 7736
f 11325 11326 11327
f 3505 3507 3540
f 3541 3505 3540
f 10159 10153 10160
f 6120 6115 6119
f 6115 6110 6119
f 6110 6109 6111
f 6110 6111 6112
f 3521 3522 3518
f 3519 3518 3516
f 5139 5134 5138
f 5139 5138 5140
f 5288 5286 5289
f 198 142 199
f 9436 9467 9694
f 9436 9694 9457
f 9694 9460 9457
f 9631 9413 9437
f 9457 9460 9459
f 9459 9461 9462
f 4614 4612 4613
f 4265 4268 4267
f 7436 7437 7438
f 4265 4267 4264
f 2862 2863 2844
f 9401 9403 9455
f 4613 4612 4610
f 2573 2574 2571
f 1925 1924 1952
f 4263 4264 4271
f 4295 4299 4296
f 9375 9373 9372
f 9372 9373 9374
f 1952 1924 1928
f 3683 3686 3688
f 2573 2572 2579
f 1941 1928 1940
f 727 732 728
f 10905 10903 10904
f 5835 5834 5831
f 5835 5831 5829
f 5835 5829 5836
f 8963 8971 8980
f 754 789 753
f 7739 7738 7736
f 753 789 787
f 11331 11332 11333
f 3263 3265 3264
f 3263 3264 3262
f 6119 6110 6118
f 6118 6110 6112
f 6118 6112 6114
f 5141 5139 5140
f 6347 6351 6342
f 6342 6339 6338
f 6338 6339 6340
f 9631 9437 9420
f 9421 9436 9422
f 6338 6340 6341
f 230 276 275
f 9411 9413 9412
f 810 811 812
f 812 811 813
f 9410 9409 9411
f 1947 1946 1926
f 9454 9397 9400
f 1926 1946 1923
f 1923 1925 1926
f 4265 4264 4262
f 4266 4265 4262
f 2574 2576 2575
f 2857 2846 2847
f 4262 4264 4263
f 9376 9378 9375
f 2574 2573 2579
f 2574 2575 2570
f 3170 3167 3169
f 9375 9372 9376
f 4294 4295 4296
f 1941 1940 1942
f 2577 2572 2561
f 731 790 752
f 4208 4205 4207
f 7253 7255 7252
f 3261 3263 3262
f 3523 3524 3521
f 3516 3504 3528
f 6347 6350 6351
f 6347 6342 6338
f 157 134 158
f 9420 9421 9422
f 9456 9436 9457
f 9422 9436 9425
f 9425 9436 9456
f 9412 9413 9631
f 9457 9459 9458
f 9410 9411 9412
f 808 811 810
f 9395 9397 9454
f 9408 9409 9410
f 2860 2862 2844
f 2844 2846 2859
f 9383 9392 9395
f 2576 2574 2579
f 808 810 809
f 1951 1925 1952
f 3683 3677 3686
f 727 728 721
f 721 728 722
f 1581 1592 1582
f 8064 8068 8067
f 11430 11431 11428
f 3398 3400 3399
f 3397 3385 3387
f 1681 1695 1699
f 1694 1695 1681
f 1679 1697 1694
f 3523 3521 3520
f 3520 3521 3518
f 11780 11781 11782
f 3520 3518 3519
f 8073 8092 8084
f 8084 8092 8093
f 6348 6350 6347
f 6348 6347 6344
f 198 199 200
f 158 134 131
f 6346 6347 6338
f 9631 9420 9423
f 9738 9739 9740
f 9424 9422 9425
f 743 805 724
f 6539 6535 6534
f 2860 2844 2859
f 2859 2846 2858
f 9721 9723 9722
f 808 809 806
f 2858 2846 2857
f 2858 2857 2871
f 4254 4262 4255
f 4255 4262 4263
f 9380 9378 9379
f 9379 9378 9376
f 4294 4296 4297
f 4297 4296 4300
f 4259 4260 4261
f 724 727 721
f 720 724 721
f 752 754 750
f 8063 8062 8061
f 1589 1592 1577
f 1577 1592 1580
f 1580 1592 1581
f 8063 8064 8065
f 8065 8064 8066
f 8064 8067 8066
f 86 87 88
f 3414 3385 3397
f 3394 3396 3395
f 3395 3398 3382
f 3398 3399 3382
f 3382 3399 3384
f 7250 7253 7252
f 7250 7252 7251
f 3260 3261 3237
f 3261 3262 3237
f 3237 3262 3240
f 1698 1702 1680
f 6349 6348 6344
f 131 134 133
f 133 198 200
f 235 158 131
f 200 199 237
f 6344 6347 6346
f 247 249 235
f 199 230 237
f 9456 9457 9458
f 237 230 275
f 9428 9631 9423
f 9423 9420 9422
f 9423 9422 9424
f 741 743 733
f 724 808 806
f 9441 9410 9412
f 733 743 724
f 9382 9383 9391
f 9446 9400 9401
f 9442 9408 9410
f 8701 8702 8703
f 2327 2328 2428
f 720 733 724
f 9385 9372 9384
f 9384 9372 9382
f 4255 4263 4257
f 4257 4260 4259
f 9386 9372 9385
f 4298 4294 4297
f 4257 4259 4258
f 2325 2284 2278
f 9177 9178 9179
f 716 719 729
f 2398 2280 2311
f 750 753 749
f 8966 8977 8987
f 8977 8986 8987
f 8987 8986 8988
f 10594 10599 10597
f 5261 5263 5262
f 5263 5264 5262
f 11420 11422 11421
f 11421 11422 11423
f 11430 11428 11427
f 8497 8495 8499
f 3382 3384 3383
f 7249 7254 7250
f 7249 7250 7251
f 1680 1696 1679
f 1703 1696 1680
f 8073 8084 8078
f 8071 8072 8073
f 8074 8071 8073
f 8074 8073 8078
f 8467 8468 8469
f 6343 6344 6345
f 6345 6344 6346
f 9741 9738 9740
f 2861 2859 2867
f 3672 3673 3674
f 3171 3167 3170
f 2787 2789 2788
f 4254 4255 4250
f 4250 4255 4256
f 4255 4257 4256
f 4256 4257 4258
f 719 721 722
f 2788 2789 2803
f 730 716 729
f 745 725 731
f 745 731 752
f 750 745 752
f 8966 8987 8990
f 8990 8987 8988
f 1576 1589 1577
f 11418 11413 11412
f 11419 11420 11421
f 11421 11423 11425
f 8496 8495 8497
f 3394 3395 3381
f 3395 3382 3381
f 3381 3382 3383
f 8872 8871 8873
f 3254 3256 3255
f 7947 7950 7976
f 3255 3269 3245
f 3245 3269 3251
f 3241 3251 3249
f 3241 3249 3243
f 3237 3241 3243
f 3236 3237 3240
f 7016 7015 7011
f 1704 1705 1698
f 7008 7015 7014
f 7008 7014 7012
f 8075 8071 8074
f 8077 8074 8078
f 132 133 200
f 7012 7013 7009
f 246 247 235
f 9426 9423 9424
f 9454 9400 9450
f 2869 2860 2866
f 2866 2860 2861
f 2861 2867 2868
f 2391 2432 2429
f 9582 9391 9383
f 9395 9454 9473
f 9384 9382 9391
f 9446 9455 9452
f 9724 9720 9722
f 9722 9727 9726
f 719 720 721
f 2786 2787 2788
f 4252 4254 4250
f 4253 4252 4251
f 4251 4252 4250
f 2388 2313 2323
f 710 725 745
f 4825 4826 4827
f 4833 4834 4831
f 749 746 750
f 5782 5794 5786
f 5786 5788 5789
f 5789 5788 5790
f 1589 1576 1574
f 5258 5261 5259
f 5259 5261 5262
f 5791 5790 5792
f 5262 5264 5272
f 10672 10674 10676
f 8498 8496 8497
f 3388 3383 3401
f 11319 11318 11320
f 3253 3257 3254
f 3253 3254 3245
f 3245 3254 3255
f 3241 3245 3251
f 1677 1678 1683
f 3232 3242 3241
f 3237 3232 3241
f 3236 3232 3237
f 7011 7015 7008
f 8078 8099 8098
f 7008 7012 7009
f 131 133 132
f 8075 8074 8076
f 8076 8074 8077
f 2977 2994 2968
f 2785 2784 2786
f 2968 2994 2976
f 272 291 289
f 2786 2784 2787
f 9450 9400 9449
f 2870 2869 2866
f 2866 2861 2868
f 9582 9383 9473
f 9473 9383 9395
f 9400 9446 9449
f 9428 9423 9427
f 9427 9423 9426
f 737 741 733
f 718 737 733
f 718 733 720
f 2788 2797 2786
f 9389 9393 9387
f 4253 4251 4247
f 4247 4251 4245
f 4251 4250 4245
f 4249 4245 4250
f 725 713 716
f 4245 4249 4248
f 4247 4245 4244
f 2803 2805 2804
f 4244 4245 4246
f 4246 4245 4248
f 2805 2803 2806
f 2805 2806 2807
f 4269 4246 4248
f 4246 4269 4270
f 746 745 750
f 4833 4831 4832
f 4832 4831 4825
f 3780 3783 3781
f 3780 3781 3782
f 3782 3781 3787
f 5783 5782 5785
f 9193 9194 9195
f 5782 5786 5785
f 5785 5786 5787
f 5787 5786 5789
f 5789 5790 5791
f 1566 1589 1574
f 5262 5272 5271
f 1588 1598 1599
f 1598 1597 1599
f 2480 2479 2476
f 2476 2479 2478
f 2477 2476 2478
f 2477 2478 2486
f 11421 11425 11424
f 11419 11421 11424
f 3403 3407 3406
f 3406 3407 3408
f 7449 7450 7451
f 3388 3401 3402
f 3381 3383 3388
f 3246 3253 3244
f 3244 3253 3245
f 3241 3244 3245
f 3242 3244 3241
f 3231 3242 3232
f 3230 3231 3232
f 3230 3232 3236
f 3230 3236 3238
f 3252 3238 3236
f 3365 3367 3356
f 1704 1674 1701
f 7011 7008 7010
f 7008 7009 7010
f 126 132 130
f 8080 8075 8079
f 8079 8075 8076
f 263 287 272
f 244 286 274
f 274 277 242
f 242 277 245
f 245 277 278
f 9716 9717 9718
f 9449 9446 9452
f 9731 9724 9725
f 9724 9722 9725
f 9725 9722 9726
f 9726 9728 9729
f 9441 9428 9427
f 3173 3171 3172
f 3172 3171 3170
f 2796 2797 2799
f 715 737 718
f 3681 3679 3682
f 2798 2799 2797
f 2798 2797 2788
f 713 715 716
f 2798 2788 2801
f 2798 2801 2808
f 2801 2788 2803
f 2804 2801 2803
f 2810 2804 2805
f 2805 2807 2809
f 744 710 745
f 2318 2332 2439
f 744 745 746
f 4832 4825 4835
f 723 726 792
f 748 746 749
f 5787 5789 5796
f 5789 5791 5795
f 5796 5789 5795
f 2336 2319 2286
f 1598 1588 1562
f 3117 3123 3118
f 5271 5272 5281
f 5171 5174 5172
f 5172 5174 5170
f 9220 9221 9222
f 10680 10673 10672
f 2484 2490 2482
f 2487 2488 2484
f 3405 3410 3402
f 3402 3403 3404
f 3404 3403 3406
f 3389 3381 3388
f 3242 3246 3244
f 3231 3230 3233
f 3239 3230 3238
f 3357 3358 3359
f 3364 3365 3356
f 3356 3368 3358
f 3356 3367 3368
f 290 246 283
f 236 235 131
f 131 132 126
f 246 235 236
f 130 132 200
f 8076 8077 8091
f 8080 8079 8081
f 244 274 243
f 2967 2962 2966
f 2785 2786 2795
f 9584 9384 9391
f 2786 2797 2796
f 9731 9725 9732
f 9390 9385 9384
f 739 756 736
f 9725 9726 9733
f 736 756 737
f 736 737 715
f 3679 3681 3680
f 714 736 715
f 714 715 713
f 712 713 710
f 2439 2332 2438
f 711 710 744
f 2332 2333 2438
f 747 744 746
f 792 757 723
f 723 717 726
f 726 717 751
f 748 747 746
f 755 726 751
f 3120 3124 3116
f 755 751 748
f 751 747 748
f 3113 3114 3115
f 5257 5258 5259
f 5260 5257 5259
f 3114 3117 3115
f 6355 6356 6357
f 5260 5259 5266
f 5259 5262 5266
f 3118 3115 3117
f 6357 6356 6358
f 5262 5271 5266
f 5173 5171 5170
f 5170 5171 5172
f 5271 5281 5280
f 5085 5073 5074
f 2480 2476 2475
f 2475 2476 2477
f 2475 2477 2481
f 2477 2486 2481
f 2487 2484 2485
f 2485 2484 2483
f 2483 2484 2482
f 2489 2488 2487
f 3404 3406 3415
f 3405 3402 3404
f 7452 7449 7451
f 7964 7949 7948
f 3235 3246 3242
f 3235 3242 3231
f 3234 3231 3233
f 3239 3233 3230
f 4089 4088 4087
f 3356 3358 3357
f 3363 3364 3356
f 283 246 236
f 130 200 216
f 8079 8076 8088
f 8081 8079 8088
f 245 266 201
f 201 266 202
f 242 245 238
f 8083 8087 8080
f 9500 9582 9476
f 9476 9582 9473
f 2796 2795 2786
f 3174 3173 3172
f 9388 9385 9390
f 9733 9726 9730
f 9726 9729 9730
f 3696 3676 3697
f 739 740 756
f 2799 2798 2800
f 742 740 708
f 739 736 714
f 740 739 712
f 739 714 712
f 712 714 713
f 709 708 710
f 709 710 711
f 470 477 473
f 747 711 744
f 717 711 747
f 751 717 747
f 3113 3116 3114
f 3117 3114 3119
f 5270 5266 5271
f 2482 2480 2475
f 2482 2475 2483
f 7952 7965 7964
f 3393 3410 3405
f 3390 3388 3392
f 3412 3391 3390
f 3235 3247 3246
f 3267 3235 3266
f 3234 3235 3231
f 3235 3234 3266
f 3248 3250 3234
f 4082 4088 4090
f 3357 3359 3360
f 3360 3359 3361
f 3355 3356 3357
f 7659 7662 7661
f 127 236 131
f 127 131 126
f 8088 8076 8091
f 2782 2784 2783
f 8083 8080 8082
f 8082 8080 8081
f 2783 2785 2790
f 2790 2785 2795
f 9716 9718 9719
f 9476 9473 9475
f 9473 9454 9450
f 9390 9384 9584
f 9451 9449 9453
f 9449 9452 9453
f 9453 9452 9468
f 9469 9468 9470
f 3175 3173 3174
f 2800 2796 2799
f 9470 9472 9471
f 742 708 738
f 708 740 712
f 708 712 710
f 481 478 474
f 474 478 477
f 474 477 470
f 709 711 717
f 757 734 723
f 723 734 709
f 709 717 723
f 766 757 778
f 2272 2271 2275
f 8811 8813 8814
f 8811 8814 8815
f 5265 5260 5266
f 4858 4859 4856
f 3460 3461 3459
f 2454 2483 2475
f 2454 2475 2465
f 2465 2475 2481
f 7909 7952 7964
f 10686 10691 10723
f 3267 3247 3235
f 6999 7002 7000
f 3248 3234 3233
f 3248 3233 3258
f 6668 6671 6666
f 3259 3248 3258
f 4081 4087 4082
f 4082 4087 4088
f 3366 3363 3355
f 3362 3360 3361
f 3355 3363 3356
f 3355 3357 3360
f 7659 7661 7660
f 7658 7659 7660
f 125 126 130
f 216 240 135
f 135 240 239
f 240 244 239
f 241 243 242
f 238 245 201
f 8082 8081 8101
f 9584 9500 9482
f 9450 9449 9451
f 2794 2796 2800
f 9498 9499 9497
f 3177 3175 3174
f 734 757 758
f 471 474 470
f 758 757 766
f 470 473 472
f 2352 2330 2331
f 2275 2271 2276
f 5280 5270 5271
f 2457 2458 2459
f 3458 3460 3459
f 7945 7944 7943
f 7953 7945 7943
f 2468 2485 2483
f 2468 2483 2464
f 2464 2483 2454
f 7952 7974 7967
f 7974 7952 7899
f 7899 7952 7909
f 2491 2492 2487
f 2491 2487 2485
f 7910 7964 7948
f 7935 7920 7931
f 8715 8714 8717
f 7363 7358 7362
f 7358 7359 7360
f 6665 6668 6666
f 7360 7359 7361
f 3268 3259 3258
f 3355 3360 3362
f 7006 7007 7004
f 130 216 128
f 128 216 135
f 239 244 241
f 241 242 238
f 8100 8081 8088
f 8101 8081 8100
f 9482 9500 9476
f 8087 8083 8085
f 8085 8083 8082
f 9484 9584 9482
f 8090 8087 8089
f 9488 9489 9486
f 9473 9450 9451
f 2795 2796 2794
f 9497 9489 9491
f 9453 9468 9469
f 9469 9470 9471
f 3691 3692 3693
f 735 785 738
f 708 707 738
f 707 708 709
f 735 734 758
f 734 735 707
f 734 707 709
f 470 472 468
f 8810 8811 8812
f 8811 8810 8813
f 5273 5265 5267
f 5265 5266 5267
f 4858 4856 4857
f 4850 4852 4856
f 2455 2458 2457
f 3457 3458 3459
f 8932 8933 8934
f 2454 2455 2456
f 2469 2492 2491
f 7910 7908 7964
f 7941 7910 7948
f 4085 4083 4080
f 4086 4085 4080
f 4080 4083 4081
f 6665 6666 6667
f 8516 8518 8514
f 4080 4081 4082
f 4080 4082 4084
f 3371 3366 3355
f 3369 3362 3370
f 7003 7006 7004
f 127 126 122
f 2781 2782 2783
f 3749 3762 3750
f 8039 8040 8041
f 9486 9584 9484
f 8094 8090 8089
f 8087 8085 8089
f 8095 8090 8094
f 9451 9453 9581
f 3178 3175 3177
f 785 735 759
f 735 738 707
f 735 758 759
f 760 758 766
f 778 760 766
f 461 470 468
f 8808 8810 8812
f 8809 8808 8812
f 2277 2275 2276
f 2277 2276 2413
f 5267 5266 5253
f 5253 5266 5269
f 5266 5270 5269
f 4852 4857 4856
f 5256 5270 5280
f 2456 2455 2457
f 3455 3458 3457
f 2460 2454 2456
f 2461 2454 2460
f 2464 2454 2461
f 2469 2485 2468
f 2469 2491 2485
f 9050 9051 9052
f 8514 8513 8516
f 6669 6665 6667
f 3372 3366 3371
f 3371 3355 3369
f 205 127 122
f 122 126 125
f 125 130 128
f 129 128 135
f 163 162 238
f 163 238 201
f 3745 3749 3748
f 3748 3749 3750
f 3748 3750 3764
f 9492 9491 9490
f 9474 9473 9451
f 9581 9453 9469
f 461 468 462
f 8807 8808 8809
f 5274 5273 5268
f 5273 5267 5268
f 1586 1569 1585
f 4851 4872 4852
f 5269 5270 5256
f 1568 1600 1607
f 9187 9188 9189
f 3456 3455 3457
f 2467 2468 2464
f 2467 2469 2468
f 2472 2492 2469
f 10219 10214 10230
f 2493 2492 2472
f 7954 7961 7920
f 7959 7960 7957
f 8508 8515 8511
f 8515 8513 8512
f 8512 8513 8514
f 10732 10733 10730
f 8511 8515 8512
f 8512 8514 8517
f 10727 10736 10724
f 7003 7004 7005
f 135 239 159
f 159 239 241
f 3744 3745 3746
f 3745 3748 3747
f 9487 9488 9486
f 9484 9482 9483
f 2793 2790 2794
f 9493 9491 9492
f 9481 9482 9476
f 8097 8095 8096
f 3198 3175 3197
f 3199 3198 3197
f 3699 3698 3693
f 759 782 785
f 480 471 469
f 471 470 469
f 469 470 461
f 10450 10447 10451
f 10447 10448 10449
f 5277 5274 5275
f 5275 5274 5268
f 5057 5059 5058
f 4871 4872 4851
f 462 467 465
f 1600 1568 1583
f 4851 4853 4854
f 1601 1600 1583
f 1606 1601 1583
f 1587 1568 1607
f 1605 1602 1604
f 3449 3455 3456
f 2462 2456 2463
f 3454 3455 3449
f 2460 2456 2462
f 2467 2464 2461
f 2472 2469 2470
f 10219 10230 10222
f 10697 10696 10710
f 7920 7961 7959
f 7921 7920 7959
f 10734 10732 10731
f 8508 8510 8515
f 8510 8508 8507
f 8507 8508 8509
f 8509 8508 8511
f 8511 8512 8517
f 204 205 122
f 201 202 171
f 168 201 171
f 2780 2782 2781
f 9580 9488 9487
f 3752 3744 3746
f 1712 1713 1647
f 9494 9491 9493
f 9485 9486 9484
f 3746 3745 3747
f 9494 9498 9491
f 9483 9482 9481
f 9475 9473 9474
f 8102 8097 8096
f 3200 3198 3199
f 763 782 759
f 5279 5278 5275
f 5275 5278 5277
f 461 462 463
f 5276 5275 5268
f 2277 2413 2374
f 10439 10443 10424
f 10424 10443 10435
f 6895 6894 6897
f 4865 4866 4867
f 2474 2461 2460
f 10221 10219 10222
f 10221 10222 10223
f 10206 10205 10214
f 7921 7959 7958
f 10738 10737 10739
f 10738 10728 10737
f 10737 10728 10726
f 7955 7884 7882
f 122 125 124
f 125 128 124
f 124 128 129
f 159 241 162
f 168 163 201
f 2791 2771 2790
f 2791 2790 2793
f 9495 9494 9493
f 9487 9486 9485
f 3752 3746 3753
f 3751 3746 3747
f 1669 1712 1647
f 9477 9475 9474
f 9474 9451 9478
f 3200 3199 3201
f 761 763 759
f 760 761 759
f 2645 2629 2627
f 762 760 765
f 10471 10450 10451
f 6893 6894 6895
f 10441 10440 10423
f 10440 10439 10423
f 6148 6147 6150
f 4869 4871 4851
f 5253 5269 5256
f 4868 4869 4854
f 4865 4868 4854
f 4865 4854 4866
f 10277 10279 10280
f 5744 5742 5747
f 3449 3456 3462
f 10225 10224 10226
f 10214 10219 10217
f 10945 10943 10940
f 10940 10943 10942
f 7919 7920 7921
f 10952 10945 10951
f 10945 10940 10951
f 10938 10951 10940
f 10940 10942 10941
f 10941 10942 10944
f 10699 10722 10709
f 10938 10940 10939
f 10939 10940 10941
f 10765 10739 10740
f 10740 10743 10765
f 7955 7958 7957
f 10739 10737 10740
f 10709 10722 10743
f 10961 10964 10969
f 10963 10965 10964
f 10963 10964 10961
f 7940 7882 7881
f 203 204 122
f 193 129 136
f 9485 9484 9483
f 9478 9451 9581
f 762 761 760
f 2629 2628 2627
f 476 461 475
f 2020 2022 2021
f 5722 5725 5723
f 10442 10441 10423
f 10420 10442 10423
f 5268 5267 5253
f 5252 5268 5253
f 463 462 464
f 5055 5049 5050
f 4871 4869 4870
f 10423 10439 10424
f 4870 4869 4868
f 464 462 465
f 10435 10430 10427
f 10425 10424 10435
f 10425 10435 10427
f 4862 4868 4865
f 4863 4862 4865
f 4863 4865 4867
f 6185 6180 6184
f 8998 9005 8999
f 6191 6188 6190
f 10169 10278 10277
f 9007 8999 9016
f 10285 10288 10286
f 9007 9016 9017
f 3448 3454 3449
f 3448 3449 3440
f 3439 3448 3440
f 3440 3449 3462
f 7890 7896 7892
f 10223 10224 10225
f 10220 10219 10221
f 10203 10205 10206
f 7922 7919 7921
f 5986 5987 5988
f 5988 5987 5989
f 10954 10952 10953
f 10953 10952 10951
f 10937 10938 10939
f 10941 10946 10939
f 10937 10939 10950
f 5227 5226 5230
f 7882 7926 7955
f 7926 7882 7929
f 10969 10955 10956
f 7929 7882 7940
f 10961 10969 10956
f 10960 10961 10956
f 7940 7881 7930
f 10962 10961 10960
f 10966 10963 10962
f 10963 10961 10962
f 203 122 123
f 161 159 162
f 162 163 161
f 170 168 171
f 9496 9493 9492
f 9496 9492 9580
f 9503 9580 9487
f 1648 1669 1647
f 1711 1669 1665
f 3755 3752 3754
f 3754 3752 3753
f 9476 9475 9477
f 3756 3755 3754
f 1518 1493 1520
f 783 782 763
f 1490 1489 1482
f 3841 3831 3833
f 2642 2641 2629
f 2629 2641 2628
f 2627 2628 2624
f 2627 2624 2626
f 2626 2624 2623
f 2010 2014 2006
f 475 463 479
f 2006 2014 2003
f 1999 2003 2000
f 1999 2000 2001
f 2004 2011 2012
f 10636 10637 10638
f 10622 10605 10471
f 479 463 464
f 10421 10442 10420
f 5276 5268 5252
f 5055 5050 5051
f 10419 10420 10423
f 10419 10423 10424
f 10430 10432 10431
f 10431 10432 10434
f 5251 5253 5256
f 464 465 466
f 10419 10424 10425
f 10427 10430 10429
f 10429 10430 10431
f 10426 10425 10427
f 10426 10427 10428
f 10428 10427 10429
f 4862 4863 4864
f 10169 10277 10268
f 10284 10285 10286
f 10220 10221 10227
f 7911 7918 7897
f 10228 10206 10217
f 7913 7918 7973
f 10209 10204 10210
f 10208 10204 10209
f 5224 5225 5226
f 7921 7958 7925
f 10953 10951 10970
f 5224 5226 5227
f 7958 7955 7925
f 7925 7955 7926
f 10955 10954 10953
f 9240 9241 9242
f 10950 10939 10947
f 10955 10953 10956
f 10962 10960 10967
f 124 138 137
f 139 138 193
f 10967 10966 10962
f 161 163 165
f 167 168 169
f 169 168 170
f 163 168 167
f 2779 2780 2778
f 2792 2791 2802
f 9579 9495 9496
f 9495 9493 9496
f 9502 9487 9485
f 9502 9485 9483
f 1663 1711 1665
f 9481 9476 9479
f 3754 3753 3763
f 3757 3756 3754
f 3844 3842 3841
f 781 767 762
f 774 767 781
f 2007 2010 2006
f 2007 2006 2005
f 2005 2006 2003
f 2005 2003 1999
f 2002 2001 2004
f 2004 2020 2019
f 2019 2020 2021
f 115 108 113
f 5044 5045 5046
f 5255 5276 5252
f 479 464 466
f 10421 10420 10417
f 5251 5252 5253
f 2643 2639 2621
f 10419 10425 10426
f 10436 10419 10426
f 10428 10429 10438
f 2387 2419 2397
f 6123 6124 6125
f 10426 10428 10433
f 10428 10438 10433
f 6125 6130 6128
f 10274 10272 10275
f 10274 10275 10276
f 9001 9004 9003
f 8997 8998 8995
f 9007 9006 8995
f 9009 9006 9017
f 9006 9009 9008
f 9008 9009 9010
f 3446 3452 3439
f 3439 3452 3448
f 3438 3439 3440
f 10284 10286 10287
f 10267 10169 10164
f 7887 7890 7889
f 10221 10223 10227
f 4234 4242 4241
f 8781 8785 8784
f 10204 10203 10202
f 10975 10976 10977
f 5228 5224 5227
f 5228 5227 5229
f 9243 9240 9242
f 8792 8794 8793
f 10953 10970 10957
f 10956 10953 10957
f 10956 10957 10958
f 10959 10958 10957
f 10960 10956 10958
f 5932 5936 5935
f 5932 5935 5933
f 137 138 139
f 159 161 160
f 2063 2064 2057
f 10972 10966 10971
f 10973 10972 10971
f 10966 10967 10971
f 9711 9715 9712
f 9502 9503 9487
f 9479 9476 9477
f 3757 3754 3763
f 3756 3757 3758
f 11199 11195 11196
f 11196 11195 11194
f 11195 11187 11194
f 780 783 763
f 763 761 764
f 1458 1461 1449
f 1449 1461 1450
f 761 762 764
f 767 764 762
f 2624 2625 2620
f 2623 2624 2620
f 2621 2623 2620
f 2002 2004 2018
f 2018 2004 2019
f 2009 2007 2008
f 2007 2005 2008
f 2015 2005 1999
f 1999 2002 2015
f 2015 2002 2017
f 5722 5721 5724
f 10421 10417 10416
f 5254 5252 5251
f 10417 10420 10419
f 10417 10419 10418
f 7809 7810 7811
f 10437 10419 10436
f 2643 2621 2617
f 6126 6124 6122
f 10273 10272 10274
f 10271 10272 10273
f 10270 10272 10271
f 10169 10268 10215
f 10167 10169 10215
f 10167 10164 10169
f 3446 3439 3441
f 3447 3446 3441
f 3441 3439 3438
f 7887 7889 7888
f 4600 4596 4599
f 7913 7917 7904
f 8775 8776 8777
f 8776 8778 8777
f 10203 10200 10202
f 5359 5362 5361
f 5359 5361 5360
f 7926 7929 7928
f 10959 10957 10968
f 10957 10970 10968
f 2047 2058 2041
f 2057 2058 2047
f 2056 2057 2047
f 123 122 120
f 122 124 121
f 121 124 137
f 136 159 160
f 4334 4354 4333
f 2777 2779 2778
f 4333 4353 4351
f 9502 9483 9481
f 9627 9477 9474
f 3759 3756 3758
f 11201 11195 11199
f 764 780 763
f 2621 2620 2615
f 2615 2620 2619
f 2018 2019 2023
f 2019 2021 2023
f 2002 2018 2017
f 7029 7030 7031
f 2009 2008 2013
f 5255 5252 5254
f 5255 5254 5282
f 2621 2615 2617
f 10444 10445 10446
f 10416 10417 10418
f 8055 8056 8057
f 2617 2615 2614
f 2646 2614 2650
f 2617 2614 2646
f 4374 4375 4376
f 2643 2617 2646
f 8996 8997 8995
f 8996 8995 8993
f 8994 9008 9010
f 3441 3438 3442
f 7886 7887 7888
f 4596 4594 4590
f 4599 4596 4590
f 5356 5358 5359
f 10201 10202 10200
f 5356 5359 5360
f 7904 7917 7923
f 2032 2104 2080
f 10968 10970 10974
f 7928 7929 7930
f 7928 7930 7934
f 165 163 167
f 2063 2057 2056
f 2055 2063 2056
f 4332 4334 4333
f 4331 4332 4333
f 2059 2061 2055
f 2747 2771 2770
f 9502 9481 9501
f 9501 9481 9479
f 9478 9627 9474
f 3759 3758 3760
f 11099 11100 11098
f 780 779 783
f 767 768 764
f 2619 2620 2630
f 2615 2619 2618
f 2018 2023 2024
f 8704 8705 8706
f 2615 2618 2616
f 4369 4370 4371
f 10422 10416 10418
f 2614 2615 2616
f 4371 4370 4372
f 4372 4370 4373
f 4377 4371 4374
f 4371 4372 4374
f 4374 4372 4375
f 10268 10269 10266
f 8992 8993 8994
f 10215 10268 10266
f 10171 10215 10266
f 10167 10215 10165
f 10165 10215 10171
f 8992 8994 9010
f 10170 10267 10164
f 10164 10167 10165
f 8681 8682 8683
f 10170 10164 10166
f 10164 10165 10166
f 10166 10165 10168
f 10168 10165 10171
f 3445 3447 3441
f 8681 8683 8684
f 4591 4598 4597
f 10216 10267 10170
f 10216 10170 10166
f 10216 10166 10168
f 10229 10267 10176
f 10176 10267 10216
f 4591 4597 4593
f 10211 10229 10176
f 10173 10176 10216
f 4594 4595 4591
f 4594 4591 4590
f 4590 4591 4592
f 10197 10211 10176
f 10199 10197 10198
f 5356 5357 5358
f 5363 5357 5356
f 10200 10199 10198
f 2927 2935 2932
f 2926 2927 2928
f 2927 2932 2931
f 2035 2080 2069
f 2931 2932 2934
f 2928 2927 2929
f 2929 2927 2931
f 10977 10976 10978
f 2930 2928 2929
f 2931 2934 2933
f 2034 2104 2032
f 2027 2034 2032
f 7928 7934 7933
f 2047 2041 2040
f 5932 5933 5934
f 234 123 120
f 120 122 121
f 160 161 164
f 164 161 165
f 173 136 160
f 172 169 170
f 172 170 206
f 2055 2056 2050
f 2051 2055 2050
f 2792 2802 2770
f 9710 9711 9712
f 4337 4332 4336
f 4332 4331 4336
f 4336 4331 4335
f 4335 4331 4333
f 4335 4333 4351
f 4339 4336 4335
f 7861 7863 7862
f 11186 11194 11187
f 3761 3759 3760
f 11199 11196 11198
f 768 780 764
f 767 774 769
f 2625 2637 2630
f 2618 2619 2622
f 4386 4385 4383
f 4383 4382 4379
f 8235 8236 8237
f 4384 4383 4379
f 4379 4382 4380
f 4379 4380 4378
f 4378 4380 4381
f 4378 4381 4369
f 4378 4369 4371
f 10171 10266 10213
f 8992 9010 9011
f 10172 10168 10171
f 8681 8684 8685
f 3451 3445 3444
f 3445 3441 3444
f 3444 3441 3443
f 3441 3442 3443
f 3443 3442 3450
f 4595 4598 4591
f 10173 10216 10168
f 10175 10176 10173
f 10175 10197 10176
f 8780 8782 8787
f 10198 10197 10175
f 2932 2935 2936
f 7904 7923 7916
f 2929 2931 2933
f 2026 2034 2027
f 7927 7928 7933
f 2040 2041 2038
f 2052 2047 2040
f 166 160 164
f 139 193 173
f 193 136 173
f 9713 9714 9711
f 4339 4335 4351
f 2060 2068 2059
f 9480 9479 9477
f 9480 9477 9627
f 11201 11199 11200
f 11200 11199 11198
f 11186 11187 11184
f 11094 11099 11098
f 769 768 767
f 4822 4824 4823
f 2630 2632 2631
f 2619 2630 2631
f 2622 2619 2631
f 4383 4385 4382
f 10612 10528 10511
f 10196 10171 10213
f 3453 3443 3450
f 10174 10175 10173
f 7905 7904 7916
f 2025 2026 2027
f 7916 7924 7927
f 2078 2026 2030
f 2030 2026 2025
f 2042 2030 2038
f 2050 2052 2040
f 140 139 208
f 173 160 166
f 174 165 167
f 9713 9711 9710
f 9505 9503 9504
f 2059 2055 2054
f 9504 9503 9502
f 2060 2059 2054
f 9635 9502 9501
f 4338 4337 4336
f 4340 4341 4337
f 4340 4337 4338
f 4352 4340 4338
f 4338 4336 4339
f 4342 4341 4340
f 803 802 804
f 7857 7861 7860
f 11094 11098 11095
f 7856 7857 7852
f 768 779 780
f 8877 8878 8879
f 3827 3828 3826
f 4823 4821 4822
f 2632 2633 2631
f 2633 2634 2631
f 1486 1481 1503
f 10612 10526 10528
f 10503 10506 10504
f 9015 9014 9013
f 9014 9011 9013
f 3444 3443 3453
f 10172 10173 10168
f 2028 2027 2032
f 2025 2027 2028
f 7916 7927 7932
f 7927 7933 7932
f 2039 2040 2038
f 6770 6772 6771
f 2045 2050 2040
f 117 234 120
f 119 121 137
f 140 137 139
f 208 139 173
f 173 166 175
f 164 165 174
f 9574 9505 9511
f 2074 2075 2066
f 4344 4342 4343
f 11198 11186 11182
f 803 779 771
f 11200 11198 11202
f 7850 7856 7852
f 7851 7850 7852
f 768 771 779
f 11130 11129 11135
f 11130 11135 11136
f 769 770 768
f 2631 2634 2635
f 2631 2635 2636
f 7267 7268 7269
f 2636 2635 2638
f 10281 10282 10283
f 10172 10232 10193
f 2049 2069 2076
f 6749 6753 6768
f 2033 2035 2036
f 2029 2025 2028
f 6752 6768 6766
f 2043 2040 2039
f 2050 2045 2046
f 119 137 140
f 174 167 169
f 2055 2051 2054
f 2777 2778 2776
f 2747 2770 2769
f 9504 9502 9635
f 2074 2066 2067
f 2075 2074 2079
f 4346 4344 4345
f 4345 4344 4343
f 11182 11186 11184
f 11201 11200 11202
f 11202 11198 11182
f 11267 11268 11269
f 11094 11095 11096
f 7851 7852 7854
f 776 769 774
f 4822 4821 4814
f 7901 7914 7915
f 10177 10174 10172
f 10177 10172 10179
f 2073 2072 2077
f 2053 2072 2073
f 2076 2072 2049
f 2037 2069 2049
f 2036 2035 2037
f 2028 2032 2033
f 2031 2030 2029
f 2029 2030 2025
f 2039 2038 2031
f 6766 6770 6769
f 117 120 118
f 120 121 119
f 2062 2060 2054
f 2100 2098 2099
f 4347 4346 4345
f 797 803 771
f 772 797 771
f 11096 11101 11105
f 7836 7838 7837
f 7835 7836 7837
f 11270 11271 11272
f 772 771 770
f 770 771 768
f 6859 6861 6858
f 4814 4820 4815
f 7267 7269 7270
f 6748 6752 6766
f 2083 2039 2031
f 118 120 119
f 208 173 256
f 175 166 176
f 176 166 164
f 256 173 184
f 2054 2051 2046
f 9577 9504 9635
f 2067 2066 2065
f 5037 5028 5039
f 2075 2079 2097
f 800 802 798
f 2099 2098 2097
f 802 803 798
f 2101 2102 2100
f 798 803 797
f 4349 4346 4348
f 4346 4347 4348
f 2103 2102 2101
f 11181 11182 11183
f 11183 11182 11184
f 7847 7850 7851
f 11171 11168 11167
f 11168 11171 11172
f 11171 11173 11172
f 775 770 769
f 7017 7018 7019
f 769 776 777
f 4813 4814 4815
f 10461 10455 10458
f 10179 10193 10187
f 2053 2073 2094
f 2093 2053 2094
f 8134 8136 8135
f 10195 10178 10177
f 10178 10174 10177
f 2048 2053 2093
f 2037 2049 2048
f 2036 2037 2048
f 2084 2033 2036
f 2086 2028 2087
f 2087 2033 2084
f 2029 2028 2086
f 2031 2029 2044
f 2043 2039 2082
f 2082 2039 2083
f 184 173 175
f 172 206 190
f 2070 2054 2046
f 2774 2777 2776
f 2747 2769 2748
f 2065 2060 2062
f 9635 9501 9691
f 11207 11181 11208
f 4350 4349 4348
f 11166 11170 11171
f 11166 11171 11167
f 11165 11166 11167
f 7839 7835 7840
f 6859 6858 6857
f 775 769 777
f 6853 6852 6854
f 4813 4815 4816
f 7279 7278 7292
f 10513 10514 10510
f 5168 5169 5161
f 10179 10187 10181
f 10181 10187 10218
f 8133 8134 8135
f 5162 5164 5163
f 2086 2087 2084
f 2044 2029 2085
f 2029 2086 2085
f 2081 2043 2082
f 6748 6766 6767
f 6767 6766 6769
f 116 117 118
f 9507 9511 9505
f 11181 11183 11209
f 11208 11181 11209
f 7847 7851 7853
f 11169 11174 11170
f 11169 11170 11166
f 11175 11174 11169
f 7839 7840 7841
f 772 770 773
f 775 773 770
f 10186 10181 10218
f 5159 5160 5161
f 5159 5161 5162
f 5159 5162 5163
f 10180 10177 10179
f 10259 10185 10258
f 9079 9078 9082
f 6747 6748 6767
f 2070 2046 2081
f 175 176 178
f 177 176 164
f 177 164 174
f 183 184 175
f 174 169 172
f 2062 2054 2071
f 2071 2054 2070
f 9506 9505 9504
f 6804 6807 6795
f 6788 6804 6795
f 6806 6804 6788
f 6805 6806 6788
f 6787 6805 6788
f 6787 6788 6786
f 6784 6805 6787
f 6784 6787 6782
f 6785 6784 6780
f 6780 6784 6782
f 11206 11207 11208
f 11206 11208 11188
f 11188 11208 11209
f 11188 11209 11183
f 784 798 797
f 784 797 772
f 11094 11096 11097
f 7817 7820 7818
f 784 772 773
f 11212 11215 11210
f 7842 7839 7841
f 6825 6821 6822
f 775 777 795
f 4817 4813 4816
f 777 786 796
f 795 777 796
f 4046 4047 4043
f 10623 10461 10458
f 4042 4041 4040
f 7829 7830 7831
f 3869 3877 3875
f 5167 5160 5165
f 5165 5160 5159
f 10180 10179 10181
f 10185 10180 10194
f 2070 2081 2088
f 118 119 116
f 195 119 140
f 140 208 233
f 177 174 180
f 6803 6802 6801
f 5021 5022 5023
f 5022 5024 5023
f 5024 5025 5023
f 2746 2747 2748
f 9506 9504 9577
f 9518 9577 9635
f 6807 6803 6797
f 6797 6803 6801
f 6795 6807 6797
f 6794 6788 6795
f 6788 6794 6790
f 6786 6788 6790
f 6786 6790 6791
f 799 800 798
f 6787 6786 6782
f 784 799 798
f 11207 11206 11205
f 11102 11094 11097
f 7848 7847 7853
f 7843 7842 7841
f 6828 6825 6824
f 6843 6828 6824
f 4075 4078 4076
f 6851 6843 6850
f 4041 4042 4009
f 4040 4041 4030
f 4039 4030 4034
f 4040 4030 4039
f 10188 10186 10212
f 7832 7830 7829
f 7832 7829 7833
f 10183 10181 10186
f 10182 10181 10183
f 3870 3869 3874
f 3874 3869 3875
f 10180 10181 10182
f 10182 10194 10180
f 10260 10258 10257
f 10257 10258 10185
f 10257 10185 10194
f 6746 6745 6743
f 3886 3894 3891
f 3882 3886 3885
f 3885 3886 3891
f 3885 3891 3889
f 6734 6747 6767
f 2089 2070 2088
f 116 119 195
f 233 208 256
f 183 175 181
f 180 174 172
f 270 256 184
f 6801 6802 6800
f 6797 6801 6800
f 9506 9577 9518
f 9518 9635 9571
f 9571 9635 9691
f 6796 6795 6797
f 6794 6795 6796
f 799 801 800
f 6780 6782 6781
f 6779 6780 6781
f 11205 11206 11203
f 11206 11188 11203
f 6789 6780 6779
f 7848 7853 7858
f 11160 11163 11161
f 11160 11161 11162
f 7843 7841 7844
f 651 654 650
f 11247 11242 11248
f 654 667 655
f 4817 4816 4818
f 4041 4009 4028
f 10183 10186 10188
f 8799 8800 8801
f 9070 9068 9069
f 8800 8799 8802
f 3872 3876 3871
f 3871 3868 3870
f 3868 3869 3870
f 6774 6760 6757
f 3895 3876 3872
f 3872 3871 3870
f 8029 8030 8031
f 3893 3895 3872
f 5691 5690 5687
f 6751 6746 6743
f 3891 3894 3893
f 3891 3893 3892
f 3892 3893 3873
f 3893 3872 3873
f 3873 3872 3870
f 10261 10260 10257
f 5687 5690 5689
f 3878 3883 3882
f 3878 3882 3879
f 3879 3882 3885
f 3879 3885 3889
f 9098 9100 9099
f 195 140 225
f 225 140 233
f 233 256 270
f 181 175 178
f 180 172 185
f 185 172 190
f 187 270 184
f 187 184 183
f 9507 9505 9506
f 6796 6797 6798
f 6793 6794 6796
f 6790 6794 6793
f 6791 6790 6793
f 11189 11188 11185
f 11180 11205 11204
f 11204 11205 11203
f 11204 11203 11189
f 11203 11188 11189
f 6783 6779 6781
f 6789 6779 6783
f 7396 7397 7398
f 7398 7397 7399
f 11291 11300 11306
f 6823 6826 6831
f 6823 6831 6829
f 650 654 655
f 4819 4817 4818
f 655 667 695
f 10486 10490 10489
f 10489 10533 10488
f 10183 10188 10190
f 8919 8915 8917
f 8918 8919 8917
f 9066 9067 9068
f 7761 7762 7763
f 10184 10182 10183
f 10231 10194 10182
f 5691 5687 5686
f 10257 10194 10233
f 10233 10194 10231
f 10261 10257 10256
f 10236 10256 10257
f 5687 5689 5688
f 3889 3891 3892
f 5688 5689 5692
f 10245 10247 10251
f 3878 3879 3880
f 10246 10247 10245
f 10248 10254 10247
f 10248 10247 10246
f 273 116 195
f 176 177 179
f 179 177 180
f 2494 2501 2495
f 671 672 670
f 11179 11189 11185
f 7846 7848 7859
f 7859 7848 7858
f 11285 11286 11287
f 6832 6829 6833
f 4038 4058 4046
f 10184 10183 10189
f 10189 10183 10190
f 8917 8916 8918
f 10231 10182 10184
f 6773 6751 6775
f 7032 7033 7034
f 2504 2510 2507
f 2507 2510 2509
f 10236 10257 10233
f 2504 2507 2506
f 2507 2509 2508
f 5686 5687 5688
f 3896 3892 3873
f 2506 2507 2508
f 10243 10261 10256
f 6743 6744 6740
f 10245 10251 10243
f 3884 3878 3881
f 3881 3878 3880
f 3887 3881 3880
f 2499 2502 2500
f 3881 3887 3888
f 10249 10248 10246
f 6731 6736 6734
f 2499 2500 2497
f 2501 2499 2495
f 2495 2499 2497
f 178 176 179
f 2495 2497 2496
f 233 270 187
f 2773 2774 2746
f 2494 2495 2496
f 2498 2494 2496
f 8157 8158 8159
f 2749 2746 2748
f 9507 9506 9508
f 9517 9506 9518
f 11180 11204 11177
f 11204 11189 11177
f 11177 11189 11179
f 11285 11288 11286
f 11309 11291 11306
f 11259 11262 11260
f 11259 11260 11261
f 4063 4064 4075
f 655 695 693
f 4031 4051 4058
f 8804 8805 8802
f 7591 7587 7586
f 2502 2504 2503
f 2503 2504 2506
f 10360 10362 10361
f 10251 10252 10243
f 3896 3873 3897
f 2505 2503 2506
f 10244 10245 10243
f 5452 5455 5450
f 2500 2502 2503
f 2500 2503 2505
f 10326 10357 10356
f 10357 10358 10356
f 232 195 225
f 10325 10326 10316
f 225 233 187
f 8224 8226 8225
f 2749 2748 2750
f 9508 9506 9517
f 9517 9518 9519
f 8265 8268 8267
f 8279 8265 8263
f 8279 8268 8265
f 9520 9522 9521
f 8245 8261 8243
f 8276 8274 8247
f 8247 8274 8245
f 11179 11185 11190
f 8276 8247 8277
f 8247 8249 8277
f 668 649 666
f 8251 8280 8249
f 8251 8249 8250
f 5406 5407 5404
f 11236 11238 11237
f 11236 11237 11230
f 5403 5406 5404
f 5408 5403 5405
f 4064 4073 4075
f 4052 4061 4063
f 4052 4063 4058
f 691 655 693
f 4052 4058 4051
f 4051 4031 4029
f 4010 4016 4028
f 10191 10184 10189
f 7589 7592 7590
f 8806 8805 8804
f 10231 10184 10192
f 7589 7590 7591
f 7589 7591 7593
f 10233 10231 10192
f 10234 10233 10192
f 7591 7586 7593
f 7586 7587 7588
f 6741 6740 6739
f 10250 10246 10244
f 5450 5454 5453
f 10356 10358 10334
f 10249 10246 10250
f 6731 6734 6732
f 185 190 226
f 10316 10326 10356
f 189 225 187
f 10323 10325 10316
f 2775 2774 2773
f 2750 2748 2751
f 9509 9507 9508
f 8267 8268 8269
f 8223 8224 8225
f 8223 8225 8227
f 9519 9518 9520
f 8278 8279 8263
f 8262 8278 8263
f 8263 8265 8264
f 8264 8265 8266
f 8275 8278 8262
f 8238 8263 8264
f 8274 8275 8261
f 8261 8275 8262
f 8261 8262 8244
f 8243 8261 8244
f 8274 8261 8245
f 8242 8243 8244
f 8246 8247 8245
f 8246 8245 8242
f 11180 11177 11176
f 11176 11177 11178
f 11103 11102 11097
f 666 649 663
f 8252 8251 8250
f 647 649 648
f 4064 4062 4073
f 4063 4062 4064
f 6840 6838 6836
f 4061 4062 4063
f 10491 10488 10533
f 10533 10620 10491
f 10235 10233 10234
f 10235 10236 10233
f 10238 10256 10236
f 10238 10236 10235
f 10241 10243 10256
f 10241 10256 10238
f 10244 10243 10242
f 10242 10243 10241
f 5451 5450 5453
f 5453 5454 5456
f 10356 10334 10318
f 3890 3888 3887
f 10265 10249 10250
f 189 232 225
f 189 187 188
f 2775 2773 2762
f 66 67 64
f 9510 9508 9517
f 7872 7873 7874
f 8228 8223 8227
f 9575 9517 9519
f 6942 6943 6944
f 6942 6944 6945
f 9519 9520 9521
f 8262 8238 8244
f 9523 9522 9568
f 11091 11092 11093
f 11307 11290 11305
f 8252 8250 8253
f 8252 8253 8254
f 663 649 647
f 11239 11236 11226
f 11226 11236 11230
f 5408 5405 5409
f 6842 6841 6849
f 6842 6849 6838
f 4059 4062 4061
f 4050 4059 4061
f 6837 6838 6839
f 4050 4061 4052
f 4019 4024 4018
f 4048 4050 4051
f 4051 4050 4052
f 4013 4015 4016
f 4016 4048 4051
f 7594 7595 7593
f 7594 7593 7586
f 10238 10235 10239
f 7594 7586 7596
f 7596 7586 7588
f 207 180 185
f 10322 10323 10316
f 9218 9217 9219
f 9510 9517 9575
f 9215 9217 9218
f 7875 7872 7874
f 5883 5879 5878
f 5878 5879 5880
f 10328 10329 10324
f 5879 5881 5880
f 10339 10344 10329
f 10339 10329 10328
f 8244 8238 8240
f 11191 11179 11190
f 7496 7501 7497
f 11193 11178 11192
f 11192 11178 11191
f 11178 11179 11191
f 5909 5905 5908
f 11235 11239 11226
f 8255 8252 8254
f 4067 4074 4071
f 11227 11226 11230
f 4068 4067 4059
f 4066 4067 4071
f 4059 4067 4066
f 6812 6816 6815
f 4066 4071 4072
f 4059 4066 4062
f 4066 4072 4062
f 4062 4072 4073
f 4048 4049 4050
f 690 652 691
f 4011 4017 4015
f 4016 4015 4054
f 4016 4054 4048
f 10255 10235 10237
f 10237 10235 10234
f 10240 10238 10239
f 2264 2268 2261
f 10241 10238 10240
f 10262 10250 10244
f 10264 10265 10250
f 183 181 182
f 179 180 192
f 185 226 227
f 189 188 186
f 7386 7387 7388
f 9519 9521 9632
f 10328 10324 10327
f 5882 5878 5880
f 9521 9523 9524
f 5884 5880 5881
f 10345 10372 10339
f 10364 10372 10345
f 7496 7497 7498
f 7496 7498 7499
f 7499 7498 7500
f 11176 11193 11192
f 11103 11097 11104
f 5905 5906 5907
f 5908 5905 5907
f 8271 8255 8254
f 4059 4069 4068
f 11229 11228 11227
f 8816 8817 8818
f 6812 6815 6809
f 6818 6811 6813
f 4015 4057 4054
f 10644 10645 10646
f 10620 10500 10491
f 2198 2199 2193
f 10239 10235 10255
f 5874 5876 5875
f 5873 5874 5875
f 5875 5876 5877
f 10242 10241 10240
f 5604 5605 5611
f 8551 8552 8548
f 10244 10242 10253
f 8546 8551 8548
f 8553 8551 8546
f 8546 8547 8545
f 8547 8546 8548
f 8545 8547 8550
f 10313 10318 10334
f 5009 5007 5006
f 8544 8545 8550
f 189 186 197
f 188 187 186
f 186 187 183
f 192 180 207
f 207 185 224
f 224 185 227
f 227 226 285
f 9509 9508 9510
f 7388 7387 7389
f 9575 9519 9632
f 9632 9521 9530
f 10345 10339 10331
f 9523 9568 9525
f 10363 10345 10342
f 10366 10369 10368
f 5906 5911 5910
f 5907 5906 5910
f 8256 8259 8258
f 11298 11296 11302
f 11303 11298 11302
f 4755 4757 4754
f 11279 11280 11281
f 4065 4070 4069
f 4065 4069 4059
f 4053 4065 4059
f 646 647 643
f 4053 4059 4050
f 6812 6809 6811
f 6818 6812 6811
f 4027 4026 4020
f 4053 4050 4049
f 4045 4057 4021
f 4054 4053 4049
f 648 652 653
f 4017 4057 4015
f 2198 2205 2199
f 2260 2264 2256
f 2264 2261 2256
f 2217 2265 2216
f 10262 10244 10253
f 8546 8545 8543
f 10263 10250 10262
f 10263 10264 10250
f 8545 8544 8543
f 10265 10264 10263
f 5008 5007 5012
f 10317 10318 10313
f 8540 8544 8554
f 178 179 191
f 191 179 192
f 186 183 182
f 192 207 231
f 9530 9521 9524
f 10341 10345 10331
f 11197 11191 11190
f 11176 11192 11191
f 666 663 661
f 8257 8256 8258
f 4753 4755 4754
f 11232 11228 11231
f 11231 11228 11229
f 3319 3318 3320
f 6352 6353 6354
f 9974 9973 9972
f 4060 4065 4053
f 3832 3834 3803
f 4055 4060 4053
f 4056 4055 4054
f 4054 4055 4053
f 4045 4056 4057
f 3028 3035 3029
f 4057 4056 4054
f 4045 4021 4023
f 1186 1131 1189
f 2198 2201 2205
f 1189 1131 1138
f 2196 2201 2198
f 8567 8568 8569
f 2216 2239 2218
f 2218 2239 2263
f 2263 2260 2242
f 2260 2256 2242
f 2217 2212 2265
f 8553 8546 8549
f 8549 8546 8543
f 252 271 253
f 252 253 197
f 10316 10317 10313
f 182 181 178
f 182 178 191
f 9512 9509 9510
f 10333 10327 10322
f 9524 9523 9525
f 10366 10363 10342
f 10367 10366 10342
f 4752 4756 4743
f 4751 4752 4743
f 4753 4752 4751
f 11232 11231 11234
f 3317 3316 3318
f 3319 3317 3318
f 9973 9966 9972
f 3031 3033 3015
f 1186 1129 1131
f 1131 1129 1124
f 1138 1131 1124
f 8607 8589 8590
f 2186 2196 2198
f 8363 8362 8345
f 2186 2198 2193
f 8345 8360 8344
f 8345 8344 8343
f 2193 2203 2188
f 2186 2193 2188
f 2242 2256 2254
f 5594 5597 5605
f 2266 2238 2220
f 5010 5006 5008
f 2236 2266 2226
f 8543 8540 8539
f 10315 10316 10313
f 8539 8540 8541
f 10319 10316 10315
f 2752 2750 2751
f 2752 2751 2753
f 9513 9510 9575
f 2753 2751 2754
f 9578 9509 9512
f 10330 10328 10327
f 10340 10341 10331
f 10342 10341 10340
f 9525 9568 9526
f 4742 4743 4744
f 11153 11155 11154
f 11153 11154 11151
f 11153 11151 11150
f 11150 11151 11152
f 664 661 646
f 11156 11150 11152
f 3307 3305 3315
f 3317 3307 3316
f 3316 3307 3315
f 11156 11152 11157
f 11159 11156 11158
f 11158 11156 11157
f 6662 6663 6664
f 3013 3012 3002
f 4022 4025 4023
f 4023 4032 4033
f 7808 7803 7800
f 1192 1130 1186
f 2196 2197 2201
f 10500 10492 10491
f 8619 8617 8589
f 2184 2196 2186
f 8596 8590 8593
f 8343 8344 8342
f 8343 8342 8340
f 2244 2254 2255
f 5596 5610 5597
f 5593 5603 5599
f 2226 2266 2220
f 5599 5603 5606
f 5013 5010 5011
f 5010 5008 5011
f 8549 8543 8539
f 222 252 197
f 220 197 186
f 191 192 194
f 227 285 250
f 9512 9510 9513
f 10343 10322 10319
f 10333 10322 10343
f 10331 10330 10332
f 10332 10330 10335
f 10340 10331 10332
f 4742 4744 4745
f 3307 3303 3305
f 3303 3304 3305
f 9967 9966 9963
f 9970 9967 9963
f 3013 3014 3003
f 4023 4025 4032
f 7800 7803 7795
f 7800 7795 7799
f 1192 1128 1130
f 10492 10493 10487
f 2184 2197 2196
f 8598 8599 8639
f 2184 2186 2185
f 8344 8355 8342
f 8342 8341 8340
f 2244 2255 2246
f 3966 3964 3967
f 3966 3967 3973
f 3973 3967 3974
f 5594 5596 5597
f 3963 3964 3965
f 3965 3964 3966
f 3965 3966 3973
f 6490 6508 6486
f 2232 2233 2230
f 222 197 221
f 221 197 220
f 196 182 191
f 196 191 194
f 229 186 182
f 224 227 250
f 4749 4750 4748
f 10330 10336 10335
f 4746 4745 4747
f 4745 4749 4748
f 4747 4745 4748
f 9526 9573 9569
f 9964 9968 9965
f 3025 3017 3021
f 3002 3003 2997
f 3002 2997 3001
f 6408 6405 6403
f 7803 7801 7795
f 2184 2191 2197
f 8620 8607 8596
f 8621 8598 8627
f 8628 8627 8598
f 8628 8598 8639
f 3711 3712 3710
f 8360 8359 8355
f 3710 3712 3713
f 8342 8350 8341
f 2187 2186 2188
f 5837 5839 5841
f 2241 2243 2247
f 6495 6520 6505
f 6509 6520 6495
f 6478 6509 6495
f 5594 5585 5596
f 6486 6509 6478
f 5585 5594 5590
f 6485 6486 6478
f 2223 2221 2219
f 3968 3969 3963
f 5590 5593 5592
f 3968 3963 3965
f 5592 5593 5599
f 3968 3965 3972
f 5592 5599 5600
f 6491 6508 6490
f 6551 6556 6555
f 229 182 196
f 194 192 231
f 2753 2754 2755
f 9515 9578 9512
f 9529 9530 9524
f 10335 10336 10337
f 3306 3309 3308
f 9526 9569 9532
f 3306 3308 3304
f 9971 9980 9965
f 9970 9963 9961
f 7795 7801 7793
f 7795 7793 7792
f 1192 1177 1128
f 10493 10499 10625
f 2183 2191 2184
f 2183 2184 2185
f 8331 8332 8333
f 2185 2186 2187
f 8341 8361 8338
f 8341 8338 8340
f 8340 8338 8339
f 8337 8335 8334
f 6505 6506 6477
f 2245 2246 2248
f 2259 2258 2269
f 6495 6505 6477
f 5582 5588 5596
f 3970 3964 3969
f 6478 6495 6477
f 3964 3963 3969
f 3970 3969 3968
f 6489 6490 6485
f 7319 7321 7317
f 7321 7322 7317
f 7317 7322 7318
f 4950 4952 4942
f 6489 6491 6490
f 7319 7317 7311
f 7326 7319 7320
f 7320 7319 7311
f 6647 6649 6652
f 10373 10376 10374
f 10373 10374 10375
f 10354 10333 10343
f 9515 9512 9514
f 9575 9632 9586
f 9632 9530 9586
f 9586 9530 9529
f 7262 7259 7261
f 10337 10336 10338
f 3584 3587 3585
f 9929 9942 9930
f 9985 9984 9983
f 9986 9985 9983
f 9986 9983 9987
f 662 646 642
f 9961 9962 9960
f 6402 6403 6404
f 3001 2997 2999
f 8622 8620 8621
f 3709 3711 3710
f 8366 8375 8359
f 8355 8351 8350
f 8350 8357 8341
f 8341 8357 8361
f 8338 8335 8337
f 8339 8338 8337
f 8335 8333 8334
f 8334 8333 8332
f 2248 2246 2259
f 6506 6507 6477
f 6477 6507 6481
f 5584 5582 5585
f 5584 5585 5589
f 6480 6485 6478
f 7318 7323 7303
f 3971 3970 3968
f 4953 4950 4949
f 7322 7323 7318
f 7318 7303 7302
f 4949 4950 4942
f 4942 4952 4947
f 6500 6491 6489
f 7317 7318 7302
f 7317 7302 7311
f 10320 10349 10348
f 6552 6551 6555
f 10346 10320 10348
f 221 220 223
f 220 186 223
f 223 186 229
f 229 196 265
f 6645 6644 6649
f 10343 10346 10347
f 10354 10343 10347
f 9514 9512 9513
f 9516 9513 9575
f 7259 7260 7261
f 9263 9288 9257
f 9516 9575 9576
f 9576 9575 9586
f 3584 3585 3586
f 3310 3311 3309
f 3309 3311 3313
f 9929 9930 9926
f 9533 9532 9569
f 9987 9983 9988
f 662 642 656
f 9959 9970 9961
f 9959 9961 9960
f 2997 2998 2999
f 7796 7802 7804
f 2191 2183 2190
f 9350 9351 9352
f 8624 8621 8625
f 2189 2183 2185
f 3701 3709 3702
f 8338 8370 8335
f 8335 8331 8333
f 2250 2252 2253
f 2249 2248 2250
f 2250 2248 2251
f 5616 5615 5583
f 7303 7324 7325
f 6479 6480 6478
f 7323 7324 7303
f 7298 7303 7299
f 4946 4949 4942
f 7302 7303 7298
f 6488 6489 6485
f 7307 7302 7304
f 7311 7302 7307
f 5639 5601 5607
f 7309 7311 7307
f 7316 7311 7309
f 6550 6551 6552
f 6554 6552 6555
f 6643 6644 6641
f 6638 6643 6641
f 6641 6644 6645
f 10353 10347 10346
f 6647 6652 6653
f 10370 10371 10354
f 10370 10354 10355
f 10355 10354 10353
f 10354 10347 10353
f 6645 6649 6647
f 9514 9513 9516
f 2756 2753 2755
f 9529 9524 9528
f 9528 9524 9527
f 9527 9524 9526
f 662 656 665
f 9959 9960 9958
f 3492 3491 3476
f 3004 3005 2998
f 7804 7806 7805
f 2998 3000 2999
f 7796 7804 7805
f 7796 7805 7797
f 2194 2191 2190
f 8626 8625 8629
f 3703 3701 3700
f 8375 8376 8359
f 3700 3701 3702
f 8351 8349 8350
f 8335 8370 8336
f 8335 8336 8331
f 2253 2252 2262
f 6507 6512 6496
f 5617 5616 5583
f 6481 6507 6496
f 6481 6496 6482
f 6476 6477 6481
f 6476 6481 6482
f 7298 7299 7300
f 5598 5591 5592
f 4939 4946 4942
f 6487 6485 6480
f 6488 6485 6487
f 4942 4947 4941
f 5639 5607 5640
f 6553 6550 6552
f 10346 10348 10350
f 10351 10346 10350
f 223 229 264
f 264 229 265
f 10353 10346 10351
f 6650 6647 6653
f 3938 3935 3933
f 3938 3933 3937
f 3938 3937 3939
f 8689 8690 8691
f 9526 9532 9531
f 9932 9957 9927
f 9927 9957 9945
f 9930 9932 9926
f 9926 9932 9927
f 9532 9533 9531
f 9928 9929 9926
f 3491 3473 3476
f 6398 6400 6402
f 10497 10581 10499
f 644 645 686
f 8626 8629 8632
f 2190 2183 2189
f 8376 8367 8359
f 8327 8322 8375
f 8336 8370 8374
f 2189 2185 2187
f 8322 8327 8325
f 8361 8357 8358
f 8290 8291 8288
f 6496 6512 6511
f 6496 6511 6510
f 6512 6513 6511
f 6482 6496 6497
f 6475 6477 6476
f 6479 6478 6475
f 5595 5591 5598
f 7301 7298 7300
f 7301 7302 7298
f 4939 4942 4941
f 5639 5571 5601
f 5571 5639 5640
f 7308 7309 7307
f 6418 6419 6420
f 7308 7310 7309
f 6554 6553 6552
f 6555 6601 6600
f 6600 6601 6602
f 292 223 264
f 6638 6641 6640
f 10355 10353 10351
f 3935 3936 3932
f 3935 3932 3933
f 3933 3932 3929
f 9251 9257 9255
f 3937 3933 3934
f 9927 9945 9944
f 9928 9926 9925
f 9925 9926 9927
f 9531 9533 9534
f 9988 9989 9990
f 9937 9958 9943
f 657 656 639
f 9959 9958 9937
f 3473 3469 3476
f 6397 6399 6398
f 635 638 637
f 8636 8630 8631
f 8631 8626 8632
f 8631 8632 8634
f 8634 8632 8640
f 8371 8372 8370
f 2200 2189 2187
f 8324 8325 8330
f 8325 8324 8322
f 6514 6518 6516
f 6515 6514 6516
f 6513 6514 6511
f 5619 5587 5620
f 6497 6496 6498
f 6498 6496 6510
f 6474 6475 6476
f 6487 6484 6492
f 4946 4939 4948
f 4941 4947 4940
f 6499 6500 6489
f 7308 7307 7304
f 6554 6555 6600
f 6659 6637 6633
f 6648 6647 6650
f 3934 3929 3930
f 9267 9266 9286
f 9570 9586 9529
f 9570 9529 9528
f 9258 9263 9257
f 9251 9255 9254
f 9927 9944 9940
f 9938 9927 9940
f 9933 9927 9938
f 9531 9534 9535
f 5212 5213 5214
f 9943 9925 9935
f 9937 9943 9935
f 657 658 656
f 6396 6397 6395
f 3469 3478 3480
f 3481 3469 3480
f 3476 3469 3481
f 2190 2189 2192
f 3705 3703 3704
f 3704 3703 3700
f 6515 6516 6517
f 5630 5619 5620
f 4725 4719 4724
f 5577 5621 5587
f 6898 6899 6900
f 6483 6476 6482
f 6474 6476 6483
f 6484 6479 6475
f 4948 4939 4938
f 4938 4939 4940
f 5571 5556 5601
f 7305 7304 7301
f 6443 6489 6488
f 6521 6500 6499
f 6499 6489 6443
f 5557 5571 5640
f 5557 5640 5641
f 7308 7304 7305
f 6422 6418 6421
f 6421 6418 6420
f 6421 6420 6433
f 6690 6691 6692
f 5811 5812 5809
f 5808 5811 5809
f 5809 5812 5813
f 6600 6602 6604
f 6604 6602 6659
f 6633 6637 6636
f 6637 6638 6636
f 6640 6641 6642
f 3932 3927 3929
f 6639 6638 6640
f 6642 6641 6645
f 6645 6647 6646
f 6648 6650 6651
f 2757 2756 2758
f 9267 9286 9271
f 9255 9266 9265
f 9528 9527 9570
f 9258 9257 9251
f 9526 9531 9527
f 9254 9255 9264
f 9937 9935 9936
f 657 660 673
f 3479 3475 3478
f 3478 3475 3477
f 630 660 624
f 617 624 622
f 8397 8394 8396
f 2194 2190 2192
f 8359 8367 8354
f 8359 8354 8351
f 1123 1137 1126
f 2202 2192 2189
f 8323 8322 8324
f 2200 2202 2189
f 4722 4723 4721
f 4719 4720 4721
f 4720 4722 4721
f 4724 4719 4721
f 6498 6510 6519
f 6503 6482 6497
f 6483 6482 6503
f 6484 6475 6474
f 6488 6487 6492
f 5602 5637 5613
f 4938 4940 4943
f 6444 6521 6499
f 9172 9170 9171
f 6695 6691 6694
f 6423 6422 6421
f 6429 6433 6430
f 6694 6691 6689
f 6689 6691 6690
f 6051 6049 6045
f 6046 6045 6044
f 5808 5809 5810
f 6599 6600 6604
f 6604 6659 6633
f 6636 6638 6639
f 6642 6645 6646
f 9946 9947 9944
f 9945 9946 9944
f 9270 9267 9271
f 2756 2763 2759
f 9265 9266 9267
f 9527 9531 9567
f 2763 2761 2759
f 9264 9255 9265
f 9531 9535 9567
f 9539 9540 9541
f 3469 3463 3465
f 9366 9367 9368
f 673 660 630
f 617 622 616
f 3708 3706 3707
f 3706 3705 3704
f 3707 3706 3704
f 8314 8378 8367
f 8322 8314 8376
f 8376 8314 8367
f 8373 8372 8382
f 5748 5755 5753
f 5632 5565 5631
f 6494 6484 6474
f 5637 5561 5638
f 5637 5638 5635
f 5638 5632 5635
f 5637 5635 5613
f 5602 5556 5569
f 7305 7301 7306
f 6431 6430 6432
f 6426 6422 6424
f 6424 6422 6423
f 6429 6430 6431
f 5557 5614 5538
f 6421 6433 6435
f 6435 6433 6429
f 6688 6689 6690
f 3373 3377 3374
f 6604 6633 6632
f 6632 6633 6636
f 332 346 333
f 6646 6647 6648
f 9940 9944 9949
f 2758 2756 2759
f 9572 9570 9527
f 9265 9267 9268
f 9268 9267 9270
f 9253 9258 9251
f 9539 9537 9536
f 6100 6101 6099
f 9539 9536 9540
f 9539 9541 9542
f 3464 3466 3465
f 3466 3467 3465
f 3465 3467 3475
f 3475 3467 3477
f 9542 9541 9559
f 3479 3465 3475
f 6392 6394 6393
f 9559 9541 9583
f 632 618 615
f 8394 8393 8395
f 8367 8378 8377
f 8386 8389 8373
f 2195 2194 2192
f 8323 8315 8322
f 8315 8304 8322
f 8320 8315 8323
f 8349 8352 8353
f 8349 8353 8347
f 5756 5748 5759
f 7296 7297 7293
f 6483 6503 6504
f 6493 6474 6483
f 6494 6492 6484
f 4938 4943 4944
f 4944 4943 4945
f 6501 6443 6488
f 6444 6499 6443
f 5538 5614 5539
f 6423 6421 6435
f 6688 6694 6689
f 6693 6688 6690
f 6572 6573 6554
f 345 347 338
f 338 347 346
f 338 346 332
f 332 333 329
f 9527 9567 9628
f 9939 9940 9978
f 2758 2759 2760
f 9567 9535 9538
f 9538 9535 9537
f 9941 9939 9978
f 2760 2759 2761
f 9253 9251 9250
f 6391 6392 6393
f 9250 9251 9252
f 9252 9251 9254
f 9559 9583 9696
f 964 961 962
f 9261 9252 9254
f 700 618 632
f 8388 8393 8394
f 8388 8394 8389
f 1968 1975 1974
f 8314 8309 8378
f 8386 8388 8389
f 5398 5400 5396
f 1134 1135 1120
f 8382 8387 8386
f 1971 1974 1983
f 8382 8386 8373
f 8372 8383 8382
f 8368 8380 8365
f 7293 7294 7295
f 7296 7293 7295
f 6473 6483 6504
f 6494 6474 6493
f 6502 6492 6494
f 6501 6488 6492
f 6501 6492 6502
f 5556 5557 5531
f 6442 6444 6443
f 6428 6426 6424
f 5535 5557 5538
f 6435 6429 6431
f 5625 5539 5614
f 3373 3374 3375
f 6562 6573 6572
f 6572 6554 6575
f 3376 3373 3375
f 6562 6561 6563
f 6575 6554 6599
f 6603 6575 6599
f 6554 6600 6599
f 6599 6604 6617
f 6631 6604 6632
f 332 329 328
f 329 325 328
f 6091 6092 6089
f 328 325 324
f 6097 6092 6091
f 338 332 331
f 9538 9537 9637
f 6098 6099 6097
f 9637 9537 9539
f 9269 9265 9268
f 9539 9542 9543
f 2760 2761 2764
f 9264 9265 9269
f 9544 9542 9559
f 5437 5436 5433
f 3009 3011 3010
f 701 700 632
f 600 601 602
f 602 601 604
f 604 601 605
f 8388 8390 8393
f 7377 7381 7379
f 1136 1134 1121
f 1121 1134 1120
f 8383 8387 8382
f 1983 1974 1992
f 8383 8372 8385
f 8320 8310 8315
f 5759 5748 5750
f 6473 6504 6470
f 6473 6470 6472
f 5568 5574 5576
f 5566 5565 5563
f 6493 6483 6455
f 6434 6432 6436
f 4944 4945 4951
f 6437 6431 6434
f 6441 6442 6443
f 6424 6423 6425
f 5535 5538 5537
f 5634 5626 5625
f 9951 9956 9952
f 6558 6561 6560
f 6560 6561 6562
f 9948 9951 9950
f 9951 9952 9950
f 9949 9948 9950
f 6617 6604 6631
f 6091 6089 6090
f 348 345 342
f 337 338 331
f 323 334 322
f 9572 9527 9628
f 6098 6097 6091
f 3467 3468 3471
f 331 332 328
f 324 325 323
f 9555 9637 9539
f 6388 6390 6389
f 6389 6390 6391
f 2760 2764 2765
f 5436 5435 5433
f 2765 2764 2766
f 9256 9250 9252
f 9260 9252 9261
f 9260 9261 9262
f 8390 8398 8393
f 8309 8313 8378
f 8303 8309 8314
f 8404 8391 8387
f 8391 8390 8387
f 8387 8390 8388
f 8354 8377 8318
f 8304 8303 8314
f 8354 8318 8352
f 8352 8318 8381
f 8404 8387 8383
f 8315 8310 8304
f 8352 8381 8353
f 8347 8353 8356
f 8353 8368 8356
f 5750 5749 5751
f 6457 6483 6473
f 6449 6494 6451
f 6494 6493 6451
f 6447 6502 6449
f 6449 6502 6494
f 6501 6502 6447
f 6436 6442 6441
f 6441 6443 6501
f 4400 4399 4398
f 9975 9977 9976
f 5625 5551 5539
f 5626 5551 5625
f 9976 9979 9956
f 9816 9814 9817
f 9975 9976 9956
f 9956 9979 9955
f 5629 5626 5634
f 5626 5629 5628
f 9975 9956 9951
f 9952 9956 9955
f 6565 6572 6575
f 9174 9175 9176
f 6560 6562 6565
f 6565 6562 6572
f 6096 6091 6090
f 9270 9272 9273
f 345 338 342
f 342 338 337
f 324 323 317
f 323 322 317
f 336 337 331
f 9248 9268 9270
f 9248 9270 9249
f 9543 9542 9544
f 336 331 330
f 330 331 328
f 9559 9696 9550
f 9550 9696 9553
f 700 701 703
f 956 961 952
f 2765 2766 2767
f 9259 9256 9252
f 9259 9252 9260
f 2768 2767 2772
f 8391 8392 8390
f 8309 8305 8313
f 8392 8391 8404
f 8303 8305 8309
f 8378 8313 8316
f 8378 8316 8377
f 8377 8316 8318
f 1975 1990 1974
f 8302 8303 8304
f 304 310 318
f 606 620 629
f 1974 1993 1992
f 7376 7377 7378
f 7377 7379 7378
f 8320 8321 8311
f 8310 8302 8304
f 8320 8311 8310
f 305 303 308
f 620 621 626
f 307 300 305
f 10611 10543 10541
f 5751 5749 5752
f 6470 6469 6466
f 6471 6470 6466
f 6472 6470 6471
f 8500 8501 8502
f 8729 8730 8727
f 6451 6493 6455
f 6452 6451 6455
f 6441 6501 6447
f 6440 6436 6441
f 5531 5533 5532
f 6427 6424 6425
f 5093 5094 5087
f 7788 7789 7790
f 9815 9813 9814
f 9814 9813 9808
f 5539 5549 5537
f 5537 5549 5536
f 7791 7790 7789
f 9814 9808 9820
f 5551 5549 5539
f 5551 5626 5627
f 9817 9814 9818
f 9818 9814 9820
f 5088 5091 5092
f 5627 5626 5628
f 9817 9818 9819
f 5088 5092 5096
f 10386 10385 10379
f 6565 6575 6574
f 6574 6575 6603
f 6087 6088 6086
f 6559 6558 6560
f 6557 6558 6559
f 6090 6089 6087
f 6089 6088 6087
f 6096 6090 6094
f 6384 6386 6379
f 9273 9272 9287
f 9567 9538 9636
f 9636 9538 9637
f 9636 9637 9555
f 6388 6389 6387
f 344 348 342
f 5435 5432 5433
f 9210 9211 9212
f 9249 9270 9274
f 328 324 327
f 317 322 321
f 9211 9213 9212
f 342 337 341
f 327 324 326
f 326 324 317
f 341 337 339
f 339 337 336
f 330 328 327
f 336 330 320
f 320 330 327
f 961 965 952
f 2765 2767 2768
f 8305 8312 8313
f 8313 8312 8316
f 954 956 952
f 954 952 951
f 304 309 310
f 307 306 300
f 300 303 305
f 5754 5751 5752
f 6457 6473 6458
f 8726 8729 8727
f 5527 5530 5529
f 9813 9812 9808
f 5090 5093 5087
f 5549 5544 5536
f 5536 5544 5533
f 5544 5532 5533
f 9808 9809 9820
f 9819 9818 9823
f 9818 9820 9821
f 9823 9818 9821
f 9826 9819 9823
f 10385 10383 10379
f 6087 6086 6085
f 6085 6086 6083
f 3489 3488 3487
f 3488 3489 3490
f 6619 6603 6599
f 6619 6599 6617
f 5432 5429 5428
f 5427 5432 5428
f 6379 6386 6387
f 344 349 348
f 9273 9287 9285
f 9634 9628 9567
f 9634 9567 9636
f 9274 9270 9273
f 9636 9555 9629
f 4589 4588 4587
f 343 344 342
f 9247 9248 9249
f 9544 9559 9550
f 9550 9553 9549
f 343 342 341
f 320 327 335
f 317 321 314
f 335 327 326
f 326 317 313
f 952 965 963
f 614 611 610
f 339 336 340
f 314 321 311
f 8305 8306 8307
f 8305 8307 8312
f 8317 8319 8318
f 319 320 315
f 8312 8317 8316
f 8316 8317 8318
f 312 314 311
f 8301 8305 8303
f 312 311 309
f 309 311 310
f 8299 8300 8301
f 8318 8384 8381
f 8302 8301 8303
f 306 298 300
f 300 299 303
f 303 299 304
f 606 629 609
f 6466 6467 6468
f 5573 5636 5622
f 6459 6456 6458
f 8726 8727 8728
f 9808 9812 9780
f 9808 9780 9781
f 9808 9781 9809
f 5549 5547 5544
f 5087 5091 5088
f 5087 5088 5089
f 9820 9809 9811
f 5088 5096 5089
f 6083 6079 6081
f 10379 10383 10380
f 6094 6090 6093
f 6090 6087 6093
f 6564 6595 6559
f 351 352 349
f 1356 1357 1341
f 351 349 344
f 968 966 969
f 9125 9126 9124
f 9548 9544 9549
f 685 674 684
f 350 344 343
f 335 326 316
f 316 326 313
f 315 320 335
f 315 335 316
f 952 963 960
f 313 317 312
f 313 312 302
f 317 314 312
f 8308 8306 8301
f 8301 8306 8305
f 319 315 296
f 952 960 953
f 951 952 953
f 306 296 298
f 302 312 309
f 8300 8299 8329
f 297 301 299
f 299 302 304
f 302 309 304
f 298 297 299
f 959 958 955
f 6460 6459 6458
f 6460 6458 6461
f 6453 6454 6464
f 9777 9778 9782
f 9771 9778 9777
f 9774 9777 9779
f 9770 9771 9772
f 9772 9771 9774
f 9774 9771 9777
f 9780 9770 9775
f 9775 9770 9773
f 9770 9772 9773
f 9776 9775 9773
f 9810 9809 9781
f 10393 10392 10391
f 9811 9809 9810
f 9820 9811 9822
f 10397 10386 10387
f 5089 5096 5097
f 6080 6079 6084
f 10387 10379 10388
f 6095 6094 6093
f 6606 6603 6619
f 9549 9552 9551
f 9636 9640 9634
f 9630 9636 9629
f 9555 9543 9546
f 9629 9555 9546
f 9543 9544 9545
f 350 351 344
f 9125 9124 9123
f 8308 8326 8306
f 316 313 297
f 301 313 302
f 1810 1791 1793
f 1791 1810 1792
f 297 315 316
f 297 313 301
f 296 315 297
f 11452 11455 11453
f 11452 11453 11454
f 1792 1810 1825
f 1792 1825 1822
f 296 297 298
f 299 301 302
f 10555 10554 10562
f 6460 6461 6462
f 4283 4289 4280
f 4288 4283 4282
f 4282 4283 4280
f 9777 9782 9779
f 9779 9782 9783
f 11033 11032 11034
f 11030 11029 11032
f 11024 11028 11025
f 11025 11028 11029
f 11025 11029 11030
f 5090 5087 5089
f 5089 5097 5098
f 10388 10379 10396
f 9028 9029 9030
f 6093 6087 6085
f 6566 6560 6565
f 6574 6603 6606
f 6095 6093 6104
f 6567 6560 6566
f 6564 6559 6560
f 6606 6619 6656
f 699 696 631
f 694 685 684
f 9546 9543 9545
f 9123 9124 9122
f 9545 9544 9547
f 9547 9544 9548
f 9275 9274 9273
f 684 674 676
f 676 675 677
f 677 675 679
f 11439 11443 11442
f 1792 1822 1821
f 11451 11448 11446
f 2829 2828 2840
f 3064 3066 3065
f 3064 3065 3063
f 629 628 634
f 10553 10555 10556
f 10562 10551 10550
f 4281 4280 4284
f 4285 4293 4291
f 4281 4285 4291
f 4282 4280 4279
f 4279 4280 4281
f 4279 4281 4290
f 4290 4281 4291
f 5672 5673 5674
f 5674 5673 5675
f 4292 4279 4290
f 9783 9782 9784
f 5523 5525 5520
f 11034 11036 11035
f 11033 11034 11035
f 11030 11032 11033
f 5090 5089 5095
f 11052 11027 11046
f 5099 5095 5089
f 5099 5089 5098
f 11783 11784 11785
f 3211 3213 3212
f 10378 10379 10380
f 6565 6574 6566
f 6564 6560 6567
f 9558 9557 9564
f 4520 4519 4518
f 6376 6379 6383
f 1816 1817 1805
f 694 684 697
f 1814 1805 1804
f 9277 9285 9282
f 9640 9636 9630
f 1805 1802 1804
f 9273 9285 9277
f 4583 4584 4582
f 9275 9273 9276
f 1804 1802 1789
f 1802 1793 1789
f 1789 1793 1791
f 11459 11463 11458
f 1143 1144 1142
f 4136 4135 4129
f 4284 4287 4286
f 4281 4284 4285
f 5674 5675 5676
f 8698 8695 8697
f 8695 8696 8697
f 5522 5523 5520
f 11037 11035 11036
f 11047 11035 11037
f 11025 11030 11031
f 11019 11024 11025
f 11058 11055 11054
f 11023 11024 11019
f 11023 11019 11022
f 11021 11022 11019
f 11046 11027 11022
f 8202 8203 8204
f 8203 8205 8204
f 8204 8205 8206
f 3211 3212 3210
f 10384 10378 10381
f 10381 10378 10380
f 4786 4784 4780
f 4780 4779 4788
f 4516 4517 4515
f 4788 4779 4785
f 9560 9558 9564
f 4786 4780 4787
f 4518 4519 4516
f 9564 9557 9565
f 1816 1805 1814
f 9281 9296 9290
f 9292 9296 9298
f 9123 9122 9120
f 9120 9122 9117
f 9122 9129 9117
f 681 680 678
f 9276 9273 9277
f 11458 11457 11459
f 1790 1792 1821
f 3062 3064 3063
f 10551 10552 10548
f 4140 4139 4106
f 4285 4284 4286
f 9786 9785 9789
f 8697 8696 8699
f 9783 9785 9786
f 8699 8696 8700
f 9787 9783 9786
f 11033 11035 11047
f 7690 7680 7675
f 9805 9806 9804
f 7478 7481 7479
f 7479 7481 7482
f 7657 7656 7655
f 7655 7654 7657
f 5540 5552 5550
f 11054 11055 11056
f 11021 11019 11018
f 11018 11019 11020
f 11046 11022 11021
f 11048 11046 11021
f 6106 6105 6107
f 4778 4781 4779
f 4779 4781 4785
f 3209 3210 3207
f 4784 4783 4778
f 4780 4784 4778
f 4778 4779 4780
f 6576 6574 6606
f 4514 4516 4515
f 10381 10380 10382
f 9556 9558 9560
f 4518 4516 4514
f 6634 6606 6656
f 706 694 698
f 9551 9556 9563
f 698 694 697
f 682 680 681
f 9290 9296 9292
f 9293 9299 9300
f 9277 9282 9281
f 970 968 992
f 9276 9277 9278
f 681 678 677
f 681 677 687
f 1791 1792 1790
f 973 970 983
f 967 973 983
f 11438 11439 11440
f 967 977 974
f 972 967 974
f 1187 1170 1161
f 971 972 1000
f 11786 11787 11788
f 9786 9789 9788
f 9788 9789 9790
f 9787 9786 9788
f 11037 11036 11038
f 11039 11037 11038
f 7683 7686 7689
f 11047 11037 11039
f 7656 7653 7655
f 9804 9798 9803
f 9805 9804 9803
f 9803 9798 9802
f 11054 11056 11057
f 7477 7478 7479
f 4782 4789 4781
f 4778 4782 4781
f 3203 3209 3207
f 5382 5377 5376
f 9562 9560 9564
f 1819 1816 1814
f 1335 1357 1352
f 682 681 683
f 9293 9300 9295
f 9293 9298 9299
f 9277 9281 9280
f 1803 1804 1789
f 970 992 991
f 970 991 983
f 1789 1791 1790
f 1142 1144 1145
f 972 974 986
f 3062 3063 3059
f 3059 3063 3069
f 10548 10552 10570
f 4133 4129 4128
f 1054 1050 1053
f 5670 5671 5667
f 9790 9792 9791
f 9788 9790 9791
f 7681 7682 7677
f 11043 11039 11040
f 11040 11039 11038
f 11040 11038 11041
f 7677 7674 7673
f 7653 7651 7652
f 9802 9798 9797
f 7462 7463 7464
f 7483 7477 7480
f 3203 3207 3204
f 7231 7230 7232
f 7231 7232 7237
f 5376 5377 5378
f 7238 7237 7232
f 6566 6574 6570
f 9561 9556 9560
f 9566 9589 9588
f 4514 4515 4513
f 6567 6566 6568
f 6568 6566 6569
f 9563 9556 9561
f 6608 6564 6567
f 704 682 683
f 6377 6375 6376
f 5190 5191 5186
f 5186 5185 5183
f 992 993 991
f 9278 9277 9279
f 9279 9277 9280
f 5183 5185 5182
f 5185 5184 5182
f 983 991 979
f 983 979 977
f 1796 1790 1821
f 1000 972 986
f 3061 3062 3059
f 1053 1050 1052
f 1052 1050 1051
f 4114 4146 4106
f 5670 5667 5666
f 5666 5667 5668
f 9793 9792 9794
f 11041 11044 11042
f 11042 11044 11045
f 9791 9792 9793
f 11040 11041 11042
f 9798 9796 9797
f 9587 9566 9588
f 6570 6574 6576
f 9561 9560 9562
f 11476 11481 11477
f 6569 6566 6570
f 6576 6606 6588
f 9590 9588 9589
f 6606 6634 6588
f 6368 6380 6373
f 6608 6567 6568
f 1332 1335 1352
f 5190 5186 5187
f 5187 5186 5183
f 9120 9117 9116
f 9289 9290 9291
f 9116 9117 9118
f 9291 9290 9292
f 4576 4577 4578
f 1351 1336 1334
f 5183 5182 5181
f 991 993 994
f 9283 9279 9280
f 689 688 687
f 977 979 975
f 977 975 974
f 1000 986 1001
f 10552 10575 10570
f 10570 10575 10576
f 1049 1030 1029
f 1050 1049 1029
f 1051 1029 1033
f 5666 5668 5669
f 9793 9794 9795
f 3127 3135 3136
f 9830 9831 9832
f 9796 9793 9795
f 9796 9795 9797
f 9797 9795 9799
f 3205 3204 3206
f 3203 3204 3205
f 5379 5381 5380
f 5378 5380 5384
f 9590 9591 9593
f 9594 9597 9596
f 11477 11481 11482
f 704 683 705
f 9594 9598 9597
f 5193 5191 5190
f 6588 6634 6635
f 1815 1819 1814
f 1815 1814 1804
f 9900 9907 9906
f 9292 9293 9291
f 1798 1803 1789
f 4576 4578 4579
f 9322 9278 9279
f 2837 2838 2836
f 5181 5182 5180
f 1788 1789 1790
f 1047 1045 1039
f 1045 1038 1039
f 5182 5184 5180
f 975 979 980
f 2836 2838 2818
f 1031 1039 1038
f 11438 11440 11441
f 28 46 26
f 1031 1038 1028
f 11460 11457 11456
f 11460 11456 11461
f 1048 1031 1030
f 1030 1031 1028
f 3058 3061 3059
f 3058 3059 3060
f 6321 6323 6322
f 6323 6325 6322
f 1029 1028 1015
f 4133 4128 4143
f 9795 9794 9801
f 7685 7678 7688
f 3131 3135 3127
f 3205 3206 3208
f 9626 9587 9592
f 9592 9587 9588
f 9593 9591 9594
f 11475 11476 11477
f 9301 9302 9303
f 9891 9888 9890
f 9301 9295 9302
f 9294 9293 9295
f 1334 1332 1333
f 9119 9116 9118
f 4575 4577 4576
f 1351 1334 1338
f 993 995 994
f 9207 9208 9209
f 1037 1071 1069
f 1037 1069 1034
f 1038 1037 1035
f 2836 2818 2820
f 1067 1047 1039
f 4559 4560 4558
f 2820 2818 2819
f 1028 1038 1035
f 2814 2812 2811
f 1067 1039 1046
f 1046 1039 1031
f 2811 2812 2813
f 974 975 976
f 986 974 976
f 986 976 989
f 1046 1031 1048
f 6326 6327 6324
f 6326 6324 6321
f 1001 986 1002
f 6321 6324 6323
f 3060 3059 3069
f 6320 6321 6322
f 1032 1015 1014
f 1033 1015 1032
f 4142 4128 4127
f 25 47 23
f 9795 9801 9807
f 9053 9054 9055
f 3129 3131 3127
f 9800 9795 9807
f 9807 9824 9800
f 7649 7641 7643
f 9592 9588 9590
f 9592 9590 9613
f 9613 9590 9593
f 11489 11487 11483
f 9303 9310 9305
f 5193 5190 5194
f 9606 9605 9608
f 4510 4514 4513
f 6571 6569 6570
f 9909 9907 9900
f 1815 1804 1813
f 1813 1804 1803
f 9294 9295 9297
f 4575 4576 4570
f 9291 9293 9294
f 9864 9901 9886
f 6965 6968 6967
f 1798 1789 1786
f 994 995 996
f 4570 4571 4568
f 4568 4560 4561
f 1786 1789 1788
f 980 994 996
f 4561 4560 4559
f 1035 1037 1036
f 1036 1037 1034
f 975 978 976
f 1028 1035 1016
f 4558 4564 4557
f 1028 1016 1015
f 3067 3058 3060
f 1002 986 989
f 4557 4564 4563
f 6320 6326 6321
f 1015 1016 1014
f 3060 3069 3070
f 1032 1057 1056
f 1032 1056 1055
f 1073 1055 1056
f 4125 4142 4123
f 3126 3129 3127
f 3126 3127 3128
f 3214 3208 3215
f 3214 3205 3208
f 9595 9594 9596
f 11475 11477 11478
f 11478 11477 11480
f 6577 6576 6578
f 6578 6576 6588
f 9304 9303 9305
f 11484 11483 11487
f 6588 6635 6587
f 9301 9303 9304
f 4510 4513 4511
f 1332 1352 1367
f 1808 1803 1798
f 9116 9119 9121
f 4575 4570 4574
f 4574 4570 4569
f 4569 4570 4568
f 1034 1069 1070
f 1034 1070 1043
f 6965 6967 6966
f 6965 6966 6962
f 2835 2836 2820
f 4562 4559 4552
f 1788 1796 1820
f 976 978 981
f 1035 1036 1016
f 1016 1036 1009
f 4552 4557 4553
f 989 976 990
f 1014 1016 1009
f 1014 1009 1013
f 1013 1009 1012
f 3068 3067 3060
f 4553 4557 4556
f 4556 4557 4563
f 1060 1013 1012
f 1002 989 990
f 4563 4567 4556
f 1002 1005 1004
f 10580 10578 10579
f 3126 3128 3130
f 3216 3215 3217
f 3214 3215 3216
f 4806 4807 4808
f 4810 4806 4808
f 9602 9605 9604
f 9593 9594 9595
f 5193 5194 5195
f 9604 9605 9606
f 9604 9606 9607
f 9607 9606 9608
f 6277 6278 6275
f 9880 9879 9878
f 6568 6569 6589
f 6589 6569 6571
f 1331 1332 1367
f 1043 1070 1075
f 9121 9119 9127
f 1799 1798 1786
f 996 995 997
f 6961 6965 6962
f 6961 6962 6960
f 981 996 985
f 1036 1034 1009
f 5181 5180 5176
f 4562 4552 4551
f 5176 5180 5179
f 2819 2811 2815
f 6259 6258 6262
f 4551 4552 4553
f 2843 2830 2842
f 1009 1011 1012
f 1012 1011 1017
f 1017 1106 1064
f 1106 1017 1103
f 1012 1017 1061
f 1061 1017 1064
f 1060 1012 1061
f 1059 1013 1060
f 1006 1005 1007
f 1059 1060 1058
f 1057 1059 1058
f 1056 1057 1058
f 3126 3130 3132
f 3132 3130 3133
f 5928 5929 5927
f 9031 9032 9033
f 3223 3227 3226
f 3216 3217 3218
f 7224 7223 7213
f 4811 4810 4808
f 9313 9312 9317
f 9313 9317 9315
f 9315 9317 9318
f 9596 9600 9599
f 5895 5898 5892
f 9309 9311 9312
f 6578 6588 6587
f 5892 5898 5899
f 11479 11475 11478
f 6571 6570 6577
f 9306 9304 9305
f 11483 11484 11485
f 1437 1436 1434
f 1331 1367 1325
f 1813 1803 1808
f 1332 1331 1328
f 1333 1332 1328
f 1333 1328 1339
f 4569 4568 4566
f 1034 1043 1010
f 1340 1338 1339
f 1340 1339 1343
f 4566 4561 4565
f 9922 9923 9924
f 4561 4562 4565
f 1034 1010 1009
f 9206 9205 9204
f 6964 6961 6957
f 6957 6961 6960
f 1163 1165 1162
f 5176 5179 5177
f 981 985 984
f 2811 2813 2815
f 982 981 984
f 1017 1011 1018
f 4551 4553 4554
f 1018 1102 1103
f 976 981 982
f 987 976 982
f 4554 4553 4555
f 1064 1106 1105
f 4555 4553 4556
f 1066 1064 1105
f 1061 1064 1062
f 1062 1064 1066
f 1060 1061 1058
f 1062 1066 1072
f 1066 1105 1072
f 1065 1062 1072
f 1058 1062 1056
f 1056 1062 1063
f 1062 1065 1063
f 7638 7639 7640
f 7457 7455 7456
f 7645 7646 7647
f 11499 11497 11496
f 7210 7224 7213
f 9615 9617 9616
f 9603 9602 9604
f 9603 9604 9610
f 9604 9607 9610
f 9880 9881 9882
f 9308 9311 9309
f 9309 9312 9313
f 6571 6577 6598
f 6585 6587 6635
f 11486 11483 11485
f 1041 1078 1068
f 6589 6571 6598
f 997 1008 999
f 4573 4569 4572
f 4572 4569 4566
f 996 997 998
f 996 998 1003
f 1786 1788 1787
f 2820 2819 2821
f 6958 6957 6960
f 7468 7469 7470
f 6957 6958 6959
f 2815 2813 2816
f 7639 7638 7646
f 7646 7638 7648
f 6992 6997 6996
f 11513 11509 11508
f 11509 11510 11502
f 7205 7206 7209
f 11524 11521 11523
f 11525 11524 11523
f 7209 7210 7212
f 7212 7213 7214
f 9616 9617 9618
f 9618 9617 9620
f 9610 9607 9614
f 9883 9880 9882
f 9315 9318 9316
f 9308 9309 9307
f 6578 6587 6580
f 4509 4510 4511
f 6585 6635 6629
f 11488 11486 11485
f 1077 1078 1041
f 1434 1436 1435
f 1331 1325 1327
f 1043 1040 1019
f 1439 1435 1441
f 1010 1043 1019
f 1328 1327 1326
f 998 997 999
f 9865 9873 9846
f 1339 1328 1326
f 1011 1010 1019
f 1011 1019 1020
f 6963 6964 6957
f 6963 6957 6959
f 987 982 988
f 6416 6412 6409
f 6412 6410 6409
f 7644 7639 7646
f 5703 5704 5699
f 5703 5699 5702
f 6992 6996 6993
f 8750 8752 8751
f 8750 8751 8747
f 7205 7209 7211
f 8749 8750 8747
f 7209 7212 7211
f 7211 7212 7215
f 7212 7214 7215
f 8757 8753 8746
f 7214 7218 7226
f 9618 9620 9621
f 9234 9235 9236
f 5894 5895 5892
f 9599 9600 9601
f 6580 6587 6585
f 6583 6598 6577
f 6577 6578 6579
f 4509 4511 4512
f 1434 1435 1431
f 6362 6366 6365
f 1040 1077 1041
f 1801 1808 1799
f 1799 1786 1785
f 1801 1799 1785
f 1339 1326 1345
f 1400 1399 1401
f 5175 5176 5177
f 1102 1018 1025
f 1151 1178 1175
f 6409 6410 6411
f 6411 6410 6413
f 8755 8735 8736
f 5701 5699 5698
f 8752 8755 8754
f 8751 8752 8754
f 7205 7203 7202
f 11523 11521 11520
f 8746 8749 8747
f 8746 8747 8748
f 9616 9618 9619
f 7226 7218 7225
f 9614 9616 9623
f 9609 9610 9623
f 9610 9614 9623
f 9318 9320 9319
f 9602 9603 9601
f 9601 9603 9609
f 9603 9610 9609
f 9319 9320 9321
f 1434 1438 1437
f 6583 6577 6579
f 1041 1068 1042
f 1818 1813 1808
f 1431 1435 1439
f 1040 1041 1021
f 1019 1040 1021
f 1439 1441 1444
f 1019 1021 1020
f 1020 1021 1022
f 1345 1326 1358
f 1018 1022 1025
f 5175 5177 5178
f 1786 1787 1784
f 1026 1107 1110
f 1784 1787 1794
f 1408 1409 1410
f 8736 8735 8734
f 6297 6299 6302
f 8754 8736 8756
f 7234 7207 7233
f 11530 11533 11531
f 11530 11531 11532
f 11490 11491 11492
f 11490 11492 11493
f 11520 11521 11522
f 11506 11502 11504
f 9623 9616 9619
f 9619 9618 9621
f 5894 5892 5891
f 9314 9313 9315
f 9315 9316 9314
f 1438 1434 1440
f 1074 1093 1044
f 9309 9313 9314
f 6585 6629 6584
f 6584 6629 6655
f 1433 1434 1431
f 1024 1041 1042
f 1021 1041 1024
f 1326 1323 1322
f 1022 1021 1023
f 1022 1023 1025
f 1026 1079 1080
f 1080 1092 1096
f 1092 1109 1096
f 1112 1115 1094
f 1400 1401 1409
f 1412 1410 1415
f 8734 8732 8731
f 8731 8732 8733
f 6414 6409 6411
f 8736 8734 8738
f 7236 7235 7234
f 11492 11494 11493
f 11526 11527 11528
f 11520 11522 11519
f 9150 9151 9152
f 9152 9151 9153
f 936 946 947
f 5894 5891 5893
f 5891 5892 5893
f 940 946 914
f 1442 1438 1440
f 6579 6580 6581
f 6583 6579 6618
f 4509 4512 4521
f 6359 6362 6360
f 1044 1093 1076
f 1093 1088 1076
f 7699 7696 7698
f 6360 6362 6365
f 6360 6365 6369
f 1023 1021 1024
f 1113 1099 1114
f 1100 1099 1113
f 1398 1399 1397
f 1079 1081 1080
f 1399 1400 1397
f 1409 1408 1405
f 1182 1151 1156
f 1408 1410 1412
f 5698 5697 5700
f 8738 8734 8731
f 8896 8899 8897
f 8737 8736 8738
f 8896 8897 8898
f 11516 11517 11518
f 11539 11540 11541
f 11519 11522 11516
f 9154 9150 9152
f 947 948 934
f 9622 9619 9621
f 936 947 934
f 5896 5894 5893
f 914 946 936
f 945 940 933
f 6580 6585 6584
f 1440 1434 1433
f 4522 4509 4521
f 1044 1076 1027
f 1042 1044 1024
f 1313 1323 1324
f 1808 1801 1812
f 1079 1082 1081
f 1023 1024 1027
f 1026 1027 1079
f 1080 1081 1092
f 1092 1081 1090
f 5189 5175 5188
f 1023 1027 1026
f 5175 5178 5188
f 1386 1322 1321
f 1783 1785 1784
f 1400 1409 1405
f 8737 8738 8739
f 8900 8898 8901
f 5901 5894 5896
f 5901 5896 5900
f 1447 1442 1440
f 1091 1101 1097
f 913 940 914
f 1091 1089 1101
f 6661 6583 6618
f 1084 1088 1089
f 7198 7199 7200
f 6628 6618 6579
f 1076 1088 1084
f 1084 1089 1085
f 1818 1808 1812
f 1024 1044 1027
f 1313 1324 1311
f 1027 1076 1082
f 1076 1084 1083
f 1082 1076 1083
f 1812 1801 1809
f 1027 1082 1079
f 1081 1082 1083
f 1439 1444 1428
f 1444 1398 1396
f 1428 1444 1396
f 1801 1785 1783
f 1809 1801 1783
f 1081 1083 1090
f 1402 1400 1405
f 1405 1408 1407
f 1407 1408 1412
f 1418 1426 1423
f 8737 8739 8740
f 5902 5901 5900
f 913 914 908
f 11789 11790 11791
f 6581 6580 6582
f 6582 6580 6584
f 897 913 908
f 6359 6360 6361
f 6581 6628 6579
f 1087 1089 1091
f 1087 1091 1097
f 1324 1329 1311
f 1085 1089 1087
f 1087 1097 1098
f 6055 6053 6052
f 1083 1084 1085
f 1431 1439 1428
f 1083 1085 1086
f 1085 1087 1086
f 1087 1098 1099
f 1087 1099 1100
f 1083 1086 1090
f 1086 1087 1100
f 1086 1100 1095
f 1090 1086 1094
f 1321 1313 1317
f 1094 1086 1095
f 1386 1321 1385
f 1385 1321 1317
f 1783 1784 1781
f 1397 1400 1402
f 1423 1426 1425
f 934 944 932
f 949 950 937
f 5903 5901 5902
f 903 936 934
f 914 936 903
f 1443 1440 1433
f 4522 4521 4523
f 7201 7199 7198
f 897 908 893
f 1430 1431 1428
f 1806 1809 1783
f 1396 1398 1397
f 1385 1317 1318
f 3616 3617 3607
f 1391 1386 1385
f 6288 6287 6290
f 1795 1784 1794
f 1412 1415 1413
f 8741 8737 8740
f 8906 8900 8902
f 939 949 937
f 932 944 911
f 903 934 902
f 902 934 932
f 1448 1447 1440
f 1448 1440 1443
f 11587 11590 11588
f 893 914 903
f 908 914 893
f 1348 1311 1383
f 6609 6581 6582
f 6584 6655 6605
f 892 897 893
f 1432 1433 1431
f 6605 6655 6658
f 898 897 892
f 1812 1809 1806
f 923 898 922
f 1392 1386 1391
f 1781 1784 1795
f 1413 1415 1417
f 1417 1418 1423
f 11547 11545 11542
f 5903 5902 5904
f 11542 11545 11543
f 11543 11545 11546
f 1443 1433 1432
f 4523 4524 4525
f 11569 11572 11570
f 890 893 903
f 11585 11582 11584
f 6363 6361 6364
f 6582 6584 6586
f 892 893 890
f 1432 1431 1430
f 1430 1428 1429
f 1311 1348 1312
f 898 892 891
f 1429 1428 1419
f 898 891 922
f 1806 1783 1782
f 942 922 919
f 942 919 943
f 1782 1783 1781
f 1385 1318 1381
f 1413 1407 1412
f 1416 1413 1417
f 1424 1423 1425
f 1424 1425 1427
f 902 932 911
f 11565 11557 11555
f 903 902 889
f 4525 4524 4526
f 11792 11793 11794
f 11595 11592 11591
f 11589 11587 11586
f 11586 11587 11588
f 11567 11569 11570
f 890 903 889
f 888 890 889
f 6586 6584 6605
f 6605 6658 6654
f 892 890 888
f 2164 2166 2162
f 1807 1812 1806
f 891 892 888
f 891 888 887
f 1419 1428 1396
f 922 891 919
f 891 887 919
f 1314 1313 1312
f 1807 1806 1782
f 1395 1396 1397
f 1381 1314 1319
f 1782 1781 1780
f 3598 3605 3599
f 1154 1159 1157
f 929 939 937
f 929 937 930
f 896 902 911
f 896 911 912
f 6590 6582 6586
f 1314 1312 1315
f 3604 3606 3601
f 1319 1315 1320
f 1395 1397 1402
f 1395 1402 1403
f 1405 1407 1406
f 8741 8740 8742
f 11547 11542 11549
f 889 902 896
f 8405 8406 8407
f 896 912 910
f 6591 6586 6605
f 6591 6605 6594
f 889 896 883
f 1432 1430 1429
f 6594 6605 6654
f 888 889 883
f 1419 1396 1395
f 3599 3604 3601
f 1402 1405 1406
f 1406 1407 1413
f 1421 1423 1424
f 8906 8902 8907
f 8907 8902 8904
f 8741 8742 8743
f 8904 8903 8905
f 11549 11542 11544
f 928 929 927
f 929 930 927
f 927 930 938
f 883 896 894
f 894 896 910
f 2164 2162 2160
f 2160 2162 2157
f 1811 1807 1782
f 887 883 886
f 920 887 886
f 1419 1395 1404
f 1389 1320 1380
f 3599 3601 3597
f 3596 3599 3597
f 1416 1417 1421
f 1445 1421 1424
f 4153 4154 4147
f 4153 4147 4150
f 11544 11543 11548
f 11571 11569 11568
f 927 938 926
f 6594 6654 6620
f 928 927 925
f 925 927 926
f 880 883 894
f 880 894 895
f 895 894 910
f 895 910 906
f 879 883 880
f 1811 1782 1800
f 886 883 879
f 1782 1780 1800
f 1404 1395 1403
f 921 920 886
f 1403 1402 1406
f 8907 8904 8905
f 6590 6586 6591
f 1353 1316 1368
f 906 925 905
f 925 926 905
f 905 926 935
f 905 935 924
f 906 905 901
f 901 895 906
f 1380 1315 1359
f 1403 1406 1411
f 1406 1413 1414
f 1411 1406 1414
f 1414 1413 1416
f 3593 3595 3603
f 8743 8742 8744
f 11551 11544 11548
f 11554 11564 11563
f 6591 6594 6593
f 6593 6594 6620
f 1353 1368 1360
f 2155 2160 2157
f 2155 2157 2156
f 2156 2157 2158
f 2159 2158 2163
f 901 905 904
f 1797 1800 1780
f 1404 1403 1411
f 886 879 881
f 879 880 881
f 1780 1779 1797
f 921 886 881
f 1826 1824 1827
f 921 881 884
f 1416 1421 1420
f 1420 1421 1422
f 1422 1421 1445
f 3591 3593 3600
f 1422 1445 1446
f 4154 4155 4152
f 4152 4151 4147
f 11550 11544 11551
f 11573 11574 11575
f 6596 6590 6592
f 2174 2160 2155
f 2156 2158 2159
f 1380 1359 1379
f 904 905 924
f 904 924 907
f 1380 1379 1378
f 882 895 901
f 881 880 882
f 880 895 882
f 882 901 900
f 900 901 904
f 881 882 884
f 6217 6230 6222
f 1414 1416 1420
f 916 884 885
f 917 916 885
f 917 885 931
f 6591 6593 6592
f 6590 6591 6592
f 4001 4000 4004
f 4000 4001 4002
f 4002 4001 4003
f 900 904 907
f 899 882 900
f 884 882 885
f 885 882 899
f 885 899 918
f 931 885 918
f 931 918 941
f 11576 11573 11575
f 2155 2156 2154
f 4000 4002 4005
f 1387 1377 1390
f 5495 5494 5496
f 900 907 909
f 899 900 909
f 899 909 915
f 899 915 918
f 6596 6592 6610
f 1379 1359 1361
f 6913 6914 6915
f 6914 6913 6916
f 6222 6224 6223
f 2154 2156 2161
f 1376 1379 1361
f 2161 2156 2181
f 5493 5501 5494
f 1826 1827 1828
f 5495 5496 5497
f 11795 11796 11797
f 6610 6592 6597
f 6597 6593 6607
f 6607 6593 6627
f 1361 1363 1376
f 6917 6916 6918
f 5493 5494 5495
f 5504 5493 5498
f 5493 5495 5498
f 5498 5495 5497
f 11596 11597 11598
f 11610 11609 11608
f 2154 2161 2153
f 1376 1363 1375
f 6274 6264 6255
f 1360 1382 1362
f 5502 5500 5503
f 2141 2176 2146
f 11607 11610 11608
f 2155 2154 2151
f 1375 1363 1364
f 1376 1375 1374
f 5498 5497 5499
f 5497 5500 5499
f 5499 5500 5502
f 11625 11626 11627
f 6616 6610 6597
f 6616 6597 6611
f 6611 6597 6607
f 6607 6627 6630
f 2151 2154 2153
f 2152 2153 2175
f 2147 2141 2143
f 6227 6225 6231
f 2142 2141 2146
f 8845 8846 8843
f 11618 11619 11620
f 11620 11619 11621
f 5424 5425 5418
f 5417 5424 5418
f 2153 2152 2151
f 1375 1364 1373
f 2152 2175 2147
f 11631 11632 11633
f 11628 11629 11630
f 1365 1362 1384
f 6611 6607 6612
f 2141 2142 2143
f 6234 6227 6231
f 6254 6255 6229
f 11622 11623 11624
f 3944 3951 3942
f 2710 2711 2709
f 2145 2147 2143
f 6193 6196 6194
f 6063 6067 6064
f 6063 6064 6065
f 3949 3948 3943
f 3943 3948 3944
f 3943 3944 3942
f 3951 3952 3945
f 11646 11647 11648
f 3553 3554 3552
f 6140 6139 6135
f 6135 6139 6136
f 11640 11641 11642
f 6612 6607 6630
f 1373 1364 1366
f 2152 2147 2148
f 2148 2147 2145
f 2145 2143 2144
f 2144 2143 2142
f 6195 6194 6197
f 6063 6065 6066
f 4717 4718 4711
f 4700 4703 4702
f 3941 3943 3942
f 3942 3951 3945
f 3945 3952 3953
f 3953 3952 3954
f 3954 3958 3956
f 11649 11650 11651
f 1365 1384 1369
f 2151 2152 2148
f 2148 2145 2149
f 8848 8847 8844
f 4711 4700 4710
f 4710 4717 4711
f 3940 3941 3942
f 3940 3942 3945
f 3945 3953 3947
f 3953 3954 3955
f 3955 3954 3956
f 6135 6136 6137
f 3551 3553 3552
f 2701 2706 2695
f 2694 2701 2695
f 2149 2145 2144
f 5334 5336 5332
f 5332 5339 5342
f 7340 7343 7341
f 4700 4702 4701
f 3957 3941 3940
f 3940 3945 3946
f 3946 3945 3947
f 6612 6630 6621
f 6614 6612 6621
f 2150 2151 2148
f 1373 1366 1372
f 4537 4538 4527
f 4538 4540 4527
f 4540 4545 4527
f 4712 4710 4699
f 4710 4700 4699
f 4699 4700 4701
f 7346 7344 7347
f 3950 3940 3946
f 3946 3947 3961
f 5683 5685 5684
f 8006 8009 8007
f 2695 2706 2699
f 2150 2148 2149
f 2149 2144 2167
f 4527 4545 4528
f 4536 4537 4527
f 6973 6977 6974
f 6977 6985 6974
f 4699 4701 4704
f 6983 6989 6984
f 6989 6990 6969
f 7345 7346 7347
f 4701 4707 4706
f 4706 4707 4708
f 6969 6990 6970
f 8016 8009 8010
f 4706 4708 4709
f 8883 8884 8885
f 6970 6990 6991
f 3947 3953 3959
f 6970 6972 6971
f 3946 3960 3950
f 8007 8011 8008
f 8006 8007 8008
f 6135 6137 6138
f 8008 8011 8012
f 8011 8013 8012
f 8012 8013 8005
f 2694 2695 2696
f 6615 6611 6613
f 6613 6611 6612
f 6613 6612 6614
f 1366 1369 1370
f 2150 2149 2165
f 2167 2177 2178
f 6974 6985 6975
f 6975 6985 6982
f 4714 4715 4712
f 4714 4712 4713
f 4713 4712 4699
f 4701 4706 4705
f 6984 6989 6969
f 8017 8016 8010
f 5323 5327 5328
f 8009 8006 8010
f 5683 5684 5682
f 2527 2535 2531
f 2527 2531 2528
f 5650 5649 5652
f 6138 6137 6143
f 8012 8005 8014
f 8014 8005 8015
f 2696 2695 2697
f 8015 8005 8004
f 8005 8002 8004
f 2697 2695 2699
f 6614 6621 6622
f 1371 1366 1370
f 2165 2149 2167
f 1371 1393 1388
f 11673 11672 11668
f 11672 11669 11668
f 4527 4528 4529
f 4536 4527 4535
f 4537 4536 4539
f 6975 6982 6978
f 4716 4715 4714
f 6978 6983 6984
f 7337 7347 7349
f 8131 8124 8123
f 6984 6969 6988
f 7345 7347 7350
f 10022 10026 10023
f 10022 10023 10024
f 2534 2535 2527
f 5683 5682 5680
f 7428 7429 7430
f 6144 6138 6143
f 7433 7429 7434
f 8004 8002 8001
f 8001 8002 8003
f 2673 2678 2677
f 6613 6614 6624
f 1371 1370 1393
f 4495 4499 4490
f 10051 10049 10048
f 10048 10049 10045
f 11666 11664 11663
f 4539 4536 4535
f 4535 4527 4529
f 10045 10044 10043
f 10046 10045 10043
f 4544 4546 4539
f 7331 7330 7333
f 10043 10044 10042
f 8130 8124 8131
f 10025 10022 10024
f 8018 8017 8010
f 10025 10024 10027
f 2534 2527 2532
f 8018 8010 8006
f 10027 10024 10030
f 8019 8018 8006
f 7432 7431 7430
f 7430 7431 7428
f 5680 5682 5678
f 5656 5650 5655
f 5655 5650 5652
f 7434 7429 7435
f 8853 8852 8857
f 11798 11799 11800
f 5990 5991 5992
f 2698 2694 2696
f 2658 2683 2660
f 8042 8043 8044
f 2693 2684 2692
f 2670 2671 2657
f 6624 6614 6623
f 6623 6614 6622
f 2165 2167 2168
f 2168 2167 2169
f 2169 2167 2178
f 2173 2180 2172
f 8835 8838 8837
f 4532 4533 4534
f 10048 10045 10047
f 11668 11669 11670
f 4530 4533 4532
f 4531 4530 4532
f 10047 10045 10046
f 3740 3742 3737
f 4544 4539 4543
f 4543 4539 4535
f 7336 7332 7331
f 10029 10042 10022
f 10029 10022 10025
f 2591 2581 2592
f 1772 1748 1755
f 8107 8108 8109
f 8020 8018 8019
f 2663 2651 2653
f 2527 2528 2520
f 2662 2676 2675
f 8853 8855 8854
f 2598 2606 2605
f 1282 1310 1303
f 6546 6549 6547
f 3574 3567 3577
f 3577 3567 3570
f 2900 2901 2902
f 3583 3577 3570
f 4215 4217 4213
f 6626 6624 6623
f 2169 2173 2172
f 4532 4534 4547
f 11671 11668 11670
f 3715 3728 3725
f 10050 10047 10046
f 4543 4535 4529
f 8126 8124 8127
f 8124 8130 8127
f 10041 10043 10042
f 10041 10042 10029
f 3095 3098 3097
f 3094 3095 3097
f 3090 3095 3094
f 2581 2607 2592
f 1777 1756 1775
f 1775 1756 1772
f 1772 1756 1748
f 10029 10025 10028
f 2582 2581 2591
f 6711 6713 6714
f 10027 10030 10032
f 7780 7781 7779
f 2532 2527 2518
f 5680 5678 5677
f 2593 2594 2595
f 1764 1746 1760
f 2518 2527 2520
f 2593 2595 2597
f 2704 2698 2696
f 2596 2593 2600
f 2600 2593 2597
f 2600 2597 2598
f 1776 1768 1767
f 2704 2696 2702
f 2600 2598 2602
f 2602 2598 2605
f 2696 2697 2702
f 2702 2697 2708
f 2690 2691 2689
f 2520 2528 2529
f 2895 2905 2896
f 2896 2905 2904
f 2903 2898 2904
f 6546 6547 6548
f 2699 2707 2703
f 4218 4215 4212
f 4212 4215 4213
f 6625 6623 6622
f 6622 6657 6625
f 6625 6657 6660
f 2170 2168 2169
f 8834 8835 8836
f 8132 8126 8129
f 3730 3731 3729
f 3715 3725 3716
f 4532 4547 4549
f 3729 3728 3715
f 3730 3729 3715
f 3716 3725 3722
f 4532 4549 4548
f 4531 4532 4548
f 10055 10052 10054
f 9333 9334 9335
f 10052 10053 10054
f 7335 7336 7331
f 2581 2580 2607
f 10028 10025 10027
f 6711 6712 6713
f 2582 2591 2594
f 2533 2532 2518
f 2593 2582 2594
f 7780 7779 7774
f 5681 5680 5677
f 5677 5678 5679
f 4680 4678 4681
f 6177 6178 6170
f 4676 4677 4678
f 4678 4677 4681
f 2520 2529 2530
f 2700 2699 2703
f 6545 6546 6548
f 4212 4213 4214
f 2170 2169 2171
f 2171 2169 2172
f 3155 3162 3156
f 3723 3715 3721
f 8129 8126 8128
f 8128 8126 8127
f 10056 10055 10054
f 9336 9333 9335
f 4159 4165 4164
f 4159 4164 4163
f 10041 10029 10040
f 4159 4163 4162
f 10029 10039 10040
f 10039 10029 10028
f 2580 2581 2582
f 1746 1748 1744
f 10028 10027 10032
f 6069 6071 6070
f 2590 2582 2593
f 7778 7775 7774
f 6177 6179 6178
f 2596 2590 2593
f 4673 4659 4657
f 1280 1282 1281
f 1281 1282 1303
f 2522 2520 2530
f 3572 3573 3578
f 6545 6548 6543
f 10305 10304 10302
f 4492 4491 4493
f 10302 10304 10301
f 2179 2171 2172
f 842 838 876
f 3155 3156 3154
f 3721 3715 3720
f 3720 3715 3714
f 3717 3714 3716
f 3716 3722 3718
f 3718 3722 3726
f 4166 4165 4159
f 1777 1771 1756
f 4166 4159 4158
f 4160 4159 4161
f 4161 4159 4162
f 3090 3094 3091
f 3094 3097 3091
f 1748 1749 1744
f 2583 2580 2582
f 4161 4162 4171
f 10034 10028 10033
f 2533 2536 2532
f 10033 10028 10032
f 2533 2518 2514
f 2582 2590 2589
f 2518 2520 2519
f 4843 4847 4848
f 4849 4843 4848
f 6174 6175 6172
f 6175 6177 6170
f 6172 6175 6170
f 2520 2522 2521
f 2519 2520 2521
f 1276 1278 1280
f 1280 1281 1279
f 3572 3578 3568
f 4216 4212 4214
f 11686 11687 11688
f 10302 10301 10294
f 10294 10301 10300
f 4494 4492 4493
f 4494 4493 4498
f 10294 10300 10296
f 10294 10296 10293
f 10290 10292 10293
f 10293 10296 10297
f 3719 3714 3717
f 3152 3155 3154
f 10290 10293 10295
f 3717 3716 3718
f 4167 4165 4166
f 1743 1731 1742
f 4158 4159 4160
f 10033 10032 10035
f 10035 10032 10036
f 6068 6069 6070
f 870 863 866
f 2584 2582 2589
f 6866 6867 6865
f 6866 6865 6862
f 6862 6865 6863
f 2589 2590 2596
f 2589 2596 2599
f 7773 7774 7775
f 6173 6174 6172
f 6173 6172 6168
f 6168 6172 6170
f 1302 1303 1306
f 1302 1306 1308
f 1284 1285 1278
f 1284 1278 1275
f 1275 1278 1276
f 6168 6170 6169
f 8417 8435 8434
f 8434 8435 8430
f 8434 8430 8433
f 8433 8431 8436
f 6544 6542 6541
f 4216 4214 4219
f 4219 4214 4220
f 10303 10302 10294
f 10308 10309 10310
f 8707 8708 8709
f 10292 10294 10293
f 10289 10292 10290
f 3734 3736 3743
f 10291 10290 10295
f 5490 5491 5483
f 4172 4166 4158
f 4172 4158 4170
f 4170 4158 4160
f 4160 4161 4168
f 3092 3090 3089
f 3089 3090 3091
f 4168 4161 4171
f 2584 2583 2582
f 4168 4171 4173
f 2533 2514 2513
f 2514 2518 2515
f 2513 2514 2515
f 2515 2518 2519
f 4664 4656 4675
f 6176 6174 6173
f 2603 2599 2596
f 8414 8415 8416
f 8417 8415 8414
f 1281 1303 1302
f 6168 6169 6167
f 1276 1280 1279
f 1277 1276 1279
f 4229 4230 4231
f 4229 4224 4223
f 6167 6169 6171
f 11680 11681 11682
f 1846 1858 1851
f 3166 3165 3159
f 3154 3166 3159
f 10289 10290 10291
f 3150 3152 3154
f 3150 3154 3157
f 5492 5490 5486
f 89 90 91
f 10291 10295 10306
f 3144 3153 3152
f 5486 5490 5483
f 1731 1743 1736
f 4170 4160 4169
f 873 840 841
f 1744 1752 1747
f 4169 4160 4168
f 2584 2589 2587
f 10037 10035 10036
f 10037 10036 10038
f 6862 6863 6864
f 2587 2589 2599
f 8415 8418 8416
f 5393 5395 5394
f 8419 8420 8445
f 8432 8439 8437
f 10802 10803 10804
f 8436 8432 8437
f 10788 10783 10787
f 8436 8437 8438
f 10783 10784 10785
f 10797 10799 10790
f 10797 10790 10796
f 10790 10787 10789
f 10789 10787 10786
f 10786 10787 10783
f 10786 10783 10785
f 10796 10790 10795
f 10795 10790 10789
f 11801 11802 11803
f 1835 1846 1851
f 1835 1851 1850
f 10298 10289 10291
f 10298 10291 10299
f 3157 3159 3160
f 1835 1850 1834
f 1835 1834 1833
f 1834 1850 1849
f 11699 11700 11701
f 10299 10291 10306
f 3144 3152 3150
f 1847 1834 1849
f 3149 3153 3144
f 5487 5489 5488
f 2583 2584 2585
f 4168 4173 4174
f 2586 2584 2587
f 6723 6725 6724
f 2516 2515 2517
f 2601 2587 2599
f 4844 4846 4845
f 5388 5393 5391
f 2517 2515 2519
f 2599 2603 2604
f 8671 8670 8667
f 1284 1275 1286
f 6168 6167 6163
f 8671 8667 8669
f 1275 1276 1277
f 1294 1281 1299
f 1299 1281 1302
f 10791 10793 10792
f 8432 8440 8439
f 10802 10801 10803
f 2879 2881 2873
f 10788 10791 10783
f 10783 10791 10792
f 10800 10801 10802
f 10790 10799 10798
f 10790 10794 10787
f 1846 1835 1840
f 3160 3159 3161
f 11692 11693 11694
f 1622 1623 1620
f 8104 8106 8105
f 3158 3150 3157
f 1833 1834 1832
f 4895 4893 4899
f 1832 1834 1847
f 11702 11703 11704
f 1620 1623 1624
f 3142 3149 3144
f 1624 1623 1627
f 10299 10306 10307
f 873 841 874
f 7607 7617 7600
f 3093 3092 3089
f 6027 6026 6033
f 2585 2584 2586
f 8485 8486 8487
f 10774 10773 10777
f 2601 2599 2610
f 5154 5155 5158
f 2610 2599 2608
f 2608 2599 2604
f 1299 1308 1307
f 2519 2521 2523
f 1291 1284 1286
f 8666 8667 8668
f 1277 1279 1294
f 1279 1281 1294
f 2890 2880 2889
f 9196 9199 9197
f 9196 9197 9198
f 1621 1622 1620
f 1840 1835 1833
f 11695 11692 11694
f 2139 2140 2131
f 2132 2139 2131
f 8220 8221 8222
f 2126 2132 2131
f 1844 1832 1847
f 6004 6007 6005
f 3163 3148 3147
f 6003 6005 6006
f 5778 5779 5777
f 6008 6003 6006
f 3096 3092 3093
f 5156 5157 5153
f 7600 7598 7597
f 5154 5153 5155
f 7597 7598 7599
f 4633 4635 4636
f 8762 8761 8764
f 1283 1275 1277
f 6954 6955 6956
f 3150 3151 3137
f 3076 3086 3085
f 4993 4992 4989
f 4989 4992 4990
f 4989 4990 4991
f 3144 3150 3137
f 3084 3076 3085
f 2126 2131 2129
f 3339 3332 3333
f 1833 1832 1829
f 4994 4989 4991
f 1620 1624 1610
f 3146 3147 3142
f 6003 6004 6005
f 5771 5778 5777
f 6025 6026 6014
f 5152 5156 5153
f 5152 5153 5154
f 4634 4633 4638
f 4633 4634 4635
f 4635 4634 4639
f 2611 2601 2610
f 2611 2610 2612
f 4637 4633 4636
f 2612 2608 2613
f 2517 2519 2525
f 2609 2608 2604
f 5016 5018 5020
f 2525 2519 2523
f 2523 2521 2524
f 1845 1846 1840
f 1845 1840 1839
f 3137 3151 3141
f 8103 8104 8105
f 3077 3076 3075
f 1609 1621 1620
f 1840 1833 1839
f 1839 1833 1829
f 6312 6315 6314
f 1829 1832 1830
f 1830 1832 1844
f 1848 1844 1847
f 4993 4989 4994
f 1611 1610 1624
f 8186 8196 8187
f 6314 6317 6316
f 6311 6314 6316
f 5771 5777 5772
f 5119 5115 5118
f 7597 7605 7600
f 5821 5817 5815
f 5815 5817 5816
f 7609 7610 7604
f 2610 2608 2612
f 7604 7610 7612
f 5015 5018 5016
f 8762 8764 8765
f 1288 1292 1291
f 1288 1291 1286
f 1286 1275 1283
f 1287 1286 1283
f 1294 1299 1293
f 6163 6167 6166
f 1283 1277 1293
f 2889 2880 2883
f 3077 3075 3078
f 1843 1839 1829
f 1609 1620 1610
f 3075 3076 3074
f 6312 6314 6311
f 3076 3084 3074
f 2125 2126 2128
f 2128 2126 2129
f 2128 2129 2137
f 2135 2126 2121
f 1609 1610 1611
f 1844 1848 1838
f 1830 1844 1838
f 1624 1625 1611
f 4355 4356 4357
f 5772 5777 5780
f 4355 4357 4358
f 5115 5112 5118
f 5816 5817 5820
f 1868 1869 1867
f 5814 5815 5816
f 1867 1869 1870
f 5313 5311 5310
f 7601 7609 7604
f 7601 7604 7603
f 10008 10011 10001
f 8421 8422 8428
f 1870 1873 1872
f 10010 10009 9998
f 9998 10009 10008
f 9998 10008 10001
f 8945 8944 8940
f 1304 1299 1307
f 1293 1299 1304
f 6161 6163 6166
f 1288 1286 1287
f 6166 6167 6164
f 9752 9761 9753
f 3075 3074 3072
f 6310 6312 6311
f 2121 2126 2125
f 4995 4993 4994
f 4995 4994 4997
f 4996 4995 4997
f 3146 3142 3143
f 5772 5780 5781
f 1611 1625 1626
f 6011 6010 6012
f 5694 5696 5695
f 5693 5694 5695
f 7605 7597 7602
f 1865 1868 1867
f 5814 5816 5818
f 7602 7597 7601
f 6921 6924 6922
f 1871 1867 1870
f 1871 1870 1872
f 5014 5015 5016
f 9363 9364 9365
f 1289 1288 1287
f 1296 1283 1295
f 8935 8936 8937
f 8024 8025 8026
f 2917 2874 2918
f 9766 9757 9765
f 8026 8025 8027
f 3078 3075 3079
f 3075 3072 3079
f 6310 6311 6305
f 2130 2128 2137
f 1829 1830 1831
f 3072 3074 3073
f 1831 1830 1836
f 1836 1830 1838
f 6305 6311 6316
f 5196 5199 5197
f 6009 6011 6013
f 5196 5197 5198
f 1615 1611 1626
f 6009 6010 6011
f 7607 7605 7606
f 7606 7605 7602
f 1860 1862 1865
f 1865 1867 1864
f 5818 5816 5819
f 5816 5820 5819
f 7602 7601 7603
f 1864 1867 1871
f 5307 5310 5311
f 3900 3904 3905
f 5017 5015 5014
f 5014 5016 5019
f 9996 9992 9991
f 10099 10100 10096
f 9997 9996 9991
f 7604 7612 7613
f 7613 7612 7614
f 9997 9991 9999
f 2525 2523 2526
f 10004 9997 9999
f 1295 1283 1293
f 6164 6161 6166
f 10006 9997 10004
f 8024 8026 8028
f 3051 3052 3053
f 3047 3052 3051
f 3045 3040 3046
f 3047 3050 3046
f 3050 3047 3051
f 1843 1829 1841
f 1612 1609 1611
f 2125 2128 2130
f 5204 5200 5196
f 4998 4997 4994
f 3071 3072 3073
f 2122 2121 2125
f 2136 2135 2121
f 2133 2136 2121
f 7719 7707 7706
f 6305 6316 6309
f 5771 5772 5773
f 8795 8798 8796
f 8186 8181 8180
f 1860 1865 1864
f 6921 6922 6923
f 4928 4917 4916
f 1872 1875 1871
f 9991 9992 9993
f 6162 6161 6154
f 6154 6161 6164
f 3044 3043 3041
f 3048 3044 3041
f 3041 3043 3042
f 3055 3056 3052
f 3646 3644 3640
f 3048 3041 3045
f 3057 3054 3040
f 3054 3055 3047
f 3047 3055 3052
f 3045 3041 3040
f 3040 3041 3042
f 3040 3054 3047
f 3049 3048 3045
f 3046 3040 3047
f 6313 6310 6304
f 6304 6310 6305
f 6304 6305 6306
f 1841 1829 1831
f 5204 5196 5201
f 7704 7705 7706
f 3071 3073 3080
f 1831 1836 1837
f 5776 5774 5775
f 7718 7719 7706
f 5201 5196 5198
f 6018 6020 6016
f 5201 5198 5202
f 1611 1615 1614
f 6015 6018 6016
f 5198 5203 5202
f 1866 1862 1859
f 1862 1860 1859
f 8177 8178 8176
f 7602 7603 7608
f 8893 8894 8895
f 4933 4928 4925
f 1871 1875 1876
f 1877 1871 1876
f 4925 4928 4916
f 54 55 56
f 1293 1304 1305
f 1300 1296 1295
f 1295 1293 1297
f 1290 1289 1287
f 2916 2914 2911
f 6154 6164 6165
f 8114 8118 8117
f 8117 8118 8119
f 8120 8119 8121
f 1842 1841 1831
f 1612 1611 1613
f 3071 3080 3081
f 1842 1831 1837
f 1613 1611 1614
f 8181 8189 8182
f 2133 2121 2123
f 2121 2122 2123
f 6029 6028 6018
f 6018 6028 6021
f 5443 5440 5439
f 6030 6029 6018
f 8180 8165 8179
f 1725 1724 1732
f 1614 1615 1616
f 7611 7606 7602
f 1859 1860 1861
f 1861 1860 1864
f 8197 8177 8174
f 7611 7602 7608
f 5709 5711 5708
f 6131 6132 6133
f 10091 10097 10095
f 10095 10099 10096
f 1300 1295 1301
f 1297 1293 1305
f 6162 6154 6155
f 1298 1295 1297
f 1309 1289 1290
f 8116 8114 8117
f 11727 11723 11725
f 11723 11724 11725
f 8117 8119 8120
f 11725 11724 11726
f 11722 11719 11718
f 6313 6304 6318
f 6308 6306 6307
f 6032 6031 6030
f 6030 6031 6029
f 5461 5457 5459
f 3081 3080 3083
f 2134 2130 2138
f 10062 10086 10071
f 6030 6018 6023
f 5439 5440 5441
f 6023 6018 6022
f 8692 8693 8694
f 1614 1616 1618
f 1864 1877 1861
f 5709 5708 5706
f 7611 7608 7615
f 4933 4925 4929
f 10094 10091 10095
f 10096 10094 10095
f 6927 6926 6929
f 10098 10094 10096
f 10117 10094 10098
f 2744 2727 2728
f 4926 4925 4923
f 2733 2744 2728
f 3349 3351 3350
f 1301 1295 1298
f 2733 2728 2730
f 2912 2911 2913
f 11711 11712 11713
f 11712 11715 11713
f 11059 11060 11061
f 11059 11061 11066
f 11067 11070 11068
f 11067 11068 11069
f 8874 8875 8876
f 6304 6306 6308
f 1612 1613 1619
f 1841 1852 1853
f 1852 1841 1842
f 5800 5797 5799
f 3082 3071 3081
f 2124 2122 2127
f 2122 2125 2127
f 2125 2130 2134
f 2127 2125 2134
f 6032 6030 6023
f 8160 8165 8161
f 8161 8165 8163
f 5442 5439 5441
f 8179 8164 8176
f 1874 1859 1863
f 1859 1861 1863
f 5705 5706 5707
f 6885 6881 6880
f 6881 6883 6882
f 6880 6881 6882
f 9025 9026 9027
f 8175 8197 8174
f 10089 10091 10094
f 5922 5923 5920
f 5219 5216 5222
f 5216 5219 5217
f 5921 5922 5920
f 10117 10089 10094
f 4929 4925 4927
f 3348 3353 3349
f 3899 3903 3900
f 10128 10129 10130
f 10130 10129 10131
f 7444 7443 7441
f 6151 6152 6153
f 6151 6153 6156
f 6153 6152 6154
f 2728 2724 2729
f 2728 2729 2730
f 6157 6156 6153
f 8113 8114 8115
f 7441 7443 7442
f 6158 6153 6154
f 8114 8116 8115
f 6158 6154 6165
f 11714 11711 11713
f 11080 11078 11077
f 11077 11078 11079
f 11079 11082 11081
f 11077 11079 11081
f 11714 11713 11716
f 11068 11071 11069
f 11804 11805 11806
f 7700 7701 7702
f 6308 6307 6319
f 1854 1853 1852
f 1854 1852 1855
f 1857 1852 1842
f 3082 3081 3088
f 1855 1852 1857
f 10086 10087 10088
f 10087 10086 10062
f 3088 3081 3087
f 3087 3081 3083
f 4769 4773 4770
f 8160 8161 8162
f 7393 7392 7395
f 1614 1618 1617
f 6938 6941 6939
f 1617 1618 1628
f 5372 5373 5374
f 5375 5372 5374
f 856 862 853
f 10089 10117 10069
f 5921 5920 5919
f 5919 5920 5916
f 3348 3349 3350
f 10074 10117 10080
f 5915 5916 5917
f 9244 9245 9246
f 2730 2729 2732
f 7440 7441 7442
f 6156 6157 6159
f 6159 6157 6158
f 6157 6153 6158
f 11075 11073 11072
f 7700 7702 7703
f 8523 8524 8525
f 10114 10087 10062
f 7714 7713 7720
f 4777 4776 4774
f 8163 8165 8162
f 8165 8182 8183
f 8162 8165 8183
f 4774 4776 4775
f 10062 10071 10063
f 1613 1614 1617
f 10083 10084 10085
f 10063 10084 10083
f 4200 4203 4204
f 4200 4204 4202
f 6937 6938 6939
f 4931 4929 4930
f 1617 1628 1629
f 8175 8174 8172
f 8200 8175 8172
f 3776 3766 3779
f 10070 10089 10069
f 4930 4922 4919
f 10074 10069 10117
f 5918 5919 5916
f 4919 4922 4920
f 5918 5916 5915
f 5367 5366 5365
f 3418 3427 3419
f 3417 3418 3419
f 3420 3417 3419
f 6156 6159 6160
f 11074 11073 11076
f 1856 1854 1855
f 4774 4775 4766
f 4775 4769 4766
f 7410 7409 7406
f 8183 8195 8194
f 10063 10083 10060
f 4190 4194 4193
f 4190 4193 4187
f 5465 5466 5463
f 8167 8162 8190
f 8167 8190 8168
f 4188 4203 4200
f 6940 6937 6939
f 4188 4200 4192
f 4191 4190 4189
f 4190 4187 4189
f 4191 4189 4196
f 4192 4200 4199
f 4192 4199 4198
f 10073 10069 10074
f 2725 2723 2724
f 2724 2723 2722
f 3352 3348 3350
f 2739 2724 2722
f 3434 3435 3418
f 3426 3434 3418
f 3427 3433 3419
f 3419 3433 3429
f 3419 3429 3428
f 3428 3429 3430
f 10075 10080 10077
f 3426 3418 3424
f 3424 3418 3417
f 3424 3417 3420
f 3420 3419 3421
f 3421 3419 3428
f 3424 3420 3423
f 3431 3437 3421
f 3344 3345 3346
f 6701 6696 6699
f 6696 6697 6698
f 6699 6696 6698
f 4768 4771 4772
f 7409 7407 7406
f 10410 10411 10408
f 4765 4774 4766
f 7406 7407 7408
f 10064 10062 10058
f 8162 8183 8191
f 8191 8183 8194
f 8194 8195 8193
f 10062 10063 10060
f 4625 4626 4631
f 10058 10062 10060
f 4187 4193 4195
f 4187 4195 4188
f 10057 10058 10059
f 10059 10058 10060
f 5465 5463 5462
f 8166 8167 8168
f 4901 4931 4909
f 4189 4187 4186
f 4186 4187 4188
f 4186 4188 4192
f 4901 4909 4902
f 4197 4186 4192
f 8173 8200 8172
f 4902 4909 4919
f 10072 10069 10073
f 3354 3348 3352
f 7369 7370 7365
f 98 99 100
f 3433 3436 3429
f 10073 10074 10075
f 10076 10073 10075
f 7365 7364 7367
f 10075 10074 10080
f 2739 2722 2713
f 2713 2722 2714
f 4092 4096 4093
f 4093 4096 4097
f 3428 3430 3431
f 3425 3426 3424
f 3423 3425 3424
f 3425 3423 3432
f 3422 3423 3420
f 3420 3421 3422
f 3432 3423 3422
f 6702 6701 6699
f 10402 10404 10403
f 10403 10404 10405
f 10404 10406 10405
f 10064 10114 10062
f 7406 7408 7413
f 10116 10118 10115
f 10119 10120 10121
f 8162 8191 8190
f 10061 10057 10059
f 4904 4901 4900
f 4900 4901 4902
f 10072 10067 10069
f 4907 4902 4919
f 8476 8477 8475
f 8472 8473 8474
f 3926 3925 3924
f 4197 4192 4198
f 7368 7369 7365
f 10113 10072 10073
f 10113 10073 10081
f 7368 7365 7367
f 4091 4092 4093
f 10081 10073 10076
f 5368 5371 5369
f 6702 6699 6703
f 6890 6886 6889
f 10123 10122 10127
f 10122 10123 10124
f 10408 10402 10401
f 10410 10408 10401
f 10401 10402 10403
f 8643 8644 8645
f 10401 10403 10409
f 10108 10116 10115
f 8192 8191 8193
f 10108 10115 10104
f 10115 10064 10057
f 10115 10057 10065
f 10065 10057 10061
f 4905 4904 4900
f 10066 10061 10067
f 10061 10070 10068
f 8166 8168 8169
f 8172 8166 8170
f 8173 8172 8170
f 8475 8474 8478
f 8474 8480 8479
f 8479 8480 8483
f 10111 10072 10113
f 4091 4093 4094
f 10081 10076 10079
f 10076 10075 10077
f 10078 10079 10076
f 10078 10076 10077
f 6703 6699 6704
f 10122 10124 10125
f 10409 10403 10412
f 8710 8711 8712
f 10413 10414 10415
f 10065 10104 10115
f 5462 5463 5464
f 5467 5462 5464
f 8190 8191 8192
f 10065 10066 10082
f 5464 5463 5468
f 4903 4900 4902
f 10082 10066 10067
f 10082 10067 10111
f 8476 8475 8478
f 8478 8474 8479
f 10132 10133 10134
f 8149 8142 8148
f 2718 2716 2717
f 11731 11732 11733
f 10105 10108 10104
f 10105 10104 10103
f 10103 10104 10065
f 8171 8190 8192
f 8171 8192 8198
f 8171 8198 8199
f 5464 5468 5469
f 2737 2736 2734
f 10101 10082 10111
f 10101 10111 10112
f 8138 8139 8140
f 10132 10134 10135
f 8156 8155 8152
f 4099 4095 4098
f 8141 8139 8142
f 8140 8139 8141
f 8139 8148 8142
f 11734 11735 11736
f 6888 6887 6891
f 10103 10065 10102
f 2734 2736 2735
f 10101 10065 10082
f 10102 10065 10101
f 8154 8153 8152
f 8150 8138 8140
f 8155 8154 8152
f 8141 8150 8140
f 4098 4095 4094
f 2717 2719 2718
f 11753 11754 11755
f 11743 11744 11745
f 8672 8673 8674
f 8461 8463 8462
f 8461 8462 8459
f 8459 8454 8458
f 2735 2736 2741
f 2731 2734 2735
f 8152 8153 8145
f 8145 8143 8138
f 8152 8145 8151
f 8151 8145 8150
f 8150 8145 8138
f 8450 8453 8451
f 10109 10103 10102
f 10109 10102 10110
f 8461 8459 8460
f 8460 8459 8458
f 10106 10102 10101
f 11771 11772 11773
f 2735 2741 2742
f 10102 10106 10107
f 11774 11775 11776
f 11768 11769 11770
f 11765 11766 11767
