v -0.207031 -0.282471 -0.194702
v -0.207031 -0.281006 -0.193237
v -0.207031 -0.282715 -0.194824
v -0.150757 -0.073120 -0.113892
v -0.148926 -0.074646 -0.114502
v -0.148926 -0.074707 -0.114502
v 0.028809 0.417969 0.149414
v 0.028519 0.416748 0.150757
v 0.029831 0.419434 0.147827
v 0.125244 0.091309 -0.014519
v 0.123718 0.091309 -0.012741
v 0.125244 0.091309 -0.014732
v 0.147949 0.075195 0.169922
v 0.149048 0.073608 0.169678
v 0.147949 0.075256 0.169922
v 0.147949 0.075317 0.169922
v 0.144043 -0.103027 0.165649
v 0.143677 -0.103210 0.164429
v 0.143311 -0.104492 0.166748
v 0.159668 0.257812 -0.059814
v 0.158447 0.258545 -0.058990
v 0.161621 0.257812 -0.059937
v 0.163574 0.258057 -0.060059
v 0.199219 0.075195 0.205078
v 0.197998 0.075684 0.206665
v 0.199585 0.077393 0.204834
v 0.146938 0.080546 0.171634
v -0.271236 -0.476494 -0.264013
v -0.273043 -0.492522 -0.267425
v -0.271145 -0.498907 -0.270193
v -0.127930 -0.330078 -0.274414
v -0.127930 -0.330322 -0.274414
v -0.126343 -0.331543 -0.275146
v -0.206299 -0.284424 -0.196533
v -0.207031 -0.282471 -0.194702
v -0.207031 -0.282715 -0.194824
v -0.148926 -0.074646 -0.114502
v -0.150757 -0.073120 -0.113892
v -0.145515 -0.082909 -0.112177
v 0.064103 0.000192 -0.090045
v 0.065350 0.027193 -0.090063
v 0.061468 -0.013218 -0.092109
v 0.146938 0.080546 0.171634
v 0.147949 0.075317 0.169922
v 0.147949 0.075195 0.169922
v -0.199408 0.207268 0.226378
v -0.213004 0.207576 0.211472
v -0.210241 0.192552 0.218430
v -0.222803 0.188930 0.206621
v -0.229000 0.204926 0.193684
v -0.239708 0.186937 0.186673
v -0.191183 0.195612 0.235699
v -0.186463 0.209246 0.238297
v -0.168882 0.190555 0.257708
v -0.171803 0.210849 0.253006
v -0.156666 0.194171 0.271702
v -0.159761 0.213114 0.265158
v -0.148542 0.214346 0.277726
v -0.149395 0.194334 0.280270
v -0.145035 0.208050 0.282572
v -0.227237 0.170993 0.201184
v -0.204102 0.176658 0.223302
v -0.184960 0.182650 0.240956
v -0.239806 0.168093 0.184152
v -0.242699 0.170160 0.179506
v -0.213963 0.165214 0.210748
v -0.240562 0.154271 0.176410
v -0.248684 0.153292 0.162334
v -0.256510 0.165088 0.152798
v -0.253724 0.175676 0.159981
v -0.249532 0.190652 0.164553
v -0.242035 0.192128 0.178567
v -0.227198 0.159978 0.195052
v -0.236783 0.206978 0.178241
v -0.257452 0.180293 0.148684
v -0.230813 0.148655 0.181702
v -0.169582 0.184268 0.253633
v -0.143565 0.181582 0.273152
v -0.144578 0.189170 0.280302
v -0.133868 0.191270 0.298993
v -0.129300 0.206354 0.308133
v -0.118043 0.188896 0.317843
v -0.118145 0.208903 0.320903
v -0.115769 0.195319 0.324165
v -0.112320 0.201707 0.325638
v -0.111536 0.211807 0.331418
v -0.135016 0.216659 0.293344
v -0.125280 0.220756 0.305887
v -0.101786 0.195596 0.331153
v -0.105396 0.207724 0.331417
v -0.111104 0.227737 0.322017
v -0.123709 0.210322 0.316404
v -0.180977 0.167184 0.232599
v -0.223241 0.150902 0.191243
v -0.106870 0.185901 0.324157
v -0.204913 0.154974 0.208347
v -0.113455 0.180318 0.314515
v -0.156195 0.174462 0.255463
v -0.255808 0.195600 0.138592
v -0.260575 0.181223 0.135142
v -0.250915 0.204106 0.142524
v -0.141435 0.220881 0.274035
v -0.126925 0.228986 0.289444
v -0.116459 0.232024 0.304357
v -0.138424 0.181755 0.278228
v -0.126500 0.181528 0.294947
v -0.093522 0.211606 0.333232
v -0.092499 0.202772 0.331439
v -0.093127 0.225947 0.328528
v -0.107393 0.222899 0.325004
v -0.100185 0.236690 0.316874
v -0.112121 0.176014 0.308588
v -0.087331 0.239295 0.317818
v -0.101766 0.177783 0.323113
v -0.064705 -0.058222 -0.127979
v -0.055953 -0.080749 -0.125264
v -0.062539 -0.079172 -0.126498
v -0.057606 -0.090581 -0.128379
v -0.078896 -0.076489 -0.127899
v -0.074057 -0.095042 -0.129801
v -0.084006 -0.091373 -0.129365
v -0.090743 -0.114789 -0.132029
v -0.064625 -0.103290 -0.128540
v -0.107715 -0.091603 -0.127070
v -0.111428 -0.127761 -0.131930
v -0.109499 -0.140097 -0.132797
v -0.123414 -0.148435 -0.134292
v -0.138104 -0.135390 -0.131726
v -0.146714 -0.149269 -0.134041
v -0.143292 -0.165446 -0.136163
v -0.160878 -0.162512 -0.133564
v -0.156220 -0.178935 -0.134995
v -0.142028 -0.180073 -0.135003
v -0.119832 -0.117057 -0.128403
v -0.126560 -0.172427 -0.133451
v -0.083492 -0.128278 -0.129394
v -0.128182 -0.102002 -0.124231
v -0.138147 -0.112168 -0.123822
v -0.108003 -0.069169 -0.119470
v -0.099972 -0.063549 -0.119986
v -0.117232 -0.077081 -0.120077
v -0.156868 -0.125484 -0.124034
v -0.171020 -0.146304 -0.125826
v -0.112187 -0.048322 -0.111656
v -0.126547 -0.058577 -0.111032
v -0.116508 -0.043873 -0.107400
v -0.157292 -0.109969 -0.116569
v -0.145515 -0.082909 -0.112177
v -0.162285 -0.103846 -0.112696
v -0.138878 -0.071871 -0.110920
v -0.170703 -0.162514 -0.129460
v -0.171307 -0.112460 -0.110372
v -0.076033 -0.070821 -0.124395
v -0.072813 -0.044244 -0.123612
v -0.065128 -0.021102 -0.124784
v -0.057822 -0.044909 -0.129530
v -0.046668 -0.024605 -0.130909
v -0.059540 -0.000114 -0.123710
v -0.029124 -0.026918 -0.132831
v -0.046685 -0.060915 -0.130423
v -0.032531 -0.001662 -0.131511
v -0.051058 -0.001531 -0.128180
v -0.096377 -0.056285 -0.115448
v -0.013550 -0.005048 -0.131411
v -0.075991 -0.028922 -0.119027
v -0.166207 -0.181341 -0.130702
v -0.027986 -0.057490 -0.130749
v -0.013604 -0.031335 -0.131521
v -0.175623 -0.104678 -0.110913
v -0.163392 -0.092171 -0.113788
v -0.168658 -0.084432 -0.110087
v -0.187357 -0.107889 -0.107607
v -0.188533 -0.092047 -0.106924
v -0.154388 -0.080090 -0.114560
v -0.158100 -0.069494 -0.110288
v -0.150757 -0.073120 -0.113892
v -0.142066 -0.057036 -0.114576
v -0.195423 -0.100291 -0.104990
v -0.173651 -0.073381 -0.109637
v -0.156950 -0.049928 -0.110040
v -0.148596 -0.052295 -0.109688
v -0.138867 -0.044673 -0.111720
v -0.121000 -0.038831 -0.111083
v -0.131109 -0.023647 -0.110801
v -0.173333 -0.125017 -0.114742
v -0.182543 -0.111376 -0.111499
v -0.146349 -0.036384 -0.110825
v -0.150757 -0.076294 -0.114014
v -0.148926 -0.074707 -0.114502
v -0.138571 -0.038730 -0.109266
v -0.137025 -0.022755 -0.110595
v -0.157070 -0.195677 -0.132489
v -0.173438 -0.197694 -0.132077
v -0.177831 -0.183955 -0.126324
v -0.188852 -0.199225 -0.126394
v -0.164458 -0.200643 -0.134538
v -0.147715 -0.208227 -0.133681
v -0.102855 -0.045130 -0.107706
v -0.173991 -0.176591 -0.123608
v -0.206079 -0.201486 -0.115588
v -0.142872 -0.192042 -0.131082
v -0.193840 -0.181430 -0.112991
v -0.110566 -0.036083 -0.100870
v -0.195355 -0.172633 -0.105027
v -0.089113 -0.148172 -0.126794
v -0.095441 -0.157389 -0.126070
v -0.121885 -0.184532 -0.129644
v -0.060768 -0.111198 -0.125982
v -0.139150 -0.202432 -0.127082
v -0.122910 -0.025595 -0.099485
v -0.016949 0.000997 -0.134177
v -0.108020 -0.028538 -0.095207
v -0.054429 -0.104420 -0.123010
v -0.172489 -0.204391 -0.141050
v -0.183802 -0.207559 -0.142074
v -0.199549 -0.207390 -0.130487
v -0.197886 -0.214115 -0.137911
v -0.148926 -0.074646 -0.114502
v 0.185036 -0.497310 0.148795
v 0.214294 -0.497596 0.163345
v 0.188941 -0.497423 0.163992
v 0.173514 -0.497461 0.168168
v 0.205066 -0.497638 0.149113
v 0.227767 -0.497366 0.153817
v 0.181684 -0.498088 0.186447
v 0.210775 -0.497889 0.184325
v 0.222345 -0.498611 0.204032
v 0.200796 -0.498659 0.201921
v 0.183031 -0.498203 0.201693
v 0.202933 -0.497797 0.166113
v 0.229272 -0.498191 0.167254
v 0.227231 -0.498822 0.183069
v 0.157139 -0.498534 0.200578
v 0.156829 -0.499000 0.167644
v 0.159680 -0.498392 0.154831
v 0.178717 -0.497408 0.135945
v 0.184514 -0.496936 0.133102
v 0.211205 -0.495655 0.134218
v 0.221234 -0.495678 0.140803
v 0.167345 -0.496992 0.143298
v 0.211304 -0.497710 0.204238
v 0.057493 0.009122 0.095506
v 0.030573 0.034816 0.087571
v 0.032737 0.008172 0.087597
v 0.047410 0.061997 0.094599
v 0.030657 0.059241 0.088639
v 0.059526 0.036933 0.098322
v 0.055878 0.059560 0.097749
v 0.066158 0.011557 0.099037
v 0.049896 0.005394 0.091711
v 0.042291 -0.000698 0.087702
v 0.033474 -0.003902 0.085415
v 0.030277 0.000925 0.084379
v 0.065020 0.031869 0.098083
v 0.063444 0.053570 0.094503
v 0.058081 0.064472 0.095222
v 0.030995 -0.002628 0.070027
v 0.034450 -0.006023 0.078036
v 0.026461 0.014906 0.074055
v 0.025425 0.049245 0.078931
v 0.024414 0.055120 0.076727
v -0.157634 -0.062275 -0.042772
v -0.171940 -0.058742 -0.051639
v -0.166968 -0.074233 -0.044717
v -0.189691 -0.084150 -0.052222
v -0.174445 -0.084427 -0.045016
v -0.187826 -0.102364 -0.048251
v -0.206160 -0.113368 -0.053276
v -0.214052 -0.098308 -0.061197
v -0.195959 -0.114533 -0.049034
v -0.195459 -0.072642 -0.055770
v -0.167054 -0.038747 -0.052927
v -0.153499 -0.043688 -0.048865
v -0.153004 -0.052727 -0.045018
v -0.146427 -0.042360 -0.045555
v -0.146243 -0.025573 -0.046113
v -0.155374 -0.019994 -0.051069
v -0.139224 -0.035714 -0.045077
v -0.198538 -0.117757 -0.050790
v -0.171536 -0.040524 -0.056750
v -0.130480 -0.029070 -0.048826
v -0.192323 -0.067112 -0.058469
v -0.133302 -0.023115 -0.052179
v -0.118559 -0.022570 -0.050574
v -0.128561 -0.013305 -0.056935
v -0.116517 -0.011584 -0.053112
v -0.107623 -0.018034 -0.041253
v -0.135723 -0.021954 -0.055869
v -0.103451 -0.021164 -0.032876
v -0.215943 -0.102327 -0.065553
v 0.190280 0.069121 0.129950
v 0.200960 0.058050 0.122340
v 0.200707 0.055392 0.128789
v 0.214275 0.045367 0.122378
v 0.213565 0.035938 0.140094
v 0.203805 0.048905 0.137873
v 0.202509 0.042408 0.148742
v 0.185367 0.065265 0.141591
v 0.194361 0.047051 0.152329
v 0.183462 0.057395 0.153967
v 0.180787 0.071328 0.138952
v 0.176324 0.068486 0.153263
v 0.204495 0.031572 0.155795
v 0.171936 0.080260 0.147933
v 0.175117 0.079879 0.140804
v 0.195625 0.044255 0.159194
v 0.177865 0.061017 0.170464
v 0.188762 0.049158 0.172437
v 0.220832 0.038902 0.127066
v 0.220684 0.022397 0.150936
v 0.181434 0.052623 0.168940
v 0.208688 0.025267 0.152795
v 0.207500 0.022386 0.159178
v 0.176743 0.048450 0.178610
v 0.175447 0.055634 0.176880
v 0.213713 0.058768 0.114424
v 0.199545 0.034045 0.154006
v 0.206804 0.067656 0.114549
v 0.211652 0.060520 0.107804
v 0.205555 0.069845 0.108866
v 0.211921 0.078336 0.091770
v 0.207555 0.095635 0.082396
v 0.212532 0.099392 0.066270
v 0.220378 0.090097 0.069858
v 0.219092 0.070189 0.093140
v 0.218110 0.104758 0.048950
v 0.210452 0.114690 0.045426
v 0.206446 0.113415 0.067595
v 0.219046 0.054142 0.109518
v 0.201937 0.082831 0.108375
v 0.203109 0.102963 0.090410
v 0.197743 0.086747 0.120790
v 0.211488 0.114307 0.032081
v 0.221411 0.104879 0.041141
v 0.220904 0.111676 0.016328
v 0.201582 0.137303 0.062926
v 0.206464 0.125379 0.039667
v 0.189879 0.030251 0.171437
v 0.198394 0.025499 0.161656
v 0.198648 0.018270 0.168292
v 0.177290 0.069020 0.170136
v 0.200266 0.103842 0.104660
v 0.200937 0.135214 0.086310
v 0.201595 0.077835 0.121136
v 0.202948 0.128035 0.071749
v 0.176891 0.046743 0.199056
v 0.180565 0.042795 0.188823
v 0.180591 0.039888 0.196856
v 0.191436 0.021831 0.172187
v 0.187860 0.030135 0.174185
v 0.186679 0.021034 0.181734
v 0.175765 0.043234 0.178214
v 0.179389 0.029040 0.182020
v 0.201332 0.010583 0.183582
v 0.221555 0.051853 0.115390
v 0.200555 0.150391 0.076556
v 0.191122 0.015431 0.183817
v 0.165362 0.068627 0.155408
v 0.201992 0.120399 0.021415
v 0.193722 0.152829 0.064268
v 0.163329 0.065166 0.165470
v 0.154217 0.066388 0.170130
v 0.186151 0.041663 0.192252
v -0.154995 -0.316338 -0.134873
v -0.146008 -0.329298 -0.153317
v -0.144532 -0.314219 -0.139601
v -0.140824 -0.293149 -0.122733
v -0.158544 -0.302329 -0.117994
v -0.151929 -0.279216 -0.102854
v -0.136533 -0.273247 -0.109599
v -0.168379 -0.289012 -0.101398
v -0.176238 -0.317460 -0.122911
v -0.174914 -0.303561 -0.110511
v -0.163880 -0.338203 -0.154196
v -0.145397 -0.339189 -0.164384
v -0.187292 -0.337128 -0.140577
v -0.154776 -0.349069 -0.171491
v -0.179929 -0.347309 -0.157109
v -0.186280 -0.352961 -0.159720
v -0.183468 -0.363011 -0.172069
v -0.162968 -0.356928 -0.176305
v -0.170431 -0.370345 -0.186804
v -0.152426 -0.363881 -0.189015
v -0.149202 -0.374237 -0.201572
v -0.137321 -0.352005 -0.184830
v -0.181529 -0.382292 -0.192864
v -0.176938 -0.388566 -0.200625
v -0.134937 -0.366808 -0.203225
v -0.121867 -0.351313 -0.193929
v -0.124524 -0.364888 -0.207318
v -0.124235 -0.382593 -0.227524
v -0.139447 -0.384642 -0.217470
v -0.155406 -0.389743 -0.212593
v -0.168698 -0.395052 -0.210270
v -0.157193 -0.403281 -0.223174
v -0.142695 -0.347213 -0.174103
v -0.172773 -0.414508 -0.223531
v -0.140958 -0.404367 -0.232244
v -0.189687 -0.321330 -0.122280
v -0.128595 -0.395848 -0.235378
v -0.118591 -0.398966 -0.245037
v -0.122533 -0.343216 -0.180232
v -0.157874 -0.420239 -0.233962
v -0.168824 -0.280065 -0.084867
v -0.152213 -0.265680 -0.085890
v -0.167434 -0.267942 -0.071708
v -0.179231 -0.277201 -0.071900
v -0.167499 -0.253484 -0.057249
v -0.178034 -0.259415 -0.055078
v -0.152807 -0.256542 -0.073638
v -0.176455 -0.289228 -0.093767
v -0.180590 -0.250502 -0.047278
v -0.144775 -0.422125 -0.239208
v -0.157662 -0.428528 -0.240597
v -0.171306 -0.429300 -0.234130
v -0.171375 -0.424328 -0.228847
v -0.125283 -0.422626 -0.252326
v -0.186861 -0.296856 -0.103933
v -0.114059 -0.408409 -0.253024
v -0.140547 -0.253471 -0.087559
v -0.157636 -0.245784 -0.061944
v -0.148284 -0.246964 -0.071315
v -0.139773 -0.234171 -0.058212
v -0.162050 -0.239156 -0.053538
v -0.182468 -0.243431 -0.045795
v -0.157435 -0.225791 -0.043236
v -0.138234 -0.216640 -0.041103
v -0.124652 -0.222228 -0.058144
v -0.123725 -0.209454 -0.041455
v -0.139145 -0.203378 -0.026699
v -0.123313 -0.197176 -0.027816
v -0.107280 -0.202071 -0.042562
v -0.108020 -0.187649 -0.027069
v -0.093766 -0.178175 -0.028989
v -0.089886 -0.187308 -0.042171
v -0.123387 -0.189196 -0.021748
v -0.112584 -0.175152 -0.015574
v -0.116494 -0.169589 -0.007568
v -0.134521 -0.180397 -0.010754
v -0.113888 -0.214860 -0.058692
v -0.154892 -0.197678 -0.021779
v -0.161389 -0.214144 -0.033755
v -0.074791 -0.171843 -0.042743
v -0.177020 -0.225889 -0.039582
v -0.178510 -0.231316 -0.042639
v -0.129291 -0.156722 0.004042
v -0.108143 -0.141620 0.008308
v -0.153109 -0.202641 -0.024185
v -0.094355 -0.198858 -0.055675
v -0.106486 -0.152747 -0.004154
v -0.086803 -0.152513 -0.011278
v -0.071591 -0.140738 -0.005359
v -0.069542 -0.128895 0.004198
v -0.062411 -0.158808 -0.026444
v -0.091539 -0.169388 -0.026826
v -0.104945 -0.162146 -0.016205
v -0.056348 -0.163577 -0.039469
v -0.059801 -0.131750 0.000273
v -0.046652 -0.143536 -0.011318
v -0.043787 -0.158040 -0.029820
v -0.037595 -0.149915 -0.022351
v -0.087701 -0.124049 0.011970
v -0.109196 -0.123201 0.019379
v -0.126938 -0.229699 -0.070745
v -0.116065 -0.426834 -0.260255
v -0.123813 -0.133946 0.015008
v -0.145652 -0.175277 -0.006304
v -0.109945 -0.417156 -0.258312
v -0.132916 -0.433295 -0.252089
v -0.146206 -0.440665 -0.247212
v -0.193353 -0.220934 -0.034768
v -0.135672 -0.345970 -0.171438
v -0.112520 -0.327876 -0.160394
v -0.133920 -0.340612 -0.164335
v -0.136865 -0.263650 -0.106304
v -0.113452 -0.337006 -0.186267
v -0.131678 -0.278146 -0.112734
v -0.120597 -0.329166 -0.151140
v -0.120859 -0.323461 -0.143115
v -0.120393 -0.314144 -0.132777
v -0.109140 -0.313799 -0.136390
v -0.108298 -0.296846 -0.122246
v -0.121284 -0.301591 -0.122773
v -0.099462 -0.299725 -0.134253
v -0.117620 -0.283954 -0.114993
v -0.123083 -0.259506 -0.112234
v -0.144269 -0.456251 -0.253251
v -0.130879 -0.447718 -0.257488
v -0.141927 -0.471205 -0.260208
v -0.153931 -0.469077 -0.251534
v -0.160142 -0.452105 -0.240541
v -0.121655 -0.472139 -0.268461
v -0.136074 -0.477550 -0.264331
v -0.146945 -0.486375 -0.262877
v -0.162657 -0.491418 -0.253169
v -0.149663 -0.489451 -0.265372
v -0.106896 -0.117925 0.020159
v -0.095384 -0.112681 0.019888
v -0.106505 -0.115336 0.021977
v -0.129435 -0.123990 0.017176
v -0.073138 -0.106555 0.013154
v -0.060982 -0.080503 0.018964
v -0.061434 -0.122731 -0.000669
v -0.045445 -0.084705 0.010200
v -0.051663 -0.077017 0.017536
v -0.050327 -0.069590 0.023693
v -0.041397 -0.101654 -0.000832
v -0.032559 -0.087217 0.003726
v -0.025748 -0.097193 -0.008295
v -0.019143 -0.086031 -0.001970
v -0.034072 -0.077941 0.009697
v -0.038498 -0.129770 -0.012363
v -0.029208 -0.117117 -0.013143
v -0.048484 -0.131152 -0.009872
v -0.036274 -0.143892 -0.021324
v -0.039799 -0.074168 0.020166
v -0.048821 -0.076205 0.015871
v -0.021380 -0.081818 0.009157
v -0.032298 -0.077858 0.012933
v -0.191058 -0.267097 -0.045625
v -0.107688 -0.457147 -0.270163
v -0.119329 -0.451440 -0.262832
v -0.186019 -0.278510 -0.056384
v -0.203382 -0.269673 -0.045524
v -0.204389 -0.283165 -0.059642
v -0.193769 -0.242744 -0.031443
v -0.196808 -0.225396 -0.021333
v -0.186811 -0.254304 -0.040822
v -0.186156 -0.283490 -0.060506
v -0.162645 -0.473953 -0.244876
v -0.098217 -0.311396 -0.153578
v -0.092988 -0.299719 -0.146352
v -0.137843 -0.243455 -0.085018
v -0.110247 -0.431706 -0.261906
v -0.105278 -0.447528 -0.269799
v -0.219430 -0.239597 -0.030684
v -0.211539 -0.221726 -0.018621
v -0.044248 -0.079884 0.009624
v -0.095255 -0.459062 -0.279538
v -0.080479 -0.182307 -0.054321
v -0.134512 -0.311373 -0.133264
v -0.177232 -0.461789 -0.225624
v -0.093207 -0.283278 -0.135083
v -0.102898 -0.277425 -0.122172
v -0.113432 -0.272636 -0.115276
v -0.105246 -0.470829 -0.273120
v -0.018173 -0.077369 0.021430
v -0.031208 -0.065732 0.034443
v -0.118011 -0.497174 -0.272642
v -0.108778 -0.493723 -0.275663
v -0.095604 -0.468990 -0.277354
v -0.093858 -0.485739 -0.283896
v -0.088141 -0.463690 -0.283118
v -0.085069 -0.480793 -0.292378
v -0.136856 -0.483540 -0.263237
v -0.143942 -0.499326 -0.264084
v -0.186437 -0.293213 -0.082627
v -0.184868 -0.289913 -0.072919
v -0.105500 -0.324029 -0.173408
v -0.008334 -0.084985 0.004668
v -0.078800 -0.456050 -0.293631
v -0.100293 -0.415733 -0.270869
v -0.104416 -0.263330 -0.121119
v -0.170350 -0.493878 -0.240618
v -0.170241 -0.472016 -0.234396
v -0.097681 -0.405436 -0.273218
v -0.092525 -0.406397 -0.277755
v -0.095181 -0.427293 -0.279980
v -0.095982 -0.401037 -0.272641
v -0.131491 -0.248698 -0.109744
v -0.133780 -0.241684 -0.096370
v -0.195145 -0.231818 -0.026290
v 0.192097 -0.338478 0.212465
v 0.194044 -0.354036 0.218352
v 0.202807 -0.362716 0.199746
v 0.197469 -0.333527 0.194226
v 0.208312 -0.369517 0.189732
v 0.201190 -0.332426 0.180357
v 0.208294 -0.377976 0.198774
v 0.215354 -0.392177 0.192077
v 0.209763 -0.359499 0.172149
v 0.215793 -0.383407 0.171166
v 0.221083 -0.404555 0.182033
v 0.222333 -0.411146 0.184152
v 0.199652 -0.364892 0.216196
v 0.201564 -0.327947 0.171776
v 0.195428 -0.315132 0.192660
v 0.197561 -0.313796 0.185107
v 0.187471 -0.337531 0.221118
v 0.190374 -0.302814 0.205632
v 0.181737 -0.311935 0.225871
v 0.182219 -0.320555 0.233374
v 0.176299 -0.300061 0.235968
v 0.197394 -0.307968 0.169430
v 0.190017 -0.346253 0.230229
v 0.220842 -0.401331 0.169471
v 0.198046 -0.364551 0.229418
v 0.209806 -0.384787 0.213867
v 0.207629 -0.384509 0.231558
v 0.215660 -0.404010 0.236066
v 0.216464 -0.397317 0.210204
v 0.220708 -0.417703 0.233207
v 0.224361 -0.413251 0.205541
v 0.217876 -0.392830 0.154564
v 0.219796 -0.400318 0.154195
v 0.215176 -0.415469 0.241863
v 0.212252 -0.383984 0.149483
v 0.221985 -0.419728 0.217383
v 0.224591 -0.420649 0.212625
v 0.225651 -0.425033 0.203533
v 0.224909 -0.423132 0.194560
v 0.221137 -0.397440 0.192779
v 0.220303 -0.399270 0.208392
v 0.206906 -0.375972 0.155181
v 0.222503 -0.423837 0.185512
v 0.183223 -0.292685 0.224543
v 0.189198 -0.276305 0.214256
v 0.189601 -0.271548 0.210631
v 0.186477 -0.238659 0.204975
v 0.186243 -0.244141 0.214139
v 0.182969 -0.228460 0.211388
v 0.181441 -0.223666 0.199645
v 0.177882 -0.209329 0.202015
v 0.169478 -0.212413 0.221413
v 0.176574 -0.235347 0.224577
v 0.170989 -0.199280 0.202846
v 0.179202 -0.259281 0.226674
v 0.172013 -0.275208 0.237572
v 0.168656 -0.196490 0.197040
v 0.174147 -0.207391 0.192869
v 0.160836 -0.230633 0.240853
v 0.163483 -0.256343 0.244381
v 0.154935 -0.247908 0.251923
v 0.190754 -0.229328 0.192620
v 0.193001 -0.254446 0.204791
v 0.201806 -0.243311 0.182948
v 0.194599 -0.220350 0.172360
v 0.188942 -0.212187 0.174599
v 0.194109 -0.281233 0.205003
v 0.181136 -0.206117 0.180356
v 0.196479 -0.300326 0.196829
v 0.193785 -0.220465 0.154277
v 0.160244 -0.281388 0.249803
v 0.153082 -0.263697 0.255359
v 0.147423 -0.243657 0.257714
v 0.162222 -0.306412 0.248892
v 0.171723 -0.197859 0.181158
v 0.139672 -0.258587 0.264579
v 0.169023 -0.338501 0.244380
v 0.179327 -0.354999 0.238451
v 0.179169 -0.201504 0.167271
v 0.190531 -0.384095 0.239475
v 0.147875 -0.293188 0.257791
v 0.204712 -0.396562 0.239050
v 0.181425 -0.206897 0.153331
v 0.203458 -0.412651 0.246829
v 0.212150 -0.397630 0.140786
v 0.191496 -0.394013 0.241938
v 0.162122 -0.192497 0.170840
v 0.169140 -0.198760 0.153975
v 0.219291 -0.432044 0.199168
v 0.161517 -0.198717 0.186502
v 0.177624 -0.409400 0.248630
v 0.170658 -0.395469 0.243031
v 0.203097 -0.274192 0.151499
v 0.205964 -0.275952 0.169693
v 0.198282 -0.295509 0.156005
v 0.200435 -0.300030 0.169186
v 0.206407 -0.261243 0.158560
v 0.202921 -0.288411 0.180566
v 0.206465 -0.250506 0.169039
v 0.204522 -0.247762 0.152471
v 0.201088 -0.249995 0.144052
v 0.191583 -0.304426 0.155018
v 0.190951 -0.288067 0.137773
v 0.195638 -0.261640 0.135779
v 0.198743 -0.326699 0.163588
v 0.196030 -0.336219 0.154364
v 0.203380 -0.352189 0.160341
v 0.201482 -0.233756 0.169630
v 0.203405 -0.264434 0.183964
v 0.194670 -0.235945 0.140923
v 0.185841 -0.222781 0.138821
v 0.195599 -0.365580 0.148970
v 0.194874 -0.376740 0.144313
v 0.187486 -0.242922 0.130360
v 0.182883 -0.304538 0.145562
v 0.188530 -0.342340 0.145757
v 0.185536 -0.271025 0.127541
v 0.179047 -0.258254 0.123280
v 0.175401 -0.288814 0.126428
v 0.172599 -0.302019 0.135496
v 0.172705 -0.210039 0.139527
v 0.169618 -0.309573 0.138944
v 0.179462 -0.345449 0.140897
v 0.185503 -0.365759 0.144438
v 0.203704 -0.386923 0.137443
v 0.201744 -0.397011 0.134585
v -0.150955 0.188483 0.167547
v -0.158609 0.205776 0.173295
v -0.151446 0.203409 0.184953
v -0.161570 0.221103 0.186010
v -0.151180 0.217175 0.200264
v -0.154002 0.183339 0.146340
v -0.160554 0.195224 0.148060
v -0.172763 0.219310 0.171241
v -0.168178 0.233218 0.199197
v -0.162976 0.230407 0.205905
v -0.145103 0.219744 0.214242
v -0.138095 0.218529 0.223523
v -0.176571 0.207393 0.146731
v -0.181253 0.218054 0.154929
v -0.180621 0.229889 0.176516
v -0.146530 0.232233 0.240863
v -0.186688 0.234599 0.177327
v -0.197439 0.226283 0.152032
v -0.124393 0.221534 0.244802
v -0.130572 0.230025 0.256212
v -0.121947 0.215502 0.242567
v -0.188107 0.214482 0.147294
v -0.160370 0.184084 0.140966
v -0.167303 0.192736 0.141653
v -0.166744 0.234446 0.214209
v -0.182777 0.237472 0.192294
v -0.198197 0.234997 0.169884
v -0.213047 0.230944 0.154748
v -0.214651 0.228684 0.145358
v -0.202594 0.219221 0.145258
v -0.214294 0.220822 0.139997
v -0.131326 0.193851 0.222664
v -0.143693 0.191152 0.200442
v -0.129961 0.208205 0.229854
v -0.147056 0.188131 0.185549
v -0.119156 0.193732 0.241815
v -0.227244 0.222581 0.138672
v -0.119515 0.198733 0.242637
v -0.146919 0.176937 0.180525
v -0.149012 0.168640 0.165920
v -0.136297 0.188544 0.213924
v -0.145035 0.166953 0.199891
v -0.154508 0.166270 0.139800
v -0.130818 0.179935 0.227979
v -0.138786 0.170159 0.215317
v -0.148342 0.162233 0.183858
v -0.152204 0.155262 0.161771
v -0.158206 0.157173 0.136483
v -0.123960 0.190651 0.251006
v -0.190796 -0.352474 -0.248175
v -0.183033 -0.374382 -0.279147
v -0.188295 -0.367980 -0.265497
v -0.178245 -0.354475 -0.271729
v -0.177006 -0.373926 -0.289441
v -0.177901 -0.379633 -0.292854
v -0.181024 -0.334343 -0.254549
v -0.187058 -0.342285 -0.247060
v -0.183182 -0.320048 -0.242902
v -0.194313 -0.334608 -0.232127
v -0.195847 -0.318560 -0.221271
v -0.187511 -0.311434 -0.231560
v -0.181459 -0.310953 -0.240873
v -0.198684 -0.308330 -0.213489
v -0.189376 -0.389384 -0.288203
v -0.183113 -0.392395 -0.296301
v -0.194610 -0.403231 -0.290352
v -0.175997 -0.302786 -0.237607
v -0.185993 -0.407940 -0.298263
v -0.179782 -0.402756 -0.306329
v -0.179970 -0.381873 -0.297286
v -0.178505 -0.409460 -0.307462
v -0.186749 -0.282847 -0.228707
v -0.191209 -0.284290 -0.225585
v -0.190503 -0.254403 -0.218059
v -0.165644 -0.409979 -0.315226
v -0.165740 -0.387975 -0.306997
v -0.163428 -0.373965 -0.301937
v -0.149082 -0.395990 -0.317479
v -0.148680 -0.388132 -0.314228
v -0.153611 -0.402899 -0.318202
v -0.194389 -0.406312 -0.292885
v -0.239273 -0.199863 -0.080950
v -0.239371 -0.193777 -0.069018
v -0.228928 -0.196986 -0.083071
v -0.227496 -0.192119 -0.072264
v -0.239925 -0.192236 -0.056428
v -0.225664 -0.191805 -0.062161
v -0.239974 -0.209317 -0.088942
v -0.229598 -0.211857 -0.096442
v -0.240397 -0.218612 -0.098761
v -0.227523 -0.222547 -0.107305
v -0.238164 -0.230911 -0.112080
v -0.225133 -0.235527 -0.117996
v -0.235527 -0.240010 -0.118602
v -0.236060 -0.251489 -0.124707
v -0.219455 -0.253269 -0.134299
v -0.223551 -0.257370 -0.135728
v -0.232929 -0.266706 -0.132978
v -0.222937 -0.278554 -0.138890
v -0.231488 -0.275889 -0.134528
v -0.206299 -0.284424 -0.196533
v -0.206528 -0.289378 -0.194821
v -0.207031 -0.282471 -0.194702
v -0.207031 -0.281006 -0.193237
v -0.200381 -0.261041 -0.203919
v -0.207031 -0.282715 -0.194824
v -0.209608 -0.265156 -0.182856
v -0.202902 -0.247996 -0.191780
v -0.202451 -0.296428 -0.206960
v -0.192542 -0.238447 -0.205800
v -0.200770 -0.319084 -0.206144
v -0.204804 -0.318536 -0.194550
v -0.212086 -0.301954 -0.178322
v -0.212335 -0.278509 -0.176937
v -0.219544 -0.298852 -0.156847
v -0.211768 -0.314541 -0.174083
v -0.215887 -0.266220 -0.159110
v -0.217533 -0.257092 -0.149059
v -0.208333 -0.251094 -0.169636
v -0.203874 -0.330799 -0.193094
v -0.195894 -0.350011 -0.218978
v -0.193053 -0.365912 -0.224370
v -0.190645 -0.372574 -0.243558
v -0.190043 -0.383897 -0.254271
v -0.222835 -0.292468 -0.131460
v -0.206732 -0.247892 -0.172141
v -0.199650 -0.232066 -0.179955
v -0.195228 -0.359368 -0.206490
v -0.190781 -0.389063 -0.266984
v -0.189766 -0.230777 -0.203787
v -0.195403 -0.403228 -0.273829
v -0.201168 -0.343145 -0.187015
v -0.209100 -0.324896 -0.169627
v -0.212950 -0.318434 -0.156311
v -0.219659 -0.301949 -0.143825
v -0.187468 -0.384988 -0.230750
v -0.209023 -0.250161 -0.155435
v -0.203550 -0.237614 -0.157001
v -0.206752 -0.232310 -0.144896
v -0.217092 -0.236998 -0.130315
v -0.209172 -0.220188 -0.129992
v -0.195739 -0.221874 -0.155989
v -0.191164 -0.219390 -0.169507
v -0.188953 -0.218115 -0.187559
v -0.221862 -0.209012 -0.105468
v -0.197886 -0.214115 -0.137911
v -0.219338 -0.193553 -0.094686
v -0.220456 -0.180852 -0.080523
v -0.213457 -0.163827 -0.079564
v -0.219196 -0.179591 -0.065853
v -0.209314 -0.146093 -0.067750
v -0.211415 -0.158742 -0.052828
v -0.205006 -0.137531 -0.048942
v -0.201531 -0.120743 -0.061848
v -0.204294 -0.125797 -0.072143
v -0.193269 -0.408258 -0.257196
v -0.212188 -0.149980 -0.076850
v -0.206785 -0.156600 -0.091785
v -0.203098 -0.139024 -0.086251
v -0.206314 -0.167566 -0.091304
v -0.190320 -0.121273 -0.094188
v -0.194367 -0.139980 -0.100101
v -0.196370 -0.159721 -0.105855
v -0.195355 -0.172633 -0.105027
v -0.177123 -0.116012 -0.106416
v -0.189563 -0.211100 -0.148242
v -0.208628 -0.191488 -0.105799
v -0.173333 -0.125017 -0.114742
v -0.171020 -0.146304 -0.125826
v -0.199549 -0.207390 -0.130487
v -0.171307 -0.112460 -0.110372
v -0.170703 -0.162514 -0.129460
v -0.206079 -0.201486 -0.115588
v -0.193840 -0.181430 -0.112991
v -0.198538 -0.117757 -0.050790
v -0.184287 -0.234203 -0.210555
v -0.216730 -0.180648 -0.055193
v -0.197617 -0.129480 -0.032353
v -0.185935 -0.394937 -0.245871
v -0.186223 -0.385449 -0.206290
v -0.205796 -0.156507 -0.038740
v -0.189572 -0.373251 -0.190053
v -0.178906 -0.408250 -0.224382
v -0.181725 -0.402565 -0.237330
v -0.183229 -0.414070 -0.235104
v -0.194672 -0.359233 -0.176301
v -0.199553 -0.345997 -0.162545
v -0.188823 -0.409435 -0.246000
v -0.210312 -0.318733 -0.132784
v -0.207774 -0.326013 -0.141423
v -0.214408 -0.307458 -0.126453
v -0.177753 -0.207315 -0.176799
v -0.197299 -0.149690 -0.025744
v -0.188249 -0.140476 -0.010152
v -0.174586 -0.206881 -0.167804
v -0.190741 -0.123300 -0.028868
v -0.195959 -0.114533 -0.049034
v -0.191224 -0.116476 -0.033838
v -0.183396 -0.117259 -0.014166
v -0.180679 -0.132404 -0.007732
v -0.174556 -0.094071 -0.024738
v -0.187826 -0.102364 -0.048251
v -0.174445 -0.084427 -0.045016
v -0.151007 -0.059228 -0.022922
v -0.166968 -0.074233 -0.044717
v -0.157634 -0.062275 -0.042772
v -0.153004 -0.052727 -0.045018
v -0.141837 -0.045116 -0.016392
v -0.146427 -0.042360 -0.045555
v -0.148773 -0.067510 -0.007660
v -0.165027 -0.093047 -0.007828
v -0.139224 -0.035714 -0.045077
v -0.174627 -0.121036 0.000986
v -0.168402 -0.205897 -0.188815
v -0.163790 -0.200129 -0.175737
v -0.183802 -0.207559 -0.142074
v -0.173909 -0.203655 -0.147052
v -0.127257 -0.035543 -0.022986
v -0.130480 -0.029070 -0.048826
v -0.118559 -0.022570 -0.050574
v -0.157032 -0.200300 -0.161155
v -0.103451 -0.021164 -0.032876
v 0.095520 -0.132082 0.063578
v 0.108507 -0.154263 0.092724
v 0.092803 -0.150175 0.081306
v 0.093742 -0.165781 0.097900
v 0.107078 -0.167693 0.106093
v 0.109034 -0.132954 0.072555
v 0.124624 -0.158833 0.107756
v 0.121727 -0.147824 0.096196
v 0.110896 -0.178471 0.122948
v 0.095964 -0.177246 0.113414
v 0.125958 -0.176988 0.134088
v 0.114037 -0.189614 0.141011
v 0.128318 -0.191661 0.156696
v 0.113208 -0.202543 0.161308
v 0.123916 -0.200148 0.162957
v 0.106310 -0.208020 0.164996
v 0.137113 -0.194578 0.168987
v 0.092307 -0.203077 0.153365
v 0.093259 -0.192028 0.135345
v 0.096294 -0.181604 0.122723
v 0.109634 -0.123409 0.055363
v 0.097287 -0.210490 0.168680
v 0.079360 -0.119439 0.042344
v 0.072110 -0.130640 0.055103
v 0.062882 -0.126376 0.044827
v 0.110699 -0.105690 0.036924
v 0.079211 -0.108627 0.031557
v 0.042022 -0.117033 0.025996
v 0.053262 -0.106446 0.015884
v 0.075421 -0.101948 0.019119
v 0.045234 -0.129044 0.044219
v 0.099536 -0.101219 0.025269
v 0.113897 -0.096829 0.027970
v 0.071630 -0.138258 0.067625
v 0.082547 -0.173832 0.107488
v 0.074974 -0.161170 0.091016
v 0.061600 -0.175095 0.107861
v 0.043801 -0.103745 0.003323
v 0.054542 -0.142762 0.074892
v 0.113098 -0.112569 0.043995
v 0.097390 -0.092763 0.018598
v 0.087141 -0.176709 0.117859
v 0.102215 -0.211787 0.169565
v 0.055915 -0.151995 0.083524
v 0.097978 -0.219764 0.180068
v 0.029558 -0.117487 0.029136
v 0.074608 -0.190448 0.137785
v 0.113491 -0.087936 0.022939
v 0.134432 -0.108227 0.060153
v 0.132995 -0.121515 0.080361
v 0.131743 -0.132067 0.094275
v 0.127100 -0.102769 0.045969
v 0.124075 -0.091946 0.036544
v 0.067193 -0.097839 -0.007628
v 0.044155 -0.095553 -0.023120
v 0.063150 -0.094502 -0.020278
v 0.079834 -0.095333 -0.005221
v 0.084349 -0.078871 -0.034398
v 0.063917 -0.078164 -0.052089
v 0.029983 -0.093533 -0.037111
v 0.037022 -0.073553 -0.065085
v 0.081993 -0.072318 -0.045957
v 0.036738 -0.067219 -0.075346
v 0.013833 -0.072967 -0.070425
v 0.064427 -0.063977 -0.069359
v 0.050556 -0.057043 -0.082037
v 0.057007 -0.047233 -0.089564
v 0.035571 -0.057569 -0.093764
v 0.019394 -0.067897 -0.084764
v 0.031333 -0.048374 -0.111253
v 0.019203 -0.062930 -0.098645
v 0.017953 -0.053445 -0.113218
v 0.084984 -0.063842 -0.053176
v 0.101195 -0.086091 -0.002374
v 0.110092 -0.078483 -0.006196
v 0.069504 -0.047186 -0.080738
v 0.011174 -0.082065 -0.049830
v 0.020447 -0.045909 -0.117835
v 0.011853 -0.092387 -0.038857
v 0.005058 -0.051338 -0.124744
v 0.102154 -0.062268 -0.034538
v 0.134625 -0.168270 0.133422
v 0.141184 -0.111373 0.076247
v 0.140263 -0.120083 0.089360
v 0.092270 -0.047362 -0.059736
v 0.005437 -0.065343 -0.114759
v -0.012122 -0.067896 -0.125480
v -0.013901 -0.083875 -0.113195
v -0.025657 -0.076732 -0.123372
v -0.014923 -0.096985 -0.096029
v -0.028421 -0.096486 -0.110656
v -0.040485 -0.109190 -0.100500
v -0.042988 -0.100418 -0.113822
v -0.015008 -0.102541 -0.082298
v -0.027817 -0.112898 -0.079470
v -0.054429 -0.104420 -0.123010
v -0.043977 -0.117640 -0.094517
v 0.134057 -0.151559 0.112722
v -0.036891 -0.123916 -0.079982
v 0.143228 -0.173918 0.156697
v 0.143878 -0.183592 0.167791
v 0.111339 -0.061868 -0.022074
v 0.118622 -0.076089 0.009780
v 0.141936 -0.160300 0.136722
v 0.126215 -0.075342 0.029475
v 0.151629 -0.176857 0.174228
v 0.150446 -0.189618 0.188977
v 0.143470 -0.121166 0.101745
v 0.111641 -0.047823 -0.032885
v 0.080420 -0.029422 -0.080471
v 0.053291 -0.037046 -0.098038
v 0.119222 -0.064447 -0.003804
v 0.151392 -0.160691 0.163421
v 0.154913 -0.183090 0.190759
v 0.063720 -0.025091 -0.093102
v 0.143805 -0.140591 0.122021
v 0.038211 -0.094181 -0.032806
v -0.055953 -0.080749 -0.125264
v 0.004110 -0.077359 -0.056918
v 0.075648 -0.201503 0.157623
v 0.071319 -0.175214 0.122170
v 0.023720 -0.105700 0.014561
v 0.027378 -0.095995 -0.002803
v -0.057606 -0.090581 -0.128379
v -0.064625 -0.103290 -0.128540
v 0.104887 0.171663 0.053999
v 0.102179 0.157234 0.051287
v 0.109413 0.169727 0.034447
v 0.100406 0.163208 0.071849
v 0.103276 0.152836 0.029396
v 0.097597 0.151758 0.059679
v 0.092797 0.150207 0.080665
v 0.095618 0.140201 0.036208
v 0.109309 0.168880 0.023747
v 0.111528 0.183320 0.026536
v 0.113311 0.181851 0.009193
v 0.121830 0.199804 -0.003189
v 0.098811 0.174259 0.077972
v 0.096313 0.142692 0.027387
v 0.110767 0.183526 -0.008713
v 0.113476 0.182927 -0.019325
v 0.124421 0.207074 -0.017587
v 0.128470 0.223469 -0.011104
v 0.126362 0.220374 -0.000253
v 0.119805 0.218845 0.012098
v 0.115243 0.197785 0.013782
v 0.104460 0.170658 -0.019142
v 0.103237 0.170552 0.005062
v 0.100223 0.161391 -0.006247
v 0.098806 0.160198 0.012618
v 0.096664 0.153650 0.014516
v 0.103574 0.172746 -0.033677
v 0.111121 0.187573 -0.032899
v 0.091809 0.137427 0.021628
v 0.127019 0.230276 -0.021008
v 0.098110 0.140381 0.003685
v 0.100121 0.166269 -0.021240
v 0.118952 0.215854 -0.033579
v 0.100715 0.157607 -0.015723
v 0.102669 0.134484 -0.015236
v 0.093388 0.165608 -0.036922
v 0.124139 0.239426 -0.029591
v 0.097789 0.127605 -0.032575
v 0.098430 0.183434 0.073794
v 0.102962 0.100807 -0.025778
v 0.105367 0.099990 -0.014437
v 0.113294 0.222956 0.023018
v 0.106370 0.192139 0.031961
v 0.102790 0.183604 0.048564
v 0.107101 0.209735 0.035083
v 0.100324 0.197868 0.059809
v 0.103264 0.218458 0.045492
v 0.100381 0.214558 0.067905
v 0.098186 0.203102 0.072561
v 0.095812 0.194488 0.076804
v 0.100675 0.207437 0.085325
v 0.103052 0.222547 0.086794
v 0.100261 0.233388 0.057611
v 0.099604 0.240415 0.077589
v 0.099536 0.235711 0.083120
v 0.102381 0.233551 0.094146
v 0.102816 0.242261 0.050034
v 0.103603 0.235287 0.037756
v 0.097561 0.254112 0.093759
v 0.104654 0.250610 0.070406
v 0.100290 0.252429 0.086079
v 0.104696 0.271190 0.089868
v 0.096801 0.248025 0.110236
v 0.108773 0.229465 0.028316
v 0.093577 0.265013 0.101817
v 0.092334 0.263123 0.110724
v 0.108807 0.262029 0.081096
v 0.093609 0.254551 0.112405
v 0.101105 0.280606 0.095320
v 0.098238 0.101577 -0.036997
v 0.085075 0.134683 -0.051821
v 0.091405 0.099963 -0.049119
v 0.112815 0.233183 -0.045433
v 0.122066 0.246137 -0.033400
v 0.083191 0.159919 -0.052389
v 0.083502 0.172446 -0.053553
v 0.093814 0.179419 -0.051819
v 0.111160 0.264303 -0.045944
v 0.081870 0.098947 -0.061120
v 0.095062 0.210079 -0.058063
v 0.082302 0.201281 -0.069395
v 0.075891 0.139737 -0.061583
v 0.119550 0.260419 -0.036854
v 0.084631 0.181447 -0.061553
v 0.114771 0.273943 -0.044232
v 0.117811 0.272624 -0.035088
v 0.109305 0.284313 -0.029859
v 0.085637 0.270658 0.110614
v 0.080998 0.284422 0.108059
v 0.066575 0.168918 -0.067297
v 0.070965 0.110906 -0.069436
v 0.061898 0.152947 -0.073570
v 0.066433 0.109098 -0.077530
v 0.064893 0.098756 -0.076760
v 0.062848 0.190928 -0.070718
v 0.102706 0.237890 -0.054649
v 0.070398 0.181065 -0.065823
v 0.074042 0.222114 -0.075271
v 0.105066 0.278194 -0.052361
v 0.107260 0.282076 -0.039236
v 0.101773 0.292304 -0.034177
v 0.102107 0.295375 -0.024247
v 0.094663 0.307004 -0.020875
v 0.088527 0.237556 -0.064343
v 0.077605 0.188585 -0.069158
v 0.256763 0.116053 0.103679
v 0.257352 0.097550 0.102901
v 0.262855 0.120780 0.082146
v 0.260278 0.135339 0.088401
v 0.267239 0.138346 0.065403
v 0.252806 0.099001 0.120596
v 0.251468 0.085947 0.131277
v 0.254180 0.074913 0.121879
v 0.251329 0.065182 0.139405
v 0.265221 0.146199 0.073929
v 0.268458 0.166972 0.061402
v 0.247140 0.075874 0.146685
v 0.271475 0.158227 0.055158
v 0.273407 0.176611 0.039569
v 0.273130 0.154985 0.048118
v 0.275624 0.166155 0.025533
v 0.267272 0.186388 0.052904
v 0.263559 0.179211 0.068052
v 0.251674 0.055702 0.129593
v 0.273832 0.182686 0.025233
v 0.273827 0.152008 0.032142
v 0.270032 0.138726 0.038454
v 0.268662 0.197730 0.029292
v 0.260438 0.171623 0.074486
v 0.254767 0.149799 0.091839
v 0.252167 0.129571 0.106105
v 0.247499 0.116924 0.120055
v 0.244023 0.100616 0.135498
v 0.272288 0.189299 0.016885
v 0.275850 0.176152 0.010953
v 0.271148 0.199892 0.011903
v 0.274484 0.158071 0.009599
v 0.273900 0.158574 0.017591
v 0.275008 0.185753 -0.000298
v 0.269952 0.141844 0.013517
v 0.266867 0.133530 0.026080
v 0.264014 0.124122 0.057068
v 0.273604 0.173475 -0.011576
v 0.255997 0.094218 0.082906
v 0.252476 0.076589 0.101761
v 0.248386 0.051493 0.123231
v 0.270295 0.179764 -0.026968
v 0.269898 0.196074 -0.019399
v 0.270969 0.154263 -0.003074
v 0.269840 0.163441 -0.017663
v 0.267983 0.207200 -0.002181
v 0.265236 0.207472 0.018033
v 0.264986 0.197691 -0.036598
v 0.264805 0.131168 0.016357
v 0.265830 0.172499 -0.035831
v 0.264528 0.129841 0.035335
v 0.259192 0.114672 0.054148
v 0.258926 0.119387 0.034407
v 0.257917 0.105597 0.068934
v 0.256744 0.119168 0.039347
v 0.262646 0.139722 -0.007652
v 0.263565 0.151323 -0.020428
v 0.260059 0.189050 -0.047827
v 0.262300 0.214069 -0.020646
v 0.261071 0.199396 0.052704
v 0.262331 0.214655 0.016139
v 0.259878 0.208874 0.039658
v 0.260868 0.205909 -0.037630
v 0.253007 0.122149 -0.001391
v 0.258349 0.221587 0.000175
v 0.241644 0.083298 0.149850
v 0.258582 0.174143 -0.047086
v 0.252607 0.116365 0.015424
v 0.253875 0.143761 -0.029399
v 0.252200 0.129039 -0.012802
v 0.254914 0.220546 0.020744
v 0.251598 0.157649 -0.042838
v 0.249228 0.110606 0.032793
v 0.251290 0.225219 -0.019721
v 0.256080 0.213302 -0.033680
v 0.245884 0.057312 0.135667
v 0.244101 0.066687 0.143948
v 0.238785 0.075927 0.149493
v 0.252017 0.192091 0.066110
v 0.236248 0.193845 0.069456
v 0.236518 0.169084 0.086911
v 0.250759 0.182937 0.072565
v 0.258092 0.184298 0.069841
v 0.248166 0.207173 0.052474
v 0.234474 0.211181 0.052657
v 0.221166 0.169330 0.086343
v 0.218951 0.207995 0.054152
v 0.217923 0.190660 0.069628
v 0.222434 0.164439 0.088536
v 0.236378 0.149836 0.100500
v 0.221338 0.133032 0.113024
v 0.233593 0.116399 0.127376
v 0.220352 0.117070 0.127639
v 0.217327 0.103402 0.142766
v 0.233529 0.093066 0.150135
v 0.224584 0.091076 0.150295
v 0.248406 0.130539 0.109813
v 0.254767 0.149799 0.091839
v 0.260438 0.171623 0.074486
v 0.247499 0.116924 0.120055
v 0.244023 0.100616 0.135498
v 0.263559 0.179211 0.068052
v 0.261071 0.199396 0.052704
v 0.245856 0.216478 0.039379
v 0.235142 0.220443 0.036730
v 0.259878 0.208874 0.039658
v 0.241644 0.083298 0.149850
v 0.216631 0.218309 0.037914
v 0.254914 0.220546 0.020744
v 0.248181 0.223475 0.019365
v 0.237575 0.224440 0.023535
v 0.209450 0.165977 0.083061
v 0.214941 0.096180 0.144978
v 0.200798 0.199453 0.051058
v 0.203841 0.175612 0.071692
v 0.196948 0.211014 0.029955
v 0.203906 0.216393 0.026624
v 0.211187 0.221197 0.020532
v 0.212218 0.161583 0.084340
v 0.238191 0.225968 0.011281
v 0.247551 0.228085 0.003411
v 0.189949 0.178149 0.054696
v 0.252167 0.129571 0.106105
v 0.236220 0.080296 0.149559
v 0.238785 0.075927 0.149493
v 0.247140 0.075874 0.146685
v 0.258349 0.221587 0.000175
v 0.234523 0.224069 -0.015206
v 0.228782 0.222338 -0.003155
v 0.225449 0.222221 -0.013154
v 0.231470 0.225076 -0.022884
v 0.221368 0.221841 -0.024645
v 0.221964 0.222493 0.008213
v 0.244930 0.225643 -0.016298
v 0.251290 0.225219 -0.019721
v 0.226523 0.222893 -0.029735
v -0.246763 -0.239546 -0.084073
v -0.246581 -0.253075 -0.095989
v -0.244489 -0.251911 -0.080181
v -0.242968 -0.232646 -0.062472
v -0.243040 -0.217314 -0.058765
v -0.242389 -0.268375 -0.097080
v -0.238174 -0.249470 -0.061187
v -0.236587 -0.281459 -0.094606
v -0.235801 -0.271662 -0.075839
v -0.234730 -0.233116 -0.046865
v -0.229330 -0.263607 -0.056018
v -0.235601 -0.203671 -0.042002
v -0.226801 -0.213250 -0.029954
v -0.222335 -0.254792 -0.041792
v -0.219430 -0.239597 -0.030684
v -0.239925 -0.192236 -0.056428
v -0.243736 -0.217093 -0.080281
v -0.234813 -0.285846 -0.114100
v -0.239695 -0.273564 -0.115571
v -0.211539 -0.221726 -0.018621
v -0.245138 -0.236232 -0.096768
v -0.243363 -0.250555 -0.110155
v -0.239371 -0.193777 -0.069018
v -0.239023 -0.265682 -0.121081
v -0.239273 -0.199863 -0.080950
v -0.240397 -0.218612 -0.098761
v -0.239974 -0.209317 -0.088942
v -0.231488 -0.275889 -0.134528
v -0.232929 -0.266706 -0.132978
v -0.238164 -0.230911 -0.112080
v -0.236060 -0.251489 -0.124707
v -0.222835 -0.292468 -0.131460
v -0.038352 0.069750 -0.134437
v -0.018407 0.046588 -0.143188
v -0.045945 0.047343 -0.142366
v -0.061710 0.055611 -0.141030
v -0.053082 0.087723 -0.132002
v -0.037943 0.083991 -0.131191
v -0.068459 0.070689 -0.135741
v -0.069525 0.039576 -0.147007
v -0.064647 0.090456 -0.130829
v -0.056238 0.102639 -0.126419
v -0.026908 0.094662 -0.129726
v -0.009823 0.102320 -0.126336
v -0.005381 0.083916 -0.132621
v -0.015820 0.073938 -0.135572
v -0.003056 0.063393 -0.138033
v 0.002162 0.032014 -0.147712
v -0.030868 0.071044 -0.135556
v -0.003337 0.024003 -0.151762
v -0.024356 0.024860 -0.149161
v -0.031894 0.008929 -0.154457
v 0.001390 0.009385 -0.155793
v -0.050689 0.043289 -0.141413
v -0.049576 0.023281 -0.149892
v -0.072978 0.014947 -0.158128
v -0.049431 0.009487 -0.154402
v -0.040318 0.024027 -0.144934
v -0.028844 0.039723 -0.139987
v -0.038305 0.041794 -0.138160
v -0.042521 0.008017 -0.149912
v -0.004203 0.095269 -0.126460
v -0.146487 0.220200 -0.001861
v -0.145249 0.247312 -0.011811
v -0.145279 0.237105 -0.022754
v -0.145583 0.229182 0.002077
v -0.147004 0.243694 0.009447
v -0.148650 0.259282 -0.000095
v -0.141817 0.252759 -0.022644
v -0.139358 0.264476 -0.018735
v -0.147326 0.271187 -0.001385
v -0.140575 0.284102 -0.006238
v -0.140232 0.229221 0.022315
v -0.146363 0.203228 0.015561
v -0.142309 0.237268 0.014477
v -0.141884 0.199175 0.033515
v -0.139542 0.224853 0.027630
v -0.138753 0.204086 0.046567
v -0.135576 0.190721 0.054837
v -0.135747 0.201163 0.067577
v -0.131027 0.191197 0.076833
v -0.133975 0.202430 0.077088
v -0.151429 0.212098 -0.009172
v -0.143948 0.277657 -0.021996
v -0.145016 0.272009 -0.027232
v -0.148187 0.254049 -0.032946
v -0.148557 0.261961 -0.041249
v -0.151276 0.249867 -0.041137
v -0.151401 0.238846 -0.031477
v -0.153434 0.227575 -0.028992
v -0.124834 0.168733 0.069073
v -0.131727 0.176247 0.049705
v -0.138792 0.190871 0.027176
v -0.129623 0.206603 0.087630
v -0.132206 0.173641 0.029791
v -0.135529 0.180247 -0.000730
v -0.139665 0.214177 0.040174
v -0.139661 0.206165 0.051449
v -0.125807 0.160942 0.042332
v -0.142264 0.196054 -0.001042
v -0.127660 0.164364 0.021944
v -0.127014 0.156677 0.037207
v -0.121611 0.151434 0.052848
v -0.118866 0.155095 0.063281
v -0.115139 0.147685 0.070719
v -0.124093 0.156160 0.011130
v -0.125587 0.161956 -0.004041
v -0.144163 0.203350 -0.020584
v -0.112376 0.151013 0.078078
v -0.143666 0.205055 -0.033469
v -0.107808 0.145515 0.084638
v -0.119754 0.150933 -0.007312
v -0.131735 0.176750 -0.017628
v -0.116487 0.151401 -0.028340
v -0.125992 0.171820 -0.036659
v -0.135419 0.192707 -0.037778
v -0.116720 0.140903 0.022182
v -0.110071 0.133759 -0.002210
v -0.110283 0.138803 -0.019171
v -0.112715 0.135754 0.047452
v -0.106474 0.125163 0.024566
v -0.103157 0.119961 0.035378
v -0.105756 0.132355 0.070454
v -0.098646 0.115949 0.050080
v -0.128505 0.188191 -0.051226
v -0.143697 0.218260 -0.045615
v -0.115652 0.167042 0.087265
v -0.094685 0.115413 0.064272
v -0.108289 0.151185 -0.050649
v -0.097106 0.127809 0.082906
v -0.098656 0.141297 0.094066
v -0.087112 0.114294 0.078202
v -0.111667 0.170897 -0.064533
v -0.101926 0.125965 -0.002527
v -0.125017 0.197820 -0.063345
v -0.103579 0.133123 -0.018942
v -0.143575 0.238948 -0.051179
v -0.117773 0.194376 0.097827
v -0.106088 0.170473 0.101745
v -0.096841 0.150701 -0.067705
v -0.102921 0.140972 -0.038696
v -0.099156 0.143326 -0.051578
v -0.090734 0.113033 -0.031576
v -0.086774 0.126291 -0.056491
v -0.083896 0.111896 -0.049728
v -0.086826 0.092505 -0.033805
v -0.082005 0.088827 -0.051029
v -0.077527 0.116751 -0.065082
v -0.079047 0.138627 -0.080150
v -0.068655 0.098535 -0.079898
v -0.088166 0.146820 -0.071267
v -0.076120 0.092936 -0.064760
v -0.088441 0.081228 -0.033142
v -0.088441 0.155190 -0.080991
v -0.080636 0.149871 -0.081834
v -0.131487 0.226535 -0.064548
v -0.104719 0.182991 -0.079185
v -0.066992 0.119098 -0.082812
v -0.073740 0.127976 -0.077659
v -0.114732 0.202969 -0.076167
v -0.060616 0.100382 -0.090938
v -0.083789 0.173986 -0.092904
v -0.097388 0.193697 -0.087378
v -0.074538 0.159401 -0.094059
v -0.062919 0.137331 -0.089296
v -0.064476 0.149893 -0.094277
v -0.054715 0.120171 -0.092441
v -0.064555 0.156538 -0.095410
v -0.129555 0.250482 -0.064061
v -0.048186 0.103968 -0.100202
v -0.114521 0.223295 -0.077969
v -0.142066 0.263628 -0.048249
v -0.141904 0.273696 -0.049612
v -0.092854 0.205591 -0.091335
v -0.116728 0.240589 -0.075186
v -0.125927 0.267980 -0.058236
v -0.126835 0.278630 -0.060953
v -0.063987 0.162933 -0.099785
v -0.101532 0.228809 -0.085610
v -0.073753 0.185937 -0.099231
v -0.058890 0.170622 -0.102854
v -0.110046 0.274179 -0.064771
v -0.113136 0.283422 -0.068533
v -0.038601 0.130793 -0.098090
v -0.035708 0.113155 -0.105105
v -0.055023 0.142689 -0.093159
v -0.067780 0.052125 -0.117115
v -0.072385 0.041698 -0.125012
v -0.067777 0.034030 -0.121490
v -0.071289 0.026947 -0.125580
v -0.075990 0.008977 -0.137718
v -0.070831 0.001754 -0.132738
v -0.070239 0.060098 -0.127138
v -0.066335 0.090189 -0.117455
v -0.059767 0.069618 -0.107783
v -0.063231 0.089976 -0.111167
v -0.073393 0.036002 -0.143976
v -0.075948 0.013189 -0.154225
v -0.068459 0.070689 -0.135741
v -0.064647 0.090456 -0.130829
v -0.072869 0.002454 -0.141863
v -0.072978 0.014947 -0.158128
v -0.061020 0.095302 -0.120481
v -0.056238 0.102639 -0.126419
v -0.054820 0.104222 -0.120264
v -0.057254 0.091616 -0.107936
v -0.069525 0.039576 -0.147007
v -0.048172 0.101141 -0.110367
v -0.058131 0.053261 -0.110409
v -0.056187 0.042188 -0.114207
v -0.052648 0.032907 -0.115868
v -0.056085 0.014474 -0.123485
v -0.059540 -0.000114 -0.123710
v -0.053707 0.019462 -0.120648
v -0.052699 0.028976 -0.119181
v -0.084553 0.029669 -0.004772
v -0.093618 0.031951 0.001588
v -0.094108 0.006656 -0.002810
v -0.086385 0.060169 0.000713
v -0.093994 0.047986 0.003762
v -0.093152 0.065643 0.007511
v -0.110816 0.003617 0.000062
v -0.108138 0.048703 0.006002
v -0.105067 0.069230 0.008338
v -0.092590 -0.004192 -0.009753
v -0.113530 -0.004516 -0.005213
v -0.098439 -0.012976 -0.011799
v -0.112146 0.064685 0.005729
v -0.089637 -0.010930 -0.019164
v -0.087159 0.013770 -0.009673
v -0.090967 -0.015678 -0.024703
v -0.086894 0.001140 -0.017080
v -0.111106 0.034128 0.002699
v -0.114893 0.006322 -0.001176
v -0.088069 0.067541 -0.005043
v 0.153017 -0.498351 0.285827
v 0.157780 -0.499113 0.273518
v 0.163896 -0.498192 0.302710
v 0.173251 -0.498360 0.283101
v 0.166422 -0.499327 0.263108
v 0.184036 -0.499333 0.262808
v 0.193542 -0.499125 0.276136
v 0.181746 -0.498570 0.291425
v 0.195004 -0.498470 0.295525
v 0.183154 -0.498198 0.307599
v 0.212688 -0.499482 0.280019
v 0.142358 -0.498605 0.276126
v 0.144425 -0.498410 0.301861
v 0.155396 -0.499114 0.244866
v 0.192761 -0.499228 0.247562
v 0.138738 -0.499466 0.240753
v 0.209701 -0.499268 0.259863
v 0.221743 -0.499196 0.244103
v 0.219630 -0.499758 0.290895
v 0.226473 -0.500349 0.260122
v 0.226683 -0.500164 0.275031
v 0.214178 -0.499971 0.307627
v 0.130383 -0.499879 0.252117
v 0.126261 -0.499967 0.273283
v 0.126014 -0.499834 0.264308
v 0.122952 -0.500106 0.289067
v 0.123881 -0.499025 0.304257
v 0.133057 -0.498535 0.277100
v 0.129150 -0.498535 0.276855
v 0.169602 -0.498298 0.240439
v 0.146704 -0.498477 0.238118
v 0.182120 -0.498087 0.242662
v 0.202049 -0.496195 0.321539
v 0.183824 -0.496905 0.318760
v 0.131714 -0.498047 0.275635
v 0.130737 -0.497803 0.275635
v 0.149298 -0.491961 0.320155
v 0.178801 -0.496493 0.307709
v 0.166032 -0.492449 0.322993
v 0.179974 -0.493084 0.321971
v 0.156372 -0.484992 0.341335
v 0.131161 -0.494570 0.307946
v 0.127047 -0.491659 0.317728
v 0.182075 -0.487380 0.335840
v 0.177832 -0.485537 0.341514
v 0.133877 -0.486849 0.329590
v 0.144066 -0.485029 0.336868
v 0.187983 -0.488745 0.336912
v 0.200027 -0.491108 0.328865
v 0.149062 -0.484076 0.331960
v -0.101425 -0.243597 -0.192322
v -0.092478 -0.263832 -0.173689
v -0.104015 -0.262763 -0.201280
v -0.109390 -0.248338 -0.207146
v -0.095723 -0.248636 -0.175320
v -0.101608 -0.279205 -0.190590
v -0.094636 -0.277853 -0.175307
v -0.101607 -0.305206 -0.180427
v -0.111502 -0.304340 -0.199760
v -0.108886 -0.320409 -0.188300
v -0.112360 -0.283916 -0.205891
v -0.116858 -0.279606 -0.214727
v -0.116849 -0.264048 -0.217808
v -0.094435 -0.295603 -0.162539
v -0.088939 -0.282313 -0.149259
v -0.105500 -0.324029 -0.173408
v -0.113452 -0.337006 -0.186267
v -0.117474 -0.334243 -0.201314
v -0.121867 -0.351313 -0.193929
v -0.090025 -0.266478 -0.160115
v -0.092988 -0.299719 -0.146352
v -0.098217 -0.311396 -0.153578
v -0.129618 -0.281502 -0.228667
v -0.112692 -0.310416 -0.215298
v -0.114008 -0.293698 -0.216302
v -0.113294 -0.326947 -0.221851
v -0.114525 -0.312465 -0.234281
v -0.117757 -0.302668 -0.233541
v -0.111743 -0.325503 -0.234006
v -0.115184 -0.326274 -0.251886
v -0.120811 -0.351428 -0.210765
v -0.124524 -0.364888 -0.207318
v -0.096945 -0.241465 -0.161774
v -0.116359 -0.344177 -0.219445
v -0.092381 -0.262927 -0.138255
v -0.104107 -0.226433 -0.176233
v -0.109110 -0.334892 -0.243220
v -0.110964 -0.342322 -0.236754
v -0.121462 -0.372767 -0.228783
v -0.124235 -0.382593 -0.227524
v -0.093207 -0.283278 -0.135083
v -0.114058 -0.360739 -0.236128
v -0.105038 -0.365626 -0.255853
v -0.108748 -0.229650 -0.193433
v -0.098528 -0.370982 -0.274759
v -0.106582 -0.342312 -0.268778
v -0.100675 -0.366132 -0.285654
v -0.111610 -0.326909 -0.254079
v -0.097847 -0.378877 -0.271167
v -0.092116 -0.395592 -0.277558
v -0.092955 -0.373482 -0.286853
v -0.091318 -0.390668 -0.285208
v -0.094367 -0.380783 -0.295540
v -0.115214 -0.383898 -0.246640
v -0.118591 -0.398966 -0.245037
v -0.105371 -0.387534 -0.261461
v -0.095982 -0.401037 -0.272641
v -0.114059 -0.408409 -0.253024
v -0.101208 -0.370132 -0.296895
v -0.108184 -0.353783 -0.283401
v -0.116730 -0.330463 -0.268412
v -0.201846 0.312195 0.086302
v -0.199609 0.315908 0.066894
v -0.215416 0.295028 0.075780
v -0.213544 0.297043 0.087894
v -0.207573 0.302795 0.051980
v -0.191803 0.320077 0.044813
v -0.217110 0.287989 0.058044
v -0.188012 0.327599 0.069094
v -0.175859 0.334804 0.044962
v -0.225057 0.276447 0.090379
v -0.224199 0.273931 0.067743
v -0.218660 0.282786 0.103943
v -0.208490 0.298669 0.101679
v -0.184869 0.327307 0.086887
v -0.195396 0.314303 0.098785
v -0.172920 0.338298 0.063525
v -0.171908 0.336399 0.085056
v -0.179625 0.326909 0.035645
v -0.175622 0.328901 0.100942
v -0.229094 0.255377 0.105351
v -0.220807 0.266666 0.118035
v -0.209306 0.286807 0.115547
v -0.227029 0.251336 0.116760
v -0.188618 0.312674 0.111678
v -0.197731 0.299582 0.116367
v -0.229871 0.254545 0.091771
v -0.228478 0.258912 0.079524
v -0.221769 0.248230 0.128173
v -0.196894 0.308482 0.039206
v -0.159877 0.342448 0.072174
v -0.164569 0.334548 0.098830
v -0.159705 0.340488 0.087319
v -0.159193 0.341618 0.046036
v -0.209292 0.264938 0.131384
v -0.201724 0.283102 0.124895
v -0.169883 0.322257 0.113294
v -0.155527 0.328916 0.111874
v -0.176162 0.298325 0.130798
v -0.189548 0.280419 0.134937
v -0.156982 0.313409 0.127044
v -0.148544 0.337287 0.099187
v -0.176576 0.279446 0.141683
v -0.193760 0.260816 0.141678
v -0.160846 0.296419 0.136611
v -0.149106 0.340161 0.090132
v -0.155128 0.342662 0.073059
v -0.141291 0.314233 0.126409
v -0.143963 0.327858 0.112430
v -0.209165 0.249922 0.134561
v -0.127190 0.314866 0.118633
v -0.215512 0.245402 0.130677
v -0.223609 0.209644 0.074083
v -0.224338 0.192568 0.068280
v -0.230800 0.191123 0.088045
v -0.217396 0.213461 0.056363
v -0.220338 0.222295 0.072821
v -0.230501 0.200466 0.096296
v -0.234893 0.192835 0.106584
v -0.233888 0.161466 0.090477
v -0.220456 0.227434 0.084949
v -0.229555 0.209357 0.110032
v -0.232880 0.205036 0.123172
v -0.239311 0.181937 0.118004
v -0.235824 0.183478 0.102726
v -0.237093 0.163435 0.102547
v -0.232260 0.188750 0.097761
v -0.232186 0.179138 0.091698
v -0.234126 0.171743 0.096607
v -0.239040 0.167662 0.116961
v -0.218921 0.232817 0.094632
v -0.226873 0.218522 0.123947
v -0.222993 0.179488 0.066063
v -0.212704 0.204298 0.047893
v -0.225574 0.220008 0.128489
v -0.220103 0.230653 0.119280
v -0.215231 0.240574 0.111017
v -0.218812 0.240901 0.093605
v -0.223506 0.235317 0.079408
v -0.220541 0.246303 0.075848
v -0.224714 0.228068 0.070574
v -0.216624 0.247588 0.054909
v -0.223269 0.222886 0.059980
v -0.215241 0.232272 0.042699
v -0.211327 0.247947 0.040583
v -0.216716 0.214532 0.045560
v -0.207839 0.232729 0.029834
v -0.205184 0.246713 0.029471
v -0.208567 0.206666 0.034180
v -0.234677 0.155214 0.113558
v -0.219409 0.219447 0.063179
v -0.232324 0.150009 0.104842
v -0.218248 0.257552 0.047159
v -0.219175 0.165805 0.067158
v -0.211951 0.254422 0.033108
v -0.222892 0.255386 0.060789
v -0.228993 0.151142 0.091895
v -0.206145 0.184634 0.046634
v -0.206220 0.203399 0.039807
v -0.220295 0.152790 0.078040
v -0.205472 0.252404 0.020552
v -0.225557 0.250469 0.081927
v -0.228478 0.258912 0.079524
v -0.229871 0.254545 0.091771
v -0.225088 0.245614 0.095627
v -0.226210 0.245265 0.112769
v -0.229094 0.255377 0.105351
v -0.227029 0.251336 0.116760
v -0.221769 0.248230 0.128173
v -0.199428 0.198684 0.036834
v -0.229687 0.149531 0.116997
v -0.199193 0.202971 0.030539
v -0.221552 0.242432 0.119905
v -0.222146 0.140099 0.105647
v -0.222153 0.143102 0.119103
v -0.018474 0.351321 0.015400
v -0.031854 0.357447 0.021457
v -0.003550 0.357221 0.023629
v 0.009811 0.351668 0.015336
v -0.017466 0.341322 -0.002090
v 0.010434 0.341344 -0.001987
v -0.011077 0.334829 -0.013721
v 0.010787 0.335674 -0.011830
v 0.010723 0.330536 -0.020299
v -0.021331 0.324919 -0.033974
v -0.034660 0.328814 -0.026666
v -0.032431 0.335882 -0.014905
v 0.008665 0.327355 -0.026937
v 0.006660 0.323637 -0.034331
v -0.032931 0.346681 0.003784
v -0.000836 0.321084 -0.040963
v -0.035296 0.325617 -0.034147
v -0.049592 0.331722 -0.016804
v -0.049812 0.338609 -0.004569
v -0.047548 0.348661 0.012239
v -0.072451 0.335988 -0.008394
v -0.066690 0.343378 0.004419
v -0.068077 0.325142 -0.025270
v -0.042123 0.318669 -0.039491
v -0.065831 0.321748 -0.031752
v -0.062933 0.311077 -0.046321
v -0.044948 0.313055 -0.047131
v -0.050401 0.359037 0.024932
v -0.059033 0.356453 0.020813
v -0.060879 0.303702 -0.053992
v -0.048312 0.298815 -0.061863
v -0.059233 0.361640 0.026077
v -0.061675 0.296669 -0.060291
v 0.016352 0.363811 0.023012
v 0.008166 0.321176 -0.048167
v -0.049347 0.283485 -0.070988
v -0.071581 0.289977 -0.062815
v -0.067458 0.274133 -0.072653
v -0.090510 0.282843 -0.066974
v -0.087543 0.263426 -0.079768
v -0.110046 0.274179 -0.064771
v -0.043397 0.284782 -0.073393
v -0.041468 0.307660 -0.059409
v -0.033123 0.298129 -0.067794
v -0.029188 0.306770 -0.063743
v -0.022339 0.319034 -0.052604
v -0.012702 0.315580 -0.058353
v -0.014481 0.320817 -0.049560
v 0.008496 0.317957 -0.050606
v -0.038758 0.318278 -0.050826
v -0.017215 0.323290 -0.043319
v -0.104750 0.251281 -0.078169
v -0.072940 0.361426 0.016984
v -0.073794 0.369602 0.032383
v -0.085934 0.362560 0.018557
v -0.085215 0.352808 -0.000111
v -0.085307 0.371909 0.037344
v -0.072951 0.352079 0.002098
v -0.076599 0.345338 -0.007251
v -0.096529 0.347732 -0.015527
v -0.078198 0.337394 -0.016980
v -0.098491 0.333885 -0.030594
v -0.087212 0.329969 -0.029970
v -0.089064 0.316158 -0.047759
v -0.097091 0.315804 -0.047888
v -0.092299 0.305719 -0.054993
v -0.100236 0.373627 0.028542
v -0.096270 0.377325 0.044741
v -0.100969 0.359911 -0.003262
v -0.100874 0.368232 0.012045
v -0.113349 0.369262 0.034292
v -0.088073 0.240835 -0.088637
v -0.129555 0.250482 -0.064061
v -0.125927 0.267980 -0.058236
v -0.088261 0.378117 0.040179
v -0.142066 0.263628 -0.048249
v -0.116728 0.240589 -0.075186
v -0.101532 0.228809 -0.085610
v -0.094287 0.383302 0.044170
v -0.080014 0.220675 -0.094959
v -0.092854 0.205591 -0.091335
v -0.021804 0.328543 -0.051992
v -0.036716 0.330394 -0.047401
v -0.023646 0.332030 -0.044679
v -0.019141 0.329993 -0.048869
v -0.073753 0.185937 -0.099231
v -0.083508 0.393433 0.038478
v -0.059218 0.390762 0.022981
v -0.063785 0.402829 0.031911
v -0.053351 0.406256 0.028782
v -0.048292 0.391174 0.017342
v -0.034428 0.393349 0.012939
v -0.115322 -0.402857 -0.318683
v -0.103115 -0.399972 -0.311137
v -0.109134 -0.424248 -0.326023
v -0.092456 -0.426146 -0.314521
v -0.094454 -0.441909 -0.326375
v -0.110331 -0.441502 -0.333727
v -0.083504 -0.442748 -0.314500
v -0.093439 -0.399984 -0.299659
v -0.079528 -0.447313 -0.315286
v -0.112313 -0.428420 -0.328634
v -0.110574 -0.395286 -0.309616
v -0.129890 -0.418716 -0.326103
v -0.125373 -0.443349 -0.335898
v -0.133428 -0.405988 -0.320436
v -0.126669 -0.400176 -0.316790
v -0.125980 -0.388430 -0.306886
v -0.114320 -0.388572 -0.304305
v -0.102846 -0.391941 -0.297453
v -0.104501 -0.387282 -0.298480
v -0.090287 -0.444498 -0.328797
v -0.109112 -0.444753 -0.338413
v -0.099480 -0.460307 -0.336364
v -0.110928 -0.463029 -0.340698
v -0.109563 -0.475598 -0.339856
v -0.098679 -0.475638 -0.335052
v -0.143913 -0.397080 -0.310938
v -0.135630 -0.388345 -0.307002
v -0.146102 -0.384477 -0.308910
v -0.151121 -0.408367 -0.314369
v -0.148680 -0.388132 -0.314228
v -0.163428 -0.373965 -0.301937
v -0.149082 -0.395990 -0.317479
v -0.153611 -0.402899 -0.318202
v 0.145769 0.001458 -0.033755
v 0.142085 0.003005 -0.004778
v 0.127724 0.004121 -0.007894
v 0.129502 0.002840 -0.023826
v 0.115974 0.002025 -0.044314
v 0.145541 0.006293 0.005740
v 0.126696 0.009011 0.015032
v 0.118694 0.006057 -0.024687
v 0.122917 0.005986 -0.017636
v 0.113586 0.000122 -0.049598
v 0.138981 0.001696 -0.050003
v 0.138077 0.002107 -0.057339
v 0.119923 0.000883 -0.056818
v 0.150972 0.005412 -0.006570
v 0.133880 0.010423 0.016074
v 0.130313 0.011929 0.029589
v 0.121405 0.009165 0.030008
v 0.117693 0.011457 0.003272
v 0.114312 0.010192 0.025469
v 0.124652 0.010865 0.036914
v 0.119191 0.009662 -0.012071
v 0.115113 0.006373 0.029612
v 0.153304 0.005716 -0.020759
v 0.144838 0.003661 -0.045392
v 0.117109 0.007081 0.040562
v 0.116352 0.006670 0.045420
v 0.152140 0.005362 -0.035259
v 0.131179 0.003896 -0.060838
v 0.118449 0.010619 0.045896
v 0.110910 0.005685 -0.050575
v 0.146104 -0.444483 0.233194
v 0.139512 -0.461249 0.234195
v 0.137452 -0.454613 0.248022
v 0.148572 -0.454835 0.220864
v 0.142511 -0.445605 0.250137
v 0.147854 -0.438981 0.233201
v 0.154382 -0.425512 0.226675
v 0.152996 -0.429976 0.221118
v 0.153705 -0.437923 0.207881
v 0.152363 -0.450034 0.205561
v 0.154452 -0.443723 0.194381
v 0.138520 -0.450149 0.262085
v 0.129839 -0.472492 0.263247
v 0.127424 -0.467983 0.289533
v 0.125337 -0.485169 0.279236
v 0.123633 -0.481646 0.295443
v 0.135123 -0.477392 0.244047
v 0.124809 -0.488208 0.262414
v 0.132619 -0.485368 0.244965
v 0.127987 -0.467423 0.313411
v 0.130400 -0.461360 0.302465
v 0.136639 -0.454028 0.278410
v 0.150492 -0.434978 0.256012
v 0.127058 -0.475120 0.320019
v 0.121752 -0.484680 0.312565
v 0.120836 -0.485710 0.291089
v 0.137571 -0.453714 0.323596
v 0.144412 -0.443932 0.271200
v 0.139110 -0.450377 0.298697
v 0.140095 -0.467138 0.237446
v 0.154748 -0.455547 0.192723
v 0.155916 -0.450497 0.176118
v 0.145673 -0.445306 0.289239
v 0.154454 -0.474678 0.201827
v 0.152646 -0.466222 0.208102
v 0.148238 -0.463598 0.221822
v 0.155636 -0.488093 0.202444
v 0.152031 -0.482161 0.221430
v 0.130383 -0.499879 0.252117
v 0.159258 -0.470315 0.184588
v 0.154793 -0.478303 0.175110
v 0.159279 -0.470015 0.176150
v 0.155000 -0.477473 0.164578
v 0.159151 -0.457462 0.187916
v 0.159464 -0.452818 0.180234
v 0.160555 -0.461909 0.170789
v 0.156829 -0.499000 0.167644
v 0.159680 -0.498392 0.154831
v 0.157135 -0.478150 0.154180
v 0.155517 -0.464919 0.153461
v 0.154680 -0.460850 0.166943
v 0.153840 -0.443101 0.165126
v 0.157931 -0.429681 0.151791
v 0.154888 -0.425609 0.168618
v 0.159908 -0.416584 0.159433
v 0.154303 -0.436794 0.172009
v 0.165962 -0.410933 0.151230
v 0.126014 -0.499834 0.264308
v 0.122952 -0.500106 0.289067
v 0.161503 -0.462648 0.143079
v 0.157139 -0.498534 0.200578
v 0.153932 -0.443655 0.179436
v 0.123881 -0.499025 0.304257
v 0.144724 -0.482555 0.235152
v 0.163516 -0.478675 0.144513
v 0.167345 -0.496992 0.143298
v 0.138738 -0.499466 0.240753
v 0.168649 -0.475205 0.137785
v 0.172483 -0.424315 0.139862
v 0.167534 -0.459594 0.137771
v 0.136176 -0.467664 0.331356
v 0.156893 -0.429035 0.254703
v 0.160831 -0.419698 0.235587
v 0.158965 -0.420093 0.230893
v 0.178717 -0.497408 0.135945
v 0.183191 -0.481222 0.131379
v 0.127047 -0.491659 0.317728
v 0.133877 -0.486849 0.329590
v 0.157269 -0.435717 0.273350
v 0.153751 -0.442274 0.290312
v 0.166858 -0.416656 0.238393
v 0.167501 -0.422245 0.252546
v 0.144828 -0.450618 0.321950
v 0.157859 -0.444843 0.309658
v 0.146253 -0.451465 0.331464
v 0.157568 -0.449796 0.334134
v 0.166738 -0.440478 0.294753
v 0.170462 -0.431231 0.271824
v -0.094556 0.037865 -0.062852
v -0.090984 0.029463 -0.072493
v -0.098829 0.015685 -0.060771
v -0.083087 0.043934 -0.082939
v -0.081809 0.030304 -0.093043
v -0.093261 0.007953 -0.081388
v -0.101287 0.002539 -0.063234
v -0.083305 0.010419 -0.098225
v -0.093911 -0.012303 -0.096758
v -0.074242 0.044775 -0.095270
v -0.103303 -0.012353 -0.081715
v -0.107761 -0.009489 -0.062149
v -0.094329 0.057769 -0.062295
v -0.076065 -0.009108 -0.113036
v -0.069588 0.011772 -0.110994
v -0.094173 -0.034517 -0.108358
v -0.057779 0.043913 -0.108897
v -0.059540 -0.000114 -0.123710
v -0.065128 -0.021102 -0.124784
v -0.075991 -0.028922 -0.119027
v -0.056167 0.018708 -0.117650
v -0.053707 0.019462 -0.120648
v -0.052648 0.032907 -0.115868
v -0.096377 -0.056285 -0.115448
v -0.108020 -0.028538 -0.095207
v -0.108671 -0.003842 -0.060573
v -0.102855 -0.045130 -0.107706
v -0.116596 -0.010368 -0.057186
v -0.110566 -0.036083 -0.100870
v -0.107444 -0.014937 -0.081299
v -0.079469 0.050358 -0.092676
v -0.079214 0.071446 -0.084934
v -0.067865 0.070567 -0.099876
v -0.092408 0.081932 -0.058149
v -0.071168 0.050521 -0.101354
v -0.080193 0.087980 -0.079120
v -0.066295 0.092345 -0.099199
v -0.059767 0.069618 -0.107783
v -0.057254 0.091616 -0.107936
v -0.059049 0.097695 -0.103073
v -0.048172 0.101141 -0.110367
v -0.058131 0.053261 -0.110409
v -0.056187 0.042188 -0.114207
v -0.052699 0.028976 -0.119181
v -0.115088 0.011547 -0.057554
v -0.109045 0.022515 -0.060556
v -0.113797 0.031434 -0.058502
v -0.110905 0.036976 -0.063051
v -0.115315 0.040274 -0.058786
v -0.110438 0.053324 -0.063187
v -0.114333 0.069707 -0.058417
v -0.108062 0.076614 -0.060123
v -0.111671 0.081581 -0.056290
v -0.056085 0.014474 -0.123485
v -0.141550 0.172013 0.252018
v -0.129933 0.177712 0.248852
v -0.136576 0.177376 0.266112
v -0.144725 0.164166 0.234985
v -0.131411 0.183732 0.269747
v -0.134848 0.173521 0.234441
v -0.138786 0.170159 0.215317
v -0.149130 0.158843 0.199960
v -0.157837 0.150992 0.212787
v -0.156109 0.150574 0.189668
v -0.123695 0.184140 0.245354
v -0.130818 0.179935 0.227979
v -0.148342 0.162233 0.183858
v -0.152204 0.155262 0.161771
v -0.158418 0.146066 0.165664
v -0.170039 0.137373 0.172924
v -0.160716 0.144793 0.154734
v -0.171928 0.134965 0.154284
v -0.169466 0.145189 0.198530
v -0.166412 0.148560 0.208274
v -0.175467 0.136648 0.140639
v -0.167616 0.147195 0.133222
v -0.174425 0.141510 0.129178
v -0.181449 0.136116 0.125141
v -0.186580 0.130217 0.137818
v -0.186338 0.129274 0.150735
v -0.186866 0.131588 0.164253
v -0.158206 0.157173 0.136483
v -0.145035 0.166953 0.199891
v -0.123960 0.190651 0.251006
v -0.119156 0.193732 0.241815
v -0.200740 0.127656 0.155426
v -0.202184 0.126245 0.138758
v -0.191116 0.130984 0.123987
v -0.204728 0.128220 0.123887
v -0.193272 0.135241 0.179421
v -0.193214 0.141080 0.193386
v -0.219475 0.126394 0.136462
v -0.160243 0.168866 0.246660
v -0.191663 0.149310 0.208659
v -0.221272 0.128373 0.149588
v -0.174591 0.157806 0.224971
v -0.221800 0.132267 0.162526
v -0.221229 0.138333 0.176188
v -0.156195 0.174462 0.255463
v -0.143565 0.181582 0.273152
v -0.144578 0.189170 0.280302
v -0.213000 0.141159 0.182617
v -0.206150 0.146315 0.196886
v -0.210833 0.129072 0.123315
v -0.220401 0.129887 0.119939
v -0.232909 0.131064 0.135731
v -0.223241 0.150902 0.191243
v -0.180977 0.167184 0.232599
v -0.204913 0.154974 0.208347
v -0.233666 0.134242 0.122381
v 0.146766 -0.105535 0.119817
v 0.143918 -0.109954 0.149347
v 0.145897 -0.123326 0.125207
v 0.147469 -0.096610 0.105076
v 0.149317 -0.140822 0.149018
v 0.149059 -0.127776 0.163753
v 0.155397 -0.149911 0.177804
v 0.149970 -0.130309 0.188015
v 0.156051 -0.148558 0.192897
v 0.158812 -0.165179 0.191126
v 0.142774 -0.108846 0.165469
v 0.142680 -0.113275 0.175575
v 0.141788 -0.104018 0.182652
v 0.144424 -0.113373 0.184882
v 0.141788 -0.115158 0.195895
v 0.142939 -0.124990 0.204428
v 0.143716 -0.102911 0.159349
v 0.142944 -0.101685 0.163452
v 0.142348 -0.097015 0.162201
v 0.153105 -0.164459 0.205059
v 0.151392 -0.160691 0.163421
v 0.148080 -0.151092 0.145508
v 0.143805 -0.140591 0.122021
v 0.143470 -0.121166 0.101745
v 0.141184 -0.111373 0.076247
v 0.146463 -0.092774 0.096044
v 0.142038 -0.091436 0.072397
v 0.143311 -0.104492 0.166748
v 0.136472 -0.092323 0.054702
v 0.140172 -0.067230 0.059838
v 0.143408 -0.080142 0.075003
v 0.146369 -0.085263 0.085169
v 0.146219 -0.107270 0.138932
v 0.151629 -0.176857 0.174228
v 0.158035 -0.174235 0.189805
v 0.144043 -0.103027 0.165649
v 0.143677 -0.103210 0.164429
v 0.141936 -0.160300 0.136722
v 0.154913 -0.183090 0.190759
v 0.113698 -0.125439 0.235778
v 0.113937 -0.133810 0.246616
v 0.127555 -0.138947 0.235729
v 0.130893 -0.151822 0.248954
v 0.124093 -0.123902 0.218820
v 0.142391 -0.136314 0.210500
v 0.111115 -0.113172 0.220834
v 0.142094 -0.155323 0.234627
v 0.142202 -0.145970 0.219866
v 0.141756 -0.165292 0.243790
v 0.136224 -0.165935 0.254912
v 0.128049 -0.111561 0.208176
v 0.112753 -0.099595 0.210737
v 0.129613 -0.099196 0.195235
v 0.125655 -0.079083 0.178383
v 0.117964 -0.083281 0.193134
v 0.110463 -0.093895 0.210036
v 0.103859 -0.076646 0.199832
v 0.100154 -0.066082 0.192606
v 0.108388 -0.060550 0.177620
v 0.093252 -0.046079 0.175344
v 0.118106 -0.064091 0.166809
v 0.106716 -0.046907 0.154763
v 0.086264 -0.027306 0.147431
v 0.093478 -0.030946 0.144856
v 0.136885 -0.085473 0.160554
v 0.104852 -0.038217 0.137671
v 0.130695 -0.074146 0.153815
v 0.114346 -0.050651 0.140605
v 0.121944 -0.059808 0.142836
v 0.148638 -0.158109 0.215212
v 0.150222 -0.180636 0.237350
v 0.150628 -0.189952 0.245334
v 0.141228 -0.180183 0.259112
v 0.156432 -0.185425 0.226853
v 0.147951 -0.169592 0.230667
v 0.126929 -0.147362 0.256175
v 0.145316 -0.199389 0.259391
v 0.112890 -0.133028 0.248824
v 0.152232 -0.177732 0.208141
v 0.152901 -0.206253 0.237198
v 0.156326 -0.215070 0.228793
v 0.150002 -0.228191 0.242878
v 0.158908 -0.203997 0.217650
v 0.158570 -0.196645 0.205672
v 0.145001 -0.218846 0.256507
v 0.153987 -0.193035 0.192473
v 0.135446 -0.161315 0.259130
v 0.150446 -0.189618 0.188977
v 0.143068 -0.235730 0.253983
v 0.147423 -0.243657 0.257714
v 0.170989 -0.199280 0.202846
v 0.169478 -0.212413 0.221413
v 0.160836 -0.230633 0.240853
v 0.097600 -0.022518 0.142314
v 0.089351 -0.017975 0.143981
v 0.168656 -0.196490 0.197040
v 0.244248 0.088224 0.075530
v 0.248136 0.077619 0.093115
v 0.236965 0.080330 0.080503
v 0.235769 0.064389 0.099393
v 0.237297 0.094305 0.062669
v 0.252650 0.101092 0.066178
v 0.247487 0.060206 0.112160
v 0.231442 0.049897 0.112712
v 0.247524 0.110659 0.044060
v 0.235355 0.103137 0.046764
v 0.259192 0.114672 0.054148
v 0.255997 0.094218 0.082906
v 0.256744 0.119168 0.039347
v 0.252476 0.076589 0.101761
v 0.257917 0.105597 0.068934
v 0.248386 0.051493 0.123231
v 0.235967 0.046028 0.117666
v 0.264528 0.129841 0.035335
v 0.219092 0.070189 0.093140
v 0.220378 0.090097 0.069858
v 0.219046 0.054142 0.109518
v 0.218110 0.104758 0.048950
v 0.236110 0.103405 0.041172
v 0.221555 0.051853 0.115390
v 0.249228 0.110606 0.032793
v 0.238099 0.048632 0.122127
v 0.078812 0.369252 0.060930
v 0.091574 0.358434 0.067137
v 0.094447 0.361077 0.055904
v 0.114808 0.345821 0.067782
v 0.107948 0.356255 0.050053
v 0.083402 0.355335 0.082137
v 0.098259 0.345519 0.079537
v 0.111423 0.343143 0.076354
v 0.124336 0.347298 0.062244
v 0.125391 0.350198 0.054371
v 0.128903 0.352067 0.044347
v 0.123640 0.356369 0.034823
v 0.106532 0.343168 0.081811
v 0.103641 0.359221 0.039786
v 0.091658 0.363056 0.043235
v 0.081153 0.367265 0.044665
v 0.111654 0.359592 0.024616
v 0.088693 0.362519 0.031471
v 0.104619 0.358561 0.026407
v 0.079624 0.364819 0.029123
v 0.095262 0.354160 0.011641
v 0.106882 0.356975 0.015264
v 0.076045 0.353784 0.007816
v 0.118000 0.347730 0.071552
v 0.088629 0.342953 0.087995
v 0.100742 0.332212 0.089607
v 0.076115 0.351380 0.096872
v 0.065307 0.366483 0.097019
v 0.067000 0.378350 0.083199
v 0.052309 0.381129 0.098038
v 0.053791 0.392854 0.083654
v 0.061931 0.393294 0.069290
v 0.053052 0.400776 0.071242
v 0.052490 0.397105 0.058989
v 0.072563 0.379224 0.070920
v 0.042394 0.403347 0.049957
v 0.046624 0.397079 0.043455
v 0.046993 0.407486 0.071238
v 0.034564 0.413102 0.066847
v 0.030575 0.411625 0.055164
v 0.049554 0.396112 0.079925
v 0.010974 0.420317 0.060725
v 0.021644 0.411962 0.043928
v 0.033655 0.403192 0.034915
v 0.014494 0.409997 0.029869
v 0.063431 0.384890 0.056661
v 0.073266 0.377663 0.057955
v 0.074804 0.376596 0.044917
v 0.062876 0.381808 0.041794
v 0.053839 0.387333 0.046597
v 0.073352 0.375561 0.027698
v 0.005247 0.415720 0.040902
v 0.002801 0.420180 0.056646
v 0.045500 0.384663 0.036070
v -0.000973 0.411773 0.027207
v 0.053964 0.362472 0.110867
v -0.016393 0.420041 0.053777
v -0.016148 0.411926 0.026179
v 0.051248 0.376599 0.022512
v 0.072215 0.370767 0.014260
v 0.054919 0.369655 0.008764
v 0.072326 0.365872 0.004976
v 0.051837 0.367378 -0.001566
v 0.053239 0.362087 -0.012063
v 0.071590 0.358138 -0.007424
v 0.063889 0.356613 -0.013665
v 0.056699 0.355891 -0.023541
v -0.031914 0.413738 0.036818
v -0.033688 0.410705 0.027164
v 0.084561 0.346292 -0.001597
v 0.076762 0.341502 -0.011856
v 0.111643 0.352388 0.007028
v 0.114873 0.347112 -0.002354
v 0.039565 0.381799 0.031694
v 0.038590 0.393757 0.033415
v 0.017605 0.393505 0.018982
v 0.072076 0.347923 -0.013514
v 0.058734 0.344030 -0.026054
v 0.072759 0.333970 -0.031705
v 0.049908 0.337187 -0.039976
v 0.054649 0.322530 -0.052076
v 0.071344 0.319181 -0.045632
v 0.047129 0.329572 -0.047717
v 0.042996 0.318837 -0.062718
v 0.024812 0.325152 -0.057345
v 0.022680 0.334096 -0.046303
v 0.025661 0.338534 -0.036989
v 0.041967 0.338088 -0.037073
v 0.010863 0.334775 -0.044777
v 0.014940 0.340551 -0.031808
v 0.012196 0.330040 -0.051954
v -0.000725 0.394116 0.012493
v 0.070608 0.312306 -0.050692
v 0.050427 0.311575 -0.066162
v 0.016085 0.345909 -0.022963
v 0.108529 0.336472 -0.013024
v 0.040353 0.363669 -0.004706
v 0.118444 0.342387 -0.008076
v -0.021199 0.393406 0.011516
v -0.034428 0.393349 0.012939
v 0.124621 0.333664 -0.014173
v 0.040673 0.368856 0.015609
v 0.081776 0.338074 -0.008863
v 0.040115 0.355835 -0.017013
v 0.036056 0.349280 -0.033688
v 0.053489 0.348384 -0.034687
v 0.027623 0.344301 -0.032697
v 0.025952 0.348178 -0.023071
v 0.015711 0.351604 -0.004827
v 0.034070 0.354717 -0.003325
v 0.014059 0.356167 0.009199
v 0.036560 0.358022 0.002618
v 0.028675 0.364324 0.018893
v 0.016352 0.363811 0.023012
v 0.026754 0.369395 0.026956
v 0.039990 0.365610 0.009553
v -0.053351 0.406256 0.028782
v 0.111501 0.319404 -0.020930
v 0.121237 0.318000 -0.020982
v 0.125540 0.303195 -0.028076
v 0.133689 0.311202 -0.023270
v 0.134794 0.324579 -0.014714
v 0.144136 0.313310 -0.018234
v 0.146463 0.319625 -0.008935
v 0.153334 0.316467 -0.004028
v 0.162441 0.304811 -0.012494
v 0.172187 0.296518 -0.019241
v 0.149864 0.302831 -0.026712
v 0.164119 0.294223 -0.032407
v 0.175900 0.294544 -0.021920
v 0.182477 0.295469 -0.011732
v 0.173260 0.300124 0.003110
v 0.164464 0.306152 0.002366
v 0.152918 0.288979 -0.040420
v 0.157705 0.313666 0.002785
v 0.138232 0.296285 -0.034170
v 0.183836 0.294909 -0.023475
v 0.161317 0.289846 -0.042957
v 0.170347 0.294865 -0.034376
v 0.180368 0.287285 -0.039092
v 0.197760 0.287202 -0.029724
v 0.187934 0.281363 -0.043969
v 0.167481 0.276002 -0.051694
v 0.181839 0.266850 -0.057172
v 0.150073 0.280201 -0.049624
v 0.140694 0.322901 -0.011433
v 0.145194 0.281740 -0.044784
v 0.167153 0.261387 -0.059803
v 0.085564 0.329810 -0.013774
v 0.117867 0.287099 -0.032621
v 0.088751 0.316480 -0.018669
v 0.136728 0.270918 -0.048094
v 0.158447 0.258545 -0.058990
v 0.159668 0.257812 -0.059814
v 0.006088 0.381282 0.015792
v -0.011087 0.377213 0.014024
v 0.071160 0.307734 -0.040246
v 0.072551 0.315080 -0.032696
v 0.069628 0.299849 -0.048272
v 0.069163 0.302535 -0.057425
v 0.076101 0.326147 -0.021741
v 0.072416 0.294989 -0.061981
v 0.062318 0.301118 -0.065907
v 0.075419 0.294681 -0.048314
v 0.086374 0.287034 -0.059283
v 0.090636 0.302377 -0.033200
v 0.094663 0.307004 -0.020875
v 0.101773 0.292304 -0.034177
v 0.107260 0.282076 -0.039236
v 0.088796 0.288621 -0.045940
v 0.105066 0.278194 -0.052361
v 0.252200 0.129039 -0.012802
v 0.253007 0.122149 -0.001391
v 0.233586 0.118141 -0.002733
v 0.233147 0.128144 -0.018860
v 0.234639 0.138336 -0.031982
v 0.253875 0.143761 -0.029399
v 0.251598 0.157649 -0.042838
v 0.235278 0.155764 -0.045225
v 0.250871 0.167701 -0.050012
v 0.217703 0.127828 -0.017307
v 0.219506 0.118685 -0.002703
v 0.220453 0.138638 -0.030161
v 0.219549 0.159136 -0.045241
v 0.230464 0.173171 -0.054307
v 0.215693 0.168906 -0.050590
v 0.200279 0.134950 -0.018320
v 0.198676 0.164903 -0.042236
v 0.201141 0.122528 -0.002649
v 0.198008 0.146252 -0.025085
v 0.220904 0.111676 0.016328
v 0.234736 0.107915 0.024726
v 0.207791 0.116532 0.011553
v 0.221411 0.104879 0.041141
v 0.236110 0.103405 0.041172
v 0.252607 0.116365 0.015424
v 0.249228 0.110606 0.032793
v 0.218110 0.104758 0.048950
v 0.235355 0.103137 0.046764
v 0.186179 0.165447 -0.032215
v 0.188906 0.142898 -0.014661
v 0.184848 0.138096 -0.003004
v 0.211488 0.114307 0.032081
v 0.185016 0.151999 -0.015775
v 0.193274 0.126362 0.008277
v 0.201992 0.120399 0.021415
v 0.248844 0.178183 -0.053403
v 0.258582 0.174143 -0.047086
v 0.260059 0.189050 -0.047827
v 0.024367 -0.044041 0.118355
v 0.014409 -0.061775 0.110139
v 0.023157 -0.064407 0.140062
v 0.017977 -0.041795 0.089757
v 0.009727 -0.059793 0.083521
v 0.013317 -0.044196 0.078610
v 0.031719 -0.043295 0.135204
v 0.028329 -0.058242 0.146764
v 0.019712 -0.073865 0.144537
v 0.006916 -0.041824 0.061735
v -0.001369 -0.055849 0.055464
v 0.030105 -0.030276 0.108297
v 0.025329 -0.026395 0.080055
v 0.017974 -0.026637 0.062341
v 0.040727 -0.044265 0.153274
v 0.029053 -0.058194 0.156719
v 0.031652 -0.074459 0.176170
v 0.045450 -0.061748 0.188849
v 0.030983 -0.014740 0.069609
v 0.040455 -0.046294 0.159940
v 0.041595 -0.007339 0.077777
v 0.042908 -0.016496 0.103151
v 0.045310 -0.030486 0.139176
v 0.038455 -0.087210 0.195630
v 0.026205 -0.083525 0.166915
v 0.037322 -0.102296 0.200737
v 0.017382 -0.081665 0.131461
v 0.062686 -0.014724 0.134084
v 0.054168 -0.036100 0.157657
v 0.065012 -0.018116 0.143331
v 0.050251 -0.051473 0.178975
v 0.052970 -0.002806 0.086232
v 0.062257 -0.001758 0.099282
v 0.060554 0.004003 0.084411
v 0.059537 -0.029365 0.149506
v 0.046834 -0.074635 0.196098
v 0.062359 -0.036666 0.164057
v 0.066987 -0.046027 0.177712
v 0.052607 -0.089876 0.202868
v 0.050124 -0.115477 0.222027
v 0.038071 -0.110167 0.205983
v 0.044965 -0.125940 0.226329
v 0.064534 -0.102768 0.219761
v 0.058749 -0.124766 0.232700
v 0.076818 -0.125074 0.242271
v 0.050590 -0.139080 0.235173
v 0.066376 -0.138306 0.245073
v 0.078504 -0.135809 0.253449
v 0.070998 -0.141336 0.252442
v 0.064343 -0.152202 0.251712
v 0.057522 -0.148349 0.242248
v 0.072579 -0.098118 0.219008
v 0.050960 -0.000906 0.085158
v 0.071642 -0.078868 0.200532
v 0.067723 -0.063370 0.194057
v 0.081508 -0.070327 0.198443
v 0.089473 -0.088704 0.206277
v -0.233052 -0.442675 -0.228303
v -0.251593 -0.446051 -0.227355
v -0.233932 -0.445893 -0.216557
v -0.233723 -0.441497 -0.235955
v -0.221207 -0.443855 -0.219890
v -0.264081 -0.449764 -0.200048
v -0.267096 -0.448150 -0.222881
v -0.269026 -0.449879 -0.208131
v -0.249398 -0.451099 -0.197365
v -0.223167 -0.439351 -0.228116
v -0.221926 -0.450552 -0.207371
v -0.201201 -0.439390 -0.223703
v -0.204209 -0.448505 -0.215118
v -0.205163 -0.423787 -0.244667
v -0.203245 -0.430943 -0.233033
v -0.184217 -0.421021 -0.239323
v -0.190915 -0.411654 -0.258033
v -0.255294 -0.460071 -0.187787
v -0.204919 -0.418887 -0.258468
v -0.187180 -0.431019 -0.231969
v -0.222058 -0.430672 -0.255126
v -0.204269 -0.417245 -0.272737
v -0.191983 -0.409565 -0.270765
v -0.247710 -0.447131 -0.250753
v -0.234226 -0.440911 -0.253606
v -0.265666 -0.450269 -0.235716
v -0.217278 -0.427269 -0.271494
v -0.276474 -0.455691 -0.219577
v -0.236890 -0.445706 -0.268683
v -0.259346 -0.452087 -0.252030
v -0.198639 -0.416994 -0.285567
v -0.187412 -0.411645 -0.287883
v -0.250617 -0.451059 -0.260489
v -0.238848 -0.448503 -0.273466
v -0.230197 -0.448891 -0.282052
v -0.275128 -0.456992 -0.210841
v -0.215958 -0.431779 -0.282003
v -0.270360 -0.461738 -0.198261
v -0.186236 -0.414988 -0.247367
v -0.000403 0.478568 0.103920
v 0.008393 0.464496 0.100873
v -0.006813 0.464289 0.091104
v -0.008118 0.479438 0.098383
v -0.012824 0.466120 0.086615
v -0.011432 0.456363 0.081539
v -0.013188 0.479591 0.093313
v 0.005899 0.479006 0.106890
v 0.012972 0.465680 0.107955
v 0.011237 0.480558 0.111941
v 0.008948 0.485453 0.110851
v 0.012256 0.458103 0.097895
v -0.001632 0.457706 0.086126
v -0.016994 0.449777 0.075992
v -0.002360 0.434712 0.078629
v 0.008466 0.431932 0.086622
v -0.002061 0.423836 0.073083
v -0.017000 0.434980 0.072826
v 0.009228 0.415604 0.082571
v 0.006893 0.405839 0.072745
v -0.005422 0.413699 0.067432
v 0.000918 0.485167 0.105314
v 0.025520 0.447673 0.111431
v 0.019061 0.458210 0.108027
v 0.034437 0.453333 0.120336
v -0.018864 0.471740 0.075731
v 0.017347 0.408405 0.092976
v 0.013424 0.430648 0.094011
v 0.026049 0.431547 0.112139
v 0.015366 0.394219 0.080374
v 0.027846 0.463731 0.114167
v -0.015852 0.483123 0.082215
v -0.002098 0.484545 0.099875
v 0.024082 0.470125 0.108876
v -0.010773 0.484275 0.094134
v -0.013584 0.492647 0.093119
v 0.010119 0.491123 0.107578
v -0.011838 0.486579 0.098430
v 0.017843 0.476085 0.107503
v 0.018024 0.487764 0.113297
v 0.001923 0.492434 0.107790
v -0.006805 0.487292 0.105528
v -0.012688 0.494867 0.107504
v -0.010138 0.493104 0.107011
v -0.008816 0.498581 0.111970
v -0.017724 0.495531 0.104247
v 0.009868 0.488718 0.121177
v 0.004543 0.491421 0.121842
v 0.009802 0.496183 0.126407
v 0.015447 0.494232 0.125071
v -0.017400 0.494961 0.096791
v -0.061227 0.421014 0.230938
v -0.062130 0.423374 0.216611
v -0.058141 0.409433 0.225972
v -0.064267 0.431313 0.226487
v -0.066616 0.438653 0.217670
v -0.062913 0.427740 0.239145
v -0.065207 0.441750 0.234647
v -0.068022 0.438211 0.227212
v -0.069515 0.442958 0.218727
v -0.062593 0.453541 0.234935
v -0.066268 0.458662 0.224865
v -0.070142 0.453696 0.215280
v -0.070632 0.461997 0.207070
v -0.075234 0.457939 0.198289
v -0.074515 0.450716 0.206263
v -0.069922 0.468968 0.195783
v -0.074093 0.459104 0.185165
v -0.064579 0.466087 0.217227
v -0.064832 0.472873 0.208773
v -0.065968 0.468205 0.198625
v -0.064248 0.477955 0.196996
v -0.073505 0.450154 0.213359
v -0.073295 0.442461 0.205816
v -0.073043 0.443248 0.215456
v -0.071549 0.441819 0.197864
v -0.070364 0.436855 0.201732
v -0.070369 0.441033 0.209316
v -0.066767 0.431474 0.205103
v -0.070770 0.434363 0.215072
v -0.065716 0.423458 0.212905
v -0.064040 0.421569 0.208116
v -0.065549 0.472545 0.189302
v -0.064736 0.479500 0.182044
v -0.071745 0.464526 0.180022
v -0.071014 0.472330 0.172267
v -0.065489 0.482844 0.177643
v -0.064955 0.484666 0.171223
v -0.078323 0.464197 0.163127
v -0.073822 0.454584 0.184592
v -0.077436 0.470337 0.159717
v -0.073241 0.482001 0.153578
v -0.074741 0.482592 0.142033
v -0.081186 0.467654 0.138448
v -0.076526 0.481810 0.136212
v -0.065370 0.491112 0.158058
v -0.067134 0.490774 0.149670
v -0.052118 0.408959 0.217151
v -0.053989 0.404476 0.224768
v -0.047984 0.399822 0.219484
v -0.046373 0.400807 0.216331
v -0.076681 0.416503 0.176620
v -0.074370 0.390983 0.156035
v -0.068262 0.389747 0.183322
v -0.081298 0.428159 0.161731
v -0.077199 0.397900 0.146986
v -0.070411 0.384443 0.164311
v -0.079695 0.410076 0.141953
v -0.073307 0.422339 0.191101
v -0.078999 0.391996 0.137691
v -0.079115 0.443189 0.176462
v -0.084495 0.416670 0.127320
v -0.083491 0.386442 0.120391
v -0.086774 0.418742 0.112608
v -0.087186 0.423557 0.119796
v -0.082267 0.424476 0.126372
v -0.083507 0.448436 0.146392
v -0.082866 0.438681 0.121994
v -0.066535 0.401393 0.194507
v -0.082528 0.456862 0.122553
v -0.080664 0.385401 0.135555
v -0.080477 0.374474 0.129294
v -0.077248 0.385104 0.143377
v -0.078882 0.394063 0.145201
v -0.073672 0.370559 0.149134
v -0.071112 0.376419 0.163437
v -0.066516 0.358126 0.160917
v -0.073479 0.360410 0.138027
v -0.066218 0.344415 0.146781
v -0.060224 0.344664 0.164858
v -0.054320 0.320803 0.155852
v -0.047237 0.309132 0.162351
v -0.054884 0.357752 0.181408
v -0.064981 0.373363 0.170211
v -0.063726 0.385167 0.180828
v -0.049229 0.332354 0.176628
v -0.059961 0.390696 0.199049
v -0.053429 0.362822 0.181748
v -0.080124 0.424882 0.113013
v -0.038040 0.310147 0.176618
v -0.053523 0.391277 0.206763
v -0.039443 0.335930 0.191285
v 0.126673 -0.202163 0.152314
v 0.106310 -0.208020 0.164996
v 0.123916 -0.200148 0.162957
v 0.102106 -0.213394 0.156004
v 0.122727 -0.210736 0.140429
v 0.107297 -0.219575 0.140478
v 0.137113 -0.194578 0.168987
v 0.147028 -0.193321 0.167639
v 0.146177 -0.197104 0.153202
v 0.139084 -0.210015 0.136740
v 0.155410 -0.204333 0.141779
v 0.162122 -0.192497 0.170840
v 0.169140 -0.198760 0.153975
v 0.123871 -0.225504 0.126218
v 0.104859 -0.226751 0.135892
v 0.172705 -0.210039 0.139527
v 0.162753 -0.214804 0.132961
v 0.137855 -0.221863 0.128134
v 0.089108 -0.232054 0.152006
v 0.099109 -0.234828 0.135522
v 0.115451 -0.241636 0.123453
v 0.089033 -0.226561 0.165472
v 0.102215 -0.211787 0.169565
v 0.089320 -0.253173 0.136587
v 0.097420 -0.253355 0.130401
v 0.123550 -0.253515 0.117939
v 0.135007 -0.238052 0.121497
v 0.104479 -0.265821 0.123987
v 0.174315 -0.227115 0.128473
v 0.170494 -0.237190 0.126238
v 0.146480 -0.239904 0.128434
v 0.176201 -0.242585 0.124158
v 0.156015 -0.227433 0.128591
v 0.143929 -0.270696 0.116633
v 0.148190 -0.242487 0.121986
v 0.123735 -0.273113 0.116541
v 0.088162 -0.274919 0.135774
v 0.104521 -0.285261 0.125111
v 0.185841 -0.222781 0.138821
v 0.143133 -0.284430 0.118753
v 0.187486 -0.242922 0.130360
v 0.122699 -0.298953 0.122823
v 0.166802 -0.271110 0.119350
v 0.164653 -0.266905 0.123903
v 0.179047 -0.258254 0.123280
v 0.150415 -0.258885 0.121278
v 0.159014 -0.291457 0.123434
v 0.185536 -0.271025 0.127541
v 0.175401 -0.288814 0.126428
v 0.181425 -0.206897 0.153331
v 0.171042 -0.344364 0.139368
v 0.173086 -0.367829 0.143873
v 0.158869 -0.343940 0.142029
v 0.155309 -0.319606 0.139562
v 0.163134 -0.368002 0.148402
v 0.165651 -0.382965 0.149110
v 0.145242 -0.334360 0.147254
v 0.177145 -0.380799 0.143214
v 0.141801 -0.325655 0.144429
v 0.147204 -0.354675 0.155060
v 0.154828 -0.380833 0.159672
v 0.137179 -0.334292 0.153464
v 0.165962 -0.410933 0.151230
v 0.176154 -0.393930 0.138465
v 0.177583 -0.402940 0.138410
v 0.188333 -0.397432 0.133112
v 0.134692 -0.354914 0.171370
v 0.145585 -0.382520 0.172021
v 0.150451 -0.400007 0.171586
v 0.126093 -0.336548 0.167656
v 0.159908 -0.416584 0.159433
v 0.154888 -0.425609 0.168618
v 0.173903 -0.409874 0.145996
v 0.141616 -0.383595 0.183369
v 0.150383 -0.407767 0.175865
v 0.141097 -0.406641 0.201447
v 0.189434 -0.388681 0.134367
v 0.172483 -0.424315 0.139862
v 0.145193 -0.413883 0.176019
v 0.139031 -0.415249 0.197465
v 0.145730 -0.420772 0.173530
v 0.146781 -0.431139 0.174795
v 0.154303 -0.436794 0.172009
v 0.153932 -0.443655 0.179436
v 0.120943 -0.328872 0.156308
v 0.127207 -0.321834 0.142314
v 0.108449 -0.318958 0.152309
v 0.110100 -0.309920 0.136916
v 0.122054 -0.309006 0.129946
v 0.104665 -0.301204 0.131808
v 0.091062 -0.295920 0.139407
v 0.098426 -0.308439 0.146012
v 0.140850 -0.310298 0.131949
v 0.169618 -0.309573 0.138944
v 0.159637 -0.314093 0.137926
v 0.179462 -0.345449 0.140897
v 0.185503 -0.365759 0.144438
v 0.194874 -0.376740 0.144313
v 0.172599 -0.302019 0.135496
v 0.203704 -0.386923 0.137443
v 0.201744 -0.397011 0.134585
v -0.185566 0.257210 0.023536
v -0.173561 0.258556 0.018327
v -0.192492 0.237851 0.022021
v -0.175803 0.269813 0.022879
v -0.199438 0.249282 0.025864
v -0.188564 0.258719 0.024659
v -0.165961 0.243879 0.015874
v -0.194736 0.222200 0.022508
v -0.207839 0.232729 0.029834
v -0.184204 0.264108 0.021840
v -0.205184 0.246713 0.029471
v -0.155904 0.257477 0.008736
v -0.160509 0.276742 0.012411
v -0.208567 0.206666 0.034180
v -0.147004 0.243694 0.009447
v -0.199193 0.202971 0.030539
v -0.185131 0.209801 0.023723
v -0.189793 0.197793 0.029637
v -0.179906 0.272729 0.022729
v -0.174832 0.278340 0.021057
v -0.167437 0.285160 0.019615
v -0.159975 0.225115 0.020881
v -0.152483 0.239859 0.014579
v -0.175681 0.204924 0.026400
v -0.147326 0.271187 -0.001385
v -0.148650 0.259282 -0.000095
v -0.161592 0.290615 0.019277
v 0.145735 0.352861 -0.004514
v 0.142620 0.346349 -0.014806
v 0.133226 0.360551 -0.001613
v 0.119435 0.359572 -0.010056
v 0.130481 0.341613 -0.025392
v 0.122649 0.348332 -0.021307
v 0.147717 0.332609 -0.025544
v 0.158483 0.336482 -0.014175
v 0.160113 0.345269 -0.001424
v 0.163296 0.322896 -0.023004
v 0.143097 0.363173 0.011830
v 0.154194 0.357335 0.014140
v 0.129324 0.369887 0.013077
v 0.116606 0.370552 0.008231
v 0.177465 0.327621 -0.002324
v 0.136600 0.371677 0.028630
v 0.148518 0.364743 0.029164
v 0.170912 0.341493 0.010892
v 0.117115 0.380304 0.036615
v 0.126186 0.378417 0.041500
v 0.116217 0.376493 0.023963
v 0.144312 0.369534 0.041158
v 0.157692 0.359295 0.034486
v 0.181411 0.317334 -0.006842
v 0.134834 0.372683 0.054127
v 0.118582 0.379650 0.052060
v 0.117069 0.376150 0.066060
v 0.166988 0.316758 -0.021218
v 0.182525 0.308960 -0.009226
v 0.113959 0.362401 -0.001309
v 0.116606 0.354121 -0.011220
v 0.165658 0.341378 0.055016
v 0.163638 0.327640 0.072089
v 0.173834 0.319766 0.055119
v 0.173300 0.332310 0.047252
v 0.173111 0.302505 0.067163
v 0.168552 0.299552 0.079799
v 0.180459 0.288538 0.057191
v 0.181231 0.314350 0.038218
v 0.176284 0.280845 0.070712
v 0.157029 0.319470 0.088066
v 0.156758 0.333267 0.079704
v 0.155701 0.347588 0.068497
v 0.181215 0.266773 0.059792
v 0.184124 0.291940 0.038342
v 0.173457 0.266351 0.076961
v 0.182926 0.315783 0.023788
v 0.175270 0.334237 0.028582
v 0.180703 0.323778 0.010569
v 0.166243 0.349236 0.032663
v 0.184573 0.309882 0.007265
v 0.184076 0.303352 0.017673
v 0.175221 0.254582 0.070306
v 0.154492 0.357817 0.051961
v 0.144187 0.339476 0.089700
v 0.164099 0.278576 0.087202
v 0.140317 0.334985 0.096489
v 0.157689 0.288019 0.093588
v 0.140722 0.362481 0.068343
v 0.137822 0.351663 0.084715
v 0.147563 0.321300 0.096060
v 0.149399 0.298453 0.099258
v 0.128645 0.345212 0.097326
v 0.126049 0.357922 0.087809
v 0.129550 0.368885 0.069490
v 0.114658 0.365664 0.084393
v 0.110677 0.355449 0.095918
v 0.204247 -0.453396 0.284269
v 0.194353 -0.446795 0.290602
v 0.202173 -0.461788 0.305594
v 0.200308 -0.444306 0.273438
v 0.191952 -0.457484 0.315901
v 0.190248 -0.439013 0.279249
v 0.187681 -0.432116 0.267072
v 0.198282 -0.437681 0.260531
v 0.200846 -0.431334 0.244281
v 0.187921 -0.417321 0.239303
v 0.184243 -0.449908 0.310684
v 0.184879 -0.443321 0.295273
v 0.179199 -0.452742 0.324921
v 0.203377 -0.464996 0.314878
v 0.206362 -0.442174 0.250267
v 0.210764 -0.436256 0.229049
v 0.209684 -0.454135 0.266836
v 0.209934 -0.470729 0.305923
v 0.215571 -0.470796 0.282322
v 0.208991 -0.425458 0.219644
v 0.215498 -0.427632 0.208076
v 0.200161 -0.418259 0.228146
v 0.194345 -0.416832 0.234019
v 0.214521 -0.454692 0.245471
v 0.216195 -0.469556 0.269702
v 0.217530 -0.448640 0.222953
v 0.219291 -0.432044 0.199168
v 0.219421 -0.466212 0.239361
v 0.219375 -0.472625 0.246603
v 0.214809 -0.488146 0.306133
v 0.218591 -0.487442 0.285575
v 0.224695 -0.485361 0.272999
v 0.223111 -0.496686 0.287309
v 0.222292 -0.474711 0.250871
v 0.220113 -0.457032 0.218672
v 0.223020 -0.445122 0.194095
v 0.201964 -0.473599 0.321171
v 0.226683 -0.500164 0.275031
v 0.209915 -0.488386 0.313215
v 0.225786 -0.488498 0.262191
v 0.222503 -0.423837 0.185512
v 0.219630 -0.499758 0.290895
v 0.189366 -0.466895 0.333304
v 0.186814 -0.455240 0.329999
v 0.227067 -0.453160 0.182861
v 0.224922 -0.422689 0.179053
v 0.220074 -0.408008 0.171904
v 0.224875 -0.418544 0.167135
v 0.217104 -0.404679 0.159819
v 0.200027 -0.491108 0.328865
v 0.213060 -0.422209 0.211468
v 0.206509 -0.419396 0.220959
v 0.229781 -0.449173 0.165284
v 0.230531 -0.450744 0.154732
v 0.223111 -0.460978 0.196839
v 0.230427 -0.477282 0.166567
v 0.231952 -0.476664 0.153613
v 0.222939 -0.474039 0.197713
v 0.228271 -0.478612 0.181423
v 0.214178 -0.499971 0.307627
v 0.227231 -0.498822 0.183069
v 0.221659 -0.484189 0.207094
v 0.219283 -0.471354 0.218615
v 0.219439 -0.488349 0.229600
v 0.222345 -0.498611 0.204032
v 0.226473 -0.500349 0.260122
v 0.229272 -0.498191 0.167254
v 0.219561 -0.484341 0.242091
v 0.223303 -0.486588 0.246393
v 0.221083 -0.404555 0.182033
v 0.229601 -0.485134 0.153463
v 0.218584 -0.490372 0.240953
v 0.220842 -0.401331 0.169471
v 0.227767 -0.497366 0.153817
v 0.221743 -0.499196 0.244103
v 0.170722 -0.446353 0.315261
v 0.173593 -0.451455 0.334329
v 0.222333 -0.411146 0.184152
v 0.182632 -0.425985 0.257557
v 0.170462 -0.431231 0.271824
v 0.166738 -0.440478 0.294753
v 0.177392 -0.415493 0.238586
v 0.167501 -0.422245 0.252546
v 0.157859 -0.444843 0.309658
v 0.157568 -0.449796 0.334134
v 0.166858 -0.416656 0.238393
v -0.062963 0.488359 0.104619
v -0.060558 0.476141 0.101980
v -0.065391 0.463022 0.101749
v -0.072028 0.477197 0.105027
v -0.053390 0.483042 0.101986
v -0.073624 0.464125 0.102023
v -0.071701 0.454928 0.100465
v -0.063557 0.454973 0.097150
v -0.047156 0.481768 0.101703
v -0.045275 0.496871 0.107561
v -0.045004 0.479142 0.101985
v -0.036121 0.489336 0.107584
v -0.034254 0.495371 0.110952
v -0.051786 0.481798 0.096550
v -0.195994 -0.118611 -0.085867
v -0.187357 -0.107889 -0.107607
v -0.186105 -0.116311 -0.098048
v -0.177123 -0.116012 -0.106416
v -0.195423 -0.100291 -0.104990
v -0.209884 -0.102153 -0.080808
v -0.208784 -0.119105 -0.071878
v -0.204294 -0.125797 -0.072143
v -0.215943 -0.102327 -0.065553
v -0.190320 -0.121273 -0.094188
v -0.182543 -0.111376 -0.111499
v -0.171307 -0.112460 -0.110372
v -0.206160 -0.113368 -0.053276
v -0.201531 -0.120743 -0.061848
v -0.198538 -0.117757 -0.050790
v 0.125366 0.355619 0.055952
v 0.128903 0.352067 0.044347
v 0.125391 0.350198 0.054371
v 0.124336 0.347298 0.062244
v 0.126770 0.357474 0.044543
v 0.118000 0.347730 0.071552
v 0.110722 0.364453 0.064210
v 0.107596 0.355306 0.075520
v 0.113939 0.366610 0.052056
v 0.111383 0.370194 0.043767
v 0.109483 0.364705 0.071512
v 0.120423 0.359880 0.031861
v 0.110608 0.367912 0.027974
v 0.123640 0.356369 0.034823
v 0.111423 0.343143 0.076354
v 0.106532 0.343168 0.081811
v 0.105880 0.351279 0.087498
v 0.103109 0.336212 0.088549
v 0.101848 0.339201 0.099235
v 0.100742 0.332212 0.089607
v 0.097381 0.325350 0.096441
v 0.117115 0.380304 0.036615
v 0.100568 0.329249 0.103921
v 0.094481 0.305780 0.098594
v 0.116217 0.376493 0.023963
v 0.116606 0.370552 0.008231
v 0.118582 0.379650 0.052060
v 0.117069 0.376150 0.066060
v 0.108941 0.362436 0.011496
v 0.106882 0.356975 0.015264
v 0.113959 0.362401 -0.001309
v 0.106965 0.346982 0.101264
v 0.110677 0.355449 0.095918
v 0.114658 0.365664 0.084393
v 0.111654 0.359592 0.024616
v -0.140208 -0.200816 -0.151819
v -0.172489 -0.204391 -0.141050
v -0.147715 -0.208227 -0.133681
v -0.136080 -0.209986 -0.136320
v -0.128820 -0.206884 -0.147420
v -0.136666 -0.220917 -0.123726
v -0.120679 -0.216977 -0.138492
v -0.121258 -0.232851 -0.121847
v -0.133925 -0.229727 -0.116804
v -0.119363 -0.212164 -0.150814
v -0.129294 -0.202899 -0.162277
v -0.142585 -0.198123 -0.159393
v -0.114269 -0.213901 -0.163434
v -0.114442 -0.234203 -0.130263
v -0.108201 -0.226735 -0.152181
v -0.096907 -0.247332 -0.146721
v -0.102099 -0.248235 -0.132787
v -0.117524 -0.242515 -0.120505
v -0.104416 -0.263330 -0.121119
v -0.092381 -0.262927 -0.138255
v -0.096945 -0.241465 -0.161774
v -0.104107 -0.226433 -0.176233
v -0.116456 -0.212761 -0.174099
v -0.130792 -0.202661 -0.174098
v -0.131132 -0.240869 -0.113047
v -0.131491 -0.248698 -0.109744
v -0.123083 -0.259506 -0.112234
v -0.093207 -0.283278 -0.135083
v -0.102898 -0.277425 -0.122172
v -0.133780 -0.241684 -0.096370
v -0.120394 -0.216610 -0.192011
v -0.127980 -0.209990 -0.188472
v -0.108748 -0.229650 -0.193433
v -0.149732 -0.196834 -0.172597
v -0.173909 -0.203655 -0.147052
v -0.157032 -0.200300 -0.161155
v -0.163790 -0.200129 -0.175737
v -0.183802 -0.207559 -0.142074
v 0.146463 -0.092774 0.096044
v 0.157883 -0.085471 0.087050
v 0.160369 -0.096589 0.108559
v 0.147469 -0.096610 0.105076
v 0.149634 -0.102155 0.117770
v 0.159284 -0.103436 0.123129
v 0.146369 -0.085263 0.085169
v 0.143408 -0.080142 0.075003
v 0.161968 -0.071030 0.068708
v 0.155603 -0.066893 0.057198
v 0.161857 -0.065044 0.058739
v 0.166184 -0.078371 0.082454
v 0.169348 -0.085019 0.097706
v 0.158267 -0.107059 0.136396
v 0.146766 -0.105535 0.119817
v 0.146219 -0.107270 0.138932
v 0.171132 -0.093842 0.121754
v 0.156332 -0.059311 0.052060
v 0.164015 -0.057781 0.057204
v 0.144050 -0.071710 0.066908
v 0.140172 -0.067230 0.059838
v 0.145206 -0.063096 0.057598
v 0.169050 -0.095422 0.142733
v 0.175105 -0.089431 0.128656
v 0.153492 -0.103099 0.146136
v 0.143716 -0.102911 0.159349
v 0.149694 -0.096067 0.160819
v 0.060556 -0.209005 0.250543
v 0.072980 -0.214481 0.249361
v 0.070632 -0.227812 0.250501
v 0.081434 -0.226056 0.245979
v 0.076614 -0.238099 0.246921
v 0.092452 -0.241392 0.242937
v 0.086072 -0.248845 0.243383
v 0.098202 -0.254127 0.241120
v 0.089714 -0.255632 0.244340
v 0.079825 -0.246069 0.246712
v 0.066687 -0.206802 0.246793
v 0.066003 -0.192118 0.250991
v 0.056480 -0.197732 0.258307
v 0.063321 -0.171272 0.252286
v 0.056342 -0.178440 0.259569
v 0.054658 -0.148479 0.263678
v 0.059534 -0.133409 0.257734
v 0.064343 -0.152202 0.251712
v 0.070998 -0.141336 0.252442
v 0.071193 -0.129583 0.255759
v 0.078504 -0.135809 0.253449
v 0.094154 -0.133619 0.253684
v 0.064182 -0.126063 0.260157
v 0.083136 -0.123214 0.258595
v 0.113206 -0.125529 0.251971
v 0.112890 -0.133028 0.248824
v 0.112107 -0.119217 0.255839
v 0.098577 -0.258175 0.245234
v 0.113937 -0.133810 0.246616
v -0.149055 0.338471 0.077518
v -0.150170 0.332221 0.072588
v -0.153242 0.338278 0.061861
v -0.150485 0.326214 0.081347
v -0.145842 0.334859 0.087734
v -0.146904 0.322948 0.090551
v -0.143554 0.331169 0.098951
v -0.155223 0.326312 0.068817
v -0.155688 0.329070 0.055941
v -0.154442 0.335423 0.040857
v -0.155414 0.325224 0.038614
v -0.161575 0.327828 0.027114
v -0.140956 0.318741 0.101129
v -0.138892 0.324692 0.108339
v -0.154411 0.324344 0.045521
v -0.153395 0.317610 0.029701
v -0.157033 0.338968 0.039370
v -0.149106 0.340161 0.090132
v -0.148544 0.337287 0.099187
v -0.156879 0.316485 0.016137
v -0.153424 0.308947 0.023525
v -0.154499 0.301090 0.017664
v -0.131874 0.313661 0.106694
v -0.125939 0.311338 0.111883
v -0.127190 0.314866 0.118633
v -0.155128 0.342662 0.073059
v -0.159193 0.341618 0.046036
v -0.119630 0.306699 0.110991
v -0.118098 0.302350 0.119150
v -0.143963 0.327858 0.112430
v -0.109640 0.300093 0.110815
v -0.100977 0.289634 0.114985
v -0.162367 0.320404 0.018395
v -0.164942 0.335144 0.033863
v -0.124597 0.296994 0.128662
v -0.160650 0.307907 0.009109
v -0.141291 0.314233 0.126409
v 0.056523 0.225794 0.134005
v 0.032887 0.219104 0.142857
v 0.046651 0.203581 0.133173
v 0.062913 0.209798 0.126389
v 0.075900 0.234516 0.124328
v 0.085312 0.218846 0.113774
v 0.096801 0.248025 0.110236
v 0.093609 0.254551 0.112405
v 0.098348 0.224489 0.101843
v 0.069155 0.237201 0.127121
v 0.035582 0.227694 0.141110
v 0.046233 0.188834 0.128335
v 0.074425 0.197692 0.113594
v 0.050433 0.165037 0.114285
v 0.034135 0.164063 0.124013
v 0.031928 0.147049 0.116820
v 0.032109 0.176470 0.129631
v 0.017870 0.154439 0.125908
v 0.010920 0.171468 0.133610
v 0.013657 0.181792 0.134806
v 0.011817 0.197121 0.138180
v 0.008033 0.180117 0.142256
v 0.004173 0.169242 0.138333
v -0.007425 0.160723 0.138108
v 0.008887 0.195895 0.142989
v 0.004335 0.200062 0.146662
v -0.004221 0.156743 0.128109
v -0.012177 0.155248 0.135177
v -0.028569 0.157166 0.135141
v -0.037126 0.164464 0.136515
v -0.000619 0.191866 0.142807
v -0.004333 0.212301 0.148716
v -0.036579 0.205078 0.143440
v -0.035856 0.188713 0.138578
v -0.044734 0.187606 0.138891
v -0.026465 0.166487 0.134061
v -0.041997 0.170706 0.136561
v -0.026128 0.178802 0.138089
v -0.002865 0.173261 0.137793
v -0.033295 0.212665 0.145100
v -0.014800 0.218274 0.146993
v 0.002256 0.217625 0.139957
v 0.078108 0.081754 0.039874
v 0.066463 0.067676 0.052157
v 0.075816 0.071862 0.043582
v 0.062654 0.083257 0.052198
v 0.085239 0.076175 0.033929
v 0.091084 0.081658 0.026987
v 0.080550 0.089881 0.033807
v 0.092092 0.096615 0.016580
v 0.101941 0.090172 0.010487
v 0.104862 0.094404 0.001935
v 0.100080 0.099804 0.001619
v 0.095376 0.117049 0.010074
v 0.092229 0.111185 0.013756
v 0.084082 0.110621 0.031101
v 0.067361 0.102089 0.051318
v 0.090399 0.116495 0.017455
v 0.092951 0.121778 0.015399
v 0.098110 0.140381 0.003685
v 0.102016 0.119025 -0.008710
v 0.105367 0.099990 -0.014437
v 0.091809 0.137427 0.021628
v 0.083123 0.134713 0.039543
v 0.102669 0.134484 -0.015236
v 0.100223 0.161391 -0.006247
v 0.047661 0.096302 0.065738
v 0.048951 0.067303 0.059482
v 0.073135 0.176344 0.101548
v 0.045899 0.147477 0.106657
v 0.035686 0.140376 0.109087
v 0.045672 0.134339 0.097738
v 0.031449 0.118853 0.097813
v 0.034979 0.106747 0.085261
v 0.024794 0.090419 0.081802
v 0.092360 0.203667 0.098396
v 0.066336 0.161337 0.095640
v 0.091167 0.192197 0.091290
v 0.051838 0.126787 0.082008
v 0.078192 0.172067 0.090363
v 0.034086 0.097453 0.075534
v 0.023564 0.075940 0.073098
v 0.045600 0.114717 0.077025
v 0.066936 0.132149 0.068569
v 0.062540 0.115445 0.060093
v 0.075835 0.132155 0.052407
v 0.074309 0.122381 0.048778
v 0.100675 0.207437 0.085325
v 0.089749 0.185164 0.083354
v 0.040346 0.082809 0.066818
v 0.095812 0.194488 0.076804
v 0.103052 0.222547 0.086794
v 0.102381 0.233551 0.094146
v 0.098430 0.183434 0.073794
v 0.098811 0.174259 0.077972
v 0.083847 0.158383 0.088101
v 0.092797 0.150207 0.080665
v 0.080251 0.140774 0.086642
v 0.066979 0.147193 0.096439
v 0.066949 0.138055 0.094951
v 0.056894 0.132903 0.098066
v 0.027359 -0.118364 0.067495
v 0.030077 -0.121932 0.053776
v 0.039210 -0.128709 0.055056
v 0.012493 -0.111781 0.044125
v 0.016339 -0.114868 0.033327
v 0.021771 -0.109541 0.076825
v 0.035730 -0.126487 0.076661
v 0.043443 -0.136429 0.080651
v 0.026261 -0.116695 0.090250
v 0.011375 -0.099966 0.066812
v 0.016396 -0.099670 0.082949
v 0.003405 -0.094104 0.045640
v 0.003425 -0.094490 0.024232
v -0.003226 -0.081619 0.033947
v -0.005919 -0.082009 0.022767
v -0.007454 -0.072538 0.037703
v -0.000606 -0.087806 0.007156
v -0.004291 -0.069881 0.047908
v -0.006134 -0.064972 0.047579
v 0.006644 -0.092359 0.008138
v 0.054542 -0.142762 0.074892
v -0.008334 -0.084985 0.004668
v -0.018173 -0.077369 0.021430
v 0.045234 -0.129044 0.044219
v -0.012846 -0.083503 -0.014711
v -0.031208 -0.065732 0.034443
v 0.029558 -0.117487 0.029136
v 0.027378 -0.095995 -0.002803
v 0.023720 -0.105700 0.014561
v -0.008152 -0.080923 -0.022364
v 0.022256 -0.092108 -0.011135
v 0.009047 -0.087654 -0.024756
v 0.003068 -0.082332 -0.036690
v -0.006895 -0.078841 -0.033522
v 0.011853 -0.092387 -0.038857
v -0.001014 -0.076965 -0.046999
v 0.011174 -0.082065 -0.049830
v 0.004110 -0.077359 -0.056918
v 0.043801 -0.103745 0.003323
v 0.044155 -0.095553 -0.023120
v 0.038211 -0.094181 -0.032806
v 0.029983 -0.093533 -0.037111
v -0.019143 -0.086031 -0.001970
v 0.049884 -0.167557 0.107966
v 0.054419 -0.172739 0.123842
v 0.045778 -0.165529 0.124032
v 0.053058 -0.172477 0.135081
v 0.061600 -0.175095 0.107861
v 0.041748 -0.159472 0.141308
v 0.043121 -0.158111 0.103793
v 0.055915 -0.151995 0.083524
v 0.055911 -0.194614 0.200401
v 0.049995 -0.183404 0.168939
v 0.059814 -0.194664 0.167905
v 0.060926 -0.199831 0.197500
v 0.067461 -0.209179 0.221266
v 0.068061 -0.208345 0.199468
v 0.073432 -0.209349 0.184260
v 0.059004 -0.188497 0.153674
v 0.045474 -0.173351 0.154175
v 0.077610 -0.221944 0.201391
v 0.074515 -0.221762 0.227249
v 0.090848 -0.240809 0.217984
v 0.089638 -0.239193 0.236887
v 0.042715 -0.171715 0.174901
v 0.046741 -0.178823 0.194859
v 0.091237 -0.233337 0.198217
v 0.081434 -0.226056 0.245979
v 0.092452 -0.241392 0.242937
v 0.090851 -0.243401 0.221497
v 0.068439 -0.206779 0.242771
v 0.072980 -0.214481 0.249361
v 0.055570 -0.186474 0.228101
v 0.050048 -0.179795 0.213944
v 0.098202 -0.254127 0.241120
v 0.035714 -0.146806 0.146915
v 0.035611 -0.146065 0.123959
v 0.034662 -0.136992 0.101388
v 0.027225 -0.123372 0.105086
v 0.022097 -0.115637 0.122327
v 0.066687 -0.206802 0.246793
v 0.075648 -0.201503 0.157623
v 0.081376 -0.213645 0.182631
v 0.074608 -0.190448 0.137785
v 0.092918 -0.225810 0.189782
v 0.063801 -0.174659 0.127755
v 0.071319 -0.175214 0.122170
v 0.097978 -0.219764 0.180068
v 0.097287 -0.210490 0.168680
v 0.021242 -0.102562 0.149098
v 0.031526 -0.132556 0.162540
v 0.032870 -0.120180 0.178941
v 0.037361 -0.147545 0.179839
v 0.042677 -0.134911 0.206929
v 0.023099 -0.092867 0.158267
v 0.037322 -0.102296 0.200737
v 0.039795 -0.123674 0.199786
v 0.044931 -0.168844 0.203314
v 0.055549 -0.164291 0.238619
v 0.050590 -0.139080 0.235173
v 0.019712 -0.073865 0.144537
v 0.066003 -0.192118 0.250991
v 0.014441 -0.092700 0.129155
v 0.026205 -0.083525 0.166915
v 0.044965 -0.125940 0.226329
v 0.038071 -0.110167 0.205983
v 0.063321 -0.171272 0.252286
v 0.026149 -0.122436 0.142560
v 0.013912 -0.095494 0.108180
v 0.013667 -0.089764 0.118076
v 0.009310 -0.074128 0.091057
v 0.011708 -0.086280 0.088154
v 0.002141 -0.072640 0.068943
v 0.003812 -0.082423 0.065629
v -0.001369 -0.055849 0.055464
v 0.014409 -0.061775 0.110139
v 0.017382 -0.081665 0.131461
v 0.009727 -0.059793 0.083521
v 0.057522 -0.148349 0.242248
v 0.064343 -0.152202 0.251712
v -0.031894 0.008929 -0.154457
v -0.031651 0.002548 -0.140950
v -0.042521 0.008017 -0.149912
v 0.001390 0.009385 -0.155793
v -0.015540 0.002639 -0.142514
v -0.000607 0.001776 -0.141620
v -0.016949 0.000997 -0.134177
v -0.032531 -0.001662 -0.131511
v -0.004368 0.001516 -0.130577
v -0.036972 0.002290 -0.134639
v -0.051532 0.001511 -0.141718
v -0.051058 -0.001531 -0.128180
v -0.049431 0.009487 -0.154402
v -0.067366 0.009816 -0.155218
v -0.072869 0.002454 -0.141863
v -0.062184 -0.003037 -0.130665
v -0.075948 0.013189 -0.154225
v -0.072978 0.014947 -0.158128
v -0.070831 0.001754 -0.132738
v 0.001490 0.004940 -0.130167
v -0.059540 -0.000114 -0.123710
v 0.066936 0.132149 0.068569
v 0.058334 0.129896 0.090687
v 0.051838 0.126787 0.082008
v 0.076953 0.135931 0.077964
v 0.079762 0.134462 0.067421
v 0.075835 0.132155 0.052407
v 0.085478 0.136643 0.052010
v 0.083123 0.134713 0.039543
v 0.095618 0.140201 0.036208
v 0.089282 0.138469 0.031591
v 0.080251 0.140774 0.086642
v 0.096313 0.142692 0.027387
v 0.091809 0.137427 0.021628
v 0.092797 0.150207 0.080665
v 0.097597 0.151758 0.059679
v 0.066949 0.138055 0.094951
v 0.056894 0.132903 0.098066
v 0.045672 0.134339 0.097738
v -0.025638 0.305503 0.148673
v -0.015508 0.306959 0.143004
v -0.016362 0.302838 0.152005
v -0.033332 0.300859 0.155399
v -0.016610 0.299275 0.168659
v -0.031661 0.298508 0.167588
v -0.039548 0.301392 0.165596
v -0.006005 0.309839 0.153195
v -0.015035 0.301191 0.154628
v -0.029890 0.301938 0.175318
v -0.017223 0.307226 0.179691
v -0.015776 0.310583 0.139631
v -0.007188 0.315988 0.135406
v -0.018577 0.310913 0.124010
v -0.006052 0.316591 0.120077
v -0.017025 0.302679 0.113453
v -0.028797 0.301578 0.110615
v 0.000029 0.307008 0.109547
v 0.181713 -0.488088 0.211524
v 0.191104 -0.488208 0.204997
v 0.184826 -0.489586 0.231648
v 0.203526 -0.489038 0.224701
v 0.201542 -0.489511 0.239306
v 0.159452 -0.488721 0.219156
v 0.155636 -0.488093 0.202444
v 0.158461 -0.490431 0.236952
v 0.219129 -0.487513 0.214136
v 0.219439 -0.488349 0.229600
v 0.187988 -0.490691 0.240621
v 0.218584 -0.490372 0.240953
v 0.204398 -0.488318 0.203752
v 0.165353 -0.489622 0.202438
v 0.217753 -0.488447 0.204605
v 0.152031 -0.482161 0.221430
v 0.153984 -0.484798 0.234214
v 0.144724 -0.482555 0.235152
v 0.221659 -0.484189 0.207094
v -0.124685 -0.020444 -0.085935
v -0.130284 -0.018355 -0.070112
v -0.117927 -0.012008 -0.068206
v -0.128561 -0.013305 -0.056935
v -0.116778 -0.013624 -0.081383
v -0.116596 -0.010368 -0.057186
v -0.107761 -0.009489 -0.062149
v -0.107444 -0.014937 -0.081299
v -0.103303 -0.012353 -0.081715
v -0.117558 -0.021234 -0.092495
v -0.122910 -0.025595 -0.099485
v -0.116517 -0.011584 -0.053112
v -0.135723 -0.021954 -0.055869
v -0.156246 -0.018916 -0.056423
v -0.155374 -0.019994 -0.051069
v -0.138408 -0.018285 -0.098064
v -0.141661 -0.012136 -0.080602
v -0.131109 -0.023647 -0.110801
v -0.137025 -0.022755 -0.110595
v -0.108020 -0.028538 -0.095207
v -0.121000 -0.038831 -0.111083
v -0.116508 -0.043873 -0.107400
v -0.175435 -0.050610 -0.071217
v -0.166308 -0.050480 -0.091612
v -0.183614 -0.065873 -0.079474
v -0.158899 -0.033064 -0.080302
v -0.146349 -0.036384 -0.110825
v -0.156950 -0.049928 -0.110040
v -0.146879 -0.017355 -0.081172
v -0.173651 -0.073381 -0.109637
v -0.184435 -0.077266 -0.095189
v -0.201941 -0.088269 -0.075947
v -0.188533 -0.092047 -0.106924
v -0.209884 -0.102153 -0.080808
v -0.195423 -0.100291 -0.104990
v -0.215943 -0.102327 -0.065553
v -0.192323 -0.067112 -0.058469
v -0.214052 -0.098308 -0.061197
v -0.171536 -0.040524 -0.056750
v -0.195459 -0.072642 -0.055770
v 0.224774 -0.426818 0.154296
v 0.230531 -0.450744 0.154732
v 0.222071 -0.455447 0.139233
v 0.226786 -0.474909 0.141574
v 0.215507 -0.425135 0.142831
v 0.216070 -0.413440 0.149886
v 0.217104 -0.404679 0.159819
v 0.231952 -0.476664 0.153613
v 0.224875 -0.418544 0.167135
v 0.214082 -0.452802 0.133687
v 0.214446 -0.472397 0.131626
v 0.208628 -0.404907 0.150391
v 0.204156 -0.411014 0.143338
v 0.200608 -0.403702 0.145466
v 0.201358 -0.429908 0.134461
v 0.221234 -0.495678 0.140803
v 0.211205 -0.495655 0.134218
v 0.229601 -0.485134 0.153463
v 0.227767 -0.497366 0.153817
v 0.200640 -0.469550 0.127160
v 0.201140 -0.491927 0.131036
v 0.188479 -0.419828 0.136781
v 0.186602 -0.407750 0.142550
v 0.187724 -0.438738 0.132262
v 0.177583 -0.402940 0.138410
v 0.184307 -0.466915 0.128878
v 0.183191 -0.481222 0.131379
v 0.184514 -0.496936 0.133102
v 0.178101 -0.444644 0.133623
v 0.172483 -0.424315 0.139862
v 0.173903 -0.409874 0.145996
v 0.167534 -0.459594 0.137771
v 0.178717 -0.497408 0.135945
v 0.168649 -0.475205 0.137785
v -0.002964 0.070806 -0.117741
v 0.001749 0.036097 -0.127026
v -0.002146 0.069387 -0.131130
v 0.002373 0.041614 -0.140177
v 0.005070 0.008804 -0.143784
v -0.004203 0.095269 -0.126460
v -0.003970 0.092205 -0.113546
v -0.006728 0.103470 -0.121617
v -0.006992 0.101525 -0.110120
v 0.002162 0.032014 -0.147712
v 0.001490 0.004940 -0.130167
v 0.001390 0.009385 -0.155793
v -0.003056 0.063393 -0.138033
v -0.005381 0.083916 -0.132621
v -0.000607 0.001776 -0.141620
v -0.009823 0.102320 -0.126336
v 0.010924 0.004863 0.064900
v 0.001593 0.009338 0.063453
v 0.025707 -0.009899 0.064206
v -0.008038 -0.000002 0.057949
v -0.003552 0.014229 0.063213
v -0.023745 0.010837 0.057858
v -0.024556 0.025137 0.060143
v -0.024553 0.000722 0.053273
v 0.022943 0.005421 0.069606
v -0.026646 -0.015199 0.051101
v -0.002645 -0.027608 0.056861
v -0.016939 -0.034143 0.051117
v -0.000845 0.024326 0.063829
v 0.017974 -0.026637 0.062341
v -0.032077 -0.004273 0.049651
v -0.036460 -0.032212 0.042094
v -0.017272 -0.051515 0.048853
v 0.006916 -0.041824 0.061735
v -0.001369 -0.055849 0.055464
v -0.038922 -0.008003 0.045728
v -0.052730 -0.058682 0.027956
v -0.030857 -0.058971 0.039405
v -0.045770 -0.030767 0.035975
v -0.047554 -0.009518 0.040346
v -0.051840 -0.040917 0.031375
v 0.030995 -0.002628 0.070027
v 0.026461 0.014906 0.074055
v -0.006134 -0.064972 0.047579
v -0.058200 -0.009373 0.031698
v -0.066857 -0.049313 0.017785
v -0.031208 -0.065732 0.034443
v -0.050327 -0.069590 0.023693
v -0.063196 -0.061546 0.023519
v -0.070971 -0.070955 0.023025
v -0.083154 -0.061359 0.020373
v -0.004291 -0.069881 0.047908
v -0.007454 -0.072538 0.037703
v -0.060982 -0.080503 0.018964
v 0.030983 -0.014740 0.069609
v 0.041595 -0.007339 0.077777
v -0.100694 -0.092278 0.024622
v -0.113758 -0.086549 0.022850
v -0.110861 -0.069956 0.020069
v -0.122002 -0.108119 0.022006
v -0.127593 -0.082586 0.017997
v -0.147527 -0.113099 0.012683
v -0.106505 -0.115336 0.021977
v -0.136680 -0.115755 0.014269
v -0.156560 -0.122148 0.006947
v -0.174627 -0.121036 0.000986
v -0.157787 -0.101603 0.006249
v -0.129435 -0.123990 0.017176
v -0.174192 -0.127860 -0.001355
v -0.157928 -0.130870 0.007945
v -0.147917 -0.146719 0.008517
v -0.178364 -0.148393 -0.002692
v -0.166891 -0.164169 -0.002276
v -0.173894 -0.132352 0.001323
v -0.123813 -0.133946 0.015008
v -0.188211 -0.161518 -0.011414
v -0.181482 -0.182630 -0.015430
v -0.129291 -0.156722 0.004042
v -0.145652 -0.175277 -0.006304
v -0.180679 -0.132404 -0.007732
v -0.095384 -0.112681 0.019888
v -0.144888 -0.085640 0.009352
v -0.188249 -0.140476 -0.010152
v -0.154892 -0.197678 -0.021779
v -0.111827 -0.060778 0.016163
v -0.174504 -0.205835 -0.033765
v -0.161389 -0.214144 -0.033755
v -0.177020 -0.225889 -0.039582
v -0.190309 -0.205315 -0.033626
v -0.193353 -0.220934 -0.034768
v -0.196473 -0.215356 -0.033519
v -0.187459 -0.194028 -0.025089
v -0.206663 -0.213861 -0.038138
v -0.192728 -0.164712 -0.021445
v -0.207090 -0.179624 -0.041865
v -0.199759 -0.199228 -0.041209
v -0.217432 -0.192131 -0.055985
v -0.213711 -0.209018 -0.043699
v -0.220090 -0.203120 -0.050963
v -0.130184 -0.059522 0.005981
v -0.197299 -0.149690 -0.025744
v -0.087441 -0.050928 0.013519
v -0.216730 -0.180648 -0.055193
v -0.225664 -0.191805 -0.062161
v -0.205796 -0.156507 -0.038740
v -0.183396 -0.117259 -0.014166
v -0.073018 -0.040885 0.009691
v -0.110409 -0.048677 0.007201
v -0.148773 -0.067510 -0.007660
v -0.141837 -0.045116 -0.016392
v -0.165027 -0.093047 -0.007828
v -0.075807 -0.034059 0.001833
v -0.123185 -0.043324 -0.005822
v 0.014013 0.009680 0.079710
v 0.025425 0.049245 0.078931
v 0.008045 0.044688 0.082611
v -0.000399 0.011037 0.079512
v -0.002033 0.031922 0.079620
v -0.004299 0.047199 0.079495
v -0.005124 0.018540 0.075842
v 0.012504 0.051383 0.080309
v 0.024414 0.055120 0.076727
v -0.094156 -0.030037 -0.010375
v -0.084978 -0.023661 -0.013477
v -0.090967 -0.015678 -0.024703
v -0.127257 -0.035543 -0.022986
v -0.102327 -0.024651 -0.025160
v -0.103451 -0.021164 -0.032876
v -0.087911 0.239768 0.263501
v -0.094684 0.243940 0.279670
v -0.082955 0.240977 0.282899
v -0.081473 0.243566 0.295322
v -0.078295 0.235596 0.264565
v -0.090301 0.245149 0.303458
v -0.113729 0.238768 0.262635
v -0.096030 0.235608 0.253767
v -0.107381 0.241646 0.276195
v -0.071088 0.234721 0.251872
v -0.073593 0.236081 0.260695
v -0.065738 0.239183 0.263510
v -0.122082 0.231952 0.252760
v -0.128035 0.235074 0.271052
v -0.129086 0.234622 0.262097
v -0.130572 0.230025 0.256212
v -0.099818 0.242555 0.304057
v -0.111610 0.228461 0.246341
v -0.108519 0.239352 0.302289
v -0.076280 0.229382 0.245692
v -0.048826 0.231996 0.262964
v -0.062697 0.232085 0.251298
v -0.059519 0.236377 0.271997
v -0.094378 0.227592 0.244785
v -0.076800 0.232783 0.275828
v -0.081503 0.240466 0.306938
v -0.076716 0.241952 0.306443
v -0.070366 0.240747 0.295237
v -0.069783 0.239280 0.307173
v -0.087331 0.239295 0.317818
v -0.100185 0.236690 0.316874
v -0.048989 0.228561 0.275218
v -0.124393 0.221534 0.244802
v -0.042274 0.222715 0.273936
v -0.046490 0.220752 0.255173
v -0.110175 0.217222 0.240613
v -0.091912 0.219830 0.241055
v -0.078797 0.220096 0.241246
v -0.040317 0.219772 0.263366
v -0.063863 0.223032 0.246872
v -0.121947 0.215502 0.242567
v -0.226873 0.218522 0.123947
v -0.235036 0.221849 0.123937
v -0.227244 0.222581 0.138672
v -0.225574 0.220008 0.128489
v -0.214294 0.220822 0.139997
v -0.214651 0.228684 0.145358
v -0.213047 0.230944 0.154748
v -0.230502 0.220581 0.157244
v -0.206693 0.235293 0.169246
v -0.227088 0.222964 0.173916
v -0.217836 0.228290 0.180074
v -0.238921 0.212914 0.156906
v -0.250915 0.204106 0.142524
v -0.242693 0.214546 0.122984
v -0.194341 0.234031 0.193734
v -0.203011 0.228802 0.199853
v -0.182777 0.237472 0.192294
v -0.191924 0.226693 0.214098
v -0.166744 0.234446 0.214209
v -0.168209 0.226533 0.239417
v -0.146530 0.232233 0.240863
v -0.154978 0.225615 0.255783
v -0.143272 0.225595 0.270874
v -0.135716 0.226649 0.267278
v -0.220408 0.218982 0.190876
v -0.198197 0.234997 0.169884
v -0.148542 0.214346 0.277726
v -0.159761 0.213114 0.265158
v -0.171803 0.210849 0.253006
v -0.186463 0.209246 0.238297
v -0.199408 0.207268 0.226378
v -0.213004 0.207576 0.211472
v -0.229000 0.204926 0.193684
v -0.236783 0.206978 0.178241
v -0.249532 0.190652 0.164553
v -0.254292 0.198833 0.125814
v -0.255808 0.195600 0.138592
v -0.141435 0.220881 0.274035
v -0.126925 0.228986 0.289444
v -0.116459 0.232024 0.304357
v -0.111104 0.227737 0.322017
v -0.250078 0.200344 0.117598
v -0.260575 0.181223 0.135142
v -0.257687 0.186965 0.115978
v 0.073612 0.027099 -0.101001
v 0.090559 0.024870 -0.095983
v 0.071830 0.027535 -0.085095
v 0.080806 0.027150 -0.079825
v 0.097482 0.025070 -0.084606
v 0.086707 0.026199 -0.073909
v 0.065350 0.027193 -0.090063
v 0.052030 0.029245 -0.096794
v 0.054990 0.030201 -0.109902
v 0.049422 0.032308 -0.106978
v 0.090980 0.028070 -0.102041
v 0.073063 0.035664 -0.113259
v 0.098477 0.029491 -0.096549
v 0.102376 0.029117 -0.085934
v 0.088988 0.032446 -0.106660
v 0.100497 0.032344 -0.074287
v 0.094204 0.029722 -0.068781
v 0.044663 0.039892 -0.104497
v 0.212841 0.241190 -0.036835
v 0.210334 0.252450 -0.020872
v 0.216732 0.234129 -0.017294
v 0.207136 0.260333 -0.037083
v 0.215166 0.230195 -0.031784
v 0.214350 0.227951 -0.048632
v 0.221553 0.205591 -0.036708
v 0.205923 0.249453 -0.049407
v 0.220540 0.215007 -0.030444
v 0.215569 0.208861 -0.052622
v 0.221368 0.221841 -0.024645
v 0.225449 0.222221 -0.013154
v 0.205899 0.235617 -0.058180
v 0.209420 0.216226 -0.061282
v 0.219479 0.185383 -0.041649
v 0.198539 0.265345 -0.046522
v 0.212005 0.266650 -0.029948
v 0.210860 0.203521 -0.058236
v 0.212735 0.259826 -0.022163
v 0.196526 0.251125 -0.056833
v 0.214411 0.179882 -0.045427
v 0.199403 0.225592 -0.065357
v 0.184487 0.261507 -0.056562
v 0.197098 0.270959 -0.048293
v 0.206203 0.268718 -0.040331
v 0.205510 0.281627 -0.031293
v 0.181839 0.266850 -0.057172
v 0.187934 0.281363 -0.043969
v 0.197760 0.287202 -0.029724
v 0.204137 0.201999 -0.061755
v 0.185627 0.240784 -0.064589
v 0.167153 0.261387 -0.059803
v 0.166388 0.255555 -0.060210
v 0.222026 0.180112 -0.044757
v 0.215693 0.168906 -0.050590
v 0.201627 0.183085 -0.052301
v 0.186202 0.220337 -0.065630
v 0.208810 0.175949 -0.044713
v 0.165283 0.259521 -0.059845
v 0.163574 0.258057 -0.060059
v 0.161621 0.257812 -0.059937
v 0.159668 0.257812 -0.059814
v 0.230464 0.173171 -0.054307
v 0.236292 0.180828 -0.043729
v 0.226975 0.205007 -0.041529
v 0.234390 0.206926 -0.040072
v 0.239548 0.198495 -0.036644
v 0.244884 0.189314 -0.038413
v 0.244969 0.203127 -0.030018
v 0.239387 0.211930 -0.024472
v 0.231361 0.216247 -0.033363
v 0.226523 0.222893 -0.029735
v 0.244938 0.213511 -0.021640
v 0.239014 0.218764 -0.014088
v 0.249179 0.184809 -0.049330
v 0.244930 0.225643 -0.016298
v 0.234523 0.224069 -0.015206
v 0.251290 0.225219 -0.019721
v -0.079528 -0.447313 -0.315286
v -0.075729 -0.454516 -0.301753
v -0.082102 -0.476015 -0.315718
v -0.080479 -0.478092 -0.302462
v -0.090093 -0.474881 -0.329265
v -0.090287 -0.444498 -0.328797
v -0.099480 -0.460307 -0.336364
v -0.098679 -0.475638 -0.335052
v -0.097140 -0.394410 -0.287392
v -0.097681 -0.405436 -0.273218
v -0.092525 -0.406397 -0.277755
v -0.089816 -0.402856 -0.285327
v -0.085938 -0.431912 -0.291541
v -0.086440 -0.422638 -0.299746
v -0.079188 -0.446846 -0.301883
v -0.093439 -0.399984 -0.299659
v -0.083504 -0.442748 -0.314500
v -0.092456 -0.426146 -0.314521
v -0.102846 -0.391941 -0.297453
v -0.104501 -0.387282 -0.298480
v -0.078800 -0.456050 -0.293631
v -0.084592 -0.446662 -0.291475
v -0.085069 -0.480793 -0.292378
v -0.095181 -0.427293 -0.279980
v -0.095255 -0.459062 -0.279538
v -0.088141 -0.463690 -0.283118
v -0.080869 0.386240 0.073241
v -0.082708 0.378315 0.083671
v -0.073567 0.391471 0.071553
v -0.076189 0.396795 0.053852
v -0.089161 0.387807 0.051855
v -0.061406 0.408407 0.060043
v -0.058617 0.407714 0.065490
v -0.092986 0.376007 0.068368
v -0.090132 0.365629 0.089211
v -0.051838 0.412826 0.062138
v -0.084442 0.368376 0.092521
v -0.094287 0.383302 0.044170
v -0.083508 0.393433 0.038478
v -0.066136 0.403976 0.044687
v -0.087284 0.349994 0.100903
v -0.096270 0.377325 0.044741
v -0.095190 0.371001 0.064999
v -0.100939 0.369001 0.064273
v -0.113395 0.369110 0.041919
v -0.113792 0.363507 0.056417
v -0.121848 0.363214 0.042100
v -0.111055 0.355820 0.072124
v -0.122538 0.344633 0.067511
v -0.114628 0.341602 0.085064
v -0.128613 0.326445 0.083776
v -0.131735 0.330841 0.069995
v -0.133892 0.332794 0.058122
v -0.138112 0.331364 0.050113
v -0.130677 0.339291 0.049045
v -0.125434 0.352669 0.044258
v -0.102646 0.349186 0.087626
v -0.114911 0.328164 0.096447
v -0.131361 0.353234 0.034527
v -0.127926 0.360613 0.013913
v -0.117237 0.313130 0.103559
v -0.113349 0.369262 0.034292
v -0.092935 0.353132 0.087404
v -0.089501 0.340767 0.098953
v -0.133410 0.349279 0.023691
v -0.123412 0.363051 0.016395
v -0.063785 0.402829 0.031911
v -0.054365 0.409101 0.042322
v -0.155223 0.326312 0.068817
v -0.140493 0.325122 0.085031
v -0.041393 0.413870 0.046729
v -0.042358 0.416112 0.057634
v -0.031429 0.411662 0.067649
v -0.016752 0.414120 0.065729
v -0.016393 0.420041 0.053777
v -0.146904 0.322948 0.090551
v -0.005422 0.413699 0.067432
v 0.002801 0.420180 0.056646
v 0.010974 0.420317 0.060725
v -0.140956 0.318741 0.101129
v -0.150485 0.326214 0.081347
v -0.043208 0.404740 0.069853
v -0.053351 0.406256 0.028782
v -0.033688 0.410705 0.027164
v -0.031914 0.413738 0.036818
v -0.056304 0.395791 0.072114
v -0.054048 0.394767 0.076796
v 0.113095 -0.116924 0.263128
v 0.088116 -0.121127 0.264182
v 0.088041 -0.124988 0.272568
v 0.064182 -0.126063 0.260157
v 0.062493 -0.129315 0.268572
v 0.110845 -0.124172 0.272556
v 0.091192 -0.140443 0.284275
v 0.066316 -0.141697 0.277176
v 0.112440 -0.142925 0.284110
v 0.089922 -0.153910 0.289403
v 0.109021 -0.153057 0.288816
v 0.066566 -0.150638 0.280782
v 0.126861 -0.160340 0.285712
v 0.110426 -0.168334 0.292509
v 0.129822 -0.178506 0.289893
v 0.130056 -0.192524 0.292885
v 0.122725 -0.142355 0.277590
v 0.133937 -0.146704 0.272572
v 0.139167 -0.182652 0.284940
v 0.143258 -0.201219 0.285390
v 0.129800 -0.221427 0.290445
v 0.142763 -0.219903 0.283520
v 0.137002 -0.165450 0.279496
v 0.142938 -0.156406 0.269310
v 0.121152 -0.125409 0.261794
v 0.108789 -0.212678 0.292696
v 0.106087 -0.230641 0.286003
v 0.120963 -0.238300 0.283152
v 0.133225 -0.236843 0.283026
v 0.104387 -0.248517 0.274223
v 0.131883 -0.249739 0.274671
v 0.107447 -0.256939 0.268087
v 0.095499 -0.208862 0.290757
v 0.088157 -0.225043 0.282086
v 0.101265 -0.195956 0.294434
v 0.073991 -0.208527 0.281752
v 0.086728 -0.192290 0.290843
v 0.120394 -0.206254 0.293510
v 0.068077 -0.190801 0.282900
v 0.094727 -0.176437 0.294257
v 0.111012 -0.186589 0.294759
v 0.079848 -0.175767 0.289042
v 0.066207 -0.170905 0.283677
v 0.131094 -0.256776 0.266881
v 0.112393 -0.259529 0.265377
v 0.204398 -0.488318 0.203752
v 0.183031 -0.498203 0.201693
v 0.211304 -0.497710 0.204238
v 0.217753 -0.488447 0.204605
v 0.222345 -0.498611 0.204032
v 0.165353 -0.489622 0.202438
v 0.157139 -0.498534 0.200578
v 0.155636 -0.488093 0.202444
v 0.221659 -0.484189 0.207094
v 0.141228 -0.180183 0.259112
v 0.149455 -0.177620 0.272085
v 0.150378 -0.192021 0.266536
v 0.142938 -0.156406 0.269310
v 0.135446 -0.161315 0.259130
v 0.145316 -0.199389 0.259391
v 0.153377 -0.220430 0.265456
v 0.145001 -0.218846 0.256507
v 0.143068 -0.235730 0.253983
v 0.147423 -0.243657 0.257714
v 0.131512 -0.147481 0.262673
v 0.126929 -0.147362 0.256175
v 0.121152 -0.125409 0.261794
v 0.112890 -0.133028 0.248824
v 0.113206 -0.125529 0.251971
v 0.112107 -0.119217 0.255839
v 0.155341 -0.208240 0.272149
v 0.153382 -0.193932 0.273486
v 0.154326 -0.227171 0.270671
v 0.133937 -0.146704 0.272572
v 0.113095 -0.116924 0.263128
v -0.006728 0.103470 -0.121617
v -0.036699 0.106419 -0.118469
v -0.006992 0.101525 -0.110120
v -0.031579 0.107160 -0.106141
v -0.009823 0.102320 -0.126336
v -0.012303 0.104272 -0.106288
v 0.001382 0.102135 -0.103654
v 0.018843 0.100193 -0.097155
v -0.056238 0.102639 -0.126419
v -0.054820 0.104222 -0.120264
v -0.048172 0.101141 -0.110367
v -0.035708 0.113155 -0.105105
v -0.118507 0.286506 -0.061163
v -0.117434 0.285783 -0.049599
v -0.106663 0.291747 -0.052631
v -0.102133 0.295312 -0.064596
v -0.135696 0.278300 -0.045314
v -0.141904 0.273696 -0.049612
v -0.145016 0.272009 -0.027232
v -0.092299 0.305719 -0.054993
v -0.089251 0.302117 -0.066394
v -0.067676 0.316175 -0.062757
v -0.131845 0.283784 -0.038157
v -0.136445 0.284844 -0.030648
v -0.106193 0.306067 -0.040973
v -0.069957 0.320873 -0.054474
v -0.126835 0.278630 -0.060953
v -0.101528 0.289700 -0.071370
v -0.113136 0.283422 -0.068533
v -0.097244 0.304592 -0.051719
v -0.089064 0.316158 -0.047759
v -0.087212 0.329969 -0.029970
v -0.071949 0.326545 -0.042861
v -0.080628 0.300806 -0.070913
v -0.069595 0.306707 -0.068739
v -0.075456 0.332594 -0.026634
v -0.078198 0.337394 -0.016980
v -0.148557 0.261961 -0.041249
v 0.048065 0.381357 0.095087
v 0.042459 0.377230 0.086690
v 0.044346 0.361818 0.097662
v 0.050915 0.349382 0.114033
v 0.045111 0.340108 0.107077
v 0.049031 0.335543 0.120037
v 0.043300 0.390739 0.075047
v 0.041327 0.320582 0.118934
v 0.053964 0.362472 0.110867
v 0.049554 0.396112 0.079925
v 0.046993 0.407486 0.071238
v 0.052309 0.381129 0.098038
v -0.078653 -0.159602 -0.093538
v -0.082409 -0.170038 -0.105977
v -0.095300 -0.154923 -0.112140
v -0.074855 -0.171132 -0.093828
v -0.069134 -0.158716 -0.079419
v -0.095108 -0.161086 -0.120612
v -0.096511 -0.167323 -0.122995
v -0.071036 -0.169516 -0.082620
v -0.095441 -0.157389 -0.126070
v -0.089113 -0.148172 -0.126794
v -0.132292 -0.231152 -0.107597
v -0.133780 -0.241684 -0.096370
v -0.133925 -0.229727 -0.116804
v -0.122665 -0.225641 -0.095977
v -0.124179 -0.218900 -0.111088
v -0.117860 -0.216799 -0.098712
v -0.117804 -0.222414 -0.080659
v -0.108841 -0.209412 -0.095759
v -0.107648 -0.212699 -0.076956
v -0.092445 -0.192336 -0.096446
v -0.097374 -0.203470 -0.070224
v -0.137843 -0.243455 -0.085018
v -0.101622 -0.190784 -0.110485
v -0.121699 -0.209591 -0.111727
v -0.090027 -0.196555 -0.080133
v -0.071432 -0.173146 -0.067271
v -0.090404 -0.197727 -0.069472
v -0.136666 -0.220917 -0.123726
v -0.111953 -0.192815 -0.118878
v -0.066435 -0.162349 -0.066499
v -0.067943 -0.166594 -0.052422
v -0.131421 -0.214376 -0.121395
v -0.128949 -0.205571 -0.120511
v -0.126938 -0.229699 -0.070745
v -0.080479 -0.182307 -0.054321
v -0.074791 -0.171843 -0.042743
v -0.094355 -0.198858 -0.055675
v -0.113888 -0.214860 -0.058692
v -0.121885 -0.184532 -0.129644
v -0.140547 -0.253471 -0.087559
v -0.139150 -0.202432 -0.127082
v -0.147715 -0.208227 -0.133681
v -0.089104 -0.144728 -0.113255
v -0.073957 -0.145773 -0.099162
v -0.064529 -0.142822 -0.092784
v -0.062939 -0.152705 -0.078479
v -0.072675 -0.130518 -0.115134
v -0.055426 -0.123849 -0.109368
v -0.049854 -0.133719 -0.092620
v -0.042863 -0.139910 -0.079772
v -0.068044 -0.121671 -0.125082
v -0.048944 -0.151758 -0.065308
v -0.037720 -0.142581 -0.067027
v -0.037015 -0.148857 -0.051679
v -0.054429 -0.104420 -0.123010
v -0.060768 -0.111198 -0.125982
v -0.056348 -0.163577 -0.039469
v -0.043787 -0.158040 -0.029820
v -0.035790 -0.151079 -0.034217
v -0.083070 -0.139818 -0.125866
v -0.043977 -0.117640 -0.094517
v -0.036891 -0.123916 -0.079982
v -0.083492 -0.128278 -0.129394
v -0.017155 0.324844 0.189411
v -0.028943 0.320933 0.188572
v -0.017223 0.307226 0.179691
v -0.028532 0.345737 0.200525
v -0.029890 0.301938 0.175318
v -0.021536 0.346418 0.198332
v -0.039443 0.335930 0.191285
v -0.036203 0.349383 0.198821
v -0.038040 0.310147 0.176618
v -0.031342 0.353765 0.200197
v -0.039548 0.301392 0.165596
v -0.031661 0.298508 0.167588
v -0.047237 0.309132 0.162351
v -0.054884 0.357752 0.181408
v -0.053429 0.362822 0.181748
v -0.037892 0.361215 0.195422
v -0.048754 0.370912 0.189708
v -0.055746 0.382780 0.190092
v -0.047812 0.383103 0.194503
v -0.063726 0.385167 0.180828
v -0.038621 0.383597 0.197447
v -0.033841 0.375370 0.203102
v -0.034162 0.382582 0.207638
v -0.028939 0.380033 0.207343
v -0.034332 0.364846 0.209771
v -0.028775 0.359740 0.211150
v -0.029101 0.365065 0.213311
v -0.068262 0.389747 0.183322
v -0.037600 0.388533 0.213403
v -0.053523 0.391277 0.206763
v -0.046373 0.400807 0.216331
v -0.052118 0.408959 0.217151
v -0.042045 0.401353 0.219021
v -0.064040 0.421569 0.208116
v -0.031392 0.403288 0.221058
v -0.030089 0.390403 0.215161
v -0.062130 0.423374 0.216611
v -0.059961 0.390696 0.199049
v -0.041661 0.403769 0.221294
v -0.065716 0.423458 0.212905
v -0.037275 0.403812 0.229030
v -0.023357 0.353381 0.198700
v -0.091912 0.219830 0.241055
v -0.079536 0.208540 0.245548
v -0.101072 0.206137 0.243122
v -0.110175 0.217222 0.240613
v -0.078797 0.220096 0.241246
v -0.110296 0.206722 0.240580
v -0.111430 0.198314 0.245349
v -0.063863 0.223032 0.246872
v -0.064021 0.214651 0.250003
v -0.046490 0.220752 0.255173
v -0.119515 0.198733 0.242637
v -0.047507 0.208367 0.264242
v -0.123960 0.190651 0.251006
v -0.062860 0.209948 0.256606
v -0.040317 0.219772 0.263366
v -0.102956 0.194271 0.260405
v -0.080737 0.200915 0.262878
v -0.083598 0.195852 0.266468
v -0.112668 0.189587 0.266149
v -0.076715 0.202239 0.260498
v -0.068664 0.206317 0.264203
v -0.103522 0.190809 0.270814
v -0.103071 0.182425 0.278143
v -0.111908 0.182248 0.278292
v -0.131411 0.183732 0.269747
v -0.095861 0.192564 0.270742
v -0.120197 0.177649 0.288966
v -0.108821 0.178176 0.292797
v -0.110306 0.174694 0.301586
v -0.091247 0.179003 0.296547
v -0.102749 0.174353 0.310230
v -0.097407 0.178167 0.292436
v -0.092850 0.182056 0.289417
v -0.138424 0.181755 0.278228
v -0.076756 0.174093 0.301017
v -0.093377 0.182730 0.279192
v -0.097327 0.181936 0.277028
v -0.091342 0.173223 0.320308
v -0.077109 0.174832 0.311329
v -0.060952 0.209540 0.275517
v -0.045837 0.209943 0.275574
v -0.074979 0.176025 0.302275
v -0.112121 0.176014 0.308588
v -0.126500 0.181528 0.294947
v -0.101766 0.177783 0.323113
v -0.086487 0.174242 0.289992
v -0.076861 0.170547 0.292204
v -0.121947 0.215502 0.242567
v -0.042274 0.222715 0.273936
v -0.071009 0.221323 0.318012
v -0.081556 0.218026 0.326789
v -0.079081 0.203918 0.328109
v -0.068194 0.200494 0.317310
v -0.063361 0.213547 0.307197
v -0.069974 0.228105 0.312403
v -0.061275 0.226067 0.304113
v -0.055075 0.215908 0.294489
v -0.069783 0.239280 0.307173
v -0.057717 0.200988 0.295815
v -0.052630 0.205171 0.286792
v -0.063570 0.191298 0.303465
v -0.072472 0.187279 0.316311
v -0.082015 0.181768 0.323434
v -0.059899 0.190673 0.291521
v -0.063632 0.196038 0.298171
v -0.077109 0.174832 0.311329
v -0.052953 0.201207 0.280616
v -0.083587 0.229015 0.322679
v -0.086194 0.219086 0.330994
v -0.093522 0.211606 0.333232
v -0.092499 0.202772 0.331439
v -0.080034 0.231963 0.315014
v -0.087331 0.239295 0.317818
v -0.081503 0.240466 0.306938
v -0.093127 0.225947 0.328528
v -0.093365 0.193790 0.328893
v -0.092326 0.182043 0.327415
v -0.101786 0.195596 0.331153
v -0.091342 0.173223 0.320308
v -0.076716 0.241952 0.306443
v -0.106870 0.185901 0.324157
v -0.101766 0.177783 0.323113
v 0.187988 -0.490691 0.240621
v 0.182120 -0.498087 0.242662
v 0.169602 -0.498298 0.240439
v 0.158461 -0.490431 0.236952
v 0.146704 -0.498477 0.238118
v 0.221743 -0.499196 0.244103
v 0.144724 -0.482555 0.235152
v 0.218584 -0.490372 0.240953
v 0.138738 -0.499466 0.240753
v 0.153984 -0.484798 0.234214
v -0.239040 0.167662 0.116961
v -0.234677 0.155214 0.113558
v -0.239771 0.152769 0.111260
v -0.247095 0.158799 0.106149
v -0.249799 0.181391 0.108033
v -0.239311 0.181937 0.118004
v -0.248941 0.192811 0.113201
v -0.240394 0.207734 0.121218
v -0.229687 0.149531 0.116997
v -0.234382 0.140142 0.112926
v -0.222153 0.143102 0.119103
v -0.228159 0.136128 0.115776
v -0.220401 0.129887 0.119939
v -0.232880 0.205036 0.123172
v -0.210833 0.129072 0.123315
v -0.226873 0.218522 0.123947
v -0.241343 0.144204 0.111439
v -0.248116 0.153130 0.108245
v -0.255399 0.168544 0.106882
v -0.207200 0.137727 0.122107
v -0.242693 0.214546 0.122984
v -0.250078 0.200344 0.117598
v -0.235036 0.221849 0.123937
v -0.199526 0.134715 0.122985
v -0.195616 0.143849 0.127903
v -0.181449 0.136116 0.125141
v -0.191116 0.130984 0.123987
v -0.184875 0.150025 0.130854
v -0.174425 0.141510 0.129178
v -0.178225 0.157950 0.135313
v -0.204728 0.128220 0.123887
v -0.162774 0.157376 0.134368
v -0.172924 0.169651 0.136400
v -0.160370 0.184084 0.140966
v -0.154508 0.166270 0.139800
v -0.168412 0.181513 0.137992
v -0.158206 0.157173 0.136483
v -0.167303 0.192736 0.141653
v -0.167616 0.147195 0.133222
v -0.168597 0.196875 0.141890
v -0.154002 0.183339 0.146340
v -0.257687 0.186965 0.115978
v -0.217789 -0.296776 -0.124085
v -0.204917 -0.299910 -0.111984
v -0.222140 -0.293801 -0.105509
v -0.218180 -0.292295 -0.089290
v -0.205594 -0.296107 -0.092112
v -0.206512 -0.290144 -0.071875
v -0.230023 -0.284819 -0.087843
v -0.218711 -0.279597 -0.064667
v -0.236587 -0.281459 -0.094606
v -0.234813 -0.285846 -0.114100
v -0.204389 -0.283165 -0.059642
v -0.235801 -0.271662 -0.075839
v -0.229330 -0.263607 -0.056018
v -0.214651 -0.267915 -0.047229
v -0.222335 -0.254792 -0.041792
v -0.203382 -0.269673 -0.045524
v -0.186437 -0.293213 -0.082627
v -0.184868 -0.289913 -0.072919
v -0.186156 -0.283490 -0.060506
v -0.199366 -0.297937 -0.107107
v -0.186861 -0.296856 -0.103933
v -0.222835 -0.292468 -0.131460
v -0.219430 -0.239597 -0.030684
v 0.079825 -0.246069 0.246712
v 0.089714 -0.255632 0.244340
v 0.091115 -0.257637 0.249917
v 0.077901 -0.238604 0.263904
v 0.070870 -0.232601 0.254713
v 0.107447 -0.256939 0.268087
v 0.101161 -0.261245 0.252546
v 0.104387 -0.248517 0.274223
v 0.085509 -0.239049 0.269823
v 0.088157 -0.225043 0.282086
v 0.074224 -0.225238 0.271498
v 0.073991 -0.208527 0.281752
v 0.112393 -0.259529 0.265377
v 0.105611 -0.278333 0.251772
v 0.115654 -0.274795 0.261834
v 0.119319 -0.297023 0.255197
v 0.111058 -0.302524 0.243121
v 0.130074 -0.326651 0.248231
v 0.123428 -0.328787 0.239029
v 0.130375 -0.312383 0.254962
v 0.105182 -0.308075 0.226073
v 0.131100 -0.346786 0.236713
v 0.140763 -0.359980 0.240732
v 0.117832 -0.329420 0.226873
v 0.136027 -0.367920 0.230427
v 0.128598 -0.358586 0.222302
v 0.097532 -0.292540 0.225543
v 0.147919 -0.378328 0.239878
v 0.095925 -0.278257 0.232766
v 0.093783 -0.298787 0.210347
v 0.103181 -0.314469 0.209232
v 0.112021 -0.324486 0.214813
v 0.123444 -0.348110 0.215404
v 0.137442 -0.385608 0.224018
v 0.088606 -0.273015 0.215655
v 0.135170 -0.384325 0.213979
v 0.140981 -0.403103 0.224046
v 0.091160 -0.258986 0.228259
v 0.140913 -0.414986 0.211176
v 0.149557 -0.400024 0.237130
v 0.144241 -0.424674 0.221015
v 0.150848 -0.417723 0.239462
v 0.143858 -0.436101 0.197284
v 0.145946 -0.434761 0.208435
v 0.146327 -0.429476 0.218427
v 0.139031 -0.415249 0.197465
v 0.114545 -0.328744 0.197704
v 0.087718 -0.259151 0.210502
v 0.083794 -0.245571 0.200548
v 0.083408 -0.259644 0.192894
v 0.083055 -0.277271 0.185970
v 0.087167 -0.290726 0.189820
v 0.091759 -0.284251 0.206861
v 0.094791 -0.298023 0.201697
v 0.099297 -0.309781 0.193435
v 0.083678 -0.287275 0.166649
v 0.089969 -0.301095 0.166368
v 0.080679 -0.274608 0.158937
v 0.086005 -0.290314 0.148805
v 0.080158 -0.262127 0.169450
v 0.134906 -0.379102 0.199460
v 0.128576 -0.359120 0.198468
v 0.119734 -0.338901 0.201133
v 0.141097 -0.406641 0.201447
v 0.100673 -0.313814 0.165935
v 0.109624 -0.322341 0.187156
v 0.082028 -0.247464 0.178048
v 0.098426 -0.308439 0.146012
v 0.091062 -0.295920 0.139407
v 0.123193 -0.337120 0.179392
v 0.116523 -0.328721 0.170209
v 0.131764 -0.355231 0.180531
v 0.141616 -0.383595 0.183369
v 0.145730 -0.420772 0.173530
v 0.146781 -0.431139 0.174795
v 0.146139 -0.438257 0.186256
v 0.145695 -0.439300 0.198819
v 0.090851 -0.243401 0.221497
v 0.081915 -0.255782 0.151707
v 0.134692 -0.354914 0.171370
v 0.126093 -0.336548 0.167656
v 0.120943 -0.328872 0.156308
v 0.150451 -0.400007 0.171586
v 0.108449 -0.318958 0.152309
v 0.088162 -0.274919 0.135774
v 0.082974 -0.240556 0.166808
v 0.076614 -0.238099 0.246921
v 0.070632 -0.227812 0.250501
v 0.145193 -0.413883 0.176019
v 0.098577 -0.258175 0.245234
v 0.147424 -0.422820 0.231207
v 0.085076 -0.235192 0.180789
v 0.098202 -0.254127 0.241120
v 0.060556 -0.209005 0.250543
v 0.153932 -0.443655 0.179436
v 0.154452 -0.443723 0.194381
v 0.152996 -0.429976 0.221118
v 0.089320 -0.253173 0.136587
v 0.155361 -0.413614 0.243873
v 0.141973 -0.341796 0.247855
v 0.089108 -0.232054 0.152006
v 0.089033 -0.226561 0.165472
v 0.153705 -0.437923 0.207881
v 0.091237 -0.233337 0.198217
v 0.124455 -0.281301 0.263184
v 0.161858 -0.408950 0.246682
v 0.097978 -0.219764 0.180068
v 0.102215 -0.211787 0.169565
v 0.159249 -0.396744 0.240754
v -0.055145 0.484863 0.124527
v -0.067636 0.472190 0.133612
v -0.056006 0.484814 0.133723
v -0.060942 0.478687 0.124590
v -0.067093 0.468648 0.124839
v -0.067006 0.477458 0.142258
v -0.057324 0.487475 0.145217
v -0.051464 0.494656 0.137846
v -0.063292 0.481077 0.147781
v -0.051566 0.493746 0.128648
v -0.059340 0.482286 0.120565
v -0.045730 0.495330 0.126887
v -0.050102 0.485157 0.107988
v -0.043792 0.492569 0.115060
v -0.041280 0.500602 0.122865
v -0.065704 0.476408 0.121529
v -0.068551 0.465028 0.114468
v -0.046420 0.494814 0.132091
v -0.045275 0.496871 0.107561
v -0.062358 0.470312 0.114648
v -0.062459 0.470716 0.107876
v -0.058255 0.476724 0.110859
v -0.051452 0.481418 0.111731
v 0.220684 0.022397 0.150936
v 0.233917 0.025177 0.155693
v 0.236473 0.020972 0.169595
v 0.222710 0.015339 0.169957
v 0.228812 0.013717 0.181756
v 0.232123 0.032955 0.139005
v 0.220832 0.038902 0.127066
v 0.232754 0.045502 0.121044
v 0.236935 0.018917 0.185229
v 0.221555 0.051853 0.115390
v 0.220928 0.014175 0.181292
v 0.217193 0.020283 0.159804
v 0.208688 0.025267 0.152795
v 0.207500 0.022386 0.159178
v 0.198648 0.018270 0.168292
v 0.201332 0.010583 0.183582
v 0.238099 0.048632 0.122127
v 0.231442 0.049897 0.112712
v -0.034107 -0.141929 -0.037497
v -0.037015 -0.148857 -0.051679
v -0.037720 -0.142581 -0.067027
v -0.035322 -0.132791 -0.067963
v -0.035790 -0.151079 -0.034217
v -0.036891 -0.123916 -0.079982
v -0.037595 -0.149915 -0.022351
v -0.036274 -0.143892 -0.021324
v -0.029531 -0.131290 -0.022759
v -0.025136 -0.124606 -0.050994
v -0.027437 -0.123271 -0.063771
v -0.019210 -0.108684 -0.062126
v -0.015304 -0.102010 -0.048877
v -0.022437 -0.116837 -0.035544
v -0.027817 -0.112898 -0.079470
v -0.004995 -0.089761 -0.063015
v -0.015008 -0.102541 -0.082298
v 0.007093 -0.078480 -0.082564
v -0.014923 -0.096985 -0.096029
v 0.019203 -0.062930 -0.098645
v 0.004110 -0.077359 -0.056918
v 0.019394 -0.067897 -0.084764
v 0.013833 -0.072967 -0.070425
v -0.043787 -0.158040 -0.029820
v 0.005437 -0.065343 -0.114759
v 0.017953 -0.053445 -0.113218
v -0.006895 -0.078841 -0.033522
v -0.001014 -0.076965 -0.046999
v -0.018682 -0.092129 -0.019137
v -0.014586 -0.090312 -0.032947
v -0.012846 -0.083503 -0.014711
v -0.019143 -0.086031 -0.001970
v -0.025748 -0.097193 -0.008295
v -0.029208 -0.117117 -0.013143
v -0.008152 -0.080923 -0.022364
v 0.137677 -0.013963 0.037580
v 0.144735 -0.027485 0.037868
v 0.132059 -0.025326 0.037252
v 0.126772 -0.010960 0.037139
v 0.143814 -0.008051 0.039977
v 0.123029 -0.003964 0.037946
v 0.150082 -0.021408 0.041226
v 0.134854 -0.038801 0.041192
v 0.151018 -0.036984 0.041830
v -0.058598 0.227121 0.277006
v -0.073914 0.226351 0.277947
v -0.060952 0.209540 0.275517
v -0.045973 0.214258 0.277714
v -0.048989 0.228561 0.275218
v -0.076800 0.232783 0.275828
v -0.069531 0.214092 0.278226
v -0.045837 0.209943 0.275574
v -0.042274 0.222715 0.273936
v -0.059519 0.236377 0.271997
v -0.255663 0.154441 0.123692
v -0.246780 0.143394 0.122514
v -0.253813 0.148673 0.135195
v -0.245140 0.138900 0.138049
v -0.248116 0.153130 0.108245
v -0.241343 0.144204 0.111439
v -0.255399 0.168544 0.106882
v -0.259637 0.161591 0.135142
v -0.259361 0.171721 0.118093
v -0.251620 0.149209 0.148856
v -0.233666 0.134242 0.122381
v -0.232909 0.131064 0.135731
v -0.234382 0.140142 0.112926
v -0.237523 0.135267 0.149659
v -0.239566 0.141758 0.162930
v -0.248684 0.153292 0.162334
v -0.256510 0.165088 0.152798
v -0.240562 0.154271 0.176410
v -0.260575 0.181223 0.135142
v -0.257452 0.180293 0.148684
v -0.230813 0.148655 0.181702
v -0.257687 0.186965 0.115978
v -0.221229 0.138333 0.176188
v -0.221800 0.132267 0.162526
v -0.223241 0.150902 0.191243
v -0.221272 0.128373 0.149588
v -0.228159 0.136128 0.115776
v -0.220401 0.129887 0.119939
v -0.036699 0.106419 -0.118469
v -0.048172 0.101141 -0.110367
v -0.048186 0.103968 -0.100202
v -0.059049 0.097695 -0.103073
v -0.060616 0.100382 -0.090938
v -0.080193 0.087980 -0.079120
v -0.035708 0.113155 -0.105105
v -0.066295 0.092345 -0.099199
v -0.068655 0.098535 -0.079898
v -0.076120 0.092936 -0.064760
v -0.082005 0.088827 -0.051029
v -0.092408 0.081932 -0.058149
v -0.092302 0.083359 -0.055954
v -0.088441 0.081228 -0.033142
v -0.108062 0.076614 -0.060123
v -0.107110 0.082233 -0.039659
v -0.111671 0.081581 -0.056290
v -0.097756 0.080578 -0.029526
v -0.104271 0.077896 -0.016780
v -0.111443 0.077659 -0.032999
v -0.105067 0.069230 0.008338
v -0.112146 0.064685 0.005729
v -0.097946 0.076854 -0.011012
v -0.089231 0.077642 -0.018894
v -0.092514 0.076116 -0.018113
v -0.093152 0.065643 0.007511
v -0.088069 0.067541 -0.005043
v -0.041997 0.170706 0.136561
v -0.039270 0.162675 0.123556
v -0.037126 0.164464 0.136515
v -0.048300 0.175364 0.126889
v -0.028569 0.157166 0.135141
v -0.025250 0.155136 0.126989
v -0.028531 0.154087 0.121572
v -0.044734 0.187606 0.138891
v -0.047941 0.200942 0.131279
v -0.044682 0.200605 0.138581
v -0.036579 0.205078 0.143440
v -0.033295 0.212665 0.145100
v 0.035686 0.140376 0.109087
v 0.016071 0.126496 0.111474
v 0.031449 0.118853 0.097813
v 0.014293 0.099503 0.093370
v 0.024794 0.090419 0.081802
v 0.016707 0.076379 0.079040
v 0.016670 0.146988 0.120531
v 0.023564 0.075940 0.073098
v -0.001559 0.092459 0.092271
v 0.000139 0.061585 0.073553
v 0.023697 0.059654 0.066787
v 0.006598 0.053616 0.067172
v 0.001033 0.123580 0.111818
v 0.048951 0.067303 0.059482
v -0.004392 0.142692 0.121375
v -0.006649 0.151970 0.124950
v 0.017870 0.154439 0.125908
v 0.031928 0.147049 0.116820
v -0.004221 0.156743 0.128109
v 0.010920 0.171468 0.133610
v -0.016664 0.075258 0.081557
v -0.016138 0.097545 0.094546
v -0.004258 0.050748 0.064508
v -0.023144 0.125978 0.110972
v -0.016882 0.060595 0.070949
v -0.018509 0.048504 0.060157
v -0.030852 0.105528 0.095710
v -0.033945 0.088487 0.083256
v -0.031993 0.073570 0.075494
v -0.037707 0.049536 0.055006
v -0.038573 0.140221 0.112276
v -0.043443 0.119484 0.098375
v -0.002916 0.045535 0.063231
v -0.032349 0.043391 0.055765
v -0.043081 0.150572 0.114395
v -0.050650 0.155958 0.115077
v -0.071640 0.149784 0.102808
v -0.059102 0.172361 0.120619
v -0.071396 0.164750 0.114760
v -0.064044 0.180829 0.124748
v -0.053261 0.186525 0.127043
v -0.081679 0.178254 0.119031
v -0.082682 0.149757 0.104070
v -0.094368 0.162840 0.108105
v -0.090869 0.133312 0.095443
v -0.083945 0.132318 0.096714
v -0.072373 0.140951 0.097073
v -0.059276 0.141269 0.099699
v -0.077015 0.137447 0.094710
v -0.083987 0.118781 0.084134
v -0.093496 0.183101 0.115900
v -0.083146 0.200086 0.124403
v -0.066063 0.206203 0.129564
v -0.087112 0.114294 0.078202
v -0.082357 0.215584 0.126115
v -0.098656 0.141297 0.094066
v -0.053129 0.114843 0.087805
v -0.048508 0.092565 0.074848
v -0.046417 0.051463 0.049496
v -0.027262 0.029888 0.056453
v 0.007747 0.039787 0.064492
v -0.106088 0.170473 0.101745
v -0.069485 0.132739 0.084744
v -0.052589 0.088147 0.067433
v -0.101116 0.230051 0.116248
v -0.106391 0.196559 0.108968
v 0.004614 0.028826 0.064218
v -0.097106 0.127809 0.082906
v -0.048432 0.044332 0.054877
v -0.117773 0.194376 0.097827
v -0.120318 0.222133 0.100260
v -0.112475 0.240095 0.108110
v -0.106982 0.256245 0.111378
v -0.000845 0.024326 0.063829
v -0.129623 0.206603 0.087630
v 0.001271 0.045258 0.068756
v 0.024423 0.056529 0.067534
v 0.037937 0.061509 0.064173
v -0.276705 -0.478927 -0.218287
v -0.282353 -0.483796 -0.226395
v -0.275993 -0.490497 -0.215183
v -0.265941 -0.479104 -0.205141
v -0.267374 -0.492075 -0.206935
v -0.261297 -0.489843 -0.192570
v -0.263820 -0.477257 -0.197310
v -0.280034 -0.490748 -0.226510
v -0.270031 -0.472787 -0.205808
v -0.263873 -0.473262 -0.188566
v -0.252969 -0.478349 -0.184443
v -0.280241 -0.491296 -0.239522
v -0.269817 -0.470033 -0.194212
v -0.283842 -0.479593 -0.223074
v -0.247418 -0.472665 -0.182237
v -0.243074 -0.483778 -0.181282
v -0.245087 -0.492653 -0.197013
v -0.242430 -0.495967 -0.186949
v -0.232686 -0.497804 -0.183866
v -0.279646 -0.471940 -0.208955
v -0.253677 -0.492138 -0.192545
v -0.270360 -0.461738 -0.198261
v -0.275128 -0.456992 -0.210841
v -0.255294 -0.460071 -0.187787
v -0.097517 -0.015995 -0.029686
v -0.098439 -0.012976 -0.011799
v -0.108597 -0.012993 -0.023509
v -0.090967 -0.015678 -0.024703
v -0.105612 -0.013695 -0.038128
v -0.113530 -0.004516 -0.005213
v -0.112314 -0.009677 -0.030770
v -0.080985 0.121816 0.066698
v -0.093400 0.114839 0.055133
v -0.086765 0.118822 0.051905
v -0.087112 0.114294 0.078202
v -0.091238 0.120132 0.043759
v -0.084617 0.119021 0.053964
v -0.083987 0.118781 0.084134
v -0.075524 0.130346 0.079557
v -0.077015 0.137447 0.094710
v -0.049902 0.413658 0.240589
v -0.041419 0.407546 0.233578
v -0.042316 0.419095 0.242471
v -0.047089 0.426823 0.246633
v -0.041575 0.433839 0.252150
v -0.050137 0.423977 0.247757
v -0.048910 0.408662 0.232170
v -0.037275 0.403812 0.229030
v -0.045799 0.400677 0.225080
v -0.053989 0.404476 0.224768
v -0.039848 0.410330 0.242288
v -0.052935 0.413858 0.231993
v -0.058141 0.409433 0.225972
v -0.061227 0.421014 0.230938
v -0.053899 0.423175 0.238253
v -0.062913 0.427740 0.239145
v -0.038233 0.424875 0.250124
v -0.047984 0.399822 0.219484
v -0.042045 0.401353 0.219021
v -0.046373 0.400807 0.216331
v -0.044323 0.451456 0.242951
v -0.053598 0.455476 0.237249
v -0.055156 0.447173 0.235546
v -0.050595 0.458667 0.240986
v -0.062593 0.453541 0.234935
v -0.043433 0.461137 0.240879
v -0.039070 0.467375 0.239813
v -0.038520 0.456532 0.247295
v -0.051161 0.441586 0.244466
v -0.055177 0.439853 0.239401
v -0.061526 0.439188 0.238490
v -0.065207 0.441750 0.234647
v -0.044479 0.439370 0.247361
v -0.038506 0.438611 0.252420
v 0.083136 -0.123214 0.258595
v 0.088116 -0.121127 0.264182
v 0.113095 -0.116924 0.263128
v 0.064182 -0.126063 0.260157
v 0.112107 -0.119217 0.255839
v -0.157860 -0.491882 -0.291220
v -0.169915 -0.497675 -0.309724
v -0.150634 -0.497369 -0.286056
v -0.172770 -0.487914 -0.306281
v -0.178208 -0.485825 -0.311539
v -0.175303 -0.494873 -0.316023
v -0.149663 -0.489451 -0.265372
v -0.143942 -0.499326 -0.264084
v -0.146945 -0.486375 -0.262877
v -0.177609 -0.486734 -0.314605
v 0.106965 0.346982 0.101264
v 0.100568 0.329249 0.103921
v 0.106110 0.325715 0.107205
v 0.099460 0.290840 0.104603
v 0.094481 0.305780 0.098594
v 0.101848 0.339201 0.099235
v 0.098567 0.286742 0.101235
v 0.093976 0.286023 0.099543
v 0.104793 0.278639 0.102722
v 0.105404 0.290725 0.105993
v 0.116892 0.305278 0.106915
v 0.127199 0.325780 0.105018
v 0.139357 0.312550 0.103410
v 0.136082 0.288271 0.100356
v 0.149399 0.298453 0.099258
v 0.157689 0.288019 0.093588
v 0.084061 0.314942 0.102897
v 0.116585 0.273551 0.098136
v 0.147886 0.271969 0.090573
v 0.164099 0.278576 0.087202
v 0.163965 0.252921 0.076268
v 0.173457 0.266351 0.076961
v 0.151097 0.258186 0.081561
v 0.139437 0.261115 0.085534
v 0.127284 0.267484 0.091922
v 0.175221 0.254582 0.070306
v 0.140317 0.334985 0.096489
v 0.072236 0.302520 0.112782
v 0.062005 0.331696 0.115858
v 0.080998 0.284422 0.108059
v 0.093577 0.265013 0.101817
v 0.101105 0.280606 0.095320
v 0.128645 0.345212 0.097326
v 0.092806 0.327211 0.094415
v 0.147563 0.321300 0.096060
v 0.077225 0.337201 0.103270
v 0.054934 0.346845 0.117486
v 0.110677 0.355449 0.095918
v 0.097381 0.325350 0.096441
v 0.053964 0.362472 0.110867
v 0.076115 0.351380 0.096872
v 0.088629 0.342953 0.087995
v -0.039745 0.488394 0.094646
v -0.035304 0.471909 0.088120
v -0.043842 0.480039 0.094455
v -0.047822 0.458177 0.089153
v -0.045720 0.492746 0.097050
v -0.032370 0.486740 0.088798
v -0.041426 0.450821 0.080697
v -0.034612 0.489470 0.096573
v -0.028736 0.496433 0.095918
v -0.050332 0.454102 0.084143
v -0.051491 0.484293 0.089745
v -0.052922 0.461107 0.083601
v -0.028104 0.477347 0.088943
v -0.020295 0.475519 0.086070
v -0.024019 0.463076 0.085054
v -0.031328 0.464316 0.085235
v -0.027234 0.457981 0.080768
v -0.022563 0.454556 0.078086
v -0.030839 0.435470 0.074835
v -0.016994 0.449777 0.075992
v -0.017000 0.434980 0.072826
v -0.016752 0.414120 0.065729
v -0.031429 0.411662 0.067649
v -0.002061 0.423836 0.073083
v -0.005422 0.413699 0.067432
v -0.018864 0.471740 0.075731
v -0.015852 0.483123 0.082215
v -0.020381 0.480016 0.092336
v -0.013584 0.492647 0.093119
v -0.017400 0.494961 0.096791
v 0.156542 -0.472435 0.337584
v 0.156577 -0.482293 0.343020
v 0.178466 -0.475085 0.338729
v 0.177832 -0.485537 0.341514
v 0.147185 -0.474723 0.332550
v 0.182075 -0.487380 0.335840
v 0.146253 -0.451465 0.331464
v 0.136176 -0.467664 0.331356
v 0.146871 -0.469287 0.339907
v 0.137571 -0.453714 0.323596
v 0.158325 -0.460134 0.340785
v 0.157568 -0.449796 0.334134
v 0.160124 -0.466862 0.343036
v 0.173593 -0.451455 0.334329
v 0.173634 -0.467491 0.341699
v 0.189366 -0.466895 0.333304
v 0.186814 -0.455240 0.329999
v 0.185696 -0.475862 0.336860
v 0.187983 -0.488745 0.336912
v 0.200027 -0.491108 0.328865
v 0.138219 -0.473468 0.331116
v 0.127058 -0.475120 0.320019
v 0.133877 -0.486849 0.329590
v 0.144066 -0.485029 0.336868
v 0.149062 -0.484076 0.331960
v 0.156372 -0.484992 0.341335
v -0.215231 0.240574 0.111017
v -0.211084 0.242363 0.119445
v -0.221552 0.242432 0.119905
v -0.215512 0.245402 0.130677
v -0.202552 0.244138 0.125440
v -0.218812 0.240901 0.093605
v -0.209165 0.249922 0.134561
v -0.195460 0.247068 0.129745
v -0.197000 0.249237 0.135518
v -0.187584 0.247997 0.132822
v -0.192457 0.255990 0.141528
v -0.181571 0.254154 0.140977
v -0.179919 0.247986 0.134782
v -0.172774 0.251805 0.134531
v -0.150490 0.251971 0.133259
v -0.153027 0.257421 0.142900
v -0.140202 0.257890 0.138625
v -0.143405 0.254348 0.130708
v -0.136333 0.257279 0.127134
v -0.127120 0.262876 0.135924
v -0.126523 0.260068 0.122909
v -0.120315 0.263568 0.120670
v -0.116270 0.267965 0.131976
v -0.109915 0.266273 0.114834
v -0.106778 0.271683 0.126414
v -0.099380 0.269344 0.113406
v -0.100521 0.275844 0.122795
v -0.226210 0.245265 0.112769
v -0.095151 0.276825 0.113970
v -0.221769 0.248230 0.128173
v -0.167433 0.259321 0.144314
v -0.143997 0.263177 0.143098
v -0.213711 -0.209018 -0.043699
v -0.220090 -0.203120 -0.050963
v -0.223558 -0.206780 -0.039606
v -0.212624 -0.214019 -0.030070
v -0.206663 -0.213861 -0.038138
v -0.228418 -0.198712 -0.048798
v -0.225664 -0.191805 -0.062161
v -0.239925 -0.192236 -0.056428
v -0.226801 -0.213250 -0.029954
v -0.235601 -0.203671 -0.042002
v -0.211539 -0.221726 -0.018621
v -0.196473 -0.215356 -0.033519
v -0.196808 -0.225396 -0.021333
v -0.193353 -0.220934 -0.034768
v 0.177854 0.098546 0.154034
v 0.188442 0.097873 0.140892
v 0.175419 0.088722 0.143328
v 0.172113 0.093440 0.154695
v 0.190374 0.086445 0.130629
v 0.199751 0.091765 0.130933
v 0.201595 0.077835 0.121136
v 0.206804 0.067656 0.114549
v 0.175117 0.079879 0.140804
v 0.190280 0.069121 0.129950
v 0.171936 0.080260 0.147933
v 0.160441 0.088443 0.157280
v 0.163554 0.079570 0.151917
v 0.151488 0.077915 0.162433
v 0.152356 0.088464 0.169014
v 0.146938 0.080546 0.171634
v 0.200960 0.058050 0.122340
v 0.147949 0.075195 0.169922
v 0.165362 0.068627 0.155408
v 0.164470 0.096358 0.166788
v 0.149048 0.073608 0.169678
v 0.154217 0.066388 0.170130
v 0.175880 0.097883 0.167998
v 0.206075 0.096297 0.139989
v 0.160436 0.092433 0.175683
v 0.193683 0.101625 0.152753
v -0.023745 0.010837 0.057858
v -0.033493 0.014783 0.067117
v -0.032846 0.003774 0.065076
v -0.024556 0.025137 0.060143
v -0.024553 0.000722 0.053273
v -0.039034 0.031275 0.066978
v -0.035833 -0.002754 0.059271
v -0.043720 0.019138 0.066208
v -0.048876 0.005422 0.061459
v 0.089535 0.041005 -0.099794
v 0.086414 0.047930 -0.090597
v 0.096576 0.039828 -0.086267
v 0.090906 0.049311 -0.074382
v 0.098528 0.039955 -0.070312
v 0.098477 0.029491 -0.096549
v 0.102376 0.029117 -0.085934
v 0.097281 0.041234 -0.062567
v 0.088988 0.032446 -0.106660
v 0.091090 0.062107 -0.066275
v 0.107538 0.034226 -0.047968
v 0.107360 0.021469 -0.051803
v 0.110910 0.005685 -0.050575
v 0.100497 0.032344 -0.074287
v 0.106848 0.056073 -0.044340
v 0.100159 0.014709 -0.063135
v 0.094204 0.029722 -0.068781
v 0.075133 0.046587 -0.104622
v 0.073063 0.035664 -0.113259
v 0.072592 0.052731 -0.090701
v 0.052441 0.056372 -0.096333
v 0.055554 0.048538 -0.105545
v -0.166501 -0.374378 -0.293358
v -0.159572 -0.359257 -0.286350
v -0.155827 -0.376389 -0.301050
v -0.152190 -0.367139 -0.295820
v -0.142369 -0.367601 -0.300515
v -0.143568 -0.349614 -0.287816
v -0.159868 -0.348705 -0.278218
v -0.143622 -0.334884 -0.277907
v -0.170264 -0.360848 -0.279554
v -0.156246 -0.339871 -0.272425
v -0.166269 -0.334766 -0.261767
v -0.155389 -0.329449 -0.263246
v -0.166181 -0.313954 -0.247665
v -0.155707 -0.316641 -0.253736
v -0.171539 -0.333669 -0.256339
v -0.183182 -0.320048 -0.242902
v -0.160422 -0.302609 -0.243732
v -0.146102 -0.384477 -0.308910
v -0.181459 -0.310953 -0.240873
v -0.175997 -0.302786 -0.237607
v -0.161097 -0.291268 -0.236683
v -0.177006 -0.373926 -0.289441
v -0.177901 -0.379633 -0.292854
v -0.181024 -0.334343 -0.254549
v -0.178245 -0.354475 -0.271729
v -0.128491 -0.381823 -0.311153
v -0.143738 -0.335434 -0.270475
v -0.140884 -0.322348 -0.259527
v -0.126873 -0.350825 -0.290108
v -0.126589 -0.370850 -0.303598
v -0.115721 -0.372288 -0.304812
v -0.123365 -0.336378 -0.278386
v -0.129883 -0.331299 -0.275879
v -0.111369 -0.367330 -0.296967
v -0.126343 -0.331543 -0.275146
v -0.127930 -0.330078 -0.274414
v -0.107119 -0.378515 -0.305369
v -0.101208 -0.370132 -0.296895
v -0.115254 -0.347648 -0.283535
v -0.108184 -0.353783 -0.283401
v -0.116730 -0.330463 -0.268412
v -0.100675 -0.366132 -0.285654
v -0.163428 -0.373965 -0.301937
v -0.094367 -0.380783 -0.295540
v -0.175040 -0.244471 -0.220835
v -0.154454 -0.243625 -0.223316
v -0.160159 -0.261572 -0.229742
v -0.172801 -0.278077 -0.232624
v -0.178901 -0.262701 -0.226227
v -0.186749 -0.282847 -0.228707
v -0.190503 -0.254403 -0.218059
v -0.163009 -0.227088 -0.213161
v -0.143455 -0.283832 -0.234057
v -0.142841 -0.262878 -0.229010
v -0.139676 -0.309267 -0.250126
v -0.139375 -0.243055 -0.221273
v -0.143072 -0.222915 -0.210098
v -0.184287 -0.234203 -0.210555
v -0.157823 -0.211910 -0.200484
v -0.175108 -0.218454 -0.201121
v -0.127527 -0.321133 -0.256562
v -0.133118 -0.334025 -0.267771
v -0.138032 -0.218001 -0.204898
v -0.126681 -0.302187 -0.241492
v -0.125325 -0.284176 -0.229164
v -0.129618 -0.281502 -0.228667
v -0.130284 -0.252849 -0.222055
v -0.126863 -0.240048 -0.215530
v -0.121990 -0.331024 -0.261431
v -0.122856 -0.229978 -0.206979
v -0.143056 -0.203279 -0.187974
v -0.157067 -0.201420 -0.187712
v -0.168402 -0.205897 -0.188815
v -0.189766 -0.230777 -0.203787
v -0.116849 -0.264048 -0.217808
v -0.120394 -0.216610 -0.192011
v -0.115184 -0.326274 -0.251886
v -0.109390 -0.248338 -0.207146
v -0.127980 -0.209990 -0.188472
v -0.108748 -0.229650 -0.193433
v -0.117757 -0.302668 -0.233541
v -0.116858 -0.279606 -0.214727
v -0.114525 -0.312465 -0.234281
v -0.130792 -0.202661 -0.174098
v -0.149732 -0.196834 -0.172597
v -0.188953 -0.218115 -0.187559
v -0.163790 -0.200129 -0.175737
v -0.148475 0.317663 0.029411
v -0.153395 0.317610 0.029701
v -0.154411 0.324344 0.045521
v -0.138763 0.325853 0.034499
v -0.138112 0.331364 0.050113
v -0.138387 0.320120 0.019077
v -0.155223 0.326312 0.068817
v -0.153424 0.308947 0.023525
v -0.141552 0.304057 0.005409
v -0.130677 0.339291 0.049045
v -0.154499 0.301090 0.017664
v -0.128591 0.330797 0.012637
v -0.128370 0.323636 -0.004815
v -0.129627 0.338610 0.034805
v -0.138877 0.311410 0.002295
v -0.132121 0.307711 -0.016561
v -0.124232 0.314877 -0.019641
v -0.142229 0.299768 -0.004123
v -0.142601 0.292080 -0.009444
v -0.136445 0.284844 -0.030648
v -0.143948 0.277657 -0.021996
v -0.145016 0.272009 -0.027232
v -0.116693 0.310009 -0.029559
v -0.160509 0.276742 0.012411
v -0.140575 0.284102 -0.006238
v -0.125434 0.352669 0.044258
v -0.106193 0.306067 -0.040973
v -0.161592 0.290615 0.019277
v -0.175803 0.269813 0.022879
v -0.128962 0.340470 0.026685
v -0.106955 0.318621 -0.038626
v -0.147326 0.271187 -0.001385
v -0.097091 0.315804 -0.047888
v -0.097244 0.304592 -0.051719
v -0.098491 0.333885 -0.030594
v -0.092299 0.305719 -0.054993
v -0.106872 0.329333 -0.030518
v -0.107928 0.342358 -0.015533
v -0.096529 0.347732 -0.015527
v -0.107534 0.349435 -0.005802
v -0.100969 0.359911 -0.003262
v -0.111996 0.355549 0.004651
v -0.111037 0.363921 0.014831
v -0.100874 0.368232 0.012045
v -0.118543 0.321405 -0.030728
v -0.100236 0.373627 0.028542
v -0.113349 0.369262 0.034292
v -0.123781 0.334417 -0.020064
v -0.126733 0.326567 -0.017215
v -0.127033 0.343722 -0.008486
v -0.131481 0.335779 -0.000886
v -0.127926 0.360613 0.013913
v -0.123412 0.363051 0.016395
v -0.133308 0.342192 0.010262
v -0.133410 0.349279 0.023691
v -0.131361 0.353234 0.034527
v -0.066465 0.485337 0.107260
v -0.062459 0.470716 0.107876
v -0.050102 0.485157 0.107988
v -0.045275 0.496871 0.107561
v -0.071709 0.477691 0.111802
v -0.068551 0.465028 0.114468
v 0.145442 -0.082195 0.160998
v 0.139171 -0.067393 0.154342
v 0.130695 -0.074146 0.153815
v 0.133321 -0.056633 0.147748
v 0.136885 -0.085473 0.160554
v 0.121944 -0.059808 0.142836
v 0.119832 -0.042921 0.139291
v 0.114346 -0.050651 0.140605
v 0.104852 -0.038217 0.137671
v 0.142348 -0.097015 0.162201
v 0.113769 -0.035638 0.135655
v 0.104904 -0.026000 0.135468
v 0.130134 -0.036966 0.133490
v 0.148545 -0.051746 0.140503
v 0.138882 -0.027796 0.125176
v 0.132457 -0.011300 0.111810
v 0.157696 -0.070950 0.150108
v 0.118427 -0.012398 0.111923
v 0.127945 -0.002787 0.104108
v 0.123586 -0.030477 0.127424
v 0.124577 -0.040540 0.135720
v 0.112244 -0.002466 0.101463
v 0.120701 0.002285 0.096722
v 0.109412 0.001553 0.093657
v 0.149694 -0.096067 0.160819
v 0.165352 -0.080127 0.144906
v 0.143716 -0.102911 0.159349
v 0.119136 -0.038020 0.128241
v 0.107697 -0.016181 0.101109
v 0.111230 -0.023682 0.111632
v 0.113738 -0.030353 0.119790
v 0.106688 -0.010828 0.091510
v 0.104516 -0.005701 0.088355
v 0.102300 -0.016010 0.121931
v 0.097600 -0.022518 0.142314
v 0.092251 -0.011803 0.129144
v 0.089351 -0.017975 0.143981
v 0.093252 -0.002488 0.103439
v -0.206960 0.232278 0.133071
v -0.202552 0.244138 0.125440
v -0.219007 0.225565 0.131194
v -0.214294 0.220822 0.139997
v -0.211084 0.242363 0.119445
v -0.225574 0.220008 0.128489
v -0.220103 0.230653 0.119280
v -0.215231 0.240574 0.111017
v -0.190814 0.233056 0.138282
v -0.202594 0.219221 0.145258
v -0.195460 0.247068 0.129745
v 0.151338 -0.044436 0.052243
v 0.158284 -0.046960 0.054315
v 0.156332 -0.059311 0.052060
v 0.164015 -0.057781 0.057204
v 0.154944 -0.036302 0.057989
v 0.163565 -0.043415 0.062204
v 0.154444 -0.030508 0.063419
v -0.222146 0.140099 0.105647
v -0.207200 0.137727 0.122107
v -0.222153 0.143102 0.119103
v -0.204532 0.134845 0.106028
v -0.220182 0.142887 0.091747
v -0.204957 0.139158 0.090284
v -0.204509 0.146351 0.078004
v -0.220295 0.152790 0.078040
v -0.228993 0.151142 0.091895
v -0.232324 0.150009 0.104842
v -0.203208 0.161398 0.060623
v -0.190608 0.164245 0.058761
v -0.219175 0.165805 0.067158
v -0.188888 0.192711 0.036324
v -0.206145 0.184634 0.046634
v -0.199428 0.198684 0.036834
v -0.189793 0.197793 0.029637
v -0.174619 0.194738 0.033075
v -0.176175 0.189807 0.042151
v -0.175681 0.204924 0.026400
v -0.154701 0.213206 0.029064
v -0.159975 0.225115 0.020881
v -0.139542 0.224853 0.027630
v -0.140232 0.229221 0.022315
v -0.152483 0.239859 0.014579
v -0.142309 0.237268 0.014477
v -0.147004 0.243694 0.009447
v -0.199193 0.202971 0.030539
v -0.165253 0.186643 0.057428
v -0.169983 0.169695 0.074162
v -0.177777 0.171455 0.060196
v -0.186963 0.152836 0.076188
v -0.172286 0.159941 0.091678
v -0.189792 0.144172 0.091392
v -0.155894 0.187552 0.075652
v -0.155708 0.181484 0.092342
v -0.143302 0.193189 0.090409
v -0.176037 0.153819 0.102813
v -0.191195 0.140401 0.103808
v -0.153502 0.181774 0.106249
v -0.135102 0.199918 0.104557
v -0.133975 0.202430 0.077088
v -0.148234 0.191450 0.074080
v -0.129623 0.206603 0.087630
v -0.135747 0.201163 0.067577
v -0.152357 0.192401 0.059497
v -0.139661 0.206165 0.051449
v -0.164750 0.191865 0.042776
v -0.139665 0.214177 0.040174
v -0.176369 0.155302 0.116851
v -0.120318 0.222133 0.100260
v -0.187089 0.147996 0.125547
v -0.160752 0.175536 0.117729
v -0.139383 0.199417 0.117006
v -0.157457 0.183059 0.122907
v -0.170381 0.168205 0.129571
v -0.195616 0.143849 0.127903
v -0.184875 0.150025 0.130854
v -0.181482 0.156527 0.132031
v -0.123371 0.227050 0.112771
v -0.172924 0.169651 0.136400
v -0.178225 0.157950 0.135313
v -0.069799 0.218280 0.283398
v -0.056558 0.207101 0.277600
v -0.069531 0.214092 0.278226
v -0.063037 0.222962 0.290325
v -0.055075 0.215908 0.294489
v -0.063087 0.230634 0.296414
v -0.069350 0.233619 0.287867
v -0.070366 0.240747 0.295237
v -0.078419 0.235678 0.282420
v -0.073914 0.226351 0.277947
v -0.052630 0.205171 0.286792
v -0.052953 0.201207 0.280616
v -0.063543 0.201209 0.265943
v -0.060952 0.209540 0.275517
v -0.068664 0.206317 0.264203
v -0.081473 0.243566 0.295322
v -0.082955 0.240977 0.282899
v -0.076800 0.232783 0.275828
v -0.069783 0.239280 0.307173
v -0.061275 0.226067 0.304113
v 0.155979 0.321275 -0.022064
v 0.161963 0.313156 -0.013495
v 0.153334 0.316467 -0.004028
v 0.144708 0.324402 -0.017734
v 0.157705 0.313666 0.002785
v 0.164912 0.308506 -0.000697
v 0.172490 0.307385 -0.009799
v 0.172533 0.302514 0.002080
v 0.140313 0.333318 -0.025750
v 0.166988 0.316758 -0.021218
v 0.164464 0.306152 0.002366
v 0.177738 0.304420 -0.003658
v 0.146463 0.319625 -0.008935
v 0.140694 0.322901 -0.011433
v 0.134794 0.324579 -0.014714
v 0.124621 0.333664 -0.014173
v 0.127102 0.338408 -0.022691
v 0.173260 0.300124 0.003110
v 0.182525 0.308960 -0.009226
v 0.178096 0.297597 0.011563
v 0.122649 0.348332 -0.021307
v 0.118444 0.342387 -0.008076
v 0.116606 0.354121 -0.011220
v 0.114873 0.347112 -0.002354
v 0.111643 0.352388 0.007028
v 0.108941 0.362436 0.011496
v 0.106882 0.356975 0.015264
v 0.113959 0.362401 -0.001309
v 0.183934 0.057310 0.195555
v 0.180009 0.051356 0.206203
v 0.188461 0.055358 0.208249
v 0.175447 0.055634 0.176880
v 0.176891 0.046743 0.199056
v 0.193984 0.041981 0.219845
v 0.184810 0.040494 0.213426
v 0.181639 0.066636 0.191357
v 0.183851 0.063935 0.212005
v 0.184460 0.058006 0.212742
v 0.193357 0.022804 0.203665
v 0.180197 0.033042 0.192618
v 0.191114 0.018815 0.198136
v 0.179389 0.029040 0.182020
v 0.186679 0.021034 0.181734
v 0.191122 0.015431 0.183817
v 0.175765 0.043234 0.178214
v 0.201332 0.010583 0.183582
v 0.203823 0.012624 0.194545
v 0.204405 0.020598 0.208783
v 0.195792 0.026612 0.209588
v 0.187573 0.034357 0.197189
v 0.187131 0.034219 0.210407
v 0.194841 0.035110 0.218929
v 0.180591 0.039888 0.196856
v 0.200153 0.050828 0.228653
v 0.191892 0.047955 0.224465
v 0.188169 0.055881 0.223592
v 0.180565 0.042795 0.188823
v 0.186151 0.041663 0.192252
v -0.075524 0.130346 0.079557
v -0.069485 0.132739 0.084744
v -0.072373 0.140951 0.097073
v -0.059276 0.141269 0.099699
v -0.075383 0.122796 0.069585
v -0.080985 0.121816 0.066698
v -0.084617 0.119021 0.053964
v -0.077015 0.137447 0.094710
v 0.011870 0.338543 -0.029152
v 0.010723 0.330536 -0.020299
v 0.010787 0.335674 -0.011830
v 0.012475 0.345332 -0.012209
v 0.010434 0.341344 -0.001987
v 0.010222 0.346601 0.006212
v 0.009811 0.351668 0.015336
v 0.008665 0.327355 -0.026937
v 0.010863 0.334775 -0.044777
v 0.006660 0.323637 -0.034331
v 0.008166 0.321176 -0.048167
v 0.012196 0.330040 -0.051954
v 0.014059 0.356167 0.009199
v 0.015711 0.351604 -0.004827
v 0.016352 0.363811 0.023012
v 0.016085 0.345909 -0.022963
v 0.014940 0.340551 -0.031808
v 0.018601 0.315817 -0.052468
v 0.024812 0.325152 -0.057345
v 0.219646 0.059911 0.217033
v 0.214014 0.052706 0.215685
v 0.224496 0.052726 0.215513
v 0.220298 0.034831 0.212393
v 0.213276 0.063516 0.218446
v 0.236429 0.039025 0.204182
v 0.230014 0.021161 0.190464
v 0.228741 0.023286 0.197895
v 0.222500 0.021724 0.197634
v 0.220928 0.014175 0.181292
v 0.215751 0.016895 0.195450
v 0.219293 0.026154 0.208053
v 0.203823 0.012624 0.194545
v 0.204405 0.020598 0.208783
v 0.201332 0.010583 0.183582
v 0.223927 0.030314 0.205545
v 0.204009 0.031685 0.218125
v 0.228812 0.013717 0.181756
v 0.236935 0.018917 0.185229
v 0.235082 0.028491 0.195633
v 0.212001 0.048757 0.220464
v 0.200153 0.050828 0.228653
v 0.207449 0.051323 0.224919
v 0.194841 0.035110 0.218929
v 0.195792 0.026612 0.209588
v 0.191114 0.018815 0.198136
v 0.186340 0.073800 0.188127
v 0.177290 0.069020 0.170136
v 0.181639 0.066636 0.191357
v 0.186961 0.069820 0.209375
v 0.183851 0.063935 0.212005
v 0.184566 0.078355 0.176519
v 0.193780 0.075235 0.208166
v 0.196828 0.080915 0.197279
v 0.190651 0.080280 0.181474
v 0.193601 0.065282 0.221395
v 0.188169 0.055881 0.223592
v 0.193164 0.088601 0.182000
v 0.175447 0.055634 0.176880
v 0.205262 0.094027 0.179591
v 0.206307 0.079734 0.210149
v 0.199585 0.077393 0.204834
v 0.199219 0.075195 0.205078
v 0.188733 0.095310 0.170327
v 0.183098 0.091832 0.172599
v 0.202272 0.066907 0.222435
v 0.184460 0.058006 0.212742
v 0.200874 0.098985 0.165687
v 0.200153 0.050828 0.228653
v 0.175880 0.097883 0.167998
v 0.193683 0.101625 0.152753
v 0.177854 0.098546 0.154034
v 0.188442 0.097873 0.140892
v 0.197998 0.075684 0.206665
v -0.168578 -0.477866 -0.231033
v -0.168923 -0.499349 -0.232303
v -0.170350 -0.493878 -0.240618
v -0.170241 -0.472016 -0.234396
v -0.033295 0.212665 0.145100
v -0.038235 0.214119 0.135299
v -0.047941 0.200942 0.131279
v -0.044682 0.200605 0.138581
v -0.021667 0.223096 0.138781
v -0.014800 0.218274 0.146993
v 0.002256 0.217625 0.139957
v 0.141465 0.083145 -0.032035
v 0.129110 0.089302 -0.046277
v 0.137824 0.090741 -0.027954
v 0.142671 0.084757 -0.020434
v 0.136714 0.068110 -0.043062
v 0.126390 0.084975 -0.051386
v 0.146785 0.048124 -0.032328
v 0.139081 0.049152 -0.044174
v 0.132042 0.050116 -0.054513
v 0.145000 0.042748 -0.032496
v 0.147593 0.047074 -0.021572
v 0.146077 0.042654 -0.021650
v 0.149891 0.030043 -0.021657
v 0.150432 0.025884 -0.033732
v 0.137265 0.043324 -0.043024
v 0.139001 0.020969 -0.048204
v 0.131313 0.043092 -0.053550
v 0.138077 0.002107 -0.057339
v 0.144838 0.003661 -0.045392
v 0.152140 0.005362 -0.035259
v 0.153304 0.005716 -0.020759
v 0.129020 0.025628 -0.058409
v 0.131179 0.003896 -0.060838
v 0.120458 0.046994 -0.053773
v 0.118002 0.090412 -0.047535
v 0.121487 0.076790 -0.052389
v 0.166809 0.081509 0.182751
v 0.157874 0.070504 0.180343
v 0.172228 0.070546 0.175708
v 0.157801 0.079154 0.183908
v 0.181294 0.080931 0.176458
v 0.177290 0.069020 0.170136
v 0.184566 0.078355 0.176519
v 0.163329 0.065166 0.165470
v 0.154217 0.066388 0.170130
v 0.176324 0.068486 0.153263
v 0.183098 0.091832 0.172599
v 0.173537 0.094791 0.175515
v 0.156123 0.086862 0.181203
v 0.144852 -0.006577 0.043129
v 0.143814 -0.008051 0.039977
v 0.123029 -0.003964 0.037946
v 0.125471 0.001140 0.044134
v 0.116352 0.006670 0.045420
v 0.127852 0.002373 0.053242
v 0.134164 0.002010 0.066573
v 0.127569 0.003945 0.081514
v 0.151018 -0.036984 0.041830
v 0.154944 -0.036302 0.057989
v 0.151338 -0.044436 0.052243
v 0.150082 -0.021408 0.041226
v 0.154444 -0.030508 0.063419
v 0.147372 -0.012446 0.053688
v 0.152781 -0.030578 0.074039
v 0.140751 -0.012500 0.080108
v 0.147333 -0.029840 0.095484
v 0.163565 -0.043415 0.062204
v 0.164647 -0.052351 0.085018
v 0.168208 -0.056674 0.077735
v 0.170319 -0.066284 0.094398
v 0.156670 -0.054584 0.119876
v 0.150876 -0.040489 0.108213
v 0.138882 -0.027796 0.125176
v 0.132457 -0.011300 0.111810
v 0.127945 -0.002787 0.104108
v 0.173660 -0.079629 0.118765
v 0.148545 -0.051746 0.140503
v 0.163808 -0.068297 0.126890
v 0.157696 -0.070950 0.150108
v 0.165352 -0.080127 0.144906
v 0.175105 -0.089431 0.128656
v 0.172783 -0.078360 0.106499
v 0.169050 -0.095422 0.142733
v 0.164015 -0.057781 0.057204
v 0.169348 -0.085019 0.097706
v 0.166184 -0.078371 0.082454
v 0.149694 -0.096067 0.160819
v 0.001271 0.045258 0.068756
v 0.004614 0.028826 0.064218
v 0.000268 0.030401 0.072298
v -0.000933 0.040959 0.077483
v -0.002033 0.031922 0.079620
v -0.004299 0.047199 0.079495
v -0.005124 0.018540 0.075842
v -0.002838 0.019378 0.069901
v -0.002464 0.004774 0.076495
v 0.001593 0.009338 0.063453
v -0.000845 0.024326 0.063829
v -0.003552 0.014229 0.063213
v 0.007747 0.039787 0.064492
v -0.004258 0.050748 0.064508
v -0.000399 0.011037 0.079512
v 0.151018 -0.036984 0.041830
v 0.151338 -0.044436 0.052243
v 0.137846 -0.042971 0.050810
v 0.134854 -0.038801 0.041192
v 0.140777 -0.055317 0.057381
v 0.156332 -0.059311 0.052060
v 0.145206 -0.063096 0.057598
v 0.140172 -0.067230 0.059838
v -0.076251 0.407784 0.111033
v -0.075039 0.393311 0.114184
v -0.084206 0.400400 0.113984
v -0.086774 0.418742 0.112608
v -0.077815 0.419865 0.111006
v -0.083491 0.386442 0.120391
v -0.074092 0.382906 0.120368
v -0.080477 0.374474 0.129294
v -0.073646 0.377069 0.123410
v -0.068519 0.366059 0.125270
v -0.073479 0.360410 0.138027
v -0.060637 0.353671 0.129919
v -0.057665 0.365915 0.118483
v -0.052479 0.353498 0.123357
v -0.048768 0.340169 0.129079
v -0.068265 0.373430 0.118238
v -0.062539 0.349080 0.138858
v -0.066218 0.344415 0.146781
v -0.059597 0.331984 0.150779
v -0.042170 0.327376 0.135832
v -0.047082 0.321428 0.149348
v -0.054320 0.320803 0.155852
v -0.047237 0.309132 0.162351
v -0.037491 0.311835 0.147389
v -0.034286 0.318976 0.138575
v -0.033332 0.300859 0.155399
v -0.025638 0.305503 0.148673
v -0.026464 0.312718 0.140538
v -0.015776 0.310583 0.139631
v -0.015508 0.306959 0.143004
v -0.039548 0.301392 0.165596
v -0.067704 0.376498 0.103109
v -0.073209 0.407346 0.105140
v -0.026297 0.314584 0.128160
v -0.061892 0.371966 0.090968
v -0.033686 0.317599 0.122664
v -0.041941 0.326083 0.120407
v -0.050176 0.341724 0.119616
v -0.018577 0.310913 0.124010
v -0.058432 0.357958 0.103951
v -0.060678 0.353683 0.090476
v -0.056688 0.339088 0.102927
v -0.053478 0.319995 0.101662
v -0.050986 0.309105 0.100631
v -0.057666 0.325577 0.097218
v -0.060569 0.338452 0.093501
v -0.037929 0.309656 0.111838
v -0.028797 0.301578 0.110615
v -0.080124 0.424882 0.113013
v -0.052922 0.461107 0.083601
v -0.050332 0.454102 0.084143
v -0.053537 0.451855 0.086098
v -0.041426 0.450821 0.080697
v -0.060892 0.448899 0.089086
v -0.038953 0.430128 0.076464
v -0.056142 0.422451 0.085647
v -0.030839 0.435470 0.074835
v -0.031429 0.411662 0.067649
v -0.045135 0.404713 0.072811
v -0.054048 0.394767 0.076796
v -0.064829 0.422833 0.092446
v -0.073238 0.442343 0.097713
v -0.063976 0.401040 0.090789
v -0.062650 0.383641 0.086024
v -0.078510 0.447561 0.106207
v -0.063557 0.454973 0.097150
v -0.053684 0.467860 0.089330
v -0.060558 0.476141 0.101980
v -0.051786 0.481798 0.096550
v -0.071701 0.454928 0.100465
v -0.043208 0.404740 0.069853
v -0.082866 0.438681 0.121994
v -0.082528 0.456862 0.122553
v -0.076309 0.452171 0.108982
v -0.073624 0.464125 0.102023
v -0.079131 0.465194 0.124278
v -0.074701 0.467767 0.115028
v -0.073840 0.481201 0.121826
v -0.072028 0.477197 0.105027
v -0.076526 0.481810 0.136212
v -0.081186 0.467654 0.138448
v -0.053390 0.483042 0.101986
v 0.015750 0.260826 0.126667
v 0.014370 0.251352 0.142747
v 0.022940 0.261790 0.134064
v 0.034617 0.269374 0.127393
v 0.008658 0.250182 0.132062
v 0.036088 0.261748 0.136091
v 0.037799 0.252134 0.142169
v 0.008786 0.235836 0.137266
v 0.036519 0.236606 0.143436
v 0.013768 0.231747 0.139937
v 0.035582 0.227694 0.141110
v 0.021346 0.219485 0.142352
v 0.032887 0.219104 0.142857
v 0.011817 0.197121 0.138180
v 0.002256 0.217625 0.139957
v -0.021667 0.223096 0.138781
v 0.046891 0.242174 0.133218
v -0.051843 0.241099 0.126944
v -0.055682 0.227153 0.129751
v -0.022823 0.237273 0.134236
v -0.021668 0.251353 0.128917
v -0.048241 0.252210 0.123574
v -0.000586 0.256492 0.127036
v 0.012056 0.275235 0.118558
v -0.003177 0.277865 0.114653
v -0.024668 0.262033 0.120832
v -0.048885 0.274046 0.112054
v -0.015907 0.289841 0.105948
v -0.033592 0.275505 0.111329
v -0.034707 0.291020 0.102638
v -0.002610 0.296511 0.105823
v 0.033813 0.282928 0.120853
v -0.045508 0.296325 0.101432
v 0.011840 0.293817 0.113089
v 0.044967 0.273233 0.124505
v 0.011621 0.307992 0.107794
v 0.015809 0.322897 0.105236
v 0.044200 0.257649 0.130379
v 0.046714 0.292093 0.121999
v -0.038235 0.214119 0.135299
v 0.052820 0.275483 0.127533
v 0.063928 0.278907 0.128016
v 0.060071 0.302245 0.118991
v 0.034592 0.312939 0.118168
v 0.046603 0.311243 0.121140
v 0.041327 0.320582 0.118934
v 0.031630 0.327018 0.110141
v 0.025518 0.312302 0.116195
v 0.020273 0.335739 0.100979
v 0.030258 0.341825 0.103235
v 0.045111 0.340108 0.107077
v 0.044346 0.361818 0.097662
v 0.031313 0.364953 0.093013
v 0.042459 0.377230 0.086690
v 0.021064 0.371589 0.089417
v 0.025842 0.385620 0.082763
v 0.023173 0.348850 0.095893
v 0.024757 0.359274 0.091291
v 0.051184 0.329789 0.121581
v 0.049031 0.335543 0.120037
v 0.054934 0.346845 0.117486
v 0.050915 0.349382 0.114033
v 0.053964 0.362472 0.110867
v -0.050986 0.309105 0.100631
v -0.047941 0.200942 0.131279
v -0.066068 0.221338 0.129506
v -0.076240 0.231338 0.127004
v -0.082357 0.215584 0.126115
v -0.066063 0.206203 0.129564
v -0.057673 0.239649 0.129782
v -0.079506 0.241522 0.127410
v -0.058787 0.249231 0.128252
v -0.081145 0.251550 0.126910
v -0.080402 0.257464 0.123095
v -0.055730 0.252541 0.125999
v -0.070166 0.278482 0.113150
v -0.086691 0.265661 0.117742
v -0.087772 0.275564 0.114201
v -0.095151 0.276825 0.113970
v -0.055215 0.284711 0.110862
v -0.092777 0.252278 0.119418
v -0.099380 0.269344 0.113406
v -0.106982 0.256245 0.111378
v -0.067051 0.295536 0.112319
v 0.062005 0.331696 0.115858
v 0.058270 0.270924 0.121022
v -0.100977 0.289634 0.114985
v -0.090664 0.294211 0.116234
v -0.106772 0.314804 0.108982
v -0.086932 0.310120 0.113739
v -0.095729 0.331900 0.103647
v -0.082898 0.328335 0.106054
v -0.109640 0.300093 0.110815
v -0.089501 0.340767 0.098953
v -0.074572 0.310047 0.111210
v 0.073506 0.267314 0.116632
v 0.076448 0.274097 0.115427
v 0.069155 0.237201 0.127121
v 0.056523 0.225794 0.134005
v 0.093609 0.254551 0.112405
v 0.092334 0.263123 0.110724
v 0.085637 0.270658 0.110614
v -0.065890 0.308469 0.114781
v -0.057478 0.300386 0.112412
v -0.074324 0.326377 0.111043
v -0.065668 0.318412 0.111864
v -0.076333 0.340739 0.106519
v -0.082018 0.345182 0.105597
v -0.070607 0.353056 0.096815
v -0.117237 0.313130 0.103559
v -0.114911 0.328164 0.096447
v -0.102646 0.349186 0.087626
v -0.101116 0.230051 0.116248
v -0.092935 0.353132 0.087404
v 0.043300 0.390739 0.075047
v 0.028646 0.398685 0.071193
v 0.034446 0.406769 0.070490
v 0.046993 0.407486 0.071238
v 0.010516 0.416849 0.065838
v 0.013908 0.402414 0.071636
v 0.034564 0.413102 0.066847
v 0.006893 0.405839 0.072745
v 0.001335 0.411607 0.068200
v 0.072236 0.302520 0.112782
v -0.005422 0.413699 0.067432
v 0.010974 0.420317 0.060725
v -0.065471 0.367597 0.089270
v -0.084442 0.368376 0.092521
v -0.087284 0.349994 0.100903
v -0.082708 0.378315 0.083671
v -0.066301 0.379956 0.083157
v -0.073567 0.391471 0.071553
v -0.054048 0.394767 0.076796
v -0.060678 0.353683 0.090476
v -0.061892 0.371966 0.090968
v -0.060569 0.338452 0.093501
v 0.080998 0.284422 0.108059
v -0.119630 0.306699 0.110991
v -0.131874 0.313661 0.106694
v 0.015366 0.394219 0.080374
v 0.019334 0.387992 0.083813
v 0.020182 0.379314 0.088236
v 0.000029 0.307008 0.109547
v -0.140956 0.318741 0.101129
v 0.074024 0.277482 0.119294
v -0.062650 0.383641 0.086024
v -0.028797 0.301578 0.110615
v -0.017025 0.302679 0.113453
v -0.057666 0.325577 0.097218
v -0.100521 0.275844 0.122795
v -0.114391 0.283541 0.129109
v -0.106778 0.271683 0.126414
v -0.119954 0.274862 0.134368
v -0.124597 0.296994 0.128662
v -0.141698 0.296290 0.134361
v -0.135868 0.270146 0.140772
v -0.157188 0.278722 0.141170
v -0.160846 0.296419 0.136611
v -0.176576 0.279446 0.141683
v -0.143997 0.263177 0.143098
v -0.141291 0.314233 0.126409
v -0.167433 0.259321 0.144314
v -0.193760 0.260816 0.141678
v -0.192457 0.255990 0.141528
v -0.153027 0.257421 0.142900
v -0.116270 0.267965 0.131976
v -0.127120 0.262876 0.135924
v -0.181571 0.254154 0.140977
v -0.197000 0.249237 0.135518
v -0.209165 0.249922 0.134561
v 0.072651 0.008307 0.084276
v 0.066158 0.011557 0.099037
v 0.059102 0.006531 0.091897
v 0.060554 0.004003 0.084411
v 0.050960 -0.000906 0.085158
v 0.057493 0.009122 0.095506
v 0.049896 0.005394 0.091711
v 0.042291 -0.000698 0.087702
v 0.041595 -0.007339 0.077777
v 0.033474 -0.003902 0.085415
v 0.034450 -0.006023 0.078036
v 0.071078 0.016522 0.093185
v 0.030995 -0.002628 0.070027
v 0.078083 0.015000 0.071287
v 0.076072 0.009871 0.074034
v 0.177738 0.304420 -0.003658
v 0.184076 0.303352 0.017673
v 0.178096 0.297597 0.011563
v 0.184573 0.309882 0.007265
v 0.180829 0.292973 0.022590
v 0.184124 0.291940 0.038342
v 0.181170 0.284797 0.033586
v 0.179965 0.271522 0.044634
v 0.181215 0.266773 0.059792
v 0.176330 0.264083 0.052573
v 0.171784 0.256605 0.058052
v 0.175221 0.254582 0.070306
v 0.182525 0.308960 -0.009226
v 0.166693 0.251489 0.062843
v -0.034612 0.489470 0.096573
v -0.045720 0.492746 0.097050
v -0.045004 0.479142 0.101985
v -0.047156 0.481768 0.101703
v -0.031530 0.486764 0.099653
v -0.028736 0.496433 0.095918
v -0.113239 0.005819 -0.032915
v -0.105612 -0.013695 -0.038128
v -0.112314 -0.009677 -0.030770
v -0.114487 -0.003113 -0.024059
v -0.114993 0.020940 -0.031051
v -0.114893 0.006322 -0.001176
v -0.113530 -0.004516 -0.005213
v -0.113848 0.031358 -0.001327
v -0.114887 0.047337 -0.016606
v -0.116348 0.048672 -0.039900
v -0.115635 0.030036 -0.045439
v -0.115315 0.040274 -0.058786
v -0.114333 0.069707 -0.058417
v -0.115880 0.006061 -0.036763
v -0.116596 -0.010368 -0.057186
v -0.115313 -0.006245 -0.040568
v -0.114627 0.071383 -0.030546
v -0.112146 0.064685 0.005729
v -0.116517 -0.011584 -0.053112
v -0.115088 0.011547 -0.057554
v -0.113797 0.031434 -0.058502
v -0.111671 0.081581 -0.056290
v -0.111443 0.077659 -0.032999
v -0.107110 0.082233 -0.039659
v -0.111106 0.034128 0.002699
v -0.107623 -0.018034 -0.041253
v -0.103451 -0.021164 -0.032876
v -0.097517 -0.015995 -0.029686
v -0.090967 -0.015678 -0.024703
v -0.094156 -0.030037 -0.010375
v -0.025250 0.155136 0.126989
v -0.004221 0.156743 0.128109
v -0.012177 0.155248 0.135177
v -0.028569 0.157166 0.135141
v 0.212150 -0.397630 0.140786
v 0.219796 -0.400318 0.154195
v 0.208628 -0.404907 0.150391
v 0.217104 -0.404679 0.159819
v 0.200608 -0.403702 0.145466
v 0.201744 -0.397011 0.134585
v 0.188333 -0.397432 0.133112
v 0.177583 -0.402940 0.138410
v 0.220842 -0.401331 0.169471
v -0.036457 0.471583 0.236099
v -0.034223 0.467644 0.221581
v -0.037134 0.464165 0.229708
v -0.039070 0.467375 0.239813
v -0.030231 0.477643 0.224065
v -0.033131 0.479024 0.217463
v -0.194672 -0.359233 -0.176301
v -0.189572 -0.373251 -0.190053
v -0.186734 -0.370437 -0.181808
v -0.181529 -0.382292 -0.192864
v -0.186223 -0.385449 -0.206290
v -0.194362 -0.352622 -0.164063
v -0.199553 -0.345997 -0.162545
v -0.199974 -0.337447 -0.145403
v -0.207774 -0.326013 -0.141423
v -0.210312 -0.318733 -0.132784
v -0.181686 -0.395271 -0.210721
v -0.178906 -0.408250 -0.224382
v -0.172773 -0.414508 -0.223531
v -0.198890 -0.323602 -0.127241
v -0.176938 -0.388566 -0.200625
v -0.199069 -0.308966 -0.117114
v -0.214408 -0.307458 -0.126453
v -0.204917 -0.299910 -0.111984
v -0.186280 -0.352961 -0.159720
v -0.183468 -0.363011 -0.172069
v -0.199366 -0.297937 -0.107107
v -0.187292 -0.337128 -0.140577
v -0.189687 -0.321330 -0.122280
v -0.186861 -0.296856 -0.103933
v -0.177276 -0.419815 -0.228777
v -0.171375 -0.424328 -0.228847
v -0.217789 -0.296776 -0.124085
v -0.183229 -0.414070 -0.235104
v -0.222835 -0.292468 -0.131460
v 0.158922 0.250837 0.067719
v 0.163965 0.252921 0.076268
v 0.151097 0.258186 0.081561
v 0.145492 0.252205 0.073136
v 0.134428 0.256561 0.076738
v 0.139437 0.261115 0.085534
v 0.166693 0.251489 0.062843
v 0.175221 0.254582 0.070306
v 0.131219 0.261660 0.079802
v 0.108773 0.229465 0.028316
v 0.105543 0.236105 0.038146
v 0.103603 0.235287 0.037756
v 0.102816 0.242261 0.050034
v 0.105346 0.248504 0.065068
v 0.104654 0.250610 0.070406
v 0.114550 0.259371 0.077596
v 0.159054 0.201843 0.038621
v 0.145683 0.203573 0.037230
v 0.155039 0.194134 0.025238
v 0.181366 0.188863 0.021274
v 0.179558 0.186357 0.014173
v 0.134593 0.224054 0.056079
v 0.128695 0.219586 0.048542
v 0.130219 0.229937 0.065523
v 0.186441 0.196951 0.029194
v 0.141436 0.233278 0.067177
v 0.159699 0.211316 0.045517
v 0.147382 0.228860 0.057145
v 0.126934 0.240822 0.070782
v 0.179143 0.210172 0.038815
v 0.161387 0.241713 0.062213
v 0.196948 0.211014 0.029955
v 0.124185 0.268168 0.079697
v 0.114262 0.272146 0.083636
v 0.108807 0.262029 0.081096
v 0.162355 0.228651 0.050866
v 0.165425 0.239221 0.052480
v 0.180135 0.225339 0.041181
v 0.104696 0.271190 0.089868
v 0.119582 0.236353 0.064749
v 0.107300 0.276999 0.088659
v 0.101105 0.280606 0.095320
v 0.119513 0.222064 0.044740
v 0.133712 0.208008 0.034361
v 0.135671 0.201788 0.018916
v 0.119294 0.219175 0.032574
v 0.119478 0.219412 0.019083
v 0.113294 0.222956 0.023018
v 0.010924 0.004863 0.064900
v 0.016982 0.002963 0.076300
v 0.004864 0.000635 0.076376
v 0.022943 0.005421 0.069606
v -0.002464 0.004774 0.076495
v 0.001593 0.009338 0.063453
v 0.146938 0.080546 0.171634
v 0.149048 0.073608 0.169678
v 0.154217 0.066388 0.170130
v 0.147949 0.075195 0.169922
v 0.151818 0.075885 0.180061
v 0.157874 0.070504 0.180343
v 0.157801 0.079154 0.183908
v 0.156123 0.086862 0.181203
v 0.160436 0.092433 0.175683
v 0.152356 0.088464 0.169014
v 0.173537 0.094791 0.175515
v 0.175880 0.097883 0.167998
v 0.164470 0.096358 0.166788
v 0.183098 0.091832 0.172599
v -0.036716 0.330394 -0.047401
v -0.038758 0.318278 -0.050826
v -0.042123 0.318669 -0.039491
v -0.044948 0.313055 -0.047131
v -0.041468 0.307660 -0.059409
v -0.048312 0.298815 -0.061863
v -0.035296 0.325617 -0.034147
v -0.239194 -0.499211 -0.298588
v -0.218180 -0.497403 -0.306208
v -0.213294 -0.499403 -0.301458
v -0.235191 -0.497032 -0.301800
v -0.249597 -0.499470 -0.297050
v -0.180547 -0.498386 -0.237608
v -0.170350 -0.493878 -0.240618
v -0.168923 -0.499349 -0.232303
v -0.190833 -0.496451 -0.250167
v -0.242430 -0.495967 -0.186949
v -0.235059 -0.498549 -0.198624
v -0.232686 -0.497804 -0.183866
v -0.238486 -0.497689 -0.206673
v -0.220907 -0.498698 -0.185026
v -0.196388 -0.499727 -0.199421
v -0.223374 -0.497697 -0.208523
v -0.202281 -0.497523 -0.215436
v -0.230420 -0.498049 -0.219985
v -0.219215 -0.498648 -0.221632
v -0.202841 -0.498375 -0.226447
v -0.223257 -0.498027 -0.246177
v -0.247574 -0.496966 -0.243121
v -0.254940 -0.496042 -0.224594
v -0.201629 -0.497386 -0.247178
v -0.203238 -0.496633 -0.271278
v -0.268636 -0.494689 -0.226839
v -0.263563 -0.495737 -0.244313
v -0.246879 -0.496172 -0.212232
v -0.174665 -0.499754 -0.217906
v -0.181669 -0.499584 -0.207715
v -0.220230 -0.497932 -0.267061
v -0.259728 -0.497963 -0.249167
v -0.250023 -0.498360 -0.271893
v -0.233879 -0.498203 -0.279981
v -0.214636 -0.497929 -0.281087
v -0.271145 -0.498907 -0.270193
v -0.275217 -0.498368 -0.252452
v -0.262684 -0.499380 -0.282481
v -0.267374 -0.492075 -0.206935
v -0.201495 -0.498970 -0.193468
v -0.253677 -0.492138 -0.192545
v -0.275993 -0.490497 -0.215183
v -0.245087 -0.492653 -0.197013
v -0.280241 -0.491296 -0.239522
v -0.186019 -0.493860 -0.268832
v -0.180344 -0.491847 -0.281100
v -0.173313 -0.492565 -0.265378
v -0.161888 -0.491039 -0.269012
v -0.158747 -0.490492 -0.284442
v -0.162657 -0.491418 -0.253169
v -0.149663 -0.489451 -0.265372
v -0.172770 -0.487914 -0.306281
v -0.193411 -0.491384 -0.293851
v -0.178208 -0.485825 -0.311539
v -0.209138 -0.494874 -0.297385
v -0.196452 -0.488986 -0.301940
v -0.157860 -0.491882 -0.291220
v -0.280034 -0.490748 -0.226510
v -0.261297 -0.489843 -0.192570
v -0.189426 -0.498712 -0.202664
v -0.279011 -0.495572 -0.254588
v -0.083260 0.015224 -0.007008
v -0.086894 0.001140 -0.017080
v -0.084797 -0.011420 -0.017549
v -0.087159 0.013770 -0.009673
v -0.084553 0.029669 -0.004772
v -0.081768 0.030210 -0.001352
v -0.086385 0.060169 0.000713
v -0.084237 0.061309 0.001881
v -0.089637 -0.010930 -0.019164
v -0.088069 0.067541 -0.005043
v -0.090967 -0.015678 -0.024703
v -0.037707 0.049536 0.055006
v -0.046417 0.051463 0.049496
v -0.048432 0.044332 0.054877
v -0.048594 0.034859 0.048548
v -0.051836 0.030319 0.057978
v -0.052201 0.029738 0.049880
v -0.056427 0.025957 0.052744
v -0.068891 0.029080 0.041034
v -0.057808 0.030823 0.043752
v -0.059960 0.048421 0.042984
v -0.070298 0.050686 0.039738
v -0.057265 0.054849 0.040650
v -0.060587 0.075094 0.047206
v -0.071818 0.078370 0.037381
v -0.067515 0.055499 0.032656
v -0.078844 0.100530 0.042003
v -0.071677 0.101885 0.051973
v -0.052589 0.088147 0.067433
v -0.073769 0.058667 0.022916
v -0.079716 0.073199 0.018542
v -0.087112 0.103601 0.024213
v -0.067910 0.113903 0.069997
v -0.053129 0.114843 0.087805
v -0.084617 0.119021 0.053964
v -0.069485 0.132739 0.084744
v -0.075383 0.122796 0.069585
v -0.087829 0.090160 -0.000047
v -0.086746 0.075488 -0.004150
v -0.092089 0.108115 -0.000194
v -0.091238 0.120132 0.043759
v -0.094763 0.119929 0.030294
v -0.098812 0.122684 0.018285
v -0.093865 0.111731 -0.007668
v -0.088811 0.094305 -0.019449
v -0.069799 0.027240 0.028927
v -0.075325 0.052538 0.023558
v -0.070274 0.013526 0.027412
v -0.076450 -0.003696 0.007172
v -0.073970 -0.019928 0.000747
v -0.067631 -0.007885 0.021193
v -0.059795 -0.026603 0.019845
v -0.066940 -0.003430 0.029258
v -0.089231 0.077642 -0.018894
v -0.058200 -0.009373 0.031698
v -0.045770 -0.030767 0.035975
v -0.075807 -0.034059 0.001833
v -0.068387 -0.032075 0.013567
v -0.073018 -0.040885 0.009691
v -0.066857 -0.049313 0.017785
v -0.051840 -0.040917 0.031375
v -0.084978 -0.023661 -0.013477
v -0.101926 0.125965 -0.002527
v -0.090734 0.113033 -0.031576
v -0.086826 0.092505 -0.033805
v -0.088441 0.081228 -0.033142
v -0.071162 0.022680 0.038657
v -0.067008 0.022741 0.046248
v -0.068407 -0.002733 0.037580
v -0.061372 -0.003826 0.044128
v -0.103579 0.133123 -0.018942
v -0.102921 0.140972 -0.038696
v -0.056170 0.010175 0.050734
v -0.048876 0.005422 0.061459
v -0.054847 -0.004253 0.046672
v -0.043720 0.019138 0.066208
v -0.039034 0.031275 0.066978
v -0.024529 0.288425 -0.073064
v -0.026463 0.288118 -0.065149
v -0.009247 0.292174 -0.064338
v -0.030394 0.284000 -0.072408
v -0.022245 0.286646 -0.076115
v -0.001127 0.287523 -0.067407
v -0.002083 0.270655 -0.079617
v -0.022398 0.275593 -0.080792
v -0.007223 0.262263 -0.080209
v -0.017313 0.260525 -0.079072
v 0.001316 0.269021 -0.073729
v 0.063177 0.280272 -0.064035
v 0.076222 0.283219 -0.065369
v 0.077343 0.274139 -0.061976
v 0.089376 0.280010 -0.061027
v 0.049255 0.272681 -0.068725
v 0.052901 0.287670 -0.063451
v 0.063525 0.255252 -0.072619
v 0.050482 0.251666 -0.076388
v 0.061755 0.237604 -0.079613
v 0.043763 0.266771 -0.071129
v 0.022734 0.291352 -0.065326
v 0.021459 0.270951 -0.073486
v 0.024295 0.252171 -0.078791
v 0.035626 0.250794 -0.078051
v 0.040915 0.297918 -0.060169
v 0.029899 0.308930 -0.056015
v 0.016268 0.307099 -0.058446
v 0.056025 0.236768 -0.079803
v 0.045653 0.247247 -0.075635
v 0.084907 0.269648 -0.060436
v 0.018601 0.315817 -0.052468
v 0.077841 0.244116 -0.069570
v 0.013088 0.272444 -0.077065
v 0.012913 0.288973 -0.071300
v 0.006967 0.259416 -0.082738
v 0.009945 0.251017 -0.083880
v -0.017246 0.250829 -0.087308
v 0.008322 0.305216 -0.063733
v 0.004517 0.300683 -0.065794
v -0.019072 0.304203 -0.063274
v 0.008496 0.317957 -0.050606
v 0.008166 0.321176 -0.048167
v 0.100751 0.267574 -0.052751
v 0.036719 0.238476 -0.078153
v 0.051501 0.224361 -0.075484
v 0.035956 0.209775 -0.078511
v 0.013459 0.219512 -0.081174
v 0.016036 0.246068 -0.078768
v 0.024602 0.195254 -0.080675
v 0.002034 0.200734 -0.087546
v 0.064491 0.220479 -0.080099
v 0.003374 0.241749 -0.082752
v -0.012444 0.220502 -0.086656
v -0.023996 0.243333 -0.085658
v -0.037003 0.218584 -0.090556
v -0.033906 0.248306 -0.086072
v -0.024805 0.191229 -0.090004
v -0.040974 0.188175 -0.093455
v -0.031321 0.176037 -0.092594
v -0.043789 0.152975 -0.096242
v -0.032660 0.142286 -0.097458
v -0.049975 0.169280 -0.095284
v -0.038601 0.130793 -0.098090
v -0.023193 0.171486 -0.094744
v -0.064555 0.156538 -0.095410
v -0.006732 0.164913 -0.091682
v -0.004183 0.190743 -0.086439
v 0.003127 0.191664 -0.086861
v 0.022999 0.170034 -0.085531
v 0.021816 0.144651 -0.089629
v -0.017236 0.133565 -0.100875
v -0.004608 0.146747 -0.095113
v -0.012303 0.104272 -0.106288
v -0.003995 0.118248 -0.101392
v 0.001382 0.102135 -0.103654
v -0.030262 0.119137 -0.102135
v -0.031579 0.107160 -0.106141
v -0.035708 0.113155 -0.105105
v 0.001019 0.118250 -0.102123
v 0.000700 0.138492 -0.098322
v 0.056197 0.209540 -0.074143
v 0.035226 0.187480 -0.078197
v 0.028535 0.167423 -0.082065
v 0.037956 0.162540 -0.080549
v 0.035280 0.144921 -0.083490
v 0.019520 0.120370 -0.095126
v 0.000609 0.159889 -0.094884
v 0.062848 0.190928 -0.070718
v 0.048534 0.185359 -0.073284
v 0.061898 0.152947 -0.073570
v 0.048883 0.140644 -0.077780
v 0.059717 0.112486 -0.080484
v 0.050700 0.112689 -0.082302
v 0.018843 0.100193 -0.097155
v 0.056548 0.099508 -0.080003
v 0.027660 0.124662 -0.089083
v 0.041693 0.131714 -0.083636
v 0.035076 0.099175 -0.089139
v 0.074042 0.222114 -0.075271
v 0.088527 0.237556 -0.064343
v 0.066433 0.109098 -0.077530
v 0.064893 0.098756 -0.076760
v -0.039900 0.234153 -0.090522
v -0.044782 0.257028 -0.083939
v -0.028535 0.262343 -0.083938
v -0.053801 0.237846 -0.093757
v -0.053877 0.203567 -0.101846
v -0.046857 0.204946 -0.099011
v -0.051239 0.184372 -0.101923
v -0.058890 0.170622 -0.102854
v -0.008832 0.256224 -0.083693
v -0.065080 0.227816 -0.094685
v -0.080014 0.220675 -0.094959
v 0.069010 0.207610 -0.077028
v 0.082302 0.201281 -0.069395
v -0.065865 0.246373 -0.088606
v -0.088073 0.240835 -0.088637
v -0.087543 0.263426 -0.079768
v -0.073753 0.185937 -0.099231
v -0.043397 0.284782 -0.073393
v -0.034305 0.281061 -0.074168
v -0.033123 0.298129 -0.067794
v -0.029089 0.278398 -0.072655
v -0.024163 0.268544 -0.074368
v -0.052319 0.266951 -0.078736
v -0.064476 0.149893 -0.094277
v -0.029188 0.306770 -0.063743
v -0.012702 0.315580 -0.058353
v -0.067458 0.274133 -0.072653
v 0.077605 0.188585 -0.069158
v -0.055023 0.142689 -0.093159
v 0.111160 0.264303 -0.045944
v 0.102706 0.237890 -0.054649
v 0.105066 0.278194 -0.052361
v -0.049347 0.283485 -0.070988
v 0.086374 0.287034 -0.059283
v -0.023599 0.296603 -0.062182
v -0.000138 0.295282 -0.061566
v 0.008810 0.277996 -0.069876
v 0.001714 0.261042 -0.077299
v 0.084631 0.181447 -0.061553
v -0.062919 0.137331 -0.089296
v -0.054715 0.120171 -0.092441
v 0.066226 0.291473 -0.068793
v 0.056204 0.298629 -0.068790
v 0.062318 0.301118 -0.065907
v 0.050427 0.311575 -0.066162
v 0.045427 0.305679 -0.065827
v 0.042996 0.318837 -0.062718
v 0.032463 0.317772 -0.059793
v 0.024812 0.325152 -0.057345
v 0.072416 0.294989 -0.061981
v 0.070608 0.312306 -0.050692
v 0.054649 0.322530 -0.052076
v -0.063987 0.162933 -0.099785
v 0.070398 0.181065 -0.065823
v 0.115568 0.271273 0.092884
v 0.120608 0.271233 0.084064
v 0.125829 0.265591 0.089417
v 0.124185 0.268168 0.079697
v 0.131219 0.261660 0.079802
v 0.114262 0.272146 0.083636
v 0.107300 0.276999 0.088659
v 0.107005 0.274777 0.095780
v 0.139437 0.261115 0.085534
v 0.116585 0.273551 0.098136
v 0.104793 0.278639 0.102722
v 0.127284 0.267484 0.091922
v 0.134428 0.256561 0.076738
v 0.101105 0.280606 0.095320
v 0.098567 0.286742 0.101235
v 0.061468 -0.013218 -0.092109
v 0.065350 0.027193 -0.090063
v 0.063720 -0.025091 -0.093102
v 0.080148 -0.004710 -0.083151
v 0.080420 -0.029422 -0.080471
v 0.088055 0.013289 -0.074320
v 0.071830 0.027535 -0.085095
v 0.086707 0.026199 -0.073909
v 0.094204 0.029722 -0.068781
v 0.125532 -0.023054 -0.004621
v 0.122185 -0.008586 0.008354
v 0.128757 -0.030579 0.006242
v 0.130032 -0.026323 0.023675
v 0.126772 -0.010960 0.037139
v 0.132059 -0.025326 0.037252
v 0.134854 -0.038801 0.041192
v 0.122471 -0.008254 -0.011323
v 0.115598 0.009062 0.004886
v 0.115113 0.006373 0.029612
v 0.114312 0.010192 0.025469
v 0.123029 -0.003964 0.037946
v 0.116352 0.006670 0.045420
v 0.119191 0.009662 -0.012071
v 0.118694 0.006057 -0.024687
v 0.129706 -0.045475 0.013353
v 0.135049 -0.051489 0.040228
v 0.116321 0.002405 -0.035555
v 0.116287 -0.021773 -0.034268
v 0.137846 -0.042971 0.050810
v 0.140777 -0.055317 0.057381
v 0.135819 -0.065282 0.042552
v 0.120245 -0.037725 -0.018210
v 0.124511 -0.040209 -0.004063
v 0.140172 -0.067230 0.059838
v 0.127647 -0.062099 0.014360
v 0.110455 -0.006176 -0.048376
v 0.131023 -0.066144 0.033463
v 0.133102 -0.079655 0.043103
v 0.136472 -0.092323 0.054702
v 0.119222 -0.064447 -0.003804
v 0.111641 -0.047823 -0.032885
v 0.111339 -0.061868 -0.022074
v 0.126215 -0.075342 0.029475
v 0.099734 -0.029898 -0.059135
v 0.097148 -0.010057 -0.066383
v 0.110910 0.005685 -0.050575
v 0.100159 0.014709 -0.063135
v 0.127100 -0.102769 0.045969
v 0.134432 -0.108227 0.060153
v 0.141184 -0.111373 0.076247
v 0.124075 -0.091946 0.036544
v 0.118622 -0.076089 0.009780
v 0.092270 -0.047362 -0.059736
v 0.115974 0.002025 -0.044314
v 0.113586 0.000122 -0.049598
v 0.117693 0.011457 0.003272
v -0.187584 0.247997 0.132822
v -0.195460 0.247068 0.129745
v -0.190814 0.233056 0.138282
v -0.179919 0.247986 0.134782
v -0.168932 0.235283 0.139094
v -0.188107 0.214482 0.147294
v -0.202594 0.219221 0.145258
v -0.172774 0.251805 0.134531
v -0.150490 0.251971 0.133259
v -0.169677 0.217104 0.143391
v -0.176571 0.207393 0.146731
v -0.152328 0.229138 0.136457
v -0.167303 0.192736 0.141653
v -0.168597 0.196875 0.141890
v -0.142370 0.217859 0.130833
v -0.137017 0.240713 0.129354
v -0.143405 0.254348 0.130708
v -0.136333 0.257279 0.127134
v -0.126523 0.260068 0.122909
v -0.121337 0.246987 0.119236
v -0.106982 0.256245 0.111378
v -0.109915 0.266273 0.114834
v -0.127314 0.232119 0.120835
v -0.146618 0.202931 0.128922
v -0.158862 0.191013 0.132708
v -0.099380 0.269344 0.113406
v -0.112475 0.240095 0.108110
v -0.141044 0.205946 0.123535
v -0.120315 0.263568 0.120670
v -0.123371 0.227050 0.112771
v -0.139383 0.199417 0.117006
v -0.157457 0.183059 0.122907
v -0.168412 0.181513 0.137992
v -0.172924 0.169651 0.136400
v -0.120318 0.222133 0.100260
v 0.238099 0.048632 0.122127
v 0.232123 0.032955 0.139005
v 0.232754 0.045502 0.121044
v 0.241534 0.040174 0.141997
v 0.233917 0.025177 0.155693
v 0.236473 0.020972 0.169595
v 0.243992 0.051983 0.129718
v 0.243146 0.034207 0.161675
v 0.242205 0.030219 0.185192
v 0.236935 0.018917 0.185229
v 0.245884 0.057312 0.135667
v 0.242876 0.045323 0.188097
v 0.244126 0.054029 0.164303
v 0.244101 0.066687 0.143948
v 0.251674 0.055702 0.129593
v 0.248386 0.051493 0.123231
v -0.038922 -0.008003 0.045728
v -0.038443 -0.006741 0.056335
v -0.050796 -0.006508 0.051217
v -0.047554 -0.009518 0.040346
v -0.044920 -0.003057 0.059107
v -0.054847 -0.004253 0.046672
v -0.061372 -0.003826 0.044128
v -0.058200 -0.009373 0.031698
v -0.068407 -0.002733 0.037580
v -0.066940 -0.003430 0.029258
v -0.067631 -0.007885 0.021193
v -0.048876 0.005422 0.061459
v -0.035833 -0.002754 0.059271
v -0.032846 0.003774 0.065076
v -0.032077 -0.004273 0.049651
v -0.024553 0.000722 0.053273
v -0.067134 0.490774 0.149670
v -0.063292 0.481077 0.147781
v -0.074741 0.482592 0.142033
v -0.067006 0.477458 0.142258
v -0.072721 0.477269 0.140607
v -0.067636 0.472190 0.133612
v -0.071595 0.471842 0.127952
v -0.067093 0.468648 0.124839
v -0.069252 0.477746 0.121524
v -0.073840 0.481201 0.121826
v -0.076526 0.481810 0.136212
v -0.071709 0.477691 0.111802
v -0.072028 0.477197 0.105027
v -0.068551 0.465028 0.114468
v -0.178505 -0.409460 -0.307462
v -0.172164 -0.412383 -0.301741
v -0.178617 -0.411764 -0.296818
v -0.185993 -0.407940 -0.298263
v -0.187375 -0.408161 -0.287380
v -0.194389 -0.406312 -0.292885
v -0.169286 -0.414760 -0.305091
v -0.165644 -0.409979 -0.315226
v -0.160588 -0.413295 -0.310390
v -0.151121 -0.408367 -0.314369
v -0.153611 -0.402899 -0.318202
v -0.210689 -0.481554 -0.301957
v -0.213294 -0.499403 -0.301458
v -0.218180 -0.497403 -0.306208
v -0.209138 -0.494874 -0.297385
v -0.219195 -0.478985 -0.303973
v -0.230071 -0.490456 -0.303572
v -0.235191 -0.497032 -0.301800
v -0.219110 -0.472578 -0.296074
v -0.236390 -0.475403 -0.297998
v -0.200572 -0.483279 -0.304151
v -0.196452 -0.488986 -0.301940
v -0.178208 -0.485825 -0.311539
v -0.182342 -0.479437 -0.311078
v -0.170606 -0.475868 -0.317801
v -0.160588 -0.413295 -0.310390
v -0.151121 -0.408367 -0.314369
v -0.155972 -0.429528 -0.320262
v -0.147437 -0.419628 -0.322158
v -0.169286 -0.414760 -0.305091
v -0.167622 -0.429222 -0.311706
v -0.163476 -0.449715 -0.321558
v -0.172164 -0.412383 -0.301741
v -0.178396 -0.427841 -0.305059
v -0.178617 -0.411764 -0.296818
v -0.170956 -0.439797 -0.312014
v -0.190400 -0.453263 -0.303263
v -0.180898 -0.455637 -0.307298
v -0.194122 -0.430266 -0.296979
v -0.189472 -0.421721 -0.296469
v -0.205119 -0.430870 -0.290265
v -0.207732 -0.448542 -0.293968
v -0.214646 -0.444749 -0.289978
v -0.223480 -0.457586 -0.290111
v -0.230197 -0.448891 -0.282052
v -0.200560 -0.466783 -0.299718
v -0.215958 -0.431779 -0.282003
v -0.194648 -0.468526 -0.305094
v -0.133428 -0.405988 -0.320436
v -0.129890 -0.418716 -0.326103
v -0.139711 -0.435680 -0.329906
v -0.156992 -0.441352 -0.326750
v -0.147553 -0.454500 -0.332273
v -0.156853 -0.459735 -0.327878
v -0.125373 -0.443349 -0.335898
v -0.176758 -0.458249 -0.313612
v -0.134920 -0.462706 -0.337521
v -0.123889 -0.453729 -0.339556
v -0.236841 -0.473203 -0.292604
v -0.234011 -0.452401 -0.284470
v -0.240640 -0.457988 -0.281621
v -0.251452 -0.473563 -0.282806
v -0.126770 -0.467316 -0.339559
v -0.198639 -0.416994 -0.285567
v -0.253350 -0.460975 -0.272070
v -0.109112 -0.444753 -0.338413
v -0.263291 -0.472724 -0.269716
v -0.142000 -0.471289 -0.332422
v -0.150499 -0.473349 -0.328228
v -0.146269 -0.484992 -0.334361
v -0.155561 -0.491527 -0.329872
v -0.169116 -0.480890 -0.321495
v -0.122837 -0.477089 -0.339573
v -0.127360 -0.471053 -0.336681
v -0.175303 -0.494873 -0.316023
v -0.177609 -0.486734 -0.314605
v -0.110928 -0.463029 -0.340698
v -0.130410 -0.487064 -0.336572
v -0.187412 -0.411645 -0.287883
v -0.187375 -0.408161 -0.287380
v -0.238848 -0.448503 -0.273466
v -0.109563 -0.475598 -0.339856
v -0.118433 -0.479422 -0.339028
v -0.191983 -0.409565 -0.270765
v -0.252236 -0.491896 -0.296207
v -0.256290 -0.476944 -0.284384
v -0.247235 -0.479052 -0.294517
v -0.261400 -0.491732 -0.284606
v -0.263282 -0.478591 -0.277353
v -0.262684 -0.499380 -0.282481
v -0.273043 -0.492522 -0.267425
v -0.271236 -0.476494 -0.264013
v -0.271145 -0.498907 -0.270193
v -0.249597 -0.499470 -0.297050
v -0.269181 -0.463360 -0.253305
v -0.276184 -0.477191 -0.252820
v -0.278743 -0.470491 -0.239926
v -0.279011 -0.495572 -0.254588
v -0.280957 -0.464068 -0.223994
v -0.270404 -0.455516 -0.238472
v -0.283842 -0.479593 -0.223074
v -0.280241 -0.491296 -0.239522
v -0.282353 -0.483796 -0.226395
v -0.276474 -0.455691 -0.219577
v -0.259346 -0.452087 -0.252030
v -0.265666 -0.450269 -0.235716
v -0.267096 -0.448150 -0.222881
v -0.250617 -0.451059 -0.260489
v -0.275128 -0.456992 -0.210841
v -0.279646 -0.471940 -0.208955
v 0.221171 0.071399 0.210429
v 0.215678 0.077744 0.206141
v 0.213276 0.063516 0.218446
v 0.202272 0.066907 0.222435
v 0.206307 0.079734 0.210149
v 0.219646 0.059911 0.217033
v 0.207449 0.051323 0.224919
v 0.200153 0.050828 0.228653
v 0.224496 0.052726 0.215513
v 0.229151 0.064794 0.204136
v 0.234165 0.067700 0.195127
v 0.239086 0.050690 0.196496
v 0.238997 0.060974 0.191880
v 0.236429 0.039025 0.204182
v 0.212001 0.048757 0.220464
v 0.226045 0.077480 0.191820
v 0.242876 0.045323 0.188097
v 0.240110 0.044992 0.193448
v 0.214014 0.052706 0.215685
v 0.220298 0.034831 0.212393
v 0.242205 0.030219 0.185192
v 0.235082 0.028491 0.195633
v 0.236935 0.018917 0.185229
v 0.240415 0.065489 0.166202
v 0.244126 0.054029 0.164303
v 0.244101 0.066687 0.143948
v 0.238785 0.075927 0.149493
v 0.232084 0.077101 0.172129
v 0.218581 0.094743 0.163136
v 0.224584 0.091076 0.150295
v 0.216401 0.086772 0.188033
v 0.215536 0.097001 0.154008
v 0.205262 0.094027 0.179591
v 0.214941 0.096180 0.144978
v 0.200874 0.098985 0.165687
v 0.193683 0.101625 0.152753
v 0.206075 0.096297 0.139989
v 0.093252 -0.002488 0.103439
v 0.106688 -0.010828 0.091510
v 0.104516 -0.005701 0.088355
v 0.096536 0.002169 0.077943
v 0.109935 -0.003867 0.078356
v 0.110562 0.001720 0.064507
v 0.097494 0.008713 0.063634
v 0.107773 0.009592 0.050908
v 0.116352 0.006670 0.045420
v 0.088086 0.009242 0.068889
v 0.074251 0.005591 0.084744
v 0.076072 0.009871 0.074034
v 0.127852 0.002373 0.053242
v 0.077668 0.000813 0.100762
v 0.079722 -0.015435 0.143479
v 0.092251 -0.011803 0.129144
v 0.089351 -0.017975 0.143981
v 0.119513 0.000848 0.072883
v 0.060554 0.004003 0.084411
v 0.062686 -0.014724 0.134084
v 0.065012 -0.018116 0.143331
v 0.062257 -0.001758 0.099282
v 0.127569 0.003945 0.081514
v 0.109412 0.001553 0.093657
v 0.120701 0.002285 0.096722
v 0.127945 -0.002787 0.104108
v 0.059537 -0.029365 0.149506
v 0.072651 0.008307 0.084276
v 0.086264 -0.027306 0.147431
v 0.062359 -0.036666 0.164057
v 0.080282 -0.042163 0.173026
v 0.093252 -0.046079 0.175344
v 0.066987 -0.046027 0.177712
v 0.082088 -0.057944 0.189015
v 0.100154 -0.066082 0.192606
v 0.067723 -0.063370 0.194057
v 0.081508 -0.070327 0.198443
v 0.103859 -0.076646 0.199832
v 0.110463 -0.093895 0.210036
v 0.089473 -0.088704 0.206277
v 0.103814 -0.100575 0.211936
v 0.085890 -0.102301 0.220826
v 0.111115 -0.113172 0.220834
v 0.095013 -0.122994 0.238903
v 0.106342 -0.124530 0.235324
v 0.094154 -0.133619 0.253684
v 0.113937 -0.133810 0.246616
v 0.072579 -0.098118 0.219008
v 0.113698 -0.125439 0.235778
v 0.076818 -0.125074 0.242271
v 0.078504 -0.135809 0.253449
v 0.112753 -0.099595 0.210737
v -0.170329 0.299243 0.005497
v -0.176983 0.282854 0.004667
v -0.185559 0.279629 0.005677
v -0.176944 0.303247 0.013776
v -0.191329 0.286504 0.016529
v -0.188861 0.302169 0.022247
v -0.176638 0.316419 0.023297
v -0.202038 0.287906 0.029146
v -0.192359 0.270117 0.008223
v -0.162367 0.320404 0.018395
v -0.187948 0.308181 0.028196
v -0.179625 0.326909 0.035645
v -0.196894 0.308482 0.039206
v -0.202054 0.294561 0.036499
v -0.207573 0.302795 0.051980
v -0.209934 0.275721 0.034210
v -0.198443 0.263025 0.013080
v -0.217110 0.287989 0.058044
v -0.211241 0.283458 0.045942
v -0.224199 0.273931 0.067743
v -0.205472 0.252404 0.020552
v -0.211951 0.254422 0.033108
v -0.218248 0.257552 0.047159
v -0.222892 0.255386 0.060789
v -0.228478 0.258912 0.079524
v -0.164942 0.335144 0.033863
v -0.175859 0.334804 0.044962
v -0.159193 0.341618 0.046036
v -0.160650 0.307907 0.009109
v -0.157033 0.338968 0.039370
v 0.141092 -0.249172 0.261083
v 0.149750 -0.242105 0.267887
v 0.139433 -0.249413 0.270583
v 0.131094 -0.256776 0.266881
v 0.147423 -0.243657 0.257714
v 0.131883 -0.249739 0.274671
v 0.133225 -0.236843 0.283026
v 0.142763 -0.219903 0.283520
v 0.154326 -0.227171 0.270671
v 0.129800 -0.221427 0.290445
v 0.143258 -0.201219 0.285390
v 0.155341 -0.208240 0.272149
v 0.153382 -0.193932 0.273486
v 0.139167 -0.182652 0.284940
v 0.149455 -0.177620 0.272085
v 0.137002 -0.165450 0.279496
v 0.142938 -0.156406 0.269310
v 0.126861 -0.160340 0.285712
v 0.139672 -0.258587 0.264579
v 0.140537 -0.278804 0.262564
v 0.153082 -0.263697 0.255359
v 0.147875 -0.293188 0.257791
v 0.136435 -0.300184 0.258198
v 0.152357 -0.314956 0.253362
v 0.162222 -0.306412 0.248892
v 0.169023 -0.338501 0.244380
v 0.155681 -0.339426 0.248385
v 0.173422 -0.364781 0.241654
v 0.158293 -0.365238 0.243968
v 0.179327 -0.354999 0.238451
v 0.122105 -0.264643 0.266822
v 0.124455 -0.281301 0.263184
v 0.130375 -0.312383 0.254962
v 0.171587 -0.380062 0.242298
v 0.190531 -0.384095 0.239475
v 0.141973 -0.341796 0.247855
v 0.159249 -0.396744 0.240754
v 0.147919 -0.378328 0.239878
v 0.112393 -0.259529 0.265377
v 0.170658 -0.395469 0.243031
v 0.191496 -0.394013 0.241938
v -0.069828 0.186013 0.279650
v -0.066615 0.189931 0.291396
v -0.067367 0.179265 0.287992
v -0.073308 0.176622 0.279469
v -0.069874 0.173459 0.289976
v -0.077702 0.185534 0.271632
v -0.077622 0.172660 0.281222
v -0.068421 0.185116 0.295390
v -0.063632 0.196038 0.298171
v -0.063570 0.191298 0.303465
v -0.074979 0.176025 0.302275
v -0.077109 0.174832 0.311329
v -0.076861 0.170547 0.292204
v -0.076756 0.174093 0.301017
v -0.060629 0.188841 0.280724
v -0.059899 0.190673 0.291521
v -0.052953 0.201207 0.280616
v -0.065885 0.191632 0.268633
v -0.063543 0.201209 0.265943
v -0.075231 0.190907 0.264166
v -0.076715 0.202239 0.260498
v -0.068664 0.206317 0.264203
v -0.155561 -0.491527 -0.329872
v -0.130410 -0.487064 -0.336572
v -0.152990 -0.494854 -0.328066
v -0.146269 -0.484992 -0.334361
v -0.165862 -0.497757 -0.320461
v -0.175303 -0.494873 -0.316023
v -0.109563 -0.475598 -0.339856
v -0.098679 -0.475638 -0.335052
v -0.118433 -0.479422 -0.339028
v -0.121792 -0.483255 -0.326692
v -0.090093 -0.474881 -0.329265
v -0.101719 -0.481329 -0.315767
v -0.113470 -0.485689 -0.308639
v -0.103416 -0.486239 -0.296427
v -0.082102 -0.476015 -0.315718
v -0.093858 -0.485739 -0.283896
v -0.080479 -0.478092 -0.302462
v -0.123074 -0.491898 -0.298960
v -0.111839 -0.492023 -0.287605
v -0.136182 -0.496377 -0.287764
v -0.118011 -0.497174 -0.272642
v -0.108778 -0.493723 -0.275663
v -0.135359 -0.492368 -0.309651
v -0.153075 -0.496471 -0.306587
v -0.130582 -0.488894 -0.323519
v -0.123418 -0.488523 -0.314870
v -0.143942 -0.499326 -0.264084
v -0.150634 -0.497369 -0.286056
v -0.169915 -0.497675 -0.309724
v -0.085069 -0.480793 -0.292378
v -0.053684 0.467860 0.089330
v -0.051491 0.484293 0.089745
v -0.052922 0.461107 0.083601
v -0.053537 0.451855 0.086098
v -0.051786 0.481798 0.096550
v -0.045720 0.492746 0.097050
v -0.047156 0.481768 0.101703
v 0.030151 0.429753 0.121729
v 0.034037 0.423722 0.124291
v 0.030314 0.406553 0.119920
v 0.028107 0.405121 0.117919
v 0.026742 0.382203 0.127447
v 0.023936 0.401026 0.105423
v 0.022299 0.383315 0.099327
v 0.020182 0.379314 0.088236
v 0.026049 0.431547 0.112139
v 0.025520 0.447673 0.111431
v 0.034738 0.436101 0.132469
v 0.017347 0.408405 0.092976
v 0.015366 0.394219 0.080374
v 0.032912 0.426421 0.139756
v 0.017453 0.366344 0.109621
v 0.020852 0.373153 0.116495
v 0.020241 0.358284 0.130384
v 0.034437 0.453333 0.120336
v 0.014815 0.364815 0.119156
v 0.011900 0.354849 0.123223
v 0.021064 0.371589 0.089417
v 0.023173 0.348850 0.095893
v 0.020273 0.335739 0.100979
v 0.013433 0.338739 0.138638
v 0.018332 0.350576 0.137045
v 0.007310 0.340130 0.128534
v 0.008248 0.336207 0.119266
v 0.002136 0.329084 0.130318
v 0.008573 0.330010 0.143527
v -0.006052 0.316591 0.120077
v -0.007188 0.315988 0.135406
v -0.006005 0.309839 0.153195
v 0.002714 0.321806 0.149844
v 0.015809 0.322897 0.105236
v 0.000029 0.307008 0.109547
v -0.002610 0.296511 0.105823
v 0.078083 0.015000 0.071287
v 0.088086 0.009242 0.068889
v 0.095787 0.014671 0.072459
v 0.076917 0.030593 0.071285
v 0.092327 0.034987 0.070463
v 0.085691 0.069527 0.067256
v 0.073817 0.057347 0.068405
v 0.077941 0.072249 0.064072
v 0.071995 0.069022 0.066787
v 0.076072 0.009871 0.074034
v 0.097494 0.008713 0.063634
v 0.070501 0.044200 0.083676
v 0.063444 0.053570 0.094503
v 0.059470 0.067700 0.087836
v 0.065020 0.031869 0.098083
v 0.071078 0.016522 0.093185
v 0.066158 0.011557 0.099037
v 0.058081 0.064472 0.095222
v 0.098484 0.074803 0.048093
v 0.097737 0.055500 0.056028
v 0.110604 0.048111 0.042152
v 0.105132 0.041844 0.049338
v 0.108994 0.018833 0.052571
v 0.107111 0.072085 0.040639
v 0.104026 0.083101 0.038297
v 0.115823 0.035346 0.043363
v 0.118449 0.010619 0.045896
v 0.122303 0.028499 0.034209
v 0.124652 0.010865 0.036914
v 0.129631 0.025130 0.027822
v 0.126307 0.049996 0.023915
v 0.130313 0.011929 0.029589
v 0.111982 0.053342 0.034188
v 0.131904 0.038865 0.014546
v 0.136050 0.054335 0.007164
v 0.133024 0.074586 0.008914
v 0.128344 0.089350 0.010236
v 0.124760 0.085701 0.017837
v 0.117862 0.064560 0.029832
v 0.114552 0.083881 0.028540
v 0.114632 0.089555 0.024751
v 0.136366 0.043393 0.006061
v 0.142236 0.027047 0.005468
v 0.145541 0.006293 0.005740
v 0.133880 0.010423 0.016074
v 0.143479 0.043726 -0.007799
v 0.138204 0.053081 -0.002555
v 0.145440 0.049838 -0.010595
v 0.141611 0.083500 -0.012196
v 0.134558 0.082478 -0.003318
v 0.131443 0.088694 0.000929
v 0.134897 0.090873 -0.007658
v 0.149779 0.023983 -0.008698
v 0.150972 0.005412 -0.006570
v 0.102396 0.014513 0.061707
v 0.107773 0.009592 0.050908
v 0.153304 0.005716 -0.020759
v 0.146077 0.042654 -0.021650
v 0.142671 0.084757 -0.020434
v 0.147593 0.047074 -0.021572
v 0.149891 0.030043 -0.021657
v 0.107647 0.070296 0.030502
v 0.137824 0.090741 -0.027954
v 0.116352 0.006670 0.045420
v 0.103068 0.081531 0.027021
v -0.032091 0.498258 0.112750
v -0.030660 0.499826 0.121585
v -0.027629 0.488172 0.115697
v -0.022598 0.492134 0.123489
v -0.031044 0.497668 0.127981
v -0.024415 0.495353 0.133461
v -0.030276 0.499935 0.135599
v -0.023928 0.492265 0.139354
v -0.030066 0.498068 0.140168
v -0.028744 0.498802 0.148449
v -0.029688 0.493490 0.164068
v -0.023205 0.490612 0.157650
v -0.023169 0.490365 0.168323
v -0.028656 0.493108 0.170332
v -0.019147 0.487981 0.171045
v -0.018513 0.488970 0.160708
v -0.019017 0.492399 0.136495
v -0.024534 0.492376 0.109560
v -0.030076 0.499396 0.107213
v -0.021993 0.487497 0.114967
v -0.019119 0.490152 0.112784
v -0.017130 0.498539 0.148364
v -0.011497 0.491153 0.154394
v -0.011666 0.488230 0.144087
v -0.012807 0.497794 0.161213
v -0.017763 0.500085 0.142729
v -0.007979 0.491960 0.157665
v -0.003784 0.485620 0.160816
v -0.006465 0.489326 0.168899
v -0.018244 0.499215 0.152924
v 0.000596 0.488042 0.166891
v -0.083598 0.195852 0.266468
v -0.077702 0.185534 0.271632
v -0.088033 0.189129 0.272371
v -0.086530 0.179324 0.277150
v -0.095861 0.192564 0.270742
v -0.077622 0.172660 0.281222
v -0.093377 0.182730 0.279192
v -0.075231 0.190907 0.264166
v -0.076715 0.202239 0.260498
v -0.080737 0.200915 0.262878
v -0.073308 0.176622 0.279469
v -0.086487 0.174242 0.289992
v -0.076861 0.170547 0.292204
v -0.092850 0.182056 0.289417
v -0.091247 0.179003 0.296547
v 0.154382 -0.425512 0.226675
v 0.158965 -0.420093 0.230893
v 0.147424 -0.422820 0.231207
v 0.152996 -0.429976 0.221118
v 0.150848 -0.417723 0.239462
v 0.206509 -0.419396 0.220959
v 0.220708 -0.417703 0.233207
v 0.215176 -0.415469 0.241863
v 0.200161 -0.418259 0.228146
v 0.221985 -0.419728 0.217383
v 0.213060 -0.422209 0.211468
v 0.224591 -0.420649 0.212625
v 0.203458 -0.412651 0.246829
v 0.194345 -0.416832 0.234019
v 0.192273 -0.413318 0.242947
v 0.177392 -0.415493 0.238586
v 0.177624 -0.409400 0.248630
v 0.166858 -0.416656 0.238393
v 0.161858 -0.408950 0.246682
v 0.155361 -0.413614 0.243873
v 0.160831 -0.419698 0.235587
v 0.215498 -0.427632 0.208076
v 0.225651 -0.425033 0.203533
v 0.219291 -0.432044 0.199168
v -0.008075 0.500373 0.151275
v -0.008408 0.490267 0.143703
v -0.011497 0.491153 0.154394
v -0.011666 0.488230 0.144087
v -0.007979 0.491960 0.157665
v -0.027262 0.029888 0.056453
v -0.039034 0.031275 0.066978
v -0.024556 0.025137 0.060143
v -0.032349 0.043391 0.055765
v -0.041468 0.039423 0.061303
v -0.048432 0.044332 0.054877
v -0.000845 0.024326 0.063829
v 0.150446 -0.189618 0.188977
v 0.153987 -0.193035 0.192473
v 0.145536 -0.195915 0.180040
v 0.137113 -0.194578 0.168987
v 0.161517 -0.198717 0.186502
v 0.168656 -0.196490 0.197040
v 0.174147 -0.207391 0.192869
v 0.147028 -0.193321 0.167639
v 0.162122 -0.192497 0.170840
v -0.041280 0.500602 0.122865
v -0.034558 0.489017 0.123079
v -0.038519 0.487430 0.116723
v -0.043792 0.492569 0.115060
v -0.037899 0.492846 0.128585
v -0.131411 0.183732 0.269747
v -0.138424 0.181755 0.278228
v -0.144578 0.189170 0.280302
v -0.179704 -0.420182 -0.238371
v -0.171375 -0.424328 -0.228847
v -0.177276 -0.419815 -0.228777
v -0.183229 -0.414070 -0.235104
v -0.186236 -0.414988 -0.247367
v -0.188823 -0.409435 -0.246000
v -0.190915 -0.411654 -0.258033
v -0.193269 -0.408258 -0.257196
v -0.191983 -0.409565 -0.270765
v -0.195403 -0.403228 -0.273829
v -0.171306 -0.429300 -0.234130
v -0.187375 -0.408161 -0.287380
v -0.194610 -0.403231 -0.290352
v -0.194389 -0.406312 -0.292885
v -0.059740 0.471998 0.181501
v -0.062037 0.477273 0.199944
v -0.059623 0.471399 0.195564
v -0.064736 0.479500 0.182044
v -0.064248 0.477955 0.196996
v -0.065489 0.482844 0.177643
v -0.058582 0.476689 0.173502
v -0.064955 0.484666 0.171223
v -0.058284 0.480644 0.168308
v -0.056884 0.483608 0.159853
v -0.065370 0.491112 0.158058
v -0.059130 0.490991 0.154018
v -0.058800 0.494706 0.150317
v -0.064832 0.472873 0.208773
v -0.058054 0.465052 0.206732
v -0.064579 0.466087 0.217227
v -0.062229 0.305125 -0.065046
v -0.059875 0.312985 -0.064217
v -0.060383 0.306063 -0.060574
v -0.061675 0.296669 -0.060291
v -0.060879 0.303702 -0.053992
v -0.065962 0.317231 -0.057003
v -0.062933 0.311077 -0.046321
v -0.069957 0.320873 -0.054474
v -0.065831 0.321748 -0.031752
v -0.071949 0.326545 -0.042861
v -0.075456 0.332594 -0.026634
v -0.068077 0.325142 -0.025270
v -0.072451 0.335988 -0.008394
v -0.078198 0.337394 -0.016980
v -0.019141 0.329993 -0.048869
v -0.023646 0.332030 -0.044679
v -0.017215 0.323290 -0.043319
v -0.026700 0.327503 -0.037884
v -0.014481 0.320817 -0.049560
v -0.036716 0.330394 -0.047401
v -0.035296 0.325617 -0.034147
v -0.021331 0.324919 -0.033974
v -0.034254 0.495371 0.110952
v -0.043792 0.492569 0.115060
v -0.034280 0.488425 0.115967
v -0.038519 0.487430 0.116723
v -0.045275 0.496871 0.107561
v -0.094685 0.115413 0.064272
v -0.093400 0.114839 0.055133
v -0.087112 0.114294 0.078202
v -0.098646 0.115949 0.050080
v -0.091238 0.120132 0.043759
v -0.094763 0.119929 0.030294
v -0.103157 0.119961 0.035378
v -0.106474 0.125163 0.024566
v -0.098812 0.122684 0.018285
v -0.101926 0.125965 -0.002527
v 0.098528 0.039955 -0.070312
v 0.097281 0.041234 -0.062567
v 0.094204 0.029722 -0.068781
v 0.100497 0.032344 -0.074287
v -0.053797 0.497202 0.149165
v -0.053106 0.492160 0.159785
v -0.050717 0.487550 0.153059
v -0.048374 0.486047 0.164110
v -0.017400 0.494961 0.096791
v -0.022369 0.484114 0.096183
v -0.018319 0.483763 0.099872
v -0.017724 0.495531 0.104247
v -0.020381 0.480016 0.092336
v -0.023294 0.489741 0.105609
v -0.019119 0.490152 0.112784
v -0.008816 0.498581 0.111970
v -0.012742 0.496111 0.115896
v -0.016655 0.499475 0.122599
v -0.021993 0.487497 0.114967
v -0.022598 0.492134 0.123489
v -0.014783 0.496051 0.127988
v -0.097140 -0.394410 -0.287392
v -0.092116 -0.395592 -0.277558
v -0.095982 -0.401037 -0.272641
v -0.091318 -0.390668 -0.285208
v -0.094367 -0.380783 -0.295540
v -0.104501 -0.387282 -0.298480
v -0.107119 -0.378515 -0.305369
v -0.114320 -0.388572 -0.304305
v -0.128491 -0.381823 -0.311153
v -0.125980 -0.388430 -0.306886
v -0.135630 -0.388345 -0.307002
v -0.146102 -0.384477 -0.308910
v -0.097681 -0.405436 -0.273218
v -0.087186 0.423557 0.119796
v -0.080124 0.424882 0.113013
v -0.086774 0.418742 0.112608
v -0.082267 0.424476 0.126372
v -0.077815 0.419865 0.111006
v -0.039024 0.499153 0.135242
v -0.034579 0.492668 0.134416
v -0.037899 0.492846 0.128585
v -0.046420 0.494814 0.132091
v -0.044040 0.490637 0.128229
v -0.030276 0.499935 0.135599
v -0.004839 0.498887 0.149018
v 0.001789 0.493849 0.148376
v -0.003381 0.488333 0.143799
v -0.008408 0.490267 0.143703
v -0.008075 0.500373 0.151275
v -0.155827 -0.376389 -0.301050
v -0.163428 -0.373965 -0.301937
v -0.166501 -0.374378 -0.293358
v -0.146102 -0.384477 -0.308910
v 0.160555 -0.461909 0.170789
v 0.159464 -0.452818 0.180234
v 0.158715 -0.454880 0.173105
v 0.155916 -0.450497 0.176118
v 0.154748 -0.455547 0.192723
v -0.045275 0.496871 0.107561
v -0.062963 0.488359 0.104619
v -0.066465 0.485337 0.107260
v -0.014155 0.494329 0.165304
v -0.013616 0.492975 0.176937
v -0.011821 0.488229 0.170085
v -0.017751 0.497293 0.168471
v -0.006631 0.485532 0.174447
v 0.206075 0.096297 0.139989
v 0.201501 0.098143 0.131016
v 0.199751 0.091765 0.130933
v 0.210386 0.103105 0.139877
v 0.210106 0.112718 0.124703
v 0.206432 0.124941 0.107763
v 0.197743 0.086747 0.120790
v 0.199924 0.104441 0.113912
v 0.200266 0.103842 0.104660
v 0.200937 0.135214 0.086310
v 0.201595 0.077835 0.121136
v 0.205426 0.145141 0.088980
v 0.200555 0.150391 0.076556
v 0.212218 0.161583 0.084340
v 0.213963 0.146942 0.096438
v 0.221338 0.133032 0.113024
v 0.220352 0.117070 0.127639
v 0.222434 0.164439 0.088536
v 0.217327 0.103402 0.142766
v 0.221166 0.169330 0.086343
v 0.214941 0.096180 0.144978
v 0.201061 0.157166 0.078111
v 0.193722 0.152829 0.064268
v 0.186412 0.157423 0.052827
v 0.189949 0.178149 0.054696
v 0.203841 0.175612 0.071692
v 0.209450 0.165977 0.083061
v 0.181394 0.164637 0.040180
v 0.185532 0.188027 0.037123
v 0.200798 0.199453 0.051058
v 0.196948 0.211014 0.029955
v 0.186441 0.196951 0.029194
v 0.181366 0.188863 0.021274
v 0.178352 0.173514 0.023832
v 0.179558 0.186357 0.014173
v 0.175989 0.170106 0.011663
v 0.176383 0.174320 -0.003438
v 0.178621 0.182351 -0.002810
v 0.178250 0.156796 0.017010
v 0.180768 0.153106 0.029883
v 0.178818 0.188553 0.004771
v 0.193645 0.144544 0.058936
v 0.172230 0.193861 -0.020143
v 0.186263 0.145642 0.038889
v 0.178161 0.158686 -0.001611
v 0.181268 0.144080 0.007864
v 0.185578 0.136738 0.020059
v 0.178939 0.167011 -0.016455
v 0.180883 0.174350 -0.018395
v 0.192049 0.134171 0.029679
v 0.184848 0.138096 -0.003004
v 0.201582 0.137303 0.062926
v 0.197671 0.136504 0.053721
v 0.197877 0.130738 0.042162
v 0.193274 0.126362 0.008277
v 0.185016 0.151999 -0.015775
v 0.186179 0.165447 -0.032215
v 0.185913 0.172476 -0.030568
v 0.172568 0.197117 -0.035366
v 0.168237 0.199607 -0.006487
v 0.163994 0.204711 -0.022037
v 0.201992 0.120399 0.021415
v 0.162853 0.210538 -0.037405
v 0.206464 0.125379 0.039667
v 0.178620 0.201341 -0.051744
v 0.160785 0.220943 -0.051316
v -0.066465 0.485337 0.107260
v -0.072028 0.477197 0.105027
v -0.071709 0.477691 0.111802
v -0.062963 0.488359 0.104619
v -0.045730 0.495330 0.126887
v -0.044040 0.490637 0.128229
v -0.037899 0.492846 0.128585
v -0.041280 0.500602 0.122865
v -0.014783 0.496051 0.127988
v -0.006818 0.491652 0.120407
v -0.009972 0.487591 0.118781
v -0.003560 0.484602 0.115609
v 0.000796 0.490686 0.126650
v 0.004543 0.491421 0.121842
v -0.007548 0.490758 0.127399
v -0.009112 0.491121 0.133906
v -0.014442 0.497396 0.136718
v -0.024415 0.495353 0.133461
v -0.022598 0.492134 0.123489
v -0.003823 0.498253 0.140138
v -0.017763 0.500085 0.142729
v -0.002133 0.498954 0.137416
v 0.002480 0.498689 0.134728
v 0.009802 0.496183 0.126407
v 0.002249 0.497874 0.143483
v 0.001062 0.488180 0.113011
v 0.008948 0.485453 0.110851
v 0.062493 -0.129315 0.268572
v 0.064182 -0.126063 0.260157
v 0.058198 -0.132277 0.263209
v 0.059534 -0.133409 0.257734
v 0.054658 -0.148479 0.263678
v 0.056480 -0.197732 0.258307
v 0.060556 -0.209005 0.250543
v 0.070870 -0.232601 0.254713
v 0.067509 -0.208144 0.273202
v 0.074224 -0.225238 0.271498
v 0.077901 -0.238604 0.263904
v 0.054699 -0.182082 0.265268
v 0.068077 -0.190801 0.282900
v 0.073991 -0.208527 0.281752
v 0.066207 -0.170905 0.283677
v 0.056915 -0.167177 0.270510
v 0.066566 -0.150638 0.280782
v 0.066316 -0.141697 0.277176
v 0.056342 -0.178440 0.259569
v -0.053797 0.497202 0.149165
v -0.046765 0.492984 0.146799
v -0.050952 0.488089 0.144003
v -0.057324 0.487475 0.145217
v -0.058800 0.494706 0.150317
v -0.063292 0.481077 0.147781
v -0.067134 0.490774 0.149670
v -0.198443 0.263025 0.013080
v -0.200976 0.252635 0.017627
v -0.205472 0.252404 0.020552
v -0.194174 0.259156 0.014064
v -0.192359 0.270117 0.008223
v -0.187050 0.262003 0.013770
v -0.184065 0.267151 0.009822
v -0.185559 0.279629 0.005677
v -0.176983 0.282854 0.004667
v -0.199438 0.249282 0.025864
v -0.205184 0.246713 0.029471
v -0.176378 0.275781 0.010753
v -0.184204 0.264108 0.021840
v -0.188564 0.258719 0.024659
v -0.179906 0.272729 0.022729
v -0.174832 0.278340 0.021057
v -0.169359 0.283202 0.010009
v -0.167437 0.285160 0.019615
v -0.162868 0.294435 0.009653
v -0.161592 0.290615 0.019277
v -0.170329 0.299243 0.005497
v -0.160650 0.307907 0.009109
v -0.162714 0.300320 0.007233
v -0.154499 0.301090 0.017664
v -0.156879 0.316485 0.016137
v 0.002249 0.497874 0.143483
v -0.003381 0.488333 0.143799
v 0.001789 0.493849 0.148376
v 0.130481 0.341613 -0.025392
v 0.147717 0.332609 -0.025544
v 0.140313 0.333318 -0.025750
v 0.155979 0.321275 -0.022064
v 0.163296 0.322896 -0.023004
v 0.166988 0.316758 -0.021218
v 0.127102 0.338408 -0.022691
v 0.122649 0.348332 -0.021307
v -0.059875 0.312985 -0.064217
v -0.067676 0.316175 -0.062757
v -0.065962 0.317231 -0.057003
v -0.069957 0.320873 -0.054474
v -0.069595 0.306707 -0.068739
v -0.062229 0.305125 -0.065046
v -0.061675 0.296669 -0.060291
v -0.080628 0.300806 -0.070913
v -0.071581 0.289977 -0.062815
v -0.090510 0.282843 -0.066974
v -0.101528 0.289700 -0.071370
v -0.113136 0.283422 -0.068533
v -0.110046 0.274179 -0.064771
v -0.069252 0.477746 0.121524
v -0.065704 0.476408 0.121529
v -0.068551 0.465028 0.114468
v -0.017763 0.500085 0.142729
v -0.011666 0.488230 0.144087
v -0.008408 0.490267 0.143703
v -0.003823 0.498253 0.140138
v 0.002249 0.497874 0.143483
v -0.003381 0.488333 0.143799
v -0.028675 0.493053 0.102105
v -0.028736 0.496433 0.095918
v -0.031530 0.486764 0.099653
v -0.031044 0.497668 0.127981
v -0.030660 0.499826 0.121585
v -0.034558 0.489017 0.123079
v -0.032091 0.498258 0.112750
v -0.034280 0.488425 0.115967
v -0.034254 0.495371 0.110952
v -0.030076 0.499396 0.107213
v -0.036121 0.489336 0.107584
v -0.045004 0.479142 0.101985
v -0.037899 0.492846 0.128585
v -0.034579 0.492668 0.134416
v -0.030276 0.499935 0.135599
v -0.038519 0.487430 0.116723
v -0.179704 -0.420182 -0.238371
v -0.186236 -0.414988 -0.247367
v -0.184217 -0.421021 -0.239323
v -0.171306 -0.429300 -0.234130
v -0.204209 -0.448505 -0.215118
v -0.221572 -0.462337 -0.195850
v -0.199681 -0.470965 -0.200776
v -0.212365 -0.475925 -0.192272
v -0.201836 -0.479564 -0.195307
v -0.224567 -0.476213 -0.187692
v -0.247418 -0.472665 -0.182237
v -0.255294 -0.460071 -0.187787
v -0.231952 -0.453617 -0.198598
v -0.199526 -0.450408 -0.214401
v -0.189536 -0.461350 -0.213564
v -0.221926 -0.450552 -0.207371
v -0.191969 -0.449960 -0.220009
v -0.201201 -0.439390 -0.223703
v -0.174024 -0.442066 -0.230206
v -0.187180 -0.431019 -0.231969
v -0.249398 -0.451099 -0.197365
v -0.182089 -0.479619 -0.210209
v -0.192546 -0.480779 -0.201777
v -0.177232 -0.461789 -0.225624
v -0.220907 -0.498698 -0.185026
v -0.243074 -0.483778 -0.181282
v -0.157662 -0.428528 -0.240597
v -0.201495 -0.498970 -0.193468
v -0.232686 -0.497804 -0.183866
v -0.189426 -0.498712 -0.202664
v -0.181669 -0.499584 -0.207715
v -0.160142 -0.452105 -0.240541
v -0.172679 -0.475035 -0.224674
v -0.174665 -0.499754 -0.217906
v -0.170241 -0.472016 -0.234396
v -0.168578 -0.477866 -0.231033
v -0.168923 -0.499349 -0.232303
v 0.015447 0.494232 0.125071
v 0.011837 0.485569 0.128829
v 0.013776 0.486955 0.133071
v 0.009414 0.487003 0.140230
v 0.119805 0.218845 0.012098
v 0.119478 0.219412 0.019083
v 0.113294 0.222956 0.023018
v 0.126362 0.220374 -0.000253
v 0.132460 0.216399 0.000904
v 0.128470 0.223469 -0.011104
v 0.135812 0.219773 -0.018898
v 0.127019 0.230276 -0.021008
v 0.135671 0.201788 0.018916
v 0.135448 0.230222 -0.034515
v 0.124139 0.239426 -0.029591
v 0.122066 0.246137 -0.033400
v 0.143019 0.213944 -0.004452
v 0.158073 0.206598 -0.007795
v 0.168237 0.199607 -0.006487
v 0.156855 0.193862 0.013889
v 0.178818 0.188553 0.004771
v 0.146168 0.214881 -0.019344
v 0.162853 0.210538 -0.037405
v 0.163994 0.204711 -0.022037
v 0.145521 0.227406 -0.040601
v 0.160785 0.220943 -0.051316
v 0.179558 0.186357 0.014173
v 0.155039 0.194134 0.025238
v 0.139872 0.243442 -0.049088
v 0.165762 0.227988 -0.059495
v 0.188859 0.202609 -0.060539
v 0.178620 0.201341 -0.051744
v 0.191970 0.182750 -0.047612
v 0.185913 0.172476 -0.030568
v 0.195397 0.171090 -0.038359
v 0.201627 0.183085 -0.052301
v 0.133712 0.208008 0.034361
v 0.119294 0.219175 0.032574
v 0.119550 0.260419 -0.036854
v 0.208810 0.175949 -0.044713
v 0.166377 0.237791 -0.062578
v 0.145487 0.246859 -0.053919
v 0.186202 0.220337 -0.065630
v 0.129805 0.263359 -0.044911
v 0.136728 0.270918 -0.048094
v 0.204137 0.201999 -0.061755
v 0.154133 0.253260 -0.058495
v 0.198676 0.164903 -0.042236
v 0.186179 0.165447 -0.032215
v 0.215693 0.168906 -0.050590
v 0.158447 0.258545 -0.058990
v 0.159668 0.257812 -0.059814
v 0.166388 0.255555 -0.060210
v 0.133202 0.271633 -0.043439
v 0.117811 0.272624 -0.035088
v 0.117867 0.287099 -0.032621
v 0.109305 0.284313 -0.029859
v 0.102107 0.295375 -0.024247
v 0.111501 0.319404 -0.020930
v 0.185627 0.240784 -0.064589
v 0.161621 0.257812 -0.059937
v 0.163574 0.258057 -0.060059
v 0.145194 0.281740 -0.044784
v 0.094663 0.307004 -0.020875
v 0.088751 0.316480 -0.018669
v -0.065370 0.491112 0.158058
v -0.067782 0.485834 0.152540
v -0.073241 0.482001 0.153578
v -0.067134 0.490774 0.149670
v -0.058800 0.494706 0.150317
v 0.154680 -0.460850 0.166943
v 0.158715 -0.454880 0.173105
v 0.155916 -0.450497 0.176118
v 0.160555 -0.461909 0.170789
v -0.062037 0.477273 0.199944
v -0.057519 0.479575 0.198456
v -0.059623 0.471399 0.195564
v -0.053800 0.473311 0.189422
v -0.049986 0.478252 0.195961
v -0.047143 0.492820 0.140197
v -0.039927 0.497551 0.139397
v -0.044379 0.490315 0.137410
v -0.042693 0.499112 0.144023
v -0.065704 0.476408 0.121529
v -0.069252 0.477746 0.121524
v -0.067093 0.468648 0.124839
v 0.052030 0.029245 -0.096794
v 0.065350 0.027193 -0.090063
v 0.060404 0.025974 -0.092797
v 0.060205 0.011233 -0.093926
v 0.054688 0.008170 -0.098513
v 0.043349 0.004901 -0.106344
v 0.052818 -0.009109 -0.102100
v 0.033267 -0.002883 -0.114584
v 0.025817 0.026811 -0.113380
v 0.003583 0.036165 -0.123975
v 0.021586 0.048231 -0.111907
v 0.039289 0.041109 -0.102091
v 0.030184 0.062047 -0.102885
v 0.016247 0.001344 -0.122280
v 0.002760 0.002285 -0.128419
v 0.048909 0.059673 -0.095225
v 0.027188 -0.024742 -0.118253
v 0.011189 -0.018961 -0.125318
v 0.036978 -0.031175 -0.112352
v 0.044296 0.031484 -0.097678
v 0.000124 0.066685 -0.115810
v 0.060163 -0.008987 -0.094856
v 0.004109 -0.038047 -0.127419
v 0.063720 -0.025091 -0.093102
v 0.012777 0.064985 -0.109525
v 0.013728 0.070938 -0.109710
v -0.002964 0.070806 -0.117741
v -0.003970 0.092205 -0.113546
v 0.011393 0.093087 -0.107155
v 0.041419 0.066839 -0.099690
v 0.025812 0.094890 -0.100470
v 0.043628 0.094441 -0.093063
v 0.065414 0.084247 -0.088262
v 0.065218 0.094962 -0.084170
v 0.080423 0.095578 -0.072991
v 0.077139 0.069852 -0.082809
v 0.064489 0.067675 -0.093515
v -0.013604 -0.031335 -0.131521
v 0.020447 -0.045909 -0.117835
v 0.005058 -0.051338 -0.124744
v -0.013550 -0.005048 -0.131411
v 0.031333 -0.048374 -0.111253
v -0.006992 0.101525 -0.110120
v -0.016187 -0.058479 -0.129020
v -0.027986 -0.057490 -0.130749
v -0.012122 -0.067896 -0.125480
v 0.092015 0.093910 -0.062023
v 0.098306 0.069021 -0.061019
v 0.053291 -0.037046 -0.098038
v 0.075217 0.060342 -0.082169
v 0.064103 0.000192 -0.090045
v -0.004368 0.001516 -0.130577
v -0.016949 0.000997 -0.134177
v 0.082173 0.061568 -0.075578
v 0.090906 0.049311 -0.074382
v 0.091090 0.062107 -0.066275
v 0.001749 0.036097 -0.127026
v 0.061384 0.060343 -0.091594
v 0.052441 0.056372 -0.096333
v 0.072592 0.052731 -0.090701
v 0.099585 0.097012 -0.049933
v 0.107121 0.070094 -0.047980
v 0.107290 0.090894 -0.040281
v 0.001490 0.004940 -0.130167
v 0.018843 0.100193 -0.097155
v 0.061177 0.013016 -0.091929
v 0.061468 -0.013218 -0.092109
v 0.106848 0.056073 -0.044340
v 0.107637 0.098604 -0.035414
v -0.025657 -0.076732 -0.123372
v -0.055953 -0.080749 -0.125264
v 0.115847 0.094818 -0.036993
v 0.110300 0.062786 -0.047420
v 0.108151 0.081254 -0.044908
v 0.121487 0.076790 -0.052389
v 0.120458 0.046994 -0.053773
v 0.118002 0.090412 -0.047535
v 0.115335 0.030913 -0.052821
v 0.129020 0.025628 -0.058409
v 0.119923 0.000883 -0.056818
v 0.131179 0.003896 -0.060838
v 0.107538 0.034226 -0.047968
v 0.110910 0.005685 -0.050575
v -0.045730 0.495330 0.126887
v -0.046420 0.494814 0.132091
v -0.044040 0.490637 0.128229
v 0.052030 0.029245 -0.096794
v 0.060404 0.025974 -0.092797
v 0.044296 0.031484 -0.097678
v 0.044663 0.039892 -0.104497
v 0.039289 0.041109 -0.102091
v 0.055554 0.048538 -0.105545
v 0.043349 0.004901 -0.106344
v 0.057267 0.034910 -0.112398
v 0.073063 0.035664 -0.113259
v 0.054990 0.030201 -0.109902
v 0.049422 0.032308 -0.106978
v 0.052441 0.056372 -0.096333
v -0.022369 0.484114 0.096183
v -0.024518 0.484459 0.099881
v -0.018319 0.483763 0.099872
v -0.027585 0.481954 0.093556
v -0.023294 0.489741 0.105609
v -0.020381 0.480016 0.092336
v -0.028104 0.477347 0.088943
v -0.020295 0.475519 0.086070
v -0.028675 0.493053 0.102105
v -0.030076 0.499396 0.107213
v -0.032370 0.486740 0.088798
v -0.024534 0.492376 0.109560
v -0.019119 0.490152 0.112784
v -0.028736 0.496433 0.095918
v -0.081768 0.030210 -0.001352
v -0.083260 0.015224 -0.007008
v -0.084797 -0.011420 -0.017549
v 0.188904 0.271917 0.024962
v 0.182002 0.257031 0.039772
v 0.182924 0.258765 0.037073
v 0.189275 0.263802 0.016953
v 0.192852 0.275746 0.011445
v 0.193467 0.270767 0.001606
v 0.194139 0.278050 -0.001754
v 0.189261 0.236108 0.035229
v 0.189165 0.251974 0.030307
v 0.198449 0.258382 0.002774
v 0.204103 0.262822 -0.010181
v 0.208441 0.249981 -0.010065
v 0.210334 0.252450 -0.020872
v 0.216732 0.234129 -0.017294
v 0.204014 0.244818 0.007512
v 0.201153 0.239462 0.020382
v 0.214802 0.235788 -0.005097
v 0.211187 0.221197 0.020532
v 0.221964 0.222493 0.008213
v 0.225449 0.222221 -0.013154
v 0.205039 0.272501 -0.011305
v 0.191202 0.285994 -0.009214
v 0.205510 0.281627 -0.031293
v 0.212735 0.259826 -0.022163
v 0.212005 0.266650 -0.029948
v 0.197760 0.287202 -0.029724
v 0.183836 0.294909 -0.023475
v 0.185202 0.287309 0.020576
v 0.182477 0.295469 -0.011732
v 0.178096 0.297597 0.011563
v 0.180829 0.292973 0.022590
v 0.203906 0.216393 0.026624
v 0.173260 0.300124 0.003110
v 0.175553 0.252024 0.050450
v 0.171784 0.256605 0.058052
v 0.166693 0.251489 0.062843
v 0.176330 0.264083 0.052573
v 0.179965 0.271522 0.044634
v 0.181170 0.284797 0.033586
v 0.161387 0.241713 0.062213
v 0.165425 0.239221 0.052480
v 0.180135 0.225339 0.041181
v 0.196948 0.211014 0.029955
v -0.127930 -0.330322 -0.274414
v -0.127930 -0.330078 -0.274414
v -0.124445 -0.330772 -0.269204
v -0.048292 0.391174 0.017342
v -0.030827 0.366662 0.016755
v -0.059233 0.361640 0.026077
v -0.033214 0.379418 0.014008
v -0.034428 0.393349 0.012939
v -0.021199 0.393406 0.011516
v -0.011087 0.377213 0.014024
v -0.002517 0.366669 0.017430
v -0.031854 0.357447 0.021457
v -0.050401 0.359037 0.024932
v 0.006088 0.381282 0.015792
v -0.000725 0.394116 0.012493
v 0.016352 0.363811 0.023012
v -0.003550 0.357221 0.023629
v 0.170658 -0.395469 0.243031
v 0.161858 -0.408950 0.246682
v 0.177624 -0.409400 0.248630
v 0.159249 -0.396744 0.240754
v 0.248844 0.178183 -0.053403
v 0.249179 0.184809 -0.049330
v 0.260059 0.189050 -0.047827
v 0.230464 0.173171 -0.054307
v 0.254497 0.202046 -0.042211
v 0.260868 0.205909 -0.037630
v 0.256080 0.213302 -0.033680
v 0.250650 0.207224 -0.036819
v 0.244938 0.213511 -0.021640
v 0.251290 0.225219 -0.019721
v 0.244884 0.189314 -0.038413
v 0.236292 0.180828 -0.043729
v 0.244969 0.203127 -0.030018
v -0.168597 0.196875 0.141890
v -0.168412 0.181513 0.137992
v -0.158862 0.191013 0.132708
v 0.231470 0.225076 -0.022884
v 0.239014 0.218764 -0.014088
v 0.231361 0.216247 -0.033363
v 0.234523 0.224069 -0.015206
v 0.226523 0.222893 -0.029735
v 0.100742 0.332212 0.089607
v 0.088629 0.342953 0.087995
v 0.092806 0.327211 0.094415
v 0.097381 0.325350 0.096441
v 0.000387 0.492548 0.153836
v -0.007979 0.491960 0.157665
v -0.003784 0.485620 0.160816
v -0.008075 0.500373 0.151275
v 0.018939 0.488094 0.130922
v 0.015447 0.494232 0.125071
v 0.013776 0.486955 0.133071
v 0.009802 0.496183 0.126407
v 0.006492 0.493544 0.132414
v 0.011837 0.485569 0.128829
v 0.002480 0.498689 0.134728
v 0.003313 0.492179 0.139759
v 0.009414 0.487003 0.140230
v 0.002249 0.497874 0.143483
v 0.001789 0.493849 0.148376
v 0.009234 0.482205 0.153689
v 0.017896 0.475168 0.139405
v 0.016276 0.468787 0.155270
v 0.023397 0.468632 0.140610
v 0.027186 0.468170 0.124179
v 0.019729 0.462245 0.161310
v 0.023004 0.478497 0.123151
v 0.034437 0.453333 0.120336
v 0.015297 0.470991 0.160775
v 0.007021 0.480643 0.163459
v 0.002871 0.492726 0.159873
v 0.000596 0.488042 0.166891
v 0.029609 0.447627 0.145757
v -0.004839 0.498887 0.149018
v 0.027846 0.463731 0.114167
v 0.024082 0.470125 0.108876
v 0.018024 0.487764 0.113297
v 0.013484 0.465445 0.166140
v -0.000425 0.480050 0.180384
v 0.006983 0.465583 0.183822
v 0.002623 0.471237 0.191701
v -0.008213 0.481836 0.188321
v -0.004172 0.474889 0.193593
v -0.015495 0.478429 0.204962
v 0.000593 0.466665 0.194633
v -0.010547 0.469387 0.207751
v -0.021124 0.484736 0.200454
v -0.015232 0.490121 0.188517
v -0.012208 0.486012 0.182134
v -0.013616 0.492975 0.176937
v -0.006631 0.485532 0.174447
v -0.018585 0.475159 0.209585
v -0.024751 0.483487 0.206590
v -0.023789 0.478172 0.215551
v -0.023823 0.472896 0.219836
v -0.013764 0.456929 0.220679
v -0.016469 0.456202 0.224386
v -0.026028 0.468206 0.225801
v -0.026868 0.458219 0.238783
v -0.036457 0.471583 0.236099
v -0.030231 0.477643 0.224065
v -0.028303 0.479962 0.211999
v -0.038520 0.456532 0.247295
v -0.006465 0.489326 0.168899
v -0.039070 0.467375 0.239813
v -0.011821 0.488229 0.170085
v -0.014155 0.494329 0.165304
v -0.012807 0.497794 0.161213
v -0.125434 0.352669 0.044258
v -0.131361 0.353234 0.034527
v -0.128962 0.340470 0.026685
v 0.040353 0.363669 -0.004706
v 0.040115 0.355835 -0.017013
v 0.034070 0.354717 -0.003325
v 0.036560 0.358022 0.002618
v 0.039990 0.365610 0.009553
v 0.014013 0.009680 0.079710
v -0.000399 0.011037 0.079512
v 0.004864 0.000635 0.076376
v -0.002464 0.004774 0.076495
v 0.016982 0.002963 0.076300
v 0.022943 0.005421 0.069606
v -0.008832 0.256224 -0.083693
v -0.017313 0.260525 -0.079072
v 0.001714 0.261042 -0.077299
v -0.028535 0.262343 -0.083938
v -0.024163 0.268544 -0.074368
v -0.012742 0.496111 0.115896
v -0.014783 0.496051 0.127988
v -0.009972 0.487591 0.118781
v -0.016655 0.499475 0.122599
v -0.003560 0.484602 0.115609
v 0.001062 0.488180 0.113011
v -0.008816 0.498581 0.111970
v 0.001923 0.492434 0.107790
v 0.010119 0.491123 0.107578
v 0.008948 0.485453 0.110851
v -0.022398 0.275593 -0.080792
v -0.017313 0.260525 -0.079072
v -0.024163 0.268544 -0.074368
v -0.029089 0.278398 -0.072655
v -0.030394 0.284000 -0.072408
v -0.029837 0.420332 0.244547
v -0.034211 0.418321 0.238766
v -0.030993 0.407181 0.231634
v -0.038233 0.424875 0.250124
v -0.039848 0.410330 0.242288
v -0.037275 0.403812 0.229030
v 0.026034 0.412231 0.160854
v 0.017635 0.428201 0.180146
v 0.016811 0.393972 0.178631
v 0.022846 0.442483 0.166707
v 0.032912 0.426421 0.139756
v 0.029609 0.447627 0.145757
v 0.034738 0.436101 0.132469
v 0.020864 0.385417 0.162855
v 0.019040 0.388136 0.170059
v 0.025870 0.402232 0.155859
v 0.026770 0.389465 0.146850
v 0.023783 0.376187 0.150126
v 0.028519 0.416748 0.150757
v 0.028809 0.417969 0.149414
v 0.027453 0.385462 0.139537
v 0.013652 0.367978 0.169149
v 0.012674 0.351784 0.161817
v 0.017200 0.353943 0.150897
v 0.008010 0.399149 0.193363
v 0.018332 0.350576 0.137045
v 0.029831 0.419434 0.147827
v 0.013433 0.338739 0.138638
v 0.008573 0.330010 0.143527
v 0.000069 0.323362 0.165270
v -0.003454 0.329965 0.176449
v -0.002283 0.353124 0.184649
v -0.008238 0.309865 0.167381
v -0.017223 0.307226 0.179691
v 0.007021 0.431068 0.195603
v 0.002714 0.321806 0.149844
v -0.017155 0.324844 0.189411
v 0.016098 0.453917 0.176144
v 0.009491 0.445446 0.189481
v -0.016610 0.299275 0.168659
v -0.009710 0.432564 0.212554
v 0.008931 0.368279 0.173834
v 0.014196 0.385128 0.172339
v 0.009054 0.392468 0.185445
v 0.000212 0.358563 0.182000
v 0.005432 0.382632 0.183844
v -0.001112 0.386652 0.194274
v 0.032343 0.420000 0.143204
v 0.034037 0.423722 0.124291
v 0.030314 0.406553 0.119920
v -0.006005 0.309839 0.153195
v 0.020241 0.358284 0.130384
v 0.026742 0.382203 0.127447
v 0.034437 0.453333 0.120336
v 0.019729 0.462245 0.161310
v -0.001671 0.440959 0.203594
v -0.006684 0.441630 0.211911
v -0.000095 0.447994 0.203738
v -0.014628 0.427285 0.222652
v -0.017922 0.440675 0.228482
v -0.015002 0.419982 0.216273
v -0.022138 0.441924 0.238571
v -0.025933 0.425770 0.239800
v -0.024009 0.411565 0.226794
v -0.028228 0.441069 0.243997
v -0.008323 0.449954 0.214128
v -0.016469 0.456202 0.224386
v -0.013764 0.456929 0.220679
v -0.004618 0.399172 0.203899
v 0.002884 0.451275 0.193753
v 0.000593 0.466665 0.194633
v 0.006983 0.465583 0.183822
v 0.002623 0.471237 0.191701
v 0.009986 0.459955 0.179120
v -0.022935 0.452594 0.235787
v -0.017381 0.449973 0.229457
v -0.004808 0.460325 0.204059
v -0.026868 0.458219 0.238783
v -0.038506 0.438611 0.252420
v -0.021536 0.346418 0.198332
v -0.004757 0.380424 0.191125
v -0.011418 0.354542 0.190015
v 0.013484 0.465445 0.166140
v -0.010547 0.469387 0.207751
v -0.022857 0.411207 0.219843
v -0.015822 0.418625 0.223703
v -0.016660 0.393550 0.210448
v -0.023357 0.353381 0.198700
v -0.020857 0.363048 0.196092
v -0.024883 0.363229 0.209870
v -0.028775 0.359740 0.211150
v -0.025378 0.376482 0.199715
v -0.029101 0.365065 0.213311
v -0.028939 0.380033 0.207343
v -0.020621 0.385465 0.198907
v 0.031297 0.403172 0.152312
v -0.038520 0.456532 0.247295
v -0.015174 0.378127 0.194704
v 0.032866 0.414485 0.149040
v 0.030262 0.392090 0.146826
v -0.030089 0.390403 0.215161
v -0.031392 0.403288 0.221058
v -0.028532 0.345737 0.200525
v -0.015035 0.301191 0.154628
v -0.031342 0.353765 0.200197
v 0.113959 0.362401 -0.001309
v 0.119435 0.359572 -0.010056
v 0.116606 0.354121 -0.011220
v 0.002871 0.492726 0.159873
v -0.003784 0.485620 0.160816
v 0.000596 0.488042 0.166891
v 0.000387 0.492548 0.153836
v 0.221368 0.221841 -0.024645
v 0.226523 0.222893 -0.029735
v 0.220540 0.215007 -0.030444
v -0.041661 0.403769 0.221294
v -0.037275 0.403812 0.229030
v -0.045799 0.400677 0.225080
v -0.042045 0.401353 0.219021
v -0.007223 0.262263 -0.080209
v 0.001714 0.261042 -0.077299
v -0.017313 0.260525 -0.079072
v 0.196828 0.080915 0.197279
v 0.193780 0.075235 0.208166
v 0.197998 0.075684 0.206665
v 0.199219 0.075195 0.205078
v 0.238099 0.048632 0.122127
v 0.231442 0.049897 0.112712
v 0.235967 0.046028 0.117666
v 0.081776 0.338074 -0.008863
v 0.085564 0.329810 -0.013774
v 0.088751 0.316480 -0.018669
v 0.110910 0.005685 -0.050575
v 0.113586 0.000122 -0.049598
v 0.110455 -0.006176 -0.048376
v 0.107121 0.070094 -0.047980
v 0.107290 0.090894 -0.040281
v 0.108151 0.081254 -0.044908
v 0.121416 0.092596 -0.026020
v 0.123718 0.091309 -0.012741
v 0.125244 0.091309 -0.014519
v 0.097312 0.080981 0.041489
v 0.097591 0.083147 0.025215
v 0.091084 0.081658 0.026987
v 0.104026 0.083101 0.038297
v 0.101941 0.090172 0.010487
v 0.085239 0.076175 0.033929
v 0.091941 0.076774 0.050536
v 0.075816 0.071862 0.043582
v 0.105150 0.088351 0.024486
v 0.077941 0.072249 0.064072
v 0.066463 0.067676 0.052157
v 0.071995 0.069022 0.066787
v 0.114632 0.089555 0.024751
v 0.115464 0.095355 0.004981
v 0.104862 0.094404 0.001935
v 0.117277 0.098482 -0.013838
v 0.105367 0.099990 -0.014437
v 0.114732 0.098847 -0.023153
v 0.102962 0.100807 -0.025778
v 0.085691 0.069527 0.067256
v 0.107637 0.098604 -0.035414
v 0.128344 0.089350 0.010236
v 0.098484 0.074803 0.048093
v 0.065576 0.071028 0.070630
v 0.058417 0.067953 0.060112
v 0.037937 0.061509 0.064173
v 0.031099 0.061174 0.084376
v 0.059470 0.067700 0.087836
v 0.058081 0.064472 0.095222
v 0.047410 0.061997 0.094599
v 0.030657 0.059241 0.088639
v 0.048951 0.067303 0.059482
v 0.098238 0.101577 -0.036997
v 0.024414 0.055120 0.076727
v 0.024423 0.056529 0.067534
v 0.012504 0.051383 0.080309
v 0.006598 0.053616 0.067172
v -0.004258 0.050748 0.064508
v -0.004299 0.047199 0.079495
v 0.131443 0.088694 0.000929
v 0.103068 0.081531 0.027021
v 0.122064 0.091180 -0.005725
v 0.134897 0.090873 -0.007658
v 0.127563 0.091309 -0.016907
v 0.125244 0.091309 -0.014732
v 0.137824 0.090741 -0.027954
v 0.115847 0.094818 -0.036993
v 0.129110 0.089302 -0.046277
v 0.118002 0.090412 -0.047535
v 0.107290 0.090894 -0.040281
v 0.099585 0.097012 -0.049933
v 0.091405 0.099963 -0.049119
v 0.081870 0.098947 -0.061120
v 0.080423 0.095578 -0.072991
v 0.064893 0.098756 -0.076760
v 0.065218 0.094962 -0.084170
v 0.056548 0.099508 -0.080003
v 0.114552 0.083881 0.028540
v 0.043628 0.094441 -0.093063
v 0.035076 0.099175 -0.089139
v 0.018843 0.100193 -0.097155
v 0.008045 0.044688 0.082611
v -0.127930 -0.330078 -0.274414
v -0.129883 -0.331299 -0.275879
v -0.124445 -0.330772 -0.269204
v -0.039772 0.489424 0.162933
v -0.037846 0.486638 0.171609
v -0.034304 0.489611 0.165503
v -0.048374 0.486047 0.164110
v -0.050717 0.487550 0.153059
v -0.035209 0.492861 0.144288
v -0.040657 0.493509 0.149841
v -0.051270 0.479190 0.174978
v -0.034602 0.489015 0.175993
v -0.029688 0.493490 0.164068
v -0.028744 0.498802 0.148449
v -0.030066 0.498068 0.140168
v -0.028656 0.493108 0.170332
v -0.039927 0.497551 0.139397
v -0.056884 0.483608 0.159853
v -0.040094 0.485203 0.179641
v -0.047497 0.492835 0.150215
v -0.058284 0.480644 0.168308
v -0.058582 0.476689 0.173502
v -0.059740 0.471998 0.181501
v -0.053800 0.473311 0.189422
v -0.059623 0.471399 0.195564
v -0.048095 0.479168 0.185235
v -0.026994 0.484072 0.174769
v -0.032278 0.480842 0.183297
v -0.020858 0.482389 0.188182
v -0.029597 0.476467 0.196496
v -0.022433 0.480162 0.195873
v -0.021124 0.484736 0.200454
v -0.019504 0.485694 0.181158
v -0.013616 0.492975 0.176937
v -0.015232 0.490121 0.188517
v -0.024751 0.483487 0.206590
v -0.046482 0.476445 0.191309
v -0.019147 0.487981 0.171045
v -0.028303 0.479962 0.211999
v -0.038769 0.474340 0.204296
v -0.039647 0.471329 0.207086
v -0.036999 0.472169 0.216375
v -0.042062 0.472487 0.216844
v -0.034223 0.467644 0.221581
v -0.042022 0.465537 0.223113
v -0.033131 0.479024 0.217463
v -0.046237 0.473188 0.211639
v -0.037134 0.464165 0.229708
v -0.046587 0.459838 0.230574
v -0.057583 0.456125 0.219698
v -0.056166 0.452111 0.228580
v -0.053598 0.455476 0.237249
v -0.045711 0.457495 0.236022
v -0.050595 0.458667 0.240986
v -0.043433 0.461137 0.240879
v -0.066268 0.458662 0.224865
v -0.064579 0.466087 0.217227
v -0.039070 0.467375 0.239813
v -0.062593 0.453541 0.234935
v -0.017751 0.497293 0.168471
v -0.023169 0.490365 0.168323
v -0.018513 0.488970 0.160708
v -0.014155 0.494329 0.165304
v -0.012807 0.497794 0.161213
v -0.018244 0.499215 0.152924
v -0.023205 0.490612 0.157650
v -0.017130 0.498539 0.148364
v -0.023928 0.492265 0.139354
v -0.017763 0.500085 0.142729
v -0.019017 0.492399 0.136495
v -0.014442 0.497396 0.136718
v -0.024415 0.495353 0.133461
v -0.054527 0.461693 0.215461
v -0.042693 0.499112 0.144023
v -0.046765 0.492984 0.146799
v -0.047143 0.492820 0.140197
v -0.050952 0.488089 0.144003
v -0.051464 0.494656 0.137846
v -0.046420 0.494814 0.132091
v -0.057324 0.487475 0.145217
v -0.044379 0.490315 0.137410
v -0.043553 0.473946 0.197618
v -0.039024 0.499153 0.135242
v -0.030276 0.499935 0.135599
v -0.049986 0.478252 0.195961
v -0.045993 0.476546 0.204523
v -0.058054 0.465052 0.206732
v -0.030231 0.477643 0.224065
v -0.051549 0.470821 0.204556
v -0.039024 0.499153 0.135242
v -0.046420 0.494814 0.132091
v -0.039927 0.497551 0.139397
v -0.044379 0.490315 0.137410
v -0.049986 0.478252 0.195961
v -0.051549 0.470821 0.204556
v -0.043553 0.473946 0.197618
v -0.054686 0.477897 0.203680
v -0.057519 0.479575 0.198456
v -0.058054 0.465052 0.206732
v -0.062037 0.477273 0.199944
v -0.056884 0.483608 0.159853
v -0.048374 0.486047 0.164110
v -0.053106 0.492160 0.159785
v -0.059130 0.490991 0.154018
v -0.058800 0.494706 0.150317
v -0.053797 0.497202 0.149165
v -0.046765 0.492984 0.146799
v -0.053797 0.497202 0.149165
v -0.047497 0.492835 0.150215
v -0.050717 0.487550 0.153059
v -0.124445 -0.330772 -0.269204
v -0.133118 -0.334025 -0.267771
v -0.121990 -0.331024 -0.261431
v -0.111610 -0.326909 -0.254079
v -0.116730 -0.330463 -0.268412
v -0.126343 -0.331543 -0.275146
v -0.127930 -0.330322 -0.274414
v -0.143738 -0.335434 -0.270475
v -0.115184 -0.326274 -0.251886
v -0.129883 -0.331299 -0.275879
v -0.143738 -0.335434 -0.270475
v -0.124445 -0.330772 -0.269204
f 1700 1696 1699
f 1696 1698 1699
f 34 35 36
f 1 2 3
f 188 176 189
f 4 5 6
f 4953 4952 4950
f 31 32 33
f 516 538 511
f 538 516 517
f 519 516 511
f 7 8 7
f 7 9 7
f 7371 7324 7386
f 7371 7387 7342
f 7371 7342 7324
f 3198 3202 3199
f 3198 3203 3202
f 10 11 10
f 7762 7806 7807
f 10 12 10
f 1550 1557 1549
f 1557 1556 1549
f 13 14 13
f 15 13 13
f 15 13 16
f 17 18 17
f 17 17 19
f 2117 2135 2136
f 1941 1945 1943
f 1947 1943 1946
f 6992 6993 6994
f 1945 1946 1943
f 20 21 20
f 3787 3785 3786
f 22 23 22
f 20 22 22
f 20 22 20
f 24 25 24
f 24 26 24
f 1184 1180 1188
f 1166 1165 1171
f 1170 1164 1166
f 1166 1164 1165
f 1192 1188 1195
f 1193 1184 1192
f 1192 1184 1188
f 1193 1196 1184
f 1188 1194 1195
f 1188 1182 1194
f 1196 1181 1184
f 1194 1182 1185
f 1181 1180 1184
f 1181 1179 1180
f 1181 1197 1179
f 1179 1170 1180
f 1170 1183 1182
f 1180 1170 1182
f 1182 1183 1185
f 1179 1173 1170
f 1183 1171 1186
f 1166 1171 1183
f 1186 1171 1172
f 1170 1173 1164
f 1165 1172 1171
f 1173 1167 1164
f 1165 1163 1172
f 1165 1164 1163
f 1164 1167 1161
f 1164 1161 1163
f 1198 1192 1200
f 1193 1192 1198
f 1192 1195 1200
f 1198 1209 1193
f 1200 1195 1207
f 1209 1196 1193
f 1195 1194 1207
f 1194 1206 1207
f 1194 1185 1206
f 1211 1181 1196
f 1185 1199 1206
f 1211 1197 1181
f 1183 1186 1185
f 1186 1199 1185
f 1197 1173 1179
f 1186 1172 1201
f 1210 1167 1173
f 1172 1187 1201
f 1163 1155 1172
f 1172 1155 1187
f 1167 1210 1168
f 1163 1161 1155
f 1167 1168 1161
f 1168 1174 1161
f 1161 1160 1155
f 1213 1198 1208
f 1208 1198 1200
f 1208 1200 1217
f 1213 1209 1198
f 1215 1196 1209
f 1215 1211 1196
f 1211 1221 1197
f 1197 1212 1173
f 1186 1201 1203
f 1212 1210 1173
f 1201 1187 1202
f 1253 1233 1252
f 1174 1160 1161
f 1155 1153 1187
f 1160 1154 1155
f 1154 1153 1155
f 1217 1200 1222
f 1200 1219 1222
f 1200 1207 1219
f 1213 1225 1224
f 1213 1224 1209
f 1207 1206 1219
f 1224 1215 1209
f 1206 1199 1214
f 1221 1212 1197
f 1201 1205 1203
f 1253 1229 1233
f 1252 1232 1249
f 1187 1153 1189
f 1187 1189 1204
f 1174 1175 1160
f 1160 1175 1154
f 1153 1152 1189
f 1154 1151 1153
f 1151 1152 1153
f 7500 7501 7502
f 1219 1206 1220
f 1206 1214 1220
f 1214 1199 1218
f 1215 1221 1211
f 1199 1203 1218
f 1260 1254 1259
f 1259 1254 1256
f 1234 1253 1256
f 1234 1229 1253
f 2210 2207 2201
f 1249 1231 1248
f 1175 1176 1154
f 1189 1152 1190
f 1248 1247 1273
f 1154 1176 1151
f 1151 1156 1152
f 1152 1158 1190
f 1156 1157 1152
f 1152 1157 1158
f 7501 7510 7504
f 1285 1271 1277
f 1271 1260 1277
f 1277 1260 1259
f 2220 2208 2204
f 1256 1254 1234
f 1233 1229 1232
f 1232 1231 1249
f 1231 1240 1248
f 2197 2209 2202
f 1247 1250 1273
f 1177 1156 1151
f 1176 1177 1151
f 1190 1158 1191
f 2209 2211 2202
f 1158 1169 1191
f 1158 1159 1169
f 1157 1159 1158
f 1157 1162 1159
f 3801 3790 3794
f 1285 1284 1271
f 1260 1261 1254
f 1234 1230 1229
f 1248 1240 1247
f 1177 1178 1156
f 1156 1178 1157
f 1159 1226 1169
f 1178 1162 1157
f 1162 1227 1159
f 7500 7503 7501
f 7501 7503 7511
f 3795 3793 3796
f 3795 3796 3799
f 1284 1278 1271
f 1271 1270 1260
f 1270 1261 1260
f 1261 1255 1254
f 1254 1235 1234
f 1234 1235 1230
f 1229 1230 1231
f 1229 1231 1232
f 1247 1242 1250
f 1250 1242 1251
f 6302 6306 6299
f 1162 1178 1216
f 1251 1245 1257
f 1276 1274 1275
f 6306 6309 6308
f 6477 6475 6476
f 6308 6303 6306
f 6306 6303 6299
f 6308 6307 6303
f 6307 6304 6303
f 6468 6469 6472
f 1271 1278 1270
f 1255 1235 1254
f 2202 2212 2203
f 6302 6299 6296
f 1251 1242 1245
f 6478 6475 6477
f 6303 6301 6299
f 6476 6475 6468
f 6303 6304 6301
f 6304 6305 6301
f 6475 6464 6468
f 6472 6469 6473
f 6472 6473 6474
f 6464 6463 6468
f 6463 6469 6468
f 6469 6463 6465
f 3792 3793 3790
f 3792 3797 3793
f 3797 3796 3793
f 7516 7519 7517
f 7516 7517 7518
f 3797 3800 3796
f 1247 1240 1242
f 6296 6297 6298
f 6299 6300 6297
f 6478 6479 6475
f 6479 6462 6475
f 6462 6464 6475
f 5309 5296 5308
f 6464 6462 6463
f 6462 6461 6463
f 6469 6465 6473
f 6463 6460 6465
f 3792 3791 3797
f 7518 7520 7516
f 1281 1280 1278
f 1278 1280 1279
f 1261 1258 1255
f 1255 1258 1235
f 1230 1236 1231
f 1231 1236 1239
f 1231 1239 1240
f 1240 1241 1242
f 7748 7749 7750
f 1242 1241 1243
f 1245 1246 1274
f 6478 6480 6479
f 6479 6467 6462
f 5305 5297 5309
f 6461 6460 6463
f 3789 3780 3790
f 1286 1282 1281
f 1281 1282 1280
f 1279 1280 1283
f 1279 1283 1270
f 1270 1283 1268
f 1270 1268 1261
f 1268 1258 1261
f 1258 1237 1235
f 1237 1238 1230
f 1235 1237 1230
f 1230 1238 1236
f 1240 1239 1241
f 1243 1244 1242
f 1242 1244 1245
f 1245 1244 1246
f 3485 3489 3499
f 1246 1275 1274
f 2917 2919 2920
f 6478 6481 6480
f 2917 2911 2916
f 2917 2916 2919
f 2920 2919 2934
f 2934 2930 2937
f 2919 2930 2934
f 2916 2908 2919
f 2919 2922 2930
f 2922 2924 2930
f 5296 5299 5307
f 5296 5309 5297
f 5305 5298 5297
f 5292 5293 5295
f 2903 2895 2901
f 2903 2901 2929
f 2895 2896 2901
f 1244 1263 1246
f 3484 3483 3485
f 3485 3499 3497
f 3499 3500 3497
f 3482 3483 3484
f 3482 3490 3483
f 6480 6467 6479
f 2911 2909 2916
f 2909 2908 2916
f 2909 2904 2908
f 2904 2899 2908
f 2908 2918 2919
f 2919 2918 2921
f 2919 2921 2922
f 612 603 584
f 584 603 611
f 2908 2899 2918
f 2922 2921 2924
f 6467 6453 6462
f 2921 2925 2924
f 6462 6453 6452
f 611 603 610
f 2925 2928 2924
f 6462 6452 6461
f 603 612 613
f 603 609 610
f 6461 6452 6460
f 613 601 603
f 6452 6457 6460
f 609 603 608
f 2932 2929 2938
f 2897 2903 2932
f 2897 2895 2903
f 2896 2894 2905
f 3755 3751 3757
f 3749 3758 3751
f 3751 3758 3757
f 7449 7452 7455
f 7452 7454 7455
f 7022 7019 7020
f 3485 3497 3492
f 7023 7008 7025
f 3486 3482 3484
f 6485 6483 6481
f 3487 3488 3482
f 6483 6480 6481
f 604 596 605
f 3488 3490 3482
f 2912 2910 2911
f 2910 2909 2911
f 6467 6480 6482
f 2936 2933 2910
f 2910 2933 2904
f 2910 2904 2909
f 2933 2941 2904
f 2904 2890 2899
f 6482 6453 6467
f 615 611 661
f 612 580 613
f 5305 5301 5298
f 6840 6839 6841
f 2918 2898 2921
f 3945 3940 3941
f 5305 5293 5301
f 613 580 601
f 2890 2898 2899
f 2899 2898 2918
f 2898 2926 2921
f 2921 2926 2925
f 5290 5291 5292
f 5292 5291 5293
f 2890 2889 2898
f 601 602 603
f 603 602 608
f 3441 3432 3431
f 2926 2927 2925
f 601 600 602
f 2889 2891 2898
f 2898 2891 2926
f 2926 2892 2927
f 2927 2892 2931
f 2926 2891 2892
f 2931 2935 2927
f 2931 2897 2932
f 2892 2897 2931
f 2897 2882 2895
f 2897 2892 2882
f 2895 2882 2894
f 2894 2896 2895
f 3752 3753 3756
f 3756 3753 3761
f 3751 3755 3753
f 3752 3751 3753
f 7024 7018 7022
f 7022 7018 7019
f 316 319 329
f 7021 7009 7023
f 3486 3484 3491
f 6485 6488 6483
f 607 604 605
f 607 605 657
f 582 596 604
f 2912 2936 2910
f 6480 6484 6482
f 596 582 583
f 582 580 583
f 580 584 583
f 3940 3939 3941
f 6452 6453 6454
f 6452 6454 6457
f 2884 2889 2890
f 2884 2879 2889
f 2889 2887 2891
f 600 606 602
f 2887 2892 2891
f 2887 2888 2892
f 2888 2882 2892
f 2894 2893 2905
f 2893 2923 2905
f 2893 2902 2923
f 3760 3752 3756
f 3760 3756 3764
f 3756 3761 3764
f 3761 3767 3764
f 3747 3751 3752
f 3747 3748 3749
f 7448 7447 7449
f 7447 7452 7449
f 7450 7454 7452
f 7450 7451 7454
f 7454 7451 7453
f 1268 1267 1258
f 1237 1264 1238
f 1238 1265 1262
f 1236 1262 1269
f 7018 7016 7019
f 7019 7010 7020
f 316 318 319
f 7020 7010 7021
f 7021 7010 7009
f 7009 7008 7023
f 7008 7005 7025
f 607 582 604
f 582 614 581
f 6480 6486 6484
f 581 577 582
f 577 580 582
f 6482 6484 6453
f 6484 6456 6453
f 580 598 601
f 6453 6456 6455
f 6453 6455 6454
f 5293 5306 5301
f 5306 5303 5301
f 6454 6466 6470
f 6470 6466 6471
f 5310 5306 5293
f 2914 2915 2883
f 2914 2883 2884
f 2883 2879 2884
f 598 599 600
f 598 600 601
f 2879 2887 2889
f 2880 2888 2887
f 2880 2882 2888
f 2882 2893 2894
f 2882 2881 2893
f 2893 2881 2902
f 3759 3752 3760
f 3759 3754 3752
f 3754 3747 3752
f 3754 3750 3747
f 3772 3763 3771
f 3750 3748 3747
f 3763 3765 3750
f 3750 3765 3748
f 7458 7459 7460
f 7458 7456 7459
f 7456 7446 7459
f 7447 7450 7452
f 7018 7026 7017
f 7016 7010 7019
f 6488 6487 6483
f 697 614 607
f 6483 6486 6480
f 614 582 607
f 579 580 577
f 5300 5301 5302
f 5301 5303 5302
f 3940 3937 3939
f 579 598 580
f 6455 6458 6454
f 6454 6458 6466
f 5311 5306 5310
f 2915 2885 2883
f 600 599 654
f 2878 2887 2879
f 600 654 606
f 654 656 606
f 2878 2880 2887
f 2864 2882 2880
f 2881 2900 2902
f 2902 2913 2923
f 1570 1554 1543
f 3768 3759 3760
f 7282 7269 7274
f 7458 7457 7456
f 7459 7446 7448
f 7446 7447 7448
f 7447 7445 7450
f 7453 7443 7467
f 1267 1266 1258
f 1258 1266 1264
f 1264 1265 1238
f 7010 7012 7006
f 697 685 614
f 672 669 673
f 673 669 665
f 672 671 669
f 6487 6486 6483
f 680 671 672
f 669 666 665
f 679 581 614
f 669 671 666
f 679 586 581
f 680 636 671
f 671 636 681
f 671 681 666
f 666 681 670
f 586 578 581
f 578 577 581
f 577 575 579
f 5329 5323 5330
f 575 585 579
f 585 598 579
f 585 599 598
f 6458 6455 6459
f 585 597 599
f 599 652 654
f 2883 2872 2879
f 2872 2878 2879
f 2867 2880 2878
f 2878 2871 2867
f 2867 2864 2880
f 2864 2866 2882
f 2866 2881 2882
f 2866 2877 2881
f 2881 2877 2900
f 2900 2913 2902
f 3766 3762 3754
f 3762 3750 3754
f 7458 7461 7457
f 7456 7441 7446
f 7446 7445 7447
f 7451 7443 7453
f 7443 7478 7467
f 1264 1272 1265
f 4866 4862 4884
f 4884 4862 4886
f 673 682 672
f 682 642 672
f 642 680 672
f 303 339 317
f 678 677 679
f 665 666 667
f 667 666 668
f 677 586 679
f 5337 5333 5329
f 666 670 668
f 5327 5323 5329
f 576 577 578
f 576 575 577
f 5331 5323 5332
f 5330 5322 5335
f 5306 5314 5303
f 5335 5322 5325
f 5306 5313 5314
f 5258 5238 5256
f 2885 2872 2883
f 654 658 656
f 2872 2871 2878
f 2871 2869 2867
f 2864 2867 2865
f 2864 2865 2866
f 3772 3774 3775
f 7457 7442 7456
f 7456 7442 7441
f 7446 7441 7445
f 7445 7444 7451
f 7445 7451 7450
f 684 614 685
f 678 679 684
f 642 637 680
f 594 586 677
f 5333 5327 5329
f 637 636 680
f 668 588 594
f 594 588 586
f 588 578 586
f 588 587 578
f 587 576 578
f 681 641 670
f 670 641 588
f 588 641 587
f 636 635 681
f 681 635 639
f 681 639 641
f 5252 5243 5245
f 7744 7746 7747
f 7744 7745 7746
f 576 573 575
f 5343 5322 5330
f 573 574 575
f 574 585 575
f 5335 5325 5338
f 597 652 599
f 2886 2872 2885
f 652 658 654
f 2872 2870 2871
f 2867 2869 2865
f 2865 2868 2866
f 2866 2868 2877
f 2877 2868 2907
f 2877 2907 2906
f 2877 2906 2900
f 7461 7462 7457
f 7442 7440 7441
f 7441 7439 7445
f 7439 7444 7445
f 7444 7443 7451
f 7443 7477 7478
f 7035 7036 7033
f 682 683 642
f 674 677 678
f 668 594 674
f 674 594 677
f 642 638 637
f 637 634 636
f 637 638 634
f 5324 5316 5323
f 5323 5316 5322
f 634 635 636
f 634 619 635
f 641 590 587
f 3937 3938 3939
f 241 229 228
f 635 618 639
f 618 590 639
f 641 639 590
f 587 573 576
f 5322 5319 5325
f 5238 5239 5256
f 5325 5326 5338
f 5258 5260 5259
f 574 595 585
f 595 597 585
f 2886 2873 2872
f 658 663 656
f 2873 2870 2872
f 2870 2869 2871
f 2874 2868 2865
f 2865 2875 2874
f 2900 2906 2913
f 4804 4806 4807
f 4804 4807 4808
f 3773 3774 3770
f 7462 7463 7457
f 7457 7463 7442
f 7463 7440 7442
f 7440 7439 7441
f 7463 7436 7440
f 7440 7436 7439
f 7439 7438 7444
f 7044 7051 7054
f 5857 5849 5851
f 5851 5849 5844
f 4866 4865 4862
f 683 682 686
f 687 678 688
f 5340 5339 5337
f 5337 5339 5333
f 5333 5334 5327
f 5327 5334 5321
f 5324 5321 5316
f 638 630 634
f 5254 5244 5243
f 5243 5244 5245
f 5322 5316 5319
f 5233 5234 5235
f 635 619 618
f 5319 5320 5325
f 5235 5234 5238
f 5234 5239 5238
f 618 617 590
f 587 590 589
f 590 591 589
f 587 589 573
f 5325 5320 5326
f 573 589 574
f 589 595 574
f 650 652 597
f 2886 2945 2873
f 2870 2873 2942
f 2869 2875 2865
f 2361 2358 2362
f 7462 7464 7463
f 7466 7474 7463
f 7439 7436 7438
f 7463 7474 7436
f 7438 7443 7444
f 683 655 642
f 5342 5341 5340
f 5341 5339 5340
f 651 638 655
f 5339 5334 5333
f 5391 5385 5387
f 5262 5261 5244
f 630 622 634
f 634 622 619
f 3937 3942 3938
f 619 621 620
f 619 620 617
f 619 617 618
f 620 627 617
f 617 616 590
f 627 616 617
f 589 592 595
f 595 592 650
f 595 650 597
f 6600 6598 6605
f 2870 2942 2943
f 2874 2876 2868
f 2868 2876 2907
f 2361 2360 2358
f 2820 2811 2845
f 2820 2847 2825
f 2845 2847 2820
f 7464 7465 7463
f 2845 2843 2847
f 2843 2848 2847
f 7465 7466 7463
f 5723 5727 5726
f 2843 2841 2848
f 2843 2835 2841
f 7474 7473 7436
f 7436 7473 7437
f 7436 7437 7438
f 7438 7437 7443
f 2835 2834 2841
f 5727 5730 5729
f 2834 2840 2841
f 2834 2836 2840
f 5385 5386 5387
f 651 640 638
f 5391 5381 5385
f 314 352 347
f 5261 5249 5244
f 640 630 638
f 5233 5236 5234
f 622 621 619
f 623 621 622
f 621 625 620
f 625 627 620
f 616 593 590
f 593 591 590
f 591 592 589
f 592 649 650
f 6605 6598 6604
f 6605 6604 6611
f 658 664 663
f 2945 2946 2873
f 2873 2946 2942
f 2869 2870 2875
f 2875 2939 2874
f 4806 4791 4794
f 4805 4802 4804
f 4804 4802 4803
f 4804 4803 4806
f 4803 4791 4806
f 3779 3769 3777
f 2365 2364 2363
f 2363 2364 2361
f 2358 2360 2351
f 2351 2348 2352
f 2352 2348 2353
f 7464 7468 7465
f 2811 2814 2845
f 2814 2844 2845
f 2844 2843 2845
f 2844 2831 2843
f 2843 2831 2835
f 7437 7477 7443
f 7437 7476 7477
f 2831 2830 2835
f 2835 2830 2834
f 7473 7472 7437
f 7437 7472 7469
f 7472 7470 7469
f 2830 2832 2834
f 2832 2836 2834
f 2840 2842 2849
f 2836 2842 2840
f 2684 2681 2718
f 4861 4864 4883
f 660 651 655
f 5885 5884 5887
f 5385 5383 5386
f 5392 5381 5391
f 651 647 640
f 647 630 640
f 630 623 622
f 623 624 621
f 624 625 621
f 627 628 616
f 616 628 593
f 593 592 591
f 593 646 592
f 592 646 649
f 6596 6598 6600
f 6604 6610 6611
f 2942 2946 2943
f 2943 2944 2875
f 2870 2943 2875
f 2944 2939 2875
f 1559 1524 1531
f 2874 2939 2876
f 2939 2940 2876
f 2876 2940 2907
f 4791 4792 4794
f 2814 2846 2844
f 5849 5846 5844
f 5857 5855 5849
f 7437 7469 7476
f 4738 4737 4742
f 2833 2842 2836
f 5420 5425 5426
f 692 687 694
f 2719 2762 2764
f 4864 4880 4883
f 651 660 659
f 5385 5381 5383
f 651 659 647
f 629 626 623
f 626 624 623
f 625 632 627
f 2949 2946 2945
f 7496 7497 7498
f 4803 4789 4791
f 2360 2350 2351
f 2350 2348 2351
f 2805 2814 2811
f 2347 2353 2348
f 2347 2354 2353
f 2846 2831 2844
f 5846 5836 5844
f 5856 5855 5857
f 2831 2828 2830
f 7469 7475 7476
f 7469 7470 7471
f 7469 7471 7475
f 2832 2833 2836
f 4736 4737 4738
f 2833 2852 2842
f 5413 5414 5429
f 5414 5426 5429
f 5414 5420 5426
f 5429 5426 5425
f 3075 3068 3064
f 5422 5425 5420
f 5422 5424 5425
f 5424 5427 5425
f 5885 5886 5882
f 5885 5882 5884
f 5884 5882 5881
f 5392 5393 5381
f 5381 5382 5383
f 647 662 630
f 3942 3943 3938
f 624 631 625
f 625 631 632
f 627 632 628
f 6598 6599 6604
f 628 643 593
f 593 643 646
f 1983 1980 1989
f 4802 4800 4799
f 4802 4799 4803
f 4789 4790 4791
f 4803 4799 4801
f 4791 4790 4792
f 4790 4814 4792
f 3785 3779 3786
f 3787 3778 3785
f 2804 2805 2811
f 5849 5847 5846
f 2828 2831 2846
f 5855 5847 5849
f 2828 2829 2830
f 5411 5413 5428
f 2830 2829 2832
f 5428 5413 5430
f 2829 2833 2832
f 5411 5412 5413
f 5413 5429 5430
f 2854 2852 2833
f 5413 5412 5414
f 5412 5415 5414
f 5415 5420 5414
f 5415 5422 5420
f 2700 2712 2714
f 2684 2679 2681
f 4872 4880 4864
f 5381 5393 5384
f 5381 5384 5382
f 659 662 647
f 6858 6859 6860
f 2195 2183 2190
f 2190 2183 2182
f 2190 2182 2191
f 6599 6607 6604
f 6604 6607 6610
f 6596 6597 6598
f 6598 6597 6599
f 7496 7499 7497
f 632 643 628
f 6594 6596 6595
f 1982 1973 1983
f 1983 1973 1980
f 1989 1980 1988
f 2944 2947 2939
f 2939 2947 2940
f 2940 2947 2948
f 2375 2374 2369
f 3787 3788 3778
f 2364 2366 2359
f 2359 2350 2360
f 2356 2354 2347
f 2814 2808 2819
f 2814 2819 2846
f 2850 2828 2846
f 2819 2850 2846
f 2828 2839 2829
f 5820 5850 5826
f 3070 3060 3062
f 3070 3063 3060
f 2839 2838 2829
f 2838 2837 2829
f 2829 2837 2833
f 2833 2837 2854
f 5416 5415 5412
f 5423 5424 5422
f 5083 5091 5092
f 5424 5431 5427
f 4880 4875 4885
f 6859 6858 6855
f 3942 3944 3943
f 2195 2185 2183
f 2182 2180 2191
f 2191 2180 2192
f 631 633 632
f 1974 1973 1982
f 633 644 632
f 1988 1980 1981
f 1988 1981 1985
f 2359 2366 2355
f 2359 2355 2350
f 2349 2348 2350
f 2805 2804 2797
f 2347 2346 2356
f 5836 5837 5838
f 2850 2839 2828
f 5856 5847 5855
f 5120 5122 5121
f 5406 5408 5411
f 5408 5412 5411
f 4736 4735 4737
f 4735 4739 4737
f 4736 4732 4735
f 2837 2857 2854
f 5410 5416 5412
f 2711 2702 2712
f 5422 5421 5423
f 2679 2677 2681
f 5083 5067 5091
f 2677 2680 2681
f 4872 4875 4880
f 5883 5874 5882
f 5882 5874 5881
f 5880 5878 5879
f 1942 1935 1941
f 2106 2108 2109
f 2183 2173 2182
f 2180 2181 2192
f 1974 1908 1973
f 6599 6608 6607
f 4387 4306 4318
f 4387 4318 4384
f 1908 1924 1973
f 6594 6597 6596
f 632 644 643
f 643 653 646
f 6595 6592 6594
f 1973 1924 1980
f 1562 1571 1558
f 4799 4797 4801
f 2349 2344 2348
f 2348 2344 2347
f 2344 2346 2347
f 2804 2798 2797
f 2805 2807 2808
f 2819 2808 2813
f 2819 2818 2850
f 5846 5841 5836
f 5820 5845 5850
f 2839 2851 2838
f 5408 5410 5412
f 2857 2858 2854
f 5415 5421 5422
f 5083 5080 5067
f 2680 2677 2676
f 6861 6856 6862
f 2106 2109 2120
f 2120 2109 2133
f 5881 5878 5880
f 2109 2134 2133
f 6862 6856 6858
f 2134 2138 2133
f 4354 4373 4374
f 6858 6856 6855
f 2108 2119 2109
f 2109 2119 2134
f 2173 2183 2185
f 2182 2173 2180
f 6818 6819 6820
f 2173 2179 2180
f 2173 2171 2179
f 4318 4377 4384
f 1907 1924 1908
f 6597 6606 6599
f 631 645 633
f 643 644 653
f 1924 1929 1980
f 3962 3964 3952
f 1929 1981 1980
f 1981 1934 1985
f 1985 1984 1987
f 1984 1986 1987
f 4793 4813 4790
f 4789 4793 4790
f 4800 4795 4799
f 2366 2368 2355
f 5374 5368 5375
f 5368 5367 5375
f 2344 2345 2346
f 6767 6759 6763
f 6763 6759 6760
f 2797 2807 2805
f 2808 2807 2813
f 2813 2818 2819
f 5841 5837 5836
f 5847 5841 5846
f 5405 5403 5402
f 5405 5406 5403
f 5402 5403 5404
f 5407 5406 5405
f 2851 2837 2838
f 2851 2853 2837
f 2853 2857 2837
f 4731 4730 4732
f 3055 3056 3066
f 5416 5421 5415
f 5080 5068 5067
f 5091 5076 5093
f 2121 2104 2120
f 2104 2106 2120
f 2105 2106 2104
f 15 16 27
f 43 44 45
f 5874 5877 5875
f 2105 2107 2106
f 2107 2108 2106
f 2138 2178 2187
f 2107 2115 2108
f 2115 2144 2108
f 2108 2144 2169
f 2119 2178 2138
f 2178 2173 2187
f 2187 2173 2185
f 2108 2169 2119
f 2169 2174 2119
f 2119 2174 2178
f 4319 4323 4375
f 2178 2174 2173
f 2174 2170 2173
f 2180 2179 2181
f 2173 2170 2171
f 2184 2181 2179
f 6599 6606 6608
f 2171 2176 2179
f 2192 2181 2189
f 633 645 648
f 633 648 644
f 3948 3962 3952
f 3952 3964 3955
f 6575 6579 6572
f 3948 3947 3963
f 3963 3962 3948
f 6579 6578 6572
f 6583 6581 6582
f 6582 6581 6579
f 6581 6578 6579
f 1934 1930 1985
f 1985 1930 1984
f 4799 4795 4797
f 2366 2373 2368
f 5370 5368 5374
f 5370 5374 5373
f 5364 5366 5367
f 5364 5367 5368
f 2349 2342 2344
f 5358 5365 5361
f 6767 6764 6759
f 6749 6760 6759
f 1877 1873 1885
f 6749 6750 6760
f 2813 2812 2818
f 5395 5394 5405
f 5394 5407 5405
f 2818 2821 2850
f 2850 2821 2855
f 2850 2855 2839
f 5407 5409 5408
f 5407 5408 5406
f 3071 3059 3072
f 2855 2856 2839
f 2839 2856 2851
f 5822 5825 5824
f 4735 4740 4739
f 2131 2125 2126
f 2126 2125 2124
f 5409 5410 5408
f 4751 4729 4731
f 4731 4729 4730
f 2125 2103 2124
f 2124 2103 2123
f 2103 2102 2123
f 2103 2100 2102
f 5417 5421 5416
f 2703 2695 2699
f 2100 2101 2102
f 2102 2104 2122
f 2132 2101 2100
f 2122 2104 2121
f 2132 2116 2101
f 2102 2101 2104
f 2101 2105 2104
f 2679 2678 2677
f 2121 2120 2137
f 1024 1033 1020
f 5067 5076 5091
f 2117 2118 2135
f 2135 2118 2127
f 1020 1033 1021
f 2111 2107 2105
f 6861 6857 6856
f 2113 2107 2111
f 2113 2114 2107
f 2747 2748 2743
f 2114 2115 2107
f 2144 2147 2169
f 2169 2146 2174
f 2147 2146 2169
f 4318 4315 4320
f 2174 2148 2170
f 4378 4301 4306
f 2176 2184 2179
f 2184 2188 2181
f 2181 2188 2189
f 6594 6603 6597
f 6603 6606 6597
f 6592 6593 6594
f 6575 6571 6589
f 6591 6590 6592
f 3951 3952 3953
f 3946 3949 3947
f 3946 3947 3948
f 6587 6586 6585
f 6577 6573 6572
f 6585 6584 6583
f 6583 6584 6581
f 1981 1929 1934
f 1984 1928 1986
f 1571 1568 1558
f 4793 4812 4813
f 4793 4809 4812
f 7279 7288 7297
f 5369 5364 5368
f 5355 5361 5359
f 5359 5361 5362
f 5362 5361 5364
f 5355 5358 5361
f 2343 2345 2344
f 6765 6755 6754
f 6765 6754 6766
f 6766 6754 6752
f 6752 6759 6764
f 6755 6753 6754
f 2797 2799 2807
f 6752 6749 6759
f 2812 2813 2807
f 5400 5407 5394
f 5400 5409 5407
f 2129 2130 2126
f 5823 5824 5845
f 1003 1028 1004
f 4751 4743 4729
f 5410 5417 5416
f 2123 2102 2122
f 2703 2714 2702
f 2122 2121 2137
f 5080 5081 5079
f 5080 5070 5068
f 2678 2669 2677
f 2118 2117 2116
f 2116 2117 2110
f 2116 2110 2101
f 2101 2110 2105
f 2677 2669 2676
f 2118 2112 2127
f 2127 2112 2110
f 2110 2111 2105
f 2112 2111 2110
f 1026 937 1021
f 1026 1027 937
f 2112 2113 2111
f 6854 6856 6857
f 2112 2114 2113
f 4303 4312 4315
f 2146 2148 2174
f 2148 2149 2170
f 2170 2149 2171
f 1902 1904 1906
f 2171 2149 2172
f 2172 2176 2171
f 6593 6603 6594
f 1906 1904 1913
f 6590 6593 6592
f 1906 1913 1929
f 6591 6589 6590
f 3915 3909 3914
f 6577 6576 6573
f 6586 6584 6585
f 6572 6578 6577
f 3910 3906 3907
f 3910 3907 3911
f 1930 1928 1984
f 4795 4796 4797
f 5372 5370 5373
f 1895 1882 1883
f 5362 5364 5369
f 5355 5356 5357
f 5355 5357 5358
f 6769 6758 6755
f 6769 6755 6765
f 2797 2798 2799
f 6758 6756 6755
f 6755 6756 6753
f 6753 6748 6752
f 6754 6753 6752
f 6748 6749 6752
f 6749 6740 6750
f 6750 6740 6751
f 6220 6233 6230
f 6233 6234 6230
f 6230 6234 6235
f 6235 6234 6238
f 6238 6243 6242
f 6235 6238 6242
f 2821 2861 2855
f 2129 2126 2128
f 2128 2126 2124
f 6243 6254 6253
f 5824 5848 5845
f 2855 2860 2856
f 1003 1004 970
f 5400 5419 5409
f 4735 4741 4740
f 4734 4741 4735
f 2851 2859 2853
f 5410 5419 5418
f 1004 1028 971
f 1028 1036 1018
f 5418 5417 5410
f 1036 1024 1018
f 5080 5079 5070
f 1024 1020 1002
f 2669 2675 2676
f 2164 2112 2118
f 2112 2152 2114
f 2144 2141 2147
f 2141 2146 2147
f 2146 2142 2148
f 4378 4296 4301
f 2149 2186 2172
f 6571 6574 6589
f 6589 6574 6590
f 3949 3956 3965
f 3911 3912 3913
f 6578 6580 6577
f 4809 4811 4812
f 5371 5370 5372
f 5363 5359 5362
f 5362 5369 5363
f 5371 5369 5370
f 5359 5356 5355
f 2798 2800 2799
f 6742 6741 6753
f 6756 6742 6753
f 6741 6748 6753
f 2807 2799 2809
f 6748 6740 6749
f 2807 2809 2812
f 2812 2816 2818
f 6219 6220 6217
f 6217 6220 6230
f 6230 6235 6241
f 2818 2816 2821
f 5394 5397 5399
f 5399 5400 5394
f 5845 5848 5843
f 1003 970 969
f 2855 2861 2860
f 6201 6192 6198
f 2856 2860 2851
f 1004 971 970
f 2851 2860 2859
f 4730 4734 4735
f 5409 5419 5410
f 4743 4728 4729
f 5079 5073 5070
f 2678 2673 2669
f 5068 5070 5069
f 2153 2112 2164
f 2152 2115 2114
f 2152 2150 2115
f 2150 2143 2115
f 2115 2143 2144
f 2144 2143 2141
f 4296 4300 4301
f 4298 4296 4378
f 6590 6602 6593
f 6602 6603 6593
f 6574 6601 6590
f 6601 6602 6590
f 6571 6573 6574
f 1556 1557 1545
f 1556 1545 1533
f 3909 3904 3914
f 6586 6588 6584
f 3904 3906 3910
f 3907 3912 3911
f 1534 1563 1548
f 4796 4810 4809
f 1883 1881 1884
f 5360 5359 5363
f 5363 5369 5371
f 5360 5356 5359
f 7808 7806 7805
f 6758 6757 6756
f 2799 2810 2809
f 6743 6742 6756
f 6757 6743 6756
f 6743 6737 6742
f 6742 6737 6741
f 6741 6737 6740
f 6741 6740 6748
f 6216 6217 6229
f 6229 6230 6239
f 6740 6736 6738
f 6740 6738 6751
f 6239 6230 6241
f 6218 6219 6217
f 6217 6230 6229
f 6241 6235 6247
f 6247 6235 6242
f 6242 6243 6252
f 2821 2823 2861
f 5399 5401 5400
f 6194 6193 6202
f 5401 5419 5400
f 4749 4728 4743
f 4729 4727 4730
f 5082 5079 5081
f 1018 1002 927
f 5079 5087 5073
f 5070 5072 5069
f 2166 2153 2164
f 2166 2160 2153
f 2153 2152 2112
f 2152 2151 2150
f 2141 2142 2146
f 2142 2149 2148
f 2142 2175 2149
f 2175 2186 2149
f 3957 3956 3950
f 3909 3908 3904
f 1557 1550 1545
f 5376 5378 5371
f 7810 7809 7808
f 7808 7809 7760
f 1075 1063 1062
f 7808 7760 7806
f 7806 7760 7807
f 7805 7761 7804
f 7805 7804 7802
f 1062 1063 1057
f 6214 6216 6237
f 2799 2800 2810
f 6216 6229 6237
f 6215 6217 6216
f 6214 6215 6216
f 6237 6229 6239
f 6743 6744 6737
f 6740 6737 6736
f 2809 2817 2815
f 6239 6241 6247
f 2809 2815 2812
f 6215 6218 6217
f 2812 2815 2816
f 6736 6734 6735
f 6736 6735 6738
f 5842 5865 5863
f 6247 6242 6255
f 2816 2822 2821
f 2821 2822 2823
f 6501 6506 6511
f 5824 5835 5848
f 2861 2862 2860
f 4730 4725 4734
f 6511 6513 6514
f 4728 4727 4729
f 4727 4726 4730
f 4730 4726 4725
f 5085 5084 5082
f 5084 5086 5079
f 5082 5084 5079
f 5079 5086 5087
f 5073 5072 5070
f 2153 2154 2152
f 4302 4304 4300
f 2141 2140 2142
f 2142 2140 2175
f 4383 4294 4298
f 3958 3965 3956
f 3920 3919 3922
f 3908 3900 3904
f 1919 1927 1916
f 3912 3919 3920
f 3907 3929 3912
f 1916 1927 1917
f 1925 1926 1978
f 7810 7811 7809
f 1082 1075 1078
f 1078 1075 1062
f 2802 2827 2800
f 7760 7761 7762
f 7760 7762 7807
f 7760 7804 7761
f 6236 6214 6237
f 1064 1065 1057
f 6221 6215 6214
f 6236 6237 6244
f 7802 7776 7784
f 6237 6239 6244
f 6244 6239 6256
f 7776 7775 7784
f 2810 2817 2809
f 6743 6747 6744
f 6744 6745 6737
f 6737 6734 6736
f 6223 6218 6215
f 6223 6225 6218
f 2815 2822 2816
f 2233 2226 2232
f 2232 2226 2231
f 2231 2226 2230
f 6501 6494 6506
f 2823 2862 2861
f 5853 5835 5852
f 2860 2862 2863
f 6201 6190 6192
f 926 971 928
f 2860 2863 2859
f 4749 4754 4717
f 5087 5094 5073
f 2168 2160 2166
f 2150 2145 2143
f 2143 2139 2141
f 2139 2140 2141
f 4294 4295 4296
f 4294 4296 4298
f 3923 3936 3935
f 6574 6609 6601
f 6601 6609 6602
f 3897 3909 3916
f 3909 3897 3908
f 3929 3917 3912
f 1927 1926 1917
f 1119 1082 1118
f 1118 1082 1078
f 7809 7780 7760
f 7760 7780 7778
f 6232 6231 6221
f 6231 6228 6221
f 6232 6221 6214
f 6214 6236 6232
f 7778 7804 7760
f 6227 6221 6228
f 6236 6244 6246
f 6260 6222 6227
f 6227 6222 6221
f 7804 7778 7776
f 7804 7776 7802
f 6222 6215 6221
f 1065 1066 1057
f 6222 6223 6215
f 6747 6746 6744
f 6746 6745 6744
f 1023 1025 968
f 6745 6739 6737
f 6737 6739 6734
f 1025 953 968
f 2238 2235 2233
f 973 946 953
f 2233 2235 2226
f 6223 6226 6225
f 6732 6733 6734
f 6734 6733 6735
f 1891 1900 1896
f 5397 5398 5399
f 2226 2225 2230
f 6501 6497 6494
f 5848 5835 5859
f 6506 6494 6493
f 2225 2229 2245
f 6511 6506 6512
f 6511 6512 6513
f 4749 4717 4728
f 5089 5088 5085
f 5088 5084 5085
f 5086 5084 5097
f 5094 5077 5073
f 5073 5074 5072
f 2682 2674 2673
f 2161 2160 2168
f 2669 2670 2671
f 2154 2155 2152
f 2152 2155 2151
f 2151 2145 2150
f 2140 2177 2175
f 3958 3961 3966
f 4383 4293 4294
f 3892 3897 3916
f 3897 3900 3908
f 3900 3902 3904
f 3912 3918 3919
f 3904 3902 3905
f 3904 3905 3906
f 3906 3905 3907
f 3907 3932 3929
f 3912 3917 3918
f 6259 6258 6240
f 6231 6232 6240
f 6258 6231 6240
f 1130 1132 1131
f 1130 1131 1128
f 7811 7812 7809
f 7809 7783 7780
f 1062 1061 1073
f 6245 6236 6246
f 1062 1057 1061
f 2319 2317 2294
f 1057 1060 1061
f 7778 7779 7777
f 1057 1056 1060
f 7778 7777 7776
f 1032 1023 995
f 1057 1066 1055
f 1057 1055 1056
f 7776 7767 7775
f 1065 1087 1066
f 6224 6223 6222
f 6746 6768 6745
f 6768 6739 6745
f 6739 6732 6734
f 6739 6727 6732
f 1893 1896 1897
f 946 972 960
f 6733 6762 6770
f 6732 6729 6733
f 5853 5854 5835
f 5090 5088 5089
f 4728 4717 4719
f 5084 5095 5096
f 922 927 925
f 5097 5077 5094
f 5073 5075 5074
f 2167 2161 2168
f 2673 2672 2669
f 2669 2672 2670
f 2158 2153 2160
f 2158 2157 2153
f 2153 2157 2154
f 2154 2156 2155
f 2145 2139 2143
f 4294 4293 4292
f 3919 3918 3921
f 3905 3932 3907
f 3932 3926 3917
f 3932 3917 3929
f 1130 1128 1123
f 1128 1119 1123
f 1130 1145 1132
f 7780 7779 7778
f 1056 1068 1060
f 2294 2291 2293
f 7776 7777 7767
f 2243 2240 2238
f 7775 7767 7771
f 1066 1087 1088
f 1055 1048 1054
f 1056 1055 1054
f 7771 7803 7820
f 7775 7771 7820
f 6746 6771 6768
f 1087 1109 1090
f 1087 1090 1088
f 2238 2240 2235
f 6727 6728 6732
f 6732 6728 6729
f 6729 6762 6733
f 6497 6496 6494
f 2226 2224 2225
f 5835 5854 5834
f 2225 2228 2229
f 5860 5858 5853
f 4728 4719 4727
f 5097 5078 5077
f 5077 5075 5073
f 2674 2672 2673
f 2157 2156 2154
f 6527 6529 6540
f 6531 6533 6537
f 6537 6533 6535
f 4291 4292 4293
f 1118 1125 1141
f 6240 6232 6248
f 7757 7758 7759
f 6248 6232 6245
f 1146 1132 1145
f 1073 1061 1072
f 1061 1067 1072
f 7783 7781 7780
f 7781 7779 7780
f 1061 1060 1067
f 1060 1068 1067
f 2291 2242 2293
f 2293 2242 2243
f 2243 2242 2240
f 1056 1054 1068
f 961 968 952
f 1066 1088 1055
f 1103 1090 1109
f 1103 1092 1090
f 1055 1046 1048
f 1054 1048 1050
f 6768 6730 6739
f 6739 6730 6727
f 1046 1047 1048
f 6496 6495 6494
f 2225 2223 2228
f 6494 6492 6493
f 6493 6492 6491
f 2229 2228 2234
f 2234 2228 2247
f 2994 2998 2996
f 5861 5858 5860
f 4717 4718 4719
f 4727 4719 4726
f 4726 4720 4725
f 5095 5100 5096
f 5100 5097 5096
f 5100 5078 5097
f 5078 5075 5077
f 2165 2161 2167
f 2161 2158 2160
f 6540 6529 6531
f 6535 6533 6534
f 3107 3100 3104
f 3104 3100 3103
f 4706 4702 4704
f 3892 3894 3897
f 3900 3897 3898
f 3900 3898 3902
f 3905 3931 3932
f 6250 6240 6249
f 4903 4906 4907
f 4903 4907 4911
f 6240 6248 6249
f 7381 7382 7368
f 4905 4906 4903
f 7381 7383 7382
f 7381 7389 7383
f 7813 7795 7783
f 7783 7795 7781
f 1067 1077 1072
f 1080 1086 1085
f 1067 1069 1077
f 3209 3205 3206
f 3205 3197 3206
f 1067 1068 1069
f 3197 3196 3206
f 3196 3194 3195
f 1070 1054 1071
f 1054 1050 1071
f 7767 7764 7771
f 2242 2239 2240
f 7771 7764 7803
f 6771 6731 6768
f 7803 7764 7766
f 2240 2239 2235
f 6731 6730 6768
f 1088 1089 1055
f 1050 1048 1047
f 7766 7763 7785
f 6731 6725 6730
f 1090 1089 1088
f 6725 6727 6730
f 2235 2236 2226
f 1092 1091 1090
f 1090 1091 1089
f 1089 1046 1055
f 2236 2224 2226
f 6727 6726 6728
f 6729 6761 6762
f 1046 1049 1047
f 6728 6709 6729
f 6729 6709 6761
f 2224 2223 2225
f 5833 5834 5832
f 6495 6492 6494
f 1105 1112 1106
f 1112 1107 1106
f 6489 6490 6491
f 4718 4720 4719
f 4719 4720 4726
f 5098 5100 5095
f 5098 5104 5100
f 2165 2163 2161
f 2161 2159 2158
f 2158 2159 2157
f 6526 6525 6527
f 3892 3893 3894
f 3898 3901 3902
f 3931 3926 3932
f 3917 3926 3924
f 3917 3924 3918
f 4901 4898 4902
f 4898 4900 4902
f 4900 4909 4902
f 6938 6940 6941
f 6251 6250 6249
f 6167 6076 6047
f 4905 4910 4906
f 6248 6245 6257
f 1029 1001 1005
f 2392 2391 2390
f 7813 7814 7795
f 1083 1085 1115
f 1146 1147 1132
f 1083 1080 1085
f 1079 1080 1083
f 1077 1069 1079
f 1079 1069 1080
f 3210 3204 3209
f 3209 3204 3205
f 1069 1071 1076
f 3204 3198 3205
f 3205 3198 3197
f 3197 3194 3196
f 1068 1070 1069
f 1070 1071 1069
f 7764 7767 7765
f 1050 1053 1059
f 7764 7763 7766
f 1050 1047 1053
f 1103 1098 1092
f 1103 1102 1098
f 1098 1093 1092
f 6725 6726 6727
f 1092 1093 1091
f 1102 1099 1098
f 1089 1084 1046
f 1047 1049 1051
f 6762 6761 6717
f 1091 1084 1089
f 1105 1099 1102
f 1091 1095 1084
f 1084 1058 1046
f 1058 1049 1046
f 1098 1099 1093
f 1093 1094 1091
f 1099 1100 1093
f 1105 1106 1099
f 1100 1097 1093
f 1097 1096 1093
f 1093 1096 1094
f 921 922 923
f 1100 1101 1097
f 6492 6489 6491
f 1107 1110 1104
f 1107 1104 1106
f 3237 3153 3236
f 3236 3153 3232
f 922 924 923
f 7521 7523 7524
f 4750 4721 4755
f 1114 1110 1107
f 4721 4724 4723
f 1104 1108 1101
f 3151 3153 3237
f 940 932 939
f 5102 5101 5100
f 5100 5101 5078
f 2193 2163 2165
f 2163 2162 2161
f 2672 2690 2670
f 2670 2690 2691
f 6526 6523 6525
f 6527 6528 6529
f 6528 6530 6529
f 6533 6531 6532
f 6533 6532 6534
f 4702 4703 4704
f 3918 3925 3921
f 3902 3901 3905
f 3905 3901 3931
f 4901 4904 4896
f 4896 4898 4901
f 4898 4897 4899
f 4898 4899 4900
f 4899 4903 4900
f 6938 6939 6940
f 4912 4903 4911
f 4905 4903 4899
f 1149 1141 1125
f 7367 7381 7368
f 2387 2389 2390
f 1077 1079 1081
f 1001 995 978
f 1148 1147 1146
f 2389 2387 2388
f 3204 3203 3198
f 3197 3198 3194
f 3198 3199 3194
f 1071 1074 1076
f 3204 3207 3203
f 3195 3194 3192
f 1071 1059 1074
f 2239 2236 2235
f 1047 1051 1053
f 7763 7769 7785
f 2236 2237 2224
f 6726 6711 6728
f 6726 6712 6711
f 6728 6711 6709
f 1094 1095 1091
f 1049 1052 1051
f 1058 1052 1049
f 2228 2246 2247
f 1094 1096 1095
f 7521 7522 7523
f 1106 1104 1099
f 1099 1104 1100
f 3232 3222 3235
f 3232 3220 3222
f 1104 1101 1100
f 3232 3153 3220
f 4724 4747 4748
f 1110 1111 1108
f 1110 1108 1104
f 1111 1113 1108
f 3151 3150 3153
f 5104 5102 5100
f 5103 5101 5102
f 2693 2692 2688
f 2162 2159 2161
f 2687 2690 2672
f 6520 6522 6523
f 6525 6528 6527
f 6530 6531 6529
f 6530 6532 6531
f 3897 3894 3898
f 4288 4287 4286
f 3924 3925 3918
f 3926 3931 3928
f 3926 3928 3924
f 4896 4897 4898
f 7367 7368 7356
f 7367 7355 7381
f 2392 2386 2391
f 1116 1081 1083
f 1116 1120 1081
f 1116 1083 1115
f 1116 1115 1117
f 3202 3200 3199
f 3199 3200 3194
f 3202 3203 3200
f 3194 3193 3192
f 7768 7769 7763
f 3395 3401 3393
f 7769 7782 7785
f 6725 6712 6726
f 6709 6711 6710
f 6709 6710 6707
f 6495 6498 6492
f 2228 2223 2227
f 3239 3240 3241
f 3235 3222 3233
f 4750 4733 4721
f 4721 4733 4724
f 1110 1133 1111
f 3153 3150 3220
f 3151 3149 3150
f 2193 2194 2163
f 6517 6519 6520
f 6523 6522 6525
f 7374 7376 7375
f 7816 7815 7813
f 7813 7815 7814
f 1121 1081 1120
f 2387 2372 2388
f 2242 2241 2239
f 3207 3200 3203
f 3193 3187 3192
f 3192 3187 3191
f 3207 3208 3200
f 3396 3394 3399
f 2239 2237 2236
f 2237 2222 2224
f 2222 2223 2224
f 6712 6710 6711
f 2222 2227 2223
f 2227 2246 2228
f 3233 3224 3239
f 3238 3233 3239
f 3239 3224 3240
f 3241 3240 3242
f 6492 6499 6489
f 4758 4752 4750
f 6499 6502 6489
f 4750 4752 4733
f 3220 3213 3222
f 4724 4746 4747
f 1134 1133 1110
f 6489 6503 6504
f 3152 3149 3151
f 2194 2162 2163
f 6532 6538 6539
f 6532 6539 6534
f 3928 3927 3924
f 3924 3927 3925
f 3901 3933 3931
f 3931 3933 3928
f 4913 4897 4896
f 6208 6210 6249
f 6208 6249 6209
f 7356 7376 7374
f 6047 6177 6169
f 2386 2385 2391
f 2391 2385 2387
f 2387 2379 2372
f 2291 2244 2242
f 977 961 950
f 2242 2244 2241
f 3194 3200 3193
f 3208 3231 3200
f 2239 2241 2237
f 7768 7770 7769
f 3394 3393 3392
f 7770 7772 7769
f 3393 3401 3391
f 7769 7772 7782
f 3401 3400 3391
f 6713 6710 6712
f 2227 2248 2246
f 3233 3222 3224
f 3222 3213 3224
f 4733 4744 4724
f 4744 4746 4724
f 3150 3157 3220
f 5633 5638 5673
f 6489 6502 6503
f 5637 5632 5636
f 3152 3154 3149
f 6503 6505 6504
f 6505 6503 6517
f 6519 6522 6520
f 6528 6536 6530
f 6530 6536 6532
f 6532 6536 6538
f 4702 4705 4703
f 3893 3895 3894
f 3894 3896 3898
f 3898 3899 3901
f 4913 4915 4897
f 4897 4915 4899
f 7370 7375 7380
f 1005 993 996
f 6177 6185 6169
f 2383 2385 2386
f 2372 2379 2382
f 7751 7752 7753
f 2291 2292 2244
f 3200 3201 3193
f 3191 3187 3189
f 6712 6714 6713
f 6707 6716 6708
f 6498 6499 6492
f 6498 6500 6499
f 2227 2249 2248
f 3240 3243 3242
f 4757 4752 4758
f 4752 4745 4733
f 3220 3157 3213
f 5633 5632 5638
f 5638 5632 5637
f 5636 5632 5634
f 3149 3148 3150
f 6522 6524 6525
f 2486 2484 2487
f 3896 3899 3898
f 3903 3934 3901
f 3901 3934 3933
f 3928 3933 3930
f 3928 3930 3927
f 2387 2378 2379
f 2292 2324 2382
f 2283 2281 2241
f 2283 2241 2244
f 2281 2272 2241
f 3193 3190 3187
f 2272 2269 2237
f 2272 2237 2241
f 3200 3231 3201
f 2269 2222 2237
f 2268 2222 2269
f 3208 3230 3231
f 7770 7773 7772
f 7772 7773 7774
f 6714 6715 6713
f 2268 2256 2222
f 2256 2227 2222
f 2256 2250 2227
f 6500 6516 6499
f 3224 3221 3240
f 3240 3221 3243
f 3243 3244 3242
f 5660 5681 5673
f 5673 5681 5633
f 3148 3157 3150
f 6502 6508 6503
f 6503 6515 6517
f 6517 6518 6519
f 6519 6518 6521
f 6519 6521 6522
f 2487 2484 2482
f 2475 2477 2478
f 3899 3903 3901
f 3933 3934 3930
f 7356 7370 7357
f 7818 7817 7816
f 7816 7817 7815
f 2380 2385 2383
f 2303 2300 2379
f 2300 2382 2379
f 2300 2292 2382
f 2298 2292 2300
f 2286 2244 2298
f 2298 2244 2292
f 2283 2244 2286
f 2283 2282 2281
f 2272 2270 2269
f 3201 3190 3193
f 3187 3188 3189
f 3230 3229 3231
f 7773 7786 7774
f 6715 6718 6713
f 6713 6718 6710
f 5720 5707 5721
f 6710 6722 6707
f 2250 2249 2227
f 6718 6722 6710
f 5720 5718 5707
f 6499 6507 6502
f 4745 4744 4733
f 6502 6510 6508
f 5660 5578 5681
f 3149 3154 3145
f 6508 6509 6503
f 6503 6509 6515
f 6517 6515 6518
f 6522 6521 6524
f 2486 2485 2484
f 3895 3896 3894
f 7353 7356 7357
f 1030 996 987
f 7354 7355 7353
f 6052 6132 6084
f 6050 6065 6052
f 1136 1124 1139
f 996 993 985
f 2384 2381 2383
f 2384 2314 2381
f 2381 2380 2383
f 2314 2380 2381
f 2314 2378 2380
f 2314 2303 2378
f 2303 2379 2378
f 2299 2298 2300
f 2299 2287 2298
f 2285 2283 2286
f 2270 2267 2269
f 3187 3190 3188
f 2269 2267 2268
f 3231 3229 3201
f 2268 2267 2256
f 3230 3228 3229
f 7773 7787 7786
f 2253 2250 2256
f 2253 2252 2250
f 7774 7786 7790
f 6715 6720 6719
f 6715 6719 6718
f 6516 6507 6499
f 6719 6721 6718
f 6718 6721 6722
f 6721 6723 6722
f 3224 3213 3221
f 5660 5621 5579
f 5633 5622 5632
f 5660 5579 5578
f 5632 5553 5634
f 3145 3148 3149
f 2484 2469 2482
f 2482 2469 2473
f 2482 2473 2475
f 2476 2477 2475
f 4913 4916 4915
f 7380 7379 7378
f 1140 1135 1137
f 6178 6179 6177
f 2300 2302 2301
f 2281 2280 2272
f 3387 3388 3389
f 6720 6724 6719
f 256 248 255
f 255 248 247
f 255 247 254
f 254 247 249
f 4757 4756 4752
f 4752 4756 4753
f 4752 4753 4745
f 5632 5622 5574
f 5632 5574 5553
f 2485 2466 2469
f 2485 2469 2484
f 2473 2470 2475
f 2475 2470 2474
f 7098 7114 7115
f 4913 4917 4916
f 7342 7387 7344
f 7818 7819 7817
f 6180 6186 6179
f 2301 2299 2300
f 2288 2287 2299
f 2285 2284 2283
f 2283 2284 2282
f 2272 2275 2270
f 2270 2271 2267
f 3201 3211 3190
f 2271 2253 2267
f 7773 7794 7787
f 3228 3227 3229
f 2254 2252 2253
f 2464 2462 2463
f 247 242 249
f 3221 3214 3243
f 3243 3245 3244
f 3221 3213 3214
f 2249 2277 2248
f 3148 3156 3157
f 3156 3158 3157
f 5634 5553 5635
f 3145 3147 3148
f 2467 2465 2459
f 2468 2461 2448
f 2468 2448 2485
f 7325 7342 7327
f 1035 987 1031
f 7818 7821 7819
f 2302 2304 2301
f 2288 2299 2327
f 2281 2282 2280
f 2270 2275 2271
f 3211 3212 3190
f 3190 3212 3188
f 2271 2255 2253
f 3201 3229 3211
f 3227 3211 3229
f 2255 2254 2253
f 7787 7788 7786
f 3228 3223 3227
f 7786 7789 7790
f 2464 2483 2462
f 2252 2251 2250
f 5712 5713 5709
f 2462 2452 2463
f 2250 2251 2249
f 2251 2277 2249
f 3243 3214 3245
f 5597 5595 5621
f 5595 5581 5621
f 5621 5581 5579
f 5579 5575 5578
f 5575 5577 5578
f 3147 3156 3148
f 2460 2453 2465
f 2467 2459 2461
f 2467 2461 2468
f 2485 2448 2466
f 2470 2472 2474
f 7379 7336 7378
f 2305 2304 2302
f 2327 2299 2301
f 2327 2326 2288
f 2288 2325 2285
f 2282 2323 2280
f 3211 3234 3212
f 7794 7788 7787
f 2254 2259 2262
f 7788 7789 7786
f 2254 2262 2252
f 5713 5714 5711
f 2252 2262 2251
f 7790 7789 7791
f 256 245 248
f 248 245 247
f 3214 3216 3245
f 3213 3158 3214
f 5599 5598 5597
f 5597 5598 5596
f 5597 5596 5595
f 5579 5581 5575
f 5622 5571 5574
f 5553 5547 5635
f 2458 2453 2460
f 2465 2453 2459
f 2459 2450 2461
f 2469 2470 2473
f 2474 2472 2476
f 2326 2325 2288
f 2284 2285 2318
f 2284 2318 2337
f 2284 2337 2282
f 2282 2337 2323
f 947 948 949
f 2258 2255 2271
f 2257 2254 2255
f 2257 2259 2254
f 3223 3216 3218
f 4014 4005 4016
f 7789 7792 7791
f 247 245 242
f 242 244 250
f 5596 5582 5595
f 3156 3159 3158
f 5575 5571 5577
f 2452 2453 2458
f 3145 3146 3147
f 2466 2454 2469
f 2469 2456 2470
f 7821 7822 7819
f 6130 6118 6124
f 949 948 958
f 2323 2295 2280
f 2257 2255 2258
f 2257 2260 2259
f 5654 5653 5651
f 3227 3225 3211
f 2483 2451 2462
f 250 244 251
f 245 243 242
f 242 243 244
f 5588 5586 5587
f 3214 3215 3216
f 3158 3160 3214
f 5595 5582 5581
f 3156 3161 3159
f 5571 5540 5574
f 3155 3146 3145
f 2459 2445 2450
f 2450 2448 2461
f 2454 2456 2469
f 2456 2471 2470
f 7328 7326 7327
f 7339 7369 7362
f 6053 6062 6057
f 2304 2308 2301
f 2301 2308 2309
f 7594 7591 7593
f 2257 2261 2260
f 4563 4560 4627
f 5592 5590 5651
f 5589 5588 5590
f 7789 7793 7792
f 245 246 243
f 5589 5586 5588
f 3216 3215 3217
f 5586 5583 5587
f 5587 5583 5582
f 5583 5580 5582
f 5582 5580 5581
f 5575 5581 5568
f 5575 5568 5571
f 2452 2442 2453
f 5574 5540 5542
f 5574 5542 5553
f 3147 3146 3156
f 3146 3161 3156
f 5542 5543 5553
f 5543 5545 5553
f 5553 5545 5547
f 7328 7327 7337
f 2305 2306 2304
f 2304 2306 2307
f 2304 2307 2308
f 2326 2329 2325
f 2333 2334 2337
f 2337 2334 2323
f 2323 2336 2295
f 2265 2258 2296
f 3234 3226 3212
f 5657 5653 5654
f 5653 5652 5651
f 3227 3218 3225
f 5580 5568 5581
f 5568 5540 5571
f 2442 2437 2453
f 2437 2438 2445
f 2438 2446 2445
f 7333 7332 7331
f 2326 2328 2329
f 2325 2329 2331
f 4627 4560 4626
f 3557 3534 3570
f 5652 5592 5651
f 3225 3226 3234
f 7788 7797 7796
f 7788 7796 7789
f 243 253 244
f 244 253 252
f 5592 5591 5590
f 5590 5591 5589
f 2452 2443 2442
f 5586 5585 5583
f 5583 5584 5580
f 5580 5570 5568
f 2442 2431 2437
f 5568 5560 5540
f 7675 7633 7634
f 6672 6671 6684
f 7670 7632 7669
f 7634 7633 7632
f 7669 7720 7721
f 7720 7637 7717
f 7720 7717 7721
f 7351 7385 7352
f 7821 7823 7822
f 2329 2330 2331
f 2331 2332 2333
f 2333 2332 2334
f 2265 2264 2257
f 2257 2264 2261
f 5657 5655 5653
f 4563 4557 4560
f 3540 3534 3557
f 5656 5592 5652
f 3558 3540 3557
f 3218 3219 3225
f 5592 5677 5678
f 5592 5678 5591
f 5589 5591 5594
f 5589 5594 5593
f 3218 3217 3219
f 5586 5593 5585
f 4550 4551 4552
f 5585 5573 5583
f 4556 4551 4550
f 5584 5570 5580
f 7554 7544 7547
f 5570 5560 5568
f 6680 6681 6671
f 6681 6684 6671
f 7544 7543 7547
f 7543 7552 7547
f 7669 7642 7671
f 5540 5539 5542
f 3146 3165 3161
f 5542 5539 5543
f 7669 7721 7642
f 7721 7638 7642
f 5549 5548 5550
f 7632 7648 7669
f 7648 7641 7669
f 7632 7628 7648
f 7641 7640 7720
f 7669 7641 7720
f 7720 7640 7637
f 7717 7637 7638
f 7717 7638 7721
f 7633 7631 7632
f 7631 7628 7632
f 3349 3340 3341
f 6119 6103 6129
f 6119 6129 6127
f 6102 6082 6116
f 2306 2312 2307
f 2332 2335 2334
f 2334 2335 2336
f 2297 2266 2265
f 2265 2266 2264
f 3534 3545 3570
f 5653 5655 5652
f 2444 2443 2449
f 3225 3219 3226
f 5591 5593 5594
f 4552 4553 4554
f 4552 4551 4553
f 6676 6679 6674
f 7555 7546 7554
f 7546 7544 7554
f 6680 6671 6679
f 6676 6674 6675
f 6676 6675 6677
f 3159 3162 3160
f 3161 3162 3159
f 5540 5537 5539
f 3165 3164 3161
f 5547 5548 5549
f 7638 7639 7642
f 7543 7545 7552
f 7640 7628 7637
f 7637 7635 7638
f 7638 7635 7639
f 7676 7631 7633
f 7345 7333 7331
f 2308 2310 2311
f 2308 2311 2316
f 2308 2316 2328
f 2328 2316 2329
f 2329 2316 2330
f 2331 2330 2332
f 2261 2264 2263
f 2261 2263 2260
f 5657 5662 5655
f 5652 5655 5656
f 5656 5676 5592
f 3637 3636 3630
f 3630 3629 3558
f 3558 3629 3540
f 2443 2444 2436
f 5592 5676 5677
f 4557 4554 4555
f 4553 4555 4554
f 6682 6676 6678
f 6691 6685 6692
f 6682 6679 6676
f 6676 6677 6678
f 2549 2538 2550
f 2434 2432 2431
f 6675 6686 6677
f 7556 7546 7555
f 7556 7529 7546
f 7556 7530 7529
f 5540 5560 5537
f 6686 6675 6687
f 7546 7541 7544
f 3164 3163 3161
f 3163 3162 3161
f 7541 7543 7544
f 7674 7642 7673
f 7642 7647 7673
f 5539 5538 5543
f 5547 5546 5548
f 5543 5538 5545
f 5538 5546 5545
f 7541 7542 7543
f 7642 7639 7647
f 7639 7645 7647
f 7542 7545 7543
f 7637 7628 7635
f 7628 7630 7635
f 7631 7629 7628
f 7628 7629 7630
f 6066 6055 6056
f 6067 6055 6066
f 2297 2336 2376
f 2266 2273 2264
f 2273 2274 2264
f 4560 4561 4626
f 3540 3532 3534
f 4557 4555 4560
f 7799 7798 7797
f 7797 7798 7796
f 7601 7596 7600
f 3636 3631 3630
f 3631 3629 3630
f 5677 5676 5678
f 6683 6682 6678
f 2538 2549 2542
f 6678 6685 6691
f 2542 2555 2554
f 6678 6677 6685
f 6685 6693 6692
f 6677 6686 6689
f 6677 6689 6685
f 7529 7531 7541
f 5537 5538 5539
f 5548 5551 5550
f 7645 7639 7644
f 7639 7635 7643
f 7639 7643 7644
f 7676 7695 7659
f 7676 7659 7631
f 7635 7630 7636
f 7630 7664 7636
f 7631 7659 7629
f 7330 7328 7334
f 2312 2310 2307
f 5279 5271 5287
f 2264 2274 2263
f 3534 3542 3545
f 4555 4559 4560
f 4560 4559 4561
f 2444 2440 2436
f 5656 5658 5676
f 7596 7598 7600
f 2538 2535 2550
f 2538 2528 2535
f 6697 6705 6704
f 5573 5567 5572
f 6693 6697 6704
f 5584 5572 5570
f 5570 5561 5560
f 6685 6689 6690
f 6685 6690 6693
f 6690 6697 6693
f 7530 7532 7534
f 7237 7236 7238
f 6687 6695 6694
f 7531 7537 7541
f 5541 5544 5538
f 5538 5544 5546
f 5546 5544 5548
f 7537 7540 7541
f 7647 7645 7649
f 7541 7540 7542
f 7540 7549 7548
f 7540 7548 7542
f 7548 7557 7545
f 7542 7548 7545
f 7676 7704 7695
f 7664 7663 7635
f 7635 7663 7643
f 7659 7660 7629
f 7660 7656 7629
f 7629 7646 7630
f 7363 7385 7349
f 3974 3969 3973
f 4450 4446 4448
f 6068 6173 6066
f 6066 6173 6172
f 1781 1762 1760
f 1750 1749 1780
f 2266 2276 2273
f 3545 3542 3549
f 3532 3533 3534
f 5655 5659 5658
f 5655 5658 5656
f 2553 2546 2545
f 2546 2553 2556
f 3631 3632 3629
f 4553 4558 4555
f 2545 2542 2553
f 2538 2539 2528
f 6704 6705 6706
f 4551 4562 4553
f 2534 2536 2535
f 2534 2535 2528
f 5572 5567 5570
f 4564 4562 4551
f 2537 2573 2536
f 2537 2574 2573
f 4556 4564 4551
f 6690 6696 6697
f 5560 5559 5537
f 7532 7535 7533
f 7532 7533 7534
f 4569 4568 4566
f 7534 7533 7537
f 5548 5544 5551
f 3165 3186 3169
f 3165 3169 3164
f 3164 3166 3163
f 3163 3166 3167
f 3169 3166 3164
f 3169 3170 3166
f 7539 7540 7537
f 7537 7536 7539
f 7649 7645 7650
f 7645 7644 7650
f 7549 7551 7548
f 7551 7558 7557
f 7548 7551 7557
f 7693 7695 7704
f 7664 7665 7667
f 7695 7691 7659
f 7659 7691 7660
f 7656 7646 7629
f 3525 3520 3527
f 3525 3519 3520
f 6085 6080 6083
f 1795 1762 1781
f 1760 1756 1759
f 1754 1753 1752
f 5276 5275 5277
f 5655 5662 5659
f 2440 2441 2435
f 7799 7800 7798
f 7596 7597 7598
f 4558 4559 4555
f 2542 2554 2553
f 2539 2529 2528
f 7615 7614 7612
f 7615 7612 7616
f 5570 5567 5561
f 7097 7096 7084
f 7084 7093 7094
f 6697 6696 6698
f 4568 4565 4566
f 5537 5559 5541
f 7535 7536 7533
f 7533 7536 7537
f 6696 6694 6699
f 3186 3170 3169
f 7538 7539 7536
f 7539 7525 7540
f 7650 7651 7657
f 7525 7550 7540
f 7650 7644 7651
f 7550 7549 7540
f 7549 7550 7551
f 7644 7652 7651
f 7558 7559 7557
f 7663 7666 7653
f 7663 7653 7643
f 7643 7653 7644
f 7644 7653 7652
f 7664 7667 7666
f 7664 7666 7663
f 7667 7702 7666
f 7693 7694 7692
f 7693 7692 7691
f 7693 7691 7695
f 7692 7679 7691
f 3528 3519 3525
f 3518 3519 3528
f 3519 3517 3520
f 3520 3517 3526
f 3519 3518 3517
f 7377 7335 7384
f 7377 7330 7335
f 7330 7377 7341
f 6144 6173 6068
f 4446 4449 4444
f 6071 6161 6074
f 1795 1794 1762
f 1755 1753 1754
f 3534 3535 3542
f 3360 3358 3363
f 3882 3879 3881
f 3882 3881 3883
f 5662 5661 5659
f 4561 4559 4572
f 5659 5661 5658
f 5442 5439 5434
f 7800 7801 7798
f 7597 7599 7598
f 7798 7801 7824
f 3631 3633 3632
f 4562 4558 4553
f 7096 7082 7084
f 6697 6700 6705
f 5560 5561 5559
f 4565 4564 4556
f 6697 6698 6700
f 3175 3183 3166
f 3183 3168 3166
f 3166 3168 3167
f 7093 7092 7095
f 7535 7538 7536
f 3186 3176 3170
f 7551 7570 7558
f 7560 7559 7558
f 7668 7702 7667
f 7560 7562 7564
f 7665 7646 7668
f 7665 7668 7667
f 7692 7698 7679
f 7660 7691 7677
f 7660 7677 7656
f 3529 3518 3528
f 3521 3518 3529
f 7335 7343 7358
f 3516 3517 3518
f 7347 7341 7377
f 3969 3972 3973
f 6173 6041 6043
f 6038 6035 6171
f 1793 1794 1795
f 1760 1762 1756
f 1755 1756 1753
f 1753 1751 1752
f 1752 1751 1750
f 3567 3550 3559
f 3542 3543 3549
f 3549 3543 3548
f 3549 3548 3550
f 4582 4609 4610
f 4610 4609 4616
f 4616 4609 4623
f 4572 4575 4582
f 5434 5438 5436
f 3633 3635 3632
f 3631 3634 3633
f 2559 2564 2568
f 2559 2568 2548
f 2559 2548 2527
f 5679 5564 5567
f 4562 4571 4558
f 2567 2570 2571
f 7614 7613 7612
f 7613 7607 7612
f 7612 7607 7611
f 4564 4573 4562
f 7080 7085 7083
f 7083 7085 7086
f 6698 6701 6700
f 3167 3168 3171
f 7180 7179 7178
f 7180 7178 7181
f 6698 6702 6701
f 3170 3176 3175
f 6698 6703 6702
f 7553 7525 7539
f 7553 7528 7525
f 7525 7528 7526
f 7525 7526 7527
f 7657 7651 7672
f 6799 6800 6802
f 7551 7583 7570
f 7560 7558 7561
f 7560 7561 7562
f 7562 7563 7564
f 7646 7690 7668
f 7563 7565 7564
f 7705 7698 7692
f 7691 7679 7677
f 7677 7662 7656
f 7656 7662 7646
f 7662 7690 7646
f 7698 7687 7679
f 7679 7687 7678
f 3374 3370 3371
f 3523 3521 3531
f 3523 3522 3521
f 3521 3522 3516
f 3521 3516 3518
f 3523 3524 3522
f 7602 7603 7604
f 6039 6043 6041
f 4456 4455 4444
f 2276 2279 2273
f 2279 2278 2273
f 2273 2278 2274
f 3542 3535 3541
f 3533 3536 3535
f 4559 4574 4575
f 4559 4575 4572
f 4570 4574 4559
f 4558 4570 4559
f 4558 4571 4570
f 4573 4571 4562
f 5561 5562 5559
f 7080 7083 7082
f 5559 5556 5541
f 3168 3172 3171
f 5544 5552 5551
f 5352 5353 5354
f 3186 3185 3176
f 6842 6844 6846
f 7672 7651 7654
f 6798 6796 6799
f 6796 6800 6799
f 7651 7652 7654
f 7570 7568 7558
f 7703 7653 7666
f 7558 7568 7561
f 7702 7703 7666
f 7690 7719 7668
f 7678 7662 7677
f 7662 7682 7690
f 7689 7687 7698
f 6039 6037 6038
f 6037 6033 6035
f 6038 6037 6035
f 4455 4441 4444
f 4455 4458 4441
f 1751 1747 1750
f 2313 2320 2279
f 1750 1747 1749
f 1747 1748 1749
f 3261 3268 3260
f 3550 3548 3559
f 3879 3878 3881
f 6847 6849 6853
f 3544 3538 3536
f 2530 2529 2531
f 2562 2564 2561
f 2531 2533 2530
f 2561 2564 2530
f 2564 2569 2568
f 2569 2570 2568
f 5679 5684 5564
f 5567 5564 5561
f 5564 5562 5561
f 7607 7609 7611
f 3419 3420 3422
f 7080 7079 7085
f 7085 7079 7086
f 5559 5557 5556
f 5541 5556 5544
f 5556 5552 5544
f 7087 7091 7090
f 7176 7177 7178
f 7179 7176 7178
f 6843 6845 6844
f 6798 6794 6796
f 7654 7725 7672
f 7587 7586 7583
f 7583 7586 7585
f 7652 7655 7654
f 7570 7569 7568
f 7652 7658 7655
f 7567 7561 7568
f 7653 7658 7652
f 7719 7710 7702
f 7561 7563 7562
f 7690 7716 7719
f 7698 7705 7689
f 7678 7680 7662
f 7689 7688 7687
f 7687 7688 7678
f 3971 3968 3967
f 3967 3968 3969
f 7602 7605 7603
f 4445 4444 4440
f 4444 4441 4440
f 1793 1792 1794
f 1794 1797 1762
f 1762 1797 1756
f 4455 4457 4458
f 4455 4459 4457
f 3548 3553 3559
f 3541 3543 3542
f 3535 3537 3539
f 3536 3537 3535
f 2552 2532 2540
f 2558 2531 2552
f 2552 2531 2532
f 2558 2533 2531
f 2562 2569 2564
f 2577 2572 2569
f 2562 2577 2569
f 6949 6952 6953
f 2569 2572 2571
f 6953 6952 6954
f 7610 7608 7607
f 7607 7608 7609
f 3419 3418 3420
f 5559 5562 5557
f 4568 4543 4565
f 7079 7087 7086
f 3182 3180 3183
f 3183 3180 3168
f 6797 6793 6795
f 6793 6794 6795
f 6796 6794 6793
f 7000 7001 7002
f 7000 7003 7001
f 7654 7655 7661
f 7569 7567 7568
f 7702 7710 7703
f 7703 7701 7653
f 7653 7701 7658
f 7566 7563 7561
f 7567 7566 7561
f 7690 7708 7716
f 7563 7571 7565
f 7690 7706 7708
f 7565 7574 7575
f 7574 7576 7575
f 7662 7680 7682
f 7688 7681 7678
f 7678 7681 7680
f 7680 7707 7682
f 7688 7697 7681
f 3969 3970 3972
f 6033 6034 6035
f 4441 4438 4440
f 6915 6917 6919
f 4458 4457 4441
f 2279 2289 2278
f 3535 3539 3541
f 3536 3538 3537
f 4785 4784 4772
f 6946 6947 6948
f 5684 5683 5564
f 5564 5565 5562
f 4544 4573 4564
f 4565 4544 4564
f 6955 6957 6958
f 4543 4544 4565
f 7079 7088 7087
f 7895 7896 7894
f 3176 3177 3175
f 3185 3184 3176
f 7889 7890 7886
f 7888 7889 7886
f 7884 7885 7862
f 7862 7851 7857
f 7859 7853 7856
f 7710 7709 7703
f 7716 7713 7719
f 7719 7713 7710
f 7703 7709 7701
f 7563 7566 7571
f 7722 7715 7708
f 7571 7573 7565
f 7706 7722 7708
f 7573 7574 7565
f 7682 7706 7690
f 7682 7707 7706
f 7680 7685 7707
f 7688 7696 7697
f 7697 7696 7681
f 7681 7683 7680
f 4440 4439 4443
f 1791 1792 1793
f 4440 4438 4439
f 1828 1830 1831
f 6915 6916 6917
f 6916 6918 6917
f 4441 4442 4438
f 6917 6918 6922
f 1756 1757 1753
f 1753 1758 1751
f 4457 4460 4461
f 2321 2290 2279
f 2290 2289 2279
f 3543 3547 3548
f 4579 4575 4574
f 4574 4578 4579
f 4570 4578 4574
f 7426 7425 7424
f 7419 7422 7420
f 7419 7420 7421
f 5683 5566 5564
f 7423 7430 7431
f 6789 6774 6792
f 6792 6774 6791
f 6791 6774 6775
f 7089 7088 7079
f 6777 6779 6788
f 3180 3174 3168
f 3174 3173 3168
f 3168 3173 3172
f 3175 3177 3178
f 3175 3178 3182
f 3184 3177 3176
f 5353 5352 5348
f 6787 6783 6784
f 6784 6785 6786
f 7857 7851 7853
f 4081 4084 4082
f 4080 4081 4082
f 7853 7854 7855
f 4085 4083 4080
f 7713 7711 7710
f 7709 7724 7701
f 7716 7708 7715
f 7716 7715 7713
f 7710 7711 7709
f 7711 7712 7709
f 7566 7572 7571
f 7572 7573 7571
f 7577 7576 7574
f 7576 7577 7578
f 7688 7699 7696
f 7680 7684 7685
f 7696 7683 7681
f 7683 7684 7680
f 3968 3970 3969
f 6157 6138 6154
f 6073 6170 6155
f 6170 6034 6155
f 4442 4437 4438
f 6918 6921 6922
f 1756 1763 1757
f 1753 1757 1758
f 4457 4462 4437
f 4457 4461 4462
f 508 509 510
f 1747 1761 1748
f 3541 3547 3543
f 3546 3541 3539
f 4575 4583 4582
f 4582 4583 4609
f 3879 3876 3878
f 3876 3877 3878
f 4570 4577 4578
f 4571 4576 4577
f 4571 4577 4570
f 7425 7422 7424
f 7432 7420 7422
f 7432 7427 7420
f 4571 4573 4576
f 7427 7423 7420
f 5564 5566 5565
f 6790 6772 6789
f 7428 7430 7423
f 6772 6774 6789
f 4544 4580 4573
f 6773 6775 6774
f 6773 6776 6775
f 5562 5558 5557
f 6776 6777 6775
f 5556 5554 5552
f 6778 6779 6777
f 6778 6780 6779
f 6780 6781 6779
f 6782 6783 6779
f 6781 6782 6779
f 6782 6785 6784
f 6782 6784 6783
f 7840 7836 7851
f 7840 7851 7862
f 7851 7852 7853
f 4080 4083 4081
f 7855 7854 7860
f 7709 7726 7724
f 7715 7714 7713
f 7714 7711 7713
f 7711 7714 7712
f 7572 7581 7573
f 7573 7581 7574
f 7706 7723 7722
f 7574 7580 7577
f 7685 7684 7622
f 7685 7622 7624
f 7683 7696 7686
f 7683 7686 7684
f 6155 6034 6036
f 1828 1829 1830
f 6916 6921 6918
f 1751 1758 1761
f 507 513 509
f 3889 3875 3879
f 3875 3876 3879
f 6847 6848 6849
f 4892 4888 4890
f 4890 4888 4887
f 4887 4888 4889
f 4887 4889 4891
f 7429 7422 7425
f 7429 7432 7422
f 5741 5736 5740
f 6772 6773 6774
f 5493 5490 5502
f 4544 4584 4580
f 5557 5554 5556
f 5554 5555 5552
f 3178 3180 3182
f 5352 5349 5348
f 7839 7833 7838
f 7830 7836 7840
f 7837 7830 7840
f 7836 7843 7851
f 7851 7843 7852
f 7852 7854 7853
f 4089 4087 4083
f 4102 4101 4103
f 4103 4101 4106
f 4115 4108 4103
f 7863 7870 7912
f 7581 7580 7574
f 7580 7579 7577
f 7579 7578 7577
f 7578 7579 7582
f 7696 7699 7686
f 7686 7622 7684
f 7686 7700 7622
f 3971 3975 3968
f 3968 3978 3970
f 6096 6109 6111
f 4443 4439 4434
f 4434 4439 4432
f 4432 4438 4429
f 6916 6920 6921
f 4438 4437 4429
f 4437 4436 4429
f 1757 1764 1758
f 4437 4462 4436
f 513 512 515
f 1758 1765 1761
f 508 507 509
f 511 504 508
f 519 511 508
f 3546 3551 3541
f 4575 4579 4583
f 6850 6848 6847
f 6325 6316 6324
f 4892 4894 4888
f 4888 4894 4889
f 4764 4759 4766
f 4573 4581 4576
f 7184 7193 7192
f 5501 5498 5502
f 4573 4580 4581
f 7188 7190 7189
f 5565 5563 5562
f 4539 4584 4544
f 7189 7197 7187
f 5558 5554 5557
f 7185 7194 7195
f 5555 5576 5552
f 3179 3181 3180
f 3178 3179 3180
f 3180 3181 3174
f 7907 7841 7839
f 7908 7907 7839
f 3177 3179 3178
f 7839 7841 7833
f 7834 7828 7833
f 7833 7828 7830
f 7830 7829 7836
f 4081 4088 4084
f 7852 7861 7854
f 4083 4087 4086
f 4083 4086 4081
f 7854 7906 7864
f 7854 7864 7863
f 4101 4104 4106
f 4106 4104 4105
f 7870 7866 7868
f 7623 7627 7624
f 7579 7584 7582
f 7718 7686 7699
f 7718 7700 7686
f 7700 7625 7622
f 1012 1015 1017
f 1015 1019 1017
f 4432 4429 4431
f 4429 4430 4431
f 4429 4433 4430
f 4429 4435 4433
f 4429 4436 4435
f 513 507 512
f 1761 1766 1748
f 3541 3554 3547
f 4579 4618 4583
f 6850 6852 6851
f 6326 6324 6313
f 6324 6316 6313
f 6851 6848 6850
f 3876 3840 3877
f 3877 3840 3886
f 4894 4895 4889
f 4759 4763 4766
f 5736 5738 5740
f 5600 5566 5683
f 2961 2959 2962
f 6927 6924 6923
f 6923 6924 6925
f 6925 6924 6926
f 6864 6863 6867
f 7075 7076 7077
f 7078 7075 7077
f 6977 6978 6979
f 7898 7834 7841
f 7841 7834 7833
f 7828 7829 7830
f 7829 7843 7836
f 4086 4088 4081
f 7843 7850 7852
f 7852 7850 7861
f 7854 7861 7906
f 4101 4100 4095
f 7865 7867 7866
f 7866 7867 7868
f 4114 4112 4108
f 4114 4108 4115
f 7868 7867 7869
f 7868 7869 7872
f 7623 7626 7627
f 7623 7625 7626
f 3975 3976 3968
f 3968 3976 3977
f 4511 4512 4513
f 6136 6088 6141
f 6141 6088 6091
f 4077 4078 4066
f 4078 4069 4066
f 4069 4070 4068
f 515 459 461
f 1764 1765 1758
f 514 515 512
f 1765 1766 1761
f 511 538 504
f 516 506 505
f 3562 3552 3563
f 3547 3552 3548
f 3548 3552 3553
f 3872 3875 3889
f 3888 3872 3889
f 6326 6313 6312
f 6325 6323 6316
f 5736 5737 5738
f 5566 5569 5565
f 5565 5569 5563
f 5562 5563 5558
f 4539 4585 4584
f 7916 7915 7917
f 4547 4545 4548
f 7898 7899 7834
f 7834 7899 7844
f 7834 7844 7828
f 7828 7832 7831
f 7828 7831 7829
f 4092 4090 4088
f 7835 7850 7843
f 7829 7835 7843
f 4095 4094 4089
f 7906 7910 7864
f 7910 7871 7865
f 7864 7910 7865
f 7865 7871 7867
f 4112 4110 4108
f 7872 7869 7873
f 7872 7873 7882
f 4694 4693 4688
f 4701 4672 4684
f 3682 3664 3677
f 1341 1347 1343
f 6141 6091 6142
f 4077 4066 4065
f 4070 4074 4073
f 1757 1769 1764
f 515 514 459
f 507 503 512
f 508 504 507
f 517 505 504
f 538 517 504
f 3888 3887 3872
f 3547 3556 3552
f 3551 3555 3554
f 6851 6852 6848
f 5969 5971 6032
f 6032 5971 6031
f 3840 3837 3886
f 5525 5514 5513
f 4765 4768 4762
f 4581 4606 4577
f 4769 4763 4761
f 5737 5739 5738
f 5491 5498 5501
f 2959 2960 2958
f 4406 4400 4401
f 4401 4400 4399
f 7404 7405 7406
f 5555 5601 5576
f 7905 7903 7900
f 7931 7932 7933
f 7831 7835 7829
f 4094 4093 4089
f 4089 4093 4087
f 4100 4098 4096
f 7861 7909 7906
f 7918 7919 7920
f 7740 7737 7739
f 4675 4674 4676
f 4693 4691 4688
f 4671 4668 4670
f 4688 4696 4695
f 4695 4696 4700
f 4700 4696 4671
f 3678 3664 3682
f 4136 4133 4131
f 3664 3675 3677
f 4136 4170 4162
f 4136 4162 4133
f 4481 4476 4480
f 1044 1013 1016
f 1012 1017 1016
f 4512 4514 4513
f 4064 4077 4065
f 4066 4068 4062
f 454 457 460
f 503 514 512
f 506 502 505
f 5984 5979 5968
f 3886 3837 3890
f 3886 3890 3891
f 4606 4607 4577
f 4769 4762 4770
f 4770 4762 4768
f 6669 6665 6668
f 4597 4606 4581
f 2963 2954 2958
f 4580 4597 4581
f 5569 5616 5563
f 4584 4597 4580
f 5563 5611 5558
f 4398 4388 4399
f 4400 4398 4399
f 4541 4587 4539
f 4546 4590 4541
f 4399 4397 4405
f 5555 5602 5601
f 4397 4395 4405
f 7902 7900 7903
f 7933 7932 7934
f 6944 6943 6945
f 7850 7848 7861
f 4098 4097 4096
f 7871 7911 7897
f 7897 7874 7869
f 7869 7874 7873
f 4677 4685 4676
f 4674 4677 4676
f 7873 7876 7877
f 4688 4689 4690
f 4691 4689 4688
f 4688 4690 4696
f 4696 4673 4671
f 4671 4673 4668
f 4477 4476 4481
f 1044 1038 1013
f 1494 1491 1492
f 4071 4077 4064
f 6142 6095 6143
f 4513 4514 4515
f 1777 1776 1773
f 1773 1772 1770
f 514 503 458
f 514 458 459
f 1765 1768 1766
f 1766 1775 1774
f 3552 3564 3563
f 3887 3871 3872
f 5978 5976 5968
f 5968 5976 5970
f 5970 5976 5975
f 3872 3836 3875
f 3875 3836 3876
f 3876 3836 3840
f 4606 4613 4607
f 6664 6666 6667
f 5523 5522 5536
f 5499 5498 5497
f 5600 5640 5569
f 4584 4585 4586
f 4400 4409 4410
f 4409 4398 4410
f 5616 5612 5563
f 5563 5612 5611
f 5558 5611 5554
f 4590 4587 4541
f 5554 5606 5555
f 4546 4602 4590
f 7902 7904 7901
f 7900 7902 7901
f 6942 6943 6944
f 7930 7929 7927
f 7842 7845 7835
f 7831 7842 7835
f 7845 7846 7835
f 2660 2659 2664
f 7835 7846 7847
f 4097 4094 4096
f 7918 7921 7919
f 7918 7922 7921
f 7921 7923 7919
f 4679 4677 4674
f 4692 4690 4689
f 4690 4698 4697
f 3678 3683 3665
f 3678 3665 3664
f 3664 3666 3675
f 4473 4475 4476
f 4476 4475 4480
f 3377 3386 3381
f 117 116 118
f 1497 1496 1475
f 1497 1475 1501
f 2011 2007 2010
f 1491 1489 1492
f 1492 1489 1482
f 1776 1772 1773
f 1770 1771 1769
f 1769 1767 1764
f 504 501 503
f 504 503 507
f 502 504 505
f 3563 3565 3569
f 3556 3561 3552
f 5975 5974 5972
f 6030 6028 6025
f 5974 6023 5973
f 5972 5974 5973
f 5973 6023 6028
f 3872 3844 3836
f 4597 4612 4606
f 5495 5500 5496
f 6997 6998 6999
f 5064 5061 5063
f 5061 5062 5063
f 5600 5642 5640
f 4400 4408 4409
f 5640 5639 5616
f 4388 4398 4391
f 5611 5608 5554
f 5554 5608 5606
f 5602 5605 5601
f 4388 4389 4390
f 7847 7849 7848
f 7921 7922 7924
f 7921 7924 7923
f 7911 7881 7897
f 7881 7874 7897
f 7874 7880 7875
f 4679 4681 4680
f 4679 4680 4677
f 4690 4692 4698
f 4697 4698 4682
f 3665 3653 3664
f 3664 3655 3666
f 4477 4482 4473
f 5186 5195 5196
f 5186 5189 5195
f 4188 4181 4185
f 6628 6627 6626
f 4178 4180 4181
f 4181 4180 4185
f 4175 4180 4178
f 1326 1341 1342
f 1475 1476 1501
f 1501 1476 1500
f 1496 1473 1475
f 1489 1480 1482
f 1481 1480 1473
f 1481 1473 1495
f 1495 1473 1496
f 1492 1482 1481
f 6901 6902 6903
f 6902 6906 6903
f 7160 7161 7162
f 457 454 443
f 1764 1767 1765
f 503 453 458
f 6007 6013 6011
f 3552 3561 3564
f 3564 3565 3563
f 5978 5981 5977
f 3871 3844 3872
f 5978 5977 5976
f 5976 5974 5975
f 6028 6023 6025
f 3837 3833 3890
f 3890 3833 3891
f 5669 5668 5667
f 5669 5667 5682
f 5671 5663 5670
f 5508 5520 5506
f 5685 5642 5600
f 5642 5639 5640
f 5639 5620 5616
f 5616 5620 5612
f 4587 4586 4585
f 4408 4404 4407
f 5612 5610 5611
f 4398 4403 4391
f 5610 5608 5611
f 4590 4589 4587
f 5606 5603 5555
f 5603 5602 5555
f 4602 4589 4590
f 4390 4389 4393
f 7304 7303 7300
f 6897 6895 6896
f 6895 6894 6896
f 6892 6893 6894
f 6895 6892 6894
f 6892 6891 6893
f 2660 2652 2659
f 6890 6885 6891
f 6892 6890 6891
f 6890 6888 6885
f 6888 6889 6885
f 6889 6886 6885
f 6885 6886 6887
f 6889 6898 6886
f 6886 6898 6899
f 6898 6900 6899
f 7881 7880 7874
f 7880 7883 7875
f 4698 4683 4682
f 3653 3655 3664
f 5198 5186 5197
f 6628 6626 6629
f 6630 6628 6629
f 5190 5189 5188
f 4180 4186 4185
f 5190 5204 5189
f 4175 4186 4180
f 4178 4177 4175
f 3386 3384 3381
f 1476 1478 1498
f 1489 1486 1480
f 1473 1474 1475
f 2008 2003 2007
f 4514 4518 4516
f 4514 4516 4515
f 4515 4516 4519
f 6903 6904 6901
f 6903 6905 6904
f 7162 7161 7163
f 6903 6906 6905
f 6906 6908 6907
f 6906 6907 6905
f 1767 1768 1765
f 453 452 458
f 502 501 504
f 5976 5977 5974
f 3844 3834 3836
f 3836 3834 3833
f 5663 5645 5670
f 5670 5645 5672
f 5508 5519 5520
f 2957 2956 2952
f 5672 5642 5685
f 5061 5065 5062
f 5062 5065 5066
f 4587 4588 4586
f 4589 4588 4587
f 7318 7319 7320
f 5608 5607 5606
f 7301 7303 7302
f 2618 2614 2622
f 2633 2652 2660
f 2598 2593 2597
f 2582 2606 2579
f 2579 2606 2607
f 5199 5198 5197
f 4482 4478 4473
f 4474 4479 4475
f 4473 4474 4475
f 5198 5187 5186
f 5190 5203 5204
f 4177 4176 4175
f 4175 4182 4186
f 4179 4176 4177
f 4175 4174 4182
f 118 119 117
f 4061 4021 4060
f 4021 4046 4024
f 4046 4042 4024
f 4046 4047 4042
f 6910 6909 6908
f 6908 6909 6907
f 6005 6013 6007
f 1804 1799 1775
f 1804 1775 1768
f 502 498 501
f 1775 1799 1778
f 3564 3566 3565
f 1799 1800 1778
f 5985 6002 5981
f 5981 6002 5977
f 3871 3843 3844
f 5979 5982 5980
f 3843 3834 3844
f 5668 5666 5667
f 5667 5666 5663
f 5508 5516 5519
f 5645 5643 5672
f 2955 2952 2956
f 5643 5642 5672
f 5643 5641 5642
f 5642 5641 5639
f 5639 5641 5631
f 5639 5631 5620
f 6340 6337 6339
f 6339 6337 6336
f 6339 6336 6341
f 6336 6337 6334
f 6336 6334 6335
f 5606 5607 5603
f 5602 5604 5605
f 6335 6334 6333
f 6333 6334 6332
f 6333 6332 6331
f 2610 2612 2611
f 2597 2593 2590
f 2589 2599 2586
f 2599 2601 2586
f 2582 2601 2606
f 3665 3663 3653
f 4130 4135 4123
f 3653 3654 3655
f 3654 3648 3655
f 6630 6629 6631
f 3648 3668 3655
f 4473 4478 4474
f 5191 5190 5188
f 5192 5190 5191
f 6613 6619 6614
f 6619 6622 6614
f 6614 6622 6616
f 5192 5203 5190
f 6613 6620 6619
f 4176 4171 4175
f 4171 4174 4175
f 2006 1994 1999
f 4060 4021 4017
f 4021 4024 4020
f 7166 7168 7167
f 7164 7166 7167
f 4042 4052 4051
f 6911 6912 6909
f 6910 6911 6909
f 3999 3998 4002
f 6911 6914 6913
f 6911 6913 6912
f 1804 1768 1805
f 1805 1768 1767
f 503 462 453
f 501 462 503
f 3561 3566 3564
f 3569 3565 3596
f 3834 3831 3833
f 5663 5666 5664
f 5663 5664 5644
f 5663 5644 5645
f 5644 5643 5645
f 5641 5628 5631
f 5612 5613 5610
f 5610 5609 5608
f 5608 5609 5607
f 5603 5604 5602
f 4604 4601 4602
f 4602 4601 4589
f 6337 6338 6334
f 6338 6332 6334
f 6330 6332 6338
f 2650 2651 2652
f 2602 2637 2635
f 5194 5185 5187
f 6612 6614 6615
f 5191 5185 5194
f 6614 6616 6615
f 6622 6624 6616
f 3671 3670 3672
f 6619 6621 6622
f 6621 6623 6622
f 4179 4201 4193
f 4179 4193 4176
f 4182 4183 4187
f 4171 4172 4173
f 4171 4173 4174
f 4174 4173 4183
f 3805 3819 3806
f 3806 3819 3825
f 4067 4063 4076
f 4018 4017 4020
f 3988 3986 3992
f 3992 3998 3999
f 1805 1767 1807
f 452 451 454
f 1804 1802 1799
f 3622 3627 3617
f 1802 1801 1799
f 3622 3617 3561
f 3561 3617 3566
f 1801 1803 1800
f 1799 1801 1800
f 3834 3843 3835
f 3831 3832 3833
f 4586 4592 4596
f 5643 5644 5641
f 5641 5644 5628
f 5519 5527 5528
f 5631 5626 5620
f 5620 5614 5612
f 4588 4591 4592
f 4589 4591 4588
f 4589 4601 4591
f 2632 2650 2629
f 4142 4141 4123
f 5202 5193 5194
f 3647 3669 3670
f 3671 3647 3670
f 4163 4160 4156
f 4201 4195 4193
f 4176 4193 4189
f 4183 4184 4187
f 4176 4189 4171
f 4171 4189 4172
f 4173 4184 4183
f 3805 3806 3807
f 3805 3821 3819
f 3806 3808 3807
f 3825 3827 3806
f 3806 3827 3808
f 4079 4067 4076
f 4020 4036 4018
f 4020 4024 4041
f 4024 4042 4041
f 4042 4043 4041
f 4042 4051 4043
f 3987 3986 3988
f 4516 4522 4521
f 4516 4521 4520
f 3986 3997 3992
f 3992 3997 3998
f 4002 3998 4003
f 1805 1806 1802
f 3639 3638 3627
f 501 498 462
f 5990 5982 5983
f 3834 3835 3831
f 4659 4666 4665
f 4666 4667 4665
f 4598 4595 4599
f 4598 4592 4595
f 4592 4593 4594
f 5631 5628 5626
f 4591 4593 4592
f 5626 5624 5620
f 5620 5624 5614
f 5612 5614 5613
f 6973 6972 6975
f 2642 2638 2634
f 2615 2620 2643
f 2615 2643 2637
f 3663 3651 3653
f 3653 3651 3644
f 3653 3644 3654
f 3654 3644 3648
f 3648 3646 3668
f 3648 3644 3646
f 5201 5193 5202
f 1858 1843 1847
f 3805 3807 3809
f 1847 1843 1845
f 3821 3818 3819
f 3821 3822 3818
f 3818 3817 3819
f 3819 3817 3826
f 3826 3825 3819
f 3826 3829 3825
f 3825 3829 3830
f 561 553 554
f 153 119 140
f 4521 4522 4523
f 4521 4523 4524
f 443 434 435
f 443 455 434
f 5956 5959 5957
f 5956 5960 5959
f 5965 5962 5963
f 5994 5965 5963
f 5963 5962 5961
f 5962 5960 5961
f 3638 3623 3627
f 453 447 452
f 462 447 453
f 3627 3623 3617
f 3566 3572 3565
f 3565 3572 3596
f 1801 1813 1803
f 4659 4665 4662
f 4594 4603 4599
f 4595 4594 4599
f 5664 5665 5644
f 4592 4594 4595
f 4601 4600 4591
f 2642 2641 2638
f 5610 5617 5609
f 5609 5617 5607
f 5603 5607 5604
f 3663 3667 3651
f 3644 3645 3646
f 5201 5200 5193
f 3645 3649 3647
f 3646 3645 3647
f 3647 3649 3669
f 4195 4194 4193
f 4194 4189 4193
f 4189 4190 4172
f 4172 4192 4173
f 4173 4192 4184
f 4196 4191 4190
f 3810 3805 3809
f 3816 3817 3818
f 554 553 552
f 1591 1606 1586
f 4076 4059 4026
f 4018 4022 4019
f 1809 1808 1807
f 5957 5964 5958
f 4534 4535 4537
f 452 447 451
f 1803 1813 1814
f 3843 3842 3835
f 4659 4660 4661
f 4664 4659 4661
f 3835 3838 3831
f 4659 4662 4660
f 5628 5630 5627
f 5628 5627 5626
f 4591 4600 4593
f 5610 5613 5617
f 3649 3673 3669
f 4194 4196 4189
f 4189 4196 4190
f 4192 4197 4184
f 4184 4197 4198
f 4184 4198 4200
f 4172 4191 4192
f 1843 1842 1845
f 3820 3818 3822
f 3820 3816 3818
f 1624 1622 1623
f 3816 3813 3815
f 3816 3828 3817
f 3828 3829 3826
f 3817 3828 3826
f 1622 1621 1623
f 3816 3815 3828
f 539 551 553
f 553 551 552
f 1604 1591 1573
f 1573 1591 1586
f 1573 1586 1578
f 1578 1586 1585
f 1585 1586 1592
f 1604 1606 1591
f 3034 3029 3033
f 1606 1612 1586
f 1586 1612 1592
f 4026 4019 4022
f 4026 4022 4025
f 4026 4059 4019
f 4022 4018 4023
f 3987 3982 3986
f 4051 4053 4043
f 1810 1808 1809
f 4524 4528 4534
f 4528 4535 4534
f 3640 3638 3639
f 1518 1511 1515
f 1511 1513 1515
f 1518 1516 1511
f 1516 1504 1511
f 1502 1504 1516
f 1502 1503 1504
f 1521 1507 1505
f 1505 1506 1503
f 1505 1503 1502
f 1505 1507 1506
f 1815 1801 1802
f 1801 1816 1813
f 3566 3573 3572
f 3572 3578 3596
f 4661 4660 4663
f 1416 1414 1418
f 5650 5648 5630
f 4593 4605 4594
f 5627 5625 5626
f 5624 5623 5614
f 5623 5615 5614
f 5615 5618 5613
f 5614 5615 5613
f 5617 5649 5607
f 5607 5649 5604
f 4604 4614 4601
f 4614 4600 4601
f 3649 3674 3673
f 111 109 113
f 1840 1846 1842
f 1846 1840 1856
f 1630 1622 1624
f 3820 3823 3813
f 3820 3813 3816
f 1630 1618 1622
f 1618 1616 1622
f 6962 6960 6959
f 3813 3814 3815
f 568 535 539
f 1616 1620 1621
f 1622 1616 1621
f 566 562 567
f 567 562 568
f 1620 1628 1621
f 1573 1578 1577
f 1576 1604 1573
f 1578 1585 1579
f 1585 1592 1593
f 484 481 532
f 543 484 532
f 3033 3032 3041
f 3032 3042 3041
f 482 484 543
f 4025 4022 4023
f 1798 1787 1786
f 4041 4043 4037
f 3994 3982 3987
f 4523 4526 4524
f 434 432 435
f 4524 4526 4528
f 3643 3642 3638
f 4535 4528 4533
f 1806 1815 1802
f 4533 4537 4535
f 4533 4536 4537
f 4533 4531 4536
f 1509 1503 1506
f 1816 1801 1815
f 497 463 462
f 498 497 462
f 3566 3574 3573
f 6932 6931 6933
f 3846 3848 3847
f 3848 3861 3867
f 3847 3848 3867
f 5648 5627 5630
f 5625 5623 5624
f 5626 5625 5624
f 4600 4611 4593
f 5618 5619 5613
f 5613 5619 5617
f 5617 5619 5649
f 4614 4615 4600
f 3651 3650 3644
f 3644 3650 3645
f 4147 4157 4158
f 4157 4144 4158
f 3645 3652 3649
f 3649 3660 3674
f 4197 4202 4198
f 4202 4203 4198
f 4198 4203 4200
f 108 107 90
f 109 86 107
f 108 90 89
f 1858 1859 1844
f 1858 1844 1843
f 1841 1840 1842
f 6959 6961 6971
f 535 521 539
f 539 546 551
f 539 521 546
f 551 550 552
f 551 546 550
f 568 562 535
f 1616 1614 1620
f 1620 1627 1628
f 569 468 566
f 1572 1576 1573
f 1572 1573 1574
f 1573 1577 1574
f 1607 1576 1572
f 1577 1578 1579
f 1579 1585 1587
f 1607 1604 1576
f 1585 1593 1587
f 3029 3030 3033
f 3030 3032 3033
f 543 544 482
f 140 198 163
f 4523 4527 4526
f 5769 5743 5768
f 4526 4529 4528
f 455 456 434
f 4528 4529 4533
f 5043 5042 5044
f 1511 1512 1513
f 1504 1508 1511
f 1511 1508 1512
f 4533 4529 4531
f 1509 1508 1503
f 1503 1508 1504
f 1507 1509 1506
f 1510 1509 1507
f 3617 3600 3566
f 3566 3600 3574
f 499 497 498
f 1397 1416 1417
f 4593 4611 4605
f 5625 5629 5623
f 5623 5686 5615
f 4843 4841 4840
f 4138 4137 4124
f 3652 3660 3649
f 4151 4149 4153
f 3660 3662 3674
f 109 110 86
f 86 90 107
f 4197 4192 4199
f 1840 1849 1856
f 4955 4951 4959
f 3824 3813 3823
f 1617 1616 1618
f 566 534 562
f 562 534 535
f 1627 1629 1628
f 569 419 468
f 1620 1614 1627
f 1617 1608 1616
f 1608 1614 1616
f 1575 1572 1574
f 1580 1577 1579
f 1615 1607 1572
f 1579 1587 1581
f 3035 3026 3034
f 3026 3028 3034
f 3028 3029 3034
f 484 482 481
f 140 144 198
f 4036 4037 4034
f 449 432 440
f 434 433 432
f 5039 5041 5042
f 456 437 434
f 434 437 433
f 3642 3641 3638
f 3641 3628 3638
f 4529 4530 4531
f 1509 1519 1508
f 3638 3628 3623
f 1510 1514 1509
f 462 463 447
f 3617 3623 3600
f 1813 1817 1814
f 3866 3849 3846
f 3846 3849 3848
f 3848 3849 3850
f 3848 3852 3861
f 1397 1409 1416
f 1417 1395 1397
f 5627 5648 5647
f 5627 5647 5625
f 4615 4611 4600
f 4622 4621 4614
f 5623 5687 5686
f 3650 3652 3645
f 4151 4150 4149
f 3674 3662 3725
f 111 91 110
f 1839 1849 1840
f 4948 4951 4955
f 1631 1617 1618
f 566 468 534
f 1614 1625 1627
f 1619 1608 1617
f 1608 1609 1614
f 1615 1572 1575
f 1580 1579 1581
f 1581 1587 1588
f 3027 3030 3029
f 3028 3027 3029
f 3030 3031 3032
f 563 486 545
f 563 545 544
f 545 485 544
f 544 485 482
f 146 203 198
f 3449 3444 3448
f 3994 3979 3982
f 3982 3979 3981
f 5742 5755 5757
f 5742 5757 5743
f 4530 4532 4531
f 1508 1520 1512
f 1519 1520 1508
f 1509 1514 1519
f 3572 3575 3578
f 3848 3850 3852
f 3854 3862 3861
f 5625 5646 5629
f 4621 4620 4614
f 4620 4619 4614
f 4614 4619 4615
f 5623 5690 5687
f 5686 5687 5688
f 5687 5689 5688
f 4143 4144 4140
f 3657 3662 3660
f 3652 3657 3660
f 95 97 112
f 89 84 95
f 1855 1856 1849
f 4956 4958 4957
f 1632 1617 1631
f 521 492 546
f 550 546 549
f 535 522 521
f 1627 1625 1629
f 1619 1601 1608
f 1601 1600 1608
f 1609 1613 1614
f 1600 1597 1608
f 1608 1597 1609
f 1575 1574 1584
f 1574 1577 1583
f 1582 1580 1595
f 3046 3044 3035
f 3036 3035 3044
f 476 559 473
f 3035 3036 3026
f 482 480 481
f 3027 3031 3030
f 485 483 482
f 3449 3451 3446
f 3449 3446 3444
f 3444 3447 3448
f 3979 3980 3981
f 286 284 287
f 5765 5763 5758
f 284 289 287
f 433 431 432
f 5052 5044 5042
f 456 438 437
f 456 450 438
f 5766 5749 5747
f 5047 5057 5051
f 3849 3851 3850
f 5647 5646 5625
f 3136 3139 3138
f 3136 3142 3139
f 5687 5690 5689
f 5689 5702 5688
f 3651 3656 3650
f 3650 3657 3652
f 3662 3724 3725
f 95 82 97
f 91 83 86
f 85 84 89
f 1839 1853 1849
f 6965 6966 6967
f 1854 1855 1849
f 4948 4947 4951
f 4946 4957 4951
f 546 492 549
f 7935 7937 7938
f 7939 7935 7938
f 534 522 535
f 7938 7937 7943
f 419 465 468
f 1625 1626 1629
f 1598 1600 1601
f 1614 1613 1625
f 1609 1605 1613
f 1599 1596 1598
f 1598 1595 1600
f 1583 1596 1599
f 1596 1595 1598
f 1595 1597 1600
f 1597 1605 1609
f 1584 1574 1583
f 1583 1582 1596
f 1582 1595 1596
f 1597 1589 1605
f 1580 1589 1597
f 1595 1580 1597
f 4987 4997 4995
f 1580 1588 1589
f 476 473 402
f 3023 3028 3026
f 3023 3020 3028
f 3020 3027 3028
f 483 480 482
f 3031 3040 3032
f 4033 4035 4050
f 4035 4054 4050
f 1798 1819 1787
f 431 429 432
f 3643 3641 3642
f 436 431 433
f 437 436 433
f 5052 5054 5044
f 447 446 438
f 466 446 447
f 463 466 447
f 3600 3576 3574
f 3573 3575 3572
f 499 500 497
f 497 500 463
f 463 500 466
f 3852 3850 3853
f 1413 1377 1395
f 5646 5674 5629
f 6281 6280 6287
f 3138 3135 3136
f 6289 6279 6282
f 6282 6279 6281
f 4128 4140 4134
f 4947 4946 4951
f 522 488 521
f 465 488 534
f 419 417 465
f 417 488 465
f 419 401 417
f 4994 4981 5000
f 4981 4998 5000
f 1625 1611 1626
f 1613 1610 1625
f 1625 1610 1611
f 4982 4999 4998
f 1605 1610 1613
f 1605 1602 1610
f 1584 1583 1594
f 1605 1589 1602
f 4997 4987 4993
f 389 476 402
f 3044 3045 3036
f 3037 3024 3026
f 3036 3037 3026
f 3020 3021 3027
f 3027 3021 3031
f 486 485 545
f 146 210 203
f 3452 3442 3451
f 4032 4033 4030
f 3446 3442 3444
f 440 428 464
f 3447 3445 3453
f 286 285 284
f 3979 3983 3980
f 918 916 920
f 5031 5024 5027
f 5046 5054 5056
f 3623 3628 3615
f 5046 5057 5047
f 3623 3615 3600
f 3574 3576 3573
f 3866 3864 3849
f 3849 3864 3851
f 3850 3860 3853
f 3853 3855 3854
f 6287 6290 6295
f 6287 6283 6290
f 6287 6280 6283
f 6279 6280 6281
f 5689 5692 5702
f 3662 3657 3723
f 3662 3723 3724
f 104 103 88
f 91 88 92
f 7940 7935 7939
f 4949 4952 4958
f 492 555 549
f 488 492 521
f 534 488 522
f 417 469 488
f 4986 4978 4994
f 4983 4999 4982
f 1610 1602 1603
f 1610 1603 1611
f 1602 1589 1590
f 1602 1590 1603
f 3045 3037 3036
f 3024 3023 3026
f 3023 3018 3020
f 483 541 480
f 485 477 483
f 486 477 485
f 4040 4032 4031
f 3452 3463 3462
f 3442 3443 3444
f 3444 3445 3447
f 285 283 284
f 283 281 284
f 3980 3983 3989
f 439 436 438
f 5021 5020 5017
f 3625 3615 3628
f 3600 3615 3576
f 3578 3579 3583
f 3573 3576 3575
f 3870 3864 3866
f 5646 5675 5674
f 3130 3131 3135
f 3132 3136 3135
f 3132 3142 3136
f 5692 5703 5702
f 732 719 734
f 730 734 742
f 719 736 734
f 2074 2054 2055
f 736 747 734
f 2074 2073 2054
f 3650 3658 3657
f 103 87 88
f 83 81 82
f 82 81 80
f 6643 6658 6635
f 4949 4950 4952
f 7941 7935 7940
f 7479 7480 7481
f 492 493 555
f 7935 7936 7937
f 488 489 492
f 4980 4993 4987
f 389 388 390
f 472 385 402
f 3018 3023 3024
f 3020 3017 3021
f 3021 3022 3038
f 3021 3038 3031
f 4040 4031 4048
f 3031 3038 3039
f 3031 3039 3040
f 570 475 486
f 3459 3452 3462
f 4031 4030 4027
f 428 423 464
f 3979 3993 3984
f 285 288 283
f 3979 3984 3983
f 918 917 916
f 446 439 438
f 3578 3575 3579
f 5060 5059 5034
f 3865 3855 3884
f 5166 5173 5163
f 5646 5680 5675
f 5173 5182 5163
f 6279 6276 6280
f 6280 6276 6283
f 5690 5691 5689
f 732 734 730
f 2054 2049 2055
f 2049 2054 2045
f 2054 2073 2045
f 88 81 92
f 6659 6651 6656
f 4943 4922 4947
f 4949 4925 4950
f 4950 4925 4944
f 7944 7945 7946
f 7935 7942 7936
f 489 493 492
f 549 555 556
f 469 487 488
f 4978 4972 4981
f 4984 4973 4985
f 4993 4980 4996
f 4996 4988 5001
f 3024 3014 3018
f 3014 3017 3018
f 3018 3017 3020
f 3017 3019 3021
f 483 367 541
f 3019 3022 3021
f 477 367 483
f 4031 4027 4044
f 4048 4031 4044
f 486 475 370
f 486 370 477
f 3460 3457 3459
f 3459 3457 3452
f 4027 4030 4028
f 4030 4038 4028
f 3457 3442 3452
f 3442 3457 3458
f 3442 3458 3443
f 4033 4050 4038
f 429 427 428
f 917 910 916
f 430 427 429
f 436 430 431
f 3641 3625 3628
f 3586 3593 3590
f 3615 3597 3576
f 3583 3586 3590
f 3859 3858 3857
f 5163 5182 5176
f 3121 3132 3131
f 6290 6283 6288
f 6290 6288 6291
f 3132 3144 3142
f 5689 5691 5692
f 5692 5696 5703
f 730 742 739
f 710 717 719
f 710 719 732
f 717 714 718
f 2045 2048 2046
f 3657 3722 3723
f 103 102 87
f 1852 1867 1853
f 4946 4922 4923
f 469 470 487
f 469 413 470
f 400 398 401
f 401 398 413
f 4981 4970 4982
f 4982 4970 4983
f 391 388 392
f 4988 4996 4980
f 4988 5002 5001
f 3037 3047 3025
f 3037 3025 3024
f 3024 3025 3014
f 479 365 474
f 3017 3016 3019
f 370 367 477
f 4044 4027 4029
f 184 190 187
f 3038 3022 3039
f 3022 3043 3039
f 4027 4028 4029
f 570 571 475
f 428 427 423
f 3989 3983 3990
f 910 906 916
f 439 441 436
f 446 467 439
f 3576 3577 3575
f 3855 3856 3874
f 5166 5163 5164
f 3855 3880 3884
f 3121 3137 3132
f 1680 1679 1682
f 6283 6275 6288
f 6276 6275 6283
f 5697 5691 5690
f 4846 4831 4834
f 739 742 743
f 2055 2049 2050
f 710 709 717
f 3659 3707 3708
f 3707 3722 3708
f 2048 2089 2046
f 1853 1867 1864
f 489 494 493
f 493 494 555
f 494 556 555
f 488 487 489
f 388 384 392
f 388 385 384
f 474 375 472
f 474 365 375
f 541 367 366
f 571 420 475
f 4028 4038 4056
f 3458 3455 3443
f 3443 3455 3454
f 288 276 283
f 283 276 281
f 281 276 278
f 1356 1371 1372
f 1356 1372 1355
f 910 907 906
f 1370 1371 1356
f 5029 5023 5025
f 439 467 441
f 3625 3624 3615
f 3597 3582 3576
f 3576 3582 3577
f 1362 1360 1379
f 5005 5008 5010
f 3874 3880 3855
f 6275 6284 6288
f 6278 6277 6276
f 6276 6277 6269
f 6276 6272 6275
f 710 732 730
f 709 714 717
f 2090 2089 2048
f 80 79 105
f 487 490 489
f 4971 4964 4963
f 3014 3016 3017
f 475 369 370
f 288 277 276
f 276 275 278
f 426 423 427
f 1372 1375 1351
f 436 441 430
f 441 448 430
f 3579 3580 3583
f 1349 1360 1359
f 5013 5015 5012
f 5008 5007 5009
f 3858 3856 3857
f 3126 3121 3114
f 3126 3137 3121
f 6288 6284 6291
f 6269 6272 6276
f 4846 4830 4831
f 703 730 731
f 731 730 739
f 739 740 731
f 2072 2050 2051
f 703 710 730
f 2050 2049 2047
f 3707 3711 3722
f 102 58 60
f 79 59 78
f 1870 1868 1864
f 1866 1864 1868
f 4925 4927 4944
f 4972 4931 4934
f 470 491 487
f 398 403 413
f 392 395 398
f 393 395 392
f 384 393 392
f 4980 4976 4988
f 4988 4989 5002
f 377 383 385
f 375 377 396
f 3047 3049 3025
f 367 364 366
f 218 148 189
f 37 38 39
f 370 369 367
f 475 405 369
f 475 420 405
f 420 410 405
f 533 410 420
f 533 422 410
f 3458 3470 3455
f 3454 3455 3456
f 276 273 275
f 427 442 426
f 1351 1369 1349
f 3615 3624 3597
f 3579 3577 3580
f 3580 3585 3583
f 3583 3585 3586
f 5005 5007 5008
f 3108 3133 3125
f 5165 5159 5157
f 3125 3112 3108
f 3873 3885 3874
f 3874 3885 3880
f 3125 3126 3112
f 3112 3126 3114
f 3114 3120 3113
f 5163 5162 5159
f 1673 1669 1680
f 5163 5176 5162
f 1680 1669 1679
f 1669 1672 1679
f 1679 1672 1676
f 5697 5694 5691
f 6269 6265 6272
f 5692 5693 5696
f 737 740 744
f 703 731 733
f 733 731 737
f 2072 2051 2056
f 731 740 737
f 709 710 703
f 2051 2050 2047
f 3705 3706 3707
f 58 59 60
f 60 59 79
f 6370 6393 6369
f 1870 1864 1871
f 1871 1864 1867
f 1868 1869 1866
f 6991 6989 6988
f 4919 4924 4923
f 489 490 495
f 489 495 494
f 491 490 487
f 414 491 470
f 398 395 403
f 4974 4963 4969
f 4974 4976 4980
f 3025 3049 3014
f 365 374 375
f 3049 3048 3014
f 364 374 365
f 3014 3015 3016
f 188 148 174
f 421 408 410
f 422 421 410
f 275 273 274
f 3586 3588 3593
f 5005 5006 5007
f 5143 5171 5170
f 5007 5011 5009
f 3133 3108 3110
f 3108 3109 3110
f 3856 3873 3874
f 1678 1664 1677
f 1677 1664 1673
f 6284 6292 6291
f 5691 5693 5692
f 699 737 738
f 699 701 733
f 699 700 701
f 738 737 744
f 738 744 745
f 699 733 737
f 2056 2051 2053
f 2056 2053 2057
f 2051 2047 2052
f 708 714 709
f 3707 3706 3711
f 58 56 59
f 494 495 496
f 491 530 490
f 384 394 393
f 377 381 383
f 4989 5004 5002
f 3047 3050 3049
f 3469 3465 3468
f 3468 3465 3467
f 277 272 273
f 273 263 274
f 3594 3592 3599
f 3582 3581 3577
f 5012 5006 5005
f 3123 3118 3122
f 3134 3110 3124
f 3124 3110 3117
f 3117 3110 3116
f 3117 3116 3118
f 3134 3133 3110
f 1665 1662 1678
f 3110 3115 3116
f 5159 5158 5157
f 1664 1663 1673
f 5162 5176 5177
f 6284 6285 6292
f 6275 6274 6284
f 6284 6274 6285
f 5691 5694 5693
f 5693 5698 5696
f 5696 5698 5701
f 741 745 746
f 704 738 741
f 741 738 745
f 699 738 704
f 700 699 704
f 2057 2058 2060
f 2057 2053 2058
f 702 701 700
f 703 707 708
f 708 709 703
f 2051 2052 2053
f 3704 3706 3705
f 4707 4708 4709
f 490 530 495
f 395 397 403
f 393 394 395
f 3014 3048 3015
f 369 371 368
f 369 405 404
f 405 406 404
f 263 262 274
f 441 442 448
f 3594 3588 3592
f 3580 3589 3585
f 3143 3140 3127
f 7145 7148 7147
f 7145 7147 7146
f 3127 3128 3129
f 3140 3119 3127
f 3127 3123 3128
f 3119 3123 3127
f 3124 3117 3119
f 3117 3118 3119
f 3119 3118 3123
f 6570 6566 6568
f 3118 3116 3122
f 3116 3115 3122
f 1665 1648 1662
f 1678 1662 1664
f 1673 1663 1669
f 1669 1668 1672
f 6269 6268 6265
f 6272 6265 6270
f 6272 6270 6275
f 6270 6274 6275
f 4250 4245 4248
f 2071 2057 2060
f 705 700 704
f 702 707 703
f 56 54 78
f 4707 4710 4708
f 4924 4926 4927
f 530 564 495
f 7224 7201 7216
f 7224 7216 7229
f 491 542 530
f 387 394 384
f 381 382 383
f 364 376 374
f 372 376 364
f 371 373 368
f 369 404 371
f 424 425 421
f 421 425 408
f 272 263 273
f 442 444 426
f 904 903 902
f 3581 3584 3580
f 3580 3584 3589
f 3585 3589 3587
f 3585 3587 3586
f 7146 7147 7143
f 7146 7143 7142
f 6566 6567 6568
f 1665 1641 1648
f 1662 1648 1649
f 1662 1649 1664
f 1664 1649 1663
f 5158 5162 5155
f 1663 1651 1669
f 6285 6293 6292
f 5694 5695 5693
f 722 705 721
f 705 706 700
f 3705 3703 3704
f 3706 3713 3712
f 4960 4940 4918
f 6988 6989 6990
f 4928 4932 4930
f 530 565 564
f 542 565 530
f 7229 7216 7221
f 403 397 416
f 395 394 397
f 382 387 384
f 383 382 384
f 913 893 919
f 374 378 377
f 919 893 915
f 425 412 408
f 262 263 264
f 444 445 424
f 3599 3601 3602
f 3586 3587 3588
f 7146 7142 7132
f 7142 7140 7132
f 7142 7141 7140
f 7142 7143 7141
f 5157 5158 5152
f 5158 5155 5152
f 5155 5162 5160
f 1651 1668 1669
f 5162 5172 5160
f 5162 5175 5172
f 1668 1670 1672
f 5175 5177 5178
f 1672 1670 1676
f 7513 7514 7515
f 5695 5698 5693
f 6270 6271 6274
f 700 706 702
f 708 724 723
f 3704 3713 3706
f 6343 6342 6348
f 4918 4939 4926
f 4926 4939 4942
f 4926 4942 4941
f 5344 5345 5346
f 5347 5344 5346
f 7233 7232 7230
f 7233 7230 7234
f 7230 7231 7234
f 4962 4975 4969
f 387 397 394
f 912 890 913
f 382 381 380
f 913 890 893
f 196 214 193
f 368 373 372
f 371 404 411
f 263 265 264
f 445 425 424
f 3601 3603 3602
f 1649 1651 1663
f 6292 6293 6294
f 5177 5183 5178
f 1676 1670 1674
f 4253 4251 4249
f 705 711 706
f 713 702 706
f 702 713 707
f 3703 3702 3704
f 775 768 753
f 4932 4941 4933
f 7198 7200 7201
f 4937 4967 4965
f 7221 7230 7232
f 4969 4975 4977
f 382 380 386
f 371 418 373
f 408 407 406
f 412 409 408
f 3599 3592 3601
f 3591 3592 3588
f 3587 3591 3588
f 3595 3589 3584
f 7132 7140 7135
f 7140 7139 7135
f 5151 5152 5153
f 5153 5152 5154
f 5152 5155 5154
f 1649 1646 1651
f 1651 1656 1668
f 1668 1656 1670
f 6268 6264 6265
f 5698 5699 5700
f 6265 6263 6266
f 6270 6266 6271
f 6271 6273 6274
f 711 712 706
f 2059 2062 2080
f 77 93 98
f 54 63 77
f 752 753 749
f 760 759 765
f 7200 7217 7201
f 7201 7217 7216
f 5802 5818 5815
f 7216 7214 7221
f 5801 5802 5803
f 7221 7219 7230
f 7230 7219 7231
f 7219 7228 7231
f 4977 4975 4991
f 4977 5003 4990
f 399 376 372
f 215 195 193
f 214 215 193
f 373 399 372
f 272 271 263
f 264 265 266
f 3601 3604 3603
f 3581 3621 3595
f 6543 6544 6541
f 7132 7135 7130
f 7135 7129 7130
f 7139 7138 7135
f 6546 6551 6547
f 1641 1640 1648
f 1648 1640 1649
f 5178 5183 5181
f 4828 4826 4827
f 6265 6264 6263
f 2067 2064 2068
f 5695 5699 5698
f 6265 6266 6270
f 712 715 713
f 712 713 706
f 713 715 707
f 707 715 724
f 3704 3714 3713
f 7221 7212 7219
f 7219 7227 7228
f 890 841 893
f 841 864 893
f 893 864 915
f 915 864 914
f 418 399 373
f 866 860 863
f 407 529 558
f 409 523 407
f 407 523 529
f 263 271 265
f 409 520 523
f 265 267 266
f 412 520 409
f 901 900 899
f 444 471 445
f 3607 3604 3601
f 3595 3598 3589
f 3587 3598 3591
f 7135 7138 7136
f 7135 7136 7129
f 5153 5154 5134
f 5155 5156 5154
f 5155 5160 5156
f 1656 1657 1670
f 6261 6263 6264
f 1670 1671 1674
f 711 720 712
f 3701 3699 3703
f 3703 3699 3702
f 53 52 54
f 54 52 63
f 2526 2504 2503
f 7217 7215 7216
f 7214 7212 7221
f 890 842 841
f 5809 5796 5810
f 202 204 199
f 412 528 520
f 471 425 445
f 412 425 526
f 412 526 528
f 3604 3605 3603
f 894 892 898
f 6543 6549 6545
f 1661 1638 1650
f 1641 1638 1640
f 5156 5160 5161
f 1651 1647 1656
f 5160 5172 5161
f 5181 5180 5174
f 4237 4238 4239
f 1670 1657 1671
f 2519 2518 2510
f 2503 2504 2501
f 2503 2501 2502
f 2503 2502 2507
f 7216 7215 7214
f 7214 7211 7212
f 7212 7204 7219
f 7219 7204 7220
f 7219 7220 7227
f 841 840 864
f 864 844 914
f 5814 5806 5813
f 867 861 860
f 471 526 425
f 526 520 528
f 2772 2774 2770
f 1638 1634 1640
f 1640 1633 1646
f 5174 5179 5161
f 1657 1667 1671
f 6261 6262 6263
f 5180 5179 5174
f 1674 1671 1675
f 6263 6267 6266
f 716 725 715
f 715 725 724
f 3699 3700 3702
f 3702 3715 3714
f 63 62 93
f 2518 2509 2510
f 2510 2509 2504
f 2507 2502 2499
f 7211 7204 7212
f 7204 7206 7220
f 864 840 844
f 523 525 529
f 526 524 520
f 894 873 876
f 3604 3606 3605
f 471 527 572
f 471 572 526
f 6551 6554 6553
f 1646 1633 1647
f 5115 5106 5113
f 1671 1666 1675
f 2068 2075 2076
f 53 46 52
f 63 52 62
f 2504 2509 2506
f 2504 2506 2501
f 7215 7202 7214
f 7214 7202 7211
f 7206 7225 7220
f 7220 7225 7227
f 5798 5797 5796
f 5811 5808 5806
f 3474 3475 3473
f 271 269 265
f 265 268 267
f 267 268 270
f 270 268 279
f 520 524 523
f 3611 3608 3604
f 3604 3608 3606
f 4858 4859 4860
f 4858 4857 4859
f 1647 1645 1656
f 1656 1645 1657
f 5106 5105 5113
f 1667 1666 1671
f 5699 5706 5705
f 5700 5699 5705
f 3710 3693 3701
f 3701 3693 3699
f 3702 3716 3715
f 837 839 844
f 5804 5800 5798
f 216 200 195
f 871 865 872
f 862 865 858
f 265 269 268
f 3616 3620 3610
f 526 527 524
f 572 527 526
f 6548 6559 6554
f 1657 1654 1667
f 5105 5108 5113
f 5113 5108 5114
f 716 727 726
f 716 726 725
f 3710 3691 3693
f 3693 3695 3699
f 3699 3695 3700
f 62 66 93
f 2509 2514 2506
f 2500 2499 2492
f 7211 7202 7204
f 7202 7203 7204
f 7204 7203 7205
f 7204 7205 7206
f 803 804 802
f 802 801 800
f 3620 3618 3610
f 3611 3613 3608
f 527 536 524
f 4851 4850 4858
f 4858 4850 4857
f 1633 1636 1645
f 1647 1633 1645
f 1645 1654 1657
f 5105 5106 5107
f 1675 1660 1681
f 2506 2514 2508
f 2506 2508 2501
f 2502 2497 2499
f 2497 2492 2499
f 2492 2498 2500
f 7206 7222 7225
f 5808 5817 5807
f 868 843 871
f 3610 3618 3612
f 3612 3613 3611
f 4271 4278 4269
f 537 536 527
f 1654 1653 1667
f 1667 1653 1666
f 5109 5107 5106
f 1660 1683 1681
f 5107 5108 5105
f 3700 3709 3716
f 2098 2096 2092
f 6353 6356 6354
f 5949 5929 5897
f 2501 2497 2502
f 7205 7207 7206
f 7206 7207 7222
f 835 816 794
f 845 847 858
f 4269 4263 4266
f 3612 3614 3613
f 4847 4850 4851
f 4849 4855 4850
f 1645 1636 1644
f 1666 1653 1660
f 3695 3709 3700
f 62 61 66
f 6357 6353 6355
f 6357 6360 6353
f 2508 2491 2501
f 2501 2491 2497
f 7213 7203 7202
f 7203 7207 7205
f 816 795 794
f 3619 3614 3612
f 4847 4848 4849
f 4278 4270 4269
f 4847 4849 4850
f 4855 4857 4850
f 4224 4228 4226
f 3692 3694 3693
f 3691 3692 3693
f 3693 3694 3695
f 2091 2096 2087
f 73 94 96
f 50 49 47
f 62 49 61
f 2524 2516 2514
f 2497 2488 2492
f 846 785 848
f 4268 4263 4269
f 4849 4856 4855
f 1710 1712 1688
f 3689 3688 3687
f 3687 3692 3691
f 3690 3687 3691
f 3709 3717 3716
f 6357 6361 6360
f 2516 2512 2508
f 2497 2491 2488
f 2488 2490 2492
f 2492 2490 2498
f 7213 7210 7203
f 7207 7226 7222
f 4853 4852 4848
f 4852 4849 4848
f 4507 4503 4505
f 6361 6400 6360
f 2508 2512 2491
f 7207 7203 7208
f 7207 7223 7226
f 783 784 785
f 4854 4852 4853
f 4852 4856 4849
f 3687 3688 3685
f 3685 3686 3687
f 3694 3718 3717
f 3694 3717 3709
f 6386 6401 6422
f 7207 7208 7223
f 787 786 782
f 780 781 782
f 783 781 784
f 4854 4856 4852
f 4223 4230 4216
f 4223 4216 4222
f 3687 3696 3692
f 4503 4497 4505
f 64 67 76
f 2516 2511 2512
f 2512 2511 2491
f 2490 2496 2498
f 7213 7218 7210
f 7210 7218 7209
f 7210 7209 7203
f 7203 7209 7208
f 3687 3686 3696
f 74 72 50
f 2521 2520 2511
f 2488 2489 2490
f 4643 4645 4646
f 4231 4216 4230
f 3698 3697 3686
f 3686 3697 3696
f 4497 4492 4486
f 4497 4486 4496
f 64 65 67
f 2511 2489 2491
f 2491 2489 2488
f 2490 2493 2496
f 4220 4219 4218
f 4218 4219 4214
f 4218 4214 4217
f 4217 4214 4216
f 4220 4221 4219
f 6402 6406 6422
f 6422 6406 6449
f 2490 2489 2493
f 4638 4648 4644
f 4642 4638 4643
f 3720 3697 3698
f 71 70 65
f 6426 6427 6428
f 6406 6446 6449
f 2511 2513 2489
f 2513 2494 2489
f 2489 2494 2493
f 2496 2493 2505
f 4638 4633 4648
f 4651 4637 4642
f 4642 4637 4638
f 2493 2494 2495
f 4638 4637 4633
f 6430 6433 6408
f 6446 6441 6447
f 2493 2525 2505
f 4651 4649 4637
f 6447 6441 6448
f 2494 2515 2495
f 2495 2523 2493
f 2493 2523 2525
f 4649 4640 4637
f 4628 4630 4631
f 4628 4629 4630
f 4628 4641 4629
f 1188 1180 1182
f 1170 1166 1183
f 1202 1187 1204
f 2430 2429 2428
f 7504 7505 7502
f 2401 2429 2399
f 7506 7505 7504
f 1199 1186 1203
f 2213 2206 2208
f 1232 1252 1233
f 2428 2429 2401
f 7504 7502 7501
f 7506 7504 7507
f 1218 1203 1223
f 1223 1203 1205
f 2208 2206 2204
f 2206 2210 2201
f 2207 2209 2197
f 7508 7506 7507
f 7509 7506 7508
f 2398 2393 2397
f 2413 2394 2417
f 2204 2206 2201
f 2201 2207 2196
f 2196 2207 2197
f 7507 7504 7510
f 2399 2398 2397
f 7508 7507 7512
f 7507 7510 7512
f 3802 3804 3799
f 2393 2394 2395
f 2204 2201 2200
f 2202 2211 2212
f 6311 6310 6302
f 6302 6310 6306
f 1227 1226 1159
f 2428 2401 2406
f 2401 2399 2400
f 3793 3794 3790
f 3795 3794 3793
f 3800 3799 3796
f 3800 3802 3799
f 2396 2393 2395
f 2394 2413 2395
f 2417 2418 2413
f 2413 2418 2416
f 2218 2220 2204
f 2218 2204 2205
f 2205 2204 2200
f 2200 2201 2196
f 2196 2197 2198
f 2198 2197 2199
f 2197 2202 2199
f 2199 2202 2203
f 1227 1162 1228
f 1274 1276 1257
f 2406 2401 2400
f 2400 2399 2397
f 2397 2393 2396
f 3803 3802 3800
f 2200 2196 2198
f 2211 2221 2212
f 6296 6311 6302
f 6297 6296 6299
f 6300 6299 6301
f 1270 1278 1279
f 4413 4419 4415
f 3791 3792 3790
f 3791 3790 3780
f 3798 3797 3791
f 2404 2397 2396
f 2412 2395 2413
f 2416 2420 2419
f 2205 2200 2215
f 2215 2200 2198
f 2214 2198 2199
f 4428 4427 4420
f 4420 4427 4418
f 1245 1274 1257
f 4416 4412 4411
f 3483 3489 3485
f 4411 4412 4413
f 5307 5308 5296
f 5305 5309 5295
f 3780 3789 3781
f 2406 2400 2407
f 2407 2400 2405
f 3761 3791 3780
f 2405 2400 2404
f 2404 2400 2397
f 2404 2396 2402
f 2402 2396 2395
f 2402 2395 2403
f 2403 2395 2412
f 2413 2416 2415
f 2412 2413 2415
f 2415 2416 2419
f 2217 2205 2215
f 2215 2198 2214
f 2214 2199 2203
f 2216 2203 2219
f 4417 4418 4416
f 4417 4416 4411
f 4411 4413 4414
f 4413 4415 4414
f 5296 5297 5298
f 5305 5295 5293
f 2932 2903 2929
f 3791 3761 3753
f 3798 3791 3755
f 3755 3791 3753
f 7734 7735 7736
f 2216 2214 2203
f 4420 4418 4417
f 4414 4415 4421
f 220 231 232
f 5299 5296 5298
f 584 611 615
f 611 610 661
f 2931 2932 2938
f 2901 2896 2905
f 3761 3780 3767
f 333 335 334
f 329 355 316
f 355 309 294
f 3491 3484 3492
f 3484 3485 3492
f 3492 3497 3498
f 3487 3482 3486
f 224 231 220
f 4422 4411 4414
f 5779 5777 5784
f 4422 4414 4421
f 220 232 226
f 5299 5298 5300
f 580 612 584
f 226 232 227
f 5300 5298 5301
f 6839 6840 6829
f 3437 3441 3431
f 2935 2931 2938
f 1541 1542 1532
f 1532 1542 1540
f 3780 3781 3767
f 2405 2404 2409
f 3747 3749 3751
f 2403 2412 2414
f 2414 2412 2424
f 326 333 334
f 323 326 324
f 1236 1238 1262
f 325 329 319
f 321 325 319
f 316 355 294
f 294 309 295
f 295 309 310
f 239 224 223
f 4423 4411 4422
f 223 224 220
f 4425 4422 4421
f 5304 5299 5300
f 6828 6839 6829
f 5291 5290 5294
f 6828 6829 6827
f 6828 6827 6823
f 6827 6824 6823
f 3432 3434 3427
f 1539 1541 1538
f 1541 1532 1538
f 3776 3764 3767
f 3784 3767 3781
f 2409 2407 2405
f 2408 2404 2402
f 2402 2403 2410
f 2410 2403 2414
f 327 333 326
f 323 327 326
f 321 323 324
f 321 324 325
f 293 294 295
f 3496 3486 3491
f 697 607 657
f 3494 3487 3486
f 295 310 312
f 238 239 223
f 5776 5777 5778
f 5778 5777 5779
f 3488 3487 3493
f 4423 4422 4424
f 4424 4422 4425
f 3435 3437 3431
f 3431 3432 3426
f 6823 6824 6825
f 1532 1540 1530
f 1530 1540 1543
f 3760 3764 3776
f 3776 3767 3782
f 3782 3767 3784
f 7274 7284 7282
f 2411 2409 2404
f 2411 2404 2408
f 2408 2402 2410
f 2427 2414 2424
f 337 333 327
f 328 327 323
f 328 323 322
f 7026 7018 7031
f 7018 7017 7016
f 322 323 321
f 320 322 321
f 320 321 319
f 318 320 319
f 318 316 292
f 316 294 292
f 3491 3492 3501
f 3501 3492 3502
f 3492 3498 3502
f 293 295 296
f 697 657 698
f 3494 3486 3496
f 295 312 303
f 297 295 303
f 3493 3487 3494
f 5780 5776 5778
f 303 312 313
f 4425 4421 4426
f 230 220 226
f 5304 5300 5302
f 228 227 241
f 5311 5310 5312
f 6826 6823 6825
f 3427 3434 3433
f 4204 4211 4209
f 1536 1539 1538
f 1538 1532 1528
f 3768 3760 3776
f 3766 3754 3759
f 3772 3771 3770
f 7270 7274 7269
f 3771 3763 3762
f 3762 3763 3750
f 2426 2414 2427
f 337 359 333
f 1237 1258 1264
f 7058 7068 7057
f 336 337 327
f 336 327 328
f 345 336 328
f 331 328 322
f 330 331 322
f 330 322 320
f 332 330 320
f 344 320 318
f 7009 7010 7006
f 293 292 294
f 7008 7009 7006
f 3496 3491 3501
f 3502 3498 3509
f 7008 7006 7005
f 7005 7006 7007
f 5781 5776 5780
f 296 295 297
f 293 296 297
f 3495 3493 3494
f 297 303 317
f 299 297 317
f 303 313 339
f 339 313 340
f 226 227 228
f 3426 3432 3427
f 6826 6825 6830
f 3766 3759 3768
f 3770 3771 3762
f 2410 2414 2426
f 7066 7068 7054
f 7054 7068 7058
f 7056 7057 7068
f 356 336 343
f 343 336 345
f 7031 7030 7026
f 7016 7017 7014
f 343 345 328
f 343 328 342
f 342 328 331
f 7016 7014 7010
f 7014 7013 7012
f 342 331 330
f 7010 7014 7012
f 342 330 332
f 332 320 344
f 4865 4867 4868
f 7012 7011 7006
f 7006 7011 7007
f 7007 7011 7015
f 4866 4867 4865
f 3496 3501 3505
f 3503 3494 3496
f 676 673 665
f 675 665 667
f 684 679 614
f 668 670 588
f 230 226 221
f 5250 5251 5245
f 5330 5323 5331
f 5330 5331 5332
f 5343 5330 5332
f 3435 3431 3424
f 3431 3426 3424
f 5311 5313 5306
f 6831 6826 6830
f 6831 6830 6832
f 4205 4204 4209
f 1553 1539 1536
f 1536 1538 1528
f 1528 1532 1530
f 1530 1543 1531
f 3766 3768 3777
f 7277 7280 7265
f 7265 7280 7270
f 7265 7270 7267
f 3774 3772 3770
f 7267 7270 7269
f 2422 2408 2410
f 7051 7059 7066
f 7051 7066 7054
f 7057 7056 7046
f 7029 7026 7030
f 7027 7046 7056
f 356 360 336
f 7026 7027 7017
f 7012 7013 7011
f 4870 4865 4868
f 4870 4868 4877
f 291 292 293
f 3505 3501 3507
f 3501 3502 3508
f 3508 3502 3509
f 682 673 686
f 673 676 686
f 2768 2769 2734
f 2745 2768 2734
f 676 665 675
f 2766 2768 2745
f 5782 5781 5780
f 237 238 219
f 299 293 297
f 3504 3495 3494
f 238 223 219
f 688 678 684
f 306 299 317
f 219 223 220
f 219 220 221
f 317 339 338
f 674 667 668
f 220 230 221
f 338 339 340
f 349 338 340
f 349 340 354
f 221 226 225
f 5248 5250 5245
f 225 226 228
f 5303 5315 5302
f 5253 5243 5252
f 5238 5258 5259
f 3424 3426 3425
f 3425 3426 3427
f 1536 1528 1527
f 1543 1554 1531
f 3783 3768 3776
f 3773 3770 3769
f 3762 3766 3769
f 3769 3770 3762
f 2361 2362 2363
f 7268 7269 7282
f 7268 7282 7283
f 2421 2409 2411
f 2422 2411 2408
f 2423 2422 2410
f 2426 2423 2410
f 7048 7054 7058
f 7034 7035 7033
f 7048 7058 7057
f 7034 7033 7029
f 7046 7048 7057
f 4869 4865 4870
f 686 676 689
f 3507 3501 3508
f 298 291 293
f 689 676 675
f 3503 3496 3505
f 3504 3494 3503
f 298 293 299
f 696 684 685
f 674 678 687
f 306 317 338
f 308 306 338
f 349 354 351
f 5321 5324 5327
f 351 354 357
f 5323 5327 5324
f 5253 5254 5243
f 5255 5254 5253
f 5242 5235 5238
f 5255 5253 5256
f 6832 6830 6834
f 1529 1528 1530
f 1555 1531 1554
f 1554 1570 1569
f 3777 3768 3783
f 3769 3766 3777
f 7265 7267 7266
f 7267 7269 7268
f 2425 2411 2422
f 7048 7044 7054
f 7028 7048 7046
f 7027 7028 7046
f 7029 7028 7026
f 7026 7028 7027
f 3505 3507 3510
f 2726 2766 2745
f 5782 5780 5783
f 3506 3495 3504
f 237 219 236
f 300 298 299
f 688 684 696
f 675 667 687
f 687 667 674
f 655 638 642
f 300 299 306
f 308 300 306
f 300 308 311
f 350 338 349
f 350 349 351
f 353 350 351
f 221 225 222
f 5262 5254 5257
f 5245 5247 5248
f 225 228 229
f 5254 5255 5257
f 5233 5235 5242
f 5239 5255 5256
f 5259 5242 5238
f 5242 5259 5260
f 3423 3424 3425
f 6833 6831 6832
f 3425 3427 3433
f 1554 1569 1555
f 7266 7267 7268
f 7053 7062 7061
f 2421 2411 2425
f 2425 2422 2423
f 7050 7055 7059
f 7050 7059 7051
f 7036 7037 7033
f 7033 7032 7029
f 7044 7048 7028
f 7029 7032 7028
f 7032 7044 7028
f 2700 2709 2713
f 686 689 690
f 2707 2709 2697
f 689 675 691
f 4862 4865 4863
f 4863 4865 4869
f 305 291 301
f 3503 3505 3511
f 291 298 301
f 675 687 692
f 687 688 695
f 695 688 696
f 3504 3503 3512
f 298 300 302
f 2765 2766 2726
f 314 311 308
f 314 308 352
f 308 338 352
f 352 338 350
f 5246 5247 5245
f 347 363 348
f 5254 5262 5244
f 5316 5318 5319
f 5319 5318 5320
f 5241 5240 5233
f 5241 5233 5242
f 5257 5255 5239
f 3436 3435 3424
f 5320 5336 5326
f 6833 6832 6834
f 1525 1527 1528
f 1525 1528 1529
f 1529 1530 1531
f 1555 1569 1561
f 1561 1569 1565
f 4806 4794 4807
f 7053 7061 7052
f 7052 7061 7060
f 7041 7053 7052
f 7049 7052 7060
f 7049 7060 7055
f 5734 5725 5722
f 7042 7053 7041
f 5725 5723 5722
f 7039 7045 7042
f 7049 7055 7050
f 5722 5723 5724
f 5724 5723 5726
f 7037 7039 7038
f 7043 7050 7051
f 7044 7043 7051
f 5726 5727 5728
f 7033 7037 7038
f 7038 7043 7044
f 7038 7044 7032
f 5728 5727 5729
f 7033 7038 7032
f 5729 5730 5731
f 2697 2709 2700
f 691 675 692
f 2684 2707 2697
f 3511 3505 3510
f 3508 3509 3514
f 693 655 683
f 2732 2726 2745
f 2732 2745 2734
f 2732 2734 2733
f 694 687 695
f 2764 2765 2720
f 3512 3503 3511
f 301 298 302
f 2720 2765 2726
f 3506 3504 3512
f 307 302 300
f 307 300 311
f 307 311 314
f 307 314 315
f 5316 5321 5317
f 5316 5317 5318
f 5318 5317 5328
f 352 350 353
f 5240 5236 5233
f 346 347 348
f 314 347 346
f 5244 5246 5245
f 5237 5257 5239
f 5234 5237 5239
f 3428 3423 3425
f 1561 1559 1531
f 1561 1531 1555
f 7275 7294 7277
f 7264 7277 7265
f 7260 7265 7266
f 7069 7062 7063
f 7047 7063 7062
f 7047 7062 7053
f 2352 2358 2351
f 7047 7053 7042
f 7045 7047 7042
f 7041 7052 7049
f 5212 5216 5222
f 7040 7041 7049
f 7042 7041 7039
f 7039 7041 7040
f 5216 5224 5222
f 7040 7049 7043
f 7043 7049 7050
f 7038 7039 7040
f 7040 7043 7038
f 5731 5730 5732
f 5732 5730 5733
f 2713 2716 2711
f 2711 2716 2717
f 3510 3507 3513
f 3507 3508 3515
f 1966 1977 1976
f 4861 4862 4863
f 304 305 301
f 304 301 302
f 2731 2733 2741
f 341 302 307
f 219 221 222
f 341 307 315
f 5244 5249 5246
f 315 314 346
f 5234 5236 5237
f 3436 3424 3423
f 4204 4205 4206
f 6835 6833 6834
f 1551 1553 1536
f 1527 1525 1526
f 1525 1529 1524
f 1529 1531 1524
f 1559 1561 1560
f 1560 1561 1565
f 7287 7294 7275
f 7275 7277 7264
f 2364 2365 2369
f 3773 3769 3778
f 3778 3769 3779
f 7264 7265 7260
f 7069 7063 7067
f 2811 2820 2806
f 2806 2820 2824
f 2824 2820 2825
f 5214 5223 5211
f 5223 5216 5211
f 7047 7045 7064
f 5216 5212 5211
f 7253 7255 7254
f 7254 7255 7261
f 5839 5844 5836
f 5732 5733 5735
f 2700 2713 2712
f 2685 2684 2697
f 3507 3515 3513
f 1969 1977 1966
f 2719 2764 2720
f 2732 2733 2731
f 4863 4869 4871
f 2720 2726 2724
f 2726 2732 2724
f 240 236 235
f 4861 4863 4864
f 4864 4863 4871
f 304 302 358
f 236 219 235
f 5390 5386 5388
f 235 219 222
f 5388 5386 5383
f 629 623 630
f 225 229 233
f 3428 3425 3430
f 3430 3425 3433
f 4207 4204 4206
f 6835 6834 6836
f 1551 1536 1535
f 1536 1527 1535
f 1535 1527 1526
f 1526 1525 1523
f 1523 1525 1524
f 3785 3778 3779
f 2359 2361 2364
f 2360 2361 2359
f 7067 7063 7065
f 7065 7063 7047
f 2804 2811 2806
f 5214 5211 5206
f 5210 5211 5212
f 5210 5212 5215
f 5215 5212 5222
f 5838 5840 5839
f 5826 5827 5821
f 2712 2713 2711
f 2711 2717 2715
f 2698 2697 2700
f 2685 2697 2698
f 2715 2717 2767
f 3068 3075 3074
f 2762 2719 2722
f 3511 3510 3513
f 1961 1971 1969
f 2719 2720 2721
f 2721 2720 2723
f 1966 1976 1967
f 2720 2724 2723
f 2732 2731 2724
f 2731 2741 2746
f 1958 1970 1954
f 4872 4864 4871
f 4872 4871 4873
f 4873 4871 4879
f 358 302 361
f 235 222 234
f 222 225 234
f 3436 3423 3429
f 3429 3423 3428
f 1560 1565 1562
f 1562 1565 1566
f 4789 4803 4801
f 7287 7275 7281
f 2366 2364 2369
f 7295 7296 7287
f 7070 7069 7067
f 7065 7047 7064
f 7258 7253 7252
f 5206 5211 5210
f 5838 5839 5836
f 5820 5826 5821
f 3064 3068 3054
f 3054 3068 3057
f 2703 2700 2714
f 3057 3068 3065
f 3068 3074 3065
f 2715 2767 2762
f 2763 2762 2722
f 2722 2719 2721
f 1970 1971 1961
f 1954 1970 1961
f 1961 1969 1966
f 1961 1966 1950
f 1949 1966 1967
f 5389 5388 5383
f 5389 5383 5382
f 234 225 233
f 6838 6835 6837
f 6835 6836 6837
f 1522 1523 1524
f 2366 2369 2374
f 7286 7295 7287
f 7286 7287 7281
f 7275 7264 7263
f 7263 7264 7260
f 7156 7157 7155
f 5206 5210 5209
f 5209 5210 5215
f 2808 2814 2805
f 7254 7261 7262
f 5117 5119 5118
f 5120 5121 5117
f 5121 5119 5117
f 3069 3070 3062
f 3060 3063 3053
f 3053 3063 3064
f 3053 3064 3054
f 2699 2698 2700
f 2699 2700 2703
f 2701 2698 2699
f 2679 2684 2685
f 2715 2762 2763
f 3065 3074 3076
f 3076 3074 3078
f 1961 1950 1951
f 2729 2723 2724
f 2724 2731 2729
f 1958 1954 1956
f 6819 6838 6822
f 6822 6838 6837
f 4207 4206 4208
f 1535 1526 1523
f 1524 1559 1558
f 1559 1560 1558
f 1560 1562 1558
f 2373 2366 2374
f 7285 7286 7281
f 7279 7285 7281
f 7281 7275 7276
f 7276 7275 7263
f 2349 2350 2355
f 2803 2804 2806
f 5205 5214 5206
f 7256 7258 7252
f 5205 5206 5207
f 5206 5209 5207
f 5120 5117 5116
f 3069 3062 3061
f 3062 3060 3061
f 3061 3060 3059
f 5820 5821 5822
f 3059 3060 3053
f 3052 3053 3054
f 3054 3057 3056
f 2702 2711 2708
f 3057 3065 3056
f 2685 2698 2701
f 2761 2715 2763
f 2722 2721 2725
f 2728 2721 2723
f 1954 1961 1951
f 1950 1966 1949
f 4872 4873 4874
f 4874 4873 4879
f 1944 1950 1949
f 2737 2731 2739
f 1956 1954 1955
f 1944 1951 1950
f 362 358 361
f 7306 7305 7308
f 7305 7306 7307
f 1947 1952 1943
f 1943 1952 1944
f 1943 1944 1942
f 6995 6994 6993
f 1943 1942 1941
f 6996 6995 6993
f 1932 1946 1945
f 1932 1945 1941
f 1932 1941 1935
f 3428 3430 3439
f 1974 1975 1908
f 1552 1551 1535
f 1533 1523 1522
f 7259 7260 7257
f 7256 7257 7258
f 2798 2804 2803
f 7153 7156 7155
f 7256 7252 7251
f 7247 7254 7262
f 5116 5117 5118
f 3073 3069 3061
f 5856 5850 5847
f 3071 3061 3059
f 5823 5820 5822
f 3059 3053 3058
f 3058 3053 3052
f 3052 3054 3055
f 3055 3054 3056
f 2714 2712 2702
f 2708 2711 2715
f 3056 3065 3067
f 2685 2701 2686
f 2679 2685 2678
f 3065 3076 3067
f 2725 2721 2728
f 2728 2723 2729
f 1953 1954 1951
f 4875 4872 4874
f 1955 1954 1953
f 1944 1949 1948
f 4874 4879 4882
f 2729 2731 2737
f 1953 1951 1952
f 1952 1951 1944
f 2737 2739 2740
f 1955 1953 1957
f 2737 2740 2743
f 2747 2743 2740
f 2750 2740 2751
f 1953 1952 1933
f 1942 1944 1948
f 5878 5876 5879
f 2751 2752 2750
f 1957 1953 1933
f 1963 1957 1933
f 1027 1026 1034
f 1912 1963 1933
f 1912 1933 1932
f 1942 1948 1962
f 1935 1942 1938
f 1938 1942 1962
f 2138 2134 2119
f 4374 4381 4355
f 1912 1932 1911
f 1910 1912 1911
f 1935 1911 1932
f 1911 1935 1936
f 1936 1935 1938
f 4381 4375 4323
f 3438 3429 3428
f 6821 6818 6820
f 3438 3428 3439
f 6819 6822 6820
f 4210 4213 4207
f 4210 4207 4208
f 1534 1524 1558
f 4790 4813 4814
f 4789 4801 4797
f 7263 7260 7259
f 7259 7257 7248
f 1895 1898 1872
f 7248 7257 7256
f 1872 1898 1894
f 7154 7153 7155
f 1872 1894 1885
f 5208 5205 5207
f 5208 5207 5217
f 4470 4472 4465
f 5451 5448 5452
f 5451 5452 5453
f 3073 3061 3071
f 5845 5820 5823
f 4735 4732 4730
f 3056 3067 3066
f 2678 2685 2686
f 2761 2763 2722
f 2722 2725 2727
f 3067 3076 3077
f 3077 3076 3078
f 2728 2729 2735
f 4875 4874 4876
f 4876 4874 4878
f 15 27 13
f 1033 1026 1021
f 4881 4874 4882
f 4878 4874 4881
f 2736 2729 2737
f 5874 5875 5876
f 2747 2740 2749
f 2749 2740 2750
f 5874 5876 5878
f 5881 5874 5878
f 4353 4373 4354
f 6854 6855 6856
f 4354 4374 4355
f 4321 4355 4381
f 4321 4381 4322
f 4322 4381 4323
f 1910 1911 1902
f 1902 1911 1905
f 1911 1936 1905
f 1909 1910 1902
f 1905 1936 1937
f 1937 1936 1939
f 1936 1938 1939
f 1908 1909 1902
f 4319 4375 4369
f 1908 1902 1907
f 3438 3439 3440
f 4377 4318 4320
f 3951 3948 3952
f 1535 1523 1533
f 1522 1524 1534
f 4793 4789 4797
f 7279 7281 7276
f 2357 2355 2368
f 2349 2355 2357
f 2342 2349 2357
f 5361 5365 5366
f 5364 5361 5366
f 5213 5205 5208
f 6764 6766 6752
f 5218 5208 5217
f 7245 7256 7251
f 1872 1885 1873
f 7251 7252 7247
f 7247 7252 7253
f 7253 7254 7247
f 5838 5837 5863
f 4468 4470 4465
f 5447 5448 5449
f 5449 5448 5451
f 5451 5453 5454
f 5847 5850 5845
f 3072 3073 3071
f 5823 5822 5824
f 2130 2131 2126
f 2686 2701 2699
f 2761 2722 2754
f 2754 2722 2727
f 2730 2725 2728
f 2117 2136 2110
f 2110 2136 2135
f 2110 2135 2127
f 2735 2729 2736
f 2742 2736 2737
f 4352 4353 4321
f 4321 4353 4354
f 2744 2743 2748
f 4321 4354 4355
f 4319 4321 4322
f 4319 4322 4323
f 4320 4319 4369
f 1937 1939 1965
f 4306 4315 4318
f 4210 4208 4212
f 1907 1902 1906
f 1552 1535 1537
f 1924 1907 1906
f 1924 1906 1929
f 3953 3952 3954
f 3954 3952 3955
f 3946 3948 3951
f 6575 6572 6571
f 6571 6572 6573
f 1535 1533 1537
f 1533 1522 1534
f 4809 4793 4797
f 5369 5368 5370
f 1882 1895 1872
f 7152 7153 7154
f 2798 2803 2801
f 7245 7248 7256
f 5213 5208 5219
f 5219 5208 5218
f 2367 2345 2343
f 7245 7251 7243
f 7243 7251 7247
f 5838 5863 5864
f 4464 4468 4465
f 4466 4465 4471
f 4465 4472 4471
f 5450 5447 5449
f 5841 5847 5845
f 2708 2715 2710
f 2686 2699 2695
f 2710 2715 2761
f 2727 2725 2730
f 5067 5071 5076
f 2735 2736 2742
f 4324 4367 4352
f 2744 2737 2743
f 4324 4352 4321
f 4342 4324 4317
f 4317 4324 4321
f 4319 4317 4321
f 4315 4317 4319
f 4315 4319 4320
f 1905 1937 1903
f 1902 1905 1903
f 1931 1903 1937
f 4303 4315 4306
f 1931 1937 1965
f 4301 4303 4306
f 1931 1965 1918
f 1918 1965 1920
f 3950 3949 3946
f 1544 1537 1533
f 1544 1533 1545
f 1563 1534 1558
f 4809 4797 4796
f 7278 7279 7263
f 7279 7276 7263
f 7263 7259 7248
f 2342 2357 2341
f 2343 2344 2342
f 1872 1873 1874
f 1875 1872 1874
f 5863 5837 5842
f 4464 4465 4466
f 5837 5841 5842
f 5841 5845 5843
f 971 1028 1018
f 2695 2703 2702
f 2704 2702 2708
f 1018 1024 1002
f 2682 2686 2695
f 1002 1020 933
f 5067 5068 5069
f 5067 5069 5071
f 933 1020 1021
f 933 1021 937
f 4350 4358 4351
f 4339 4351 4361
f 4339 4361 4342
f 4339 4342 4314
f 4314 4342 4317
f 4312 4314 4315
f 4314 4317 4315
f 1920 1965 1968
f 1902 1903 1904
f 1903 1931 1904
f 1904 1931 1918
f 3956 3949 3950
f 1929 1913 1923
f 1934 1929 1923
f 1934 1923 1930
f 1563 1558 1564
f 1558 1568 1567
f 1564 1558 1567
f 4795 4798 4796
f 5371 5372 5376
f 5376 5372 5377
f 7297 7288 7290
f 7279 7278 7288
f 7263 7248 7250
f 2341 2357 2368
f 2800 2798 2801
f 7246 7248 7245
f 7246 7245 7244
f 5221 5213 5220
f 5213 5219 5220
f 7244 7245 7243
f 7244 7243 7242
f 1873 1877 1874
f 1874 1877 1878
f 1877 1886 1878
f 5394 5395 5396
f 5397 5394 5396
f 4469 4468 4467
f 4467 4468 4464
f 4467 4464 4466
f 6252 6243 6253
f 5828 5824 5825
f 6194 6198 6192
f 2695 2702 2694
f 2694 2702 2704
f 2704 2708 2710
f 2678 2686 2682
f 2710 2761 2757
f 2757 2761 2754
f 931 1002 933
f 2727 2730 2754
f 2675 2669 2671
f 2738 2730 2735
f 2735 2730 2728
f 4340 4350 4351
f 4340 4351 4339
f 4304 4314 4312
f 4303 4304 4312
f 1914 1904 1918
f 1913 1904 1914
f 1546 1544 1545
f 6574 6573 6576
f 1913 1914 1915
f 1923 1913 1915
f 1556 1533 1549
f 1549 1533 1547
f 1550 1549 1547
f 1930 1923 1922
f 1547 1533 1534
f 1928 1930 1922
f 1881 1883 1882
f 1881 1882 1872
f 7278 7263 7273
f 7273 7263 7250
f 2341 2368 2371
f 1876 1872 1875
f 7246 7249 7248
f 2802 2800 2801
f 7158 7152 7154
f 2322 2343 2340
f 2340 2343 2342
f 1875 1874 1880
f 7242 7243 7240
f 7240 7243 7247
f 1886 1887 1878
f 6255 6242 6252
f 2983 2980 2979
f 2979 2980 2981
f 5842 5841 5843
f 6193 6194 6192
f 1018 927 928
f 927 1002 931
f 2682 2695 2694
f 2673 2678 2682
f 2754 2730 2753
f 2753 2730 2738
f 935 933 937
f 4311 4340 4339
f 4311 4339 4314
f 4304 4311 4314
f 4301 4300 4303
f 1940 1920 1968
f 1914 1918 1919
f 1918 1920 1919
f 1545 1550 1547
f 1922 1923 1915
f 1547 1534 1548
f 1548 1563 1564
f 1928 1922 1921
f 1928 1921 1925
f 1928 1925 1972
f 1925 1978 1979
f 4809 4810 4811
f 1899 1883 1884
f 5380 5360 5363
f 5380 5363 5378
f 5363 5371 5378
f 1881 1872 1876
f 7290 7288 7289
f 7289 7288 7273
f 7288 7278 7273
f 1876 1875 1879
f 7250 7248 7249
f 7159 7152 7158
f 2342 2341 2340
f 1879 1875 1880
f 7805 7806 7762
f 7761 7805 7762
f 1880 1874 1892
f 1057 1063 1064
f 7239 7242 7240
f 6239 6247 6256
f 1888 1878 1887
f 7240 7247 7271
f 7272 7240 7271
f 1888 1887 1891
f 2983 2992 2980
f 5865 5842 5862
f 5862 5842 5843
f 2979 2981 2982
f 5835 5824 5852
f 6191 6193 6192
f 926 970 971
f 971 1018 928
f 4359 4358 4348
f 4348 4358 4350
f 4341 4348 4350
f 4341 4350 4340
f 4300 4304 4303
f 4297 4302 4300
f 4297 4300 4296
f 1919 1920 1940
f 1919 1940 1959
f 3958 3956 3957
f 1916 1914 1919
f 1546 1545 1547
f 1915 1914 1916
f 1915 1916 1917
f 1922 1915 1921
f 1921 1915 1917
f 1921 1917 1925
f 7400 7399 7401
f 7396 7399 7398
f 7398 7399 7400
f 5379 5356 5360
f 6231 6258 6228
f 1879 1880 1892
f 2322 2340 2339
f 5225 5221 5220
f 5226 5225 5220
f 2319 2322 2317
f 1889 1892 1874
f 1889 1874 1878
f 1889 1878 1888
f 2990 3013 2992
f 1888 1891 1893
f 1025 973 953
f 1893 1891 1896
f 2990 2992 2983
f 5397 5396 5398
f 2987 2983 2979
f 960 972 969
f 2987 2979 2985
f 5859 5862 5843
f 2984 2979 2982
f 969 970 941
f 2245 2230 2225
f 5859 5843 5848
f 941 970 926
f 6193 6191 6195
f 6190 6201 6199
f 927 931 929
f 2689 2682 2694
f 5086 5094 5087
f 2757 2754 2756
f 932 931 933
f 934 933 935
f 4349 4359 4348
f 4341 4340 4311
f 4311 4304 4302
f 3958 3957 3959
f 3923 3935 3922
f 1919 1959 1960
f 3921 3922 3919
f 1919 1960 1927
f 1927 1960 1964
f 1925 1917 1926
f 1926 1964 1978
f 7398 7400 7403
f 1901 1884 1881
f 5379 5360 5380
f 7393 7395 7396
f 7291 7290 7289
f 2339 2340 2341
f 1073 1078 1062
f 6232 6236 6245
f 5227 5225 5226
f 5228 5227 5226
f 6222 6260 6224
f 7239 7240 7241
f 1889 1888 1890
f 3013 2990 2991
f 1890 1888 1893
f 2991 2990 2988
f 946 973 972
f 2990 2983 2988
f 1896 1900 1897
f 2988 2983 2987
f 960 969 941
f 2985 2979 2984
f 6190 6191 6192
f 6195 6191 6190
f 928 927 922
f 2689 2694 2696
f 2706 2704 2710
f 5086 5097 5094
f 2682 2689 2683
f 2710 2757 2758
f 2758 2757 2756
f 929 931 932
f 2754 2753 2755
f 932 933 934
f 934 935 936
f 4349 4360 4359
f 4349 4348 4344
f 4325 4348 4341
f 4296 4295 4297
f 3961 3958 3960
f 3960 3958 3959
f 4291 4293 4383
f 1926 1927 1964
f 7393 7396 7388
f 7396 7398 7388
f 7388 7398 7402
f 7402 7398 7403
f 7754 7755 7756
f 1123 1119 1118
f 7383 7397 7394
f 7397 7395 7394
f 7394 7395 7393
f 7389 7392 7383
f 7292 7290 7291
f 2339 2341 2371
f 2317 2322 2339
f 1022 1032 995
f 7727 7728 7729
f 2810 2800 2826
f 5230 5232 5227
f 5230 5227 5229
f 5229 5227 5228
f 995 1023 968
f 5829 5867 5866
f 3000 3003 2991
f 5829 5866 5865
f 5829 5865 5862
f 3005 3000 2988
f 5829 5862 5832
f 3005 2988 2989
f 3006 3005 2989
f 2988 2987 2985
f 5832 5862 5859
f 5832 5859 5833
f 2986 2985 2984
f 2986 2984 2993
f 6512 6506 6493
f 926 928 922
f 6196 6195 6190
f 6196 6190 6197
f 6197 6190 6199
f 6197 6199 6200
f 5088 5095 5084
f 927 929 925
f 5084 5096 5097
f 2696 2694 2704
f 2683 2689 2688
f 2674 2682 2683
f 2755 2756 2754
f 4344 4348 4325
f 4325 4341 4311
f 4310 4325 4311
f 4310 4311 4302
f 3921 3923 3922
f 4906 4908 4907
f 1144 1130 1123
f 1125 1118 1078
f 7382 7394 7393
f 7382 7393 7388
f 1145 1130 1144
f 1078 1073 1122
f 7292 7293 7290
f 3004 3009 3007
f 5231 5230 5229
f 995 968 994
f 3004 3007 2991
f 3003 3004 2991
f 2991 3007 3008
f 2991 3008 3013
f 968 953 952
f 5829 5830 5831
f 3000 2991 2988
f 5830 5829 5832
f 2989 2988 2985
f 2989 2985 2986
f 921 941 926
f 5835 5833 5859
f 5833 5835 5834
f 3006 2989 3012
f 2986 2993 2994
f 3012 2989 3011
f 5854 5853 5858
f 6512 6493 6491
f 5099 5098 5090
f 5088 5090 5098
f 5088 5098 5095
f 924 922 925
f 2696 2704 2706
f 2706 2710 2758
f 4362 4360 4343
f 4360 4349 4343
f 4349 4344 4343
f 4309 4325 4310
f 4299 4310 4302
f 4299 4302 4297
f 4299 4297 4295
f 4292 4295 4294
f 4907 4908 4911
f 1123 1118 1141
f 6076 6167 6165
f 7368 7382 7388
f 1029 1022 1001
f 7299 7293 7298
f 7298 7293 7292
f 994 968 961
f 1068 1054 1070
f 952 953 946
f 946 960 941
f 2989 2986 2995
f 2995 2986 2994
f 921 926 922
f 3011 2989 2995
f 2995 2994 2996
f 3011 2995 3010
f 6200 6196 6197
f 6203 6196 6200
f 924 925 930
f 925 929 930
f 930 929 940
f 2693 2689 2696
f 940 929 932
f 2760 2756 2755
f 938 934 942
f 942 934 936
f 4309 4333 4344
f 4309 4344 4325
f 4309 4310 4299
f 4291 4285 4292
f 4285 4291 4284
f 1125 1078 1122
f 1122 1073 1072
f 1001 1022 995
f 2370 2317 2339
f 2291 2294 2317
f 2291 2317 2324
f 5831 5830 5832
f 3010 2995 2997
f 2995 2996 2997
f 2997 2996 2998
f 2997 2998 2999
f 4717 4722 4718
f 4720 4723 4725
f 6204 6203 6200
f 2696 2706 2705
f 2688 2689 2693
f 5075 5078 5101
f 2760 2758 2756
f 932 934 938
f 4305 4299 4295
f 4307 4305 4295
f 4307 4295 4292
f 3102 3105 3103
f 4281 4285 4284
f 3733 3741 3742
f 3733 3742 3744
f 6076 6165 6133
f 6133 6165 6166
f 6047 6076 6063
f 7376 7368 7388
f 1081 1072 1077
f 1081 1079 1083
f 2370 2339 2372
f 995 994 978
f 2324 2317 2370
f 1071 1050 1059
f 946 941 943
f 6717 6761 6709
f 2997 2999 3001
f 2999 3002 3001
f 4724 4748 4723
f 4720 4718 4721
f 4720 4721 4723
f 2692 2693 2696
f 2706 2758 2759
f 2687 2683 2688
f 2759 2758 2760
f 939 932 938
f 2674 2683 2687
f 4343 4346 4362
f 936 963 942
f 4333 4343 4344
f 4333 4309 4332
f 4332 4309 4308
f 4305 4308 4299
f 4308 4309 4299
f 4285 4307 4292
f 3743 3741 3739
f 3739 3741 3730
f 3730 3741 3733
f 3733 3744 3734
f 3734 3744 3745
f 6213 6251 6210
f 6209 6249 6248
f 6209 6248 6257
f 6169 6167 6047
f 1126 1125 1122
f 2391 2387 2390
f 1122 1072 1081
f 1005 1001 982
f 982 1001 978
f 978 994 977
f 3399 3398 3396
f 3396 3398 3395
f 7763 7764 7765
f 6708 6717 6709
f 930 940 962
f 2692 2696 2705
f 2705 2706 2759
f 2672 2674 2687
f 4385 4386 4380
f 4335 4343 4333
f 942 963 965
f 3333 3330 3328
f 3330 3333 3312
f 4331 4332 4308
f 4307 4308 4305
f 4356 4316 4371
f 3314 3315 3320
f 3315 3314 3309
f 4285 4316 4307
f 3084 3086 3085
f 3085 3086 3087
f 3087 3086 3106
f 4371 4316 4368
f 4368 4316 4285
f 4280 4368 4281
f 4281 4368 4285
f 3102 3103 3100
f 3732 3733 3734
f 6212 6213 6210
f 6210 6251 6249
f 7356 7368 7376
f 6065 6076 6133
f 6046 6047 6063
f 1126 1122 1129
f 1129 1122 1121
f 1122 1081 1121
f 993 1005 982
f 994 961 977
f 950 961 952
f 952 946 947
f 7763 7765 7768
f 3396 3395 3394
f 3394 3395 3393
f 3238 3235 3233
f 924 930 955
f 955 930 962
f 962 940 939
f 2687 2688 2692
f 4337 4347 4346
f 4335 4337 4346
f 1040 938 942
f 4335 4346 4343
f 4385 4380 4370
f 3334 3333 3328
f 4330 4335 4333
f 4382 4385 4370
f 4332 4330 4333
f 3330 3312 3306
f 4330 4332 4331
f 4326 4330 4331
f 3312 3315 3308
f 4326 4331 4313
f 4331 4308 4313
f 4316 4326 4313
f 4313 4308 4307
f 4316 4313 4307
f 3308 3315 3309
f 4281 4284 4282
f 4282 4284 4286
f 4282 4286 4287
f 3732 3730 3733
f 7355 7367 7356
f 1149 1125 1143
f 6148 6174 6163
f 6063 6076 6065
f 1124 1116 1117
f 947 946 943
f 943 941 921
f 943 921 944
f 6707 6708 6709
f 954 921 923
f 954 923 956
f 956 923 924
f 956 924 955
f 939 938 967
f 967 938 1040
f 4379 4376 4357
f 4363 4347 4337
f 4334 4337 4335
f 4380 4379 4364
f 3327 3334 3328
f 4330 4334 4335
f 3306 3328 3330
f 4382 4370 4327
f 4328 4329 4326
f 4326 4329 4330
f 3306 3312 3308
f 4356 4382 4327
f 4327 4328 4326
f 4356 4327 4316
f 4316 4327 4326
f 3313 3309 3314
f 3083 3084 3085
f 3088 3085 3087
f 3082 3084 3083
f 4279 4280 4281
f 4279 4281 4282
f 3102 3100 3098
f 3098 3100 3099
f 4913 4896 4914
f 4914 4896 4904
f 3740 3743 3739
f 3731 3730 3732
f 3732 3734 3731
f 6211 6212 6210
f 7370 7374 7375
f 1030 1005 996
f 6065 6133 6132
f 1143 1125 1126
f 1120 1116 1127
f 1127 1116 1124
f 950 952 947
f 944 921 954
f 3391 3400 3390
f 3390 3400 3397
f 955 962 1041
f 4357 4376 4363
f 4357 4363 4336
f 4336 4363 4337
f 4336 4337 4334
f 4364 4379 4357
f 4364 4357 4338
f 4370 4380 4364
f 4345 4364 4338
f 4338 4336 4329
f 4329 4336 4334
f 4370 4364 4345
f 4345 4338 4328
f 4328 4338 4329
f 4329 4334 4330
f 3303 3328 3306
f 4327 4370 4345
f 4327 4345 4328
f 3083 3085 3088
f 3740 3739 3729
f 3739 3730 3729
f 3729 3730 3731
f 6211 6210 6206
f 6206 6210 6208
f 7356 7374 7370
f 6132 6148 6147
f 6177 6047 6045
f 1150 1129 1142
f 1129 1121 1142
f 2324 2372 2382
f 2292 2291 2324
f 3392 3393 3391
f 962 967 1041
f 967 962 939
f 4338 4357 4336
f 3306 3308 3307
f 3307 3308 3309
f 3313 3307 3309
f 3080 3082 3081
f 3082 3083 3081
f 4279 4282 4283
f 4288 4282 4287
f 4282 4288 4289
f 6207 6208 6209
f 6052 6065 6132
f 6147 6148 6163
f 6046 6063 6050
f 6063 6065 6050
f 1127 1124 1136
f 6045 6047 6046
f 1142 1121 1135
f 1135 1121 1120
f 1135 1120 1127
f 985 993 979
f 979 993 982
f 2378 2385 2380
f 2387 2385 2378
f 976 977 974
f 974 977 950
f 947 943 945
f 3392 3391 3387
f 3387 3391 3390
f 3316 3307 3313
f 3316 3313 3317
f 4366 4365 4283
f 4283 4365 4279
f 3098 3099 3097
f 4290 4289 4288
f 3729 3731 3735
f 6206 6208 6207
f 7355 7356 7353
f 7357 7370 7378
f 7370 7380 7378
f 6084 6132 6147
f 6147 6163 6121
f 6121 6163 6189
f 1135 1127 1136
f 982 978 979
f 978 977 976
f 2287 2286 2298
f 945 943 944
f 3390 3397 3388
f 3388 3397 3402
f 5707 5718 5708
f 957 956 955
f 3158 3213 3157
f 957 955 1041
f 5633 5681 5578
f 3331 3332 3329
f 3327 3328 3299
f 3302 3303 3306
f 3301 3302 3306
f 3301 3306 3307
f 3316 3301 3307
f 3079 3080 3081
f 2478 2477 2479
f 3326 3316 3317
f 3101 3102 3098
f 7107 7105 7108
f 7106 7107 7111
f 4917 4913 4914
f 7414 7415 7416
f 3737 3740 3729
f 3736 3729 3735
f 7323 7322 7324
f 7324 7322 7386
f 7386 7322 7371
f 40 41 42
f 6205 6206 6207
f 1035 1030 987
f 1138 1136 1139
f 1140 1142 1135
f 1135 1136 1137
f 1136 1138 1137
f 6179 6185 6177
f 6177 6045 6044
f 6044 6046 6048
f 6044 6045 6046
f 2302 2303 2314
f 2300 2303 2302
f 979 978 976
f 2285 2286 2287
f 974 950 949
f 2253 2256 2267
f 3387 3390 3388
f 964 954 956
f 5707 5708 5709
f 3388 3402 3403
f 6502 6507 6510
f 964 956 957
f 5622 5633 5578
f 3329 3327 3304
f 3299 3304 3327
f 3299 3328 3303
f 3347 3316 3326
f 3089 3080 3079
f 2479 2477 2480
f 3090 3089 3079
f 4372 4366 4283
f 3101 3098 3095
f 3095 3098 3097
f 3095 3097 3096
f 7106 7105 7107
f 7110 7106 7111
f 3737 3729 3736
f 7321 7322 7323
f 6052 6084 6061
f 6125 6134 6128
f 996 985 987
f 6084 6147 6114
f 6123 6134 6125
f 6128 6134 6135
f 6147 6121 6114
f 6048 6046 6050
f 2285 2287 2288
f 959 944 954
f 5710 5707 5709
f 5709 5708 5712
f 3293 3332 3290
f 5622 5578 5577
f 3332 3331 3290
f 3292 3331 3329
f 3304 3292 3329
f 3300 3299 3303
f 3300 3303 3302
f 3300 3302 3301
f 3297 3300 3301
f 3318 3301 3316
f 2475 2474 2476
f 3347 3318 3316
f 2477 2481 2480
f 3095 3096 3092
f 3092 3090 3091
f 7103 7104 7105
f 7103 7105 7106
f 7110 7109 7106
f 7114 7113 7112
f 7112 7109 7110
f 7412 7415 7414
f 7327 7342 7344
f 7323 7324 7325
f 7325 7324 7342
f 7353 7357 7350
f 6061 6084 6078
f 6078 6084 6114
f 987 985 986
f 6048 6050 6051
f 6122 6121 6123
f 6049 6177 6044
f 2315 2302 2314
f 980 979 976
f 948 947 945
f 959 954 964
f 3318 3297 3301
f 2477 2476 2481
f 3344 3318 3347
f 3365 3364 3352
f 3352 3364 3344
f 3344 3347 3352
f 3093 3092 3091
f 3091 3090 3079
f 7100 7101 7102
f 3094 3095 3092
f 3094 3092 3093
f 7099 7101 7100
f 7098 7099 7100
f 7109 7103 7106
f 7100 7102 7098
f 7098 7102 7114
f 7114 7102 7113
f 7112 7113 7109
f 7412 7414 7410
f 3738 3737 3736
f 7407 7408 7409
f 7354 7353 7352
f 7357 7378 7336
f 6126 6125 6128
f 6051 6050 6052
f 6051 6052 6061
f 6123 6125 6124
f 6124 6125 6126
f 986 985 983
f 983 985 979
f 6180 6179 6178
f 6178 6177 6049
f 6049 6044 6048
f 949 950 947
f 2275 2272 2280
f 948 945 951
f 945 944 951
f 951 944 959
f 5710 5709 5711
f 5711 5709 5713
f 3296 3293 3289
f 2458 2463 2452
f 3290 3331 3292
f 3298 3304 3299
f 3297 3298 3299
f 3297 3299 3300
f 3364 3345 3344
f 7102 7116 7109
f 7109 7116 7103
f 7113 7102 7109
f 7410 7414 7416
f 7410 7416 7417
f 7325 7327 7326
f 7327 7344 7339
f 7339 7344 7369
f 7418 7412 7411
f 7323 7325 7326
f 7409 7408 7413
f 7350 7357 7336
f 6051 6061 6062
f 6062 6061 6078
f 6122 6123 6124
f 6181 6178 6049
f 6181 6049 6058
f 6182 6187 6180
f 980 976 1037
f 1037 976 975
f 975 976 974
f 975 974 958
f 958 974 949
f 3389 3388 3404
f 3404 3388 3403
f 3289 3293 3290
f 3289 3290 3291
f 5571 5622 5577
f 3291 3290 3292
f 3305 3292 3304
f 3305 3304 3298
f 3310 3297 3311
f 3319 3311 3297
f 3319 3297 3318
f 3344 3319 3318
f 7412 7410 7411
f 3746 3738 3736
f 7410 7407 7409
f 7353 7350 7352
f 7336 7379 7332
f 6124 6126 6130
f 6078 6114 6079
f 6079 6114 6121
f 6079 6121 6115
f 6117 6122 6124
f 6053 6048 6051
f 6053 6051 6062
f 6182 6180 6181
f 6180 6178 6181
f 981 979 980
f 2258 2271 2275
f 3269 3266 3248
f 3227 3223 3218
f 3266 3296 3253
f 3295 3253 3296
f 3296 3289 3295
f 4005 4007 4008
f 4005 4008 4013
f 4016 4005 4013
f 4008 4007 4009
f 4008 4009 4010
f 3310 3298 3297
f 3343 3311 3319
f 3344 3343 3319
f 3339 3343 3344
f 3345 3339 3344
f 3350 3339 3345
f 1031 987 990
f 7411 7410 7409
f 7333 7336 7332
f 990 987 988
f 987 986 988
f 6126 6128 6131
f 988 986 983
f 6117 6124 6118
f 6062 6078 6077
f 6115 6122 6117
f 6115 6121 6122
f 983 979 981
f 2327 2301 2309
f 2326 2327 2309
f 3285 3284 3276
f 2318 2285 2325
f 2275 2280 2295
f 2296 2258 2275
f 2296 2275 2295
f 2257 2258 2265
f 3248 3266 3253
f 4014 4015 4011
f 5715 5711 5714
f 4014 4011 4005
f 4011 4006 4005
f 3218 3216 3217
f 4005 4006 4007
f 3215 3214 3160
f 4010 4009 4012
f 3295 3289 3291
f 3294 3291 3292
f 3305 3294 3292
f 2459 2453 2445
f 3310 3305 3298
f 7327 7339 7337
f 7350 7336 7333
f 6057 6062 6077
f 6077 6078 6079
f 6049 6048 6053
f 6183 6182 6181
f 6183 6181 6059
f 6059 6181 6058
f 3276 3284 3273
f 7595 7591 7594
f 958 948 966
f 3250 3269 3248
f 3234 3211 3225
f 5715 5714 5716
f 5717 5715 5716
f 252 251 244
f 3160 3158 3159
f 3322 3295 3291
f 2445 2453 2437
f 3321 3294 3305
f 3321 3305 3310
f 2448 2450 2446
f 3343 3338 3310
f 3310 3311 3343
f 2466 2448 2454
f 3339 3338 3343
f 3351 3342 3339
f 3350 3351 3339
f 2472 2470 2471
f 7329 7326 7328
f 7340 7326 7329
f 7332 7340 7329
f 7331 7332 7329
f 7352 7350 7351
f 6130 6126 6129
f 6115 6117 6116
f 6054 6053 6055
f 6049 6053 6054
f 6184 6182 6183
f 2328 2326 2309
f 7591 7592 7593
f 1043 958 1042
f 2336 2323 2334
f 966 948 951
f 3272 3269 3250
f 3250 3248 3247
f 3246 3248 3253
f 5719 5715 5717
f 3252 3246 3253
f 2462 2451 2452
f 3324 3252 3253
f 3324 3253 3323
f 3323 3253 3295
f 3322 3323 3295
f 3322 3291 3294
f 3321 3322 3294
f 2450 2445 2446
f 3336 3321 3310
f 3338 3336 3310
f 2448 2446 2447
f 2448 2447 2454
f 3342 3337 3339
f 3337 3338 3339
f 3341 3337 3342
f 3351 3341 3342
f 7334 7328 7337
f 7339 7362 7359
f 6129 6126 6131
f 6116 6117 6118
f 6118 6130 6129
f 989 988 983
f 6082 6079 6115
f 6115 6116 6082
f 6053 6057 6056
f 6055 6053 6056
f 6059 6058 6054
f 6060 6059 6054
f 6058 6049 6054
f 2328 2309 2308
f 3286 3285 3277
f 1042 958 966
f 2297 2296 2295
f 2265 2296 2297
f 3246 3247 3248
f 3571 3557 3570
f 253 257 258
f 2451 2449 2443
f 252 253 258
f 2452 2451 2443
f 3252 3324 3254
f 6671 6672 6673
f 6671 6673 6674
f 6688 6681 6680
f 7671 7670 7669
f 3321 3336 3353
f 3337 3336 3338
f 2454 2447 2455
f 2454 2455 2456
f 7337 7339 7359
f 998 990 992
f 7351 7350 7349
f 990 988 991
f 6129 6131 6127
f 991 988 989
f 6103 6118 6129
f 6116 6118 6102
f 6080 6077 6079
f 6080 6079 6082
f 6081 6057 6077
f 984 983 981
f 6184 6183 6059
f 997 981 980
f 3287 3286 3277
f 3277 3285 3276
f 3251 3246 3252
f 260 259 253
f 253 259 257
f 7793 7789 7796
f 246 261 260
f 246 260 243
f 260 253 243
f 5589 5593 5586
f 6679 6671 6674
f 3324 3323 3322
f 4556 4550 4567
f 3325 3324 3322
f 6674 6673 6675
f 7671 7642 7674
f 3353 3325 3322
f 3353 3322 3321
f 7648 7628 7641
f 7641 7628 7640
f 3335 3336 3337
f 3341 3340 3337
f 7334 7337 7338
f 7349 7350 7346
f 7346 7350 7333
f 992 990 991
f 6102 6118 6103
f 6056 6057 6069
f 6069 6057 6081
f 989 983 984
f 6184 6059 6064
f 6064 6059 6060
f 2336 2297 2295
f 3274 3272 3250
f 3249 3247 3246
f 3251 3252 3254
f 2442 2443 2434
f 2442 2434 2431
f 2560 2557 2550
f 2557 2551 2550
f 2550 2551 2549
f 5583 5573 5584
f 4556 4567 4566
f 2437 2431 2433
f 2438 2437 2433
f 5547 5545 5546
f 2438 2433 2439
f 2446 2438 2439
f 3335 3353 3336
f 2446 2439 2447
f 2447 2439 2455
f 3340 3335 3337
f 7343 7337 7359
f 7331 7329 7330
f 7330 7329 7328
f 7346 7333 7345
f 6103 6119 6113
f 6081 6077 6080
f 6067 6054 6055
f 984 981 997
f 2310 2308 2307
f 3280 3287 3277
f 3250 3247 3249
f 2443 2436 2434
f 3256 3251 3254
f 3325 3256 3254
f 2554 2555 2553
f 3325 3254 3324
f 2542 2549 2555
f 2565 2560 2550
f 2566 2560 2565
f 5584 5573 5572
f 6689 6686 6687
f 7546 7529 7541
f 2433 2457 2439
f 3348 3325 3353
f 3335 3348 3353
f 3340 3346 3335
f 3349 3346 3340
f 7338 7337 7343
f 4453 4454 4448
f 7385 7351 7349
f 6066 6056 6068
f 6068 6056 6069
f 6071 6054 6067
f 6060 6054 6071
f 984 997 1039
f 5282 5289 5288
f 6074 6064 6060
f 999 997 980
f 3273 3274 3265
f 2376 2336 2335
f 3265 3274 3250
f 3251 3249 3246
f 3354 3256 3325
f 2535 2565 2550
f 2431 2432 2433
f 6689 6687 6690
f 2433 2432 2457
f 3348 3354 3325
f 3346 3362 3348
f 3346 3348 3335
f 7635 7636 7664
f 7343 7359 7360
f 998 992 1000
f 1000 992 1006
f 6113 6119 6112
f 6112 6119 6108
f 6108 6119 6127
f 6120 6103 6113
f 6101 6102 6103
f 6080 6082 6083
f 6083 6082 6101
f 6082 6102 6101
f 6069 6081 6085
f 4446 4450 4451
f 5282 5288 5281
f 6075 6064 6074
f 5286 5287 5271
f 5271 5278 5272
f 5286 5271 5274
f 5274 5271 5273
f 5271 5272 5273
f 3277 3276 3275
f 5284 5286 5274
f 5275 5274 5273
f 3275 3276 3273
f 5284 5274 5276
f 5276 5274 5275
f 5283 5284 5276
f 5283 5276 5277
f 2266 2297 2313
f 5285 5283 5277
f 3265 3250 3258
f 3255 3249 3251
f 5868 5871 5869
f 5868 5869 5870
f 3255 3251 3256
f 3357 3255 3256
f 2434 2436 2435
f 3357 3256 3354
f 2565 2535 2536
f 2434 2435 2432
f 2566 2565 2536
f 2566 2536 2573
f 2576 2566 2573
f 3361 3355 3362
f 3355 3354 3348
f 2575 2576 2573
f 3362 3355 3348
f 7235 7236 7237
f 6690 6687 6694
f 6690 6694 6696
f 7529 7530 7531
f 5538 5537 5541
f 7664 7630 7665
f 7330 7334 7335
f 7334 7338 7335
f 7345 7331 7341
f 7348 7349 7346
f 7346 7345 7341
f 6101 6103 6120
f 6085 6081 6080
f 6072 6071 6067
f 6072 6067 6171
f 6171 6067 6172
f 6067 6066 6172
f 4446 4451 4449
f 5279 5282 5281
f 3278 3282 3280
f 5279 5281 5280
f 5278 5279 5280
f 5271 5279 5278
f 3278 3280 3277
f 3275 3273 3262
f 3262 3273 3265
f 2313 2297 2376
f 2276 2266 2313
f 7489 7492 7494
f 3258 3250 3249
f 2436 2440 2435
f 3358 3359 3357
f 3359 3255 3357
f 3356 3358 3357
f 3356 3357 3354
f 3361 3363 3356
f 3355 3356 3354
f 2563 2537 2534
f 3361 3356 3355
f 2537 2536 2534
f 2575 2573 2574
f 7665 7630 7646
f 1336 1334 1339
f 3527 3520 3530
f 7335 7338 7343
f 7341 7331 7330
f 7348 7363 7349
f 6068 6069 6070
f 6043 6172 6173
f 6038 6172 6043
f 6171 6172 6038
f 6060 6071 6074
f 3283 3282 3281
f 3281 3282 3278
f 3278 3277 3275
f 3262 3265 3258
f 3257 3258 3249
f 3257 3249 3255
f 3359 3257 3255
f 3535 3534 3533
f 4582 4610 4625
f 5432 5444 5433
f 5432 5433 5434
f 5434 5433 5442
f 5873 5868 5872
f 5872 5868 5870
f 2543 2545 2546
f 2543 2542 2545
f 2538 2542 2541
f 3363 3358 3356
f 2534 2528 2527
f 2567 2563 2548
f 2548 2563 2534
f 4556 4566 4565
f 6698 6696 6699
f 6698 6699 6703
f 3530 3520 3526
f 3371 3385 3374
f 7384 7335 7372
f 1007 1000 1006
f 7348 7346 7347
f 7347 7346 7341
f 6107 6112 6108
f 6113 6112 6107
f 4453 4448 4447
f 6120 6113 6105
f 6101 6120 6099
f 6100 6101 6099
f 4448 4446 4447
f 3281 3278 3279
f 3279 3278 3275
f 1755 1759 1756
f 7493 7492 7488
f 3262 3258 3260
f 7489 7494 7495
f 3259 3258 3257
f 3263 3259 3257
f 3263 3257 3359
f 5443 5441 5439
f 5439 5441 5440
f 2543 2546 2547
f 5435 5432 5434
f 2542 2543 2541
f 2539 2538 2541
f 2527 2528 2529
f 2548 2534 2527
f 7093 7084 7083
f 7092 7093 7083
f 3171 3163 3167
f 3170 3175 3166
f 7677 7679 7678
f 7372 7335 7361
f 1330 1348 1331
f 7343 7360 7364
f 7364 7360 7366
f 1007 1006 1008
f 6105 6113 6107
f 6099 6120 6105
f 6083 6101 6100
f 6144 6068 6070
f 6070 6069 6085
f 6085 6083 6086
f 4447 4446 4445
f 4445 4446 4444
f 6038 6043 6039
f 6071 6072 6073
f 6073 6072 6171
f 4444 4449 4456
f 7488 7492 7489
f 3267 3262 3260
f 3259 3260 3258
f 3358 3360 3263
f 3263 3359 3358
f 4572 4582 4625
f 5439 5442 5443
f 5434 5439 5438
f 5439 5440 5438
f 5437 5432 5435
f 5445 5432 5437
f 5437 5435 5436
f 5435 5434 5436
f 5446 5438 5440
f 2530 2527 2529
f 2559 2527 2530
f 2567 2548 2568
f 2570 2567 2568
f 7084 7082 7083
f 7092 7083 7086
f 7095 7092 7090
f 7149 7150 7151
f 6983 6984 6985
f 7730 7733 7731
f 7730 7731 7732
f 1320 1334 1336
f 1320 1333 1334
f 1331 1333 1332
f 7361 7335 7358
f 7358 7343 7364
f 1008 1006 1010
f 6099 6105 6104
f 6105 6107 6104
f 6070 6085 6087
f 7741 7742 7743
f 3270 3275 3262
f 3270 3262 3267
f 2279 2276 2313
f 3267 3260 3268
f 3261 3260 3259
f 3264 3261 3263
f 3263 3261 3259
f 4782 4783 4780
f 2544 2541 2543
f 2532 2539 2540
f 2540 2539 2541
f 2529 2539 2532
f 2564 2559 2530
f 7080 7082 7081
f 7090 7092 7086
f 6983 6985 6986
f 6987 6983 6986
f 7719 7702 7668
f 3369 3371 3370
f 1332 1333 1320
f 3370 3374 3372
f 1329 1330 1331
f 6104 6107 6106
f 6106 6107 6108
f 6039 6041 6040
f 6039 6040 6037
f 6160 6071 6073
f 6161 6071 6160
f 6073 6171 6170
f 6170 6171 6035
f 4455 4463 4459
f 2320 2313 2377
f 4779 4782 4780
f 2540 2541 2544
f 2562 2561 2558
f 2531 2529 2532
f 2558 2561 2533
f 2533 2561 2530
f 2571 2570 2569
f 7079 7080 7081
f 3419 3417 3418
f 7087 7090 7086
f 3418 3417 3416
f 3183 3175 3182
f 3417 3412 3416
f 3416 3412 3406
f 3406 3412 3407
f 6842 6843 6844
f 3407 3412 3413
f 7725 7654 7661
f 7570 7583 7585
f 7001 7004 7002
f 1336 1339 1338
f 1320 1336 1337
f 7373 7372 7361
f 1329 1331 1332
f 6097 6099 6104
f 6090 6099 6097
f 6090 6086 6083
f 6090 6083 6100
f 6090 6100 6099
f 6087 6085 6086
f 6042 6040 6041
f 3288 3270 3267
f 510 560 518
f 560 547 518
f 5772 5773 5774
f 6801 6796 6793
f 1337 1336 1338
f 1335 1332 1320
f 3370 3372 3367
f 164 168 159
f 7364 7366 7390
f 6109 6104 6106
f 1011 1008 1010
f 6138 6144 6070
f 7617 7618 7619
f 7606 7603 7605
f 4445 4440 4443
f 6170 6035 6034
f 1828 1831 1794
f 1828 1794 1792
f 4457 4442 4441
f 4457 4459 4460
f 7485 7488 7483
f 7483 7488 7489
f 7489 7495 7490
f 3268 3261 3271
f 3553 3568 3559
f 4784 4778 4776
f 4787 4785 4786
f 4785 4772 4786
f 4788 4787 4786
f 6946 6950 6947
f 6949 6946 6948
f 6949 6948 6951
f 6955 6954 6952
f 6955 6952 6956
f 7893 7895 7894
f 3405 3406 3407
f 3407 3413 3409
f 7888 7886 7887
f 7884 7887 7886
f 7858 7884 7862
f 7858 7862 7857
f 7858 7857 7853
f 7858 7853 7859
f 7706 7707 7685
f 3366 3369 3367
f 1320 1337 1345
f 3367 3369 3370
f 3367 3372 3373
f 161 211 164
f 1329 1332 1335
f 159 168 167
f 7358 7364 7365
f 7365 7364 7390
f 1009 1007 1008
f 1009 1008 1011
f 6109 6106 6110
f 6094 6104 6109
f 6097 6104 6094
f 1011 1010 1012
f 1012 1010 1014
f 6087 6086 6088
f 6088 6086 6090
f 6089 6070 6087
f 7617 7619 7620
f 4442 4457 4437
f 7487 7488 7485
f 2321 2279 2320
f 519 518 547
f 3562 3568 3553
f 4779 4780 4777
f 4778 4779 4777
f 4776 4778 4777
f 4773 4784 4776
f 4773 4776 4775
f 4772 4784 4773
f 4771 4772 4773
f 7422 7419 7424
f 7423 7421 7420
f 6949 6951 6952
f 6955 6956 6957
f 3421 3420 3418
f 5775 5772 5774
f 5488 5493 5483
f 5488 5483 5482
f 7893 7894 7892
f 7891 7893 7892
f 5481 5483 5484
f 5482 5483 5481
f 7891 7892 7890
f 7889 7891 7890
f 7884 7886 7885
f 3410 3409 3414
f 3409 3415 3414
f 7856 7853 7855
f 1346 1320 1345
f 161 164 159
f 6092 6097 6094
f 6092 6090 6097
f 1012 1014 1015
f 6036 6037 6040
f 6033 6037 6036
f 7621 7617 7620
f 6156 6157 6154
f 6034 6033 6036
f 6160 6073 6155
f 1747 1751 1761
f 508 510 518
f 7486 7487 7485
f 508 518 519
f 7483 7489 7490
f 4777 4780 4781
f 4774 4773 4775
f 4771 4773 4774
f 7428 7423 7427
f 5490 5493 5488
f 6778 6777 6776
f 5479 5482 5481
f 3405 3407 3408
f 3407 3409 3408
f 3408 3409 3410
f 7860 7856 7855
f 4089 4121 4105
f 7723 7706 7685
f 7723 7685 7624
f 1344 1337 1338
f 1344 1345 1337
f 1319 1335 1320
f 1324 1329 1335
f 1330 1329 1328
f 6111 6109 6110
f 6089 6087 6088
f 6138 6070 6089
f 6036 6156 6154
f 6155 6036 6154
f 4439 4438 4432
f 1829 1828 1796
f 1828 1792 1796
f 547 548 506
f 6326 6327 6324
f 4891 4889 4893
f 5509 5511 5512
f 4775 4776 4765
f 4765 4776 4777
f 4774 4775 4765
f 4764 4771 4760
f 4771 4774 4760
f 7182 7183 7184
f 5501 5502 5490
f 5490 5488 5479
f 5479 5488 5482
f 5479 5481 5478
f 5478 5481 5480
f 7863 7860 7854
f 4102 4103 4108
f 1344 1338 1347
f 3366 3367 3368
f 1346 1345 1344
f 3368 3367 3375
f 3375 3367 3373
f 1329 1324 1323
f 1324 1335 1319
f 161 159 157
f 159 167 160
f 1328 1329 1323
f 1038 1009 1013
f 1013 1009 1011
f 1013 1011 1012
f 6094 6109 6096
f 6092 6094 6093
f 6091 6090 6092
f 6136 6089 6088
f 6137 6138 6089
f 6154 6138 6153
f 1789 1792 1791
f 1796 1792 1789
f 519 547 516
f 516 547 506
f 4760 4774 4765
f 4767 4764 4766
f 7191 7182 7190
f 7182 7184 7192
f 7190 7182 7192
f 7191 7190 7188
f 7188 7189 7187
f 7186 7188 7187
f 7185 7186 7187
f 7185 7187 7194
f 4539 4544 4543
f 4539 4543 4542
f 4539 4542 4540
f 7196 7185 7195
f 6977 6982 6978
f 7837 7838 7833
f 7837 7833 7830
f 3408 3410 3411
f 4091 4084 4090
f 4090 4084 4088
f 4100 4101 4102
f 4095 4089 4104
f 4089 4105 4104
f 7870 7863 7866
f 5789 5790 5786
f 7723 7624 7627
f 7622 7623 7624
f 7623 7622 7625
f 1319 1320 1321
f 1321 1320 1346
f 162 161 157
f 7365 7390 7391
f 160 167 116
f 1470 1471 1456
f 6091 6092 6093
f 6091 6093 6095
f 6093 6094 6096
f 6088 6090 6091
f 6153 6138 6137
f 4434 4432 4431
f 6155 6154 6153
f 1789 1791 1790
f 1789 1790 1788
f 5888 5889 5890
f 4070 4075 4074
f 5894 5888 5890
f 1757 1763 1770
f 4433 4435 4452
f 7482 7485 7483
f 7483 7490 7484
f 3562 3553 3552
f 5512 5525 5513
f 5509 5512 5513
f 5507 5511 5509
f 4577 4607 4578
f 4759 4764 4760
f 4759 4760 4761
f 4577 4576 4581
f 6863 6864 6865
f 6863 6865 6866
f 5491 5501 5490
f 6980 6977 6979
f 6980 6979 6981
f 5474 5490 5479
f 5474 5479 5478
f 4101 4095 4104
f 7863 7864 7865
f 7863 7865 7866
f 4112 4114 4118
f 5785 5789 5786
f 5785 5786 5787
f 4118 4114 4120
f 4669 4675 4678
f 1341 1344 1347
f 1321 1346 1340
f 1346 1344 1340
f 1323 1324 1319
f 3375 3373 3377
f 157 159 156
f 4517 4511 4513
f 1453 1470 1456
f 6093 6096 6164
f 6137 6089 6136
f 4066 4069 4068
f 1789 1788 1777
f 5889 5892 5891
f 5889 5891 5890
f 460 461 459
f 7486 7485 7482
f 517 516 505
f 2338 2290 2321
f 7482 7483 7484
f 7484 7490 7491
f 3541 3551 3554
f 6312 6313 6314
f 5967 5968 5969
f 6314 6313 6316
f 4608 4579 4578
f 4607 4608 4578
f 4760 4765 4762
f 4763 4759 4761
f 5566 5600 5569
f 2959 2961 2960
f 5491 5490 5474
f 4538 4541 4539
f 4538 4539 4540
f 7914 7915 7916
f 5348 5349 5350
f 5348 5350 5351
f 7317 7315 7314
f 7314 7315 7316
f 4549 4547 4548
f 5475 5478 5480
f 5475 5480 5477
f 5477 5480 5485
f 4100 4096 4095
f 4109 4102 4108
f 7737 7738 7739
f 4675 4669 4674
f 5785 5787 5788
f 4670 4669 4678
f 4694 4688 4695
f 4670 4684 4672
f 4671 4670 4672
f 4684 4670 4678
f 4695 4672 4701
f 1340 1344 1341
f 3378 3368 3376
f 1322 1319 1321
f 3376 3368 3375
f 3376 3375 3377
f 156 159 160
f 1016 1013 1012
f 6139 6136 6140
f 6140 6136 6141
f 6142 6091 6095
f 1472 1470 1453
f 6139 6137 6136
f 6153 6137 6158
f 6168 6153 6158
f 1777 1788 1782
f 5891 5892 5893
f 1769 1757 1770
f 460 459 454
f 1836 1838 1837
f 1774 1748 1766
f 6315 6312 6314
f 5969 5968 5970
f 4607 4613 4608
f 5507 5509 5508
f 5510 5509 5513
f 4769 4761 4762
f 4761 4760 4762
f 4399 4402 4401
f 5469 5492 5491
f 5469 5491 5474
f 4547 4546 4545
f 4545 4546 4541
f 4545 4541 4538
f 7898 7900 7899
f 5474 5478 5475
f 5473 5474 5475
f 5476 5475 5477
f 7828 7844 7832
f 2662 2658 2666
f 2668 2662 2666
f 4095 4096 4094
f 4087 4093 4086
f 7910 7906 7913
f 4098 4100 4109
f 4100 4102 4109
f 4109 4108 4110
f 7867 7871 7869
f 4687 4686 4685
f 4685 4686 4676
f 7882 7873 7877
f 7882 7877 7879
f 7878 7879 7877
f 4674 4669 4668
f 4668 4669 4670
f 4695 4700 4672
f 4700 4671 4672
f 1322 1321 1340
f 1323 1319 1322
f 3376 3377 3381
f 1327 1328 1323
f 2029 2030 2028
f 6141 6142 6140
f 6158 6137 6139
f 4065 4066 4062
f 1779 1777 1782
f 4068 4070 4073
f 3547 3554 3556
f 6317 6315 6314
f 5971 5970 5972
f 5969 5970 5971
f 6323 6314 6316
f 6031 5971 6029
f 5505 5507 5506
f 5504 5505 5506
f 5506 5507 5508
f 5508 5509 5510
f 6669 6668 6670
f 5491 5497 5498
f 4398 4400 4410
f 5492 5497 5491
f 4397 4399 4388
f 7899 7900 7901
f 7117 7118 7119
f 2659 2662 2668
f 7909 7861 7848
f 7310 7313 7312
f 7871 7910 7913
f 7869 7871 7897
f 2624 2627 2626
f 7878 7877 7876
f 1341 1343 1342
f 3383 3378 3379
f 3378 3376 3379
f 162 157 158
f 156 160 115
f 115 160 116
f 2012 2011 2010
f 2033 2011 2012
f 6140 6142 6143
f 6095 6093 6098
f 6098 6093 6159
f 6159 6093 6164
f 6175 6164 6176
f 1453 1456 1447
f 6158 6139 6149
f 4061 4065 4062
f 6162 6168 6158
f 1771 1770 1772
f 1775 1766 1768
f 1836 1837 1834
f 1778 1774 1775
f 3555 3560 3554
f 6319 6315 6318
f 6315 6317 6318
f 5970 5975 5972
f 5971 5972 5973
f 5973 6028 6029
f 6028 6030 6029
f 6323 6317 6314
f 5971 5973 6029
f 5510 5513 5514
f 6664 6665 6666
f 6668 6665 6664
f 2950 2959 2958
f 2950 2958 2954
f 2950 2954 2951
f 5496 5499 5497
f 4597 4584 4586
f 5492 5496 5497
f 5616 5569 5640
f 5468 5496 5492
f 4587 4585 4539
f 5468 5492 5469
f 5468 5469 5466
f 4397 4388 4390
f 4395 4397 4390
f 5466 5469 5471
f 5473 5469 5474
f 7117 7119 7120
f 5475 5476 5473
f 7925 7926 7927
f 2656 2657 2658
f 2662 2656 2658
f 7850 7835 7848
f 7848 7835 7847
f 4097 4098 4117
f 4098 4109 4117
f 7871 7913 7911
f 4111 4109 4110
f 7873 7874 7875
f 2625 2624 2626
f 7873 7875 7876
f 7883 7876 7875
f 4682 4679 4668
f 4668 4679 4674
f 4696 4690 4697
f 4673 4697 4682
f 4673 4682 4668
f 4696 4697 4673
f 4129 4131 4130
f 4130 4131 4133
f 4133 4162 4161
f 4477 4473 4476
f 1340 1341 1326
f 3380 3376 3381
f 158 157 155
f 157 156 155
f 115 116 117
f 1045 1044 1016
f 123 213 208
f 2011 2043 2007
f 4072 4071 4067
f 4067 4071 4064
f 2006 2031 2032
f 2006 2032 2012
f 2029 2028 2026
f 6145 6139 6140
f 6188 6143 6095
f 6188 6095 6098
f 1444 1453 1447
f 4062 4068 4046
f 1783 1779 1782
f 1783 1782 1784
f 1776 1777 1779
f 4068 4073 4046
f 454 459 452
f 1835 1836 1834
f 1834 1837 1778
f 6010 6007 6011
f 5979 5978 5968
f 3840 3836 3837
f 5989 5988 5984
f 5510 5514 5517
f 5517 5514 5518
f 5523 5521 5522
f 5522 5521 5520
f 5521 5506 5520
f 5494 5495 5496
f 5500 5499 5496
f 4398 4409 4407
f 5468 5494 5496
f 5467 5494 5468
f 5467 5468 5466
f 4395 4390 4394
f 5473 5471 5469
f 5471 5473 5472
f 7121 7117 7120
f 7121 7120 7122
f 7927 7929 7928
f 7927 7928 7925
f 2656 2662 2659
f 7310 7312 7311
f 7309 7310 7311
f 4113 4109 4111
f 2580 2579 2624
f 2624 2625 2580
f 4679 4682 4681
f 4681 4682 4683
f 4135 4130 4133
f 4135 4133 4142
f 4142 4133 4161
f 5186 5196 5197
f 5188 5189 5186
f 1322 1340 1326
f 1325 1322 1326
f 1323 1322 1325
f 1327 1323 1325
f 155 156 154
f 1490 1486 1489
f 1498 1500 1476
f 1491 1490 1489
f 2004 2010 2007
f 4067 4064 4063
f 2027 2031 2024
f 2024 2031 2006
f 2006 2012 2010
f 2026 2028 2022
f 2028 2027 2022
f 2022 2027 2024
f 6152 6140 6143
f 4064 4065 4061
f 6149 6139 6145
f 6159 6164 6175
f 1451 1453 1444
f 6162 6158 6149
f 7161 7160 7164
f 7160 7165 7164
f 4046 4073 4047
f 4047 4073 4052
f 459 458 452
f 6011 6013 6016
f 6013 6015 6016
f 1834 1778 1800
f 6010 6006 6007
f 6321 6319 6320
f 6320 6319 6318
f 5984 5983 5979
f 5991 5988 5989
f 5515 5510 5517
f 2951 2957 2952
f 5489 5495 5494
f 5264 5266 5265
f 2950 2951 2952
f 4596 4597 4586
f 5489 5467 5486
f 5467 5489 5494
f 5486 5467 5470
f 4407 4409 4408
f 5464 5467 5466
f 4388 4391 4389
f 4394 4390 4393
f 7123 7121 7122
f 4396 4394 4393
f 5472 5473 5476
f 2656 2655 2657
f 2661 2660 2664
f 4097 4099 4094
f 4099 4097 4107
f 4107 4097 4117
f 2645 2663 2667
f 2608 2645 2667
f 4116 4113 4111
f 4119 4113 4116
f 2579 2578 2581
f 2578 2579 2580
f 6613 6627 6620
f 3379 3376 3380
f 3380 3381 3384
f 120 118 123
f 1498 1478 1499
f 2004 2007 2003
f 1482 1480 1481
f 2006 2010 2004
f 2024 2006 1999
f 4063 4064 4061
f 6145 6140 6146
f 1444 1447 1436
f 4021 4061 4062
f 4021 4062 4046
f 7164 7165 7166
f 6006 6005 6007
f 6321 6322 6319
f 5980 5981 5978
f 5979 5980 5978
f 6023 6024 6025
f 5988 5983 5984
f 3837 3836 3833
f 5667 5663 5671
f 5682 5667 5671
f 5508 5510 5515
f 5516 5508 5515
f 5487 5517 5518
f 5524 5520 5519
f 5518 5489 5486
f 2950 2952 2953
f 4398 4407 4404
f 4403 4398 4404
f 7173 7174 7175
f 5470 5467 5464
f 4391 4403 4392
f 4391 4392 4389
f 5464 5466 5465
f 5465 5466 5471
f 5465 5471 5472
f 6328 6329 6330
f 6330 6329 6331
f 7303 7301 7300
f 2653 2655 2656
f 2652 2653 2659
f 2659 2653 2656
f 2661 2633 2660
f 2633 2661 2630
f 2598 2610 2609
f 2598 2609 2593
f 2645 2630 2663
f 2598 2597 2596
f 2607 2605 2608
f 2605 2607 2606
f 2586 2582 2585
f 2581 2582 2579
f 2582 2581 2585
f 2581 2584 2585
f 2588 2586 2587
f 2587 2586 2584
f 2584 2581 2583
f 2583 2581 2578
f 4692 4699 4698
f 4699 4683 4698
f 4129 4130 4123
f 6629 6626 6612
f 5185 5186 5187
f 5188 5186 5185
f 6613 6626 6627
f 6620 6621 6619
f 1485 1493 1483
f 119 118 120
f 120 123 122
f 123 208 136
f 122 123 136
f 153 117 119
f 4079 4072 4067
f 1486 1485 1480
f 1480 1485 1479
f 165 155 154
f 154 156 115
f 115 117 153
f 1480 1479 1473
f 1473 1479 1474
f 1474 1476 1475
f 2003 2008 2009
f 6146 6140 6152
f 1466 1467 1464
f 1464 1454 1450
f 2021 2026 2022
f 1445 1451 1444
f 4519 4516 4520
f 4042 4047 4052
f 6004 6005 6006
f 6013 6014 6015
f 6003 6004 6006
f 6008 6003 6006
f 6001 6003 6022
f 5977 6001 5974
f 5974 6001 6022
f 6022 6003 6024
f 6003 6008 6024
f 6023 5974 6022
f 6023 6022 6024
f 5979 5983 5982
f 5992 5988 5991
f 5516 5515 5487
f 5515 5517 5487
f 2953 2952 2955
f 5456 5487 5518
f 5456 5518 5486
f 7071 7074 7072
f 7071 7072 7073
f 5461 5456 5486
f 5461 5486 5470
f 5461 5470 5463
f 5470 5464 5463
f 5462 5464 5465
f 6330 6331 6332
f 2653 2654 2655
f 7300 7301 7302
f 2652 2651 2653
f 2614 2618 2612
f 2613 2614 2612
f 2613 2612 2610
f 2610 2611 2594
f 2609 2610 2594
f 2635 2630 2645
f 2609 2594 2593
f 2603 2635 2608
f 2635 2645 2608
f 2596 2597 2590
f 2602 2603 2600
f 2605 2603 2608
f 2604 2603 2605
f 2603 2604 2600
f 2595 2596 2590
f 2600 2604 2601
f 2604 2605 2606
f 2601 2604 2606
f 2595 2590 2588
f 2588 2590 2589
f 2588 2589 2586
f 2601 2582 2586
f 2586 2585 2584
f 3665 3683 3663
f 4123 4135 4142
f 6633 6630 6632
f 6632 6630 6631
f 3666 3655 3668
f 5191 5188 5185
f 6626 6613 6612
f 6612 6613 6614
f 4183 4182 4174
f 3383 3379 3382
f 3382 3379 3380
f 1493 1488 1483
f 1474 1483 1477
f 1477 1487 1478
f 1479 1485 1483
f 1479 1483 1474
f 1476 1474 1477
f 1476 1477 1478
f 154 115 153
f 4063 4061 4059
f 1994 2006 2004
f 1466 1464 1448
f 1448 1464 1450
f 2022 2024 2020
f 2020 2024 1999
f 6149 6145 6146
f 1454 1452 1441
f 4017 4021 4020
f 1452 1451 1435
f 1451 1445 1435
f 6162 6149 6151
f 1445 1444 1434
f 1434 1444 1436
f 3987 3988 4001
f 3987 4001 4000
f 1783 1784 1785
f 443 454 455
f 6005 6012 6013
f 6013 6012 6014
f 1833 1835 1834
f 1821 1834 1800
f 5980 5985 5981
f 6002 6001 5977
f 5267 5264 5263
f 5263 5264 5265
f 5263 5265 5270
f 5529 5524 5528
f 5524 5519 5528
f 5531 5533 5529
f 5531 5529 5528
f 5455 5487 5456
f 5532 5533 5531
f 5461 5463 5462
f 5460 5461 5462
f 5462 5463 5464
f 2648 2654 2651
f 2651 2654 2653
f 2623 2619 2618
f 2629 2650 2652
f 2629 2652 2633
f 2612 2618 2617
f 2612 2617 2615
f 2630 2629 2633
f 2628 2629 2630
f 2612 2615 2611
f 2611 2615 2616
f 2611 2616 2594
f 2635 2628 2630
f 2594 2616 2591
f 2593 2594 2591
f 2602 2635 2603
f 2593 2591 2590
f 2591 2616 2602
f 2590 2591 2589
f 2589 2591 2592
f 2592 2591 2602
f 2592 2602 2600
f 2589 2592 2599
f 2599 2592 2600
f 2599 2600 2601
f 3663 3683 3681
f 4126 4129 4123
f 6631 6629 6617
f 6629 6612 6617
f 6617 6612 6615
f 5193 5191 5194
f 6615 6616 6618
f 5192 5191 5193
f 6618 6616 6624
f 1483 1488 1484
f 1483 1484 1477
f 1477 1484 1487
f 4076 4063 4059
f 2004 2003 1997
f 4059 4061 4060
f 1994 2004 1997
f 1827 1826 1832
f 6150 6149 6146
f 1454 1441 1440
f 1450 1454 1440
f 2021 2022 2020
f 2020 1999 1993
f 1441 1452 1435
f 2025 2026 2021
f 1785 1784 1786
f 7167 7168 7169
f 1434 1436 1431
f 1431 1436 1438
f 455 454 451
f 1804 1805 1802
f 6005 5958 6012
f 6001 5961 6003
f 5986 5963 5985
f 5985 5963 6002
f 1821 1800 1803
f 5983 5988 5992
f 5990 5983 5992
f 5268 5267 5263
f 4598 4596 4592
f 5519 5516 5503
f 5503 5516 5487
f 5503 5487 5459
f 5459 5487 5455
f 4592 4586 4588
f 5530 5531 5528
f 5530 5528 5527
f 5455 5456 5457
f 5456 5461 5460
f 5532 5531 5530
f 5532 5530 5534
f 2649 2648 2651
f 2650 2649 2651
f 2618 2619 2617
f 2631 2634 2632
f 2631 2632 2629
f 2628 2631 2629
f 2616 2615 2637
f 2616 2637 2602
f 2637 2628 2635
f 6811 6810 6803
f 6804 6813 6808
f 5200 5192 5193
f 6624 6622 6625
f 121 120 122
f 119 120 121
f 4026 4079 4076
f 163 165 154
f 154 153 163
f 2003 2009 2005
f 1997 2003 1998
f 1460 1466 1448
f 6151 6149 6150
f 1993 1999 1994
f 4036 4020 4041
f 1435 1445 1434
f 1431 1438 1433
f 540 443 435
f 1806 1805 1807
f 5958 6017 6012
f 5961 5958 6004
f 6004 5958 6005
f 6001 5963 5961
f 6003 5961 6004
f 6002 5963 6001
f 5980 5986 5985
f 5982 5986 5980
f 1833 1834 1821
f 5269 5267 5268
f 5458 5459 5455
f 5458 5455 5457
f 5527 5519 5526
f 5526 5519 5503
f 6973 6976 6974
f 6972 6973 6974
f 5457 5456 5460
f 2644 2665 2642
f 5530 5527 5535
f 2636 2639 2647
f 2647 2639 2648
f 5534 5530 5535
f 2649 2647 2648
f 2621 2620 2619
f 2631 2642 2634
f 2632 2636 2650
f 2650 2636 2647
f 2650 2647 2649
f 2617 2619 2620
f 2617 2620 2615
f 2637 2631 2628
f 4123 4141 4138
f 6812 6811 6803
f 6803 6810 6804
f 6803 6804 6805
f 6805 6804 6806
f 6804 6808 6806
f 6814 6808 6815
f 4156 4160 4159
f 4187 4184 4200
f 163 153 140
f 2005 2009 2013
f 1998 2003 2005
f 4039 4018 4036
f 1824 1818 1826
f 1824 1826 1827
f 1460 1448 1449
f 1448 1450 1440
f 1440 1441 1437
f 1441 1435 1437
f 2021 2020 2002
f 2002 2020 1993
f 2025 2021 2023
f 2023 2021 2002
f 1437 1435 1430
f 1430 1435 1434
f 1430 1434 1431
f 1431 1433 1432
f 1432 1433 1439
f 1806 1807 1808
f 5958 5966 6017
f 5956 5957 5958
f 7433 7434 7435
f 5960 5956 5961
f 5993 5994 5986
f 5986 5994 5963
f 5987 5993 5986
f 5982 5987 5986
f 5990 5987 5982
f 5665 5630 5644
f 5644 5630 5628
f 5458 5457 5460
f 2641 2640 2638
f 2638 2640 2639
f 2638 2639 2636
f 2620 2646 2643
f 2643 2646 2644
f 2644 2642 2643
f 2643 2642 2631
f 2634 2638 2636
f 2634 2636 2632
f 2637 2643 2631
f 3663 3681 3680
f 3667 3663 3680
f 4122 4126 4123
f 6806 6808 6814
f 4156 4167 4168
f 4167 4156 4151
f 4172 4190 4191
f 6650 6663 6649
f 6648 6650 6649
f 4023 4018 4039
f 4059 4060 4019
f 4019 4060 4017
f 4017 4018 4019
f 1995 1997 1998
f 1994 1997 1995
f 1991 1994 1995
f 1993 1994 1991
f 1440 1437 1426
f 2002 1993 1990
f 1990 1993 1991
f 7170 7167 7169
f 1428 1437 1430
f 449 540 435
f 1429 1431 1432
f 6019 6020 6000
f 6020 6021 6009
f 6000 6020 6009
f 5966 5958 5964
f 6000 6009 5994
f 5994 6009 5965
f 5993 6000 5994
f 5995 5993 5987
f 1833 1821 1825
f 1825 1821 1803
f 5996 5987 5990
f 4663 4664 4661
f 6928 6929 6930
f 3832 3831 3838
f 3832 3838 3839
f 3841 3832 3839
f 3841 3839 3845
f 3839 3867 3845
f 3845 3867 3868
f 4124 4123 4138
f 6807 6803 6805
f 6809 6805 6806
f 6807 6805 6809
f 6814 6809 6806
f 6816 6814 6817
f 3810 3809 3811
f 6645 6648 6647
f 6647 6648 6649
f 6963 6962 6959
f 140 119 139
f 139 119 121
f 2016 2005 2013
f 1786 1818 1798
f 3987 4000 3994
f 1785 1786 1787
f 1990 1991 1992
f 1810 1812 1811
f 5037 5040 5038
f 1428 1430 1429
f 1808 1810 1811
f 1429 1430 1431
f 5999 6019 6000
f 456 455 451
f 5999 6000 5995
f 1517 1515 1513
f 5995 6000 5993
f 5998 5995 5987
f 5997 5998 5987
f 5997 5987 5996
f 1825 1803 1814
f 3838 3842 3846
f 6932 6929 6931
f 3835 3842 3838
f 3838 3846 3847
f 3839 3838 3847
f 3839 3847 3867
f 4594 4617 4603
f 4617 4594 4605
f 4122 4123 4124
f 4138 4139 4137
f 4137 4139 4147
f 6816 6809 6814
f 4153 4154 4151
f 4151 4156 4152
f 4152 4156 4159
f 3811 3809 3812
f 1841 1842 1843
f 6644 6648 6645
f 6959 6960 6961
f 531 532 481
f 124 121 122
f 122 136 126
f 125 122 126
f 139 121 124
f 4036 4041 4037
f 1798 1818 1824
f 1443 1449 1448
f 1995 1998 2000
f 1443 1448 1440
f 1991 1995 1992
f 1992 1995 1996
f 7170 7169 7171
f 4037 4043 4053
f 1426 1437 1428
f 4525 4523 4522
f 432 449 435
f 5769 5768 5770
f 5999 6026 6019
f 5770 5768 5771
f 4652 4655 4653
f 456 451 450
f 450 451 447
f 5998 5999 5995
f 6934 6933 6931
f 6928 6931 6929
f 3679 3667 3680
f 4125 4122 4124
f 4157 4154 4144
f 4144 4154 4153
f 4152 4159 4166
f 1860 1863 1862
f 1858 1860 1859
f 1841 1843 1844
f 6641 6644 6643
f 6643 6644 6645
f 4955 4961 4954
f 6965 6963 6964
f 6964 6963 6959
f 6647 6649 6655
f 126 136 205
f 126 205 206
f 2018 2005 2016
f 1998 2005 2014
f 2000 1998 2014
f 1995 2000 2001
f 1443 1440 1419
f 1996 1995 2001
f 1419 1440 1426
f 7171 7169 7172
f 2023 2002 2041
f 2041 2002 2039
f 2039 2002 1990
f 1990 1992 2035
f 1992 1996 2015
f 4037 4053 4054
f 1426 1428 1415
f 4523 4525 4527
f 3986 3982 3981
f 3996 3986 3981
f 1415 1428 1427
f 5031 5037 5038
f 3991 3996 3981
f 1427 1428 1429
f 5039 5037 5035
f 6027 6019 6026
f 4652 4653 4654
f 5045 5043 5044
f 6018 6026 5999
f 6018 5999 5998
f 6937 6936 6935
f 6936 6933 6935
f 6935 6933 6934
f 1414 1416 1409
f 4840 4841 4839
f 3661 3651 3667
f 4137 4147 4143
f 4143 4147 4158
f 4143 4158 4144
f 4144 4153 4149
f 4150 4151 4152
f 109 111 110
f 4202 4197 4199
f 1859 1860 1861
f 6640 6641 6642
f 1848 1841 1844
f 6645 6647 6646
f 6652 6647 6655
f 559 531 473
f 473 531 481
f 124 122 125
f 4025 4023 4055
f 4055 4023 4045
f 4023 4039 4045
f 2014 2005 2018
f 4039 4036 4034
f 4034 4037 4035
f 1823 1798 1824
f 3448 3450 3449
f 2039 1990 2037
f 2037 1990 2035
f 2035 1992 2015
f 1996 2001 2015
f 3991 3981 3980
f 5037 5031 5035
f 5041 5039 5035
f 5743 5767 5768
f 4529 4526 4530
f 1427 1422 1405
f 4656 4652 4654
f 5043 5039 5042
f 4654 4653 4657
f 1422 1420 1404
f 5050 5048 5047
f 5051 5050 5047
f 1406 1408 1410
f 1406 1410 1409
f 1409 1410 1414
f 1395 1417 1413
f 1425 1413 1417
f 4838 4840 4839
f 3661 3667 3679
f 4125 4124 4127
f 4127 4124 4128
f 4124 4137 4128
f 4144 4149 4145
f 4164 4152 4166
f 1861 1860 1862
f 6642 6641 6643
f 1839 1840 1841
f 4955 4954 4948
f 1855 1857 1856
f 4957 4959 4951
f 465 534 468
f 1582 1577 1580
f 478 473 481
f 124 125 134
f 126 206 207
f 141 139 124
f 144 140 139
f 4045 4039 4040
f 146 198 144
f 4040 4039 4034
f 2000 2014 2019
f 4034 4035 4033
f 1457 1465 1460
f 1460 1449 1446
f 1446 1449 1443
f 3979 3994 3995
f 4035 4037 4054
f 2042 2041 2040
f 2040 2041 2039
f 2037 2035 2036
f 2036 2035 2034
f 2034 2035 2015
f 1415 1419 1426
f 429 440 432
f 5767 5743 5757
f 1405 1415 1427
f 5041 5035 5049
f 5027 5035 5031
f 5742 5743 5744
f 4658 4656 4654
f 5042 5041 5052
f 4658 4654 4657
f 1404 1405 1422
f 5046 5045 5044
f 5048 5045 5047
f 5047 5045 5046
f 1404 1420 1407
f 1406 1407 1408
f 3861 3852 3854
f 6281 6286 6282
f 4838 4839 4837
f 4137 4143 4140
f 4140 4144 4145
f 4148 4145 4149
f 4148 4149 4150
f 4150 4152 4164
f 95 112 114
f 85 90 86
f 90 85 89
f 6643 6645 6646
f 6965 6964 6966
f 6646 6647 6651
f 6651 6647 6652
f 1619 1617 1632
f 1583 1577 1582
f 1580 1581 1588
f 478 481 479
f 135 126 207
f 146 144 139
f 4040 4034 4032
f 3451 3449 3461
f 4032 4034 4033
f 1461 1465 1457
f 1457 1460 1446
f 1421 1443 1419
f 2040 2039 2038
f 2038 2039 2037
f 2038 2037 2036
f 2034 2015 2017
f 2017 2015 2001
f 5764 5765 5758
f 5760 5767 5757
f 1400 1415 1405
f 5049 5035 5027
f 5746 5742 5745
f 5745 5742 5744
f 1404 1400 1405
f 5745 5744 5748
f 5764 5758 5759
f 438 450 447
f 5759 5749 5766
f 1403 1404 1407
f 1403 1407 1406
f 1391 1406 1409
f 1391 1409 1397
f 1395 1391 1397
f 1424 1413 1425
f 4615 4619 4611
f 3676 3661 3679
f 4125 4127 4132
f 4127 4128 4132
f 3651 3661 3656
f 4128 4137 4140
f 110 91 86
f 82 95 84
f 6396 6407 6399
f 6399 6407 6418
f 6399 6418 6404
f 6418 6423 6414
f 6404 6418 6414
f 6414 6423 6424
f 1844 1859 1851
f 1848 1844 1851
f 6643 6646 6659
f 4948 4954 4943
f 4956 4957 4946
f 4958 4956 4949
f 6652 6655 6654
f 1589 1588 1590
f 479 481 480
f 127 126 135
f 141 124 137
f 137 124 134
f 145 139 141
f 3452 3451 3461
f 212 203 210
f 1446 1443 1421
f 1820 1787 1819
f 1421 1419 1411
f 1411 1419 1415
f 5754 5753 5751
f 5753 5762 5752
f 5752 5762 5761
f 5752 5761 5756
f 428 440 429
f 5757 5756 5760
f 1401 1415 1400
f 5758 5763 5754
f 5758 5754 5751
f 5751 5753 5752
f 5752 5756 5755
f 5755 5756 5757
f 5746 5752 5755
f 5751 5752 5746
f 5746 5755 5742
f 5758 5751 5750
f 5052 5041 5049
f 5750 5751 5746
f 5747 5746 5745
f 436 437 438
f 5749 5750 5746
f 5749 5746 5747
f 5747 5745 5748
f 1398 1400 1404
f 5046 5044 5054
f 5758 5750 5759
f 5759 5750 5749
f 1403 1392 1404
f 1389 1406 1391
f 1395 1390 1391
f 4836 4838 4837
f 3676 3679 3684
f 4169 4125 4132
f 3656 3661 3676
f 4132 4128 4134
f 4148 4150 4165
f 4165 4150 4164
f 91 104 88
f 86 83 85
f 83 84 85
f 6414 6424 6419
f 1850 1848 1851
f 6635 6642 6643
f 1841 1848 1850
f 1839 1841 1850
f 1854 1849 1853
f 6967 6966 6968
f 6659 6646 6651
f 4949 4956 4946
f 4985 4995 4992
f 4987 4995 4985
f 472 402 473
f 125 126 127
f 4055 4045 4049
f 4049 4045 4040
f 145 146 139
f 183 146 145
f 4031 4032 4030
f 3442 3446 3451
f 1461 1457 1442
f 1442 1457 1446
f 1819 1798 1823
f 1463 1469 1468
f 1463 1468 1462
f 1401 1411 1415
f 3991 3980 3989
f 5049 5027 5021
f 1398 1404 1392
f 1398 1392 1393
f 3850 3851 3860
f 1385 1389 1390
f 1390 1389 1391
f 1377 1390 1395
f 3852 3853 3854
f 1413 1424 1380
f 3862 3855 3865
f 4620 4624 4619
f 4836 4837 4834
f 4134 4140 4146
f 4146 4140 4145
f 106 112 97
f 91 92 83
f 83 82 84
f 1852 1853 1839
f 1852 1839 1850
f 6643 6659 6658
f 4947 4948 4943
f 6651 6652 6653
f 4981 4994 4978
f 4982 4998 4981
f 400 401 391
f 4984 4992 4983
f 4985 4992 4984
f 474 472 473
f 474 473 478
f 134 125 128
f 128 125 127
f 4055 4049 4057
f 1455 1461 1442
f 3445 3444 3443
f 3979 3995 3993
f 3990 3991 3989
f 5052 5049 5053
f 5053 5049 5021
f 5021 5027 5020
f 1393 1401 1400
f 5017 5053 5021
f 1393 1400 1398
f 5056 5057 5046
f 1388 1392 1403
f 1388 1403 1406
f 1385 1388 1389
f 1389 1388 1406
f 3860 3859 3853
f 1377 1385 1390
f 3853 3856 3855
f 1367 1377 1413
f 3854 3855 3862
f 1380 1367 1413
f 3132 3135 3131
f 4835 4836 4834
f 3659 3656 3676
f 3650 3656 3659
f 3658 3650 3659
f 4146 4145 4148
f 106 97 80
f 97 82 80
f 81 83 92
f 6404 6414 6415
f 6391 6396 6392
f 1864 1854 1853
f 6653 6652 6654
f 4978 4986 4979
f 400 391 392
f 4984 4983 4971
f 4980 4987 4985
f 388 391 390
f 388 389 385
f 385 389 402
f 127 135 130
f 137 134 138
f 201 207 209
f 4049 4040 4048
f 184 183 182
f 182 183 177
f 177 183 145
f 4030 4033 4038
f 1442 1446 1421
f 1822 1820 1819
f 5027 5024 5020
f 1399 1401 1393
f 5054 5052 5053
f 5055 5053 5017
f 5016 5055 5017
f 5055 5016 5058
f 5016 5034 5058
f 1387 1393 1392
f 5058 5034 5059
f 5034 5016 5018
f 1387 1392 1388
f 3851 3864 3863
f 7588 7589 7590
f 5030 5034 5018
f 1385 1381 1387
f 1385 1387 1388
f 3851 3863 3860
f 5030 5018 5014
f 1381 1385 1378
f 1378 1385 1377
f 1368 1367 1380
f 4833 4835 4834
f 2073 2048 2045
f 4155 4146 4148
f 4155 4148 4165
f 6396 6399 6398
f 6398 6399 6404
f 6398 6404 6415
f 6398 6415 6409
f 6409 6415 6414
f 6658 6659 6656
f 6967 6968 6969
f 1865 1854 1864
f 4925 4949 4946
f 4925 4946 4923
f 6653 6654 6660
f 7825 7826 7827
f 4972 4978 4945
f 469 417 413
f 417 401 413
f 385 472 396
f 478 479 474
f 480 365 479
f 365 480 541
f 128 127 129
f 129 127 130
f 130 135 133
f 133 135 207
f 4058 4049 4048
f 145 141 137
f 191 184 187
f 184 182 190
f 1442 1421 1412
f 3445 3443 3454
f 1463 1462 1459
f 1412 1421 1411
f 1402 1411 1401
f 430 429 431
f 1399 1402 1401
f 5017 5020 5019
f 1382 1399 1393
f 5054 5053 5055
f 5056 5054 5055
f 1382 1393 1387
f 1381 1382 1387
f 5056 5055 5058
f 5016 5017 5010
f 5056 5058 5059
f 3864 3869 3863
f 5008 5016 5010
f 5018 5016 5008
f 5018 5008 5014
f 3853 3859 3857
f 1365 1378 1377
f 3853 3857 3856
f 1367 1365 1377
f 1366 1365 1367
f 1368 1366 1367
f 3121 3131 3130
f 4833 4834 4831
f 2049 2045 2047
f 3658 3659 3708
f 3658 3708 3657
f 88 87 81
f 6392 6396 6394
f 6394 6396 6398
f 6414 6419 6411
f 6409 6414 6411
f 4922 4943 4935
f 6970 6967 6969
f 1866 1865 1864
f 6656 6651 6653
f 4946 4947 4922
f 6661 6653 6660
f 4945 4978 4944
f 4978 4979 4944
f 4970 4981 4972
f 4973 4984 4971
f 398 400 392
f 4980 4985 4974
f 133 207 201
f 4057 4049 4058
f 4058 4048 4044
f 148 145 137
f 177 145 150
f 150 145 148
f 1423 1455 1442
f 1459 1462 1458
f 1412 1411 1402
f 1394 1402 1399
f 1382 1394 1399
f 5017 5019 5010
f 3579 3575 3577
f 5014 5008 5009
f 1379 1365 1362
f 1379 1381 1378
f 1365 1379 1378
f 1366 1364 1365
f 1384 1364 1366
f 5159 5164 5163
f 3121 3130 3120
f 6276 6279 6278
f 739 743 740
f 2047 2045 2044
f 2044 2045 2046
f 3657 3708 3722
f 6868 6869 6870
f 80 105 106
f 6394 6398 6409
f 6370 6391 6392
f 6636 6635 6658
f 6370 6390 6391
f 6370 6368 6390
f 6657 6658 6656
f 6656 6653 6657
f 4971 4983 4970
f 4974 4985 4973
f 383 384 385
f 541 366 365
f 138 134 128
f 190 182 181
f 187 190 181
f 533 464 422
f 422 464 423
f 1458 1455 1423
f 1412 1402 1396
f 3990 3983 3985
f 5024 5026 5025
f 5020 5024 5023
f 5024 5025 5023
f 1358 1370 1356
f 5022 5020 5023
f 1386 1394 1382
f 5019 5020 5022
f 5022 5023 5029
f 5013 5022 5029
f 5019 5022 5013
f 5010 5019 5013
f 1379 1386 1382
f 1379 1382 1381
f 1363 1359 1362
f 1364 1363 1362
f 1363 1364 1383
f 1364 1362 1365
f 1384 1383 1364
f 5167 5164 5165
f 5165 5164 5159
f 4832 4833 4831
f 3659 3705 3707
f 87 102 60
f 87 60 81
f 81 60 80
f 6637 6635 6634
f 6634 6635 6636
f 6394 6409 6410
f 6410 6409 6411
f 6636 6658 6657
f 4922 4935 4920
f 6657 6653 6661
f 4934 4970 4972
f 4973 4971 4963
f 377 385 396
f 375 396 472
f 130 133 132
f 142 138 128
f 147 138 142
f 147 137 138
f 148 137 147
f 181 182 177
f 177 150 148
f 3457 3460 3470
f 3458 3457 3470
f 1374 1458 1423
f 1423 1442 1412
f 1459 1458 1373
f 1373 1458 1374
f 3983 3984 3985
f 1355 1372 1351
f 1394 1396 1402
f 1350 1355 1351
f 1356 1355 1350
f 1354 1356 1350
f 1358 1356 1357
f 1356 1354 1357
f 5028 5013 5029
f 1353 1352 1361
f 1361 1352 1359
f 1359 1352 1349
f 1360 1386 1379
f 5010 5013 5012
f 1359 1360 1362
f 5148 5146 5147
f 5010 5012 5005
f 5143 5145 5171
f 5169 5167 5168
f 5168 5167 5165
f 3114 3121 3120
f 4829 4832 4831
f 4829 4831 4830
f 2044 2046 2089
f 60 79 80
f 6393 6392 6394
f 6394 6410 6395
f 6370 6392 6393
f 4921 4922 4920
f 4919 4923 4922
f 4925 4923 4924
f 4713 4709 4714
f 4929 4945 4944
f 4715 4713 4714
f 4931 4945 4929
f 4931 4972 4945
f 4964 4971 4970
f 4974 4973 4963
f 133 201 132
f 192 201 209
f 192 209 197
f 148 147 149
f 181 177 175
f 177 148 176
f 189 148 188
f 180 187 181
f 3470 3460 3468
f 421 422 423
f 1423 1412 1374
f 3985 3984 4004
f 1371 1373 1372
f 1372 1373 1374
f 1372 1374 1375
f 907 905 906
f 906 905 902
f 442 427 430
f 442 430 448
f 906 902 908
f 1349 1350 1351
f 1369 1394 1386
f 5028 5029 5036
f 1354 1350 1353
f 1350 1349 1352
f 1353 1350 1352
f 1360 1369 1386
f 5015 5013 5028
f 1349 1369 1360
f 5149 5148 5147
f 5147 5146 5144
f 5144 5146 5145
f 5171 5169 5170
f 5170 5169 5168
f 3109 3108 3111
f 3111 3108 3112
f 3111 3112 3113
f 3112 3114 3113
f 703 733 701
f 2047 2044 2082
f 2088 2044 2089
f 6393 6394 6395
f 6368 6370 6369
f 4922 4921 4919
f 4713 4707 4709
f 5951 5945 5943
f 4925 4924 4927
f 4927 4929 4944
f 4938 4970 4934
f 413 414 470
f 414 413 403
f 4976 4974 4969
f 4989 4988 4976
f 364 365 366
f 131 129 130
f 130 132 131
f 142 128 129
f 132 201 192
f 368 364 367
f 175 177 176
f 176 188 174
f 175 176 174
f 368 367 369
f 3470 3468 3467
f 424 423 426
f 276 277 273
f 1376 1374 1412
f 1375 1374 1376
f 1376 1412 1396
f 905 904 902
f 1376 1396 1394
f 1351 1375 1376
f 1351 1376 1369
f 1376 1394 1369
f 2794 2795 2781
f 2782 2794 2781
f 3594 3593 3588
f 2781 2795 2784
f 5144 5145 5143
f 3856 3858 3873
f 3115 3110 3109
f 3115 3109 3111
f 5159 5162 5158
f 2052 2047 2082
f 2082 2044 2088
f 6410 6411 6412
f 6413 6410 6412
f 6352 6351 6349
f 6367 6368 6369
f 6638 6636 6657
f 775 777 774
f 6349 6351 6350
f 6638 6657 6662
f 6662 6657 6661
f 5942 5943 5945
f 4934 4931 4930
f 4964 4970 4938
f 377 375 374
f 196 197 214
f 143 142 129
f 143 129 131
f 166 132 192
f 196 192 197
f 174 148 170
f 170 148 149
f 180 181 175
f 421 423 424
f 3624 3626 3597
f 3597 3626 3582
f 3580 3577 3581
f 5032 5015 5028
f 2781 2784 2776
f 2784 2792 2776
f 5168 5165 5151
f 5151 5165 5157
f 5175 5162 5177
f 703 701 702
f 723 714 708
f 3711 3706 3712
f 78 59 56
f 58 57 56
f 6373 6393 6395
f 6369 6393 6373
f 6372 6369 6373
f 774 776 773
f 773 776 778
f 777 776 774
f 6367 6369 6371
f 4919 4921 4920
f 4918 4919 4920
f 5942 5945 5944
f 4930 4931 4929
f 4965 4964 4938
f 4962 4963 4964
f 166 192 193
f 193 192 196
f 372 364 368
f 171 175 174
f 171 174 170
f 405 410 406
f 406 410 408
f 3455 3470 3467
f 908 902 909
f 7144 7145 7146
f 2776 2792 2791
f 3124 3119 3141
f 5143 5170 5140
f 5170 5168 5151
f 4247 4248 4245
f 4254 4248 4247
f 705 704 721
f 2065 2071 2060
f 2053 2052 2063
f 2085 2052 2082
f 77 78 54
f 78 77 98
f 6634 6636 6638
f 6395 6410 6366
f 6410 6413 6366
f 6349 6350 6348
f 4919 4918 4926
f 4926 4924 4919
f 4928 4927 4926
f 4929 4927 4928
f 5941 5942 5944
f 4930 4929 4928
f 415 414 403
f 415 403 416
f 4962 4964 4965
f 4969 4963 4962
f 4976 4969 4977
f 4990 4976 4977
f 4989 4976 4990
f 5004 4989 4990
f 151 131 166
f 131 132 166
f 185 142 143
f 180 175 179
f 149 147 152
f 3456 3455 3480
f 277 280 272
f 424 426 444
f 909 902 899
f 6541 6550 6569
f 2782 2781 2771
f 2771 2781 2776
f 5032 5028 5033
f 5144 5143 5142
f 3141 3119 3140
f 5142 5143 5140
f 5151 5157 5152
f 4829 4830 4826
f 4249 4247 4246
f 4246 4247 4245
f 4245 4250 4252
f 4826 4830 4845
f 4251 4247 4249
f 2065 2060 2064
f 2058 2053 2059
f 2059 2053 2062
f 2062 2053 2063
f 2063 2052 2085
f 6413 6412 6416
f 6639 6634 6638
f 6373 6395 6366
f 774 773 767
f 6372 6373 6377
f 6639 6638 6662
f 6371 6369 6372
f 5946 5951 5943
f 5946 5943 5940
f 5943 5942 5940
f 4932 4928 4926
f 4936 4934 4930
f 4938 4934 4937
f 4965 4938 4937
f 194 166 193
f 143 131 151
f 199 166 194
f 170 149 169
f 169 149 152
f 152 147 185
f 147 142 185
f 179 175 171
f 3464 3467 3465
f 3455 3467 3480
f 902 903 901
f 902 901 899
f 7144 7146 7132
f 6544 6550 6541
f 2773 2782 2771
f 2796 2773 2790
f 5141 5170 5151
f 5172 5175 5178
f 4828 4829 4826
f 4246 4245 4243
f 2061 2060 2059
f 2060 2058 2059
f 724 708 707
f 2097 2082 2088
f 57 55 56
f 56 55 54
f 6417 6413 6416
f 6373 6366 6397
f 6366 6413 6417
f 6373 6397 6379
f 767 773 769
f 6377 6373 6379
f 6375 6372 6377
f 768 775 774
f 6342 6349 6348
f 6374 6371 6372
f 6375 6374 6372
f 4939 4918 4940
f 5940 5942 5941
f 4932 4926 4941
f 5941 5944 5901
f 4937 4934 4936
f 4966 4962 4965
f 387 382 386
f 380 381 377
f 380 377 378
f 199 151 166
f 171 170 169
f 3465 3469 3471
f 3467 3464 3480
f 3582 3626 3581
f 6547 6550 6544
f 2771 2776 2772
f 7140 7141 7139
f 2790 2773 2789
f 2776 2791 2786
f 2786 2791 2793
f 6547 6566 6550
f 6552 6566 6547
f 6567 6566 6552
f 5140 5170 5141
f 4245 4252 4242
f 2065 2064 2066
f 2064 2060 2061
f 711 705 722
f 2085 2082 2097
f 6397 6366 6365
f 6366 6364 6365
f 6366 6417 6364
f 4711 4716 4712
f 4711 4712 4708
f 4711 4708 4710
f 6342 6343 6344
f 6374 6375 6376
f 5941 5901 5903
f 4936 4930 4933
f 4930 4932 4933
f 5903 5901 5900
f 5900 5901 5902
f 6872 6871 6881
f 6871 6872 6873
f 4966 4965 4967
f 5815 5816 5803
f 5801 5803 5805
f 374 376 378
f 169 152 186
f 179 171 173
f 171 169 172
f 173 171 172
f 2974 2975 2967
f 863 869 866
f 418 371 411
f 411 404 407
f 407 404 406
f 407 408 409
f 909 897 911
f 6541 6542 6543
f 2789 2773 2788
f 5142 5140 5139
f 5141 5151 5153
f 4243 4245 4242
f 2067 2066 2064
f 2070 2061 2059
f 93 77 63
f 768 774 767
f 767 769 766
f 6342 6344 6345
f 6381 6376 6375
f 6420 6376 6381
f 5948 5946 5940
f 753 768 763
f 753 763 762
f 6421 6376 6420
f 770 765 759
f 6871 6873 6874
f 5900 5902 5923
f 4962 4966 4968
f 5802 5815 5803
f 5801 5805 5794
f 5003 4977 4991
f 380 378 379
f 3015 3048 3051
f 194 193 195
f 860 866 867
f 3465 3471 3472
f 418 411 557
f 3464 3465 3466
f 411 407 558
f 3601 3592 3607
f 909 899 897
f 3581 3595 3584
f 7131 7132 7130
f 6546 6547 6544
f 2788 2773 2779
f 2773 2771 2770
f 2779 2773 2770
f 2776 2786 2777
f 6552 6547 6551
f 2786 2793 2787
f 5139 5140 5136
f 5136 5140 5141
f 5172 5178 5181
f 4241 4242 4239
f 4243 4242 4241
f 5181 5183 5184
f 5704 5698 5700
f 2068 2064 2069
f 2064 2061 2069
f 2069 2061 2070
f 2079 2059 2080
f 2062 2063 2083
f 2080 2062 2083
f 2083 2063 2085
f 55 53 54
f 6375 6377 6378
f 6377 6379 6378
f 6379 6397 6389
f 768 767 763
f 763 767 766
f 5948 5940 5947
f 6345 6344 6346
f 749 753 762
f 751 752 749
f 5940 5941 5939
f 7198 7199 7200
f 6874 6875 6871
f 877 882 834
f 881 882 883
f 4968 4966 4967
f 881 834 882
f 4975 4962 4968
f 5792 5794 5793
f 890 912 842
f 5794 5810 5793
f 379 378 376
f 867 870 861
f 151 199 204
f 202 199 194
f 178 173 172
f 169 186 172
f 2974 2967 2965
f 859 863 860
f 3471 3474 3472
f 2965 2967 2966
f 2966 2967 2973
f 3465 3472 3466
f 557 411 558
f 3478 3464 3466
f 3464 3478 3480
f 272 280 282
f 897 894 898
f 6545 6544 6543
f 7131 7130 7128
f 6545 6546 6544
f 2770 2771 2772
f 2772 2776 2777
f 5141 5153 5134
f 1646 1649 1640
f 5174 5172 5181
f 5181 5184 5180
f 4824 4827 4826
f 2070 2059 2079
f 2083 2085 2097
f 6389 6397 6365
f 6381 6375 6380
f 6380 6375 6378
f 5950 5948 5947
f 764 763 766
f 764 766 779
f 762 763 764
f 6347 6345 6346
f 5947 5940 5919
f 750 749 762
f 751 749 748
f 748 749 750
f 754 751 748
f 5939 5941 5903
f 755 754 748
f 6876 6877 6875
f 756 754 755
f 882 877 886
f 882 886 883
f 6876 6875 6874
f 834 822 877
f 771 770 759
f 772 770 771
f 878 834 881
f 5923 5924 5909
f 808 874 772
f 5795 5802 5801
f 5909 5924 5954
f 5795 5801 5794
f 5792 5795 5794
f 5793 5810 5796
f 216 195 215
f 861 870 862
f 899 900 896
f 899 896 897
f 3591 3609 3592
f 3589 3598 3587
f 7128 7130 7129
f 7128 7129 7127
f 7129 7136 7137
f 2775 2779 2770
f 6553 6552 6551
f 1641 1650 1638
f 5136 5141 5134
f 5161 5172 5174
f 4237 4239 4240
f 4238 4241 4239
f 2077 2067 2076
f 2076 2067 2068
f 4824 4826 4825
f 715 712 716
f 3704 3702 3714
f 6389 6365 6362
f 6365 6364 6362
f 6362 6364 6363
f 6383 6380 6378
f 6387 6379 6389
f 6884 6882 6883
f 6420 6381 6405
f 827 762 829
f 6882 6879 6880
f 6883 6882 6880
f 6421 6420 6425
f 750 762 827
f 5940 5939 5919
f 750 827 822
f 6879 6877 6878
f 822 827 877
f 750 822 821
f 877 827 854
f 6878 6877 6876
f 748 750 821
f 886 877 854
f 757 755 748
f 820 748 821
f 834 821 822
f 756 755 757
f 759 760 756
f 759 756 758
f 758 756 757
f 820 821 834
f 5900 5923 5914
f 820 834 878
f 5923 5909 5914
f 828 874 808
f 5791 5792 5793
f 5793 5796 5791
f 5809 5812 5798
f 216 215 217
f 200 194 195
f 200 202 194
f 4273 4274 4266
f 272 282 271
f 896 900 895
f 897 896 894
f 894 876 892
f 3609 3607 3592
f 7124 7128 7127
f 7127 7129 7137
f 2777 2786 2787
f 1651 1646 1647
f 4822 4824 4823
f 4823 4824 4825
f 2068 2069 2075
f 716 712 720
f 2075 2069 2070
f 2083 2097 2098
f 6378 6379 6387
f 829 762 764
f 6880 6879 6878
f 5919 5939 5903
f 827 829 854
f 5903 5900 5914
f 5918 5903 5914
f 757 748 819
f 819 748 820
f 807 771 761
f 761 771 759
f 761 759 758
f 819 820 826
f 803 772 771
f 808 772 803
f 826 820 878
f 880 826 878
f 884 826 880
f 841 842 825
f 5796 5809 5798
f 5798 5812 5804
f 5812 5813 5804
f 2968 2965 2964
f 2964 2965 2966
f 4275 4276 4272
f 2964 2966 2973
f 859 860 857
f 3466 3472 3473
f 4272 4273 4261
f 3478 3466 3473
f 4261 4273 4266
f 895 873 894
f 896 895 894
f 3607 3611 3604
f 892 876 891
f 3598 3616 3591
f 3591 3616 3609
f 7124 7127 7125
f 6546 6545 6548
f 7125 7127 7137
f 7125 7137 7133
f 2775 2770 2774
f 6551 6546 6548
f 2777 2787 2785
f 6551 6548 6554
f 5150 5139 5138
f 5138 5139 5136
f 5133 5134 5129
f 5129 5134 5154
f 5129 5154 5156
f 5126 5161 5179
f 716 720 728
f 6383 6378 6387
f 6382 6380 6383
f 6381 6380 6382
f 6405 6381 6382
f 5950 5947 5949
f 5949 5947 5919
f 5919 5903 5918
f 809 758 757
f 761 758 809
f 809 757 819
f 5911 5914 5909
f 771 807 803
f 809 819 818
f 818 819 826
f 810 809 818
f 806 808 803
f 830 818 826
f 842 828 825
f 825 828 808
f 830 826 884
f 5909 5954 5934
f 5797 5791 5796
f 840 841 836
f 5806 5804 5813
f 5811 5806 5814
f 4257 4275 4260
f 4260 4275 4272
f 3472 3474 3473
f 2964 2973 2971
f 853 859 857
f 525 523 524
f 3607 3610 3611
f 876 879 891
f 3609 3610 3607
f 7124 7125 7126
f 6548 6545 6549
f 6548 6549 6556
f 2774 2772 2777
f 2783 2777 2785
f 5138 5136 5137
f 1638 1661 1637
f 5137 5136 5133
f 5133 5136 5134
f 1634 1638 1637
f 1633 1640 1634
f 5129 5156 5128
f 5156 5161 5128
f 5128 5161 5126
f 5124 5126 5179
f 4237 4240 4244
f 4233 4238 4237
f 4819 4822 4821
f 2077 2076 2078
f 4822 4823 4821
f 727 716 728
f 2075 2070 2079
f 2079 2080 2092
f 2092 2080 2083
f 2092 2083 2098
f 66 96 93
f 6389 6362 6353
f 6353 6362 6363
f 807 761 809
f 825 808 806
f 885 830 884
f 841 825 824
f 836 841 824
f 840 836 837
f 844 840 837
f 868 844 839
f 865 862 872
f 860 861 856
f 856 861 862
f 856 862 858
f 3474 3476 3475
f 2969 2964 2970
f 2970 2964 2971
f 4260 4272 4261
f 3478 3473 3479
f 3481 3478 3479
f 2977 2978 2976
f 873 852 851
f 876 873 851
f 876 851 879
f 3616 3610 3609
f 6556 6549 6557
f 7125 7133 7126
f 7126 7133 7134
f 2780 2774 2778
f 2774 2777 2778
f 1730 1743 1741
f 1720 1743 1730
f 6555 6553 6554
f 1730 1741 1729
f 2075 2079 2087
f 3702 3700 3716
f 46 48 52
f 52 48 62
f 6360 6389 6353
f 6353 6363 6356
f 6387 6389 6360
f 6384 6382 6383
f 6388 6405 6382
f 2509 2518 2524
f 5919 5918 5915
f 5918 5914 5913
f 803 807 799
f 804 803 799
f 805 803 802
f 800 799 807
f 799 800 801
f 800 807 809
f 800 809 810
f 806 803 805
f 805 802 800
f 825 806 824
f 824 806 805
f 831 818 830
f 831 830 885
f 832 831 885
f 836 824 835
f 824 817 835
f 888 832 885
f 5799 5797 5798
f 5798 5800 5799
f 5807 5806 5808
f 858 865 845
f 857 860 856
f 2969 2968 2964
f 2970 2971 2977
f 852 853 849
f 2970 2977 2976
f 852 849 851
f 6556 6557 6561
f 2778 2777 2783
f 1732 1719 1726
f 1716 1719 1718
f 1726 1719 1716
f 5137 5133 5135
f 4237 4244 4228
f 4816 4819 4818
f 4818 4819 4821
f 2078 2076 2081
f 2093 2078 2081
f 727 728 729
f 2084 2075 2086
f 2087 2079 2091
f 2091 2079 2092
f 6383 6387 6360
f 5949 5919 5929
f 5929 5919 5925
f 5914 5911 5913
f 5913 5911 5910
f 5910 5911 5909
f 811 800 810
f 805 800 812
f 812 800 811
f 811 810 814
f 810 818 814
f 817 805 812
f 814 818 831
f 817 824 805
f 836 835 794
f 837 836 794
f 5806 5800 5804
f 5800 5806 5807
f 4257 4260 4259
f 857 856 855
f 855 856 847
f 847 856 858
f 853 857 855
f 4259 4260 4261
f 849 855 847
f 3473 3475 3477
f 849 853 855
f 3473 3477 3479
f 2972 2970 2976
f 4261 4266 4263
f 851 849 850
f 3610 3612 3611
f 851 850 879
f 879 850 875
f 6562 6556 6561
f 6559 6548 6556
f 1716 1718 1715
f 1726 1716 1724
f 6555 6554 6558
f 6558 6554 6559
f 1717 1730 1705
f 1720 1730 1717
f 1730 1729 1705
f 5135 5133 5130
f 1637 1639 1635
f 1634 1637 1635
f 1633 1634 1635
f 5130 5133 5129
f 1633 1635 1636
f 5127 5129 5128
f 5130 5129 5127
f 4233 4237 4228
f 1666 1660 1675
f 2081 2076 2075
f 2081 2075 2084
f 2086 2075 2087
f 2091 2092 2096
f 46 47 48
f 6353 6354 6355
f 6388 6382 6384
f 2509 2524 2514
f 5925 5919 5915
f 5915 5918 5913
f 817 812 815
f 812 811 813
f 813 811 814
f 832 814 831
f 835 817 816
f 817 815 816
f 887 832 888
f 838 837 794
f 839 837 838
f 843 868 839
f 4256 4257 4258
f 865 871 843
f 4257 4259 4258
f 2972 2969 2970
f 849 847 848
f 290 268 269
f 849 848 850
f 850 848 875
f 4269 4266 4271
f 6556 6562 6563
f 1717 1718 1720
f 1715 1718 1717
f 1713 1724 1716
f 1687 1717 1705
f 5127 5128 5126
f 5127 5126 5123
f 1654 1645 1644
f 5126 5124 5123
f 1654 1644 1653
f 4815 4816 4817
f 5109 5112 5111
f 5109 5111 5107
f 4224 4233 4228
f 4817 4816 4818
f 2094 2093 2081
f 73 96 66
f 47 49 48
f 6385 6384 6383
f 6385 6383 6360
f 5897 5929 5895
f 6388 6384 6386
f 5912 5913 5910
f 5910 5909 5905
f 5909 5934 5908
f 5905 5909 5908
f 813 814 832
f 833 813 832
f 887 833 832
f 833 887 889
f 839 838 791
f 843 839 789
f 839 791 789
f 865 843 845
f 847 845 846
f 847 846 848
f 1714 1715 1717
f 6559 6556 6560
f 6560 6556 6563
f 1727 1724 1713
f 1716 1715 1713
f 6558 6559 6560
f 1717 1687 1714
f 1727 1713 1711
f 1714 1687 1722
f 1687 1705 1685
f 1705 1729 1704
f 1704 1729 1725
f 1688 1722 1687
f 1708 1709 1702
f 1708 1702 1707
f 4820 4815 4817
f 5123 5124 5125
f 4844 4817 4818
f 727 729 735
f 48 49 62
f 6357 6355 6358
f 5895 5896 5897
f 6386 6384 6385
f 5895 5929 5928
f 5929 5925 5928
f 5915 5913 5912
f 815 812 813
f 797 815 813
f 816 815 797
f 795 816 797
f 793 794 795
f 823 833 889
f 5817 5819 5807
f 838 794 791
f 4259 4261 4262
f 4263 4262 4261
f 875 848 785
f 3618 3619 3612
f 4270 4268 4269
f 1301 1306 1299
f 6560 6563 6564
f 1713 1715 1714
f 1685 1705 1704
f 1713 1714 1712
f 1635 1639 1643
f 1711 1713 1712
f 1714 1722 1712
f 1687 1685 1684
f 1727 1711 1733
f 1712 1722 1688
f 1688 1687 1684
f 1711 1712 1710
f 1635 1643 1642
f 1636 1635 1642
f 1710 1688 1692
f 1702 1710 1692
f 1688 1684 1692
f 5130 5127 5131
f 1733 1711 1709
f 1711 1710 1709
f 1709 1710 1702
f 1636 1642 1644
f 1733 1709 1736
f 1736 1709 1737
f 4820 4817 4842
f 1737 1744 1740
f 1707 1702 1706
f 1742 1745 1746
f 4224 4226 4225
f 4509 4510 4493
f 5111 5110 5107
f 2099 2094 2095
f 5107 5110 5108
f 2095 2094 2081
f 61 73 66
f 6358 6355 6359
f 6361 6357 6358
f 5898 5896 5895
f 6385 6360 6400
f 2516 2524 2522
f 2508 2514 2516
f 5905 5908 5906
f 797 813 823
f 823 813 833
f 796 795 797
f 796 797 798
f 793 795 796
f 798 797 823
f 791 794 793
f 4277 4256 4265
f 4265 4256 4258
f 787 843 789
f 845 843 782
f 843 787 782
f 4258 4259 4262
f 846 845 782
f 846 782 783
f 4262 4263 4267
f 785 846 783
f 4267 4263 4268
f 1299 1296 1301
f 1301 1296 1300
f 6560 6564 6565
f 1734 1727 1733
f 1642 1643 1659
f 1725 1731 1691
f 1691 1731 1728
f 1734 1733 1735
f 1684 1689 1692
f 1735 1733 1736
f 1693 1692 1689
f 5131 5127 5123
f 5132 5131 5123
f 1644 1642 1652
f 1735 1736 1737
f 1702 1692 1693
f 1735 1737 1738
f 1644 1652 1653
f 1653 1652 1655
f 1739 1738 1737
f 1702 1693 1703
f 1739 1737 1740
f 1706 1702 1703
f 4222 4224 4223
f 4223 4224 4225
f 1653 1655 1660
f 2081 2084 2095
f 4496 4508 4506
f 3709 3695 3694
f 6386 6385 6401
f 5907 5910 5905
f 791 793 792
f 790 791 792
f 789 791 790
f 788 789 790
f 4264 4265 4258
f 1296 1297 1300
f 1684 1685 1686
f 1704 1725 1691
f 1689 1684 1686
f 1642 1659 1658
f 1691 1728 1723
f 1642 1658 1652
f 1742 1723 1745
f 1721 1723 1742
f 4495 4509 4493
f 1703 1693 1694
f 4494 4508 4496
f 4497 4506 4505
f 73 76 94
f 49 50 51
f 6401 6385 6400
f 2516 2522 2521
f 5916 5915 5912
f 5912 5910 5907
f 1315 1314 1305
f 1304 1314 1318
f 1305 1314 1304
f 787 789 788
f 786 787 788
f 4264 4258 4262
f 780 782 786
f 4264 4262 4267
f 783 782 781
f 1296 1293 1297
f 1686 1685 1691
f 1685 1704 1691
f 1699 1686 1691
f 1686 1699 1698
f 1700 1699 1691
f 1689 1686 1690
f 1690 1686 1698
f 1690 1698 1696
f 1697 1691 1723
f 1697 1723 1721
f 1693 1689 1690
f 4215 4222 4216
f 1694 1693 1690
f 4236 4229 4234
f 4234 4229 4221
f 4221 4229 4227
f 3694 3692 3696
f 3694 3696 3718
f 4497 4503 4500
f 73 64 76
f 64 73 61
f 51 61 49
f 6428 6361 6358
f 6402 6401 6400
f 5927 5928 5925
f 5926 5925 5915
f 5922 5912 5907
f 5907 5905 5904
f 5904 5905 5906
f 1317 1315 1310
f 1310 1315 1305
f 790 792 793
f 1293 1295 1297
f 1289 1295 1293
f 1293 1296 1290
f 1298 1296 1299
f 1700 1691 1697
f 1696 1700 1697
f 1690 1696 1695
f 1696 1697 1695
f 1695 1697 1701
f 1701 1697 1721
f 4214 4215 4216
f 1694 1690 1695
f 4221 4227 4219
f 4493 4494 4486
f 4486 4494 4496
f 4496 4506 4497
f 50 72 51
f 61 51 64
f 6428 6358 6426
f 6426 6358 6359
f 6402 6400 6403
f 6403 6400 6361
f 5895 5928 5927
f 6422 6401 6402
f 2516 2521 2511
f 5927 5925 5926
f 5926 5915 5916
f 5922 5907 5937
f 5937 5907 5904
f 1317 1310 1308
f 1308 1310 1305
f 1316 1317 1308
f 1307 1316 1308
f 1312 1316 1307
f 1292 1305 1304
f 1292 1304 1294
f 1313 1312 1303
f 1311 1313 1303
f 1289 1292 1294
f 1289 1294 1295
f 1309 1311 1303
f 1290 1289 1293
f 1302 1309 1303
f 1302 1303 1291
f 1291 1290 1296
f 1302 1291 1298
f 1298 1291 1296
f 4217 4216 4231
f 4234 4221 4235
f 4235 4221 4220
f 4488 4495 4484
f 4484 4495 4493
f 4484 4493 4486
f 3718 3696 3719
f 4500 4498 4497
f 74 71 72
f 51 72 65
f 51 65 64
f 6426 6359 6435
f 5898 5895 5899
f 6403 6361 6428
f 5916 5912 5917
f 5917 5912 5922
f 4638 4644 4643
f 4643 4644 4645
f 1288 1308 1305
f 1288 1305 1292
f 1307 1308 1288
f 1312 1307 1303
f 1303 1307 1287
f 1307 1288 1287
f 1288 1292 1289
f 1287 1288 1289
f 1303 1287 1291
f 1290 1291 1287
f 1287 1289 1290
f 4487 4488 4484
f 4487 4484 4483
f 4498 4492 4497
f 3696 3697 3719
f 72 71 65
f 6427 6403 6428
f 5899 5895 5932
f 5932 5895 5927
f 6406 6402 6403
f 2517 2511 2520
f 5922 5937 5935
f 4232 4218 4217
f 4232 4217 4231
f 3698 3726 3720
f 4485 4484 4486
f 4492 4485 4486
f 65 68 67
f 5930 5927 5926
f 4255 4220 4218
f 4255 4218 4232
f 4235 4220 4255
f 4489 4487 4483
f 3720 3726 3728
f 4483 4484 4485
f 3697 3720 3721
f 4499 4492 4498
f 101 99 71
f 99 75 71
f 71 75 70
f 70 69 65
f 65 69 68
f 6426 6435 6431
f 6429 6426 6431
f 6427 6426 6429
f 6430 6403 6427
f 6408 6406 6403
f 6408 6403 6430
f 5932 5927 5930
f 2513 2511 2517
f 5921 5926 5916
f 5920 5921 5916
f 5920 5916 5917
f 5933 5922 5935
f 5933 5935 5953
f 4504 4489 4491
f 4491 4489 4483
f 3720 3728 3727
f 3721 3720 3727
f 4490 4483 4485
f 4490 4485 4492
f 99 100 75
f 4499 4490 4492
f 70 75 69
f 6430 6427 6429
f 6436 6406 6408
f 6446 6406 6436
f 5917 5922 5933
f 4504 4491 4501
f 4490 4491 4483
f 4501 4491 4490
f 4502 4501 4490
f 4502 4490 4499
f 6430 6429 6431
f 6432 6430 6431
f 5930 5926 5931
f 6441 6446 6436
f 5931 5926 5921
f 4631 4632 4633
f 4634 4631 4633
f 4634 4637 4640
f 4637 4634 4633
f 6432 6431 6434
f 6433 6430 6432
f 6436 6408 6433
f 5931 5921 5938
f 5938 5921 5920
f 5920 5917 5936
f 5917 5933 5936
f 4640 4636 4631
f 4640 4631 4634
f 5955 5930 5931
f 6436 6433 6437
f 5938 5920 5952
f 6448 6441 6445
f 5952 5920 5936
f 2495 2515 2523
f 4636 4628 4631
f 4628 4636 4647
f 4631 4630 4632
f 4647 4636 4640
f 28 29 30
f 6433 6434 6439
f 6437 6433 6439
f 6436 6437 6438
f 6438 6437 6443
f 5955 5931 5938
f 6441 6436 6440
f 6440 6436 6438
f 6441 6440 6445
f 4649 4650 4647
f 4649 4647 4640
f 6443 6437 6439
f 6438 6443 6444
f 4629 4639 4635
f 4641 4628 4647
f 4629 4635 4630
f 6450 6445 6440
f 6450 6440 6451
f 6440 6438 6442
f 6438 6444 6442
f 6451 6440 6442
