v -0.211548 -0.466309 -0.271729
v -0.211914 -0.469482 -0.271484
v -0.211914 -0.468994 -0.271484
v -0.143555 -0.130371 -0.174316
v -0.144043 -0.132324 -0.174438
v -0.142944 -0.131226 -0.173950
v -0.123840 0.284180 0.099915
v -0.122864 0.285156 0.098816
v -0.124023 0.284180 0.099915
v -0.124084 0.284180 0.099915
v -0.087402 0.270508 0.106934
v -0.085205 0.269287 0.104980
v -0.087463 0.270508 0.106934
v -0.087585 0.270508 0.106934
v 0.040283 0.091797 -0.146484
v 0.039795 0.090210 -0.147827
v 0.039215 0.093323 -0.144653
v 0.048828 0.294922 0.295410
v 0.046783 0.293701 0.293945
v 0.049103 0.296143 0.298584
v 0.066406 0.397461 0.051758
v 0.065918 0.395996 0.052734
v 0.066406 0.397705 0.051758
v -0.095158 0.270846 0.108853
v -0.211923 -0.477565 -0.271821
v -0.143555 -0.130371 -0.174316
v -0.151479 -0.146263 -0.173358
v -0.142944 -0.131226 -0.173950
v -0.107113 -0.142108 -0.189257
v -0.097472 -0.139756 -0.188334
v -0.117582 -0.143748 -0.187899
v -0.125108 0.198008 -0.129012
v -0.132857 0.196067 -0.127463
v -0.141265 0.192504 -0.124590
v -0.037214 0.463328 0.075503
v -0.042775 0.467058 0.080226
v -0.033872 0.462137 0.075590
v -0.085205 0.269287 0.104980
v -0.095158 0.270846 0.108853
v -0.082618 0.273805 0.104364
v 0.084086 0.054454 -0.091482
v 0.076775 0.064559 -0.094313
v 0.093716 0.036672 -0.086048
v 0.049226 0.246866 0.302033
v 0.049866 0.246094 0.302002
v 0.055463 0.238491 0.296889
v 0.115574 0.237652 -0.065284
v 0.115127 0.222188 -0.061444
v 0.096238 0.235676 -0.094263
v 0.105391 0.256058 -0.083165
v 0.120949 0.256374 -0.060754
v 0.091133 0.250508 -0.106508
v 0.086603 0.222800 -0.103485
v 0.078642 0.233480 -0.123687
v 0.082459 0.253818 -0.123599
v 0.096644 0.208841 -0.081069
v 0.109205 0.208716 -0.062805
v 0.129250 0.238908 -0.049132
v 0.122000 0.212071 -0.048159
v 0.077090 0.204427 -0.106588
v 0.068900 0.210432 -0.124851
v 0.110010 0.184656 -0.046301
v 0.096488 0.186301 -0.066622
v 0.081888 0.188420 -0.089317
v 0.062287 0.192389 -0.119817
v 0.072069 0.183031 -0.104423
v 0.131266 0.266582 -0.046827
v 0.096763 0.278571 -0.094907
v 0.083083 0.268929 -0.119287
v 0.061359 0.184297 -0.122380
v 0.065159 0.178396 -0.111360
v 0.056018 0.177759 -0.125027
v 0.085209 0.176097 -0.082477
v 0.088712 0.183130 -0.080271
v 0.101048 0.177638 -0.061134
v 0.107629 0.279487 -0.076030
v 0.108724 0.287271 -0.078605
v 0.119392 0.286750 -0.060669
v 0.120548 0.281064 -0.057876
v 0.100129 0.288467 -0.096027
v 0.123566 0.287225 -0.050619
v 0.095923 0.289168 -0.107799
v 0.085263 0.278978 -0.113703
v 0.110933 0.178686 -0.046513
v 0.109241 0.167393 -0.038685
v 0.127568 0.286591 -0.047020
v 0.094593 0.161886 -0.055048
v 0.081491 0.162193 -0.071385
v 0.061106 0.164527 -0.104894
v 0.057954 0.171908 -0.114724
v 0.048653 0.157069 -0.115347
v 0.042686 0.167661 -0.129375
v 0.029971 0.153098 -0.129584
v 0.100099 0.153637 -0.035530
v 0.045729 0.151155 -0.111966
v 0.086438 0.283748 -0.120740
v 0.092467 0.291885 -0.113152
v 0.086809 0.287998 -0.125726
v 0.055923 0.180671 -0.133263
v 0.064369 0.194094 -0.133838
v 0.069124 0.200895 -0.131503
v 0.073780 0.217707 -0.134557
v 0.047648 0.152055 -0.101626
v 0.043679 0.142795 -0.101183
v 0.056295 0.140791 -0.084807
v 0.056727 0.154467 -0.091831
v 0.066510 0.152721 -0.076521
v 0.076935 0.151491 -0.060885
v 0.069262 0.130573 -0.063864
v 0.084675 0.150627 -0.047156
v 0.089316 0.145614 -0.036364
v 0.086716 0.114192 -0.033837
v 0.053012 0.122540 -0.087074
v 0.041745 0.121755 -0.101009
v 0.056962 0.109997 -0.082002
v 0.080486 0.104398 -0.045312
v 0.087054 0.095520 -0.034558
v 0.042025 0.103010 -0.102739
v 0.073907 0.217180 -0.129025
v 0.080219 0.230683 -0.134150
v 0.042960 0.139395 -0.109613
v 0.041086 0.120881 -0.110818
v 0.040714 0.096224 -0.110701
v 0.031578 0.148798 -0.117998
v 0.096993 0.147286 -0.017646
v 0.104410 0.157651 -0.020552
v 0.039863 0.175798 -0.139637
v 0.039179 0.185303 -0.143797
v 0.041011 0.190482 -0.143536
v 0.054769 0.193393 -0.136248
v 0.088648 0.142130 -0.020693
v 0.086559 0.096425 -0.021253
v 0.085817 0.270250 -0.128701
v 0.030333 0.105171 -0.116111
v 0.030595 0.094593 -0.117723
v 0.082095 0.241840 -0.136041
v 0.079420 0.248357 -0.142255
v 0.085913 0.252651 -0.133576
v 0.075067 0.260370 -0.144410
v 0.061764 0.097858 -0.083257
v 0.073301 0.097749 -0.065856
v 0.081412 0.096136 -0.052802
v 0.017680 0.114157 -0.119213
v 0.117570 0.170458 -0.037948
v 0.123266 0.188909 -0.045982
v 0.127931 0.189873 -0.042286
v 0.125842 0.180757 -0.034519
v 0.132178 0.215440 -0.046325
v 0.122568 0.176860 -0.022261
v 0.113625 0.163848 -0.018085
v 0.050051 0.095987 -0.100050
v 0.015710 0.092512 -0.121392
v 0.084376 0.119353 -0.010203
v 0.086641 0.142533 -0.008205
v 0.083927 0.095766 -0.008359
v 0.159439 -0.497811 0.207214
v 0.179199 -0.498100 0.238712
v 0.160502 -0.498008 0.232812
v 0.183939 -0.497445 0.205098
v 0.192863 -0.497556 0.221596
v 0.204903 -0.497618 0.231809
v 0.170375 -0.497629 0.196558
v 0.192312 -0.497815 0.247561
v 0.203289 -0.497585 0.195856
v 0.196492 -0.497090 0.183756
v 0.142232 -0.498605 0.221726
v 0.143806 -0.498293 0.196056
v 0.153391 -0.496913 0.191759
v 0.171813 -0.498653 0.182174
v 0.155557 -0.499233 0.186441
v 0.211491 -0.495910 0.223788
v 0.210817 -0.494952 0.198119
v 0.186900 -0.494373 0.174457
v 0.172383 -0.496286 0.176258
v 0.137291 -0.496292 0.215277
v 0.203345 -0.494088 0.182932
v 0.139743 -0.496757 0.201911
v 0.205683 -0.495161 0.238686
v 0.151134 -0.496152 0.184835
v 0.160691 -0.491496 0.178366
v 0.148163 -0.484823 0.191637
v 0.087376 0.218204 0.250728
v 0.094627 0.209197 0.226516
v 0.098730 0.204362 0.242161
v 0.094406 0.212431 0.259623
v 0.080704 0.223560 0.262430
v 0.086501 0.220184 0.272574
v 0.096695 0.214909 0.272557
v 0.109893 0.201078 0.246617
v 0.108386 0.209750 0.263761
v 0.097959 0.220146 0.280815
v 0.113322 0.189236 0.233704
v 0.100253 0.198007 0.231859
v 0.102219 0.183871 0.219698
v 0.115097 0.178774 0.224068
v 0.095677 0.186910 0.204125
v 0.082526 0.223975 0.294343
v 0.077663 0.225344 0.278107
v 0.068386 0.227632 0.304363
v 0.072146 0.230279 0.282068
v 0.105236 0.170143 0.213895
v 0.100777 0.173376 0.211683
v 0.098068 0.167499 0.207581
v 0.081920 0.232183 0.264142
v 0.119482 -0.017787 0.092712
v 0.123410 -0.030692 0.105827
v 0.125934 -0.030973 0.100370
v 0.120179 -0.013145 0.082119
v 0.113026 0.003150 0.078553
v 0.113810 0.005202 0.072642
v 0.125079 -0.055031 0.127144
v 0.118053 -0.044074 0.128760
v 0.114719 -0.063113 0.153832
v 0.112811 -0.030688 0.123757
v 0.122928 -0.066391 0.141976
v 0.131051 -0.070503 0.126312
v 0.132703 -0.062339 0.106653
v 0.135274 -0.080128 0.106738
v 0.130845 -0.056199 0.084169
v 0.132471 -0.066683 0.078526
v 0.134132 -0.078747 0.093310
v 0.125952 -0.044364 0.065820
v 0.122447 -0.033732 0.062697
v 0.113298 -0.001987 0.056456
v 0.109254 0.007787 0.058620
v 0.121006 -0.011487 0.098015
v 0.122924 -0.024557 0.111212
v 0.116335 0.015168 0.074681
v 0.114186 0.010978 0.082444
v 0.118511 -0.024750 0.058150
v 0.114663 -0.026243 0.120934
v 0.108900 0.023264 0.068142
v 0.107971 -0.005637 0.047341
v 0.105405 -0.004281 0.103926
v 0.099722 0.019354 0.084145
v 0.094558 -0.039195 0.145990
v 0.103152 -0.062459 0.163813
v 0.087727 -0.023596 0.136475
v 0.083417 -0.001381 0.116059
v 0.079066 0.019214 0.100012
v 0.094036 -0.060321 0.167679
v 0.072444 -0.032242 0.152234
v 0.085068 -0.025662 0.138422
v 0.066590 -0.013511 0.135184
v 0.079800 -0.011897 0.126938
v 0.062116 0.009715 0.115568
v 0.073760 0.011249 0.107954
v 0.067790 0.018073 0.108186
v 0.079112 -0.054979 0.169624
v 0.077052 0.025422 0.089252
v 0.098667 0.025809 0.070562
v 0.063652 0.023760 0.096173
v 0.059095 0.021524 0.106684
v 0.081330 -0.065755 0.170641
v -0.000496 -0.070156 0.128806
v -0.007257 -0.063663 0.095272
v -0.004168 -0.084603 0.097169
v 0.002142 -0.085901 0.134221
v 0.001451 -0.096465 0.115238
v 0.006574 -0.113758 0.126556
v 0.005203 -0.101003 0.144421
v 0.009676 -0.115036 0.151498
v 0.002494 -0.105573 0.095148
v 0.015025 -0.130679 0.150248
v -0.004369 -0.079725 0.075592
v 0.018933 -0.144469 0.126095
v 0.011437 -0.124347 0.106273
v 0.010576 -0.122809 0.100215
v 0.020332 -0.145627 0.115636
v 0.002764 -0.092575 0.068446
v -0.006349 -0.049955 0.070338
v -0.000888 -0.081446 0.140177
v 0.017062 -0.146159 0.141588
v -0.003037 -0.048509 0.050856
v 0.030069 -0.163739 0.123343
v 0.025810 -0.163946 0.142983
v 0.018512 -0.154539 0.154058
v 0.001776 -0.071308 0.048334
v 0.005004 -0.050108 0.022497
v 0.022680 -0.141574 0.098189
v 0.014575 -0.117956 0.074962
v 0.001198 -0.098991 0.153923
v -0.000242 -0.025791 0.034662
v 0.000705 -0.018396 0.020058
v 0.005859 -0.040132 0.004070
v 0.009883 -0.139601 0.150419
v 0.012947 -0.149898 0.166387
v -0.003101 -0.125275 0.162475
v 0.021743 -0.135730 0.095004
v 0.010859 -0.143662 0.176952
v 0.000524 -0.107935 0.156342
v 0.008759 -0.057315 0.022585
v 0.015658 -0.052602 0.003877
v 0.010389 -0.045618 -0.012497
v 0.013446 -0.099543 0.056407
v 0.035473 -0.173258 0.134315
v -0.004139 -0.047614 0.107739
v -0.003994 -0.031108 -0.010418
v -0.005868 -0.010470 0.006590
v 0.001389 -0.037550 -0.010692
v -0.003160 -0.032897 0.069082
v -0.001294 -0.028879 0.091905
v 0.002406 -0.014718 0.057521
v -0.000601 -0.004948 0.020648
v -0.009211 0.009709 0.012403
v 0.003896 -0.050188 0.128217
v 0.007579 0.002004 0.047587
v 0.002175 0.005934 0.026497
v 0.003453 0.015267 0.027174
v 0.008240 -0.124949 0.184425
v 0.006355 -0.008263 0.073581
v -0.016852 -0.014829 -0.017843
v -0.014571 0.005003 0.002558
v 0.013656 0.013937 0.054374
v 0.007453 -0.114126 0.172041
v -0.031555 0.015944 -0.013756
v -0.032850 -0.004395 -0.034029
v -0.037621 0.016998 -0.028046
v -0.043865 0.013597 -0.057500
v -0.047254 0.041610 -0.043549
v -0.048437 0.039379 -0.055290
v -0.047419 0.017620 -0.079392
v -0.048677 0.028672 -0.084372
v -0.050964 0.065909 -0.064156
v -0.051526 0.060774 -0.081319
v -0.049245 0.061445 -0.045413
v -0.051849 0.072976 -0.078196
v -0.052347 0.026800 -0.109159
v -0.040076 0.038999 -0.019307
v -0.041028 0.059179 -0.016290
v -0.049487 0.045653 -0.086845
v -0.047396 0.038642 -0.100326
v -0.038055 0.032624 -0.020177
v -0.032133 0.038626 -0.001583
v -0.027191 0.035656 0.001237
v -0.032294 0.059657 -0.000670
v -0.008649 0.034025 0.020163
v -0.051438 0.017998 -0.094843
v -0.051229 0.017607 -0.121905
v -0.052493 0.024797 -0.127000
v -0.050387 0.033328 -0.124538
v -0.039625 -0.011310 -0.043765
v -0.045504 -0.001495 -0.057561
v -0.048636 0.010272 -0.068990
v -0.044650 0.066754 -0.038024
v -0.040289 0.066628 -0.023985
v 0.005000 -0.076238 0.147315
v -0.044891 0.043501 -0.109658
v -0.011500 0.058676 0.022144
v -0.009039 0.036605 0.023746
v -0.021432 0.062807 0.010779
v -0.047731 0.069661 -0.060039
v -0.044647 0.083209 -0.074958
v -0.046604 0.082741 -0.079674
v 0.016701 -0.075631 0.162666
v 0.019375 -0.103257 0.180295
v 0.015166 -0.045634 0.141975
v -0.043388 0.046119 -0.117533
v 0.013548 0.025487 0.037676
v 0.015532 -0.057587 0.150314
v 0.000762 0.035196 0.028856
v -0.031660 0.066273 -0.007816
v 0.018034 -0.114252 0.188047
v 0.006574 -0.029211 0.106615
v 0.007135 -0.043858 -0.017494
v 0.019203 0.016084 0.061806
v 0.016496 -0.118718 0.196729
v -0.018628 0.068240 0.008741
v 0.019688 -0.004032 0.090508
v 0.019017 -0.020539 0.112338
v 0.016374 0.033901 0.039329
v 0.030695 0.032684 0.047904
v 0.026069 0.016106 0.070981
v 0.026048 0.044425 0.044249
v 0.028351 0.003833 0.090381
v 0.000634 -0.125111 0.158949
v -0.049747 0.041319 -0.100951
v 0.042068 0.017390 0.078403
v 0.059612 0.043413 0.048823
v 0.036552 0.047742 0.045436
v 0.062444 0.029540 0.068996
v 0.051133 0.049307 0.045502
v 0.080767 -0.000619 -0.110488
v 0.082543 -0.016099 -0.095968
v 0.063586 -0.019666 -0.119988
v 0.063570 -0.027840 -0.111369
v 0.055278 -0.022342 -0.131112
v 0.048208 -0.046632 -0.127007
v 0.041511 -0.028676 -0.144927
v 0.032901 -0.051239 -0.140588
v 0.092550 0.002036 -0.088360
v 0.048272 -0.005360 -0.142424
v 0.069291 0.001140 -0.120988
v 0.095182 0.019247 -0.086842
v 0.103844 0.003609 -0.068808
v 0.095276 -0.012618 -0.070446
v 0.086487 -0.015520 -0.083073
v 0.099542 -0.020779 -0.048284
v 0.106809 -0.010572 -0.044450
v 0.096334 -0.037304 -0.033283
v 0.111459 -0.031464 -0.017660
v 0.115601 -0.016965 -0.018121
v 0.113090 0.016715 -0.047750
v 0.061471 -0.038053 -0.097081
v 0.094830 -0.049408 -0.017590
v 0.107393 -0.043594 -0.002096
v 0.095063 -0.055348 -0.005153
v 0.114298 -0.031212 -0.005066
v 0.030719 -0.065008 -0.126309
v 0.080313 -0.029681 -0.059703
v 0.045210 -0.054454 -0.112547
v 0.076225 -0.027177 -0.075003
v 0.115838 -0.032251 0.015543
v 0.107041 -0.047562 0.017985
v 0.114006 -0.044094 0.024306
v 0.122290 -0.031537 0.027160
v 0.129288 -0.021703 0.024104
v 0.104100 -0.056531 0.029206
v 0.094577 -0.061195 0.018490
v 0.097479 -0.073564 0.034524
v 0.130035 -0.023331 0.033634
v 0.106122 -0.055572 0.037436
v 0.108275 -0.062995 0.050790
v 0.085065 -0.075117 0.021802
v 0.082685 -0.068461 0.011499
v 0.084834 -0.089239 0.032651
v 0.031965 -0.066477 -0.115254
v 0.103009 -0.087894 0.055522
v 0.097648 -0.104794 0.058879
v 0.094242 -0.095441 0.045434
v 0.109977 -0.113418 0.095213
v 0.111586 -0.088458 0.080094
v 0.095403 -0.117224 0.070806
v 0.097509 -0.129439 0.089741
v 0.106164 -0.130193 0.106328
v 0.090656 -0.143991 0.098204
v 0.112356 -0.120052 0.114420
v 0.113609 -0.038475 0.046075
v 0.111750 -0.051026 0.057359
v 0.082479 -0.133827 0.078117
v 0.108210 -0.136344 0.112605
v 0.098245 -0.145915 0.104024
v 0.103203 -0.163701 0.134338
v 0.111286 -0.153528 0.144164
v 0.092063 -0.172054 0.129827
v 0.089558 -0.151145 0.099639
v 0.112595 -0.137900 0.134969
v 0.080478 -0.112065 0.049459
v 0.113013 -0.059821 0.068843
v 0.114370 -0.067744 0.074826
v 0.114585 -0.077295 0.082562
v 0.114973 -0.083806 0.091687
v 0.115160 -0.088654 0.103613
v 0.053130 -0.047244 -0.088853
v 0.114413 -0.090291 0.107786
v 0.115920 0.025578 -0.035558
v 0.117703 -0.017129 0.013622
v 0.121255 0.000789 0.014149
v 0.117486 0.006902 0.006241
v 0.081687 -0.049389 -0.030866
v 0.117818 -0.006531 -0.004155
v 0.117223 0.014375 -0.019768
v 0.064458 -0.036313 -0.072531
v 0.079031 -0.038791 -0.046819
v 0.116981 -0.030220 0.040938
v 0.112313 -0.041979 0.060948
v 0.081707 -0.063096 -0.006475
v 0.067151 -0.104291 0.033255
v 0.076385 -0.170080 0.113901
v 0.077329 -0.181000 0.129270
v 0.064931 -0.075694 0.006377
v 0.066733 -0.086215 0.019088
v 0.011948 -0.070038 -0.134444
v 0.077574 -0.154661 0.094683
v 0.069855 -0.149654 0.089039
v 0.066060 -0.143873 0.079357
v 0.067161 -0.120434 0.049685
v 0.007977 -0.078343 -0.125603
v -0.000101 -0.075374 -0.142212
v -0.001795 -0.094009 -0.124883
v -0.002401 -0.098260 -0.112494
v 0.011668 -0.080089 -0.106920
v -0.013824 -0.115151 -0.126283
v -0.009352 -0.102914 -0.141402
v -0.028844 -0.130781 -0.144561
v -0.017758 -0.101984 -0.157096
v -0.005443 -0.090525 -0.146384
v -0.026451 -0.113016 -0.158871
v -0.042606 -0.137955 -0.158260
v -0.051569 -0.155644 -0.146988
v -0.054262 -0.148229 -0.162996
v -0.004515 -0.074210 -0.156460
v -0.000668 -0.066398 -0.158960
v 0.009597 -0.057886 -0.147722
v 0.008718 -0.042356 -0.162390
v 0.013459 -0.038044 -0.157104
v -0.034313 -0.139801 -0.128382
v -0.047530 -0.127118 -0.168237
v -0.061652 -0.139454 -0.174281
v -0.054116 -0.157486 -0.158118
v -0.059640 -0.149611 -0.171996
v -0.074943 -0.175455 -0.174731
v -0.067773 -0.176178 -0.159874
v -0.081572 -0.188991 -0.165022
v -0.082727 -0.180915 -0.176484
v -0.066594 -0.175704 -0.146107
v 0.021252 -0.040630 -0.152808
v 0.063706 -0.065091 -0.017121
v -0.083395 -0.168072 -0.183134
v -0.069578 -0.140117 -0.180765
v 0.088713 -0.174368 0.139753
v 0.076056 -0.181932 0.137553
v 0.099783 -0.166322 0.145171
v 0.103390 -0.160599 0.150328
v 0.007779 -0.023508 -0.164243
v 0.015786 -0.024636 -0.155904
v 0.126878 -0.010935 0.020685
v 0.117111 0.012838 0.006963
v 0.110037 -0.164023 0.157818
v 0.103148 -0.174928 0.148300
v 0.106049 -0.178965 0.159782
v 0.097072 -0.190004 0.151475
v 0.109473 -0.170960 0.169880
v 0.113082 -0.183947 0.169081
v 0.086848 -0.183410 0.141763
v 0.079550 -0.198002 0.144695
v 0.116320 0.036475 -0.022047
v 0.066116 -0.185795 0.137751
v 0.109355 -0.158207 0.173278
v 0.111338 -0.110995 0.127913
v 0.116495 0.024703 -0.001144
v 0.125593 -0.054759 0.067770
v 0.117896 0.034404 -0.028807
v 0.122447 -0.033732 0.062697
v 0.113002 -0.028705 0.054393
v 0.118511 -0.024750 0.058150
v 0.107971 -0.005637 0.047341
v 0.128640 -0.069887 0.078469
v 0.132471 -0.066683 0.078526
v 0.134132 -0.078747 0.093310
v 0.125952 -0.044364 0.065820
v 0.125367 -0.083579 0.092709
v 0.126559 -0.087309 0.103769
v 0.107354 -0.167585 0.179844
v 0.103668 -0.153817 0.157000
v 0.111587 -0.175221 0.184399
v 0.114573 0.042976 -0.016880
v 0.114237 -0.184359 0.182457
v 0.107699 -0.142393 0.154225
v 0.109303 -0.084981 0.122145
v 0.111673 0.048584 -0.008783
v 0.106852 -0.122104 0.144702
v 0.111461 -0.012225 0.044674
v 0.110622 -0.186566 0.196009
v 0.099349 -0.144903 0.166475
v 0.125003 -0.012779 0.037381
v 0.101820 -0.081414 0.134388
v 0.106439 0.048476 0.004477
v 0.114401 -0.001470 0.038137
v 0.100486 0.029547 0.021252
v 0.127503 -0.243879 0.132034
v 0.144671 -0.253761 0.131316
v 0.133557 -0.262283 0.128515
v 0.136909 -0.230159 0.137462
v 0.152981 -0.243522 0.137003
v 0.114387 -0.236690 0.135484
v 0.128611 -0.225179 0.139903
v 0.112996 -0.218323 0.139245
v 0.119999 -0.209312 0.142146
v 0.107700 -0.246570 0.133009
v 0.108415 -0.263780 0.131280
v 0.101651 -0.225423 0.140187
v 0.095953 -0.236829 0.140173
v 0.085764 -0.216437 0.147044
v 0.109376 -0.200914 0.149318
v 0.104690 -0.197046 0.152253
v 0.087810 -0.206038 0.152286
v 0.087915 -0.243033 0.141548
v 0.116254 -0.205526 0.147725
v 0.138713 -0.219405 0.145248
v 0.083345 -0.239898 0.145949
v 0.069531 -0.226810 0.154575
v 0.154627 -0.247119 0.133352
v 0.090138 -0.265442 0.140922
v 0.078685 -0.212179 0.154490
v 0.115181 -0.193197 0.156422
v 0.097072 -0.190004 0.151475
v 0.093929 -0.196881 0.150705
v 0.127438 -0.189106 0.162251
v 0.127800 -0.199929 0.150412
v 0.129871 -0.282372 0.134156
v 0.111958 -0.284689 0.136509
v 0.068839 -0.217875 0.161002
v 0.101356 -0.282017 0.140394
v 0.145740 -0.294256 0.139545
v 0.149234 -0.281779 0.133769
v 0.145161 -0.256613 0.127971
v 0.154264 -0.263002 0.131932
v 0.079550 -0.198002 0.144695
v 0.152017 -0.299609 0.141733
v 0.129622 -0.302767 0.144864
v 0.116983 -0.307139 0.149260
v 0.145792 -0.322801 0.157185
v 0.153873 -0.325712 0.156367
v 0.149471 -0.342359 0.168620
v 0.126021 -0.332309 0.168086
v 0.154938 -0.352502 0.171400
v 0.129188 -0.346769 0.178510
v 0.142575 -0.363763 0.184342
v 0.101487 -0.300998 0.154066
v 0.089634 -0.283282 0.150582
v 0.160148 -0.350572 0.172115
v 0.159871 -0.281617 0.139936
v 0.128854 -0.360499 0.191293
v 0.075689 -0.251554 0.159746
v 0.113264 -0.316036 0.161559
v 0.114685 -0.341189 0.188887
v 0.057471 -0.226179 0.169845
v 0.103830 -0.315481 0.171096
v 0.070926 -0.257438 0.170128
v 0.081222 -0.270805 0.156496
v 0.089678 -0.296638 0.168364
v 0.061276 -0.219251 0.169677
v 0.163640 -0.303324 0.152700
v 0.172871 -0.318186 0.167522
v 0.172468 -0.333850 0.174994
v 0.171835 -0.344870 0.177202
v 0.126221 0.251120 0.125053
v 0.110158 0.263634 0.126662
v 0.114442 0.243235 0.132308
v 0.125211 0.237662 0.131076
v 0.109162 0.286732 0.114332
v 0.099072 0.286057 0.118004
v 0.095439 0.314293 0.103715
v 0.115208 0.296262 0.105251
v 0.125357 0.274702 0.111792
v 0.114125 0.314251 0.096340
v 0.137615 0.227987 0.127136
v 0.124386 0.309815 0.090953
v 0.129590 0.300194 0.091459
v 0.135926 0.300452 0.086234
v 0.137562 0.252239 0.115030
v 0.145521 0.236574 0.115678
v 0.139232 0.269031 0.100495
v 0.141246 0.283668 0.087057
v 0.142065 0.215765 0.127347
v 0.126476 0.218738 0.134711
v 0.144871 0.254694 0.101685
v 0.149193 0.221891 0.115509
v 0.156467 0.213044 0.115138
v 0.142942 0.208104 0.127769
v 0.152035 0.229643 0.101483
v 0.124506 0.316635 0.079767
v 0.168126 0.206674 0.098420
v 0.110737 0.321718 0.085997
v 0.133889 0.307457 0.075674
v 0.106625 0.226319 0.136359
v 0.118099 0.213532 0.133021
v 0.135347 0.202294 0.134929
v 0.144185 0.204493 0.128471
v 0.096266 0.248308 0.130707
v 0.090417 0.272009 0.121991
v 0.117747 0.210643 0.133591
v 0.126830 0.195880 0.136538
v 0.082253 0.302120 0.108311
v 0.079286 0.308642 0.106842
v 0.106812 0.215739 0.129804
v 0.108621 0.199442 0.131610
v 0.115355 0.190399 0.132007
v 0.119765 0.185686 0.135776
v 0.095003 0.211228 0.123337
v 0.082536 0.224262 0.121571
v 0.106276 0.184137 0.125034
v 0.100031 0.198134 0.125421
v -0.131407 0.274010 -0.113800
v -0.142608 0.255860 -0.112654
v -0.142502 0.255811 -0.096326
v -0.130460 0.273440 -0.099413
v -0.128959 0.272626 -0.129737
v -0.136900 0.254219 -0.131077
v -0.125946 0.268425 -0.142831
v -0.129956 0.268356 -0.089177
v -0.136657 0.251976 -0.079823
v -0.140256 0.245382 -0.083772
v -0.138411 0.244422 -0.073628
v -0.125749 0.258862 -0.074428
v -0.117566 0.279089 -0.085298
v -0.123228 0.276449 -0.098379
v -0.106679 0.296085 -0.085822
v -0.110084 0.297218 -0.101265
v -0.114976 0.289411 -0.112129
v -0.123971 0.276840 -0.116851
v -0.103819 0.312174 -0.097807
v -0.098524 0.326294 -0.110952
v -0.095755 0.332355 -0.096470
v -0.084645 0.352921 -0.097526
v -0.087962 0.346007 -0.111665
v -0.091671 0.336297 -0.086973
v -0.079940 0.358307 -0.112117
v -0.078930 0.356772 -0.089096
v -0.074543 0.363071 -0.100214
v -0.102863 0.291529 -0.073399
v -0.087797 0.328069 -0.073119
v -0.080052 0.342250 -0.075613
v -0.112980 0.283580 -0.131602
v -0.103879 0.296526 -0.130692
v -0.095721 0.318060 -0.126987
v -0.119901 0.274711 -0.134472
v -0.079176 0.347353 -0.126003
v -0.084758 0.333757 -0.130257
v -0.073496 0.362316 -0.113696
v -0.107561 0.268503 -0.060628
v -0.128731 0.242548 -0.062642
v -0.091428 0.291707 -0.061119
v -0.121481 0.245369 -0.062122
v -0.141339 0.245625 -0.099854
v -0.148423 0.241320 -0.081911
v -0.164962 0.234885 -0.103989
v -0.139836 0.248679 -0.105571
v -0.146010 0.241056 -0.112713
v -0.081579 0.314031 -0.061758
v -0.079952 0.325134 -0.065313
v -0.160091 0.234181 -0.113199
v -0.173827 0.222456 -0.112171
v -0.174266 0.228542 -0.101709
v -0.183646 0.207813 -0.095746
v -0.177958 0.228939 -0.075663
v -0.189259 0.200486 -0.079690
v -0.171419 0.234699 -0.087084
v -0.188368 0.194737 -0.091091
v -0.186682 0.218879 -0.063456
v -0.190779 0.207599 -0.066802
v -0.187416 0.211305 -0.055443
v -0.183092 0.202830 -0.103158
v -0.186708 0.189942 -0.098240
v -0.172946 0.206108 -0.122080
v -0.174330 0.235136 -0.099850
v -0.197757 0.196176 -0.078574
v -0.196414 0.186775 -0.093730
v -0.159100 0.238264 -0.086741
v -0.135360 0.239334 -0.124714
v -0.134102 0.244632 -0.127918
v -0.133329 0.242295 -0.137337
v -0.159066 0.221855 -0.126672
v -0.190414 0.195663 -0.069272
v -0.108738 0.273377 -0.144225
v -0.094454 0.293895 -0.140497
v -0.080431 0.319975 -0.140376
v -0.177244 0.192581 -0.114259
v -0.185868 0.186441 -0.059830
v -0.183657 0.196950 -0.042893
v -0.195164 0.186679 -0.081869
v -0.178794 0.176585 -0.048524
v -0.179364 0.186345 -0.034147
v -0.186227 0.169556 -0.083662
v -0.138998 -0.206781 -0.206874
v -0.153209 -0.226319 -0.203596
v -0.156283 -0.224877 -0.197059
v -0.142851 -0.217774 -0.211888
v -0.145751 -0.253794 -0.229766
v -0.136880 -0.236896 -0.229853
v -0.156610 -0.251125 -0.209869
v -0.162059 -0.232085 -0.189595
v -0.153168 -0.276966 -0.220476
v -0.143773 -0.273521 -0.238446
v -0.138216 -0.252974 -0.238151
v -0.131190 -0.239781 -0.238466
v -0.129510 -0.264782 -0.250911
v -0.132305 -0.279997 -0.252037
v -0.140733 -0.282626 -0.243536
v -0.165440 -0.248974 -0.185684
v -0.159843 -0.218767 -0.193118
v -0.140415 -0.302730 -0.241989
v -0.127912 -0.311895 -0.257495
v -0.131922 -0.324789 -0.253717
v -0.121358 -0.332478 -0.267424
v -0.129385 -0.351312 -0.257882
v -0.124925 -0.359941 -0.267159
v -0.115016 -0.346635 -0.276972
v -0.116699 -0.356174 -0.276886
v -0.109509 -0.359430 -0.286331
v -0.141594 -0.316767 -0.237350
v -0.132887 -0.346702 -0.249969
v -0.137311 -0.338849 -0.239925
v -0.153662 -0.293401 -0.212460
v -0.160826 -0.273291 -0.196333
v -0.170210 -0.214175 -0.182595
v -0.128360 -0.366698 -0.254083
v -0.131041 -0.291938 -0.252484
v -0.158279 -0.197792 -0.188663
v -0.169934 -0.188723 -0.176679
v -0.141178 -0.202591 -0.204544
v -0.177115 -0.198679 -0.173687
v -0.180023 -0.169973 -0.160535
v -0.140713 -0.331264 -0.226552
v -0.149967 -0.305556 -0.213183
v -0.134327 -0.350856 -0.233845
v -0.185921 -0.197630 -0.167045
v -0.176292 -0.213727 -0.179493
v -0.187211 -0.216717 -0.166491
v -0.184431 -0.239372 -0.170638
v -0.189860 -0.231243 -0.160882
v -0.193557 -0.187311 -0.156698
v -0.194725 -0.209495 -0.152793
v -0.170787 -0.226820 -0.185938
v -0.173774 -0.248287 -0.182632
v -0.195683 -0.223264 -0.144518
v -0.119207 -0.276491 -0.259406
v -0.197429 -0.219485 -0.132293
v -0.163118 -0.168699 -0.172734
v -0.164407 -0.255506 -0.175116
v -0.152136 -0.298943 -0.195179
v -0.126719 -0.371723 -0.247457
v -0.158407 -0.275725 -0.176051
v -0.142995 -0.321591 -0.210774
v -0.161153 -0.259310 -0.165198
v -0.170682 -0.249442 -0.157180
v -0.180973 -0.235553 -0.138509
v -0.136644 -0.332824 -0.215144
v -0.162384 -0.256903 -0.153871
v -0.114562 -0.398009 -0.311574
v -0.098728 -0.415882 -0.322629
v -0.117601 -0.411918 -0.317561
v -0.088008 -0.393171 -0.311728
v -0.074252 -0.409071 -0.321522
v -0.080742 -0.422055 -0.326878
v -0.074828 -0.400620 -0.316705
v -0.077783 -0.386413 -0.308310
v -0.107311 -0.384052 -0.303359
v -0.082737 -0.373477 -0.300690
v -0.095057 -0.431197 -0.329239
v -0.107395 -0.375964 -0.300221
v -0.089639 -0.358723 -0.293517
v -0.073041 -0.356827 -0.293161
v -0.071354 -0.346560 -0.287495
v -0.113815 -0.429153 -0.324887
v -0.053371 -0.354782 -0.289697
v -0.062298 -0.340564 -0.283980
v -0.042779 -0.342162 -0.281641
v -0.047735 -0.330248 -0.275670
v -0.114468 -0.373199 -0.300013
v -0.122825 -0.430573 -0.322799
v -0.072800 -0.368252 -0.296883
v -0.071817 -0.385081 -0.310540
v -0.064940 -0.376716 -0.302813
v -0.057354 -0.391756 -0.314057
v -0.069304 -0.399176 -0.319592
v -0.066620 -0.406398 -0.322425
v -0.051742 -0.400566 -0.316601
v -0.051208 -0.378179 -0.300872
v -0.081356 -0.431022 -0.328530
v -0.106275 -0.368732 -0.293396
v -0.109509 -0.359430 -0.286331
v -0.094995 -0.355797 -0.290086
v -0.115016 -0.346635 -0.276972
v -0.079576 -0.349923 -0.285352
v -0.094600 -0.336424 -0.280573
v -0.111301 -0.328127 -0.271079
v -0.095485 -0.319072 -0.271962
v -0.104952 -0.302534 -0.263619
v -0.095441 -0.302710 -0.265202
v -0.117076 -0.304206 -0.260342
v -0.081218 -0.334186 -0.276462
v -0.080780 -0.305373 -0.263714
v -0.093960 -0.272280 -0.261628
v -0.039516 -0.351122 -0.284011
v -0.121358 -0.332478 -0.267424
v -0.127912 -0.311895 -0.257495
v -0.131041 -0.291938 -0.252484
v -0.126214 -0.384804 -0.298055
v -0.128676 -0.359535 -0.285273
v -0.115581 -0.354776 -0.289590
v -0.128499 -0.352550 -0.278971
v -0.110964 -0.274682 -0.261927
v -0.109049 -0.260590 -0.258534
v -0.087657 -0.261314 -0.258387
v -0.119207 -0.276491 -0.259406
v -0.120460 -0.254965 -0.252809
v -0.082078 -0.271632 -0.259188
v -0.129510 -0.264782 -0.250911
v -0.078614 -0.249648 -0.251872
v -0.131190 -0.239781 -0.238466
v -0.065224 -0.362142 -0.291631
v -0.070249 -0.331703 -0.269430
v -0.043084 -0.387268 -0.303708
v -0.052774 -0.370442 -0.288323
v -0.060061 -0.373922 -0.294128
v -0.048672 -0.375988 -0.293683
v -0.070152 -0.308745 -0.259147
v -0.069765 -0.264146 -0.251150
v -0.134890 -0.355932 -0.277304
v -0.052715 -0.362028 -0.283381
v -0.095067 -0.437642 -0.328124
v -0.077141 -0.448707 -0.331291
v -0.066208 -0.435014 -0.325281
v -0.070262 -0.417537 -0.319235
v -0.093676 -0.458882 -0.329547
v -0.067471 -0.451012 -0.328377
v -0.077873 -0.459210 -0.329969
v -0.113399 -0.458774 -0.319884
v -0.117941 -0.460673 -0.319286
v -0.096582 -0.462282 -0.330516
v -0.082312 -0.461007 -0.333008
v -0.081987 -0.476710 -0.333806
v -0.096177 -0.477648 -0.332269
v -0.094481 -0.491415 -0.336030
v -0.078558 -0.495744 -0.336390
v -0.070249 -0.477491 -0.331449
v -0.067796 -0.462587 -0.329604
v -0.063688 -0.460031 -0.324319
v -0.065861 -0.495193 -0.332013
v -0.125006 -0.458615 -0.313546
v -0.106599 -0.489404 -0.328793
v -0.107413 -0.437794 -0.324106
v -0.115796 -0.436227 -0.319733
v -0.114484 -0.486841 -0.322012
v -0.118640 -0.485779 -0.318759
v -0.138733 -0.482796 -0.316490
v -0.145182 -0.460139 -0.316428
v -0.146456 -0.478490 -0.317840
v -0.155047 -0.461133 -0.318193
v -0.145700 -0.442478 -0.313257
v -0.162371 -0.451790 -0.315534
v -0.157115 -0.444566 -0.312712
v -0.169894 -0.476749 -0.318407
v -0.177852 -0.453041 -0.312456
v -0.177439 -0.477407 -0.316095
v -0.194333 -0.464338 -0.306655
v -0.192220 -0.454418 -0.305512
v -0.194260 -0.478344 -0.307056
v -0.197263 -0.482730 -0.308564
v -0.172869 -0.483301 -0.321446
v -0.152487 -0.481198 -0.321800
v -0.171098 -0.499353 -0.322241
v -0.181955 -0.498177 -0.318407
v -0.197617 -0.497082 -0.310343
v -0.143051 -0.498931 -0.320563
v -0.205641 -0.478051 -0.297366
v -0.205981 -0.458833 -0.294949
v -0.110894 -0.497973 -0.325408
v -0.091933 -0.498195 -0.334952
v -0.210478 -0.495262 -0.296210
v -0.139570 -0.441452 -0.310010
v -0.132037 -0.429360 -0.300868
v -0.127740 -0.443270 -0.310250
v -0.137505 -0.458434 -0.312902
v -0.156869 -0.433548 -0.299386
v -0.159377 -0.438001 -0.300639
v -0.113647 -0.491699 -0.322754
v -0.114258 -0.493164 -0.322021
v -0.113464 -0.494629 -0.322754
v -0.058949 -0.479528 -0.325463
v -0.055107 -0.462372 -0.320762
v -0.115663 -0.352619 -0.285413
v -0.057863 -0.447099 -0.322110
v -0.053192 -0.494533 -0.323270
v -0.124435 -0.489162 -0.315803
v -0.138933 -0.491108 -0.314788
v -0.042348 -0.400634 -0.306772
v -0.038625 -0.335560 -0.269007
v -0.053170 0.269582 -0.161463
v -0.055456 0.258163 -0.157317
v -0.078044 0.256743 -0.153815
v -0.037380 0.261773 -0.159738
v -0.032240 0.273874 -0.165584
v -0.016330 0.267834 -0.166827
v -0.002829 0.252378 -0.163110
v 0.005636 0.255352 -0.164874
v 0.014161 0.228295 -0.156489
v 0.028205 0.247593 -0.162727
v 0.033485 0.214675 -0.152614
v 0.015878 0.206968 -0.149401
v 0.026909 0.186449 -0.143287
v -0.000056 0.180958 -0.137714
v -0.006479 0.275126 -0.168567
v 0.041011 0.190482 -0.143536
v 0.015580 0.267428 -0.166849
v 0.041169 0.219987 -0.153437
v -0.022812 0.253310 -0.158245
v 0.000699 0.239486 -0.157078
v -0.083888 0.267413 -0.152729
v -0.001011 0.207533 -0.142123
v -0.004609 0.226171 -0.145732
v -0.058817 0.250865 -0.150694
v -0.081105 0.241105 -0.144078
v -0.094298 0.250151 -0.150022
v -0.106666 0.256924 -0.150185
v -0.114656 0.242439 -0.146630
v -0.101340 0.236590 -0.143638
v -0.108022 0.220004 -0.140550
v -0.125813 0.231945 -0.143775
v -0.121476 0.218684 -0.137433
v -0.110467 0.209677 -0.133715
v -0.127156 0.204031 -0.133946
v -0.142993 0.204217 -0.134614
v -0.103442 0.267715 -0.150016
v -0.082803 0.278194 -0.152586
v -0.064102 0.286174 -0.153210
v -0.125946 0.268425 -0.142831
v -0.140511 0.219108 -0.134164
v 0.039179 0.185303 -0.143797
v -0.161780 0.204199 -0.130022
v -0.158274 0.192053 -0.126000
v -0.141271 0.193041 -0.129508
v -0.125108 0.198008 -0.129012
v -0.130443 0.228736 -0.135016
v -0.083978 0.229804 -0.134474
v -0.027289 0.290743 -0.164012
v 0.042215 0.237275 -0.156429
v -0.062531 0.298386 -0.151707
v -0.051406 0.305300 -0.151929
v 0.015643 0.288010 -0.165227
v 0.023725 0.273680 -0.165105
v -0.049614 0.286417 -0.159472
v 0.014409 0.178233 -0.144449
v 0.039863 0.175798 -0.139637
v 0.028537 0.164977 -0.134927
v 0.012954 0.163554 -0.137257
v -0.005619 0.172310 -0.141902
v -0.009108 0.155049 -0.134234
v 0.014115 0.152368 -0.133898
v -0.007547 0.146427 -0.132294
v -0.020062 0.146880 -0.128590
v -0.031253 0.162215 -0.130124
v -0.027933 0.142274 -0.122663
v 0.029971 0.153098 -0.129584
v -0.008145 0.290432 -0.165460
v 0.046278 0.261587 -0.157710
v -0.177244 0.192581 -0.114259
v -0.170894 0.179884 -0.111372
v -0.037464 0.139116 -0.114696
v -0.011931 0.236817 -0.147135
v -0.108201 0.201097 -0.126986
v -0.155123 0.171594 -0.107624
v -0.142773 0.174936 -0.108806
v -0.051071 0.155325 -0.111952
v -0.064989 0.241989 -0.142437
v -0.048563 0.247502 -0.145408
v -0.172946 0.206108 -0.122080
v -0.058281 0.327450 -0.144563
v -0.159066 0.221855 -0.126672
v 0.042686 0.167661 -0.129375
v -0.143463 0.185248 -0.119036
v 0.057803 0.244727 -0.150498
v 0.067201 0.249651 -0.148522
v 0.079420 0.248357 -0.142255
v 0.062042 0.230105 -0.144087
v 0.054769 0.193393 -0.136248
v -0.080431 0.319975 -0.140376
v -0.081762 0.292148 -0.147467
v -0.061783 0.341175 -0.139267
v -0.090306 0.214386 -0.127260
v -0.074564 0.223528 -0.126068
v -0.062513 0.228782 -0.127310
v -0.094454 0.293895 -0.140497
v 0.080219 0.230683 -0.134150
v 0.075067 0.260370 -0.144410
v -0.010677 0.194982 -0.131040
v -0.011445 0.175047 -0.132451
v -0.027474 0.167540 -0.123195
v -0.133329 0.242295 -0.137337
v -0.048555 0.135155 -0.102210
v 0.065903 0.223008 -0.137307
v 0.064369 0.194094 -0.133838
v 0.073780 0.217707 -0.134557
v -0.173309 0.174830 -0.104585
v -0.158892 0.164916 -0.104086
v -0.172313 0.166843 -0.106370
v -0.182622 0.173593 -0.106303
v -0.179280 0.180135 -0.103926
v -0.186708 0.189942 -0.098240
v -0.196414 0.186775 -0.093730
v -0.065623 0.149379 -0.093025
v -0.187054 0.168928 -0.097418
v -0.141670 0.166859 -0.095379
v -0.056414 0.131968 -0.091206
v -0.048183 0.238241 -0.129494
v -0.060057 0.130314 -0.085815
v -0.175227 0.159582 -0.093808
v -0.108738 0.273377 -0.144225
v -0.034559 0.253376 -0.147287
v -0.035811 0.178089 -0.112842
v -0.041260 0.163805 -0.110975
v -0.135360 0.239334 -0.124714
v -0.023027 0.245531 -0.145552
v -0.129025 0.175316 -0.097004
v -0.027141 0.208188 -0.110380
v -0.037818 0.201543 -0.103200
v -0.042088 0.216647 -0.098087
v -0.039793 0.236755 -0.101313
v -0.018035 0.214135 -0.118194
v -0.032482 0.241986 -0.109481
v -0.017880 0.228367 -0.120704
v -0.055686 0.195724 -0.088942
v -0.054374 0.234281 -0.085368
v -0.070232 0.204056 -0.074412
v -0.070590 0.224855 -0.071731
v -0.063057 0.172160 -0.082620
v -0.050204 0.234502 -0.089623
v -0.027839 0.244967 -0.117549
v -0.050129 0.160346 -0.101846
v -0.080615 0.211688 -0.062013
v -0.134440 0.181381 -0.109756
v -0.083065 0.187097 -0.049679
v -0.013833 0.226156 -0.129491
v -0.063751 0.128281 -0.077656
v -0.073556 0.144175 -0.075869
v -0.157823 0.158306 -0.088063
v -0.060187 0.155167 -0.087954
v -0.064093 0.123439 -0.071827
v -0.021115 0.240287 -0.133432
v -0.072492 0.174388 -0.067489
v -0.079783 0.134624 -0.051681
v -0.067328 0.119141 -0.063403
v -0.060282 0.237817 -0.077157
v -0.068687 0.114681 -0.053428
v -0.075851 0.123820 -0.049409
v -0.076672 0.158057 -0.048648
v -0.084858 0.165800 -0.038803
v -0.140153 0.163486 -0.079978
v -0.031772 0.248182 -0.130273
v -0.124980 0.175814 -0.082153
v -0.155736 0.159178 -0.068305
v 0.046958 0.384989 -0.069730
v 0.062431 0.381252 -0.056301
v 0.039563 0.378947 -0.068317
v 0.020910 0.374933 -0.080525
v 0.022622 0.384522 -0.087536
v 0.032861 0.404731 -0.085444
v 0.017036 0.393983 -0.096024
v 0.027457 0.405251 -0.090323
v 0.069906 0.397280 -0.054028
v 0.056382 0.399125 -0.065304
v 0.049429 0.405935 -0.073763
v 0.073781 0.378898 -0.047577
v 0.087113 0.396621 -0.039532
v 0.085289 0.399877 -0.041704
v 0.084626 0.374588 -0.039623
v 0.094474 0.393432 -0.033254
v 0.093041 0.371362 -0.034709
v 0.076517 0.402045 -0.051820
v 0.064239 0.405534 -0.065868
v 0.068026 0.403122 -0.063676
v 0.022691 0.408417 -0.103528
v 0.103822 0.402797 -0.038987
v 0.099528 0.392952 -0.031242
v 0.094357 0.403176 -0.044543
v 0.097705 0.410508 -0.040972
v 0.029834 0.375539 -0.070699
v 0.046699 0.374293 -0.048088
v 0.034643 0.373594 -0.055845
v 0.059122 0.372518 -0.036429
v 0.024554 0.371593 -0.060675
v 0.017777 0.371562 -0.078587
v 0.006297 0.365302 -0.072074
v 0.013387 0.367357 -0.064951
v 0.006243 0.359236 -0.067677
v 0.072202 0.368576 -0.024636
v 0.063962 0.367500 -0.027988
v 0.070442 0.361389 -0.015516
v 0.082999 0.358378 -0.009004
v 0.072872 0.356884 -0.009016
v 0.078776 0.353114 -0.003602
v 0.092039 0.366662 -0.024667
v 0.079756 0.409699 -0.076879
v 0.080540 0.404385 -0.064340
v 0.083680 0.409305 -0.067707
v 0.083180 0.413107 -0.075503
v 0.101475 -0.267751 0.228886
v 0.099735 -0.307400 0.229226
v 0.118264 -0.306176 0.231559
v 0.108846 -0.324812 0.230815
v 0.125939 -0.280551 0.233161
v 0.116369 -0.260245 0.231686
v 0.090065 -0.288011 0.226869
v 0.131680 -0.299664 0.233161
v 0.093022 -0.231373 0.226614
v 0.113072 -0.333281 0.232303
v 0.142087 -0.316324 0.232953
v 0.153471 -0.340747 0.234221
v 0.117325 -0.344905 0.233382
v 0.111924 -0.234155 0.227971
v 0.103805 -0.209157 0.221629
v 0.081793 -0.262462 0.221952
v 0.083403 -0.232379 0.223002
v 0.126816 -0.258156 0.229287
v 0.143315 -0.281232 0.227263
v 0.129377 -0.348814 0.236325
v 0.120586 -0.352734 0.234613
v 0.149500 -0.348169 0.235891
v 0.136319 -0.253197 0.224829
v 0.144833 -0.268339 0.226300
v 0.141374 -0.244729 0.221567
v 0.128801 -0.223920 0.215644
v 0.159325 -0.291823 0.222837
v 0.158131 -0.323601 0.225231
v 0.164571 -0.315640 0.222368
v 0.165079 -0.350992 0.228272
v 0.120897 -0.228193 0.222584
v 0.155511 -0.261193 0.220296
v 0.158697 -0.340720 0.231983
v 0.136164 -0.212227 0.206338
v 0.154647 -0.232239 0.208342
v 0.171210 -0.337049 0.221279
v 0.177124 -0.358542 0.222887
v 0.129367 -0.211506 0.205898
v 0.107040 -0.197657 0.212341
v 0.095844 -0.195832 0.216728
v 0.093875 -0.210613 0.223825
v 0.094007 -0.227080 0.227021
v 0.076220 -0.233144 0.218741
v 0.067113 -0.246745 0.213286
v 0.123814 -0.194694 0.194565
v 0.139642 -0.201152 0.192423
v 0.084216 -0.178558 0.225770
v 0.068081 -0.181477 0.247879
v 0.066336 -0.164594 0.244151
v 0.046212 -0.160879 0.244222
v 0.045872 -0.174238 0.245761
v 0.071012 -0.204814 0.249962
v 0.049564 -0.205705 0.246869
v 0.065501 -0.154622 0.237776
v 0.042885 -0.142002 0.230966
v 0.085356 -0.215833 0.236108
v 0.079560 -0.154973 0.221809
v 0.063342 -0.143611 0.227214
v 0.050344 -0.131444 0.219343
v 0.038416 -0.126613 0.216495
v 0.025523 -0.124004 0.209808
v 0.086234 -0.154023 0.208764
v 0.082627 -0.132624 0.184970
v 0.097936 -0.153000 0.192092
v 0.091942 -0.173374 0.205437
v 0.101405 -0.170411 0.193106
v 0.105973 -0.178519 0.199435
v 0.088035 -0.179296 0.215672
v 0.104157 -0.195148 0.209905
v 0.110622 -0.186566 0.196009
v 0.107354 -0.167585 0.179844
v 0.109355 -0.158207 0.173278
v 0.111587 -0.175221 0.184399
v 0.060459 -0.131938 0.211690
v 0.069425 -0.125576 0.194590
v 0.088658 -0.125378 0.178388
v 0.066697 -0.120063 0.194703
v 0.051606 -0.124659 0.206566
v 0.077746 -0.107619 0.177008
v 0.090874 -0.136856 0.177634
v 0.087116 -0.106885 0.167481
v 0.080590 -0.088738 0.163265
v 0.067432 -0.104512 0.180721
v 0.063301 -0.076280 0.162219
v 0.081454 -0.075519 0.154685
v 0.091680 -0.077519 0.147154
v 0.067389 -0.067497 0.154719
v 0.095293 -0.097852 0.151982
v 0.098999 -0.129023 0.165821
v 0.048540 -0.088519 0.172023
v 0.045796 -0.110457 0.187130
v 0.101820 -0.081414 0.134388
v 0.106852 -0.122104 0.144702
v 0.045369 -0.120676 0.204468
v 0.054351 -0.133114 0.215296
v 0.099349 -0.144903 0.166475
v 0.107699 -0.142393 0.154225
v 0.032748 -0.064567 0.155031
v 0.056679 -0.022611 0.118618
v 0.043757 -0.047076 0.139883
v 0.059379 -0.041778 0.134406
v 0.028627 -0.032714 0.129185
v 0.062105 -0.057174 0.146730
v 0.015166 -0.045634 0.141975
v 0.032475 -0.083427 0.168598
v 0.015532 -0.057587 0.150314
v 0.016701 -0.075631 0.162666
v 0.038854 -0.108729 0.184965
v 0.032041 -0.112731 0.187488
v 0.019375 -0.103257 0.180295
v 0.018034 -0.114252 0.188047
v 0.042476 -0.020379 0.116336
v 0.053734 -0.007812 0.105778
v 0.052901 0.005213 0.094121
v 0.039487 -0.114528 0.189872
v 0.028351 0.003833 0.090381
v 0.019017 -0.020539 0.112338
v 0.042068 0.017390 0.078403
v 0.052859 0.012629 0.085913
v 0.062947 0.020126 0.080247
v 0.062444 0.029540 0.068996
v 0.079184 0.028533 0.047867
v 0.068687 0.036374 0.051249
v -0.087911 -0.497546 -0.317151
v -0.078657 -0.498217 -0.304365
v -0.096139 -0.498234 -0.303680
v -0.076672 -0.497304 -0.325325
v -0.094831 -0.499775 -0.269461
v -0.075781 -0.498399 -0.291466
v -0.079064 -0.499360 -0.268737
v -0.060602 -0.497189 -0.318718
v -0.055204 -0.498063 -0.301850
v -0.055091 -0.498717 -0.276110
v -0.074854 -0.499957 -0.269904
v -0.101585 -0.498810 -0.326402
v -0.091933 -0.498195 -0.334952
v -0.106426 -0.498077 -0.296164
v -0.101876 -0.498880 -0.274468
v -0.109707 -0.498046 -0.311676
v -0.110894 -0.497973 -0.325408
v -0.047847 -0.497304 -0.287709
v -0.046942 -0.496128 -0.310072
v -0.065861 -0.495193 -0.332013
v -0.053192 -0.494533 -0.323270
v -0.078558 -0.495744 -0.336390
v -0.099440 -0.496004 -0.265506
v -0.061695 -0.497013 -0.271169
v -0.022043 0.394889 -0.062762
v -0.021288 0.382945 -0.053708
v -0.012409 0.391247 -0.056702
v -0.036153 0.386908 -0.055633
v -0.012251 0.402274 -0.071864
v 0.000529 0.400356 -0.068563
v 0.004111 0.409015 -0.076112
v 0.018148 0.403980 -0.070428
v 0.019863 0.414762 -0.080268
v 0.029439 0.408153 -0.069383
v 0.028611 0.397624 -0.055786
v 0.048571 0.400998 -0.045592
v 0.051325 0.413541 -0.059726
v 0.065091 0.407056 -0.042860
v 0.058116 0.401189 -0.039889
v 0.062275 0.415356 -0.056916
v 0.052795 0.414795 -0.062103
v 0.050751 0.415039 -0.063538
v 0.071454 0.414204 -0.047401
v 0.049286 0.414795 -0.064819
v 0.075503 0.411493 -0.037716
v 0.069109 0.399452 -0.028431
v 0.067565 0.398431 -0.026389
v 0.070126 0.394695 -0.013993
v 0.082612 0.402565 -0.016133
v 0.073896 0.392806 -0.002048
v 0.082777 0.395402 -0.002761
v 0.079151 0.391842 0.010237
v 0.021126 0.416152 -0.085667
v 0.031805 0.416349 -0.074888
v 0.051025 0.415039 -0.063477
v 0.008227 0.401021 -0.063500
v 0.042024 0.415543 -0.068070
v 0.085179 0.408599 -0.032123
v -0.023654 0.377925 -0.045836
v 0.068819 0.415158 -0.059670
v 0.015762 0.403596 -0.066212
v -0.027612 0.372934 -0.050712
v -0.027005 0.369224 -0.032372
v -0.033716 0.366248 -0.047805
v -0.041817 0.362682 -0.047009
v -0.040648 0.356081 -0.041789
v -0.030184 0.361173 -0.027000
v -0.046544 0.341279 -0.037126
v -0.040148 0.336185 -0.026767
v -0.052226 0.329649 -0.031698
v -0.032025 0.349983 -0.020485
v -0.047732 0.315087 -0.025579
v -0.056285 0.313598 -0.026178
v -0.033495 0.311636 -0.017624
v -0.048088 0.302594 -0.023210
v -0.042206 0.291838 -0.018475
v -0.030196 0.293202 -0.010967
v -0.029630 0.305983 -0.015461
v -0.025646 0.321716 -0.021611
v -0.045472 0.376864 -0.049300
v -0.044659 0.382746 -0.054435
v -0.062825 0.373856 -0.044912
v -0.035851 0.278552 -0.013202
v -0.023472 0.281633 -0.006136
v -0.021372 0.294109 -0.013217
v -0.072681 0.356079 -0.036659
v -0.077401 0.373469 -0.040898
v -0.077211 0.347381 -0.034002
v -0.083114 0.323251 -0.023052
v -0.021654 0.307672 -0.019406
v -0.021763 0.342130 -0.019650
v -0.032679 0.339093 -0.018547
v -0.026332 0.271395 -0.009435
v -0.036425 0.271510 -0.011438
v -0.033297 0.267731 -0.012836
v -0.153046 0.249001 0.020875
v -0.162019 0.231125 0.013125
v -0.157285 0.226087 0.027456
v -0.172322 0.227684 -0.008536
v -0.163503 0.245660 -0.011567
v -0.173350 0.241605 -0.028371
v -0.182153 0.224116 -0.023179
v -0.149096 0.255393 0.018503
v -0.188007 0.202705 -0.026120
v -0.164400 0.213585 0.007865
v -0.176039 0.204381 -0.011337
v -0.189187 0.224082 -0.028811
v -0.178568 0.246239 -0.035880
v -0.188252 0.236045 -0.045047
v -0.193018 0.222641 -0.039405
v -0.197160 0.207775 -0.043350
v -0.198145 0.219120 -0.057669
v -0.192281 0.232541 -0.068727
v -0.163754 0.254968 -0.031577
v -0.164213 0.250382 -0.026482
v -0.157122 0.251651 -0.011429
v -0.183655 0.241789 -0.079655
v -0.174662 0.247686 -0.052037
v -0.146780 0.266176 0.032389
v -0.155304 0.249161 0.037854
v -0.146853 0.263046 0.039824
v -0.148513 0.247615 0.049091
v -0.140618 0.269532 0.067634
v -0.139005 0.263693 0.079102
v -0.130267 0.285570 0.087717
v -0.129298 0.282654 0.095614
v -0.130778 0.265655 0.099407
v -0.132465 0.285208 0.068948
v -0.151736 0.239506 0.047476
v -0.157524 0.230681 0.032972
v -0.121453 0.295835 0.088450
v -0.132708 0.255397 0.093993
v -0.135370 0.280331 0.047553
v -0.140973 0.271034 0.034185
v -0.130672 0.281255 0.028566
v -0.128860 0.283151 0.035455
v -0.118306 0.298756 0.075488
v -0.123543 0.291908 0.054953
v -0.122864 0.285156 0.098816
v -0.145116 0.235470 0.054353
v -0.135124 0.244666 0.081248
v -0.192598 0.199765 -0.038515
v -0.123840 0.284180 0.099915
v -0.145748 0.229299 0.050396
v -0.141581 0.260396 0.015206
v -0.110261 0.300504 0.086421
v -0.149634 0.216199 0.027598
v -0.179364 0.186345 -0.034147
v -0.141452 0.222877 0.044351
v -0.174384 0.186249 -0.027184
v -0.153525 0.196977 0.003262
v -0.157914 0.184194 -0.013619
v -0.136868 0.236608 0.067662
v -0.159304 0.176008 -0.026859
v -0.178794 0.176585 -0.048524
v -0.164827 0.166524 -0.050540
v -0.176437 0.165723 -0.065735
v -0.186227 0.169556 -0.083662
v -0.175227 0.159582 -0.093808
v -0.187054 0.168928 -0.097418
v -0.195164 0.186679 -0.081869
v -0.196414 0.186775 -0.093730
v -0.139056 0.199969 0.016361
v -0.138565 0.214228 0.033193
v -0.143108 0.180819 -0.010329
v -0.170841 0.160723 -0.075664
v -0.145829 0.171851 -0.025882
v -0.147521 0.163699 -0.047104
v -0.155736 0.159178 -0.068305
v -0.074047 0.307222 -0.066192
v -0.078113 0.300583 -0.065709
v -0.077181 0.284954 -0.062079
v -0.050089 0.285205 -0.062680
v -0.060060 0.320410 -0.065669
v -0.032766 0.318388 -0.061797
v -0.071170 0.323401 -0.068492
v -0.073068 0.269652 -0.062865
v -0.053354 0.272249 -0.063147
v -0.054789 0.259984 -0.065581
v -0.068826 0.252762 -0.067338
v -0.082509 0.245070 -0.066616
v -0.101900 0.263045 -0.058377
v -0.094065 0.276360 -0.057052
v -0.084570 0.294397 -0.057785
v -0.091746 0.231601 -0.066536
v -0.115326 0.245521 -0.059307
v -0.110327 0.239006 -0.058530
v -0.117262 0.231058 -0.057703
v -0.109549 0.216288 -0.060493
v -0.079952 0.325134 -0.065313
v -0.081579 0.314031 -0.061758
v -0.128731 0.242548 -0.062642
v -0.065066 0.237843 -0.074903
v -0.058874 0.248328 -0.070666
v -0.084159 0.223006 -0.073475
v -0.107561 0.268503 -0.060628
v -0.060282 0.237817 -0.077157
v -0.050103 0.321776 -0.062998
v -0.121481 0.245369 -0.062122
v -0.091428 0.291707 -0.061119
v -0.054374 0.234281 -0.085368
v -0.090531 -0.305197 -0.182400
v -0.090018 -0.286435 -0.166900
v -0.104277 -0.286719 -0.167308
v -0.108693 -0.305124 -0.183007
v -0.127253 -0.287792 -0.171384
v -0.126680 -0.304566 -0.185386
v -0.110015 -0.317415 -0.195787
v -0.126736 -0.317974 -0.198770
v -0.126507 -0.331098 -0.209893
v -0.139889 -0.314416 -0.198841
v -0.148279 -0.299587 -0.188120
v -0.146162 -0.284031 -0.173358
v -0.136644 -0.332824 -0.215144
v -0.142383 -0.270437 -0.163246
v -0.127101 -0.349513 -0.224336
v -0.108050 -0.351402 -0.224904
v -0.106983 -0.375414 -0.240670
v -0.125135 -0.361879 -0.233493
v -0.121846 -0.376450 -0.246443
v -0.120285 -0.271968 -0.161309
v -0.104853 -0.337937 -0.215300
v -0.091541 -0.323045 -0.202224
v -0.087003 -0.357923 -0.231069
v -0.082416 -0.335526 -0.215381
v -0.095028 -0.367699 -0.236333
v -0.078867 -0.315531 -0.196776
v -0.090078 -0.381905 -0.244238
v -0.094421 -0.266020 -0.157054
v -0.074738 -0.298306 -0.180881
v -0.113181 -0.383866 -0.247197
v -0.098303 -0.388409 -0.246415
v -0.147216 -0.256467 -0.156662
v -0.117964 -0.254868 -0.154926
v -0.145583 -0.253959 -0.153934
v -0.161153 -0.259310 -0.165198
v -0.076748 -0.280584 -0.167544
v -0.075248 -0.374159 -0.245188
v -0.077395 -0.351278 -0.230605
v -0.068737 -0.366957 -0.246660
v -0.128657 -0.246646 -0.152822
v -0.158407 -0.275725 -0.176051
v -0.091040 -0.257460 -0.155683
v -0.074562 -0.269034 -0.165246
v -0.134327 -0.350856 -0.233845
v -0.072347 -0.328660 -0.216841
v -0.066621 -0.344305 -0.235466
v -0.063391 -0.304372 -0.200031
v -0.062307 -0.280373 -0.180404
v -0.142995 -0.321591 -0.210774
v -0.152136 -0.298943 -0.195179
v -0.126719 -0.371723 -0.247457
v -0.063613 -0.319176 -0.220029
v -0.088688 -0.248178 -0.158405
v -0.002281 0.090249 -0.154149
v 0.017430 0.078358 -0.165136
v -0.000480 0.067763 -0.169797
v 0.025625 0.091079 -0.157545
v 0.031861 0.082369 -0.165003
v 0.036984 0.096910 -0.155092
v 0.004991 0.056046 -0.177298
v -0.015380 0.041774 -0.181327
v -0.019708 0.058042 -0.170958
v -0.022490 0.073607 -0.161096
v -0.026438 0.091438 -0.149569
v 0.024997 0.058464 -0.176499
v 0.003620 0.040225 -0.184894
v -0.008198 0.024769 -0.192978
v 0.019577 0.040177 -0.185363
v 0.010156 0.023990 -0.193245
v 0.009204 0.093129 -0.150261
v 0.141976 0.219143 0.239895
v 0.140052 0.204360 0.236665
v 0.147895 0.209405 0.228177
v 0.126420 0.216493 0.259605
v 0.133944 0.227747 0.257479
v 0.126449 0.231459 0.272184
v 0.117818 0.226477 0.277903
v 0.133359 0.198767 0.238152
v 0.128271 0.244299 0.269050
v 0.116528 0.235953 0.282828
v 0.122297 0.246720 0.277877
v 0.105505 0.255025 0.302555
v 0.098559 0.240625 0.306960
v 0.088122 0.257789 0.325388
v 0.085923 0.244562 0.322855
v 0.105830 0.232063 0.292272
v 0.076746 0.245690 0.329971
v 0.109444 0.225159 0.281197
v 0.079517 0.260443 0.332166
v 0.093103 0.271699 0.318150
v 0.078996 0.232885 0.318213
v 0.090063 0.229069 0.303609
v 0.108349 0.219191 0.278866
v 0.145616 0.231632 0.231993
v 0.135394 0.238282 0.253028
v 0.156062 0.216906 0.212947
v 0.108116 0.264629 0.296467
v 0.081189 0.278200 0.328515
v 0.097520 0.283728 0.303663
v 0.114550 0.266792 0.282998
v 0.124810 0.252772 0.270228
v 0.137581 0.245464 0.243031
v 0.127195 0.257705 0.259370
v 0.156989 0.226756 0.203238
v 0.086039 0.287869 0.317806
v 0.103846 0.280805 0.292122
v 0.140491 0.249864 0.228237
v 0.087481 0.297217 0.307617
v 0.121658 0.262035 0.264637
v 0.142972 0.201311 0.236479
v 0.079301 0.298465 0.315138
v 0.152876 0.237590 0.195390
v 0.111387 0.276483 0.272881
v 0.094415 0.293937 0.292542
v 0.158092 0.236340 0.188603
v 0.164264 0.216630 0.205841
v 0.172474 0.214547 0.190240
v 0.170297 0.202530 0.200074
v 0.155425 0.207831 0.225036
v 0.165367 0.195457 0.207143
v 0.174237 0.185277 0.192564
v 0.181065 0.195842 0.180640
v 0.186830 0.172204 0.165815
v 0.189520 0.186849 0.161623
v 0.190121 0.170147 0.159684
v 0.194809 0.171228 0.148285
v 0.186357 0.198716 0.165152
v 0.198414 0.184332 0.135924
v 0.195561 0.192804 0.141443
v 0.198322 0.175365 0.133792
v 0.173703 0.220183 0.174272
v 0.188460 0.201503 0.149333
v 0.077582 0.291548 0.320930
v 0.134420 0.253301 0.202282
v 0.131081 0.257159 0.214690
v 0.141043 0.253581 0.216597
v 0.130846 0.258621 0.236495
v 0.126367 0.260662 0.232951
v 0.127195 0.257705 0.259370
v 0.121575 0.259982 0.250284
v 0.111044 0.262866 0.253772
v 0.121658 0.262035 0.264637
v 0.111721 0.256667 0.234355
v 0.121130 0.256133 0.229352
v 0.152876 0.237590 0.195390
v 0.139049 0.242433 0.191426
v 0.150989 0.241456 0.182435
v 0.158092 0.236340 0.188603
v 0.156107 0.237436 0.172942
v 0.173703 0.220183 0.174272
v 0.175834 0.216802 0.162430
v 0.171111 0.215127 0.145193
v 0.188460 0.201503 0.149333
v 0.140491 0.249864 0.228237
v 0.179074 0.206255 0.142578
v 0.188720 0.195673 0.141360
v 0.185688 0.202498 0.134026
v 0.174536 0.205795 0.131499
v 0.165978 0.212881 0.139834
v 0.160139 0.225208 0.154635
v 0.172474 0.214547 0.190240
v 0.149911 0.209320 0.130153
v 0.154569 0.213800 0.139274
v 0.110692 0.268551 0.257346
v 0.107541 0.278695 0.265228
v 0.111387 0.276483 0.272881
v 0.098493 0.290088 0.278298
v 0.089806 0.289984 0.264075
v 0.089805 0.293434 0.275993
v 0.084025 0.301832 0.294325
v 0.070678 0.296874 0.262261
v 0.094415 0.293937 0.292542
v 0.073921 0.301974 0.275676
v 0.087481 0.297217 0.307617
v 0.076467 0.305183 0.306441
v 0.066993 0.307348 0.299563
v 0.103846 0.280805 0.292122
v 0.061897 0.300854 0.272294
v 0.090692 0.281925 0.259042
v 0.079301 0.298465 0.315138
v 0.081459 0.294220 0.280734
v 0.073366 0.298864 0.293297
v 0.060099 0.306798 0.294092
v 0.056767 0.294877 0.286286
v 0.079929 0.296250 0.288968
v 0.051885 0.298524 0.287678
v 0.049374 0.297072 0.278414
v 0.056644 0.295176 0.276449
v 0.058029 0.294955 0.280351
v 0.063321 0.284095 0.288873
v 0.067593 0.281557 0.283647
v 0.069716 0.284497 0.289833
v 0.013376 0.040731 0.039720
v 0.026048 0.044425 0.044249
v 0.013372 0.048333 0.052013
v 0.019705 0.050957 0.053324
v 0.028531 0.054540 0.054543
v 0.036552 0.047742 0.045436
v 0.049683 0.057487 0.052660
v 0.051133 0.049307 0.045502
v 0.061440 0.052894 0.042777
v 0.067485 0.061673 0.046931
v 0.056446 0.060064 0.051822
v 0.075482 0.056158 0.034036
v 0.080009 0.062266 0.036946
v 0.086854 0.060366 0.025919
v 0.006877 0.038641 0.052749
v 0.005236 0.035770 0.035098
v -0.014294 0.038703 0.053322
v -0.020857 0.035268 0.032625
v -0.017395 0.037500 0.050339
v 0.000762 0.035196 0.028856
v -0.022083 0.037033 0.041326
v 0.016374 0.033901 0.039329
v -0.009039 0.036605 0.023746
v 0.037522 0.073355 0.046981
v 0.022812 0.084437 0.044664
v 0.028531 0.054540 0.054543
v 0.049683 0.057487 0.052660
v 0.015742 0.071529 0.048838
v 0.056446 0.060064 0.051822
v 0.008510 0.085394 0.045374
v 0.047313 0.088817 0.038233
v -0.008182 0.085965 0.048780
v 0.000606 0.043786 0.055715
v -0.015296 0.085917 0.048560
v 0.013372 0.048333 0.052013
v 0.019705 0.050957 0.053324
v -0.014294 0.038703 0.053322
v 0.065787 0.090102 0.031602
v 0.067485 0.061673 0.046931
v 0.075351 0.086188 0.028960
v 0.006877 0.038641 0.052749
v 0.080009 0.062266 0.036946
v 0.082784 0.089038 0.020435
v 0.085343 0.070127 0.027091
v 0.086854 0.060366 0.025919
v -0.017395 0.037500 0.050339
v -0.022026 0.086092 0.039840
v -0.111990 -0.016718 -0.145601
v -0.113999 -0.026233 -0.136375
v -0.093759 -0.013976 -0.124586
v -0.113991 -0.038363 -0.125301
v -0.129117 -0.033937 -0.149409
v -0.101029 -0.003527 -0.141783
v -0.087851 0.016364 -0.139952
v -0.076814 0.014832 -0.128130
v -0.083389 0.024169 -0.141218
v -0.127706 -0.054701 -0.135534
v -0.125939 -0.057005 -0.131690
v -0.126856 -0.027647 -0.147191
v -0.078513 0.002072 -0.123036
v -0.138974 -0.053329 -0.159318
v -0.140321 -0.076254 -0.147614
v -0.153067 -0.080660 -0.172412
v -0.148868 -0.090217 -0.154712
v -0.152710 -0.084473 -0.167358
v -0.131162 -0.070004 -0.138307
v -0.152832 -0.085693 -0.165649
v -0.152832 -0.085693 -0.165894
v -0.152100 -0.086975 -0.163940
v -0.128383 -0.055243 -0.171568
v -0.133656 -0.067149 -0.177745
v -0.133685 -0.079854 -0.189602
v -0.142139 -0.083099 -0.185712
v -0.107920 -0.058800 -0.190439
v -0.100090 -0.040539 -0.179311
v -0.041640 0.029826 -0.132471
v -0.020132 0.049488 -0.132207
v -0.019573 0.030730 -0.141974
v -0.002965 0.050712 -0.142935
v -0.004163 0.031300 -0.152499
v -0.002375 0.014523 -0.159878
v -0.018716 0.014867 -0.151384
v -0.013066 0.000505 -0.161508
v -0.042336 0.017902 -0.134719
v -0.029531 0.050104 -0.125052
v -0.050387 0.033328 -0.124538
v -0.052493 0.024797 -0.127000
v -0.009149 0.058070 -0.137079
v -0.026336 0.057873 -0.127191
v -0.012230 0.073995 -0.132585
v -0.025708 0.074417 -0.123751
v -0.013793 0.087719 -0.128213
v -0.042975 0.050480 -0.117663
v -0.045130 0.073120 -0.110954
v -0.045059 0.082303 -0.107543
v -0.014468 0.088932 -0.124978
v -0.045008 0.061844 -0.113795
v -0.043388 0.046119 -0.117533
v -0.028095 0.004682 -0.156177
v -0.016780 -0.012959 -0.165775
v -0.054471 0.065529 -0.117165
v -0.055346 0.084169 -0.108869
v -0.057462 0.081407 -0.110152
v -0.066413 0.053577 -0.097532
v -0.069291 0.080205 -0.090839
v -0.052661 0.049859 -0.119929
v -0.062875 0.047355 -0.098608
v -0.051229 0.017607 -0.121905
v -0.104646 -0.450744 -0.259133
v -0.125660 -0.449728 -0.255528
v -0.123961 -0.469784 -0.256795
v -0.114423 -0.436819 -0.259379
v -0.098718 -0.454062 -0.259676
v -0.135350 -0.438539 -0.259574
v -0.100822 -0.464417 -0.264179
v -0.119044 -0.480838 -0.259652
v -0.101566 -0.488932 -0.266456
v -0.076517 -0.482738 -0.269200
v -0.075810 -0.464897 -0.270111
v -0.127158 -0.490317 -0.258387
v -0.074563 -0.450911 -0.266919
v -0.130073 -0.479489 -0.254878
v -0.137565 -0.457850 -0.253290
v -0.156731 -0.477654 -0.244721
v -0.155892 -0.456155 -0.247070
v -0.176450 -0.454922 -0.243771
v -0.174053 -0.476996 -0.241431
v -0.060992 -0.451861 -0.272497
v -0.059577 -0.462494 -0.275875
v -0.072625 -0.473516 -0.269776
v -0.061695 -0.497013 -0.271169
v -0.074854 -0.499957 -0.269904
v -0.079064 -0.499360 -0.268737
v -0.099440 -0.496004 -0.265506
v -0.056735 -0.464091 -0.275335
v -0.056420 -0.479132 -0.275382
v -0.127371 -0.460314 -0.254117
v -0.143562 -0.444432 -0.254196
v -0.150741 -0.453590 -0.252068
v -0.187098 -0.476194 -0.242956
v -0.055091 -0.498717 -0.276110
v -0.190150 -0.460045 -0.245435
v -0.129267 -0.499178 -0.256027
v -0.157421 -0.481831 -0.241637
v -0.170069 -0.499605 -0.238269
v -0.186128 -0.479038 -0.240500
v -0.155072 -0.499606 -0.240507
v -0.139652 -0.481299 -0.247031
v -0.135549 -0.498536 -0.248435
v -0.185480 -0.498913 -0.238958
v -0.185069 -0.450595 -0.247890
v -0.204701 -0.495366 -0.246891
v -0.050609 -0.446171 -0.285133
v -0.058764 -0.428424 -0.274526
v -0.207028 -0.478990 -0.250103
v -0.201648 -0.476605 -0.249862
v -0.199383 -0.458227 -0.250097
v -0.079159 -0.447499 -0.262160
v -0.095430 -0.436642 -0.252536
v -0.082610 -0.432390 -0.255082
v -0.094607 -0.409360 -0.244185
v -0.081997 -0.406350 -0.248022
v -0.071651 -0.431991 -0.259943
v -0.060596 -0.446168 -0.266338
v -0.093194 -0.395192 -0.239950
v -0.076658 -0.380989 -0.239591
v -0.067559 -0.416004 -0.259794
v -0.070600 -0.393443 -0.249606
v -0.062089 -0.428179 -0.266324
v -0.054751 -0.425091 -0.271487
v -0.060838 -0.366517 -0.245923
v -0.057648 -0.381840 -0.256599
v -0.049490 -0.415210 -0.275858
v -0.049613 -0.382300 -0.266487
v -0.043256 -0.355970 -0.265907
v -0.050560 -0.351220 -0.254243
v -0.039020 -0.338342 -0.263289
v -0.041018 -0.363738 -0.272875
v -0.036086 -0.347721 -0.275913
v -0.197238 -0.450332 -0.253526
v -0.027505 -0.091267 -0.066422
v -0.044803 -0.114767 -0.076267
v -0.023993 -0.110802 -0.088503
v -0.020051 -0.089970 -0.070266
v -0.044569 -0.129324 -0.089150
v -0.006928 -0.093743 -0.088252
v -0.032528 -0.131449 -0.105578
v -0.058070 -0.151925 -0.104844
v -0.060241 -0.141278 -0.090817
v -0.023292 -0.078927 -0.054424
v -0.078539 -0.169650 -0.111697
v -0.070405 -0.169799 -0.118521
v -0.092403 -0.187076 -0.118671
v 0.000365 -0.080488 -0.071926
v -0.058267 -0.122522 -0.075630
v -0.090471 -0.167262 -0.103084
v -0.085198 -0.156220 -0.096821
v -0.077066 -0.147019 -0.088558
v -0.107437 -0.179888 -0.104897
v -0.100419 -0.190403 -0.118783
v -0.096678 -0.198118 -0.132817
v 0.000285 -0.063980 -0.042729
v 0.012929 -0.067890 -0.062009
v 0.016293 -0.052050 -0.034757
v 0.000594 -0.050784 -0.025543
v 0.033563 -0.048397 -0.048507
v -0.076287 -0.183011 -0.135202
v -0.017217 -0.115332 -0.105608
v -0.051703 -0.153472 -0.118848
v 0.027294 -0.063168 -0.074323
v 0.049625 -0.047139 -0.074835
v 0.008727 -0.079205 -0.086079
v -0.001952 -0.095831 -0.103903
v 0.020501 -0.046895 -0.025326
v 0.032071 -0.066625 -0.098484
v 0.052784 -0.040038 -0.055233
v 0.037473 -0.044406 -0.041666
v 0.064458 -0.036313 -0.072531
v -0.034313 -0.139801 -0.128382
v -0.052982 -0.157896 -0.129102
v -0.087058 -0.194957 -0.153038
v 0.053130 -0.047244 -0.088853
v -0.066594 -0.175704 -0.146107
v 0.011668 -0.080089 -0.106920
v 0.076225 -0.027177 -0.075003
v -0.002401 -0.098260 -0.112494
v -0.013824 -0.115151 -0.126283
v 0.045210 -0.054454 -0.112547
v 0.031965 -0.066477 -0.115254
v -0.051569 -0.155644 -0.146988
v -0.081572 -0.188991 -0.165022
v -0.067773 -0.176178 -0.159874
v 0.062833 -0.036814 -0.056546
v 0.080313 -0.029681 -0.059703
v 0.007135 -0.043858 -0.017494
v -0.025268 -0.072867 -0.046573
v -0.042099 -0.091849 -0.063200
v -0.019801 -0.056711 -0.030540
v -0.093145 -0.201061 -0.143464
v -0.099909 -0.213410 -0.147124
v -0.084939 -0.204690 -0.157612
v -0.092687 -0.210390 -0.155586
v -0.097554 -0.220026 -0.160717
v -0.114914 -0.238660 -0.156695
v -0.078207 -0.192063 -0.176597
v -0.091884 -0.205640 -0.168780
v -0.089622 -0.197906 -0.175542
v -0.095205 -0.200344 -0.178882
v -0.085322 -0.187887 -0.185288
v -0.100889 -0.192173 -0.186322
v -0.052205 0.018378 -0.146646
v -0.037284 0.009687 -0.149362
v -0.030071 0.014591 -0.162064
v -0.054782 0.013880 -0.132324
v -0.027777 0.018549 -0.173658
v -0.037594 0.026172 -0.180599
v -0.052210 0.027722 -0.167590
v -0.071372 0.027804 -0.149210
v -0.060674 0.017527 -0.134058
v -0.083389 0.024169 -0.141218
v -0.076814 0.014832 -0.128130
v -0.066978 0.009105 -0.124474
v -0.032531 0.007449 -0.155146
v -0.028095 0.004682 -0.156177
v -0.078513 0.002072 -0.123036
v -0.042336 0.017902 -0.134719
v 0.112527 0.093630 0.017025
v 0.099119 0.073095 0.038117
v 0.120670 0.066120 0.021201
v 0.095180 0.092400 0.033029
v 0.109530 0.060533 0.031047
v 0.100309 0.058727 0.035905
v 0.109234 0.099698 0.011828
v 0.120169 0.059735 0.018102
v 0.094800 0.064691 0.037899
v 0.153108 -0.225885 0.145866
v 0.153340 -0.218476 0.156381
v 0.160342 -0.220348 0.159372
v 0.138713 -0.219405 0.145248
v 0.155237 -0.209216 0.176235
v 0.140841 -0.204772 0.157709
v 0.149162 -0.205864 0.170208
v 0.127438 -0.189106 0.162251
v 0.129787 -0.185789 0.172337
v 0.127800 -0.199929 0.150412
v 0.166263 -0.244571 0.143836
v 0.172036 -0.244354 0.155688
v 0.171612 -0.231114 0.170141
v 0.152981 -0.243522 0.137003
v 0.154627 -0.247119 0.133352
v 0.119999 -0.209312 0.142146
v 0.136909 -0.230159 0.137462
v 0.165940 -0.258732 0.140821
v 0.172347 -0.262676 0.147645
v 0.175661 -0.258229 0.157180
v 0.145879 -0.202343 0.181715
v 0.131918 -0.188487 0.180881
v 0.154264 -0.263002 0.131932
v 0.159871 -0.281617 0.139936
v 0.163640 -0.303324 0.152700
v 0.175831 -0.279277 0.155222
v 0.175397 -0.297393 0.160361
v 0.172871 -0.318186 0.167522
v 0.160451 -0.222131 0.190647
v 0.154647 -0.232239 0.208342
v 0.166598 -0.239349 0.197097
v 0.166522 -0.253789 0.205313
v 0.155511 -0.261193 0.220296
v 0.161685 -0.286470 0.219014
v 0.159325 -0.291823 0.222837
v 0.164571 -0.315640 0.222368
v 0.169619 -0.276625 0.202493
v 0.173923 -0.247910 0.181615
v 0.175361 -0.271577 0.190021
v 0.171184 -0.237523 0.182450
v 0.178429 -0.264643 0.175558
v 0.168347 -0.297422 0.201287
v 0.167419 -0.316406 0.212007
v 0.176943 -0.249983 0.170323
v 0.171210 -0.337049 0.221279
v 0.172765 -0.297526 0.183565
v 0.169267 -0.305299 0.189238
v 0.172514 -0.303351 0.178349
v 0.169255 -0.312795 0.185748
v 0.172468 -0.333850 0.174994
v 0.171547 -0.313043 0.172822
v 0.171876 -0.339013 0.203540
v 0.177124 -0.358542 0.222887
v 0.176085 -0.347464 0.188803
v 0.171835 -0.344870 0.177202
v 0.139642 -0.201152 0.192423
v 0.136164 -0.212227 0.206338
v -0.001553 0.353825 -0.110592
v -0.019225 0.358406 -0.100145
v -0.005581 0.361834 -0.097199
v -0.024847 0.351946 -0.110388
v 0.011473 0.356705 -0.104403
v 0.012951 0.344266 -0.123528
v -0.017858 0.351778 -0.114054
v -0.016266 0.343875 -0.125579
v -0.034628 0.342767 -0.125831
v -0.041591 0.350103 -0.113372
v 0.015005 0.339500 -0.129133
v 0.017235 0.341248 -0.126679
v 0.004458 0.366354 -0.093173
v -0.016158 0.372812 -0.084838
v 0.012463 0.331466 -0.135258
v -0.010809 0.333403 -0.133772
v -0.036022 0.330190 -0.136751
v -0.021109 0.326104 -0.140443
v -0.015251 0.314404 -0.151293
v -0.039127 0.320833 -0.143793
v 0.011182 0.320556 -0.142797
v 0.010726 0.299293 -0.160160
v 0.021030 0.307935 -0.154664
v 0.017758 0.330083 -0.134844
v -0.031801 0.305131 -0.156318
v -0.044570 0.313942 -0.148291
v 0.019710 0.297855 -0.165046
v 0.027283 0.297489 -0.162549
v -0.008145 0.290432 -0.165460
v -0.007737 0.381045 -0.081634
v -0.051406 0.305300 -0.151929
v -0.027289 0.290743 -0.164012
v 0.015643 0.288010 -0.165227
v 0.032473 0.334981 -0.122111
v 0.039523 0.308436 -0.138945
v 0.025384 0.309657 -0.145756
v 0.030025 0.293575 -0.154700
v 0.042666 0.319890 -0.126934
v 0.052591 0.320455 -0.124615
v 0.037780 0.341123 -0.117030
v 0.055184 0.304218 -0.131243
v 0.064830 0.308808 -0.126225
v 0.077949 0.296465 -0.127344
v 0.059337 0.293036 -0.139642
v 0.052369 0.279677 -0.148506
v 0.069745 0.280731 -0.140342
v 0.029612 0.285492 -0.160718
v 0.023190 0.290465 -0.165724
v 0.075378 0.284913 -0.130129
v -0.043107 0.327426 -0.145135
v -0.058281 0.327450 -0.144563
v -0.061783 0.341175 -0.139267
v -0.039758 0.337312 -0.140383
v -0.050417 0.349063 -0.130810
v -0.064962 0.352171 -0.130454
v -0.073496 0.362316 -0.113696
v 0.046278 0.261587 -0.157710
v 0.067201 0.249651 -0.148522
v 0.065104 0.264872 -0.145702
v 0.075067 0.260370 -0.144410
v 0.086809 0.287998 -0.125726
v 0.023725 0.273680 -0.165105
v 0.085817 0.270250 -0.128701
v 0.079147 0.297770 -0.122832
v -0.079176 0.347353 -0.126003
v 0.019123 0.348288 -0.124581
v 0.025335 0.346807 -0.126629
v 0.030937 0.359787 -0.114778
v 0.037946 0.354555 -0.118702
v 0.040804 0.368441 -0.112002
v 0.034761 0.373682 -0.109345
v 0.040526 0.385253 -0.104194
v 0.022407 0.391459 -0.103020
v 0.019138 0.362439 -0.108522
v 0.011480 0.371508 -0.102107
v -0.084758 0.333757 -0.130257
v -0.080431 0.319975 -0.140376
v 0.011016 0.387996 -0.098900
v 0.011517 0.394874 -0.094776
v 0.017036 0.393983 -0.096024
v -0.018897 0.379669 -0.073695
v 0.021122 0.392186 -0.099304
v -0.035792 0.336485 -0.133646
v 0.150890 -0.396080 0.258955
v 0.129981 -0.404299 0.255105
v 0.152984 -0.403367 0.256816
v 0.178175 -0.409620 0.253807
v 0.128172 -0.392210 0.255056
v 0.124913 -0.363993 0.253178
v 0.144379 -0.364000 0.254606
v 0.139357 -0.340589 0.252207
v 0.115144 -0.348433 0.249995
v 0.173207 -0.399782 0.254355
v 0.155564 -0.366611 0.252247
v 0.157977 -0.417039 0.259564
v 0.177862 -0.419572 0.256888
v 0.173865 -0.385837 0.251220
v 0.136759 -0.430543 0.255464
v 0.167221 -0.429122 0.263118
v 0.146158 -0.427983 0.259938
v 0.182421 -0.433939 0.259768
v 0.135612 -0.407030 0.251953
v 0.122439 -0.396742 0.251147
v 0.162605 -0.342319 0.241929
v 0.170020 -0.368232 0.246092
v 0.122568 -0.342702 0.247927
v 0.130245 -0.414790 0.244189
v 0.130718 -0.437900 0.248998
v 0.145383 -0.339889 0.247181
v -0.043544 0.369338 0.009619
v -0.044982 0.370940 0.027449
v -0.046392 0.371089 0.018099
v -0.049152 0.372389 0.024782
v -0.051652 0.368687 0.010515
v -0.044773 0.369438 0.003571
v -0.057470 0.370310 0.008617
v -0.052171 0.364714 0.016189
v -0.056789 0.367443 0.025150
v 0.016115 0.057325 -0.143985
v 0.010934 0.047553 -0.146541
v 0.029950 0.053088 -0.163489
v 0.007598 0.032480 -0.155059
v 0.025094 0.036161 -0.173142
v 0.036926 0.079332 -0.149953
v 0.019934 0.067395 -0.140719
v 0.024118 0.076283 -0.137507
v 0.032113 0.091144 -0.134644
v 0.008869 0.012473 -0.170834
v 0.004066 0.016325 -0.160711
v 0.039795 0.090210 -0.147827
v 0.040283 0.091797 -0.146484
v 0.018138 0.020279 -0.184231
v 0.011337 0.012023 -0.178174
v 0.039215 0.093323 -0.144653
v 0.014485 0.054407 -0.140641
v 0.034621 0.095255 -0.138631
v 0.033060 0.095103 -0.126094
v 0.031506 0.087222 -0.129054
v -0.003017 0.013840 -0.164110
v -0.004044 0.009004 -0.171009
v -0.002375 0.014523 -0.159878
v -0.124566 -0.216393 -0.126916
v -0.126455 -0.215931 -0.125196
v -0.120488 -0.222379 -0.134452
v -0.140159 -0.240795 -0.140961
v -0.138013 -0.220034 -0.121877
v -0.119063 -0.235306 -0.149535
v -0.121505 -0.205358 -0.118716
v -0.128657 -0.246646 -0.152822
v -0.114914 -0.238660 -0.156695
v -0.096678 -0.198118 -0.132817
v -0.099909 -0.213410 -0.147124
v -0.100419 -0.190403 -0.118783
v -0.121379 -0.187083 -0.106051
v -0.115226 -0.181516 -0.105788
v -0.145583 -0.253959 -0.153934
v -0.157691 -0.242926 -0.138494
v -0.171718 -0.227506 -0.118926
v -0.148253 -0.221061 -0.120730
v -0.153117 -0.211849 -0.111840
v -0.151573 -0.206270 -0.109891
v -0.175245 -0.204686 -0.102079
v -0.155952 -0.194882 -0.101338
v -0.171917 -0.183429 -0.089007
v -0.158799 -0.182003 -0.093478
v -0.180224 -0.218754 -0.111516
v -0.162384 -0.256903 -0.153871
v -0.107437 -0.179888 -0.104897
v -0.117279 -0.161301 -0.092977
v -0.090471 -0.167262 -0.103084
v -0.108072 -0.149986 -0.090559
v -0.169199 -0.243739 -0.139137
v -0.123099 -0.173592 -0.101453
v -0.151782 -0.191478 -0.104463
v -0.115063 -0.153692 -0.084713
v -0.113410 -0.138860 -0.074705
v -0.152485 -0.181264 -0.102342
v -0.107890 -0.136795 -0.081348
v -0.184608 -0.223052 -0.119932
v -0.117964 -0.254868 -0.154926
v -0.161153 -0.259310 -0.165198
v -0.088688 -0.248178 -0.158405
v -0.091128 -0.230178 -0.159609
v -0.097554 -0.220026 -0.160717
v -0.180973 -0.235553 -0.138509
v -0.195830 -0.215350 -0.124563
v -0.184066 -0.203440 -0.109154
v -0.197429 -0.219485 -0.132293
v -0.095809 -0.110018 -0.067755
v -0.112788 -0.128267 -0.077279
v -0.098469 -0.133124 -0.077222
v -0.074604 -0.114404 -0.068177
v -0.079038 -0.101815 -0.063146
v -0.094952 -0.087242 -0.061256
v -0.107668 -0.100989 -0.068445
v -0.087508 -0.074029 -0.054440
v -0.066470 -0.079404 -0.053968
v -0.061540 -0.090286 -0.059869
v -0.078228 -0.131256 -0.076890
v -0.042099 -0.091849 -0.063200
v -0.058267 -0.122522 -0.075630
v -0.055850 -0.094961 -0.064153
v -0.049042 -0.091955 -0.062916
v -0.077066 -0.147019 -0.088558
v -0.046764 -0.071940 -0.046122
v -0.070103 -0.057947 -0.040313
v -0.023292 -0.078927 -0.054424
v -0.034266 -0.047239 -0.024470
v -0.019801 -0.056711 -0.030540
v -0.008340 -0.036704 -0.015047
v 0.000594 -0.050784 -0.025543
v -0.078397 -0.075316 -0.054558
v -0.085198 -0.156220 -0.096821
v 0.007135 -0.043858 -0.017494
v -0.025268 -0.072867 -0.046573
v -0.093706 -0.059694 -0.053043
v -0.124331 -0.122825 -0.081721
v -0.121689 -0.094934 -0.074206
v -0.106832 -0.057469 -0.060195
v -0.128328 -0.070401 -0.075360
v -0.120824 -0.055902 -0.069728
v -0.135929 -0.096052 -0.086954
v -0.138016 -0.131314 -0.093806
v -0.127891 -0.144105 -0.088600
v -0.134612 -0.149810 -0.094373
v -0.156999 -0.135630 -0.105114
v -0.152726 -0.154133 -0.105744
v -0.139189 -0.164688 -0.100765
v -0.156357 -0.166043 -0.105211
v -0.142655 -0.112596 -0.097740
v 0.001389 -0.037550 -0.010692
v -0.003994 -0.031108 -0.010418
v -0.022259 -0.021932 -0.025174
v -0.016852 -0.014829 -0.017843
v -0.029237 -0.032816 -0.026915
v -0.032850 -0.004395 -0.034029
v -0.039625 -0.011310 -0.043765
v -0.159873 -0.153712 -0.111000
v -0.160317 -0.142154 -0.114363
v -0.088768 -0.047887 -0.054711
v -0.058763 -0.038935 -0.041990
v -0.077463 -0.028819 -0.058542
v -0.061504 -0.013472 -0.058570
v -0.094885 -0.026419 -0.071357
v -0.103633 -0.029601 -0.072897
v -0.091889 -0.015366 -0.073096
v -0.073588 -0.004584 -0.073728
v -0.076716 0.002141 -0.076604
v -0.056659 0.005271 -0.072585
v -0.045504 -0.001495 -0.057561
v -0.048636 0.010272 -0.068990
v -0.063780 0.007363 -0.076881
v 0.032444 0.346545 0.066700
v 0.035550 0.345461 0.053086
v 0.015707 0.329809 0.069515
v 0.020076 0.338627 0.079270
v 0.044543 0.354537 0.058747
v 0.048141 0.354914 0.045911
v 0.049397 0.358293 0.054962
v 0.055051 0.361845 0.043427
v 0.026394 0.331799 0.050504
v 0.013841 0.328299 0.077073
v 0.005299 0.321158 0.079868
v 0.000886 0.316821 0.074472
v 0.013441 0.319032 0.062461
v 0.010980 0.298501 0.050184
v 0.003764 0.299287 0.060153
v -0.007345 0.299794 0.072121
v -0.012859 0.282171 0.063375
v 0.000955 0.277770 0.045119
v -0.019523 0.266157 0.055859
v -0.021397 0.266153 0.062295
v 0.021348 0.314968 0.041121
v 0.031998 0.343202 0.047552
v 0.012477 0.299317 0.040606
v 0.003721 0.283851 0.040157
v -0.008047 0.260137 0.046463
v -0.006870 0.266382 0.030954
v -0.013177 0.252905 0.042231
v -0.019129 0.245733 0.044581
v -0.017698 0.256432 0.060069
v -0.025050 0.236630 0.042341
v -0.029176 0.232435 0.059194
v -0.035220 0.216796 0.049100
v -0.028181 0.235083 0.034214
v -0.012367 0.263615 0.017447
v -0.001380 0.282513 0.023378
v -0.039569 0.210296 0.047810
v -0.016141 0.273890 0.066861
v -0.009142 0.288344 0.071961
v -0.031902 0.238646 0.021502
v -0.034203 0.208670 0.062211
v 0.024522 0.336414 0.032700
v -0.049842 0.219751 0.018557
v 0.008281 0.311571 0.018997
v 0.002109 0.298618 0.019953
v -0.000689 0.296637 0.009778
v -0.008266 0.286336 0.009560
v -0.015555 0.291416 -0.008503
v -0.017899 0.279638 -0.000079
v -0.054338 0.210362 0.025312
v -0.067274 0.202489 0.014284
v -0.068946 0.211523 -0.005899
v -0.048130 0.232215 0.007795
v -0.059675 0.199114 0.032195
v -0.050951 0.196473 0.045976
v -0.030476 0.251725 0.006326
v -0.020436 0.264411 0.005135
v -0.034548 0.262250 -0.011907
v -0.026332 0.271395 -0.009435
v 0.019245 0.320527 0.034090
v 0.018490 0.327539 0.026565
v -0.063297 0.235999 -0.014630
v -0.078183 0.221796 -0.034165
v -0.071211 0.233709 -0.035760
v -0.048751 0.263661 -0.042272
v -0.065007 0.243371 -0.050988
v -0.053360 0.261599 -0.052846
v -0.054789 0.259984 -0.065581
v -0.052435 0.251660 -0.022944
v -0.039107 0.269330 -0.029399
v -0.030803 0.275398 -0.021407
v -0.084321 0.221311 -0.043367
v -0.029965 0.282525 -0.026102
v -0.088596 0.209377 -0.040964
v -0.047189 0.281723 -0.047879
v -0.053354 0.272249 -0.063147
v -0.050089 0.285205 -0.062680
v -0.042469 0.298988 -0.061361
v -0.032766 0.318388 -0.061797
v -0.031824 0.300857 -0.041772
v -0.026825 0.326638 -0.059782
v -0.034739 0.199620 0.062088
v -0.065970 0.239120 -0.064248
v -0.079751 0.221717 -0.060853
v -0.023472 0.281633 -0.006136
v -0.033297 0.267731 -0.012836
v -0.013242 0.308920 -0.005864
v -0.021654 0.307672 -0.019406
v -0.031188 0.297570 -0.032973
v -0.029666 0.321851 -0.049761
v -0.023895 0.336903 -0.056372
v -0.021372 0.294109 -0.013217
v -0.005316 0.318907 0.007383
v -0.058874 0.248328 -0.070666
v -0.009312 0.245490 0.068080
v -0.014576 0.227649 0.069452
v -0.009552 0.259919 0.064078
v 0.002626 0.309604 0.078168
v -0.060282 0.237817 -0.077157
v -0.070590 0.224855 -0.071731
v -0.080615 0.211688 -0.062013
v -0.014056 0.344276 -0.067282
v -0.016257 0.344829 -0.076265
v -0.011437 0.356395 -0.069882
v -0.019638 0.348202 -0.082887
v -0.083065 0.187097 -0.049679
v -0.016637 0.366291 -0.070160
v -0.020191 0.358233 -0.089476
v -0.024351 0.354237 -0.097994
v -0.019225 0.358406 -0.100145
v -0.016158 0.372812 -0.084838
v -0.019503 0.371187 -0.072185
v -0.024847 0.351946 -0.110388
v -0.087486 0.183739 -0.039517
v -0.084858 0.165800 -0.038803
v 0.002290 0.328932 0.020877
v 0.053003 0.439461 -0.022803
v 0.054434 0.431941 -0.023997
v 0.049419 0.439707 -0.026401
v 0.048438 0.430936 -0.033111
v 0.055282 0.411915 -0.030161
v 0.050317 0.444630 -0.025124
v 0.065766 0.410835 -0.022729
v 0.067565 0.398431 -0.026389
v 0.035124 0.442701 -0.035721
v 0.035185 0.456007 -0.025027
v 0.042687 0.414329 -0.039846
v 0.032473 0.419376 -0.043837
v 0.027656 0.439623 -0.042284
v 0.020315 0.420123 -0.053849
v 0.028611 0.397624 -0.055786
v 0.014748 0.410244 -0.062615
v 0.037224 0.399198 -0.050847
v 0.022523 0.436489 -0.048271
v 0.015762 0.403596 -0.066212
v 0.048571 0.400998 -0.045592
v 0.040691 0.455481 -0.024377
v 0.034040 0.464477 -0.020730
v 0.029656 0.460873 -0.024683
v 0.029266 0.469712 -0.024049
v 0.058116 0.401189 -0.039889
v 0.017178 0.424815 -0.060183
v 0.053317 0.412366 -0.036565
v 0.047721 0.419652 -0.038347
v 0.071998 0.422012 -0.022743
v 0.066480 0.435902 -0.024157
v 0.071756 0.433583 -0.021451
v 0.066080 0.451338 -0.017744
v 0.033778 0.454972 -0.035871
v 0.024239 0.463489 -0.038988
v 0.024726 0.453113 -0.041271
v 0.021252 0.457586 -0.047890
v 0.019878 0.451191 -0.050284
v 0.029559 0.446018 -0.050339
v 0.021093 0.440965 -0.058759
v 0.016921 0.451401 -0.056786
v 0.021813 0.472719 -0.034416
v 0.017841 0.471202 -0.052060
v 0.016847 0.448339 -0.066015
v 0.018940 0.434613 -0.067132
v 0.018763 0.475854 -0.044775
v 0.017924 0.465983 -0.065167
v 0.020153 0.460136 -0.058580
v 0.014315 0.455256 -0.068430
v 0.009387 0.458863 -0.080913
v 0.012966 0.468323 -0.068474
v 0.027806 0.470811 -0.030550
v 0.016384 0.440018 -0.077107
v 0.024205 0.482463 -0.035984
v 0.020832 0.489290 -0.043817
v 0.025834 0.485508 -0.029158
v 0.017622 0.484130 -0.048394
v 0.036211 0.447550 -0.049479
v 0.018415 0.490862 -0.058010
v 0.007810 0.455941 -0.079558
v 0.013148 0.490144 -0.064727
v 0.056746 -0.003657 0.112353
v 0.056679 -0.022611 0.118618
v 0.063536 -0.030824 0.139201
v 0.053734 -0.007812 0.105778
v 0.059379 -0.041778 0.134406
v 0.062105 -0.057174 0.146730
v 0.052901 0.005213 0.094121
v 0.054676 0.016994 0.095896
v 0.059095 0.021524 0.106684
v 0.067647 -0.058536 0.156906
v 0.071185 -0.041492 0.156442
v 0.066590 -0.013511 0.135184
v 0.062116 0.009715 0.115568
v 0.079112 -0.054979 0.169624
v 0.067389 -0.067497 0.154719
v 0.072611 -0.067264 0.163079
v 0.052859 0.012629 0.085913
v 0.072444 -0.032242 0.152234
v 0.081330 -0.065755 0.170641
v 0.079560 -0.071589 0.167321
v 0.058756 0.022004 0.088498
v -0.017607 0.133272 -0.113083
v -0.010631 0.117695 -0.114325
v -0.021817 0.111698 -0.108315
v 0.001479 0.117862 -0.118347
v -0.002472 0.140162 -0.119300
v -0.019830 0.092248 -0.111406
v 0.002983 0.092447 -0.121404
v -0.037285 0.135721 -0.100012
v -0.017190 0.143289 -0.115971
v -0.031658 0.140006 -0.107542
v -0.033694 0.097863 -0.096850
v -0.039324 0.114256 -0.091167
v -0.044442 0.134071 -0.092532
v -0.036939 0.088292 -0.093263
v -0.021810 0.088607 -0.113575
v -0.047237 0.117929 -0.081030
v -0.051387 0.131069 -0.081815
v -0.052282 0.107271 -0.065248
v -0.044647 0.083209 -0.074958
v -0.056899 0.126104 -0.067120
v -0.048239 0.085667 -0.064731
v -0.047731 0.069661 -0.060039
v -0.047951 0.073424 -0.051636
v -0.054261 0.106968 -0.052514
v -0.059451 0.128247 -0.050487
v -0.038097 0.084274 -0.096553
v 0.016334 0.131598 -0.119308
v 0.018786 0.146289 -0.121799
v 0.017680 0.114157 -0.119213
v 0.015710 0.092512 -0.121392
v 0.031578 0.148798 -0.117998
v -0.134376 0.259650 0.011643
v -0.134015 0.254707 -0.005946
v -0.140598 0.258842 0.002863
v -0.145737 0.256049 -0.015800
v -0.136916 0.253168 -0.021050
v -0.150802 0.255426 -0.027224
v -0.147037 0.254641 -0.041812
v -0.137109 0.251979 -0.051887
v -0.145065 0.252862 -0.071324
v -0.141581 0.260396 0.015206
v -0.130180 0.250402 -0.027696
v -0.156762 0.254085 -0.051590
v -0.155991 0.253036 -0.081845
v -0.163754 0.254968 -0.031577
v -0.124957 0.246133 -0.044334
v -0.166940 0.251051 -0.061651
v -0.167884 0.249829 -0.086616
v -0.174662 0.247686 -0.052037
v -0.157122 0.251651 -0.011429
v -0.164213 0.250382 -0.026482
v -0.149096 0.255393 0.018503
v -0.183655 0.241789 -0.079655
v -0.178568 0.246239 -0.035880
v -0.174897 0.245059 -0.088354
v -0.121853 0.242766 -0.017906
v -0.128731 0.242548 -0.062642
v -0.120294 0.245809 -0.000859
v -0.113964 0.251885 0.009995
v -0.160607 0.248327 -0.086754
v -0.138411 0.244422 -0.073628
v -0.117262 0.231058 -0.057703
v -0.148423 0.241320 -0.081911
v -0.159100 0.238264 -0.086741
v -0.073556 0.289606 0.079019
v -0.068134 0.273549 0.089082
v -0.070119 0.272310 0.068976
v -0.073385 0.283013 0.066481
v -0.074509 0.289959 0.087741
v -0.070375 0.263791 0.075968
v -0.081242 0.297005 0.075271
v -0.076890 0.290657 0.061696
v -0.076494 0.284705 0.056266
v -0.077541 0.285370 0.097683
v -0.081154 0.282810 0.049320
v -0.084261 0.295768 0.066272
v -0.096606 0.289725 0.044301
v -0.098831 0.302424 0.073479
v -0.094579 0.301620 0.083558
v -0.101563 0.298745 0.061459
v -0.081654 0.283650 0.046672
v -0.086679 0.280724 0.040129
v -0.096900 0.280083 0.034194
v -0.080662 0.275069 0.044102
v -0.084773 0.260541 0.032534
v -0.103502 0.261716 0.023230
v -0.098604 0.251566 0.016370
v -0.117198 0.264229 0.017872
v -0.105106 0.233204 0.004343
v -0.112807 0.234247 -0.005673
v -0.116449 0.234386 -0.025353
v -0.108417 0.275084 0.028954
v -0.124670 0.272888 0.027318
v -0.130318 0.274857 0.023281
v -0.130672 0.281255 0.028566
v -0.128860 0.283151 0.035455
v -0.111109 0.289040 0.042821
v -0.123543 0.291908 0.054953
v -0.118306 0.298756 0.075488
v -0.110261 0.300504 0.086421
v 0.029829 -0.110681 0.044908
v 0.048662 -0.116355 0.045188
v 0.029011 -0.123603 0.059508
v 0.055512 -0.132482 0.064269
v 0.041894 -0.141531 0.080751
v 0.028436 -0.132034 0.073277
v 0.041482 -0.146193 0.088678
v 0.066060 -0.143873 0.079357
v 0.069855 -0.149654 0.089039
v 0.067161 -0.120434 0.049685
v 0.043638 -0.097683 0.028922
v 0.067151 -0.104291 0.033255
v 0.041281 -0.088596 0.021953
v 0.066733 -0.086215 0.019088
v 0.064931 -0.075694 0.006377
v 0.043992 -0.073798 0.003893
v 0.044650 -0.063946 -0.016422
v 0.063706 -0.065091 -0.017121
v 0.063308 -0.050466 -0.036777
v 0.042673 -0.046970 -0.037745
v 0.062833 -0.036814 -0.056546
v 0.037473 -0.044406 -0.041666
v 0.081687 -0.049389 -0.030866
v 0.079031 -0.038791 -0.046819
v 0.080313 -0.029681 -0.059703
v 0.020501 -0.046895 -0.025326
v 0.033103 -0.055927 -0.017918
v 0.026246 -0.074003 0.018299
v 0.015658 -0.052602 0.003877
v 0.026141 -0.090722 0.033457
v 0.010389 -0.045618 -0.012497
v 0.021743 -0.135730 0.095004
v 0.022680 -0.141574 0.098189
v 0.040060 -0.150739 0.093003
v 0.038739 -0.167318 0.112531
v 0.008759 -0.057315 0.022585
v 0.013446 -0.099543 0.056407
v 0.014575 -0.117956 0.074962
v 0.030069 -0.163739 0.123343
v 0.035473 -0.173258 0.134315
v 0.049856 -0.182634 0.132328
v 0.007135 -0.043858 -0.017494
v 0.045963 -0.180704 0.139550
v 0.162480 0.216348 0.087927
v 0.168126 0.206674 0.098420
v 0.174754 0.199268 0.081814
v 0.152035 0.229643 0.101483
v 0.164883 0.210397 0.070373
v 0.157374 0.225613 0.071902
v 0.153441 0.233892 0.088018
v 0.150283 0.239850 0.060928
v 0.146388 0.255174 0.079911
v 0.144871 0.254694 0.101685
v 0.142235 0.265783 0.052503
v 0.139530 0.281540 0.064313
v 0.139690 0.265657 0.035195
v 0.132962 0.286405 0.043265
v 0.143777 0.271051 0.084398
v 0.147346 0.238072 0.044771
v 0.161030 0.204491 0.047872
v 0.167485 0.198309 0.060616
v 0.134192 0.275470 0.032544
v 0.127684 0.295091 0.034000
v 0.134414 0.278204 0.021489
v 0.144875 0.227529 0.028400
v 0.131667 0.291234 0.042560
v 0.138773 0.293922 0.063388
v 0.118627 0.309441 0.048225
v 0.140720 0.292999 0.072043
v 0.133889 0.307457 0.075674
v 0.135926 0.300452 0.086234
v 0.141246 0.283668 0.087057
v 0.134317 0.267789 0.021571
v 0.134357 0.259564 0.024541
v 0.135484 0.254661 0.004371
v 0.139232 0.269031 0.100495
v 0.152741 0.209771 0.036800
v 0.130195 0.248722 0.019103
v 0.143047 0.259091 -0.018412
v 0.141070 0.281734 -0.003561
v 0.143198 0.286519 -0.014951
v 0.141926 0.278893 -0.032713
v 0.141383 0.294708 -0.020015
v 0.135825 0.304644 -0.030341
v 0.140339 0.240179 -0.039855
v 0.139483 0.250406 -0.044455
v 0.136311 0.284842 -0.041648
v 0.140148 0.235692 -0.020474
v 0.135236 0.213330 -0.038283
v 0.126963 0.308949 -0.039677
v 0.128127 0.311129 -0.032805
v 0.132178 0.215440 -0.046325
v 0.127931 0.189873 -0.042286
v 0.130756 0.192545 -0.031884
v 0.133232 0.216208 -0.020547
v 0.125842 0.180757 -0.034519
v 0.122568 0.176860 -0.022261
v 0.124199 0.236945 0.015651
v 0.127456 0.233621 0.002874
v 0.143071 0.220480 0.027164
v 0.116034 0.320913 -0.032899
v 0.147656 0.288891 -0.007159
v 0.145092 0.302992 -0.020559
v 0.146296 0.289408 -0.000827
v 0.169455 -0.475712 0.178977
v 0.185002 -0.474893 0.177377
v 0.172730 -0.489094 0.174705
v 0.186900 -0.494373 0.174457
v 0.175139 -0.462497 0.177755
v 0.187416 -0.462084 0.178849
v 0.160691 -0.491496 0.178366
v 0.156048 -0.462970 0.185902
v 0.155820 -0.473710 0.186443
v 0.172383 -0.496286 0.176258
v 0.202577 -0.474325 0.184831
v 0.203345 -0.494088 0.182932
v 0.200156 -0.461119 0.186051
v -0.113957 -0.199379 -0.208374
v -0.093674 -0.209980 -0.215713
v -0.111194 -0.214271 -0.222269
v -0.098100 -0.237799 -0.239546
v -0.112768 -0.234773 -0.241419
v -0.109338 -0.245746 -0.251549
v -0.092463 -0.237913 -0.236956
v -0.078813 -0.235996 -0.231806
v -0.076128 -0.224840 -0.221184
v -0.063194 -0.230112 -0.218405
v -0.091131 -0.201272 -0.202513
v -0.126909 -0.211403 -0.217759
v -0.126555 -0.225193 -0.229833
v -0.126832 -0.221790 -0.225021
v -0.126071 -0.199395 -0.205743
v -0.081114 -0.240428 -0.246080
v -0.091481 -0.248155 -0.253275
v -0.078614 -0.249648 -0.251872
v -0.087657 -0.261314 -0.258387
v -0.109049 -0.260590 -0.258534
v -0.131190 -0.239781 -0.238466
v -0.071380 -0.237754 -0.235886
v -0.138998 -0.206781 -0.206874
v -0.141178 -0.202591 -0.204544
v -0.140797 -0.194696 -0.197773
v -0.131247 -0.185585 -0.192692
v -0.112894 -0.190898 -0.191264
v -0.105776 -0.199024 -0.200271
v -0.146660 -0.175828 -0.184586
v -0.126069 -0.165078 -0.183534
v -0.107577 -0.182079 -0.192976
v -0.143209 -0.157549 -0.177607
v -0.120460 -0.254965 -0.252809
v -0.136880 -0.236896 -0.229853
v -0.158279 -0.197792 -0.188663
v -0.142851 -0.217774 -0.211888
v -0.163118 -0.168699 -0.172734
v -0.155250 -0.153605 -0.169562
v -0.103166 -0.196605 -0.189658
v -0.109669 -0.188412 -0.189449
v -0.100889 -0.192173 -0.186322
v -0.078735 -0.213526 -0.205276
v -0.093452 -0.203566 -0.185100
v -0.095205 -0.200344 -0.178882
v -0.083296 -0.204991 -0.191707
v -0.066567 -0.230851 -0.209965
v -0.089622 -0.197906 -0.175542
v 0.099045 0.096743 -0.001419
v 0.094025 0.094889 -0.024096
v 0.087530 0.094204 0.002993
v 0.108577 0.100890 -0.033324
v 0.114652 0.100473 -0.003804
v 0.121131 0.103112 -0.032350
v 0.101506 0.099531 0.008873
v 0.090419 0.092044 0.029003
v 0.095180 0.092400 0.033029
v 0.082784 0.089038 0.020435
v 0.109234 0.099698 0.011828
v 0.107948 0.095560 0.004647
v 0.083927 0.095766 -0.008359
v 0.077484 0.095835 0.002406
v 0.086559 0.096425 -0.021253
v 0.096766 0.092980 -0.031050
v 0.061718 0.092740 0.021585
v 0.065787 0.090102 0.031602
v 0.047313 0.088817 0.038233
v 0.033607 0.091575 0.028271
v 0.087054 0.095520 -0.034558
v 0.094306 0.092812 -0.043671
v 0.017542 0.088129 0.029297
v 0.026456 0.087293 0.040525
v 0.007326 0.084955 0.030404
v 0.008510 0.085394 0.045374
v -0.015505 0.086889 0.031411
v -0.008182 0.085965 0.048780
v -0.015296 0.085917 0.048560
v -0.022026 0.086092 0.039840
v -0.003902 0.084859 0.022427
v -0.021227 0.084831 0.032846
v 0.085944 0.095318 -0.061791
v 0.081412 0.096136 -0.052802
v 0.080188 0.096424 -0.069758
v 0.073301 0.097749 -0.065856
v 0.069837 0.096730 -0.085987
v 0.061764 0.097858 -0.083257
v 0.050051 0.095987 -0.100050
v 0.054021 0.094921 -0.107741
v 0.040714 0.096224 -0.110701
v -0.017057 0.084275 0.027437
v 0.022812 0.084437 0.044664
v 0.030595 0.094593 -0.117723
v 0.104792 0.096678 -0.036986
v 0.119762 0.067628 -0.042651
v 0.133292 0.064893 -0.039433
v 0.126129 0.050932 -0.044426
v 0.113560 0.080188 -0.040590
v 0.127055 0.097791 -0.033362
v 0.134310 0.035157 -0.046943
v 0.104792 0.096678 -0.036986
v 0.121131 0.103112 -0.032350
v 0.144441 0.045925 -0.039857
v 0.137937 0.078167 -0.033102
v 0.144747 0.036545 -0.040416
v 0.108577 0.100890 -0.033324
v 0.145316 0.054487 -0.034279
v 0.146678 0.061009 -0.029623
v 0.151292 0.038619 -0.031218
v 0.131187 0.029706 -0.042344
v 0.024997 0.058464 -0.176499
v 0.031861 0.082369 -0.165003
v 0.030820 0.056621 -0.165211
v 0.038619 0.086589 -0.150975
v 0.036984 0.096910 -0.155092
v 0.025094 0.036161 -0.173142
v 0.019577 0.040177 -0.185363
v 0.018138 0.020279 -0.184231
v 0.039795 0.090210 -0.147827
v 0.040283 0.091797 -0.146484
v 0.010156 0.023990 -0.193245
v 0.036926 0.079332 -0.149953
v 0.029950 0.053088 -0.163489
v 0.066208 0.117568 0.010710
v 0.039911 0.114205 0.024204
v 0.058181 0.097161 0.018721
v 0.045425 0.094856 0.025015
v 0.033607 0.091575 0.028271
v 0.061718 0.092740 0.021585
v 0.015836 0.107482 0.027186
v 0.017542 0.088129 0.029297
v 0.014583 0.121279 0.029051
v 0.036665 0.127862 0.027548
v 0.045330 0.130587 0.024798
v 0.064302 0.134779 0.015065
v 0.077180 0.105937 0.001496
v 0.079393 0.133622 0.002155
v 0.080946 0.141910 0.003931
v 0.077484 0.095835 0.002406
v 0.084376 0.119353 -0.010203
v 0.083927 0.095766 -0.008359
v 0.086641 0.142533 -0.008205
v -0.004304 0.103899 0.021114
v 0.004327 0.091199 0.024908
v -0.002485 0.128917 0.028942
v -0.003902 0.084859 0.022427
v 0.104243 0.347867 -0.034738
v 0.127306 0.345438 -0.033661
v 0.109204 0.339934 -0.033705
v 0.125891 0.326610 -0.035508
v 0.127598 0.361037 -0.029233
v 0.134694 0.343893 -0.031716
v 0.135186 0.318469 -0.033685
v 0.118125 0.379165 -0.034144
v 0.107607 0.390113 -0.036189
v 0.093041 0.371362 -0.034709
v 0.094474 0.393432 -0.033254
v 0.116034 0.320913 -0.032899
v 0.128127 0.311129 -0.032805
v 0.135825 0.304644 -0.030341
v 0.107047 0.328966 -0.030830
v 0.142972 0.314116 -0.028751
v 0.145092 0.302992 -0.020559
v 0.141383 0.294708 -0.020015
v 0.143198 0.286519 -0.014951
v -0.134787 -0.403132 -0.260682
v -0.141305 -0.398420 -0.274131
v -0.128827 -0.418720 -0.270640
v -0.131923 -0.416311 -0.284824
v -0.137879 -0.390892 -0.255124
v -0.144485 -0.372856 -0.255086
v -0.140744 -0.374437 -0.248460
v -0.135102 -0.376497 -0.242104
v -0.119691 -0.421346 -0.260118
v -0.129386 -0.397358 -0.249410
v -0.128259 -0.384920 -0.240778
v -0.116621 -0.414880 -0.252473
v -0.102609 -0.422167 -0.249895
v -0.118841 -0.389668 -0.239302
v -0.105285 -0.396897 -0.239949
v -0.114423 -0.436819 -0.259379
v -0.125965 -0.431457 -0.265503
v -0.132336 -0.428675 -0.275185
v -0.095430 -0.436642 -0.252536
v -0.098718 -0.454062 -0.259676
v -0.094607 -0.409360 -0.244185
v -0.093194 -0.395192 -0.239950
v 0.145618 0.057431 -0.018484
v 0.129100 0.083945 -0.016367
v 0.141394 0.057457 -0.006458
v 0.137937 0.078167 -0.033102
v 0.146678 0.061009 -0.029623
v 0.127055 0.097791 -0.033362
v 0.114652 0.100473 -0.003804
v 0.115431 0.095701 0.001266
v 0.122995 0.080200 0.001945
v 0.135909 0.058134 0.002993
v 0.121131 0.103112 -0.032350
v 0.107948 0.095560 0.004647
v 0.144000 0.049839 -0.019906
v 0.145316 0.054487 -0.034279
v 0.151292 0.038619 -0.031218
v 0.115605 0.243838 0.211796
v 0.113889 0.227146 0.193715
v 0.103054 0.235127 0.217270
v 0.104977 0.216311 0.193166
v 0.111380 0.247791 0.220108
v 0.099337 0.248664 0.234406
v 0.086523 0.239067 0.243347
v 0.108316 0.205275 0.169975
v 0.121282 0.212953 0.162164
v 0.119581 0.200389 0.148872
v 0.126167 0.232158 0.185280
v 0.123985 0.243070 0.203198
v 0.135347 0.202294 0.134929
v 0.126830 0.195880 0.136538
v 0.131081 0.257159 0.214690
v 0.134264 0.227700 0.171177
v 0.111721 0.256667 0.234355
v 0.136107 0.216451 0.154258
v 0.134420 0.253301 0.202282
v 0.144516 0.232691 0.169892
v 0.139049 0.242433 0.191426
v 0.102610 0.257493 0.249216
v 0.154569 0.213800 0.139274
v 0.094074 0.250074 0.249374
v 0.089551 0.253986 0.258105
v 0.119765 0.185686 0.135776
v 0.126367 0.260662 0.232951
v 0.104060 0.191480 0.162548
v 0.086816 0.239857 0.250427
v 0.099642 0.263548 0.255625
v 0.111044 0.262866 0.253772
v 0.121130 0.256133 0.229352
v 0.156107 0.237436 0.172942
v 0.150989 0.241456 0.182435
v 0.149911 0.209320 0.130153
v 0.144185 0.204493 0.128471
v 0.160139 0.225208 0.154635
v 0.099193 0.204360 0.192284
v 0.097187 0.224702 0.219334
v 0.103645 0.175915 0.154387
v 0.097192 0.211224 0.210470
v 0.084055 0.244899 0.262088
v 0.096231 0.179478 0.175032
v 0.096352 0.196433 0.195204
v 0.110692 0.268551 0.257346
v 0.105485 0.165681 0.150946
v 0.118211 0.172599 0.133229
v 0.083268 0.231975 0.249885
v 0.093133 0.214450 0.228362
v 0.081920 0.232183 0.264142
v 0.080704 0.223560 0.262430
v 0.073048 0.240221 0.275349
v 0.098109 0.165154 0.167614
v 0.070314 0.251150 0.278174
v 0.095677 0.186910 0.204125
v 0.094627 0.209197 0.226516
v 0.087376 0.218204 0.250728
v 0.174251 -0.382565 0.165300
v 0.174770 -0.374699 0.163439
v 0.177801 -0.379411 0.164820
v 0.176111 -0.403972 0.171640
v 0.186160 -0.391339 0.173412
v 0.184827 -0.418269 0.178707
v 0.200220 -0.400771 0.183110
v 0.192643 -0.419029 0.182102
v 0.199704 -0.417904 0.184981
v 0.195704 -0.378338 0.179438
v 0.199938 -0.391090 0.183020
v 0.188141 -0.365126 0.174440
v 0.204992 -0.418189 0.191932
v 0.174454 -0.420222 0.177133
v -0.017057 0.084275 0.027437
v -0.015406 0.041319 0.026136
v -0.020857 0.035268 0.032625
v -0.021227 0.084831 0.032846
v -0.011500 0.058676 0.022144
v -0.007555 0.081201 0.020652
v -0.009039 0.036605 0.023746
v -0.022026 0.086092 0.039840
v -0.022083 0.037033 0.041326
v -0.003902 0.084859 0.022427
v -0.017395 0.037500 0.050339
v 0.107948 0.095560 0.004647
v 0.120670 0.066120 0.021201
v 0.112213 0.066894 0.004853
v 0.120169 0.059735 0.018102
v 0.112527 0.093630 0.017025
v 0.109234 0.099698 0.011828
v 0.115150 0.057197 0.010393
v 0.110870 0.058309 0.002303
v -0.078485 -0.056077 -0.201766
v -0.063161 -0.066248 -0.196850
v -0.083240 -0.072518 -0.187518
v -0.058096 -0.058074 -0.204241
v -0.065468 -0.048082 -0.209229
v -0.105087 -0.064186 -0.186040
v -0.095945 -0.075877 -0.182001
v -0.109966 -0.083955 -0.180664
v -0.136565 -0.088126 -0.185487
v -0.122621 -0.093489 -0.180558
v -0.131913 -0.094214 -0.179266
v -0.133685 -0.079854 -0.189602
v -0.142139 -0.083099 -0.185712
v -0.107920 -0.058800 -0.190439
v -0.049905 -0.047065 -0.202419
v -0.051636 -0.060685 -0.196533
v -0.061858 -0.033239 -0.206490
v -0.098352 -0.083249 -0.172482
v -0.108431 -0.088173 -0.170779
v -0.116880 -0.092776 -0.169378
v -0.069866 -0.070050 -0.189139
v -0.092648 -0.076912 -0.175052
v -0.081494 -0.073104 -0.174208
v -0.097976 -0.049841 -0.182356
v -0.100090 -0.040539 -0.179311
v -0.108618 -0.170363 -0.184907
v -0.107577 -0.182079 -0.192976
v -0.126069 -0.165078 -0.183534
v -0.093514 -0.175835 -0.182862
v -0.097113 -0.184004 -0.191180
v -0.085322 -0.187887 -0.185288
v -0.082727 -0.180915 -0.176484
v -0.078207 -0.192063 -0.176597
v -0.081572 -0.188991 -0.165022
v -0.211548 -0.466309 -0.271729
v -0.211200 -0.458923 -0.271974
v -0.211923 -0.477565 -0.271821
v -0.210357 -0.477747 -0.287205
v -0.210083 -0.458940 -0.283486
v -0.205981 -0.458833 -0.294949
v -0.205641 -0.478051 -0.297366
v -0.210478 -0.495262 -0.296210
v -0.210938 -0.466309 -0.269043
v -0.211914 -0.468994 -0.271484
v -0.207869 -0.459151 -0.259647
v -0.208564 -0.477219 -0.259387
v -0.208704 -0.495433 -0.292967
v -0.213651 -0.494496 -0.285029
v -0.215119 -0.494742 -0.271112
v -0.213419 -0.478691 -0.270323
v -0.210191 -0.493590 -0.260657
v -0.210323 -0.493919 -0.255133
v -0.207028 -0.478990 -0.250103
v -0.204701 -0.495366 -0.246891
v -0.201648 -0.476605 -0.249862
v -0.199383 -0.458227 -0.250097
v -0.208103 -0.456845 -0.267507
v -0.197238 -0.450332 -0.253526
v -0.202929 -0.447509 -0.260832
v -0.112807 0.234247 -0.005673
v -0.105321 0.225077 0.000602
v -0.110002 0.220890 -0.012957
v -0.105106 0.233204 0.004343
v -0.099161 0.232243 0.013212
v -0.098604 0.251566 0.016370
v -0.106390 0.214920 -0.002071
v -0.089490 0.250726 0.025003
v -0.084773 0.260541 0.032534
v -0.114512 0.200499 -0.013989
v -0.116449 0.234386 -0.025353
v -0.113143 0.219300 -0.029537
v -0.120383 0.207041 -0.033194
v -0.123413 0.190676 -0.028353
v -0.125316 0.204284 -0.043922
v -0.119180 0.191394 -0.011769
v -0.124189 0.182883 -0.031225
v -0.127366 0.185078 -0.037746
v -0.126260 0.200159 -0.031226
v -0.094646 0.241013 0.021475
v -0.111240 0.217093 -0.056396
v -0.117262 0.231058 -0.057703
v -0.124957 0.246133 -0.044334
v -0.109549 0.216288 -0.060493
v -0.081654 0.283650 0.046672
v -0.081154 0.282810 0.049320
v -0.080662 0.275069 0.044102
v -0.080744 0.276455 0.061859
v -0.082652 0.267346 0.063632
v -0.088064 0.259611 0.057299
v -0.089594 0.258824 0.039009
v -0.089961 0.259091 0.064985
v -0.098188 0.249926 0.063980
v -0.076494 0.284705 0.056266
v -0.073385 0.283013 0.066481
v -0.100303 0.249021 0.051461
v -0.113246 0.235668 0.075613
v -0.113408 0.235890 0.060503
v -0.113138 0.235289 0.034058
v -0.101071 0.247032 0.035866
v -0.124511 0.228578 0.056939
v -0.128693 0.226282 0.040335
v -0.120989 0.234000 0.074631
v -0.123573 0.211835 0.021278
v -0.110756 0.211677 0.006550
v -0.125120 0.195700 0.003456
v -0.138565 0.214228 0.033193
v -0.141452 0.222877 0.044351
v -0.139056 0.199969 0.016361
v -0.139959 0.228550 0.048399
v -0.124580 0.184312 -0.012617
v -0.143108 0.180819 -0.010329
v -0.145829 0.171851 -0.025882
v -0.128956 0.175857 -0.034710
v -0.147521 0.163699 -0.047104
v -0.115030 0.237988 0.087863
v -0.104556 0.239244 0.076587
v -0.097053 0.242434 0.089503
v -0.090039 0.243204 0.076478
v -0.090447 0.246740 0.098745
v -0.078504 0.251157 0.088328
v -0.083532 0.248441 0.075989
v -0.077696 0.252394 0.074909
v -0.070375 0.263791 0.075968
v -0.073804 0.259674 0.087833
v -0.068134 0.273549 0.089082
v -0.073288 0.272808 0.096622
v -0.082513 0.257269 0.099550
v -0.094824 0.247741 0.070779
v -0.079837 0.267263 0.094376
v -0.082618 0.273805 0.104364
v -0.113470 0.244223 0.098041
v -0.099352 0.247809 0.099780
v -0.126562 0.189412 -0.047160
v -0.125828 0.197909 -0.048445
v -0.124928 0.181377 -0.050984
v -0.117357 0.193250 -0.063661
v -0.124980 0.175814 -0.082153
v -0.129566 0.172188 -0.050572
v -0.117505 0.190714 -0.079101
v -0.113182 0.207028 -0.069105
v -0.114506 0.192007 -0.087255
v -0.113904 0.201610 -0.059280
v -0.114982 0.211544 -0.045966
v -0.122145 0.182754 -0.095873
v -0.129025 0.175316 -0.097004
v -0.140153 0.163486 -0.079978
v -0.097469 0.201972 -0.098524
v -0.103352 0.200668 -0.087353
v -0.109038 0.193419 -0.110759
v -0.097087 0.203042 -0.111560
v -0.094419 0.207035 -0.083660
v -0.075531 0.220816 -0.084821
v -0.073363 0.217364 -0.099255
v -0.094161 0.213275 -0.074437
v -0.084159 0.223006 -0.073475
v -0.065066 0.237843 -0.074903
v -0.073208 0.215207 -0.111714
v -0.058424 0.224621 -0.099740
v -0.054374 0.234281 -0.085368
v -0.155736 0.159178 -0.068305
v 0.080057 0.288232 -0.106617
v 0.073100 0.300047 -0.097255
v 0.094194 0.289474 -0.078118
v 0.079141 0.305131 -0.078830
v 0.063478 0.314568 -0.089472
v 0.069585 0.325313 -0.060621
v 0.059637 0.323954 -0.080054
v 0.052664 0.338491 -0.065055
v 0.048215 0.327128 -0.092729
v 0.056125 0.340729 -0.054435
v 0.075103 0.328597 -0.046732
v 0.076193 0.335025 -0.034960
v 0.060472 0.348799 -0.035319
v 0.069051 0.348364 -0.022371
v 0.077256 0.341960 -0.021602
v 0.082175 0.313084 -0.062817
v 0.085069 0.320435 -0.048055
v 0.098311 0.302708 -0.056404
v 0.046748 0.350144 -0.050456
v 0.078612 0.348001 -0.005781
v 0.042969 0.341049 -0.072671
v 0.039031 0.336840 -0.086982
v 0.042185 0.329550 -0.096896
v 0.048939 0.320739 -0.106007
v 0.104057 0.288179 -0.068172
v 0.058898 0.309810 -0.114206
v 0.034685 0.338535 -0.094965
v 0.113609 0.288875 -0.057678
v 0.068423 0.298812 -0.114684
v 0.041229 0.329241 -0.105588
v 0.034485 0.351260 -0.059272
v 0.030051 0.341935 -0.089019
v 0.024854 0.351000 -0.064691
v 0.095781 0.287644 -0.084017
v 0.072872 0.356884 -0.009016
v 0.087950 0.333087 -0.033285
v 0.091029 0.343769 -0.014333
v 0.078776 0.353114 -0.003602
v 0.015116 0.349576 -0.073183
v 0.006243 0.359236 -0.067677
v 0.010408 0.351648 -0.076328
v 0.100657 0.337609 -0.024358
v 0.070442 0.361389 -0.015516
v 0.113631 0.287934 -0.065529
v 0.119392 0.286750 -0.060669
v 0.108724 0.287271 -0.078605
v 0.123566 0.287225 -0.050619
v 0.024554 0.371593 -0.060675
v 0.046699 0.374293 -0.048088
v 0.034643 0.373594 -0.055845
v 0.063962 0.367500 -0.027988
v 0.059122 0.372518 -0.036429
v 0.087297 0.288054 -0.100176
v 0.100129 0.288467 -0.096027
v 0.089019 0.352216 -0.005526
v 0.092467 0.291885 -0.113152
v 0.097937 0.316027 -0.043899
v 0.120999 0.301579 -0.043273
v 0.127568 0.286591 -0.047020
v 0.120548 0.281064 -0.057876
v 0.111398 0.320714 -0.036608
v 0.107047 0.328966 -0.030830
v 0.116034 0.320913 -0.032899
v 0.126963 0.308949 -0.039677
v 0.136311 0.284842 -0.041648
v 0.131266 0.266582 -0.046827
v 0.139483 0.250406 -0.044455
v 0.129250 0.238908 -0.049132
v 0.132178 0.215440 -0.046325
v 0.122000 0.212071 -0.048159
v 0.123266 0.188909 -0.045982
v 0.110010 0.184656 -0.046301
v 0.110933 0.178686 -0.046513
v 0.040060 -0.150739 0.093003
v 0.051359 -0.166191 0.107694
v 0.038739 -0.167318 0.112531
v 0.062049 -0.153110 0.090542
v 0.064513 -0.167760 0.108472
v 0.061272 -0.179850 0.125725
v 0.049856 -0.182634 0.132328
v 0.041482 -0.146193 0.088678
v 0.077574 -0.154661 0.094683
v 0.076385 -0.170080 0.113901
v 0.077329 -0.181000 0.129270
v 0.066116 -0.185795 0.137751
v 0.058494 -0.186924 0.138351
v 0.069855 -0.149654 0.089039
v 0.060620 -0.196504 0.142801
v 0.079550 -0.198002 0.144695
v 0.061080 -0.206790 0.152952
v 0.078685 -0.212179 0.154490
v 0.068839 -0.217875 0.161002
v 0.041980 -0.188686 0.145729
v 0.087810 -0.206038 0.152286
v 0.045963 -0.180704 0.139550
v 0.046082 -0.207494 0.169525
v 0.061276 -0.219251 0.169677
v 0.056592 -0.218626 0.177605
v 0.029904 -0.189691 0.170589
v 0.033533 -0.183392 0.151546
v 0.038026 -0.204123 0.190131
v 0.052610 -0.218247 0.187993
v 0.023483 -0.174754 0.162009
v 0.027584 -0.191078 0.194690
v 0.046041 -0.211433 0.198306
v 0.051486 -0.221492 0.198754
v 0.044844 -0.213204 0.209928
v 0.029212 -0.191597 0.206645
v 0.059563 -0.233157 0.211893
v 0.043454 -0.210395 0.228850
v 0.028822 -0.190378 0.230818
v 0.021482 -0.178000 0.192738
v 0.037728 -0.201405 0.238832
v 0.031691 -0.173558 0.151957
v 0.035568 -0.171305 0.143418
v 0.035473 -0.173258 0.134315
v 0.025810 -0.163946 0.142983
v 0.067113 -0.246745 0.213286
v 0.021990 -0.173473 0.207258
v 0.022416 -0.174496 0.224642
v 0.017376 -0.159562 0.180048
v 0.031438 -0.164390 0.150263
v 0.027107 -0.156457 0.160461
v 0.017375 -0.160015 0.195652
v 0.017980 -0.155466 0.220024
v 0.019928 -0.158455 0.199841
v 0.017955 -0.152805 0.207046
v 0.066069 -0.251161 0.197709
v 0.064231 -0.247306 0.185866
v 0.053135 -0.223961 0.182813
v 0.057471 -0.226179 0.169845
v 0.070926 -0.257438 0.170128
v 0.071107 -0.262841 0.180676
v 0.078817 -0.276396 0.166778
v 0.083932 -0.288906 0.183301
v 0.082490 -0.285909 0.197764
v 0.096301 -0.310850 0.183528
v 0.096587 -0.309622 0.200957
v 0.109329 -0.333453 0.188844
v 0.115295 -0.343471 0.207814
v 0.078791 -0.266076 0.216564
v 0.088761 -0.292392 0.204852
v 0.090065 -0.288011 0.226869
v 0.099735 -0.307400 0.229226
v 0.104996 -0.320989 0.210370
v 0.108846 -0.324812 0.230815
v 0.113072 -0.333281 0.232303
v 0.117325 -0.344905 0.233382
v 0.120586 -0.352734 0.234613
v 0.123436 -0.364615 0.227816
v 0.021603 -0.151431 0.172166
v 0.020191 -0.149276 0.168974
v 0.020031 -0.140777 0.181569
v 0.017889 -0.131681 0.207630
v 0.018512 -0.154539 0.154058
v 0.081793 -0.262462 0.221952
v 0.012947 -0.149898 0.166387
v -0.108038 -0.490342 -0.292656
v -0.111829 -0.490043 -0.310461
v -0.106426 -0.498077 -0.296164
v -0.101876 -0.498880 -0.274468
v -0.109707 -0.498046 -0.311676
v -0.104715 -0.490563 -0.274127
v -0.114484 -0.486841 -0.322012
v -0.101566 -0.488932 -0.266456
v -0.099440 -0.496004 -0.265506
v -0.113464 -0.494629 -0.320801
v -0.114258 -0.493164 -0.322021
v -0.113464 -0.494629 -0.322754
v -0.110894 -0.497973 -0.325408
v -0.054836 0.478533 0.023264
v -0.041804 0.491593 0.027694
v -0.042599 0.482802 0.014692
v -0.051814 0.471837 0.013487
v -0.028171 0.493714 0.020713
v -0.050107 0.469924 0.004165
v -0.037808 0.486787 0.009133
v -0.056640 0.460623 0.004948
v -0.061139 0.465834 0.022208
v -0.052977 0.439290 -0.011923
v -0.055976 0.439704 -0.007814
v -0.060115 0.424426 -0.016210
v -0.063686 0.425166 -0.011451
v -0.065144 0.444256 0.001157
v -0.072839 0.434199 -0.001562
v -0.078266 0.424247 -0.007365
v -0.079679 0.426748 -0.001328
v -0.073092 0.421051 -0.010816
v -0.068123 0.450043 0.024880
v -0.059301 0.451332 0.010996
v -0.067949 0.436605 0.019377
v -0.066509 0.434751 0.014473
v -0.048489 0.466725 -0.003754
v -0.045396 0.474668 -0.009442
v -0.049976 0.456956 -0.019705
v -0.037522 0.488414 0.001530
v -0.053161 0.442687 -0.026285
v -0.051001 0.443742 -0.031687
v -0.057374 0.429502 -0.030620
v -0.060824 0.424454 -0.023142
v -0.065220 0.418434 -0.021592
v -0.030459 0.494253 0.007886
v -0.057723 0.436668 -0.042695
v -0.060784 0.428080 -0.039791
v -0.077103 0.416945 -0.016837
v -0.065347 0.427810 -0.050879
v -0.065218 0.419633 0.019338
v -0.066124 0.430194 0.011741
v -0.067762 0.400402 0.006009
v -0.070456 0.395054 0.018932
v -0.073900 0.391028 0.011791
v -0.082020 0.383053 -0.000408
v -0.071579 0.408650 0.025694
v -0.050147 0.475657 0.034634
v -0.062357 0.454918 0.027894
v -0.071943 0.443898 0.031631
v -0.080261 0.434651 0.027744
v -0.082152 0.431987 0.023774
v -0.073189 0.427743 0.027425
v -0.078048 0.420955 0.032271
v -0.074971 0.426477 0.032054
v -0.073974 0.433499 0.033164
v -0.081026 0.436026 0.043335
v -0.080479 0.395289 0.025956
v -0.078606 0.400794 0.028831
v -0.072886 0.429106 0.022945
v -0.090532 0.413245 -0.023890
v -0.088184 0.284186 0.101967
v -0.087585 0.270508 0.106934
v -0.087402 0.270508 0.106934
v -0.095158 0.270846 0.108853
v -0.082618 0.273805 0.104364
v -0.077541 0.285370 0.097683
v -0.094623 0.283307 0.106171
v -0.094199 0.293547 0.098981
v -0.109021 0.284444 0.105640
v -0.113416 0.269845 0.108769
v -0.110268 0.293337 0.098394
v -0.085734 0.294669 0.087270
v -0.074509 0.289959 0.087741
v -0.094579 0.301620 0.083558
v -0.110261 0.300504 0.086421
v -0.081242 0.297005 0.075271
v -0.073556 0.289606 0.079019
v -0.073288 0.272808 0.096622
v -0.068134 0.273549 0.089082
v -0.098831 0.302424 0.073479
v -0.085205 0.269287 0.104980
v 0.091696 0.021683 0.062538
v 0.090512 0.011455 0.052605
v 0.078859 0.017600 0.064443
v 0.078819 0.024648 0.077287
v 0.062947 0.020126 0.080247
v 0.098667 0.025809 0.070562
v 0.108900 0.023264 0.068142
v 0.077052 0.025422 0.089252
v 0.058756 0.022004 0.088498
v 0.063652 0.023760 0.096173
v 0.059095 0.021524 0.106684
v 0.052859 0.012629 0.085913
v 0.093715 0.011345 0.054472
v 0.098653 0.004298 0.050551
v 0.109254 0.007787 0.058620
v 0.113298 -0.001987 0.056456
v 0.107971 -0.005637 0.047341
v -0.060894 0.085475 -0.091572
v -0.046604 0.082741 -0.079674
v -0.045059 0.082303 -0.107543
v -0.055346 0.084169 -0.108869
v -0.038097 0.084274 -0.096553
v -0.044647 0.083209 -0.074958
v -0.021810 0.088607 -0.113575
v -0.014468 0.088932 -0.124978
v -0.009470 0.090495 -0.124813
v 0.002983 0.092447 -0.121404
v 0.013263 0.096844 -0.135610
v 0.025603 0.097071 -0.134644
v 0.015710 0.092512 -0.121392
v 0.033060 0.095103 -0.126094
v 0.034621 0.095255 -0.138631
v 0.037857 0.093584 -0.122398
v 0.030595 0.094593 -0.117723
v 0.054021 0.094921 -0.107741
v -0.020979 0.096778 -0.136401
v 0.000684 0.095936 -0.139669
v -0.013793 0.087719 -0.128213
v -0.069291 0.080205 -0.090839
v -0.056314 0.087042 -0.085240
v -0.055594 0.085209 -0.079425
v -0.057462 0.081407 -0.110152
v 0.027545 0.091129 -0.141048
v 0.026389 0.091998 -0.149693
v 0.015552 0.089794 -0.138722
v -0.000167 0.091409 -0.144356
v 0.036984 0.096910 -0.155092
v 0.009204 0.093129 -0.150261
v -0.002281 0.090249 -0.154149
v -0.026438 0.091438 -0.149569
v -0.016899 0.091540 -0.140104
v 0.025625 0.091079 -0.157545
v -0.024318 0.092338 -0.139252
v -0.154422 -0.441017 -0.274865
v -0.161063 -0.441949 -0.287488
v -0.168105 -0.442349 -0.270071
v -0.191209 -0.442198 -0.271215
v -0.188106 -0.442562 -0.282281
v -0.187874 -0.444310 -0.257515
v -0.158089 -0.444877 -0.260589
v -0.201750 -0.444816 -0.275246
v -0.202929 -0.447509 -0.260832
v -0.148125 -0.441137 -0.259791
v -0.143113 -0.437548 -0.269305
v -0.135350 -0.438539 -0.259574
v -0.189014 -0.445469 -0.291101
v -0.162322 -0.443940 -0.299196
v -0.199221 -0.449055 -0.289423
v -0.165675 -0.448190 -0.305209
v -0.191082 -0.453091 -0.300984
v -0.192220 -0.454418 -0.305512
v -0.177852 -0.453041 -0.312456
v -0.162371 -0.451790 -0.315534
v -0.203311 -0.456052 -0.290714
v -0.205981 -0.458833 -0.294949
v -0.210083 -0.458940 -0.283486
v -0.208103 -0.456845 -0.267507
v -0.211200 -0.458923 -0.271974
v -0.204989 -0.447753 -0.272181
v -0.157115 -0.444566 -0.312712
v -0.132336 -0.428675 -0.275185
v -0.125965 -0.431457 -0.265503
v -0.159377 -0.438001 -0.300639
v -0.197238 -0.450332 -0.253526
v -0.185069 -0.450595 -0.247890
v -0.143562 -0.444432 -0.254196
v -0.141398 -0.432166 -0.274585
v -0.133450 -0.427311 -0.286820
v -0.155293 -0.432336 -0.285972
v -0.132037 -0.429360 -0.300868
v -0.156869 -0.433548 -0.299386
v -0.176450 -0.454922 -0.243771
v -0.155892 -0.456155 -0.247070
v -0.150741 -0.453590 -0.252068
v -0.114423 -0.436819 -0.259379
v -0.021285 0.064326 -0.150090
v -0.020713 0.053755 -0.158697
v -0.017510 0.046091 -0.157366
v -0.024844 0.074276 -0.150492
v -0.015537 0.028906 -0.172712
v -0.013122 0.026756 -0.168879
v -0.006919 0.009873 -0.176975
v -0.021642 0.080181 -0.139729
v -0.003017 0.013840 -0.164110
v -0.004044 0.009004 -0.171009
v -0.024318 0.092338 -0.139252
v -0.003675 0.027198 -0.158699
v -0.002965 0.050712 -0.142935
v -0.009934 0.061776 -0.141594
v -0.012518 0.079419 -0.135161
v -0.003904 0.039803 -0.151096
v -0.013793 0.087719 -0.128213
v -0.020979 0.096778 -0.136401
v -0.009470 0.090495 -0.124813
v -0.026438 0.091438 -0.149569
v -0.002375 0.014523 -0.159878
v -0.014530 0.027106 -0.179224
v -0.009149 0.058070 -0.137079
v -0.004163 0.031300 -0.152499
v -0.012230 0.073995 -0.132585
v -0.008828 0.017851 -0.185795
v -0.019708 0.058042 -0.170958
v -0.022490 0.073607 -0.161096
v -0.015380 0.041774 -0.181327
v -0.008198 0.024769 -0.192978
v 0.025946 0.369547 -0.083184
v 0.017777 0.371562 -0.078587
v 0.037329 0.359532 -0.091420
v 0.022745 0.350995 -0.088576
v 0.011645 0.358955 -0.080600
v 0.038634 0.349426 -0.094727
v 0.006297 0.365302 -0.072074
v 0.020910 0.374933 -0.080525
v 0.032640 0.382680 -0.091374
v 0.030051 0.341935 -0.089019
v 0.034685 0.338535 -0.094965
v 0.022622 0.384522 -0.087536
v 0.010408 0.351648 -0.076328
v 0.040526 0.385253 -0.104194
v 0.006243 0.359236 -0.067677
v 0.040804 0.368441 -0.112002
v 0.021122 0.392186 -0.099304
v 0.017036 0.393983 -0.096024
v -0.008828 0.017851 -0.185795
v 0.011337 0.012023 -0.178174
v -0.006919 0.009873 -0.176975
v 0.010156 0.023990 -0.193245
v -0.008198 0.024769 -0.192978
v 0.018138 0.020279 -0.184231
v -0.004044 0.009004 -0.171009
v 0.122995 0.080200 0.001945
v 0.112213 0.066894 0.004853
v 0.110870 0.058309 0.002303
v 0.107948 0.095560 0.004647
v 0.115431 0.095701 0.001266
v 0.124547 0.072056 0.003273
v 0.135909 0.058134 0.002993
v -0.062738 0.353998 -0.101171
v -0.065978 0.348999 -0.088332
v -0.041669 0.351124 -0.099116
v -0.040253 0.346965 -0.084989
v -0.024351 0.354237 -0.097994
v -0.019638 0.348202 -0.082887
v -0.038117 0.338086 -0.073590
v -0.071111 0.334534 -0.075288
v -0.016257 0.344829 -0.076265
v -0.029558 0.328788 -0.065637
v -0.050103 0.321776 -0.062998
v -0.026825 0.326638 -0.059782
v -0.060060 0.320410 -0.065669
v -0.071170 0.323401 -0.068492
v -0.032766 0.318388 -0.061797
v -0.079952 0.325134 -0.065313
v -0.080052 0.342250 -0.075613
v -0.087797 0.328069 -0.073119
v -0.072808 0.357731 -0.089827
v -0.078930 0.356772 -0.089096
v -0.074543 0.363071 -0.100214
v -0.055697 0.353439 -0.114128
v -0.065126 0.357658 -0.118256
v -0.073496 0.362316 -0.113696
v -0.041591 0.350103 -0.113372
v -0.024847 0.351946 -0.110388
v -0.050417 0.349063 -0.130810
v -0.051868 -0.438925 -0.311527
v -0.048817 -0.439507 -0.297629
v -0.048084 -0.452798 -0.300027
v -0.051342 -0.453085 -0.312996
v -0.053490 -0.425640 -0.297902
v -0.059196 -0.422905 -0.312368
v -0.055266 -0.411751 -0.294267
v -0.061996 -0.407532 -0.308594
v -0.056245 -0.419543 -0.283463
v -0.050609 -0.446171 -0.285133
v -0.055044 -0.411099 -0.284233
v -0.050994 -0.460908 -0.289162
v -0.053167 -0.460383 -0.313368
v -0.057879 -0.419954 -0.277733
v -0.058764 -0.428424 -0.274526
v -0.057863 -0.447099 -0.322110
v -0.066208 -0.435014 -0.325281
v -0.068865 -0.407775 -0.315334
v -0.070262 -0.417537 -0.319235
v -0.074252 -0.409071 -0.321522
v -0.047650 -0.463735 -0.298672
v -0.049612 -0.463824 -0.287065
v -0.049720 -0.476881 -0.286948
v -0.047701 -0.478956 -0.301581
v -0.049645 -0.478051 -0.313359
v -0.045581 -0.491570 -0.309271
v -0.049133 -0.462965 -0.311263
v -0.046952 -0.488466 -0.288092
v -0.053192 -0.494533 -0.323270
v -0.055107 -0.462372 -0.320762
v -0.047847 -0.497304 -0.287709
v -0.046942 -0.496128 -0.310072
v -0.063688 -0.460031 -0.324319
v -0.056420 -0.479132 -0.275382
v -0.056735 -0.464091 -0.275335
v -0.055091 -0.498717 -0.276110
v -0.059577 -0.462494 -0.275875
v 0.170852 -0.435294 0.183350
v 0.186672 -0.435421 0.183365
v 0.172805 -0.451055 0.182532
v 0.187407 -0.459676 0.185401
v 0.171457 -0.460587 0.184618
v 0.194701 -0.439560 0.187506
v 0.196174 -0.460188 0.190181
v 0.161310 -0.441216 0.187166
v 0.159274 -0.461461 0.190076
v 0.154908 -0.434981 0.192511
v 0.185289 -0.430928 0.186293
v 0.171132 -0.430845 0.185475
v 0.172893 -0.422935 0.184332
v 0.160007 -0.422214 0.186630
v 0.152098 -0.426257 0.191346
v 0.147751 -0.402526 0.190731
v 0.184628 -0.416518 0.188252
v 0.159342 -0.404307 0.182204
v 0.174454 -0.420222 0.177133
v 0.176111 -0.403972 0.171640
v 0.174251 -0.382565 0.165300
v 0.149308 -0.396523 0.189370
v 0.149836 -0.362903 0.174492
v 0.174770 -0.374699 0.163439
v 0.166698 -0.352893 0.161092
v 0.180734 -0.366227 0.163458
v 0.175919 -0.349574 0.161631
v 0.183948 -0.346237 0.158108
v 0.187779 -0.363313 0.158807
v 0.190776 -0.349806 0.152269
v 0.094990 0.054481 0.022603
v 0.115150 0.057197 0.010393
v 0.100309 0.058727 0.035905
v 0.109530 0.060533 0.031047
v 0.120169 0.059735 0.018102
v 0.103521 0.054659 0.009403
v 0.110870 0.058309 0.002303
v 0.086854 0.060366 0.025919
v 0.125958 0.037106 -0.022916
v 0.137287 0.048617 -0.015262
v 0.124248 0.047038 -0.009358
v 0.127336 0.054850 0.000290
v 0.151292 0.038619 -0.031218
v 0.124070 0.028329 -0.035379
v 0.116320 0.036475 -0.022047
v 0.135909 0.058134 0.002993
v 0.111433 0.053130 -0.003420
v 0.111673 0.048584 -0.008783
v 0.114573 0.042976 -0.016880
v 0.117896 0.034404 -0.028807
v 0.131187 0.029706 -0.042344
v 0.141394 0.057457 -0.006458
v 0.144000 0.049839 -0.019906
v 0.144747 0.036545 -0.040416
v 0.106439 0.048476 0.004477
v 0.094197 0.050061 0.020983
v 0.075482 0.056158 0.034036
v -0.090852 0.422098 0.032936
v -0.078048 0.420955 0.032271
v -0.094003 0.415545 0.029365
v -0.105671 0.417080 0.029407
v -0.106388 0.412325 0.028715
v -0.074971 0.426477 0.032054
v -0.083148 0.411720 0.031566
v -0.071579 0.408650 0.025694
v -0.081026 0.436026 0.043335
v -0.102650 0.420416 0.037832
v -0.078606 0.400794 0.028831
v -0.091717 0.398367 0.031927
v -0.091878 0.407842 0.036946
v -0.096749 0.400375 0.036837
v -0.090434 0.412847 0.034690
v 0.090419 0.092044 0.029003
v 0.085343 0.070127 0.027091
v 0.094800 0.064691 0.037899
v 0.082784 0.089038 0.020435
v 0.095180 0.092400 0.033029
v 0.086854 0.060366 0.025919
v 0.099119 0.073095 0.038117
v 0.100309 0.058727 0.035905
v 0.092039 0.366662 -0.024667
v 0.098746 0.359397 -0.034259
v 0.096317 0.346096 -0.016886
v 0.089019 0.352216 -0.005526
v 0.104243 0.347867 -0.034738
v 0.093041 0.371362 -0.034709
v 0.100657 0.337609 -0.024358
v 0.109204 0.339934 -0.033705
v 0.107047 0.328966 -0.030830
v 0.082999 0.358378 -0.009004
v 0.078776 0.353114 -0.003602
v 0.091029 0.343769 -0.014333
v -0.153067 -0.080660 -0.172412
v -0.142139 -0.083099 -0.185712
v -0.144347 -0.094125 -0.163978
v -0.136565 -0.088126 -0.185487
v -0.152710 -0.084473 -0.167358
v -0.131572 -0.098909 -0.169358
v -0.131913 -0.094214 -0.179266
v -0.152832 -0.085693 -0.165894
v -0.152100 -0.086975 -0.163940
v -0.148868 -0.090217 -0.154712
v -0.152832 -0.085693 -0.165649
v -0.122621 -0.093489 -0.180558
v -0.135604 -0.095596 -0.156272
v -0.116880 -0.092776 -0.169378
v -0.057446 -0.338093 -0.273813
v -0.064170 -0.347676 -0.272355
v -0.050560 -0.351220 -0.254243
v -0.061565 -0.351786 -0.264368
v -0.047735 -0.330248 -0.275670
v -0.064369 -0.361004 -0.252379
v -0.060838 -0.366517 -0.245923
v -0.039020 -0.338342 -0.263289
v -0.068737 -0.366957 -0.246660
v -0.062298 -0.340564 -0.283980
v -0.071354 -0.346560 -0.287495
v -0.079576 -0.349923 -0.285352
v -0.075248 -0.374159 -0.245188
v -0.076658 -0.380989 -0.239591
v -0.090078 -0.381905 -0.244238
v -0.093194 -0.395192 -0.239950
v -0.098303 -0.388409 -0.246415
v -0.038625 -0.335560 -0.269007
v 0.185206 0.157926 0.117033
v 0.186494 0.148171 0.131526
v 0.176009 0.147904 0.120369
v 0.167736 0.138832 0.121979
v 0.175099 0.139107 0.130134
v 0.157476 0.130063 0.138375
v 0.156719 0.135701 0.125497
v 0.191464 0.161926 0.129030
v 0.195004 0.162140 0.133733
v 0.198322 0.175365 0.133792
v 0.188862 0.155246 0.143173
v 0.172073 0.145913 0.151617
v 0.162513 0.137272 0.145890
v 0.174780 0.153173 0.160484
v 0.190121 0.170147 0.159684
v 0.194809 0.171228 0.148285
v 0.186830 0.172204 0.165815
v 0.171433 0.162356 0.176252
v 0.172869 0.173259 0.184647
v 0.149663 0.151279 0.183139
v 0.154412 0.164567 0.196143
v 0.148191 0.141414 0.166390
v 0.142977 0.134215 0.165795
v 0.149636 0.132492 0.142722
v 0.157687 0.183935 0.212083
v 0.136528 0.159391 0.206083
v 0.149360 0.185285 0.220099
v 0.139620 0.142149 0.182202
v 0.174237 0.185277 0.192564
v 0.128292 0.172286 0.222184
v 0.141919 0.186830 0.227079
v 0.142972 0.201311 0.236479
v 0.141450 0.130346 0.148577
v 0.155425 0.207831 0.225036
v 0.127434 0.192795 0.236619
v 0.133359 0.198767 0.238152
v 0.121985 0.206914 0.252336
v 0.126420 0.216493 0.259605
v 0.108386 0.209750 0.263761
v 0.117818 0.226477 0.277903
v 0.108349 0.219191 0.278866
v 0.109893 0.201078 0.246617
v 0.113322 0.189236 0.233704
v 0.096695 0.214909 0.272557
v 0.097959 0.220146 0.280815
v 0.115097 0.178774 0.224068
v 0.141650 0.130986 0.139893
v 0.165367 0.195457 0.207143
v 0.109444 0.225159 0.281197
v 0.105830 0.232063 0.292272
v 0.090063 0.229069 0.303609
v 0.082526 0.223975 0.294343
v 0.078996 0.232885 0.318213
v 0.068386 0.227632 0.304363
v 0.071161 0.234433 0.319823
v 0.061973 0.232622 0.320515
v 0.064535 0.240449 0.326196
v 0.076746 0.245690 0.329971
v 0.125855 0.153567 0.194473
v 0.133035 0.144500 0.183423
v 0.106742 0.159954 0.203375
v 0.107751 0.148837 0.185199
v 0.127019 0.142522 0.169811
v 0.105236 0.170143 0.213895
v 0.111082 0.142833 0.167188
v 0.058553 0.228932 0.305711
v 0.132274 0.134592 0.160054
v 0.098068 0.167499 0.207581
v 0.053925 0.235042 0.318666
v 0.048922 0.234358 0.308332
v -0.021120 0.375899 0.081402
v -0.028599 0.382578 0.069527
v -0.029947 0.362372 0.069571
v -0.022627 0.383872 0.080529
v -0.017960 0.371833 0.084177
v -0.040552 0.376236 0.059583
v -0.041104 0.361423 0.055486
v -0.029344 0.348880 0.064882
v -0.023103 0.357666 0.074753
v -0.021405 0.350867 0.075660
v -0.046346 0.375772 0.047937
v -0.025553 0.361921 0.081365
v -0.019445 0.362082 0.089312
v -0.020338 0.341935 0.066959
v -0.024075 0.332816 0.054448
v -0.017843 0.331672 0.062358
v -0.046252 0.381340 0.059479
v -0.052990 0.387042 0.063378
v -0.037508 0.389483 0.077721
v -0.040119 0.386375 0.071449
v 0.115181 -0.193197 0.156422
v 0.113082 -0.183947 0.169081
v 0.122291 -0.189419 0.169449
v 0.097072 -0.190004 0.151475
v 0.114237 -0.184359 0.182457
v 0.123829 -0.188878 0.183357
v 0.110622 -0.186566 0.196009
v 0.127438 -0.189106 0.162251
v 0.129787 -0.185789 0.172337
v 0.131918 -0.188487 0.180881
v 0.123814 -0.194694 0.194565
v 0.139642 -0.201152 0.192423
v 0.104157 -0.195148 0.209905
v 0.107040 -0.197657 0.212341
v 0.095844 -0.195832 0.216728
v 0.124776 0.222455 0.020064
v 0.137484 0.203856 0.032789
v 0.124870 0.206676 0.028782
v 0.113911 0.227409 0.016574
v 0.132112 0.186278 0.045204
v 0.143071 0.220480 0.027164
v 0.152741 0.209771 0.036800
v 0.124199 0.236945 0.015651
v 0.097280 0.221119 0.025358
v 0.117085 0.205233 0.032487
v 0.118098 0.188155 0.050346
v 0.099651 0.207314 0.040455
v 0.083588 0.219087 0.036340
v 0.127388 0.175784 0.061198
v 0.139413 0.173313 0.061517
v 0.127602 0.165514 0.076111
v 0.141214 0.162530 0.075918
v 0.143724 0.155495 0.090589
v 0.131947 0.155305 0.100533
v 0.141445 0.148787 0.105536
v 0.154151 0.150877 0.095678
v 0.154496 0.162704 0.078787
v 0.111308 0.178028 0.074700
v 0.092420 0.200733 0.059781
v 0.079958 0.218794 0.046248
v 0.069328 0.225171 0.048543
v 0.091012 0.195162 0.073571
v 0.073996 0.211406 0.070617
v 0.119540 0.165772 0.091766
v 0.133659 0.146617 0.129128
v 0.144444 0.142840 0.127653
v 0.121484 0.161886 0.106942
v 0.075661 0.202083 0.094266
v 0.093353 0.189620 0.089018
v 0.106064 0.176267 0.103360
v 0.069004 0.224126 0.060485
v 0.062489 0.227915 0.054102
v 0.084368 0.195823 0.103571
v 0.158116 0.144935 0.122884
v 0.093459 0.189928 0.104283
v 0.122679 0.159686 0.130780
v 0.121881 0.143892 0.137954
v 0.130679 0.138032 0.135175
v 0.126455 0.141157 0.150526
v 0.115513 0.143807 0.150395
v 0.111082 0.142833 0.167188
v 0.106789 0.150401 0.154782
v 0.100398 0.151385 0.173698
v 0.117207 0.156012 0.137277
v 0.132274 0.134592 0.160054
v 0.141450 0.130346 0.148577
v 0.141650 0.130986 0.139893
v 0.137700 0.136797 0.127952
v 0.156719 0.135701 0.125497
v 0.121543 0.161382 0.118681
v 0.111551 0.175165 0.116453
v 0.106095 0.178361 0.117194
v 0.066774 0.224680 0.070567
v 0.069933 0.213595 0.089798
v 0.060655 0.233485 0.062905
v 0.107751 0.148837 0.185199
v 0.127019 0.142522 0.169811
v 0.097099 0.160621 0.193710
v 0.098109 0.165154 0.167614
v 0.105485 0.165681 0.150946
v 0.089923 0.197736 0.113983
v 0.118211 0.172599 0.133229
v 0.064027 0.231767 0.077063
v 0.054537 0.244116 0.076892
v 0.054393 0.249901 0.094075
v 0.057918 0.242246 0.102447
v 0.046613 0.256213 0.100322
v 0.048364 0.263228 0.088980
v 0.067677 0.223793 0.101485
v 0.059484 0.244892 0.116150
v 0.069158 0.233516 0.114818
v 0.045635 0.271810 0.090727
v 0.067937 0.238711 0.122986
v 0.082536 0.224262 0.121571
v 0.095964 0.168994 0.184102
v 0.045379 0.265363 0.100104
v 0.096231 0.179478 0.175032
v 0.106276 0.184137 0.125034
v 0.078346 0.232953 0.128945
v 0.095677 0.186910 0.204125
v 0.041812 0.264558 0.079555
v 0.106742 0.159954 0.203375
v 0.098068 0.167499 0.207581
v 0.162533 0.140736 0.120136
v 0.047494 0.244584 0.070679
v 0.100777 0.173376 0.211683
v 0.114178 0.180134 0.125874
v 0.095003 0.211228 0.123337
v 0.089170 0.228499 0.133199
v 0.101557 0.222771 0.134914
v 0.106812 0.215739 0.129804
v 0.167736 0.138832 0.121979
v 0.100031 0.198134 0.125421
v 0.118099 0.213532 0.133021
v 0.119765 0.185686 0.135776
v 0.115355 0.190399 0.132007
v 0.013873 0.494360 -0.035808
v 0.009558 0.490040 -0.036016
v 0.004341 0.494116 -0.007586
v 0.013148 0.490144 -0.064727
v 0.009168 0.498331 0.006309
v 0.001226 0.490813 0.001084
v 0.001410 0.493993 0.012371
v 0.007079 0.499472 0.020532
v -0.006160 0.496051 0.030442
v -0.004636 0.498289 0.041292
v -0.008815 0.494100 0.036917
v -0.010535 0.492612 0.043841
v -0.010054 0.496350 0.048525
v -0.021401 0.489778 0.046670
v -0.023744 0.495924 0.058701
v -0.032453 0.486085 0.049690
v -0.042471 0.484766 0.060198
v -0.046759 0.476146 0.051046
v -0.057308 0.469205 0.058522
v -0.056945 0.468248 0.048634
v -0.070289 0.460442 0.044985
v -0.069627 0.462651 0.049858
v -0.089106 0.457564 0.044138
v -0.039068 0.484579 0.066296
v -0.088225 0.455625 0.040548
v -0.010147 0.490949 0.000387
v 0.017459 0.498669 0.041184
v 0.018415 0.490862 -0.058010
v 0.006037 0.497231 0.050281
v -0.038155 0.487376 0.041771
v -0.052414 0.475276 0.044200
v -0.050147 0.475657 0.034634
v -0.039573 0.486916 0.034577
v -0.024326 0.497699 0.030730
v -0.022095 0.494949 0.040799
v -0.066504 0.448802 0.030502
v -0.062357 0.454918 0.027894
v -0.060928 0.461081 0.043603
v -0.071943 0.443898 0.031631
v -0.074849 0.445577 0.042798
v -0.011269 0.497878 0.032244
v -0.028171 0.493714 0.020713
v -0.041804 0.491593 0.027694
v -0.011301 0.497716 0.023393
v -0.018624 0.498276 0.015105
v -0.030459 0.494253 0.007886
v -0.015759 0.496777 0.006510
v -0.090704 0.452430 0.043587
v 0.074728 0.416417 -0.065098
v 0.071718 0.411719 -0.054830
v 0.076517 0.402045 -0.051820
v 0.083680 0.409305 -0.067707
v 0.083180 0.413107 -0.075503
v 0.068819 0.415158 -0.059670
v 0.071454 0.414204 -0.047401
v 0.085179 0.408599 -0.032123
v 0.085289 0.399877 -0.041704
v 0.170830 0.183293 0.131150
v 0.179742 0.180853 0.131829
v 0.174367 0.172781 0.124934
v 0.163160 0.196156 0.135958
v 0.184817 0.190946 0.135562
v 0.192823 0.188148 0.134883
v 0.188720 0.195673 0.141360
v 0.194540 0.183538 0.130632
v 0.195561 0.192804 0.141443
v 0.185599 0.170694 0.118268
v 0.188460 0.201503 0.149333
v 0.190183 0.178515 0.122464
v 0.198414 0.184332 0.135924
v 0.185206 0.157926 0.117033
v 0.175880 0.164229 0.125374
v 0.171142 0.156262 0.121676
v 0.176009 0.147904 0.120369
v 0.166626 0.151153 0.121296
v 0.158116 0.144935 0.122884
v 0.162533 0.140736 0.120136
v 0.174536 0.205795 0.131499
v 0.185688 0.202498 0.134026
v 0.167736 0.138832 0.121979
v 0.152986 0.205577 0.130525
v 0.149911 0.209320 0.130153
v 0.144185 0.204493 0.128471
v 0.153676 0.197591 0.130712
v 0.198322 0.175365 0.133792
v 0.036665 0.127862 0.027548
v 0.045330 0.130587 0.024798
v 0.046835 0.130096 0.033192
v 0.064125 0.135593 0.030552
v 0.056413 0.133981 0.020943
v 0.073865 0.139991 0.026259
v 0.055625 0.134031 0.038367
v 0.040399 0.128637 0.042783
v 0.032843 0.127866 0.032631
v 0.017882 0.123875 0.040907
v 0.064302 0.134779 0.015065
v 0.071842 0.138478 0.011669
v 0.089513 0.146219 0.010805
v 0.080946 0.141910 0.003931
v 0.095608 0.148353 -0.006369
v 0.014583 0.121279 0.029051
v 0.086641 0.142533 -0.008205
v 0.096993 0.147286 -0.017646
v 0.088648 0.142130 -0.020693
v 0.100099 0.153637 -0.035530
v 0.089316 0.145614 -0.036364
v 0.016318 0.126685 0.048656
v -0.003580 0.121307 0.043062
v -0.004753 0.121243 0.038254
v 0.003875 0.127412 0.032373
v -0.002485 0.128917 0.028942
v -0.014712 0.125105 0.040513
v 0.104764 0.157355 -0.002790
v 0.113625 0.163848 -0.018085
v 0.104410 0.157651 -0.020552
v 0.117570 0.170458 -0.037948
v 0.109241 0.167393 -0.038685
v -0.010963 0.126233 0.033682
v -0.024214 0.133702 0.037096
v -0.006883 0.131993 0.029496
v -0.012632 0.142282 0.029311
v -0.021533 0.150787 0.030150
v -0.034563 0.156926 0.040975
v -0.029192 0.140983 0.041280
v -0.018656 0.129048 0.043005
v -0.027547 0.162649 0.033232
v -0.038801 0.170406 0.042606
v 0.009558 0.490040 -0.036016
v 0.010483 0.479533 -0.015089
v 0.006830 0.488067 -0.015805
v 0.006653 0.482245 -0.007789
v 0.004341 0.494116 -0.007586
v 0.001226 0.490813 0.001084
v 0.018391 0.477926 -0.030936
v 0.017622 0.484130 -0.048394
v 0.013148 0.490144 -0.064727
v 0.018763 0.475854 -0.044775
v 0.017841 0.471202 -0.052060
v 0.012966 0.468323 -0.068474
v 0.009443 0.463975 -0.062314
v 0.010461 0.464090 -0.026957
v 0.009387 0.458863 -0.080913
v 0.007810 0.455941 -0.079558
v 0.007782 0.457405 -0.071275
v 0.012086 0.456759 -0.057490
v 0.009655 0.460388 -0.030766
v -0.027474 0.167540 -0.123195
v -0.051071 0.155325 -0.111952
v -0.041260 0.163805 -0.110975
v -0.031253 0.162215 -0.130124
v -0.050129 0.160346 -0.101846
v -0.005619 0.172310 -0.141902
v -0.060187 0.155167 -0.087954
v -0.065623 0.149379 -0.093025
v -0.073556 0.144175 -0.075869
v -0.068369 0.148690 -0.068240
v -0.079783 0.134624 -0.051681
v -0.072214 0.140986 -0.049378
v -0.078473 0.138012 -0.043122
v -0.011445 0.175047 -0.132451
v 0.050911 0.276458 0.328661
v 0.047542 0.267071 0.326646
v 0.063286 0.270094 0.326229
v 0.065571 0.278030 0.329352
v 0.052251 0.250579 0.327497
v 0.064763 0.259753 0.325852
v 0.061315 0.247418 0.323763
v 0.043955 0.256537 0.324233
v 0.051716 0.240208 0.319723
v 0.064535 0.240449 0.326196
v 0.061973 0.232622 0.320515
v 0.053925 0.235042 0.318666
v 0.037833 0.272221 0.319866
v 0.069568 0.268346 0.330743
v 0.081189 0.278200 0.328515
v 0.079517 0.260443 0.332166
v 0.066498 0.252094 0.330346
v 0.076746 0.245690 0.329971
v 0.040893 0.242955 0.314734
v 0.038653 0.262257 0.315378
v 0.036524 0.265861 0.313960
v 0.048922 0.234358 0.308332
v 0.054029 0.282760 0.322515
v 0.043623 0.283445 0.317841
v 0.057683 0.284961 0.325998
v 0.069163 0.282501 0.324212
v 0.049103 0.296143 0.298584
v 0.045914 0.294466 0.306162
v 0.051386 0.296909 0.305398
v 0.051863 0.293689 0.316401
v 0.065834 0.297087 0.312295
v 0.068134 0.293840 0.322311
v 0.079301 0.298465 0.315138
v 0.077582 0.291548 0.320930
v 0.068610 0.302075 0.311120
v 0.076467 0.305183 0.306441
v 0.066993 0.307348 0.299563
v 0.054616 0.302174 0.306089
v 0.060099 0.306798 0.294092
v 0.110497 0.326844 0.025628
v 0.114388 0.316459 0.036342
v 0.120205 0.316116 0.022674
v 0.131672 0.299747 0.015063
v 0.127684 0.295091 0.034000
v 0.118627 0.309441 0.048225
v 0.134414 0.278204 0.021489
v 0.136887 0.290488 0.007761
v 0.141070 0.281734 -0.003561
v 0.103358 0.323915 0.039307
v 0.116925 0.312442 0.058062
v 0.104209 0.318237 0.063732
v 0.092985 0.333500 0.033054
v 0.091289 0.328259 0.044741
v 0.133889 0.307457 0.075674
v 0.124506 0.316635 0.079767
v 0.114691 0.316426 0.070264
v 0.110737 0.321718 0.085997
v 0.092528 0.323775 0.058900
v 0.091681 0.321005 0.071221
v -0.070442 0.392046 0.001187
v -0.061622 0.383723 0.006587
v -0.074660 0.380963 0.000774
v -0.066200 0.399750 0.002124
v -0.065439 0.372613 0.008304
v -0.082020 0.383053 -0.000408
v -0.057470 0.370310 0.008617
v -0.077704 0.377342 0.004447
v 0.175919 -0.349574 0.161631
v 0.174774 -0.346414 0.174749
v 0.186450 -0.339096 0.171761
v 0.183948 -0.346237 0.158108
v 0.190524 -0.342829 0.156702
v 0.196658 -0.335027 0.167649
v 0.166698 -0.352893 0.161092
v 0.160148 -0.350572 0.172115
v 0.154938 -0.352502 0.171400
v 0.171835 -0.344870 0.177202
v 0.190776 -0.349806 0.152269
v 0.186281 -0.346011 0.189199
v 0.176085 -0.347464 0.188803
v 0.183691 -0.352588 0.202152
v 0.177124 -0.358542 0.222887
v 0.142242 -0.472906 0.336764
v 0.128564 -0.475184 0.337563
v 0.142004 -0.479596 0.339748
v 0.154025 -0.475129 0.334662
v 0.155874 -0.465029 0.332871
v 0.136883 -0.463396 0.335860
v 0.140555 -0.450787 0.331559
v 0.154831 -0.453405 0.328572
v 0.130800 -0.491860 0.340274
v 0.143487 -0.492532 0.339691
v 0.127558 -0.472822 0.334638
v 0.125064 -0.450067 0.327755
v 0.125547 -0.464260 0.333081
v 0.116387 -0.474183 0.330530
v 0.115506 -0.491956 0.333589
v 0.113598 -0.463945 0.326207
v 0.108201 -0.477624 0.325195
v 0.111111 -0.451598 0.317978
v 0.106071 -0.474667 0.319473
v 0.108448 -0.495467 0.325623
v 0.101162 -0.496734 0.316444
v 0.105581 -0.453690 0.307891
v 0.150328 -0.495477 0.335737
v 0.153197 -0.487996 0.337483
v 0.169385 -0.496238 0.327998
v 0.131040 -0.495184 0.335335
v -0.158352 -0.163422 -0.095103
v -0.173668 -0.152291 -0.099723
v -0.171691 -0.166536 -0.091246
v -0.158738 -0.155497 -0.100841
v -0.171917 -0.183429 -0.089007
v -0.158799 -0.182003 -0.093478
v 0.049374 0.297072 0.278414
v 0.038602 0.283818 0.278319
v 0.038532 0.289327 0.290634
v 0.049290 0.299568 0.292629
v 0.033414 0.273777 0.290070
v 0.039458 0.285216 0.302025
v 0.035880 0.264227 0.280854
v 0.033870 0.254571 0.291792
v 0.041594 0.270922 0.271839
v 0.034469 0.254042 0.302827
v 0.036741 0.268704 0.302246
v 0.039273 0.278169 0.302015
v 0.036197 0.277530 0.309918
v 0.036524 0.265861 0.313960
v 0.037833 0.272221 0.319866
v 0.043623 0.283445 0.317841
v 0.051863 0.293689 0.316401
v 0.045914 0.294466 0.306162
v 0.044871 0.286695 0.296351
v 0.049103 0.296143 0.298584
v 0.048828 0.294922 0.295410
v 0.051386 0.296909 0.305398
v 0.054616 0.302174 0.306089
v 0.060099 0.306798 0.294092
v 0.046783 0.293701 0.293945
v 0.050911 0.276458 0.328661
v 0.041510 0.264074 0.307609
v 0.051885 0.298524 0.287678
v 0.043526 0.246933 0.306783
v 0.037389 0.248328 0.302383
v 0.050154 0.264222 0.271225
v 0.044277 0.253188 0.279384
v 0.056086 0.271174 0.263306
v 0.044496 0.244979 0.287435
v 0.040599 0.242800 0.294403
v 0.049990 0.283151 0.266609
v 0.056330 0.284125 0.263789
v 0.124923 -0.372104 0.220251
v 0.111220 -0.372213 0.228320
v 0.123436 -0.364615 0.227816
v 0.114730 -0.379117 0.217812
v 0.111894 -0.365476 0.238167
v 0.118354 -0.381162 0.210562
v 0.127880 -0.374067 0.211186
v 0.126747 -0.381354 0.205542
v 0.120586 -0.352734 0.234613
v 0.111653 -0.355416 0.239642
v 0.112354 -0.349734 0.246087
v 0.126160 -0.341663 0.241374
v 0.129377 -0.348814 0.236325
v 0.122568 -0.342702 0.247927
v 0.155370 -0.342030 0.240524
v 0.149500 -0.348169 0.235891
v 0.145383 -0.339889 0.247181
v 0.162605 -0.342319 0.241929
v 0.139357 -0.340589 0.252207
v 0.123604 -0.401654 0.209556
v 0.134072 -0.401251 0.208440
v 0.158697 -0.340720 0.231983
v 0.115144 -0.348433 0.249995
v 0.153471 -0.340747 0.234221
v 0.070678 0.296874 0.262261
v 0.056330 0.284125 0.263789
v 0.061897 0.300854 0.272294
v 0.070465 0.284141 0.257501
v 0.056644 0.295176 0.276449
v 0.049990 0.283151 0.266609
v 0.049374 0.297072 0.278414
v 0.038602 0.283818 0.278319
v 0.041594 0.270922 0.271839
v 0.058029 0.294955 0.280351
v 0.189336 -0.368722 0.179900
v 0.196425 -0.363594 0.186354
v 0.186654 -0.368596 0.207004
v 0.188141 -0.365126 0.174440
v 0.205595 -0.353937 0.170566
v 0.201115 -0.356793 0.165893
v 0.184693 -0.367562 0.168766
v 0.187779 -0.363313 0.158807
v 0.174770 -0.374699 0.163439
v 0.180734 -0.366227 0.163458
v 0.190776 -0.349806 0.152269
v 0.204118 -0.344995 0.167940
v -0.007547 0.146427 -0.132294
v -0.017190 0.143289 -0.115971
v -0.027933 0.142274 -0.122663
v -0.003010 0.145540 -0.123567
v 0.011903 0.148184 -0.130036
v 0.018786 0.146289 -0.121799
v -0.027835 0.142847 -0.112085
v -0.037464 0.139116 -0.114696
v -0.031658 0.140006 -0.107542
v -0.037285 0.135721 -0.100012
v -0.048555 0.135155 -0.102210
v -0.044442 0.134071 -0.092532
v -0.056414 0.131968 -0.091206
v -0.051387 0.131069 -0.081815
v -0.060057 0.130314 -0.085815
v -0.056899 0.126104 -0.067120
v -0.063751 0.128281 -0.077656
v 0.029971 0.153098 -0.129584
v 0.031578 0.148798 -0.117998
v 0.045729 0.151155 -0.111966
v 0.014115 0.152368 -0.133898
v -0.064093 0.123439 -0.071827
v -0.063398 0.121815 -0.064671
v -0.067328 0.119141 -0.063403
v -0.068687 0.114681 -0.053428
v -0.002472 0.140162 -0.119300
v 0.167454 0.186323 0.118836
v 0.159769 0.194677 0.121995
v 0.162451 0.192319 0.129821
v 0.170830 0.183293 0.131150
v 0.165272 0.196983 0.095403
v 0.159818 0.201652 0.106569
v 0.151730 0.205419 0.116356
v 0.144185 0.204493 0.128471
v 0.153676 0.197591 0.130712
v 0.142942 0.208104 0.127769
v 0.167856 0.189873 0.089990
v 0.174367 0.172781 0.124934
v 0.173116 0.172152 0.117755
v 0.170400 0.175188 0.103130
v 0.175880 0.164229 0.125374
v 0.163160 0.196156 0.135958
v 0.167379 0.175518 0.082304
v 0.174754 0.199268 0.081814
v 0.168126 0.206674 0.098420
v 0.156467 0.213044 0.115138
v 0.172596 0.183978 0.082413
v -0.075851 0.123820 -0.049409
v -0.068309 0.119917 -0.043411
v -0.078473 0.138012 -0.043122
v -0.075120 0.138006 -0.039783
v -0.080218 0.157477 -0.037553
v -0.084858 0.165800 -0.038803
v -0.074419 0.173053 -0.034503
v -0.078383 0.190488 -0.029682
v -0.088674 0.197191 -0.036736
v -0.081881 0.205922 -0.031761
v -0.060678 0.180034 -0.009154
v -0.068455 0.152387 -0.039294
v -0.050763 0.151896 -0.011234
v -0.062827 0.139456 -0.038418
v -0.065185 0.134404 -0.043101
v -0.046930 0.167336 0.002949
v -0.032065 0.149330 0.013485
v -0.036020 0.127709 0.000082
v -0.050085 0.118692 -0.024875
v -0.019951 0.124965 0.015803
v -0.023853 0.098321 0.005116
v -0.038082 0.105525 -0.010368
v -0.029716 0.163530 0.026119
v -0.021533 0.150787 0.030150
v -0.040289 0.066628 -0.023985
v -0.012632 0.142282 0.029311
v -0.031660 0.066273 -0.007816
v -0.018628 0.068240 0.008741
v -0.006883 0.131993 0.029496
v -0.004304 0.103899 0.021114
v -0.017272 0.086292 0.010195
v -0.007555 0.081201 0.020652
v -0.072601 0.204897 -0.010428
v -0.066639 0.195773 -0.002989
v -0.050642 0.185704 0.013591
v -0.002485 0.128917 0.028942
v -0.054449 0.118644 -0.036118
v -0.044650 0.066754 -0.038024
v -0.037219 0.178103 0.030738
v -0.079783 0.134624 -0.051681
v -0.011500 0.058676 0.022144
v -0.087486 0.183739 -0.039517
v -0.088596 0.209377 -0.040964
v -0.027547 0.162649 0.033232
v -0.003902 0.084859 0.022427
v -0.068687 0.114681 -0.053428
v -0.078183 0.221796 -0.034165
v -0.068946 0.211523 -0.005899
v -0.067274 0.202489 0.014284
v -0.054261 0.106968 -0.052514
v -0.047951 0.073424 -0.051636
v -0.057523 0.193970 0.026162
v -0.059675 0.199114 0.032195
v -0.044636 0.181924 0.042494
v -0.042828 0.184735 0.050220
v -0.050951 0.196473 0.045976
v -0.036616 0.164135 0.048389
v -0.030352 0.173389 0.057708
v -0.034739 0.199620 0.062088
v -0.023838 0.140101 0.046797
v -0.029192 0.140983 0.041280
v -0.018656 0.129048 0.043005
v -0.047731 0.069661 -0.060039
v -0.013057 0.133306 0.049737
v -0.034563 0.156926 0.040975
v -0.038801 0.170406 0.042606
v -0.009073 0.152232 0.060027
v -0.009990 0.142301 0.056491
v -0.003580 0.121307 0.043062
v -0.014712 0.125105 0.040513
v -0.024214 0.133702 0.037096
v -0.009446 0.169345 0.064715
v -0.011306 0.186933 0.068262
v 0.079040 0.279327 0.257412
v 0.089333 0.270930 0.257011
v 0.079263 0.257142 0.264040
v 0.069752 0.268020 0.263926
v 0.070465 0.284141 0.257501
v 0.064387 0.272056 0.264636
v 0.056330 0.284125 0.263789
v 0.089551 0.253986 0.258105
v 0.084055 0.244899 0.262088
v 0.099642 0.263548 0.255625
v 0.056086 0.271174 0.263306
v 0.090692 0.281925 0.259042
v 0.110692 0.268551 0.257346
v 0.070678 0.296874 0.262261
v 0.070314 0.251150 0.278174
v 0.064554 0.265809 0.276953
v 0.059753 0.265100 0.284314
v 0.062316 0.249300 0.293772
v 0.067075 0.248007 0.288562
v 0.030714 -0.126450 0.207187
v 0.033639 -0.134799 0.202254
v 0.017889 -0.131681 0.207630
v 0.025523 -0.124004 0.209808
v 0.025449 -0.147570 0.201311
v 0.017955 -0.152805 0.207046
v 0.019928 -0.158455 0.199841
v 0.040293 -0.132696 0.207243
v 0.038416 -0.126613 0.216495
v 0.054351 -0.133114 0.215296
v -0.065697 0.417907 -0.004625
v -0.070302 0.411164 -0.012470
v -0.073309 0.403343 -0.015607
v -0.066612 0.405882 0.001606
v -0.063937 0.416377 0.005655
v -0.067762 0.400402 0.006009
v -0.065246 0.423328 0.006202
v -0.066124 0.430194 0.011741
v -0.066200 0.399750 0.002124
v -0.074930 0.395814 -0.006057
v -0.080497 0.396036 -0.012244
v -0.077103 0.416945 -0.016837
v -0.073092 0.421051 -0.010816
v -0.080759 0.397760 -0.023613
v -0.075743 0.403778 -0.020901
v -0.085081 0.408427 -0.020440
v -0.090532 0.413245 -0.023890
v -0.095190 0.407419 -0.026514
v -0.079679 0.426748 -0.001328
v -0.076336 0.423711 -0.001174
v -0.078266 0.424247 -0.007365
v 0.073921 0.301974 0.275676
v 0.058029 0.294955 0.280351
v 0.065894 0.296847 0.279744
v 0.061897 0.300854 0.272294
v 0.081459 0.294220 0.280734
v 0.089805 0.293434 0.275993
v 0.067593 0.281557 0.283647
v -0.192281 0.232541 -0.068727
v -0.177958 0.228939 -0.075663
v -0.186682 0.218879 -0.063456
v -0.183655 0.241789 -0.079655
v -0.198145 0.219120 -0.057669
v -0.171419 0.234699 -0.087084
v -0.174897 0.245059 -0.088354
v -0.187416 0.211305 -0.055443
v -0.197160 0.207775 -0.043350
v -0.186734 0.204787 -0.044913
v -0.192598 0.199765 -0.038515
v -0.183657 0.196950 -0.042893
v -0.179364 0.186345 -0.034147
v -0.160607 0.248327 -0.086754
v -0.159100 0.238264 -0.086741
v 0.114772 0.040633 -0.027635
v 0.115146 0.047597 -0.028832
v 0.122772 0.035197 -0.041263
v 0.121188 0.050803 -0.040659
v 0.117896 0.034404 -0.028807
v 0.107806 0.063202 -0.030952
v 0.124070 0.028329 -0.035379
v 0.106931 0.074061 -0.031945
v 0.119762 0.067628 -0.042651
v 0.113560 0.080188 -0.040590
v 0.101778 0.083310 -0.031650
v 0.104792 0.096678 -0.036986
v 0.126129 0.050932 -0.044426
v 0.096766 0.092980 -0.031050
v 0.134310 0.035157 -0.046943
v 0.131187 0.029706 -0.042344
v -0.039516 -0.351122 -0.284011
v -0.036086 -0.347721 -0.275913
v -0.041018 -0.363738 -0.272875
v -0.049672 -0.364584 -0.277544
v -0.053371 -0.354782 -0.289697
v -0.054899 -0.376722 -0.271856
v -0.052715 -0.362028 -0.283381
v -0.049613 -0.382300 -0.266487
v -0.042779 -0.342162 -0.281641
v -0.038625 -0.335560 -0.269007
v -0.039020 -0.338342 -0.263289
v -0.055044 -0.411099 -0.284233
v -0.049490 -0.415210 -0.275858
v -0.057879 -0.419954 -0.277733
v -0.054751 -0.425091 -0.271487
v -0.058764 -0.428424 -0.274526
v -0.057939 -0.437589 -0.268161
v -0.048686 -0.399698 -0.275397
v -0.060992 -0.451861 -0.272497
v -0.055910 -0.390051 -0.281322
v -0.060596 -0.446168 -0.266338
v -0.062089 -0.428179 -0.266324
v -0.052468 -0.382244 -0.291580
v -0.052774 -0.370442 -0.288323
v -0.048065 -0.408565 -0.298264
v -0.042348 -0.400634 -0.306772
v -0.043084 -0.387268 -0.303708
v -0.048672 -0.375988 -0.293683
v 0.027101 0.262304 0.069770
v 0.041812 0.264558 0.079555
v 0.027190 0.275309 0.068615
v 0.012549 0.255365 0.063869
v 0.003575 0.270049 0.055446
v 0.025459 0.285512 0.064360
v 0.014920 0.289911 0.055960
v 0.023036 0.248155 0.068377
v 0.043021 0.285046 0.081644
v 0.044729 0.272347 0.085480
v 0.040630 0.300058 0.071885
v 0.051074 0.298539 0.085140
v 0.045635 0.271810 0.090727
v 0.028921 0.303429 0.055883
v 0.031473 0.309426 0.054483
v -0.001411 0.259008 0.057764
v -0.002939 0.240564 0.064027
v 0.054571 0.286464 0.101567
v 0.062741 0.296765 0.105754
v 0.067351 0.288383 0.108970
v 0.062065 0.262200 0.114490
v 0.045379 0.265363 0.100104
v 0.059484 0.244892 0.116150
v 0.067937 0.238711 0.122986
v 0.077612 0.256987 0.123946
v 0.078346 0.232953 0.128945
v 0.046613 0.256213 0.100322
v 0.048364 0.263228 0.088980
v 0.089170 0.228499 0.133199
v 0.082253 0.302120 0.108311
v 0.090417 0.272009 0.121991
v 0.096266 0.248308 0.130707
v 0.079286 0.308642 0.106842
v 0.034943 0.251101 0.071108
v 0.099072 0.286057 0.118004
v 0.106625 0.226319 0.136359
v 0.101557 0.222771 0.134914
v 0.039195 0.313599 0.053839
v 0.041903 0.320393 0.050261
v 0.050450 0.324136 0.047537
v 0.118099 0.213532 0.133021
v 0.075346 0.327812 0.052796
v 0.054476 0.316467 0.064704
v 0.078940 0.319462 0.077126
v 0.068384 0.315888 0.078438
v 0.057860 0.309646 0.080880
v 0.059964 0.329262 0.044580
v 0.065113 0.335166 0.037393
v 0.078974 0.318195 0.091438
v 0.068006 0.307954 0.097731
v 0.095439 0.314293 0.103715
v 0.094865 0.322631 0.090001
v 0.074033 0.337442 0.031959
v 0.091681 0.321005 0.071221
v 0.092528 0.323775 0.058900
v 0.091289 0.328259 0.044741
v 0.092985 0.333500 0.033054
v 0.084571 0.343725 0.021479
v 0.095826 0.338381 0.027234
v 0.114125 0.314251 0.096340
v 0.110737 0.321718 0.085997
v 0.086632 0.346091 0.020626
v 0.074009 0.345630 0.024074
v 0.059426 0.334581 0.041748
v 0.151837 0.173865 0.065867
v 0.141214 0.162530 0.075918
v 0.139413 0.173313 0.061517
v 0.154496 0.162704 0.078787
v 0.147517 0.191187 0.046436
v 0.132112 0.186278 0.045204
v 0.137484 0.203856 0.032789
v 0.162128 0.169405 0.076891
v 0.156095 0.183842 0.059498
v 0.157291 0.201076 0.044753
v 0.152741 0.209771 0.036800
v 0.161327 0.183518 0.066645
v 0.167485 0.198309 0.060616
v 0.161030 0.204491 0.047872
v 0.143724 0.155495 0.090589
v 0.167896 0.188808 0.074690
v 0.167379 0.175518 0.082304
v 0.172596 0.183978 0.082413
v 0.174754 0.199268 0.081814
v 0.164444 0.171803 0.084096
v 0.162057 0.158168 0.091876
v 0.168099 0.168904 0.091726
v 0.154151 0.150877 0.095678
v 0.164336 0.160313 0.096576
v 0.166626 0.151153 0.121296
v 0.171142 0.156262 0.121676
v 0.168664 0.163135 0.105783
v 0.170400 0.175188 0.103130
v 0.158116 0.144935 0.122884
v 0.173116 0.172152 0.117755
v 0.175880 0.164229 0.125374
v -0.059451 0.128247 -0.050487
v -0.062827 0.139456 -0.038418
v -0.065185 0.134404 -0.043101
v -0.062126 0.128312 -0.049967
v -0.060949 0.127374 -0.060865
v -0.054449 0.118644 -0.036118
v -0.054261 0.106968 -0.052514
v -0.056899 0.126104 -0.067120
v 0.054859 0.469672 -0.039401
v 0.049975 0.475323 -0.020803
v 0.054380 0.463788 -0.022859
v 0.053822 0.468954 -0.015658
v 0.051188 0.477724 -0.012069
v 0.045774 0.478246 -0.025767
v 0.047168 0.483036 -0.011697
v 0.053112 0.459825 -0.030073
v 0.055998 0.453520 -0.030008
v 0.074728 0.416417 -0.065098
v 0.079756 0.409699 -0.076879
v 0.064239 0.405534 -0.065868
v 0.068819 0.415158 -0.059670
v 0.083180 0.413107 -0.075503
v 0.062275 0.415356 -0.056916
v 0.016921 0.451401 -0.056786
v 0.011730 0.441353 -0.053716
v 0.012053 0.451828 -0.037933
v 0.014540 0.454619 -0.044027
v 0.012866 0.443012 -0.071752
v 0.016847 0.448339 -0.066015
v 0.005919 0.441108 -0.045098
v 0.009655 0.460388 -0.030766
v 0.013160 0.427493 -0.053865
v 0.018940 0.434613 -0.067132
v 0.017178 0.424815 -0.060183
v 0.014748 0.410244 -0.062615
v 0.016384 0.440018 -0.077107
v 0.012086 0.456759 -0.057490
v 0.049849 0.463022 -0.032718
v 0.046952 0.455520 -0.029119
v 0.040691 0.455481 -0.024377
v 0.034040 0.464477 -0.020730
v 0.050317 0.444630 -0.025124
v 0.039563 0.471897 -0.033043
v 0.047680 0.471112 -0.040575
v 0.039118 0.475951 -0.032986
v 0.029266 0.469712 -0.024049
v 0.055998 0.453520 -0.030008
v 0.059946 0.446782 -0.035666
v 0.054859 0.469672 -0.039401
v 0.053112 0.459825 -0.030073
v 0.059397 0.441407 -0.036821
v 0.053003 0.439461 -0.022803
v 0.064018 0.439069 -0.037263
v 0.054434 0.431941 -0.023997
v 0.052128 0.259005 0.276678
v 0.059753 0.265100 0.284314
v 0.056441 0.262494 0.285101
v 0.064554 0.265809 0.276953
v 0.058978 0.261243 0.293130
v 0.050154 0.264222 0.271225
v 0.064387 0.272056 0.264636
v 0.056086 0.271174 0.263306
v 0.044277 0.253188 0.279384
v 0.057924 0.249460 0.294620
v 0.051327 0.245427 0.292323
v 0.044496 0.244979 0.287435
v 0.040599 0.242800 0.294403
v 0.049226 0.246866 0.302033
v 0.043526 0.246933 0.306783
v 0.063380 -0.233731 0.214307
v 0.076220 -0.233144 0.218741
v 0.061190 -0.231846 0.222176
v 0.083403 -0.232379 0.223002
v 0.059563 -0.233157 0.211893
v 0.061169 -0.223923 0.232640
v 0.082979 -0.227731 0.228141
v 0.093022 -0.231373 0.226614
v 0.085356 -0.215833 0.236108
v 0.071012 -0.204814 0.249962
v 0.049564 -0.205705 0.246869
v 0.094007 -0.227080 0.227021
v 0.043454 -0.210395 0.228850
v 0.037728 -0.201405 0.238832
v 0.067113 -0.246745 0.213286
v 0.045872 -0.174238 0.245761
v 0.028822 -0.190378 0.230818
v 0.033989 -0.159041 0.234465
v 0.017980 -0.155466 0.220024
v 0.022416 -0.174496 0.224642
v 0.046212 -0.160879 0.244222
v 0.025523 -0.124004 0.209808
v 0.017889 -0.131681 0.207630
v 0.042885 -0.142002 0.230966
v -0.051165 0.012032 -0.186829
v -0.045948 0.000986 -0.199498
v -0.052107 -0.011994 -0.204034
v -0.058899 0.002848 -0.188438
v -0.072697 0.009785 -0.171164
v -0.052210 0.027722 -0.167590
v -0.037594 0.026172 -0.180599
v -0.071372 0.027804 -0.149210
v -0.083389 0.024169 -0.141218
v -0.082699 0.014167 -0.155397
v -0.087851 0.016364 -0.139952
v -0.076970 0.010876 -0.164445
v -0.073768 0.002547 -0.161951
v -0.081590 0.009141 -0.151280
v -0.069787 -0.004919 -0.169497
v -0.100090 -0.040539 -0.179311
v -0.116792 -0.030992 -0.159528
v -0.092397 -0.030485 -0.176323
v -0.095769 -0.014644 -0.156989
v -0.082184 -0.015561 -0.168305
v -0.111990 -0.016718 -0.145601
v -0.126856 -0.027647 -0.147191
v -0.101029 -0.003527 -0.141783
v -0.080400 -0.023969 -0.174429
v -0.067552 -0.010148 -0.178910
v -0.077007 -0.038177 -0.190204
v -0.093468 -0.039905 -0.177646
v -0.078485 -0.056077 -0.201766
v -0.099616 -0.060405 -0.189060
v -0.097976 -0.049841 -0.182356
v -0.065468 -0.048082 -0.209229
v -0.105087 -0.064186 -0.186040
v -0.061858 -0.033239 -0.206490
v -0.060498 0.414944 -0.022586
v -0.059257 0.396934 -0.025073
v -0.068167 0.402763 -0.020430
v -0.049939 0.408730 -0.026246
v -0.070165 0.392719 -0.022103
v -0.068485 0.381953 -0.030099
v -0.080759 0.397760 -0.023613
v -0.075743 0.403778 -0.020901
v -0.045707 0.394690 -0.023852
v -0.044748 0.385312 -0.022903
v -0.055835 0.384802 -0.024096
v -0.078404 0.410442 -0.025854
v -0.065220 0.418434 -0.021592
v -0.060824 0.424454 -0.023142
v -0.090532 0.413245 -0.023890
v -0.095190 0.407419 -0.026514
v -0.027149 0.416706 0.102525
v -0.016766 0.414302 0.106684
v -0.033835 0.406813 0.105477
v -0.016093 0.424401 0.098142
v -0.001386 0.416618 0.104418
v -0.027211 0.421603 0.094866
v -0.020298 0.409765 0.112004
v -0.005753 0.415575 0.108697
v -0.006253 0.423197 0.096102
v -0.034218 0.413401 0.095885
v -0.035244 0.407173 0.111265
v -0.027955 0.420873 0.088072
v -0.040470 0.400631 0.088399
v -0.041346 0.397056 0.096401
v 0.038529 0.343318 -0.108805
v 0.041229 0.329241 -0.105588
v 0.045014 0.326755 -0.110596
v 0.048519 0.328307 -0.118329
v 0.034685 0.338535 -0.094965
v 0.058898 0.309810 -0.114206
v 0.048939 0.320739 -0.106007
v 0.052591 0.320455 -0.124615
v 0.065233 0.309390 -0.122534
v 0.068423 0.298812 -0.114684
v 0.079147 0.297770 -0.122832
v 0.077949 0.290814 -0.115594
v 0.080057 0.288232 -0.106617
v 0.064830 0.308808 -0.126225
v 0.037780 0.341123 -0.117030
v 0.084457 0.291451 -0.119673
v 0.086809 0.287998 -0.125726
v 0.037946 0.354555 -0.118702
v 0.038634 0.349426 -0.094727
v 0.092467 0.291885 -0.113152
v 0.040804 0.368441 -0.112002
v 0.037408 0.474106 -0.048623
v 0.039563 0.471897 -0.033043
v 0.027806 0.470811 -0.030550
v 0.029266 0.469712 -0.024049
v 0.031498 0.472173 -0.043532
v -0.069690 0.402871 0.045165
v -0.073704 0.398797 0.030324
v -0.070841 0.388561 0.037674
v -0.071749 0.403824 0.035434
v -0.073613 0.407779 0.038489
v -0.069210 0.395632 0.028555
v -0.068824 0.382679 0.032969
v -0.066161 0.395969 0.026413
v -0.060538 0.374834 0.025869
v -0.070456 0.395054 0.018932
v -0.073900 0.391028 0.011791
v -0.072231 0.383311 0.013251
v -0.077704 0.377342 0.004447
v -0.082020 0.383053 -0.000408
v -0.063002 0.386670 0.019229
v -0.060280 0.377227 0.016305
v -0.065439 0.372613 0.008304
v -0.057470 0.370310 0.008617
v -0.056789 0.367443 0.025150
v -0.051650 0.462551 0.074069
v -0.058811 0.447659 0.068496
v -0.052413 0.451941 0.074696
v -0.042775 0.467058 0.080226
v -0.040100 0.475187 0.078533
v -0.071943 0.443898 0.031631
v -0.081026 0.436026 0.043335
v -0.074178 0.444294 0.046327
v -0.073563 0.439630 0.054893
v -0.085820 0.429460 0.048170
v -0.102650 0.420416 0.037832
v -0.063420 0.449109 0.057778
v -0.054376 0.460601 0.065909
v -0.046286 0.470007 0.067631
v -0.041005 0.477630 0.072005
v -0.039068 0.484579 0.066296
v -0.032433 0.479998 0.076960
v -0.075590 0.434735 0.054685
v -0.062328 0.460338 0.060196
v -0.057308 0.469205 0.058522
v -0.069627 0.462651 0.049858
v -0.094089 0.421971 0.043719
v -0.072720 0.458210 0.054943
v -0.089106 0.457564 0.044138
v -0.085680 0.453320 0.048111
v -0.090704 0.452430 0.043587
v -0.068637 0.452153 0.055950
v -0.058453 0.427860 0.060153
v -0.070564 0.426535 0.052188
v -0.070697 0.416912 0.056123
v -0.079093 0.412606 0.051134
v -0.078945 0.423152 0.047673
v -0.083135 0.414957 0.041161
v -0.091878 0.407842 0.036946
v -0.086008 0.401614 0.046365
v -0.096749 0.400375 0.036837
v -0.090434 0.412847 0.034690
v -0.106388 0.412325 0.028715
v -0.105671 0.417080 0.029407
v -0.057833 0.375314 0.028610
v -0.048988 0.380406 0.028011
v -0.061686 0.378733 0.033559
v -0.056516 0.387522 0.039613
v -0.049152 0.372389 0.024782
v -0.052171 0.364714 0.016189
v -0.046392 0.371089 0.018099
v -0.055355 0.394449 0.045136
v -0.057813 0.400641 0.050656
v -0.049209 0.385913 0.040758
v -0.057691 0.418865 0.058222
v -0.077172 0.405938 0.049853
v -0.050112 0.435905 0.064131
v -0.042899 0.443861 0.067255
v -0.041992 0.451741 0.072770
v -0.033872 0.462137 0.075590
v -0.044982 0.370940 0.027449
v -0.089961 0.259091 0.064985
v -0.082652 0.267346 0.063632
v -0.077696 0.252394 0.074909
v -0.076617 0.265451 0.065751
v -0.070375 0.263791 0.075968
v -0.070119 0.272310 0.068976
v -0.073385 0.283013 0.066481
v -0.080744 0.276455 0.061859
v -0.088100 0.252132 0.065933
v -0.083532 0.248441 0.075989
v -0.094824 0.247741 0.070779
v 0.097705 0.410508 -0.040972
v 0.094357 0.403176 -0.044543
v 0.085289 0.399877 -0.041704
v 0.085179 0.408599 -0.032123
v -0.051742 -0.400566 -0.316601
v -0.057832 -0.406459 -0.302081
v -0.061996 -0.407532 -0.308594
v -0.068865 -0.407775 -0.315334
v -0.066620 -0.406398 -0.322425
v -0.074252 -0.409071 -0.321522
v -0.048065 -0.408565 -0.298264
v -0.042348 -0.400634 -0.306772
v -0.055266 -0.411751 -0.294267
v -0.055044 -0.411099 -0.284233
v 0.067548 0.444667 -0.034223
v 0.066480 0.435902 -0.024157
v 0.064018 0.439069 -0.037263
v 0.054434 0.431941 -0.023997
v -0.158738 -0.155497 -0.100841
v -0.158352 -0.163422 -0.095103
v -0.156357 -0.166043 -0.105211
v -0.152485 -0.181264 -0.102342
v -0.159873 -0.153712 -0.111000
v -0.158799 -0.182003 -0.093478
v -0.143463 0.185248 -0.119036
v -0.140345 0.195399 -0.111130
v -0.134440 0.181381 -0.109756
v -0.127734 0.185591 -0.105054
v -0.130212 0.197133 -0.107943
v -0.122145 0.182754 -0.095873
v -0.129025 0.175316 -0.097004
v 0.124585 -0.411200 0.213862
v 0.134555 -0.412556 0.212789
v 0.123368 -0.413716 0.230068
v 0.131133 -0.416706 0.227581
v 0.123604 -0.401654 0.209556
v 0.134072 -0.401251 0.208440
v 0.114663 -0.384567 0.243591
v 0.111220 -0.372213 0.228320
v 0.122925 -0.412449 0.245879
v 0.114730 -0.379117 0.217812
v 0.111894 -0.365476 0.238167
v 0.118354 -0.381162 0.210562
v 0.112354 -0.349734 0.246087
v 0.111653 -0.355416 0.239642
v 0.122439 -0.396742 0.251147
v 0.115144 -0.348433 0.249995
v 0.129981 -0.404299 0.255105
v -0.053011 0.420428 -0.041082
v -0.049439 0.409181 -0.039725
v -0.051294 0.414014 -0.031935
v -0.057374 0.429502 -0.030620
v -0.044792 0.404080 -0.028073
v -0.046216 0.403913 -0.035349
v -0.060784 0.428080 -0.039791
v -0.065347 0.427810 -0.050879
v -0.049663 0.396543 -0.043876
v -0.048897 0.401415 -0.044195
v 0.086632 0.346091 0.020626
v 0.095826 0.338381 0.027234
v 0.089351 0.349886 0.032520
v 0.096108 0.350976 0.037182
v 0.088490 0.357910 0.037451
v 0.105211 0.339707 0.026323
v 0.109481 0.336845 0.022822
v 0.096854 0.359813 0.037276
v 0.088073 0.364688 0.034568
v 0.084350 0.355382 0.037607
v 0.081597 0.349664 0.028569
v 0.074009 0.345630 0.024074
v 0.071541 0.345853 0.041345
v 0.065796 0.340178 0.036115
v 0.059426 0.334581 0.041748
v 0.060617 0.342943 0.052822
v 0.048336 0.332525 0.057486
v 0.079098 0.360484 0.047126
v 0.050450 0.324136 0.047537
v 0.041903 0.320393 0.050261
v 0.028558 0.320499 0.068716
v 0.031473 0.309426 0.054483
v 0.028857 0.313571 0.063450
v 0.013712 0.299893 0.068051
v 0.018390 0.296980 0.056469
v 0.014920 0.289911 0.055960
v 0.065113 0.335166 0.037393
v 0.003575 0.270049 0.055446
v -0.006678 0.268933 0.061621
v -0.001411 0.259008 0.057764
v -0.009552 0.259919 0.064078
v -0.016141 0.273890 0.066861
v -0.002939 0.240564 0.064027
v -0.009312 0.245490 0.068080
v -0.006118 0.223527 0.065598
v 0.005334 0.277352 0.056487
v -0.006397 0.199651 0.063765
v -0.011306 0.186933 0.068262
v -0.015105 0.204019 0.069820
v -0.009446 0.169345 0.064715
v -0.005038 0.185887 0.060521
v -0.014576 0.227649 0.069452
v 0.016704 0.207871 0.063128
v 0.014072 0.162816 0.048601
v 0.029397 0.190553 0.051662
v 0.033749 0.166201 0.041605
v 0.019676 0.146965 0.044008
v 0.032400 0.149144 0.041194
v 0.051364 0.153714 0.032852
v 0.060265 0.156920 0.027482
v 0.051952 0.172428 0.033235
v 0.081743 0.164368 0.012766
v 0.056267 0.185095 0.033198
v 0.079305 0.190955 0.018866
v 0.097052 0.169326 0.000936
v 0.096234 0.191298 0.004930
v 0.037613 0.221231 0.057730
v 0.048465 0.211132 0.047338
v 0.027691 0.238055 0.065384
v 0.011657 0.219053 0.066671
v 0.063314 0.206593 0.036928
v 0.081660 0.208037 0.024649
v 0.011269 0.233610 0.067209
v -0.004438 0.146519 0.047899
v -0.004972 0.164233 0.052963
v 0.102400 0.213358 0.010314
v 0.110188 0.179105 -0.012269
v 0.114914 0.202463 -0.007586
v -0.009142 0.288344 0.071961
v 0.124705 0.220051 -0.006238
v 0.126175 0.193805 -0.025037
v 0.122784 0.182433 -0.020980
v 0.130756 0.192545 -0.031884
v -0.007825 0.137251 0.050986
v -0.000342 0.282568 0.066896
v 0.002626 0.309604 0.078168
v 0.013841 0.328299 0.077073
v 0.033463 0.342893 0.069202
v 0.051215 0.342200 0.058945
v 0.005299 0.321158 0.079868
v 0.044543 0.354537 0.058747
v 0.133232 0.216208 -0.020547
v 0.020076 0.338627 0.079270
v 0.069328 0.225171 0.048543
v 0.051154 0.229533 0.059481
v 0.037387 0.231896 0.064579
v 0.078677 0.217023 0.035487
v 0.012549 0.255365 0.063869
v 0.047494 0.244584 0.070679
v -0.009990 0.142301 0.056491
v 0.127456 0.233621 0.002874
v 0.112452 0.222708 0.009998
v 0.122568 0.176860 -0.022261
v 0.106218 0.165167 -0.001769
v 0.104764 0.157355 -0.002790
v 0.086525 0.147732 0.017204
v 0.090810 0.158250 0.013397
v 0.072018 0.150778 0.029379
v 0.073865 0.139991 0.026259
v 0.051079 0.145199 0.042330
v 0.055625 0.134031 0.038367
v 0.039710 0.131875 0.045862
v 0.039815 0.143309 0.046862
v 0.021444 0.139784 0.050943
v 0.016318 0.126685 0.048656
v 0.040399 0.128637 0.042783
v -0.013057 0.133306 0.049737
v 0.135484 0.254661 0.004371
v 0.089513 0.146219 0.010805
v -0.009073 0.152232 0.060027
v 0.023036 0.248155 0.068377
v 0.034943 0.251101 0.071108
v 0.097280 0.221119 0.025358
v 0.113911 0.227409 0.016574
v 0.124199 0.236945 0.015651
v -0.003580 0.121307 0.043062
v 0.060655 0.233485 0.062905
v 0.032444 0.346545 0.066700
v 0.083588 0.219087 0.036340
v 0.041812 0.264558 0.079555
v 0.062489 0.227915 0.054102
v 0.113625 0.163848 -0.018085
v -0.034739 0.199620 0.062088
v -0.034203 0.208670 0.062211
v 0.184827 -0.418269 0.178707
v 0.192643 -0.419029 0.182102
v 0.184628 -0.416518 0.188252
v 0.191849 -0.416973 0.192370
v 0.199704 -0.417904 0.184981
v 0.204992 -0.418189 0.191932
v 0.178385 -0.420150 0.183634
v 0.174454 -0.420222 0.177133
v 0.172893 -0.422935 0.184332
v 0.160007 -0.422214 0.186630
v 0.193237 -0.419050 0.194661
v 0.195923 -0.419338 0.203707
v 0.196200 -0.415334 0.210395
v -0.164476 -0.152882 -0.116683
v -0.178029 -0.147927 -0.112061
v -0.168446 -0.149730 -0.108165
v -0.159873 -0.153712 -0.111000
v -0.158738 -0.155497 -0.100841
v -0.173668 -0.152291 -0.099723
v -0.170127 -0.158452 -0.123377
v -0.036680 0.360154 -0.014415
v -0.032025 0.349983 -0.020485
v -0.033201 0.346978 -0.012498
v -0.030184 0.361173 -0.027000
v -0.038354 0.373730 -0.023708
v -0.043426 0.381083 -0.014618
v -0.042256 0.364446 -0.005269
v -0.044748 0.385312 -0.022903
v -0.052377 0.375180 -0.001698
v -0.051711 0.390150 -0.010077
v -0.058730 0.386094 0.005045
v -0.056822 0.396000 -0.006074
v -0.066200 0.399750 0.002124
v -0.053027 0.374271 0.003649
v -0.057470 0.370310 0.008617
v -0.033704 0.354315 -0.006772
v -0.028423 0.390011 -0.033586
v -0.030796 0.408684 -0.035496
v -0.021106 0.395329 -0.043521
v -0.027005 0.369224 -0.032372
v -0.015699 0.395289 -0.051596
v -0.016841 0.418526 -0.046021
v -0.024655 0.424821 -0.038938
v -0.023654 0.377925 -0.045836
v -0.012409 0.391247 -0.056702
v -0.044792 0.404080 -0.028073
v -0.045707 0.394690 -0.023852
v -0.049939 0.408730 -0.026246
v -0.051294 0.414014 -0.031935
v -0.060498 0.414944 -0.022586
v -0.057374 0.429502 -0.030620
v -0.060824 0.424454 -0.023142
v -0.044773 0.369438 0.003571
v -0.061622 0.383723 0.006587
v -0.032679 0.339093 -0.018547
v -0.039381 0.413874 -0.033696
v -0.040980 0.406246 -0.031462
v -0.021763 0.342130 -0.019650
v -0.021651 0.348727 -0.008336
v -0.033201 0.346978 -0.012498
v -0.033704 0.354315 -0.006772
v -0.032719 0.356984 0.000567
v -0.032679 0.339093 -0.018547
v 0.197037 -0.488422 0.247361
v 0.193115 -0.494629 0.250000
v 0.192312 -0.497815 0.247561
v 0.205683 -0.495161 0.238686
v 0.192749 -0.491699 0.250244
v 0.192017 -0.493164 0.250977
v 0.204104 -0.478500 0.239607
v 0.190468 -0.486841 0.250129
v 0.198345 -0.475110 0.241177
v 0.204039 -0.462433 0.234525
v 0.211491 -0.495910 0.223788
v 0.208963 -0.476748 0.225599
v 0.208993 -0.462149 0.214745
v 0.211578 -0.481579 0.213491
v 0.211829 -0.483017 0.202522
v 0.207627 -0.462111 0.200507
v 0.210817 -0.494952 0.198119
v 0.202577 -0.474325 0.184831
v 0.203345 -0.494088 0.182932
v 0.200156 -0.461119 0.186051
v 0.081454 -0.075519 0.154685
v 0.079560 -0.071589 0.167321
v 0.072611 -0.067264 0.163079
v 0.067389 -0.067497 0.154719
v 0.101820 -0.081414 0.134388
v 0.118710 -0.078732 0.126542
v 0.105551 -0.071186 0.152718
v 0.109303 -0.084981 0.122145
v 0.126559 -0.087309 0.103769
v 0.114413 -0.090291 0.107786
v 0.091680 -0.077519 0.147154
v 0.122928 -0.066391 0.141976
v 0.131051 -0.070503 0.126312
v 0.135274 -0.080128 0.106738
v 0.103152 -0.062459 0.163813
v 0.114719 -0.063113 0.153832
v 0.081330 -0.065755 0.170641
v 0.134132 -0.078747 0.093310
v 0.094036 -0.060321 0.167679
v -0.058591 0.395387 0.077203
v -0.053079 0.387558 0.069482
v -0.051661 0.384602 0.079636
v -0.057759 0.403085 0.068732
v -0.052990 0.387042 0.063378
v -0.057813 0.400641 0.050656
v -0.051829 0.384871 0.051247
v -0.049209 0.385913 0.040758
v -0.046346 0.375772 0.047937
v -0.044982 0.370940 0.027449
v -0.041889 0.356274 0.041494
v -0.040935 0.356470 0.029032
v -0.043544 0.369338 0.009619
v -0.036320 0.355269 0.010811
v -0.031451 0.340543 0.028151
v -0.048988 0.380406 0.028011
v -0.041104 0.361423 0.055486
v -0.030139 0.338102 0.048567
v -0.032719 0.356984 0.000567
v -0.057691 0.418865 0.058222
v -0.055925 0.419566 0.073495
v -0.029344 0.348880 0.064882
v -0.024075 0.332816 0.054448
v -0.044773 0.369438 0.003571
v -0.027981 0.345570 0.011698
v -0.042256 0.364446 -0.005269
v -0.052377 0.375180 -0.001698
v -0.033704 0.354315 -0.006772
v -0.040552 0.376236 0.059583
v -0.046252 0.381340 0.059479
v -0.018838 0.329061 0.052517
v -0.024576 0.337755 0.023589
v -0.044690 0.380764 0.078402
v -0.055355 0.394449 0.045136
v -0.017843 0.331672 0.062358
v -0.054648 0.401823 0.084326
v -0.016318 0.341972 0.004579
v -0.021651 0.348727 -0.008336
v -0.017568 0.330719 -0.008944
v -0.021763 0.342130 -0.019650
v -0.005316 0.318907 0.007383
v -0.007355 0.334118 0.014990
v -0.011448 0.336106 0.019766
v -0.008543 0.329581 0.043120
v -0.021654 0.307672 -0.019406
v -0.013242 0.308920 -0.005864
v 0.002290 0.328932 0.020877
v 0.000145 0.333719 0.026598
v 0.008281 0.311571 0.018997
v -0.009341 0.330158 0.064970
v -0.040119 0.386375 0.071449
v 0.067548 0.444667 -0.034223
v 0.065062 0.450279 -0.025434
v 0.066480 0.435902 -0.024157
v 0.066080 0.451338 -0.017744
v 0.066889 0.453433 -0.027864
v 0.071712 0.464496 -0.020581
v 0.066784 0.458189 -0.013368
v 0.071756 0.433583 -0.021451
v 0.071275 0.444952 -0.015370
v 0.065240 0.440613 -0.010000
v 0.067769 0.453305 -0.007988
v 0.066802 0.406053 -0.018276
v 0.071998 0.422012 -0.022743
v 0.065173 0.444900 -0.002976
v 0.064105 0.461601 -0.002323
v 0.066186 0.406652 -0.008583
v 0.064696 0.427942 -0.007935
v 0.068478 0.477237 -0.015085
v 0.063147 0.479016 -0.005819
v 0.063292 0.477107 0.004366
v 0.062774 0.460849 0.008323
v 0.057666 0.482042 0.011956
v 0.057700 0.471347 0.016371
v 0.063812 0.482866 -0.010391
v 0.070126 0.394695 -0.013993
v 0.046376 0.489728 0.022766
v 0.045207 0.482975 0.032281
v 0.071979 0.441453 0.006243
v 0.067946 0.447439 0.010374
v 0.067565 0.398431 -0.026389
v 0.065766 0.410835 -0.022729
v 0.073122 0.437638 0.011504
v 0.080203 0.419212 0.010116
v 0.073621 0.399516 0.007612
v 0.073896 0.392806 -0.002048
v 0.078321 0.428828 0.015850
v 0.082239 0.407023 0.011873
v 0.070612 0.416835 0.002360
v 0.079151 0.391842 0.010237
v 0.078298 0.441222 0.020520
v 0.071939 0.454544 0.022428
v 0.064214 0.468298 0.026332
v 0.052009 0.487392 0.003365
v 0.057072 0.483935 -0.002146
v 0.059527 0.473343 0.030544
v 0.056676 0.493860 -0.003222
v 0.080783 0.434676 0.020357
v 0.067314 0.488612 -0.011152
v 0.047948 0.496510 0.000366
v 0.060061 0.422956 0.044399
v 0.051658 0.435687 0.056294
v 0.063638 0.410041 0.053361
v 0.050209 0.446793 0.046172
v 0.042227 0.461871 0.052508
v 0.041062 0.453005 0.061455
v 0.035523 0.471157 0.062449
v 0.047940 0.432597 0.063386
v 0.044551 0.440957 0.065960
v 0.052756 0.421191 0.061635
v 0.048546 0.464431 0.043814
v 0.062139 0.403490 0.056182
v 0.065464 0.389755 0.054793
v 0.065918 0.395996 0.052734
v 0.066406 0.397461 0.051758
v 0.064965 0.406896 0.043451
v 0.065430 0.399170 0.049255
v 0.067497 0.422861 0.038026
v 0.071142 0.405992 0.032300
v 0.068557 0.379124 0.035194
v 0.038240 0.462848 0.074246
v 0.070804 0.383375 0.025483
v 0.025439 0.479432 0.066079
v 0.073770 0.399748 0.025335
v 0.042291 0.455080 0.070509
v 0.049157 0.439744 0.076583
v 0.066406 0.397705 0.051758
v 0.078359 0.388886 0.014675
v 0.063463 0.389178 0.042954
v 0.064256 0.379495 0.041431
v 0.064187 0.371049 0.042589
v 0.064862 0.372639 0.050143
v 0.077034 0.402195 0.021074
v 0.046386 0.478237 0.049446
v 0.046153 0.475544 0.042894
v 0.053213 0.464902 0.033608
v 0.060651 0.445806 0.038158
v 0.064776 0.444863 0.027870
v 0.068900 0.434393 0.036539
v 0.072052 0.432944 0.026709
v 0.076241 0.426211 0.035699
v 0.075496 0.425336 0.026372
v 0.074770 0.425994 0.021031
v 0.049611 0.479687 0.038321
v 0.056936 0.423692 0.073203
v 0.081528 0.422368 0.034685
v 0.085464 0.411104 0.031437
v 0.064807 0.411681 0.070726
v 0.067140 0.395364 0.060033
v 0.068053 0.402754 0.063690
v 0.070568 0.399732 0.069908
v -0.066124 0.430194 0.011741
v -0.063937 0.416377 0.005655
v -0.067762 0.400402 0.006009
v 0.004661 0.410236 0.094107
v 0.014941 0.405460 0.096817
v 0.005558 0.412571 0.104035
v 0.011782 0.410782 0.106283
v -0.001386 0.416618 0.104418
v 0.019475 0.402333 0.101320
v 0.023153 0.402867 0.111636
v -0.000816 0.417402 0.095703
v -0.006253 0.423197 0.096102
v -0.008691 0.421498 0.093153
v -0.016093 0.424401 0.098142
v -0.027955 0.420873 0.088072
v -0.027211 0.421603 0.094866
v 0.013296 0.409687 0.091823
v -0.136905 -0.088180 -0.149479
v -0.148868 -0.090217 -0.154712
v -0.135604 -0.095596 -0.156272
v -0.140321 -0.076254 -0.147614
v -0.134176 -0.080696 -0.144360
v -0.131162 -0.070004 -0.138307
v -0.040119 0.386375 0.071449
v -0.037508 0.389483 0.077721
v -0.044690 0.380764 0.078402
v 0.020245 0.416133 0.095801
v 0.026442 0.406584 0.105802
v 0.017054 0.409991 0.091401
v 0.018588 0.423201 0.087770
v 0.019475 0.402333 0.101320
v 0.023153 0.402867 0.111636
v 0.014941 0.405460 0.096817
v 0.013296 0.409687 0.091823
v 0.028057 0.478668 -0.035962
v 0.029283 0.485686 -0.045547
v 0.031498 0.472173 -0.043532
v 0.027806 0.470811 -0.030550
v 0.024205 0.482463 -0.035984
v 0.037408 0.474106 -0.048623
v 0.035374 0.483892 -0.052575
v -0.082152 0.431987 0.023774
v -0.067949 0.436605 0.019377
v -0.072886 0.429106 0.022945
v -0.065218 0.419633 0.019338
v -0.068123 0.450043 0.024880
v 0.123368 -0.413716 0.230068
v 0.130245 -0.414790 0.244189
v 0.122925 -0.412449 0.245879
v 0.131133 -0.416706 0.227581
v 0.131782 -0.411024 0.247958
v 0.129981 -0.404299 0.255105
v 0.135612 -0.407030 0.251953
v -0.121836 -0.421216 -0.311064
v -0.122825 -0.430573 -0.322799
v -0.123478 -0.432196 -0.313018
v -0.117601 -0.411918 -0.317561
v -0.126368 -0.418550 -0.303328
v -0.132037 -0.429360 -0.300868
v -0.127740 -0.443270 -0.310250
v -0.133450 -0.427311 -0.286820
v -0.131923 -0.416311 -0.284824
v -0.127117 -0.410439 -0.305005
v -0.114562 -0.398009 -0.311574
v -0.126214 -0.384804 -0.298055
v -0.130182 -0.394979 -0.297722
v -0.138702 -0.397261 -0.284558
v -0.136295 -0.379030 -0.284279
v -0.141104 -0.364874 -0.268220
v -0.134890 -0.355932 -0.277304
v -0.144485 -0.372856 -0.255086
v -0.141305 -0.398420 -0.274131
v -0.128676 -0.359535 -0.285273
v -0.115796 -0.436227 -0.319733
v -0.125006 -0.458615 -0.313546
v -0.137884 -0.360067 -0.268926
v -0.128827 -0.418720 -0.270640
v -0.132336 -0.428675 -0.275185
v 0.187416 -0.462084 0.178849
v 0.171457 -0.460587 0.184618
v 0.187407 -0.459676 0.185401
v 0.175139 -0.462497 0.177755
v 0.200156 -0.461119 0.186051
v 0.196174 -0.460188 0.190181
v 0.202251 -0.459918 0.200790
v 0.156048 -0.462970 0.185902
v 0.159274 -0.461461 0.190076
v 0.148300 -0.461572 0.200251
v 0.207627 -0.462111 0.200507
v 0.202680 -0.459846 0.216920
v 0.208993 -0.462149 0.214745
v 0.204039 -0.462433 0.234525
v 0.201364 -0.460319 0.229954
v 0.085464 0.411104 0.031437
v 0.080055 0.413527 0.033864
v 0.073770 0.399748 0.025335
v 0.071142 0.405992 0.032300
v 0.081528 0.422368 0.034685
v 0.076241 0.426211 0.035699
v 0.067497 0.422861 0.038026
v 0.068900 0.434393 0.036539
v 0.191849 -0.416973 0.192370
v 0.193237 -0.419050 0.194661
v 0.194901 -0.430267 0.195160
v 0.195923 -0.419338 0.203707
v 0.196441 -0.430214 0.214269
v 0.196200 -0.415334 0.210395
v 0.200603 -0.439762 0.201150
v 0.194701 -0.439560 0.187506
v 0.202251 -0.459918 0.200790
v 0.196174 -0.460188 0.190181
v 0.186672 -0.435421 0.183365
v 0.185289 -0.430928 0.186293
v 0.184628 -0.416518 0.188252
v -0.037594 0.026172 -0.180599
v -0.038491 0.013665 -0.190057
v -0.045948 0.000986 -0.199498
v -0.027777 0.018549 -0.173658
v -0.038350 -0.010907 -0.193684
v -0.052107 -0.011994 -0.204034
v -0.041362 -0.021850 -0.191647
v -0.041885 -0.029246 -0.193244
v -0.061858 -0.033239 -0.206490
v -0.049905 -0.047065 -0.202419
v 0.067548 0.444667 -0.034223
v 0.059946 0.446782 -0.035666
v 0.066889 0.453433 -0.027864
v 0.055998 0.453520 -0.030008
v 0.061928 0.462035 -0.019712
v 0.054380 0.463788 -0.022859
v 0.053822 0.468954 -0.015658
v 0.064018 0.439069 -0.037263
v 0.071712 0.464496 -0.020581
v 0.059397 0.441407 -0.036821
v 0.066210 0.473389 -0.018070
v 0.068478 0.477237 -0.015085
v 0.051188 0.477724 -0.012069
v 0.063812 0.482866 -0.010391
v 0.054326 0.487854 -0.010619
v 0.047168 0.483036 -0.011697
v 0.067314 0.488612 -0.011152
v 0.059002 0.494243 -0.010630
v -0.046604 0.082741 -0.079674
v -0.055594 0.085209 -0.079425
v -0.051849 0.072976 -0.078196
v -0.063549 0.078703 -0.082965
v -0.051526 0.060774 -0.081319
v -0.063677 0.056737 -0.090319
v -0.049487 0.045653 -0.086845
v -0.062875 0.047355 -0.098608
v -0.069291 0.080205 -0.090839
v -0.066413 0.053577 -0.097532
v -0.047396 0.038642 -0.100326
v 0.007782 0.457405 -0.071275
v 0.014315 0.455256 -0.068430
v 0.012086 0.456759 -0.057490
v 0.007810 0.455941 -0.079558
v 0.020153 0.460136 -0.058580
v -0.074849 0.445577 0.042798
v -0.074178 0.444294 0.046327
v -0.085680 0.453320 0.048111
v -0.071943 0.443898 0.031631
v -0.090704 0.452430 0.043587
v -0.088225 0.455625 0.040548
v -0.067762 0.400402 0.006009
v -0.070442 0.392046 0.001187
v -0.082020 0.383053 -0.000408
v -0.066200 0.399750 0.002124
v -0.115663 -0.352619 -0.285413
v -0.119688 -0.355512 -0.277976
v -0.109509 -0.359430 -0.286331
v -0.128499 -0.352550 -0.278971
v -0.116699 -0.356174 -0.276886
v -0.137884 -0.360067 -0.268926
v -0.138499 -0.366546 -0.256668
v -0.128360 -0.366698 -0.254083
v -0.124925 -0.359941 -0.267159
v -0.126719 -0.371723 -0.247457
v -0.135102 -0.376497 -0.242104
v -0.140744 -0.374437 -0.248460
v -0.134890 -0.355932 -0.277304
v -0.144485 -0.372856 -0.255086
v -0.121846 -0.376450 -0.246443
v -0.118841 -0.389668 -0.239302
v -0.113181 -0.383866 -0.247197
v -0.098303 -0.388409 -0.246415
v -0.093194 -0.395192 -0.239950
v 0.047402 0.358677 0.042639
v 0.032456 0.349186 0.046832
v 0.048141 0.354914 0.045911
v 0.055051 0.361845 0.043427
v 0.060407 0.368468 0.037204
v 0.062102 0.366415 0.044944
v 0.064187 0.371049 0.042589
v 0.049397 0.358293 0.054962
v 0.067991 0.361126 0.048822
v 0.079098 0.360484 0.047126
v 0.044543 0.354537 0.058747
v 0.080103 0.373935 0.031119
v 0.068557 0.379124 0.035194
v 0.070804 0.383375 0.025483
v 0.078359 0.388886 0.014675
v -0.073974 0.433499 0.033164
v -0.080261 0.434651 0.027744
v -0.073189 0.427743 0.027425
v -0.082152 0.431987 0.023774
v -0.072886 0.429106 0.022945
v 0.019293 0.412357 0.110428
v 0.011782 0.410782 0.106283
v 0.023153 0.402867 0.111636
v 0.007193 0.422450 0.106383
v -0.016014 0.431222 0.116844
v -0.019610 0.416677 0.115529
v -0.005753 0.415575 0.108697
v -0.001854 0.426151 0.110432
v -0.020298 0.409765 0.112004
v -0.035244 0.407173 0.111265
v -0.024764 0.424286 0.115629
v -0.001386 0.416618 0.104418
v 0.002989 0.434882 0.108583
v -0.007134 0.441507 0.109329
v 0.020245 0.416133 0.095801
v 0.026442 0.406584 0.105802
v 0.016505 0.418478 0.103497
v 0.018588 0.423201 0.087770
v 0.015560 0.430834 0.090268
v 0.007929 0.432506 0.099795
v 0.005048 0.452318 0.090736
v -0.001983 0.449649 0.099772
v -0.001876 0.466914 0.087970
v -0.004224 0.455521 0.098957
v 0.004377 0.472386 0.076803
v 0.010556 0.457180 0.083687
v 0.017718 0.439710 0.085762
v 0.006037 0.497231 0.050281
v -0.006211 0.491454 0.055610
v 0.009751 0.488679 0.059051
v -0.010054 0.496350 0.048525
v 0.019565 0.491815 0.052099
v 0.035325 0.485794 0.051562
v 0.025439 0.479432 0.066079
v 0.017459 0.498669 0.041184
v -0.023744 0.495924 0.058701
v 0.033417 0.494610 0.035089
v 0.033348 0.487466 0.045764
v -0.018928 0.487460 0.063782
v 0.009466 0.473583 0.070802
v -0.022274 0.482225 0.072773
v -0.032433 0.479998 0.076960
v 0.026809 0.467077 0.074183
v 0.038240 0.462848 0.074246
v 0.038390 0.477006 0.056778
v 0.046386 0.478237 0.049446
v -0.002053 0.482579 0.061184
v -0.001304 0.477737 0.073517
v -0.016964 0.471896 0.082908
v -0.015000 0.463727 0.093335
v -0.016166 0.451450 0.104581
v 0.021391 0.461123 0.076742
v 0.013959 0.463566 0.082091
v -0.016848 0.478619 0.067449
v 0.024690 0.448060 0.084610
v -0.029001 0.442760 0.107222
v -0.027689 0.456567 0.094838
v 0.040694 0.447440 0.079039
v 0.035523 0.471157 0.062449
v 0.049157 0.439744 0.076583
v 0.048416 0.433123 0.080768
v 0.029153 0.446386 0.079126
v 0.045207 0.482975 0.032281
v 0.046376 0.489728 0.022766
v 0.049611 0.479687 0.038321
v -0.008641 0.481413 0.058617
v -0.039068 0.484579 0.066296
v 0.056936 0.423692 0.073203
v 0.059527 0.473343 0.030544
v -0.026121 0.471561 0.072189
v -0.037214 0.463328 0.075503
v -0.033872 0.462137 0.075590
v -0.042775 0.467058 0.080226
v -0.044992 0.404566 0.091307
v -0.048297 0.416177 0.084477
v -0.045536 0.395506 0.089890
v -0.125108 0.198008 -0.129012
v -0.141265 0.192504 -0.124590
v -0.141271 0.193041 -0.129508
v -0.124245 0.198346 -0.123392
v -0.124248 0.197791 -0.114465
v -0.132857 0.196067 -0.127463
v -0.140345 0.195399 -0.111130
v -0.130212 0.197133 -0.107943
v -0.120315 0.195966 -0.121458
v -0.108201 0.201097 -0.126986
v -0.122996 0.188577 -0.108433
v -0.109038 0.193419 -0.110759
v -0.127734 0.185591 -0.105054
v -0.122145 0.182754 -0.095873
v -0.097087 0.203042 -0.111560
v -0.090306 0.214386 -0.127260
v -0.073208 0.215207 -0.111714
v -0.074564 0.223528 -0.126068
v -0.059664 0.218925 -0.112037
v -0.062513 0.228782 -0.127310
v -0.048710 0.229080 -0.112931
v -0.048183 0.238241 -0.129494
v -0.032482 0.241986 -0.109481
v -0.031772 0.248182 -0.130273
v -0.034559 0.253376 -0.147287
v -0.027839 0.244967 -0.117549
v -0.073363 0.217364 -0.099255
v -0.041811 0.236101 -0.105900
v -0.039793 0.236755 -0.101313
v -0.050204 0.234502 -0.089623
v -0.058424 0.224621 -0.099740
v -0.054374 0.234281 -0.085368
v -0.143463 0.185248 -0.119036
v -0.106388 0.412325 0.028715
v -0.094003 0.415545 0.029365
v -0.090434 0.412847 0.034690
v -0.083148 0.411720 0.031566
v -0.126260 0.200159 -0.031226
v -0.120383 0.207041 -0.033194
v -0.123413 0.190676 -0.028353
v 0.036984 0.096910 -0.155092
v 0.034621 0.095255 -0.138631
v 0.039215 0.093323 -0.144653
v 0.040283 0.091797 -0.146484
v 0.025834 0.485508 -0.029158
v 0.029283 0.485686 -0.045547
v 0.024205 0.482463 -0.035984
v 0.031997 0.486443 -0.043156
v 0.035374 0.483892 -0.052575
v -0.138733 -0.482796 -0.316490
v -0.138933 -0.491108 -0.314788
v -0.143051 -0.498931 -0.320563
v -0.135883 -0.492816 -0.303427
v -0.140849 -0.498368 -0.300526
v -0.135657 -0.496816 -0.279195
v -0.126893 -0.492546 -0.273927
v -0.130543 -0.492784 -0.266378
v -0.133809 -0.498620 -0.266425
v -0.129267 -0.499178 -0.256027
v -0.127158 -0.490317 -0.258387
v -0.124435 -0.489162 -0.315803
v -0.128087 -0.492060 -0.293158
v -0.108038 -0.490342 -0.292656
v -0.104715 -0.490563 -0.274127
v -0.101566 -0.488932 -0.266456
v -0.111829 -0.490043 -0.310461
v -0.118640 -0.485779 -0.318759
v -0.114484 -0.486841 -0.322012
v -0.153913 -0.498047 -0.296326
v -0.144881 -0.498293 -0.274862
v -0.171627 -0.498345 -0.281743
v -0.173741 -0.498305 -0.305306
v -0.150190 -0.498493 -0.259951
v -0.176476 -0.498795 -0.254346
v -0.156535 -0.498397 -0.251837
v -0.184274 -0.498053 -0.275916
v -0.188586 -0.497920 -0.295509
v -0.204148 -0.497448 -0.288883
v -0.196893 -0.497490 -0.262055
v -0.205395 -0.496909 -0.258960
v -0.185480 -0.498913 -0.238958
v -0.170069 -0.499605 -0.238269
v -0.155072 -0.499606 -0.240507
v -0.171098 -0.499353 -0.322241
v -0.186142 -0.499163 -0.311556
v -0.201501 -0.498685 -0.298839
v -0.215119 -0.494742 -0.271112
v -0.135549 -0.498536 -0.248435
v -0.204701 -0.495366 -0.246891
v -0.197617 -0.497082 -0.310343
v -0.181955 -0.498177 -0.318407
v -0.213651 -0.494496 -0.285029
v -0.208704 -0.495433 -0.292967
v -0.199463 -0.497314 -0.292969
v -0.195312 -0.497314 -0.292969
v -0.196655 -0.496826 -0.294678
v -0.198242 -0.496826 -0.294678
v -0.210478 -0.495262 -0.296210
v -0.210323 -0.493919 -0.255133
v -0.210191 -0.493590 -0.260657
v 0.188141 -0.365126 0.174440
v 0.189336 -0.368722 0.179900
v 0.195704 -0.378338 0.179438
v 0.188386 -0.382520 0.196396
v 0.199938 -0.391090 0.183020
v 0.198734 -0.408561 0.200023
v 0.184168 -0.390889 0.214809
v 0.204992 -0.418189 0.191932
v 0.196200 -0.415334 0.210395
v 0.192182 -0.403359 0.214761
v 0.187051 -0.376043 0.195665
v 0.178106 -0.380056 0.229466
v 0.181157 -0.390685 0.230917
v 0.199608 -0.426583 0.220068
v 0.186964 -0.404394 0.230805
v 0.187357 -0.393727 0.216174
v 0.186059 -0.414119 0.242443
v 0.189190 -0.427167 0.246266
v 0.194851 -0.434510 0.237932
v 0.190924 -0.437407 0.253667
v 0.199646 -0.433234 0.225809
v 0.177862 -0.419572 0.256888
v 0.182421 -0.433939 0.259768
v 0.178175 -0.409620 0.253807
v 0.183231 -0.395015 0.241804
v 0.173865 -0.385837 0.251220
v 0.178204 -0.377073 0.241075
v 0.181191 -0.381986 0.235107
v 0.198527 -0.442590 0.228242
v 0.191585 -0.438298 0.247603
v 0.191537 -0.451108 0.254015
v 0.197390 -0.462728 0.242729
v 0.201364 -0.460319 0.229954
v 0.202680 -0.459846 0.216920
v 0.200872 -0.442625 0.215920
v 0.196441 -0.430214 0.214269
v 0.200603 -0.439762 0.201150
v 0.188667 -0.447796 0.259231
v 0.179754 -0.442908 0.273921
v 0.183726 -0.464049 0.274043
v 0.181705 -0.459549 0.280274
v 0.179435 -0.455247 0.283902
v 0.177134 -0.450672 0.287194
v 0.174792 -0.458613 0.303984
v 0.179801 -0.477614 0.301805
v 0.170294 -0.461045 0.317306
v 0.171183 -0.476661 0.320022
v 0.190710 -0.465916 0.256323
v 0.198345 -0.475110 0.241177
v 0.183208 -0.478054 0.279985
v 0.186029 -0.479724 0.263394
v 0.186966 -0.461429 0.262541
v 0.170020 -0.368232 0.246092
v 0.176294 -0.371073 0.233868
v 0.167885 -0.354547 0.238457
v 0.162605 -0.342319 0.241929
v 0.186654 -0.368596 0.207004
v 0.177124 -0.358542 0.222887
v 0.183691 -0.352588 0.202152
v 0.196425 -0.363594 0.186354
v 0.192858 -0.345872 0.180570
v 0.202251 -0.459918 0.200790
v 0.170819 -0.360116 0.228338
v 0.182156 -0.492992 0.275552
v 0.205595 -0.353937 0.170566
v 0.204118 -0.344995 0.167940
v 0.204039 -0.462433 0.234525
v 0.155874 -0.465029 0.332871
v 0.170164 -0.441973 0.286890
v 0.190468 -0.486841 0.250129
v 0.183568 -0.492676 0.261753
v 0.165079 -0.350992 0.228272
v 0.163833 -0.454516 0.319965
v 0.154831 -0.453405 0.328572
v 0.196658 -0.335027 0.167649
v 0.186281 -0.346011 0.189199
v 0.173028 -0.434203 0.271916
v 0.154025 -0.475129 0.334662
v 0.171926 -0.478302 0.322523
v 0.158697 -0.340720 0.231983
v 0.161387 -0.477243 0.331523
v 0.169385 -0.496238 0.327998
v 0.177199 -0.497805 0.317462
v 0.180682 -0.479186 0.306492
v 0.182318 -0.499116 0.305320
v 0.185879 -0.498220 0.291324
v 0.183628 -0.478681 0.293006
v 0.185756 -0.499359 0.280369
v 0.153197 -0.487996 0.337483
v 0.185726 -0.491158 0.246215
v 0.190524 -0.342829 0.156702
v 0.190776 -0.349806 0.152269
v 0.176517 -0.497601 0.273994
v 0.062316 0.249300 0.293772
v 0.056066 0.242933 0.293989
v 0.057924 0.249460 0.294620
v 0.063755 0.240627 0.292082
v 0.058978 0.261243 0.293130
v 0.051327 0.245427 0.292323
v 0.055463 0.238491 0.296889
v 0.067075 0.248007 0.288562
v 0.051117 0.245972 0.300049
v 0.049866 0.246094 0.302002
v 0.073048 0.240221 0.275349
v 0.072146 0.230279 0.282068
v 0.081920 0.232183 0.264142
v 0.070314 0.251150 0.278174
v 0.077663 0.225344 0.278107
v 0.059753 0.265100 0.284314
v 0.086501 0.220184 0.272574
v 0.068386 0.227632 0.304363
v 0.058553 0.228932 0.305711
v 0.048922 0.234358 0.308332
v 0.043526 0.246933 0.306783
v 0.040893 0.242955 0.314734
v 0.038653 0.262257 0.315378
v 0.041510 0.264074 0.307609
v 0.036524 0.265861 0.313960
v 0.036741 0.268704 0.302246
v 0.012086 0.456759 -0.057490
v 0.020153 0.460136 -0.058580
v 0.016921 0.451401 -0.056786
v -0.063398 0.121815 -0.064671
v -0.056899 0.126104 -0.067120
v -0.060949 0.127374 -0.060865
v -0.062126 0.128312 -0.049967
v -0.068687 0.114681 -0.053428
v -0.068309 0.119917 -0.043411
v -0.065185 0.134404 -0.043101
v 0.118975 -0.477767 0.257110
v 0.114161 -0.478619 0.259443
v 0.112442 -0.478091 0.268006
v 0.104484 -0.479493 0.277674
v 0.126297 -0.479415 0.247920
v 0.106433 -0.477226 0.279654
v 0.102446 -0.477432 0.293487
v -0.070165 0.392719 -0.022103
v -0.067015 0.388258 -0.017771
v -0.075961 0.391673 -0.017156
v -0.080759 0.397760 -0.023613
v -0.080497 0.396036 -0.012244
v -0.056822 0.396000 -0.006074
v -0.064861 0.394434 -0.007913
v -0.066200 0.399750 0.002124
v -0.074930 0.395814 -0.006057
v -0.051711 0.390150 -0.010077
v -0.048146 0.384669 -0.018806
v -0.062480 0.383023 -0.022254
v -0.068485 0.381953 -0.030099
v -0.043426 0.381083 -0.014618
v -0.055835 0.384802 -0.024096
v -0.044748 0.385312 -0.022903
v 0.037104 -0.128731 0.202328
v 0.033639 -0.134799 0.202254
v 0.040293 -0.132696 0.207243
v 0.029926 -0.131421 0.195326
v 0.025449 -0.147570 0.201311
v 0.019928 -0.158455 0.199841
v 0.021610 -0.141778 0.187685
v 0.020031 -0.140777 0.181569
v 0.017376 -0.159562 0.180048
v 0.051606 -0.124659 0.206566
v 0.054351 -0.133114 0.215296
v 0.017375 -0.160015 0.195652
v 0.021990 -0.173473 0.207258
v 0.045369 -0.120676 0.204468
v 0.017427 -0.125162 0.186387
v 0.010859 -0.143662 0.176952
v 0.028538 -0.120743 0.205296
v 0.008240 -0.124949 0.184425
v 0.039487 -0.114528 0.189872
v 0.016496 -0.118718 0.196729
v 0.018034 -0.114252 0.188047
v 0.020191 -0.149276 0.168974
v 0.012947 -0.149898 0.166387
v -0.028095 0.004682 -0.156177
v -0.032678 -0.000067 -0.161347
v -0.032531 0.007449 -0.155146
v -0.094915 -0.098013 -0.177651
v -0.079173 -0.111795 -0.180728
v -0.095989 -0.120189 -0.184668
v -0.083047 -0.132233 -0.185669
v -0.097472 -0.139756 -0.188334
v -0.107113 -0.142108 -0.189257
v -0.072062 -0.088178 -0.177026
v -0.107856 -0.126655 -0.185337
v -0.098352 -0.083249 -0.172482
v -0.124746 -0.143232 -0.185939
v -0.081494 -0.073104 -0.174208
v -0.066981 -0.066226 -0.174426
v -0.108431 -0.088173 -0.170779
v -0.122863 -0.113371 -0.175835
v -0.138806 -0.120251 -0.172216
v -0.116880 -0.092776 -0.169378
v -0.131819 -0.102981 -0.167898
v -0.146551 -0.147383 -0.177877
v -0.117582 -0.143748 -0.187899
v -0.142944 -0.131226 -0.173950
v -0.143209 -0.157549 -0.177607
v -0.126069 -0.165078 -0.183534
v -0.108618 -0.170363 -0.184907
v -0.059012 -0.095818 -0.174977
v -0.047074 -0.070144 -0.172255
v -0.057361 -0.056740 -0.174032
v -0.025923 -0.048479 -0.168551
v -0.044892 -0.038182 -0.171848
v -0.071133 -0.128854 -0.179733
v -0.069578 -0.140117 -0.180765
v -0.083395 -0.168072 -0.183134
v -0.093514 -0.175835 -0.182862
v -0.021278 -0.044494 -0.169230
v -0.013313 -0.028325 -0.168370
v -0.038220 -0.013408 -0.167029
v -0.016780 -0.012959 -0.165775
v -0.001131 -0.009990 -0.164984
v -0.013066 0.000505 -0.161508
v -0.002375 0.014523 -0.159878
v 0.004066 0.016325 -0.160711
v 0.007779 -0.023508 -0.164243
v -0.001796 -0.041611 -0.166371
v 0.007728 -0.001910 -0.161369
v -0.035148 -0.009892 -0.164799
v -0.034050 -0.082424 -0.167821
v -0.041490 -0.108479 -0.167799
v -0.008335 -0.057919 -0.164452
v -0.020766 -0.085194 -0.162866
v -0.016521 -0.055563 -0.165560
v 0.008718 -0.042356 -0.162390
v -0.131572 -0.098909 -0.169358
v -0.047530 -0.127118 -0.168237
v -0.061652 -0.139454 -0.174281
v -0.004515 -0.074210 -0.156460
v -0.000668 -0.066398 -0.158960
v -0.026451 -0.113016 -0.158871
v -0.017758 -0.101984 -0.157096
v -0.082727 -0.180915 -0.176484
v -0.092648 -0.076912 -0.175052
v -0.155250 -0.153605 -0.169562
v -0.151479 -0.146263 -0.173358
v 0.024522 0.336414 0.032700
v 0.020904 0.338498 0.035023
v 0.010173 0.334236 0.037332
v 0.026095 0.342003 0.043201
v 0.031998 0.343202 0.047552
v 0.017347 0.338624 0.057851
v 0.000341 0.329600 0.058656
v -0.008543 0.329581 0.043120
v 0.000145 0.333719 0.026598
v -0.018838 0.329061 0.052517
v -0.009341 0.330158 0.064970
v 0.002290 0.328932 0.020877
v 0.177134 -0.450672 0.287194
v 0.169104 -0.448120 0.286477
v 0.179435 -0.455247 0.283902
v 0.170164 -0.441973 0.286890
v 0.160993 -0.444548 0.290152
v 0.156779 -0.435943 0.287715
v 0.142530 -0.442164 0.288523
v 0.144106 -0.436707 0.286756
v 0.051327 0.245427 0.292323
v 0.056066 0.242933 0.293989
v 0.051117 0.245972 0.300049
v 0.049226 0.246866 0.302033
v 0.049866 0.246094 0.302002
v -0.046216 0.403913 -0.035349
v -0.040980 0.406246 -0.031462
v -0.044792 0.404080 -0.028073
v -0.048897 0.401415 -0.044195
v -0.049663 0.396543 -0.043876
v -0.049439 0.409181 -0.039725
v -0.039381 0.413874 -0.033696
v -0.053011 0.420428 -0.041082
v -0.047191 0.425412 -0.043096
v -0.030663 0.429305 -0.041643
v -0.037741 0.424390 -0.035863
v -0.039095 0.431123 -0.052640
v -0.022450 0.436023 -0.048748
v -0.017491 0.433688 -0.041775
v -0.046822 0.431729 -0.052391
v -0.053517 0.430828 -0.050027
v -0.065347 0.427810 -0.050879
v -0.024655 0.424821 -0.038938
v -0.012092 0.439020 -0.040165
v -0.020870 0.440526 -0.042899
v 0.192749 -0.491699 0.250244
v 0.190063 -0.491455 0.249390
v 0.192017 -0.493164 0.250977
v 0.190468 -0.486841 0.250129
v 0.185726 -0.491158 0.246215
v 0.192312 -0.497815 0.247561
v 0.179199 -0.498100 0.238712
v 0.164661 -0.492925 0.238514
v 0.160502 -0.498008 0.232812
v 0.142232 -0.498605 0.221726
v 0.145087 -0.493874 0.226398
v 0.193115 -0.494629 0.250000
v 0.142198 -0.490790 0.222792
v 0.137291 -0.496292 0.215277
v 0.137703 -0.492910 0.235392
v 0.141046 -0.497051 0.253805
v -0.070456 0.395054 0.018932
v -0.066161 0.395969 0.026413
v -0.072030 0.393495 0.023114
v -0.069210 0.395632 0.028555
v -0.080479 0.395289 0.025956
v -0.073704 0.398797 0.030324
v -0.078606 0.400794 0.028831
v -0.073613 0.407779 0.038489
v -0.071749 0.403824 0.035434
v -0.073770 0.404931 0.044514
v -0.077172 0.405938 0.049853
v -0.069690 0.402871 0.045165
v -0.091717 0.398367 0.031927
v -0.084583 0.400143 0.043646
v -0.096749 0.400375 0.036837
v -0.086008 0.401614 0.046365
v -0.035851 0.278552 -0.013202
v -0.033297 0.267731 -0.012836
v -0.036425 0.271510 -0.011438
v -0.030803 0.275398 -0.021407
v -0.029965 0.282525 -0.026102
v -0.042206 0.291838 -0.018475
v -0.057305 0.355959 -0.044872
v -0.047565 0.339940 -0.045411
v -0.060366 0.342304 -0.039007
v -0.038025 0.355670 -0.058474
v -0.077211 0.347381 -0.034002
v -0.077401 0.373469 -0.040898
v -0.062841 0.329195 -0.031544
v -0.083114 0.323251 -0.023052
v -0.049172 0.323508 -0.033572
v -0.056285 0.313598 -0.026178
v -0.048088 0.302594 -0.023210
v -0.022927 0.350845 -0.061298
v -0.019503 0.371187 -0.072185
v -0.023895 0.336903 -0.056372
v -0.016042 0.346086 -0.063037
v -0.016637 0.366291 -0.070160
v -0.011437 0.356395 -0.069882
v -0.031188 0.297570 -0.032973
v -0.029666 0.321851 -0.049761
v -0.062825 0.373856 -0.044912
v -0.038823 0.367966 -0.057353
v -0.044659 0.382746 -0.054435
v -0.030056 0.388493 -0.063423
v -0.027897 0.377999 -0.065254
v -0.018897 0.379669 -0.073695
v -0.019180 0.393962 -0.076734
v -0.007737 0.381045 -0.081634
v 0.001658 0.392208 -0.087741
v 0.001692 0.402827 -0.090704
v 0.011517 0.394874 -0.094776
v 0.021064 0.411074 -0.104885
v 0.017036 0.393983 -0.096024
v 0.004802 0.378302 -0.089106
v 0.022691 0.408417 -0.103528
v 0.004458 0.366354 -0.093173
v -0.014056 0.344276 -0.067282
v 0.011016 0.387996 -0.098900
v -0.016158 0.372812 -0.084838
v -0.050478 -0.048414 -0.173627
v -0.044892 -0.038182 -0.171848
v -0.057361 -0.056740 -0.174032
v -0.047617 -0.053826 -0.187808
v -0.051636 -0.060685 -0.196533
v -0.069866 -0.070050 -0.189139
v -0.066981 -0.066226 -0.174426
v -0.081494 -0.073104 -0.174208
v -0.063161 -0.066248 -0.196850
v -0.038521 -0.017734 -0.182220
v -0.041292 -0.024212 -0.170244
v -0.038220 -0.013408 -0.167029
v -0.032725 0.000483 -0.179135
v -0.032678 -0.000067 -0.161347
v -0.029882 0.009128 -0.164697
v -0.032531 0.007449 -0.155146
v -0.027777 0.018549 -0.173658
v -0.041885 -0.029246 -0.193244
v -0.030071 0.014591 -0.162064
v -0.038350 -0.010907 -0.193684
v -0.041362 -0.021850 -0.191647
v -0.049905 -0.047065 -0.202419
v -0.038491 0.013665 -0.190057
v -0.122864 0.285156 0.098816
v -0.123840 0.284180 0.099915
v -0.121375 0.284184 0.099342
v -0.121453 0.295835 0.088450
v -0.110268 0.293337 0.098394
v -0.109021 0.284444 0.105640
v -0.110261 0.300504 0.086421
v -0.113416 0.269845 0.108769
v -0.124339 0.269247 0.102341
v -0.130778 0.265655 0.099407
v -0.121535 0.253815 0.102355
v -0.112237 0.254981 0.105948
v -0.095158 0.270846 0.108853
v -0.123767 0.250186 0.094335
v -0.132708 0.255397 0.093993
v -0.091159 0.258025 0.104771
v -0.113470 0.244223 0.098041
v -0.082618 0.273805 0.104364
v -0.099352 0.247809 0.099780
v -0.090447 0.246740 0.098745
v -0.082513 0.257269 0.099550
v -0.135124 0.244666 0.081248
v -0.115030 0.237988 0.087863
v -0.120989 0.234000 0.074631
v -0.136868 0.236608 0.067662
v -0.124511 0.228578 0.056939
v -0.139959 0.228550 0.048399
v -0.145116 0.235470 0.054353
v -0.141452 0.222877 0.044351
v -0.145748 0.229299 0.050396
v -0.129298 0.282654 0.095614
v -0.124084 0.284180 0.099915
v -0.143555 -0.130371 -0.174316
v -0.142944 -0.131226 -0.173950
v -0.146551 -0.147383 -0.177877
v -0.095158 0.270846 0.108853
v -0.085205 0.269287 0.104980
v -0.087402 0.270508 0.106934
v 0.048571 0.400998 -0.045592
v 0.028611 0.397624 -0.055786
v 0.037224 0.399198 -0.050847
v -0.143555 -0.130371 -0.174316
v -0.146551 -0.147383 -0.177877
v -0.144043 -0.132324 -0.174438
v -0.151479 -0.146263 -0.173358
v -0.155250 -0.153605 -0.169562
v -0.162930 -0.153299 -0.162701
v -0.154383 -0.132671 -0.158612
v -0.138806 -0.120251 -0.172216
v -0.146406 -0.110858 -0.149208
v -0.131819 -0.102981 -0.167898
v -0.135604 -0.095596 -0.156272
v -0.138802 -0.088493 -0.141332
v -0.163290 -0.140083 -0.144605
v -0.166849 -0.149137 -0.145716
v -0.145370 -0.092054 -0.121689
v -0.135919 -0.063132 -0.113517
v -0.131162 -0.070004 -0.138307
v -0.134176 -0.080696 -0.144360
v -0.125939 -0.057005 -0.131690
v -0.136905 -0.088180 -0.149479
v -0.164072 -0.134976 -0.127272
v -0.150882 -0.108905 -0.124793
v -0.116396 -0.037315 -0.111457
v -0.113991 -0.038363 -0.125301
v -0.093759 -0.013976 -0.124586
v -0.095479 -0.011965 -0.111491
v -0.078513 0.002072 -0.123036
v -0.107554 -0.025082 -0.098513
v -0.164851 -0.142035 -0.131395
v -0.171355 -0.153068 -0.133915
v -0.085287 -0.000641 -0.096509
v -0.163118 -0.168699 -0.172734
v -0.180023 -0.169973 -0.160535
v -0.181155 -0.154316 -0.137606
v -0.191012 -0.173666 -0.148791
v -0.193557 -0.187311 -0.156698
v -0.185921 -0.197630 -0.167045
v -0.169934 -0.188723 -0.176679
v -0.069987 0.009755 -0.102643
v -0.066978 0.009105 -0.124474
v -0.051229 0.017607 -0.121905
v -0.054782 0.013880 -0.132324
v -0.131572 -0.098909 -0.169358
v -0.042336 0.017902 -0.134719
v -0.037284 0.009687 -0.149362
v -0.051438 0.017998 -0.094843
v -0.192907 -0.201389 -0.120315
v -0.195830 -0.215350 -0.124563
v -0.197429 -0.219485 -0.132293
v -0.187872 -0.174423 -0.130146
v -0.185123 -0.173493 -0.116193
v -0.181362 -0.164240 -0.125495
v -0.177581 -0.164322 -0.130427
v -0.180540 -0.155048 -0.116522
v -0.185198 -0.171495 -0.135131
v -0.170127 -0.158452 -0.123377
v -0.173668 -0.152291 -0.099723
v -0.178029 -0.147927 -0.112061
v -0.182885 -0.183428 -0.107988
v -0.171691 -0.166536 -0.091246
v -0.171917 -0.183429 -0.089007
v -0.184066 -0.203440 -0.109154
v -0.130536 -0.060965 -0.090449
v -0.131645 -0.058408 -0.101835
v -0.139145 -0.084541 -0.101424
v -0.128328 -0.070401 -0.075360
v -0.142655 -0.112596 -0.097740
v -0.135929 -0.096052 -0.086954
v -0.120824 -0.055902 -0.069728
v -0.160780 -0.135486 -0.113642
v -0.156999 -0.135630 -0.105114
v -0.113563 -0.037771 -0.080136
v -0.103633 -0.029601 -0.072897
v -0.092100 -0.010236 -0.082525
v -0.091889 -0.015366 -0.073096
v -0.076716 0.002141 -0.076604
v -0.160317 -0.142154 -0.114363
v -0.164476 -0.152882 -0.116683
v -0.159873 -0.153712 -0.111000
v -0.063780 0.007363 -0.076881
v -0.048636 0.010272 -0.068990
v -0.211548 -0.466309 -0.271729
v -0.211923 -0.477565 -0.271821
v -0.211914 -0.469482 -0.271484
v -0.124023 0.284180 0.099915
v -0.129298 0.282654 0.095614
v -0.124084 0.284180 0.099915
v -0.123840 0.284180 0.099915
v 0.127559 -0.497901 0.276806
v 0.139883 -0.497919 0.296062
v 0.121780 -0.497863 0.300762
v 0.152593 -0.497908 0.271633
v 0.172762 -0.497765 0.309428
v 0.150999 -0.497256 0.316361
v 0.177199 -0.497805 0.317462
v 0.172123 -0.498233 0.291285
v 0.176517 -0.497601 0.273994
v 0.141046 -0.497051 0.253805
v 0.112112 -0.498204 0.272783
v 0.123733 -0.498573 0.245175
v 0.102885 -0.497884 0.299570
v 0.123456 -0.496332 0.322389
v 0.101162 -0.496734 0.316444
v 0.150328 -0.495477 0.335737
v 0.131040 -0.495184 0.335335
v 0.169385 -0.496238 0.327998
v 0.097654 -0.497075 0.305193
v 0.108448 -0.495467 0.325623
v 0.182318 -0.499116 0.305320
v 0.185756 -0.499359 0.280369
v 0.098076 -0.498918 0.293508
v 0.101811 -0.498875 0.278401
v 0.157729 -0.496384 0.258454
v 0.107012 -0.498972 0.271434
v 0.164661 -0.492925 0.238514
v 0.173812 -0.494764 0.256759
v 0.185726 -0.491158 0.246215
v 0.183568 -0.492676 0.261753
v 0.109634 -0.498036 0.263085
v 0.132925 -0.494572 0.242748
v 0.137703 -0.492910 0.235392
v 0.098602 0.018486 0.032119
v 0.114401 -0.001470 0.038137
v 0.117111 0.012838 0.006963
v 0.100486 0.029547 0.021252
v 0.116495 0.024703 -0.001144
v 0.086851 0.036542 0.033654
v 0.079184 0.028533 0.047867
v 0.090512 0.011455 0.052605
v 0.103580 0.005739 0.037847
v 0.078859 0.017600 0.064443
v 0.069845 0.049956 0.039477
v 0.098653 0.004298 0.050551
v 0.107971 -0.005637 0.047341
v 0.062947 0.020126 0.080247
v 0.068687 0.036374 0.051249
v 0.094197 0.050061 0.020983
v 0.106439 0.048476 0.004477
v 0.075482 0.056158 0.034036
v 0.111461 -0.012225 0.044674
v 0.125003 -0.012779 0.037381
v 0.121255 0.000789 0.014149
v 0.061440 0.052894 0.042777
v 0.059612 0.043413 0.048823
v 0.062444 0.029540 0.068996
v 0.116981 -0.030220 0.040938
v 0.130035 -0.023331 0.033634
v 0.051133 0.049307 0.045502
v -0.072492 0.174388 -0.067489
v -0.060187 0.155167 -0.087954
v -0.068369 0.148690 -0.068240
v -0.076672 0.158057 -0.048648
v -0.072214 0.140986 -0.049378
v -0.078473 0.138012 -0.043122
v -0.084858 0.165800 -0.038803
v 0.080668 0.033720 -0.107975
v 0.084086 0.054454 -0.091482
v 0.093716 0.036672 -0.086048
v 0.074930 0.048600 -0.107188
v 0.076775 0.064559 -0.094313
v 0.094186 0.063249 -0.066191
v 0.103811 0.035356 -0.068743
v 0.110294 0.037072 -0.052150
v 0.101997 0.061717 -0.048133
v 0.108583 0.055291 -0.031668
v 0.114772 0.040633 -0.027635
v 0.108859 0.021666 -0.061212
v 0.107806 0.063202 -0.030952
v 0.115920 0.025578 -0.035558
v 0.113090 0.016715 -0.047750
v 0.101861 0.070992 -0.046439
v 0.101778 0.083310 -0.031650
v 0.094306 0.092812 -0.043671
v 0.095512 0.071206 -0.062902
v 0.085944 0.095318 -0.061791
v 0.080661 0.071736 -0.087369
v 0.080188 0.096424 -0.069758
v 0.069837 0.096730 -0.085987
v 0.095182 0.019247 -0.086842
v 0.082811 0.017283 -0.108359
v 0.074406 0.071067 -0.096377
v 0.054021 0.094921 -0.107741
v 0.060710 0.070842 -0.111755
v 0.096766 0.092980 -0.031050
v 0.080767 -0.000619 -0.110488
v 0.103844 0.003609 -0.068808
v 0.072863 0.019591 -0.118306
v 0.037857 0.093584 -0.122398
v 0.062005 0.044500 -0.119958
v 0.053464 0.062236 -0.117103
v 0.117896 0.034404 -0.028807
v 0.031506 0.087222 -0.129054
v 0.033060 0.095103 -0.126094
v 0.069291 0.001140 -0.120988
v 0.037877 0.064474 -0.129846
v 0.034401 0.056531 -0.131091
v 0.033679 0.042807 -0.136521
v 0.115146 0.047597 -0.028832
v 0.053155 0.035550 -0.126869
v 0.035930 0.018785 -0.145599
v 0.044830 0.004566 -0.144181
v 0.062020 0.018045 -0.124523
v 0.048272 -0.005360 -0.142424
v 0.038590 0.000968 -0.148528
v 0.037580 -0.020818 -0.148981
v 0.041511 -0.028676 -0.144927
v 0.020759 0.063928 -0.138955
v 0.024118 0.076283 -0.137507
v 0.019934 0.067395 -0.140719
v 0.014485 0.054407 -0.140641
v 0.018895 0.021274 -0.147925
v 0.010904 0.040377 -0.147142
v 0.010934 0.047553 -0.146541
v 0.004066 0.016325 -0.160711
v 0.014809 -0.004047 -0.154508
v 0.007728 -0.001910 -0.161369
v 0.015786 -0.024636 -0.155904
v 0.007779 -0.023508 -0.164243
v 0.007598 0.032480 -0.155059
v 0.021252 -0.040630 -0.152808
v -0.052661 0.049859 -0.119929
v -0.044891 0.043501 -0.109658
v -0.062875 0.047355 -0.098608
v -0.043388 0.046119 -0.117533
v -0.049747 0.041319 -0.100951
v -0.047396 0.038642 -0.100326
v -0.175227 0.159582 -0.093808
v -0.157823 0.158306 -0.088063
v -0.170841 0.160723 -0.075664
v -0.155736 0.159178 -0.068305
v -0.088225 0.455625 0.040548
v -0.070289 0.460442 0.044985
v -0.074849 0.445577 0.042798
v 0.015025 -0.130679 0.150248
v 0.009883 -0.139601 0.150419
v 0.000634 -0.125111 0.158949
v -0.097113 -0.184004 -0.191180
v -0.085322 -0.187887 -0.185288
v -0.100889 -0.192173 -0.186322
v -0.107577 -0.182079 -0.192976
v -0.109669 -0.188412 -0.189449
v -0.112894 -0.190898 -0.191264
v 0.143806 -0.498293 0.196056
v 0.148163 -0.484823 0.191637
v 0.153391 -0.496913 0.191759
v -0.155991 0.253036 -0.081845
v -0.159100 0.238264 -0.086741
v -0.160607 0.248327 -0.086754
v 0.182156 -0.492992 0.275552
v 0.185756 -0.499359 0.280369
v 0.176517 -0.497601 0.273994
v 0.038416 -0.126613 0.216495
v 0.050344 -0.131444 0.219343
v 0.054351 -0.133114 0.215296
v 0.049226 0.246866 0.302033
v 0.055463 0.238491 0.296889
v 0.043526 0.246933 0.306783
v 0.155370 -0.342030 0.240524
v 0.153471 -0.340747 0.234221
v 0.149500 -0.348169 0.235891
v 0.004661 0.410236 0.094107
v 0.002471 0.395092 0.089309
v 0.017267 0.401630 0.087237
v 0.013296 0.409687 0.091823
v -0.015481 0.393992 0.088110
v -0.003835 0.387311 0.083770
v -0.011511 0.381256 0.080441
v -0.022627 0.383872 0.080529
v -0.017960 0.371833 0.084177
v -0.008674 0.373978 0.076457
v -0.019445 0.362082 0.089312
v -0.009938 0.360064 0.075760
v -0.023103 0.357666 0.074753
v -0.009847 0.351522 0.074290
v 0.017054 0.409991 0.091401
v 0.018588 0.423201 0.087770
v -0.021405 0.350867 0.075660
v 0.020208 0.391365 0.082492
v -0.011578 0.341026 0.068492
v -0.018596 0.406010 0.089668
v -0.008691 0.421498 0.093153
v -0.034063 0.402958 0.083973
v -0.032602 0.411030 0.087064
v -0.040470 0.400631 0.088399
v -0.040342 0.393655 0.081641
v -0.034218 0.413401 0.095885
v -0.045536 0.395506 0.089890
v -0.044992 0.404566 0.091307
v -0.001448 0.382322 0.072135
v -0.027955 0.420873 0.088072
v 0.028427 0.421463 0.083686
v -0.020338 0.341935 0.066959
v 0.017124 0.356177 0.069909
v 0.017718 0.439710 0.085762
v 0.024690 0.448060 0.084610
v 0.029153 0.446386 0.079126
v 0.039655 0.420805 0.073960
v 0.039728 0.398008 0.077578
v 0.043810 0.408593 0.070065
v 0.044349 0.393974 0.069949
v 0.038535 0.378180 0.069541
v 0.045900 0.384324 0.064485
v 0.029600 0.382796 0.072590
v 0.028951 0.368803 0.068370
v 0.048406 0.376656 0.055106
v 0.056454 0.391294 0.054816
v 0.032293 0.357694 0.058986
v 0.010556 0.457180 0.083687
v 0.057796 0.382563 0.051435
v 0.065464 0.389755 0.054793
v 0.064862 0.372639 0.050143
v 0.059922 0.398575 0.060071
v 0.058205 0.372732 0.041975
v 0.064187 0.371049 0.042589
v 0.037187 0.431244 0.076636
v 0.040694 0.447440 0.079039
v 0.048959 0.410719 0.070076
v 0.051772 0.421064 0.079638
v 0.055175 0.411731 0.075776
v 0.061966 0.406156 0.075469
v 0.067140 0.395364 0.060033
v 0.048416 0.433123 0.080768
v 0.060407 0.368468 0.037204
v -0.037508 0.389483 0.077721
v 0.051400 0.402368 0.066343
v 0.070568 0.399732 0.069908
v -0.048449 0.389522 0.084934
v 0.013959 0.463566 0.082091
v -0.017843 0.331672 0.062358
v -0.009341 0.330158 0.064970
v 0.003255 0.338259 0.065078
v -0.044690 0.380764 0.078402
v 0.050371 0.370656 0.046106
v 0.000341 0.329600 0.058656
v -0.051661 0.384602 0.079636
v 0.064807 0.411681 0.070726
v 0.032456 0.349186 0.046832
v 0.017347 0.338624 0.057851
v 0.026095 0.342003 0.043201
v 0.031998 0.343202 0.047552
v 0.028835 0.402428 0.081160
v 0.056936 0.423692 0.073203
v 0.004166 0.364515 0.074117
v 0.047402 0.358677 0.042639
v 0.028835 0.402428 0.081160
v 0.020208 0.391365 0.082492
v 0.029600 0.382796 0.072590
v 0.007288 0.381435 0.072808
v 0.028951 0.368803 0.068370
v 0.004166 0.364515 0.074117
v -0.001448 0.382322 0.072135
v 0.017124 0.356177 0.069909
v 0.032293 0.357694 0.058986
v 0.017347 0.338624 0.057851
v 0.003255 0.338259 0.065078
v 0.000341 0.329600 0.058656
v -0.003835 0.387311 0.083770
v 0.051400 0.402368 0.066343
v 0.059922 0.398575 0.060071
v 0.055175 0.411731 0.075776
v 0.061966 0.406156 0.075469
v 0.070568 0.399732 0.069908
v 0.032456 0.349186 0.046832
v 0.031998 0.343202 0.047552
v 0.048141 0.354914 0.045911
v -0.012092 0.439020 -0.040165
v -0.013959 0.459274 -0.023141
v -0.003036 0.449601 -0.031417
v 0.002862 0.461256 -0.024825
v 0.012053 0.451828 -0.037933
v -0.007469 0.475653 -0.012732
v -0.035313 0.456789 -0.029273
v -0.003962 0.432453 -0.045411
v -0.016841 0.418526 -0.046021
v -0.024655 0.424821 -0.038938
v -0.024781 0.449308 -0.030800
v -0.037027 0.449285 -0.036255
v -0.004635 0.403839 -0.053306
v -0.026657 0.477653 -0.017833
v -0.010147 0.490949 0.000387
v -0.022716 0.487613 -0.008584
v -0.015699 0.395289 -0.051596
v 0.000622 0.421129 -0.052413
v 0.002108 0.403008 -0.060305
v 0.007862 0.407410 -0.056482
v 0.013160 0.427493 -0.053865
v 0.005919 0.441108 -0.045098
v -0.039210 0.471927 -0.014234
v -0.036643 0.442716 -0.040968
v -0.028311 0.442407 -0.038315
v -0.020870 0.440526 -0.042899
v -0.039572 0.436908 -0.051880
v -0.022450 0.436023 -0.048748
v 0.009655 0.460388 -0.030766
v 0.010461 0.464090 -0.026957
v -0.013719 0.450326 -0.029750
v -0.012409 0.391247 -0.056702
v 0.004445 0.473344 -0.017523
v 0.014748 0.410244 -0.062615
v 0.008227 0.401021 -0.063500
v -0.051001 0.443742 -0.031687
v -0.039095 0.431123 -0.052640
v -0.046822 0.431729 -0.052391
v -0.047095 0.437848 -0.041001
v -0.057723 0.436668 -0.042695
v 0.001226 0.490813 0.001084
v 0.006653 0.482245 -0.007789
v 0.010483 0.479533 -0.015089
v -0.019558 0.492592 -0.002305
v -0.037522 0.488414 0.001530
v -0.045396 0.474668 -0.009442
v -0.049976 0.456956 -0.019705
v -0.015759 0.496777 0.006510
v -0.030459 0.494253 0.007886
v -0.053517 0.430828 -0.050027
v -0.065347 0.427810 -0.050879
v 0.015762 0.403596 -0.066212
v 0.001410 0.493993 0.012371
v 0.000529 0.400356 -0.068563
v -0.013719 0.450326 -0.029750
v -0.012092 0.439020 -0.040165
v -0.020870 0.440526 -0.042899
v 0.162304 -0.430324 0.275051
v 0.138751 -0.434561 0.280952
v 0.156779 -0.435943 0.287715
v 0.146158 -0.427983 0.259938
v 0.167221 -0.429122 0.263118
v 0.173028 -0.434203 0.271916
v 0.136759 -0.430543 0.255464
v 0.125741 -0.441280 0.273888
v 0.126631 -0.439553 0.256571
v 0.119410 -0.453482 0.263673
v 0.133156 -0.443497 0.284790
v 0.142530 -0.442164 0.288523
v 0.182421 -0.433939 0.259768
v 0.170164 -0.441973 0.286890
v 0.123289 -0.449503 0.274951
v 0.144106 -0.436707 0.286756
v 0.123475 -0.443761 0.305583
v 0.130718 -0.437900 0.248998
v 0.154336 -0.444520 0.302985
v 0.160993 -0.444548 0.290152
v 0.165548 -0.450856 0.305609
v 0.169104 -0.448120 0.286477
v 0.163833 -0.454516 0.319965
v 0.151603 -0.447511 0.322572
v 0.154831 -0.453405 0.328572
v 0.140555 -0.450787 0.331559
v 0.170294 -0.461045 0.317306
v 0.174792 -0.458613 0.303984
v 0.138254 -0.443717 0.320403
v 0.179435 -0.455247 0.283902
v 0.123989 -0.444938 0.319405
v 0.115662 -0.445602 0.308525
v 0.111111 -0.451598 0.317978
v 0.105581 -0.453690 0.307891
v 0.113756 -0.449772 0.294748
v 0.123832 -0.445967 0.288534
v 0.106360 -0.457945 0.291866
v 0.125064 -0.450067 0.327755
v 0.118229 -0.458210 0.264164
v 0.113756 -0.449772 0.294748
v 0.123832 -0.445967 0.288534
v 0.106360 -0.457945 0.291866
v 0.123289 -0.449503 0.274951
v 0.119410 -0.453482 0.263673
v 0.122029 -0.486050 0.247277
v 0.114161 -0.478619 0.259443
v 0.126297 -0.479415 0.247920
v 0.109634 -0.498036 0.263085
v 0.107012 -0.498972 0.271434
v 0.132925 -0.494572 0.242748
v 0.130718 -0.465862 0.234718
v 0.137703 -0.492910 0.235392
v 0.140684 -0.476753 0.215603
v 0.141566 -0.463586 0.208617
v 0.143871 -0.474926 0.202369
v 0.139597 -0.479166 0.203872
v 0.148163 -0.484823 0.191637
v 0.137291 -0.496292 0.215277
v 0.155820 -0.473710 0.186443
v 0.139743 -0.496757 0.201911
v 0.142198 -0.490790 0.222792
v 0.151134 -0.496152 0.184835
v 0.156048 -0.462970 0.185902
v 0.123733 -0.498573 0.245175
v 0.160691 -0.491496 0.178366
v 0.104484 -0.479493 0.277674
v 0.123742 -0.463617 0.249282
v 0.127145 -0.450271 0.248593
v 0.134033 -0.440424 0.234258
v 0.126631 -0.439553 0.256571
v 0.119410 -0.453482 0.263673
v 0.118229 -0.458210 0.264164
v 0.101811 -0.498875 0.278401
v 0.098076 -0.498918 0.293508
v 0.099437 -0.478200 0.304229
v 0.097654 -0.497075 0.305193
v 0.101162 -0.496734 0.316444
v 0.108201 -0.477624 0.325195
v 0.106071 -0.474667 0.319473
v 0.137906 -0.459238 0.222679
v 0.130718 -0.437900 0.248998
v 0.102446 -0.477432 0.293487
v 0.101436 -0.477012 0.305961
v 0.130245 -0.414790 0.244189
v 0.131133 -0.416706 0.227581
v 0.136486 -0.423201 0.214522
v 0.134555 -0.412556 0.212789
v 0.138411 -0.418905 0.203200
v 0.134072 -0.401251 0.208440
v 0.137281 -0.400257 0.202432
v 0.147751 -0.402526 0.190731
v 0.152098 -0.426257 0.191346
v 0.145160 -0.442840 0.199904
v 0.154908 -0.434981 0.192511
v 0.147692 -0.450950 0.199492
v 0.161310 -0.441216 0.187166
v 0.149308 -0.396523 0.189370
v 0.129749 -0.379077 0.199509
v 0.137124 -0.373397 0.189961
v 0.130826 -0.373770 0.199931
v 0.142575 -0.363763 0.184342
v 0.128854 -0.360499 0.191293
v 0.119952 -0.356011 0.197854
v 0.127880 -0.374067 0.211186
v 0.115295 -0.343471 0.207814
v 0.123436 -0.364615 0.227816
v 0.124923 -0.372104 0.220251
v 0.109329 -0.333453 0.188844
v 0.149836 -0.362903 0.174492
v 0.154938 -0.352502 0.171400
v 0.166698 -0.352893 0.161092
v 0.114685 -0.341189 0.188887
v 0.126747 -0.381354 0.205542
v 0.103830 -0.315481 0.171096
v 0.096301 -0.310850 0.183528
v 0.089678 -0.296638 0.168364
v 0.083932 -0.288906 0.183301
v 0.078817 -0.276396 0.166778
v 0.089634 -0.283282 0.150582
v 0.081222 -0.270805 0.156496
v 0.070926 -0.257438 0.170128
v 0.140844 -0.441504 0.217707
v 0.105581 -0.453690 0.307891
v 0.106360 -0.457945 0.291866
v 0.106433 -0.477226 0.279654
v 0.148300 -0.461572 0.200251
v 0.143806 -0.498293 0.196056
v 0.118229 -0.458210 0.264164
v 0.123742 -0.463617 0.249282
v 0.118975 -0.477767 0.257110
v 0.112442 -0.478091 0.268006
v 0.106433 -0.477226 0.279654
v 0.106360 -0.457945 0.291866
v 0.126297 -0.479415 0.247920
v 0.140844 -0.441504 0.217707
v 0.147692 -0.450950 0.199492
v 0.137906 -0.459238 0.222679
v 0.148300 -0.461572 0.200251
v 0.159274 -0.461461 0.190076
v 0.161310 -0.441216 0.187166
v 0.049429 0.405935 -0.073763
v 0.031805 0.416349 -0.074888
v 0.042024 0.415543 -0.068070
v 0.032861 0.404731 -0.085444
v 0.049286 0.414795 -0.064819
v 0.051025 0.415039 -0.063477
v 0.052795 0.414795 -0.062103
v 0.062275 0.415356 -0.056916
v 0.064239 0.405534 -0.065868
v 0.027457 0.405251 -0.090323
v 0.021126 0.416152 -0.085667
v 0.021064 0.411074 -0.104885
v 0.001692 0.402827 -0.090704
v 0.004111 0.409015 -0.076112
v -0.012251 0.402274 -0.071864
v -0.019180 0.393962 -0.076734
v -0.022043 0.394889 -0.062762
v -0.030056 0.388493 -0.063423
v -0.036153 0.386908 -0.055633
v -0.044659 0.382746 -0.054435
v 0.022691 0.408417 -0.103528
v 0.050751 0.415039 -0.063538
v -0.082285 -0.222442 -0.166274
v -0.091547 -0.210642 -0.169929
v -0.097554 -0.220026 -0.160717
v -0.091128 -0.230178 -0.159609
v -0.073415 -0.255273 -0.165978
v -0.063752 -0.245660 -0.181665
v -0.063251 -0.261813 -0.176705
v -0.055584 -0.253478 -0.194522
v -0.080143 -0.213247 -0.176809
v -0.088688 -0.248178 -0.158405
v -0.091040 -0.257460 -0.155683
v -0.091884 -0.205640 -0.168780
v -0.074562 -0.269034 -0.165246
v -0.053591 -0.268523 -0.193965
v -0.052399 -0.261475 -0.198486
v -0.095205 -0.200344 -0.178882
v -0.093452 -0.203566 -0.185100
v -0.051758 -0.260010 -0.199829
v -0.051849 -0.261230 -0.201538
v -0.051783 -0.256212 -0.207981
v -0.057458 -0.240574 -0.205944
v -0.051951 -0.258274 -0.215624
v -0.063194 -0.230112 -0.218405
v -0.064995 -0.244057 -0.234157
v -0.071380 -0.237754 -0.235886
v -0.078614 -0.249648 -0.251872
v -0.069765 -0.264146 -0.251150
v -0.061076 -0.273628 -0.243489
v -0.065554 -0.303948 -0.252793
v -0.070152 -0.308745 -0.259147
v -0.058065 -0.308884 -0.239512
v -0.052518 -0.278916 -0.225223
v -0.057342 -0.298432 -0.218177
v -0.063613 -0.319176 -0.220029
v -0.066621 -0.344305 -0.235466
v -0.063391 -0.304372 -0.200031
v -0.061161 -0.330774 -0.252497
v -0.059768 -0.259514 -0.235887
v -0.053187 -0.279607 -0.208946
v -0.070249 -0.331703 -0.269430
v -0.063376 -0.341244 -0.263042
v -0.064170 -0.347676 -0.272355
v -0.061565 -0.351786 -0.264368
v -0.079576 -0.349923 -0.285352
v -0.062307 -0.280373 -0.180404
v -0.051758 -0.260010 -0.200073
v -0.062016 -0.240029 -0.194785
v -0.066567 -0.230851 -0.209965
v -0.063201 -0.348357 -0.256562
v -0.076748 -0.280584 -0.167544
v -0.071609 -0.221740 -0.193638
v -0.078735 -0.213526 -0.205276
v -0.083296 -0.204991 -0.191707
v -0.064369 -0.361004 -0.252379
v -0.068737 -0.366957 -0.246660
v -0.056559 -0.281004 -0.191753
v -0.056559 -0.281004 -0.191753
v -0.062307 -0.280373 -0.180404
v -0.063391 -0.304372 -0.200031
v -0.059768 -0.259514 -0.235887
v -0.051951 -0.258274 -0.215624
v -0.052518 -0.278916 -0.225223
v -0.053187 -0.279607 -0.208946
v -0.051783 -0.256212 -0.207981
v -0.051849 -0.261230 -0.201538
v -0.053187 -0.279607 -0.208946
v -0.051758 -0.260010 -0.200073
v -0.048170 0.415410 0.097372
v -0.044992 0.404566 0.091307
v -0.044065 0.402767 0.101632
v -0.041346 0.397056 0.096401
v -0.035244 0.407173 0.111265
v -0.048297 0.416177 0.084477
v -0.047903 0.424299 0.090455
v -0.047256 0.425635 0.080196
v -0.042001 0.431393 0.098924
v -0.054648 0.401823 0.084326
v -0.055925 0.419566 0.073495
v -0.045887 0.437137 0.072876
v -0.041814 0.446620 0.082433
v -0.042899 0.443861 0.067255
v -0.045536 0.395506 0.089890
v -0.048449 0.389522 0.084934
v -0.051661 0.384602 0.079636
v -0.058591 0.395387 0.077203
v -0.043292 0.439974 0.090005
v -0.050112 0.435905 0.064131
v -0.057691 0.418865 0.058222
v -0.041992 0.451741 0.072770
v -0.033872 0.462137 0.075590
v -0.027689 0.456567 0.094838
v -0.016964 0.471896 0.082908
v -0.026121 0.471561 0.072189
v -0.016848 0.478619 0.067449
v -0.036191 0.442518 0.095369
v -0.029001 0.442760 0.107222
v -0.031405 0.428035 0.106964
v -0.024764 0.424286 0.115629
v -0.016014 0.431222 0.116844
v -0.044992 0.404566 0.091307
v -0.040470 0.400631 0.088399
v -0.041346 0.397056 0.096401
v 0.047680 0.471112 -0.040575
v 0.039118 0.475951 -0.032986
v 0.045774 0.478246 -0.025767
v 0.030790 0.485285 -0.011573
v 0.031763 0.481729 -0.024419
v 0.019942 0.492044 -0.005676
v 0.034306 0.497903 0.005020
v 0.016508 0.499192 0.013903
v 0.009168 0.498331 0.006309
v 0.047168 0.483036 -0.011697
v 0.041143 0.493721 -0.004499
v 0.054859 0.469672 -0.039401
v 0.026987 0.498280 0.018597
v 0.020241 0.497672 0.031160
v 0.033417 0.494610 0.035089
v 0.046376 0.489728 0.022766
v 0.043887 0.491871 0.012520
v 0.052009 0.487392 0.003365
v 0.017459 0.498669 0.041184
v 0.014060 0.495243 -0.024654
v 0.007079 0.499472 0.020532
v 0.031997 0.486443 -0.043156
v 0.035374 0.483892 -0.052575
v 0.037408 0.474106 -0.048623
v 0.059002 0.494243 -0.010630
v 0.047948 0.496510 0.000366
v 0.056676 0.493860 -0.003222
v 0.067314 0.488612 -0.011152
v 0.013873 0.494360 -0.035808
v 0.020832 0.489290 -0.043817
v 0.018415 0.490862 -0.058010
v 0.025834 0.485508 -0.029158
v 0.039118 0.475951 -0.032986
v 0.039563 0.471897 -0.033043
v 0.037408 0.474106 -0.048623
v 0.103822 0.402797 -0.038987
v 0.097153 0.396207 -0.025334
v 0.099528 0.392952 -0.031242
v 0.097705 0.410508 -0.040972
v 0.085179 0.408599 -0.032123
v 0.082612 0.402565 -0.016133
v 0.093386 0.389401 -0.009098
v 0.104486 0.376811 -0.011017
v 0.094989 0.377652 0.005311
v 0.108261 0.364580 0.003899
v 0.108456 0.365295 0.009096
v 0.109283 0.367411 0.013626
v 0.114894 0.361577 0.018349
v 0.096854 0.359813 0.037276
v 0.114269 0.353491 0.024171
v 0.096108 0.350976 0.037182
v 0.105211 0.339707 0.026323
v 0.109523 0.343778 0.021814
v 0.109481 0.336845 0.022822
v 0.110057 0.346031 0.013801
v 0.122230 0.321645 0.019680
v 0.110497 0.326844 0.025628
v 0.120205 0.316116 0.022674
v 0.133454 0.310622 0.011049
v 0.131672 0.299747 0.015063
v 0.140265 0.300000 0.005891
v 0.136887 0.290488 0.007761
v 0.146296 0.289408 -0.000827
v 0.141070 0.281734 -0.003561
v 0.147656 0.288891 -0.007159
v 0.143912 0.306487 -0.018111
v 0.134410 0.320055 -0.008210
v 0.142972 0.314116 -0.028751
v 0.131747 0.332205 -0.017326
v 0.134694 0.343893 -0.031716
v 0.124081 0.346729 -0.010580
v 0.127598 0.361037 -0.029233
v 0.145092 0.302992 -0.020559
v 0.125566 0.331031 0.004694
v 0.095826 0.338381 0.027234
v 0.092985 0.333500 0.033054
v 0.116914 0.364736 -0.013177
v 0.091411 0.371947 0.019894
v 0.107607 0.390113 -0.036189
v 0.118125 0.379165 -0.034144
v 0.109984 0.354863 0.011777
v 0.088073 0.364688 0.034568
v 0.088537 0.377389 0.019099
v 0.079151 0.391842 0.010237
v 0.078359 0.388886 0.014675
v 0.077034 0.402195 0.021074
v 0.080103 0.373935 0.031119
v 0.079098 0.360484 0.047126
v 0.082777 0.395402 -0.002761
v 0.116914 0.364736 -0.013177
v 0.110390 0.355315 0.005836
v 0.124081 0.346729 -0.010580
v 0.108261 0.364580 0.003899
v 0.109984 0.354863 0.011777
v 0.110057 0.346031 0.013801
v 0.125566 0.331031 0.004694
v 0.118125 0.379165 -0.034144
v 0.116914 0.364736 -0.013177
v 0.127598 0.361037 -0.029233
v 0.104486 0.376811 -0.011017
v 0.099528 0.392952 -0.031242
v 0.107607 0.390113 -0.036189
v 0.094474 0.393432 -0.033254
f 3006 3015 3014
f 1 2 3
f 5698 5700 5699
f 5698 5701 5700
f 3700 3701 3703
f 1751 1749 1752
f 5637 5606 5611
f 5610 5609 5611
f 5610 5611 5606
f 5611 5609 5612
f 5608 5609 5610
f 4 5 4
f 4 6 4
f 3044 3048 3049
f 3104 3105 3045
f 3104 3045 3049
f 3048 3104 3049
f 7 7 8
f 9 10 7
f 7 9 7
f 950 949 951
f 3300 3298 3299
f 11 11 12
f 13 11 11
f 13 11 14
f 6730 6731 6758
f 6730 6727 6731
f 15 15 16
f 17 15 15
f 5647 5648 5645
f 3154 3140 3155
f 4781 4777 4776
f 3155 3161 3154
f 1277 1283 1276
f 1283 1259 1276
f 5967 5966 5968
f 1333 1332 1346
f 6696 6695 6712
f 18 19 18
f 18 20 18
f 21 22 21
f 5285 5287 5297
f 21 23 21
f 2007 2008 2010
f 2007 2005 2006
f 2007 2006 2008
f 5137 5133 5136
f 5989 5990 5991
f 5146 5142 5148
f 5146 5145 5142
f 5410 5411 5412
f 5144 5145 5147
f 5147 5145 5146
f 5412 5411 5413
f 5144 5143 5145
f 5143 5142 5145
f 5144 5141 5143
f 5149 5148 5150
f 5151 5147 5149
f 5149 5147 5146
f 172 164 176
f 5404 5406 5410
f 5410 5406 5411
f 5411 5414 5413
f 5737 5736 5771
f 5141 5138 5143
f 5141 5140 5138
f 5143 5138 5142
f 5142 5138 5135
f 5138 5132 5135
f 4287 4280 4281
f 5779 5765 5770
f 5770 5765 5769
f 5765 5764 5769
f 2945 2949 2951
f 2945 2951 2947
f 5709 5710 5712
f 5404 5405 5406
f 5710 5713 5712
f 5741 5739 5766
f 5766 5739 5738
f 5771 5736 5753
f 5138 5140 5132
f 1620 1618 1622
f 4287 4281 4286
f 5707 5708 5709
f 5425 5429 5430
f 5430 5429 5431
f 5430 5431 5432
f 5425 5427 5429
f 5740 5739 5741
f 5713 5714 5718
f 5713 5718 5740
f 5740 5733 5739
f 5718 5725 5740
f 5739 5733 5738
f 5733 5737 5738
f 5718 5723 5725
f 5725 5723 5733
f 5733 5736 5737
f 5736 5752 5753
f 5140 5139 5132
f 5132 5139 5136
f 5132 5136 5133
f 5135 5132 5134
f 5132 5133 5134
f 3995 4000 4015
f 3993 3994 3996
f 3734 3740 3733
f 3740 3739 3733
f 3733 3739 3735
f 1621 1619 1616
f 1621 1616 1620
f 1620 1616 1618
f 1616 1617 1618
f 4162 4160 4163
f 5779 5780 5765
f 5706 5708 5707
f 5404 5400 5402
f 5404 5402 5405
f 5765 5763 5764
f 5424 5426 5425
f 5426 5427 5425
f 5710 5714 5713
f 5426 5428 5427
f 5719 5718 5714
f 5719 5721 5718
f 5718 5722 5723
f 5723 5734 5733
f 5734 5735 5733
f 5735 5736 5733
f 5723 5722 5724
f 5992 5990 5989
f 5735 5752 5736
f 5735 5756 5752
f 5753 5752 5774
f 5734 5724 5735
f 5724 5742 5735
f 3999 4015 4001
f 3734 3732 3725
f 3996 3994 3998
f 1624 1619 1621
f 4162 4161 4160
f 5705 5706 5707
f 4163 4160 4169
f 5715 5708 5706
f 5780 5763 5765
f 5423 5424 5425
f 5423 5425 5434
f 5763 5761 5764
f 5709 5708 5710
f 5711 5714 5710
f 5720 5719 5714
f 5721 5722 5718
f 5992 5993 5990
f 5722 5727 5724
f 5724 5727 5742
f 5774 5752 5775
f 5735 5742 5756
f 5752 5755 5775
f 3725 3732 3726
f 3999 3989 3995
f 1649 1647 1648
f 4009 3994 3992
f 4161 4158 4160
f 1619 1614 1616
f 1616 1615 1617
f 1614 1615 1616
f 5400 5401 5402
f 5706 5761 5715
f 5708 5711 5710
f 5711 5720 5714
f 5774 5775 5794
f 5727 5743 5742
f 5742 5744 5756
f 5752 5756 5744
f 5752 5744 5755
f 5742 5743 5744
f 5754 5790 5792
f 5754 5749 5791
f 5754 5791 5790
f 5791 5788 5790
f 5788 5789 5790
f 4001 4003 4002
f 3725 3726 3727
f 3997 3990 3989
f 3735 3736 3726
f 1647 1645 1648
f 3735 3738 3736
f 1643 1642 1645
f 3739 3741 3738
f 1624 1623 1619
f 4158 4159 4160
f 1623 1609 1619
f 1609 1614 1619
f 1614 1613 1615
f 5400 5403 5401
f 4159 4170 4169
f 5715 5761 5716
f 5715 5716 5708
f 5763 5762 5761
f 5716 5711 5708
f 5762 5758 5761
f 5761 5758 5716
f 5711 5717 5720
f 5717 5719 5720
f 5732 5729 5717
f 5717 5721 5719
f 5732 5731 5729
f 5717 5729 5721
f 5993 5996 5995
f 5729 5730 5728
f 5729 5728 5721
f 5728 5726 5721
f 5721 5726 5722
f 5722 5726 5727
f 5727 5781 5743
f 5775 5755 5768
f 5743 5745 5744
f 5744 5754 5755
f 5755 5754 5768
f 5743 5746 5745
f 5744 5745 5749
f 5744 5749 5754
f 5791 5749 5788
f 5788 5787 5789
f 1644 1645 1647
f 1645 1644 1643
f 3741 3742 3738
f 1979 2000 1985
f 1985 2000 1986
f 2003 2000 1979
f 4158 4164 4159
f 2003 1997 2000
f 4167 4170 4159
f 3741 3753 3743
f 1997 1998 2000
f 2000 1998 2005
f 4170 4172 4171
f 5711 5716 5717
f 5758 5731 5716
f 5716 5731 5732
f 5731 5730 5729
f 2113 2109 2103
f 2112 2115 2117
f 6563 6555 6556
f 5743 5747 5746
f 5743 5773 5747
f 5746 5748 5745
f 6580 6572 6578
f 5745 5748 5749
f 5748 5750 5749
f 5788 5749 5783
f 5788 5783 5787
f 5783 5786 5787
f 4331 4324 4334
f 4325 4328 4326
f 1650 1651 1647
f 1649 1650 1647
f 1978 1979 1985
f 1971 2003 1979
f 1971 1972 2003
f 1986 2000 1987
f 4164 4165 4159
f 1643 1641 1642
f 1972 1999 2003
f 2000 2005 2007
f 2000 2007 2010
f 2000 2010 1987
f 2010 2009 1987
f 4159 4165 4167
f 1999 1997 2003
f 2009 2013 2014
f 1997 1996 1998
f 2005 1998 2001
f 2009 2011 2013
f 1609 1610 1614
f 1614 1610 1613
f 1610 1612 1613
f 2011 2012 2013
f 2011 2004 2012
f 1204 1198 1205
f 5762 5776 5767
f 5762 5767 5758
f 5758 5757 5731
f 5757 5730 5731
f 5781 5773 5743
f 5956 5957 5958
f 6572 6571 6578
f 6571 6577 6578
f 5749 5750 5751
f 5751 5783 5749
f 5783 5785 5786
f 2612 2610 2625
f 4606 4603 4600
f 4603 4606 4605
f 2612 2608 2610
f 4324 4330 4334
f 4331 4318 4324
f 2608 2609 2610
f 4327 4314 4326
f 4615 4617 4614
f 4614 4617 4613
f 4314 4325 4326
f 4314 4317 4325
f 1971 1978 1970
f 1970 1962 1971
f 1644 1641 1643
f 1644 1652 1641
f 1962 1972 1971
f 1972 1988 1999
f 2010 2008 2009
f 5403 5407 5401
f 1990 1991 1997
f 1999 1990 1997
f 2008 2002 2009
f 2009 2002 2011
f 1997 1991 1996
f 2005 2001 2006
f 2006 2001 2002
f 2006 2002 2008
f 1608 1610 1609
f 1998 1996 2001
f 2002 1995 2004
f 2002 2004 2011
f 1204 1197 1198
f 5767 5759 5758
f 5996 5997 5995
f 5758 5759 5757
f 2103 2111 2112
f 2112 2111 2115
f 6556 6551 6564
f 5959 5957 5956
f 6571 6573 6577
f 5750 5772 5751
f 2624 2612 2625
f 4600 4603 4599
f 4603 4604 4595
f 4607 4591 4595
f 4604 4607 4595
f 4604 4609 4607
f 4324 4327 4330
f 4604 4615 4609
f 4615 4611 4609
f 4609 4611 4608
f 4318 4314 4324
f 4324 4314 4327
f 4614 4613 4611
f 4613 4612 4611
f 4007 4006 4004
f 4314 4316 4317
f 1650 1654 1651
f 1977 1978 1983
f 1978 1984 1983
f 1986 1987 1984
f 1642 1640 1653
f 3743 3745 3742
f 1988 1990 1999
f 5407 5408 5401
f 1607 1608 1609
f 3753 3749 3743
f 1990 1989 1991
f 3772 3749 3753
f 1608 1611 1610
f 1611 1612 1610
f 1996 1993 2001
f 1991 1993 1996
f 1993 1995 2001
f 2001 1995 2002
f 1197 1196 1198
f 5776 5759 5767
f 5759 5760 5757
f 2120 2110 2121
f 2121 2110 2113
f 2113 2110 2109
f 2100 2103 2109
f 2103 2102 2111
f 6555 6551 6556
f 6551 6553 6564
f 6572 6570 6571
f 5777 5772 5750
f 5751 5785 5783
f 4601 4600 4597
f 2613 2608 2612
f 2608 2611 2609
f 4332 4319 4318
f 4608 4611 4610
f 4333 4319 4332
f 4319 4315 4318
f 4318 4315 4314
f 4611 4612 4610
f 4314 4315 4316
f 1654 1655 1651
f 1970 1974 1973
f 1960 1962 1970
f 1962 1964 1972
f 1962 1961 1964
f 4165 4164 4166
f 1964 1988 1972
f 1641 1640 1642
f 1641 1639 1640
f 3743 3749 3745
f 1988 1989 1990
f 1989 1992 1991
f 1991 1992 1993
f 1992 1994 1993
f 1993 1994 1995
f 5784 5760 5776
f 2110 2100 2109
f 2100 2102 2103
f 2111 2116 2115
f 6555 6554 6551
f 5959 5961 5960
f 6570 6569 6571
f 6569 6573 6571
f 6573 6574 6575
f 5777 5778 5772
f 5751 5782 5785
f 5772 5782 5751
f 5785 5793 5786
f 2624 2615 2612
f 4600 4599 4596
f 2615 2613 2612
f 2614 2608 2613
f 2614 2611 2608
f 652 650 654
f 4319 4320 4315
f 4315 4322 4316
f 4011 3991 4014
f 1960 1961 1962
f 1607 1604 1596
f 5408 5407 5409
f 1596 1608 1607
f 1596 1588 1608
f 1608 1588 1611
f 3772 3758 3749
f 1195 1196 1197
f 1180 1201 1196
f 1196 1201 1198
f 4263 4256 4259
f 6551 6552 6553
f 6569 6574 6573
f 5785 5782 5793
f 4196 4195 4197
f 2629 2623 2624
f 2629 2624 2641
f 2623 2615 2624
f 2615 2616 2613
f 2616 2614 2613
f 649 650 652
f 4315 4320 4321
f 4315 4321 4322
f 2904 2901 2918
f 1961 1966 1964
f 1964 1966 1980
f 1640 1639 1637
f 1964 2015 1988
f 181 179 168
f 1988 2015 1989
f 3749 3750 3745
f 1588 1565 1611
f 3758 3751 3749
f 1200 1192 1195
f 1192 1187 1195
f 1195 1187 1196
f 1196 1179 1180
f 5996 5998 5997
f 4263 4265 4256
f 4256 4258 4259
f 6554 6552 6551
f 2616 2611 2614
f 649 646 650
f 646 651 650
f 4320 4323 4321
f 583 597 562
f 2904 2899 2901
f 1964 1980 2015
f 2015 2016 1989
f 1599 1596 1604
f 1203 1193 1200
f 1596 1586 1588
f 1586 1565 1588
f 1193 1192 1200
f 1611 1565 1602
f 3756 3755 3751
f 3758 3756 3751
f 2120 2125 2107
f 2107 2110 2120
f 2107 2106 2110
f 2106 2100 2110
f 6552 6566 6553
f 5961 5963 5962
f 5961 5962 5960
f 6570 6562 6569
f 4177 4173 4176
f 4196 4176 4195
f 2782 2788 2784
f 2786 2788 2782
f 2880 2879 2881
f 2871 2867 2880
f 6887 6880 6879
f 6875 6877 6879
f 6880 6875 6879
f 2618 2615 2623
f 2616 2615 2618
f 2618 2619 2616
f 2622 2617 2616
f 2616 2617 2611
f 648 643 652
f 648 642 643
f 652 643 649
f 643 646 649
f 1976 1960 1973
f 1963 1961 1960
f 3748 3746 3747
f 3746 3744 3747
f 3744 3745 3747
f 1639 1638 1637
f 6613 6604 6676
f 1628 1646 1637
f 1599 1586 1596
f 1187 1179 1196
f 1586 1563 1565
f 1565 1564 1602
f 2100 2101 2102
f 2102 2114 2111
f 2111 2114 2116
f 6569 6579 6574
f 6574 6576 6575
f 6574 6579 6576
f 4180 4179 4177
f 4177 4178 4173
f 4173 4175 4176
f 4176 4182 4195
f 4176 4175 4182
f 2783 2787 2786
f 2646 2645 2643
f 2646 2643 2649
f 2649 2643 2652
f 6882 6880 6887
f 2867 2879 2880
f 3653 3640 3643
f 2647 2645 2646
f 2867 2869 2879
f 2645 2644 2643
f 6875 6876 6877
f 2620 2623 2629
f 2620 2618 2623
f 2633 2622 2619
f 2619 2622 2616
f 2633 2636 2622
f 2636 2640 2622
f 2640 2617 2622
f 648 644 642
f 643 638 646
f 660 651 659
f 2917 2894 2916
f 2916 2894 2904
f 1976 1963 1960
f 1980 1981 2015
f 3745 3750 3752
f 1638 1626 1637
f 1626 1628 1637
f 6606 6603 6605
f 1202 1193 1203
f 6603 6608 6611
f 6001 6002 5998
f 6001 5998 5999
f 1193 1191 1192
f 1192 1191 1187
f 1563 1564 1565
f 1586 1594 1587
f 1586 1587 1563
f 2102 2101 2118
f 2102 2118 2114
f 6552 6561 6562
f 6566 6552 6562
f 6562 6567 6569
f 6569 6567 6579
f 4177 4179 4178
f 2651 2646 2650
f 2648 2647 2646
f 2649 2652 2653
f 2870 2867 2871
f 2870 2868 2867
f 2842 2843 2839
f 6882 6881 6880
f 2643 2639 2652
f 3652 3646 3640
f 2628 2639 2643
f 6881 6875 6880
f 6881 6873 6875
f 4138 4137 4136
f 2644 2628 2643
f 2638 2620 2629
f 2626 2620 2638
f 2620 2619 2618
f 2631 2633 2619
f 2635 2636 2633
f 641 640 645
f 642 638 643
f 564 567 580
f 1965 1967 1966
f 1968 1980 1966
f 1626 1627 1628
f 3751 3754 3750
f 1193 1194 1191
f 1628 1627 1629
f 6604 6601 6630
f 1176 1179 1187
f 1628 1629 1646
f 3756 3760 3755
f 1179 1178 1180
f 1564 1570 1602
f 1190 1180 1188
f 1599 1594 1586
f 4256 4253 4258
f 1587 1567 1563
f 2106 2107 2105
f 2100 2104 2101
f 6554 6557 6552
f 6579 6588 6576
f 4178 4183 4173
f 4183 4174 4173
f 4173 4174 4175
f 4174 4181 4175
f 2650 2649 2656
f 2649 2653 2656
f 3651 3643 3644
f 2653 2659 2658
f 6883 6882 6884
f 2872 2868 2870
f 2652 2659 2653
f 6883 6881 6882
f 2652 2639 2659
f 2867 2868 2869
f 5052 5035 5026
f 6875 6874 6876
f 2628 2637 2639
f 6873 6874 6875
f 4137 4133 4136
f 2637 2626 2638
f 2621 2620 2626
f 2621 2619 2620
f 2631 2619 2621
f 2630 2631 2621
f 2634 2633 2631
f 2634 2635 2633
f 640 644 645
f 644 636 642
f 217 216 218
f 642 628 638
f 638 631 647
f 638 647 646
f 651 658 659
f 2894 2890 2899
f 1969 1967 1965
f 1968 1966 1967
f 3784 3787 3791
f 3784 3791 3752
f 1968 1981 1980
f 1214 1206 1202
f 1202 1194 1193
f 1627 1630 1629
f 3755 3759 3754
f 1191 1186 1173
f 1191 1173 1187
f 1187 1173 1176
f 3760 3759 3755
f 1179 1176 1178
f 1629 1631 1646
f 1599 1595 1594
f 1563 1566 1564
f 4258 4253 4260
f 1595 1587 1594
f 1567 1566 1563
f 2106 2105 2100
f 2105 2104 2100
f 6568 6559 6557
f 6552 6558 6561
f 6562 6561 6567
f 6579 6567 6581
f 4179 4184 4178
f 4175 4181 4182
f 2656 2653 2657
f 2654 2648 2651
f 2653 2658 2657
f 5026 5015 5017
f 5026 5014 5015
f 6883 6888 6881
f 2868 2875 2869
f 2875 2876 2869
f 6881 6888 6873
f 3536 3530 3535
f 2639 2662 2663
f 2639 2642 2662
f 2637 2642 2639
f 4133 4134 4136
f 2637 2638 2642
f 2628 2626 2637
f 2627 2626 2628
f 2627 2621 2626
f 2630 2634 2631
f 539 540 538
f 653 639 641
f 656 653 641
f 641 639 640
f 219 217 220
f 220 217 221
f 207 217 219
f 5165 5164 5160
f 636 628 642
f 628 631 638
f 646 658 651
f 658 663 659
f 663 664 659
f 2895 2891 2894
f 1975 1969 1963
f 3824 3823 3820
f 3820 3825 3824
f 3824 3825 3826
f 2892 2893 2902
f 1213 1206 1214
f 1194 1199 1191
f 1186 1174 1173
f 1178 1181 1180
f 1180 1181 1188
f 5372 5370 5369
f 1564 1566 1570
f 3762 3761 3760
f 4253 4255 4260
f 1629 1630 1631
f 5374 5373 5372
f 1595 1571 1587
f 1567 1568 1566
f 1587 1571 1567
f 1571 1568 1567
f 6557 6559 6558
f 6561 6586 6567
f 6579 6581 6588
f 4184 4185 4178
f 4178 4185 4183
f 51 67 58
f 148 146 145
f 2648 2654 2655
f 2657 2658 2660
f 2658 2661 2660
f 5017 5015 5016
f 5017 5016 5037
f 6886 6885 6884
f 6884 6885 6883
f 2873 2868 2872
f 6885 6888 6883
f 5026 5035 5014
f 3535 3532 3536
f 6870 6873 6888
f 6870 6872 6873
f 6873 6872 6874
f 517 556 421
f 517 421 417
f 6269 6274 6275
f 2630 2621 2627
f 2632 2634 2630
f 4140 4145 4144
f 222 219 220
f 207 219 222
f 640 635 636
f 636 644 640
f 207 206 211
f 207 211 217
f 211 216 217
f 3822 3817 3823
f 2890 2892 2897
f 3817 3820 3823
f 2900 2893 2896
f 4249 4247 4248
f 4248 4247 4242
f 2896 2886 2908
f 3759 3770 3754
f 1191 1199 1186
f 1199 1182 1186
f 1173 1171 1176
f 1176 1171 1178
f 1188 1181 1189
f 6600 6595 6597
f 1630 1632 1631
f 2107 2122 2108
f 2107 2108 2105
f 2105 2119 2104
f 1593 1571 1595
f 1571 1569 1568
f 78 81 79
f 3178 3190 3191
f 79 86 67
f 79 67 51
f 47 58 48
f 48 58 59
f 146 147 144
f 145 146 144
f 3195 3192 3194
f 2654 2665 2655
f 6911 6912 6913
f 147 149 144
f 2877 2873 2872
f 6886 6891 6885
f 5014 5012 5015
f 3641 3649 3645
f 2874 2875 2868
f 3642 3637 3647
f 6888 6869 6870
f 5035 5059 5058
f 4132 4131 4133
f 4131 4134 4133
f 458 556 517
f 6270 6251 6269
f 4144 4135 4140
f 4140 4146 4145
f 223 208 207
f 223 207 222
f 653 637 639
f 205 207 208
f 205 206 207
f 226 227 206
f 206 212 211
f 636 632 628
f 211 215 216
f 2895 2907 2891
f 590 569 579
f 3822 3815 3817
f 3817 3819 3820
f 3819 3821 3820
f 3820 3821 3825
f 2893 2882 2896
f 1182 1174 1186
f 3759 3767 3770
f 1630 1636 1632
f 4253 4252 4255
f 4255 4252 4264
f 2105 2108 2119
f 6595 6596 6597
f 5838 5835 5834
f 1593 1573 1571
f 6593 6589 6591
f 6589 6590 6591
f 6586 6585 6567
f 6582 6581 6567
f 4184 4188 4185
f 4185 4188 4186
f 4183 4186 4174
f 4186 4187 4174
f 4174 4187 4181
f 3176 3159 3178
f 3189 3190 3178
f 3202 3204 3203
f 2778 2780 2781
f 6297 6294 6319
f 149 150 144
f 533 527 456
f 5012 5011 5015
f 5015 5011 5016
f 2873 2874 2868
f 3535 3530 3532
f 5014 5035 5036
f 518 458 459
f 458 413 457
f 6870 6871 6872
f 1953 1955 1958
f 413 416 415
f 416 465 415
f 4131 4135 4134
f 2632 2630 2627
f 6251 6268 6269
f 6269 6268 6274
f 653 655 637
f 226 206 205
f 639 635 640
f 635 632 636
f 227 231 214
f 227 214 206
f 214 212 206
f 632 629 628
f 628 629 630
f 628 630 631
f 663 668 664
f 668 669 664
f 631 630 657
f 631 657 647
f 647 657 658
f 212 213 211
f 211 213 215
f 2889 2883 2890
f 3817 3816 3819
f 2890 2883 2892
f 1206 1183 1194
f 3754 3770 3788
f 1194 1183 1199
f 2886 2898 2913
f 4242 4243 4244
f 1171 1172 1178
f 4244 4243 4246
f 1636 1635 1632
f 1632 1635 1633
f 3761 3766 3759
f 1633 1634 1631
f 1632 1633 1631
f 1601 1593 1595
f 5834 5835 5836
f 1601 1592 1593
f 1592 1573 1593
f 1573 1572 1571
f 1571 1572 1569
f 6567 6585 6582
f 6582 6583 6581
f 6581 6583 6588
f 4184 4190 4188
f 3177 3175 3176
f 76 79 51
f 3175 3159 3176
f 48 59 57
f 57 59 62
f 6291 6297 6298
f 456 402 403
f 456 462 402
f 6912 6911 6914
f 2734 2732 2733
f 527 462 456
f 547 531 527
f 527 531 462
f 462 461 402
f 547 551 531
f 462 531 518
f 462 518 461
f 402 408 401
f 6904 6905 6906
f 461 457 402
f 5014 5036 5010
f 5014 5010 5012
f 3534 3533 3530
f 3530 3533 3531
f 3530 3531 3532
f 457 413 408
f 402 457 408
f 6905 6909 6906
f 6906 6909 6910
f 518 459 461
f 461 459 457
f 2964 2965 2966
f 2966 2965 2967
f 2966 2967 2970
f 2968 2965 2964
f 6868 6870 6869
f 518 559 458
f 413 415 414
f 6870 6868 6871
f 4130 4131 4132
f 465 438 415
f 415 438 418
f 6251 6262 6268
f 553 535 465
f 4131 4139 4135
f 535 466 465
f 465 466 438
f 4139 4140 4135
f 224 223 230
f 224 210 223
f 4146 4147 4145
f 228 235 229
f 210 209 208
f 450 451 432
f 209 205 208
f 229 226 209
f 209 226 205
f 451 452 432
f 452 453 432
f 639 637 635
f 229 234 226
f 226 234 227
f 632 633 629
f 214 213 212
f 569 568 579
f 3815 3816 3817
f 1213 1207 1206
f 1206 1207 1183
f 1183 1182 1199
f 1174 1169 1173
f 1173 1169 1171
f 3763 3766 3761
f 1656 1657 1634
f 1605 1592 1601
f 3762 3764 3763
f 3764 3765 3763
f 1572 1580 1569
f 1580 1585 1569
f 6589 6592 6590
f 1592 1589 1573
f 1589 1574 1573
f 1573 1574 1572
f 6585 6584 6582
f 6582 6584 6583
f 4188 4191 4186
f 50 51 47
f 3175 3156 3159
f 6291 6298 6295
f 6295 6298 6314
f 3189 3149 3188
f 403 399 395
f 6291 6294 6297
f 399 403 402
f 2780 2785 2781
f 6293 6294 6291
f 3194 3192 3193
f 6894 6893 6857
f 402 401 399
f 2732 2729 2733
f 5012 5000 5011
f 5016 5011 5038
f 5037 5039 5066
f 408 406 401
f 5016 5038 5037
f 5037 5038 5039
f 6891 6857 6859
f 6907 6905 6904
f 2733 2729 2740
f 2873 2878 2874
f 551 558 531
f 2966 2970 2971
f 413 414 406
f 408 413 406
f 2969 2968 2964
f 1951 1952 1953
f 6250 6251 6252
f 6864 6862 6863
f 438 422 418
f 537 535 553
f 438 439 422
f 4139 4141 4140
f 466 439 438
f 439 432 423
f 4140 4141 4146
f 232 228 225
f 228 210 225
f 466 449 439
f 439 449 432
f 449 450 432
f 228 209 210
f 228 232 235
f 228 229 209
f 235 234 229
f 453 431 432
f 637 634 635
f 635 634 632
f 453 455 431
f 227 234 231
f 550 530 455
f 455 530 437
f 437 447 441
f 669 668 673
f 3930 3912 3921
f 437 530 447
f 658 667 663
f 663 667 668
f 4559 4560 4564
f 530 552 447
f 447 444 441
f 552 549 447
f 447 549 444
f 575 576 586
f 523 546 524
f 523 544 546
f 524 546 548
f 546 554 548
f 3821 3827 3825
f 3825 3827 3828
f 195 194 201
f 192 194 195
f 2886 2887 2898
f 1169 1170 1171
f 1171 1170 1172
f 1657 1658 1634
f 5835 5837 5836
f 1572 1578 1580
f 4190 4191 4188
f 4191 4189 4186
f 3177 3156 3175
f 6290 6291 6295
f 75 62 84
f 6292 6296 6293
f 6292 6293 6291
f 4485 4490 4487
f 6893 6852 6857
f 5038 5011 4999
f 3637 3655 3648
f 6859 6860 6895
f 6907 6908 6905
f 3637 3636 3655
f 558 560 531
f 6905 6908 6909
f 6254 6253 6252
f 6895 6867 6869
f 6869 6867 6868
f 6252 6253 6250
f 6867 6866 6868
f 1957 1954 1951
f 1951 1954 1952
f 6863 6865 6864
f 6865 6866 6864
f 6251 6250 6258
f 1953 1952 1955
f 4130 4139 4131
f 6251 6258 6262
f 3396 3393 3395
f 423 432 428
f 4141 4149 4146
f 432 431 428
f 4584 4575 4583
f 431 437 435
f 437 441 435
f 234 238 231
f 668 674 673
f 550 557 530
f 629 661 630
f 214 236 213
f 441 444 443
f 570 573 566
f 213 236 237
f 549 545 444
f 519 523 521
f 519 521 520
f 3815 3818 3816
f 519 555 529
f 521 523 524
f 529 544 523
f 1239 1234 1241
f 1241 1234 1235
f 1241 1235 1238
f 1238 1235 1237
f 1183 1210 1177
f 1183 1177 1182
f 1182 1177 1174
f 2898 2903 2912
f 2912 2903 2911
f 3765 3768 3763
f 1598 1592 1605
f 5839 5837 5840
f 1598 1589 1592
f 6633 6625 6629
f 6625 6628 6629
f 3185 3165 3177
f 68 77 76
f 68 76 50
f 50 47 49
f 3177 3165 3156
f 48 57 56
f 49 48 56
f 6290 6295 6307
f 6307 6295 6314
f 57 62 56
f 6289 6291 6290
f 6289 6292 6291
f 84 85 75
f 395 399 398
f 6299 6296 6292
f 399 400 398
f 6853 6851 6850
f 6299 6300 6296
f 2773 2730 2732
f 401 406 405
f 6857 6858 6859
f 5012 5010 5000
f 6858 6860 6859
f 2740 2729 2735
f 6860 6858 6861
f 3655 3636 3656
f 6266 6265 6253
f 4950 4946 4951
f 6889 6890 6871
f 6868 6889 6871
f 6862 6861 6863
f 1952 1956 1955
f 422 423 420
f 6261 6262 6258
f 423 428 420
f 4143 4141 4139
f 428 431 429
f 4577 4575 4584
f 4146 4149 4147
f 232 251 235
f 431 433 429
f 431 434 433
f 4575 4574 4583
f 431 435 434
f 435 441 442
f 634 633 632
f 441 443 442
f 667 671 668
f 668 671 674
f 231 238 214
f 630 661 657
f 530 557 552
f 1261 1256 1257
f 513 519 520
f 1261 1257 1265
f 549 555 545
f 545 519 514
f 1257 1264 1265
f 545 555 519
f 521 524 522
f 1248 1240 1264
f 3890 3892 3877
f 1240 1232 1239
f 1239 1232 1234
f 201 202 203
f 1207 1208 1183
f 1177 1169 1174
f 1169 1175 1170
f 184 193 192
f 2898 2887 2903
f 1657 1659 1658
f 3765 3769 3768
f 3773 3769 3765
f 1659 1669 1658
f 1659 1664 1669
f 3774 3769 3773
f 1598 1591 1589
f 1572 1575 1578
f 1574 1575 1572
f 1589 1591 1574
f 80 68 82
f 52 68 50
f 52 50 49
f 3165 3134 3156
f 6290 6286 6289
f 56 62 63
f 395 398 396
f 63 62 75
f 1148 1145 1147
f 3167 3192 3188
f 6301 6312 6300
f 6301 6300 6299
f 6853 6854 6851
f 6850 6851 6852
f 3193 3167 3173
f 85 125 94
f 401 405 400
f 85 126 125
f 6852 6856 6857
f 4045 4030 4033
f 2732 2730 2729
f 405 406 407
f 5011 5000 4999
f 2729 2731 2735
f 5038 5041 5040
f 5038 5040 5039
f 6858 6892 6861
f 414 419 407
f 3631 3656 3636
f 6892 6863 6861
f 4948 4946 4950
f 4142 4139 4130
f 6253 6255 6250
f 418 422 420
f 1952 1959 1956
f 6250 6257 6258
f 4142 4143 4139
f 6257 6261 6258
f 420 428 429
f 4143 4148 4141
f 3393 3381 3392
f 4148 4149 4141
f 3380 3385 3386
f 435 436 434
f 633 662 629
f 442 443 445
f 629 662 661
f 667 672 671
f 443 514 513
f 1254 1256 1260
f 1256 1261 1260
f 521 522 520
f 1248 1232 1240
f 3920 3914 3892
f 1234 1233 1235
f 3892 3917 3920
f 1235 1233 1236
f 1235 1236 1237
f 183 196 194
f 3827 3829 3828
f 1208 1209 1183
f 1209 1210 1183
f 1657 1671 1660
f 1657 1660 1659
f 1606 1591 1598
f 1591 1582 1574
f 1574 1582 1576
f 1576 1575 1574
f 82 97 80
f 69 83 68
f 3185 3187 3184
f 69 68 52
f 3185 3184 3165
f 53 49 56
f 394 395 391
f 391 395 396
f 63 75 74
f 6302 6292 6289
f 75 85 87
f 6302 6301 6299
f 3149 3148 3188
f 1147 1145 1136
f 2750 2749 2744
f 4035 4033 4034
f 6851 6856 6852
f 6856 6858 6857
f 5038 4999 5041
f 2735 2731 2736
f 5031 5006 5010
f 2735 2736 2737
f 3638 3656 3631
f 6265 6255 6253
f 6892 6896 6863
f 4582 4581 4580
f 3679 3677 3675
f 4952 4949 4948
f 4577 4567 4575
f 235 239 234
f 234 239 238
f 4555 4552 4559
f 4559 4552 4560
f 243 236 238
f 443 513 511
f 238 236 214
f 236 241 237
f 1256 1249 1257
f 1257 1249 1244
f 1257 1244 1248
f 1257 1248 1264
f 1234 1232 1233
f 1236 1208 1237
f 1177 1185 1169
f 2887 2888 2905
f 2903 2906 2911
f 1659 1662 1664
f 1606 1600 1591
f 1591 1597 1582
f 1576 1577 1575
f 97 96 98
f 4791 4790 4794
f 3132 3134 3165
f 3184 3132 3165
f 56 63 64
f 391 396 397
f 3149 3134 3147
f 396 398 412
f 6303 6301 6302
f 2761 2749 2750
f 2749 2743 2744
f 2744 2743 2730
f 6851 6855 6856
f 3173 3167 3168
f 2730 2743 2741
f 2730 2741 2731
f 5000 4998 4999
f 4999 4996 5041
f 6856 6897 6858
f 6897 6892 6858
f 2731 2738 2736
f 4585 4581 4582
f 3677 3673 3675
f 4952 4953 4949
f 4949 4947 4948
f 424 420 426
f 430 429 448
f 429 433 448
f 251 250 235
f 235 240 239
f 634 666 665
f 634 665 633
f 4554 4548 4555
f 520 522 525
f 1254 1250 1256
f 5170 5168 5166
f 5168 5153 5166
f 1248 1231 1232
f 1232 1230 1233
f 1208 1215 1209
f 1185 1184 1169
f 1169 1184 1175
f 1660 1661 1659
f 1659 1661 1662
f 98 96 133
f 96 69 133
f 52 49 53
f 6284 6286 6308
f 6308 6286 6307
f 6308 6307 6313
f 394 391 383
f 391 384 383
f 6284 6285 6286
f 3132 3133 3134
f 41 42 43
f 3135 3134 3133
f 64 63 74
f 6304 6303 6302
f 6288 6289 6286
f 2761 2762 2749
f 3148 3167 3188
f 131 112 111
f 3167 3143 3146
f 6854 6855 6851
f 3167 3146 3168
f 154 153 131
f 6855 6903 6856
f 3168 3151 3186
f 6856 6903 6898
f 6856 6898 6897
f 4998 4996 4999
f 5041 5042 5040
f 3673 3676 3674
f 6897 6896 6892
f 4949 4954 4947
f 4953 4954 4949
f 4580 4565 4579
f 6250 6256 6257
f 4578 4567 4577
f 3382 3383 3380
f 3380 3383 3385
f 235 250 240
f 4575 4572 4574
f 4574 4572 4556
f 4555 4548 4552
f 525 522 526
f 1254 1253 1250
f 236 242 241
f 1250 1249 1256
f 241 249 254
f 1249 1247 1244
f 1244 1231 1248
f 1232 1231 1230
f 1233 1230 1236
f 1236 1215 1208
f 1215 1216 1209
f 1209 1224 1210
f 4696 4694 4699
f 1661 1673 1662
f 1664 1662 1666
f 1600 1597 1591
f 1584 1575 1583
f 1597 1590 1582
f 1582 1590 1576
f 139 133 138
f 133 55 138
f 2059 2080 2077
f 133 69 55
f 4785 4790 4791
f 4785 4786 4790
f 96 83 69
f 55 69 52
f 55 52 54
f 4790 4786 4787
f 53 56 60
f 6287 6285 6284
f 60 56 64
f 6302 6289 6288
f 6304 6302 6288
f 6304 6305 6303
f 1168 1167 1165
f 3135 3147 3134
f 2761 2763 2762
f 3148 3142 3167
f 3167 3142 3143
f 112 117 116
f 116 117 142
f 1349 1336 1340
f 131 132 112
f 112 132 117
f 131 153 132
f 132 153 155
f 3168 3146 3151
f 2821 2816 2819
f 2821 2817 2816
f 2741 2742 2731
f 6899 6897 6898
f 5041 4996 5042
f 4585 4586 4581
f 6897 6899 6901
f 1727 1724 1728
f 3638 3657 3656
f 6265 6267 6255
f 5415 5416 5417
f 6897 6901 6902
f 6897 6902 6896
f 4581 4576 4580
f 1728 1726 1729
f 4576 4565 4580
f 4953 4962 4954
f 6255 6256 6250
f 4579 4565 4578
f 4578 4565 4567
f 4567 4572 4575
f 3385 3383 3387
f 4553 4556 4543
f 446 445 469
f 4553 4548 4554
f 3922 3908 3905
f 445 470 469
f 4548 4549 4552
f 239 245 238
f 238 245 243
f 243 242 236
f 241 242 249
f 1249 1250 1247
f 1230 1225 1215
f 1230 1215 1236
f 1185 1211 1184
f 1209 1216 1224
f 4463 4458 4462
f 1673 1677 1662
f 1662 1667 1666
f 1667 1672 1666
f 1603 1625 1597
f 1600 1603 1597
f 1597 1625 1590
f 1590 1581 1576
f 1581 1579 1576
f 1576 1579 1577
f 2062 2079 2076
f 55 54 120
f 136 55 120
f 4786 4784 4787
f 66 64 74
f 74 73 66
f 3979 3982 3983
f 3982 3979 3981
f 1167 1141 1166
f 2763 2764 2762
f 3148 3137 3142
f 3981 3985 3986
f 3981 3986 3987
f 1349 1334 1336
f 1340 1341 1342
f 2819 2818 2820
f 2816 2815 2819
f 2819 2815 2818
f 1342 1341 1343
f 5257 5258 5254
f 2742 2738 2731
f 5257 5313 5303
f 5258 5257 5303
f 5258 5303 5260
f 5523 5522 5520
f 5042 5043 5040
f 1724 1726 1728
f 5316 5312 5311
f 1698 1697 1696
f 5415 5419 5416
f 4954 4962 4957
f 6256 6259 6257
f 440 436 475
f 240 247 239
f 4553 4543 4548
f 239 247 245
f 245 244 243
f 1244 1247 1245
f 1244 1245 1243
f 1244 1243 1231
f 1231 1225 1230
f 1211 1212 1184
f 1225 1217 1215
f 1217 1216 1215
f 1216 1220 1224
f 1663 1661 1660
f 1663 1665 1661
f 1577 1579 1583
f 4105 4104 4106
f 120 54 119
f 120 119 102
f 2059 2058 2080
f 4785 4784 4786
f 54 60 61
f 384 397 404
f 3133 3136 3135
f 71 88 89
f 6306 6305 6304
f 2765 2764 2763
f 3137 3148 3147
f 3979 3980 3981
f 3979 3984 3980
f 110 111 109
f 111 112 109
f 109 112 116
f 3146 3145 3151
f 3169 3151 3166
f 2816 2803 2815
f 5249 5253 5254
f 2742 2745 2738
f 5261 5257 5253
f 5253 5257 5254
f 4998 4995 4996
f 4996 4994 5042
f 5257 5268 5313
f 5303 5294 5298
f 5308 5310 5261
f 5313 5312 5303
f 4581 4586 4576
f 1727 1722 1724
f 5310 5311 5312
f 5420 5421 5418
f 5420 5418 5416
f 1724 1723 1726
f 6267 6260 6255
f 5520 5515 5518
f 6255 6260 6256
f 5063 5028 5031
f 448 477 468
f 3382 3384 3383
f 4567 4568 4572
f 3383 3384 3387
f 475 436 474
f 250 252 240
f 4572 4573 4556
f 247 246 245
f 246 244 245
f 4548 4547 4549
f 244 242 243
f 1255 1252 1253
f 1253 1252 1250
f 2457 2459 2462
f 1231 1242 1226
f 1226 1225 1231
f 4689 4688 4702
f 1222 1217 1225
f 4696 4693 4694
f 4458 4460 4462
f 1673 1683 1684
f 1662 1668 1667
f 4123 4121 4122
f 4123 4122 4124
f 4124 4116 4105
f 3782 3781 3779
f 3782 3779 3777
f 4106 4104 4107
f 4106 4107 4108
f 102 119 101
f 119 61 101
f 119 54 61
f 4783 4785 4788
f 4783 4784 4785
f 6317 6284 6315
f 3160 3133 3132
f 383 384 385
f 60 64 65
f 384 404 386
f 6306 6304 6309
f 88 107 89
f 3136 3137 3135
f 3136 3138 3137
f 2765 2766 2764
f 3137 3147 3135
f 108 110 109
f 109 116 115
f 115 116 141
f 3980 3985 3981
f 3980 3984 3985
f 2588 2587 2583
f 3143 3145 3146
f 1337 1338 1339
f 5239 5228 5227
f 5232 5231 5230
f 5255 5260 5256
f 5249 5250 5253
f 2816 2817 2814
f 2816 2814 2803
f 4027 4026 4029
f 5294 5292 5298
f 5261 5262 5308
f 5268 5310 5313
f 5310 5312 5313
f 2745 2746 2738
f 5310 5308 5309
f 5294 5289 5292
f 5006 5005 4997
f 5006 4997 4998
f 5310 5309 5311
f 5522 5521 5520
f 4586 4571 4576
f 5422 5421 5420
f 5520 5521 5515
f 4576 4571 4565
f 4571 4570 4565
f 5518 5515 5517
f 6260 6264 6256
f 1291 1289 1290
f 1290 1289 1288
f 6256 6263 6259
f 4568 4569 4572
f 4572 4569 4573
f 252 248 240
f 4556 4542 4543
f 248 247 240
f 1250 1252 1251
f 1250 1251 1247
f 1247 1251 1245
f 1243 1242 1231
f 1226 1222 1225
f 4697 4693 4696
f 4462 4460 4464
f 4127 4125 4126
f 4126 4125 4123
f 4124 4122 4116
f 4116 4094 4105
f 3781 3780 3779
f 4105 4094 4104
f 4108 4107 4100
f 2062 2060 2065
f 4783 4780 4784
f 61 60 65
f 3160 3157 3133
f 384 386 385
f 65 64 66
f 6311 6309 6288
f 90 71 89
f 6310 6306 6309
f 107 108 105
f 108 109 105
f 140 115 141
f 4639 4638 4641
f 1351 1331 1334
f 1334 1331 1329
f 1329 1330 1336
f 1336 1330 1337
f 3143 3144 3145
f 5226 5223 5222
f 5226 5225 5223
f 5456 5457 5454
f 5227 5225 5226
f 5225 5230 5229
f 5231 5233 5229
f 5234 5229 5233
f 5234 5233 5252
f 3174 3166 3145
f 5227 5228 5225
f 5228 5232 5230
f 5225 5228 5230
f 5239 5245 5240
f 5237 5255 5246
f 5235 5249 5238
f 5238 5259 5255
f 5238 5255 5237
f 2818 2815 2808
f 5242 5262 5261
f 5242 5263 5262
f 4996 4995 4994
f 4998 4997 4995
f 5308 5307 5309
f 5292 5289 5290
f 4956 4958 4971
f 5288 5271 5286
f 5288 5286 5289
f 5289 5286 5290
f 1724 1722 1723
f 5031 5028 5005
f 1694 1693 1696
f 6267 6271 6260
f 5287 5273 5297
f 5273 5284 5285
f 5297 5273 5285
f 5320 5321 5319
f 4565 4566 4567
f 5318 5321 5320
f 4567 4566 4568
f 3384 3388 3387
f 3387 3388 3389
f 252 253 248
f 248 246 247
f 4548 4543 4544
f 4548 4544 4547
f 2455 2454 2461
f 593 582 623
f 1663 1670 1665
f 4458 4461 4459
f 4458 4459 4460
f 4460 4459 4464
f 1684 1683 1682
f 1674 1675 1668
f 4122 4115 4116
f 4104 4093 4096
f 100 101 70
f 61 65 101
f 101 65 70
f 392 393 385
f 6327 6315 6330
f 70 65 66
f 70 66 71
f 6310 6309 6311
f 3138 3139 3137
f 3142 3141 3143
f 3141 3144 3143
f 5446 5447 5448
f 1330 1338 1337
f 5448 5449 5450
f 5222 5223 5224
f 4901 4902 4903
f 3174 3145 3144
f 3182 3174 3144
f 5223 5225 5224
f 5252 5233 5251
f 5233 5246 5251
f 5457 5458 5459
f 5238 5237 5231
f 5231 5237 5233
f 5233 5237 5246
f 6839 6841 6842
f 5267 5265 5269
f 5245 5269 5240
f 5269 5265 5240
f 5240 5236 5239
f 5239 5236 5228
f 5228 5236 5232
f 5232 5235 5231
f 5231 5235 5238
f 5240 5241 5236
f 5232 5236 5235
f 5241 5243 5242
f 5241 5242 5236
f 5242 5249 5236
f 5249 5242 5250
f 2803 2805 2815
f 2815 2805 2808
f 5242 5244 5263
f 5263 5308 5262
f 4994 4993 5042
f 5042 5044 5043
f 5043 5044 5045
f 5307 5271 5309
f 5309 5271 5288
f 5286 5299 5290
f 5290 5299 5300
f 5290 5300 5301
f 4958 4959 4971
f 6260 6271 6272
f 5300 5302 5301
f 5515 5514 5517
f 6260 6272 6264
f 5273 5287 5286
f 5286 5287 5299
f 5299 5283 5300
f 5283 5302 5300
f 5299 5284 5283
f 6438 6437 6439
f 5273 5282 5283
f 5273 5283 5284
f 5282 5320 5319
f 5282 5319 5283
f 6449 6440 6438
f 4565 4570 4566
f 6272 6273 6264
f 6490 6489 6487
f 6464 6446 6454
f 6454 6446 6448
f 4566 4569 4568
f 248 253 246
f 4544 4546 4547
f 582 618 623
f 1245 1246 1243
f 1243 1246 1242
f 1216 1219 1220
f 1220 1219 1221
f 4269 4267 4266
f 4266 4267 4268
f 1681 1682 1683
f 5798 5799 5800
f 4127 4128 4125
f 4125 4128 4121
f 4115 4113 4116
f 4116 4113 4094
f 4096 4097 4100
f 100 70 99
f 392 385 387
f 4782 4783 4788
f 4782 4780 4783
f 70 71 72
f 6311 6288 6318
f 3157 3136 3133
f 2768 2767 2765
f 2765 2767 2766
f 113 109 115
f 6699 6691 6698
f 3139 3141 3137
f 5447 5449 5448
f 3183 3182 3144
f 5449 5451 5450
f 5451 5452 5450
f 6839 6840 6841
f 5240 5265 5241
f 5241 5265 5264
f 5241 5264 5243
f 5243 5244 5242
f 5263 5244 5266
f 5263 5306 5308
f 5042 4993 5044
f 1722 1715 1713
f 5307 5274 5271
f 4571 4587 4570
f 1722 1713 1723
f 5513 5512 5514
f 5028 5002 5005
f 5271 5272 5273
f 5271 5273 5286
f 6434 6437 6438
f 5514 5516 5517
f 5065 5029 5028
f 5029 5002 5028
f 5273 5280 5282
f 6440 6434 6438
f 5033 5029 5061
f 5282 5318 5320
f 5280 5315 5318
f 4569 4535 4542
f 3389 3388 3390
f 1252 1258 1251
f 3262 3261 3229
f 1245 1262 1246
f 1242 1263 1226
f 1217 1218 1216
f 1218 1219 1216
f 4697 4698 4693
f 4674 4673 4676
f 1680 1676 1681
f 1681 1676 1682
f 4129 4128 4127
f 4128 4119 4121
f 4121 4120 4122
f 4120 4115 4122
f 4097 4099 4100
f 4099 4102 4101
f 4100 4099 4101
f 4113 4091 4094
f 4094 4091 4093
f 4093 4095 4096
f 4096 4095 4097
f 2060 2051 2057
f 70 72 99
f 385 386 387
f 4778 4780 4782
f 3157 3155 3136
f 3136 3140 3138
f 106 107 105
f 6691 6697 6698
f 1332 1328 1331
f 1331 1328 1329
f 3141 3150 3144
f 2410 2388 2408
f 5267 5264 5265
f 5264 5247 5243
f 2814 2804 2803
f 2803 2804 2805
f 4020 4017 4026
f 2805 2806 2808
f 5244 5248 5266
f 5591 5593 5597
f 2746 2745 2747
f 5266 5314 5305
f 5306 5281 5307
f 5306 5307 5308
f 5281 5274 5307
f 6441 6461 6451
f 6451 6461 6472
f 5513 5509 5512
f 5005 5002 4997
f 4587 4563 4570
f 1691 1692 1693
f 6271 6276 6272
f 6437 6461 6441
f 4960 4961 4959
f 5272 5280 5273
f 5517 5516 5519
f 5517 5519 5518
f 4962 5025 5023
f 4570 4563 4566
f 6440 6453 6434
f 1289 1286 1288
f 6470 6450 6446
f 6470 6446 6464
f 6446 6447 6448
f 1286 1287 1288
f 4542 4535 4541
f 4543 4541 4544
f 4544 4545 4546
f 1251 1259 1245
f 3229 3261 3233
f 1263 1227 1226
f 1222 1218 1217
f 4267 4271 4270
f 4676 4673 4678
f 1680 1679 1676
f 1676 1679 1678
f 4675 4677 4682
f 4228 4208 4227
f 4121 4119 4120
f 4115 4120 4114
f 4097 4095 4099
f 4091 4092 4093
f 4093 4092 4095
f 2073 2061 2074
f 387 386 388
f 90 89 91
f 388 404 411
f 3155 3140 3136
f 3138 3153 3152
f 3138 3152 3139
f 6691 6693 6695
f 6696 6697 6691
f 1333 1328 1332
f 1328 1327 1329
f 1329 1327 1330
f 2411 2410 2408
f 4627 4629 4634
f 4634 4629 4635
f 2386 2385 2387
f 2387 2385 2388
f 2387 2388 2410
f 4632 4628 4627
f 4627 4628 4629
f 2389 2384 2386
f 2384 2385 2386
f 4628 4630 4629
f 6839 6825 6840
f 5267 5270 5264
f 6832 6831 6830
f 5247 5244 5243
f 2814 2813 2804
f 5266 5305 5306
f 4997 4990 4995
f 5044 5046 5045
f 1715 1708 1713
f 5512 5509 5511
f 5512 5516 5514
f 4959 4961 4963
f 5274 5272 5271
f 6437 6433 6461
f 6437 6434 6433
f 4960 5023 4961
f 379 378 381
f 6445 6427 6453
f 5278 5315 5280
f 4566 4534 4569
f 5588 5589 5596
f 4534 4535 4569
f 4541 4545 4544
f 1281 1280 1267
f 1267 1268 1269
f 1269 1268 1271
f 1271 1266 1255
f 1255 1266 1252
f 1258 1259 1251
f 1259 1262 1245
f 1242 1246 1263
f 1227 1223 1226
f 1226 1223 1222
f 1222 1223 1218
f 4675 4682 4673
f 4205 4208 4232
f 4682 4683 4681
f 4225 4208 4229
f 4226 4208 4224
f 4229 4223 4225
f 4224 4223 4222
f 4117 4118 4119
f 4119 4118 4120
f 4092 4098 4095
f 1044 978 1009
f 2051 2060 2061
f 392 387 389
f 129 130 99
f 99 92 127
f 389 387 388
f 72 90 92
f 4789 4778 4782
f 6311 6318 6323
f 4778 4777 4780
f 4777 4781 4780
f 91 103 95
f 115 114 113
f 118 140 151
f 3140 3153 3138
f 1335 1348 1328
f 3152 3150 3139
f 6826 6815 6817
f 4631 4630 4628
f 6825 6821 6840
f 6840 6831 6832
f 2805 2804 2806
f 5247 5248 5244
f 5593 5591 5574
f 5306 5305 5281
f 5002 4989 4997
f 4989 4990 4997
f 5314 5304 5305
f 382 380 379
f 4961 4964 4963
f 4563 4561 4566
f 5029 5001 5002
f 5272 5276 5278
f 5278 5280 5272
f 6434 6430 6433
f 5025 5022 5023
f 6434 6453 6430
f 6453 6428 6430
f 4566 4561 4534
f 6453 6427 6428
f 5279 5296 5278
f 6445 6425 6427
f 3898 3915 3919
f 5588 5586 5589
f 4532 4533 4536
f 1267 1270 1268
f 1266 1273 1252
f 1252 1273 1258
f 1259 1283 1262
f 5866 5859 5867
f 6380 6381 6382
f 4205 4207 4208
f 4208 4207 4229
f 4229 4207 4223
f 4683 4685 4684
f 4683 4686 4685
f 4686 4687 4685
f 4221 4210 4220
f 4113 4114 4091
f 4230 4220 4219
f 4091 4103 4092
f 2051 2054 2057
f 6317 6327 6325
f 4775 4777 4778
f 4789 4775 4778
f 95 103 104
f 95 104 121
f 2769 2767 2768
f 123 118 151
f 3140 3154 3153
f 6691 6692 6693
f 1328 1348 1325
f 3152 3162 3150
f 1328 1325 1327
f 2403 2400 2394
f 6815 6816 6817
f 4632 4633 4631
f 4632 4631 4628
f 2806 2807 2808
f 5565 5591 5592
f 2745 2748 2747
f 6461 6465 6472
f 5044 5047 5046
f 5591 5561 5574
f 1713 1708 1711
f 5561 5573 5574
f 5574 5573 5587
f 5277 5275 5281
f 5281 5275 5274
f 5275 5272 5274
f 5002 5001 4989
f 5023 4965 4961
f 5030 5001 5029
f 379 372 378
f 5276 5279 5278
f 5033 5030 5029
f 5033 5056 5030
f 5295 5291 5296
f 5295 5296 5279
f 5572 5586 5588
f 6450 6443 6425
f 6450 6425 6446
f 5064 5056 5033
f 1286 1282 1287
f 1280 1270 1267
f 1271 1268 1266
f 1258 1273 1276
f 1258 1276 1259
f 5870 5857 5866
f 5857 5859 5866
f 1227 1228 1223
f 4698 4703 4701
f 4205 4206 4207
f 4223 4207 4210
f 4233 4234 4239
f 4223 4210 4222
f 4231 4214 4233
f 4092 4103 4110
f 4110 4109 4098
f 2150 2143 2147
f 6325 6327 6328
f 389 388 390
f 3412 3413 3414
f 4795 4793 4792
f 4775 4776 4777
f 2772 2769 2768
f 104 114 121
f 121 114 122
f 114 118 122
f 122 118 123
f 3520 3518 3510
f 3161 3158 3154
f 3152 3164 3162
f 1895 1890 1894
f 2395 2392 2394
f 6816 6818 6817
f 2392 2393 2386
f 6817 6818 6824
f 6821 6827 6840
f 6840 6827 6831
f 6831 6827 6830
f 2812 2804 2813
f 2804 2807 2806
f 4995 4990 4994
f 4994 4990 4993
f 4990 4992 4993
f 4993 4992 5044
f 6491 6492 6493
f 5509 5510 5511
f 5044 4992 5047
f 2274 2290 2270
f 2274 2270 2273
f 4563 4562 4561
f 1711 1708 1710
f 5275 5277 5276
f 5276 5272 5275
f 2270 2269 2273
f 6433 6429 6435
f 5025 5062 5022
f 6430 6429 6433
f 5023 5022 4965
f 5276 5295 5279
f 6428 6429 6430
f 6426 6429 6428
f 6427 6426 6428
f 1282 1286 1284
f 1282 1280 1281
f 4711 4705 4708
f 4215 4214 4231
f 4214 4234 4233
f 4217 4219 4220
f 4103 4111 4110
f 2794 2793 2791
f 2793 2794 2798
f 2793 2798 2801
f 5645 5646 5647
f 2146 2143 2140
f 2150 2152 2143
f 2054 2051 2050
f 1042 1026 1017
f 390 388 409
f 4792 4775 4789
f 4792 4793 4775
f 4775 4779 4776
f 4775 4793 4779
f 3513 3507 3518
f 3518 3507 3510
f 6694 6692 6691
f 1325 1326 1327
f 6126 6127 6128
f 3181 3180 3162
f 6837 6836 6816
f 6837 6816 6838
f 2416 2392 2440
f 6847 6848 6849
f 2416 2393 2392
f 2416 2406 2393
f 6816 6819 6818
f 6825 6818 6821
f 6827 6829 6830
f 5565 5566 5591
f 1715 1709 1708
f 5566 5561 5591
f 380 372 379
f 5047 5048 5046
f 4562 4538 4561
f 4561 4538 4537
f 4561 4537 4534
f 5030 5003 5001
f 5277 5291 5276
f 378 372 373
f 6426 6431 6429
f 4534 4529 4532
f 5572 5571 5586
f 6444 6424 6443
f 6443 6424 6425
f 4533 4526 4525
f 6425 6426 6427
f 6425 6419 6426
f 378 373 375
f 1282 1284 1280
f 1284 1285 1280
f 1273 1277 1276
f 5857 5858 5859
f 4427 4435 4434
f 4427 4430 4435
f 1228 1229 1223
f 4705 4704 4703
f 4209 4212 4214
f 1550 1549 1551
f 2791 2793 2792
f 2793 2802 2792
f 2793 2801 2802
f 3426 3423 3411
f 2143 2142 2140
f 2152 2153 2143
f 3411 3408 3410
f 2143 2153 2154
f 2085 2083 2084
f 2085 2056 2083
f 2089 2098 2088
f 3521 3513 3518
f 3163 3153 3158
f 3158 3153 3154
f 3513 3505 3507
f 6694 6700 6692
f 3153 3163 3164
f 3153 3164 3152
f 1124 1126 1127
f 1345 1325 1348
f 3179 3181 3162
f 5653 5650 5652
f 2440 2418 2416
f 6836 6819 6816
f 6819 6836 6846
f 2407 2405 2406
f 2748 2751 2747
f 2751 2752 2747
f 4990 4991 4992
f 2747 2752 2771
f 5047 4992 5048
f 380 374 372
f 5566 5560 5561
f 5048 5049 5046
f 5001 4987 4989
f 5561 5562 5573
f 4966 4965 4967
f 5003 4987 5001
f 5573 5562 5587
f 5277 5293 5291
f 372 366 373
f 5056 5055 5030
f 4529 4526 4532
f 4532 4526 4533
f 5571 5590 5586
f 6426 6469 6431
f 6424 6419 6425
f 1285 1270 1280
f 1268 1272 1266
f 3253 3248 3246
f 1273 1278 1277
f 1277 1279 1283
f 5875 5873 5870
f 5870 5873 5857
f 2790 2791 2792
f 2039 2053 2044
f 2044 2053 2063
f 2140 2135 2137
f 6339 6328 6332
f 2142 2141 2140
f 1016 1017 1015
f 3422 3408 3411
f 2143 2154 2142
f 3410 3409 3412
f 3412 3409 3413
f 3521 3516 3513
f 3507 3508 3510
f 3510 3508 3514
f 3513 3516 3505
f 3505 3506 3507
f 3507 3506 3508
f 1129 1124 1128
f 3163 3170 3164
f 2418 2440 2421
f 5652 5650 5649
f 2416 2417 2406
f 6818 6820 6821
f 6821 6822 6827
f 2804 2809 2807
f 6827 6828 6829
f 6465 6467 6468
f 1708 1709 1710
f 4537 4538 4530
f 6481 6477 6480
f 6431 6432 6429
f 4557 4524 4531
f 5562 5571 5572
f 5062 5027 5022
f 5580 5590 5571
f 6473 6474 6475
f 6424 6423 6419
f 1270 1272 1268
f 1266 1275 1273
f 5877 5876 5875
f 5875 5876 5873
f 4705 4707 4704
f 2790 2792 2795
f 2792 2802 2795
f 2043 2044 2064
f 2044 2043 2039
f 2039 2052 2053
f 3422 3423 3424
f 3408 3409 3410
f 6711 6702 6700
f 3521 3522 3516
f 6702 6701 6700
f 3508 3517 3514
f 3516 3512 3505
f 3512 3506 3505
f 1344 1324 1345
f 1345 1324 1325
f 1323 1352 1326
f 2421 2420 2418
f 2421 2396 2422
f 2397 2395 2398
f 1888 1887 1890
f 2397 2396 2395
f 2424 2434 2406
f 2424 2406 2417
f 2434 2407 2406
f 6819 6846 6834
f 6819 6834 6820
f 2812 2811 2804
f 2804 2811 2809
f 2807 2809 2810
f 4024 4031 4016
f 6828 6833 6829
f 2309 2327 2289
f 374 371 372
f 371 359 372
f 5563 5560 5565
f 4990 4988 4991
f 4992 4991 5048
f 5565 5560 5566
f 4989 4988 4990
f 372 359 366
f 5560 5558 5561
f 6435 6466 6465
f 4966 4969 4970
f 4530 4529 4537
f 5561 5558 5562
f 5003 5007 5004
f 5003 5004 4987
f 5027 5021 5022
f 373 369 375
f 5580 5583 5590
f 6423 6422 6419
f 6419 6422 6404
f 6419 6404 6391
f 6419 6391 6469
f 6469 6391 6406
f 375 369 370
f 1270 1285 1272
f 1272 1274 1266
f 1266 1274 1275
f 1273 1275 1278
f 1278 1279 1277
f 5860 5871 5864
f 4709 4706 4705
f 4705 4706 4707
f 2790 2795 2796
f 2796 2795 2797
f 2135 2136 2137
f 2039 2040 2052
f 2039 2031 2040
f 6336 6335 6337
f 1017 1026 1021
f 2027 2028 2040
f 2084 2082 2090
f 2098 2089 2096
f 1144 1131 1130
f 3163 3172 3170
f 1324 1323 1325
f 2426 2422 2427
f 2420 2422 2426
f 2426 2423 2420
f 2422 2409 2427
f 2397 2398 2399
f 2399 2398 2402
f 2429 2425 2417
f 2429 2417 2430
f 2422 2401 2409
f 2409 2401 2397
f 2417 2419 2430
f 2396 2397 2401
f 6845 6843 6844
f 2425 2424 2417
f 2419 2418 2420
f 2425 2428 2424
f 2437 2436 2428
f 2436 2424 2428
f 6843 6834 6844
f 2437 2438 2436
f 6844 6834 6846
f 6820 6822 6821
f 6822 6828 6827
f 2751 2753 2752
f 1686 1685 1706
f 1709 1712 1710
f 1710 1712 1720
f 6481 6480 6482
f 4966 4968 4969
f 4966 4967 4968
f 4524 4526 4527
f 5562 5568 5571
f 4965 5020 4968
f 373 366 369
f 5571 5568 5580
f 6475 6476 6477
f 5580 5581 5583
f 5545 5529 5543
f 5348 5349 5350
f 5543 5529 5544
f 5529 5531 5544
f 5865 5868 5862
f 2148 2139 2144
f 2148 2144 2149
f 2139 2138 2144
f 2038 2037 2039
f 3431 3427 3423
f 2141 2151 2135
f 1015 974 973
f 2028 2027 2022
f 2089 2095 2096
f 3508 3509 3517
f 3506 3511 3509
f 1344 1322 1324
f 1324 1322 1323
f 4654 4646 4647
f 2426 2427 2435
f 1323 1347 1352
f 2429 2433 2425
f 2409 2397 2399
f 2430 2419 2423
f 2423 2419 2420
f 4068 4071 4064
f 6820 6834 6823
f 6820 6823 6822
f 2753 2754 2752
f 2752 2754 2771
f 359 314 366
f 5563 5556 5560
f 1712 1719 1720
f 1688 1687 1686
f 4987 4988 4989
f 4530 4528 4529
f 4529 4528 4526
f 5032 5007 5003
f 6476 6478 6477
f 6477 6478 6480
f 5021 5020 4965
f 5021 5024 5020
f 6456 6436 6423
f 6423 6436 6422
f 5554 5547 5555
f 5555 5547 5546
f 6404 6403 6391
f 6403 6392 6391
f 5351 5348 5350
f 5547 5545 5546
f 5546 5545 5543
f 5331 5328 5330
f 5545 5532 5529
f 5532 5530 5529
f 369 364 370
f 264 273 286
f 356 315 363
f 2138 2145 2144
f 1549 1546 1562
f 6342 6340 6339
f 3427 3425 3423
f 3423 3425 3424
f 2135 2151 2136
f 6338 6339 6340
f 6341 6338 6340
f 3408 3407 3406
f 3408 3406 3409
f 2022 2017 2021
f 2089 2094 2095
f 6702 6703 6701
f 2432 2433 2429
f 1323 1322 1321
f 2429 2431 2432
f 1323 1321 1347
f 5479 5477 5476
f 3958 3934 3931
f 4643 4648 4644
f 3931 3934 3932
f 1919 1889 1898
f 6523 6526 6536
f 6834 6843 6823
f 6822 6823 6835
f 6822 6835 6828
f 2309 2383 2328
f 4024 4040 4031
f 6828 6835 6833
f 1709 1714 1712
f 5560 5556 5558
f 4526 4528 4527
f 5562 5558 5568
f 6480 6483 6482
f 4969 4968 4970
f 366 314 311
f 366 311 369
f 5568 5553 5580
f 5580 5553 5581
f 6391 6390 6406
f 6392 6389 6391
f 6389 6390 6391
f 5547 5548 5545
f 5548 5532 5545
f 5871 5874 5872
f 5871 5872 5864
f 6344 6343 6345
f 6344 6345 6346
f 6342 6343 6344
f 6341 6340 6347
f 6347 6340 6342
f 1015 1019 974
f 3425 3416 3424
f 6063 6059 6056
f 6703 6704 6701
f 3509 3511 3517
f 3511 3519 3517
f 4072 4070 4069
f 1896 1894 1887
f 1156 1157 1155
f 6523 6497 6526
f 3931 3933 3935
f 6536 6526 6535
f 2328 2383 2311
f 5944 5952 5955
f 2811 2822 2809
f 2292 2282 2291
f 4991 5018 5048
f 1687 1699 1685
f 1712 1717 1719
f 1719 1717 1725
f 4970 4980 4972
f 4528 4539 4527
f 5032 4977 5007
f 5004 4981 4987
f 5007 4979 5004
f 2271 2279 2278
f 5581 5553 5554
f 5554 5553 5549
f 5549 5547 5554
f 369 311 364
f 5549 5548 5547
f 357 347 360
f 495 494 493
f 494 479 493
f 482 481 478
f 1908 1897 1910
f 2021 2019 2029
f 1878 1870 1896
f 6528 6547 6512
f 6511 6513 6512
f 6515 6496 6498
f 2809 2822 2823
f 2823 2825 2810
f 2811 2824 2822
f 2751 2759 2753
f 3938 3939 3940
f 371 361 359
f 3938 3940 3957
f 3957 3940 3959
f 4988 5008 4991
f 5009 5008 4988
f 5048 5018 5049
f 1714 1716 1712
f 4987 4985 4988
f 4981 4985 4987
f 4970 5019 4980
f 6476 6479 6478
f 6471 6400 6421
f 5020 5019 4968
f 5568 5576 5553
f 6390 6394 6406
f 5549 5541 5548
f 5549 5550 5541
f 5328 5329 5327
f 5541 5532 5548
f 5532 5536 5530
f 2144 2155 2156
f 3427 3428 3425
f 2037 2035 2032
f 1019 1059 974
f 3407 3405 3406
f 6526 6534 6535
f 361 337 309
f 2753 2755 2754
f 5008 5018 4991
f 3940 3943 3959
f 1712 1716 1717
f 5556 5559 5557
f 5556 5557 5558
f 1717 1721 1725
f 5558 5557 5575
f 4985 5009 4988
f 6407 6458 6459
f 4980 5019 4973
f 5007 4977 4979
f 6421 6402 6407
f 6421 6407 6459
f 5568 5575 5576
f 6400 6402 6421
f 2279 2280 2284
f 2279 2284 2365
f 303 302 311
f 5576 5551 5553
f 5553 5551 5549
f 5551 5550 5549
f 364 302 306
f 5550 5542 5541
f 5541 5536 5532
f 306 297 255
f 347 306 272
f 288 310 315
f 3490 3486 3498
f 3428 3429 3425
f 492 479 487
f 479 480 487
f 2027 2024 2022
f 2022 2023 2017
f 2017 2019 2021
f 6703 6705 6704
f 1322 1320 1321
f 6547 6525 6512
f 6512 6525 6506
f 2230 2226 2227
f 6526 6508 6534
f 3936 3956 3937
f 2823 2822 2825
f 2759 2755 2753
f 3939 3941 3940
f 5018 5051 5049
f 5557 5594 5575
f 4980 4973 4972
f 4972 4973 4974
f 2285 2284 2283
f 4979 4981 5004
f 5013 4973 5019
f 5020 5013 5019
f 6417 6398 6471
f 6471 6398 6400
f 2284 2306 2365
f 6393 6395 6394
f 6390 6393 6394
f 6389 6393 6390
f 5551 5552 5550
f 5332 5334 5325
f 5542 5536 5541
f 3487 3477 3490
f 3429 3430 3425
f 3416 3415 3407
f 3415 3405 3407
f 487 480 484
f 480 483 484
f 480 481 483
f 2019 2018 2030
f 6703 6706 6705
f 1321 1320 1318
f 6494 6495 6496
f 2227 2226 2225
f 3977 3975 3937
f 2314 2302 2303
f 3937 3975 3974
f 3937 3974 3939
f 3939 3974 3971
f 3939 3971 3941
f 3941 3942 3940
f 2755 2756 2754
f 3942 3943 3940
f 1716 1718 1717
f 5009 5034 5008
f 1717 1718 1721
f 5009 5054 5034
f 4973 4975 4974
f 4985 4984 5009
f 5009 4984 5054
f 5594 5582 5575
f 4975 4978 4977
f 4974 4975 4977
f 4977 4978 4979
f 4978 4981 4979
f 5575 5582 5576
f 5582 5577 5576
f 6395 6398 6417
f 5576 5577 5551
f 5577 5578 5551
f 6389 6409 6408
f 6389 6408 6393
f 5551 5578 5552
f 5552 5542 5550
f 5542 5533 5536
f 5536 5533 5535
f 1553 1554 1548
f 3486 3477 3480
f 3490 3477 3486
f 492 487 486
f 3487 3475 3477
f 3488 3475 3487
f 2035 2034 2032
f 3405 3403 3406
f 1911 1897 1892
f 2020 2018 2017
f 2017 2018 2019
f 2030 2097 2046
f 1320 1316 1318
f 1874 1868 1878
f 299 312 298
f 2315 2314 2313
f 6508 6537 6541
f 6508 6541 6546
f 4364 4365 4366
f 4370 4354 4364
f 2759 2770 2755
f 2302 2295 2294
f 3971 3942 3941
f 2294 2295 2293
f 4403 4396 4404
f 2756 2755 2757
f 5559 5564 5557
f 5008 5034 5018
f 2286 2287 2285
f 4973 4976 4975
f 2364 2297 2362
f 4985 4981 4984
f 2306 2285 2305
f 4973 5013 4976
f 4978 4982 4981
f 4978 4986 4983
f 4978 4983 4982
f 4981 4982 4984
f 6398 6395 6397
f 6398 6397 6399
f 6398 6399 6400
f 5578 5579 5552
f 5552 5579 5542
f 5542 5579 5533
f 5533 5534 5535
f 5535 5534 5537
f 3489 3482 3475
f 3489 3475 3488
f 3489 3485 3482
f 3493 3492 3491
f 2023 2020 2017
f 1870 1868 1867
f 1318 1317 1350
f 1874 1886 1920
f 2248 2250 2249
f 2354 2355 2315
f 6509 6537 6508
f 4364 4354 4355
f 4364 4355 4365
f 4360 4354 4363
f 3974 3972 3971
f 2770 2760 2755
f 3971 3965 3942
f 3942 3965 3944
f 2755 2758 2757
f 4398 4394 4396
f 5564 5567 5557
f 5567 5582 5594
f 5557 5567 5594
f 2364 2288 2297
f 4407 4392 4406
f 6407 6420 6457
f 6407 6457 6458
f 2305 2288 2364
f 2297 2299 2362
f 2362 2299 2363
f 6401 6405 6402
f 6400 6401 6402
f 6395 6396 6397
f 6393 6396 6395
f 6409 6418 6408
f 5909 5931 5930
f 3429 3432 3430
f 484 485 486
f 484 483 485
f 4082 4080 4077
f 4082 4077 4090
f 3405 3404 3403
f 2375 2376 2372
f 6705 6706 6707
f 1316 1319 1317
f 1316 1317 1318
f 6548 6549 6550
f 6524 6519 6518
f 2226 2224 2225
f 2355 2359 2315
f 2315 2359 2352
f 2315 2352 2316
f 4360 4351 4354
f 3971 3964 3965
f 2755 2760 2758
f 4401 4394 4398
f 4406 4392 4401
f 6806 6805 6804
f 3798 3795 3799
f 5533 5539 5534
f 2035 2036 2034
f 1911 1892 1903
f 3562 3539 3541
f 1892 1867 1871
f 3542 3540 3543
f 3542 3543 3545
f 6706 6708 6707
f 6707 6708 6709
f 1382 1370 1381
f 1381 1369 1376
f 1368 1375 1376
f 4355 4361 4362
f 362 336 351
f 335 316 305
f 3977 3976 3975
f 3975 3972 3974
f 4054 4049 4055
f 4401 4392 4394
f 3808 3809 3810
f 5564 5569 5567
f 4983 5067 4982
f 5567 5569 5582
f 6408 6410 6393
f 5578 5577 5585
f 5578 5585 5579
f 5585 5584 5579
f 4762 4767 4763
f 6808 6810 6811
f 5579 5584 5533
f 5534 5538 5537
f 483 497 485
f 2025 2020 2023
f 2024 2025 2023
f 3404 3399 3403
f 3541 3540 3542
f 1868 1865 1867
f 3545 3543 3546
f 1319 1353 1317
f 6521 6520 6519
f 1355 1354 1353
f 6518 6517 6504
f 1354 1355 1358
f 2252 2249 2250
f 1382 1383 1370
f 5128 5131 5126
f 1370 1369 1381
f 1370 1365 1369
f 1369 1368 1376
f 6509 6516 6537
f 6537 6538 6541
f 335 336 334
f 4352 4355 4354
f 3975 3976 3972
f 3965 3946 3944
f 4407 4393 4392
f 2299 2308 2363
f 5564 5570 5569
f 5569 5570 5582
f 6804 6805 6802
f 6418 6411 6408
f 6411 6410 6408
f 5534 5539 5538
f 6081 6079 6077
f 6081 6083 6079
f 5880 5881 5882
f 1783 1768 1766
f 3399 3401 3403
f 2479 2490 2478
f 3541 3539 3540
f 6708 6710 6709
f 6519 6520 6517
f 6519 6517 6518
f 1355 1357 1358
f 6517 6505 6504
f 1370 1383 1365
f 1369 1365 1368
f 1368 1374 1375
f 1374 1385 1384
f 1375 1374 1384
f 1384 1385 1386
f 2326 2353 2325
f 5127 5129 5128
f 2324 2325 2323
f 6538 6542 6541
f 3333 3308 3306
f 3964 3960 3965
f 3965 3960 3946
f 3803 3797 3802
f 4983 5068 5067
f 5564 5595 5570
f 3796 3800 3797
f 5598 5570 5599
f 5598 5599 5600
f 6393 6452 6396
f 5436 5439 5437
f 6087 6081 6077
f 6079 6078 6077
f 6083 6080 6079
f 6079 6080 6078
f 1947 1936 1948
f 1948 1936 1950
f 2033 2099 2025
f 1770 1782 1769
f 2025 2026 2020
f 3562 3561 3539
f 1867 1869 1871
f 1866 1869 1867
f 1865 1866 1867
f 1874 1921 1865
f 1353 1319 1371
f 1371 1356 1353
f 1353 1356 1355
f 1355 1356 1357
f 2249 2253 2251
f 2340 2342 2337
f 1365 1367 1368
f 362 330 336
f 2323 2320 2307
f 3308 3304 3306
f 3964 3973 3963
f 2307 2310 2301
f 5192 5187 5188
f 3797 3801 3802
f 3945 3947 3954
f 4835 4834 4836
f 4836 4824 4823
f 5570 5601 5599
f 6410 6452 6393
f 6418 6414 6411
f 6807 6788 6809
f 6809 6784 6810
f 4496 4497 4498
f 4505 4506 4497
f 1861 1859 1863
f 1863 1859 1862
f 1861 1860 1859
f 6087 6077 6084
f 6084 6077 6074
f 6077 6076 6074
f 6077 6078 6076
f 1940 1935 1939
f 5881 5926 5917
f 1935 1937 1939
f 485 497 490
f 4080 4078 4077
f 4077 4078 4079
f 1865 1921 1866
f 2221 2216 2223
f 6520 6532 6517
f 6532 6505 6517
f 1360 1363 1365
f 1365 1366 1367
f 1368 1367 1374
f 2301 2310 2304
f 3800 3801 3797
f 3796 3811 3800
f 3796 3812 3811
f 4836 4834 4824
f 6801 6792 6802
f 6410 6413 6452
f 6410 6411 6412
f 6411 6414 6412
f 6792 6798 6807
f 4770 4763 4773
f 4773 4763 4774
f 4504 4497 4496
f 4504 4505 4497
f 839 840 960
f 6084 6074 6085
f 6085 6074 6082
f 6074 6076 6075
f 1937 1936 1947
f 485 490 489
f 2069 2033 2066
f 2066 2033 2036
f 6173 6170 6172
f 2069 2099 2033
f 2070 2025 2069
f 2069 2025 2099
f 5627 5625 5626
f 1903 1871 1893
f 4078 4081 4079
f 3401 3399 3398
f 3401 3398 3402
f 3543 3547 3546
f 3546 3547 3551
f 2346 2344 2345
f 1357 1356 1359
f 6532 6529 6505
f 6505 6529 6500
f 1359 1361 1360
f 345 326 330
f 1360 1361 1363
f 1365 1363 1366
f 4356 4353 4359
f 3963 3962 3960
f 4393 4390 4389
f 35 36 37
f 4874 4823 4873
f 4834 4820 4824
f 4824 4820 4823
f 6452 6413 6460
f 6413 6455 6460
f 6413 6412 6415
f 6412 6416 6415
f 6788 6780 6809
f 6809 6780 6784
f 6784 6780 6782
f 3589 3591 3594
f 3589 3594 3595
f 3724 3711 3714
f 1862 1859 1858
f 6082 6074 6068
f 6074 6075 6066
f 6074 6066 6068
f 6066 6065 6068
f 1940 1941 1935
f 962 964 984
f 1935 1936 1937
f 2066 2036 2042
f 2025 2070 2026
f 4298 4297 4299
f 1871 1869 1872
f 3539 3538 3540
f 1866 1879 1869
f 353 324 352
f 2267 2265 2266
f 1372 1373 1371
f 1319 1372 1371
f 352 324 326
f 352 326 345
f 2253 2257 2251
f 5979 5975 5976
f 5972 5969 5973
f 5975 5970 5974
f 5974 5970 5972
f 5972 5970 5969
f 2257 2224 2251
f 2224 2222 2221
f 2304 2310 2317
f 3962 3961 3960
f 3960 3961 3948
f 3948 3961 3950
f 4823 4822 4873
f 4873 4822 4872
f 4823 4820 4822
f 6791 6790 6787
f 6455 6463 6460
f 6787 6789 6785
f 3589 3595 3592
f 3593 3576 3590
f 846 850 885
f 3588 3587 3589
f 3590 3576 3584
f 3590 3584 3588
f 3584 3587 3588
f 850 888 885
f 4523 4518 4522
f 4522 4518 4521
f 4521 4518 4520
f 3565 3573 3566
f 3584 3585 3586
f 3584 3586 3587
f 3586 3591 3587
f 3587 3591 3589
f 4503 4508 4513
f 1859 1856 1858
f 1859 1855 1856
f 1859 1860 1855
f 5441 5442 5443
f 6732 6720 6730
f 6758 6732 6730
f 6730 6720 6727
f 6086 6082 6069
f 6082 6068 6069
f 498 489 491
f 1936 1935 1938
f 6172 6170 6169
f 3563 3558 3561
f 1785 1781 1777
f 1785 1778 1781
f 3558 3537 3539
f 3561 3558 3539
f 5634 5635 5632
f 3397 3398 3399
f 3400 3397 3399
f 3397 3419 3398
f 3398 3419 3420
f 1879 1873 1869
f 1921 1879 1866
f 2208 2217 2216
f 1489 1465 1466
f 1465 1464 1466
f 2265 2259 2266
f 2221 2213 2216
f 1371 1373 1356
f 6532 6533 6529
f 1356 1361 1359
f 1363 1364 1366
f 2325 2336 2329
f 2325 2329 2320
f 3307 3309 3305
f 2126 2128 2130
f 2130 2128 2133
f 4865 4863 4864
f 4863 4819 4864
f 3303 3302 3345
f 4835 4838 4833
f 4833 4838 4832
f 4872 4821 4871
f 4822 4821 4872
f 6787 6790 6789
f 6795 6789 6796
f 6785 6789 6794
f 6794 6789 6795
f 3590 3588 3593
f 846 845 850
f 3564 3565 3566
f 3564 3566 3567
f 3566 3576 3567
f 3564 3568 3565
f 3566 3575 3576
f 3576 3575 3584
f 850 887 888
f 3572 3573 3565
f 3568 3572 3565
f 3566 3573 3575
f 3575 3585 3584
f 4523 4519 4518
f 4518 4507 4520
f 4518 4515 4507
f 4897 4900 4899
f 3585 3598 3586
f 3586 3598 3597
f 3586 3597 3591
f 3597 3599 3594
f 3591 3597 3594
f 1858 1856 1857
f 6743 6744 6745
f 6744 6751 6745
f 6773 6775 6774
f 6732 6751 6734
f 6731 6726 6751
f 6776 6777 6778
f 2986 2987 2975
f 6731 6727 6726
f 6751 6726 6768
f 6720 6726 6727
f 6065 6067 6068
f 4718 4712 4717
f 491 490 500
f 1941 1942 1935
f 1787 1786 1785
f 5635 5623 5625
f 4078 4084 4083
f 1873 1872 1869
f 3537 3538 3539
f 5468 5469 5470
f 5467 5468 5466
f 5464 5465 5466
f 322 338 344
f 3540 3538 3544
f 3540 3544 3543
f 6209 6174 6208
f 3543 3544 3547
f 2267 2268 2265
f 2218 2208 2216
f 2219 2218 2216
f 2259 2257 2253
f 1356 1377 1361
f 1361 1364 1363
f 4860 4859 4863
f 4863 4859 4819
f 4862 4861 4860
f 4866 4862 4868
f 3950 3949 3948
f 4871 4847 4869
f 4835 4839 4838
f 4820 4821 4822
f 953 956 952
f 3569 3564 3579
f 3564 3567 3579
f 3579 3567 3576
f 3569 3568 3564
f 850 845 887
f 3569 3570 3568
f 3568 3570 3572
f 3570 3574 3572
f 4518 4519 4515
f 4519 4501 4515
f 3574 3577 3572
f 3577 3578 3572
f 3572 3578 3573
f 3573 3600 3575
f 3575 3600 3598
f 3585 3575 3598
f 4502 4501 4519
f 1820 1815 1825
f 1857 1851 1854
f 4510 4517 4512
f 1857 1856 1851
f 3710 3712 3709
f 3709 3712 3713
f 6740 6750 6744
f 6740 6744 6743
f 6772 6773 6774
f 6734 6736 6735
f 6735 6733 6734
f 6733 6732 6734
f 6751 6748 6745
f 5441 5443 5444
f 6751 6768 6748
f 6733 6720 6732
f 6733 6759 6720
f 4714 4736 4715
f 6726 6757 6768
f 499 498 491
f 491 500 501
f 490 506 500
f 1942 1943 1938
f 1935 1942 1938
f 1914 1904 1907
f 6170 6168 6169
f 3563 3559 3558
f 4300 4301 4302
f 3397 3418 3419
f 5467 5469 5468
f 3419 3418 3420
f 5465 5467 5466
f 3544 3549 3547
f 1465 1461 1464
f 1464 1461 1463
f 1464 1468 1469
f 1469 1468 1470
f 2221 2222 2213
f 4347 4346 4348
f 5851 5842 5852
f 5850 5846 5842
f 3312 3313 3314
f 4818 4816 4817
f 2310 2318 2317
f 2317 2318 2321
f 4821 4847 4871
f 909 910 953
f 3580 3569 3579
f 1311 1312 1299
f 1838 1812 1837
f 1837 1812 1813
f 4511 4512 4514
f 1820 1814 1815
f 4512 4516 4514
f 1854 1851 1853
f 4512 4517 4516
f 1856 1855 1852
f 6741 6743 6749
f 6743 6747 6749
f 6743 6746 6747
f 6736 6734 6750
f 6743 6745 6746
f 6745 6748 6746
f 6735 6759 6733
f 6735 6760 6759
f 6769 6770 6771
f 1540 1521 1539
f 6759 6718 6720
f 4715 4736 4726
f 6067 6070 6069
f 6718 6719 6720
f 6720 6719 6726
f 6726 6719 6757
f 4712 4715 4716
f 499 491 501
f 4717 4716 4719
f 500 506 503
f 1938 1943 1946
f 1904 1893 1891
f 6168 6167 6169
f 5635 5631 5623
f 6169 6167 6174
f 3400 3421 3418
f 3400 3418 3397
f 5469 5473 5471
f 6167 6204 6174
f 6174 6204 6208
f 1879 1882 1873
f 5465 5472 5467
f 1095 1097 1115
f 1485 1471 1484
f 4303 4309 4304
f 3544 3550 3549
f 1465 1467 1461
f 1470 1471 1485
f 4303 4310 4309
f 2218 2214 2208
f 2259 2258 2257
f 2222 2228 2213
f 3334 3337 3335
f 1373 1377 1356
f 1361 1380 1364
f 2336 2332 2329
f 3332 3336 3313
f 3336 3314 3313
f 5846 5847 5842
f 4386 4383 4368
f 4815 4810 4812
f 4387 4383 4386
f 3310 3320 3346
f 4862 4803 4861
f 4866 4803 4862
f 4867 4801 4803
f 4867 4803 4866
f 3968 3951 3950
f 4869 4801 4867
f 3951 3952 3949
f 3950 3951 3949
f 4847 4849 4869
f 4831 4828 4821
f 4894 4896 4895
f 845 843 887
f 1812 1803 1813
f 1813 1803 1819
f 1819 1814 1820
f 1814 1802 1815
f 6753 6755 6754
f 1853 1851 1847
f 1853 1847 1848
f 6753 6761 6755
f 6755 6761 6766
f 1856 1852 1851
f 6739 6740 6741
f 3712 3715 3713
f 3715 3719 3713
f 6749 6747 6761
f 3713 3719 3720
f 6736 6750 6740
f 2691 2690 2727
f 510 499 501
f 500 503 502
f 1907 1904 1891
f 1943 1945 1946
f 2070 2071 2072
f 3563 3560 3559
f 1893 1876 1891
f 3559 3537 3558
f 4084 4085 4083
f 2268 2264 2265
f 2265 2264 2263
f 2265 2263 2259
f 1463 1468 1464
f 4310 4312 4311
f 5829 5830 5827
f 5827 5830 5831
f 2258 2256 2257
f 4619 4621 4622
f 5833 5832 5830
f 5830 5832 5831
f 4346 4349 4348
f 2257 2256 2222
f 5847 5843 5842
f 4437 4439 4440
f 4445 4440 4446
f 3315 3316 3321
f 3321 3316 3323
f 3338 3339 3340
f 4815 4812 4816
f 4840 4842 4838
f 4838 4842 4846
f 4848 4849 4847
f 4821 4828 4837
f 4821 4837 4847
f 3717 3718 3708
f 1819 1803 1814
f 6752 6753 6754
f 1802 1816 1815
f 6752 6749 6753
f 1847 1842 1848
f 1848 1842 1805
f 6742 6741 6749
f 6742 6749 6752
f 1852 1846 1851
f 6761 6747 6766
f 6739 6736 6740
f 6747 6767 6766
f 1855 1850 1852
f 6737 6735 6736
f 1544 1537 1538
f 1544 1539 1537
f 6760 6763 6759
f 1521 1518 1539
f 6721 6718 6759
f 6763 6721 6759
f 6721 6713 6718
f 6718 6713 6717
f 6718 6717 6719
f 6719 6717 6725
f 6719 6725 6757
f 2071 2081 2072
f 3560 3537 3559
f 3560 3557 3537
f 3557 3538 3537
f 1873 1882 1875
f 3557 3555 3538
f 3555 3553 3538
f 3129 3123 3124
f 3538 3553 3544
f 2208 2215 2217
f 2367 2351 2350
f 4085 4087 4086
f 2214 2209 2208
f 4086 4087 4088
f 4336 4335 4380
f 4349 4346 4338
f 4349 4338 4336
f 1377 1380 1361
f 2331 2330 2329
f 3336 3319 3314
f 3314 3317 3316
f 3339 3316 3318
f 4444 4455 4443
f 4810 4811 4812
f 3320 3347 3346
f 3967 3969 3966
f 6006 6008 6007
f 3969 3970 3968
f 3966 3969 3968
f 4849 4870 4869
f 835 833 856
f 1805 1803 1812
f 1844 1842 1847
f 1851 1846 1847
f 6738 6737 6736
f 6738 6736 6739
f 2703 2689 2691
f 1539 1518 1537
f 6070 6071 6072
f 6725 6762 6757
f 4719 4716 4720
f 1942 1944 1943
f 1943 1944 1945
f 1945 1949 1946
f 6168 6155 6167
f 3557 3556 3555
f 3555 3556 3553
f 3123 3127 3126
f 2217 2215 2220
f 1471 1472 1484
f 3544 3552 3550
f 1467 1481 1461
f 1461 1462 1463
f 1468 1472 1471
f 2213 2209 2214
f 2333 2339 2331
f 4087 4089 4088
f 4338 4337 4336
f 1373 1378 1377
f 4341 4339 4346
f 4346 4339 4338
f 2331 2339 2330
f 1377 1379 1380
f 4439 4447 4440
f 4811 4813 4812
f 3347 3348 3353
f 5524 5525 5526
f 6010 6009 6008
f 6013 6012 6010
f 4831 4827 4828
f 4840 4843 4842
f 4849 4850 4870
f 2537 2536 2532
f 2529 2531 2532
f 3371 3375 3370
f 2529 2530 2531
f 2531 2530 2534
f 2529 2533 2530
f 3094 3096 3095
f 3096 3097 3095
f 3100 3095 3097
f 2533 2538 2530
f 3364 3376 3377
f 825 896 826
f 1846 1844 1847
f 2699 2697 2703
f 1531 1515 1529
f 1531 1530 1515
f 2697 2689 2703
f 1537 1516 1538
f 2690 2723 2727
f 1537 1518 1516
f 6764 6763 6760
f 6764 6765 6763
f 6765 6721 6763
f 4716 4721 4720
f 711 699 701
f 1881 1880 1875
f 1882 1881 1875
f 701 696 700
f 2264 2262 2263
f 1472 1486 1484
f 2263 2258 2259
f 3553 3552 3544
f 1481 1482 1461
f 1482 1462 1461
f 2228 2212 2213
f 2213 2212 2209
f 1378 1379 1377
f 4339 4337 4338
f 4342 4340 4341
f 4340 4339 4341
f 3332 3358 3336
f 4448 4452 4439
f 4451 4450 4439
f 4439 4450 4447
f 4455 4457 4456
f 5525 5527 5526
f 6011 6009 6010
f 6012 6011 6010
f 4848 4851 4852
f 6014 6015 6012
f 4827 4826 4828
f 4848 4852 4850
f 4850 4854 4870
f 4842 4843 4844
f 4842 4844 4846
f 4828 4829 4837
f 2536 2540 2535
f 2536 2535 2532
f 4879 4880 4878
f 3375 3374 3370
f 3094 3091 3093
f 3094 3095 3091
f 3371 3370 3364
f 3095 3100 3091
f 3364 3363 3376
f 1805 1799 1803
f 1803 1802 1814
f 1802 1817 1816
f 3719 3721 3720
f 1850 1846 1852
f 2697 2688 2689
f 2723 2690 2692
f 2723 2692 2726
f 1521 1493 1518
f 1528 1494 1521
f 3003 3005 3004
f 1520 1528 1535
f 6717 6723 6725
f 1534 1520 1535
f 1915 1907 1905
f 1740 1738 1739
f 1739 1734 1744
f 1876 1877 1891
f 1876 1875 1877
f 699 696 701
f 6159 6202 6204
f 1472 1476 1486
f 2263 2260 2258
f 3553 3554 3552
f 722 703 721
f 1462 1482 1475
f 1462 1475 1463
f 1463 1475 1468
f 2256 2232 2222
f 2339 2341 2330
f 4381 4377 4344
f 4344 4343 4342
f 4342 4343 4340
f 6011 6012 6018
f 4851 4841 4852
f 3951 3953 3952
f 3055 3056 3057
f 3370 3359 3364
f 3100 3098 3091
f 3098 3090 3091
f 3364 3359 3363
f 3100 3101 3098
f 903 897 899
f 1797 1799 1805
f 1842 1797 1805
f 1846 1845 1844
f 1850 1849 1846
f 1516 1515 1530
f 5886 5913 5887
f 3002 3003 3004
f 3002 3000 3003
f 6765 6714 6721
f 1521 1494 1493
f 4735 4729 4731
f 1905 1925 1929
f 1915 1905 1929
f 6713 6716 6717
f 6717 6716 6722
f 1520 1494 1528
f 6722 6723 6717
f 4724 4730 4725
f 1739 1738 1734
f 6155 6154 6159
f 3123 3125 3122
f 2208 2207 2215
f 2209 2205 2208
f 1468 1473 1472
f 1475 1474 1468
f 1474 1473 1468
f 4344 4377 4343
f 4760 4759 4756
f 4448 4453 4452
f 4856 4853 4852
f 2546 2548 2549
f 3057 3061 3039
f 4843 4845 4844
f 3056 3058 3057
f 3058 3059 3057
f 4878 4885 4884
f 6105 6103 6108
f 38 39 40
f 3363 3361 3379
f 3359 3360 3361
f 3363 3359 3361
f 826 851 831
f 1803 1799 1802
f 1802 1818 1817
f 1843 1797 1842
f 1844 1843 1842
f 1845 1843 1844
f 1849 1845 1846
f 1515 1517 1519
f 2683 2692 2690
f 1518 1514 1516
f 1518 1493 1514
f 3002 3001 3000
f 6765 6729 6714
f 6721 6714 6713
f 6713 6715 6716
f 1905 1923 1925
f 1738 1737 1734
f 710 707 697
f 1875 1880 1877
f 2215 2207 2220
f 2210 2205 2209
f 2212 2210 2209
f 1475 1491 1474
f 2228 2232 2212
f 4453 4454 4452
f 6018 6019 6017
f 4853 4855 4854
f 2546 2541 2545
f 4826 4830 4829
f 3057 3060 3061
f 2545 2541 2539
f 2541 2540 2539
f 2535 2540 2542
f 2535 2542 2543
f 3374 3372 3370
f 3092 3091 3089
f 3091 3090 3089
f 3370 3366 3359
f 3366 3365 3359
f 6100 6103 6105
f 1799 1801 1802
f 1802 1801 1818
f 1517 1509 1519
f 3721 3723 3722
f 2697 2685 2688
f 1515 1513 1508
f 1516 1513 1515
f 2692 2709 2726
f 2709 2724 2726
f 6713 6714 6715
f 996 1080 997
f 1905 1885 1923
f 2220 2207 2187
f 2208 2205 2207
f 714 703 702
f 1473 1476 1472
f 2210 2211 2205
f 3660 3661 3658
f 3038 3039 3050
f 4829 4830 4841
f 3370 3372 3366
f 6103 6106 6107
f 3359 3365 3362
f 2698 2687 2697
f 2865 2857 2863
f 2697 2687 2685
f 1508 1517 1515
f 1514 1513 1516
f 2683 2682 2692
f 2682 2709 2692
f 2709 2720 2724
f 1493 1499 1514
f 4740 4743 4741
f 2724 2720 2725
f 6728 6714 6729
f 4727 4729 4738
f 6728 6724 6714
f 1930 1926 1927
f 6724 6715 6714
f 1520 1495 1494
f 2199 2166 2198
f 1925 1923 1924
f 2229 2187 2186
f 695 693 689
f 703 689 702
f 2262 2261 2260
f 1476 1480 1486
f 3054 3125 3126
f 2256 2235 2232
f 2232 2235 2212
f 3039 3070 3050
f 3658 3661 3667
f 2544 2540 2541
f 3066 3060 3063
f 3060 3062 3063
f 2540 2544 2542
f 3372 3369 3366
f 3366 3369 3365
f 940 913 906
f 857 858 859
f 3296 3294 3292
f 3296 3292 3297
f 1799 1800 1801
f 1797 1796 1793
f 1519 1509 1523
f 2866 2859 2865
f 5507 5505 5508
f 2866 2858 2859
f 3001 2998 3000
f 2720 2722 2725
f 4729 4728 4730
f 2200 2166 2199
f 2166 2196 2198
f 1545 1525 1534
f 1927 1926 1924
f 1923 1885 1924
f 1883 1884 1877
f 6154 6156 6159
f 6159 6156 6202
f 6156 6200 6202
f 3125 3111 3122
f 2205 2206 2207
f 2260 2237 2256
f 1478 1480 1476
f 2210 2212 2211
f 1473 1478 1476
f 2235 2211 2212
f 1474 1487 1477
f 1474 1477 1473
f 2256 2237 2235
f 3036 3035 3034
f 2541 2561 2544
f 3378 3373 3372
f 3372 3373 3369
f 6103 6099 6106
f 6100 6099 6103
f 3365 3367 3362
f 3367 3368 3362
f 2863 2857 2860
f 1509 1522 1523
f 2687 2686 2685
f 2865 2859 2857
f 5507 5506 5505
f 1508 1509 1517
f 2685 2684 2683
f 2985 2995 2977
f 4727 4728 4729
f 4730 4728 4732
f 1924 1928 1927
f 1525 1520 1534
f 705 706 747
f 1732 1733 1734
f 1734 1733 1735
f 2164 2167 2169
f 2186 2185 2184
f 2186 2187 2185
f 2207 2206 2194
f 2205 2211 2206
f 3054 3111 3125
f 1473 1477 1478
f 3034 3035 3032
f 3032 3035 3037
f 3035 3075 3037
f 2552 2550 2551
f 3070 3069 3050
f 4858 4857 4830
f 6099 6104 6106
f 3369 3367 3365
f 6095 6099 6100
f 1793 1795 1799
f 2857 2853 2860
f 2857 2856 2853
f 2859 2856 2857
f 2709 2708 2720
f 1520 1512 1495
f 2168 2163 2166
f 3119 3112 3118
f 3032 3037 3033
f 2523 2551 2553
f 3050 3074 3075
f 3066 3069 3070
f 3066 3068 3069
f 3066 3067 3068
f 2544 2563 2542
f 2542 2563 2564
f 3088 3102 3086
f 949 950 916
f 3295 3299 3298
f 841 829 821
f 872 852 841
f 841 852 832
f 872 853 852
f 5492 5491 5494
f 1793 1796 1794
f 1793 1794 1795
f 2859 2858 2856
f 1514 1501 1513
f 1758 1754 1759
f 1495 1497 1496
f 2168 2160 2163
f 746 708 705
f 2171 2170 2169
f 2185 2171 2184
f 2187 2191 2185
f 2194 2192 2187
f 2187 2192 2191
f 2206 2211 2233
f 2206 2192 2194
f 2235 2236 2211
f 2211 2236 2234
f 2235 2237 2236
f 1487 1490 1477
f 1477 1479 1478
f 1478 1479 1480
f 3033 3037 3040
f 3040 3037 3046
f 3037 3075 3046
f 3031 3034 3032
f 2553 2522 2523
f 2550 2552 2557
f 2561 2562 2544
f 2562 2563 2544
f 1428 1422 1437
f 954 853 872
f 5490 5491 5492
f 858 867 862
f 1794 1821 1795
f 1799 1795 1800
f 1800 1804 1801
f 1509 1511 1522
f 1508 1507 1509
f 1509 1507 1510
f 2686 2694 2684
f 1513 1501 1508
f 2684 2693 2682
f 1499 1500 1501
f 2682 2696 2709
f 2979 2991 2981
f 1512 1497 1495
f 1754 1743 1759
f 2196 2166 2165
f 1732 1743 1733
f 746 681 708
f 1733 1736 1735
f 705 708 692
f 2164 2160 2167
f 6152 6147 6151
f 705 692 691
f 2211 2234 2233
f 2206 2233 2192
f 702 686 712
f 686 715 712
f 1490 1483 1477
f 1477 1483 1479
f 3111 3051 3113
f 3111 3113 3107
f 3052 3051 3054
f 3051 3114 3113
f 3052 3041 3051
f 3051 3042 3114
f 3041 3042 3051
f 3041 3033 3042
f 3033 3040 3042
f 3041 3031 3033
f 2554 2522 2553
f 6094 6091 6092
f 6091 6090 6092
f 6099 6098 6104
f 6092 6090 6093
f 6093 6090 6095
f 6095 6098 6099
f 901 912 900
f 872 873 954
f 5490 5493 5491
f 2853 2861 2860
f 5506 5504 5505
f 2702 2694 2686
f 2694 2695 2684
f 1501 1507 1508
f 2709 2696 2708
f 2708 2696 2707
f 1756 1754 1758
f 5892 5897 5896
f 2163 2165 2166
f 2164 2158 2160
f 2171 2189 2170
f 2185 2189 2171
f 687 682 686
f 2233 2240 2192
f 3111 3107 3110
f 2526 2521 2510
f 3113 3045 3105
f 3053 3041 3052
f 3042 3043 3045
f 3114 3042 3045
f 3042 3040 3043
f 3043 3040 3044
f 3040 3046 3044
f 2520 2554 2555
f 2520 2522 2554
f 3046 3076 3081
f 2523 2522 2496
f 3075 3074 3076
f 3069 3072 3074
f 2561 2560 2562
f 3068 3073 3071
f 6090 6091 6088
f 6095 6096 6098
f 871 891 873
f 872 871 873
f 5491 5493 5494
f 5494 5493 5498
f 3474 3461 3444
f 1796 1798 1794
f 2856 2854 2853
f 1795 1806 1800
f 2855 2854 2858
f 2693 2696 2682
f 3706 3698 3704
f 681 679 708
f 2158 2159 2160
f 708 679 692
f 2164 2159 2158
f 688 692 678
f 687 688 682
f 3115 3112 3108
f 2240 2241 2191
f 3112 3110 3108
f 3110 3107 3108
f 3113 3104 3107
f 3107 3104 3106
f 3113 3105 3104
f 3106 3048 3047
f 2510 2506 2555
f 2506 2520 2555
f 3044 3046 3047
f 3047 3046 3081
f 2552 2558 2557
f 1428 1419 1422
f 6101 6109 6110
f 6096 6097 6101
f 1422 1417 1430
f 6090 6097 6096
f 6088 6089 6090
f 6214 6213 6216
f 1430 1417 1434
f 919 946 912
f 901 919 912
f 5493 5495 5498
f 3461 3460 3444
f 1821 1807 1795
f 5499 5500 5504
f 5500 5505 5504
f 2852 2855 2858
f 1525 1506 1512
f 1532 1526 1525
f 2160 2161 2163
f 679 675 692
f 2170 2162 2164
f 692 675 678
f 2185 2241 2189
f 678 682 688
f 2233 2239 2240
f 2234 2238 2233
f 2233 2238 2239
f 682 683 686
f 3108 3106 3109
f 2510 2503 2506
f 3104 3048 3106
f 3106 3084 3109
f 2506 2500 2520
f 2520 2500 2497
f 2520 2497 2522
f 2497 2496 2522
f 2559 2557 2558
f 3077 3074 3072
f 2559 2560 2557
f 1429 1419 1428
f 6101 6102 6109
f 1416 1417 1422
f 6097 6102 6101
f 6118 6097 6090
f 5493 5502 5495
f 5495 5496 5497
f 5498 5495 5497
f 1798 1822 1794
f 5661 5664 5663
f 5661 5663 5662
f 5497 5496 5499
f 2849 2845 2854
f 1794 1822 1821
f 1807 1806 1795
f 5496 5500 5499
f 1806 1833 1827
f 1804 1806 1827
f 774 770 789
f 1507 1536 1510
f 1505 1507 1501
f 2704 2705 2696
f 1501 1502 1505
f 2705 2706 2696
f 1497 1503 1498
f 2163 2161 2165
f 1741 1746 1750
f 2160 2159 2161
f 679 676 675
f 2189 2190 2170
f 2241 2244 2189
f 2244 2193 2189
f 2234 2236 2238
f 683 685 713
f 3108 3109 3117
f 2521 2504 2503
f 2521 2503 2510
f 2496 2497 2498
f 3077 3079 3074
f 1429 1424 1419
f 3469 3468 3467
f 3467 3466 3460
f 3466 3443 3460
f 3460 3443 3444
f 1822 1807 1821
f 5496 5501 5500
f 2852 2849 2854
f 1832 1833 1806
f 1498 1503 1502
f 1512 1506 1497
f 1525 1524 1506
f 1526 1524 1525
f 1741 1745 1746
f 5342 5339 5343
f 5605 5606 5607
f 2159 2162 2161
f 2170 2177 2162
f 675 676 677
f 2239 2241 2240
f 2238 2246 2239
f 2506 2503 2500
f 2500 2499 2497
f 2497 2499 2498
f 2498 2505 2496
f 3072 3080 3078
f 1419 1414 1416
f 1415 1423 1418
f 5657 5659 5658
f 3467 3468 3466
f 3443 3442 3444
f 5397 5390 5392
f 5495 5503 5496
f 3444 3442 3465
f 1822 1823 1807
f 5496 5503 5501
f 1806 1808 1832
f 1756 1757 1755
f 1497 1504 1503
f 1755 1747 1754
f 1497 1506 1504
f 5339 5340 5341
f 5342 5340 5339
f 4911 4912 4913
f 1103 1086 1043
f 2503 2504 2502
f 2503 2502 2500
f 1426 1410 1425
f 6114 6115 6116
f 5654 5655 5656
f 922 943 919
f 5657 5658 5656
f 944 922 947
f 3469 3470 3468
f 1823 1809 1807
f 1807 1809 1808
f 1807 1808 1806
f 1832 1831 1833
f 2705 2716 2706
f 6120 6121 6122
f 26 27 28
f 5902 5943 5897
f 2175 2174 2161
f 2162 2175 2161
f 5606 5637 5607
f 6193 6143 6150
f 2246 2242 2239
f 2239 2242 2241
f 684 716 717
f 684 717 685
f 2504 2507 2502
f 2502 2501 2500
f 2500 2501 2499
f 1455 1438 1454
f 1425 1410 1412
f 6115 6117 6116
f 1413 1431 1432
f 1414 1413 1415
f 933 920 918
f 933 918 937
f 3468 3433 3466
f 3443 3433 3442
f 3442 3439 3465
f 1503 1542 1502
f 1506 1524 1504
f 2161 2173 2172
f 2161 2174 2173
f 2190 2177 2170
f 2241 2243 2244
f 2243 2245 2244
f 2244 2245 2193
f 2508 2507 2504
f 2499 2514 2498
f 2498 2516 2505
f 924 948 922
f 3433 3439 3442
f 1832 1808 1828
f 1832 1828 1831
f 1749 1751 1748
f 1748 1751 1753
f 2173 2183 2172
f 720 718 716
f 2241 2242 2243
f 716 718 717
f 2502 2509 2501
f 2498 2514 2516
f 1440 1421 1438
f 3433 3435 3439
f 3439 3472 3473
f 1504 1527 1533
f 1524 1527 1504
f 2177 2176 2175
f 2242 2255 2243
f 2255 2254 2243
f 2243 2254 2245
f 2190 2179 2176
f 2190 2176 2177
f 2190 2193 2179
f 718 740 717
f 6374 6375 6376
f 3459 3452 3448
f 3462 3448 3446
f 3433 3434 3435
f 2179 2178 2176
f 4905 4906 4907
f 4907 4906 4908
f 4906 4910 4908
f 2193 2181 2179
f 2508 2511 2507
f 2507 2509 2502
f 2509 2515 2501
f 2501 2515 2499
f 2499 2515 2514
f 3439 3471 3472
f 1808 1811 1828
f 2174 2188 2173
f 2175 2176 2174
f 723 724 718
f 5085 5082 5084
f 5085 5084 5086
f 4909 4905 4907
f 5084 5087 5086
f 4202 4200 4199
f 4199 4200 4201
f 2181 2180 2179
f 2180 2178 2179
f 4199 4203 4204
f 4199 4201 4203
f 740 718 729
f 2508 2512 2511
f 2511 2513 2507
f 2507 2513 2509
f 1396 1397 1442
f 932 927 933
f 3439 3435 3438
f 1809 1810 1808
f 1808 1810 1811
f 1828 1811 1829
f 1828 1829 1831
f 6142 6158 6157
f 2178 2174 2176
f 718 737 729
f 3448 3445 3446
f 3446 3445 3434
f 3435 3434 3436
f 3438 3464 3439
f 3439 3464 3471
f 6134 6162 6142
f 6142 6162 6158
f 5088 5083 5082
f 5082 5083 5084
f 5084 5083 5087
f 2519 2517 2512
f 2512 2517 2513
f 2512 2513 2511
f 2513 2518 2509
f 1405 1399 1392
f 1439 1446 1445
f 3445 3437 3434
f 3434 3437 3436
f 3435 3436 3438
f 1810 1824 1811
f 1811 1830 1829
f 799 798 793
f 817 801 806
f 6161 6162 6134
f 6162 6181 6158
f 6181 6180 6184
f 6184 6180 6182
f 2178 2182 2174
f 1390 1395 1397
f 3450 3449 3448
f 3451 3450 3448
f 3448 3449 3445
f 1830 1834 1829
f 6162 6183 6181
f 6183 6178 6181
f 1409 1408 1400
f 1409 1400 1399
f 1399 1398 1392
f 1392 1393 1390
f 931 930 927
f 1811 1824 1830
f 1392 1398 1393
f 1835 1826 1810
f 1810 1826 1824
f 6163 6178 6183
f 2203 2202 2182
f 2182 2202 2195
f 1408 1404 1400
f 1399 1400 1398
f 1393 1398 1395
f 3449 3447 3445
f 1826 1840 1824
f 1824 1839 1830
f 732 738 745
f 4472 4474 4473
f 5700 5701 5690
f 5700 5690 5681
f 3445 3440 3437
f 3437 3440 3436
f 3436 3440 3441
f 3436 3441 3438
f 3438 3463 3464
f 1826 1864 1841
f 1826 1841 1840
f 1840 1839 1824
f 1830 1836 1834
f 730 738 728
f 3450 3454 3453
f 3450 3453 3449
f 5701 5698 5690
f 3029 3028 3027
f 1839 1836 1830
f 3028 3016 3027
f 3017 3024 3026
f 3455 3457 3456
f 3453 3455 3456
f 5704 5691 5684
f 3017 3021 3024
f 3009 3021 3008
f 3014 3015 3017
f 5149 5146 5148
f 172 171 164
f 164 171 161
f 176 164 165
f 161 171 178
f 5779 5770 5795
f 173 176 165
f 5074 5081 5080
f 5079 5074 5080
f 164 161 160
f 3734 3733 3732
f 3996 4000 3995
f 3993 3996 3995
f 5795 5770 5796
f 2948 2949 2945
f 2945 2947 2946
f 2681 2679 2674
f 5070 5073 5072
f 5073 5074 5072
f 5072 5074 5079
f 159 164 160
f 5740 5725 5733
f 157 161 163
f 161 178 163
f 3995 4015 3999
f 3732 3733 3726
f 3726 3733 3735
f 4286 4281 4283
f 4283 4281 4282
f 4282 4281 4279
f 4279 4281 4280
f 2943 2948 2945
f 2943 2945 2944
f 2670 2679 2672
f 2679 2680 2672
f 4279 4280 4277
f 4279 4277 4276
f 2945 2946 2944
f 2670 2674 2679
f 5070 5072 5071
f 5425 5430 5433
f 3604 3606 3607
f 160 161 157
f 5723 5724 5734
f 5994 6000 5991
f 3997 3999 4001
f 3994 3993 3992
f 3735 3739 3738
f 2950 2948 2941
f 2941 2948 2943
f 5069 5070 5071
f 3602 3606 3604
f 5435 5423 5434
f 5434 5425 5433
f 4276 4277 4278
f 165 164 159
f 5990 5993 5994
f 5990 5994 5991
f 3992 3993 3989
f 3989 3993 3995
f 4161 4162 4168
f 3628 3630 3629
f 3628 3629 3626
f 4283 4282 4285
f 4282 4279 4284
f 2940 2950 2941
f 2943 2944 2942
f 2673 2674 2670
f 5069 5071 5075
f 3603 3602 3604
f 169 165 159
f 5993 5995 5994
f 5754 5792 5768
f 5792 5790 5789
f 4002 3997 4001
f 3999 3997 3989
f 3990 3997 4002
f 4008 4009 3992
f 3729 3726 3736
f 3628 3626 3627
f 4285 4282 4284
f 2941 2943 2942
f 2671 2672 2678
f 2942 2944 2952
f 2670 2672 2671
f 5076 5069 5075
f 173 165 169
f 174 173 169
f 4169 4160 4159
f 5075 5071 5077
f 3617 3611 3613
f 3613 3611 3612
f 3611 3602 3601
f 3603 3604 3605
f 169 159 162
f 4171 4169 4170
f 159 160 157
f 5716 5732 5717
f 6245 6246 6244
f 5797 5775 5768
f 6377 6378 6379
f 4003 4001 4004
f 3727 3726 3728
f 3728 3726 3729
f 3988 3989 3990
f 4008 3992 3991
f 3991 3992 3989
f 3991 3989 3988
f 3737 3729 3736
f 3627 3626 3625
f 3625 3626 3624
f 2939 2940 2941
f 2939 2941 2942
f 3742 3741 3743
f 2673 2670 2669
f 2669 2670 2671
f 5076 5075 5077
f 3601 3602 3603
f 156 159 157
f 156 157 158
f 6244 6246 6225
f 6224 6238 6237
f 6221 6237 6223
f 4617 4618 4613
f 4005 4003 4004
f 1644 1647 1651
f 1971 1979 1978
f 1985 1986 1984
f 3612 3611 3601
f 170 169 162
f 162 159 156
f 6243 6245 6244
f 6225 6238 6224
f 6221 6224 6237
f 4603 4605 4604
f 4318 4331 4332
f 4615 4614 4611
f 4007 4004 4010
f 4329 4317 4316
f 3730 3729 3737
f 1970 1978 1977
f 1978 1985 1984
f 604 625 626
f 626 627 612
f 3618 3620 3619
f 2675 2669 2671
f 2675 2671 2678
f 2676 2673 2669
f 5078 5076 5077
f 3608 3601 3603
f 170 174 169
f 6244 6225 6241
f 4599 4603 4595
f 4607 4609 4608
f 4005 4004 4006
f 3728 3729 3730
f 4008 3991 4011
f 1974 1970 1977
f 1652 1644 1651
f 3625 3624 3623
f 3621 3620 3618
f 3744 3738 3742
f 3618 3619 3614
f 180 174 170
f 3613 3612 3610
f 3614 3613 3610
f 3610 3612 3601
f 3610 3601 3608
f 3608 3603 3609
f 3603 3605 3609
f 170 162 168
f 168 162 156
f 5760 5759 5776
f 6243 6244 6241
f 6241 6225 6220
f 5957 5959 5960
f 6220 6225 6224
f 6220 6224 6221
f 4598 4601 4597
f 4599 4595 4588
f 4591 4607 4608
f 4610 4612 4616
f 3918 3926 3883
f 4012 4008 4011
f 3728 3730 3731
f 4322 4329 4316
f 1974 1977 1982
f 1982 1977 1983
f 1655 1652 1651
f 613 624 600
f 3737 3736 3746
f 624 625 604
f 3746 3736 3738
f 604 626 612
f 3624 3621 3623
f 3622 3621 3618
f 2677 2669 2675
f 180 170 179
f 3744 3742 3745
f 2676 2669 2677
f 3614 3610 3615
f 6218 6220 6221
f 6221 6223 6222
f 6222 6223 6234
f 4597 4600 4596
f 4596 4599 4588
f 4588 4595 4591
f 4591 4608 4610
f 4320 4319 4333
f 3868 3918 3883
f 3771 3731 3730
f 598 613 596
f 613 600 596
f 1960 1970 1973
f 600 624 604
f 3748 3737 3746
f 604 612 607
f 3746 3738 3744
f 3623 3621 3622
f 3622 3618 3616
f 6609 6615 6612
f 3616 3618 3614
f 6690 6689 6686
f 6644 6646 6645
f 6686 6689 6688
f 166 156 158
f 6226 6243 6241
f 6222 6234 6232
f 2629 2641 2664
f 4597 4596 4592
f 4592 4596 4588
f 4589 4588 4591
f 3860 3868 3883
f 4012 4011 4013
f 4011 4014 4013
f 597 583 598
f 3737 3748 3730
f 2914 2918 2901
f 604 607 605
f 6660 6661 6659
f 3616 3614 3615
f 6642 6644 6643
f 168 179 170
f 167 168 156
f 5998 5996 5999
f 5999 5996 6003
f 6003 5996 6004
f 6218 6221 6222
f 4588 4589 4590
f 4589 4591 4602
f 3851 3850 3847
f 3847 3850 3849
f 3849 3850 3868
f 4320 4333 4323
f 3849 3868 3860
f 3883 3881 3882
f 597 598 596
f 565 583 562
f 596 600 595
f 3730 3748 3771
f 600 604 603
f 595 600 603
f 1965 1966 1961
f 603 604 605
f 6660 6659 6651
f 6609 6612 6607
f 6605 6609 6607
f 6371 6372 6373
f 6643 6644 6645
f 6613 6609 6605
f 3750 3749 3751
f 167 156 166
f 6386 6387 6388
f 6217 6220 6218
f 3651 3654 3643
f 2843 2842 2844
f 2667 2666 2645
f 2645 2666 2644
f 2644 2666 2668
f 4598 4597 4594
f 4594 4597 4592
f 4592 4588 4590
f 4593 4592 4590
f 597 596 563
f 564 565 562
f 563 596 595
f 3771 3748 3757
f 1965 1961 1963
f 2897 2901 2899
f 3757 3748 3747
f 2914 2901 2902
f 2915 2914 2902
f 3752 3747 3745
f 6649 6659 6647
f 6642 6643 6638
f 6604 6613 6605
f 6687 6686 6688
f 6685 6686 6687
f 6630 6676 6604
f 6248 6249 6226
f 6226 6241 6220
f 6218 6222 6230
f 4198 4195 4182
f 2782 2784 2779
f 2650 2646 2649
f 2783 2786 2782
f 2841 2842 2839
f 3653 3652 3640
f 6878 6877 6876
f 2642 2629 2664
f 3831 3835 3836
f 4594 4592 4593
f 3849 3860 3859
f 3882 3860 3883
f 3859 3860 3882
f 562 597 563
f 2899 2904 2894
f 601 595 603
f 603 605 606
f 606 605 608
f 605 607 608
f 608 607 609
f 6651 6659 6649
f 6648 6647 6640
f 6638 6641 6642
f 6606 6607 6610
f 6610 6607 6677
f 6640 6647 6641
f 6640 6641 6638
f 6605 6607 6606
f 6638 6643 6672
f 6672 6643 6645
f 6604 6605 6603
f 177 167 175
f 167 166 175
f 3754 3751 3755
f 6001 5999 6003
f 6226 6220 6217
f 6222 6232 6230
f 6230 6232 6233
f 3196 3198 3197
f 2775 2782 2779
f 2779 2784 2789
f 2648 2646 2651
f 2775 2783 2782
f 2831 2841 2832
f 2832 2841 2839
f 2638 2629 2642
f 3845 3844 3846
f 3846 3847 3845
f 3848 3847 3849
f 3848 3849 3859
f 3872 3882 3881
f 564 562 561
f 591 563 595
f 3872 3881 3880
f 3791 3747 3752
f 2902 2901 2897
f 6651 6649 6650
f 6652 6651 6650
f 6649 6647 6648
f 6608 6606 6610
f 6638 6672 6636
f 6603 6606 6608
f 6636 6672 6619
f 6604 6603 6601
f 6601 6603 6602
f 6602 6603 6611
f 4256 4257 4254
f 4253 4256 4254
f 6218 6230 6219
f 3199 3198 3200
f 3197 3198 3199
f 2775 2779 2776
f 2778 2783 2775
f 2832 2839 2838
f 3643 3640 3639
f 2642 2664 2662
f 3830 3835 3831
f 3832 3831 3834
f 3834 3844 3843
f 3843 3844 3845
f 3845 3847 3848
f 217 218 221
f 5169 5165 5160
f 561 562 563
f 591 595 601
f 3872 3880 3879
f 1965 1963 1969
f 3757 3747 3791
f 2902 2897 2892
f 608 609 614
f 3784 3752 3750
f 3783 3784 3750
f 6650 6649 6648
f 6663 6648 6640
f 6639 6663 6640
f 6639 6640 6638
f 6639 6638 6637
f 4922 4923 4919
f 6637 6638 6636
f 6637 6636 6635
f 6635 6636 6619
f 6619 6672 6630
f 6600 6601 6602
f 6248 6226 6228
f 5374 5372 5369
f 2118 2123 2114
f 2123 2124 2114
f 6552 6557 6558
f 4198 4182 4181
f 3190 3195 3196
f 3196 3197 3190
f 4492 4494 4482
f 4482 4494 4495
f 2830 2831 2827
f 2827 2831 2829
f 2829 2831 2832
f 3644 3643 3639
f 3639 3640 3641
f 3641 3640 3642
f 3642 3640 3646
f 3837 3835 3830
f 3830 3831 3832
f 541 539 532
f 538 540 542
f 542 540 543
f 3861 3848 3859
f 5160 5164 5157
f 3861 3859 3870
f 5157 5164 5163
f 658 646 647
f 3859 3882 3872
f 569 580 567
f 3873 3872 3879
f 602 601 603
f 602 603 606
f 3891 3873 3879
f 3787 3784 3783
f 2900 2902 2893
f 6650 6648 6663
f 3750 3754 3783
f 1202 1206 1194
f 6654 6650 6663
f 4249 4262 4261
f 4919 4921 4920
f 4918 4919 4920
f 5368 5371 5369
f 5368 5369 5370
f 6634 6635 6619
f 6634 6619 6631
f 6619 6630 6601
f 6631 6619 6618
f 6619 6601 6618
f 6597 6601 6600
f 5370 5372 5373
f 6620 6631 6618
f 6561 6558 6565
f 6561 6565 6586
f 6217 6218 6219
f 51 58 47
f 3199 3200 3201
f 3201 3200 3202
f 3195 3190 3189
f 2774 2775 2776
f 2778 2775 2777
f 4486 4482 4495
f 2829 2832 2837
f 2837 2832 2838
f 3644 3639 3650
f 3650 3639 3645
f 416 417 421
f 3834 3843 3840
f 532 539 538
f 3858 3845 3848
f 451 538 542
f 3858 3848 3861
f 3884 3861 3870
f 3870 3859 3871
f 3859 3872 3871
f 567 564 566
f 3871 3872 3873
f 2890 2894 2891
f 589 590 579
f 2897 2899 2890
f 614 617 608
f 6662 6652 6653
f 6653 6652 6650
f 4922 4919 4918
f 6656 6654 6657
f 4253 4254 4250
f 6595 6600 6614
f 3759 3760 3761
f 6617 6618 6601
f 6617 6601 6597
f 2104 2119 2101
f 4932 4926 4934
f 6620 6618 6617
f 6228 6226 6217
f 6217 6219 6227
f 4185 4186 4183
f 4187 4198 4181
f 3188 3195 3189
f 4488 4492 4483
f 4483 4492 4482
f 2826 2830 2827
f 2826 2827 2828
f 2828 2827 2829
f 4484 4482 4486
f 3639 3641 3645
f 3641 3642 3647
f 3642 3646 3637
f 3837 3830 3833
f 458 517 413
f 3833 3830 3832
f 517 417 413
f 413 417 416
f 3832 3834 3839
f 416 421 465
f 534 541 532
f 3840 3843 3845
f 3840 3845 3852
f 532 538 450
f 450 538 451
f 3852 3845 3858
f 452 451 542
f 452 542 543
f 452 543 453
f 453 543 455
f 5160 5157 5159
f 5161 5160 5159
f 570 561 563
f 571 563 591
f 3878 3870 3871
f 566 564 561
f 569 567 568
f 568 567 566
f 591 601 592
f 3874 3871 3873
f 586 589 579
f 3873 3891 3875
f 617 606 608
f 3787 3783 3786
f 2883 2893 2892
f 6655 6653 6654
f 6653 6650 6654
f 4247 4249 4261
f 2886 2896 2882
f 3785 3783 3754
f 6655 6654 6656
f 4245 4242 4247
f 2908 2886 2913
f 4924 4926 4932
f 6678 6679 6680
f 6680 6679 6684
f 6620 6617 6621
f 6621 6617 6622
f 6558 6559 6560
f 6558 6560 6565
f 6228 6217 6227
f 1566 1568 1569
f 6593 6594 6589
f 6236 6230 6233
f 4192 4198 4187
f 76 78 79
f 3159 3189 3178
f 3201 3202 3203
f 84 145 144
f 2777 2775 2774
f 2833 2830 2826
f 4481 4483 4482
f 4480 4481 4482
f 4480 4482 4484
f 3648 3649 3641
f 3648 3641 3647
f 5036 5035 5058
f 459 458 457
f 536 534 535
f 535 534 466
f 534 532 466
f 466 532 449
f 210 208 223
f 449 532 450
f 3896 3884 3870
f 3929 3921 3896
f 570 563 571
f 664 669 670
f 566 561 570
f 592 571 591
f 3878 3871 3874
f 592 601 602
f 2909 2891 2907
f 586 579 575
f 2889 2890 2891
f 3874 3873 3875
f 616 602 606
f 3789 3787 3786
f 616 606 617
f 3786 3783 3785
f 2882 2893 2883
f 4927 4929 4922
f 4927 4922 4918
f 4927 4918 4920
f 3279 3271 3280
f 3280 3271 3281
f 4243 4242 4245
f 4250 4244 4246
f 4251 4250 4246
f 4924 4920 4926
f 4252 4253 4250
f 4252 4250 4251
f 3767 3759 3766
f 4933 4924 4932
f 3761 3762 3763
f 6678 6680 6681
f 6247 6228 6242
f 6242 6228 6227
f 6227 6219 6229
f 6229 6219 6230
f 77 78 76
f 84 144 85
f 2780 2778 2777
f 2828 2829 2840
f 4487 4489 4488
f 4487 4488 4483
f 4487 4483 4485
f 2840 2829 2837
f 4485 4483 4481
f 6293 6296 6326
f 6293 6326 6294
f 4046 4044 4045
f 6861 6862 6860
f 6860 6862 6895
f 6862 6864 6895
f 3632 3635 3634
f 3833 3832 3838
f 3838 3832 3839
f 3841 3839 3840
f 3840 3839 3834
f 233 224 230
f 537 536 535
f 225 210 224
f 3885 3861 3884
f 3864 3861 3885
f 455 437 431
f 3885 3884 3896
f 3885 3896 3921
f 3930 3921 3929
f 5157 5163 5158
f 2907 2928 2927
f 3894 3896 3870
f 3894 3870 3878
f 3878 3874 3876
f 5158 5163 5167
f 602 616 610
f 2889 2891 2909
f 2883 2889 2885
f 3785 3754 3788
f 3278 3271 3279
f 4925 4927 4920
f 4924 4925 4920
f 4928 4925 4924
f 4930 4928 4924
f 4930 4924 4933
f 6595 6614 6598
f 1656 1634 1633
f 4186 4189 4187
f 76 51 50
f 3149 3189 3159
f 3192 3195 3188
f 4047 4046 4045
f 3648 3647 3637
f 3637 3632 3636
f 6895 6864 6867
f 3841 3840 3853
f 422 439 423
f 3863 3852 3858
f 3858 3861 3864
f 3864 3885 3886
f 3885 3921 3912
f 3886 3885 3912
f 5159 5157 5156
f 3925 3928 3924
f 5156 5157 5158
f 572 568 566
f 610 592 602
f 2921 2907 2927
f 3876 3874 3875
f 519 529 523
f 619 616 617
f 6664 6662 6658
f 6658 6662 6653
f 6655 6658 6653
f 2882 2883 2884
f 3277 3276 3271
f 3277 3271 3278
f 194 192 193
f 4931 4928 4930
f 2926 2912 2911
f 6596 6595 6598
f 6678 6681 6682
f 5837 5839 5836
f 6242 6227 6240
f 6683 6678 6682
f 6227 6229 6239
f 6240 6227 6239
f 6230 6236 6231
f 4189 4192 4187
f 47 48 49
f 3149 3159 3156
f 2834 2833 2826
f 4491 4489 4490
f 400 399 401
f 4490 4489 4487
f 3685 3688 3687
f 3687 3688 3689
f 4045 4044 4030
f 4044 4043 4030
f 3636 3632 3631
f 3632 3634 3633
f 3631 3632 3633
f 414 415 418
f 6866 6867 6864
f 3838 3839 3841
f 3394 3395 3393
f 3853 3840 3852
f 3863 3858 3864
f 443 444 514
f 594 592 610
f 575 579 568
f 575 568 572
f 514 444 545
f 2909 2907 2921
f 3894 3878 3876
f 5158 5167 5166
f 587 586 576
f 3876 3875 3877
f 610 616 619
f 3875 3890 3877
f 2884 2883 2885
f 3792 3785 3788
f 2886 2882 2884
f 2887 2886 2884
f 192 189 184
f 185 189 190
f 6596 6598 6599
f 6616 6596 6599
f 6585 6587 6584
f 6229 6230 6231
f 4190 4194 4191
f 80 77 68
f 2834 2826 2835
f 3167 3193 3192
f 4493 4491 4490
f 3683 3685 3687
f 4030 4043 4028
f 2739 2740 2735
f 5010 5036 5058
f 5010 5058 5057
f 419 414 418
f 3392 3394 3393
f 3386 3394 3392
f 436 435 442
f 572 566 573
f 5156 5158 5162
f 584 592 594
f 574 575 572
f 514 519 513
f 2921 2927 2934
f 3893 3894 3876
f 2909 2921 2924
f 3893 3876 3877
f 2919 2889 2909
f 6665 6664 6658
f 2885 2889 2919
f 3269 3268 3270
f 3890 3916 3892
f 3269 3270 3271
f 3892 3916 3917
f 3269 3271 3276
f 194 202 201
f 3275 3276 3277
f 184 189 185
f 1657 1656 1671
f 185 190 188
f 6623 6616 6599
f 6632 6616 6625
f 6674 6675 6632
f 6673 6674 6632
f 6673 6632 6633
f 6633 6632 6625
f 6239 6229 6235
f 6673 6633 6629
f 6235 6229 6231
f 6628 6625 6627
f 4192 4189 4193
f 6286 6290 6307
f 3149 3156 3134
f 6302 6299 6292
f 87 85 94
f 1145 1146 1139
f 6915 6916 6917
f 2836 2834 2835
f 3686 3685 3682
f 2730 2773 2744
f 3683 3682 3685
f 3692 3683 3687
f 406 414 407
f 2739 2735 2737
f 419 418 420
f 420 429 430
f 3380 3386 3392
f 3853 3852 3856
f 3856 3852 3863
f 436 442 446
f 3908 3925 3924
f 578 573 570
f 571 592 584
f 594 610 611
f 576 575 574
f 5162 5158 5153
f 587 576 588
f 5153 5158 5166
f 2924 2921 2934
f 2919 2909 2924
f 3911 3893 3909
f 3909 3893 3877
f 3909 3877 3892
f 2919 2924 2925
f 2922 2919 2925
f 2885 2919 2922
f 2884 2885 2920
f 2920 2885 2922
f 194 196 202
f 193 183 194
f 2903 2887 2905
f 4419 4420 4409
f 4409 4420 4417
f 6616 6623 6624
f 6625 6616 6624
f 3775 3769 3774
f 6625 6626 6627
f 97 82 96
f 96 82 83
f 83 82 68
f 74 75 73
f 87 94 110
f 410 398 400
f 110 94 111
f 1136 1145 1139
f 3681 3682 3683
f 4036 4035 4034
f 3684 3681 3683
f 3684 3683 3692
f 4034 4033 4032
f 4032 4033 4030
f 2729 2730 2731
f 5053 5039 5040
f 5000 5010 4998
f 419 420 424
f 5031 5010 5057
f 4945 4946 4947
f 3638 3631 3633
f 3678 3680 3675
f 4947 4946 4948
f 3842 3838 3841
f 420 430 426
f 3869 3863 3864
f 3869 3864 3886
f 3895 3869 3886
f 3895 3886 3912
f 3927 3895 3912
f 3922 3895 3927
f 3908 3924 3923
f 445 443 511
f 578 570 571
f 578 571 584
f 513 520 511
f 581 573 578
f 584 594 611
f 577 576 574
f 588 576 577
f 611 610 622
f 622 610 619
f 6665 6666 6664
f 2925 2924 2936
f 3914 3911 3909
f 3914 3909 3892
f 2922 2925 2936
f 3273 3269 3276
f 2937 2922 2936
f 2930 2922 2937
f 3273 3276 3275
f 2920 2922 2930
f 2884 2920 2888
f 184 183 193
f 2906 2903 2905
f 3776 3769 3775
f 6625 6624 6626
f 1584 1578 1575
f 73 75 88
f 397 396 412
f 88 75 87
f 412 398 410
f 3148 3149 3147
f 410 400 464
f 4887 4888 4889
f 1137 1147 1136
f 1136 1139 1138
f 1138 1139 1140
f 3681 3686 3682
f 400 405 460
f 467 405 407
f 4032 4030 4029
f 4030 4028 4029
f 425 407 419
f 4998 5010 5006
f 5031 5057 5063
f 3674 3678 3675
f 426 430 448
f 3841 3853 3854
f 3380 3392 3381
f 433 434 440
f 440 434 436
f 3863 3869 3867
f 3869 3895 3867
f 446 442 445
f 470 445 511
f 525 511 520
f 574 572 573
f 587 588 599
f 3274 3273 3275
f 2888 2920 2930
f 4695 4699 4694
f 2887 2884 2888
f 2930 2937 2938
f 182 183 184
f 2905 2888 2910
f 182 184 185
f 2906 2905 2910
f 4409 4417 4415
f 185 188 187
f 188 191 187
f 4794 4790 4787
f 3187 3132 3184
f 384 391 397
f 88 87 108
f 108 87 110
f 4890 4887 4889
f 464 400 460
f 460 405 467
f 3690 3681 3684
f 3169 3186 3151
f 467 407 425
f 419 424 425
f 4945 4947 4955
f 3673 3674 3675
f 4955 4947 4954
f 3842 3841 3854
f 3380 3381 3382
f 4558 4553 4554
f 3905 3895 3922
f 470 511 512
f 512 511 525
f 574 573 581
f 599 588 577
f 585 577 574
f 5152 5162 5153
f 6667 6666 6665
f 3267 3266 3268
f 3267 3268 3269
f 3273 3267 3269
f 2929 2888 2930
f 2929 2930 2938
f 2910 2888 2929
f 4419 4409 4408
f 2906 2910 2923
f 186 182 185
f 4410 4415 4416
f 186 185 187
f 187 191 197
f 1583 1575 1577
f 139 138 137
f 137 138 136
f 2059 2077 2065
f 2077 2079 2065
f 55 136 138
f 54 52 53
f 1165 1167 1166
f 1138 1140 1164
f 1138 1164 1158
f 1158 1164 1161
f 3691 3690 3684
f 4956 4945 4955
f 472 424 426
f 3857 3854 3853
f 3857 3853 3856
f 433 440 448
f 3857 3856 3862
f 3856 3863 3862
f 436 446 474
f 3862 3863 3867
f 474 446 469
f 3908 3923 3913
f 582 574 581
f 581 578 584
f 615 581 584
f 621 584 611
f 6668 6670 6669
f 6668 6669 6666
f 6667 6668 6666
f 3272 3267 3273
f 3272 3273 3274
f 3287 3272 3274
f 4691 4695 4694
f 2929 2938 2932
f 1663 1660 1671
f 4408 4409 4410
f 4409 4415 4410
f 2910 2929 2932
f 2923 2910 2931
f 2931 2910 2932
f 204 186 187
f 198 187 197
f 3776 3775 3777
f 54 53 60
f 6284 6308 6315
f 6308 6313 6322
f 6315 6308 6322
f 6288 6285 6287
f 73 88 71
f 1165 1166 1143
f 107 88 108
f 1143 1166 1141
f 116 142 141
f 1137 1136 1132
f 1132 1136 1135
f 1135 1136 1138
f 1158 1161 1160
f 1160 1161 1162
f 1162 1161 1163
f 5254 5258 5255
f 467 425 471
f 5255 5258 5260
f 4029 4028 4027
f 471 425 424
f 471 424 472
f 5261 5268 5257
f 6898 6900 6899
f 4027 4028 4021
f 5053 5040 5043
f 5312 5316 5317
f 5312 5317 5303
f 5303 5317 5294
f 5005 5006 5031
f 426 448 468
f 4957 4962 4960
f 3905 3867 3895
f 3862 3867 3905
f 512 525 528
f 528 525 526
f 3220 3225 3222
f 593 585 574
f 615 584 621
f 5152 5153 5154
f 3264 3265 3266
f 3264 3266 3267
f 4421 4419 4412
f 4412 4419 4408
f 4408 4410 4411
f 2923 2931 2933
f 5810 5814 5812
f 198 197 199
f 3776 3777 3778
f 1057 1046 1045
f 137 136 120
f 2065 2079 2062
f 71 66 73
f 6309 6304 6288
f 404 397 412
f 4636 4640 4637
f 1165 1143 1142
f 1143 1141 1132
f 1132 1141 1137
f 1340 1336 1337
f 1340 1337 1339
f 460 467 508
f 3145 3166 3151
f 1340 1339 1341
f 5249 5254 5259
f 5259 5254 5255
f 5268 5261 5310
f 472 426 468
f 5417 5416 5418
f 4956 4955 4957
f 5419 5420 5416
f 4955 4954 4957
f 1696 1697 1694
f 3842 3854 3855
f 3865 3855 3854
f 3865 3854 3857
f 476 440 475
f 3213 3214 3209
f 3905 3908 3907
f 3907 3908 3913
f 3220 3222 3221
f 593 574 582
f 582 581 615
f 5155 5152 5154
f 2462 2459 2463
f 615 621 620
f 6671 6670 6668
f 3263 3265 3264
f 3249 3272 3287
f 4689 4691 4690
f 4691 4694 4693
f 4690 4691 4693
f 4410 4416 4422
f 2935 2923 2933
f 5808 5810 5809
f 5809 5810 5812
f 1677 1673 1684
f 1662 1677 1674
f 1674 1677 1684
f 1668 1662 1674
f 3778 3777 3779
f 2076 2074 2075
f 1046 1056 1047
f 1047 1056 1063
f 1063 1056 1065
f 102 101 100
f 6287 6284 6317
f 4636 4637 4638
f 4639 4636 4638
f 463 412 410
f 1902 1918 1917
f 1125 1132 1135
f 2589 2588 2585
f 1152 1135 1138
f 2583 2587 2582
f 1158 1160 1159
f 5229 5230 5231
f 508 467 471
f 5255 5256 5246
f 5249 5259 5238
f 5261 5253 5250
f 4956 4957 4958
f 448 440 476
f 477 448 476
f 3887 3865 3857
f 3887 3857 3888
f 3888 3857 3862
f 3218 3213 3208
f 3208 3213 3209
f 3903 3862 3905
f 3209 3214 3210
f 3210 3214 3215
f 3210 3215 3216
f 528 470 512
f 3216 3220 3219
f 3219 3220 3221
f 2461 2454 2457
f 2453 2458 2459
f 2449 2458 2453
f 3221 3222 3223
f 2457 2454 2453
f 2457 2453 2459
f 3259 3264 3267
f 3259 3267 3272
f 3249 3259 3272
f 4412 4408 4411
f 4423 4411 4410
f 4423 4410 4422
f 5811 5808 5805
f 200 198 199
f 4121 4123 4125
f 2062 2076 2075
f 1063 1065 1064
f 2058 2059 2057
f 2059 2065 2057
f 6315 6322 6330
f 385 393 383
f 106 89 107
f 404 412 454
f 1906 1909 1902
f 1143 1132 1133
f 1142 1143 1133
f 2585 2588 2583
f 1336 1334 1329
f 1152 1138 1158
f 1152 1158 1159
f 5454 5448 5450
f 2413 2414 2412
f 5456 5454 5450
f 2415 2414 2413
f 5236 5249 5235
f 5242 5261 5250
f 4026 4027 4021
f 4019 4021 4022
f 5287 5285 5299
f 5299 5285 5284
f 3855 3865 3866
f 3897 3887 3888
f 3903 3897 3888
f 3903 3888 3862
f 4556 4573 4542
f 582 615 618
f 618 615 620
f 3260 3263 3264
f 3260 3264 3259
f 4688 4689 4690
f 4412 4411 4413
f 4413 4411 4423
f 4422 4426 4425
f 5805 5808 5801
f 5801 5808 5809
f 1675 1674 1676
f 1674 1684 1682
f 1676 1674 1682
f 5798 5805 5801
f 5801 5809 5815
f 3778 3779 3780
f 4093 4104 4094
f 4104 4096 4107
f 1045 1046 1044
f 1044 1046 1047
f 1063 1064 1048
f 2057 2065 2060
f 6317 6315 6327
f 6318 6287 6317
f 6318 6288 6287
f 1902 1917 1900
f 3141 3142 3137
f 5447 5446 5453
f 4903 4902 4904
f 2413 2412 2385
f 2385 2412 2390
f 2388 2390 2391
f 5463 5462 5460
f 5460 5462 5459
f 4026 4021 4020
f 4020 4021 4019
f 4958 4957 4959
f 4959 4957 4960
f 5023 4960 4962
f 3889 3866 3865
f 6449 6454 6440
f 3889 3865 3887
f 3897 3889 3887
f 4573 4569 4542
f 3900 3897 3903
f 3905 3900 3903
f 3900 3905 3904
f 3904 3905 3907
f 3206 3209 3210
f 3211 3210 3216
f 3211 3216 3217
f 2455 2446 2454
f 2446 2448 2449
f 3217 3216 3219
f 2446 2449 2453
f 2454 2446 2453
f 3260 3262 3263
f 4692 4702 4688
f 4688 4690 4692
f 4414 4412 4413
f 4424 4423 4422
f 1675 1676 1678
f 4424 4422 4425
f 5798 5801 5799
f 5801 5815 5816
f 5804 5801 5816
f 3790 3778 3780
f 4107 4096 4100
f 2061 2075 2074
f 2061 2062 2075
f 100 99 130
f 6330 6322 6331
f 113 105 109
f 1906 1902 1895
f 1134 1142 1133
f 1895 1902 1900
f 1133 1132 1124
f 1124 1132 1125
f 1125 1135 1152
f 2585 2583 2584
f 5447 5453 5455
f 2388 2391 2408
f 4670 4671 4672
f 4669 4671 4670
f 2385 2390 2388
f 2583 2582 2581
f 5458 5457 5456
f 5456 5450 5452
f 5515 5513 5514
f 6451 6442 6441
f 2576 2574 2566
f 1693 1694 1691
f 6441 6442 6439
f 1691 1694 1695
f 6437 6441 6439
f 2566 2574 2568
f 5029 5065 5061
f 5280 5318 5282
f 2568 2574 2572
f 3898 3889 3897
f 2568 2572 2571
f 3899 3898 3897
f 2571 2572 2573
f 3212 3218 3208
f 3899 3897 3900
f 3206 3208 3209
f 4541 4543 4542
f 2456 2444 2455
f 2444 2445 2446
f 2444 2446 2455
f 2446 2445 2448
f 3221 3223 3227
f 3227 3223 3228
f 3228 3262 3229
f 3261 3262 3260
f 3260 3259 3237
f 3237 3259 3249
f 3240 3237 3249
f 4414 4413 4418
f 4268 4267 4270
f 4680 4679 4678
f 4678 4679 4676
f 4275 4268 4270
f 4675 4674 4677
f 5802 5813 5798
f 5802 5798 5800
f 5799 5801 5804
f 1028 1045 1044
f 2060 2062 2061
f 1047 1063 1048
f 6329 6330 6331
f 2055 2058 2057
f 72 71 90
f 388 386 404
f 89 106 103
f 1125 1152 1150
f 3183 3144 3180
f 4660 4666 4669
f 4660 4669 4670
f 5460 5459 5458
f 5456 5452 5458
f 2577 2578 2575
f 4020 4019 4017
f 5263 5266 5306
f 4019 4022 4018
f 4017 4019 4018
f 2576 2575 2578
f 3889 3898 3919
f 6487 6489 6488
f 6486 6487 6488
f 3388 3384 3391
f 3902 3898 3899
f 2464 2460 2451
f 2451 2460 2450
f 2452 2464 2451
f 3899 3900 3901
f 2452 2451 2444
f 2451 2450 2444
f 2444 2450 2447
f 3901 3900 3904
f 2456 2452 2444
f 2444 2447 2445
f 3217 3219 3224
f 3224 3219 3221
f 3227 3228 3229
f 3261 3260 3237
f 4272 4270 4271
f 4673 4674 4675
f 4208 4228 4232
f 5803 5800 5799
f 5964 5965 5966
f 5806 5799 5804
f 5817 5804 5816
f 3790 3780 3793
f 3794 3790 3793
f 978 1044 1047
f 978 1047 1048
f 99 72 92
f 6327 6330 6329
f 2054 2055 2057
f 91 89 103
f 411 404 454
f 103 106 105
f 103 105 104
f 118 115 140
f 6696 6691 6695
f 1124 1125 1126
f 3150 3141 3139
f 3180 3144 3150
f 2411 2408 2403
f 2387 2410 2411
f 4662 4667 4656
f 4656 4667 4668
f 4665 4666 4660
f 4657 4665 4660
f 5463 5460 5461
f 6825 6839 6824
f 5460 5458 5461
f 2581 2582 2579
f 2581 2579 2580
f 2579 2578 2577
f 2580 2579 2577
f 4018 4022 4023
f 2566 2575 2576
f 5050 5045 5046
f 5296 5315 5278
f 6445 6453 6447
f 2568 2571 2569
f 4541 4535 4536
f 3902 3899 3901
f 3208 3206 3205
f 4545 4550 4546
f 3207 3206 3210
f 3207 3210 3211
f 3211 3217 3226
f 3226 3217 3224
f 3224 3221 3227
f 3232 3233 3236
f 3233 3261 3237
f 3236 3233 3237
f 4690 4693 4700
f 4240 4241 4237
f 4678 4673 4681
f 4673 4682 4681
f 4681 4683 4684
f 4208 4225 4224
f 4223 4224 4225
f 5964 5966 5967
f 4227 4208 4226
f 5807 5806 5804
f 44 45 46
f 5818 5804 5817
f 4099 4112 4102
f 4113 4115 4114
f 2063 2061 2073
f 1009 1028 1044
f 978 1048 976
f 129 99 128
f 128 99 127
f 6328 6327 6329
f 6316 6311 6320
f 6320 6311 6323
f 6318 6317 6324
f 92 90 91
f 6310 6311 6316
f 104 105 114
f 114 105 113
f 1333 1335 1328
f 1895 1900 1890
f 1126 1125 1150
f 1900 1917 1901
f 2585 2584 2586
f 2394 2411 2403
f 4656 4668 4657
f 4657 4668 4665
f 2584 2583 2581
f 4658 4657 4660
f 5305 5304 5281
f 2275 2276 2274
f 2275 2274 2273
f 5281 5304 5277
f 6461 6433 6435
f 2566 2568 2567
f 2567 2568 2569
f 6446 6445 6447
f 6445 6446 6425
f 4533 4525 4551
f 3915 3898 3902
f 4536 4535 4532
f 4536 4533 4551
f 3212 3208 3205
f 3906 3902 3901
f 4541 4536 4545
f 3205 3206 3207
f 3227 3229 3232
f 3232 3229 3233
f 3238 3236 3237
f 3238 3237 3240
f 3241 3238 3240
f 4700 4692 4690
f 4700 4693 4698
f 4273 4272 4271
f 4240 4237 4213
f 4237 4235 4213
f 4213 4235 4236
f 6383 6384 6385
f 4099 4109 4112
f 4099 4095 4109
f 2051 2061 2053
f 6329 6331 6332
f 6332 6331 6333
f 6333 6331 6334
f 6324 6317 6325
f 2050 2056 2055
f 2050 2055 2054
f 6323 6318 6324
f 1912 1906 1899
f 114 115 118
f 1151 1126 1150
f 2387 2411 2394
f 4663 4662 4661
f 2392 2386 2387
f 4661 4662 4656
f 4656 4657 4658
f 2404 2389 2386
f 2581 2580 2591
f 4016 4017 4018
f 1690 1692 1691
f 1690 1691 1689
f 4535 4534 4532
f 3906 3901 3910
f 2599 2605 2604
f 2604 2605 2607
f 4435 4436 4434
f 4700 4698 4701
f 4273 4271 4274
f 5819 5818 5817
f 4221 4222 4210
f 5820 5821 5818
f 5820 5818 5819
f 4092 4110 4098
f 4098 4109 4095
f 1028 1009 970
f 970 1009 978
f 2053 2061 2063
f 2794 2799 2798
f 6328 6329 6332
f 2146 2147 2143
f 92 91 93
f 93 91 95
f 95 121 124
f 124 121 122
f 134 122 123
f 2088 2086 2087
f 1913 1912 1899
f 1899 1906 1895
f 1129 1134 1133
f 1129 1133 1124
f 3180 3150 3162
f 1890 1900 1901
f 2395 2394 2400
f 2387 2394 2392
f 2584 2581 2591
f 4661 4656 4659
f 4659 4656 4658
f 2405 2404 2393
f 2404 2386 2393
f 4018 4023 4024
f 2565 2575 2566
f 6465 6461 6435
f 2565 2566 2567
f 4964 4961 4965
f 5291 5295 5276
f 2570 2567 2569
f 6444 6443 6450
f 3247 3226 3246
f 3245 3246 3226
f 3245 3226 3224
f 3230 3224 3227
f 3239 3236 3238
f 4705 4703 4708
f 4703 4704 4701
f 4206 4213 4211
f 4211 4213 4236
f 4211 4236 4212
f 4212 4236 4238
f 4212 4238 4239
f 4210 4216 4217
f 5823 5821 5822
f 4220 4210 4217
f 5822 5821 5820
f 2078 2063 2073
f 6332 6333 6345
f 971 978 976
f 6333 6334 6348
f 1017 1016 1042
f 6321 6316 6320
f 409 388 411
f 4305 4307 4306
f 409 411 427
f 2087 2086 2084
f 2084 2086 2085
f 134 123 135
f 2089 2088 2087
f 4796 4797 4798
f 4800 4796 4798
f 2586 2584 2590
f 4798 4797 4799
f 4664 4661 4659
f 2406 2405 2393
f 6825 6824 6818
f 2591 2580 2593
f 2593 2580 2592
f 2592 2580 2577
f 2577 2575 2565
f 4024 4023 4025
f 4966 4964 4965
f 6432 6435 6429
f 4524 4525 4526
f 4525 4524 4557
f 2571 2570 2569
f 2603 2599 2604
f 3253 3246 3245
f 3245 3224 3231
f 3234 3245 3231
f 3230 3231 3224
f 3232 3230 3227
f 3232 3236 3239
f 4427 4434 4428
f 3239 3238 3241
f 4207 4206 4209
f 4209 4206 4211
f 4211 4212 4209
f 4210 4207 4209
f 4210 4209 4216
f 4216 4209 4215
f 4214 4212 4239
f 4217 4216 4215
f 4215 4209 4214
f 4214 4239 4234
f 4217 4215 4218
f 4217 4218 4219
f 1013 1028 970
f 2051 2053 2052
f 971 976 973
f 389 390 507
f 973 976 1001
f 6325 6328 6339
f 2083 2056 2028
f 124 122 143
f 143 122 134
f 3515 3510 3514
f 1899 1895 1894
f 1128 1124 1127
f 1127 1126 1149
f 1149 1126 1153
f 1126 1151 1153
f 2395 2400 2398
f 5357 5362 5361
f 5357 5361 5358
f 2421 2440 2396
f 2396 2440 2392
f 2396 2392 2395
f 1890 1901 1898
f 2590 2584 2591
f 4016 4018 4024
f 2594 2577 2565
f 4025 4023 4037
f 5050 5046 5049
f 1686 1690 1689
f 4534 4537 4529
f 5003 5030 5055
f 2570 2571 2596
f 2596 2571 2597
f 2597 2571 2598
f 2597 2598 2599
f 3247 3246 3248
f 3235 3230 3232
f 5857 5860 5858
f 3235 3232 3239
f 3242 3239 3241
f 4711 4709 4705
f 3242 3241 3244
f 2064 2044 2063
f 970 978 971
f 3426 3431 3423
f 6339 6332 6343
f 6332 6345 6343
f 6333 6348 6345
f 972 971 973
f 2135 2140 2141
f 1001 1016 1015
f 973 1001 1015
f 3411 3423 3422
f 2040 2051 2052
f 6336 6320 6335
f 6320 6323 6335
f 6335 6323 6324
f 2040 2050 2051
f 4305 4306 4293
f 2028 2056 2050
f 2492 2495 2491
f 2491 2495 2493
f 6701 6692 6700
f 1325 1323 1326
f 3164 3179 3162
f 5356 5357 5358
f 5356 5358 5359
f 2417 2416 2418
f 1888 1890 1898
f 5356 5359 5360
f 6820 6818 6819
f 2594 2592 2577
f 2270 2290 2277
f 1686 1689 1688
f 5021 4965 5022
f 2602 2570 2596
f 6469 6426 6419
f 2597 2599 2603
f 276 275 296
f 3253 3254 3286
f 3248 3253 3286
f 3254 3253 3245
f 3234 3231 3230
f 5871 5860 5873
f 5873 5860 5857
f 5858 5860 5861
f 4427 4428 4429
f 4430 4427 4429
f 4429 4428 4431
f 1547 1550 1557
f 2049 2064 2063
f 2049 2063 2078
f 1013 970 977
f 977 970 968
f 1549 1550 1547
f 970 971 969
f 969 971 972
f 507 390 494
f 3408 3422 3424
f 3407 3408 3424
f 6324 6325 6339
f 6335 6324 6338
f 2082 2083 2028
f 2028 2050 2040
f 2082 2084 2083
f 478 409 427
f 143 134 135
f 478 427 482
f 2087 2084 2090
f 1908 1913 1899
f 1131 1129 1130
f 1130 1129 1128
f 1896 1899 1894
f 1127 1149 1153
f 1887 1894 1890
f 2420 2421 2422
f 2422 2396 2401
f 2419 2417 2418
f 5649 5650 5651
f 5360 5357 5356
f 2436 2434 2424
f 2590 2591 2595
f 5947 5944 5948
f 5945 5944 5947
f 2290 2309 2289
f 2277 2290 2289
f 6467 6465 6466
f 2270 2277 2271
f 2269 2270 2271
f 4968 4967 4965
f 5032 5003 5055
f 2567 2570 2602
f 5349 5353 5352
f 269 280 275
f 3254 3282 3283
f 3286 3254 3283
f 3254 3245 3234
f 3282 3254 3234
f 3243 3234 3230
f 3243 3230 3235
f 5860 5864 5863
f 5871 5873 5876
f 5860 5863 5862
f 5861 5860 5862
f 4431 4433 4432
f 3250 3243 3239
f 3243 3235 3239
f 3250 3239 3242
f 3251 3250 3242
f 1547 1557 1552
f 1012 1013 977
f 2049 2043 2064
f 2139 2137 2138
f 968 970 969
f 2138 2137 2136
f 496 516 507
f 496 507 494
f 6337 6335 6338
f 6338 6324 6339
f 1015 1017 1018
f 1018 1017 1021
f 390 409 473
f 409 478 473
f 143 135 152
f 2089 2087 2091
f 2091 2087 2090
f 6057 6060 6058
f 3508 3506 3509
f 1154 1127 1153
f 1154 1153 1155
f 1155 1153 1156
f 3179 3164 3171
f 1156 1153 1157
f 2441 2437 2439
f 2439 2437 2428
f 2595 2591 2593
f 2309 2328 2327
f 5945 5947 5949
f 2601 2565 2567
f 2601 2567 2602
f 2272 2269 2271
f 4524 4527 4531
f 5350 5349 5352
f 266 269 273
f 273 269 275
f 273 275 276
f 277 273 276
f 3286 3283 3288
f 3282 3234 3252
f 3284 3283 3282
f 3284 3282 3252
f 3252 3234 3243
f 5864 5865 5862
f 5863 5864 5862
f 4429 4431 4432
f 5862 5868 5869
f 3255 3243 3250
f 3258 3257 3256
f 3256 3257 3250
f 4709 4710 4706
f 3256 3250 3251
f 2796 2797 2800
f 3526 3528 3524
f 1012 977 975
f 2038 2043 2049
f 2039 2043 2038
f 2031 2039 2037
f 972 973 974
f 3416 3407 3424
f 494 390 473
f 2027 2040 2031
f 4308 4305 4292
f 4292 4305 4293
f 2082 2028 2022
f 2082 2022 2021
f 2090 2082 2021
f 2091 2090 2021
f 6057 6058 6056
f 1908 1899 1896
f 3164 3170 3171
f 2429 2430 2431
f 2443 2441 2439
f 5824 5825 5826
f 4065 4067 4064
f 4064 4067 4068
f 4058 4065 4064
f 2590 2595 2606
f 2600 2593 2592
f 2600 2592 2594
f 4040 4024 4025
f 2601 2594 2565
f 5945 5949 5950
f 2289 2291 2282
f 1685 1686 1687
f 2277 2289 2282
f 2277 2282 2281
f 2271 2277 2281
f 6476 6475 6474
f 281 289 268
f 5350 5352 5354
f 5355 5350 5354
f 267 268 289
f 267 289 280
f 267 280 269
f 266 267 269
f 264 266 273
f 5879 5878 5872
f 5872 5878 5864
f 5874 5871 5876
f 3255 3252 3243
f 3285 3258 3256
f 1557 1560 1558
f 1546 1549 1547
f 516 496 515
f 515 496 495
f 6339 6343 6342
f 479 494 473
f 4288 4308 4292
f 4292 4293 4291
f 6055 6057 6056
f 2089 2091 2094
f 3171 3170 3172
f 2442 2432 2431
f 5478 5476 5475
f 4646 4654 4651
f 5475 5476 5477
f 4642 4647 4646
f 4646 4651 4643
f 6527 6545 6528
f 4643 4651 4650
f 4651 4652 4650
f 4650 4652 4653
f 4642 4646 4643
f 4642 4645 4655
f 4645 4642 4644
f 4642 4643 4644
f 4655 4645 4649
f 4066 4065 4058
f 4645 4644 4649
f 4058 4064 4059
f 1889 1888 1898
f 4064 4071 4059
f 2327 2328 2311
f 2809 2823 2810
f 5944 5945 5946
f 2289 2327 2311
f 2289 2311 2291
f 2601 2600 2594
f 292 295 278
f 4025 4037 4038
f 5946 5945 5950
f 2281 2282 2283
f 270 295 281
f 2272 2271 2278
f 5325 5338 5326
f 5328 5326 5330
f 5529 5530 5531
f 260 267 266
f 357 370 364
f 260 266 264
f 262 260 264
f 376 262 264
f 286 273 277
f 356 355 282
f 1558 1560 1561
f 1558 1561 1559
f 3527 3526 3523
f 1552 1557 1558
f 3523 3526 3524
f 1548 1547 1552
f 1546 1547 1548
f 495 496 494
f 983 969 972
f 982 972 974
f 1015 1018 1019
f 4288 4292 4291
f 4291 4293 4313
f 2491 2493 2468
f 2468 2493 2494
f 2094 2091 2029
f 2029 2091 2021
f 1897 1908 1896
f 6055 6056 6054
f 6063 6061 6059
f 1896 1887 1878
f 4070 4074 4075
f 6513 6527 6528
f 6512 6513 6528
f 4068 4069 4070
f 6511 6514 6513
f 6514 6527 6513
f 4068 4070 4071
f 4071 4070 4075
f 4648 4643 4650
f 6515 6514 6511
f 4071 4075 4076
f 1886 1887 1888
f 6497 6522 6498
f 6497 6498 6496
f 6523 6522 6497
f 4058 4059 4060
f 4060 4059 4061
f 300 365 294
f 285 294 293
f 285 293 279
f 279 293 292
f 5952 5944 5946
f 1685 1700 1706
f 314 359 309
f 1700 1685 1699
f 314 309 307
f 6484 6482 6483
f 4970 4968 5019
f 314 307 311
f 2279 2271 2280
f 6476 6474 6485
f 263 281 268
f 5325 5326 5327
f 5326 5328 5327
f 261 260 262
f 355 360 347
f 291 262 376
f 6362 6363 6364
f 286 277 287
f 355 347 282
f 356 282 315
f 367 363 310
f 3525 3524 3529
f 2149 2144 2156
f 1027 1012 975
f 975 977 968
f 2144 2145 2155
f 2038 2049 2045
f 967 968 969
f 5922 5925 5919
f 5919 5925 5923
f 5923 5932 5924
f 5929 5932 5937
f 2037 2038 2035
f 983 972 982
f 1019 1018 1020
f 1020 1018 1021
f 1020 1021 1022
f 473 478 479
f 479 478 480
f 2492 2491 2469
f 2469 2491 2468
f 2468 2494 2471
f 480 478 481
f 6054 6056 6059
f 4070 4072 4073
f 4070 4073 4074
f 1878 1887 1886
f 6501 6515 6511
f 1886 1888 1889
f 3931 3932 3933
f 4062 4058 4060
f 4062 4060 4061
f 4062 4061 4063
f 3935 3933 3936
f 300 294 285
f 3935 3936 3937
f 3935 3937 3938
f 2311 2313 2312
f 2311 2312 2291
f 2291 2312 2303
f 2291 2303 2292
f 4041 4031 4040
f 309 359 361
f 4040 4025 4039
f 1700 1704 1706
f 307 309 308
f 307 308 284
f 279 292 278
f 4039 4025 4038
f 5951 5946 5950
f 2282 2292 2286
f 307 284 303
f 278 295 270
f 311 307 303
f 5558 5575 5568
f 2280 2281 2283
f 2280 2283 2284
f 4527 4539 4540
f 2271 2281 2280
f 6479 6476 6485
f 263 270 281
f 263 268 267
f 263 267 260
f 259 263 260
f 357 364 306
f 258 259 260
f 258 260 261
f 357 306 347
f 282 261 291
f 291 261 262
f 288 376 286
f 288 286 287
f 282 291 315
f 288 287 290
f 363 315 310
f 3523 3524 3525
f 5916 5923 5924
f 2155 2145 2157
f 5922 5919 5921
f 5924 5932 5929
f 967 969 980
f 980 969 983
f 493 479 492
f 1870 1897 1896
f 6054 6059 6053
f 6053 6059 6061
f 6511 6512 6506
f 6496 6515 6501
f 6499 6526 6497
f 2226 2230 2247
f 298 300 285
f 284 298 285
f 5211 5219 5217
f 284 285 279
f 3938 3937 3939
f 308 304 284
f 283 284 279
f 283 279 274
f 5952 5946 5951
f 284 283 303
f 274 279 278
f 2282 2286 2285
f 6458 6462 6459
f 278 270 265
f 364 311 302
f 5332 5325 5327
f 5332 5327 5329
f 257 263 259
f 5536 5540 5530
f 272 255 258
f 272 258 261
f 272 261 282
f 347 272 282
f 291 376 288
f 315 291 288
f 310 288 290
f 1553 1558 1559
f 1552 1558 1553
f 966 975 968
f 5919 5923 5916
f 966 968 967
f 3486 3483 3495
f 5921 5919 5920
f 3498 3486 3495
f 1764 1765 1762
f 1032 980 983
f 3487 3490 3498
f 982 974 1058
f 2031 2037 2032
f 2027 2031 2024
f 2469 2468 2465
f 2465 2468 2466
f 2030 2029 2019
f 2030 2046 2029
f 6501 6511 6506
f 6495 6497 6496
f 6499 6497 6495
f 6508 6526 6499
f 2226 2247 2248
f 2360 2313 2311
f 2312 2313 2314
f 299 298 284
f 2312 2314 2303
f 304 299 284
f 5212 5217 5218
f 309 305 308
f 2292 2303 2294
f 4041 4040 4039
f 2286 2292 2293
f 5060 5049 5051
f 1700 1699 1701
f 303 283 301
f 2283 2282 2285
f 274 278 265
f 6417 6394 6395
f 302 303 301
f 257 265 270
f 257 270 263
f 5334 5332 5333
f 5333 5332 5329
f 306 302 297
f 5540 5536 5535
f 258 257 259
f 255 257 258
f 306 255 272
f 1553 1548 1552
f 3481 3483 3480
f 3483 3481 3484
f 1546 1548 1554
f 5918 5919 5916
f 5916 5924 5915
f 5915 5924 5929
f 3486 3480 3483
f 5920 5919 5918
f 5929 5937 5931
f 5931 5937 5936
f 1763 1764 1762
f 486 487 484
f 3430 3416 3425
f 983 982 1105
f 3497 3488 3487
f 1772 1763 1761
f 1105 982 1091
f 2024 2031 2032
f 4288 4291 4289
f 2023 2022 2024
f 4289 4291 4313
f 2470 2468 2471
f 1911 1910 1897
f 6510 6506 6525
f 6502 6501 6506
f 6494 6496 6501
f 1922 1886 1889
f 305 299 304
f 5212 5211 5217
f 308 305 304
f 350 337 361
f 4050 4041 4048
f 1707 1704 1702
f 4048 4041 4039
f 1704 1700 1702
f 2292 2294 2293
f 1702 1700 1701
f 2287 2286 2293
f 5951 5950 5953
f 283 274 271
f 5953 5950 5954
f 301 283 271
f 271 274 265
f 256 271 265
f 302 301 271
f 302 271 297
f 297 271 256
f 256 265 257
f 4764 4769 4765
f 297 256 255
f 255 256 257
f 3496 3481 3479
f 3496 3500 3481
f 3481 3480 3479
f 1555 1546 1554
f 5931 5936 5930
f 2035 2038 2045
f 967 980 979
f 1766 1765 1767
f 979 980 1032
f 1761 1763 1762
f 1105 1032 983
f 3415 3416 3430
f 3489 3488 3497
f 3499 3489 3497
f 1774 1772 1773
f 1058 974 1059
f 1020 1022 1023
f 1091 982 1058
f 2473 2469 2465
f 2466 2468 2470
f 2470 2471 2479
f 1892 1897 1870
f 1892 1870 1867
f 6055 6054 6052
f 6052 6054 6053
f 1874 1878 1886
f 6502 6506 6510
f 6494 6501 6502
f 6495 6494 6524
f 2360 2354 2313
f 2313 2354 2315
f 305 313 299
f 2294 2303 2302
f 4379 4364 4366
f 5212 5218 5213
f 4363 4354 4370
f 2953 2962 2958
f 349 337 350
f 2954 2957 2959
f 5213 5218 5214
f 4048 4039 4042
f 4042 4039 4038
f 4403 4398 4396
f 1702 1701 1703
f 5018 5034 5051
f 6407 6402 6405
f 2284 2285 2306
f 4762 4765 4768
f 4762 4768 4767
f 3503 3504 3496
f 3496 3504 3500
f 1008 1027 975
f 5931 5915 5929
f 3479 3480 3477
f 5930 5936 5939
f 1556 1546 1555
f 1762 1765 1766
f 1111 1032 1105
f 3485 3489 3491
f 3491 3489 3499
f 1058 1059 1060
f 3405 3417 3404
f 1780 1776 1775
f 1093 1105 1091
f 1091 1058 1087
f 4288 4289 4290
f 1023 1022 1025
f 2467 2466 2470
f 6052 6053 6051
f 2374 2372 2371
f 2371 2372 2370
f 2371 2370 2369
f 1868 1870 1878
f 6043 6062 6041
f 6042 6043 6041
f 5988 5987 5982
f 1920 1886 1922
f 2248 2249 2226
f 6508 6499 6507
f 5209 5216 5211
f 312 299 313
f 2314 2315 2316
f 5207 5211 5212
f 2302 2314 2324
f 5213 5207 5212
f 4366 4365 4362
f 4366 4362 4375
f 349 368 351
f 337 349 335
f 335 309 337
f 2953 2958 2957
f 2953 2957 2954
f 2953 2954 2955
f 2954 2959 2955
f 5213 5214 5202
f 4051 4050 4049
f 4050 4048 4049
f 4049 4048 4042
f 5202 5214 5201
f 1705 1702 1703
f 2293 2295 2296
f 2287 2293 2297
f 2293 2296 2297
f 4401 4398 4402
f 5201 5220 5205
f 5334 5333 5335
f 4764 4765 4762
f 3501 3503 3479
f 3479 3503 3496
f 975 966 965
f 1008 975 965
f 5909 5930 5927
f 964 966 967
f 3501 3479 3476
f 2035 2045 2041
f 3476 3479 3477
f 979 1032 1085
f 3475 3476 3477
f 3415 3430 3432
f 1019 1020 1024
f 2025 2024 2032
f 1024 1020 1023
f 3492 3485 3491
f 1773 1772 1761
f 1775 1776 1774
f 1111 1105 1093
f 1087 1058 1082
f 1082 1058 1060
f 2465 2466 2467
f 2379 2378 2375
f 2379 2375 2374
f 2375 2372 2374
f 6051 6064 6039
f 6042 6041 6038
f 2369 2370 2348
f 6041 6062 6040
f 2358 2369 2348
f 5988 5982 5981
f 5110 5109 5107
f 5109 5113 5112
f 5982 5987 5986
f 6494 6502 6503
f 6499 6495 6500
f 2249 2251 2226
f 6509 6508 6507
f 5209 5215 5216
f 5207 5209 5211
f 2314 2316 2324
f 309 335 305
f 5207 5213 5202
f 5195 5207 5202
f 4052 4051 4049
f 2956 2953 2955
f 4405 4404 4396
f 2296 2295 2298
f 3943 3942 3944
f 1718 1730 1721
f 5193 5201 5205
f 2285 2287 2288
f 2288 2287 2297
f 2305 2285 2288
f 6407 6405 6420
f 6401 6400 6399
f 5336 5334 5335
f 4764 4762 4761
f 4761 4762 4763
f 5909 5915 5931
f 1783 1767 1784
f 5928 5930 5939
f 5928 5939 5938
f 2041 2045 2048
f 964 967 979
f 3502 3501 3476
f 1766 1767 1783
f 3502 3476 3478
f 3475 3478 3476
f 488 486 485
f 3482 3478 3475
f 1111 1085 1032
f 3478 3482 3485
f 2025 2032 2033
f 1775 1774 1773
f 1773 1761 1769
f 1100 1111 1093
f 1092 1093 1091
f 4290 4289 4294
f 2377 2380 2376
f 2375 2377 2376
f 2378 2377 2375
f 6052 6051 6050
f 6050 6051 6039
f 6050 6039 6030
f 6039 6042 6038
f 3545 3546 3548
f 1865 1868 1874
f 6038 6041 6040
f 2358 2348 2357
f 1350 1317 1353
f 5111 5110 5106
f 5110 5107 5106
f 5107 5109 5105
f 5109 5112 5105
f 6524 6518 6504
f 6500 6495 6504
f 6495 6524 6504
f 6507 6499 6500
f 2226 2251 2224
f 5208 5210 5209
f 5210 5215 5209
f 5207 5208 5209
f 316 312 313
f 305 316 313
f 4355 4362 4365
f 368 362 351
f 351 335 349
f 2302 2324 2323
f 2302 2323 2307
f 3964 3971 3972
f 2295 2302 2307
f 4358 4351 4360
f 2298 2295 2301
f 2960 2956 2955
f 2960 2955 2961
f 5185 5202 5201
f 4396 4394 4395
f 1718 1731 1730
f 2963 2960 2961
f 3945 3943 3944
f 3806 3803 3807
f 5336 5335 5337
f 4764 4761 4766
f 4763 4767 4771
f 965 966 964
f 5880 5918 5926
f 2036 2035 2041
f 3494 3502 3478
f 489 488 485
f 979 1085 1081
f 3485 3494 3478
f 1081 1085 1111
f 1762 1766 1768
f 2033 2032 2034
f 1081 1111 1121
f 1769 1761 1760
f 1121 1111 1100
f 1024 1023 1025
f 1779 1780 1775
f 1092 1100 1093
f 1092 1091 1090
f 4294 4289 4296
f 2473 2465 2474
f 1903 1892 1871
f 2474 2465 2472
f 2472 2465 2467
f 6049 6052 6050
f 6039 6038 6030
f 6520 6521 6530
f 5980 5981 5978
f 5978 5981 5982
f 5978 5982 5986
f 5106 5107 5105
f 5105 5112 5108
f 1350 1353 1354
f 316 317 312
f 5126 5127 5128
f 2352 2326 2316
f 5129 5127 5130
f 2316 2326 2324
f 5208 5207 5189
f 5189 5207 5195
f 336 335 351
f 5195 5202 5185
f 2295 2307 2301
f 4357 4351 4358
f 4378 4357 4358
f 4056 4052 4053
f 4052 4049 4053
f 4053 4049 4054
f 5185 5201 5188
f 5188 5201 5193
f 2297 2296 2299
f 2296 2298 2299
f 3809 3808 3802
f 4983 4986 5068
f 5598 5582 5570
f 3808 3804 3802
f 3798 3796 3795
f 3795 3796 3797
f 3795 3797 3806
f 3799 3795 3806
f 3799 3806 3807
f 4766 4761 4770
f 6809 6810 6808
f 5917 5916 5910
f 5916 5915 5910
f 5910 5915 5909
f 5907 5909 5927
f 5926 5918 5917
f 5918 5916 5917
f 5881 5880 5926
f 964 979 1081
f 1760 1761 1762
f 5628 5630 5627
f 1775 1773 1777
f 1777 1773 1769
f 4290 4294 4295
f 1087 1082 1088
f 4295 4294 4296
f 1090 1091 1087
f 2467 2470 2475
f 2475 2470 2479
f 2475 2479 2478
f 3548 3546 3551
f 6030 6038 6028
f 6038 6040 6028
f 2357 2348 2347
f 5124 5111 5106
f 2357 2347 2356
f 2231 2225 2221
f 6500 6504 6505
f 2356 2347 2340
f 5105 5108 5092
f 5105 5092 5093
f 6507 6500 6516
f 6509 6507 6516
f 2326 2325 2324
f 4355 4356 4361
f 5189 5195 5184
f 4351 4352 4354
f 5184 5195 5185
f 4373 4357 4378
f 2298 2301 2300
f 4395 4394 4391
f 2299 2298 2300
f 4392 4391 4394
f 3945 3944 3946
f 3947 3945 3946
f 5192 5188 5193
f 3803 3802 3804
f 3797 3803 3806
f 6804 6802 6803
f 4772 4766 4770
f 4770 4761 4763
f 5927 5930 5928
f 2042 2036 2041
f 2034 2036 2033
f 1760 1762 1768
f 1770 1769 1760
f 1024 1025 1031
f 1082 1060 1083
f 1090 1087 1089
f 1089 1087 1088
f 2472 2467 2477
f 2477 2467 2476
f 2476 2467 2475
f 6049 6050 6047
f 6050 6030 6047
f 2348 2346 2345
f 6028 6040 6045
f 2348 2345 2347
f 2223 2231 2221
f 5979 5978 5986
f 5979 5986 5975
f 6045 6044 6035
f 5124 5106 5125
f 2340 2347 2342
f 5106 5105 5093
f 6037 6044 6026
f 2340 2337 2338
f 6026 6044 6025
f 318 317 316
f 5089 5093 5092
f 1362 1360 1383
f 1383 1360 1365
f 6021 6025 6024
f 6026 6025 6021
f 2338 2337 2325
f 5089 5092 5090
f 5089 5090 5091
f 5091 5090 5123
f 6021 6024 6022
f 6021 6022 6023
f 2338 2325 2353
f 333 316 335
f 6538 6537 6516
f 5089 5091 5104
f 333 335 334
f 4352 4356 4355
f 4350 4351 4357
f 3973 3964 3972
f 3960 3964 3963
f 4373 4378 4400
f 4057 4056 4053
f 5181 5185 5188
f 2300 2301 2304
f 4391 4399 4395
f 3796 3798 3813
f 6808 6803 6807
f 6808 6807 6809
f 4774 4763 4771
f 5438 5437 5440
f 5436 5437 5438
f 6076 6066 6075
f 5928 5938 5934
f 1014 1008 965
f 1014 965 961
f 961 965 964
f 488 489 498
f 964 1081 1038
f 5629 5628 5626
f 5626 5628 5627
f 1036 1024 1031
f 1777 1769 1782
f 1779 1775 1778
f 1778 1775 1777
f 1778 1777 1781
f 5625 5627 5632
f 5627 5633 5632
f 4295 4296 4297
f 2476 2475 2478
f 5980 5978 5977
f 6028 6045 6035
f 5977 5978 5979
f 319 342 317
f 2252 2253 2249
f 5125 5106 5114
f 1358 1357 1362
f 1362 1357 1360
f 6035 6044 6037
f 2221 2225 2224
f 5114 5106 5096
f 5106 5093 5096
f 333 318 316
f 5094 5093 5089
f 362 346 330
f 4356 4359 4361
f 5095 5094 5089
f 330 329 334
f 329 333 334
f 6539 6538 6516
f 5095 5089 5104
f 336 330 334
f 5196 5198 5189
f 5196 5189 5194
f 3333 3327 3308
f 3303 3306 3304
f 5182 5184 5185
f 5182 5185 5181
f 4388 4373 4400
f 4400 4399 4391
f 5187 5181 5188
f 2300 2304 2308
f 2299 2300 2308
f 2308 2304 2349
f 4393 4389 4392
f 4389 4391 4392
f 3812 3796 3814
f 3814 3796 3813
f 6413 6410 6412
f 6802 6792 6803
f 6807 6803 6792
f 6783 6784 6782
f 4496 4498 4499
f 5441 5438 5440
f 4712 4718 4713
f 5908 5909 5907
f 5907 5927 5928
f 2041 2048 2047
f 1011 1008 1014
f 2047 2042 2041
f 2068 2069 2066
f 1038 1081 1077
f 1770 1760 1771
f 1771 1760 1768
f 1904 1903 1893
f 1872 1893 1871
f 4295 4297 4298
f 2480 2477 2476
f 2478 2490 2483
f 2476 2478 2483
f 6531 6520 6530
f 2347 2345 2342
f 319 343 342
f 6532 6520 6531
f 5983 5980 5977
f 5977 5979 5976
f 318 319 317
f 320 319 318
f 1360 1357 1359
f 2337 2342 2332
f 329 320 318
f 6036 6035 6037
f 346 345 330
f 329 318 333
f 6540 6516 6500
f 6539 6516 6540
f 5094 5096 5093
f 2325 2337 2336
f 4347 4352 4351
f 3308 3327 3325
f 3308 3325 3307
f 4350 4347 4351
f 3308 3307 3304
f 5183 5189 5184
f 5194 5189 5183
f 5183 5184 5182
f 4373 4369 4357
f 4388 4400 4391
f 3946 3960 3948
f 4389 4388 4391
f 2304 2322 2349
f 3947 3946 3948
f 4834 4835 4833
f 6792 6801 6793
f 6792 6793 6791
f 5345 5346 5347
f 6455 6413 6415
f 6812 6813 6814
f 6807 6798 6788
f 6781 6783 6782
f 6780 6781 6782
f 885 959 849
f 4891 4898 4897
f 839 866 837
f 4500 4496 4499
f 5441 5440 5442
f 5910 5909 5908
f 5907 5928 5906
f 961 964 962
f 2066 2042 2047
f 984 964 1038
f 1914 1903 1904
f 1771 1768 1792
f 1790 1777 1782
f 1036 1031 1062
f 6349 6352 6350
f 348 358 341
f 1101 1082 1083
f 377 348 332
f 1094 1088 1082
f 5632 5633 5634
f 1099 1090 1089
f 2481 2477 2480
f 2480 2476 2482
f 2482 2476 2483
f 2485 2482 2483
f 2485 2483 2486
f 319 322 344
f 321 322 319
f 319 344 343
f 6048 6049 6047
f 2485 2486 2487
f 6047 6030 6027
f 2345 2344 2342
f 320 321 319
f 6532 6531 6543
f 5984 5983 5977
f 4385 4397 4372
f 5976 5975 5974
f 326 320 329
f 5969 5970 5971
f 330 326 329
f 6540 6500 6529
f 5116 5114 5115
f 5115 5114 5096
f 5856 5854 5851
f 4352 4353 4356
f 4347 4353 4352
f 5097 5094 5095
f 3307 3325 3324
f 5197 5196 5194
f 2323 2325 2320
f 2131 2126 2130
f 3304 3307 3305
f 4345 4350 4357
f 3302 3304 3305
f 2126 2127 2128
f 2307 2320 2310
f 4369 4345 4357
f 3302 3303 3304
f 2128 2127 2129
f 5180 5183 5182
f 3963 3973 3962
f 5179 5180 5181
f 5181 5180 5182
f 4386 4373 4388
f 2304 2317 2322
f 5179 5181 5187
f 3947 3948 3949
f 5177 5179 5199
f 3800 3805 3801
f 4834 4833 4820
f 5172 5175 5221
f 5221 5203 5172
f 6792 6791 6787
f 6798 6792 6787
f 6798 6787 6786
f 6786 6787 6785
f 5602 5603 5604
f 6780 6785 6781
f 6788 6798 6786
f 6788 6786 6780
f 3588 3589 3592
f 885 849 846
f 1300 1310 1309
f 4500 4499 4502
f 4513 4508 4507
f 4503 4513 4515
f 4499 4498 4501
f 4501 4498 4503
f 3714 3711 3709
f 5443 5445 5444
f 6776 6779 6777
f 4712 4713 4714
f 6065 6066 6067
f 5894 5908 5907
f 5928 5934 5911
f 491 489 490
f 2067 2066 2047
f 2068 2066 2067
f 2070 2069 2068
f 1790 1785 1777
f 328 340 339
f 1786 1779 1785
f 1779 1778 1785
f 348 341 328
f 328 339 338
f 332 348 328
f 5625 5632 5635
f 1094 1082 1101
f 4298 4299 4300
f 328 338 322
f 1089 1088 1094
f 4300 4299 4301
f 332 328 323
f 323 328 322
f 323 331 332
f 353 354 327
f 325 331 323
f 324 325 323
f 321 323 322
f 324 353 327
f 324 323 321
f 326 324 321
f 2342 2344 2343
f 2482 2485 2487
f 2219 2216 2214
f 2214 2216 2213
f 6027 6030 6028
f 2253 2266 2259
f 2342 2334 2332
f 326 321 320
f 5984 5977 5976
f 6028 6035 6029
f 4936 4944 4943
f 4936 4943 4940
f 4937 4936 4939
f 4939 4936 4940
f 2337 2332 2336
f 4353 4372 4359
f 5116 5117 5114
f 4746 4748 4753
f 4746 4753 4754
f 5855 5856 5851
f 5850 5851 5854
f 3325 3326 3324
f 3324 3326 3311
f 3307 3324 3311
f 3307 3311 3309
f 3309 3311 3312
f 5097 5121 5102
f 5102 5121 5103
f 2132 2131 2130
f 4369 4373 4386
f 4860 4863 4875
f 5178 5186 5180
f 4860 4868 4862
f 5178 5180 5179
f 4387 4386 4388
f 4390 4387 4389
f 4387 4388 4389
f 5177 5178 5179
f 5200 5177 5199
f 5177 5200 5175
f 4820 4833 4832
f 6793 6799 6790
f 6791 6793 6790
f 5173 5172 5203
f 6786 6785 6780
f 3593 3588 3592
f 1312 1310 1299
f 4891 4897 4892
f 4892 4897 4899
f 886 888 887
f 838 839 837
f 840 839 838
f 1300 1309 1301
f 4515 4513 4507
f 4507 4508 4509
f 4502 4499 4501
f 4501 4503 4515
f 4509 4508 4510
f 3709 3711 3707
f 2975 2987 2973
f 4715 4712 4714
f 5906 5928 5911
f 1011 1014 998
f 1040 1011 1010
f 1038 1077 1037
f 2071 2070 2068
f 5624 5626 5625
f 341 340 328
f 5624 5625 5623
f 6349 6350 6351
f 6351 6350 6353
f 4081 4078 4083
f 1073 1062 1076
f 6353 6354 6351
f 5471 5474 5470
f 1099 1089 1095
f 1095 1089 1094
f 5471 5470 5469
f 2484 2481 2480
f 324 327 325
f 2484 2480 2482
f 2334 2343 2335
f 6048 6047 6046
f 2342 2343 2334
f 2488 2482 2487
f 2332 2334 2333
f 4372 4384 4385
f 6532 6543 6533
f 6027 6028 6029
f 4384 4372 4371
f 6033 6029 6035
f 4938 4935 4937
f 4941 4935 4938
f 4935 4936 4937
f 4353 4371 4372
f 5119 5117 5118
f 5120 5119 5118
f 2224 2257 2222
f 5117 5116 5118
f 4745 4748 4746
f 3326 3329 3328
f 4746 4754 4755
f 4348 4353 4347
f 3326 3328 3311
f 5842 5851 5850
f 5098 5094 5097
f 5097 5102 5099
f 5099 5102 5103
f 3305 3309 3321
f 2130 2133 2132
f 3302 3305 3310
f 2132 2133 2134
f 4859 4860 4861
f 5176 5204 5178
f 5176 5178 5177
f 5176 5177 5175
f 3954 3947 3949
f 6799 6800 6790
f 5174 5175 5172
f 5174 5172 5171
f 5171 5172 5173
f 5206 5171 5173
f 952 956 911
f 846 849 848
f 3579 3576 3596
f 3576 3593 3596
f 4894 4891 4893
f 4891 4892 4893
f 1299 1310 1300
f 4893 4892 4899
f 3571 3570 3569
f 892 886 883
f 3711 3716 3707
f 4509 4510 4511
f 4511 4510 4512
f 3707 3708 3709
f 3709 3708 3710
f 2988 2986 2976
f 2976 2986 2975
f 6073 6069 6070
f 6069 6068 6067
f 4716 4717 4712
f 5894 5907 5906
f 5911 5934 5935
f 1010 1011 998
f 984 1038 1037
f 1037 1077 1054
f 1785 1790 1788
f 1788 1790 1791
f 1036 1062 1073
f 5635 5634 5636
f 1094 1101 1098
f 1098 1101 1109
f 1095 1094 1096
f 4302 4301 4303
f 4302 4303 4304
f 2335 2361 2350
f 2218 2219 2214
f 2335 2350 2333
f 2334 2335 2333
f 4623 4626 4619
f 2489 2484 2488
f 2488 2484 2482
f 6533 6543 6544
f 6046 6047 6027
f 5984 5976 5985
f 4942 4935 4941
f 4619 4625 4624
f 3329 3334 3330
f 3334 3335 3330
f 6033 6035 6036
f 3328 3329 3330
f 4348 4371 4353
f 4757 4758 4745
f 4746 4755 4750
f 3328 3330 3313
f 3313 3330 3331
f 4745 4746 4747
f 3311 3328 3313
f 5855 5851 5852
f 3312 3311 3313
f 4350 4345 4347
f 3315 3312 3314
f 3315 3309 3312
f 5100 5098 5099
f 5099 5098 5097
f 5099 5103 5122
f 4151 4156 4154
f 4368 4345 4369
f 4368 4369 4386
f 3310 3305 3320
f 3320 3305 3321
f 4809 4816 4818
f 4809 4818 4819
f 3302 3310 3345
f 3345 3310 3346
f 4809 4819 4859
f 3962 3967 3966
f 4809 4859 4861
f 2317 2321 2322
f 3961 3962 3966
f 3961 3966 3968
f 3950 3961 3968
f 4832 4838 4831
f 4832 4831 4821
f 5191 5190 5174
f 5190 5176 5174
f 5176 5175 5174
f 4820 4832 4821
f 5191 5174 5171
f 6790 6797 6789
f 909 953 908
f 908 953 952
f 898 955 910
f 847 846 848
f 4895 4891 4894
f 845 846 844
f 3581 3571 3569
f 835 837 834
f 834 837 883
f 883 886 843
f 843 886 887
f 838 837 835
f 837 892 883
f 1297 1300 1301
f 3707 3716 3708
f 6753 6749 6761
f 6740 6743 6741
f 6070 6067 6071
f 5889 5906 5884
f 5894 5906 5889
f 1014 961 981
f 963 962 984
f 5624 5623 5622
f 1893 1872 1876
f 1787 1785 1788
f 1073 1076 1078
f 1073 1078 1106
f 1484 1492 1488
f 1488 1485 1484
f 1471 1470 1468
f 2361 2366 2350
f 5827 5828 5829
f 4623 4619 4622
f 6032 6046 6027
f 4620 4619 4624
f 4619 4620 4621
f 5853 5855 5852
f 4345 4346 4347
f 3313 3331 3332
f 3316 3315 3314
f 5847 5846 5848
f 2320 2329 2319
f 5101 5100 5099
f 5101 5099 5122
f 3321 3309 3315
f 2310 2320 2319
f 2310 2319 2318
f 3322 3320 3321
f 4808 4815 4816
f 4808 4816 4809
f 4810 4815 4808
f 4808 4809 4807
f 4807 4809 4861
f 4839 4840 4838
f 4846 4831 4838
f 908 952 911
f 895 955 898
f 3569 3580 3582
f 1295 1311 1299
f 844 846 847
f 3581 3569 3582
f 1299 1300 1293
f 834 883 843
f 1302 1297 1301
f 3716 3717 3708
f 1301 1315 1302
f 1812 1848 1805
f 2972 2975 2973
f 4714 4744 4737
f 4736 4714 4737
f 4715 4726 4716
f 5911 5935 5912
f 502 501 500
f 998 1014 981
f 961 962 963
f 1040 1010 1049
f 5622 5623 5621
f 1876 1872 1875
f 5621 5623 5631
f 1789 1787 1788
f 1872 1873 1875
f 3129 3130 3123
f 5472 5473 5469
f 5467 5472 5469
f 1096 1094 1098
f 1097 1095 1096
f 4086 4083 4085
f 2366 2367 2350
f 4309 4310 4311
f 2332 2333 2331
f 6031 6029 6033
f 4749 4746 4750
f 2329 2332 2331
f 4756 4745 4747
f 4747 4746 4749
f 5842 5853 5852
f 5843 5847 5849
f 5849 5847 5848
f 4443 4437 4441
f 4441 4437 4440
f 5486 5489 5487
f 4153 4151 4150
f 4150 4151 4152
f 4152 4151 4154
f 4442 4440 4445
f 4444 4443 4441
f 4441 4440 4442
f 5322 5323 5324
f 3322 3321 3323
f 4817 4816 4812
f 3323 3339 3338
f 6005 6006 6007
f 4806 4808 4807
f 4807 4861 4803
f 4848 4847 4837
f 908 911 907
f 1313 1311 1295
f 894 898 899
f 898 910 899
f 910 909 903
f 899 910 903
f 847 848 825
f 3583 3581 3582
f 1295 1299 1293
f 843 845 844
f 1293 1300 1297
f 6752 6754 6756
f 6739 6741 6742
f 1531 1538 1530
f 2976 2975 2972
f 4737 4744 4742
f 2973 2992 2974
f 5884 5906 5911
f 510 501 502
f 510 502 509
f 1521 1540 1528
f 4724 4716 4726
f 4724 4726 4731
f 997 1010 998
f 1051 1040 1049
f 2071 2068 2081
f 1037 1054 1007
f 1007 1054 1053
f 1107 1073 1106
f 3123 3130 3127
f 1096 1098 1112
f 1112 1098 1109
f 1107 1106 1110
f 6277 6278 6279
f 6032 6027 6031
f 6027 6029 6031
f 6033 6036 6034
f 4345 4341 4346
f 4757 4745 4756
f 4756 4747 4752
f 5841 5842 5843
f 5841 5853 5842
f 4342 4341 4345
f 3317 3314 3319
f 4368 4342 4345
f 4438 4437 4449
f 4437 4438 4439
f 4449 4437 4456
f 4437 4443 4456
f 4152 4154 4157
f 4382 4367 4383
f 4456 4443 4455
f 4383 4367 4368
f 3323 3316 3339
f 4813 4817 4812
f 3338 3340 3341
f 3340 3342 3341
f 3322 3323 3338
f 5365 5364 5366
f 3357 3338 3350
f 3344 3338 3341
f 3350 3338 3344
f 4806 4803 4802
f 4803 4806 4807
f 3951 3968 3970
f 6014 6016 6015
f 4846 4827 4831
f 4870 4801 4869
f 903 909 904
f 909 908 904
f 904 908 907
f 851 895 894
f 895 898 894
f 896 895 851
f 827 847 825
f 844 847 827
f 828 844 827
f 830 843 844
f 830 844 828
f 1297 1302 1298
f 863 884 856
f 889 884 863
f 879 890 889
f 2690 2691 2689
f 4737 4742 4739
f 2972 2973 2974
f 4735 4736 4737
f 2974 2992 2994
f 5893 5894 5889
f 4736 4735 4726
f 4731 4726 4735
f 4723 4716 4724
f 502 503 504
f 981 961 963
f 1050 1010 997
f 1915 1916 1907
f 984 1037 985
f 2081 2068 2092
f 2092 2068 2093
f 985 1037 1007
f 1102 1097 1096
f 1113 1107 1110
f 1113 1110 1114
f 2350 2351 2333
f 6277 6279 6280
f 6280 6279 6281
f 1113 1114 1116
f 1117 1113 1116
f 4335 4336 4337
f 6031 6033 6034
f 4759 4757 4756
f 4752 4747 4751
f 4751 4747 4749
f 2329 2330 2319
f 4439 4438 4448
f 4367 4342 4368
f 4449 4448 4438
f 4457 4449 4456
f 4150 4152 4155
f 5486 5487 5488
f 4155 4152 4157
f 3340 3343 3342
f 5367 5364 5363
f 5363 5364 5365
f 3355 3344 3341
f 3350 3344 3351
f 3352 3350 3351
f 6007 6008 6009
f 3353 3350 3352
f 4804 4802 4801
f 4801 4802 4803
f 4805 4804 4801
f 6014 6012 6016
f 4851 4848 4837
f 4849 4848 4850
f 4882 4881 4879
f 4881 4880 4879
f 2535 2529 2532
f 826 896 851
f 828 827 824
f 1295 1293 1292
f 834 843 830
f 833 835 834
f 864 889 863
f 879 889 864
f 881 890 879
f 1516 1530 1538
f 5884 5911 5886
f 5911 5912 5886
f 509 502 505
f 505 502 504
f 4721 4716 4723
f 4725 4723 4724
f 4723 4725 4721
f 997 998 981
f 1049 1010 1050
f 963 984 985
f 699 711 709
f 2367 2368 2351
f 1102 1096 1104
f 1104 1096 1112
f 2333 2351 2339
f 1118 1104 1112
f 6280 6281 6282
f 4337 4374 4335
f 4760 4756 4752
f 4382 4381 4344
f 4382 4344 4367
f 4451 4439 4452
f 5844 5841 5843
f 4367 4344 4342
f 5844 5843 5845
f 5843 5849 5845
f 4440 4447 4446
f 3318 3316 3317
f 4811 4814 4813
f 3320 3349 3348
f 5527 5528 5526
f 6005 6007 6009
f 3347 3320 3348
f 3659 3665 3664
f 3344 3355 3356
f 3664 3665 3668
f 3354 3353 3352
f 6359 6360 6361
f 3347 3353 3354
f 4825 4826 4827
f 5480 5483 5481
f 6012 6015 6018
f 5480 5481 5482
f 6018 6015 6020
f 4827 4846 4844
f 3058 3064 3065
f 3100 3097 3101
f 893 851 894
f 894 899 897
f 1313 1295 1304
f 1304 1295 1303
f 824 827 825
f 833 834 830
f 1293 1297 1296
f 1297 1298 1296
f 857 863 856
f 881 879 876
f 2698 2697 2699
f 1519 1529 1515
f 4738 4737 4739
f 5886 5912 5913
f 5893 5889 5891
f 986 963 985
f 4721 4725 4722
f 1905 1907 1891
f 1007 1053 1052
f 5622 5621 5620
f 5620 5621 5619
f 3121 3128 3124
f 6167 6155 6159
f 3118 3124 3123
f 6204 6167 6159
f 2351 2368 2341
f 2228 2222 2232
f 1104 1118 1119
f 6280 6282 6283
f 4339 4340 4337
f 4454 4451 4452
f 3664 3668 3669
f 3658 3663 3659
f 6017 6011 6018
f 3953 3951 3955
f 2545 2548 2546
f 5484 5480 5482
f 4828 4826 4829
f 2536 2537 2539
f 2540 2536 2539
f 3056 3064 3058
f 4883 4882 4877
f 4877 4882 4879
f 4877 4879 4878
f 3092 3093 3091
f 906 904 907
f 822 825 826
f 824 825 822
f 1303 1295 1292
f 1292 1293 1294
f 856 833 854
f 859 863 857
f 864 863 859
f 861 864 859
f 2698 2699 2700
f 2683 2690 2689
f 5884 5886 5885
f 4735 4737 4738
f 2978 2974 2994
f 2978 2994 2993
f 5883 5889 5884
f 5914 5913 5940
f 1933 1929 1931
f 5941 5893 5891
f 1931 1929 1925
f 4730 4724 4731
f 996 997 981
f 4720 4721 4722
f 1049 1050 1055
f 1885 1891 1877
f 697 709 710
f 699 709 697
f 6155 6153 6154
f 696 699 697
f 3121 3124 3118
f 3118 3123 3122
f 700 696 698
f 704 700 698
f 704 698 703
f 3125 3123 3126
f 2263 2262 2260
f 721 703 714
f 1482 1491 1475
f 2341 2368 2373
f 2339 2351 2341
f 2341 2373 2381
f 2381 2373 2382
f 4343 4376 4340
f 3659 3664 3660
f 5639 5641 5640
f 3672 3664 3670
f 3666 3663 3658
f 5484 5485 5480
f 4850 4852 4853
f 4841 4851 4837
f 4841 4837 4829
f 3057 3059 3060
f 3060 3059 3062
f 4876 4877 4878
f 4876 4878 4884
f 6107 6108 6103
f 6123 6124 6125
f 24 11 13
f 906 907 941
f 905 904 906
f 822 826 831
f 831 851 893
f 893 894 897
f 1294 1293 1296
f 857 856 854
f 876 879 865
f 865 879 864
f 3720 3721 3722
f 4740 4738 4739
f 2972 2974 2977
f 5886 5887 5885
f 2977 2974 2978
f 5883 5884 5885
f 1934 1933 1931
f 4729 4735 4738
f 5891 5889 5883
f 1930 1931 1925
f 1930 1925 1926
f 987 963 986
f 4734 4725 4730
f 1055 1050 997
f 4722 4725 4734
f 986 985 1007
f 706 748 747
f 1905 1891 1885
f 1007 1052 990
f 2229 2220 2187
f 2258 2260 2256
f 4343 4377 4376
f 3658 3659 3660
f 3670 3664 3669
f 2546 2549 2550
f 3666 3658 3667
f 3953 3955 3978
f 4856 4852 4841
f 6019 6018 6020
f 4850 4853 4854
f 4884 4885 4886
f 3099 3092 3089
f 3360 3359 3362
f 14 24 13
f 902 897 903
f 902 903 904
f 902 904 905
f 821 824 822
f 830 828 829
f 829 828 824
f 833 830 832
f 832 830 829
f 1294 1296 1306
f 865 864 861
f 1296 1298 1314
f 875 876 865
f 2698 2700 2701
f 2683 2689 2688
f 4740 4739 4743
f 5885 5887 5888
f 4738 4740 4741
f 6365 6366 6367
f 4727 4738 4741
f 1932 1931 1930
f 4730 4731 4729
f 981 963 996
f 996 963 987
f 986 1007 989
f 707 748 706
f 710 748 707
f 5614 5620 5619
f 694 697 707
f 696 697 694
f 696 694 695
f 696 695 698
f 6204 6202 6203
f 3038 3050 3035
f 3036 3039 3038
f 5638 5639 5640
f 3671 3670 3669
f 2546 2550 2547
f 2541 2546 2547
f 4856 4841 4830
f 3070 3039 3061
f 3061 3060 3066
f 4876 4884 4886
f 3088 3089 3090
f 3088 3090 3103
f 906 941 940
f 1304 1303 1308
f 1303 1292 1294
f 854 833 853
f 1305 1294 1306
f 860 861 859
f 1306 1296 1314
f 2683 2688 2685
f 5890 5885 5888
f 5905 5913 5914
f 2722 2728 2725
f 2978 2993 2989
f 1493 1494 1495
f 1496 1493 1495
f 1080 1055 997
f 1926 1925 1924
f 989 1007 990
f 990 1052 993
f 1885 1877 1884
f 1877 1880 1883
f 3118 3122 3119
f 698 695 689
f 703 698 689
f 3036 3038 3035
f 3661 3660 3662
f 3070 3061 3066
f 3063 3062 3099
f 3099 3089 3087
f 3087 3089 3088
f 905 906 913
f 831 893 914
f 901 897 902
f 821 822 823
f 829 824 821
f 1303 1294 1305
f 853 833 852
f 852 833 832
f 855 854 853
f 858 857 854
f 860 865 861
f 875 865 874
f 874 865 860
f 1793 1799 1797
f 2864 2863 2860
f 6368 6365 6367
f 5901 5887 5905
f 5887 5913 5905
f 1499 1493 1496
f 2996 2995 2985
f 2977 2978 2979
f 5890 5883 5885
f 2979 2978 2989
f 5895 5891 5883
f 986 989 988
f 993 1052 1033
f 1737 1732 1734
f 6154 6153 6151
f 695 694 693
f 2187 2207 2194
f 3119 3122 3111
f 6203 6202 6200
f 6203 6200 6201
f 1491 1487 1474
f 2550 2549 2551
f 2556 2547 2550
f 4857 4856 4830
f 3066 3063 3067
f 3067 3063 3099
f 836 822 831
f 836 831 914
f 901 902 917
f 902 905 917
f 917 905 916
f 916 905 913
f 893 897 900
f 914 893 900
f 900 897 901
f 1308 1303 1307
f 1303 1305 1307
f 3289 3291 3292
f 858 854 855
f 3294 3289 3292
f 860 859 858
f 2687 2698 2701
f 2684 2685 2686
f 2682 2683 2684
f 29 30 31
f 2997 3000 2998
f 2721 2722 2720
f 2721 2720 2708
f 5895 5883 5890
f 2979 2989 2990
f 4732 4734 4730
f 987 986 988
f 705 747 746
f 2168 2167 2160
f 707 706 691
f 694 707 691
f 5614 5619 5616
f 6153 6152 6151
f 2169 2184 2171
f 6154 6151 6156
f 3120 3121 3118
f 3075 3035 3050
f 2541 2547 2561
f 3067 3099 3087
f 3087 3088 3086
f 3088 3103 3102
f 916 913 940
f 823 822 836
f 841 832 829
f 3289 3290 3291
f 3290 3293 3291
f 780 779 781
f 862 860 858
f 1501 1514 1499
f 6368 6367 6369
f 5896 5895 5890
f 1080 996 999
f 988 989 990
f 706 705 691
f 693 694 691
f 693 691 690
f 693 690 689
f 3112 3119 3111
f 2260 2261 2237
f 714 702 712
f 3031 3032 3033
f 2552 2551 2523
f 2557 2556 2550
f 3074 3050 3069
f 2561 2547 2556
f 3067 3087 3086
f 916 940 949
f 949 940 951
f 915 836 914
f 915 914 900
f 3298 3300 3301
f 3295 3298 3293
f 3298 3301 3293
f 3290 3295 3293
f 867 858 855
f 874 860 862
f 2687 2701 2714
f 5892 5890 5888
f 6368 6369 6370
f 2985 2977 2983
f 5892 5901 5905
f 2997 2998 2999
f 2979 2990 2991
f 996 987 999
f 993 1033 1005
f 5605 5614 5613
f 2164 2169 2170
f 5614 5616 5615
f 3120 3118 3115
f 3115 3118 3112
f 689 687 702
f 3112 3111 3110
f 3111 3054 3051
f 2560 2561 2556
f 3068 3067 3073
f 842 836 915
f 5376 5395 5377
f 5671 5672 5670
f 5671 5670 5665
f 870 841 821
f 5665 5670 5667
f 5667 5668 5660
f 5668 5669 5660
f 868 862 867
f 875 874 877
f 878 875 877
f 2686 2687 2702
f 2702 2687 2714
f 1511 1509 1510
f 2693 2684 2695
f 1500 1499 1498
f 5892 5888 5901
f 5892 5905 5904
f 2980 2977 2979
f 5896 5890 5892
f 1498 1499 1496
f 5898 5895 5896
f 4733 4728 4727
f 999 987 988
f 991 988 990
f 991 990 992
f 992 990 993
f 993 1005 994
f 5613 5614 5615
f 5615 5616 5617
f 690 691 688
f 5617 5616 5618
f 690 688 689
f 6201 6200 6197
f 3113 3114 3045
f 3046 3075 3076
f 3069 3068 3071
f 3073 3067 3086
f 823 836 842
f 915 900 912
f 5381 5395 5396
f 5385 5378 5384
f 5386 5385 5384
f 871 841 870
f 871 872 841
f 5666 5667 5660
f 776 779 778
f 778 779 780
f 5660 5669 5664
f 877 874 869
f 874 862 869
f 2711 2712 2707
f 2712 2708 2707
f 2980 2979 2981
f 1498 1496 1497
f 5933 5898 5899
f 4732 4728 4733
f 992 993 994
f 1733 1743 1736
f 6156 6151 6192
f 6200 6156 6192
f 687 689 688
f 702 687 686
f 2192 2240 2191
f 5642 5643 5644
f 2552 2523 2496
f 2560 2556 2557
f 3072 3069 3071
f 6109 6111 6110
f 6101 6110 6104
f 6098 6101 6104
f 6090 6096 6095
f 5375 5378 5376
f 5375 5376 5377
f 5380 5377 5381
f 5377 5395 5381
f 5384 5378 5375
f 5379 5375 5377
f 5387 5386 5384
f 5379 5384 5375
f 5665 5667 5666
f 777 776 778
f 2853 2847 2861
f 878 877 880
f 768 808 769
f 808 789 769
f 869 862 868
f 2854 2856 2858
f 2983 2977 2980
f 1754 1756 1755
f 2980 2981 2982
f 1736 1743 1754
f 1512 1520 1525
f 999 988 991
f 1006 991 992
f 1735 1736 1741
f 1735 1741 1742
f 5605 5613 5608
f 5609 5608 5613
f 5609 5613 5615
f 691 692 688
f 3116 3115 3108
f 6200 6192 6191
f 2185 2191 2241
f 3108 3107 3106
f 3045 3043 3049
f 3044 3047 3048
f 3106 3047 3084
f 3084 3047 3081
f 2558 2552 2496
f 6096 6101 6098
f 6118 6090 6089
f 6118 6089 6119
f 919 901 918
f 901 917 918
f 945 912 946
f 5379 5377 5380
f 5665 5666 5657
f 5383 5384 5379
f 5379 5380 5382
f 5383 5379 5382
f 2847 2862 2861
f 5660 5664 5661
f 774 776 775
f 2845 2847 2853
f 775 776 777
f 777 778 788
f 2854 2845 2853
f 1804 1800 1806
f 783 777 788
f 882 878 880
f 1543 1511 1510
f 1500 1498 1502
f 5897 5892 5900
f 5892 5904 5903
f 3699 3704 3698
f 5899 5898 5896
f 5899 5896 5897
f 1061 999 991
f 992 994 995
f 1742 1741 1750
f 994 1005 995
f 5605 5608 5610
f 2162 2159 2164
f 6151 6147 6144
f 5612 5609 5615
f 5612 5615 5617
f 4914 4916 4913
f 6151 6144 6192
f 4913 4916 4917
f 6200 6191 6197
f 6197 6191 6194
f 686 713 715
f 3079 3076 3074
f 6113 6111 6112
f 6112 6111 6109
f 1422 1419 1416
f 6213 6214 6215
f 918 917 957
f 943 945 946
f 944 945 943
f 5655 5665 5657
f 5386 5387 5389
f 5394 5386 5389
f 5657 5666 5660
f 5657 5660 5659
f 5398 5383 5382
f 5398 5382 5399
f 5659 5660 5661
f 5659 5661 5662
f 773 774 775
f 775 777 783
f 766 767 768
f 797 783 788
f 797 788 813
f 1536 1543 1510
f 2695 2694 2715
f 2715 2694 2702
f 2693 2695 2715
f 2717 2693 2715
f 2696 2693 2704
f 2706 2707 2696
f 1501 1500 1502
f 5900 5892 5903
f 1745 1736 1754
f 5342 5343 5344
f 679 681 680
f 680 681 743
f 1061 991 1006
f 1006 992 1000
f 1084 1061 1006
f 1084 1006 1000
f 995 1005 1004
f 742 743 741
f 32 33 34
f 6147 6145 6144
f 4912 4915 4914
f 4912 4914 4913
f 1035 1086 1075
f 1086 1122 1075
f 1075 1122 1120
f 686 683 713
f 3084 3081 3083
f 3081 3076 3079
f 2505 2558 2496
f 1429 1427 1424
f 3080 3072 3071
f 918 957 958
f 5387 5384 5388
f 5389 5387 5388
f 5388 5384 5383
f 5393 5388 5383
f 5391 5394 5389
f 2846 2848 2847
f 2845 2846 2847
f 5663 5692 5687
f 770 774 773
f 768 769 765
f 765 769 770
f 770 769 789
f 782 775 784
f 784 775 783
f 2855 2852 2854
f 766 768 765
f 784 783 797
f 761 767 766
f 795 784 797
f 1507 1505 1536
f 2693 2717 2704
f 2710 2711 2707
f 2984 2983 2980
f 2713 2711 2710
f 3696 3699 3698
f 6139 6171 6138
f 3695 3698 3705
f 1736 1745 1741
f 2172 2165 2161
f 6146 6148 6140
f 6148 6139 6140
f 1000 992 995
f 6145 6146 6140
f 680 743 742
f 1041 1084 1000
f 679 680 676
f 719 680 742
f 680 719 676
f 719 742 741
f 719 741 720
f 678 675 677
f 6191 6192 6144
f 6191 6144 6193
f 2193 2190 2189
f 678 677 682
f 6194 6191 6193
f 6194 6193 6196
f 3109 3084 3085
f 3083 3081 3082
f 3082 3081 3079
f 2559 2558 2505
f 1427 1426 1425
f 1427 1425 1424
f 3077 3072 3078
f 6112 6114 6113
f 1416 1414 1415
f 1417 1416 1415
f 1417 1415 1418
f 943 946 919
f 944 943 922
f 5656 5655 5657
f 5658 5659 5674
f 5391 5389 5390
f 5390 5389 5388
f 5674 5659 5662
f 5674 5662 5677
f 5397 5391 5390
f 5677 5662 5663
f 773 775 782
f 2851 2849 2852
f 766 765 761
f 760 761 765
f 782 784 795
f 795 797 819
f 815 795 819
f 1505 1502 1541
f 2710 2707 2706
f 5897 5900 5902
f 1745 1754 1747
f 3696 3698 3695
f 6137 6138 6136
f 6137 6136 6135
f 3695 3705 3702
f 6139 6138 6137
f 6140 6139 6137
f 6145 6140 6144
f 720 741 744
f 1043 1086 1035
f 676 719 677
f 719 720 716
f 6196 6193 6195
f 677 719 716
f 682 677 683
f 677 716 684
f 683 677 684
f 685 683 684
f 2504 2521 2525
f 3117 3109 3085
f 3085 3084 3083
f 1419 1424 1412
f 6114 6112 6115
f 1419 1412 1414
f 919 918 920
f 5658 5674 5673
f 5392 5390 5388
f 5392 5388 5393
f 2850 2846 2849
f 2846 2845 2849
f 2851 2850 2849
f 5677 5663 5687
f 765 770 773
f 759 761 760
f 1755 1757 1747
f 6129 6130 6131
f 6131 6130 6132
f 1745 1747 1746
f 6143 6140 6137
f 6144 6140 6143
f 6193 6144 6143
f 1035 1075 1034
f 6193 6150 6195
f 1075 1120 1108
f 3117 3085 3131
f 1456 1454 1442
f 1410 1426 1436
f 1438 1455 1440
f 1425 1412 1424
f 1432 1431 1444
f 1415 1413 1423
f 1423 1413 1432
f 922 919 921
f 3443 3466 3433
f 5677 5687 5679
f 764 765 773
f 764 773 785
f 773 782 785
f 785 782 796
f 796 782 795
f 757 759 760
f 815 796 795
f 756 759 757
f 792 756 758
f 756 757 758
f 1542 1541 1502
f 2710 2706 2716
f 2713 2710 2718
f 6129 6131 6132
f 5900 5903 5942
f 3695 3694 3696
f 3693 3694 3695
f 6136 6132 6135
f 1746 1747 1748
f 6143 6137 6150
f 1000 995 1002
f 720 744 723
f 1043 1035 1003
f 2175 2162 2177
f 2508 2504 2525
f 2508 2525 2527
f 1108 1120 1123
f 1438 1442 1454
f 1436 1394 1410
f 1421 1440 1435
f 1412 1413 1414
f 919 920 921
f 924 922 923
f 923 922 921
f 947 922 948
f 3465 3439 3473
f 762 760 764
f 764 760 765
f 757 760 762
f 796 815 812
f 792 758 772
f 6130 6133 6132
f 2719 2713 2718
f 3697 3693 3695
f 3697 3695 3700
f 1747 1749 1748
f 3700 3695 3701
f 3701 3695 3702
f 1041 1000 1002
f 995 1004 1003
f 1002 995 1003
f 1004 1043 1003
f 6195 6150 6198
f 1003 1035 1034
f 6195 6198 6199
f 1067 1034 1075
f 1067 1075 1108
f 2508 2527 2528
f 1447 1459 1445
f 1445 1459 1458
f 1445 1458 1443
f 1443 1458 1456
f 1442 1443 1456
f 1410 1394 1387
f 1410 1387 1411
f 1389 1438 1421
f 1412 1410 1411
f 1412 1411 1413
f 1413 1411 1420
f 1413 1420 1431
f 1420 1421 1435
f 1431 1420 1435
f 933 937 934
f 921 920 925
f 920 933 925
f 5688 5656 5676
f 5676 5656 5658
f 5673 5674 5675
f 3468 3434 3433
f 785 796 812
f 790 792 772
f 1533 1542 1503
f 1504 1533 1503
f 6133 6160 6134
f 1527 1524 1526
f 2197 2172 2183
f 6150 6137 6149
f 6198 6150 6149
f 720 723 718
f 1396 1438 1389
f 1387 1388 1389
f 1411 1387 1389
f 1411 1389 1421
f 1420 1411 1421
f 3459 3448 3462
f 5676 5658 5673
f 3470 3462 3446
f 3470 3446 3434
f 3468 3470 3434
f 5674 5677 5678
f 5678 5677 5679
f 762 764 786
f 786 764 785
f 758 757 763
f 763 757 762
f 786 785 812
f 814 786 812
f 2718 2710 2716
f 6135 6132 6134
f 6134 6132 6133
f 6137 6135 6141
f 6137 6141 6149
f 1030 1034 1066
f 6199 6198 6205
f 1079 1067 1108
f 2512 2508 2524
f 1460 1459 1447
f 1394 1407 1391
f 1394 1391 1387
f 1396 1442 1438
f 932 933 934
f 925 923 921
f 927 925 933
f 5675 5674 5678
f 5679 5687 5686
f 763 762 771
f 771 762 786
f 790 772 787
f 772 763 787
f 763 772 758
f 810 790 791
f 811 771 786
f 816 811 814
f 811 786 814
f 6135 6134 6141
f 6141 6134 6142
f 6157 6141 6142
f 2183 2173 2188
f 6141 6157 6149
f 1039 1041 1002
f 6149 6157 6205
f 723 744 724
f 6198 6149 6205
f 6207 6205 6206
f 1030 1003 1034
f 1066 1034 1067
f 1066 1067 1068
f 1068 1067 1079
f 6355 6356 6357
f 6357 6356 6358
f 1457 1460 1447
f 1387 1391 1390
f 1387 1390 1388
f 1389 1388 1396
f 926 923 925
f 3448 3452 3451
f 5676 5673 5675
f 805 787 763
f 805 763 806
f 806 763 771
f 791 790 787
f 806 771 811
f 6134 6160 6161
f 817 811 816
f 817 816 820
f 6205 6157 6184
f 6205 6184 6206
f 724 744 736
f 1002 1003 1029
f 1029 1003 1030
f 2512 2524 2519
f 4471 4478 4470
f 4470 4478 4479
f 1457 1447 1448
f 1406 1405 1392
f 1439 1445 1441
f 1407 1406 1392
f 1441 1445 1443
f 1407 1392 1391
f 1441 1443 1397
f 1443 1442 1397
f 5695 5688 5689
f 5688 5676 5689
f 5678 5679 5686
f 799 787 805
f 791 787 793
f 793 787 799
f 806 811 817
f 6184 6157 6158
f 2188 2174 2195
f 1039 1002 1029
f 737 718 725
f 718 724 725
f 1066 1068 1069
f 1448 1447 1446
f 1447 1445 1446
f 1391 1392 1390
f 1390 1397 1396
f 1388 1390 1396
f 932 934 935
f 926 925 927
f 5680 5675 5678
f 799 805 801
f 805 806 801
f 6161 6160 6166
f 794 791 793
f 817 820 818
f 801 817 818
f 2183 2188 2201
f 6184 6158 6181
f 2201 2188 2195
f 6186 6184 6182
f 1029 1030 1066
f 1029 1066 1070
f 1070 1066 1069
f 729 737 725
f 4468 4471 4470
f 729 725 727
f 1450 1457 1448
f 5676 5675 5681
f 5680 5678 5683
f 5678 5686 5685
f 794 793 798
f 2195 2174 2182
f 724 736 734
f 734 736 749
f 725 724 726
f 724 734 726
f 1069 1068 1074
f 1074 1068 1079
f 6188 6185 6187
f 6188 6187 6189
f 2180 2203 2178
f 727 725 726
f 1451 1450 1449
f 4468 4470 4466
f 1449 1450 1448
f 1390 1393 1395
f 931 927 932
f 931 932 935
f 929 926 928
f 928 926 927
f 5689 5676 5681
f 5681 5675 5680
f 798 799 800
f 800 799 801
f 6162 6161 6163
f 807 801 818
f 6180 6181 6178
f 6180 6178 6179
f 6182 6180 6179
f 6186 6182 6185
f 6182 6179 6185
f 2178 2203 2182
f 734 749 735
f 6185 6179 6187
f 6189 6187 6190
f 1071 1029 1070
f 1071 1070 1069
f 727 726 728
f 4468 4466 4465
f 731 727 728
f 4465 4466 4467
f 1449 1448 1446
f 751 750 753
f 751 753 754
f 1439 1441 1395
f 1397 1395 1441
f 931 935 936
f 928 927 930
f 5695 5689 5694
f 5683 5678 5685
f 800 801 802
f 6164 6161 6165
f 6163 6161 6164
f 807 802 801
f 6162 6163 6183
f 6187 6175 6190
f 1072 1071 1069
f 730 734 735
f 726 734 730
f 730 735 739
f 728 726 730
f 731 728 732
f 750 755 753
f 733 745 750
f 751 733 750
f 4472 4476 4474
f 4474 4476 4475
f 4475 4476 4477
f 1433 1439 1395
f 5689 5681 5690
f 5681 5680 5682
f 5699 5681 5682
f 1835 1864 1826
f 798 800 802
f 803 798 802
f 6178 6163 6175
f 807 818 809
f 2204 2201 2195
f 6179 6178 6175
f 6187 6179 6175
f 1072 1069 1074
f 1452 1453 1451
f 1452 1451 1449
f 732 728 738
f 750 752 755
f 745 752 750
f 4465 4467 4469
f 733 732 745
f 4469 4467 4472
f 731 732 733
f 4469 4472 4473
f 4473 4474 4475
f 1398 1400 1401
f 5694 5689 5690
f 5700 5681 5699
f 3440 3445 3447
f 5698 5699 5682
f 5682 5680 5683
f 5684 5683 5685
f 803 802 804
f 804 802 807
f 6163 6164 6175
f 6175 6164 6176
f 6175 6176 6190
f 2204 2195 2202
f 738 730 739
f 738 739 752
f 745 738 752
f 1400 1404 1403
f 1400 1403 1401
f 1398 1401 1402
f 1398 1402 1395
f 1402 1433 1395
f 931 936 942
f 939 929 928
f 939 928 938
f 938 928 930
f 5694 5690 5702
f 3447 3449 3453
f 5697 5690 5698
f 5697 5698 5682
f 3438 3441 3463
f 5684 5685 5693
f 809 803 804
f 809 804 807
f 6164 6177 6176
f 1401 1403 1402
f 930 931 938
f 3440 3447 3458
f 3458 3447 3453
f 5682 5683 5684
f 3441 3440 3458
f 3029 3030 3028
f 938 931 942
f 5690 5697 5702
f 3455 3453 3454
f 3011 3012 3009
f 5696 5697 5682
f 5696 5682 5691
f 3458 3453 3456
f 5682 5684 5691
f 3441 3458 3456
f 3016 3017 3026
f 3027 3016 3026
f 3012 3013 3009
f 3009 3013 3018
f 3010 3011 3009
f 3009 3018 3019
f 3007 3010 3009
f 3007 3009 3008
f 3006 3007 3008
f 6210 6211 6212
f 3007 3006 3014
f 3008 3017 3015
f 2 25 3
f 3016 3028 3007
f 3007 3014 3016
f 3016 3014 3017
f 3017 3008 3021
f 3024 3021 3023
f 3021 3022 3023
f 5703 5704 5684
f 3024 3023 3025
f 5703 5684 5693
f 3009 3019 3020
f 3021 3009 3020
f 3021 3020 3022
