v 0.181030 0.184814 -0.029541
v 0.180054 0.182617 -0.028320
v 0.181274 0.180664 -0.025635
v 0.179853 0.188112 -0.030168
v 0.181030 0.184814 -0.029541
v 0.181274 0.180664 -0.025635
v 0.155605 -0.089595 0.098342
v 0.160823 -0.096465 0.090491
v 0.164922 -0.102378 0.087196
v 0.093226 0.264605 0.054488
v 0.104913 0.257484 0.051570
v 0.112372 0.252267 0.047925
v 0.017536 0.122252 -0.109024
v 0.031102 0.121356 -0.107700
v 0.036790 0.123156 -0.107856
v 0.096057 -0.101110 0.028237
v 0.093564 -0.110998 0.030720
v 0.093519 -0.110582 0.033544
v 0.077226 -0.316954 0.011836
v 0.074154 -0.327466 0.009593
v 0.076126 -0.322162 0.007683
v 0.110632 -0.127181 -0.000535
v 0.107078 -0.161674 -0.005447
v 0.108241 -0.142834 -0.001772
v 0.015311 -0.070097 0.060638
v 0.016664 -0.065645 0.064754
v 0.016999 -0.080521 0.058763
v -0.005754 0.000295 -0.092914
v 0.005362 -0.003845 -0.090952
v 0.000078 -0.002722 -0.086279
v 0.000247 0.041126 -0.084877
v 0.022245 0.037186 -0.079924
v -0.009396 0.018143 -0.086677
v 0.020347 0.014769 -0.081271
v 0.045849 0.023130 -0.073689
v 0.044388 0.011922 -0.073361
v -0.023749 0.037012 -0.087164
v -0.036298 0.019190 -0.086218
v 0.046507 0.045131 -0.078988
v 0.051975 0.026145 -0.072943
v 0.049723 0.047146 -0.077973
v 0.052866 0.015996 -0.069605
v 0.054316 0.005088 -0.067731
v 0.054137 0.018950 -0.071064
v 0.053328 0.020631 -0.074309
v -0.050608 0.021845 -0.083443
v -0.051194 0.040605 -0.085793
v -0.039883 0.044669 -0.087950
v -0.006865 0.043465 -0.087930
v 0.025633 0.007011 -0.082782
v 0.040166 -0.003792 -0.080103
v 0.005362 -0.003845 -0.090952
v 0.034291 -0.014266 -0.083823
v 0.015528 -0.016324 -0.089466
v 0.001056 -0.010993 -0.090925
v -0.003553 -0.015486 -0.093025
v -0.005754 0.000295 -0.092914
v -0.020314 -0.000321 -0.095538
v -0.018355 -0.015604 -0.096171
v 0.023281 -0.028685 -0.086045
v -0.011287 -0.027955 -0.092862
v 0.035103 -0.030231 -0.081497
v -0.035101 -0.027249 -0.094724
v -0.032638 0.002579 -0.092636
v -0.046681 -0.005770 -0.096623
v -0.043673 0.011999 -0.091068
v -0.049315 -0.002000 -0.095572
v -0.048475 -0.027180 -0.094737
v 0.050621 -0.006974 -0.073508
v 0.060664 -0.026057 -0.061708
v 0.030623 -0.039784 -0.075849
v -0.004022 -0.037205 -0.083643
v 0.050971 -0.043934 -0.059333
v 0.036850 -0.053133 -0.061454
v 0.048068 -0.063940 -0.057058
v 0.062525 -0.079239 -0.050252
v 0.045611 -0.079213 -0.053442
v 0.048021 -0.100454 -0.048651
v 0.073694 -0.090713 -0.041815
v 0.054987 -0.117879 -0.047065
v 0.078527 -0.115768 -0.040365
v 0.044743 -0.115108 -0.048356
v 0.063428 -0.131865 -0.048029
v 0.074170 -0.133282 -0.045576
v 0.061977 -0.150238 -0.041845
v 0.081608 -0.146969 -0.038096
v 0.075269 -0.160255 -0.040647
v 0.062504 -0.166660 -0.042465
v 0.073817 -0.180182 -0.033281
v 0.060301 -0.181004 -0.037771
v 0.046991 -0.182004 -0.038665
v 0.044964 -0.169073 -0.041595
v 0.049489 -0.139384 -0.042851
v 0.033272 -0.094857 -0.046645
v 0.030731 -0.183709 -0.034467
v 0.030759 -0.071276 -0.051136
v 0.033070 -0.057906 -0.056913
v 0.037729 -0.132504 -0.040383
v 0.031896 -0.160683 -0.038064
v 0.027407 0.042058 -0.083947
v -0.043903 -0.039728 -0.082703
v -0.069394 -0.040300 -0.082215
v 0.001191 -0.047452 -0.069927
v 0.050198 -0.193052 -0.043851
v 0.073364 -0.190773 -0.042234
v 0.069256 -0.204021 -0.041812
v 0.046768 -0.209072 -0.040607
v -0.047605 -0.052197 -0.069585
v -0.068211 -0.048949 -0.077077
v -0.070401 -0.066225 -0.078914
v -0.054714 -0.085692 -0.071016
v -0.074705 -0.089339 -0.074016
v -0.062083 -0.101663 -0.069826
v -0.044586 -0.100007 -0.061284
v -0.042589 -0.069022 -0.065326
v -0.032775 -0.058030 -0.060498
v -0.045548 -0.111868 -0.064105
v -0.062528 -0.119623 -0.071648
v -0.055593 -0.132598 -0.066886
v -0.060847 -0.168670 -0.066720
v -0.078583 -0.136279 -0.073726
v -0.076631 -0.164156 -0.070513
v -0.078799 -0.171689 -0.071108
v -0.062950 -0.186120 -0.060524
v -0.078812 -0.185496 -0.068243
v -0.097079 -0.186327 -0.071301
v -0.050940 -0.169484 -0.059507
v -0.042225 -0.176754 -0.047214
v -0.044142 -0.190796 -0.047910
v -0.064102 -0.200539 -0.067187
v -0.089490 -0.192327 -0.073874
v -0.075487 -0.217462 -0.073221
v -0.090927 -0.219593 -0.076846
v -0.068022 -0.230082 -0.070134
v -0.083955 -0.231120 -0.078665
v -0.060060 -0.210382 -0.063967
v -0.059330 -0.230334 -0.063941
v -0.059369 -0.246039 -0.065695
v -0.051131 -0.196580 -0.056382
v -0.077721 -0.249894 -0.083060
v -0.099494 -0.244664 -0.093542
v -0.099085 -0.252604 -0.091713
v -0.088237 -0.272182 -0.088810
v -0.073392 -0.263528 -0.080970
v -0.074401 -0.298612 -0.079822
v -0.090796 -0.307410 -0.085812
v -0.076873 -0.312520 -0.079407
v -0.087338 -0.324654 -0.086304
v -0.074757 -0.327628 -0.080758
v -0.090157 -0.332884 -0.086738
v -0.075134 -0.333671 -0.079716
v -0.080927 -0.355077 -0.087690
v -0.094274 -0.350994 -0.092096
v -0.093096 -0.363931 -0.086720
v -0.083443 -0.376353 -0.077670
v -0.070715 -0.358453 -0.079450
v -0.074508 -0.369736 -0.077353
v -0.093851 -0.371673 -0.082096
v -0.086778 -0.394529 -0.076728
v -0.096654 -0.412609 -0.081772
v -0.089353 -0.418229 -0.078781
v -0.106445 -0.413172 -0.082309
v -0.107796 -0.369074 -0.081573
v -0.107244 -0.442079 -0.087660
v -0.096869 -0.438944 -0.086781
v -0.089341 -0.448374 -0.085974
v -0.094392 -0.469883 -0.096617
v -0.074340 -0.347773 -0.081260
v -0.109389 -0.469079 -0.096609
v -0.107681 -0.479931 -0.097598
v -0.094844 -0.482817 -0.097232
v -0.104074 -0.499102 -0.099018
v -0.088080 -0.499053 -0.093892
v -0.083431 -0.483922 -0.090817
v -0.080038 -0.467861 -0.083281
v 0.071290 -0.215969 -0.048063
v 0.054638 -0.214920 -0.044384
v 0.072023 -0.234074 -0.047287
v 0.080816 -0.227661 -0.046473
v 0.055404 -0.235531 -0.044560
v 0.040312 -0.224828 -0.040011
v 0.037650 -0.234665 -0.041806
v 0.034394 -0.194182 -0.038452
v 0.036272 -0.211362 -0.034657
v 0.021835 -0.130586 -0.032930
v 0.023092 -0.168943 -0.032652
v 0.021033 -0.110154 -0.037739
v -0.109781 -0.365853 -0.083819
v 0.043537 -0.243445 -0.048533
v 0.048980 -0.247861 -0.052140
v 0.074536 -0.243344 -0.053309
v 0.062279 -0.258830 -0.057051
v 0.074281 -0.271806 -0.058622
v 0.083778 -0.268778 -0.056245
v 0.076544 -0.291428 -0.058076
v 0.093708 -0.295779 -0.054349
v 0.078526 -0.309429 -0.060161
v 0.058059 -0.278008 -0.055356
v 0.066234 -0.308479 -0.057692
v 0.059236 -0.306744 -0.054943
v 0.055639 -0.318312 -0.053526
v 0.076683 -0.320351 -0.065390
v 0.084327 -0.320728 -0.064381
v 0.081369 -0.333645 -0.057711
v 0.099798 -0.322687 -0.059125
v 0.094123 -0.339949 -0.056151
v 0.078808 -0.344300 -0.057245
v 0.112451 -0.328629 -0.054848
v 0.110087 -0.342289 -0.053666
v 0.110915 -0.352566 -0.054807
v 0.078074 -0.356821 -0.059969
v 0.099845 -0.354298 -0.059731
v 0.079354 -0.365977 -0.055299
v 0.094631 -0.367395 -0.052914
v 0.083776 -0.374652 -0.053579
v 0.095136 -0.389685 -0.046080
v 0.105896 -0.368624 -0.047338
v 0.080904 -0.386089 -0.049640
v 0.091828 -0.425673 -0.047883
v 0.063760 -0.331235 -0.052105
v 0.057713 -0.366807 -0.047186
v 0.057204 -0.359027 -0.050065
v 0.118739 -0.355538 -0.048344
v 0.059706 -0.348973 -0.049344
v 0.033067 -0.229197 -0.037840
v 0.004374 -0.085541 -0.031842
v 0.015708 -0.061912 -0.046510
v 0.051914 -0.300547 -0.050280
v 0.043280 -0.282173 -0.048090
v -0.002212 -0.072587 -0.032093
v 0.082413 -0.400044 -0.047604
v 0.080143 -0.435596 -0.052392
v 0.090895 -0.453640 -0.056140
v 0.080147 -0.480324 -0.065082
v 0.095894 -0.467230 -0.058589
v 0.099534 -0.482510 -0.059767
v 0.098166 -0.498828 -0.060716
v 0.079128 -0.499320 -0.064414
v 0.066079 -0.483210 -0.059740
v 0.067016 -0.467640 -0.056289
v 0.066190 -0.499405 -0.058400
v 0.069138 -0.382177 -0.044400
v 0.063198 -0.372487 -0.047006
v 0.071992 -0.403019 -0.043199
v 0.071764 -0.423516 -0.046014
v 0.067717 -0.444175 -0.047935
v 0.042929 -0.270206 -0.044323
v 0.021898 -0.182282 -0.028676
v 0.025837 -0.194502 -0.032726
v 0.001068 -0.064120 -0.040766
v -0.009627 -0.077948 -0.026595
v -0.006937 -0.094346 -0.020403
v 0.005268 -0.125537 -0.022555
v 0.005917 -0.148149 -0.019176
v -0.002536 -0.126249 -0.015797
v -0.028501 -0.068395 -0.047811
v -0.021071 -0.080811 -0.029601
v 0.000078 -0.002722 -0.086279
v -0.016667 -0.088253 -0.014909
v -0.003180 -0.059723 -0.050418
v 0.012524 0.047398 -0.101493
v 0.074697 0.033932 0.036034
v 0.092170 0.039623 0.032482
v 0.082413 0.036370 0.057789
v 0.083882 0.037023 -0.007564
v 0.095819 0.040649 -0.020984
v 0.094617 0.040401 0.022384
v 0.077393 0.034909 0.008104
v 0.087460 0.036331 -0.033201
v 0.096177 0.042161 0.049756
v 0.077293 0.032143 -0.027124
v 0.069460 0.033718 0.053243
v 0.073523 0.028137 -0.040293
v 0.079485 0.032000 -0.048951
v 0.071408 0.027132 -0.052594
v 0.069577 0.036414 0.073838
v 0.056944 0.032979 0.067641
v 0.053874 0.031275 0.080410
v 0.042244 0.028447 0.071703
v 0.038612 0.026228 0.079749
v 0.035245 0.023752 0.075723
v 0.062534 0.029328 0.053118
v 0.069307 0.028534 0.038651
v 0.081330 0.040646 0.069025
v 0.061349 0.038339 0.085073
v 0.046043 0.024170 0.087298
v 0.025825 0.027675 0.083048
v 0.074400 0.030364 0.022617
v 0.039395 0.019775 0.087367
v 0.034022 0.021385 0.095956
v 0.026261 0.020879 0.090262
v 0.023511 0.020665 0.096089
v 0.026821 0.024304 0.100516
v 0.061617 0.147042 0.079395
v 0.043121 0.154152 0.091428
v 0.052811 0.145294 0.085772
v 0.056968 0.160196 0.083619
v 0.043723 0.175296 0.091972
v 0.058522 0.177884 0.085926
v 0.043416 0.197189 0.092043
v 0.065540 0.197403 0.082686
v 0.046040 0.212077 0.092427
v 0.057922 0.212327 0.088516
v 0.067482 0.210003 0.084393
v 0.080392 0.169244 0.080747
v 0.072273 0.161490 0.084477
v 0.078783 0.162299 0.081020
v 0.049714 0.227219 0.087810
v 0.068044 0.153251 0.080092
v 0.067201 0.226650 0.080427
v 0.052969 0.242376 0.089501
v 0.067774 0.242895 0.082956
v 0.052881 0.255489 0.087696
v 0.062449 0.269804 0.079551
v 0.077063 0.260957 0.073386
v 0.032852 0.216908 0.093189
v 0.033574 0.237538 0.088480
v 0.010944 0.225800 0.090437
v 0.011140 0.208836 0.093700
v 0.011658 0.246389 0.084992
v 0.040227 0.265424 0.080732
v 0.030599 0.203221 0.096590
v 0.013548 0.191421 0.095462
v 0.020648 0.164030 0.097440
v 0.050784 0.268041 0.082197
v 0.030157 0.168659 0.099111
v 0.038736 0.151276 0.101233
v 0.030467 0.135470 0.100179
v 0.019468 0.122124 0.099674
v 0.035256 0.107091 0.102988
v 0.010553 0.267664 0.076692
v 0.034189 0.064378 0.101928
v 0.018518 0.082835 0.100804
v 0.023437 0.044866 0.101803
v 0.028477 0.035336 0.101304
v 0.044035 0.058452 0.099701
v 0.047277 0.041666 0.096293
v 0.026821 0.024304 0.100516
v 0.061594 0.053062 0.090260
v 0.062997 0.070896 0.093874
v 0.077702 0.069428 0.086946
v 0.046397 0.084285 0.097825
v 0.065948 0.083466 0.093311
v 0.076824 0.082896 0.088005
v 0.047411 0.088304 0.098942
v 0.040999 0.073595 0.104436
v 0.034022 0.021385 0.095956
v 0.078178 0.057889 0.082236
v 0.061349 0.038339 0.085073
v 0.085517 0.087675 0.080456
v 0.069160 0.275492 0.071591
v 0.099440 0.077960 0.066833
v 0.080243 0.237680 0.070772
v 0.096819 0.064377 0.068116
v 0.101042 0.094203 0.064227
v 0.076135 0.227338 0.070936
v 0.079282 0.219611 0.069550
v 0.057477 0.138105 0.079006
v 0.074640 0.133851 0.068469
v 0.061474 0.123507 0.076898
v 0.081992 0.126810 0.064613
v 0.047022 0.128565 0.088671
v 0.083013 0.149546 0.070044
v 0.080240 0.154367 0.072308
v 0.090002 0.139172 0.067088
v 0.095989 0.144602 0.064881
v 0.050461 0.116721 0.087905
v 0.044433 0.111335 0.092094
v 0.042506 0.126252 0.091850
v 0.051047 0.108463 0.091506
v 0.064226 0.111273 0.085875
v 0.075944 0.113707 0.078247
v 0.097991 0.127531 0.061147
v 0.099423 0.139447 0.060562
v 0.098253 0.124147 0.062610
v 0.109886 0.117579 0.062291
v 0.038019 0.207197 0.099723
v 0.074638 0.197065 0.073953
v 0.079404 0.202942 0.068733
v 0.083446 0.181885 0.072880
v 0.037241 0.197267 0.099389
v 0.038834 0.169589 0.102190
v 0.046043 0.024170 0.087298
v 0.046685 0.098151 0.100277
v 0.093492 0.053533 0.065126
v 0.081330 0.040646 0.069025
v 0.088514 0.112194 0.078428
v 0.098849 0.100274 0.076608
v 0.111438 0.103003 0.062828
v 0.081656 0.108862 0.087908
v 0.085124 0.095065 0.091612
v 0.079901 0.093184 0.097622
v 0.068856 0.104350 0.097060
v 0.066909 0.093548 0.102056
v 0.040451 0.102204 0.105723
v 0.076349 0.272419 0.063996
v 0.071769 0.282223 0.061615
v 0.092206 0.093145 0.075893
v 0.015822 0.111220 0.098648
v 0.039486 0.124625 0.103655
v 0.039375 0.142327 0.104615
v 0.047986 0.134493 0.102723
v 0.048413 0.143668 0.100885
v 0.016261 0.163564 0.095110
v -0.175335 -0.081001 -0.018337
v -0.175519 -0.091944 -0.001241
v -0.174958 -0.066209 0.008879
v -0.175361 -0.133010 -0.011582
v -0.175271 -0.119770 -0.022438
v -0.174896 -0.154702 -0.024697
v -0.176194 -0.109312 0.009239
v -0.176349 -0.081707 0.013318
v -0.174811 -0.154611 0.003999
v -0.171583 -0.048895 -0.017006
v -0.171650 -0.038948 0.004986
v -0.172877 -0.058733 -0.021785
v -0.170724 -0.032821 0.005762
v -0.167910 -0.033990 -0.021345
v -0.173681 -0.047863 0.010145
v -0.177607 -0.065960 0.014121
v -0.176393 -0.058853 0.020265
v -0.173768 -0.091227 0.013948
v -0.129958 -0.019223 -0.065594
v -0.133296 -0.053613 -0.064854
v -0.133059 -0.035309 -0.053948
v -0.133402 -0.019215 -0.046987
v -0.138203 -0.055747 -0.043796
v -0.139693 -0.043044 -0.033793
v -0.135010 -0.077989 -0.063080
v -0.139449 -0.095900 -0.035145
v -0.134386 -0.097508 -0.058929
v -0.129876 -0.012758 -0.056702
v -0.126804 -0.003679 -0.064438
v -0.132732 -0.108050 -0.057291
v -0.137796 -0.116916 -0.035067
v -0.136981 -0.126875 -0.038574
v -0.139715 -0.122533 -0.029147
v -0.142398 -0.103277 -0.026691
v -0.140260 -0.094927 -0.030301
v -0.137217 -0.022537 -0.039110
v -0.140809 -0.034123 -0.029718
v -0.145117 -0.025964 -0.022866
v -0.129857 -0.133726 -0.052021
v -0.137619 -0.162022 -0.033684
v -0.142130 -0.145580 -0.023678
v -0.141661 -0.172437 -0.020310
v -0.137601 -0.187057 -0.035115
v -0.141516 -0.205589 -0.026620
v -0.143302 -0.154102 -0.014876
v -0.132392 -0.206214 -0.052486
v -0.142547 -0.128722 -0.026659
v -0.133342 -0.212741 -0.053931
v -0.142968 -0.216037 -0.029199
v -0.137071 -0.225842 -0.046205
v -0.141933 -0.230386 -0.029985
v -0.137276 -0.236414 -0.051312
v -0.143406 -0.242524 -0.032214
v -0.144914 -0.282195 -0.048229
v -0.134354 -0.259181 -0.067020
v -0.144756 -0.269828 -0.038510
v -0.134362 -0.281461 -0.069483
v -0.130508 -0.244332 -0.069161
v -0.139353 -0.298936 -0.065751
v -0.144968 -0.300757 -0.049874
v -0.130136 -0.189063 -0.050648
v -0.129407 -0.163091 -0.048619
v -0.127195 -0.225579 -0.063768
v -0.142576 -0.118509 -0.026758
v -0.131104 -0.297573 -0.078266
v -0.144715 -0.314239 -0.068121
v -0.145627 -0.319627 -0.051641
v -0.147522 -0.325050 -0.068056
v -0.147333 -0.327933 -0.049167
v -0.144439 -0.338794 -0.068259
v -0.144757 -0.344601 -0.055504
v -0.145321 -0.349211 -0.065572
v -0.145116 -0.355746 -0.047106
v -0.138808 -0.346013 -0.077897
v -0.139874 -0.321734 -0.078800
v -0.123351 -0.215694 -0.067071
v -0.135858 -0.338542 -0.079447
v -0.121885 -0.251311 -0.080857
v -0.128608 -0.030720 -0.068211
v -0.126569 -0.005825 -0.055418
v -0.137957 -0.368952 -0.047942
v -0.115678 -0.175858 -0.065182
v -0.113814 -0.187124 -0.066347
v -0.116737 -0.278522 -0.084504
v -0.112928 -0.225652 -0.077287
v -0.115623 -0.144221 -0.063448
v -0.130184 -0.367964 -0.065056
v -0.137361 -0.382106 -0.046921
v -0.131340 -0.372712 -0.065011
v -0.130156 -0.402195 -0.063301
v -0.137121 -0.415228 -0.047760
v -0.134332 -0.420604 -0.057017
v -0.130533 -0.436341 -0.067842
v -0.140956 -0.432765 -0.049860
v -0.141338 -0.443580 -0.050559
v -0.143775 -0.435956 -0.032958
v -0.131024 -0.468478 -0.078783
v -0.139609 -0.424996 -0.032404
v -0.151541 -0.456121 -0.032577
v -0.145608 -0.437596 -0.018616
v -0.147935 -0.467020 -0.049649
v -0.138674 -0.470781 -0.064898
v -0.134159 -0.482538 -0.072847
v -0.145058 -0.482652 -0.054397
v -0.124338 -0.481668 -0.087899
v -0.160762 -0.478887 -0.033103
v -0.168392 -0.472789 -0.021145
v -0.176499 -0.484993 -0.013094
v -0.182354 -0.476359 -0.000662
v -0.189688 -0.486766 0.012833
v -0.184395 -0.499306 -0.002335
v -0.190509 -0.499035 0.014113
v -0.176313 -0.498406 -0.016056
v -0.172406 -0.487866 -0.020824
v -0.190250 -0.470932 0.026036
v -0.157266 -0.488347 -0.039495
v -0.168797 -0.499421 -0.024676
v -0.126386 -0.452011 -0.079141
v -0.192114 -0.485977 0.026737
v -0.122815 -0.419551 -0.073848
v -0.117853 -0.398601 -0.076857
v -0.143649 -0.487666 -0.060134
v -0.145200 -0.497913 -0.057287
v -0.136362 -0.499853 -0.074735
v -0.132625 -0.487767 -0.079805
v -0.129861 -0.499493 -0.083961
v -0.119655 -0.487794 -0.094388
v -0.120548 -0.465580 -0.089182
v -0.191964 -0.498710 0.025093
v -0.117670 -0.431477 -0.079920
v -0.118625 -0.499035 -0.094217
v -0.115687 -0.368851 -0.078275
v -0.160857 -0.496713 -0.032882
v -0.151361 -0.494404 -0.046232
v -0.109389 -0.469079 -0.096609
v -0.107681 -0.479931 -0.097598
v -0.123587 -0.011298 -0.067821
v -0.144785 -0.092872 -0.027953
v -0.191597 -0.496785 0.036770
v -0.120268 -0.357536 -0.081922
v -0.190963 -0.483599 0.038293
v -0.107244 -0.442079 -0.087660
v -0.106445 -0.413172 -0.082309
v -0.107796 -0.369074 -0.081573
v -0.129877 -0.356920 -0.075967
v -0.186830 -0.466931 0.048087
v -0.109781 -0.365853 -0.083819
v -0.110121 -0.347545 -0.091631
v -0.129303 -0.346911 -0.085679
v -0.104074 -0.499102 -0.099018
v -0.186456 -0.492085 0.052893
v -0.184551 -0.477823 0.055847
v -0.123046 -0.009300 -0.043307
v -0.117362 -0.005770 -0.065144
v -0.065312 -0.359131 -0.036784
v -0.070031 -0.364548 -0.025952
v -0.066950 -0.373761 -0.038684
v -0.074680 -0.378389 -0.026274
v -0.063512 -0.358457 -0.049459
v -0.065815 -0.375843 -0.050340
v -0.064450 -0.335133 -0.049819
v -0.066624 -0.329201 -0.037474
v -0.064363 -0.315627 -0.051813
v -0.066134 -0.317801 -0.033000
v -0.072961 -0.330645 -0.023783
v -0.068975 -0.308101 -0.024850
v -0.068161 -0.290440 -0.022529
v -0.061312 -0.301397 -0.040387
v -0.069252 -0.270156 -0.021396
v -0.061574 -0.267910 -0.037730
v -0.059231 -0.296602 -0.048760
v -0.058355 -0.266979 -0.050721
v -0.056234 -0.247019 -0.035845
v -0.060263 -0.249717 -0.026200
v -0.060857 -0.235524 -0.022498
v -0.055936 -0.234845 -0.033440
v -0.055516 -0.248867 -0.048045
v -0.053529 -0.227776 -0.049109
v -0.052911 -0.222206 -0.032379
v -0.050239 -0.205067 -0.022763
v -0.058555 -0.220917 -0.011696
v -0.053487 -0.192605 -0.008636
v -0.042038 -0.189395 -0.034586
v -0.051001 -0.210257 -0.031579
v -0.064463 -0.357455 -0.064520
v -0.065169 -0.334155 -0.062773
v -0.066628 -0.347065 -0.065342
v -0.054111 -0.211589 -0.049365
v -0.060479 -0.281610 -0.066020
v -0.067078 -0.372986 -0.063019
v -0.061504 -0.262594 -0.066266
v -0.059369 -0.246039 -0.065695
v -0.067600 -0.319259 -0.068057
v -0.067677 -0.306303 -0.067729
v -0.044142 -0.190796 -0.047910
v -0.037915 -0.176844 -0.034826
v -0.037236 -0.174665 -0.022977
v -0.032536 -0.150450 -0.011555
v -0.037287 -0.171246 -0.006662
v -0.033903 -0.142660 -0.033441
v -0.029575 -0.147759 0.003290
v -0.028400 -0.124434 -0.031030
v -0.026600 -0.134670 -0.000778
v -0.021398 -0.097790 -0.016131
v -0.022057 -0.111165 0.000080
v -0.018421 -0.096435 -0.005290
v -0.026476 -0.095391 -0.033308
v -0.039259 -0.170313 0.006314
v -0.068314 -0.338383 -0.071881
v -0.021071 -0.080811 -0.029601
v -0.042225 -0.176754 -0.047214
v -0.040031 -0.146130 -0.048452
v -0.016667 -0.088253 -0.014909
v -0.070715 -0.358453 -0.079450
v -0.018207 -0.100954 -0.000476
v -0.060060 -0.210382 -0.063967
v -0.059330 -0.230334 -0.063941
v -0.074340 -0.347773 -0.081260
v -0.035842 -0.113602 -0.049156
v -0.051131 -0.196580 -0.056382
v -0.040586 -0.132556 -0.051978
v -0.074757 -0.327628 -0.080758
v -0.038282 -0.091779 -0.054919
v -0.031391 -0.078172 -0.045201
v -0.075134 -0.333671 -0.079716
v -0.042589 -0.069022 -0.065326
v -0.045548 -0.111868 -0.064105
v -0.074508 -0.369736 -0.077353
v -0.050940 -0.169484 -0.059507
v -0.074401 -0.298612 -0.079822
v -0.076873 -0.312520 -0.079407
v -0.076281 -0.385365 -0.061700
v -0.075356 -0.389275 -0.049493
v -0.080267 -0.401766 -0.065244
v -0.079934 -0.409212 -0.052176
v -0.081079 -0.427580 -0.063309
v -0.081149 -0.457067 -0.052310
v -0.084807 -0.425805 -0.074880
v -0.077302 -0.389865 -0.038391
v -0.082424 -0.450254 -0.078153
v -0.077855 -0.473841 -0.069633
v -0.080038 -0.467861 -0.083281
v -0.077614 -0.482657 -0.079851
v -0.076056 -0.492640 -0.069439
v -0.077634 -0.499429 -0.081055
v -0.077334 -0.499182 -0.069506
v -0.079910 -0.499480 -0.057352
v -0.083443 -0.376353 -0.077670
v -0.083431 -0.483922 -0.090817
v -0.082800 -0.480486 -0.053159
v -0.086778 -0.394529 -0.076728
v -0.083169 -0.408085 -0.039889
v -0.085925 -0.437244 -0.037566
v -0.089815 -0.466280 -0.032848
v -0.027240 -0.116304 0.009276
v -0.044586 -0.100007 -0.061284
v -0.088080 -0.499053 -0.093892
v -0.028501 -0.068395 -0.047811
v -0.092401 -0.451721 -0.025538
v -0.047441 -0.185223 -0.010988
v -0.021489 -0.095088 0.010925
v -0.073392 -0.263528 -0.080970
v -0.032775 -0.058030 -0.060498
v -0.029652 -0.102648 0.015880
v -0.077721 -0.249894 -0.083060
v -0.089341 -0.448374 -0.085974
v -0.089353 -0.418229 -0.078781
v -0.055593 -0.132598 -0.066886
v -0.090818 -0.420629 -0.028750
v -0.087817 -0.488937 -0.043741
v -0.030401 -0.134483 0.005686
v -0.090183 -0.403510 -0.027603
v -0.107131 -0.464996 -0.004780
v -0.071603 -0.356073 -0.026431
v -0.041577 -0.159014 0.016330
v -0.086723 -0.499211 -0.046365
v -0.084385 -0.388103 -0.026071
v -0.069903 -0.233459 -0.008344
v -0.111878 -0.482268 -0.009005
v -0.114407 -0.473532 0.010248
v -0.116180 -0.484133 0.006313
v -0.120487 -0.485355 0.032075
v -0.115219 -0.496280 -0.003691
v -0.116976 -0.489633 0.021641
v -0.116810 -0.499550 0.016410
v -0.121442 -0.499613 0.035615
v -0.110294 -0.493632 -0.019966
v -0.104647 -0.483626 -0.025748
v -0.122892 -0.477251 0.036223
v -0.131340 -0.496807 0.055398
v -0.130144 -0.489322 0.053145
v -0.118289 -0.466539 0.016733
v -0.112622 -0.456592 0.002720
v -0.099994 -0.441435 -0.015332
v -0.099722 -0.474970 -0.024598
v -0.077569 -0.299020 -0.010388
v -0.131435 -0.472158 0.049288
v -0.076872 -0.269330 -0.010298
v -0.065110 -0.198487 0.003368
v -0.064103 -0.216915 -0.004223
v -0.042036 -0.127826 0.021589
v -0.081695 -0.370073 -0.015214
v -0.098017 -0.498756 -0.033685
v -0.142293 -0.480849 0.066522
v -0.140916 -0.477528 0.063138
v -0.083348 -0.309074 -0.010600
v -0.086453 -0.321259 -0.012576
v -0.042183 -0.139102 0.014754
v -0.046499 -0.130940 0.033116
v -0.046496 -0.148258 0.022141
v -0.046579 -0.122922 0.026196
v -0.031568 -0.093583 0.020709
v -0.144263 -0.468621 0.063966
v -0.108698 -0.420487 -0.012159
v -0.075233 -0.220851 0.003886
v -0.080954 -0.357384 -0.017853
v -0.050307 -0.101024 0.031658
v -0.057481 -0.127971 0.038087
v -0.100512 -0.401566 -0.018361
v -0.096745 -0.384797 -0.015954
v -0.090722 -0.377403 -0.013441
v -0.078666 -0.257602 -0.006471
v -0.091601 -0.271287 0.000628
v -0.087400 -0.233460 0.005471
v -0.112922 -0.434949 -0.004442
v -0.120413 -0.452342 0.009490
v -0.024010 -0.086296 0.019567
v -0.075641 -0.205166 0.006350
v -0.150532 -0.490520 0.070928
v -0.076043 -0.190111 0.021219
v -0.087808 -0.281776 -0.003384
v -0.055815 -0.167643 0.020893
v -0.096943 -0.318485 -0.005809
v -0.124785 -0.460572 0.019586
v -0.135822 -0.462712 0.033980
v -0.091673 -0.332558 -0.014048
v -0.087981 -0.337811 -0.015419
v -0.093959 -0.366173 -0.009408
v -0.086424 -0.360843 -0.015404
v -0.144814 -0.463657 0.056177
v -0.124779 -0.436458 0.003581
v -0.110638 -0.406911 -0.013629
v -0.107755 -0.381007 -0.013158
v -0.122093 -0.423258 -0.006739
v -0.135195 -0.456832 0.023802
v -0.128892 -0.444681 0.009608
v -0.106348 -0.322495 -0.005846
v -0.112782 -0.332074 -0.010234
v -0.107558 -0.364993 -0.009484
v -0.108643 -0.340696 -0.016954
v -0.120740 -0.408623 -0.013132
v 0.059899 -0.376477 -0.011304
v 0.058959 -0.376229 -0.023311
v 0.065602 -0.394593 -0.003346
v 0.062901 -0.391758 -0.022656
v 0.064004 -0.414236 -0.021901
v 0.066287 -0.412266 -0.005237
v 0.072619 -0.412558 0.010747
v 0.067130 -0.379378 0.005198
v 0.064107 -0.373105 -0.000705
v 0.067043 -0.372418 0.007898
v 0.066455 -0.436440 0.005242
v 0.060664 -0.436109 -0.016837
v 0.062623 -0.455096 -0.007767
v 0.074782 -0.452707 0.032240
v 0.067189 -0.463028 0.005328
v 0.075303 -0.467872 0.033943
v 0.078148 -0.464178 0.044016
v 0.079178 -0.476561 0.045151
v 0.081003 -0.468287 0.057124
v 0.061178 -0.464174 -0.021773
v 0.062497 -0.475330 -0.021876
v 0.059440 -0.477184 -0.038019
v 0.080428 -0.483985 0.061950
v 0.060884 -0.444605 -0.033404
v 0.080624 -0.485893 0.040444
v 0.080749 -0.478324 0.074804
v 0.075255 -0.436620 0.023697
v 0.071449 -0.481702 0.001281
v 0.078670 -0.484206 0.025965
v 0.079018 -0.494735 0.022322
v 0.080496 -0.496389 0.032961
v 0.072578 -0.493950 0.004142
v 0.064799 -0.487185 -0.010850
v 0.057487 -0.485826 -0.036555
v 0.059994 -0.499458 -0.022348
v 0.067583 -0.499420 -0.003860
v 0.058535 -0.499517 -0.042152
v 0.078749 -0.499751 0.064526
v 0.081042 -0.499152 0.086507
v 0.082582 -0.477044 0.086359
v 0.084508 -0.497620 0.098928
v 0.085557 -0.480098 0.099509
v 0.090163 -0.495549 0.110041
v 0.065233 -0.411418 -0.032933
v 0.064682 -0.387321 -0.035851
v 0.059587 -0.483203 -0.048664
v 0.061886 -0.373601 -0.008025
v 0.093780 -0.478586 0.112524
v 0.062602 -0.470265 -0.047508
v 0.078144 -0.408900 0.018125
v 0.082621 -0.420985 0.024216
v 0.086284 -0.459019 0.053673
v 0.088995 -0.473549 0.099501
v 0.059032 -0.376134 -0.033702
v 0.080328 -0.388483 0.016520
v 0.082655 -0.443531 0.036902
v 0.092462 -0.451886 0.052749
v 0.086810 -0.468827 0.073862
v 0.061979 -0.371418 -0.002980
v 0.101465 -0.466807 0.111490
v 0.066190 -0.499405 -0.058400
v 0.067717 -0.444175 -0.047935
v 0.067016 -0.467640 -0.056289
v 0.066079 -0.483210 -0.059740
v 0.103698 -0.492680 0.120960
v 0.101573 -0.478323 0.118535
v 0.096158 -0.463967 0.073795
v 0.079325 -0.369930 0.015537
v 0.091820 -0.436003 0.037304
v 0.099400 -0.466100 0.100059
v -0.156255 -0.498072 -0.014009
v -0.139184 -0.498147 0.002807
v -0.159254 -0.498327 -0.000491
v -0.160687 -0.497994 0.014475
v -0.177015 -0.499100 0.006459
v -0.184395 -0.499306 -0.002335
v -0.168797 -0.499421 -0.024676
v -0.190509 -0.499035 0.014113
v -0.163253 -0.497168 0.028712
v -0.175730 -0.497681 0.022604
v -0.191964 -0.498710 0.025093
v -0.138872 -0.496065 -0.020440
v -0.132336 -0.498635 0.027458
v -0.116810 -0.499550 0.016410
v -0.121442 -0.499613 0.035615
v -0.115219 -0.496280 -0.003691
v -0.114793 -0.493743 -0.032589
v -0.136960 -0.494587 -0.047190
v -0.160857 -0.496713 -0.032882
v -0.159035 -0.496099 0.040666
v -0.143792 -0.496564 0.043230
v -0.149050 -0.495253 0.053025
v -0.171419 -0.495943 0.038762
v -0.184842 -0.496307 0.029792
v -0.191597 -0.496785 0.036770
v -0.131340 -0.496807 0.055398
v -0.151361 -0.494404 -0.046232
v -0.112739 -0.496812 -0.046955
v -0.170121 -0.493436 0.046749
v -0.110294 -0.493632 -0.019966
v -0.166906 -0.491151 0.059564
v -0.186456 -0.492085 0.052893
v -0.150532 -0.490520 0.070928
v -0.180940 -0.489429 0.063195
v -0.145200 -0.497913 -0.057287
v -0.098017 -0.498756 -0.033685
v -0.086723 -0.499211 -0.046365
v -0.117574 -0.498564 -0.062600
v -0.106661 -0.499463 -0.078547
v -0.079910 -0.499480 -0.057352
v -0.129861 -0.499493 -0.083961
v -0.077334 -0.499182 -0.069506
v -0.077634 -0.499429 -0.081055
v -0.088080 -0.499053 -0.093892
v -0.104074 -0.499102 -0.099018
v -0.118625 -0.499035 -0.094217
v -0.136362 -0.499853 -0.074735
v -0.131442 -0.498197 -0.053933
v -0.170895 -0.487071 0.069871
v -0.176313 -0.498406 -0.016056
v 0.083955 -0.498803 0.040267
v 0.106619 -0.499278 0.041359
v 0.101562 -0.499414 0.055668
v 0.130097 -0.499752 0.051619
v 0.130079 -0.499585 0.073072
v 0.100418 -0.499554 0.072767
v 0.078749 -0.499751 0.064526
v 0.116042 -0.498820 0.029493
v 0.141877 -0.499892 0.043296
v 0.133139 -0.499070 0.021746
v 0.145934 -0.500174 0.071051
v 0.081042 -0.499152 0.086507
v 0.121603 -0.498368 0.088550
v 0.097962 -0.498270 0.092925
v 0.143826 -0.498662 0.086275
v 0.084508 -0.497620 0.098928
v 0.140432 -0.496930 0.099177
v 0.115575 -0.496021 0.103369
v 0.090163 -0.495549 0.110041
v 0.097496 -0.496546 0.021365
v 0.080496 -0.496389 0.032961
v 0.095546 -0.495140 0.012018
v 0.126644 -0.496161 0.008079
v 0.121382 -0.494174 -0.005432
v 0.080029 -0.493730 -0.000500
v 0.072578 -0.493950 0.004142
v 0.079018 -0.494735 0.022322
v 0.103698 -0.492680 0.120960
v 0.124417 -0.491413 0.119530
v 0.134170 -0.493606 0.111206
v 0.067583 -0.499420 -0.003860
v 0.083807 -0.498263 -0.006537
v 0.075383 -0.499364 -0.023882
v 0.059994 -0.499458 -0.022348
v 0.066190 -0.499405 -0.058400
v 0.058535 -0.499517 -0.042152
v 0.085828 -0.499484 -0.048282
v 0.079128 -0.499320 -0.064414
v 0.094296 -0.499206 -0.032970
v 0.110604 -0.499211 -0.047983
v 0.115059 -0.499563 -0.035767
v 0.112061 -0.499549 -0.018223
v 0.098166 -0.498828 -0.060716
v 0.120900 -0.498369 -0.010350
v 0.110412 -0.084185 -0.009484
v 0.105589 -0.080910 -0.000608
v 0.108665 -0.099689 0.000274
v 0.122646 -0.132009 -0.017518
v 0.117446 -0.133202 -0.007450
v 0.120133 -0.169869 -0.004294
v 0.127713 -0.166357 -0.021886
v 0.127364 -0.174987 -0.017259
v 0.124707 -0.215982 -0.006814
v 0.131593 -0.208088 -0.022029
v 0.131793 -0.219636 -0.023079
v 0.120085 -0.111476 -0.022414
v 0.113071 -0.082091 -0.022874
v 0.110632 -0.127181 -0.000535
v 0.108241 -0.142834 -0.001772
v 0.114222 -0.153097 -0.003693
v 0.107787 -0.078803 -0.016391
v 0.107302 -0.078936 -0.022586
v 0.054607 0.345926 0.065467
v 0.035502 0.327946 0.075179
v 0.031798 0.317238 0.052737
v 0.043496 0.327786 0.044311
v 0.058424 0.343188 0.045002
v 0.061526 0.351417 0.056639
v 0.023459 0.317812 0.093893
v 0.023271 0.309685 0.058134
v 0.065344 0.357237 0.083622
v 0.036780 0.328501 0.099564
v 0.029598 0.323286 0.101028
v 0.045375 0.338465 0.071886
v 0.039204 0.334795 0.097345
v 0.050715 0.350193 0.086315
v 0.045838 0.344974 0.089148
v 0.016668 0.311914 0.083757
v 0.016426 0.302866 0.061386
v 0.008739 0.297223 0.065019
v 0.008507 0.306387 0.080744
v -0.008035 0.294278 0.081157
v -0.002864 0.294325 0.070621
v -0.009062 0.290322 0.071977
v -0.013263 0.285791 0.069678
v -0.016428 0.283756 0.074930
v -0.015348 0.280544 0.064858
v 0.006798 0.295686 0.060953
v -0.024479 0.281379 0.075560
v 0.057290 0.332484 0.036400
v 0.017119 0.297490 0.062055
v -0.190142 0.062457 -0.014452
v -0.188254 0.083060 -0.014923
v -0.192179 0.066084 -0.001084
v -0.188275 0.090574 -0.011154
v -0.194165 0.042479 -0.010452
v -0.195855 0.038072 0.003649
v -0.196860 0.018402 -0.004299
v -0.197929 0.010130 0.012158
v -0.198959 0.005476 0.004460
v -0.195949 0.018138 -0.013456
v -0.188407 0.093197 -0.015731
v -0.186234 0.075830 -0.020124
v -0.185682 0.084377 -0.022021
v -0.188357 0.079312 -0.018778
v -0.186525 0.036310 -0.022593
v -0.189875 0.038664 -0.015750
v -0.192144 0.093858 -0.004595
v -0.184739 0.092166 -0.021588
v -0.205828 0.006635 0.023041
v -0.180624 0.048433 -0.021684
v -0.197826 0.045916 0.005529
v -0.204888 0.032150 0.013613
v -0.176774 0.049776 -0.024854
v -0.174807 0.063525 -0.022554
v -0.196396 0.076144 0.001048
v 0.098886 0.108690 0.015333
v 0.095301 0.122205 0.032805
v 0.097556 0.095329 0.034408
v 0.098385 0.132786 0.015523
v 0.097553 0.144069 0.025933
v 0.097793 0.077147 0.020302
v 0.098644 0.084969 0.006750
v 0.097269 0.063588 0.031256
v 0.098422 0.080358 0.002172
v 0.098136 0.063058 0.007992
v 0.097925 0.048311 0.022486
v 0.098103 0.048222 0.001056
v 0.101035 0.056150 -0.005456
v 0.096391 0.131926 0.030829
v 0.095407 0.128630 0.043774
v 0.093776 0.137951 0.039921
v 0.095461 0.151513 0.016255
v 0.099658 0.142266 0.002872
v 0.094739 0.158225 0.023955
v 0.101480 0.049368 -0.016771
v 0.107525 0.074560 -0.020022
v 0.094617 0.040401 0.022384
v 0.103763 0.078991 -0.005266
v 0.095616 0.048865 0.030133
v 0.092170 0.039623 0.032482
v 0.103484 0.121795 0.009853
v 0.094041 0.146800 0.033001
v 0.098172 0.107847 0.041848
v 0.097986 0.125497 0.044867
v 0.099423 0.139447 0.060562
v 0.097991 0.127531 0.061147
v 0.096710 0.146181 0.048338
v 0.101006 0.101285 0.048836
v 0.103728 0.072769 0.044878
v 0.104415 0.091864 0.057084
v 0.104073 0.069789 0.058419
v 0.102057 0.053566 0.047803
v 0.099440 0.077960 0.066833
v 0.101042 0.094203 0.064227
v 0.102486 0.062837 -0.023974
v 0.104652 0.073598 -0.031055
v 0.114433 0.091715 -0.024150
v 0.113855 0.088828 -0.012493
v 0.113591 0.111857 -0.000143
v 0.113104 0.086735 0.002327
v 0.112583 0.122092 -0.006081
v 0.111096 0.117174 -0.018153
v 0.113263 0.092241 -0.033129
v 0.108435 0.098712 0.008355
v 0.096819 0.064377 0.068116
v 0.108724 0.131724 -0.006256
v 0.093492 0.053533 0.065126
v 0.096177 0.042161 0.049756
v 0.095989 0.144602 0.064881
v 0.095819 0.040649 -0.020984
v 0.092103 0.153225 -0.003088
v 0.088862 0.164206 0.024181
v 0.100655 0.142432 -0.003150
v 0.104550 0.127778 -0.022193
v 0.101145 0.124825 -0.032982
v 0.081330 0.040646 0.069025
v 0.109886 0.117579 0.062291
v 0.106939 0.112647 0.052462
v 0.111438 0.103003 0.062828
v 0.082617 0.149242 0.041911
v 0.089283 0.144075 0.039353
v 0.079461 0.076202 -0.045767
v 0.078565 0.075054 -0.045019
v 0.071946 0.062441 -0.054100
v 0.075382 0.063579 -0.047922
v 0.079020 0.061926 -0.045884
v 0.064369 0.125207 -0.097878
v 0.071911 0.128327 -0.061253
v 0.067046 0.115135 -0.076449
v 0.065558 0.107118 -0.073369
v 0.055294 0.089179 -0.100510
v 0.061247 0.118131 -0.104782
v 0.056163 0.071713 -0.075088
v 0.048575 0.057242 -0.099587
v 0.051493 0.056519 -0.076314
v 0.063273 0.086040 -0.064974
v 0.048823 0.051464 -0.093919
v 0.049723 0.047146 -0.077973
v 0.072263 0.110257 -0.059096
v 0.056369 0.111101 -0.108830
v 0.049280 0.080432 -0.104834
v 0.084082 0.124790 -0.043568
v 0.059878 0.058699 -0.066412
v 0.083175 0.105628 -0.044099
v 0.086277 0.095963 -0.041528
v 0.089366 0.083906 -0.038094
v 0.086865 0.062280 -0.037195
v 0.092802 0.068167 -0.030604
v 0.092344 0.051916 -0.028545
v 0.090301 0.040769 -0.033703
v 0.082869 0.042101 -0.049249
v 0.079485 0.032000 -0.048951
v 0.068725 0.042178 -0.065274
v 0.071408 0.027132 -0.052594
v 0.058599 0.025354 -0.067196
v 0.066215 0.019378 -0.054177
v 0.052866 0.015996 -0.069605
v 0.063865 0.010063 -0.056703
v 0.054316 0.005088 -0.067731
v 0.069536 0.010712 -0.043798
v 0.073523 0.028137 -0.040293
v 0.064630 0.005820 -0.052403
v 0.051975 0.026145 -0.072943
v 0.072020 0.007446 -0.031529
v 0.054137 0.018950 -0.071064
v 0.077293 0.032143 -0.027124
v 0.087460 0.036331 -0.033201
v 0.082895 0.140277 -0.035015
v 0.071079 0.148386 -0.050709
v 0.066863 0.140551 -0.061995
v 0.086493 0.139034 -0.029234
v 0.059924 0.141336 -0.071828
v 0.075671 0.020195 -0.011660
v 0.075363 0.011934 -0.005492
v 0.077393 0.034909 0.008104
v 0.053328 0.020631 -0.074309
v 0.073683 0.007079 0.002490
v 0.072606 0.013398 0.020906
v 0.070679 0.005305 0.023829
v 0.094069 0.116462 -0.038932
v 0.104738 0.094576 -0.037833
v 0.046507 0.045131 -0.078988
v 0.048473 0.146925 -0.076700
v 0.043801 0.142038 -0.086799
v 0.090567 0.139766 -0.020945
v 0.099984 0.137893 -0.006981
v 0.043814 0.134414 -0.097741
v -0.199814 0.114614 -0.061407
v -0.186435 0.108131 -0.064005
v -0.202997 0.091845 -0.056313
v -0.189162 0.084663 -0.058277
v -0.201951 0.066631 -0.048921
v -0.190936 0.066412 -0.051101
v -0.214685 0.060765 -0.041137
v -0.204272 0.040893 -0.036305
v -0.219110 0.031002 -0.027526
v -0.211829 0.022951 -0.025999
v -0.187971 0.116445 -0.067770
v -0.205714 0.124364 -0.063751
v -0.190821 0.127167 -0.068757
v -0.220112 0.002559 -0.018847
v -0.209114 0.006000 -0.017279
v -0.224542 0.027512 -0.021954
v -0.229968 0.005257 -0.011708
v -0.185691 0.142156 -0.069124
v -0.191089 0.049501 -0.041032
v -0.203737 0.117942 -0.058069
v -0.214638 0.090224 -0.044281
v -0.189926 0.156531 -0.064048
v -0.234512 -0.014709 -0.013189
v -0.230785 -0.028831 -0.016060
v -0.240075 -0.038219 -0.008068
v -0.232581 -0.044099 -0.011590
v -0.223900 -0.039509 -0.014006
v -0.233522 -0.058240 -0.011677
v -0.226794 -0.056755 -0.016948
v -0.221907 -0.061579 -0.020755
v -0.220060 -0.069675 -0.017404
v -0.205479 -0.070064 -0.023531
v -0.205463 -0.062301 -0.027405
v -0.174188 0.158137 -0.069014
v -0.179410 0.147011 -0.069627
v -0.171433 0.181586 -0.063281
v -0.221860 0.062205 -0.031052
v -0.211251 -0.057502 -0.023234
v -0.208682 0.117542 -0.050396
v -0.157916 0.176895 -0.064990
v -0.218478 -0.016409 -0.014692
v -0.169853 0.137463 -0.064292
v -0.223924 -0.030258 -0.013548
v -0.182489 0.188282 -0.050591
v -0.158745 0.162008 -0.064326
v -0.180745 0.067685 -0.048152
v -0.174614 0.108127 -0.059013
v -0.240756 -0.046528 -0.002520
v -0.227189 0.041894 -0.015730
v -0.198207 -0.066750 -0.020967
v -0.240718 -0.028438 -0.003193
v -0.047666 0.425509 0.062064
v -0.052817 0.416342 0.039478
v -0.051295 0.404947 0.040617
v -0.054249 0.434169 0.036059
v -0.048106 0.401814 0.057220
v -0.045673 0.403972 0.066693
v -0.051280 0.442739 0.044991
v -0.045865 0.450453 0.058572
v -0.052480 0.448636 0.042048
v -0.049149 0.456412 0.054100
v -0.054762 0.447662 0.033619
v -0.051700 0.463520 0.040844
v -0.045346 0.473255 0.053818
v -0.039885 0.460921 0.072880
v -0.040469 0.428726 0.073325
v -0.038161 0.455587 0.071557
v -0.034940 0.439090 0.079472
v -0.059516 0.419240 0.030171
v -0.058020 0.412042 0.029491
v -0.037239 0.414022 0.078033
v -0.050937 0.471237 0.030262
v -0.053885 0.460871 0.025429
v -0.037513 0.474237 0.067381
v -0.045523 0.478319 0.040065
v -0.054006 0.447528 0.010925
v -0.061527 0.428829 0.025685
v -0.060994 0.440047 0.030837
v -0.030991 0.389524 0.081236
v -0.036042 0.385953 0.072708
v -0.045271 0.387400 0.040072
v -0.040672 0.386484 0.057652
v -0.050132 0.399907 0.031644
v -0.047131 0.378343 0.025655
v -0.037194 0.377319 0.047469
v -0.039102 0.354946 0.034065
v -0.049531 0.361857 0.014450
v -0.048236 0.379757 0.013354
v -0.050182 0.372142 0.005127
v -0.049341 0.408645 0.023082
v -0.048209 0.352779 0.019095
v -0.042020 0.337775 0.029424
v -0.046737 0.384685 -0.005279
v -0.047928 0.406210 -0.003714
v -0.053149 0.442820 0.026274
v -0.046899 0.429359 0.009671
v -0.046942 0.426141 -0.006774
v -0.048253 0.441746 -0.006387
v -0.051879 0.464989 0.011167
v -0.049952 0.432870 0.022280
v -0.050671 0.446833 -0.004077
v -0.044010 0.481975 0.010588
v -0.045667 0.468674 -0.003546
v -0.022988 0.356102 0.050480
v -0.028399 0.373906 0.058929
v -0.026692 0.374529 0.072505
v -0.017514 0.360025 0.058590
v -0.018432 0.359129 0.080885
v -0.015123 0.364787 0.092068
v -0.023663 0.381676 0.082922
v -0.010247 0.377499 0.097278
v -0.058450 0.444557 0.038512
v -0.016436 0.384220 0.089242
v -0.022140 0.398513 0.086673
v -0.011267 0.388585 0.096262
v -0.010456 0.398915 0.097069
v -0.026768 0.455359 0.080970
v -0.025798 0.439508 0.086305
v 0.038926 0.419206 0.031844
v 0.036816 0.428441 0.056189
v 0.037449 0.405576 0.031921
v 0.035000 0.409436 0.058819
v 0.039926 0.435912 0.032168
v 0.040119 0.431741 0.020165
v 0.038013 0.449604 0.043764
v 0.040216 0.445403 0.030064
v 0.039017 0.455239 0.043532
v 0.036984 0.458713 0.057250
v 0.032448 0.412496 0.068814
v 0.033476 0.453550 0.062737
v 0.037778 0.466975 0.029978
v 0.038116 0.416545 0.024632
v 0.028078 0.438842 0.079338
v 0.033185 0.395052 0.040677
v 0.030130 0.392284 0.056989
v 0.036359 0.399014 0.028774
v 0.032864 0.380767 0.034403
v 0.022526 0.386290 0.074244
v 0.031054 0.460567 0.071876
v 0.030095 0.430369 0.069829
v 0.038019 0.447067 0.012737
v 0.037736 0.440359 0.012492
v 0.032100 0.475340 0.056857
v 0.030472 0.471619 0.066054
v 0.042563 0.410239 0.024883
v 0.033565 0.471765 0.012879
v 0.030574 0.378501 0.026857
v 0.037809 0.420826 0.020012
v 0.033282 0.477105 0.031451
v 0.025277 0.454552 0.075462
v 0.045593 0.439423 0.024168
v 0.045478 0.416393 0.012445
v 0.043940 0.418185 0.016476
v 0.045697 0.433185 0.014253
v 0.045440 0.438840 0.013348
v 0.030443 0.434161 -0.003880
v 0.033262 0.445711 0.000442
v 0.030259 0.470299 0.003396
v 0.035199 0.422266 0.008586
v 0.026580 0.403571 -0.003974
v 0.035273 0.409148 0.012831
v 0.031298 0.383462 0.010296
v 0.031215 0.369161 0.022159
v 0.032693 0.372135 0.010376
v 0.034309 0.359795 0.018717
v 0.029847 0.380137 0.000247
v 0.022955 0.388968 -0.010770
v -0.166254 -0.060248 -0.019126
v -0.164429 -0.099514 -0.005381
v -0.168399 -0.111071 -0.022162
v -0.162748 -0.063170 -0.005872
v -0.164530 -0.135941 -0.007069
v -0.166234 -0.155003 -0.020313
v -0.164610 -0.153452 -0.001105
v -0.163337 -0.133592 -0.000906
v -0.160307 -0.111660 -0.003346
v -0.158746 -0.043456 -0.006427
v -0.168575 -0.155267 -0.025217
v -0.160435 -0.037976 -0.017737
v -0.168411 -0.058422 -0.021743
v -0.167910 -0.033990 -0.021345
v -0.161466 -0.101956 -0.002921
v -0.162248 -0.110714 0.003863
v -0.159388 -0.090897 0.000836
v -0.170271 -0.136450 -0.025423
v -0.160483 -0.060734 -0.004824
v -0.162181 -0.033166 -0.019444
v -0.157309 -0.034946 -0.009640
v -0.154709 -0.040279 -0.008739
v -0.100582 0.343711 -0.035452
v -0.109507 0.341977 -0.017293
v -0.096384 0.352362 -0.014214
v -0.082562 0.357160 -0.034174
v -0.076325 0.365475 -0.017883
v -0.113450 0.334552 -0.031477
v -0.111970 0.331467 -0.047953
v -0.100815 0.338788 -0.046654
v -0.063234 0.368613 -0.030985
v -0.119228 0.336110 -0.020421
v -0.133150 0.322992 -0.029458
v -0.126269 0.335741 -0.014095
v -0.119921 0.343038 -0.006635
v -0.133158 0.333332 -0.005223
v -0.114762 0.326515 -0.041926
v -0.132310 0.316928 -0.048198
v -0.144478 0.315215 -0.035666
v -0.144726 0.309386 -0.049743
v -0.156329 0.305736 -0.033895
v -0.142023 0.319667 -0.020410
v -0.137929 0.324102 -0.007500
v -0.142166 0.320842 -0.005492
v -0.160502 0.303209 -0.019929
v -0.099805 0.327055 -0.064333
v -0.114470 0.321541 -0.062134
v -0.088045 0.340767 -0.053339
v -0.072944 0.352282 -0.048279
v -0.049134 0.363259 -0.048945
v -0.049241 0.369698 -0.041251
v -0.128716 0.305362 -0.063682
v -0.111717 0.350470 -0.007269
v -0.104983 0.354202 -0.004802
v -0.069571 0.342877 -0.059598
v -0.114640 0.320129 -0.050856
v -0.115728 0.313378 -0.059604
v -0.160796 0.285713 -0.049442
v -0.090553 0.355672 -0.005173
v -0.080418 0.363918 -0.007614
v -0.032406 0.363742 -0.052437
v -0.052773 0.346339 -0.062600
v -0.073553 0.328658 -0.070587
v -0.034273 0.371057 -0.045656
v -0.144450 0.289484 -0.063356
v -0.101646 0.317526 -0.070569
v -0.115784 0.307743 -0.073663
v -0.117859 0.305178 -0.066550
v -0.126991 0.290336 -0.074313
v -0.012868 0.371695 -0.048760
v -0.117661 0.293534 -0.074249
v -0.156365 0.273479 -0.058986
v -0.166587 0.273255 -0.049756
v -0.073003 0.379203 -0.015939
v -0.131875 0.332141 0.006346
v -0.141902 0.276925 -0.069322
v -0.125256 0.278360 -0.078980
v -0.060674 0.388044 -0.029003
v -0.075991 0.394808 -0.000612
v -0.084698 0.357122 0.004865
v -0.093495 0.351359 0.009244
v -0.066575 0.403379 -0.020301
v -0.073452 0.398776 -0.006714
v -0.049036 0.407750 -0.037743
v -0.101003 0.350479 0.008952
v -0.098495 0.348061 0.017219
v -0.086501 0.347636 0.017602
v -0.012067 0.476857 -0.020891
v 0.006325 0.461834 -0.024915
v -0.009568 0.459096 -0.029903
v 0.003213 0.477711 -0.017568
v -0.008052 0.448227 -0.033024
v -0.023691 0.462989 -0.025417
v -0.024642 0.477555 -0.016976
v -0.014235 0.487061 -0.011660
v 0.005520 0.486830 -0.007363
v -0.001462 0.492395 -0.002253
v 0.020207 0.469217 -0.011100
v 0.020385 0.480051 -0.001420
v 0.008121 0.446790 -0.026311
v 0.023556 0.445727 -0.015323
v 0.030259 0.470299 0.003396
v 0.023274 0.486056 0.012421
v 0.033565 0.471765 0.012879
v 0.033262 0.445711 0.000442
v 0.019993 0.441507 -0.017211
v 0.006421 0.428041 -0.027743
v -0.006480 0.444462 -0.030861
v -0.004706 0.423353 -0.033183
v 0.002261 0.404687 -0.030335
v 0.014574 0.401708 -0.020814
v 0.010691 0.400541 -0.025646
v 0.017061 0.397841 -0.021732
v -0.012485 0.407254 -0.033448
v 0.030443 0.434161 -0.003880
v 0.026580 0.403571 -0.003974
v 0.022955 0.388968 -0.010770
v -0.027636 0.441856 -0.026334
v -0.030272 0.448894 -0.026623
v -0.029444 0.421269 -0.026071
v -0.027807 0.403351 -0.029374
v 0.031007 0.328606 0.071468
v 0.017951 0.311642 0.057457
v 0.020365 0.316545 0.079087
v 0.024042 0.318283 0.049620
v 0.039149 0.338041 0.054499
v 0.034723 0.332231 0.090516
v 0.048901 0.350722 0.068796
v 0.006979 0.299984 0.055711
v 0.045838 0.344974 0.089148
v 0.005725 0.299656 0.064466
v 0.023459 0.317812 0.093893
v 0.016668 0.311914 0.083757
v 0.050715 0.350193 0.086315
v 0.061441 0.365465 0.070381
v 0.042535 0.344640 0.043937
v 0.033272 0.332364 0.039789
v 0.026933 0.323508 0.045262
v 0.029598 0.323286 0.101028
v 0.050916 0.359172 0.047711
v 0.008507 0.306387 0.080744
v 0.039204 0.334795 0.097345
v 0.036487 0.341565 0.032375
v 0.045329 0.362259 0.028210
v 0.059152 0.370831 0.057850
v 0.055983 0.374372 0.046262
v 0.051504 0.380998 0.029288
v 0.044491 0.387989 0.009335
v 0.038481 0.358198 0.021587
v 0.035827 0.379170 0.004402
v 0.041280 0.395469 -0.003581
v 0.033030 0.399865 -0.017363
v 0.027696 0.384258 -0.008162
v 0.005635 0.307497 0.048943
v 0.006684 0.290048 0.060444
v 0.006798 0.295686 0.060953
v 0.065344 0.357237 0.083622
v 0.029847 0.380137 0.000247
v 0.032693 0.372135 0.010376
v 0.013742 0.287489 0.067299
v 0.005946 0.257345 0.077128
v 0.010553 0.267664 0.076692
v 0.011658 0.246389 0.084992
v 0.112041 -0.411545 -0.017189
v 0.113774 -0.407466 0.001011
v 0.114074 -0.418500 -0.003975
v 0.113919 -0.435456 -0.020579
v 0.118740 -0.446670 0.001176
v 0.115880 -0.451108 -0.014126
v 0.117358 -0.436422 0.011295
v 0.122299 -0.453319 0.014861
v 0.125895 -0.464688 0.008786
v 0.114350 -0.465483 -0.028007
v 0.121570 -0.481471 -0.002975
v 0.113581 -0.477198 -0.031917
v 0.107548 -0.474591 -0.048638
v 0.132310 -0.483018 0.026053
v 0.130702 -0.467560 0.029650
v 0.138448 -0.486567 0.043095
v 0.136383 -0.474367 0.046246
v 0.103298 -0.419905 -0.039073
v 0.106951 -0.450759 -0.036374
v 0.110215 -0.434482 -0.032159
v 0.141551 -0.486415 0.071101
v 0.108035 -0.394919 -0.032664
v 0.100012 -0.444189 -0.046295
v 0.113695 -0.393311 -0.018515
v 0.111014 -0.482860 -0.048030
v 0.116413 -0.483159 -0.030346
v 0.115059 -0.499563 -0.035767
v 0.120900 -0.498369 -0.010350
v 0.122882 -0.485828 -0.003670
v 0.110604 -0.499211 -0.047983
v 0.132568 -0.486425 0.021347
v 0.133139 -0.499070 0.021746
v 0.141877 -0.499892 0.043296
v 0.142094 -0.491234 0.046389
v 0.145934 -0.500174 0.071051
v 0.145109 -0.490100 0.066872
v 0.137496 -0.474686 0.061619
v 0.143191 -0.487587 0.088419
v 0.116335 -0.383142 -0.006801
v 0.117661 -0.371156 -0.016313
v 0.112614 -0.376878 -0.033411
v 0.113834 -0.369419 -0.033772
v 0.126644 -0.496161 0.008079
v 0.121382 -0.494174 -0.005432
v 0.118951 -0.364148 -0.005861
v 0.105896 -0.368624 -0.047338
v 0.111823 -0.412467 0.012107
v 0.113599 -0.400083 0.008292
v 0.120050 -0.449031 0.027932
v 0.143826 -0.498662 0.086275
v 0.115828 -0.367077 0.005548
v 0.135742 -0.470949 0.091316
v 0.140005 -0.481959 0.098940
v 0.112426 -0.426661 0.019638
v 0.095894 -0.467230 -0.058589
v 0.099534 -0.482510 -0.059767
v 0.098166 -0.498828 -0.060716
v 0.102397 -0.384507 -0.042716
v 0.097921 -0.412855 -0.043744
v 0.140432 -0.496930 0.099177
v 0.121929 -0.360866 -0.020661
v 0.133117 -0.470306 0.103935
v 0.123877 -0.459342 0.042820
v 0.108966 -0.430624 0.029112
v 0.119507 -0.357829 0.007784
v 0.091828 -0.425673 -0.047883
v 0.090895 -0.453640 -0.056140
v 0.095136 -0.389685 -0.046080
v 0.134170 -0.493606 0.111206
v 0.128087 -0.351574 -0.034249
v 0.129491 -0.351875 -0.016446
v 0.118739 -0.355538 -0.048344
v 0.127540 -0.350602 0.004722
v 0.152832 0.009510 0.043796
v 0.160007 0.000006 0.026166
v 0.155644 -0.002175 0.041754
v 0.159356 -0.020676 0.040074
v 0.156056 -0.028779 0.050619
v 0.162064 -0.039567 0.038380
v 0.161307 0.010867 0.021994
v 0.161501 -0.014880 0.021714
v 0.164199 -0.008499 0.011107
v 0.161294 0.004562 0.015824
v 0.161711 -0.035275 0.026347
v 0.154228 0.017214 0.042013
v 0.164310 -0.055428 0.025991
v 0.161108 -0.025958 0.015427
v 0.162056 -0.043226 0.046319
v 0.167017 -0.054673 0.038947
v 0.157672 -0.044182 0.055787
v 0.154682 0.021787 0.045843
v 0.160565 -0.048107 0.016634
v 0.154537 0.017409 0.053725
v 0.157304 0.021975 0.016085
v 0.150250 0.036796 0.027289
v 0.148367 0.053348 0.023593
v 0.148713 0.045743 0.013215
v 0.152506 0.032827 0.011917
v 0.151725 0.041864 -0.000527
v 0.148275 0.069659 0.021757
v 0.168747 -0.074817 0.037868
v 0.143661 0.057912 -0.002919
v 0.144393 0.079119 0.010707
v 0.142494 0.081748 0.002238
v 0.141330 0.094940 -0.000454
v 0.165867 -0.076444 0.029934
v 0.162225 -0.063927 0.020565
v 0.164425 -0.074488 0.015488
v 0.163133 -0.041287 0.011891
v 0.153329 0.053043 -0.017204
v 0.165035 -0.083014 0.033724
v 0.175180 -0.053976 0.053601
v 0.175543 -0.077113 0.051858
v 0.174842 -0.060583 0.062751
v 0.172379 -0.049493 0.058944
v 0.173044 -0.083219 0.059519
v 0.169687 -0.081561 0.068184
v 0.159842 -0.080429 0.021077
v 0.146023 -0.000986 0.060170
v 0.149116 -0.008245 0.052628
v 0.143181 -0.024448 0.062128
v 0.146720 -0.021255 0.056216
v 0.138844 0.067895 -0.008511
v 0.136524 0.074318 -0.017877
v 0.133116 0.087107 -0.009319
v 0.137499 0.087035 -0.019036
v 0.138359 0.083196 -0.033527
v 0.144170 0.097162 -0.036340
v 0.143328 0.102168 -0.023068
v 0.146220 0.110101 -0.035213
v 0.144483 0.122687 -0.031156
v 0.142438 0.123117 -0.007627
v 0.142053 0.127315 -0.015522
v 0.140321 0.106302 -0.006049
v 0.137876 0.133315 -0.022421
v 0.134975 0.140551 -0.030789
v 0.148263 0.119283 -0.039610
v 0.147323 0.129896 -0.051969
v 0.153991 0.113297 -0.048494
v 0.138015 0.152589 -0.051392
v 0.126338 0.169669 -0.032500
v 0.128338 0.161209 -0.027545
v 0.132451 0.168867 -0.051264
v 0.117614 0.184384 -0.041799
v 0.127863 0.146431 -0.023224
v 0.157587 -0.092964 0.016583
v 0.137227 -0.039965 0.061776
v 0.134018 -0.044712 0.069847
v 0.137168 -0.052180 0.068503
v 0.130910 -0.056252 0.078275
v 0.133045 -0.045467 0.081285
v 0.133867 -0.027406 0.074062
v 0.177803 -0.082656 0.052652
v 0.117135 0.167974 -0.017889
v 0.138186 -0.013807 0.068981
v 0.167192 0.010884 0.013412
v 0.162546 0.028973 0.000811
v 0.122019 0.137425 -0.007556
v 0.112673 0.154015 -0.005294
v 0.118162 0.153863 -0.016657
v 0.112428 0.170817 -0.007489
v 0.130592 0.128444 -0.008323
v 0.153395 0.070076 -0.036934
v 0.148392 0.082368 -0.042985
v 0.151087 0.082963 -0.048794
v 0.108496 0.184373 -0.031748
v 0.168051 -0.047219 0.050008
v 0.172039 0.029481 -0.007807
v 0.170322 0.052216 -0.030200
v 0.149193 0.004532 0.066461
v 0.169924 0.064961 -0.040382
v 0.176269 0.048385 -0.036865
v 0.171129 0.067463 -0.050600
v 0.175322 0.046465 -0.026132
v 0.181612 0.042456 -0.034129
v 0.179546 0.037095 -0.017821
v 0.154838 0.081878 -0.049365
v 0.180917 0.056858 -0.048916
v 0.185356 0.036263 -0.024142
v 0.186818 0.028709 -0.011687
v 0.014222 0.072207 0.084415
v 0.018171 0.065454 0.086750
v 0.016954 0.074431 0.096658
v 0.020232 0.045975 0.099502
v 0.020707 0.037920 0.088111
v 0.023511 0.020665 0.096089
v 0.014677 0.087963 0.085881
v 0.014487 0.087506 0.095176
v 0.013682 0.119666 0.088596
v 0.015822 0.111220 0.098648
v 0.012173 0.125332 0.086350
v 0.016261 0.163564 0.095110
v 0.018518 0.082835 0.100804
v 0.009363 0.170011 0.084621
v 0.013548 0.191421 0.095462
v 0.007269 0.197055 0.085123
v 0.011140 0.208836 0.093700
v 0.006954 0.219769 0.084502
v 0.010944 0.225800 0.090437
v 0.006902 0.239822 0.082300
v 0.016358 0.061040 0.084040
v 0.018697 0.036676 0.083975
v 0.011658 0.246389 0.084992
v 0.005946 0.257345 0.077128
v 0.025825 0.027675 0.083048
v 0.026261 0.020879 0.090262
v 0.023437 0.044866 0.101803
v 0.026821 0.024304 0.100516
v -0.168649 0.121455 -0.012556
v -0.173609 0.113446 -0.012058
v -0.163666 0.106321 -0.025655
v -0.157051 0.106056 -0.030651
v -0.149983 0.125563 -0.025059
v -0.147753 0.140869 -0.021262
v -0.155061 0.146211 -0.010102
v -0.146740 0.158187 -0.010675
v -0.134108 0.162356 -0.020467
v -0.151091 0.170455 -0.002857
v -0.129923 0.174725 -0.011727
v -0.133642 0.187753 0.000417
v -0.125816 0.183985 -0.008275
v -0.123334 0.199017 0.003703
v -0.181579 0.106825 -0.012781
v -0.171397 0.096266 -0.025043
v -0.181461 0.093039 -0.019894
v -0.190093 0.111486 -0.006844
v -0.146310 0.129438 -0.025444
v -0.141126 0.143837 -0.022961
v -0.179830 0.135621 -0.004620
v -0.174868 0.157805 0.000382
v -0.158995 0.180215 0.002493
v -0.175406 0.081666 -0.024954
v -0.144357 0.196131 0.006117
v -0.185682 0.084377 -0.022021
v -0.125814 0.214560 0.009727
v -0.159362 0.090660 -0.027690
v -0.192144 0.093858 -0.004595
v -0.188275 0.090574 -0.011154
v -0.185874 0.135178 -0.004668
v -0.186234 0.075830 -0.020124
v -0.174807 0.063525 -0.022554
v -0.145498 0.224527 0.009008
v -0.160732 0.079107 -0.024260
v -0.165141 0.066397 -0.024987
v -0.176774 0.049776 -0.024854
v -0.123719 0.231667 0.014495
v -0.137049 0.254368 0.015512
v -0.184739 0.092166 -0.021588
v -0.121522 0.213927 0.012884
v -0.069068 0.334326 0.065073
v -0.064175 0.322766 0.057197
v -0.060406 0.326780 0.078712
v -0.069929 0.347999 0.094942
v -0.076208 0.347082 0.066832
v -0.078024 0.338920 0.048725
v -0.058559 0.331449 0.092330
v -0.051872 0.309561 0.060193
v -0.056233 0.311854 0.051816
v -0.053513 0.318961 0.099579
v -0.048920 0.311058 0.088230
v -0.044658 0.299504 0.066650
v -0.037432 0.292329 0.072899
v -0.060743 0.317584 0.049127
v -0.076663 0.354676 0.094657
v -0.081298 0.361403 0.078509
v -0.082090 0.352003 0.043792
v -0.071097 0.321663 0.044843
v -0.080552 0.332571 0.036527
v -0.050554 0.302148 0.058870
v -0.083714 0.370314 0.055912
v -0.083308 0.369337 0.030092
v -0.042841 0.290424 0.067052
v -0.084462 0.356560 0.015672
v -0.082303 0.330128 0.034051
v -0.052853 0.321511 0.101042
v -0.081253 0.383136 0.028158
v -0.081491 0.375765 0.012923
v -0.084698 0.357122 0.004865
v -0.086501 0.347636 0.017602
v -0.075991 0.394808 -0.000612
v -0.080418 0.363918 -0.007614
v -0.113341 -0.065805 0.073237
v -0.126670 -0.061850 0.076722
v -0.111235 -0.081396 0.069569
v -0.127485 -0.086651 0.070684
v -0.126312 -0.028227 0.085398
v -0.108811 -0.036014 0.079436
v -0.120770 -0.028104 0.084622
v -0.108350 -0.087972 0.068974
v -0.067158 -0.100037 0.047626
v -0.064889 -0.093193 0.058637
v -0.068253 -0.107818 0.057935
v -0.068991 -0.132846 0.052550
v -0.068172 -0.129311 0.043615
v -0.070804 -0.127361 0.056868
v -0.068743 -0.092934 0.064177
v -0.060290 -0.095113 0.041814
v -0.050307 -0.101024 0.031658
v -0.046473 -0.075014 0.034347
v -0.058132 -0.073562 0.046296
v -0.063123 -0.084220 0.051685
v -0.056168 -0.064722 0.050097
v -0.069667 -0.083868 0.057727
v -0.057481 -0.127971 0.038087
v -0.059505 -0.092637 0.052285
v -0.046499 -0.130940 0.033116
v -0.062882 -0.150283 0.031864
v -0.046496 -0.148258 0.022141
v -0.055815 -0.167643 0.020893
v -0.076043 -0.190111 0.021219
v -0.077566 -0.157798 0.035995
v -0.080395 -0.137989 0.045830
v -0.085949 -0.178186 0.029821
v -0.090760 -0.152778 0.041218
v -0.094532 -0.137599 0.052389
v -0.088693 -0.191847 0.021964
v -0.094191 -0.203166 0.012318
v -0.075641 -0.205166 0.006350
v -0.096225 -0.218363 0.012389
v -0.075233 -0.220851 0.003886
v -0.098289 -0.236082 0.009232
v -0.087400 -0.233460 0.005471
v -0.098361 -0.258770 0.004759
v -0.078666 -0.257602 -0.006471
v -0.091601 -0.271287 0.000628
v -0.111209 -0.246674 0.008992
v -0.110985 -0.219404 0.013938
v -0.109693 -0.272167 0.000762
v -0.105432 -0.296497 -0.005040
v -0.087808 -0.281776 -0.003384
v -0.117679 -0.208021 0.015194
v -0.117424 -0.193640 0.020093
v -0.082289 0.046483 0.092474
v -0.088160 0.037727 0.101372
v -0.082693 0.023947 0.092772
v -0.086858 0.011738 0.097555
v -0.079333 0.086430 0.093525
v -0.088024 0.073819 0.105459
v -0.088602 0.082585 0.109670
v -0.086288 0.005854 0.094220
v -0.087103 0.104169 0.103141
v -0.079494 0.105271 0.093952
v -0.087883 0.139124 0.100727
v -0.078538 0.148631 0.093186
v -0.074407 0.036834 0.086324
v -0.076867 0.004659 0.087917
v -0.091356 0.162827 0.099568
v -0.091180 0.093593 0.108481
v -0.091446 0.122122 0.103833
v -0.091467 0.035845 0.102995
v -0.091876 0.069804 0.104467
v 0.172792 -0.042574 0.074460
v 0.157941 -0.059122 0.073664
v 0.172834 -0.058484 0.077267
v 0.161816 -0.018619 0.071644
v 0.173625 -0.022914 0.075525
v 0.175660 -0.010323 0.072299
v 0.172430 0.010003 0.065703
v 0.154658 -0.033399 0.073486
v 0.162009 -0.001081 0.069499
v 0.159767 0.013107 0.063620
v 0.164162 0.021860 0.059917
v 0.173478 0.022851 0.062872
v 0.168226 0.045799 0.053139
v 0.174081 0.062292 0.048541
v 0.162540 -0.067110 0.079404
v 0.152565 -0.071933 0.080168
v 0.176954 -0.028579 0.080728
v 0.179893 -0.024613 0.078847
v 0.183067 -0.039338 0.082071
v 0.159137 -0.072801 0.084139
v 0.152360 -0.079596 0.084243
v 0.177871 -0.051054 0.087910
v 0.181492 -0.054179 0.088850
v 0.173388 -0.063898 0.087964
v 0.178923 -0.068083 0.087679
v 0.163042 -0.071514 0.092087
v 0.168219 -0.082995 0.094153
v 0.176597 -0.051023 0.073921
v 0.142898 -0.060409 0.082401
v 0.152448 -0.005236 0.077184
v 0.153091 -0.043442 0.075367
v 0.156596 -0.013839 0.076310
v 0.150933 -0.024462 0.085329
v 0.139971 -0.051186 0.085985
v 0.144327 -0.035758 0.084133
v 0.148496 -0.027989 0.084398
v 0.149422 -0.070202 0.078653
v 0.113860 0.305616 -0.053213
v 0.127367 0.273654 -0.055579
v 0.112430 0.273121 -0.060489
v 0.122296 0.299963 -0.051332
v 0.116879 0.260597 -0.058265
v 0.125948 0.239379 -0.057274
v 0.109902 0.247880 -0.058457
v 0.126112 0.229642 -0.057221
v 0.094403 0.264895 -0.064934
v 0.093636 0.274629 -0.066431
v 0.110943 0.284186 -0.061084
v 0.092581 0.290989 -0.064041
v 0.100653 0.300976 -0.058154
v 0.104181 0.317541 -0.052849
v 0.074947 0.319451 -0.061236
v 0.093855 0.325708 -0.052214
v 0.085018 0.316095 -0.057033
v 0.093323 0.245564 -0.060874
v 0.095663 0.227611 -0.055286
v 0.132118 0.245902 -0.057905
v 0.091413 0.230401 -0.057389
v 0.114295 0.214768 -0.053231
v 0.114699 0.315741 -0.054535
v 0.101021 0.329616 -0.054874
v 0.081012 0.332315 -0.049374
v 0.132824 0.192859 -0.058400
v 0.089316 0.336421 -0.045890
v 0.111370 0.325405 -0.050654
v 0.123765 0.324432 -0.046809
v 0.113910 0.337561 -0.043983
v 0.128867 0.314799 -0.047375
v 0.115860 0.308052 -0.055723
v 0.104080 0.335456 -0.045057
v 0.098018 0.347107 -0.035342
v 0.135595 0.289165 -0.042221
v 0.128604 0.303530 -0.044315
v 0.136412 0.258366 -0.050301
v 0.145888 0.263874 -0.043706
v 0.155208 0.238060 -0.044002
v 0.140020 0.237606 -0.052771
v 0.150673 0.217548 -0.050171
v 0.163841 0.206026 -0.049050
v 0.153271 0.196450 -0.056604
v 0.141686 0.216192 -0.055291
v 0.138089 0.196994 -0.063059
v 0.148515 0.183780 -0.062969
v 0.163585 0.193189 -0.054365
v 0.171618 0.198223 -0.047829
v 0.173649 0.186266 -0.052013
v 0.144439 0.285099 -0.036161
v 0.140611 0.297661 -0.032094
v 0.133577 0.314634 -0.041624
v 0.143251 0.311705 -0.032923
v 0.166697 0.208874 -0.044222
v 0.076782 0.299753 -0.073712
v 0.079641 0.283609 -0.078981
v 0.160590 0.232583 -0.038298
v 0.151059 0.268192 -0.034707
v 0.156107 0.253384 -0.034957
v 0.135006 0.218003 -0.064733
v 0.122184 0.341305 -0.031824
v 0.099463 0.334277 -0.052989
v 0.114115 0.347751 -0.029832
v 0.096769 0.344338 -0.042654
v 0.135050 0.235952 -0.065983
v 0.061895 -0.330584 -0.003398
v 0.063383 -0.336580 0.013157
v 0.074154 -0.327466 0.009593
v 0.050599 -0.339005 -0.002265
v 0.078786 -0.333646 0.026642
v 0.047680 -0.332957 -0.016713
v 0.074031 -0.338559 0.027909
v 0.088974 -0.334487 0.033175
v 0.083978 -0.328183 0.018186
v 0.094533 -0.325417 0.025361
v 0.077645 -0.330430 0.013947
v 0.063042 -0.347746 0.019847
v 0.056586 -0.347263 0.008282
v 0.086004 -0.322599 0.018335
v -0.183405 -0.038955 0.035730
v -0.190325 -0.033681 0.036247
v -0.189990 -0.048998 0.037522
v -0.185266 -0.054939 0.038725
v -0.183801 -0.028951 0.030670
v -0.189052 -0.022278 0.031078
v -0.202334 -0.021286 0.031092
v -0.196887 -0.006208 0.023964
v -0.205828 0.006635 0.023041
v -0.220177 -0.008855 0.029993
v -0.214947 0.023208 0.017249
v -0.204888 0.032150 0.013613
v -0.204206 0.055343 0.006758
v -0.207587 -0.021679 0.031251
v -0.220939 -0.031678 0.036409
v -0.213894 -0.053087 0.039735
v -0.216608 0.046554 0.006532
v -0.213037 0.073325 -0.001511
v -0.199458 0.090232 -0.002035
v -0.196396 0.076144 0.001048
v -0.192144 0.093858 -0.004595
v -0.190093 0.111486 -0.006844
v -0.201410 0.114459 -0.010476
v -0.197826 0.045916 0.005529
v -0.208334 0.102879 -0.010816
v -0.221866 -0.048684 0.036786
v -0.204386 0.122348 -0.011409
v -0.185874 0.135178 -0.004668
v -0.179830 0.135621 -0.004620
v -0.194618 0.145871 -0.010015
v -0.223778 0.011856 0.017270
v -0.194813 -0.041401 0.033148
v -0.202556 -0.033576 0.026888
v -0.202904 -0.043702 0.024804
v -0.197572 -0.046556 0.024959
v -0.195655 -0.058011 0.025081
v -0.181544 -0.056908 0.036526
v -0.209976 -0.042904 0.035706
v -0.201801 -0.057866 0.036337
v -0.192179 0.066084 -0.001084
v -0.190783 -0.062945 0.034464
v -0.184439 -0.067098 0.032364
v -0.197444 -0.071373 0.038524
v -0.155665 -0.456293 0.014139
v -0.168458 -0.460913 0.025678
v -0.150686 -0.458903 0.030805
v -0.148547 -0.455945 0.017656
v -0.160922 -0.456589 0.010229
v -0.135195 -0.456832 0.023802
v -0.143723 -0.454090 0.015177
v -0.149194 -0.451960 0.008677
v -0.159866 -0.459004 0.045849
v -0.181311 -0.461592 0.043938
v -0.173910 -0.459325 0.059816
v -0.157909 -0.460308 0.063513
v -0.145309 -0.461862 0.044786
v -0.144814 -0.463657 0.056177
v -0.135822 -0.462712 0.033980
v -0.185932 -0.466303 0.029769
v -0.174931 -0.466103 0.008290
v -0.128892 -0.444681 0.009608
v -0.144876 -0.445699 0.002402
v -0.158197 -0.452505 -0.000999
v -0.149639 -0.443781 -0.008898
v -0.186830 -0.466931 0.048087
v -0.169029 -0.466150 0.068660
v -0.132941 -0.433908 -0.002679
v -0.168104 -0.467085 -0.009900
v -0.190250 -0.470932 0.026036
v -0.140030 -0.434395 -0.009757
v -0.145608 -0.437596 -0.018616
v -0.124779 -0.436458 0.003581
v -0.122093 -0.423258 -0.006739
v -0.132178 -0.424026 -0.011988
v -0.136629 -0.420797 -0.022525
v -0.178508 -0.467874 0.062921
v -0.182354 -0.476359 -0.000662
v -0.154695 -0.454347 -0.019770
v -0.168392 -0.472789 -0.021145
v -0.151541 -0.456121 -0.032577
v -0.139609 -0.424996 -0.032404
v -0.120740 -0.408623 -0.013132
v -0.130898 -0.409353 -0.019702
v -0.144263 -0.468621 0.063966
v -0.120241 -0.385412 -0.016683
v -0.180203 -0.034200 0.003816
v -0.182674 -0.048918 0.010372
v -0.193346 -0.025083 0.006432
v -0.186087 -0.020239 0.003049
v -0.197792 -0.008249 0.004022
v -0.202439 -0.033338 0.015778
v -0.198942 -0.043193 0.020077
v -0.194833 -0.052007 0.017183
v -0.171650 -0.038948 0.004986
v -0.173681 -0.047863 0.010145
v -0.177479 -0.055100 0.012683
v -0.177607 -0.065960 0.014121
v -0.206528 -0.005851 0.001303
v -0.203119 -0.049759 0.019352
v -0.185451 -0.000376 0.005807
v -0.198959 0.005476 0.004460
v -0.170724 -0.032821 0.005762
v -0.191275 -0.059589 0.011339
v -0.181465 -0.061647 0.009557
v -0.180207 -0.023914 0.005470
v 0.094952 0.347458 -0.019368
v 0.087161 0.346226 -0.003612
v 0.097254 0.346021 -0.008825
v 0.100247 0.342544 0.008599
v 0.092932 0.338982 0.020803
v 0.103669 0.338096 0.018991
v 0.111879 0.340325 0.010691
v 0.080183 0.338699 0.019909
v 0.080071 0.343321 0.005685
v 0.061567 0.339248 0.023719
v 0.078012 0.346040 -0.006045
v 0.063583 0.347627 -0.005510
v 0.062285 0.344944 0.008030
v 0.096660 0.329137 0.039058
v 0.109698 0.330794 0.038378
v 0.124900 0.334747 0.024064
v 0.126001 0.329418 0.038050
v 0.123070 0.337101 0.008919
v 0.070641 0.329800 0.035974
v 0.090978 0.329581 0.035681
v 0.057290 0.332484 0.036400
v 0.110295 0.319619 0.052790
v 0.136285 0.326101 0.034036
v 0.130035 0.315413 0.052847
v 0.108154 0.350246 -0.013135
v 0.063071 0.347548 -0.010921
v 0.080961 0.345243 -0.019903
v 0.135574 0.331377 0.010023
v 0.105475 0.351363 -0.018747
v 0.114115 0.347751 -0.029832
v 0.068395 0.343019 -0.033531
v 0.056486 0.348072 -0.033911
v 0.098018 0.347107 -0.035342
v 0.078779 0.341155 -0.033834
v 0.060253 0.339162 -0.049287
v 0.106542 0.351427 -0.007471
v 0.119707 0.348274 -0.008640
v 0.118823 0.345246 0.004189
v 0.107817 0.348374 0.003895
v 0.128396 0.336453 -0.030667
v 0.128087 0.343971 -0.009907
v 0.048736 0.347971 -0.044392
v 0.122184 0.341305 -0.031824
v 0.081012 0.332315 -0.049374
v 0.089316 0.336421 -0.045890
v 0.096769 0.344338 -0.042654
v 0.195390 0.059410 0.005370
v 0.196473 0.053402 0.011095
v 0.195185 0.042947 0.015059
v 0.187839 0.039642 -0.000836
v 0.187392 0.033003 0.003474
v 0.194951 0.031039 0.021234
v 0.192531 0.018953 0.022509
v 0.197632 0.042353 0.019711
v 0.196449 0.027829 0.028802
v 0.184395 0.042803 -0.009734
v 0.188234 0.064878 -0.018933
v 0.189656 0.056086 -0.002611
v 0.193407 0.066061 0.002949
v 0.191950 0.080023 -0.017355
v 0.179369 0.051777 -0.023205
v 0.179219 0.058849 -0.030163
v 0.187943 0.075264 -0.036423
v 0.197078 0.080381 -0.019496
v 0.198403 0.092959 -0.034564
v 0.200989 0.083647 -0.012112
v 0.187414 0.090880 -0.047005
v 0.202385 0.097392 -0.014146
v 0.203817 0.091700 -0.008786
v 0.202046 0.079148 -0.004294
v 0.194480 0.107408 -0.046424
v 0.179800 0.065639 -0.036738
v 0.174183 0.072272 -0.047929
v 0.171495 0.074881 -0.052075
v 0.171129 0.067463 -0.050600
v 0.172050 0.089081 -0.058102
v 0.178413 0.070386 -0.040543
v 0.180259 0.109268 -0.058446
v 0.174489 0.097552 -0.063587
v 0.181044 0.111145 -0.065297
v 0.198708 0.018779 0.029646
v 0.196392 0.014019 0.029008
v -0.109899 -0.058002 0.059471
v -0.113341 -0.065805 0.073237
v -0.108440 -0.074396 0.058423
v -0.111235 -0.081396 0.069569
v -0.107487 -0.081700 0.059285
v -0.111438 -0.054635 0.074742
v -0.108481 -0.042731 0.064172
v -0.108811 -0.036014 0.079436
v -0.106884 -0.037512 0.075346
v -0.108614 -0.038229 0.064256
v -0.105706 -0.087267 0.063703
v -0.108350 -0.087972 0.068974
v -0.107476 -0.091495 0.056661
v -0.107375 0.145422 0.074967
v -0.126678 0.124728 0.054017
v -0.118166 0.124450 0.065062
v -0.107038 0.124185 0.078557
v -0.101549 0.146398 0.082660
v -0.117758 0.146438 0.063192
v -0.100684 0.130945 0.086902
v -0.133041 0.139969 0.049541
v -0.140237 0.120672 0.043740
v -0.141478 0.141555 0.041306
v -0.132465 0.150891 0.054283
v -0.142489 0.147100 0.048029
v -0.112656 0.153778 0.082684
v -0.106892 0.152771 0.087433
v -0.099371 0.152014 0.092037
v -0.124548 0.153999 0.070041
v -0.125296 0.085773 0.078969
v -0.116331 0.082528 0.086504
v -0.123894 0.089553 0.086236
v -0.132989 0.094976 0.075826
v -0.132948 0.085272 0.068298
v -0.138399 0.098980 0.065598
v -0.142147 0.089016 0.052202
v -0.143373 0.095472 0.056737
v -0.144128 0.078939 0.050129
v -0.145594 0.066917 0.048260
v -0.136689 0.062463 0.063066
v -0.141972 0.057878 0.053252
v -0.127369 0.060689 0.079578
v -0.126109 0.071808 0.080124
v -0.126796 0.110895 0.081833
v -0.134565 0.117069 0.067525
v -0.142923 0.112874 0.052186
v -0.127178 0.041634 0.066843
v -0.128369 0.035554 0.058229
v -0.116489 0.094658 0.092529
v -0.117444 0.069531 0.087084
v -0.112781 0.118277 0.092262
v -0.140102 0.044520 0.042260
v -0.126438 0.120615 0.076754
v -0.137571 0.120051 0.058501
v -0.119525 0.057244 0.084210
v -0.114538 0.039552 0.080619
v -0.114787 0.027882 0.069313
v -0.145047 0.063907 0.039531
v -0.144078 0.045264 0.035320
v -0.147726 0.061621 0.028662
v -0.134239 0.035345 0.042440
v -0.141591 0.103942 0.040628
v -0.143699 0.072866 0.036580
v -0.144649 0.088501 0.027555
v -0.143490 0.109444 0.031587
v -0.140265 0.117712 0.049381
v -0.145140 0.047946 0.015650
v -0.137460 0.034696 0.018342
v -0.145152 0.042954 0.012115
v -0.132688 0.030526 0.008839
v -0.098802 0.038032 0.089928
v -0.105443 0.037331 0.080536
v -0.104244 0.026155 0.076151
v -0.100912 0.054864 0.089221
v -0.097925 0.067199 0.095092
v -0.096762 0.016817 0.089389
v -0.096040 0.005413 0.086873
v -0.103550 0.082519 0.090889
v -0.086858 0.011738 0.097555
v -0.097859 0.031244 0.097210
v -0.091876 0.069804 0.104467
v -0.098456 0.088953 0.099500
v -0.091180 0.093593 0.108481
v -0.097512 0.115089 0.099383
v -0.088602 0.082585 0.109670
v -0.100285 0.098033 0.093572
v -0.101484 0.119249 0.092888
v -0.097222 0.132364 0.098139
v -0.091467 0.035845 0.102995
v -0.091446 0.122122 0.103833
v -0.091356 0.162827 0.099568
v -0.099314 0.007756 0.074846
v -0.103394 0.017739 0.072374
v -0.104297 0.024843 0.068269
v -0.086288 0.005854 0.094220
v -0.109095 0.045885 0.082804
v -0.090778 0.048905 -0.084454
v -0.078074 0.042116 -0.076228
v -0.089455 0.043665 -0.070756
v -0.086215 0.050203 -0.090743
v -0.075580 0.045967 -0.083461
v -0.053742 0.046049 -0.093571
v -0.051194 0.040605 -0.085793
v -0.082602 0.051937 -0.100076
v -0.078083 0.052029 -0.104270
v -0.065614 0.051986 -0.111687
v -0.055134 0.048627 -0.103497
v -0.111681 0.044912 -0.080599
v -0.114319 0.039774 -0.064507
v -0.106792 0.035223 -0.053911
v -0.126262 0.034628 -0.044237
v -0.113239 0.032775 -0.046129
v -0.087484 0.037676 -0.067709
v -0.121655 0.026744 -0.032222
v -0.128730 0.031357 -0.035078
v -0.039883 0.044669 -0.087950
v -0.047679 0.051827 -0.103289
v -0.034915 0.051874 -0.098522
v -0.021939 0.051160 -0.095298
v -0.008777 0.049551 -0.092308
v -0.103570 0.048737 -0.084251
v -0.119379 0.043109 -0.065009
v -0.129703 0.041835 -0.050755
v -0.129089 0.029341 -0.017222
v -0.006865 0.043465 -0.087930
v -0.134441 0.034574 -0.025789
v 0.105363 -0.171927 -0.010754
v 0.106838 -0.183656 -0.011781
v 0.112467 -0.183014 -0.006507
v 0.107078 -0.161674 -0.005447
v 0.106083 -0.199498 -0.011243
v 0.110305 -0.208420 -0.007501
v 0.120192 -0.212860 -0.005613
v 0.120133 -0.169869 -0.004294
v 0.114222 -0.153097 -0.003693
v 0.108241 -0.142834 -0.001772
v 0.113476 -0.217303 -0.004469
v 0.124707 -0.215982 -0.006814
v 0.112305 -0.221578 -0.005834
v 0.168124 -0.095719 0.056736
v 0.178391 -0.094582 0.057436
v 0.171453 -0.106324 0.058189
v 0.161370 -0.103594 0.056250
v 0.155726 -0.121603 0.057511
v 0.137539 -0.115868 0.055388
v 0.170765 -0.091036 0.057919
v 0.177803 -0.082656 0.052652
v 0.185659 -0.077517 0.054742
v 0.181876 -0.067525 0.048074
v 0.191566 -0.060779 0.051875
v 0.169963 -0.113649 0.062223
v 0.185537 -0.058270 0.045621
v 0.190837 -0.049663 0.046247
v 0.178168 -0.103316 0.062938
v 0.161673 -0.121273 0.063452
v 0.019201 0.428900 0.079454
v 0.008401 0.428728 0.079559
v 0.017576 0.419411 0.081301
v 0.009090 0.412727 0.086971
v 0.026228 0.413776 0.077974
v 0.030095 0.430369 0.069829
v 0.015915 0.399860 0.083574
v -0.001311 0.405072 0.096944
v 0.020145 0.391336 0.079953
v 0.009247 0.383725 0.089389
v 0.007523 0.371534 0.089114
v 0.003058 0.376541 0.095131
v -0.002523 0.380795 0.097729
v -0.000579 0.424815 0.092388
v -0.000221 0.432970 0.088640
v 0.007860 0.396881 0.095480
v -0.001370 0.397491 0.099450
v -0.001841 0.389581 0.099302
v 0.032448 0.412496 0.068814
v 0.022526 0.386290 0.074244
v -0.005820 0.368217 0.096919
v -0.001942 0.356144 0.089150
v -0.010247 0.377499 0.097278
v 0.028078 0.438842 0.079338
v 0.013618 0.439883 0.087012
v 0.012129 0.455549 0.084047
v 0.025277 0.454552 0.075462
v 0.014721 0.462295 0.084779
v 0.031054 0.460567 0.071876
v 0.022967 0.470982 0.074987
v 0.012281 0.476313 0.078990
v 0.030472 0.471619 0.066054
v -0.007632 0.439144 0.089997
v -0.002027 0.455390 0.086582
v -0.001541 0.463770 0.087991
v -0.001328 0.479897 0.080185
v 0.016995 0.484376 0.067908
v -0.014941 0.455617 0.084968
v -0.019620 0.462890 0.085789
v -0.012798 0.479450 0.079527
v -0.007345 0.429645 0.087161
v -0.025798 0.439508 0.086305
v -0.010456 0.398915 0.097069
v 0.001245 0.485868 0.073172
v -0.011267 0.388585 0.096262
v -0.026768 0.455359 0.080970
v -0.024438 0.476892 0.076510
v -0.011589 0.414267 0.093132
v -0.011322 0.407447 0.091078
v -0.015123 0.364787 0.092068
v -0.016436 0.384220 0.089242
v -0.039885 0.460921 0.072880
v -0.012942 0.428323 0.080366
v -0.022789 0.427488 0.080941
v -0.013717 0.417841 0.086274
v -0.025376 0.414608 0.084064
v -0.022140 0.398513 0.086673
v -0.040469 0.428726 0.073325
v -0.037239 0.414022 0.078033
v -0.030991 0.389524 0.081236
v -0.037513 0.474237 0.067381
v -0.009897 0.412859 0.098981
v 0.000522 0.411240 0.101752
v -0.115911 -0.028115 0.063953
v -0.128715 -0.026159 0.073485
v -0.120770 -0.028104 0.084622
v -0.126312 -0.028227 0.085398
v -0.115472 -0.030170 0.080098
v -0.137131 -0.029930 0.055305
v -0.135690 -0.028480 0.065729
v -0.123029 -0.030659 0.054690
v -0.130013 -0.033126 0.048333
v -0.115130 -0.032009 0.058184
v -0.108811 -0.036014 0.079436
v -0.108614 -0.038229 0.064256
v -0.106884 -0.037512 0.075346
v -0.102588 -0.040150 0.062362
v 0.124417 -0.491413 0.119530
v 0.111889 -0.477643 0.121099
v 0.103698 -0.492680 0.120960
v 0.126627 -0.477458 0.116963
v 0.101573 -0.478323 0.118535
v 0.111206 -0.464617 0.114382
v 0.124195 -0.465935 0.112256
v 0.101465 -0.466807 0.111490
v 0.134170 -0.493606 0.111206
v 0.140005 -0.481959 0.098940
v 0.120769 -0.465140 0.078585
v 0.111138 -0.463341 0.076134
v 0.110726 -0.464246 0.091562
v 0.121867 -0.463059 0.063983
v 0.125939 -0.464480 0.105479
v 0.096158 -0.463967 0.073795
v 0.099400 -0.466100 0.100059
v 0.109696 -0.457231 0.058961
v 0.092462 -0.451886 0.052749
v 0.117324 -0.456307 0.052947
v 0.133666 -0.471070 0.075183
v 0.135742 -0.470949 0.091316
v 0.137496 -0.474686 0.061619
v 0.123877 -0.459342 0.042820
v 0.133117 -0.470306 0.103935
v 0.110122 -0.441050 0.037706
v 0.091820 -0.436003 0.037304
v 0.108966 -0.430624 0.029112
v 0.094815 -0.425568 0.029948
v 0.107984 -0.416081 0.020005
v 0.094444 -0.409690 0.022296
v 0.112426 -0.426661 0.019638
v 0.082621 -0.420985 0.024216
v 0.111823 -0.412467 0.012107
v 0.191950 0.080023 -0.017355
v 0.192998 0.084448 -0.003393
v 0.193407 0.066061 0.002949
v 0.194595 0.075445 0.001626
v -0.204885 -0.048304 -0.022149
v -0.210989 -0.058745 -0.006955
v -0.201985 -0.055891 -0.013126
v -0.198564 -0.063309 -0.008234
v -0.215055 -0.044909 -0.012787
v -0.212602 -0.044867 -0.020810
v -0.219308 -0.042913 -0.012515
v -0.221922 -0.038435 -0.017505
v -0.197936 -0.062912 -0.019235
v -0.200570 -0.051895 -0.033646
v -0.208433 -0.059689 0.006797
v -0.221769 -0.052937 -0.001575
v -0.004308 0.139582 -0.099566
v 0.001191 0.155294 -0.102172
v 0.012886 0.138175 -0.097750
v 0.017170 0.154054 -0.103006
v 0.012049 0.156860 -0.103305
v 0.022606 0.162968 -0.105322
v -0.003864 0.158984 -0.105333
v 0.020972 0.139268 -0.103245
v 0.004677 0.178851 -0.103090
v 0.029268 0.187822 -0.102019
v 0.017756 0.196277 -0.099336
v -0.015583 0.173527 -0.099227
v -0.009999 0.147852 -0.107481
v -0.026975 0.158397 -0.103607
v -0.038752 0.183235 -0.100672
v -0.054880 0.181692 -0.102307
v -0.055977 0.165232 -0.104139
v -0.046637 0.147844 -0.104050
v -0.059155 0.143925 -0.101870
v -0.044964 0.139587 -0.103214
v -0.032347 0.132728 -0.102947
v -0.025323 0.143213 -0.107601
v -0.051472 0.205535 -0.095973
v -0.044287 0.118926 -0.109308
v -0.065169 0.110261 -0.112448
v -0.054794 0.100307 -0.109936
v 0.002875 0.199684 -0.096279
v -0.066160 0.062123 -0.113123
v 0.014541 0.216327 -0.091963
v 0.032438 0.217212 -0.092390
v 0.017317 0.233409 -0.089020
v 0.034929 0.243375 -0.089421
v 0.055355 0.237940 -0.086779
v 0.018681 0.264617 -0.082544
v -0.002586 0.263536 -0.080614
v -0.009170 0.213658 -0.088837
v -0.009007 0.246856 -0.082095
v -0.018127 0.230256 -0.086637
v -0.027228 0.207548 -0.090614
v -0.012761 0.193255 -0.092898
v -0.021680 0.267338 -0.082242
v 0.038161 0.275888 -0.085404
v 0.054310 0.259748 -0.085587
v 0.059707 0.288816 -0.082677
v 0.072791 0.260279 -0.082328
v 0.079641 0.283609 -0.078981
v 0.029316 0.292221 -0.086635
v 0.031047 0.311925 -0.080335
v 0.010313 0.291335 -0.086419
v 0.001136 0.307613 -0.081611
v -0.026061 0.289567 -0.085720
v -0.025792 0.307222 -0.079869
v -0.058146 0.307311 -0.083168
v -0.058475 0.291202 -0.088066
v -0.091213 0.293856 -0.083357
v -0.072670 0.273752 -0.087318
v -0.097450 0.263570 -0.084429
v -0.066400 0.245297 -0.090147
v -0.114603 0.274448 -0.083325
v -0.054375 0.268234 -0.089334
v -0.115554 0.294341 -0.080214
v -0.114697 0.249867 -0.083561
v -0.041839 0.280695 -0.086188
v -0.101231 0.234800 -0.082750
v -0.048363 0.235703 -0.095173
v -0.033759 0.252980 -0.087998
v 0.016018 0.326117 -0.074941
v -0.086781 0.303736 -0.080473
v -0.004034 0.323625 -0.075000
v -0.057063 0.323089 -0.076826
v -0.018016 0.326560 -0.072656
v -0.072073 0.314415 -0.078450
v -0.081496 0.217505 -0.086549
v 0.067407 0.298909 -0.077453
v -0.114253 0.225036 -0.080340
v -0.073611 0.198255 -0.088800
v 0.081781 0.248343 -0.079845
v -0.100714 0.207059 -0.078453
v 0.029686 0.328736 -0.072335
v -0.007857 0.135542 -0.113778
v -0.056833 0.331100 -0.072657
v -0.010830 0.341808 -0.064679
v -0.030881 0.348261 -0.063138
v -0.014483 0.363771 -0.054089
v 0.005963 0.355110 -0.058037
v -0.115784 0.307743 -0.073663
v 0.038537 0.210828 -0.090373
v -0.101646 0.317526 -0.070569
v 0.053593 0.224848 -0.086492
v -0.004292 0.149944 -0.105547
v -0.073553 0.328658 -0.070587
v 0.018914 0.347746 -0.062194
v 0.059663 0.314337 -0.071516
v 0.076782 0.299753 -0.073712
v -0.099805 0.327055 -0.064333
v -0.094238 0.210414 -0.081833
v -0.083603 0.193574 -0.083660
v -0.012868 0.371695 -0.048760
v -0.041379 0.090289 -0.104414
v -0.052773 0.346339 -0.062600
v -0.032406 0.363742 -0.052437
v 0.079253 0.232700 -0.078697
v 0.045387 0.333540 -0.062758
v -0.041742 0.067597 -0.103253
v -0.022119 0.065978 -0.095720
v -0.010817 0.083235 -0.090291
v -0.013975 0.119107 -0.092750
v -0.017143 0.124144 -0.094567
v -0.011645 0.103150 -0.091475
v -0.006228 0.075170 -0.090871
v -0.008777 0.049551 -0.092308
v -0.021939 0.051160 -0.095298
v -0.034915 0.051874 -0.098522
v -0.047679 0.051827 -0.103289
v -0.065614 0.051986 -0.111687
v -0.019699 0.133595 -0.103875
v 0.074947 0.319451 -0.061236
v 0.081012 0.332315 -0.049374
v 0.014270 0.368585 -0.043986
v 0.013736 0.383649 -0.041692
v 0.009648 0.406646 -0.043324
v -0.013834 0.394822 -0.048072
v -0.031924 0.383085 -0.044566
v -0.034273 0.371057 -0.045656
v -0.014166 0.409157 -0.048872
v 0.003993 0.409017 -0.045698
v -0.034400 0.409737 -0.043575
v -0.049241 0.369698 -0.041251
v -0.049036 0.407750 -0.037743
v 0.026886 0.366673 -0.036744
v 0.028895 0.402720 -0.030826
v 0.036564 0.363663 -0.030320
v 0.030847 0.350419 -0.053793
v 0.060253 0.339162 -0.049287
v -0.060674 0.388044 -0.029003
v 0.048736 0.347971 -0.044392
v 0.017686 0.142131 -0.095966
v -0.089678 0.091076 -0.077148
v -0.085531 0.091040 -0.089593
v -0.089908 0.060230 -0.083939
v -0.090922 0.118477 -0.074294
v -0.082335 0.108802 -0.098014
v -0.082602 0.051937 -0.100076
v -0.086215 0.050203 -0.090743
v -0.090456 0.128697 -0.078776
v -0.080521 0.119191 -0.098822
v -0.087287 0.137927 -0.083319
v -0.090778 0.048905 -0.084454
v -0.078083 0.052029 -0.104270
v -0.070827 0.146553 -0.093925
v -0.081511 0.159972 -0.083169
v -0.071159 0.172486 -0.093799
v -0.089837 0.147664 -0.077842
v -0.089938 0.183231 -0.076873
v -0.095202 0.159084 -0.060834
v -0.117354 0.179915 -0.044353
v -0.105212 0.162165 -0.050366
v -0.115875 0.140180 -0.050696
v -0.092958 0.105700 -0.073940
v -0.116618 0.159069 -0.044211
v -0.128544 0.169849 -0.028973
v -0.123633 0.184274 -0.033737
v -0.129037 0.149917 -0.034565
v -0.135655 0.152935 -0.025561
v -0.121390 0.194433 -0.039338
v -0.140853 0.124286 -0.035840
v -0.146310 0.129438 -0.025444
v -0.130388 0.133666 -0.042904
v -0.140518 0.119439 -0.035802
v -0.115068 0.190476 -0.053724
v -0.102633 0.189769 -0.067123
v -0.120887 0.205092 -0.045557
v -0.095349 0.152353 -0.067847
v -0.109832 0.138556 -0.058327
v -0.112699 0.212403 -0.074367
v -0.117057 0.215843 -0.063167
v -0.114973 0.225928 -0.069422
v -0.122817 0.214846 -0.050584
v -0.121284 0.221450 -0.063196
v -0.127314 0.252113 -0.071754
v -0.130769 0.127891 -0.050483
v -0.116196 0.242693 -0.072601
v -0.116552 0.258229 -0.077174
v -0.115974 0.279810 -0.079993
v -0.117661 0.293534 -0.074249
v -0.117859 0.305178 -0.066550
v -0.114470 0.321541 -0.062134
v -0.125256 0.278360 -0.078980
v -0.141902 0.276925 -0.069322
v -0.141253 0.262840 -0.068146
v -0.156365 0.273479 -0.058986
v -0.157267 0.246712 -0.057939
v -0.170767 0.240627 -0.048200
v -0.166587 0.273255 -0.049756
v -0.165420 0.211958 -0.049469
v -0.171258 0.220174 -0.045403
v -0.175102 0.207263 -0.039082
v -0.154213 0.226262 -0.056490
v -0.165463 0.203268 -0.050827
v -0.154158 0.205123 -0.055649
v -0.137736 0.228970 -0.060544
v -0.133590 0.220787 -0.060170
v -0.157651 0.184978 -0.059451
v -0.110972 0.122594 -0.070052
v -0.143730 0.194902 -0.056688
v -0.114308 0.099389 -0.072420
v -0.129911 0.111129 -0.062146
v -0.114098 0.127513 -0.066079
v -0.112774 0.073984 -0.080969
v -0.103570 0.048737 -0.084251
v -0.112024 0.048096 -0.082671
v -0.126991 0.290336 -0.074313
v -0.176459 0.194138 -0.047570
v -0.168372 0.189774 -0.056235
v -0.110416 0.134506 -0.079984
v -0.111681 0.044912 -0.080599
v -0.148209 0.183305 -0.057018
v -0.142827 0.177135 -0.054020
v -0.182489 0.188282 -0.050591
v -0.171433 0.181586 -0.063281
v -0.157916 0.176895 -0.064990
v -0.102355 0.144487 -0.069675
v -0.177607 -0.065960 0.014121
v -0.176393 -0.058853 0.020265
v -0.184901 -0.070754 0.022508
v -0.179941 -0.070674 0.013827
v -0.188872 -0.078726 0.022521
v -0.184439 -0.067098 0.032364
v -0.181544 -0.056908 0.036526
v -0.185177 -0.078533 0.008631
v -0.186122 -0.077066 0.029674
v -0.186879 -0.077480 -0.003205
v -0.178413 -0.041421 0.029294
v -0.176280 -0.049094 0.020386
v -0.183405 -0.038955 0.035730
v -0.197024 -0.084895 0.014389
v -0.196473 -0.087105 0.009848
v -0.197113 -0.085033 0.020678
v -0.196339 -0.081829 0.033369
v -0.197444 -0.071373 0.038524
v -0.186197 -0.063217 -0.000752
v -0.186184 -0.069455 -0.004675
v -0.181465 -0.061647 0.009557
v 0.019791 0.404607 -0.032183
v 0.033030 0.399865 -0.017363
v 0.036978 0.400085 -0.021521
v 0.028895 0.402720 -0.030826
v 0.041280 0.395469 -0.003581
v 0.009648 0.406646 -0.043324
v 0.041268 0.397123 -0.014998
v 0.046739 0.391686 -0.003981
v 0.049876 0.389043 0.008517
v 0.003993 0.409017 -0.045698
v 0.022955 0.388968 -0.010770
v 0.029847 0.380137 0.000247
v 0.027696 0.384258 -0.008162
v 0.021699 0.393541 -0.017406
v 0.017061 0.397841 -0.021732
v 0.014574 0.401708 -0.020814
v -0.034400 0.409737 -0.043575
v -0.046040 0.408421 -0.032611
v -0.028295 0.408486 -0.037769
v -0.014166 0.409157 -0.048872
v -0.049036 0.407750 -0.037743
v -0.009184 0.406534 -0.037583
v 0.002261 0.404687 -0.030335
v -0.012485 0.407254 -0.033448
v -0.027807 0.403351 -0.029374
v 0.010691 0.400541 -0.025646
v -0.035186 0.399498 -0.028092
v -0.052046 0.405418 -0.025882
v -0.066575 0.403379 -0.020301
v -0.063962 0.400863 -0.013652
v -0.073452 0.398776 -0.006714
v -0.072426 0.395822 0.002227
v -0.034339 0.399081 -0.023828
v -0.075991 0.394808 -0.000612
v -0.075069 0.390828 0.013736
v -0.081253 0.383136 0.028158
v -0.077716 0.379592 0.034134
v -0.079609 0.372480 0.054559
v -0.083714 0.370314 0.055912
v -0.078450 0.367026 0.066912
v -0.081298 0.361403 0.078509
v -0.074173 0.358770 0.084395
v -0.076663 0.354676 0.094657
v -0.067485 0.350645 0.093831
v -0.043276 0.391708 -0.020323
v -0.044095 0.385477 -0.012296
v -0.051425 0.382427 -0.006805
v -0.061195 0.385962 -0.005529
v -0.059038 0.373098 0.005464
v -0.050182 0.372142 0.005127
v -0.049531 0.361857 0.014450
v -0.059188 0.365191 0.015887
v -0.046737 0.384685 -0.005279
v -0.048209 0.352779 0.019095
v 0.168482 -0.098088 0.052682
v 0.160057 -0.111516 0.050830
v 0.177143 -0.095360 0.047812
v 0.159723 -0.118252 0.046569
v 0.177803 -0.082656 0.052652
v 0.142098 -0.120317 0.054221
v 0.145467 -0.125364 0.046641
v 0.154723 -0.110178 0.051461
v 0.170300 -0.108658 0.040780
v 0.135167 -0.122564 0.051401
v 0.171030 -0.089768 0.052044
v 0.175543 -0.077113 0.051858
v 0.035199 0.422266 0.008586
v 0.045440 0.438840 0.013348
v 0.045478 0.416393 0.012445
v 0.037736 0.440359 0.012492
v 0.035273 0.409148 0.012831
v 0.119791 -0.314946 0.003587
v 0.112269 -0.318609 0.011729
v 0.127765 -0.324402 0.006676
v 0.117178 -0.330059 0.020423
v 0.102530 -0.321661 0.021246
v 0.102760 -0.332848 0.029363
v 0.130880 -0.316622 -0.008252
v 0.126203 -0.308626 -0.008167
v 0.094533 -0.325417 0.025361
v 0.088974 -0.334487 0.033175
v 0.091129 -0.306464 0.024835
v 0.106942 -0.296068 0.015075
v 0.124261 -0.346514 0.007866
v 0.112663 -0.343961 0.017382
v 0.116778 -0.350070 0.018139
v 0.127540 -0.350602 0.004722
v 0.089840 -0.292406 0.028799
v 0.093443 -0.347946 0.024299
v 0.091914 -0.354119 0.025206
v 0.110518 -0.353531 0.020216
v 0.094113 -0.267706 0.033801
v 0.119507 -0.357829 0.007784
v 0.074124 -0.346045 0.025986
v 0.077459 -0.351056 0.020826
v 0.074031 -0.338559 0.027909
v 0.077591 -0.362632 0.019928
v 0.061872 -0.358486 0.014261
v 0.067681 -0.365502 0.016849
v 0.079325 -0.369930 0.015537
v 0.092028 -0.361240 0.013847
v 0.092978 -0.390737 0.019586
v 0.104449 -0.366314 0.011328
v 0.108216 -0.359929 0.011589
v 0.115828 -0.367077 0.005548
v 0.106628 -0.380992 0.013891
v 0.107701 -0.398930 0.015480
v 0.094444 -0.409690 0.022296
v 0.107984 -0.416081 0.020005
v 0.080328 -0.388483 0.016520
v 0.078144 -0.408900 0.018125
v 0.113599 -0.400083 0.008292
v 0.111823 -0.412467 0.012107
v 0.082621 -0.420985 0.024216
v 0.063042 -0.347746 0.019847
v 0.084633 -0.358906 0.020952
v 0.067043 -0.372418 0.007898
v 0.076736 0.175856 0.059779
v 0.083446 0.181885 0.072880
v 0.083202 0.168400 0.073680
v 0.080240 0.154367 0.072308
v 0.077638 0.189925 0.063660
v 0.078632 0.156485 0.062152
v 0.074638 0.197065 0.073953
v 0.080392 0.169244 0.080747
v 0.093783 0.231667 0.019824
v 0.092404 0.237766 0.030098
v 0.091959 0.215660 0.004221
v 0.093027 0.223615 0.011520
v 0.087814 0.244618 0.057072
v 0.092182 0.244911 0.039170
v 0.093813 0.253983 0.048054
v 0.083136 0.208169 0.049201
v 0.087421 0.204668 0.023581
v 0.078955 0.192437 0.051926
v 0.091508 0.206468 -0.004909
v 0.079404 0.202942 0.068733
v 0.082799 0.222914 0.056710
v 0.090017 0.177421 -0.007025
v 0.086219 0.170430 0.028167
v 0.079282 0.219611 0.069550
v 0.082699 0.182964 0.040897
v 0.079405 0.153227 0.047441
v 0.090208 0.164500 -0.002333
v 0.080243 0.237680 0.070772
v 0.093226 0.264605 0.054488
v 0.090631 0.203179 -0.014187
v 0.088862 0.164206 0.024181
v 0.092103 0.153225 -0.003088
v 0.083692 0.256805 0.063975
v 0.082617 0.149242 0.041911
v 0.087189 0.160406 -0.019785
v 0.084640 0.189937 -0.035861
v 0.087773 0.207173 -0.031289
v 0.086493 0.139034 -0.029234
v 0.076135 0.227338 0.070936
v 0.077063 0.260957 0.073386
v 0.081830 0.158119 -0.034411
v 0.076349 0.272419 0.063996
v 0.091610 0.274227 0.056982
v 0.090567 0.139766 -0.020945
v 0.099984 0.137893 -0.006981
v 0.215940 0.107058 -0.013887
v 0.221554 0.107223 -0.020675
v 0.217663 0.096709 -0.012904
v 0.225065 0.101321 -0.020775
v 0.214977 0.115203 -0.011328
v 0.224637 0.118896 -0.020024
v 0.227374 0.112094 -0.026717
v 0.207945 0.109040 -0.010704
v 0.203817 0.091700 -0.008786
v 0.204264 0.103752 -0.007175
v 0.223119 0.094404 -0.036831
v 0.230590 0.100992 -0.036452
v 0.219548 0.120924 -0.010077
v 0.225477 0.132520 -0.013321
v 0.223474 0.083030 -0.042549
v 0.219385 0.087666 -0.037912
v 0.212011 0.077741 -0.041082
v 0.201825 0.067201 -0.044268
v 0.229653 0.120427 -0.020366
v 0.203061 0.073847 -0.040976
v 0.193344 0.067975 -0.042132
v 0.233709 0.139684 -0.008715
v 0.229268 0.141180 -0.007330
v 0.228183 0.151338 -0.006261
v 0.184913 0.065754 -0.048661
v 0.187826 0.063349 -0.049580
v 0.231949 0.110439 -0.026784
v -0.174896 -0.154702 -0.024697
v -0.166234 -0.155003 -0.020313
v -0.168794 -0.155145 0.004547
v -0.174811 -0.154611 0.003999
v -0.168575 -0.155267 -0.025217
v -0.164610 -0.153452 -0.001105
v -0.074780 0.245636 0.079249
v -0.062307 0.250198 0.078911
v -0.079096 0.257502 0.074459
v -0.063898 0.237254 0.084751
v -0.078023 0.223055 0.085934
v -0.062840 0.263353 0.076408
v -0.080238 0.249808 0.079188
v -0.073064 0.267270 0.075789
v -0.060603 0.268084 0.078326
v -0.078078 0.272381 0.078046
v -0.087058 0.212153 0.086238
v -0.072679 0.213209 0.088429
v -0.056213 0.217607 0.087637
v -0.071512 0.204576 0.089789
v -0.048524 0.244264 0.084029
v -0.047780 0.263032 0.079426
v -0.065153 0.176044 0.090669
v -0.078549 0.181718 0.090832
v -0.078538 0.148631 0.093186
v -0.065454 0.133886 0.091369
v -0.079494 0.105271 0.093952
v -0.056815 0.195489 0.088351
v -0.068941 0.089573 0.090622
v -0.079333 0.086430 0.093525
v -0.052157 0.215918 0.086077
v -0.070737 0.061481 0.087980
v -0.059799 0.168108 0.088106
v -0.048104 0.279108 0.073338
v -0.062709 0.118372 0.088985
v -0.082289 0.046483 0.092474
v -0.066557 0.089867 0.089051
v -0.091720 0.227480 0.092203
v -0.090679 0.251445 0.087259
v -0.091356 0.162827 0.099568
v -0.074407 0.036834 0.086324
v -0.090305 0.197146 0.100165
v -0.084738 0.197345 0.097887
v -0.078829 0.204964 0.098310
v -0.083047 0.271008 0.083981
v -0.091633 0.269958 0.084934
v -0.091505 0.281631 0.078631
v -0.084154 0.206629 0.096872
v -0.061285 0.285827 0.068824
v -0.042841 0.290424 0.067052
v -0.050554 0.302148 0.058870
v -0.056233 0.311854 0.051816
v -0.080617 0.291420 0.063845
v -0.083263 0.314576 0.045948
v -0.093605 0.297180 0.057047
v -0.072893 0.318242 0.044234
v -0.060743 0.317584 0.049127
v -0.071097 0.321663 0.044843
v -0.082303 0.330128 0.034051
v -0.093360 0.320796 0.037177
v -0.108771 0.306687 0.048285
v -0.112972 0.317915 0.038751
v -0.097552 0.287589 0.073513
v -0.113478 0.299407 0.062176
v -0.108439 0.290084 0.066933
v 0.171973 -0.094493 0.075913
v 0.166686 -0.105245 0.080904
v 0.168445 -0.101346 0.072173
v 0.173551 -0.088844 0.086781
v 0.175407 -0.082439 0.075527
v 0.183390 -0.067442 0.079159
v 0.178511 -0.076250 0.087617
v 0.161843 -0.111703 0.070767
v 0.158465 -0.115965 0.079196
v 0.179648 -0.070016 0.071681
v 0.185849 -0.053847 0.072807
v 0.185514 -0.051565 0.083758
v 0.189427 -0.038207 0.063744
v 0.153954 -0.120364 0.069895
v 0.188755 -0.032911 0.069626
v 0.189401 -0.026215 0.067330
v 0.188535 -0.018811 0.059106
v 0.082617 0.149242 0.041911
v 0.079405 0.153227 0.047441
v 0.089428 0.149898 0.059491
v 0.078632 0.156485 0.062152
v 0.096710 0.146181 0.048338
v 0.095989 0.144602 0.064881
v 0.089283 0.144075 0.039353
v 0.083013 0.149546 0.070044
v 0.080240 0.154367 0.072308
v 0.093776 0.137951 0.039921
v 0.176212 0.133393 -0.067575
v 0.177716 0.127022 -0.057601
v 0.181044 0.111145 -0.065297
v 0.174645 0.137171 -0.059653
v 0.180259 0.109268 -0.058446
v 0.171812 0.138798 -0.063649
v 0.162110 0.143923 -0.067509
v 0.189566 0.150957 -0.036514
v 0.193050 0.150535 -0.027972
v 0.194886 0.130647 -0.041138
v 0.198371 0.131104 -0.032352
v 0.186246 0.145932 -0.045728
v 0.183531 0.167753 -0.042563
v 0.179106 0.156642 -0.057314
v 0.200171 0.108532 -0.034415
v 0.194480 0.107408 -0.046424
v 0.178713 0.173902 -0.054042
v 0.180746 0.174844 -0.044283
v 0.173649 0.186266 -0.052013
v 0.173183 0.182785 -0.061902
v 0.178288 0.164335 -0.061858
v 0.200352 0.122752 -0.020243
v 0.202385 0.097392 -0.014146
v 0.198403 0.092959 -0.034564
v 0.200335 0.118957 -0.008618
v 0.204264 0.103752 -0.007175
v 0.203817 0.091700 -0.008786
v 0.195259 0.135792 -0.013647
v 0.180572 0.141161 -0.053780
v 0.178160 0.186500 -0.046272
v 0.171618 0.198223 -0.047829
v 0.187962 0.122776 -0.049361
v 0.172112 0.173370 -0.065364
v 0.168504 0.155988 -0.064868
v 0.189019 0.183056 -0.040092
v 0.193998 0.173272 -0.036438
v 0.163585 0.193189 -0.054365
v 0.159991 0.192800 -0.063493
v 0.159844 0.182083 -0.066514
v 0.184911 0.164986 -0.037432
v 0.195390 0.155689 -0.034326
v 0.153271 0.196450 -0.056604
v 0.212421 0.161705 -0.036647
v 0.168181 -0.089200 0.031703
v 0.177693 -0.086690 0.032182
v 0.162179 -0.097068 0.033303
v 0.174760 -0.073164 0.029474
v 0.157913 -0.109764 0.034365
v 0.174697 -0.098603 0.035445
v 0.158932 -0.115210 0.036197
v 0.132105 -0.119533 0.036548
v 0.141411 -0.125154 0.040215
v 0.152039 -0.103704 0.035399
v 0.184535 -0.054712 0.031420
v 0.146606 -0.106772 0.038331
v 0.133141 -0.115256 0.038215
v 0.159754 -0.118258 0.039262
v 0.178085 -0.058570 0.027331
v 0.181752 -0.046578 0.026034
v 0.187650 0.051741 -0.034553
v 0.179369 0.051777 -0.023205
v 0.186991 0.046232 -0.027826
v 0.179219 0.058849 -0.030163
v 0.181909 0.060005 -0.033537
v 0.179800 0.065639 -0.036738
v 0.184395 0.042803 -0.009734
v 0.191403 0.034568 -0.013854
v 0.187392 0.033003 0.003474
v 0.192969 0.026163 -0.000715
v 0.192531 0.018953 0.022509
v 0.195376 0.013382 0.017012
v 0.195710 0.005104 0.020497
v 0.187293 0.043287 -0.028953
v 0.188448 0.051839 -0.039546
v 0.190187 0.064830 -0.040091
v 0.196208 0.058374 -0.037573
v 0.184913 0.065754 -0.048661
v 0.178413 0.070386 -0.040543
v 0.174183 0.072272 -0.047929
v 0.187826 0.063349 -0.049580
v -0.010051 0.354501 0.066233
v -0.003150 0.356969 0.058620
v -0.002368 0.352846 0.074606
v -0.012237 0.354588 0.056191
v -0.011062 0.353970 0.083068
v -0.001942 0.356144 0.089150
v -0.017514 0.360025 0.058590
v -0.018432 0.359129 0.080885
v -0.015123 0.364787 0.092068
v -0.022988 0.356102 0.050480
v 0.109709 0.279021 0.066264
v 0.115110 0.268970 0.054507
v 0.114782 0.275344 0.065137
v 0.100886 0.280320 0.058297
v 0.092709 0.286373 0.056399
v -0.022497 0.289516 0.076225
v -0.003538 0.297788 0.074290
v -0.017064 0.285512 0.068746
v -0.023017 0.282283 0.065210
v -0.033244 0.284672 0.068809
v -0.006555 0.297816 0.080779
v 0.008507 0.306387 0.080744
v 0.005725 0.299656 0.064466
v -0.033382 0.285339 0.075734
v -0.002864 0.294325 0.070621
v -0.009062 0.290322 0.071977
v -0.020763 0.289710 0.079853
v 0.006798 0.295686 0.060953
v -0.019800 0.286462 0.058943
v -0.029512 0.274645 0.065247
v 0.132973 -0.105648 0.089645
v 0.142374 -0.093988 0.092578
v 0.133514 -0.108690 0.082223
v 0.129278 -0.117713 0.082765
v 0.132914 -0.119498 0.075455
v 0.144426 -0.104445 0.080941
v 0.145524 -0.092032 0.088062
v 0.152360 -0.079596 0.084243
v 0.152654 -0.088471 0.081064
v 0.153047 -0.099329 0.080597
v 0.162794 -0.086588 0.075143
v 0.162476 -0.099240 0.065508
v 0.169687 -0.081561 0.068184
v 0.170765 -0.091036 0.057919
v 0.173044 -0.083219 0.059519
v 0.177803 -0.082656 0.052652
v 0.152565 -0.071933 0.080168
v 0.151311 -0.074327 0.074071
v 0.103763 0.078991 -0.005266
v 0.113104 0.086735 0.002327
v 0.098644 0.084969 0.006750
v 0.098422 0.080358 0.002172
v 0.108435 0.098712 0.008355
v 0.100007 0.098053 0.010277
v 0.098886 0.108690 0.015333
v -0.157353 -0.475253 0.070543
v -0.170525 -0.473112 0.067483
v -0.167422 -0.479333 0.071195
v -0.177397 -0.474253 0.064661
v -0.178508 -0.467874 0.062921
v -0.170895 -0.487071 0.069871
v -0.180940 -0.489429 0.063195
v -0.169029 -0.466150 0.068660
v -0.154830 -0.465732 0.068506
v -0.150532 -0.490520 0.070928
v -0.142293 -0.480849 0.066522
v -0.144263 -0.468621 0.063966
v -0.140916 -0.477528 0.063138
v -0.157909 -0.460308 0.063513
v -0.184551 -0.477823 0.055847
v -0.186830 -0.466931 0.048087
v -0.186456 -0.492085 0.052893
v -0.163273 -0.088175 0.008364
v -0.169065 -0.094628 0.012040
v -0.162248 -0.110714 0.003863
v -0.170874 -0.127497 0.007687
v -0.170965 -0.076837 0.017747
v -0.163030 -0.056115 0.015973
v -0.163337 -0.133592 -0.000906
v -0.168794 -0.155145 0.004547
v -0.157878 -0.067400 0.006490
v -0.156514 -0.036235 0.013068
v -0.166106 -0.035892 0.020530
v -0.164610 -0.153452 -0.001105
v -0.159388 -0.090897 0.000836
v -0.171973 -0.050353 0.020049
v -0.161482 -0.033975 0.015972
v -0.160307 -0.111660 -0.003346
v -0.176393 -0.058853 0.020265
v -0.173768 -0.091227 0.013948
v -0.176194 -0.109312 0.009239
v -0.176280 -0.049094 0.020386
v -0.160297 -0.026468 0.009894
v -0.178477 -0.039900 0.017612
v -0.173607 -0.033102 0.014009
v -0.174811 -0.154611 0.003999
v -0.149207 -0.026402 0.008765
v -0.156516 -0.086120 0.002346
v -0.158019 -0.100644 -0.003509
v -0.161466 -0.101956 -0.002921
v -0.146939 -0.031096 0.012170
v -0.151826 -0.040462 0.012487
v -0.146061 -0.026236 0.002217
v -0.164067 -0.031694 0.002889
v -0.154728 -0.033844 0.001353
v -0.157309 -0.034946 -0.009640
v -0.162181 -0.033166 -0.019444
v -0.167910 -0.033990 -0.021345
v -0.152695 -0.034067 -0.009226
v -0.170724 -0.032821 0.005762
v -0.160297 -0.026468 0.009894
v -0.173607 -0.033102 0.014009
v -0.155413 -0.025269 0.005637
v -0.149207 -0.026402 0.008765
v -0.146061 -0.026236 0.002217
v 0.059152 0.370831 0.057850
v 0.061441 0.365465 0.070381
v 0.060234 0.369081 0.045947
v 0.065344 0.357237 0.083622
v 0.057480 0.379494 0.035248
v 0.049876 0.389043 0.008517
v 0.055040 0.378111 0.016388
v 0.046739 0.391686 -0.003981
v 0.053461 0.364778 0.001246
v 0.057390 0.355936 0.014434
v 0.047090 0.364572 -0.015981
v 0.041268 0.397123 -0.014998
v 0.058558 0.351190 0.032467
v 0.061526 0.351417 0.056639
v 0.058974 0.341178 0.026743
v 0.058424 0.343188 0.045002
v 0.057290 0.332484 0.036400
v 0.058852 0.353884 -0.003711
v 0.062285 0.344944 0.008030
v 0.063583 0.347627 -0.005510
v 0.051740 0.356244 -0.017788
v 0.063071 0.347548 -0.010921
v 0.036564 0.363663 -0.030320
v 0.028895 0.402720 -0.030826
v 0.056486 0.348072 -0.033911
v 0.061567 0.339248 0.023719
v 0.048736 0.347971 -0.044392
v 0.026886 0.366673 -0.036744
v 0.036978 0.400085 -0.021521
v 0.197326 0.060767 -0.043900
v 0.218898 0.072768 -0.041414
v 0.204891 0.063920 -0.036243
v 0.216195 0.070804 -0.037418
v 0.196208 0.058374 -0.037573
v 0.188448 0.051839 -0.039546
v 0.187650 0.051741 -0.034553
v 0.227173 0.084077 -0.036321
v 0.223474 0.083030 -0.042549
v 0.180917 0.056858 -0.048916
v 0.181612 0.042456 -0.034129
v 0.187293 0.043287 -0.028953
v 0.185356 0.036263 -0.024142
v 0.191403 0.034568 -0.013854
v 0.186818 0.028709 -0.011687
v 0.192969 0.026163 -0.000715
v 0.187826 0.063349 -0.049580
v 0.190762 0.018478 0.001350
v 0.188849 0.013861 0.004502
v 0.187979 0.005869 0.010603
v 0.195710 0.005104 0.020497
v 0.201825 0.067201 -0.044268
v 0.195376 0.013382 0.017012
v 0.171129 0.067463 -0.050600
v 0.174183 0.072272 -0.047929
v -0.180133 0.202339 -0.030919
v -0.175102 0.207263 -0.039082
v -0.176459 0.194138 -0.047570
v -0.171258 0.220174 -0.045403
v -0.177085 0.224887 -0.036526
v -0.170767 0.240627 -0.048200
v -0.178415 0.240140 -0.032769
v -0.173371 0.272546 -0.034511
v -0.166587 0.273255 -0.049756
v -0.179785 0.214429 -0.020851
v -0.182494 0.196841 -0.020602
v -0.174996 0.271473 -0.020708
v -0.178532 0.246054 -0.021362
v -0.167411 0.285806 -0.034197
v -0.160796 0.285713 -0.049442
v -0.160502 0.303209 -0.019929
v -0.156329 0.305736 -0.033895
v -0.171036 0.275465 -0.008936
v -0.158872 0.301789 -0.005781
v -0.175257 0.241204 -0.009309
v -0.175565 0.214150 -0.007850
v -0.188115 0.190679 -0.032848
v -0.186335 0.190994 -0.020805
v -0.198373 0.166914 -0.034260
v -0.192963 0.171442 -0.050098
v -0.204846 0.145028 -0.050470
v -0.204978 0.149916 -0.036671
v -0.212545 0.127104 -0.049214
v -0.213832 0.128982 -0.035323
v -0.197624 0.158493 -0.019783
v -0.211543 0.127263 -0.024202
v -0.182489 0.188282 -0.050591
v -0.205714 0.124364 -0.063751
v -0.189926 0.156531 -0.064048
v -0.142023 0.319667 -0.020410
v -0.208682 0.117542 -0.050396
v -0.212731 0.116159 -0.035195
v -0.214638 0.090224 -0.044281
v -0.219298 0.087750 -0.032405
v -0.221860 0.062205 -0.031052
v -0.119423 0.284288 0.055657
v -0.120412 0.246802 0.061795
v -0.111112 0.262469 0.070670
v -0.208334 0.102879 -0.010816
v -0.214930 0.102269 -0.022447
v -0.216362 0.083193 -0.009456
v -0.208287 0.118006 -0.019361
v -0.221754 0.078064 -0.021359
v -0.221899 0.059042 -0.005793
v -0.227189 0.041894 -0.015730
v -0.226522 0.039727 -0.005284
v -0.228926 0.011338 0.009814
v -0.232405 0.005230 -0.001231
v -0.235834 -0.014674 0.007284
v -0.228250 -0.007838 0.022332
v -0.234525 -0.027503 0.020476
v -0.240207 -0.039663 0.010895
v -0.240718 -0.028438 -0.003193
v -0.236168 -0.045711 0.021026
v -0.228401 -0.033805 0.031952
v -0.223778 0.011856 0.017270
v -0.240756 -0.046528 -0.002520
v -0.213037 0.073325 -0.001511
v -0.216608 0.046554 0.006532
v -0.240075 -0.038219 -0.008068
v -0.236507 -0.055647 0.008830
v -0.204386 0.122348 -0.011409
v -0.194618 0.145871 -0.010015
v -0.188897 0.166162 -0.009907
v -0.181237 0.189497 -0.009667
v -0.177072 0.194860 -0.009241
v -0.201410 0.114459 -0.010476
v -0.170189 0.188735 -0.001460
v -0.220177 -0.008855 0.029993
v -0.183065 0.158079 -0.003556
v -0.164695 0.205298 0.001891
v -0.167751 0.237447 -0.000225
v -0.162718 0.281661 0.001435
v -0.154449 0.299808 0.004552
v -0.150628 0.287452 0.013285
v -0.137579 0.302637 0.019452
v -0.159491 0.269852 0.005830
v -0.141100 0.312170 0.008603
v -0.135733 0.317332 0.017362
v -0.142166 0.320842 -0.005492
v -0.144958 0.314202 -0.003790
v -0.136080 0.300975 0.029413
v -0.135951 0.289226 0.034580
v -0.132779 0.324350 0.010487
v -0.117464 0.301123 0.045775
v -0.117079 0.293710 0.060073
v -0.116052 0.272112 0.064847
v -0.113478 0.299407 0.062176
v -0.127979 0.260487 0.051141
v -0.135004 0.273088 0.039054
v -0.135169 0.249162 0.038335
v -0.127189 0.207910 0.051936
v -0.125213 0.209618 0.055165
v -0.132343 0.196364 0.039771
v -0.118515 0.210126 0.063129
v -0.117873 0.238443 0.066340
v -0.103148 0.224577 0.082107
v -0.103222 0.251907 0.077280
v -0.091720 0.227480 0.092203
v -0.090679 0.251445 0.087259
v -0.100867 0.220958 0.084342
v -0.112972 0.317915 0.038751
v -0.126383 0.193365 0.050008
v -0.129156 0.175076 0.047011
v -0.134551 0.169335 0.040576
v -0.130484 0.156523 0.053971
v -0.132465 0.150891 0.054283
v -0.142489 0.147100 0.048029
v -0.091633 0.269958 0.084934
v -0.097552 0.287589 0.073513
v -0.220939 -0.031678 0.036409
v -0.133948 0.285329 0.024531
v -0.108439 0.290084 0.066933
v -0.121846 0.311719 0.033001
v -0.108771 0.306687 0.048285
v -0.221866 -0.048684 0.036786
v -0.117204 0.321796 0.024705
v -0.101280 0.208109 0.077614
v -0.117801 0.199628 0.071990
v -0.158035 0.241645 0.005545
v -0.185874 0.135178 -0.004668
v -0.146926 0.267872 0.013491
v -0.105809 0.198222 0.083640
v -0.112943 0.182458 0.080017
v -0.096973 0.195972 0.094752
v -0.099281 0.170469 0.095643
v -0.112656 0.153778 0.082684
v -0.130206 0.189918 0.063030
v -0.132201 0.169775 0.063400
v -0.090305 0.197146 0.100165
v -0.124548 0.153999 0.070041
v -0.106892 0.152771 0.087433
v -0.129830 0.205233 0.063458
v -0.131245 0.156124 0.060500
v -0.084154 0.206629 0.096872
v -0.174868 0.157805 0.000382
v -0.091356 0.162827 0.099568
v -0.099371 0.152014 0.092037
v -0.128793 0.322907 0.016912
v -0.131875 0.332141 0.006346
v -0.137929 0.324102 -0.007500
v -0.133158 0.333332 -0.005223
v -0.130673 0.200633 0.058541
v -0.130356 0.186242 0.059252
v -0.087058 0.212153 0.086238
v -0.158995 0.180215 0.002493
v -0.137049 0.254368 0.015512
v -0.125346 0.260517 0.023038
v -0.145498 0.224527 0.009008
v -0.091505 0.281631 0.078631
v -0.123719 0.231667 0.014495
v -0.236569 -0.050418 0.005019
v -0.234512 -0.014709 -0.013189
v -0.229968 0.005257 -0.011708
v 0.090188 -0.032145 -0.002266
v 0.093854 -0.039102 -0.014086
v 0.082287 -0.040117 -0.016566
v 0.203061 0.073847 -0.040976
v 0.193344 0.067975 -0.042132
v 0.206379 0.073952 -0.036169
v 0.190187 0.064830 -0.040091
v 0.184913 0.065754 -0.048661
v 0.212011 0.077741 -0.041082
v 0.217958 0.079845 -0.034695
v 0.219385 0.087666 -0.037912
v 0.223685 0.092332 -0.031991
v 0.223119 0.094404 -0.036831
v 0.196208 0.058374 -0.037573
v 0.204891 0.063920 -0.036243
v 0.126809 -0.222168 -0.024489
v 0.122592 -0.224015 -0.016820
v 0.111153 -0.224802 -0.014788
v 0.131793 -0.219636 -0.023079
v 0.112305 -0.221578 -0.005834
v 0.124707 -0.215982 -0.006814
v 0.157191 0.124425 0.007087
v 0.147649 0.110527 0.009943
v 0.154682 0.111634 0.017460
v 0.151242 0.132249 -0.000477
v 0.143425 0.126264 -0.004669
v 0.152338 0.096838 0.018531
v 0.144393 0.079119 0.010707
v 0.148275 0.069659 0.021757
v 0.141330 0.094940 -0.000454
v 0.145541 0.113832 0.002546
v 0.140321 0.106302 -0.006049
v 0.133116 0.087107 -0.009319
v 0.142438 0.123117 -0.007627
v 0.142494 0.081748 0.002238
v 0.138844 0.067895 -0.008511
v 0.143661 0.057912 -0.002919
v 0.164046 0.063654 0.037054
v 0.153682 0.051497 0.033752
v 0.160942 0.027835 0.051248
v 0.157572 0.088017 0.022212
v 0.167517 0.095179 0.025858
v 0.163154 0.109273 0.018011
v 0.154682 0.021787 0.045843
v 0.168226 0.045799 0.053139
v 0.164162 0.021860 0.059917
v 0.154537 0.017409 0.053725
v 0.159767 0.013107 0.063620
v 0.169519 0.074990 0.040998
v 0.173751 0.087339 0.037383
v 0.176474 0.099244 0.031507
v 0.175011 0.107672 0.021066
v 0.174081 0.062292 0.048541
v 0.148367 0.053348 0.023593
v 0.149193 0.004532 0.066461
v 0.185473 0.106599 0.026760
v 0.172830 0.131631 0.002314
v 0.159742 0.141023 -0.006657
v 0.177000 0.150700 -0.011428
v 0.131259 -0.124262 0.060539
v 0.143754 -0.125391 0.070749
v 0.137297 -0.121355 0.074237
v 0.130375 -0.118498 0.069428
v 0.147822 -0.121100 0.078035
v 0.143817 -0.125470 0.061828
v 0.161673 -0.121273 0.063452
v 0.155726 -0.121603 0.057511
v 0.153954 -0.120364 0.069895
v 0.149090 -0.116939 0.084171
v 0.158465 -0.115965 0.079196
v 0.141411 -0.125154 0.040215
v 0.135167 -0.122564 0.051401
v 0.129223 -0.119704 0.052711
v 0.132105 -0.119533 0.036548
v 0.145467 -0.125364 0.046641
v 0.142098 -0.120317 0.054221
v 0.159754 -0.118258 0.039262
v 0.159723 -0.118252 0.046569
v 0.170300 -0.108658 0.040780
v -0.126804 -0.003679 -0.064438
v -0.126569 -0.005825 -0.055418
v -0.113088 -0.006623 -0.053739
v -0.123046 -0.009300 -0.043307
v -0.117362 -0.005770 -0.065144
v 0.193407 0.066061 0.002949
v 0.205384 0.073539 -0.001386
v 0.195390 0.059410 0.005370
v 0.203736 0.056138 0.004889
v 0.194595 0.075445 0.001626
v 0.202046 0.079148 -0.004294
v 0.192998 0.084448 -0.003393
v 0.203817 0.091700 -0.008786
v 0.196473 0.053402 0.011095
v 0.211138 0.090960 -0.006727
v 0.217663 0.096709 -0.012904
v 0.221186 0.073832 0.006656
v 0.213337 0.084076 -0.000055
v 0.209998 0.053199 0.011411
v 0.202237 0.045351 0.013993
v 0.195185 0.042947 0.015059
v 0.218710 0.062732 0.009443
v 0.197632 0.042353 0.019711
v -0.197113 -0.085033 0.020678
v -0.210715 -0.074416 0.027783
v -0.211295 -0.081009 0.019173
v -0.199992 -0.078198 0.025906
v -0.222808 -0.069924 0.020228
v -0.219759 -0.064745 0.027967
v -0.229481 -0.061287 0.020302
v -0.227100 -0.052718 0.028684
v -0.236168 -0.045711 0.021026
v -0.228401 -0.033805 0.031952
v -0.221866 -0.048684 0.036786
v -0.217474 -0.059478 0.028867
v -0.210615 -0.066793 0.036644
v -0.213894 -0.053087 0.039735
v -0.197444 -0.071373 0.038524
v -0.196339 -0.081829 0.033369
v -0.200801 -0.078225 0.031563
v -0.206935 -0.069962 0.027093
v -0.218317 -0.076305 -0.003712
v -0.201498 -0.078725 -0.003101
v -0.217246 -0.076162 0.001260
v -0.211553 -0.074593 -0.009261
v -0.199203 -0.074698 -0.009587
v -0.196538 -0.082037 -0.000961
v -0.186879 -0.077480 -0.003205
v -0.185177 -0.078533 0.008631
v -0.201294 -0.079161 0.003471
v -0.212830 -0.071482 0.004097
v -0.224974 -0.069865 0.004621
v -0.226619 -0.069613 0.009947
v -0.227636 -0.068312 -0.001914
v -0.196473 -0.087105 0.009848
v -0.214432 -0.079475 0.008858
v -0.197024 -0.084895 0.014389
v -0.236507 -0.055647 0.008830
v -0.211822 -0.077731 0.013582
v -0.211295 -0.081009 0.019173
v -0.197113 -0.085033 0.020678
v -0.222753 -0.064609 0.014179
v -0.222808 -0.069924 0.020228
v -0.229481 -0.061287 0.020302
v -0.230443 -0.056492 0.016078
v -0.236168 -0.045711 0.021026
v -0.032474 0.485864 -0.002949
v -0.039965 0.478418 -0.003264
v -0.044010 0.481975 0.010588
v -0.028765 0.494245 0.013204
v -0.025488 0.490384 -0.001749
v -0.041801 0.485764 0.023630
v -0.033705 0.491018 0.033902
v -0.019157 0.498987 0.034542
v -0.019743 0.496581 0.050615
v -0.014056 0.499561 0.018584
v -0.033913 0.486557 0.054848
v -0.045523 0.478319 0.040065
v -0.045346 0.473255 0.053818
v -0.050937 0.471237 0.030262
v -0.019498 0.488789 0.066829
v -0.037513 0.474237 0.067381
v -0.015214 0.494234 0.000875
v -0.024438 0.476892 0.076510
v -0.045667 0.468674 -0.003546
v -0.012798 0.479450 0.079527
v -0.014235 0.487061 -0.011660
v -0.001328 0.479897 0.080185
v 0.001245 0.485868 0.073172
v -0.024642 0.477555 -0.016976
v -0.034574 0.469677 -0.016593
v 0.009652 0.496643 0.036677
v -0.000978 0.495582 0.053996
v 0.014291 0.492369 0.052059
v -0.001790 0.499478 0.038147
v 0.016995 0.484376 0.067908
v -0.003093 0.499481 0.014866
v 0.011687 0.493660 0.012373
v 0.025032 0.485739 0.050829
v 0.025171 0.486753 0.027583
v 0.023274 0.486056 0.012421
v -0.001462 0.492395 -0.002253
v 0.005520 0.486830 -0.007363
v 0.033282 0.477105 0.031451
v 0.032100 0.475340 0.056857
v 0.030472 0.471619 0.066054
v 0.012281 0.476313 0.078990
v 0.033565 0.471765 0.012879
v -0.198564 -0.063309 -0.008234
v -0.186184 -0.069455 -0.004675
v -0.199203 -0.074698 -0.009587
v -0.186879 -0.077480 -0.003205
v -0.201875 -0.069901 -0.012183
v -0.186197 -0.063217 -0.000752
v -0.221769 -0.052937 -0.001575
v -0.221519 -0.056666 -0.003017
v -0.220557 -0.053467 -0.008289
v -0.219775 -0.062105 -0.006706
v -0.226860 -0.041012 -0.009685
v -0.222353 -0.043724 0.001078
v -0.215757 -0.050361 0.009992
v -0.208433 -0.059689 0.006797
v -0.202953 -0.058401 0.011487
v -0.203119 -0.049759 0.019352
v -0.215043 -0.038538 0.009588
v -0.232581 -0.044099 -0.011590
v -0.226794 -0.056755 -0.016948
v -0.194833 -0.052007 0.017183
v -0.191275 -0.059589 0.011339
v -0.181465 -0.061647 0.009557
v -0.210989 -0.058745 -0.006955
v 0.014297 0.137287 -0.104091
v -0.001118 0.137990 -0.107891
v 0.012886 0.138175 -0.097750
v -0.004308 0.139582 -0.099566
v 0.017686 0.142131 -0.095966
v 0.020972 0.139268 -0.103245
v 0.145977 -0.115224 0.080173
v 0.149090 -0.116939 0.084171
v 0.140169 -0.121875 0.083131
v 0.132914 -0.119498 0.075455
v 0.151595 -0.103129 0.080995
v 0.144426 -0.104445 0.080941
v 0.153047 -0.099329 0.080597
v -0.180967 -0.018316 0.008667
v -0.173607 -0.033102 0.014009
v -0.170724 -0.032821 0.005762
v -0.181896 -0.034077 0.019046
v -0.183746 -0.019813 0.015006
v -0.188408 -0.007380 0.014817
v -0.196887 -0.006208 0.023964
v -0.197929 0.010130 0.012158
v -0.205828 0.006635 0.023041
v -0.193798 0.007048 0.010597
v -0.189052 -0.022278 0.031078
v -0.183801 -0.028951 0.030670
v -0.185612 0.001315 0.010009
v -0.178413 -0.041421 0.029294
v -0.183405 -0.038955 0.035730
v -0.176280 -0.049094 0.020386
v -0.178477 -0.039900 0.017612
v -0.198959 0.005476 0.004460
v -0.185451 -0.000376 0.005807
v -0.180207 -0.023914 0.005470
v -0.208335 -0.065640 -0.011167
v -0.215462 -0.065440 -0.009299
v -0.224926 -0.066950 -0.011653
v -0.204538 -0.070923 -0.017997
v -0.229705 -0.058260 -0.001006
v -0.220060 -0.069675 -0.017404
v -0.235798 -0.056296 -0.004053
v -0.201875 -0.069901 -0.012183
v -0.240756 -0.046528 -0.002520
v -0.219775 -0.062105 -0.006706
v -0.221519 -0.056666 -0.003017
v -0.205479 -0.070064 -0.023531
v -0.236569 -0.050418 0.005019
v -0.233522 -0.058240 -0.011677
v 0.105058 -0.097754 0.024711
v 0.096057 -0.101110 0.028237
v 0.102168 -0.113698 0.030222
v 0.093519 -0.110582 0.033544
v 0.099443 -0.121161 0.036711
v 0.094794 -0.093071 0.032009
v 0.045440 0.438840 0.013348
v 0.037736 0.440359 0.012492
v 0.040216 0.445403 0.030064
v 0.142438 0.123117 -0.007627
v 0.143425 0.126264 -0.004669
v 0.130592 0.128444 -0.008323
v 0.136501 0.132302 0.002414
v 0.118543 0.149328 -0.001257
v 0.122019 0.137425 -0.007556
v 0.132268 0.141741 0.005427
v 0.125365 0.155914 0.011080
v 0.112673 0.154015 -0.005294
v 0.117755 0.164631 0.006068
v 0.114940 0.177256 0.017000
v 0.117681 0.193132 0.025967
v 0.109017 0.210860 0.031045
v 0.125392 0.165855 0.016537
v 0.108635 0.233598 0.041145
v 0.100866 0.233433 0.036074
v 0.092182 0.244911 0.039170
v 0.104683 0.250876 0.049184
v 0.093813 0.253983 0.048054
v 0.110326 0.192988 0.021277
v 0.092404 0.237766 0.030098
v 0.105325 0.212727 0.024913
v 0.093783 0.231667 0.019824
v 0.102420 0.213254 0.013240
v 0.093027 0.223615 0.011520
v 0.091959 0.215660 0.004221
v 0.091508 0.206468 -0.004909
v 0.109386 0.202335 0.011957
v 0.096345 0.202390 -0.005922
v 0.114146 0.186895 0.007682
v 0.106352 0.184348 -0.009498
v 0.112428 0.170817 -0.007489
v 0.101556 0.190833 -0.018409
v 0.091873 0.204109 -0.019602
v 0.117135 0.167974 -0.017889
v 0.090631 0.203179 -0.014187
v 0.108496 0.184373 -0.031748
v 0.098643 0.202105 -0.033854
v 0.091041 0.210751 -0.037210
v -0.130453 0.087957 -0.064390
v -0.120894 0.086322 -0.069902
v -0.125932 0.082798 -0.061379
v -0.120084 0.071782 -0.063895
v -0.124899 0.064483 -0.060021
v -0.129458 0.075622 -0.057977
v -0.131785 0.058034 -0.053209
v -0.134379 0.080801 -0.053980
v -0.114308 0.099389 -0.072420
v -0.129911 0.111129 -0.062146
v -0.134712 0.110109 -0.056387
v -0.112774 0.073984 -0.080969
v -0.120514 0.072366 -0.067618
v -0.124797 0.053435 -0.065516
v -0.112024 0.048096 -0.082671
v -0.129703 0.041835 -0.050755
v -0.119379 0.043109 -0.065009
v -0.111681 0.044912 -0.080599
v -0.135522 0.069168 -0.041544
v -0.133076 0.059674 -0.041433
v -0.143919 0.068369 -0.030290
v -0.134888 0.044215 -0.034188
v -0.142662 0.053722 -0.020579
v -0.134441 0.034574 -0.025789
v -0.128730 0.031357 -0.035078
v -0.126262 0.034628 -0.044237
v -0.136836 0.086166 -0.032759
v -0.131400 0.086735 -0.041737
v -0.131123 0.105999 -0.043555
v -0.135433 0.105438 -0.034102
v -0.139237 0.108814 -0.017159
v -0.140132 0.092539 -0.017282
v -0.140518 0.119439 -0.035802
v -0.146481 0.077330 -0.015652
v -0.144357 0.128695 -0.020346
v -0.146215 0.127186 -0.013879
v -0.141126 0.143837 -0.022961
v -0.152225 0.062644 -0.016259
v -0.149759 0.093414 -0.007693
v -0.149194 0.111413 -0.010131
v -0.151313 0.082185 -0.008748
v -0.150461 0.060506 -0.005923
v -0.142091 0.054324 -0.010650
v -0.134837 0.035477 -0.016644
v -0.139475 0.045069 0.002087
v -0.136190 0.033171 0.001059
v -0.145152 0.042954 0.012115
v -0.145962 0.057371 0.004718
v -0.145140 0.047946 0.015650
v -0.132036 0.026907 -0.001799
v -0.139571 0.118704 -0.049606
v -0.140853 0.124286 -0.035840
v -0.140903 0.078228 0.012506
v -0.144649 0.088501 0.027555
v -0.137441 0.103044 0.013251
v -0.143490 0.109444 0.031587
v -0.131604 0.120707 0.014088
v -0.139775 0.128141 0.029257
v -0.141478 0.141555 0.041306
v -0.135231 0.150821 0.030728
v -0.130656 0.166207 0.025618
v -0.134551 0.169335 0.040576
v -0.131545 0.188975 0.032824
v -0.132343 0.196364 0.039771
v -0.124864 0.184989 0.014243
v -0.121522 0.213927 0.012884
v -0.124980 0.151603 0.010163
v -0.124697 0.178416 0.001560
v -0.123334 0.199017 0.003703
v -0.142489 0.147100 0.048029
v -0.128211 0.129663 0.012578
v -0.134042 0.219246 0.033710
v -0.135169 0.249162 0.038335
v -0.134397 0.257881 0.034030
v -0.135004 0.273088 0.039054
v -0.135951 0.289226 0.034580
v -0.133948 0.285329 0.024531
v -0.125816 0.183985 -0.008275
v -0.123915 0.237079 0.020120
v -0.123719 0.231667 0.014495
v -0.125346 0.260517 0.023038
v -0.131097 0.155984 -0.009039
v -0.147331 0.065772 0.003016
v -0.140725 0.137686 -0.010972
v -0.130384 0.275076 0.025473
v -0.133524 0.133598 0.001353
v -0.145178 0.110693 -0.000769
v -0.146310 0.129438 -0.025444
v -0.114098 0.127513 -0.066079
v -0.134108 0.162356 -0.020467
v -0.129923 0.174725 -0.011727
v -0.130769 0.127891 -0.050483
v -0.129089 0.029341 -0.017222
v -0.132688 0.030526 0.008839
v 0.155163 -0.048951 0.059420
v 0.162449 -0.049943 0.064661
v 0.158984 -0.064055 0.066196
v 0.157672 -0.044182 0.055787
v 0.148627 -0.052155 0.060614
v 0.152913 -0.065487 0.067196
v 0.155326 -0.077793 0.072023
v 0.156056 -0.028779 0.050619
v 0.169687 -0.081561 0.068184
v 0.174842 -0.060583 0.062751
v 0.137227 -0.039965 0.061776
v 0.162794 -0.086588 0.075143
v 0.172379 -0.049493 0.058944
v 0.137168 -0.052180 0.068503
v 0.146720 -0.021255 0.056216
v 0.149116 -0.008245 0.052628
v 0.151311 -0.074327 0.074071
v 0.141776 -0.061900 0.075179
v 0.130910 -0.056252 0.078275
v 0.152654 -0.088471 0.081064
v 0.223430 0.204669 -0.000871
v 0.219880 0.220587 0.003532
v 0.221425 0.194036 0.002985
v 0.222650 0.223149 -0.001940
v 0.229463 0.187299 0.001036
v 0.232331 0.176187 0.004094
v 0.237759 0.169124 0.002906
v 0.216287 0.223281 -0.002278
v 0.215530 0.221283 0.002143
v 0.233163 0.161050 0.003928
v 0.229919 0.171338 0.002320
v 0.228676 0.152239 -0.001718
v 0.223044 0.183870 0.002201
v 0.216300 0.195061 0.001897
v 0.212356 0.208132 -0.001119
v 0.236818 0.151871 -0.001135
v 0.232592 0.142042 -0.001422
v 0.239750 0.135968 -0.001098
v 0.232870 0.129150 -0.003644
v 0.225755 0.124712 -0.009834
v 0.229268 0.141180 -0.007330
v 0.225477 0.132520 -0.013321
v 0.219548 0.120924 -0.010077
v 0.142898 -0.060409 0.082401
v 0.139971 -0.051186 0.085985
v 0.130910 -0.056252 0.078275
v 0.133045 -0.045467 0.081285
v 0.137945 -0.027420 0.080845
v 0.144327 -0.035758 0.084133
v 0.148496 -0.027989 0.084398
v 0.142418 -0.014356 0.077301
v 0.150933 -0.024462 0.085329
v 0.152448 -0.005236 0.077184
v 0.149193 0.004532 0.066461
v 0.159767 0.013107 0.063620
v 0.133867 -0.027406 0.074062
v 0.138186 -0.013807 0.068981
v 0.158766 -0.104108 0.020551
v 0.167633 -0.095905 0.022899
v 0.154187 -0.109821 0.029249
v 0.146662 -0.115556 0.025931
v 0.165587 -0.089936 0.016105
v 0.174591 -0.083751 0.020348
v 0.148774 -0.105728 0.017700
v 0.138833 -0.117055 0.023815
v 0.172407 -0.066593 0.011246
v 0.157587 -0.092964 0.016583
v 0.181338 -0.059927 0.017615
v 0.182287 -0.046748 0.013768
v 0.174248 -0.037782 0.007105
v 0.185598 -0.012363 0.010869
v 0.174663 -0.011371 0.005895
v 0.187979 0.005869 0.010603
v 0.164425 -0.074488 0.015488
v 0.175276 0.010737 0.007650
v 0.184096 0.012933 0.009005
v 0.133368 -0.112743 0.023925
v 0.136504 -0.105064 0.022290
v 0.163133 -0.041287 0.011891
v 0.164199 -0.008499 0.011107
v 0.179331 0.020625 0.003144
v 0.167192 0.010884 0.013412
v 0.161294 0.004562 0.015824
v 0.148276 -0.093064 0.021203
v 0.159842 -0.080429 0.021077
v 0.188849 0.013861 0.004502
v 0.172039 0.029481 -0.007807
v 0.179893 0.027706 -0.004660
v 0.186818 0.028709 -0.011687
v 0.179546 0.037095 -0.017821
v 0.170322 0.052216 -0.030200
v 0.175322 0.046465 -0.026132
v 0.134736 -0.118267 0.031031
v 0.132824 0.192859 -0.058400
v 0.138064 0.182858 -0.065203
v 0.137382 0.176063 -0.058999
v 0.138089 0.196994 -0.063059
v 0.135006 0.218003 -0.064733
v 0.126112 0.229642 -0.057221
v 0.135050 0.235952 -0.065983
v 0.125948 0.239379 -0.057274
v 0.115695 0.205441 -0.051066
v 0.124749 0.181400 -0.050812
v 0.114295 0.214768 -0.053231
v 0.105462 0.212025 -0.048516
v 0.132451 0.168867 -0.051264
v 0.147128 0.168830 -0.063233
v 0.138015 0.152589 -0.051392
v 0.148515 0.183780 -0.062969
v 0.159844 0.182083 -0.066514
v 0.160144 0.155536 -0.067536
v 0.156078 0.135401 -0.065065
v 0.146851 0.144779 -0.059958
v 0.162110 0.143923 -0.067509
v 0.162264 0.132755 -0.064765
v 0.166353 0.134530 -0.065450
v 0.159991 0.192800 -0.063493
v 0.162612 0.121488 -0.058797
v 0.153991 0.113297 -0.048494
v 0.163690 0.103747 -0.058060
v 0.154838 0.081878 -0.049365
v 0.172050 0.089081 -0.058102
v 0.171495 0.074881 -0.052075
v 0.171129 0.067463 -0.050600
v 0.151087 0.082963 -0.048794
v 0.147323 0.129896 -0.051969
v 0.095663 0.227611 -0.055286
v 0.089522 0.218238 -0.048146
v 0.168793 0.103560 -0.065040
v 0.172329 0.132556 -0.068878
v 0.174727 0.114503 -0.069024
v 0.174489 0.097552 -0.063587
v 0.098643 0.202105 -0.033854
v 0.117614 0.184384 -0.041799
v 0.108496 0.184373 -0.031748
v 0.091041 0.210751 -0.037210
v 0.144170 0.097162 -0.036340
v 0.126338 0.169669 -0.032500
v 0.132118 0.245902 -0.057905
v 0.091413 0.230401 -0.057389
v 0.172112 0.173370 -0.065364
v 0.153271 0.196450 -0.056604
v 0.168504 0.155988 -0.064868
v 0.171812 0.138798 -0.063649
v 0.181044 0.111145 -0.065297
v 0.176212 0.133393 -0.067575
v 0.144717 0.312985 -0.022375
v 0.143971 0.314523 -0.014741
v 0.146829 0.302473 -0.017966
v 0.143251 0.311705 -0.032923
v 0.134033 0.333759 -0.017155
v 0.134644 0.329450 -0.008720
v 0.128087 0.343971 -0.009907
v 0.128396 0.336453 -0.030667
v 0.150705 0.313537 -0.000456
v 0.135574 0.331377 0.010023
v 0.148801 0.317075 0.011834
v 0.146887 0.317843 0.024965
v 0.157349 0.285375 -0.003038
v 0.136285 0.326101 0.034036
v 0.141348 0.316258 0.041006
v 0.123070 0.337101 0.008919
v 0.118823 0.345246 0.004189
v 0.119707 0.348274 -0.008640
v 0.133577 0.314634 -0.041624
v 0.128867 0.314799 -0.047375
v 0.123676 0.330049 -0.038498
v 0.123765 0.324432 -0.046809
v 0.122184 0.341305 -0.031824
v 0.154689 0.300992 0.010995
v 0.159197 0.279550 0.025013
v 0.158944 0.278386 0.001856
v 0.154136 0.300828 0.027902
v 0.156426 0.281142 0.037122
v 0.151204 0.300431 0.039067
v 0.158499 0.261865 0.022029
v 0.157112 0.267521 0.027084
v 0.146319 0.283635 0.051144
v 0.143523 0.298307 0.051412
v 0.150381 0.262437 0.038793
v 0.150333 0.256413 0.032336
v 0.155182 0.269875 -0.002505
v 0.166371 0.207541 -0.036811
v 0.163870 0.220219 -0.023026
v 0.170856 0.199841 -0.024625
v 0.159821 0.230755 -0.031695
v 0.154524 0.256798 -0.021491
v 0.162208 0.237270 -0.012965
v 0.173313 0.192554 -0.033305
v 0.156592 0.265360 -0.009409
v 0.151686 0.283492 -0.011781
v 0.149140 0.276571 -0.028335
v 0.147025 0.294068 -0.020299
v 0.140611 0.297661 -0.032094
v 0.144439 0.285099 -0.036161
v 0.151059 0.268192 -0.034707
v 0.156107 0.253384 -0.034957
v 0.171605 0.210211 -0.015054
v 0.160590 0.232583 -0.038298
v 0.166697 0.208874 -0.044222
v 0.171618 0.198223 -0.047829
v 0.178160 0.186500 -0.046272
v 0.152867 0.255523 0.013936
v 0.155558 0.236794 0.005048
v 0.153366 0.240578 0.023937
v 0.157196 0.221367 0.018021
v 0.163762 0.206925 -0.003213
v 0.162864 0.196033 0.009131
v 0.168934 0.174825 -0.007436
v 0.164971 0.168842 0.005656
v 0.162749 0.166254 0.009033
v 0.166257 0.170350 -0.001964
v 0.161413 0.160457 -0.003509
v 0.179853 0.188112 -0.030168
v 0.177329 0.202401 -0.016371
v 0.189019 0.183056 -0.040092
v 0.182567 0.196662 -0.019960
v -0.174896 -0.154702 -0.024697
v -0.170271 -0.136450 -0.025423
v -0.168575 -0.155267 -0.025217
v -0.175271 -0.119770 -0.022438
v -0.172877 -0.058733 -0.021785
v -0.168411 -0.058422 -0.021743
v -0.168399 -0.111071 -0.022162
v -0.167910 -0.033990 -0.021345
v 0.140789 -0.116038 0.091437
v 0.129278 -0.117713 0.082765
v 0.140169 -0.121875 0.083131
v 0.132549 -0.112732 0.090161
v 0.143849 -0.103408 0.097650
v 0.132973 -0.105648 0.089645
v 0.132914 -0.119498 0.075455
v 0.160823 -0.096465 0.090491
v 0.148849 -0.108757 0.094352
v 0.154017 -0.108936 0.087483
v 0.149090 -0.116939 0.084171
v 0.155605 -0.089595 0.098342
v 0.164922 -0.102378 0.087196
v 0.158465 -0.115965 0.079196
v 0.166686 -0.105245 0.080904
v 0.173551 -0.088844 0.086781
v 0.168219 -0.082995 0.094153
v 0.178511 -0.076250 0.087617
v 0.178923 -0.068083 0.087679
v 0.185514 -0.051565 0.083758
v 0.157834 -0.076211 0.097871
v 0.163042 -0.071514 0.092087
v 0.154016 -0.076498 0.096269
v 0.017170 0.154054 -0.103006
v 0.020972 0.139268 -0.103245
v 0.017686 0.142131 -0.095966
v 0.169963 -0.113649 0.062223
v 0.172059 -0.108282 0.070970
v 0.161673 -0.121273 0.063452
v 0.178168 -0.103316 0.062938
v 0.184162 -0.089901 0.066758
v 0.171973 -0.094493 0.075913
v 0.184937 -0.074680 0.070438
v 0.175407 -0.082439 0.075527
v 0.161843 -0.111703 0.070767
v 0.153954 -0.120364 0.069895
v 0.179648 -0.070016 0.071681
v 0.185849 -0.053847 0.072807
v 0.190328 -0.056544 0.069778
v 0.168445 -0.101346 0.072173
v 0.189427 -0.038207 0.063744
v -0.146742 -0.149404 -0.017766
v -0.151323 -0.151266 -0.006421
v -0.153120 -0.151357 -0.016865
v -0.158440 -0.150471 -0.008670
v -0.146265 -0.145632 -0.001085
v 0.019991 0.387182 0.052636
v 0.014123 0.376085 0.054661
v 0.014020 0.380546 0.052587
v 0.030130 0.392284 0.056989
v 0.029305 0.395670 0.049908
v 0.013368 0.374364 0.074522
v 0.005733 0.365348 0.057721
v 0.006175 0.360970 0.078566
v -0.002368 0.352846 0.074606
v -0.003150 0.356969 0.058620
v 0.022526 0.386290 0.074244
v -0.001942 0.356144 0.089150
v 0.007523 0.371534 0.089114
v 0.032864 0.380767 0.034403
v 0.033185 0.395052 0.040677
v 0.026689 0.385455 0.042555
v 0.016884 0.369094 0.042411
v 0.013014 0.371826 0.048755
v 0.005442 0.357467 0.051617
v -0.002708 0.346232 0.050088
v 0.024403 0.373177 0.031466
v 0.009972 0.343342 0.044219
v 0.031215 0.369161 0.022159
v 0.022410 0.347126 0.036714
v 0.030574 0.378501 0.026857
v 0.036359 0.399014 0.028774
v 0.003753 0.326832 0.041175
v 0.017781 0.331214 0.040370
v -0.146265 -0.145632 -0.001085
v -0.146742 -0.149404 -0.017766
v -0.143302 -0.154102 -0.014876
v 0.088850 -0.101186 0.032788
v 0.090709 -0.101225 0.036697
v 0.093519 -0.110582 0.033544
v 0.093564 -0.110998 0.030720
v -0.004292 0.149944 -0.105547
v -0.004308 0.139582 -0.099566
v -0.001118 0.137990 -0.107891
v -0.006555 0.297816 0.080779
v -0.020763 0.289710 0.079853
v -0.008035 0.294278 0.081157
v 0.008507 0.306387 0.080744
v -0.024479 0.281379 0.075560
v -0.033382 0.285339 0.075734
v -0.023017 0.282283 0.065210
v -0.024479 0.281379 0.075560
v -0.033382 0.285339 0.075734
v -0.015348 0.280544 0.064858
v -0.033244 0.284672 0.068809
v 0.023804 -0.067891 0.063849
v 0.015311 -0.070097 0.060638
v 0.016999 -0.080521 0.058763
v 0.016664 -0.065645 0.064754
v 0.029610 -0.078319 0.056807
v 0.030109 -0.073721 0.062213
v 0.045818 -0.168895 0.051884
v 0.048762 -0.189462 0.049974
v 0.065072 -0.165397 0.054624
v 0.064814 -0.205276 0.049747
v 0.032512 -0.152016 0.050154
v 0.077362 -0.147720 0.053975
v 0.045649 -0.208666 0.043339
v 0.054401 -0.216872 0.044806
v 0.065165 -0.224432 0.044819
v 0.064532 -0.242550 0.042433
v 0.077823 -0.242708 0.042602
v 0.028970 -0.158739 0.047401
v 0.039691 -0.180111 0.046469
v 0.036946 -0.198870 0.042068
v 0.066377 -0.258223 0.035460
v 0.079457 -0.258215 0.038561
v 0.080415 -0.283796 0.034348
v 0.071060 -0.278875 0.032728
v 0.066818 -0.297139 0.025550
v 0.085898 -0.303654 0.024442
v 0.045058 -0.237385 0.033651
v 0.091129 -0.306464 0.024835
v 0.080112 -0.187582 0.049136
v 0.094113 -0.267706 0.033801
v 0.091687 -0.247568 0.036869
v 0.080433 -0.222302 0.041425
v 0.089840 -0.292406 0.028799
v 0.058363 -0.280298 0.024143
v 0.011258 -0.131069 0.038795
v 0.024092 -0.135187 0.046307
v 0.055177 -0.250086 0.032685
v 0.082787 -0.313792 0.016055
v 0.057184 -0.303708 0.016024
v 0.035812 -0.213403 0.034242
v 0.052665 -0.265262 0.022233
v 0.077226 -0.316954 0.011836
v 0.012012 -0.116414 0.046981
v 0.023530 -0.117006 0.046956
v 0.037067 -0.127883 0.046627
v 0.043194 -0.122410 0.050678
v 0.056746 -0.140228 0.047447
v 0.061601 -0.123689 0.052441
v 0.078394 -0.140088 0.052838
v 0.082423 -0.128821 0.055986
v 0.073874 -0.115633 0.057415
v 0.083177 -0.117958 0.057437
v 0.013960 -0.104783 0.045409
v -0.000700 -0.096497 0.042085
v 0.080511 -0.106965 0.064141
v 0.061234 -0.113335 0.058681
v -0.002098 -0.080068 0.051044
v -0.012561 -0.064538 0.054057
v -0.001740 -0.047494 0.066923
v 0.017300 -0.040007 0.070866
v 0.003270 -0.027636 0.069574
v -0.010578 -0.030265 0.065421
v 0.035193 -0.066492 0.064695
v -0.021602 -0.046541 0.063365
v -0.030268 -0.036633 0.065632
v 0.051281 -0.042979 0.066631
v 0.050198 -0.060880 0.064042
v 0.042731 -0.100410 0.062703
v 0.029321 -0.082779 0.061211
v 0.050101 -0.107902 0.063316
v 0.033231 -0.109749 0.056064
v 0.022739 -0.099202 0.054291
v -0.022519 -0.019833 0.070460
v -0.047499 -0.026148 0.067473
v -0.032493 0.001585 0.075560
v -0.007747 -0.000404 0.076341
v -0.048189 0.003021 0.073772
v 0.007934 -0.011557 0.072318
v 0.004510 -0.003936 0.074867
v 0.022256 -0.025965 0.069322
v -0.065640 -0.011370 0.065752
v -0.063508 0.001437 0.069868
v -0.064886 -0.024891 0.065358
v -0.057257 -0.044136 0.059060
v -0.077113 -0.043654 0.060827
v -0.081549 -0.027807 0.063139
v -0.062359 -0.061626 0.053812
v -0.086935 -0.037399 0.062842
v -0.087330 -0.062474 0.059696
v -0.102588 -0.040150 0.062362
v -0.109899 -0.058002 0.059471
v -0.090911 -0.080239 0.059640
v -0.108440 -0.074396 0.058423
v -0.069667 -0.083868 0.057727
v -0.107487 -0.081700 0.059285
v -0.104554 -0.013404 0.055244
v -0.085409 0.003530 0.058180
v -0.080518 0.010047 0.062303
v -0.110682 -0.029631 0.056602
v 0.009060 -0.001709 0.077549
v 0.004320 0.001200 0.077145
v -0.048795 -0.060129 0.049864
v -0.030236 -0.053165 0.054926
v -0.001071 0.000983 0.074515
v -0.106253 0.011075 0.047853
v 0.049671 -0.027577 0.063952
v 0.060148 -0.029158 0.065479
v 0.056872 -0.051514 0.069343
v 0.061946 -0.066814 0.070664
v 0.057609 -0.108762 0.069432
v 0.074832 -0.088915 0.064978
v 0.068765 -0.105111 0.066489
v 0.028201 -0.014864 0.066242
v 0.023634 -0.005152 0.068487
v 0.072692 -0.058788 0.066548
v -0.095793 0.025489 0.060496
v -0.104513 0.027345 0.056292
v -0.056168 -0.064722 0.050097
v 0.052341 -0.115027 0.060581
v 0.023901 0.000169 0.073327
v -0.108481 -0.042731 0.064172
v -0.108614 -0.038229 0.064256
v 0.047560 -0.005641 0.057526
v 0.046818 0.001446 0.059042
v -0.092445 -0.087197 0.062314
v 0.081868 -0.206932 0.040783
v -0.118608 -0.018263 0.049342
v 0.055124 -0.314972 0.005838
v 0.067452 -0.324246 0.004353
v -0.063123 -0.084220 0.051685
v 0.086004 -0.322599 0.018335
v 0.077645 -0.330430 0.013947
v 0.088288 -0.149930 0.047656
v 0.087039 -0.136812 0.048192
v 0.027331 -0.201701 0.033164
v 0.089242 -0.238504 0.036010
v 0.027991 -0.180625 0.036400
v 0.019342 -0.149681 0.039964
v 0.094533 -0.325417 0.025361
v -0.029073 -0.067744 0.039729
v 0.050227 -0.298668 0.011146
v -0.023034 -0.070905 0.039928
v -0.115130 -0.032009 0.058184
v -0.123029 -0.030659 0.054690
v -0.033913 -0.077104 0.028750
v -0.024010 -0.086296 0.019567
v -0.031568 -0.093583 0.020709
v -0.046473 -0.075014 0.034347
v -0.050307 -0.101024 0.031658
v 0.041479 0.007699 0.067560
v -0.037230 0.004492 0.079004
v -0.004447 0.002237 0.080560
v -0.088925 -0.091227 0.065003
v -0.068743 -0.092934 0.064177
v 0.025055 0.005732 0.080472
v -0.105706 -0.087267 0.063703
v -0.021903 0.005349 0.084401
v -0.067553 0.005826 0.073526
v -0.058491 0.003472 0.080890
v 0.008577 0.002311 0.086704
v -0.002162 0.003721 0.090180
v 0.076126 -0.322162 0.007683
v 0.074154 -0.327466 0.009593
v -0.060603 0.268084 0.078326
v -0.062307 0.250198 0.078911
v -0.063898 0.237254 0.084751
v 0.118167 -0.325269 -0.012315
v 0.118674 -0.327426 -0.003251
v 0.116253 -0.333122 -0.015560
v 0.117466 -0.344838 -0.016043
v 0.118010 -0.345767 -0.000375
v 0.124261 -0.346514 0.007866
v 0.129491 -0.351875 -0.016446
v 0.127540 -0.350602 0.004722
v 0.120595 -0.341693 -0.023421
v 0.128087 -0.351574 -0.034249
v 0.122454 -0.342232 -0.036000
v 0.120850 -0.342419 -0.047729
v 0.115814 -0.335508 -0.023119
v 0.185473 0.106599 0.026760
v 0.191981 0.101984 0.026989
v 0.187175 0.101836 0.020773
v 0.175011 0.107672 0.021066
v 0.191276 0.091487 0.025768
v 0.192133 0.094731 0.034639
v -0.029836 0.021915 0.095984
v -0.029605 0.007206 0.102881
v -0.027723 0.004148 0.098508
v -0.031147 0.001357 0.097835
v -0.021534 0.002751 0.093205
v -0.219308 -0.042913 -0.012515
v -0.220844 -0.048844 -0.017638
v -0.218002 -0.055145 -0.015726
v -0.221922 -0.038435 -0.017505
v -0.220557 -0.053467 -0.008289
v -0.216427 -0.047468 -0.023173
v -0.211904 -0.052068 -0.029207
v -0.211251 -0.057502 -0.023234
v -0.205463 -0.062301 -0.027405
v -0.204342 -0.057633 -0.033429
v -0.200570 -0.051895 -0.033646
v -0.212602 -0.044867 -0.020810
v 0.130375 -0.118498 0.069428
v 0.129223 -0.119704 0.052711
v 0.131259 -0.124262 0.060539
v 0.077645 -0.330430 0.013947
v 0.074154 -0.327466 0.009593
v 0.078786 -0.333646 0.026642
v -0.229705 -0.058260 -0.001006
v -0.221519 -0.056666 -0.003017
v -0.227636 -0.068312 -0.001914
v -0.219775 -0.062105 -0.006706
v -0.236569 -0.050418 0.005019
v -0.236507 -0.055647 0.008830
v 0.115814 -0.335508 -0.023119
v 0.116253 -0.333122 -0.015560
v 0.117466 -0.344838 -0.016043
v 0.118050 -0.339344 -0.006556
v 0.114895 -0.324515 -0.017006
v 0.118674 -0.327426 -0.003251
v 0.118010 -0.345767 -0.000375
v 0.123470 -0.332254 0.003140
v 0.123235 -0.341780 0.006367
v 0.118167 -0.325269 -0.012315
v 0.127765 -0.324402 0.006676
v 0.124261 -0.346514 0.007866
v 0.126461 -0.323451 -0.008840
v 0.130880 -0.316622 -0.008252
v 0.130766 -0.314971 -0.018336
v 0.127417 -0.320320 -0.033502
v 0.121286 -0.328674 -0.021429
v 0.121284 -0.330505 -0.037533
v 0.120803 -0.327958 -0.046432
v 0.120850 -0.342419 -0.047729
v 0.122454 -0.342232 -0.036000
v 0.120595 -0.341693 -0.023421
v 0.221554 0.107223 -0.020675
v 0.223685 0.092332 -0.031991
v 0.225065 0.101321 -0.020775
v 0.223119 0.094404 -0.036831
v 0.232576 0.170780 -0.000203
v 0.228183 0.151338 -0.006261
v 0.228676 0.152239 -0.001718
v 0.229268 0.141180 -0.007330
v 0.197078 0.080381 -0.019496
v 0.191950 0.080023 -0.017355
v 0.188234 0.064878 -0.018933
v 0.225065 0.101321 -0.020775
v 0.225202 0.103529 -0.012559
v 0.217663 0.096709 -0.012904
v 0.211138 0.090960 -0.006727
v 0.231949 0.110439 -0.026784
v 0.232202 0.123063 -0.012576
v 0.232457 0.098294 -0.031922
v 0.230590 0.100992 -0.036452
v 0.229653 0.120427 -0.020366
v 0.233709 0.139684 -0.008715
v 0.227173 0.084077 -0.036321
v 0.223474 0.083030 -0.042549
v 0.225579 0.112868 -0.009095
v 0.223685 0.092332 -0.031991
v 0.214674 0.104167 -0.006253
v 0.210911 0.091039 -0.003811
v 0.217958 0.079845 -0.034695
v 0.216195 0.070804 -0.037418
v 0.204891 0.063920 -0.036243
v 0.239750 0.135968 -0.001098
v 0.235718 0.149701 -0.004225
v 0.236818 0.151871 -0.001135
v 0.237759 0.169124 0.002906
v 0.232202 0.123063 -0.012576
v 0.239750 0.135968 -0.001098
v 0.232870 0.129150 -0.003644
v 0.225755 0.124712 -0.009834
v 0.219548 0.120924 -0.010077
v -0.197936 -0.062912 -0.019235
v -0.198564 -0.063309 -0.008234
v -0.201875 -0.069901 -0.012183
v -0.198207 -0.066750 -0.020967
v -0.204538 -0.070923 -0.017997
v -0.205479 -0.070064 -0.023531
v 0.105524 -0.150648 -0.015238
v 0.106838 -0.183656 -0.011781
v 0.105363 -0.171927 -0.010754
v 0.110582 -0.173456 -0.016723
v 0.109826 -0.213505 -0.013370
v 0.115947 -0.216176 -0.018809
v 0.111153 -0.224802 -0.014788
v 0.126809 -0.222168 -0.024489
v 0.106083 -0.199498 -0.011243
v 0.116436 -0.131565 -0.022873
v 0.105852 -0.120410 -0.018006
v 0.110170 -0.099098 -0.024447
v 0.123358 -0.168416 -0.022725
v 0.103173 -0.118114 -0.018950
v 0.099992 -0.100847 -0.019372
v 0.098689 -0.075919 -0.019487
v 0.107302 -0.078936 -0.022586
v 0.110223 -0.084482 -0.024714
v 0.104015 -0.063294 -0.022456
v 0.099758 -0.055767 -0.020574
v 0.089057 -0.058919 -0.017038
v 0.095710 -0.044747 -0.020839
v 0.088442 -0.043914 -0.016181
v 0.095552 -0.079625 -0.019969
v 0.085876 -0.059017 -0.018512
v 0.082287 -0.040117 -0.016566
v 0.120085 -0.111476 -0.022414
v 0.127713 -0.166357 -0.021886
v 0.093854 -0.039102 -0.014086
v 0.131793 -0.219636 -0.023079
v 0.113071 -0.082091 -0.022874
v -0.219775 -0.062105 -0.006706
v -0.210989 -0.058745 -0.006955
v -0.220557 -0.053467 -0.008289
v -0.219308 -0.042913 -0.012515
v -0.215055 -0.044909 -0.012787
v 0.121286 -0.328674 -0.021429
v 0.114895 -0.324515 -0.017006
v 0.115814 -0.335508 -0.023119
v 0.120595 -0.341693 -0.023421
v 0.118167 -0.325269 -0.012315
v 0.126461 -0.323451 -0.008840
v 0.191981 0.101984 0.026989
v 0.185473 0.106599 0.026760
v 0.192133 0.094731 0.034639
v 0.183286 0.094540 0.032529
v 0.184835 0.088733 0.032454
v 0.175472 -0.044441 0.079711
v 0.176597 -0.051023 0.073921
v 0.172834 -0.058484 0.077267
v 0.159137 -0.072801 0.084139
v 0.154016 -0.076498 0.096269
v 0.163042 -0.071514 0.092087
v 0.152360 -0.079596 0.084243
v 0.142374 -0.093988 0.092578
v 0.162540 -0.067110 0.079404
v 0.173388 -0.063898 0.087964
v 0.177871 -0.051054 0.087910
v 0.157834 -0.076211 0.097871
v 0.176954 -0.028579 0.080728
v 0.172792 -0.042574 0.074460
v 0.143849 -0.103408 0.097650
v 0.132973 -0.105648 0.089645
v -0.067485 0.350645 0.093831
v -0.069929 0.347999 0.094942
v -0.058559 0.331449 0.092330
v -0.057678 0.335606 0.091492
v -0.076663 0.354676 0.094657
v -0.052853 0.321511 0.101042
v -0.068672 0.345255 0.061804
v -0.052193 0.317545 0.062064
v -0.065921 0.337378 0.044304
v -0.074173 0.358770 0.084395
v -0.050313 0.318374 0.090300
v -0.041014 0.301223 0.076448
v -0.041718 0.301324 0.056882
v -0.078450 0.367026 0.066912
v -0.037432 0.292329 0.072899
v -0.074508 0.359384 0.043246
v -0.079609 0.372480 0.054559
v -0.058366 0.327791 0.046197
v -0.049489 0.317068 0.050730
v -0.039668 0.293923 0.061414
v -0.039303 0.296058 0.054565
v -0.077716 0.379592 0.034134
v -0.072267 0.366149 0.029625
v -0.070859 0.382666 0.010368
v -0.075069 0.390828 0.013736
v -0.063558 0.337788 0.039708
v -0.040338 0.310102 0.044690
v -0.072426 0.395822 0.002227
v -0.048920 0.311058 0.088230
v -0.039984 0.285301 0.059919
v -0.061195 0.385962 -0.005529
v -0.063962 0.400863 -0.013652
v -0.059038 0.373098 0.005464
v -0.059188 0.365191 0.015887
v -0.064209 0.357854 0.029579
v -0.053950 0.345942 0.028168
v -0.038598 0.326808 0.033539
v -0.047841 0.328368 0.041949
v -0.042020 0.337775 0.029424
v -0.052046 0.405418 -0.025882
v -0.048209 0.352779 0.019095
v -0.208335 -0.065640 -0.011167
v -0.201875 -0.069901 -0.012183
v -0.211553 -0.074593 -0.009261
v -0.215462 -0.065440 -0.009299
v -0.227636 -0.068312 -0.001914
v -0.219775 -0.062105 -0.006706
v -0.218317 -0.076305 -0.003712
v -0.199203 -0.074698 -0.009587
v 0.049876 0.389043 0.008517
v 0.050298 0.385844 0.018880
v 0.057480 0.379494 0.035248
v 0.044491 0.387989 0.009335
v 0.051504 0.380998 0.029288
v 0.055983 0.374372 0.046262
v 0.041280 0.395469 -0.003581
v 0.059152 0.370831 0.057850
v -0.218002 -0.055145 -0.015726
v -0.226794 -0.056755 -0.016948
v -0.220557 -0.053467 -0.008289
v -0.221907 -0.061579 -0.020755
v -0.211251 -0.057502 -0.023234
v 0.087773 0.207173 -0.031289
v 0.091873 0.204109 -0.019602
v 0.090631 0.203179 -0.014187
v 0.096345 0.202390 -0.005922
v 0.091041 0.210751 -0.037210
v 0.089522 0.218238 -0.048146
v 0.082096 0.206798 -0.051928
v 0.083116 0.221131 -0.066602
v 0.091413 0.230401 -0.057389
v 0.079743 0.196331 -0.042846
v 0.086212 0.238034 -0.071622
v 0.093323 0.245564 -0.060874
v 0.079253 0.232700 -0.078697
v 0.094403 0.264895 -0.064934
v 0.081781 0.248343 -0.079845
v 0.064049 0.195312 -0.064027
v 0.084640 0.189937 -0.035861
v 0.093636 0.274629 -0.066431
v 0.079067 0.188354 -0.046504
v 0.081830 0.158119 -0.034411
v 0.072598 0.166939 -0.049525
v 0.071079 0.148386 -0.050709
v 0.060082 0.188812 -0.069804
v 0.048639 0.201544 -0.082269
v 0.063908 0.215950 -0.079590
v 0.058814 0.169627 -0.066441
v 0.048850 0.169106 -0.080329
v 0.048473 0.146925 -0.076700
v 0.035358 0.188636 -0.096949
v 0.036217 0.168036 -0.092372
v 0.026968 0.146406 -0.096556
v 0.022606 0.162968 -0.105322
v 0.020972 0.139268 -0.103245
v 0.029268 0.187822 -0.102019
v 0.082895 0.140277 -0.035015
v 0.086493 0.139034 -0.029234
v 0.079641 0.283609 -0.078981
v 0.038537 0.210828 -0.090373
v 0.053593 0.224848 -0.086492
v 0.092581 0.290989 -0.064041
v 0.032372 0.137674 -0.099722
v 0.215530 0.221283 0.002143
v 0.216287 0.223281 -0.002278
v 0.212356 0.208132 -0.001119
v 0.138833 -0.117055 0.023815
v 0.146662 -0.115556 0.025931
v 0.134736 -0.118267 0.031031
v 0.154187 -0.109821 0.029249
v 0.140531 -0.111396 0.033759
v 0.152039 -0.103704 0.035399
v 0.162179 -0.097068 0.033303
v 0.168181 -0.089200 0.031703
v 0.177153 -0.075799 0.023420
v 0.174760 -0.073164 0.029474
v 0.178085 -0.058570 0.027331
v 0.181338 -0.059927 0.017615
v 0.181752 -0.046578 0.026034
v 0.174591 -0.083751 0.020348
v 0.167633 -0.095905 0.022899
v 0.182287 -0.046748 0.013768
v 0.183339 -0.040608 0.020882
v 0.185510 -0.022841 0.017852
v 0.185598 -0.012363 0.010869
v 0.191950 0.080023 -0.017355
v 0.195601 0.082404 -0.009720
v 0.192998 0.084448 -0.003393
v 0.197078 0.080381 -0.019496
v 0.200989 0.083647 -0.012112
v 0.202046 0.079148 -0.004294
v 0.189566 0.150957 -0.036514
v 0.197937 0.148618 -0.033287
v 0.193050 0.150535 -0.027972
v -0.013263 0.285791 0.069678
v -0.017064 0.285512 0.068746
v -0.009062 0.290322 0.071977
v -0.003538 0.297788 0.074290
v -0.015348 0.280544 0.064858
v -0.019800 0.286462 0.058943
v -0.039668 0.293923 0.061414
v -0.037432 0.292329 0.072899
v -0.042841 0.290424 0.067052
v -0.060085 0.112606 0.079264
v -0.066557 0.089867 0.089051
v -0.063562 0.088162 0.079580
v -0.062709 0.118372 0.088985
v -0.056757 0.141442 0.080040
v -0.059799 0.168108 0.088106
v -0.055986 0.169862 0.079749
v -0.056815 0.195489 0.088351
v -0.053675 0.196041 0.081322
v -0.052157 0.215918 0.086077
v -0.065766 0.079357 0.077019
v -0.067730 0.062773 0.074963
v -0.070737 0.061481 0.087980
v -0.071285 0.039687 0.074358
v -0.074407 0.036834 0.086324
v -0.074573 0.017874 0.083685
v -0.076867 0.004659 0.087917
v -0.076062 0.005500 0.077593
v -0.075351 0.023649 0.071587
v -0.047977 0.207866 0.078640
v -0.044658 0.237352 0.077538
v -0.048524 0.244264 0.084029
v -0.042399 0.253016 0.074656
v -0.047780 0.263032 0.079426
v -0.041956 0.266543 0.069135
v -0.048104 0.279108 0.073338
v -0.045341 0.285863 0.067590
v -0.039984 0.285301 0.059919
v -0.078898 0.023263 0.066218
v -0.085343 0.010698 0.067326
v -0.031368 0.187100 0.075623
v -0.029296 0.187552 0.079416
v -0.043607 0.192027 0.078770
v -0.041479 0.188539 0.075759
v -0.050329 0.184052 0.075978
v -0.027508 0.173717 0.079779
v -0.028364 0.172754 0.077967
v -0.049439 0.169250 0.077314
v -0.034749 0.160833 0.079626
v 0.195431 0.002731 0.039592
v 0.195825 -0.004694 0.042588
v 0.194020 -0.016151 0.039960
v 0.192780 -0.028445 0.031994
v 0.191627 -0.028426 0.039953
v 0.192381 -0.037849 0.029515
v 0.189390 -0.047202 0.036845
v 0.192581 -0.022313 0.021986
v 0.192229 -0.031917 0.047341
v 0.190837 -0.049663 0.046247
v 0.193001 -0.042709 0.058221
v 0.194676 -0.018068 0.029990
v 0.196596 -0.002385 0.028630
v 0.197199 0.009193 0.033193
v 0.195710 0.005104 0.020497
v 0.191566 -0.060779 0.051875
v 0.190230 -0.068132 0.057871
v 0.190328 -0.056544 0.069778
v 0.196392 0.014019 0.029008
v 0.195065 -0.019189 0.044294
v 0.192782 -0.003077 0.016059
v 0.190600 -0.014111 0.018444
v 0.195074 0.019454 0.043561
v 0.193787 0.026285 0.038359
v 0.184937 -0.074680 0.070438
v 0.184162 -0.089901 0.066758
v 0.191413 0.007741 0.051423
v 0.191563 -0.000600 0.050279
v 0.192474 -0.011231 0.045047
v 0.191856 -0.012304 0.052269
v 0.185659 -0.077517 0.054742
v 0.178168 -0.103316 0.062938
v 0.189427 -0.038207 0.063744
v 0.190816 -0.021515 0.048083
v 0.188535 -0.018811 0.059106
v 0.192531 0.018953 0.022509
v 0.185537 -0.058270 0.045621
v 0.185287 -0.073356 0.035573
v 0.184981 -0.075911 0.040920
v 0.182136 -0.088879 0.041034
v 0.177803 -0.082656 0.052652
v 0.177143 -0.095360 0.047812
v 0.170300 -0.108658 0.040780
v 0.174697 -0.098603 0.035445
v 0.177693 -0.086690 0.032182
v 0.181876 -0.067525 0.048074
v 0.184535 -0.054712 0.031420
v 0.181752 -0.046578 0.026034
v 0.183339 -0.040608 0.020882
v 0.185598 -0.012363 0.010869
v 0.185510 -0.022841 0.017852
v 0.187979 0.005869 0.010603
v 0.158932 -0.115210 0.036197
v 0.159754 -0.118258 0.039262
v 0.112372 0.252267 0.047925
v 0.104913 0.257484 0.051570
v 0.104683 0.250876 0.049184
v 0.108635 0.233598 0.041145
v 0.116933 0.227010 0.037179
v 0.121617 0.209966 0.030497
v 0.117681 0.193132 0.025967
v 0.126700 0.183904 0.020899
v 0.125392 0.165855 0.016537
v 0.136680 0.165961 0.013815
v 0.132012 0.247841 0.044892
v 0.115110 0.268970 0.054507
v 0.128116 0.260175 0.050071
v 0.143666 0.191982 0.024205
v 0.138413 0.219253 0.034738
v 0.125365 0.155914 0.011080
v 0.132268 0.141741 0.005427
v 0.143017 0.150920 0.006845
v 0.153225 0.160059 0.010364
v 0.143929 0.139576 0.004027
v 0.136501 0.132302 0.002414
v 0.144559 0.168004 0.016003
v 0.153144 0.182201 0.017907
v 0.093813 0.253983 0.048054
v 0.093226 0.264605 0.054488
v 0.162749 0.166254 0.009033
v 0.145276 0.202840 0.026542
v 0.143425 0.126264 -0.004669
v 0.151242 0.132249 -0.000477
v 0.129092 0.270666 0.058943
v 0.142682 0.263306 0.049710
v 0.125820 0.278247 0.064152
v 0.114782 0.275344 0.065137
v 0.109709 0.279021 0.066264
v 0.123896 0.299500 0.062269
v 0.107602 0.298980 0.064009
v 0.139120 0.257173 0.042420
v 0.146319 0.283635 0.051144
v 0.135110 0.292605 0.058919
v 0.143965 0.256002 0.037177
v 0.150381 0.262437 0.038793
v 0.150333 0.256413 0.032336
v 0.145580 0.230815 0.030651
v 0.155241 0.145531 -0.006596
v 0.161413 0.160457 -0.003509
v 0.166911 0.155550 -0.010050
v 0.166257 0.170350 -0.001964
v 0.159742 0.141023 -0.006657
v 0.177000 0.150700 -0.011428
v 0.174558 0.170044 -0.011358
v 0.168934 0.174825 -0.007436
v 0.143523 0.298307 0.051412
v 0.153366 0.240578 0.023937
v 0.157196 0.221367 0.018021
v 0.152416 0.209360 0.019243
v 0.162864 0.196033 0.009131
v 0.159054 0.183989 0.011800
v 0.213600 0.146203 -0.039169
v 0.220093 0.146649 -0.037196
v 0.203067 0.145167 -0.034094
v 0.222006 0.152343 -0.033584
v 0.213884 0.159319 -0.034439
v 0.225521 0.165290 -0.027884
v 0.230302 0.158899 -0.032910
v -0.050329 0.184052 0.075978
v -0.051604 0.180511 0.079433
v -0.049439 0.169250 0.077314
v -0.043607 0.192027 0.078770
v 0.029305 0.395670 0.049908
v 0.033185 0.395052 0.040677
v 0.030130 0.392284 0.056989
v 0.222282 0.170334 -0.033218
v 0.212421 0.161705 -0.036647
v 0.213884 0.159319 -0.034439
v 0.225521 0.165290 -0.027884
v 0.197383 0.153486 -0.031574
v 0.009090 0.412727 0.086971
v 0.007746 0.411924 0.091876
v -0.001311 0.405072 0.096944
v 0.000522 0.411240 0.101752
v 0.000863 0.417351 0.100167
v -0.000579 0.424815 0.092388
v -0.009897 0.412859 0.098981
v -0.133590 0.220787 -0.060170
v -0.137557 0.209988 -0.057138
v -0.143730 0.194902 -0.056688
v -0.134134 0.163047 -0.028166
v -0.135655 0.152935 -0.025561
v -0.145770 0.138772 -0.026520
v -0.146310 0.129438 -0.025444
v -0.128544 0.169849 -0.028973
v -0.127485 0.175618 -0.031096
v -0.123633 0.184274 -0.033737
v -0.131741 0.188627 -0.047944
v -0.142827 0.177135 -0.054020
v -0.121390 0.194433 -0.039338
v -0.143621 0.158462 -0.043769
v -0.153588 0.151902 -0.055137
v -0.154920 0.137812 -0.044269
v -0.157062 0.139769 -0.051036
v -0.120887 0.205092 -0.045557
v -0.169853 0.137463 -0.064292
v -0.158745 0.162008 -0.064326
v -0.155088 0.125526 -0.040330
v -0.149983 0.125563 -0.025059
v -0.158414 0.126903 -0.046854
v -0.157051 0.106056 -0.030651
v -0.159194 0.115816 -0.048680
v -0.174614 0.108127 -0.059013
v -0.169446 0.101548 -0.049960
v -0.175609 0.083149 -0.050576
v -0.159362 0.090660 -0.027690
v -0.168606 0.068480 -0.030866
v -0.180745 0.067685 -0.048152
v -0.179484 0.053487 -0.035615
v -0.160732 0.079107 -0.024260
v -0.165141 0.066397 -0.024987
v -0.176774 0.049776 -0.024854
v -0.127293 0.214945 -0.054185
v -0.122817 0.214846 -0.050584
v -0.191233 0.036684 -0.030318
v -0.186525 0.036310 -0.022593
v -0.195949 0.018138 -0.013456
v -0.201433 0.014209 -0.018339
v -0.207989 -0.001651 -0.009524
v -0.198959 0.005476 0.004460
v -0.206528 -0.005851 0.001303
v -0.216476 -0.025774 0.001251
v -0.218478 -0.016409 -0.014692
v -0.223924 -0.030258 -0.013548
v -0.226860 -0.041012 -0.009685
v -0.222353 -0.043724 0.001078
v -0.209114 0.006000 -0.017279
v -0.215043 -0.038538 0.009588
v -0.156763 0.138741 -0.046081
v -0.215757 -0.050361 0.009992
v -0.191089 0.049501 -0.041032
v -0.202439 -0.033338 0.015778
v -0.157916 0.176895 -0.064990
v -0.204272 0.040893 -0.036305
v -0.203119 -0.049759 0.019352
v -0.189162 0.084663 -0.058277
v -0.187971 0.116445 -0.067770
v -0.223900 -0.039509 -0.014006
v -0.232581 -0.044099 -0.011590
v 0.030109 -0.073721 0.062213
v 0.029610 -0.078319 0.056807
v 0.029321 -0.082779 0.061211
v -0.142398 -0.103277 -0.026691
v -0.142576 -0.118509 -0.026758
v -0.144785 -0.092872 -0.027953
v -0.142547 -0.128722 -0.026659
v -0.200570 -0.051895 -0.033646
v -0.205463 -0.062301 -0.027405
v -0.204342 -0.057633 -0.033429
v -0.197936 -0.062912 -0.019235
v -0.198207 -0.066750 -0.020967
v -0.116052 0.272112 0.064847
v -0.119423 0.284288 0.055657
v -0.111112 0.262469 0.070670
v -0.044095 0.385477 -0.012296
v -0.051425 0.382427 -0.006805
v -0.046737 0.384685 -0.005279
v -0.034339 0.399081 -0.023828
v -0.047928 0.406210 -0.003714
v -0.038627 0.417598 -0.017655
v -0.046942 0.426141 -0.006774
v -0.048253 0.441746 -0.006387
v -0.043297 0.449157 -0.015819
v -0.050671 0.446833 -0.004077
v -0.029444 0.421269 -0.026071
v -0.027807 0.403351 -0.029374
v -0.045667 0.468674 -0.003546
v -0.034574 0.469677 -0.016593
v -0.030272 0.448894 -0.026623
v -0.027636 0.441856 -0.026334
v -0.023691 0.462989 -0.025417
v -0.024642 0.477555 -0.016976
v -0.188407 0.093197 -0.015731
v -0.181461 0.093039 -0.019894
v -0.188275 0.090574 -0.011154
v -0.184739 0.092166 -0.021588
v 0.145977 -0.115224 0.080173
v 0.147822 -0.121100 0.078035
v 0.149090 -0.116939 0.084171
v 0.145919 -0.111459 0.075788
v 0.137297 -0.121355 0.074237
v 0.130375 -0.118498 0.069428
v 0.039204 0.334795 0.097345
v 0.029598 0.323286 0.101028
v 0.036780 0.328501 0.099564
v -0.019693 0.087389 0.090139
v -0.022198 0.073536 0.091695
v -0.022289 0.070163 0.089643
v 0.214977 0.115203 -0.011328
v 0.207945 0.109040 -0.010704
v 0.204264 0.103752 -0.007175
v 0.214674 0.104167 -0.006253
v 0.203448 0.096301 -0.003407
v 0.210911 0.091039 -0.003811
v 0.219548 0.120924 -0.010077
v 0.225579 0.112868 -0.009095
v 0.232202 0.123063 -0.012576
v 0.142098 -0.120317 0.054221
v 0.135694 -0.115985 0.050865
v 0.137539 -0.115868 0.055388
v 0.155726 -0.121603 0.057511
v 0.028303 -0.229444 -0.010534
v 0.025068 -0.222973 -0.022329
v 0.034008 -0.236223 0.002177
v -0.048920 0.311058 0.088230
v -0.052853 0.321511 0.101042
v -0.053513 0.318961 0.099579
v 0.094794 -0.093071 0.032009
v 0.087994 -0.109746 0.043620
v 0.090709 -0.101225 0.036697
v 0.088850 -0.101186 0.032788
v 0.093503 -0.095609 0.029828
v 0.181274 0.180664 -0.025635
v 0.182400 0.171590 -0.023222
v 0.179853 0.188112 -0.030168
v 0.183768 0.187413 -0.020619
v 0.202273 0.067142 0.008152
v 0.197472 0.052125 0.020403
v 0.198844 0.057219 0.015131
v 0.094794 -0.093071 0.032009
v 0.093503 -0.095609 0.029828
v 0.096057 -0.101110 0.028237
v 0.088850 -0.101186 0.032788
v 0.093564 -0.110998 0.030720
v -0.188357 0.079312 -0.018778
v -0.188254 0.083060 -0.014923
v -0.186234 0.075830 -0.020124
v -0.157062 0.139769 -0.051036
v -0.154920 0.137812 -0.044269
v -0.156763 0.138741 -0.046081
v -0.101003 0.350479 0.008952
v -0.104983 0.354202 -0.004802
v -0.098495 0.348061 0.017219
v -0.109791 0.338307 0.006752
v -0.106549 0.331152 0.017720
v -0.111717 0.350470 -0.007269
v -0.119921 0.343038 -0.006635
v -0.131875 0.332141 0.006346
v -0.128793 0.322907 0.016912
v -0.117204 0.321796 0.024705
v -0.108799 0.322380 0.031146
v -0.094373 0.329110 0.027685
v -0.088149 0.340565 0.021074
v -0.082303 0.330128 0.034051
v -0.093360 0.320796 0.037177
v -0.086501 0.347636 0.017602
v -0.112972 0.317915 0.038751
v -0.108643 -0.340696 -0.016954
v -0.109141 -0.359920 -0.017174
v -0.086424 -0.360843 -0.015404
v -0.087981 -0.337811 -0.015419
v -0.091673 -0.332558 -0.014048
v -0.121791 -0.344120 -0.022314
v -0.121407 -0.359220 -0.022154
v -0.117091 -0.338014 -0.017441
v -0.112782 -0.332074 -0.010234
v -0.122342 -0.329343 -0.010136
v -0.106348 -0.322495 -0.005846
v -0.107755 -0.381007 -0.013158
v -0.120241 -0.385412 -0.016683
v -0.110638 -0.406911 -0.013629
v -0.125973 -0.374731 -0.020327
v -0.118421 -0.364174 -0.013347
v -0.107558 -0.364993 -0.009484
v -0.120740 -0.408623 -0.013132
v -0.108698 -0.420487 -0.012159
v -0.093959 -0.366173 -0.009408
v -0.096745 -0.384797 -0.015954
v -0.110985 -0.219404 0.013938
v -0.125666 -0.221800 0.006703
v -0.111209 -0.246674 0.008992
v -0.117679 -0.208021 0.015194
v -0.125545 -0.246674 0.005030
v -0.109693 -0.272167 0.000762
v -0.120347 -0.273150 -0.004707
v -0.105432 -0.296497 -0.005040
v -0.139196 -0.038691 0.033472
v -0.139599 -0.048198 0.029950
v -0.139386 -0.053698 0.032580
v -0.133664 -0.062285 0.047151
v -0.139723 -0.066024 0.031757
v -0.133540 -0.037475 0.048713
v -0.137444 -0.085778 0.030134
v -0.134056 -0.086737 0.041249
v -0.132218 -0.106806 0.029100
v -0.155811 -0.062496 0.008903
v -0.142224 -0.053931 0.029147
v -0.150058 -0.098327 0.011148
v -0.156516 -0.086120 0.002346
v -0.158019 -0.100644 -0.003509
v -0.151661 -0.122172 -0.000275
v -0.151826 -0.040462 0.012487
v -0.156570 -0.127813 -0.007139
v -0.134628 -0.114801 0.022934
v -0.131100 -0.140665 0.022382
v -0.140794 -0.132567 0.009745
v -0.134387 -0.169525 0.009649
v -0.126665 -0.190189 0.016843
v -0.146265 -0.145632 -0.001085
v -0.127661 -0.208773 0.006909
v -0.136050 -0.200075 -0.006529
v -0.135408 -0.225850 -0.008308
v -0.141733 -0.144401 0.002611
v -0.133948 -0.244318 -0.004840
v -0.133224 -0.257671 -0.009900
v -0.141291 -0.243500 -0.020836
v -0.141295 -0.257265 -0.025428
v -0.141279 -0.281451 -0.027812
v -0.130695 -0.283235 -0.016297
v -0.134245 -0.306820 -0.029214
v -0.142275 -0.306550 -0.040594
v -0.142968 -0.216037 -0.029199
v -0.141933 -0.230386 -0.029985
v -0.138789 -0.174201 -0.006651
v -0.141516 -0.205589 -0.026620
v -0.143302 -0.154102 -0.014876
v -0.144756 -0.269828 -0.038510
v -0.143406 -0.242524 -0.032214
v -0.137251 -0.327301 -0.029055
v -0.145627 -0.319627 -0.051641
v -0.144968 -0.300757 -0.049874
v -0.144914 -0.282195 -0.048229
v -0.127498 -0.327483 -0.014159
v -0.132578 -0.344966 -0.030964
v -0.140616 -0.338933 -0.038362
v -0.147333 -0.327933 -0.049167
v -0.140915 -0.348164 -0.046367
v -0.129966 -0.357438 -0.029267
v -0.144757 -0.344601 -0.055504
v -0.141661 -0.172437 -0.020310
v -0.122749 -0.156676 0.026316
v -0.123325 -0.146599 0.029874
v -0.117774 -0.298635 -0.012611
v -0.114642 -0.311300 -0.011443
v -0.130889 -0.137314 0.027622
v -0.139772 -0.059658 0.029859
v -0.158440 -0.150471 -0.008670
v -0.157878 -0.067400 0.006490
v -0.156514 -0.036235 0.013068
v -0.140397 -0.025667 0.020564
v -0.129750 -0.016293 0.033649
v -0.130013 -0.033126 0.048333
v -0.145116 -0.355746 -0.047106
v -0.132645 -0.362370 -0.025523
v -0.139200 -0.363424 -0.036039
v -0.135294 -0.374457 -0.034510
v -0.132548 -0.399782 -0.025154
v -0.137154 -0.404586 -0.034779
v -0.136629 -0.420797 -0.022525
v -0.130898 -0.409353 -0.019702
v -0.139609 -0.424996 -0.032404
v -0.137361 -0.382106 -0.046921
v -0.137957 -0.368952 -0.047942
v -0.132178 -0.424026 -0.011988
v -0.137121 -0.415228 -0.047760
v -0.129952 -0.003574 0.019641
v -0.117310 -0.001668 0.042865
v -0.118608 -0.018263 0.049342
v -0.123029 -0.030659 0.054690
v -0.124642 0.011156 0.018918
v -0.116327 0.012073 0.036346
v -0.126311 0.028978 0.029203
v -0.113695 0.025525 0.046428
v -0.132688 0.030526 0.008839
v -0.106253 0.011075 0.047853
v -0.104513 0.027345 0.056292
v -0.132036 0.026907 -0.001799
v -0.127967 0.011769 -0.001116
v -0.136955 -0.009934 0.001861
v 0.020191 -0.209531 -0.004101
v 0.028303 -0.229444 -0.010534
v 0.028101 -0.221087 0.016916
v 0.034008 -0.236223 0.002177
v 0.056827 -0.328631 -0.009822
v 0.052948 -0.330189 -0.013511
v 0.047680 -0.332957 -0.016713
v 0.061895 -0.330584 -0.003398
v 0.067452 -0.324246 0.004353
v 0.074154 -0.327466 0.009593
v 0.077226 -0.316954 0.011836
v 0.046115 -0.323806 -0.016154
v 0.043620 -0.325144 -0.027109
v 0.045024 -0.335538 -0.023983
v 0.050599 -0.339005 -0.002265
v 0.051921 -0.350557 -0.006553
v 0.056586 -0.347263 0.008282
v 0.049031 -0.358210 -0.012451
v 0.052775 -0.355284 0.004078
v 0.063042 -0.347746 0.019847
v 0.049043 -0.369251 -0.011565
v 0.044862 -0.364678 -0.022288
v 0.061872 -0.358486 0.014261
v 0.056373 -0.366541 0.005274
v 0.051046 -0.350921 -0.022012
v 0.067681 -0.365502 0.016849
v 0.052715 -0.351645 -0.035733
v 0.042285 -0.315845 -0.013227
v 0.038277 -0.299180 -0.020992
v 0.041173 -0.296546 -0.003860
v 0.033905 -0.271827 -0.020589
v 0.034444 -0.261232 -0.008765
v 0.042582 -0.272587 0.005939
v 0.041650 -0.259315 0.011520
v 0.050227 -0.298668 0.011146
v 0.033750 -0.247063 0.001296
v 0.041856 -0.241684 0.021890
v 0.048623 -0.321187 -0.005029
v 0.029890 -0.240258 -0.016880
v 0.025068 -0.222973 -0.022329
v 0.033208 -0.254324 -0.021169
v 0.058363 -0.280298 0.024143
v 0.052665 -0.265262 0.022233
v 0.055177 -0.250086 0.032685
v 0.045058 -0.237385 0.033651
v 0.035812 -0.213403 0.034242
v 0.024201 -0.203051 0.024576
v 0.021710 -0.208051 0.010026
v 0.020582 -0.189425 0.023175
v 0.027331 -0.201701 0.033164
v 0.027991 -0.180625 0.036400
v 0.018543 -0.191120 -0.006154
v 0.014564 -0.176553 0.021333
v 0.010633 -0.173977 0.012040
v 0.009456 -0.174917 -0.003416
v 0.007632 -0.150525 0.020001
v -0.001987 -0.139801 0.008473
v -0.002218 -0.144559 -0.001910
v -0.007018 -0.118664 0.020413
v -0.018473 -0.098927 0.013632
v -0.012378 -0.090569 0.034297
v -0.021489 -0.095088 0.010925
v -0.018207 -0.100954 -0.000476
v -0.002840 -0.108295 0.035544
v 0.011258 -0.131069 0.038795
v 0.019342 -0.149681 0.039964
v 0.016454 -0.156497 0.029653
v 0.012012 -0.116414 0.046981
v -0.024010 -0.086296 0.019567
v -0.023034 -0.070905 0.039928
v 0.055124 -0.314972 0.005838
v -0.000700 -0.096497 0.042085
v -0.012561 -0.064538 0.054057
v 0.019187 -0.190692 -0.019330
v 0.011333 -0.173240 -0.018002
v 0.049448 -0.340005 -0.035203
v 0.043147 -0.317708 -0.035264
v 0.047366 -0.368421 -0.030877
v 0.037250 -0.280616 -0.033390
v 0.035696 -0.254542 -0.035356
v 0.041485 -0.303152 -0.034281
v 0.024112 -0.211104 -0.021417
v 0.055093 -0.371006 -0.004959
v 0.027867 -0.222664 -0.032350
v 0.033067 -0.229197 -0.037840
v 0.025837 -0.194502 -0.032726
v 0.037650 -0.234665 -0.041806
v 0.043280 -0.282173 -0.048090
v 0.005917 -0.148149 -0.019176
v -0.002536 -0.126249 -0.015797
v 0.052858 -0.330469 -0.039955
v 0.042929 -0.270206 -0.044323
v 0.059706 -0.348973 -0.049344
v 0.057204 -0.359027 -0.050065
v 0.058959 -0.376229 -0.023311
v 0.059899 -0.376477 -0.011304
v -0.006937 -0.094346 -0.020403
v 0.055639 -0.318312 -0.053526
v 0.057713 -0.366807 -0.047186
v 0.059032 -0.376134 -0.033702
v 0.067043 -0.372418 0.007898
v 0.051914 -0.300547 -0.050280
v 0.043537 -0.243445 -0.048533
v 0.021898 -0.182282 -0.028676
v 0.061979 -0.371418 -0.002980
v 0.063198 -0.372487 -0.047006
v 0.069138 -0.382177 -0.044400
v 0.064682 -0.387321 -0.035851
v 0.071992 -0.403019 -0.043199
v 0.065233 -0.411418 -0.032933
v 0.071764 -0.423516 -0.046014
v 0.063760 -0.331235 -0.052105
v 0.036272 -0.211362 -0.034657
v -0.018421 -0.096435 -0.005290
v -0.016667 -0.088253 -0.014909
v 0.067717 -0.444175 -0.047935
v -0.009627 -0.077948 -0.026595
v 0.061886 -0.373601 -0.008025
v -0.087808 -0.281776 -0.003384
v -0.105432 -0.296497 -0.005040
v -0.096943 -0.318485 -0.005809
v -0.106348 -0.322495 -0.005846
v -0.037230 0.004492 0.079004
v -0.021534 0.002751 0.093205
v -0.041524 0.002568 0.090180
v -0.058491 0.003472 0.080890
v -0.021903 0.005349 0.084401
v -0.004447 0.002237 0.080560
v -0.002162 0.003721 0.090180
v -0.017755 0.002495 0.095936
v -0.027723 0.004148 0.098508
v -0.035627 0.003675 0.093446
v -0.031147 0.001357 0.097835
v -0.118166 0.124450 0.065062
v -0.126438 0.120615 0.076754
v -0.107038 0.124185 0.078557
v -0.126678 0.124728 0.054017
v -0.137571 0.120051 0.058501
v -0.112781 0.118277 0.092262
v -0.101484 0.119249 0.092888
v -0.140265 0.117712 0.049381
v -0.049952 0.432870 0.022280
v -0.049341 0.408645 0.023082
v -0.061527 0.428829 0.025685
v -0.053149 0.442820 0.026274
v -0.060994 0.440047 0.030837
v -0.137131 -0.029930 0.055305
v -0.133540 -0.037475 0.048713
v -0.136327 -0.070161 0.054372
v -0.133664 -0.062285 0.047151
v -0.134056 -0.086737 0.041249
v -0.136262 -0.087260 0.054939
v -0.130013 -0.033126 0.048333
v -0.136955 -0.009934 0.001861
v -0.146939 -0.031096 0.012170
v -0.140397 -0.025667 0.020564
v -0.151826 -0.040462 0.012487
v -0.146061 -0.026236 0.002217
v 0.195390 0.155689 -0.034326
v 0.212421 0.161705 -0.036647
v 0.213600 0.146203 -0.039169
v 0.221188 0.155112 -0.038172
v 0.222282 0.170334 -0.033218
v 0.230302 0.158899 -0.032910
v 0.220093 0.146649 -0.037196
v 0.197937 0.148618 -0.033287
v 0.189566 0.150957 -0.036514
v 0.203067 0.145167 -0.034094
v -0.117362 -0.005770 -0.065144
v -0.110649 -0.021159 -0.057829
v -0.113490 -0.035016 -0.064333
v -0.113088 -0.006623 -0.053739
v -0.123587 -0.011298 -0.067821
v 0.121284 -0.330505 -0.037533
v 0.121286 -0.328674 -0.021429
v 0.120595 -0.341693 -0.023421
v -0.134388 -0.113996 0.034341
v -0.130889 -0.137314 0.027622
v -0.134370 -0.138800 0.035079
v -0.132218 -0.106806 0.029100
v -0.133998 -0.091804 0.039709
v -0.134056 -0.086737 0.041249
v -0.123325 -0.146599 0.029874
v 0.214190 0.066529 0.012761
v 0.206907 0.080041 0.002511
v 0.207958 0.060010 0.010556
v 0.218201 0.076850 0.009993
v 0.232576 0.170780 -0.000203
v 0.235718 0.149701 -0.004225
v 0.228183 0.151338 -0.006261
v 0.233709 0.139684 -0.008715
v 0.142898 -0.060409 0.082401
v 0.141776 -0.061900 0.075179
v 0.149422 -0.070202 0.078653
v 0.151311 -0.074327 0.074071
v 0.152565 -0.071933 0.080168
v 0.130910 -0.056252 0.078275
v -0.079096 0.257502 0.074459
v -0.083047 0.271008 0.083981
v -0.080238 0.249808 0.079188
v -0.054249 0.434169 0.036059
v -0.059516 0.419240 0.030171
v -0.052490 0.421387 0.035095
v -0.050446 0.419922 0.036041
v -0.051758 0.421875 0.037109
v -0.052817 0.416342 0.039478
v -0.011589 0.414267 0.093132
v -0.011322 0.407447 0.091078
v -0.009897 0.412859 0.098981
v -0.013717 0.417841 0.086274
v -0.118863 -0.000591 -0.039366
v -0.107998 -0.008416 -0.054375
v -0.113088 -0.006623 -0.053739
v 0.222282 0.170334 -0.033218
v 0.225521 0.165290 -0.027884
v 0.230302 0.158899 -0.032910
v 0.230590 0.100992 -0.036452
v 0.227374 0.112094 -0.026717
v 0.231949 0.110439 -0.026784
v 0.017536 0.122252 -0.109024
v 0.024041 0.126141 -0.106646
v 0.031102 0.121356 -0.107700
v 0.036790 0.123156 -0.107856
v -0.006228 0.075170 -0.090871
v -0.011645 0.103150 -0.091475
v 0.006848 0.099659 -0.111073
v 0.010948 0.078159 -0.110988
v 0.003198 0.119879 -0.112674
v -0.013975 0.119107 -0.092750
v -0.001860 0.047063 -0.095842
v 0.012722 0.067858 -0.109678
v -0.008777 0.049551 -0.092308
v 0.012524 0.047398 -0.101493
v -0.017143 0.124144 -0.094567
v -0.007857 0.135542 -0.113778
v -0.006865 0.043465 -0.087930
v 0.020135 0.108022 -0.114565
v -0.019699 0.133595 -0.103875
v 0.036979 0.091888 -0.110441
v 0.036827 0.110897 -0.113363
v 0.030641 0.051868 -0.101900
v 0.010261 0.123690 -0.110193
v 0.048575 0.057242 -0.099587
v 0.049280 0.080432 -0.104834
v 0.056369 0.111101 -0.108830
v 0.061247 0.118131 -0.104782
v 0.014297 0.137287 -0.104091
v -0.001118 0.137990 -0.107891
v 0.032372 0.137674 -0.099722
v 0.020972 0.139268 -0.103245
v 0.026968 0.146406 -0.096556
v 0.043814 0.134414 -0.097741
v 0.048823 0.051464 -0.093919
v 0.064369 0.125207 -0.097878
v -0.009999 0.147852 -0.107481
v -0.004292 0.149944 -0.105547
v 0.000247 0.041126 -0.084877
v 0.046507 0.045131 -0.078988
v 0.043801 0.142038 -0.086799
v 0.048473 0.146925 -0.076700
v -0.180207 -0.023914 0.005470
v -0.180967 -0.018316 0.008667
v -0.170724 -0.032821 0.005762
v -0.221922 -0.038435 -0.017505
v -0.212602 -0.044867 -0.020810
v -0.216427 -0.047468 -0.023173
v -0.211904 -0.052068 -0.029207
v 0.221188 0.155112 -0.038172
v 0.230302 0.158899 -0.032910
v 0.222006 0.152343 -0.033584
v 0.220093 0.146649 -0.037196
v 0.059899 -0.376477 -0.011304
v 0.061886 -0.373601 -0.008025
v 0.055093 -0.371006 -0.004959
v -0.054249 0.434169 0.036059
v -0.051758 0.421875 0.037109
v -0.052817 0.416342 0.039478
v -0.050507 0.419922 0.036224
v -0.050446 0.419922 0.036041
v 0.179853 0.188112 -0.030168
v 0.183768 0.187413 -0.020619
v 0.181030 0.184814 -0.029541
v 0.180054 0.182617 -0.028320
v 0.181274 0.180664 -0.025635
v 0.004320 0.001200 0.077145
v 0.009060 -0.001709 0.077549
v -0.004447 0.002237 0.080560
v -0.139196 -0.038691 0.033472
v -0.142224 -0.053931 0.029147
v -0.139599 -0.048198 0.029950
v -0.027508 0.173717 0.079779
v -0.028364 0.172754 0.077967
v -0.034749 0.160833 0.079626
v -0.144785 -0.092872 -0.027953
v -0.139449 -0.095900 -0.035145
v -0.140260 -0.094927 -0.030301
v -0.142224 -0.053931 0.029147
v -0.139723 -0.066024 0.031757
v -0.139772 -0.059658 0.029859
v 0.078565 0.075054 -0.045019
v 0.079461 0.076202 -0.045767
v 0.079020 0.061926 -0.045884
v -0.140809 -0.034123 -0.029718
v -0.139693 -0.043044 -0.033793
v -0.138947 -0.040533 -0.031906
v -0.017158 0.254741 0.076894
v -0.022831 0.253413 0.076349
v -0.019260 0.233861 0.081029
v 0.006902 0.239822 0.082300
v 0.005946 0.257345 0.077128
v -0.009041 0.269306 0.069280
v -0.018775 0.275247 0.065407
v -0.042399 0.253016 0.074656
v -0.015348 0.280544 0.064858
v -0.029512 0.274645 0.065247
v 0.006954 0.219769 0.084502
v -0.017504 0.200230 0.082718
v 0.007269 0.197055 0.085123
v 0.009363 0.170011 0.084621
v -0.016872 0.130808 0.084666
v 0.009172 0.121713 0.085013
v -0.018737 0.090867 0.088318
v 0.005124 0.088289 0.087458
v 0.014677 0.087963 0.085881
v -0.034106 0.129371 0.080842
v -0.027508 0.173717 0.079779
v -0.029296 0.187552 0.079416
v -0.042454 0.091610 0.083076
v -0.034749 0.160833 0.079626
v -0.060085 0.112606 0.079264
v -0.063562 0.088162 0.079580
v 0.014222 0.072207 0.084415
v -0.009287 0.064639 0.087614
v 0.016358 0.061040 0.084040
v -0.029492 0.041942 0.092412
v -0.026620 0.061301 0.088605
v -0.050371 0.043440 0.084551
v -0.045746 0.065929 0.083222
v -0.001264 0.036891 0.089120
v 0.018697 0.036676 0.083975
v 0.008577 0.002311 0.086704
v 0.026861 0.021688 0.079958
v -0.002162 0.003721 0.090180
v 0.025055 0.005732 0.080472
v 0.041479 0.007699 0.067560
v 0.035245 0.023752 0.075723
v -0.022934 0.014719 0.094699
v -0.067730 0.062773 0.074963
v -0.022289 0.070163 0.089643
v -0.064544 0.044726 0.078405
v -0.019693 0.087389 0.090139
v -0.034621 0.026419 0.092092
v -0.071285 0.039687 0.074358
v -0.078898 0.023263 0.066218
v -0.058491 0.003472 0.080890
v -0.067553 0.005826 0.073526
v -0.080518 0.010047 0.062303
v -0.089070 0.018914 0.063462
v -0.044658 0.237352 0.077538
v 0.012173 0.125332 0.086350
v -0.051032 0.004262 0.086259
v 0.025825 0.027675 0.083048
v 0.006684 0.290048 0.060444
v -0.037576 0.209188 0.078903
v -0.029836 0.021915 0.095984
v -0.017755 0.002495 0.095936
v -0.047977 0.207866 0.078640
v -0.043607 0.192027 0.078770
v -0.051604 0.180511 0.079433
v -0.055986 0.169862 0.079749
v -0.053675 0.196041 0.081322
v -0.049439 0.169250 0.077314
v -0.041956 0.266543 0.069135
v -0.039984 0.285301 0.059919
v -0.027723 0.004148 0.098508
v -0.019800 0.286462 0.058943
v -0.056757 0.141442 0.080040
v -0.035627 0.003675 0.093446
v 0.005635 0.307497 0.048943
v -0.022719 0.299647 0.051299
v -0.021548 0.315730 0.038972
v -0.040338 0.310102 0.044690
v -0.038598 0.326808 0.033539
v -0.028206 0.330230 0.036901
v -0.042020 0.337775 0.029424
v -0.022988 0.356102 0.050480
v -0.010644 0.323797 0.039770
v 0.000041 0.316394 0.041561
v -0.012237 0.354588 0.056191
v -0.039303 0.296058 0.054565
v 0.003753 0.326832 0.041175
v 0.017781 0.331214 0.040370
v 0.026933 0.323508 0.045262
v 0.033272 0.332364 0.039789
v 0.028584 0.340334 0.034825
v 0.036487 0.341565 0.032375
v 0.034309 0.359795 0.018717
v 0.038481 0.358198 0.021587
v 0.035827 0.379170 0.004402
v 0.022410 0.347126 0.036714
v 0.031215 0.369161 0.022159
v 0.032693 0.372135 0.010376
v 0.024042 0.318283 0.049620
v -0.023017 0.282283 0.065210
v -0.002708 0.346232 0.050088
v -0.041524 0.002568 0.090180
v -0.026180 0.087166 0.088206
v -0.003150 0.356969 0.058620
v -0.055986 0.169862 0.079749
v -0.056757 0.141442 0.080040
v -0.034749 0.160833 0.079626
v -0.049439 0.169250 0.077314
v -0.026180 0.087166 0.088206
v -0.063562 0.088162 0.079580
v -0.045746 0.065929 0.083222
v -0.067730 0.062773 0.074963
v -0.065766 0.079357 0.077019
v -0.019693 0.087389 0.090139
v -0.026180 0.087166 0.088206
v -0.022198 0.073536 0.091695
v -0.022289 0.070163 0.089643
v -0.029836 0.021915 0.095984
v -0.035627 0.003675 0.093446
v -0.029605 0.007206 0.102881
v -0.031147 0.001357 0.097835
v -0.068253 -0.107818 0.057935
v -0.095869 -0.128035 0.057657
v -0.070804 -0.127361 0.056868
v -0.089579 -0.101179 0.059948
v -0.104213 -0.114368 0.055972
v -0.094274 -0.094726 0.058955
v -0.107476 -0.091495 0.056661
v -0.126915 -0.104761 0.056973
v -0.104488 -0.132597 0.052611
v -0.068743 -0.092934 0.064177
v -0.086603 -0.131597 0.056471
v -0.127109 -0.091184 0.058141
v -0.108350 -0.087972 0.068974
v -0.133442 -0.107804 0.043687
v -0.088925 -0.091227 0.065003
v -0.068991 -0.132846 0.052550
v -0.080395 -0.137989 0.045830
v -0.133998 -0.091804 0.039709
v -0.134388 -0.113996 0.034341
v -0.134370 -0.138800 0.035079
v -0.127485 -0.086651 0.070684
v -0.129554 -0.090542 0.050647
v -0.134056 -0.086737 0.041249
v -0.136262 -0.087260 0.054939
v -0.127017 -0.126613 0.051954
v -0.094532 -0.137599 0.052389
v -0.126174 -0.135878 0.047849
v -0.092445 -0.087197 0.062314
v -0.105706 -0.087267 0.063703
v -0.111995 -0.140302 0.038884
v -0.119560 -0.143008 0.032049
v -0.090760 -0.152778 0.041218
v -0.104194 -0.165815 0.030459
v -0.122749 -0.156676 0.026316
v -0.085949 -0.178186 0.029821
v -0.117424 -0.193640 0.020093
v -0.088693 -0.191847 0.021964
v -0.094191 -0.203166 0.012318
v -0.126665 -0.190189 0.016843
v -0.117679 -0.208021 0.015194
v -0.123325 -0.146599 0.029874
v -0.126491 -0.143430 0.039674
v -0.134370 -0.138800 0.035079
v -0.123325 -0.146599 0.029874
v -0.126491 -0.143430 0.039674
v -0.136262 -0.087260 0.054939
v -0.127109 -0.091184 0.058141
v -0.127485 -0.086651 0.070684
v -0.136327 -0.070161 0.054372
v -0.126670 -0.061850 0.076722
v -0.136267 -0.058820 0.057411
v -0.135690 -0.028480 0.065729
v -0.126312 -0.028227 0.085398
v -0.137131 -0.029930 0.055305
v 0.075679 -0.012085 -0.018186
v 0.080266 -0.027316 -0.012613
v 0.073337 -0.014048 -0.036604
v 0.075865 -0.004234 -0.003808
v 0.090188 -0.032145 -0.002266
v 0.072020 0.007446 -0.031529
v 0.086111 -0.018168 0.013719
v 0.075048 -0.000497 0.012034
v 0.095246 -0.038877 0.018809
v 0.085757 -0.019593 0.025579
v 0.094915 -0.042375 0.003161
v 0.098458 -0.042708 -0.015330
v 0.093854 -0.039102 -0.014086
v 0.082287 -0.040117 -0.016566
v 0.080149 -0.029578 -0.032305
v 0.098172 -0.046193 -0.003661
v 0.101943 -0.049467 -0.015467
v 0.099758 -0.055767 -0.020574
v 0.104015 -0.063294 -0.022456
v 0.106425 -0.064810 -0.018896
v 0.107302 -0.078936 -0.022586
v 0.095710 -0.044747 -0.020839
v 0.073683 0.007079 0.002490
v 0.064630 0.005820 -0.052403
v 0.076817 -0.047082 -0.034284
v 0.067570 -0.043101 -0.047762
v 0.068173 -0.056727 -0.048331
v 0.050971 -0.043934 -0.059333
v 0.062525 -0.079239 -0.050252
v 0.060664 -0.026057 -0.061708
v 0.035103 -0.030231 -0.081497
v 0.070550 -0.070209 -0.045573
v 0.073694 -0.090713 -0.041815
v 0.079877 -0.074994 -0.037080
v 0.088280 -0.092435 -0.031701
v 0.093999 -0.116930 -0.031423
v 0.078527 -0.115768 -0.040365
v 0.089437 -0.129828 -0.036925
v 0.095309 -0.135076 -0.031515
v 0.081608 -0.146969 -0.038096
v 0.090169 -0.152022 -0.034849
v 0.097652 -0.141967 -0.030529
v 0.097446 -0.155078 -0.024800
v 0.083606 -0.168398 -0.031793
v 0.091139 -0.179532 -0.023896
v 0.075269 -0.160255 -0.040647
v 0.105524 -0.150648 -0.015238
v 0.074170 -0.133282 -0.045576
v 0.099992 -0.100847 -0.019372
v 0.100911 -0.179790 -0.015831
v 0.105363 -0.171927 -0.010754
v 0.105469 -0.180288 -0.007494
v 0.106083 -0.199498 -0.011243
v 0.096343 -0.188702 -0.025483
v 0.103173 -0.118114 -0.018950
v 0.079653 -0.063840 -0.030737
v 0.072384 -0.027484 -0.047089
v 0.070679 0.005305 0.023829
v 0.073817 -0.180182 -0.033281
v 0.061225 -0.013674 -0.062505
v 0.050621 -0.006974 -0.073508
v 0.054316 0.005088 -0.067731
v 0.088022 -0.189160 -0.033112
v 0.101592 -0.204232 -0.016786
v 0.109826 -0.213505 -0.013370
v 0.086699 -0.207447 -0.036437
v 0.085039 -0.203244 -0.034564
v 0.069256 -0.204021 -0.041812
v 0.071290 -0.215969 -0.048063
v 0.080816 -0.227661 -0.046473
v 0.089386 -0.219896 -0.035046
v 0.101300 -0.225897 -0.030708
v 0.088219 -0.232255 -0.044890
v 0.074536 -0.243344 -0.053309
v 0.084561 -0.249549 -0.051496
v 0.083778 -0.268778 -0.056245
v 0.095681 -0.265157 -0.049814
v 0.098555 -0.287098 -0.051702
v 0.093708 -0.295779 -0.054349
v 0.108749 -0.277620 -0.041288
v 0.100729 -0.242739 -0.036416
v 0.109307 -0.257604 -0.032399
v 0.115993 -0.285335 -0.034204
v 0.119318 -0.271648 -0.018766
v 0.122481 -0.298011 -0.020038
v 0.119036 -0.311589 -0.031938
v 0.130766 -0.314971 -0.018336
v 0.127417 -0.320320 -0.033502
v 0.120803 -0.327958 -0.046432
v 0.106234 -0.315323 -0.046123
v 0.110507 -0.237708 -0.017393
v 0.099798 -0.322687 -0.059125
v 0.112451 -0.328629 -0.054848
v 0.120850 -0.342419 -0.047729
v 0.110087 -0.342289 -0.053666
v 0.110915 -0.352566 -0.054807
v 0.118739 -0.355538 -0.048344
v 0.128087 -0.351574 -0.034249
v 0.092766 -0.311459 -0.055767
v 0.084327 -0.320728 -0.064381
v 0.078526 -0.309429 -0.060161
v 0.111153 -0.224802 -0.014788
v 0.108786 -0.218116 -0.016777
v 0.073364 -0.190773 -0.042234
v 0.076817 -0.047082 -0.034284
v 0.082287 -0.040117 -0.016566
v 0.085876 -0.059017 -0.018512
v 0.079653 -0.063840 -0.030737
v 0.095552 -0.079625 -0.019969
v 0.079877 -0.074994 -0.037080
v 0.088280 -0.092435 -0.031701
v 0.099992 -0.100847 -0.019372
v 0.108786 -0.218116 -0.016777
v 0.109826 -0.213505 -0.013370
v 0.111153 -0.224802 -0.014788
v 0.152515 -0.102529 0.043197
v 0.146606 -0.106772 0.038331
v 0.135694 -0.115985 0.050865
v 0.133141 -0.115256 0.038215
v 0.129223 -0.119704 0.052711
v 0.154723 -0.110178 0.051461
v 0.132105 -0.119533 0.036548
v 0.160919 -0.094532 0.044223
v 0.168482 -0.098088 0.052682
v 0.171030 -0.089768 0.052044
v 0.168747 -0.074817 0.037868
v 0.142098 -0.120317 0.054221
v 0.152039 -0.103704 0.035399
v 0.165035 -0.083014 0.033724
v 0.137539 -0.115868 0.055388
v 0.175543 -0.077113 0.051858
v 0.130375 -0.118498 0.069428
v 0.145858 -0.109587 0.069700
v 0.145919 -0.111459 0.075788
v 0.151595 -0.103129 0.080995
v 0.153047 -0.099329 0.080597
v 0.145977 -0.115224 0.080173
v 0.150187 -0.094900 0.030241
v 0.140531 -0.111396 0.033759
v 0.133767 -0.112178 0.030745
v 0.136504 -0.105064 0.022290
v 0.133368 -0.112743 0.023925
v 0.148276 -0.093064 0.021203
v 0.159842 -0.080429 0.021077
v 0.134736 -0.118267 0.031031
v 0.165867 -0.076444 0.029934
v 0.161370 -0.103594 0.056250
v 0.145858 -0.109587 0.069700
v 0.153047 -0.099329 0.080597
v 0.148705 -0.113286 0.056928
v 0.162476 -0.099240 0.065508
v 0.168124 -0.095719 0.056736
v 0.170765 -0.091036 0.057919
v 0.137539 -0.115868 0.055388
v 0.187175 0.101836 0.020773
v 0.187494 0.119180 0.005462
v 0.175011 0.107672 0.021066
v 0.172830 0.131631 0.002314
v 0.185236 0.127783 -0.000521
v 0.177000 0.150700 -0.011428
v 0.200335 0.118957 -0.008618
v 0.195259 0.135792 -0.013647
v 0.189541 0.143505 -0.012187
v 0.196645 0.110046 0.004020
v 0.196093 0.094687 0.016394
v 0.203448 0.096301 -0.003407
v 0.203127 0.087208 0.003297
v 0.194568 0.072640 0.028650
v 0.197472 0.052125 0.020403
v 0.210911 0.091039 -0.003811
v 0.192501 0.045976 0.042166
v 0.202273 0.067142 0.008152
v 0.190887 0.064950 0.036472
v 0.206907 0.080041 0.002511
v 0.207958 0.060010 0.010556
v 0.198844 0.057219 0.015131
v 0.184498 0.067516 0.038833
v 0.185506 0.032335 0.051667
v 0.209998 0.053199 0.011411
v 0.218710 0.062732 0.009443
v 0.197632 0.042353 0.019711
v 0.214190 0.066529 0.012761
v 0.218201 0.076850 0.009993
v 0.196449 0.027829 0.028802
v 0.180100 0.046680 0.051734
v 0.185181 0.021958 0.056649
v 0.221186 0.073832 0.006656
v 0.202237 0.045351 0.013993
v 0.173478 0.022851 0.062872
v 0.184372 0.010579 0.059441
v 0.195074 0.019454 0.043561
v 0.191413 0.007741 0.051423
v 0.191563 -0.000600 0.050279
v 0.179637 0.078220 0.040589
v 0.183286 0.094540 0.032529
v 0.184835 0.088733 0.032454
v 0.176474 0.099244 0.031507
v 0.173751 0.087339 0.037383
v 0.172430 0.010003 0.065703
v 0.182165 -0.014921 0.069526
v 0.190678 0.026832 0.050579
v 0.175660 -0.010323 0.072299
v 0.213337 0.084076 -0.000055
v 0.174081 0.062292 0.048541
v 0.183473 -0.013712 0.065607
v 0.191276 0.091487 0.025768
v 0.179893 -0.024613 0.078847
v 0.188755 -0.032911 0.069626
v 0.183067 -0.039338 0.082071
v 0.185514 -0.051565 0.083758
v 0.181492 -0.054179 0.088850
v 0.178923 -0.068083 0.087679
v 0.185473 0.106599 0.026760
v 0.204264 0.103752 -0.007175
v 0.193787 0.026285 0.038359
v 0.188535 -0.018811 0.059106
v 0.191856 -0.012304 0.052269
v 0.192133 0.094731 0.034639
v 0.185304 0.154155 -0.018204
v 0.182400 0.171590 -0.023222
v 0.174558 0.170044 -0.011358
v 0.180025 0.184734 -0.012724
v 0.183768 0.187413 -0.020619
v 0.182567 0.196662 -0.019960
v 0.179853 0.188112 -0.030168
v 0.177329 0.202401 -0.016371
v 0.169586 0.199507 -0.010583
v 0.171605 0.210211 -0.015054
v 0.163762 0.206925 -0.003213
v 0.168934 0.174825 -0.007436
v 0.187778 0.168610 -0.032380
v 0.198708 0.018779 0.029646
v 0.196392 0.014019 0.029008
v 0.193050 0.150535 -0.027972
v 0.197383 0.153486 -0.031574
v 0.197937 0.148618 -0.033287
v 0.212421 0.161705 -0.036647
v 0.193998 0.173272 -0.036438
v 0.211138 0.090960 -0.006727
v 0.189401 -0.026215 0.067330
v 0.179853 0.188112 -0.030168
v 0.182400 0.171590 -0.023222
v 0.187778 0.168610 -0.032380
v 0.193998 0.173272 -0.036438
v 0.189019 0.183056 -0.040092
v 0.197472 0.052125 0.020403
v 0.196449 0.027829 0.028802
v 0.197632 0.042353 0.019711
v 0.198844 0.057219 0.015131
v 0.197383 0.153486 -0.031574
v 0.197937 0.148618 -0.033287
v 0.213884 0.159319 -0.034439
v 0.203067 0.145167 -0.034094
v 0.213337 0.084076 -0.000055
v 0.206907 0.080041 0.002511
v 0.218201 0.076850 0.009993
v 0.065525 0.003411 0.038772
v 0.063526 -0.016850 0.054748
v 0.069722 -0.022323 0.052912
v 0.056265 0.000313 0.050253
v 0.047560 -0.005641 0.057526
v 0.046818 0.001446 0.059042
v 0.049671 -0.027577 0.063952
v 0.060148 -0.029158 0.065479
v 0.078928 -0.013826 0.034986
v 0.070679 0.005305 0.023829
v 0.085757 -0.019593 0.025579
v 0.089158 -0.039092 0.034457
v 0.072606 0.013398 0.020906
v 0.061043 0.011572 0.050595
v 0.071087 -0.033249 0.061784
v 0.095246 -0.038877 0.018809
v 0.087203 -0.052137 0.037706
v 0.094658 -0.050668 0.010266
v 0.094915 -0.042375 0.003161
v 0.098172 -0.046193 -0.003661
v 0.098849 -0.060679 0.003340
v 0.093034 -0.060582 0.012683
v 0.085480 -0.070995 0.031656
v 0.082998 -0.056343 0.047149
v 0.081079 -0.076605 0.046676
v 0.088108 -0.084205 0.040685
v 0.083450 -0.105213 0.048282
v 0.081798 -0.071600 0.056836
v 0.081427 -0.082852 0.059685
v 0.087994 -0.109746 0.043620
v 0.094794 -0.093071 0.032009
v 0.087090 -0.122522 0.050916
v 0.083177 -0.117958 0.057437
v 0.082423 -0.128821 0.055986
v 0.087039 -0.136812 0.048192
v 0.096189 -0.085488 0.033171
v 0.105058 -0.097754 0.024711
v 0.101114 -0.081715 0.022102
v 0.104735 -0.082052 0.011849
v 0.111242 -0.106101 0.018100
v 0.106537 -0.121036 0.026502
v 0.107205 -0.146422 0.013228
v 0.103400 -0.146911 0.026919
v 0.105473 -0.175690 0.007789
v 0.107078 -0.161674 -0.005447
v 0.105469 -0.180288 -0.007494
v 0.105363 -0.171927 -0.010754
v 0.103852 -0.190622 0.012799
v 0.110632 -0.127181 -0.000535
v 0.102168 -0.113698 0.030222
v 0.106468 -0.198145 -0.004641
v 0.095878 -0.188766 0.033056
v 0.105589 -0.080910 -0.000608
v 0.096200 -0.162300 0.038136
v 0.080112 -0.187582 0.049136
v 0.081868 -0.206932 0.040783
v 0.092278 -0.211582 0.022623
v 0.088288 -0.149930 0.047656
v 0.099443 -0.121161 0.036711
v 0.082763 -0.213235 0.038399
v 0.080433 -0.222302 0.041425
v 0.098088 -0.221944 0.022539
v 0.108665 -0.099689 0.000274
v 0.103692 -0.071660 -0.001921
v 0.106425 -0.064810 -0.018896
v 0.101943 -0.049467 -0.015467
v 0.106083 -0.199498 -0.011243
v 0.110305 -0.208420 -0.007501
v 0.093519 -0.110582 0.033544
v 0.083519 -0.100639 0.059902
v 0.080511 -0.106965 0.064141
v 0.089242 -0.238504 0.036010
v 0.101266 -0.244960 0.024697
v 0.091687 -0.247568 0.036869
v 0.105199 -0.256135 0.024450
v 0.094113 -0.267706 0.033801
v 0.111857 -0.276067 0.014731
v 0.106942 -0.296068 0.015075
v 0.113446 -0.264201 0.013334
v 0.108556 -0.242585 0.008550
v 0.116529 -0.259143 -0.003230
v 0.111327 -0.240563 -0.005123
v 0.119318 -0.271648 -0.018766
v 0.112305 -0.221578 -0.005834
v 0.110507 -0.237708 -0.017393
v 0.122115 -0.283450 -0.003911
v 0.122481 -0.298011 -0.020038
v 0.126203 -0.308626 -0.008167
v 0.130766 -0.314971 -0.018336
v 0.130880 -0.316622 -0.008252
v 0.110689 -0.214364 0.002377
v 0.074832 -0.088915 0.064978
v 0.119197 -0.293951 0.004459
v 0.079290 -0.044671 0.053039
v 0.111153 -0.224802 -0.014788
v 0.107787 -0.078803 -0.016391
v 0.103628 -0.206008 0.004308
v 0.069307 0.028534 0.038651
v 0.074400 0.030364 0.022617
v 0.077393 0.034909 0.008104
v 0.060349 0.019837 0.051264
v 0.062534 0.029328 0.053118
v 0.096992 -0.071855 0.015902
v 0.072692 -0.058788 0.066548
v 0.119791 -0.314946 0.003587
v 0.041479 0.007699 0.067560
v 0.107302 -0.078936 -0.022586
v 0.042244 0.028447 0.071703
v 0.035245 0.023752 0.075723
v 0.112269 -0.318609 0.011729
v 0.102530 -0.321661 0.021246
v 0.113476 -0.217303 -0.004469
v 0.099443 -0.121161 0.036711
v 0.087039 -0.136812 0.048192
v 0.088288 -0.149930 0.047656
v 0.110305 -0.208420 -0.007501
v 0.103628 -0.206008 0.004308
v 0.110689 -0.214364 0.002377
v 0.113476 -0.217303 -0.004469
v 0.090709 -0.101225 0.036697
v 0.087994 -0.109746 0.043620
v 0.093519 -0.110582 0.033544
v -0.096040 0.005413 0.086873
v -0.076062 0.005500 0.077593
v -0.076867 0.004659 0.087917
v -0.086288 0.005854 0.094220
v -0.091938 0.003006 0.075786
v -0.085343 0.010698 0.067326
v -0.099314 0.007756 0.074846
v -0.089070 0.018914 0.063462
v -0.078898 0.023263 0.066218
v -0.095793 0.025489 0.060496
v -0.103394 0.017739 0.072374
v -0.104297 0.024843 0.068269
v -0.114787 0.027882 0.069313
v -0.104513 0.027345 0.056292
v -0.115720 0.029432 0.048591
v -0.113695 0.025525 0.046428
v -0.128369 0.035554 0.058229
v -0.134239 0.035345 0.042440
v -0.126311 0.028978 0.029203
v -0.137460 0.034696 0.018342
v -0.132688 0.030526 0.008839
v -0.095793 0.025489 0.060496
v -0.080518 0.010047 0.062303
v -0.089070 0.018914 0.063462
v 0.223044 0.183870 0.002201
v 0.222183 0.186682 -0.001884
v 0.229919 0.171338 0.002320
v 0.216300 0.195061 0.001897
v 0.232576 0.170780 -0.000203
v 0.220005 0.194702 -0.003936
v 0.228676 0.152239 -0.001718
v 0.229463 0.187299 0.001036
v 0.237759 0.169124 0.002906
v 0.223430 0.204669 -0.000871
v 0.222650 0.223149 -0.001940
v 0.216287 0.223281 -0.002278
v 0.212356 0.208132 -0.001119
v 0.232576 0.170780 -0.000203
v 0.237759 0.169124 0.002906
v 0.235718 0.149701 -0.004225
v -0.158746 -0.043456 -0.006427
v -0.154709 -0.040279 -0.008739
v -0.157158 -0.050168 -0.004981
v -0.160483 -0.060734 -0.004824
v -0.151795 -0.056279 -0.019402
v -0.145117 -0.025964 -0.022866
v -0.152695 -0.034067 -0.009226
v -0.146061 -0.026236 0.002217
v -0.154728 -0.033844 0.001353
v -0.157309 -0.034946 -0.009640
v -0.139225 -0.019927 -0.022566
v -0.136955 -0.009934 0.001861
v -0.157918 -0.065871 -0.005596
v -0.144316 -0.046580 -0.029687
v -0.140809 -0.034123 -0.029718
v -0.138947 -0.040533 -0.031906
v -0.138203 -0.055747 -0.043796
v -0.142594 -0.077702 -0.033767
v -0.139449 -0.095900 -0.035145
v -0.139693 -0.043044 -0.033793
v -0.137217 -0.022537 -0.039110
v -0.123046 -0.009300 -0.043307
v -0.133402 -0.019215 -0.046987
v -0.129993 -0.010195 -0.028953
v -0.118863 -0.000591 -0.039366
v -0.113088 -0.006623 -0.053739
v -0.133054 -0.008854 -0.019066
v -0.144785 -0.092872 -0.027953
v -0.155413 -0.025269 0.005637
v -0.123975 0.013169 -0.018815
v -0.114536 0.012878 -0.036586
v -0.099682 0.013320 -0.053997
v -0.096724 0.005812 -0.059714
v -0.107998 -0.008416 -0.054375
v -0.097578 -0.021407 -0.063499
v -0.106246 -0.033609 -0.059093
v -0.110649 -0.021159 -0.057829
v -0.113490 -0.035016 -0.064333
v -0.121655 0.026744 -0.032222
v -0.086710 -0.025325 -0.075081
v -0.078503 -0.014868 -0.081467
v -0.069442 0.000829 -0.083530
v -0.079328 -0.030214 -0.081181
v -0.066419 -0.028123 -0.089019
v -0.069394 -0.040300 -0.082215
v -0.077281 -0.051455 -0.077324
v -0.048475 -0.027180 -0.094737
v -0.068211 -0.048949 -0.077077
v -0.088967 -0.049026 -0.068409
v -0.070401 -0.066225 -0.078914
v -0.084498 -0.072669 -0.074438
v -0.074705 -0.089339 -0.074016
v -0.092437 -0.078399 -0.072105
v -0.093052 -0.110322 -0.070823
v -0.120562 -0.077377 -0.065065
v -0.123208 -0.101846 -0.061646
v -0.098962 -0.125334 -0.066287
v -0.132732 -0.108050 -0.057291
v -0.121093 -0.130702 -0.057270
v -0.129857 -0.133726 -0.052021
v -0.115623 -0.144221 -0.063448
v -0.078429 -0.116850 -0.071918
v -0.062083 -0.101663 -0.069826
v -0.062528 -0.119623 -0.071648
v -0.078583 -0.136279 -0.073726
v -0.135010 -0.077989 -0.063080
v -0.049315 -0.002000 -0.095572
v -0.104307 -0.055049 -0.068157
v -0.086814 0.017158 -0.064903
v -0.100487 -0.044618 -0.060664
v -0.134386 -0.097508 -0.058929
v -0.087484 0.037676 -0.067709
v -0.126824 -0.049597 -0.067937
v -0.096661 -0.054480 -0.068775
v -0.127967 0.011769 -0.001116
v -0.133296 -0.053613 -0.064854
v -0.128608 -0.030720 -0.068211
v -0.098012 -0.144246 -0.070322
v -0.113239 0.032775 -0.046129
v -0.066506 0.020500 -0.077093
v -0.067302 0.033886 -0.077032
v -0.050608 0.021845 -0.083443
v -0.051194 0.040605 -0.085793
v -0.078074 0.042116 -0.076228
v -0.043673 0.011999 -0.091068
v -0.076631 -0.164156 -0.070513
v -0.092902 -0.165702 -0.068849
v -0.099722 -0.178726 -0.070887
v -0.078799 -0.171689 -0.071108
v -0.097079 -0.186327 -0.071301
v -0.115678 -0.175858 -0.065182
v -0.113814 -0.187124 -0.066347
v -0.089490 -0.192327 -0.073874
v -0.104746 -0.217117 -0.078574
v -0.090927 -0.219593 -0.076846
v -0.123351 -0.215694 -0.067071
v -0.112928 -0.225652 -0.077287
v -0.099494 -0.244664 -0.093542
v -0.046681 -0.005770 -0.096623
v -0.129089 0.029341 -0.017222
v -0.107961 -0.246065 -0.089139
v -0.099085 -0.252604 -0.091713
v -0.104932 -0.279097 -0.089806
v -0.116737 -0.278522 -0.084504
v -0.122463 -0.294732 -0.082724
v -0.116864 -0.306612 -0.085827
v -0.088237 -0.272182 -0.088810
v -0.090796 -0.307410 -0.085812
v -0.131659 -0.325675 -0.084290
v -0.115616 -0.326960 -0.088189
v -0.125885 -0.335483 -0.085473
v -0.110121 -0.347545 -0.091631
v -0.129303 -0.346911 -0.085679
v -0.094274 -0.350994 -0.092096
v -0.090157 -0.332884 -0.086738
v -0.087338 -0.324654 -0.086304
v -0.135858 -0.338542 -0.079447
v -0.109781 -0.365853 -0.083819
v -0.093096 -0.363931 -0.086720
v -0.093851 -0.371673 -0.082096
v -0.121885 -0.251311 -0.080857
v -0.109707 -0.321102 -0.087200
v -0.131104 -0.297573 -0.078266
v -0.132036 0.026907 -0.001799
v -0.111718 -0.164323 -0.062439
v -0.152561 -0.084788 -0.018539
v -0.152086 -0.130220 -0.015968
v -0.156570 -0.127813 -0.007139
v -0.158440 -0.150471 -0.008670
v -0.153120 -0.151357 -0.016865
v -0.146742 -0.149404 -0.017766
v -0.142547 -0.128722 -0.026659
v -0.142130 -0.145580 -0.023678
v -0.143302 -0.154102 -0.014876
v -0.158019 -0.100644 -0.003509
v -0.139874 -0.321734 -0.078800
v -0.138808 -0.346013 -0.077897
v -0.129407 -0.163091 -0.048619
v -0.161466 -0.101956 -0.002921
v -0.096661 -0.054480 -0.068775
v -0.104307 -0.055049 -0.068157
v -0.100487 -0.044618 -0.060664
v -0.117590 -0.044173 -0.067083
v -0.113490 -0.035016 -0.064333
v -0.123587 -0.011298 -0.067821
v -0.128608 -0.030720 -0.068211
v -0.126824 -0.049597 -0.067937
v -0.109707 -0.321102 -0.087200
v -0.090796 -0.307410 -0.085812
v -0.087338 -0.324654 -0.086304
v -0.107998 -0.008416 -0.054375
v -0.110649 -0.021159 -0.057829
v -0.113088 -0.006623 -0.053739
v 0.016426 0.302866 0.061386
v 0.008739 0.297223 0.065019
v 0.017119 0.297490 0.062055
v 0.033220 0.312751 0.053064
v 0.023271 0.309685 0.058134
v 0.031798 0.317238 0.052737
v 0.044713 0.290222 0.062412
v 0.060129 0.290081 0.060606
v 0.069908 0.315722 0.046825
v 0.089171 0.301924 0.051795
v 0.071769 0.282223 0.061615
v 0.089001 0.317606 0.045100
v 0.096664 0.316609 0.050326
v 0.107602 0.298980 0.064009
v 0.110295 0.319619 0.052790
v 0.050933 0.325975 0.042267
v 0.070641 0.329800 0.035974
v 0.092709 0.286373 0.056399
v 0.096660 0.329137 0.039058
v 0.058948 0.282119 0.070227
v 0.123896 0.299500 0.062269
v 0.057290 0.332484 0.036400
v 0.130035 0.315413 0.052847
v 0.135110 0.292605 0.058919
v 0.125820 0.278247 0.064152
v 0.143523 0.298307 0.051412
v 0.141348 0.316258 0.041006
v 0.136285 0.326101 0.034036
v 0.032845 0.279139 0.071836
v 0.013742 0.287489 0.067299
v 0.010553 0.267664 0.076692
v 0.040227 0.265424 0.080732
v 0.039691 0.321860 0.046541
v 0.090978 0.329581 0.035681
v 0.043496 0.327786 0.044311
v 0.045557 0.280934 0.072477
v 0.069160 0.275492 0.071591
v 0.062449 0.269804 0.079551
v 0.091610 0.274227 0.056982
v 0.076349 0.272419 0.063996
v 0.083692 0.256805 0.063975
v 0.100886 0.280320 0.058297
v 0.093226 0.264605 0.054488
v 0.115110 0.268970 0.054507
v 0.112372 0.252267 0.047925
v 0.109709 0.279021 0.066264
v 0.050784 0.268041 0.082197
v 0.017119 0.297490 0.062055
v 0.006798 0.295686 0.060953
v 0.013742 0.287489 0.067299
v 0.177320 -0.056727 0.091627
v 0.180682 -0.062949 0.095444
v 0.173663 -0.059437 0.097861
v 0.170907 -0.069367 0.096151
v 0.179049 -0.051205 0.095059
v 0.182717 -0.059332 0.098560
v 0.174400 -0.069743 0.103121
v 0.178040 -0.058715 0.102955
v 0.173663 -0.059437 0.097861
v 0.174400 -0.069743 0.103121
v 0.170907 -0.069367 0.096151
v 0.179049 -0.051205 0.095059
v 0.177320 -0.056727 0.091627
v 0.182717 -0.059332 0.098560
v 0.178040 -0.058715 0.102955
v 0.174400 -0.069743 0.103121
v 0.180682 -0.062949 0.095444
v 0.179049 -0.051205 0.095059
v 0.078156 0.028511 -0.106065
v 0.072228 0.030266 -0.098170
v 0.078850 0.027842 -0.088275
v 0.086958 0.025974 -0.099191
v 0.058091 0.029665 -0.093189
v 0.084104 0.023604 -0.085727
v 0.057453 0.023468 -0.082057
v 0.066710 0.020723 -0.072627
v 0.054137 0.018950 -0.071064
v 0.053328 0.020631 -0.074309
v 0.055626 0.025264 -0.084659
v 0.080075 0.019472 -0.076237
v 0.069322 0.040715 -0.104658
v 0.060232 0.034710 -0.102697
v 0.075557 0.042020 -0.107809
v 0.084705 0.022844 -0.110981
v 0.081130 0.031045 -0.114822
v 0.075908 0.038200 -0.117713
v 0.089377 0.016199 -0.098657
v 0.090853 -0.006445 -0.097885
v 0.089221 -0.006141 -0.108631
v 0.087813 0.000288 -0.111757
v 0.084705 0.022844 -0.110981
v 0.086958 0.025974 -0.099191
v 0.086798 -0.027466 -0.101488
v 0.086237 -0.017289 -0.110300
v 0.088300 0.007429 -0.088746
v 0.087703 -0.015012 -0.090283
v 0.084104 0.023604 -0.085727
v 0.082575 -0.028828 -0.090173
v 0.080075 0.019472 -0.076237
v 0.081510 -0.000645 -0.077656
v 0.082408 -0.021194 -0.084132
v 0.077500 -0.011410 -0.076507
v 0.081948 -0.034830 -0.101594
v 0.075372 0.006521 -0.073343
v 0.062650 -0.000315 -0.072692
v 0.068701 -0.019532 -0.075675
v 0.077500 -0.011410 -0.076507
v 0.066710 0.020723 -0.072627
v 0.080075 0.019472 -0.076237
v 0.081510 -0.000645 -0.077656
v 0.082408 -0.021194 -0.084132
v 0.056922 -0.006372 -0.075388
v 0.082575 -0.028828 -0.090173
v 0.066881 -0.029016 -0.085188
v 0.053985 0.013893 -0.076550
v 0.054137 0.018950 -0.071064
v 0.081948 -0.034830 -0.101594
v 0.068714 -0.026476 -0.111483
v 0.081948 -0.034830 -0.101594
v 0.067094 -0.031761 -0.101777
v 0.079316 -0.027620 -0.111815
v 0.069010 -0.032640 -0.097683
v 0.076638 -0.012440 -0.117822
v 0.086237 -0.017289 -0.110300
v 0.086798 -0.027466 -0.101488
v 0.087813 0.000288 -0.111757
v 0.075944 0.018350 -0.117240
v 0.084705 0.022844 -0.110981
v 0.075948 0.022170 -0.120497
v 0.081130 0.031045 -0.114822
v 0.075908 0.038200 -0.117713
v 0.053500 -0.001088 -0.079496
v 0.053099 -0.003346 -0.096534
v 0.054210 -0.011226 -0.085308
v 0.058550 -0.021340 -0.098049
v 0.056922 -0.006372 -0.075388
v 0.066881 -0.029016 -0.085188
v 0.067094 -0.031761 -0.101777
v 0.069010 -0.032640 -0.097683
v 0.068701 -0.019532 -0.075675
v 0.053985 0.013893 -0.076550
v 0.081948 -0.034830 -0.101594
v 0.075948 0.022170 -0.120497
v 0.075944 0.018350 -0.117240
v 0.062186 0.020550 -0.113999
v 0.075908 0.038200 -0.117713
v 0.060232 0.034710 -0.102697
v 0.054637 0.022599 -0.096620
v 0.069322 0.040715 -0.104658
v 0.075557 0.042020 -0.107809
v 0.052330 0.012038 -0.082915
v 0.053095 0.008568 -0.090703
v 0.053500 -0.001088 -0.079496
v 0.052873 0.015332 -0.097156
v 0.053985 0.013893 -0.076550
v 0.055626 0.025264 -0.084659
v 0.057453 0.023468 -0.082057
v 0.058091 0.029665 -0.093189
v 0.060424 0.021018 -0.112569
v 0.053328 0.020631 -0.074309
v 0.054137 0.018950 -0.071064
v 0.053099 -0.003346 -0.096534
v 0.056929 0.005362 -0.107340
v 0.062497 -0.009523 -0.111386
v 0.062899 -0.003161 -0.114054
v 0.058550 -0.021340 -0.098049
v 0.068714 -0.026476 -0.111483
v 0.066910 0.009124 -0.116488
v 0.064810 -0.017966 -0.107587
v 0.067094 -0.031761 -0.101777
v 0.076638 -0.012440 -0.117822
v 0.062186 0.020550 -0.113999
v 0.060424 0.021018 -0.112569
v 0.054637 0.022599 -0.096620
v 0.000247 0.022805 0.099236
v 0.004717 0.007813 0.103074
v -0.009727 0.010601 0.102533
v -0.009575 0.002036 0.107543
v 0.005348 0.001550 0.107560
v 0.009036 0.016340 0.103279
v -0.008052 0.020675 0.103626
v 0.003523 0.019943 0.105124
v -0.008052 0.020675 0.103626
v -0.000289 0.004102 0.110735
v -0.009575 0.002036 0.107543
v 0.006194 0.008164 0.106859
v 0.009036 0.016340 0.103279
v 0.005348 0.001550 0.107560
v 0.000247 0.022805 0.099236
v -0.008052 0.020675 0.103626
v -0.009727 0.010601 0.102533
v -0.009575 0.002036 0.107543
v -0.000289 0.004102 0.110735
v -0.009575 0.002036 0.107543
v 0.005348 0.001550 0.107560
v 0.009036 0.016340 0.103279
v 0.006194 0.008164 0.106859
v 0.004717 0.007813 0.103074
v 0.005348 0.001550 0.107560
f 3518 3517 3516
f 4353 4354 4355
f 968 980 979
f 977 968 979
f 977 979 984
f 4726 4719 4724
f 4726 4755 4719
f 4913 4905 4904
f 4913 4962 4905
f 1964 1967 1971
f 1967 1970 1971
f 438 435 468
f 430 435 438
f 468 435 437
f 438 439 430
f 3631 3629 3630
f 2828 2829 2830
f 2833 2835 2830
f 2829 2833 2830
f 4562 4558 4561
f 4564 4562 4565
f 4564 4558 4562
f 5198 5199 5200
f 5274 5273 5271
f 56 57 55
f 57 258 55
f 2526 2392 2393
f 2392 2391 2393
f 2393 2391 2394
f 2390 2391 2392
f 3994 4008 4007
f 4007 3992 3994
f 4007 4008 4012
f 4005 4012 4016
f 4009 4008 3994
f 4005 4006 4007
f 4007 4006 3996
f 4007 3996 3992
f 4005 4007 4012
f 4046 4041 4045
f 4041 4043 4045
f 4041 4042 4043
f 5215 5216 5217
f 802 764 814
f 4172 4082 4202
f 4172 4171 4082
f 4082 4171 4078
f 1915 1920 1917
f 1061 1059 1062
f 4849 4848 4847
f 4849 4850 4848
f 22 23 24
f 4263 4261 4258
f 4255 4256 4257
f 4255 4259 4256
f 4207 4208 4209
f 4262 4258 4260
f 4264 4256 4259
f 4258 4256 4260
f 4257 4256 4258
f 4258 4261 4257
f 4263 4258 4262
f 4839 4840 4841
f 1 2 3
f 4 5 6
f 2374 2375 2376
f 2083 2082 2084
f 2377 2376 2375
f 2082 2085 2084
f 4308 4307 4297
f 4297 4307 4293
f 4308 4309 4307
f 3756 3757 3758
f 3758 3757 3759
f 3746 3750 3747
f 3747 3750 3756
f 4292 4294 4295
f 2821 2801 2813
f 4292 4293 4294
f 4296 4293 4292
f 4297 4293 4296
f 5884 5885 5881
f 3750 3752 3756
f 3756 3752 3757
f 3745 3746 3747
f 3746 3751 3750
f 4295 4294 4298
f 4683 4681 4684
f 5212 5213 5214
f 4294 4301 4298
f 4288 4301 4294
f 4294 4300 4288
f 4293 4300 4294
f 3752 3761 3757
f 3743 3753 3746
f 3745 3743 3746
f 3746 3753 3751
f 3146 3145 3139
f 4298 4301 4304
f 5209 5210 5211
f 4300 4289 4288
f 3760 3762 3763
f 4314 4315 4311
f 4300 4302 4289
f 4823 4821 4822
f 3744 3742 3741
f 5263 5265 5266
f 3333 3332 3331
f 3139 3145 3141
f 4304 4305 4298
f 4692 4694 4695
f 4683 4682 4681
f 4290 4289 4291
f 4289 4302 4291
f 4822 4821 4818
f 5887 5886 5882
f 3741 3742 3743
f 3743 3742 3754
f 3741 3743 3745
f 3754 3753 3743
f 4692 4693 4694
f 4304 4306 4305
f 4821 4815 4818
f 3748 3749 3742
f 3744 3748 3742
f 3742 3749 3754
f 5661 5657 5654
f 5657 5656 5654
f 3141 3140 3139
f 4682 4680 4681
f 4681 4680 4679
f 4815 4816 4817
f 4817 4819 4818
f 4291 4302 4303
f 4818 4819 4820
f 5644 5677 5713
f 5728 5729 5730
f 5182 5180 5179
f 5656 5649 5654
f 5654 5649 5653
f 4693 4696 4694
f 3330 3325 3327
f 3331 3327 3336
f 5640 5641 5644
f 5644 5641 5677
f 5641 5648 5677
f 5649 5648 5646
f 5649 5650 5653
f 5724 5725 5726
f 5726 5725 5727
f 3327 3335 3336
f 2938 2939 2936
f 2936 2939 2940
f 5648 5641 5646
f 5646 5650 5649
f 5653 5650 5655
f 5653 5655 5662
f 3325 3326 3327
f 5711 5712 5705
f 5711 5705 5709
f 2935 2936 2928
f 2928 2936 2937
f 2090 2093 2091
f 2935 2938 2936
f 2093 2094 2091
f 5635 5638 5688
f 5638 5640 5688
f 5640 5638 5639
f 5639 5641 5640
f 5641 5643 5646
f 4843 4844 4845
f 5723 5720 5722
f 2923 2924 2928
f 2923 2928 2929
f 2928 2937 2929
f 3327 3326 3328
f 5709 5708 5710
f 2923 2922 2924
f 5709 5705 5708
f 2922 2941 2924
f 2091 2089 2090
f 2924 2941 2935
f 2941 2938 2935
f 5635 5630 5638
f 5638 5629 5639
f 5639 5642 5641
f 2984 2983 2985
f 5641 5642 5643
f 5658 5689 5706
f 5706 5689 5707
f 2096 2090 2092
f 2812 2819 2815
f 2921 2922 2923
f 2090 2089 2088
f 5708 5637 5636
f 4285 4286 4287
f 5636 5637 5633
f 5636 5633 5635
f 5633 5630 5635
f 5638 5630 5629
f 2072 2073 2074
f 2983 2984 2982
f 3153 3160 3155
f 3160 3158 3155
f 2074 2079 2077
f 5639 5629 5680
f 5639 5680 5642
f 5720 5721 5722
f 2079 2080 2077
f 2077 2080 2078
f 4602 4585 4581
f 4581 4585 4580
f 4581 4580 4579
f 4581 4579 4587
f 4587 4579 4588
f 4364 4365 4366
f 5680 5647 5642
f 5643 5642 5645
f 5645 5658 5643
f 4579 4578 4574
f 4574 4578 4570
f 4569 4570 4578
f 5642 5647 5645
f 4580 4567 4579
f 4579 4567 4578
f 4578 4567 4569
f 5645 5675 5658
f 5658 5675 5689
f 4590 4589 4585
f 4589 4567 4580
f 4585 4589 4580
f 4567 4568 4569
f 4568 4595 4569
f 4569 4586 4570
f 4586 4571 4570
f 5689 5675 5665
f 4567 4589 4593
f 4567 4594 4568
f 4594 4595 4568
f 4569 4595 4586
f 4586 4575 4571
f 4586 4600 4575
f 4595 4596 4586
f 4596 4600 4586
f 2925 2921 2923
f 5719 5715 5718
f 5718 5715 5717
f 2988 2977 2989
f 2989 2977 2973
f 5705 5693 5708
f 2089 2082 2088
f 2986 2975 2980
f 5708 5693 5637
f 2975 2979 2980
f 2082 2083 2075
f 3151 3153 3152
f 2083 2072 2075
f 2980 2979 2981
f 3152 3153 3155
f 2980 2981 2982
f 2072 2074 2075
f 2074 2076 2075
f 2981 2983 2982
f 3155 3157 3156
f 4618 4587 4616
f 4587 4588 4616
f 2076 2077 2078
f 4574 4570 4572
f 5680 5670 5651
f 5680 5651 5647
f 4366 4367 4368
f 4570 4571 4572
f 4572 4571 4573
f 5647 5651 5645
f 4571 4575 4573
f 4573 4575 4576
f 5651 5652 5645
f 5645 5652 5675
f 4567 4593 4594
f 4575 4577 4576
f 5675 5652 5660
f 5675 5660 5665
f 5665 5660 5664
f 5665 5664 5666
f 4595 4594 4596
f 5667 5690 5691
f 4596 4601 4600
f 4576 4577 4582
f 4600 4601 4599
f 4600 4599 4575
f 4575 4599 4577
f 4577 4583 4582
f 2903 2902 2899
f 4599 4584 4577
f 4577 4584 4583
f 4584 4591 4583
f 2926 2921 2925
f 2926 2953 2921
f 3147 3138 3143
f 2988 2990 2978
f 2988 2978 2977
f 2977 2976 2973
f 2987 2973 2986
f 3143 3149 3148
f 5715 5716 5717
f 2973 2975 2986
f 2973 2974 2975
f 2088 2082 2087
f 5705 5694 5693
f 3149 3151 3150
f 5694 5634 5693
f 5693 5634 5637
f 2975 2974 2979
f 2087 2082 2086
f 2086 2082 2081
f 5637 5634 5633
f 2082 2075 2081
f 2081 2075 2076
f 4508 4506 4509
f 4588 4617 4616
f 4223 4220 4222
f 5670 5669 5651
f 4614 4573 4613
f 4613 4573 4604
f 4573 4603 4604
f 4603 4605 4604
f 5664 5679 5667
f 5666 5664 5667
f 5667 5679 5690
f 5679 5714 5690
f 5679 5674 5714
f 4583 4592 4597
f 3986 3983 3984
f 4583 4591 4592
f 5674 5682 5714
f 3983 3982 3978
f 3984 3983 3978
f 5682 5681 5683
f 5682 5683 5684
f 2901 2898 2899
f 2899 2898 2897
f 2897 2898 2892
f 5683 5685 5684
f 2916 2915 2918
f 2930 2926 2927
f 2927 2926 2925
f 2927 2925 2942
f 2930 2931 2926
f 2993 2992 2990
f 2943 2948 2931
f 2992 2991 2990
f 2990 2991 2978
f 3936 3922 3934
f 2097 2088 2087
f 2978 2976 2977
f 2976 2974 2973
f 5275 5276 5277
f 5698 5697 5699
f 4839 4842 4840
f 5697 5698 5696
f 5697 5696 5694
f 5634 5632 5633
f 5629 5630 5631
f 4508 4507 4506
f 4507 4503 4506
f 3377 3373 3372
f 5687 5671 5669
f 5671 5668 5669
f 5669 5668 5651
f 4604 4605 4606
f 5668 5659 5651
f 5659 5652 5651
f 5652 5659 5660
f 5660 5663 5664
f 4592 4598 4597
f 5664 5674 5679
f 5676 5681 5674
f 3982 3979 3978
f 5674 5681 5682
f 2897 2892 2896
f 1827 1823 1826
f 2892 2898 2893
f 3965 3964 3963
f 6100 6101 6097
f 6109 6113 6110
f 2914 2919 2917
f 2917 2915 2914
f 2914 2915 2916
f 2105 2103 2104
f 2933 2930 2934
f 2934 2930 2927
f 2103 2101 2104
f 2932 2931 2930
f 2092 2098 2099
f 3922 3909 3934
f 1622 1625 1627
f 3934 3909 3905
f 3937 3905 3935
f 5700 5696 5698
f 5700 5702 5701
f 5700 5701 5696
f 5696 5695 5694
f 5694 5695 5634
f 5701 5704 5696
f 5696 5704 5695
f 5633 5632 5630
f 5632 5631 5630
f 3790 3789 3786
f 3789 3788 3786
f 3786 3788 3783
f 4502 4499 4504
f 4502 4503 4501
f 4502 4501 4499
f 4501 4500 4499
f 5671 5672 5668
f 4611 4606 4610
f 5668 5672 5678
f 5668 5678 5659
f 4612 4607 4605
f 4605 4607 4606
f 4606 4607 4608
f 5678 5663 5659
f 5659 5663 5660
f 5664 5663 5673
f 5664 5673 5674
f 5674 5673 5676
f 3976 3973 3975
f 3979 3977 3978
f 3978 3977 3976
f 3976 3977 3973
f 1810 1821 1822
f 1822 1821 1823
f 1823 1821 1826
f 2892 2893 2890
f 1827 1826 1828
f 1827 1828 1829
f 6109 6111 6112
f 6109 6110 6111
f 3866 3850 3864
f 2932 2930 2933
f 3921 3909 3922
f 3905 3918 3935
f 4671 4666 4670
f 4670 4666 4669
f 3364 3363 3373
f 3373 3363 3372
f 4499 4498 4504
f 4610 4606 4609
f 2698 2697 2691
f 4606 4608 4609
f 1816 1818 1817
f 1568 1620 1565
f 2697 2687 2691
f 3975 3973 3972
f 1808 1809 1810
f 1805 1807 1832
f 3977 3985 3973
f 3964 3962 3963
f 3963 3962 3961
f 6104 6106 6105
f 1889 1883 1895
f 3920 3903 3921
f 3921 3903 3909
f 3903 3905 3909
f 4669 4666 4668
f 3380 3379 3378
f 3343 3364 3378
f 3378 3364 3373
f 3783 3779 3782
f 4504 4498 4505
f 3374 3370 3366
f 2687 2688 2689
f 2688 2690 2689
f 1817 1815 1816
f 2247 2249 2250
f 1815 1814 1811
f 1816 1815 1811
f 1810 1811 1808
f 1809 1808 1805
f 1805 1806 1807
f 2890 2888 2887
f 2891 2890 2887
f 4371 4377 4378
f 4378 4377 4374
f 1828 1830 1829
f 1829 1830 1831
f 3962 3958 3961
f 3830 3861 3831
f 2933 2951 2950
f 2950 2932 2933
f 3903 3904 3905
f 3908 3918 3904
f 3908 3927 3918
f 5702 5703 5701
f 5701 5703 5704
f 4671 4667 4666
f 3927 3928 3929
f 3929 3928 3930
f 3929 3930 3932
f 3364 3362 3363
f 1539 1560 1559
f 3363 3362 3359
f 4498 4497 4505
f 3400 3399 3398
f 5627 5626 5625
f 1814 1813 1811
f 1811 1813 1808
f 3973 3980 3974
f 3036 3035 3034
f 1807 1806 1819
f 2887 2888 2889
f 2889 2888 2894
f 3961 3958 3960
f 7 8 9
f 3962 3957 3958
f 2951 2955 2950
f 1880 1898 1883
f 1883 1898 1895
f 3919 3903 3920
f 3906 3903 3919
f 3906 3904 3903
f 4666 4664 4668
f 4667 4665 4666
f 3927 3926 3928
f 4677 4646 4676
f 3928 3931 3930
f 3343 3345 3364
f 1533 1536 1528
f 3778 3779 3780
f 4505 4497 4494
f 3359 3360 3361
f 5598 5597 5595
f 2687 2694 2688
f 3361 3368 3367
f 2250 2249 2251
f 1814 1834 1813
f 1805 1808 1806
f 2888 2895 2894
f 3960 3958 3959
f 3953 3955 3958
f 3967 3966 3962
f 3966 3957 3962
f 1900 1898 1880
f 3907 3906 3919
f 3917 3907 3919
f 3907 3904 3906
f 3907 3908 3904
f 3910 3924 3908
f 3924 3927 3908
f 4666 4665 4664
f 3379 3346 3343
f 3927 3924 3926
f 3890 3892 3879
f 3890 3891 3892
f 3892 3891 3896
f 4676 4675 4677
f 3891 3897 3896
f 4674 4675 4676
f 4677 4643 4646
f 3345 3348 3364
f 3364 3348 3362
f 3890 3893 3891
f 3362 3350 3359
f 3891 3894 3897
f 5618 5612 5620
f 3893 3894 3891
f 5620 5612 5603
f 4497 4496 4494
f 3361 3365 3368
f 3368 3369 3367
f 3721 3722 3723
f 5621 5623 5625
f 3980 3981 3974
f 1813 1834 1836
f 1813 1836 1808
f 1808 1836 1812
f 1808 1812 1806
f 1812 1835 1806
f 1806 1820 1819
f 2894 2895 2900
f 1819 1820 1824
f 3958 3955 3956
f 4372 4373 4374
f 4374 4373 4380
f 3837 3829 3862
f 3916 3912 3917
f 3912 3907 3917
f 3907 3910 3908
f 3911 3910 3907
f 3911 3902 3910
f 3911 3879 3902
f 4665 4638 4664
f 4664 4649 4668
f 3875 3890 3879
f 3902 3923 3910
f 3910 3923 3924
f 3343 3346 3344
f 3902 3896 3923
f 3925 3926 3924
f 4643 4642 4646
f 3343 3344 3345
f 3924 3923 3925
f 4675 4643 4677
f 3348 3350 3362
f 3359 3350 3360
f 3780 3781 3778
f 3897 3901 3896
f 3895 3894 3893
f 3894 3900 3897
f 5597 5590 5595
f 2688 2692 2690
f 3369 3368 3376
f 3723 3726 3725
f 3721 3723 3725
f 3775 3774 3773
f 1836 1837 1812
f 1835 1833 1806
f 1806 1833 1820
f 5610 5607 5609
f 1836 1834 1837
f 3040 3032 3031
f 3953 3954 3955
f 3953 3957 3954
f 3966 3968 3957
f 1899 1900 1879
f 3913 3911 3912
f 3911 3907 3912
f 3869 3875 3879
f 3869 3879 3911
f 4664 4640 4649
f 3875 3877 3890
f 4646 4642 4639
f 3348 3349 3350
f 3878 3893 3877
f 3877 3893 3890
f 4675 4647 4643
f 4634 4642 4643
f 3923 3901 3925
f 4674 4663 4675
f 4673 4662 4663
f 4673 4663 4674
f 4662 4660 4663
f 3878 3895 3893
f 3895 3898 3894
f 3894 3898 3900
f 3774 3771 3773
f 3773 3771 3772
f 3772 3771 3770
f 1840 1835 1812
f 1833 1841 1820
f 4375 4376 4373
f 3955 3954 3956
f 3968 3950 3957
f 3957 3950 3954
f 1879 1891 1899
f 3915 3912 3916
f 3913 3869 3911
f 3868 3875 3869
f 4640 4648 4649
f 4664 4638 4640
f 1558 1557 1556
f 4639 4630 4638
f 4675 4663 4647
f 3881 3895 3878
f 5602 5612 5613
f 4496 4495 4494
f 3881 3899 3895
f 3895 3899 3898
f 4658 4651 4661
f 5590 5592 5595
f 5595 5592 5601
f 1487 1489 1488
f 1487 1488 1486
f 4806 4807 4804
f 3770 3771 3768
f 3770 3768 3769
f 1489 1491 1503
f 1489 1503 1488
f 1835 1839 1838
f 1835 1838 1833
f 4373 4376 4383
f 3950 3946 3954
f 3914 3912 3915
f 3870 3867 3869
f 3870 3869 3914
f 3869 3913 3914
f 3914 3913 3912
f 1581 1580 1579
f 3867 3868 3869
f 3351 3354 3356
f 4640 4641 4648
f 3876 3877 3875
f 4638 4637 4640
f 4640 4637 4641
f 3876 3878 3877
f 4634 4630 4642
f 4647 4635 4634
f 5612 5615 5614
f 3880 3881 3878
f 4663 4635 4647
f 5612 5614 5613
f 4495 4493 4494
f 4660 4635 4663
f 6072 6068 6071
f 1487 1469 1489
f 4672 4659 4658
f 4824 4825 4826
f 5624 5628 5622
f 5604 5606 5607
f 5607 5606 5608
f 3769 3768 3765
f 3538 3539 3540
f 1474 1491 1489
f 3956 3946 3948
f 4376 4384 4383
f 3950 3949 3946
f 1491 1506 1513
f 1491 1513 1503
f 1513 1506 1522
f 1901 1885 1886
f 1906 1881 1901
f 1881 1885 1901
f 3870 3871 3867
f 3867 3872 3868
f 4630 4637 4638
f 3876 3880 3878
f 5613 5614 5619
f 1484 1486 1485
f 1484 1487 1486
f 4631 4635 4660
f 4657 4631 4660
f 5591 5593 5592
f 1470 1474 1469
f 1469 1474 1489
f 6068 6069 6071
f 4659 4652 4658
f 4658 4652 4651
f 1470 1490 1474
f 4806 4808 4807
f 3764 3765 3766
f 3768 3767 3765
f 1490 1505 1491
f 1490 1491 1474
f 3946 3947 3948
f 3950 3951 3949
f 1505 1506 1491
f 1505 1515 1506
f 1861 1881 1906
f 1861 1878 1881
f 3871 3872 3867
f 3591 3593 3590
f 4630 4636 4637
f 4629 4636 4630
f 4634 4628 4630
f 4634 4626 4628
f 5616 5614 5615
f 1468 1469 1467
f 1467 1469 1484
f 1468 1470 1469
f 6073 6068 6072
f 4657 4633 4631
f 4651 4650 4633
f 5592 5593 5594
f 4652 4650 4651
f 5592 5594 5604
f 5604 5594 5606
f 3767 3766 3765
f 2360 2361 2362
f 2364 2343 2349
f 2349 2343 2348
f 1843 1878 1861
f 1845 1876 1843
f 1843 1876 1878
f 3874 3871 3870
f 3873 3871 3874
f 926 927 929
f 3871 3873 3872
f 3882 3876 3872
f 4628 4629 4630
f 2041 2048 2053
f 1467 1462 1468
f 2048 2041 2042
f 1468 1516 1470
f 4631 4625 4635
f 2042 2049 2048
f 1516 1490 1470
f 2362 2363 2353
f 6068 6066 6069
f 6069 6066 6070
f 2362 2353 2360
f 2360 2350 2354
f 2360 2354 2361
f 2361 2354 2364
f 2354 2346 2364
f 2364 2346 2343
f 2348 2343 2340
f 4216 4215 4213
f 1523 1524 1514
f 4269 4267 4270
f 4215 4210 4213
f 926 925 927
f 929 928 930
f 4269 4268 4267
f 928 929 927
f 5819 5818 5820
f 4213 4212 4214
f 4213 4210 4212
f 2711 2704 2710
f 3873 3882 3872
f 3595 3592 3594
f 2710 2704 2706
f 4268 4265 4267
f 4265 4262 4267
f 4265 4263 4262
f 1482 1485 1496
f 2719 2716 2718
f 1482 1464 1484
f 1482 1484 1485
f 2053 2043 2041
f 1464 1467 1484
f 1462 1467 1464
f 4628 4627 4629
f 1502 1468 1462
f 4635 4625 4626
f 4632 4631 4633
f 2350 2360 2353
f 1872 1877 1845
f 3888 3887 3886
f 5568 5572 5571
f 4270 4272 4273
f 4218 4217 4216
f 5560 5561 5562
f 4270 4271 4272
f 4217 4215 4216
f 2065 2050 2066
f 931 923 926
f 923 925 926
f 5817 5818 5819
f 1482 1497 1481
f 925 928 927
f 2241 2240 2245
f 5816 5818 5817
f 4210 4211 4212
f 1482 1496 1497
f 3884 3883 3873
f 3873 3883 3882
f 1526 1518 1498
f 4263 4265 4266
f 2719 2718 2725
f 2706 2707 2716
f 2716 2717 2718
f 1461 1502 1462
f 4626 4627 4628
f 1516 1468 1502
f 2042 2047 2049
f 4625 4631 4621
f 4652 4653 4650
f 2359 2353 2363
f 1842 1843 1844
f 5570 5568 5571
f 1902 1870 1871
f 4273 4272 4274
f 3889 3887 3888
f 5562 5563 5560
f 4272 4275 4274
f 1514 1495 1523
f 1480 1479 1481
f 2068 2055 2065
f 5559 5561 5560
f 5169 5170 5171
f 4272 4276 4275
f 2055 2050 2065
f 5557 5558 5559
f 4358 4360 4361
f 1514 1493 1495
f 4358 4359 4360
f 4215 4219 4210
f 1479 1464 1482
f 1479 1482 1481
f 2245 2244 2246
f 5813 5811 5816
f 5813 5816 5817
f 1514 1498 1493
f 1463 1462 1464
f 923 924 925
f 924 935 925
f 2242 2236 2241
f 2241 2236 2240
f 2240 2236 2239
f 2239 2244 2240
f 2240 2244 2245
f 1463 1459 1462
f 2061 2064 2063
f 2062 2061 2063
f 5811 5809 5816
f 5816 5809 5823
f 5816 5823 5818
f 5818 5823 5835
f 2063 2032 2043
f 2704 2705 2706
f 1460 1461 1458
f 1458 1461 1462
f 2706 2705 2707
f 2043 2031 2041
f 3599 3598 3601
f 1460 1502 1461
f 2041 2040 2042
f 4625 4624 4626
f 4626 4624 4627
f 2042 2040 2047
f 4632 4621 4631
f 6068 6060 6066
f 6060 6059 6066
f 2359 2357 2353
f 4655 4654 4652
f 2353 2351 2350
f 2350 2352 2354
f 2352 2345 2354
f 2354 2345 2346
f 2346 2345 2343
f 2343 2341 2340
f 2340 2341 2342
f 1842 1844 1852
f 1525 1523 1495
f 1478 1479 1480
f 1904 1871 1875
f 5557 5559 5560
f 1495 1493 1494
f 1494 1493 1477
f 1463 1464 1465
f 1465 1464 1479
f 1493 1492 1477
f 932 920 931
f 920 923 931
f 1457 1458 1459
f 2062 2050 2061
f 920 922 923
f 922 924 923
f 1457 1456 1458
f 933 934 924
f 924 934 935
f 2242 2237 2236
f 5812 5811 5813
f 1493 1498 1492
f 1477 1492 1455
f 1498 1504 1492
f 1492 1501 1455
f 1492 1504 1501
f 1458 1456 1460
f 2063 2064 2032
f 1456 1500 1460
f 5809 5807 5823
f 5823 5808 5835
f 5835 5808 5840
f 2725 2736 2737
f 2723 2736 2725
f 1500 1507 1460
f 2043 2032 2031
f 2716 2707 2717
f 3599 3600 3598
f 1507 1502 1460
f 1507 1517 1502
f 2031 2040 2041
f 3602 3600 3599
f 1517 1516 1502
f 2367 2365 2363
f 4621 4624 4625
f 2363 2365 2359
f 2359 2365 2357
f 4655 4656 4654
f 4652 4654 4653
f 2353 2357 2351
f 2350 2351 2352
f 2345 2341 2343
f 1869 1874 1871
f 5563 5564 5560
f 1466 1465 1478
f 1465 1479 1478
f 5554 5556 5557
f 5556 5558 5557
f 1494 1477 1475
f 1473 1471 1457
f 2055 2054 2050
f 1038 1033 1039
f 1475 1477 1454
f 1454 1457 1471
f 1457 1459 1472
f 1472 1459 1463
f 932 937 936
f 5565 5558 5556
f 1038 1042 1037
f 932 936 921
f 932 921 920
f 1477 1455 1454
f 1454 1456 1457
f 1038 1037 1033
f 2234 2235 2236
f 2235 2238 2236
f 5814 5812 5815
f 5825 5814 5815
f 5815 5812 5813
f 1037 1035 1033
f 1033 1035 1034
f 920 921 922
f 2243 2237 2242
f 1454 1455 1456
f 1035 1036 1034
f 924 922 933
f 5848 5849 5846
f 5842 5821 5814
f 5812 5810 5811
f 1455 1500 1456
f 3615 3616 3617
f 1035 1040 1036
f 5811 5810 5809
f 1455 1501 1500
f 2032 2064 2029
f 5810 5803 5809
f 2735 2738 2737
f 2737 2738 2739
f 2737 2739 2744
f 5807 5808 5823
f 2744 2739 2745
f 2032 2029 2031
f 5805 5807 5809
f 2705 2708 2707
f 2373 2369 2371
f 2708 2709 2707
f 2369 2367 2371
f 2031 2039 2040
f 2040 2039 2047
f 4621 4623 4624
f 4621 4622 4623
f 2352 2356 2345
f 2345 2344 2341
f 1478 1509 1466
f 1865 1874 1869
f 5566 5564 5563
f 5566 5563 5567
f 5554 5564 5552
f 1499 1494 1511
f 1466 1472 1463
f 1874 1875 1871
f 1494 1475 1511
f 1038 1039 1051
f 2055 2058 2054
f 1039 1033 1032
f 1475 1454 1471
f 1033 1012 1032
f 1050 1042 1038
f 5795 5826 5837
f 1012 1034 1014
f 899 907 919
f 5775 5776 5777
f 5776 5781 5797
f 5797 5781 5798
f 5775 5774 5776
f 5781 5827 5798
f 5846 5847 5848
f 1042 1017 1037
f 1037 1017 1035
f 3046 3047 3044
f 3046 3044 3043
f 5783 5770 5793
f 5779 5772 5775
f 5814 5821 5810
f 5814 5810 5812
f 1035 1017 1040
f 5783 5769 5770
f 5770 5772 5779
f 2737 2736 2735
f 5821 5803 5810
f 5769 5767 5770
f 5803 5805 5809
f 2739 2741 2745
f 5770 5771 5772
f 5772 5771 5773
f 2717 2721 2718
f 2718 2721 2722
f 2718 2722 2723
f 5767 5771 5770
f 5767 5780 5771
f 5805 5806 5807
f 3603 3600 3602
f 10 11 12
f 6089 6088 6090
f 1020 1053 1054
f 1054 1053 1055
f 1054 1055 1026
f 1055 1030 1026
f 376 388 389
f 2351 2355 2352
f 2345 2356 2347
f 2341 2344 2342
f 1903 1874 1865
f 1903 1905 1874
f 1499 1511 1521
f 1476 1472 1466
f 1874 1905 1875
f 1473 1472 1476
f 1051 1050 1038
f 1012 1031 1032
f 5546 5565 5555
f 5555 5565 5556
f 2058 2026 2054
f 1012 1011 1031
f 5491 5494 5493
f 1050 1122 1042
f 1012 1004 1011
f 5796 5750 5795
f 5521 5525 5524
f 5524 5527 5528
f 1014 1004 1012
f 5750 5794 5795
f 5795 5794 5826
f 5525 5526 5524
f 5524 5526 5527
f 1014 1000 1004
f 5826 5794 5783
f 2061 2028 2029
f 1049 1009 1042
f 5794 5769 5783
f 5774 5781 5776
f 1009 1017 1042
f 5781 5778 5827
f 1017 992 1040
f 3046 3048 3047
f 5775 5772 5774
f 5827 5792 5821
f 5768 5767 5769
f 5772 5773 5774
f 5774 5778 5781
f 5792 5803 5821
f 2715 2714 2708
f 5808 5841 5840
f 2734 2740 2739
f 2739 2740 2741
f 5807 5806 5808
f 2708 2712 2709
f 2369 2370 2368
f 2369 2368 2367
f 3579 3580 3581
f 2368 2365 2367
f 2365 2366 2358
f 4622 4644 4623
f 1025 1027 1028
f 2365 2358 2357
f 6060 6064 6058
f 1024 1026 1025
f 6060 6058 6059
f 6087 6088 6089
f 1006 1022 1053
f 1020 1006 1053
f 1025 1026 1027
f 6059 6063 6091
f 3004 3008 3007
f 373 375 376
f 2358 2355 2357
f 2357 2355 2351
f 2355 2356 2352
f 2345 2347 2344
f 5573 5564 5566
f 1051 1121 1050
f 5546 5545 5577
f 5510 5529 5513
f 5513 5529 5516
f 5516 5529 5521
f 5516 5521 5517
f 1050 1121 1122
f 5486 5491 5492
f 5517 5521 5519
f 1004 1003 1011
f 3611 3614 3616
f 2028 2027 2029
f 3613 3614 3611
f 1000 1001 1004
f 5750 5751 5794
f 5751 5833 5794
f 5794 5833 5769
f 2027 2030 2029
f 1009 995 1017
f 998 997 1000
f 1000 997 1001
f 995 992 1017
f 3047 3048 3044
f 998 992 997
f 5827 5787 5792
f 2736 2733 2735
f 2738 2735 2734
f 2029 2030 2031
f 5833 5768 5769
f 2738 2734 2739
f 994 997 992
f 5773 5782 5778
f 5774 5773 5778
f 5778 5782 5827
f 2708 2714 2712
f 992 993 994
f 2724 2720 2715
f 2715 2720 2714
f 2709 2712 2713
f 2031 2030 2039
f 5768 5766 5767
f 3584 3580 3579
f 3580 3582 3581
f 5784 5782 5773
f 3581 3582 3583
f 5780 5789 5771
f 5771 5789 5773
f 5773 5789 5784
f 2365 2368 2366
f 3605 3604 3602
f 999 1025 1028
f 3606 3604 3605
f 1019 1024 994
f 994 1024 1025
f 4622 4645 4644
f 6058 6055 6059
f 6059 6055 6063
f 6063 6084 6087
f 6087 6084 6088
f 1028 1027 1043
f 1027 1041 1043
f 1026 1030 1029
f 1026 1029 1027
f 1029 1041 1027
f 376 387 388
f 815 803 821
f 1520 1519 1476
f 5510 5513 5512
f 5516 5517 5515
f 1085 1011 1046
f 5528 5519 5524
f 5528 5527 5537
f 5537 5527 5538
f 5496 5487 5486
f 2026 2027 2028
f 1011 1003 1013
f 1011 1013 1046
f 1047 1049 1122
f 5486 5490 5491
f 5486 5485 5490
f 1047 1009 1049
f 5749 5748 5750
f 5750 5748 5751
f 1009 1047 1008
f 5748 5752 5751
f 5751 5752 5833
f 1009 1008 995
f 2735 2733 2734
f 1002 1013 1003
f 5749 5746 5748
f 1008 1010 996
f 1008 996 995
f 995 996 993
f 995 993 992
f 1001 1002 1003
f 997 999 1001
f 1001 999 1002
f 5768 5833 5766
f 5782 5787 5827
f 1010 1018 996
f 1010 1048 1018
f 996 1005 993
f 994 999 997
f 1002 999 1015
f 1002 1015 1013
f 4846 4847 4848
f 16 17 18
f 5792 5802 5803
f 2709 2713 2721
f 996 1007 1005
f 5767 5766 5761
f 5803 5802 5804
f 5805 5804 5806
f 996 1018 1007
f 1018 1057 1007
f 999 1028 1015
f 1028 1016 1015
f 5803 5804 5805
f 1007 1006 1005
f 1005 1006 993
f 993 1006 1020
f 1020 1019 993
f 993 1019 994
f 1028 1044 1016
f 5789 5788 5784
f 5788 5785 5784
f 6079 6057 6064
f 6058 6057 6055
f 1023 1021 1007
f 1007 1021 1006
f 1021 1022 1006
f 1023 1045 1021
f 2908 2906 2909
f 374 365 373
f 375 387 376
f 822 808 825
f 820 803 798
f 2070 2059 2058
f 1082 1084 1083
f 5513 5515 5514
f 2058 2059 2026
f 1051 1107 1121
f 1083 1084 1085
f 5537 5519 5528
f 2059 2052 2026
f 1085 1046 1086
f 5517 5519 5518
f 5537 5538 5541
f 5487 5479 5486
f 5479 5485 5486
f 5479 5483 5485
f 1047 1048 1008
f 2761 2758 2760
f 5748 5746 5747
f 5748 5747 5752
f 4068 4078 4179
f 4179 4078 4171
f 1920 1915 1916
f 2758 2759 2760
f 1916 1915 1914
f 2370 2372 2368
f 2030 2045 2039
f 1015 1016 1013
f 5741 5742 5746
f 5746 5742 5747
f 5766 5833 5756
f 4070 4063 4073
f 1048 1056 1018
f 1018 1056 1057
f 4834 4836 4837
f 4838 4834 4837
f 4026 4023 4025
f 5782 5786 5787
f 5766 5756 5761
f 4834 4835 4836
f 5784 5785 5782
f 5782 5785 5786
f 824 811 812
f 5760 5762 5789
f 5799 5760 5789
f 5762 5765 5789
f 5843 5844 5845
f 2778 2762 2764
f 2908 2904 2906
f 2792 2782 2778
f 1043 1052 1044
f 2906 2911 2909
f 365 361 373
f 373 361 375
f 812 807 822
f 822 807 813
f 375 361 387
f 398 350 355
f 355 350 352
f 352 350 341
f 352 341 354
f 387 390 388
f 822 813 808
f 388 390 391
f 808 797 803
f 797 798 803
f 6136 6132 6135
f 6135 6132 6134
f 6136 6137 6132
f 6132 6133 6134
f 6134 6133 6138
f 6134 6138 6139
f 6133 6141 6138
f 6137 6142 6132
f 6132 6140 6133
f 6142 6140 6132
f 6140 6141 6133
f 4464 4460 4461
f 4460 4457 4461
f 4457 4458 4455
f 1853 1856 1854
f 4457 4455 4454
f 4455 4452 4454
f 5550 5552 5553
f 1083 1085 1086
f 5509 5523 5510
f 2786 2779 2785
f 2785 2779 2771
f 2026 2052 2027
f 2779 2768 2771
f 2784 2781 2787
f 2787 2781 2793
f 2784 2776 2781
f 2784 2771 2776
f 2760 2766 2768
f 2768 2766 2771
f 2771 2766 2772
f 2776 2780 2781
f 2027 2034 2033
f 2771 2772 2776
f 5481 5483 5479
f 2027 2033 2030
f 2729 2732 2733
f 2748 2729 2733
f 2732 2742 2734
f 2733 2732 2734
f 2734 2742 2743
f 2734 2743 2740
f 2776 2772 2780
f 5481 5484 5483
f 2721 2727 2722
f 2740 2743 2746
f 5747 5753 5752
f 5752 5753 5833
f 4063 4066 4068
f 4073 4063 4068
f 1915 1911 1914
f 2030 2033 2045
f 5787 5790 5792
f 2372 2366 2368
f 2760 2765 2766
f 5833 5753 5756
f 5787 5786 5790
f 5790 5791 5792
f 5792 5791 5802
f 2759 2763 2762
f 2759 2762 2760
f 4071 4062 4070
f 4070 4062 4063
f 2760 2762 2765
f 5756 5760 5761
f 5850 5851 5852
f 2764 2762 2763
f 5762 5764 5765
f 6055 6056 6063
f 6063 6056 6084
f 2778 2782 2762
f 366 363 365
f 354 341 348
f 398 391 350
f 813 795 808
f 390 392 391
f 6169 6170 6166
f 6129 6114 6117
f 6117 6116 6119
f 6141 6143 6138
f 6138 6143 6148
f 6141 6146 6143
f 6144 6145 6140
f 6142 6144 6140
f 6140 6145 6141
f 6145 6147 6141
f 4461 4457 4459
f 4457 4454 4459
f 1856 1853 1896
f 4454 4452 4453
f 4452 4447 4453
f 4447 4456 4453
f 1081 1082 1058
f 1087 1083 1086
f 1087 1086 1088
f 2070 2069 2059
f 1088 1086 1103
f 5537 5578 5533
f 5537 5533 5519
f 4456 4447 4463
f 2785 2784 2790
f 5584 5583 5585
f 2771 2784 2785
f 2790 2784 2787
f 4466 4482 4481
f 5582 5581 5583
f 2052 2036 2027
f 5476 5479 5488
f 2027 2036 2034
f 5478 5479 5476
f 5478 5481 5479
f 4066 4078 4068
f 2722 2727 2729
f 2722 2729 2748
f 2766 2774 2772
f 2713 2726 2721
f 824 806 811
f 2766 2767 2774
f 5741 5739 5742
f 2774 2775 2772
f 2772 2775 2780
f 5747 5754 5753
f 6079 6054 6057
f 2780 2775 2783
f 5753 5755 5756
f 4176 4057 4071
f 4071 4057 4062
f 811 769 812
f 2766 2765 2767
f 5742 5733 5824
f 5742 5824 5747
f 5824 5754 5747
f 5756 5755 5757
f 5756 5757 5760
f 812 769 807
f 6057 6054 6055
f 2762 2770 2765
f 4174 4089 4173
f 4173 4089 4052
f 4052 4069 4173
f 5757 5762 5760
f 2770 2769 2765
f 2904 2905 2906
f 5757 5763 5762
f 5763 5764 5762
f 6084 6085 6086
f 2762 2777 2770
f 2906 2905 2907
f 5759 5822 5801
f 5759 5801 5800
f 5800 5801 5763
f 2762 2782 2777
f 2906 2907 2911
f 365 359 361
f 781 778 793
f 380 378 305
f 2751 2757 2752
f 387 361 372
f 385 348 386
f 387 372 390
f 350 344 341
f 6176 6175 6174
f 6128 6130 6131
f 6175 6173 6174
f 6128 6114 6130
f 6130 6114 6129
f 6166 6170 6164
f 6117 6114 6116
f 6119 6116 6125
f 6141 6147 6146
f 6154 6149 6155
f 6149 6152 6155
f 1064 1104 1078
f 1064 1078 1075
f 1075 1078 1080
f 4465 4456 4463
f 4465 4463 4466
f 5508 5506 5530
f 5584 5582 5583
f 5489 5488 5499
f 5579 5581 5582
f 5477 5476 5489
f 5579 5580 5581
f 5489 5476 5488
f 1102 1111 1109
f 5478 5482 5481
f 4202 4203 4172
f 5482 5484 5481
f 823 765 810
f 4066 4079 4078
f 1917 1911 1915
f 2033 2044 2045
f 1911 1913 1914
f 2713 2728 2726
f 4062 4061 4063
f 5739 5733 5742
f 4072 4057 4176
f 2774 2750 2775
f 5754 5755 5753
f 2765 2769 2767
f 5754 5824 5758
f 5754 5758 5755
f 5755 5758 5759
f 5755 5759 5757
f 2767 2750 2774
f 5824 5834 5758
f 6056 6085 6084
f 5758 5834 5822
f 5758 5822 5759
f 2777 2788 2770
f 2788 2773 2770
f 2770 2773 2769
f 2912 2911 2907
f 2789 2777 2782
f 2754 2756 2751
f 2754 2751 2750
f 2750 2752 2753
f 2750 2753 2755
f 363 364 294
f 294 359 363
f 305 307 364
f 2752 2757 2753
f 391 392 344
f 350 391 344
f 6191 6194 6195
f 6114 6115 6116
f 6151 6159 6158
f 6156 6152 6151
f 6156 6151 6158
f 6116 6121 6125
f 6154 6153 6149
f 1089 1060 1062
f 1089 1062 1087
f 1089 1087 1090
f 4469 4465 4467
f 1061 1062 1060
f 4465 4466 4467
f 1064 1105 1104
f 1058 1059 1060
f 1060 1059 1061
f 5477 5489 5531
f 5531 5489 5500
f 5501 5499 5506
f 1097 1102 1100
f 5489 5499 5500
f 5499 5530 5506
f 1102 1109 1100
f 5475 5476 5477
f 1109 1110 1100
f 2052 2051 2036
f 5475 5478 5476
f 900 906 907
f 1111 1114 1109
f 1109 1114 1110
f 262 288 268
f 5830 5829 5743
f 19 20 21
f 4079 4082 4078
f 4246 4247 4248
f 4066 4065 4079
f 2729 2731 2732
f 5532 5484 5482
f 5740 5739 5741
f 4063 4064 4065
f 4061 4064 4063
f 6062 6054 6079
f 4057 4061 4062
f 5786 5791 5790
f 4166 4050 4072
f 4069 4050 4166
f 4052 4049 4069
f 5733 5745 5824
f 4092 4091 4090
f 2767 2754 2750
f 2750 2755 2775
f 5745 5834 5824
f 2756 2754 2767
f 2791 2789 2782
f 353 310 356
f 356 304 357
f 315 314 312
f 315 312 353
f 353 312 310
f 357 304 379
f 306 309 364
f 307 306 364
f 348 349 386
f 307 305 306
f 372 371 390
f 392 394 343
f 6128 6115 6114
f 6115 6118 6116
f 4459 4471 4485
f 6116 6120 6121
f 6149 6150 6151
f 6149 6151 6152
f 6153 6150 6149
f 2483 2482 2506
f 1064 1066 1065
f 1066 1064 1075
f 4454 4453 4462
f 1075 1080 1072
f 1079 1060 1089
f 4453 4456 4462
f 4462 4456 4465
f 1081 1058 1072
f 1106 1105 1064
f 4467 4466 4468
f 1097 1092 1090
f 2069 2060 2059
f 1097 1100 1096
f 5501 5500 5499
f 2059 2060 2056
f 2059 2056 2052
f 2052 2056 2051
f 5480 5478 5475
f 5480 5475 5477
f 1110 1113 1100
f 5480 5497 5478
f 2036 2051 2037
f 2036 2037 2034
f 1110 1114 1113
f 5497 5482 5478
f 5006 5004 5005
f 765 763 810
f 2034 2038 2035
f 2034 2035 2033
f 1909 1908 1911
f 1114 1115 1113
f 5497 5532 5482
f 1908 1913 1911
f 2727 2730 2729
f 2729 2730 2731
f 771 769 770
f 2728 2747 2726
f 5829 5828 5743
f 5740 5731 5739
f 4055 4057 4072
f 4057 4056 4061
f 5739 5731 5733
f 4050 4055 4072
f 4090 4088 4089
f 4049 4050 4069
f 6055 6053 6056
f 4091 4088 4090
f 4095 4152 4091
f 4151 4152 4095
f 351 315 396
f 294 358 359
f 359 360 361
f 359 358 360
f 361 360 372
f 315 351 314
f 356 310 304
f 364 309 294
f 379 304 301
f 378 301 305
f 348 339 349
f 341 339 348
f 371 393 390
f 344 343 340
f 344 340 341
f 390 393 392
f 392 393 394
f 6191 6192 6194
f 6128 6126 6115
f 6115 6126 6118
f 6118 6120 6116
f 1063 1064 1065
f 1063 1106 1064
f 1063 1108 1106
f 4462 4465 4469
f 211 222 224
f 190 178 191
f 5501 5506 5503
f 5506 5507 5503
f 84 83 80
f 5498 5480 5477
f 5498 5477 5531
f 1096 1100 1098
f 761 767 766
f 2034 2037 2038
f 1907 1908 1909
f 4082 4168 4169
f 2727 2726 2730
f 2726 2747 2730
f 2033 2035 2044
f 4064 4074 4065
f 2044 2035 2046
f 5743 5731 5740
f 5828 5744 5743
f 5743 5744 5731
f 4057 4055 4056
f 5731 5732 5733
f 4088 4087 4089
f 5733 5732 5745
f 4152 4096 4091
f 5732 5738 5745
f 5745 5738 5834
f 397 351 396
f 4155 4149 4151
f 6056 6065 6082
f 314 313 312
f 306 297 309
f 301 299 305
f 305 299 306
f 372 360 371
f 371 370 393
f 341 340 339
f 1063 1065 1066
f 6181 6182 6185
f 6120 6122 6121
f 6150 6157 6151
f 1108 1105 1106
f 5534 5531 5504
f 2507 2492 2523
f 1092 1096 1094
f 5498 5531 5534
f 5504 5531 5500
f 178 190 180
f 176 107 106
f 2057 2051 2056
f 3130 3126 3128
f 1907 1910 1908
f 5018 5019 5021
f 4061 4081 4074
f 4061 4074 4064
f 6062 6061 6054
f 4050 4054 4055
f 5828 5832 5831
f 5828 5831 5744
f 5731 5734 5732
f 4087 4052 4089
f 6055 6054 6053
f 4091 4096 4088
f 3111 3112 3122
f 6053 6065 6056
f 4152 4150 4096
f 3111 3110 3112
f 4147 4149 4155
f 4149 4150 4151
f 4151 4150 4152
f 6082 6065 6083
f 309 297 294
f 313 311 312
f 312 311 310
f 310 303 304
f 304 303 301
f 306 299 297
f 1063 1067 1068
f 6127 6118 6126
f 1063 1066 1067
f 1063 1123 1120
f 6118 6124 6120
f 1066 1069 1067
f 6120 6123 6122
f 6153 6160 6150
f 6160 6157 6150
f 4454 4462 4471
f 1066 1072 1069
f 4472 4469 4467
f 1108 1119 1105
f 4472 4467 4468
f 1093 1092 1094
f 1093 1094 1095
f 5536 5498 5534
f 176 177 107
f 2056 2067 2057
f 3130 3129 3126
f 5066 5033 5000
f 3126 3118 3128
f 1910 1919 1908
f 3118 3123 3127
f 3128 3118 3127
f 3123 3134 3127
f 4065 4074 4079
f 6067 6061 6062
f 4054 4056 4055
f 4439 4441 4436
f 3111 3122 3121
f 3121 3122 3124
f 5744 5734 5731
f 3113 3109 3111
f 4088 4085 4087
f 4047 4048 4049
f 4096 4159 4088
f 3109 3110 3111
f 5732 5737 5738
f 6053 6052 6065
f 4147 4148 4149
f 4149 4148 4150
f 1425 1424 1447
f 311 308 310
f 310 308 303
f 367 371 360
f 345 342 343
f 343 342 340
f 393 384 394
f 1068 1067 1076
f 6197 6207 6198
f 6177 6178 6179
f 6201 6199 6196
f 1120 1108 1063
f 6200 6196 6198
f 1112 1099 1101
f 4469 4472 4473
f 1091 1093 1101
f 1099 1091 1101
f 4472 4468 4474
f 5535 5536 5534
f 5535 5534 5504
f 5504 5500 5502
f 190 189 180
f 104 91 90
f 3129 3130 3133
f 5000 5001 5002
f 1912 1910 1907
f 3126 3117 3118
f 4434 4435 4436
f 3115 3111 3118
f 3118 3121 3123
f 4435 4438 4436
f 3113 3111 3115
f 3118 3111 3121
f 4061 4077 4081
f 3121 3124 3123
f 3124 3125 3123
f 3123 3125 3134
f 4087 4051 4052
f 4048 4053 4050
f 4050 4053 4054
f 4088 4086 4085
f 4052 4051 4049
f 4049 4048 4050
f 5744 5736 5734
f 5734 5735 5732
f 4159 4086 4088
f 5832 5836 5831
f 4146 4106 4147
f 4148 4106 4107
f 4107 4110 4150
f 6052 6081 6065
f 6065 6081 6092
f 6065 6092 6083
f 1425 1418 1424
f 314 325 313
f 299 298 297
f 298 295 297
f 297 295 294
f 294 295 296
f 294 296 358
f 358 362 360
f 371 367 370
f 339 337 349
f 393 370 384
f 340 336 339
f 394 384 345
f 5249 5241 5247
f 1077 1067 1070
f 1067 1069 1070
f 1069 1071 1070
f 4470 4462 4469
f 1069 1079 1071
f 1071 1079 1074
f 229 247 198
f 5022 5017 5020
f 5000 5007 5001
f 3117 3129 3119
f 5013 5016 5014
f 3115 3118 3117
f 4438 4439 4436
f 4056 4053 4067
f 4056 4067 4077
f 4054 4053 4056
f 965 942 941
f 6078 6049 6061
f 6061 6049 6054
f 6054 6049 6053
f 5734 5736 5735
f 6053 6049 6052
f 5831 5836 5744
f 5832 5838 5836
f 303 308 302
f 302 300 301
f 303 302 301
f 301 300 299
f 300 298 299
f 296 362 358
f 362 367 360
f 339 336 337
f 4469 4475 4470
f 1070 1071 1073
f 1071 1074 1073
f 1120 1119 1108
f 5504 5502 5505
f 2523 2522 2525
f 3133 3135 3131
f 3133 3131 3129
f 3116 3117 3119
f 3116 3115 3117
f 4437 4435 4434
f 5038 5029 5028
f 6067 6080 6078
f 6067 6078 6061
f 4048 4060 4053
f 942 938 941
f 4051 4047 4049
f 5744 5836 5736
f 4103 4107 4106
f 4103 4108 4107
f 4107 4108 4110
f 6052 6074 6081
f 1424 1418 1420
f 325 321 313
f 313 317 311
f 362 368 367
f 367 368 370
f 295 403 296
f 403 402 362
f 296 403 362
f 370 368 384
f 342 336 340
f 403 401 402
f 401 400 402
f 3131 3119 3129
f 3120 3116 3119
f 2639 2637 2640
f 2640 2637 2641
f 4440 4437 4434
f 1278 1277 1275
f 1247 1271 1277
f 1277 1276 1275
f 1277 1271 1276
f 3585 3586 3587
f 1276 1268 1275
f 1276 1255 1268
f 1278 1249 1274
f 1249 1246 1274
f 4047 4059 4048
f 4048 4059 4060
f 5732 5735 5737
f 6074 6077 6081
f 5838 5839 5836
f 6081 6077 6092
f 1418 1417 1420
f 321 317 313
f 952 950 949
f 311 317 308
f 362 369 368
f 349 337 383
f 295 327 403
f 342 346 336
f 368 395 384
f 384 346 345
f 384 395 346
f 345 346 342
f 5247 5244 5254
f 4473 4474 4476
f 3131 3120 3119
f 2635 2637 2639
f 1276 1271 1255
f 1275 1259 1284
f 1247 1255 1271
f 1246 1242 1247
f 1247 1242 1255
f 1255 1242 1268
f 1242 1244 1268
f 1268 1244 1259
f 1254 1250 1249
f 4053 4060 4080
f 4085 4076 4087
f 4087 4076 4051
f 6080 6051 6078
f 4108 4111 4110
f 4190 4160 4164
f 4163 4153 4146
f 4103 4109 4108
f 938 949 939
f 938 939 940
f 4146 4120 4106
f 4120 4100 4106
f 4106 4100 4103
f 308 316 302
f 950 947 939
f 383 337 347
f 302 316 377
f 302 377 300
f 300 377 381
f 300 381 298
f 369 400 368
f 335 338 337
f 381 382 298
f 298 382 295
f 382 327 295
f 337 336 335
f 327 401 403
f 368 400 395
f 346 332 336
f 2419 2476 2399
f 4480 4475 4476
f 5254 5244 5255
f 2525 2522 2519
f 3135 3136 3131
f 3132 3120 3131
f 3137 3120 3132
f 5036 5026 5027
f 2635 2634 2637
f 1440 1448 1449
f 5394 5397 5392
f 1269 1264 1280
f 1269 1254 1264
f 1264 1249 1265
f 1272 1254 1269
f 5392 5391 5393
f 1249 1248 1246
f 1244 1257 1259
f 1246 1243 1242
f 1242 1243 1244
f 4059 4177 4060
f 1243 1245 1244
f 4047 4058 4059
f 1266 1251 1254
f 1254 1251 1250
f 1250 1251 1248
f 1248 1243 1246
f 6078 6051 6049
f 4111 4084 4086
f 1251 1253 1248
f 1253 1243 1248
f 6049 6048 6052
f 4103 4046 4109
f 6052 6048 6074
f 5341 5337 5340
f 5340 5337 5339
f 279 280 281
f 280 287 281
f 308 317 316
f 1417 1429 1432
f 337 338 347
f 4809 4810 4811
f 382 326 327
f 401 327 328
f 332 335 336
f 13 14 15
f 4477 4474 4487
f 1442 1443 1440
f 1440 1443 1448
f 1280 1264 1279
f 1264 1265 1279
f 1279 1265 1282
f 1282 1284 1283
f 1281 1269 1280
f 1287 1286 1288
f 1259 1286 1285
f 4017 4016 4014
f 5392 5390 5391
f 1259 1260 1270
f 1259 1257 1260
f 4060 4175 4080
f 1254 1272 1266
f 4084 4085 4086
f 4051 4058 4047
f 1257 1245 1258
f 4109 4111 4108
f 1266 1267 1251
f 1253 1256 1243
f 1256 1263 1243
f 1243 1263 1252
f 1243 1252 1245
f 1245 1252 1258
f 4164 4154 4163
f 4163 4154 4153
f 1267 1262 1251
f 4153 4120 4146
f 4190 4195 4160
f 5357 5337 5341
f 321 331 320
f 321 320 317
f 939 947 944
f 316 322 377
f 326 324 327
f 324 328 327
f 328 329 330
f 330 329 332
f 4478 4476 4477
f 2520 2521 2519
f 2633 2634 2635
f 2636 2633 2635
f 2634 2646 2645
f 1391 1392 1395
f 1391 1395 1396
f 1395 1405 1396
f 1284 1285 1283
f 1389 1393 1392
f 1285 1287 1289
f 3501 3504 3508
f 1285 1286 1287
f 3501 3500 3504
f 4016 4012 4014
f 5392 5396 5390
f 5390 5396 5395
f 5391 5390 5389
f 3499 3505 3504
f 4111 4112 4084
f 6051 6050 6049
f 4109 4112 4111
f 4103 4041 4046
f 1252 1261 1258
f 4100 4044 4103
f 2294 2292 2291
f 1253 1273 1256
f 2268 2267 2281
f 2281 2267 2282
f 939 944 940
f 6074 6076 6077
f 1412 1414 1417
f 316 319 322
f 322 324 326
f 324 329 328
f 4478 4477 4479
f 2508 2519 2522
f 2633 2647 2634
f 2634 2647 2646
f 2646 2643 2645
f 1388 1392 1391
f 2643 2644 2645
f 1388 1389 1392
f 1283 1285 1290
f 1290 1285 1289
f 3501 3498 3500
f 4012 4008 4014
f 4008 4015 4014
f 3500 3499 3504
f 5390 5395 5387
f 5390 5387 5389
f 4084 4076 4085
f 4076 4075 4051
f 4051 4075 4058
f 4112 4093 4084
f 4043 4112 4109
f 6050 6046 6049
f 6049 6046 6048
f 4045 4043 4109
f 3496 3506 3505
f 3499 3496 3505
f 4103 4044 4041
f 6048 6075 6074
f 4154 4118 4153
f 2294 2299 2292
f 1415 1413 1412
f 940 944 945
f 2267 2271 2282
f 2292 2290 2291
f 2291 2290 2289
f 5357 5335 5337
f 317 318 316
f 319 323 322
f 322 323 324
f 329 333 332
f 332 333 334
f 332 334 335
f 335 334 338
f 2481 2508 2522
f 2636 2638 2633
f 2646 2647 2643
f 1405 1406 1401
f 1401 1406 1407
f 3500 3492 3494
f 3500 3494 3499
f 5389 5387 5388
f 5388 5383 5398
f 4093 4083 4084
f 4084 4083 4076
f 3494 3496 3499
f 3995 4002 3997
f 4153 4118 4120
f 2292 2299 2293
f 2263 2265 2268
f 2290 2288 2289
f 2289 2288 2286
f 2268 2265 2267
f 2271 2267 2269
f 2287 2263 2286
f 5337 5336 5339
f 317 320 318
f 1635 1634 1654
f 1654 1655 1638
f 1635 1654 1638
f 316 318 319
f 324 404 329
f 329 399 333
f 1660 1646 1637
f 2633 2658 2647
f 1402 1401 1403
f 2648 2643 2647
f 3498 3492 3500
f 5062 5051 5048
f 4015 4013 4019
f 5387 5383 5388
f 4076 4083 4075
f 25 26 27
f 6046 6047 6048
f 6075 6076 6074
f 2263 2264 2265
f 2271 2273 2282
f 2292 2293 2290
f 2288 2287 2286
f 2265 2266 2267
f 2267 2266 2269
f 2269 2272 2271
f 1414 1431 1423
f 5335 5336 5337
f 1642 1644 1640
f 323 404 324
f 404 399 329
f 2481 2474 2508
f 2638 2642 2633
f 1389 1381 1386
f 1389 1386 1393
f 3501 3503 3498
f 4013 4018 4019
f 4008 4013 4015
f 5383 5374 5398
f 4008 4009 4010
f 1444 1419 1415
f 4112 4097 4093
f 3994 3993 4009
f 4043 4097 4112
f 3494 3493 3496
f 4044 4099 4043
f 966 955 963
f 1446 1445 1450
f 6093 6094 6095
f 1413 1421 1431
f 3496 3489 3507
f 4160 4140 4118
f 4002 4004 3997
f 2265 2264 2266
f 2271 2272 2273
f 2269 2278 2272
f 5355 5314 5316
f 5355 5316 5319
f 5319 5318 5327
f 3532 3533 3534
f 2642 2655 2633
f 2633 2655 2658
f 3498 3497 3492
f 5387 5386 5383
f 4093 4094 4083
f 3492 3493 3494
f 4009 3993 3998
f 4009 3998 4010
f 4043 4099 4097
f 4120 4101 4100
f 3997 3999 3998
f 2306 2298 2293
f 4140 4119 4118
f 3997 4004 3999
f 2287 2288 2295
f 2272 2274 2273
f 5329 5334 5335
f 5335 5334 5336
f 2266 2270 2269
f 2269 2270 2278
f 4701 4700 4698
f 6232 6234 6227
f 6232 6227 6231
f 5230 5243 5237
f 3533 3535 3534
f 3503 3502 3498
f 3502 3497 3498
f 3497 3495 3492
f 5060 5059 5054
f 5063 5059 5060
f 3492 3495 3493
f 4011 4018 4013
f 4097 4094 4093
f 1419 1445 1446
f 5358 5306 5305
f 3493 3489 3496
f 4100 4099 4044
f 3016 3010 3015
f 4120 4118 4101
f 4141 4144 4119
f 2293 2298 2297
f 2293 2297 2290
f 2297 2296 2288
f 2290 2297 2288
f 3999 4004 4003
f 5314 5315 5316
f 2288 2296 2295
f 2295 2277 2287
f 2277 2276 2264
f 2276 2266 2264
f 5316 5318 5319
f 5327 5328 5329
f 5334 5338 5336
f 4702 4698 4697
f 4697 4698 4699
f 2274 2283 2273
f 4702 4701 4698
f 2279 2280 2278
f 2278 2275 2272
f 2278 2280 2275
f 2278 2270 2279
f 6241 6242 6243
f 6227 6229 6231
f 6231 6229 6233
f 2642 2654 2655
f 1398 1390 1397
f 5386 5382 5383
f 4010 4011 4013
f 4010 3998 4011
f 3998 4001 4011
f 1419 1444 1445
f 4099 4098 4097
f 4101 4099 4100
f 3999 4000 3998
f 5305 5306 5301
f 3999 4003 4000
f 4033 4030 4032
f 5313 5311 5312
f 5313 5312 5314
f 5318 5328 5327
f 5329 5328 5330
f 2273 2283 2284
f 2272 2275 2274
f 5230 5250 5243
f 2396 2401 2398
f 2479 2391 2390
f 4027 4028 4029
f 2654 2656 2655
f 3502 3483 3497
f 5382 5376 5383
f 5400 5382 5386
f 5374 5371 5358
f 5371 5309 5358
f 4099 4104 4098
f 5358 5309 5306
f 4101 4102 4099
f 3493 3481 3489
f 3489 3481 3488
f 4144 4116 4119
f 5305 5301 5304
f 5304 5303 5311
f 5329 5330 5334
f 5334 5342 5338
f 2275 2285 2274
f 2274 2285 2283
f 4701 4703 4700
f 6234 6228 6227
f 6238 6239 6240
f 6227 6228 6229
f 2471 2473 2474
f 3502 3487 3483
f 5384 5382 5400
f 4097 4098 4094
f 5383 5376 5374
f 5403 5384 5400
f 3481 3486 3488
f 4118 4113 4101
f 4116 4113 4119
f 4119 4113 4118
f 5301 5303 5304
f 2298 2302 2297
f 2296 2300 2295
f 2277 2295 2303
f 2277 2303 2276
f 5316 5315 5317
f 5316 5317 5318
f 5318 5346 5328
f 2276 2303 2310
f 5338 5342 5361
f 2310 2324 2276
f 2311 2305 2270
f 2279 2305 2307
f 2279 2307 2280
f 2280 2307 2275
f 4702 4703 4701
f 2270 2305 2279
f 6228 6230 6229
f 3497 3483 3476
f 3476 3474 3495
f 3497 3476 3495
f 3474 3475 3495
f 3495 3475 3493
f 5376 5375 5374
f 3493 3475 3481
f 4102 4104 4099
f 4519 4520 4521
f 3010 3009 3014
f 959 957 960
f 2302 2301 2297
f 2297 2301 2300
f 2297 2300 2296
f 2295 2315 2303
f 5312 5315 5314
f 2317 2319 2311
f 2999 3002 2998
f 5318 5317 5346
f 5346 5344 5328
f 2307 2313 2275
f 2283 2312 2284
f 2311 2319 2305
f 2275 2313 2285
f 2642 2651 2654
f 3483 3470 3476
f 5384 5379 5382
f 5374 5375 5371
f 5309 5307 5306
f 3009 3020 3014
f 2316 2318 2317
f 2315 2316 2317
f 4030 4031 4032
f 5311 5303 5312
f 2300 2304 2295
f 5344 5331 5328
f 2285 2312 2283
f 5330 5342 5334
f 5361 5342 5370
f 2401 2428 2429
f 2652 2649 2642
f 2642 2649 2651
f 2654 2651 2657
f 2654 2657 2656
f 1378 1384 1385
f 3487 3471 3483
f 3483 3471 3470
f 3476 3470 3474
f 5379 5376 5382
f 4113 4105 4102
f 4524 4520 4523
f 3022 3012 3011
f 5309 5399 5307
f 5307 5301 5306
f 3481 3484 3486
f 3011 3012 3009
f 2309 2301 2302
f 4192 4191 4116
f 2308 2304 2300
f 2317 2318 2319
f 1236 1237 1233
f 5328 5331 5330
f 4812 4813 4814
f 2657 2651 2659
f 614 617 608
f 617 610 608
f 608 610 609
f 610 619 609
f 619 665 609
f 665 668 609
f 5379 5378 5376
f 4102 4105 4104
f 5399 5310 5307
f 5307 5310 5301
f 3020 3009 3017
f 4031 4035 4034
f 2315 2304 2316
f 5301 5302 5303
f 4191 4115 4116
f 1237 1202 1233
f 5312 5322 5321
f 5312 5321 5315
f 5315 5320 5317
f 5323 5402 5317
f 5317 5402 5346
f 2472 2490 2473
f 614 608 611
f 608 606 611
f 608 607 606
f 608 609 607
f 609 659 607
f 609 668 659
f 731 716 665
f 4185 4187 4186
f 3470 3473 3474
f 4180 4185 4186
f 3474 3473 3475
f 5376 5377 5375
f 5377 5385 5375
f 4143 4180 4182
f 1228 1227 1230
f 3475 3477 3481
f 3022 3023 3012
f 3481 3477 3482
f 5301 5310 5302
f 3481 3482 3484
f 3012 3013 3009
f 1233 1202 1229
f 4116 4115 4113
f 2309 2314 2301
f 5303 5359 5312
f 5312 5359 5322
f 2318 2322 2319
f 5321 5324 5315
f 5315 5324 5320
f 5415 5414 5416
f 5402 5331 5344
f 5330 5360 5342
f 5342 5360 5370
f 623 611 606
f 2657 2659 2665
f 606 607 604
f 607 602 604
f 3467 3470 3471
f 607 675 605
f 659 675 607
f 668 705 659
f 665 716 668
f 3473 3477 3475
f 5375 5385 5371
f 5371 5369 5310
f 3013 3017 3009
f 2323 2314 2309
f 1190 1191 1240
f 2301 2314 2308
f 1240 1191 1241
f 2316 2320 2318
f 2320 2321 2318
f 2318 2321 2322
f 5286 5287 5288
f 5320 5323 5317
f 5331 5402 5333
f 5330 5347 5360
f 4226 4227 4228
f 4228 4227 4229
f 1351 1341 1354
f 628 611 627
f 627 611 623
f 2649 2650 2651
f 2651 2650 2659
f 716 721 668
f 3470 3472 3473
f 5380 5378 5379
f 5378 5377 5376
f 5385 5369 5371
f 5369 5368 5310
f 5310 5368 5302
f 4113 4114 4105
f 5302 5368 5308
f 5308 5354 5303
f 5302 5308 5303
f 4564 4565 4566
f 5333 5332 5331
f 5118 5119 5120
f 667 662 630
f 662 628 630
f 630 628 627
f 623 606 625
f 625 606 616
f 606 604 616
f 616 604 600
f 604 602 600
f 602 601 600
f 2659 2677 2678
f 2659 2678 2665
f 602 603 601
f 602 605 603
f 605 612 603
f 675 712 605
f 605 679 612
f 3470 3469 3472
f 659 705 675
f 4185 4188 4187
f 4143 4142 4180
f 3477 3479 3482
f 4397 4399 4404
f 4397 4396 4399
f 4115 4117 4114
f 4115 4114 4113
f 5303 5354 5359
f 5323 5326 5402
f 5347 5356 5373
f 5373 5356 5401
f 66 65 67
f 630 627 660
f 660 627 631
f 1352 1340 1351
f 616 600 615
f 615 600 599
f 2649 2653 2650
f 600 587 599
f 2650 2660 2659
f 2659 2660 2677
f 600 601 587
f 612 664 603
f 605 712 679
f 675 705 712
f 721 715 705
f 668 721 705
f 4188 4189 4187
f 4180 4142 4185
f 4411 4397 4405
f 4105 4142 4143
f 4397 4404 4405
f 4405 4404 4414
f 4105 4124 4142
f 1197 1187 1188
f 4525 4554 4555
f 4555 4554 4552
f 4105 4114 4124
f 4525 4527 4554
f 4392 4396 4397
f 5354 5362 5359
f 4561 4560 4562
f 5359 5362 5322
f 5322 5362 5363
f 5407 5404 5406
f 5320 5325 5323
f 4396 4413 4399
f 5330 5332 5347
f 2449 2455 2454
f 111 115 114
f 631 625 672
f 1351 1340 1341
f 601 664 587
f 2678 2677 2679
f 601 603 664
f 1219 1221 1220
f 736 612 679
f 712 714 679
f 705 713 712
f 712 713 714
f 715 713 705
f 4423 4422 4421
f 4422 4403 4421
f 4421 4403 4411
f 4403 4397 4411
f 1188 1184 1182
f 4527 4553 4554
f 4395 4396 4392
f 4554 4553 4552
f 4553 4551 4552
f 4552 4551 4550
f 4551 4549 4550
f 4550 4549 4548
f 5362 5364 5363
f 5324 5372 5320
f 5408 5409 5410
f 4395 4413 4396
f 139 124 129
f 624 599 592
f 599 587 592
f 592 587 588
f 587 584 588
f 587 586 584
f 587 664 586
f 4781 4782 4783
f 2685 2679 2682
f 679 714 736
f 4425 4420 4423
f 1760 1762 1761
f 5198 5197 5199
f 5199 5197 5201
f 5274 5272 5273
f 4420 4422 4423
f 4422 4402 4403
f 4392 4397 4403
f 2871 2870 2855
f 2855 2836 2843
f 4685 4686 4687
f 2843 2836 2842
f 5362 5365 5364
f 5364 5365 5367
f 5404 5405 5406
f 5372 5325 5320
f 5410 5409 5411
f 4548 4549 4537
f 2852 2842 2840
f 4548 4537 4547
f 5347 5332 5356
f 4395 4390 4413
f 672 625 633
f 1352 1345 1340
f 588 583 592
f 588 584 583
f 2650 2653 2660
f 2660 2680 2677
f 4424 4416 4415
f 2677 2680 2679
f 2679 2680 2681
f 664 703 586
f 2679 2681 2682
f 664 612 703
f 2682 2681 2683
f 2683 2684 2686
f 4425 4418 4420
f 1218 1201 1185
f 5196 5197 5198
f 4420 4410 4422
f 715 721 722
f 1759 1760 1761
f 1752 1750 1751
f 715 722 713
f 1183 1235 1181
f 1753 1750 1752
f 1755 1753 1752
f 4402 4392 4403
f 2872 2870 2871
f 4117 4122 4121
f 4117 4121 4114
f 4392 4388 4395
f 2836 2831 2842
f 5362 5366 5365
f 5333 5343 5332
f 2842 2831 2840
f 4547 4537 4536
f 4537 4535 4536
f 5332 5345 5356
f 4388 4390 4395
f 4388 4387 4390
f 119 127 120
f 592 582 620
f 620 582 621
f 582 581 596
f 596 581 576
f 592 583 582
f 583 580 582
f 582 580 581
f 581 580 577
f 581 577 576
f 2653 2661 2660
f 583 584 580
f 2660 2661 2662
f 584 585 580
f 586 585 584
f 2681 2684 2683
f 736 734 612
f 1178 1201 1192
f 1201 1235 1185
f 1178 1235 1201
f 1751 1747 1757
f 1757 1747 1759
f 1185 1235 1183
f 4410 4402 4422
f 4410 4393 4402
f 4142 4127 4158
f 4124 4127 4142
f 4114 4123 4124
f 2855 2870 2836
f 5325 5326 5323
f 5409 5412 5411
f 5343 5345 5332
f 5345 5350 5356
f 4536 4535 4534
f 4534 4533 4532
f 2852 2840 2849
f 2840 2844 2849
f 4535 4533 4534
f 2849 2844 2854
f 596 576 595
f 595 576 593
f 576 575 593
f 1345 1339 1340
f 576 574 575
f 575 572 567
f 1340 1339 1321
f 577 574 576
f 574 572 575
f 577 578 574
f 580 579 577
f 579 578 577
f 580 585 579
f 586 704 585
f 586 703 704
f 4415 4408 4417
f 4417 4408 4418
f 4418 4419 4420
f 4419 4410 4420
f 1750 1747 1751
f 1753 1754 1750
f 1754 1758 1750
f 2873 2870 2872
f 1753 1755 1754
f 4158 4127 4170
f 1754 1756 1744
f 1754 1744 1758
f 4391 4392 4393
f 4393 4392 4402
f 4391 4388 4392
f 4114 4121 4123
f 5343 5348 5345
f 4204 4205 4206
f 2831 2839 2840
f 4532 4531 4528
f 4394 4385 4388
f 2844 2847 2856
f 2854 2844 2856
f 4533 4531 4532
f 4385 4387 4388
f 4385 4386 4387
f 666 595 593
f 593 575 598
f 575 567 598
f 563 564 589
f 572 568 567
f 574 573 572
f 573 571 572
f 571 568 572
f 574 578 573
f 579 682 578
f 2661 2663 2662
f 4416 4412 4415
f 2662 2663 2664
f 703 732 704
f 4412 4408 4415
f 4408 4407 4418
f 4407 4419 4418
f 1760 1763 1762
f 4419 4407 4410
f 1750 1743 1747
f 2879 2877 2878
f 2878 2877 2873
f 4127 4134 4170
f 4124 4125 4127
f 1756 1749 1744
f 1743 1744 1745
f 4123 4125 4124
f 4391 4394 4388
f 2836 2835 2833
f 5345 5348 5349
f 5345 5349 5350
f 5350 5349 5351
f 2829 2828 2831
f 4531 4529 4528
f 4528 4529 4530
f 2840 2839 2841
f 2840 2841 2844
f 2856 2847 2858
f 2847 2850 2858
f 121 120 122
f 591 589 618
f 589 594 618
f 613 590 591
f 598 567 597
f 597 567 590
f 567 565 590
f 590 565 591
f 591 565 563
f 591 563 589
f 589 564 594
f 567 566 565
f 567 568 566
f 566 559 565
f 565 559 563
f 1339 1316 1321
f 559 678 560
f 559 560 561
f 571 570 568
f 578 702 573
f 682 702 578
f 585 704 682
f 704 719 682
f 4412 4409 4408
f 1760 1764 1763
f 4407 4400 4410
f 4400 4393 4410
f 1743 1746 1747
f 4400 4398 4391
f 4400 4391 4393
f 2873 2875 2870
f 1743 1745 1746
f 4125 4129 4127
f 4127 4129 4134
f 1745 1748 1746
f 4123 4126 4125
f 2870 2837 2836
f 4538 4529 4539
f 2831 2832 2839
f 4530 4529 4538
f 4529 4540 4539
f 2858 2850 2853
f 2674 2675 2676
f 2844 2846 2847
f 2847 2848 2850
f 4389 4386 4385
f 156 152 168
f 634 598 635
f 626 598 597
f 626 635 598
f 597 590 626
f 626 590 629
f 629 590 613
f 613 591 622
f 622 591 618
f 618 594 632
f 125 124 130
f 1338 1339 1345
f 564 561 643
f 564 643 637
f 561 562 643
f 568 569 566
f 566 569 559
f 560 562 561
f 568 570 569
f 559 569 678
f 710 711 570
f 711 569 570
f 560 706 562
f 573 702 571
f 571 700 570
f 702 700 571
f 719 728 682
f 2663 2666 2664
f 732 719 704
f 2664 2666 2667
f 2668 2669 2667
f 4409 4406 4408
f 4408 4406 4407
f 4406 4400 4407
f 1720 1721 1727
f 2879 2880 2877
f 1747 1765 1760
f 2877 2875 2873
f 2875 2874 2870
f 5421 5422 5423
f 4194 4134 4193
f 5430 5424 5421
f 4122 4138 4137
f 4122 4137 4121
f 2874 2837 2870
f 5349 5352 5351
f 4198 4138 4122
f 4398 4394 4391
f 4541 4546 4556
f 2672 2673 2674
f 2828 2832 2831
f 4539 4540 4541
f 4541 4540 4542
f 2841 2845 2844
f 2853 2857 2862
f 2845 2846 2844
f 2847 2846 2848
f 2848 2851 2850
f 2850 2851 2853
f 647 649 653
f 647 645 648
f 647 648 649
f 648 650 649
f 632 594 652
f 645 651 648
f 648 651 650
f 636 637 638
f 638 637 639
f 637 643 639
f 569 720 678
f 678 720 560
f 560 720 706
f 570 700 710
f 702 735 700
f 2666 2668 2667
f 2669 2668 2670
f 2880 2875 2877
f 4406 4401 4400
f 4401 4398 4400
f 4129 4132 4134
f 5423 5431 5436
f 5421 5424 5422
f 4126 4128 4125
f 2835 2837 2830
f 2830 2834 2828
f 2673 2675 2674
f 2828 2834 2832
f 4546 4541 4543
f 4546 4543 4545
f 2832 2838 2839
f 4543 4544 4545
f 1786 1788 1798
f 4542 4544 4543
f 1798 1788 1799
f 1788 1793 1799
f 2841 2864 2845
f 2851 2857 2853
f 2839 2869 2865
f 2839 2865 2841
f 646 647 653
f 644 645 646
f 646 645 647
f 652 636 638
f 645 641 654
f 645 654 651
f 638 639 640
f 1338 1316 1339
f 643 656 639
f 643 681 656
f 720 743 706
f 700 737 710
f 682 728 726
f 1771 1772 1773
f 1765 1767 1764
f 2668 2671 2670
f 5422 5431 5423
f 4121 4137 4123
f 4132 4165 4134
f 2670 2671 2672
f 4134 4165 4193
f 2874 2868 2837
f 4556 4546 4557
f 2837 2868 2866
f 2837 2866 2830
f 5193 5194 5195
f 2866 2860 2834
f 2869 2863 2865
f 2865 2863 2864
f 1800 1796 1797
f 1797 1796 1795
f 1795 1796 1794
f 1795 1794 1790
f 1790 1787 1786
f 655 638 642
f 642 640 644
f 642 638 640
f 640 641 645
f 640 639 641
f 641 658 654
f 654 674 651
f 674 680 651
f 656 657 639
f 639 657 641
f 657 658 641
f 656 673 657
f 681 676 656
f 711 740 569
f 569 740 741
f 569 741 720
f 741 743 720
f 725 724 706
f 743 742 706
f 1350 1317 1349
f 1350 1349 1370
f 726 727 702
f 702 727 735
f 1773 1774 1775
f 1769 1770 1763
f 4872 4869 4870
f 4869 4868 4870
f 1766 1769 1763
f 4870 4868 4871
f 1767 1766 1764
f 2880 2881 2875
f 4137 4136 4123
f 4123 4136 4126
f 5349 5353 5352
f 2868 2867 2866
f 2866 2867 2860
f 2834 2860 2832
f 2832 2859 2838
f 2860 2859 2832
f 2864 2863 2845
f 2845 2861 2846
f 1786 1787 1788
f 1788 1789 1793
f 1796 1802 1794
f 1794 1792 1790
f 1790 1792 1791
f 1790 1791 1787
f 1787 1789 1788
f 671 642 670
f 670 642 644
f 655 642 671
f 131 132 133
f 131 126 125
f 699 692 654
f 654 658 699
f 657 663 658
f 656 676 673
f 657 673 663
f 1316 1315 1317
f 681 724 676
f 706 724 681
f 1317 1315 1349
f 710 737 711
f 706 742 725
f 700 735 737
f 1349 1371 1370
f 1775 1776 1777
f 1777 1776 1778
f 1770 1772 1771
f 1773 1772 1774
f 1370 1371 1377
f 2875 2881 2876
f 1765 1768 1767
f 2875 2876 2874
f 4126 4136 4128
f 5435 5426 5424
f 4128 4129 4125
f 2876 2884 2874
f 2874 2884 2868
f 2186 2184 2202
f 3302 3290 3297
f 2845 2863 2861
f 1800 1802 1796
f 1803 1789 1787
f 1802 1801 1794
f 1791 1803 1787
f 1791 1804 1803
f 1801 1792 1794
f 2542 2562 2544
f 654 692 674
f 674 707 680
f 1316 1313 1315
f 724 723 676
f 4877 4874 4876
f 711 737 740
f 4876 4890 4893
f 1775 1774 1776
f 4869 4861 4868
f 5431 5422 5446
f 3266 3268 3312
f 3285 3290 3302
f 3312 3285 3302
f 3267 3265 3266
f 3290 3292 3297
f 2186 2187 2183
f 2198 2195 2197
f 2188 2182 2187
f 2188 2187 2196
f 2196 2187 2186
f 2197 2191 2190
f 674 692 707
f 676 723 718
f 676 718 673
f 673 698 663
f 1315 1344 1349
f 5114 5115 5116
f 5115 5117 5116
f 1778 1782 1783
f 1349 1344 1371
f 1344 1375 1371
f 1376 1377 1371
f 1371 1375 1376
f 4869 4859 4861
f 4859 4869 4872
f 4867 4871 4868
f 5452 5453 5455
f 2881 2882 2876
f 5446 5429 5450
f 5446 5450 5452
f 4138 4145 4137
f 5422 5429 5446
f 4138 4156 4145
f 5424 5425 5422
f 4136 4139 4128
f 4129 4131 4132
f 4128 4130 4129
f 4132 4135 4165
f 3312 3268 3285
f 3265 3264 3266
f 3266 3264 3268
f 2191 2194 2193
f 3292 3293 3297
f 3297 3293 3304
f 2189 2193 2182
f 2195 2191 2197
f 2542 2604 2562
f 2562 2604 2611
f 5985 5984 5982
f 6032 6033 6034
f 2562 2547 2544
f 692 691 707
f 1313 1314 1315
f 4874 4875 4876
f 724 747 723
f 723 746 718
f 718 698 673
f 4876 4875 4890
f 724 753 747
f 698 677 663
f 663 677 658
f 737 751 740
f 751 752 740
f 1778 1781 1782
f 1774 1779 1776
f 1772 1780 1774
f 1780 1779 1774
f 1784 1780 1770
f 5455 5453 5456
f 4137 4145 4136
f 5425 5429 5422
f 2882 2885 2876
f 4157 4145 4156
f 5424 5426 5425
f 5448 5427 5426
f 4135 4196 4165
f 2876 2886 2884
f 3317 3277 3276
f 3205 3265 3267
f 2181 2179 2178
f 3293 3299 3305
f 5927 5928 5926
f 1320 1319 1313
f 1313 1318 1314
f 747 746 723
f 718 729 698
f 658 683 699
f 658 677 683
f 1776 1781 1778
f 1779 1781 1776
f 1770 1785 1784
f 5457 5456 5458
f 5455 5456 5457
f 4861 4867 4868
f 5452 5451 5453
f 4867 4873 4871
f 5450 5451 5452
f 2881 2883 2882
f 5426 5427 5425
f 2876 2885 2886
f 4139 4130 4128
f 4131 4133 4132
f 4133 4135 4132
f 4130 4161 4131
f 3280 3254 3277
f 3277 3205 3276
f 3264 3262 3285
f 2181 2203 2179
f 3293 3291 3294
f 3293 3294 3299
f 2181 2185 2157
f 2194 2156 2193
f 2193 2156 2185
f 6008 6002 6014
f 1313 1319 1318
f 692 699 683
f 683 691 692
f 4875 4889 4890
f 4902 4960 4884
f 4900 4901 4902
f 729 697 698
f 698 697 677
f 4858 4862 4860
f 5425 5428 5429
f 4139 4183 4130
f 3255 3254 3280
f 2335 2337 2339
f 4130 4162 4161
f 2112 2111 2118
f 2118 2111 2119
f 3265 3263 3264
f 2179 2164 2180
f 2338 2337 2336
f 2117 2116 2114
f 2114 2116 2113
f 2115 2113 2116
f 2203 2163 2179
f 2157 2163 2203
f 2181 2157 2203
f 5131 5134 5135
f 2194 2158 2156
f 5953 5951 5949
f 2597 2547 2563
f 1318 1322 1314
f 4875 4880 4889
f 4890 4889 4885
f 4885 4886 4887
f 4902 4959 4960
f 4884 4960 4883
f 4884 4883 4882
f 683 687 691
f 4862 4863 4860
f 697 684 677
f 677 684 683
f 4897 4899 4900
f 4895 4896 4897
f 4861 4866 4867
f 5451 5454 5453
f 4867 4866 4873
f 4145 4167 4136
f 5428 5445 5429
f 3282 3252 3255
f 5432 5428 5427
f 5427 5428 5425
f 3255 3253 3254
f 2108 2109 2110
f 2110 2109 2111
f 2110 2111 2112
f 3264 3263 3262
f 2114 2113 2108
f 2108 2113 2109
f 3262 3286 3285
f 2330 2336 2337
f 2115 2109 2113
f 5129 5130 5131
f 2330 2328 2336
f 2157 2162 2163
f 5131 5130 5134
f 2138 2157 2185
f 5164 5165 5166
f 2597 2570 2547
f 3405 3401 3403
f 5164 5167 5165
f 1347 1328 1346
f 5917 5918 5914
f 1346 1328 1327
f 2549 2550 2545
f 4875 4879 4880
f 4874 4881 4879
f 1314 1322 1324
f 4889 4888 4885
f 4885 4888 4886
f 4886 4891 4887
f 4901 4959 4902
f 4960 4949 4883
f 4887 4891 4892
f 755 748 718
f 718 748 729
f 683 685 687
f 4899 4901 4900
f 729 745 730
f 729 730 697
f 4863 4864 4860
f 683 684 685
f 4860 4864 4861
f 4897 4896 4899
f 697 730 696
f 697 696 684
f 685 688 687
f 688 689 687
f 685 686 688
f 4861 4865 4866
f 688 690 689
f 5453 5454 5456
f 5451 5461 5454
f 4989 4988 4987
f 5447 5451 5450
f 4991 4983 4984
f 5445 5447 5429
f 4136 4167 4139
f 4167 4183 4139
f 2326 2330 2335
f 1735 1736 1737
f 2330 2326 2328
f 1741 1739 1740
f 1740 1739 1735
f 2158 2151 2156
f 3401 3402 3403
f 3403 3402 3404
f 4880 4970 4889
f 748 745 729
f 745 750 730
f 4898 4896 4895
f 4864 4865 4861
f 730 738 696
f 684 686 685
f 5456 5459 5460
f 5456 5454 5459
f 696 693 684
f 684 693 686
f 4986 4982 4983
f 688 686 690
f 3269 3249 3252
f 5447 5462 5451
f 686 694 690
f 3203 3250 3256
f 4167 4184 4183
f 3204 3260 3262
f 3262 3300 3286
f 1737 1738 1742
f 3291 3296 3294
f 3294 3296 3298
f 1736 1738 1737
f 2326 2327 2328
f 1739 1736 1735
f 2138 2150 2157
f 2157 2150 2149
f 2157 2149 2162
f 2156 2151 2139
f 5997 6015 5996
f 4879 4950 4954
f 4959 4936 4960
f 4881 4950 4879
f 4888 4973 4886
f 4881 4883 4950
f 2005 2003 2002
f 2002 1994 1993
f 3284 3306 3281
f 3281 3249 3269
f 5451 5462 5461
f 3249 3250 3252
f 686 695 694
f 3204 3256 3260
f 3256 3259 3260
f 2126 2128 2122
f 3260 3300 3262
f 2326 2331 2327
f 3300 3295 3286
f 3295 3296 3291
f 3286 3295 3291
f 5132 5130 5129
f 2327 2329 2328
f 2151 2140 2139
f 4740 4721 4739
f 432 426 557
f 4739 4721 4714
f 4721 4716 4714
f 4716 4713 4714
f 1328 1323 1327
f 1318 1323 1322
f 4960 4936 4949
f 4954 4970 4880
f 4935 4936 4959
f 4886 4973 4976
f 1324 1326 1325
f 5919 5904 5967
f 1994 1987 1993
f 1993 1987 1992
f 1325 1326 1365
f 3693 3712 3697
f 3307 3251 3306
f 1699 1695 1688
f 750 749 730
f 730 749 738
f 4961 4921 4958
f 738 739 696
f 696 739 701
f 696 701 693
f 5447 5440 5462
f 693 701 686
f 2334 2331 2333
f 2161 2152 2160
f 5132 5133 5130
f 2137 2140 2141
f 2160 2152 2151
f 2327 2332 2329
f 3654 3634 3645
f 5915 5913 5914
f 4953 4970 4954
f 1323 1332 1333
f 4926 4928 4896
f 4896 4930 4899
f 1675 1686 1673
f 4923 4926 4924
f 1992 1987 1982
f 1992 1982 1981
f 1700 1695 1699
f 3712 3683 3697
f 3315 3279 3314
f 3251 3246 3306
f 738 749 739
f 3246 3249 3281
f 4906 4909 4910
f 3273 3272 3274
f 701 695 686
f 2129 2173 2122
f 5132 5136 5133
f 2154 2147 2155
f 2331 2332 2327
f 4739 4714 4706
f 3718 3677 3678
f 4714 4713 4712
f 1328 1329 1323
f 4953 4969 4970
f 4712 4707 4717
f 5919 5903 5904
f 1674 1673 1672
f 1994 1990 1987
f 3308 3247 3251
f 3251 3247 3246
f 1688 1686 1675
f 1982 1970 1981
f 1688 1695 1686
f 3246 3245 3243
f 3279 3289 3314
f 701 739 744
f 2131 2132 2128
f 701 709 695
f 709 708 695
f 708 694 695
f 1328 1330 1329
f 4715 4712 4717
f 4970 4969 4971
f 5913 5898 5903
f 5912 5906 5908
f 4928 4938 4939
f 1672 1669 1670
f 3247 3245 3246
f 1686 1671 1673
f 3243 3242 3279
f 3279 3242 3289
f 2175 2174 2176
f 1981 1970 1969
f 5283 5284 5285
f 5292 5293 5294
f 1969 1966 1978
f 1978 1966 1976
f 2129 2169 2173
f 1978 1976 1977
f 701 744 717
f 701 717 709
f 708 733 694
f 4955 4969 4953
f 4717 4707 4719
f 4707 4709 4719
f 1323 1329 1332
f 1681 1670 1667
f 3661 3663 3714
f 5898 5900 5903
f 1990 1991 1984
f 1672 1671 1669
f 1990 1984 1987
f 1987 1984 1982
f 4922 4925 4929
f 3314 3287 3316
f 4914 4917 4922
f 3245 3241 3243
f 4909 4914 4920
f 5151 5150 5152
f 1970 1967 1969
f 1969 1967 1966
f 4715 4717 4718
f 1681 1667 1680
f 1680 1667 1666
f 1670 1669 1667
f 3248 3197 3181
f 3660 3664 3667
f 1686 1684 1671
f 4922 4917 4925
f 3248 3241 3245
f 1695 1684 1686
f 3289 3287 3314
f 3096 3090 3094
f 1982 1971 1970
f 1967 1964 1966
f 1977 1975 2004
f 3062 3057 3060
f 3060 3057 3049
f 3060 3049 3061
f 3061 3049 3059
f 4759 4715 4723
f 4715 4718 4723
f 4718 4717 4719
f 4719 4709 4724
f 4709 4725 4724
f 1331 1335 1332
f 1329 1331 1332
f 1669 1668 1667
f 3987 3988 3989
f 5899 5901 5900
f 4917 4919 4925
f 4919 4963 4925
f 3991 3990 3988
f 1984 1983 1982
f 3248 3181 3241
f 3106 3107 3108
f 3243 3241 3242
f 3242 3244 3289
f 3090 3075 3094
f 3094 3075 3095
f 1982 1968 1971
f 1971 1968 1964
f 1966 1972 1976
f 1976 1972 1977
f 1977 1972 1975
f 3049 3058 3059
f 4718 4719 4720
f 4724 4725 4727
f 1667 1662 1666
f 1671 1668 1669
f 3102 3099 3098
f 1683 1668 1671
f 4916 4919 4917
f 1671 1684 1683
f 3287 3238 3316
f 3316 3238 3313
f 4912 4964 4915
f 1983 1968 1982
f 3106 3104 3107
f 3090 3086 3075
f 4918 4965 4912
f 1964 1965 1966
f 2610 2609 2603
f 2610 2603 2592
f 1362 1363 1348
f 4720 4726 4728
f 4720 4755 4726
f 4726 4724 4728
f 4724 4727 4728
f 1662 1664 1665
f 1665 1664 1689
f 2000 1988 1998
f 1668 1662 1667
f 1310 1311 1302
f 1311 1312 1302
f 3100 3097 3099
f 3097 3098 3099
f 3078 3093 3092
f 3074 3078 3091
f 4965 4964 4912
f 3086 3080 3075
f 1965 1972 1966
f 3177 3176 3179
f 4730 4727 4732
f 520 518 510
f 1664 1677 1689
f 1689 1677 1696
f 1302 1291 1310
f 1302 1300 1291
f 1300 1294 1291
f 1668 1682 1662
f 3100 3101 3097
f 1300 1309 1294
f 1299 1292 1305
f 1299 1298 1295
f 1295 1298 1297
f 3240 3239 3244
f 3244 3239 3287
f 3287 3239 3238
f 3238 3235 3313
f 3313 3235 3303
f 1307 1306 1305
f 1305 1306 1299
f 3081 3068 3072
f 3074 3066 3078
f 3078 3066 3068
f 3074 3075 3071
f 3074 3071 3066
f 3086 3076 3080
f 3076 3071 3075
f 3080 3076 3075
f 3076 3079 3071
f 1964 1968 1965
f 1972 1974 1975
f 1975 1974 1986
f 3062 3056 3057
f 3057 3056 3049
f 3049 3050 3051
f 3051 3054 3058
f 3049 3051 3058
f 3177 3171 3176
f 4732 4736 4733
f 1677 1685 1696
f 1696 1694 1697
f 1291 1293 1303
f 1308 1293 1301
f 1301 1293 1296
f 1291 1292 1293
f 1292 1295 1293
f 1293 1295 1296
f 1291 1294 1292
f 1295 1297 1296
f 3097 3101 3103
f 2827 2824 2823
f 3240 3180 3239
f 3239 3183 3238
f 3238 3183 3235
f 3097 3103 3104
f 3068 3069 3072
f 3072 3069 3073
f 3072 3073 3077
f 3069 3089 3073
f 3066 3067 3068
f 3068 3067 3069
f 3067 3084 3069
f 1988 1980 1968
f 3103 3105 3104
f 3070 3083 3067
f 1980 1965 1968
f 3086 3088 3076
f 3071 3079 3070
f 3071 3070 3066
f 3066 3070 3067
f 1965 1973 1972
f 4730 4732 4731
f 4731 4732 4733
f 3176 3170 3174
f 1676 1677 1664
f 1685 1694 1696
f 1662 1663 1664
f 1662 1682 1663
f 3239 3182 3183
f 1668 1683 1682
f 3067 3083 3084
f 3076 3088 3079
f 3070 3082 3083
f 3082 3070 3079
f 1972 1973 1974
f 4733 4737 4735
f 4737 4738 4735
f 1676 1678 1677
f 1697 1694 1698
f 3233 3232 3235
f 3235 3237 3303
f 1997 1980 1988
f 3088 3087 3079
f 3087 3085 3079
f 421 412 422
f 3079 3085 3082
f 1980 1979 1965
f 1974 1996 1986
f 3051 3052 3054
f 3054 3052 3055
f 4731 4733 4734
f 4734 4733 4735
f 1677 1678 1685
f 990 986 989
f 3173 3232 3233
f 1682 1679 1663
f 1679 1676 1663
f 518 517 512
f 3235 3232 3237
f 517 515 512
f 5256 5257 5258
f 3545 3546 3547
f 3545 3549 3548
f 3545 3548 3546
f 3546 3548 3561
f 1980 1989 1979
f 2623 2622 2613
f 2622 2618 2613
f 1965 1979 1973
f 3194 3184 3163
f 3184 3185 3173
f 1701 1687 1678
f 1678 1687 1685
f 1687 1693 1685
f 1685 1693 1694
f 3173 3185 3232
f 4799 4802 4800
f 990 978 986
f 986 978 982
f 3232 3231 3237
f 1949 1948 1942
f 3303 3237 3288
f 1683 1692 1682
f 515 514 512
f 1997 1989 1980
f 3545 3550 3549
f 2016 2017 2024
f 2632 2612 2615
f 3561 3548 3560
f 2612 2613 2614
f 2612 2614 2615
f 3558 3548 3556
f 3548 3558 3560
f 2613 2617 2614
f 2613 2618 2617
f 3556 3559 3558
f 2622 2624 2618
f 1921 1924 1957
f 4738 4742 4741
f 4735 4738 4741
f 979 980 978
f 989 986 981
f 986 982 981
f 4799 4800 4801
f 1679 1690 1676
f 1678 1676 1690
f 1678 1690 1691
f 3237 3231 3230
f 3237 3230 3288
f 2630 2621 2631
f 2020 2025 2009
f 3514 3529 3530
f 2630 2615 2621
f 2621 2615 2619
f 3563 3554 3557
f 3557 3545 3563
f 3563 3545 3564
f 3557 3550 3545
f 3549 3556 3548
f 2615 2614 2616
f 2615 2616 2619
f 3556 3549 3555
f 2617 2620 2614
f 1926 1922 1925
f 1925 1922 1921
f 1924 1961 1957
f 1957 1961 1962
f 2617 2629 2620
f 2629 2628 2620
f 1921 1922 1923
f 1921 1923 1924
f 1979 1989 1985
f 4742 4743 4741
f 981 973 976
f 977 970 968
f 4851 4852 4853
f 978 968 967
f 978 967 971
f 978 971 982
f 981 982 973
f 1950 1947 1948
f 1948 1947 1942
f 1942 1939 1941
f 967 968 969
f 983 969 970
f 983 991 969
f 970 969 968
f 3557 3554 3550
f 3550 3551 3549
f 3549 3551 3555
f 1961 1963 1962
f 3231 3192 3230
f 982 971 973
f 1942 1943 1939
f 969 971 967
f 1941 1939 1940
f 969 972 971
f 1960 1940 1944
f 1940 1933 1944
f 969 987 972
f 3514 3509 3523
f 3563 3562 3554
f 3514 3523 3529
f 3449 3455 3447
f 3554 3552 3550
f 2625 2616 2627
f 2616 2628 2627
f 1922 1927 1952
f 1922 1952 1923
f 1956 1959 1961
f 1939 1933 1940
f 971 972 973
f 3450 3443 3447
f 972 974 973
f 973 974 975
f 987 988 972
f 3562 3552 3554
f 3552 3553 3551
f 3552 3551 3550
f 1953 1954 1955
f 1955 1954 1956
f 1928 1927 1926
f 1926 1927 1922
f 3186 3189 3192
f 4773 4774 4775
f 2378 2386 2387
f 3192 3193 3230
f 3230 3193 3229
f 2378 2380 2386
f 4319 4320 4321
f 3234 3209 3206
f 4319 4316 4318
f 4319 4318 4320
f 4743 4745 4744
f 2380 2381 2386
f 2380 2379 2381
f 4316 4317 4318
f 976 973 975
f 4743 4746 4745
f 2381 2379 2388
f 3509 3522 3523
f 1933 1932 1944
f 972 988 985
f 972 985 974
f 1929 1927 1928
f 3441 3425 3427
f 1927 1934 1953
f 1954 1958 1956
f 1958 1959 1956
f 1959 1958 1936
f 1959 1936 1961
f 1961 1936 1963
f 3437 3436 3438
f 3438 3436 3439
f 2387 2383 2378
f 2378 2379 2380
f 1943 1945 1939
f 1945 1938 1939
f 4745 4746 4747
f 1939 1938 1933
f 1938 1937 1933
f 3451 3444 3443
f 1932 1933 1931
f 1932 1931 1929
f 4758 4761 4754
f 3523 3521 3524
f 1929 1930 1927
f 1927 1930 1934
f 1934 1958 1954
f 1953 1934 1954
f 4241 4237 4242
f 5262 5261 5260
f 2378 2383 2382
f 3565 3567 3568
f 2378 2382 2379
f 3206 3208 3225
f 2379 2389 2388
f 1933 1937 1931
f 4747 4758 4754
f 3435 3429 3441
f 3441 3429 3425
f 1934 1936 1958
f 4446 4445 4442
f 2383 2385 2384
f 2383 2384 2382
f 3565 3566 3567
f 3567 3570 3568
f 4753 4745 4749
f 4356 4355 4354
f 4357 4356 4354
f 4745 4748 4749
f 3531 3516 3515
f 3451 3452 3444
f 4748 4747 4754
f 3515 3521 3522
f 3462 3453 3459
f 1931 1930 1929
f 3429 3428 3425
f 3425 3428 3426
f 1930 1935 1934
f 1934 1935 1936
f 3437 3434 3436
f 4442 4443 4444
f 3225 3208 3211
f 3211 3226 3225
f 4748 4754 4752
f 3520 3521 3515
f 4754 4756 4752
f 1937 1951 1931
f 1931 1951 1930
f 3435 3431 3429
f 1935 1946 1936
f 1137 1164 1147
f 3569 3567 3566
f 3574 3569 3566
f 4748 4751 4750
f 4750 4751 4764
f 3515 3516 3517
f 3517 3519 3515
f 3575 3569 3574
f 4748 4752 4751
f 3226 3211 3223
f 3236 3222 3278
f 3527 3526 3517
f 3519 3520 3515
f 3465 3453 3462
f 3236 3223 3217
f 3236 3217 3222
f 3569 3573 3571
f 3465 3458 3453
f 3218 3221 3222
f 4310 4309 4308
f 5890 5891 5892
f 4311 4312 4313
f 2808 2816 2813
f 5185 5184 5186
f 2818 2816 2817
f 5183 5184 5185
f 4295 4298 4299
f 2817 2816 2808
f 4314 4311 4313
f 3757 3761 3760
f 3757 3760 3759
f 5878 5881 5879
f 5879 5881 5883
f 4281 4282 4283
f 3750 3751 3752
f 2805 2806 2809
f 5158 5159 5157
f 5263 5264 5265
f 2801 2806 2805
f 2800 2808 2813
f 2813 2801 2800
f 4288 4289 4290
f 3761 3762 3760
f 5886 5884 5882
f 5882 5884 5881
f 5882 5881 5878
f 4283 4282 4284
f 5877 5878 5879
f 2805 2809 2810
f 3333 3334 3332
f 2796 2801 2805
f 4277 4280 4278
f 4277 4278 4279
f 2800 2801 2796
f 2799 2800 2796
f 2799 2796 2795
f 2796 2798 2797
f 2795 2796 2797
f 2808 2800 2807
f 2807 2800 2799
f 2811 2810 2809
f 5155 5158 5157
f 5155 5157 5156
f 5157 5160 5156
f 3416 3415 3413
f 5888 5887 5882
f 5889 5882 5880
f 5882 5878 5880
f 5880 5878 5877
f 5657 5661 5677
f 3417 3422 3419
f 2811 2809 2812
f 3146 3139 3159
f 4678 4679 4680
f 3331 3332 3330
f 2802 2799 2795
f 2795 2797 2802
f 2802 2797 2803
f 4818 4815 4817
f 5889 5888 5882
f 3415 3418 3407
f 4488 4489 4490
f 3418 3417 3407
f 3407 3417 3409
f 3749 3755 3754
f 3417 3419 3409
f 3159 3139 3138
f 5154 5155 5156
f 3138 3139 3140
f 3331 3330 3327
f 2804 2802 2803
f 3413 3415 3407
f 5179 5180 5181
f 2814 2811 2812
f 5154 5156 5161
f 5161 5156 5163
f 2091 2094 2095
f 3413 3407 3411
f 3407 3409 3408
f 3409 3419 3414
f 3414 3419 3420
f 2815 2814 2812
f 2949 2956 2954
f 3138 3140 3142
f 2924 2935 2928
f 4514 4515 4511
f 3410 3411 3407
f 3410 3407 3406
f 3406 3407 3408
f 3408 3409 3414
f 3414 3420 3421
f 3421 3420 3423
f 3159 3138 3154
f 5162 5154 5161
f 4516 4517 4518
f 3327 3328 3335
f 4511 4513 4514
f 4511 4515 4512
f 3412 3411 3410
f 2078 2080 2106
f 2078 2106 2107
f 2945 2923 2929
f 2819 2812 2820
f 2949 2954 2921
f 2953 2949 2921
f 2092 2090 2088
f 3143 3138 3142
f 3143 3142 3144
f 4510 4513 4511
f 4510 4511 4512
f 2084 2072 2083
f 2074 2077 2076
f 3157 3155 3158
f 4581 4587 4618
f 4588 4579 4574
f 4222 4221 4224
f 4224 4221 4225
f 2945 2929 2918
f 2925 2923 2945
f 2948 2949 2926
f 3147 3154 3138
f 2926 2949 2953
f 3150 3151 3152
f 4588 4574 4617
f 4617 4574 4615
f 4220 4221 4222
f 4615 4574 4572
f 4572 4573 4614
f 4615 4572 4614
f 5670 5680 5692
f 4573 4576 4603
f 2259 2260 2257
f 4582 4583 4597
f 2901 2899 2902
f 2942 2925 2945
f 2103 2096 2092
f 2931 2948 2926
f 2092 2088 2098
f 3326 3329 3328
f 2102 2088 2097
f 3147 3143 3148
f 3148 3149 3150
f 1632 1633 1629
f 3156 3152 3155
f 3809 3806 3801
f 3796 3806 3793
f 4366 4365 4367
f 4605 4603 4612
f 2259 2257 2256
f 2256 2257 2255
f 2942 2945 2915
f 2945 2918 2915
f 2103 2092 2101
f 3162 3154 3161
f 3161 3154 3147
f 2932 2943 2931
f 2098 2088 2102
f 5277 5276 5278
f 5278 5276 5279
f 1628 1632 1629
f 3810 3809 3808
f 3801 3808 3809
f 3801 3806 3796
f 3801 3796 3795
f 3795 3796 3793
f 3793 3791 3792
f 3795 3793 3792
f 3792 3791 3790
f 3790 3791 3789
f 4502 4506 4503
f 2972 2967 2971
f 4613 4604 4611
f 4604 4606 4611
f 2256 2255 2254
f 2254 2255 2248
f 2255 2261 2248
f 2896 2892 2891
f 5686 5684 5685
f 6096 6100 6097
f 3866 3865 3850
f 3850 3865 3851
f 2933 2934 2946
f 2946 2934 2947
f 3851 3865 3852
f 2934 2927 2947
f 2927 2942 2917
f 2917 2942 2915
f 2101 2092 2099
f 1626 1631 1625
f 1625 1631 1628
f 1627 1625 1628
f 3937 3934 3905
f 1627 1628 1629
f 3807 3810 3808
f 3808 3801 3807
f 3807 3801 3795
f 2971 2967 2960
f 2960 2967 2958
f 2254 2248 2253
f 2248 2261 2249
f 4382 4370 4369
f 4369 4370 4371
f 2891 2892 2890
f 6096 6097 6098
f 6098 6097 6099
f 6099 6097 6102
f 3851 3852 3849
f 2947 2927 2920
f 2920 2927 2917
f 2920 2917 2919
f 2944 2943 2932
f 2099 2098 2100
f 1624 1626 1625
f 1624 1625 1622
f 3811 3812 3810
f 3811 3810 3807
f 3807 3795 3802
f 3802 3795 3792
f 3786 3783 3782
f 4498 4499 4500
f 2960 2958 2957
f 2687 2689 2691
f 1568 1565 1567
f 1565 1566 1567
f 1567 1566 1569
f 1566 1606 1569
f 3038 3039 3037
f 2253 2248 2247
f 2247 2248 2249
f 2249 2261 2258
f 1570 1567 1569
f 1810 1809 1821
f 1821 1809 1805
f 4381 4382 4369
f 4381 4369 4379
f 4379 4369 4371
f 4379 4371 4378
f 6107 6108 6104
f 6103 6107 6104
f 6103 6104 6105
f 2952 2933 2946
f 3861 3863 3831
f 3836 3864 3850
f 3836 3850 3849
f 3850 3851 3849
f 3834 3864 3836
f 3849 3852 3842
f 3840 3849 3842
f 1889 1890 1888
f 1616 1624 1622
f 3904 3918 3905
f 3802 3792 3800
f 3800 3792 3799
f 3799 3792 3790
f 3799 3790 3786
f 3794 3786 3782
f 3371 3372 3363
f 3371 3363 3370
f 2958 2962 2961
f 4610 4609 4619
f 2961 2962 2963
f 3371 3370 3374
f 1565 1542 1554
f 1565 1554 1566
f 1620 1542 1565
f 5605 5600 5599
f 2695 2689 2690
f 3722 3733 3730
f 3730 3729 3723
f 3038 3037 3036
f 3972 3973 3974
f 2951 2933 2952
f 3831 3863 3834
f 3834 3836 3835
f 3836 3849 3840
f 3838 3836 3840
f 1883 1889 1888
f 3840 3842 3841
f 3842 3843 3841
f 3841 3843 3844
f 1622 1621 1563
f 1563 1621 1610
f 3932 3930 3933
f 3933 3930 3931
f 1610 1621 1609
f 1610 1609 1547
f 3802 3800 3803
f 3799 3786 3794
f 3794 3782 3787
f 1533 1609 1536
f 3782 3779 3778
f 3370 3363 3359
f 1539 1559 1554
f 1542 1539 1554
f 2957 2958 2959
f 2959 2958 2961
f 1554 1559 1564
f 5600 5603 5597
f 4619 4609 4620
f 3370 3359 3366
f 3366 3359 3361
f 5600 5597 5599
f 1541 1542 1620
f 3366 3361 3367
f 1541 1620 1543
f 1543 1620 1568
f 3724 3733 3722
f 2249 2258 2251
f 2251 2258 2262
f 3722 3730 3723
f 3036 3037 3035
f 3973 3985 3980
f 3836 3838 3835
f 1884 1883 1888
f 1630 1626 1624
f 1630 1624 1617
f 1617 1624 1616
f 1563 1610 1552
f 4665 4646 4639
f 3378 3379 3343
f 1547 1609 1533
f 1540 1535 1562
f 1540 1562 1545
f 1545 1562 1561
f 3782 3778 3787
f 3787 3778 3784
f 1536 1535 1528
f 1535 1540 1534
f 1534 1540 1537
f 1560 1545 1561
f 1560 1561 1571
f 1528 1535 1534
f 1540 1545 1537
f 1537 1545 1539
f 1539 1545 1560
f 1560 1571 1559
f 1528 1534 1530
f 1530 1534 1537
f 1532 1537 1539
f 1530 1537 1532
f 1532 1539 1542
f 2959 2961 2966
f 1532 1542 1541
f 5599 5597 5598
f 3721 3724 3722
f 3723 3729 3727
f 3727 3729 3732
f 4374 4377 4372
f 3827 3830 3831
f 3832 3831 3834
f 3834 3835 3832
f 3832 3835 3838
f 1882 1883 1884
f 3839 3838 3840
f 3839 3840 3841
f 1880 1883 1882
f 1616 1622 1563
f 3879 3892 3902
f 1552 1610 1547
f 3902 3892 3896
f 1561 1599 1571
f 1538 1547 1533
f 1538 1533 1527
f 1533 1528 1527
f 1527 1528 1529
f 1529 1528 1530
f 5603 5602 5590
f 5597 5603 5590
f 1529 1530 1531
f 1531 1530 1532
f 1531 1532 1541
f 1531 1541 1543
f 5626 5621 5625
f 3726 3723 3727
f 3727 3732 3737
f 3737 3732 3740
f 3034 3035 3033
f 3032 3034 3033
f 3389 3391 3390
f 3956 3959 3958
f 3829 3837 3830
f 3829 3830 3827
f 3827 3831 3832
f 3832 3838 3839
f 3846 3832 3839
f 3839 3841 3845
f 1618 1630 1617
f 1879 1900 1880
f 4665 4639 4638
f 1551 1552 1547
f 1548 1551 1547
f 3787 3804 3805
f 3923 3896 3901
f 3784 3778 3781
f 5612 5618 5617
f 3901 3897 3900
f 1538 1548 1547
f 5603 5612 5602
f 3360 3365 3361
f 1527 1529 1573
f 3398 3399 3396
f 3392 3398 3396
f 1544 1538 1527
f 1544 1527 1546
f 1573 1529 1531
f 3735 3736 3728
f 2692 2688 2694
f 3728 3724 3725
f 3724 3721 3725
f 5624 5621 5628
f 2252 2250 2251
f 3726 3727 3737
f 5621 5622 5623
f 1812 1837 1840
f 3385 3389 3390
f 1824 1820 1825
f 3031 3032 3030
f 4372 4375 4373
f 3827 3832 3833
f 1886 1882 1884
f 3833 3832 3846
f 1590 1591 1592
f 3839 3845 3857
f 1583 1592 1581
f 1581 1618 1617
f 1550 1552 1551
f 3345 3344 3348
f 1549 1553 1550
f 3804 3787 3798
f 1549 1550 1548
f 1550 1551 1548
f 4634 4643 4647
f 3350 3375 3360
f 3785 3784 3781
f 1549 1548 1544
f 3360 3375 3365
f 1544 1548 1538
f 4660 4662 4661
f 2968 2966 2961
f 2963 2970 2965
f 5602 5591 5590
f 1572 1527 1573
f 2693 2690 2692
f 1546 1527 1572
f 3731 3728 3725
f 1546 1572 1623
f 3734 3725 3726
f 5622 5621 5624
f 3386 3388 3387
f 3738 3726 3737
f 3387 3389 3382
f 3386 3387 3382
f 3382 3389 3385
f 5609 5607 5608
f 5191 5189 5190
f 3040 3041 3032
f 5609 5608 5611
f 3542 3538 3543
f 1839 1835 1840
f 3030 3032 3033
f 3544 3542 3543
f 3030 3033 3029
f 3031 3030 3025
f 1886 1884 1887
f 1885 1882 1886
f 3828 3827 3833
f 1879 1880 1878
f 1880 1882 1881
f 1878 1880 1881
f 1876 1891 1879
f 1581 1617 1580
f 1590 1592 1583
f 1584 1590 1583
f 1580 1617 1616
f 1583 1581 1582
f 1580 1616 1563
f 1580 1563 1577
f 1576 1563 1555
f 3872 3875 3868
f 1555 1563 1552
f 3346 3347 3344
f 3344 3347 3352
f 1555 1552 1550
f 3344 3352 3351
f 3344 3351 3349
f 1556 1557 1555
f 1556 1555 1550
f 4630 4639 4642
f 3348 3344 3349
f 1553 1556 1550
f 3798 3787 3784
f 4493 4492 4494
f 2968 2961 2964
f 2964 2961 2963
f 2964 2963 2965
f 4660 4661 4657
f 4657 4661 4651
f 3731 3735 3728
f 4826 4827 4824
f 1572 1573 1574
f 1573 1575 1574
f 3397 3388 3386
f 1572 1574 1608
f 3731 3725 3734
f 3734 3726 3738
f 5188 5190 5189
f 4803 4806 4804
f 4803 4804 4805
f 3946 3956 3954
f 3817 3829 3815
f 3815 3829 3816
f 3816 3829 3827
f 1881 1882 1885
f 3828 3833 3846
f 1876 1879 1878
f 1593 1591 1589
f 1892 1891 1876
f 1589 1591 1590
f 1589 1590 1584
f 1584 1586 1588
f 1589 1584 1588
f 1584 1583 1582
f 1582 1581 1579
f 1585 1586 1584
f 1585 1584 1582
f 1587 1582 1579
f 1576 1577 1563
f 1585 1582 1587
f 3347 3355 3352
f 3352 3355 3353
f 3352 3353 3351
f 3358 3356 3357
f 5612 5617 5615
f 4491 4492 4493
f 2969 2968 2964
f 3392 3396 3393
f 5590 5591 5592
f 2693 2692 2696
f 3397 3386 3381
f 1574 1575 1600
f 1623 1572 1608
f 1608 1574 1605
f 3381 3386 3382
f 879 884 886
f 3774 3777 3771
f 3381 3382 3383
f 3383 3382 3385
f 5187 5188 5189
f 3543 3538 3541
f 3541 3538 3540
f 3025 3030 3029
f 3025 3029 3026
f 3816 3827 3826
f 3826 3827 3828
f 1893 1894 1892
f 1877 1892 1876
f 1579 1580 1577
f 1588 1586 1615
f 1586 1585 1615
f 1579 1578 1587
f 3876 3875 3872
f 3588 3589 3590
f 3590 3589 3591
f 3351 3353 3354
f 3354 3357 3356
f 3798 3784 3797
f 3784 3785 3797
f 1469 1487 1484
f 3393 3397 3381
f 1574 1600 1601
f 1601 1600 1602
f 1605 1574 1601
f 3771 3777 3776
f 3771 3776 3768
f 5188 5187 5192
f 3026 3029 3028
f 886 890 888
f 888 890 892
f 3818 3817 3814
f 3814 3817 3815
f 3814 3815 3816
f 1594 1596 1593
f 1594 1593 1589
f 3874 3870 3885
f 3886 3874 3885
f 1877 1893 1892
f 1598 1589 1588
f 1578 1579 1577
f 1578 1577 1576
f 4634 4635 4626
f 3813 3797 3785
f 5616 5619 5614
f 3395 3392 3394
f 4657 4651 4633
f 3392 3393 3394
f 3393 3381 3394
f 879 886 880
f 1603 1601 1602
f 3381 3383 3384
f 1605 1601 1604
f 1604 1601 1603
f 3739 3734 3738
f 3768 3776 3767
f 3024 3025 3026
f 3952 3948 3947
f 880 886 888
f 3949 3947 3946
f 3859 3820 3821
f 3821 3820 3819
f 3819 3820 3818
f 3819 3818 3814
f 3822 3814 3816
f 3823 3816 3826
f 1877 1876 1845
f 1877 1872 1893
f 3889 3874 3887
f 3874 3886 3887
f 1595 1594 1589
f 1595 1589 1598
f 926 929 930
f 1598 1588 1611
f 1611 1588 1615
f 3594 3593 3591
f 885 884 883
f 883 884 879
f 5593 5596 5594
f 4243 4244 4245
f 3027 3026 3028
f 3024 3026 3027
f 3951 3947 3949
f 892 905 893
f 1843 1861 1847
f 1849 1867 1863
f 3824 3814 3822
f 3822 3816 3823
f 3854 3823 3826
f 1597 1596 1594
f 1594 1595 1607
f 4334 4349 4329
f 4349 4351 4329
f 4270 4267 4271
f 3337 3340 3338
f 3338 3340 3342
f 1514 1524 1498
f 1498 1524 1526
f 898 885 883
f 4632 4633 4650
f 878 879 880
f 1846 1843 1847
f 1846 1847 1848
f 1848 1847 1849
f 1864 1870 1872
f 1864 1872 1873
f 1873 1872 1845
f 1842 1845 1843
f 4348 4349 4331
f 4331 4349 4334
f 1607 1595 1613
f 1595 1598 1613
f 4327 4329 4328
f 3337 3338 3339
f 2062 2066 2050
f 1612 1598 1611
f 1613 1598 1612
f 4358 4363 4362
f 4264 4267 4260
f 3592 3593 3594
f 4260 4267 4262
f 4261 4263 4266
f 4632 4650 4653
f 893 905 904
f 1844 1843 1846
f 1869 1870 1864
f 1842 1873 1845
f 5567 5563 5568
f 1871 1870 1869
f 3854 3822 3823
f 1904 1902 1871
f 3855 3854 3858
f 1619 1594 1607
f 4331 4334 4325
f 4334 4329 4325
f 4325 4329 4327
f 916 919 917
f 4359 4358 4362
f 3338 3342 3341
f 3339 3338 3341
f 1458 1462 1459
f 3593 3592 3596
f 1504 1498 1518
f 3597 3592 3595
f 3598 3597 3595
f 3598 3595 3601
f 877 883 879
f 878 880 881
f 888 892 893
f 1854 1842 1852
f 1865 1869 1864
f 1864 1873 1842
f 5567 5568 5569
f 5569 5568 5570
f 210 223 212
f 212 223 217
f 1478 1480 1483
f 1499 1525 1495
f 4352 4348 4339
f 4339 4348 4333
f 4348 4331 4333
f 4325 4327 4326
f 4326 4327 4328
f 5587 5588 5589
f 1614 1607 1613
f 1614 1613 1612
f 2236 2238 2239
f 3597 3619 3596
f 3617 3619 3597
f 3597 3596 3592
f 3607 3617 3598
f 3617 3597 3598
f 2725 2718 2723
f 895 898 883
f 877 879 878
f 3004 3005 3006
f 881 880 888
f 881 888 889
f 889 888 893
f 893 904 903
f 1851 1852 1844
f 1844 1846 1848
f 1860 1848 1849
f 1855 1864 1842
f 1855 1842 1854
f 3825 3824 3822
f 5554 5557 5564
f 5557 5560 5564
f 1499 1495 1494
f 1463 1465 1466
f 1472 1473 1457
f 914 916 917
f 3620 3624 3622
f 4332 4333 4331
f 4332 4331 4322
f 1012 1033 1034
f 4322 4331 4325
f 4322 4325 4323
f 4322 4323 4324
f 4323 4325 4326
f 4323 4326 4330
f 3618 3622 3619
f 2237 2234 2236
f 3618 3619 3617
f 1014 1034 1036
f 5793 5770 5779
f 3615 3617 3607
f 3600 3607 3598
f 2717 2707 2709
f 3007 3005 3004
f 894 893 903
f 1844 1848 1850
f 1859 1848 1860
f 208 209 206
f 205 208 206
f 1478 1483 1509
f 1509 1483 1510
f 1865 1864 1855
f 1860 1849 1863
f 3847 3824 3825
f 3825 3822 3853
f 3822 3854 3853
f 5551 5556 5554
f 3853 3854 3855
f 1117 1039 1032
f 915 916 914
f 5493 5494 5495
f 4338 4352 4339
f 4338 4339 4333
f 5577 5576 5546
f 5576 5565 5546
f 3620 3622 3618
f 4333 4332 4335
f 4336 4333 4335
f 4335 4332 4322
f 5538 5527 5539
f 917 919 907
f 3616 3618 3617
f 3042 3043 3044
f 3611 3616 3615
f 3609 3611 3615
f 897 898 895
f 3609 3615 3607
f 3609 3607 3600
f 1024 1054 1026
f 889 893 894
f 1853 1852 1851
f 1851 1844 1850
f 206 210 212
f 1865 1855 1857
f 1855 1854 1857
f 206 209 210
f 212 217 214
f 1476 1466 1508
f 1508 1466 1509
f 5552 5564 5553
f 5553 5564 5573
f 214 217 216
f 5551 5554 5552
f 5555 5556 5551
f 1512 1511 1475
f 1512 1475 1471
f 1471 1473 1476
f 1051 1039 1117
f 1116 1051 1117
f 1082 1117 1032
f 3620 3625 3624
f 5492 5491 5493
f 4337 4340 4338
f 4337 4338 4333
f 4337 4333 4336
f 4345 4337 4336
f 5519 5521 5524
f 2050 2054 2026
f 2050 2026 2028
f 2061 2050 2028
f 1049 1042 1122
f 2064 2061 2029
f 3045 3042 3044
f 900 899 897
f 899 898 897
f 3603 3611 3609
f 2721 2717 2709
f 3603 3609 3600
f 895 883 877
f 1020 1054 1019
f 1019 1054 1024
f 355 389 388
f 1854 1852 1853
f 1850 1848 1859
f 203 205 204
f 204 205 206
f 1520 1476 1508
f 3847 3825 3848
f 918 915 912
f 1521 1511 1512
f 1512 1471 1519
f 1519 1471 1476
f 3856 3825 3853
f 1116 1117 1081
f 912 915 914
f 1084 1082 1032
f 1084 1032 1031
f 1085 1031 1011
f 5539 5577 5545
f 3621 3625 3620
f 5496 5486 5492
f 4341 4340 4337
f 5583 5586 5585
f 5523 5529 5510
f 5540 5538 5539
f 3616 3620 3618
f 907 899 900
f 1003 1004 1001
f 3613 3611 3612
f 3612 3611 3610
f 2733 2736 2723
f 2733 2723 2722
f 3603 3610 3611
f 3608 3610 3603
f 895 877 896
f 994 1025 999
f 3604 3603 3602
f 876 877 878
f 1044 1028 1043
f 355 388 398
f 881 889 887
f 234 236 237
f 1858 1857 1854
f 1862 1859 1860
f 215 214 216
f 1905 1903 1868
f 1868 1903 1865
f 1868 1865 1857
f 5549 5555 5551
f 1521 1512 1519
f 3856 3848 3825
f 5547 5546 5555
f 1117 1082 1081
f 5513 5516 5515
f 3626 3625 3621
f 1084 1031 1085
f 5540 5539 5545
f 4342 4341 4337
f 4342 4337 4346
f 4346 4337 4345
f 914 917 908
f 3621 3620 3616
f 2781 2794 2793
f 908 917 907
f 4449 4448 4450
f 3623 3616 3614
f 1048 1010 1008
f 2748 2733 2722
f 897 895 896
f 3604 3608 3603
f 896 877 876
f 2910 2908 2913
f 6058 6064 6057
f 365 374 366
f 882 878 881
f 887 889 891
f 815 825 808
f 815 808 803
f 821 803 820
f 4460 4458 4457
f 5573 5566 5574
f 235 236 234
f 5575 5553 5573
f 212 214 213
f 5550 5551 5552
f 1868 1857 1866
f 3860 3847 3848
f 215 216 218
f 218 216 219
f 5547 5555 5549
f 1078 1051 1116
f 1080 1116 1081
f 2071 2070 2058
f 4452 4451 4447
f 1107 1051 1078
f 5515 5517 5518
f 5541 5538 5540
f 4451 4448 4447
f 4447 4448 4449
f 1103 1086 1046
f 4350 4343 4344
f 4344 4343 4342
f 4344 4342 4346
f 4342 4343 4341
f 269 266 265
f 265 266 267
f 4023 4024 4025
f 2908 2910 2904
f 263 270 264
f 876 878 882
f 385 354 348
f 398 388 391
f 891 889 894
f 1896 1853 1897
f 4486 4464 4483
f 234 237 238
f 1858 1854 1856
f 5575 5573 5574
f 233 235 234
f 204 206 207
f 206 212 211
f 211 212 213
f 1866 1857 1858
f 5549 5551 5550
f 213 214 215
f 219 233 232
f 913 918 912
f 231 218 219
f 231 219 232
f 1078 1116 1080
f 1058 1082 1083
f 1058 1083 1062
f 5546 5547 5544
f 5545 5546 5544
f 1104 1107 1078
f 5510 5512 5511
f 5512 5513 5514
f 5514 5515 5520
f 912 914 908
f 4347 4344 4346
f 4350 4344 4347
f 3322 3323 3324
f 265 267 268
f 897 896 902
f 268 267 263
f 264 270 284
f 881 887 882
f 808 795 797
f 797 796 798
f 6172 6173 6171
f 6172 6171 6168
f 6168 6169 6166
f 6135 6134 6139
f 4483 4464 4461
f 197 203 202
f 203 204 202
f 232 233 234
f 195 194 196
f 195 196 197
f 207 206 211
f 5544 5547 5548
f 5547 5549 5548
f 1062 1083 1087
f 5511 5512 5522
f 5522 5512 5514
f 5540 5545 5544
f 274 269 273
f 5508 5509 5507
f 5507 5509 5510
f 5507 5510 5511
f 5520 5515 5518
f 5578 5537 5541
f 5542 5541 5540
f 273 269 271
f 271 269 265
f 271 265 268
f 901 900 897
f 901 897 902
f 2727 2721 2726
f 268 263 262
f 262 263 264
f 896 876 882
f 5759 5800 5757
f 4089 4174 4090
f 773 780 778
f 5757 5800 5763
f 807 774 813
f 2750 2751 2752
f 813 774 781
f 795 813 781
f 797 795 796
f 6171 6169 6168
f 6172 6174 6173
f 232 234 240
f 1866 1858 1856
f 191 194 193
f 193 194 195
f 5548 5549 5550
f 1090 1087 1088
f 242 218 231
f 231 232 245
f 5295 5296 5297
f 5540 5544 5543
f 4466 4481 4468
f 5542 5540 5543
f 5520 5518 5533
f 5578 5541 5542
f 5518 5519 5533
f 4065 4066 4063
f 806 782 811
f 771 784 780
f 780 784 785
f 773 771 780
f 807 769 772
f 780 785 786
f 262 264 272
f 774 772 773
f 780 786 793
f 774 807 772
f 2767 2769 2756
f 774 773 778
f 778 780 793
f 264 284 276
f 774 778 781
f 359 365 363
f 781 793 794
f 795 781 794
f 796 795 794
f 6165 6164 6167
f 6162 6158 6159
f 6184 6187 6182
f 2466 2491 2478
f 2463 2483 2435
f 2435 2466 2434
f 239 234 238
f 240 234 239
f 1080 1081 1072
f 1091 1089 1090
f 199 195 197
f 213 215 221
f 221 215 218
f 910 913 912
f 178 179 191
f 275 274 273
f 242 231 244
f 244 231 245
f 5506 5508 5507
f 80 81 84
f 84 86 85
f 910 912 908
f 906 908 907
f 906 900 901
f 2749 2732 2731
f 805 762 806
f 806 762 782
f 784 783 785
f 811 782 769
f 288 262 283
f 769 771 772
f 772 771 773
f 272 264 276
f 4095 4091 4092
f 378 379 301
f 344 392 343
f 6188 6189 6190
f 6190 6189 6213
f 6213 6189 6216
f 6213 6216 6210
f 6210 6216 6212
f 6168 6166 6163
f 6163 6166 6164
f 6163 6164 6165
f 2434 2466 2422
f 2422 2466 2478
f 4471 4459 4454
f 239 238 241
f 199 197 202
f 1072 1058 1060
f 192 191 193
f 193 195 198
f 198 195 199
f 202 204 220
f 220 204 207
f 220 207 224
f 224 207 211
f 211 213 222
f 222 213 221
f 246 232 240
f 176 179 178
f 221 218 243
f 245 232 246
f 1092 1097 1096
f 243 218 242
f 79 81 80
f 5102 5104 5103
f 910 908 911
f 909 908 906
f 770 783 784
f 810 763 805
f 763 762 805
f 783 787 785
f 770 784 771
f 782 766 769
f 283 262 272
f 6190 6191 6188
f 6210 6212 6209
f 6183 6184 6182
f 2432 2435 2434
f 2463 2435 2433
f 2482 2483 2463
f 1066 1075 1072
f 2507 2506 2482
f 199 202 201
f 201 202 220
f 1091 1090 1092
f 192 193 198
f 190 191 192
f 1094 1096 1098
f 83 84 85
f 176 178 177
f 177 178 180
f 86 87 85
f 85 87 88
f 5104 5106 5105
f 5105 5106 5111
f 88 87 89
f 88 89 90
f 90 89 105
f 5103 5104 5105
f 911 908 909
f 776 770 775
f 770 776 783
f 783 776 788
f 758 761 762
f 783 788 787
f 787 788 791
f 5004 5003 5005
f 763 758 762
f 762 761 766
f 762 766 782
f 766 768 769
f 769 768 770
f 4168 4082 4079
f 1913 1908 1918
f 282 283 272
f 277 272 276
f 276 284 285
f 6190 6213 6208
f 6192 6191 6190
f 6214 6209 6212
f 6214 6212 6215
f 6211 6214 6215
f 6180 6183 6182
f 2433 2435 2432
f 1072 1060 1069
f 2492 2507 2482
f 198 199 200
f 200 199 201
f 5500 5501 5502
f 5502 5501 5503
f 818 819 804
f 801 819 816
f 76 79 78
f 78 79 80
f 817 818 804
f 90 105 104
f 104 105 106
f 5095 5101 5102
f 5095 5102 5103
f 799 817 779
f 817 804 779
f 759 800 799
f 799 779 760
f 759 799 760
f 759 760 758
f 758 760 761
f 761 760 767
f 768 775 770
f 756 758 763
f 5004 5000 5003
f 765 764 763
f 814 764 765
f 764 756 763
f 766 767 768
f 5019 5096 5021
f 943 946 938
f 282 272 277
f 6208 6213 6210
f 6209 6214 6211
f 6179 6180 6182
f 2431 2433 2432
f 2434 2422 2432
f 2437 2463 2433
f 6181 6179 6182
f 2482 2463 2437
f 1079 1089 1074
f 1074 1089 1091
f 6160 6153 6161
f 1069 1060 1079
f 1091 1092 1093
f 1095 1094 1098
f 190 192 198
f 82 80 83
f 804 819 801
f 801 816 792
f 5086 5107 5071
f 5071 5107 5088
f 2067 2056 2060
f 93 83 85
f 104 106 107
f 804 801 777
f 88 90 91
f 779 804 777
f 757 800 759
f 809 800 757
f 779 777 775
f 776 777 789
f 760 779 767
f 775 777 776
f 767 779 775
f 776 789 788
f 789 790 788
f 767 775 768
f 757 759 758
f 788 790 791
f 756 757 758
f 5113 5100 5078
f 5267 5268 5269
f 802 756 764
f 5066 5000 5004
f 5100 5096 5019
f 5078 5100 5019
f 1908 1919 1918
f 4056 4077 4061
f 282 277 279
f 4096 4150 4159
f 946 951 938
f 277 276 278
f 278 276 285
f 345 343 394
f 1076 1067 1077
f 6208 6210 6209
f 6192 6190 6193
f 6217 6218 6219
f 6193 6204 6199
f 6204 6190 6199
f 6190 6208 6199
f 6199 6208 6207
f 6208 6209 6207
f 6207 6209 6211
f 6203 6192 6193
f 6201 6193 6199
f 6178 6180 6179
f 6203 6193 6201
f 6196 6199 6197
f 6196 6197 6198
f 6202 6201 6196
f 6205 6202 6200
f 6202 6196 6200
f 6177 6179 6181
f 4471 4462 4470
f 6186 6177 6181
f 4473 4472 4474
f 1074 1091 1099
f 75 76 77
f 198 200 228
f 77 76 78
f 5093 5107 5086
f 85 88 92
f 92 88 91
f 5088 5089 5022
f 801 792 789
f 5073 5094 5101
f 5073 5101 5095
f 777 801 789
f 789 792 790
f 5073 5095 5090
f 5090 5091 5078
f 3117 3126 3129
f 5003 5000 5002
f 5014 5019 5018
f 4181 4168 4079
f 5015 5012 5014
f 5015 5014 5018
f 3114 3113 3115
f 4074 4181 4079
f 938 942 943
f 4147 4106 4148
f 4148 4107 4150
f 949 938 951
f 949 951 952
f 5241 5240 5235
f 6197 6199 6207
f 4485 4471 4470
f 39 41 40
f 40 45 35
f 6206 6205 6200
f 35 45 44
f 35 44 42
f 42 43 36
f 36 43 69
f 69 70 62
f 2492 2482 2468
f 73 76 75
f 198 228 229
f 78 80 82
f 190 198 247
f 228 200 201
f 82 83 98
f 98 83 93
f 92 93 85
f 177 180 181
f 5093 5086 5072
f 5073 5089 5094
f 5071 5088 5022
f 5071 5022 5020
f 5073 5090 5016
f 5011 5020 5013
f 5090 5078 5016
f 5007 5000 5033
f 5010 5011 5012
f 5012 5011 5013
f 5012 5013 5014
f 5016 5078 5019
f 3116 3114 3115
f 5014 5016 5019
f 5030 5033 5066
f 1436 1430 1435
f 1425 1435 1430
f 1425 1430 1418
f 4110 4159 4150
f 279 277 278
f 286 278 285
f 5218 5241 5235
f 5235 5240 5234
f 5234 5240 5239
f 5247 5241 5218
f 2432 2422 2421
f 2422 2478 2476
f 2436 2433 2431
f 4485 4470 4484
f 4469 4473 4475
f 1073 1074 1118
f 36 69 51
f 51 69 53
f 53 69 62
f 74 73 75
f 189 190 247
f 182 180 189
f 5083 5097 5076
f 107 177 181
f 181 180 182
f 5097 5093 5072
f 5022 5089 5073
f 5008 5072 5086
f 5008 5086 5009
f 5086 5071 5009
f 5022 5073 5017
f 5009 5071 5020
f 5017 5073 5016
f 5009 5020 5011
f 5013 5020 5017
f 5007 5002 5001
f 5002 5009 5010
f 5010 5009 5011
f 5013 5017 5016
f 5030 5025 5033
f 5028 5030 5037
f 5038 5028 5037
f 1277 1278 1274
f 1277 1274 1247
f 1436 1437 1434
f 1430 1436 1434
f 1430 1426 1418
f 362 402 369
f 369 402 400
f 5238 5248 5236
f 5236 5248 5253
f 2431 2432 2421
f 2421 2422 2419
f 2419 2422 2476
f 4484 4470 4475
f 4476 4475 4473
f 2437 2433 2436
f 39 40 35
f 2468 2482 2437
f 35 42 36
f 2523 2492 2522
f 77 78 94
f 94 78 82
f 98 93 99
f 99 93 92
f 104 107 184
f 184 107 181
f 5076 5097 5072
f 5002 5008 5009
f 5007 5008 5002
f 5023 5008 5007
f 5023 5007 5033
f 5033 5025 5023
f 5028 5025 5030
f 2702 2700 2699
f 2699 2700 2701
f 1275 1268 1259
f 4435 4437 4438
f 5032 5029 5039
f 5039 5029 5038
f 1437 1438 1434
f 1247 1274 1246
f 5040 5032 5039
f 1430 1434 1433
f 1430 1433 1426
f 1418 1426 1416
f 941 938 940
f 4110 4086 4159
f 279 278 280
f 278 286 280
f 939 949 950
f 280 286 289
f 5244 5247 5218
f 4480 4484 4475
f 32 39 35
f 36 51 50
f 62 73 71
f 71 73 74
f 74 75 97
f 97 75 96
f 75 77 96
f 96 77 94
f 187 82 98
f 225 181 182
f 5082 5098 5075
f 5098 5087 5075
f 5083 5076 5074
f 92 91 95
f 95 91 104
f 95 104 183
f 183 104 184
f 184 181 225
f 5075 5087 5074
f 5087 5083 5074
f 5024 5076 5072
f 5074 5076 5024
f 5024 5072 5008
f 5024 5008 5023
f 5025 5024 5023
f 5027 5025 5028
f 5029 5027 5028
f 2699 2701 2703
f 1438 1440 1434
f 1434 1440 1439
f 1254 1249 1264
f 1434 1439 1433
f 4998 5032 5040
f 1249 1250 1248
f 4053 4080 4067
f 4111 4086 4110
f 289 286 290
f 4476 4474 4477
f 34 36 50
f 94 82 187
f 187 98 185
f 99 92 95
f 5079 5108 5080
f 5075 5074 5036
f 5036 5074 5026
f 5026 5074 5024
f 5026 5024 5025
f 5027 5026 5025
f 5031 5027 5029
f 1441 1440 1438
f 5032 4999 5031
f 5032 5031 5029
f 5394 5392 5393
f 1284 1259 1285
f 4998 4999 5032
f 4998 5040 5041
f 1426 1433 1427
f 1257 1244 1245
f 1416 1426 1427
f 4154 4164 4160
f 1418 1416 1417
f 287 280 289
f 291 289 290
f 1420 1417 1432
f 328 330 401
f 401 330 400
f 400 330 395
f 395 330 332
f 395 332 346
f 5215 5218 5235
f 5234 5239 5226
f 5226 5239 5238
f 5226 5238 5236
f 4480 4476 4478
f 5236 5253 5228
f 261 39 100
f 39 32 100
f 53 62 60
f 35 36 34
f 2492 2468 2481
f 2522 2492 2481
f 185 98 99
f 99 95 186
f 5081 5108 5077
f 5108 5079 5077
f 5080 5082 5034
f 5034 5082 5075
f 5034 5075 5036
f 5031 5036 5027
f 5034 5036 5031
f 1441 1442 1440
f 1279 1282 1283
f 4999 5034 5031
f 1393 1394 1392
f 1416 1427 1428
f 4689 4690 4691
f 1253 1251 1262
f 1417 1416 1412
f 287 289 291
f 291 290 292
f 944 947 948
f 377 322 381
f 381 322 382
f 322 326 382
f 5232 5235 5234
f 5242 5218 5216
f 5218 5217 5216
f 5244 5218 5242
f 2421 2419 2420
f 2431 2421 2423
f 50 51 52
f 52 51 53
f 2468 2437 2456
f 227 97 96
f 186 95 248
f 248 95 183
f 248 183 249
f 249 183 184
f 5035 5079 5080
f 5035 5080 5034
f 4828 4829 4830
f 5035 5034 4999
f 4998 4997 4999
f 5041 5042 4998
f 5045 5042 5041
f 4177 4175 4060
f 4058 4177 4059
f 1416 1428 1415
f 4766 4767 4768
f 1416 1415 1412
f 1273 1253 1262
f 292 290 293
f 5232 5234 5222
f 5222 5234 5226
f 5245 5244 5242
f 5246 5244 5245
f 2418 2419 2399
f 2418 2399 2400
f 2418 2420 2419
f 2438 2436 2431
f 52 53 54
f 2437 2436 2438
f 54 53 60
f 32 35 34
f 103 71 74
f 227 74 97
f 2510 2520 2509
f 2509 2520 2519
f 185 99 186
f 5077 5079 5035
f 4996 5077 5035
f 4996 5035 4997
f 4996 4997 4998
f 5043 4996 4998
f 5043 4998 5042
f 5044 5042 5045
f 5048 5044 5046
f 5046 5044 5045
f 4178 4177 4058
f 3992 3996 3995
f 945 944 953
f 2268 2286 2263
f 1417 1414 1422
f 1638 1655 1658
f 1429 1417 1422
f 1638 1658 1659
f 1638 1659 1639
f 5237 5215 5235
f 5242 5216 5237
f 5237 5216 5215
f 2400 2399 2398
f 2399 2395 2398
f 2393 2395 2397
f 261 100 31
f 2439 2437 2438
f 2438 2431 2423
f 2423 2421 2420
f 31 100 32
f 2456 2437 2439
f 60 62 71
f 2481 2468 2456
f 103 74 227
f 254 186 248
f 5069 5081 5077
f 1379 1388 1391
f 1396 1405 1401
f 5069 5077 4996
f 5047 5069 4996
f 5047 4996 5044
f 5043 5044 4996
f 5042 5044 5043
f 5062 5048 5046
f 5061 5062 5046
f 4075 4178 4058
f 3992 3995 3993
f 3995 3997 3993
f 4042 4041 4044
f 945 953 954
f 1412 1413 1414
f 4118 4154 4160
f 1422 1414 1423
f 1634 1635 1636
f 1635 1638 1637
f 1636 1635 1637
f 1637 1638 1639
f 1637 1639 1660
f 1660 1639 1661
f 5237 5235 5232
f 2394 2395 2393
f 5226 5236 5228
f 3969 3970 3971
f 3532 3536 3537
f 2509 2519 2508
f 96 94 226
f 226 94 187
f 253 187 185
f 185 186 254
f 1391 1396 1390
f 5070 5099 5081
f 5070 5081 5069
f 5047 5070 5069
f 3992 3993 3994
f 1415 1419 1413
f 955 954 953
f 2264 2263 2287
f 4140 4160 4195
f 4140 4195 4200
f 1642 1640 1641
f 1640 1634 1636
f 1641 1640 1636
f 1641 1636 1646
f 1646 1636 1637
f 5237 5232 5223
f 5223 5232 5222
f 5243 5242 5237
f 2418 2400 2416
f 3536 3532 3534
f 61 60 72
f 72 60 71
f 72 71 103
f 2474 2481 2456
f 1379 1391 1390
f 1397 1396 1401
f 253 185 254
f 5084 5099 5070
f 1381 1388 1379
f 1389 1388 1381
f 5050 5070 5047
f 5050 5047 5044
f 5049 5050 5044
f 5049 5044 5048
f 5060 5051 5061
f 5051 5062 5061
f 4013 4008 4010
f 3998 3993 3997
f 1414 1413 1431
f 955 953 956
f 1648 1649 1647
f 1648 1647 1645
f 1647 1644 1645
f 1645 1644 1643
f 1644 1642 1643
f 1643 1642 1641
f 1643 1641 1646
f 5223 5222 5221
f 5222 5226 5225
f 5226 5228 5225
f 5225 5228 5252
f 52 54 55
f 55 54 56
f 56 54 60
f 2438 2423 2424
f 32 34 33
f 34 50 33
f 103 227 260
f 2487 2508 2474
f 250 227 230
f 227 96 230
f 230 96 226
f 226 187 253
f 252 226 253
f 1390 1396 1397
f 1397 1401 1400
f 1401 1402 1400
f 5051 5049 5048
f 1413 1419 1421
f 1450 1445 1451
f 1450 1451 1452
f 1452 1451 1453
f 2277 2264 2287
f 1656 1657 1653
f 1656 1653 1652
f 1652 1653 1651
f 1652 1651 1650
f 1650 1651 1649
f 1650 1649 1648
f 5237 5223 5230
f 2398 2395 2396
f 2396 2395 2394
f 2396 2394 2391
f 2416 2400 2398
f 2439 2438 2440
f 2420 2418 2425
f 33 50 57
f 50 52 57
f 56 60 61
f 2424 2423 2420
f 31 32 33
f 2458 2456 2439
f 2458 2474 2456
f 260 227 250
f 2510 2509 2487
f 2509 2508 2487
f 1379 1390 1382
f 1382 1390 1398
f 1399 1397 1400
f 253 254 255
f 5053 5084 5070
f 5053 5070 5050
f 5053 5050 5049
f 5052 5053 5049
f 5051 5052 5049
f 5054 5051 5060
f 1421 1419 1446
f 955 956 957
f 4141 4119 4140
f 5280 5281 5282
f 4192 4140 4200
f 4699 4698 4700
f 6220 6225 6221
f 6243 6242 6244
f 2396 2391 2479
f 5219 5220 5221
f 5219 5221 5222
f 5219 5222 5225
f 2425 2418 2416
f 5225 5252 5231
f 28 29 30
f 258 52 55
f 2440 2438 2424
f 2424 2420 2426
f 2514 2515 2511
f 2487 2474 2473
f 2515 2510 2511
f 2510 2487 2511
f 1398 1397 1399
f 5067 5059 5063
f 4001 3998 4000
f 3018 3016 3021
f 3016 3018 3010
f 963 955 958
f 3015 3010 3014
f 958 955 957
f 4144 4141 4192
f 4192 4200 4201
f 6220 6221 6222
f 5251 5243 5250
f 2396 2479 2402
f 5223 5221 5220
f 2429 2416 2398
f 2425 2416 2429
f 5219 5225 5227
f 5227 5225 5231
f 2426 2420 2425
f 2471 2474 2458
f 1399 1400 1404
f 1380 1379 1382
f 1378 1379 1380
f 230 226 252
f 1381 1379 1378
f 252 253 255
f 5085 5084 5053
f 5058 5085 5053
f 5054 5052 5051
f 959 958 957
f 2996 2999 2998
f 4116 4144 4192
f 5123 5124 5119
f 6222 6221 6223
f 6223 6221 6224
f 5224 5223 5220
f 2429 2398 2401
f 58 57 56
f 2495 2498 2499
f 2499 2500 2495
f 59 56 61
f 49 31 37
f 2427 2426 2425
f 103 260 116
f 250 230 251
f 230 252 251
f 1386 1381 1378
f 1385 1386 1378
f 5058 5092 5085
f 1387 1386 1385
f 5067 5056 5059
f 2997 2995 2994
f 2994 2995 2996
f 4102 4101 4113
f 3010 3018 3019
f 2994 2996 2998
f 2311 2270 2324
f 6226 6220 6222
f 2270 2325 2324
f 2401 2396 2402
f 5229 5230 5223
f 5229 5223 5224
f 58 56 59
f 2494 2495 2500
f 33 57 58
f 37 31 33
f 2440 2424 2430
f 2458 2439 2441
f 2430 2424 2426
f 2471 2458 2460
f 1408 1398 1399
f 5112 5092 5110
f 5110 5092 5109
f 5109 5092 5058
f 5055 5058 5052
f 5058 5053 5052
f 5055 5052 5054
f 5059 5056 5054
f 5068 5056 5067
f 2997 2994 3000
f 4522 4521 4520
f 3009 3010 3011
f 960 957 961
f 2303 2315 2317
f 5122 5123 5119
f 2303 2317 2310
f 5202 5205 5203
f 5119 5124 5125
f 5202 5203 5204
f 6235 6236 6237
f 2411 2402 2469
f 2401 2402 2403
f 2411 2469 2505
f 5233 5230 5229
f 2494 2500 2501
f 2427 2425 2428
f 2428 2425 2429
f 260 250 256
f 1383 1380 1382
f 1382 1398 1408
f 1383 1378 1380
f 257 251 259
f 1384 1378 1383
f 5055 5057 5058
f 5055 5054 5056
f 4520 4519 4523
f 3000 2994 2998
f 962 960 961
f 964 961 957
f 4034 4032 4031
f 2315 2295 2304
f 1237 1236 1238
f 1239 1237 1238
f 2403 2402 2411
f 59 61 63
f 2226 2227 2223
f 2223 2227 2232
f 37 33 38
f 2455 2426 2427
f 61 72 63
f 2460 2458 2441
f 72 103 116
f 2473 2471 2472
f 2514 2511 2512
f 2511 2487 2512
f 250 251 256
f 256 251 257
f 1383 1382 1409
f 1399 1404 1410
f 3471 3487 3490
f 5064 5057 5056
f 5057 5055 5056
f 5065 5064 5056
f 5068 5065 5056
f 5379 5384 5381
f 3000 3003 2997
f 4143 4098 4104
f 962 961 964
f 4036 4039 4037
f 3001 3000 2998
f 2308 2300 2301
f 3002 3001 2998
f 4191 4192 4197
f 1236 1233 1234
f 1234 1233 1232
f 2411 2505 2410
f 2505 2497 2410
f 2410 2497 2496
f 2495 2496 2498
f 2502 2494 2501
f 58 59 63
f 48 49 37
f 38 33 58
f 2441 2439 2440
f 2430 2426 2455
f 63 72 101
f 2471 2460 2470
f 2512 2487 2513
f 2487 2473 2490
f 1354 1360 1351
f 116 260 256
f 1410 1404 1411
f 1409 1382 1408
f 1408 1399 1410
f 4186 4182 4180
f 1231 1229 1230
f 1233 1229 1232
f 1232 1229 1231
f 5119 5125 5126
f 2410 2496 2413
f 2496 2495 2413
f 2413 2495 2488
f 2428 2401 2404
f 2493 2494 2502
f 64 58 63
f 2459 2460 2441
f 72 116 101
f 2472 2471 2470
f 628 662 614
f 614 611 628
f 3467 3471 3490
f 4143 4182 4098
f 4105 4143 4104
f 1228 1230 1229
f 4036 4037 4038
f 4040 4036 4038
f 5413 5414 5415
f 4229 4230 4228
f 2403 2411 2407
f 2407 2411 2410
f 2404 2401 2403
f 2488 2495 2494
f 2488 2494 2493
f 2225 2226 2223
f 38 58 64
f 2452 2440 2430
f 4791 4792 4784
f 4794 4798 4797
f 4794 4797 4795
f 3468 3467 3490
f 3468 3490 3491
f 602 607 605
f 5381 5380 5379
f 1228 1208 1227
f 1228 1229 1203
f 1203 1229 1202
f 1190 1240 1188
f 4558 4564 4563
f 4559 4558 4563
f 2320 2316 2304
f 5118 5122 5119
f 5119 5128 5127
f 2407 2410 2409
f 2412 2428 2404
f 2455 2427 2454
f 65 64 63
f 66 38 64
f 2449 2430 2455
f 2459 2441 2442
f 2470 2460 2459
f 101 116 108
f 2516 2514 2512
f 4795 4796 4789
f 4789 4796 4791
f 4786 4791 4784
f 3470 3467 3469
f 1227 1209 1215
f 1209 1227 1208
f 1228 1205 1208
f 1205 1228 1203
f 4558 4559 4560
f 4117 4115 4191
f 1191 1189 1241
f 5120 5119 5127
f 5360 5347 5373
f 5417 5418 5419
f 5419 5418 5420
f 2493 2502 2503
f 2454 2427 2428
f 66 64 65
f 48 37 47
f 47 37 46
f 46 37 38
f 68 63 101
f 2442 2441 2440
f 2452 2430 2449
f 627 623 631
f 631 623 625
f 2516 2512 2518
f 4794 4795 4789
f 4789 4791 4786
f 3468 3491 3485
f 3467 3468 3469
f 4525 4526 4527
f 4561 4558 4560
f 5330 5331 5332
f 2409 2410 2413
f 2406 2403 2407
f 2404 2403 2405
f 2224 2225 2223
f 65 63 68
f 2489 2472 2470
f 116 115 108
f 2489 2490 2472
f 625 616 633
f 633 616 615
f 2518 2512 2517
f 2517 2512 2513
f 4789 4786 4788
f 4793 4794 4789
f 4787 4786 4785
f 4786 4784 4785
f 4785 4784 4783
f 4783 4784 4781
f 3473 3472 3478
f 3477 3473 3478
f 1207 1208 1204
f 4188 4185 4142
f 3477 3478 3479
f 1204 1208 1205
f 1182 1190 1188
f 1190 1182 1189
f 1203 1180 1205
f 1190 1189 1191
f 1202 1180 1203
f 1715 1714 1725
f 1189 1180 1194
f 1194 1180 1202
f 2415 2413 2488
f 2412 2404 2405
f 2454 2428 2412
f 2224 2223 2209
f 2443 2440 2452
f 46 38 66
f 4790 4789 4788
f 4788 4786 4787
f 3469 3468 3485
f 1210 1214 1209
f 1207 1210 1209
f 1209 1214 1215
f 1208 1207 1209
f 4188 4142 4158
f 1179 1204 1205
f 1179 1205 1180
f 1189 1182 1175
f 1175 1180 1189
f 1714 1722 1725
f 1714 1715 1713
f 4685 4688 4686
f 5118 5120 5121
f 5350 5401 5356
f 2488 2493 2417
f 2405 2403 2406
f 2407 2409 2408
f 2214 2224 2209
f 5972 5977 5959
f 2442 2440 2443
f 2443 2452 2449
f 2209 2223 2210
f 5974 5977 5972
f 108 115 111
f 111 114 113
f 114 117 113
f 128 129 124
f 2524 2518 2517
f 4793 4789 4790
f 1226 1224 1222
f 1219 1220 1217
f 1213 1217 1216
f 1211 1216 1212
f 1225 1226 1222
f 1224 1221 1218
f 1199 1224 1218
f 1218 1221 1219
f 1213 1216 1211
f 1219 1217 1213
f 1225 1222 1195
f 1211 1212 1210
f 3472 3469 3480
f 1218 1219 1223
f 1223 1219 1213
f 1206 1213 1207
f 1213 1211 1207
f 1211 1210 1207
f 1206 1207 1204
f 3478 3472 3480
f 5271 5273 5272
f 1198 1195 1186
f 1177 1206 1204
f 1187 1198 1186
f 1177 1204 1179
f 1187 1186 1184
f 1184 1183 1182
f 1182 1183 1181
f 1182 1181 1175
f 1175 1177 1179
f 1187 1184 1188
f 1175 1179 1180
f 1710 1722 1714
f 1710 1714 1713
f 4117 4191 4199
f 4831 4832 4833
f 2415 2488 2417
f 2409 2413 2408
f 2417 2493 2503
f 2406 2407 2408
f 2447 2449 2454
f 5975 5974 5973
f 102 68 101
f 101 108 102
f 108 111 110
f 113 117 118
f 117 119 118
f 120 127 124
f 130 139 136
f 127 128 124
f 620 624 592
f 1222 1224 1199
f 703 612 734
f 1195 1222 1196
f 1196 1222 1199
f 1196 1199 1185
f 1185 1199 1218
f 5140 5137 5139
f 5137 5138 5139
f 1200 1213 1193
f 1193 1213 1206
f 1195 1196 1185
f 1186 1195 1185
f 5196 5198 5200
f 5270 5271 5272
f 1178 1176 1175
f 1186 1185 1184
f 1185 1183 1184
f 1181 1178 1175
f 1175 1176 1177
f 1710 1711 1722
f 1712 1710 1713
f 4122 4117 4199
f 2408 2413 2414
f 2413 2415 2414
f 2414 2415 2417
f 2417 2503 2504
f 2213 2224 2214
f 2447 2454 2412
f 5991 5939 5959
f 2443 2449 2445
f 2445 2449 2447
f 5934 5972 5959
f 5936 5939 5937
f 5973 5974 5972
f 102 108 109
f 124 139 130
f 621 582 596
f 1321 1341 1340
f 1368 1341 1321
f 1374 1368 1372
f 5141 5140 5139
f 1192 1200 1193
f 1192 1193 1177
f 1176 1192 1177
f 1193 1206 1177
f 1760 1759 1747
f 1178 1181 1235
f 1704 1716 1711
f 1704 1711 1710
f 1705 1710 1712
f 1728 1709 1712
f 2405 2406 2541
f 2406 2408 2539
f 2213 2214 2209
f 2447 2412 2465
f 2209 2210 2208
f 5959 5939 5936
f 2208 2210 2205
f 5975 5973 5976
f 2470 2459 2461
f 109 108 110
f 2489 2470 2480
f 118 119 120
f 130 136 134
f 134 136 137
f 579 585 682
f 1201 1200 1192
f 1750 1758 1743
f 1743 1758 1744
f 1704 1710 1705
f 4122 4199 4198
f 2836 2833 2829
f 1705 1712 1709
f 2465 2405 2541
f 2541 2406 2539
f 2212 2213 2209
f 2465 2412 2405
f 5934 5959 5933
f 5933 5959 5936
f 2461 2459 2442
f 110 111 112
f 121 118 120
f 137 138 134
f 132 130 134
f 634 593 598
f 1345 1352 1353
f 563 559 561
f 564 563 561
f 1720 1716 1704
f 1745 1744 1749
f 1703 1704 1705
f 1703 1705 1706
f 1705 1709 1706
f 2538 2417 2504
f 2535 2408 2414
f 2535 2414 2531
f 2531 2414 2417
f 2535 2539 2408
f 2444 2442 2443
f 2443 2445 2444
f 2446 2445 2447
f 2462 2447 2465
f 2207 2209 2208
f 2457 2442 2444
f 5935 5936 5937
f 2461 2442 2457
f 2480 2470 2461
f 134 138 140
f 669 596 595
f 669 595 666
f 666 593 634
f 111 113 112
f 5944 5955 5954
f 5954 5955 5956
f 122 120 123
f 120 124 123
f 123 124 125
f 594 564 636
f 1317 1321 1316
f 1368 1321 1364
f 1364 1321 1317
f 1372 1368 1364
f 1703 1720 1704
f 2835 2836 2837
f 2531 2417 2538
f 2211 2212 2209
f 2211 2209 2207
f 2446 2447 2462
f 5933 5936 5935
f 5935 5937 5938
f 5976 5973 5964
f 5937 5940 5938
f 5940 5942 5938
f 5943 5942 5944
f 629 613 622
f 5964 5973 5972
f 5954 5956 5957
f 132 134 135
f 125 130 131
f 594 636 652
f 636 564 637
f 1373 1372 1364
f 726 702 682
f 732 703 734
f 1764 1760 1765
f 1765 1747 1746
f 4541 4542 4543
f 2531 2538 2532
f 2536 2539 2535
f 2462 2465 2486
f 2486 2465 2541
f 2541 2539 2540
f 151 168 152
f 152 156 155
f 135 134 140
f 155 156 157
f 5938 5942 5943
f 5946 5944 5954
f 131 130 132
f 5964 5972 5961
f 681 643 562
f 1350 1364 1317
f 1373 1364 1369
f 1369 1364 1350
f 1766 1763 1764
f 1708 1721 1720
f 1708 1720 1703
f 5437 5436 5431
f 1708 1703 1707
f 5424 5430 5435
f 1706 1707 1703
f 4557 4546 4545
f 1717 1707 1706
f 2864 2841 2865
f 661 653 649
f 2462 2486 2485
f 2486 2541 2540
f 2540 2539 2536
f 143 140 144
f 144 145 143
f 146 145 147
f 147 149 148
f 148 149 150
f 149 151 150
f 150 151 152
f 2207 2208 2205
f 5933 5935 5932
f 5934 5933 5925
f 5935 5938 5941
f 5932 5935 5941
f 5943 5944 5945
f 5957 5978 5970
f 652 638 655
f 640 645 644
f 1345 1353 1336
f 681 562 706
f 1734 1731 1730
f 1733 1734 1730
f 1729 1733 1730
f 1719 1721 1708
f 1719 1708 1707
f 1718 1719 1707
f 1718 1707 1717
f 5853 5855 5856
f 2839 2838 2869
f 2531 2532 2528
f 2529 2532 2533
f 166 175 167
f 167 175 174
f 2528 2532 2529
f 142 140 143
f 150 152 153
f 2444 2445 2446
f 2446 2462 2453
f 2453 2462 2485
f 143 145 146
f 146 147 148
f 154 152 155
f 670 644 646
f 2543 2486 2540
f 2540 2536 2542
f 2207 2205 2204
f 2477 2461 2457
f 2204 2205 2206
f 132 135 133
f 2484 2480 2461
f 2484 2461 2477
f 5933 5932 5925
f 5966 5941 5938
f 5966 5938 5943
f 5945 5944 5946
f 5954 5957 5970
f 5961 5972 5934
f 5961 5934 5925
f 5946 5954 5949
f 5978 5981 5980
f 5979 5978 5980
f 123 125 126
f 5964 5961 5924
f 1336 1338 1345
f 1730 1731 1726
f 1726 1731 1732
f 1770 1771 1763
f 1729 1730 1724
f 1724 1730 1726
f 1726 1732 1727
f 1724 1726 1719
f 1719 1726 1727
f 1729 1724 1723
f 1719 1727 1721
f 1723 1724 1719
f 1723 1719 1718
f 5446 5437 5431
f 2672 2671 2673
f 5860 5861 5858
f 5858 5854 5857
f 5857 5854 5853
f 5853 5854 5855
f 171 174 173
f 167 174 171
f 135 140 141
f 141 140 142
f 153 152 154
f 2535 2531 2534
f 2527 2528 2529
f 2529 2533 2537
f 154 155 158
f 2485 2486 2467
f 2467 2486 2543
f 2536 2535 2534
f 2534 2531 2530
f 2530 2531 2528
f 2530 2528 2527
f 133 135 141
f 158 155 159
f 2548 2530 2527
f 2544 2540 2542
f 5980 5981 5982
f 2543 2540 2544
f 2206 2205 2220
f 5925 5932 5927
f 5949 5954 5970
f 5970 5978 5979
f 864 867 865
f 1316 1338 1320
f 1804 1791 1792
f 171 173 172
f 5999 6000 5995
f 165 166 167
f 869 868 864
f 2529 2537 2599
f 160 161 165
f 161 166 165
f 5986 5987 5990
f 158 159 160
f 160 159 161
f 5986 5985 5987
f 5927 5932 5962
f 5932 5941 5962
f 5962 5941 5966
f 5924 5961 5925
f 864 865 862
f 1320 1338 1336
f 5874 5875 5876
f 5435 5448 5426
f 5860 5858 5859
f 5862 5860 5859
f 5859 5858 5857
f 5859 5857 5853
f 2184 2186 2183
f 2192 2190 2188
f 5994 5999 5995
f 6010 6006 6011
f 870 869 864
f 2598 2529 2599
f 6040 6041 6042
f 2542 2536 2604
f 2527 2529 2598
f 2548 2527 2598
f 864 868 867
f 2467 2543 2560
f 2593 2530 2548
f 2215 2204 2206
f 2560 2543 2545
f 5960 5966 5943
f 5960 5943 5945
f 5947 5945 5946
f 5970 5979 6017
f 2545 2543 2544
f 5964 5924 5971
f 1316 1320 1313
f 724 725 742
f 5863 5862 5859
f 2187 2178 2183
f 3305 3304 3293
f 2198 2135 2195
f 2191 2193 2189
f 2189 2182 2188
f 2191 2189 2190
f 2189 2188 2190
f 170 171 172
f 169 167 170
f 170 167 171
f 164 167 169
f 5995 6000 6014
f 6008 6007 6002
f 6002 6007 6006
f 6002 6006 6004
f 6004 6006 6010
f 165 167 164
f 2444 2446 2448
f 6011 6012 6010
f 160 165 164
f 2450 2457 2444
f 2453 2485 2467
f 2604 2536 2534
f 188 158 163
f 158 160 162
f 163 158 162
f 2475 2477 2457
f 2228 2204 2215
f 2593 2534 2530
f 5984 5985 5986
f 5948 5946 5949
f 2206 2220 2217
f 5927 5962 5928
f 2546 2544 2547
f 2220 2219 2217
f 853 862 861
f 4878 4874 4877
f 4894 4893 4890
f 1772 1770 1780
f 5866 5862 5865
f 5865 5862 5864
f 4129 4130 4131
f 5864 5862 5863
f 2180 2200 2199
f 3205 3267 3276
f 3268 3264 3285
f 2180 2199 2184
f 2180 2184 2183
f 2180 2183 2178
f 2135 2125 2195
f 2195 2125 2127
f 2127 2194 2195
f 2185 2181 2182
f 2182 2181 2178
f 2195 2194 2191
f 2193 2185 2182
f 2182 2178 2187
f 5989 5990 5993
f 5993 5990 5994
f 5995 5993 5994
f 870 864 871
f 2451 2446 2453
f 2600 2598 2599
f 5986 5990 5989
f 162 160 164
f 2475 2457 2450
f 2604 2534 2593
f 2467 2560 2564
f 2215 2206 2216
f 5947 5960 5945
f 5947 5946 5948
f 5949 5970 5953
f 5970 6017 5953
f 5983 5979 5980
f 5980 5982 5984
f 6017 5979 5983
f 2562 2611 2563
f 2216 2206 2217
f 2547 2562 2563
f 5926 5925 5927
f 2545 2544 2546
f 5924 5925 5917
f 5917 5925 5926
f 1343 1315 1314
f 1344 1315 1343
f 754 740 752
f 4858 4860 4859
f 4857 4858 4859
f 5427 5448 5449
f 2180 2201 2200
f 2164 2201 2180
f 2125 2135 2134
f 2121 2125 2134
f 2127 2125 2124
f 2178 2179 2180
f 2194 2127 2124
f 3292 3291 3293
f 5995 6014 5998
f 2448 2446 2451
f 534 547 546
f 2450 2444 2448
f 2451 2453 2464
f 2464 2453 2467
f 2600 2599 2605
f 2464 2467 2564
f 2595 2548 2598
f 2593 2548 2595
f 1337 1356 1357
f 5983 5980 5984
f 1337 1336 1356
f 2611 2604 2563
f 6036 6034 6035
f 6034 6033 6035
f 5928 5962 5930
f 2560 2545 2559
f 5929 5926 5928
f 863 864 862
f 1320 1336 1319
f 863 862 853
f 5971 5924 5931
f 5931 5924 5923
f 853 861 842
f 842 861 855
f 4881 4874 4882
f 4859 4860 4861
f 4989 4991 4992
f 2120 2118 2119
f 3277 3254 3205
f 2164 2179 2163
f 2125 2121 2124
f 2121 2134 2133
f 3290 3291 3292
f 531 540 554
f 531 554 535
f 5997 5996 5995
f 6003 6002 6004
f 532 534 546
f 532 546 539
f 6013 5989 5993
f 5996 5993 5995
f 871 864 866
f 536 548 525
f 548 547 525
f 525 547 534
f 551 548 536
f 2215 2216 2229
f 5984 5986 5988
f 5988 5986 5989
f 2563 2604 2597
f 2597 2604 2593
f 2564 2560 2559
f 5929 5928 5930
f 5948 5949 5950
f 1319 1336 1337
f 6043 6044 6045
f 1337 1347 1346
f 5206 5207 5208
f 1319 1337 1346
f 2546 2547 2549
f 2545 2546 2549
f 1327 1319 1346
f 5923 5924 5917
f 1319 1327 1318
f 4879 4875 4874
f 4987 4991 4989
f 4991 4987 4983
f 5868 5866 5867
f 5867 5866 5865
f 2330 2337 2335
f 3265 3205 3263
f 2121 2123 2124
f 3285 3286 3290
f 2126 2121 2133
f 2136 2126 2133
f 2138 2185 2156
f 532 539 509
f 539 540 509
f 509 540 531
f 6003 6004 6005
f 5993 5996 6013
f 5997 5995 5998
f 552 551 544
f 2450 2448 2573
f 2573 2448 2572
f 2572 2448 2451
f 2572 2451 2571
f 2571 2451 2464
f 3638 3641 3640
f 3639 3638 3640
f 544 551 536
f 525 534 524
f 2574 2450 2573
f 2571 2464 2566
f 2566 2464 2564
f 3628 3635 3638
f 3641 3644 3643
f 480 489 467
f 866 864 863
f 2475 2450 2575
f 2575 2450 2574
f 1342 1358 1361
f 2593 2595 2596
f 6039 6035 6033
f 5965 5960 5947
f 2576 2475 2575
f 2566 2565 2568
f 2566 2564 2565
f 5164 5166 5168
f 6037 6036 6035
f 1347 1337 1358
f 2561 2565 2564
f 2561 2564 2559
f 5950 5949 5951
f 486 487 465
f 2216 2217 2218
f 2218 2217 2219
f 1325 1314 1324
f 1343 1314 1325
f 4881 4882 4883
f 3269 3284 3281
f 3282 3269 3252
f 5447 5450 5429
f 3252 3203 3253
f 3255 3252 3253
f 3253 3203 3254
f 4778 4779 4780
f 3203 3204 3205
f 5869 5867 5865
f 5432 5427 5433
f 5432 5433 5441
f 3205 3204 3263
f 2121 2126 2122
f 2121 2122 2123
f 2154 2164 2163
f 3290 3286 3291
f 2139 2138 2156
f 5998 6014 6002
f 553 552 544
f 534 532 522
f 2601 2574 2573
f 2577 2573 2572
f 2577 2572 2569
f 524 534 497
f 2572 2571 2569
f 467 489 482
f 544 536 491
f 491 536 493
f 493 536 525
f 1342 1361 1359
f 2571 2566 2569
f 3628 3638 3639
f 6038 6035 6039
f 2569 2566 2568
f 2597 2593 2596
f 3628 3639 3630
f 3640 3641 3643
f 433 558 541
f 6037 6035 6038
f 450 487 480
f 1347 1358 1342
f 465 487 450
f 2568 2565 2567
f 2230 2229 2216
f 5953 6017 6030
f 6030 6017 5983
f 873 863 853
f 2567 2565 2561
f 2554 2561 2559
f 2554 2559 2545
f 2219 2221 2218
f 2554 2545 2551
f 2551 2545 2550
f 5922 5923 5917
f 5922 5931 5923
f 4954 4880 4879
f 4987 4986 4983
f 5867 5871 5868
f 3203 3256 3204
f 2326 2335 2333
f 3263 3204 3262
f 2137 2138 2139
f 531 535 530
f 529 509 531
f 5997 5998 6001
f 5998 6002 6001
f 6001 6002 6003
f 553 544 549
f 2601 2573 2577
f 2569 2568 2591
f 3636 3635 3627
f 3627 3635 3628
f 3630 3639 3640
f 433 541 423
f 423 541 483
f 5958 5947 5948
f 3629 3628 3630
f 3627 3628 3629
f 3627 3629 3632
f 3632 3629 3631
f 3631 3630 3640
f 450 480 452
f 1328 1347 1342
f 3640 3643 3642
f 5952 5951 5953
f 466 486 465
f 443 490 466
f 2547 2570 2557
f 2216 2218 2230
f 2549 2547 2552
f 2550 2549 2552
f 2218 2221 2222
f 5917 5914 5916
f 4712 4713 4711
f 5922 5917 5919
f 5919 5917 5916
f 5992 5931 5922
f 4970 4888 4889
f 842 855 841
f 4935 4959 4901
f 3695 3704 3694
f 1688 1675 1702
f 3695 3694 3691
f 3691 3694 3693
f 841 839 827
f 1699 1688 1702
f 3692 3695 3691
f 4926 4896 4898
f 4924 4926 4898
f 3707 3706 3705
f 3705 3706 3692
f 3698 3705 3692
f 839 840 838
f 4988 4986 4987
f 4983 4982 4967
f 4984 4983 4967
f 3252 3250 3203
f 5870 5867 5869
f 2331 2326 2333
f 2131 2126 2136
f 2154 2155 2164
f 2149 2154 2162
f 2162 2154 2163
f 2137 2150 2138
f 2158 2160 2151
f 529 531 530
f 6001 6003 6009
f 6009 6003 6005
f 532 509 501
f 6015 5997 6001
f 6015 6001 6028
f 522 532 501
f 2578 2577 2569
f 462 482 459
f 459 482 488
f 459 488 461
f 549 544 491
f 534 522 497
f 462 467 482
f 493 525 494
f 494 524 497
f 872 866 863
f 2590 2569 2591
f 423 483 424
f 5969 5965 5968
f 5968 5965 5958
f 5958 5965 5947
f 525 524 494
f 5958 5948 5950
f 5958 5950 5963
f 452 480 467
f 872 863 873
f 2591 2568 2567
f 4704 4740 4739
f 3632 3631 3633
f 3633 3631 3640
f 3633 3640 3642
f 484 433 432
f 432 433 423
f 5950 5951 5952
f 557 484 432
f 873 853 843
f 2552 2547 2557
f 843 853 842
f 5916 5914 5903
f 843 842 837
f 1323 1318 1327
f 2222 2221 2231
f 1324 1322 1323
f 4950 4883 4949
f 837 842 841
f 5992 5922 6016
f 3704 3717 3708
f 5922 5919 5967
f 4935 4901 4931
f 1673 1674 1675
f 3704 3708 3694
f 4899 4931 4901
f 837 841 827
f 3694 3708 3693
f 3693 3708 3712
f 3318 3315 3314
f 3691 3693 3687
f 3687 3693 3697
f 4921 4924 4957
f 3698 3692 3689
f 3692 3691 3689
f 3689 3691 3687
f 3711 3707 3700
f 3707 3705 3700
f 4958 4921 4957
f 5173 5178 5174
f 5463 5464 5465
f 5871 5867 5870
f 4984 4967 4968
f 3250 3257 3256
f 3259 3261 3270
f 3270 3261 3271
f 3270 3271 3273
f 4984 4968 4985
f 3260 3259 3310
f 3300 3260 3310
f 3310 3259 3270
f 3310 3270 3311
f 3311 3270 3273
f 5442 5432 5444
f 2131 2128 2126
f 3301 3274 3298
f 5466 5467 5468
f 3296 3301 3298
f 2137 2141 2150
f 2137 2139 2140
f 6028 6001 6009
f 1359 1367 1366
f 478 553 549
f 501 509 507
f 509 529 507
f 2578 2569 2579
f 488 469 461
f 497 522 501
f 476 549 491
f 467 462 456
f 494 497 496
f 872 873 860
f 1328 1342 1330
f 4704 4739 4705
f 3637 3636 3627
f 3637 3627 3634
f 3634 3627 3632
f 426 432 423
f 426 423 425
f 423 424 425
f 454 467 456
f 495 494 496
f 3718 3715 3677
f 3715 3636 3637
f 3677 3715 3637
f 3634 3632 3633
f 452 467 454
f 3637 3634 3654
f 3655 3637 3654
f 434 443 436
f 3633 3642 3646
f 444 466 447
f 466 465 447
f 3645 3633 3646
f 3646 3642 3648
f 3648 3642 3652
f 3656 3655 3653
f 3653 3655 3654
f 3648 3652 3651
f 5903 5914 5913
f 4950 4953 4954
f 4707 4712 4711
f 4707 4711 4708
f 2553 2550 2552
f 2222 2231 2233
f 4970 4972 4888
f 4888 4972 4973
f 3650 3719 3670
f 1324 1323 1333
f 2002 2003 1994
f 1326 1324 1333
f 3717 3716 3708
f 3670 3719 3676
f 6016 5922 5967
f 4930 4931 4899
f 4927 4928 4926
f 4986 4993 4994
f 4994 4995 4986
f 4990 4993 4986
f 4982 4986 4995
f 4921 4923 4924
f 827 839 838
f 3707 3711 3703
f 3687 3697 3684
f 3684 3697 3683
f 5873 5871 5872
f 4990 4986 4988
f 3686 3687 3684
f 3306 3246 3281
f 3703 3711 3700
f 3700 3705 3698
f 5872 5871 5870
f 4911 4920 4921
f 4911 4921 4961
f 3698 3689 3690
f 3689 3687 3688
f 5172 5175 5173
f 5172 5173 5174
f 3690 3689 3688
f 5177 5175 5176
f 4911 4910 4909
f 5176 5175 5172
f 3258 3261 3259
f 3271 3261 3272
f 4968 4967 4903
f 5445 5440 5447
f 840 851 846
f 3257 3258 3256
f 3258 3259 3256
f 3271 3272 3273
f 5144 5145 5146
f 5443 5438 5442
f 5443 5442 5444
f 5434 5440 5445
f 5142 5148 5143
f 5142 5143 5144
f 5143 5145 5144
f 5432 5442 5438
f 5432 5438 5434
f 5432 5434 5428
f 5428 5434 5445
f 3300 3310 3311
f 3300 3311 3295
f 3295 3311 3296
f 3311 3273 3296
f 3296 3273 3301
f 3301 3273 3274
f 5470 5471 5469
f 5470 5469 5468
f 5469 5466 5468
f 2147 2154 2149
f 2150 2141 2149
f 5472 5471 5470
f 5473 5472 5470
f 6009 6005 6029
f 529 530 528
f 469 479 470
f 463 469 470
f 478 549 476
f 461 469 463
f 506 501 507
f 507 529 526
f 1342 1359 1355
f 2579 2569 2581
f 2569 2590 2581
f 497 501 499
f 462 459 456
f 476 491 485
f 496 497 498
f 498 497 499
f 4705 4739 4706
f 424 429 427
f 491 493 492
f 485 491 492
f 493 494 492
f 492 494 495
f 4706 4714 4715
f 425 424 427
f 427 429 430
f 429 431 430
f 430 431 434
f 4714 4712 4715
f 2557 2570 2555
f 3677 3637 3655
f 3645 3634 3633
f 426 425 427
f 3659 3677 3655
f 426 427 428
f 440 426 428
f 430 434 435
f 435 434 436
f 448 450 452
f 4978 4981 4974
f 3659 3655 3656
f 3654 3645 3653
f 436 443 444
f 443 466 444
f 447 465 450
f 447 450 448
f 4953 4950 4951
f 4971 4979 4972
f 4979 4978 4972
f 4972 4978 4974
f 2552 2557 2555
f 2553 2552 2555
f 4972 4974 4973
f 843 837 844
f 3657 3656 3653
f 4970 4971 4972
f 4973 4974 4975
f 3648 3651 3650
f 4936 4937 4945
f 4945 4951 4950
f 5916 5903 5919
f 4934 4936 4935
f 4949 4936 4945
f 4949 4945 4950
f 4973 4975 4976
f 4976 4975 4980
f 3716 3663 3708
f 4931 4934 4935
f 4932 4931 4930
f 3708 3710 3712
f 3672 3670 3676
f 4928 4932 4930
f 4896 4928 4930
f 3307 3309 3308
f 3307 3308 3251
f 4940 4927 4923
f 4923 4927 4926
f 3672 3676 3720
f 3249 3246 3243
f 4982 4995 4966
f 4922 4923 4921
f 4920 4922 4921
f 3249 3243 3250
f 4982 4966 4967
f 3250 3243 3279
f 4909 4920 4911
f 3702 3703 3700
f 4967 4966 4903
f 3702 3700 3701
f 3701 3700 3699
f 3699 3700 3698
f 3699 3698 3690
f 3687 3686 3688
f 2175 2168 2166
f 5434 5439 5440
f 2166 2168 2159
f 4907 4909 4906
f 5438 5439 5434
f 4968 4903 4908
f 4903 4905 4906
f 4905 4907 4906
f 3272 3275 3274
f 2128 2129 2122
f 4903 4906 4908
f 2148 2159 2155
f 2159 2168 2155
f 5144 5146 5147
f 5474 5469 5471
f 2147 2148 2155
f 5472 5474 5471
f 2142 2143 2141
f 2143 2145 2141
f 2142 2141 2140
f 2141 2147 2149
f 2151 2152 2142
f 2151 2142 2140
f 479 481 472
f 472 481 474
f 474 481 478
f 526 529 528
f 1355 1359 1366
f 508 506 507
f 507 526 508
f 1330 1342 1355
f 4704 4705 4706
f 459 461 458
f 458 461 463
f 501 506 505
f 2606 2594 2607
f 843 860 873
f 456 459 458
f 495 496 498
f 456 458 457
f 454 456 455
f 4974 4981 4977
f 495 498 502
f 502 498 500
f 3678 3677 3659
f 5909 5911 5910
f 448 452 453
f 453 452 454
f 453 454 455
f 455 456 457
f 2556 2553 2555
f 3647 3653 3645
f 3647 3645 3646
f 440 428 441
f 5910 5911 5920
f 4937 4946 4945
f 4975 4974 4977
f 4707 4708 4709
f 3653 3647 3660
f 5298 5299 5300
f 5907 5908 5906
f 5289 5290 5291
f 542 439 438
f 435 436 437
f 437 436 451
f 468 437 451
f 451 436 445
f 445 436 444
f 444 447 446
f 4934 4937 4936
f 3661 3659 3657
f 3657 3659 3656
f 3657 3653 3658
f 3649 3646 3648
f 445 444 446
f 446 447 448
f 3649 3648 3650
f 4928 4939 4932
f 4932 4933 4931
f 4931 4933 4934
f 3708 3663 3710
f 3657 3658 3665
f 3669 3649 3650
f 3669 3650 3670
f 4956 4941 4940
f 4927 4941 4938
f 4927 4938 4928
f 1994 1995 1990
f 1334 1333 1332
f 4940 4941 4927
f 3669 3670 3671
f 3671 3670 3672
f 5904 5903 5900
f 1671 1672 1673
f 3712 3713 3683
f 3671 3672 3673
f 3683 3713 3681
f 3672 3720 3673
f 2176 2177 2175
f 4922 4929 4923
f 3683 3681 3682
f 3684 3683 3682
f 3686 3684 3685
f 4903 4904 4905
f 4905 4962 4907
f 838 840 846
f 3688 3686 3696
f 3696 3686 3685
f 2128 2130 2129
f 2130 2128 2132
f 2173 2169 2153
f 2153 2169 2143
f 2165 2159 2148
f 2144 2153 2143
f 846 851 847
f 2161 2173 2153
f 2152 2161 2153
f 2152 2153 2142
f 2142 2153 2144
f 2142 2144 2143
f 2141 2145 2146
f 2146 2148 2147
f 2141 2146 2147
f 470 479 472
f 474 478 476
f 527 526 528
f 2581 2590 2587
f 464 463 470
f 475 474 476
f 2590 2591 2587
f 2587 2591 2594
f 505 506 508
f 458 463 464
f 477 476 485
f 499 501 505
f 4955 4953 4952
f 860 843 852
f 4937 4947 4946
f 457 458 460
f 4951 4952 4953
f 4969 4979 4971
f 498 499 500
f 4943 4948 4937
f 4937 4948 4947
f 4946 4952 4945
f 4945 4952 4951
f 5912 5909 5906
f 5909 5910 5897
f 5906 5909 5897
f 4934 4943 4937
f 852 843 844
f 2556 2555 2558
f 3714 3659 3661
f 442 440 441
f 4944 4943 4933
f 4933 4943 4934
f 4709 4708 4710
f 3647 3646 3649
f 5898 5907 5906
f 4769 4770 4771
f 4771 4770 4772
f 1995 2001 1991
f 502 500 504
f 3658 3653 3660
f 6023 6024 6025
f 4939 4944 4932
f 4932 4944 4933
f 3663 3661 3662
f 6023 6025 6026
f 445 446 449
f 1990 1995 1991
f 3710 3663 3662
f 3662 3661 3657
f 3662 3657 3666
f 3666 3657 3665
f 3665 3658 3660
f 3665 3660 3667
f 4942 4956 4940
f 3247 3197 3248
f 3710 3662 3713
f 3668 3669 3674
f 4942 4929 4925
f 3245 3247 3248
f 3712 3710 3713
f 3674 3669 3671
f 4942 4940 4923
f 4929 4942 4923
f 3681 3713 3665
f 3681 3665 3679
f 3679 3665 3709
f 3674 3671 3673
f 3679 3709 3674
f 5149 5153 5150
f 3679 3674 3675
f 3675 3674 3673
f 5149 5150 5151
f 4914 4922 4920
f 3680 3679 3675
f 3682 3681 3680
f 3681 3679 3680
f 2174 2175 2166
f 4907 4912 4909
f 834 827 838
f 4903 4966 4918
f 4903 4918 4913
f 834 838 845
f 3685 3684 3682
f 2169 2172 2171
f 2169 2171 2170
f 2165 2167 2166
f 845 838 846
f 2130 2172 2129
f 2129 2172 2169
f 2165 2166 2159
f 2169 2170 2145
f 2145 2170 2165
f 2145 2165 2146
f 2143 2169 2145
f 2148 2146 2165
f 2578 2579 2580
f 2580 2579 2581
f 1348 1330 1355
f 2589 2587 2594
f 2592 2606 2607
f 464 470 471
f 471 470 472
f 472 474 473
f 475 476 477
f 471 472 473
f 473 474 475
f 503 499 505
f 500 499 503
f 4709 4710 4725
f 5897 5910 6018
f 500 503 504
f 3664 3647 3649
f 5920 6024 6019
f 6019 6024 6023
f 3660 3647 3664
f 3664 3649 3669
f 5900 5898 5899
f 3662 3666 3713
f 3668 3664 3669
f 4020 4021 4022
f 3987 3991 3988
f 826 837 827
f 3713 3666 3665
f 3665 3667 3709
f 3667 3668 3709
f 3709 3668 3674
f 828 827 829
f 829 827 834
f 2171 2174 2167
f 4907 4913 4912
f 2171 2167 2170
f 2167 2174 2166
f 2170 2167 2165
f 1348 1355 1362
f 1355 1366 1362
f 2592 2607 2610
f 2589 2594 2592
f 2592 2594 2606
f 508 526 520
f 520 526 527
f 520 527 538
f 1331 1330 1348
f 505 508 510
f 1329 1330 1331
f 1991 2000 1998
f 844 837 832
f 5898 5906 5897
f 6018 5910 5920
f 5920 6019 6018
f 6019 6023 6022
f 5898 5894 5899
f 5894 5898 5897
f 1991 1998 1984
f 3667 3664 3668
f 826 827 828
f 5921 5900 5901
f 4913 4918 4912
f 4912 4914 4909
f 847 851 856
f 856 851 858
f 1163 1168 1157
f 2587 2589 2588
f 4854 4855 4856
f 503 505 511
f 511 505 510
f 510 508 520
f 832 837 826
f 3181 3197 3178
f 5905 5897 6018
f 6027 6018 6020
f 6020 6018 6019
f 5902 5899 5894
f 5894 5897 5895
f 5895 5897 5905
f 3989 3988 3990
f 1984 1998 1983
f 3106 3098 3097
f 4914 4916 4917
f 4915 4916 4914
f 3289 3244 3287
f 4912 4915 4914
f 845 846 847
f 4723 4718 4722
f 2588 2589 2592
f 2588 2592 2603
f 4718 4720 4722
f 2581 2587 2584
f 4728 4727 4730
f 520 538 537
f 1988 2000 1999
f 1662 1665 1666
f 1300 1302 1312
f 5905 6018 6027
f 6020 6019 6021
f 6019 6022 6021
f 5893 5894 5895
f 5893 5895 5896
f 5895 5905 5896
f 5896 5905 6031
f 6031 5905 6027
f 3241 3181 3240
f 3091 3078 3092
f 3241 3240 3242
f 3104 3106 3097
f 3242 3240 3244
f 828 829 830
f 835 829 834
f 854 845 847
f 854 847 856
f 856 858 874
f 1157 1168 1165
f 4722 4720 4728
f 2580 2581 2582
f 2582 2581 2584
f 2587 2588 2584
f 520 537 521
f 3179 3176 3178
f 4733 4736 4737
f 1304 1310 1291
f 1304 1291 1303
f 3181 3178 3180
f 1998 1988 1983
f 1309 1305 1292
f 1294 1309 1292
f 1299 1295 1292
f 3181 3180 3240
f 834 845 848
f 3050 3049 3056
f 1159 1163 1157
f 4722 4728 4729
f 2602 2588 2603
f 4729 4728 4730
f 2583 2580 2582
f 2586 2585 2584
f 2584 2588 2586
f 518 520 521
f 3938 3939 3940
f 3945 3943 3942
f 3943 3944 3942
f 3942 3944 3939
f 2826 2823 2822
f 832 826 828
f 2822 2823 2824
f 2822 2824 2825
f 1968 1983 1988
f 848 845 854
f 1157 1165 1158
f 1158 1165 1141
f 2608 2603 2609
f 2582 2584 2585
f 2586 2588 2602
f 3176 3171 3170
f 3170 3171 3168
f 3178 3176 3174
f 3941 3942 3939
f 3941 3939 3938
f 414 418 416
f 511 510 512
f 510 518 512
f 3180 3178 3174
f 1676 1664 1663
f 875 832 831
f 831 832 828
f 417 418 414
f 417 414 415
f 3180 3182 3239
f 3183 3233 3235
f 831 828 830
f 830 829 835
f 836 835 849
f 849 835 834
f 859 856 874
f 1159 1157 1145
f 1141 1165 1134
f 4763 4722 4729
f 2608 2602 2603
f 4729 4730 4731
f 4729 4731 4734
f 3167 3168 3166
f 3170 3168 3169
f 3169 3168 3167
f 3166 3164 3163
f 3167 3166 3163
f 518 521 517
f 416 409 405
f 414 416 405
f 405 409 408
f 408 409 410
f 3174 3175 3180
f 3180 3175 3182
f 406 405 408
f 1988 1999 1997
f 513 511 512
f 408 410 413
f 414 405 407
f 405 406 407
f 411 406 408
f 415 414 407
f 411 408 413
f 412 406 411
f 415 407 419
f 407 406 412
f 3084 3089 3069
f 422 412 411
f 849 834 848
f 854 856 857
f 857 856 859
f 3052 3050 3053
f 3053 3050 3056
f 3050 3052 3051
f 1145 1157 1141
f 1157 1158 1141
f 1134 1170 1125
f 1125 1170 1127
f 1167 1159 1145
f 4762 4729 4734
f 3163 3165 3194
f 3163 3164 3165
f 3174 3170 3169
f 3169 3167 3172
f 3172 3167 3163
f 3172 3163 3173
f 3174 3169 3175
f 3175 3169 3172
f 3182 3175 3172
f 3182 3172 3183
f 3183 3172 3173
f 3183 3173 3233
f 2025 2022 2006
f 2009 2025 2006
f 2006 2022 2014
f 2006 2014 2007
f 2014 2015 2007
f 2015 2016 2007
f 2016 2015 2017
f 420 419 407
f 420 407 412
f 420 412 421
f 850 848 854
f 1141 1134 1136
f 3194 3196 3187
f 1127 1169 1129
f 4757 4734 4735
f 3163 3184 3173
f 2630 2632 2615
f 513 512 514
f 2007 2016 2024
f 830 835 833
f 833 835 836
f 849 848 850
f 1974 1973 1985
f 1974 1985 1996
f 3064 3063 3052
f 3053 3064 3052
f 3052 3063 3055
f 1129 1169 1142
f 3194 3187 3184
f 4757 4735 4741
f 3232 3185 3231
f 2009 2006 2008
f 2006 2007 2008
f 2007 2024 2023
f 519 513 514
f 831 830 833
f 2616 2614 2620
f 836 849 850
f 1973 1979 1985
f 550 545 556
f 556 545 555
f 850 854 857
f 3063 3065 3055
f 1145 1141 1135
f 1134 1125 1124
f 1125 1127 1126
f 3185 3192 3231
f 3509 3514 3510
f 2020 2009 2010
f 3447 3448 3449
f 2008 2007 2012
f 2011 2008 2012
f 514 515 516
f 2012 2007 2013
f 2013 2007 2023
f 2626 2619 2625
f 2619 2616 2625
f 519 514 523
f 2616 2620 2628
f 1923 1956 1924
f 1924 1956 1961
f 545 519 523
f 550 519 545
f 545 543 555
f 1141 1136 1135
f 1136 1134 1135
f 1135 1134 1124
f 1124 1125 1126
f 1127 1129 1128
f 3184 3187 3186
f 4760 4757 4741
f 3185 3184 3186
f 3185 3186 3192
f 4741 4743 4744
f 1943 1942 1947
f 3509 3510 3511
f 3510 3512 3511
f 3446 3448 3447
f 2021 2020 2010
f 3528 3529 3523
f 2012 2013 2019
f 514 516 533
f 523 514 533
f 1955 1956 1952
f 1952 1956 1923
f 545 523 543
f 543 523 533
f 3188 3196 3195
f 3187 3196 3188
f 1126 1127 1128
f 3186 3187 3188
f 1129 1142 1131
f 1128 1129 1131
f 4760 4741 4744
f 4773 4776 4774
f 4774 4776 4777
f 1156 1173 1155
f 3509 3511 3513
f 3446 3447 3443
f 2009 2008 2010
f 3450 3447 3455
f 2010 2008 2011
f 3524 3528 3523
f 1953 1955 1952
f 3440 3427 3424
f 3440 3424 3439
f 1927 1953 1952
f 1143 1135 1124
f 1143 1124 1126
f 1126 1128 1130
f 3186 3188 3189
f 4760 4744 4753
f 4427 4433 4428
f 3445 3446 3443
f 2021 2010 2018
f 3450 3455 3456
f 2018 2010 2011
f 3456 3455 3457
f 2011 2012 2019
f 3459 3457 3460
f 3460 3457 3461
f 3424 3427 3425
f 3440 3441 3427
f 3441 3440 3436
f 3436 3440 3439
f 3188 3195 3190
f 1135 1143 1162
f 1128 1131 1130
f 3189 3191 3192
f 1131 1138 1133
f 4237 4241 4240
f 3192 3191 3193
f 4237 4240 4239
f 4237 4239 4238
f 3209 3234 3229
f 4753 4744 4745
f 3565 3568 3572
f 3445 3443 3442
f 3442 3443 3444
f 3451 3443 3450
f 3451 3450 3456
f 3521 3523 3522
f 3456 3457 3459
f 3424 3425 3426
f 3190 3195 3198
f 1162 1143 1144
f 1143 1126 1144
f 1144 1126 1130
f 3189 3188 3191
f 3188 3190 3191
f 3190 3198 3191
f 3191 3198 3199
f 1130 1131 1132
f 1132 1131 1133
f 3193 3191 3209
f 3191 3199 3209
f 3209 3199 3207
f 1133 1138 1137
f 1153 1156 1155
f 3193 3209 3229
f 1137 1138 1164
f 4237 4238 4233
f 3209 3207 3206
f 4426 4427 4428
f 4429 4426 4428
f 4745 4747 4748
f 3525 3524 3521
f 3435 3441 3436
f 3199 3198 3200
f 1132 1133 1137
f 1153 1161 1156
f 5259 5260 5261
f 4236 4237 4233
f 4236 4233 4232
f 1153 1155 1154
f 3206 3207 3208
f 3576 3568 3570
f 3516 3531 3518
f 3456 3459 3453
f 3462 3459 3460
f 3463 3462 3460
f 3201 3200 3202
f 1144 1130 1160
f 3199 3200 3201
f 3207 3199 3201
f 1132 1137 1139
f 4234 4236 4232
f 4443 4442 4445
f 4231 4232 4233
f 4231 4233 4235
f 4750 4749 4748
f 4431 4429 4430
f 4429 4428 4430
f 4430 4428 4432
f 3452 3451 3453
f 3453 3451 3456
f 3434 3435 3436
f 3431 3435 3434
f 3210 3201 3202
f 1139 1160 1130
f 1139 1130 1132
f 3207 3201 3210
f 3208 3207 3210
f 3208 3210 3211
f 1147 1164 1166
f 1147 1166 1150
f 4234 4232 4231
f 4250 4252 4251
f 4249 4250 4251
f 3442 3444 3452
f 3454 3442 3452
f 3428 3429 3430
f 3430 3429 3431
f 3210 3202 3212
f 1160 1139 1172
f 1172 1139 1140
f 1137 1147 1146
f 1152 1153 1151
f 3211 3210 3212
f 1140 1139 1137
f 1140 1137 1146
f 1147 1150 1149
f 3211 3212 3213
f 4764 4751 4765
f 3519 3517 3526
f 3211 3213 3214
f 3454 3452 3453
f 3211 3214 3223
f 3465 3462 3464
f 3464 3462 3463
f 3433 3431 3434
f 3278 3222 3283
f 1149 1152 1151
f 1151 1153 1154
f 3212 3321 3215
f 3578 3570 3567
f 3212 3215 3213
f 3567 3569 3571
f 3578 3567 3571
f 3213 3215 3214
f 4253 4249 4251
f 3223 3214 3217
f 3432 3430 3431
f 3433 3432 3431
f 1148 1146 1147
f 1147 1149 1148
f 1148 1149 1151
f 3215 3321 3320
f 3573 3569 3577
f 4253 4251 4254
f 3214 3215 3216
f 3458 3454 3453
f 3214 3216 3217
f 3217 3216 3218
f 3458 3465 3466
f 3466 3465 3464
f 3222 3217 3218
f 1146 1148 1174
f 1148 1151 1171
f 3573 3578 3571
f 3215 3320 3220
f 3215 3220 3216
f 3224 3319 3219
f 3219 3319 3228
f 3218 3216 3219
f 3218 3219 3221
f 3219 3228 3221
f 3220 3227 3224
f 3216 3220 3219
f 3220 3224 3219
