v -0.112549 0.229858 -0.051025
v -0.112549 0.229980 -0.050934
v -0.114075 0.230469 -0.050201
v 0.046234 0.168091 0.112305
v 0.045013 0.166992 0.112305
v 0.046753 0.168091 0.112305
v 0.284180 0.278564 -0.018066
v 0.284180 0.278564 -0.017578
v 0.285889 0.277832 -0.019958
v 0.284180 0.278564 -0.017563
v 0.290148 0.279388 -0.005543
v -0.002623 0.341618 -0.035109
v 0.006225 0.346250 -0.034033
v -0.003348 0.347039 -0.031284
v 0.174038 -0.044806 -0.022582
v 0.171258 -0.045126 -0.025606
v 0.173032 -0.050483 -0.019889
v 0.020113 0.303413 0.062847
v 0.032442 0.292939 0.057991
v 0.024554 0.295274 0.060728
v 0.070912 0.255481 -0.087624
v 0.081184 0.242024 -0.087295
v 0.070487 0.244335 -0.088047
v 0.087138 0.255427 -0.086672
v 0.090251 0.293096 -0.083150
v 0.069569 0.293455 -0.083825
v 0.096302 0.238634 -0.082467
v 0.093923 0.263125 -0.083270
v 0.090547 0.312418 -0.075748
v 0.069037 0.303676 -0.079557
v 0.092801 0.309162 -0.075625
v 0.069849 0.313103 -0.073964
v 0.069997 0.324818 -0.068314
v 0.091448 0.330302 -0.064461
v 0.070557 0.330189 -0.064160
v 0.094439 0.292410 -0.080029
v 0.078462 0.234436 -0.083902
v 0.083825 0.220976 -0.082102
v 0.098633 0.217150 -0.079452
v 0.074696 0.199655 -0.079631
v 0.070112 0.222767 -0.080913
v 0.056101 0.191554 -0.081705
v 0.019111 0.199379 -0.085610
v 0.040311 0.158681 -0.082241
v 0.015855 0.160447 -0.084825
v 0.024372 0.126662 -0.082181
v -0.002103 0.158196 -0.084208
v -0.002427 0.126256 -0.081725
v -0.024965 0.142569 -0.079639
v -0.022196 0.169729 -0.082231
v -0.005347 0.186774 -0.084889
v -0.033228 0.198520 -0.082001
v -0.042968 0.187779 -0.079043
v -0.050298 0.201710 -0.080554
v -0.041601 0.215141 -0.082526
v 0.068876 0.169042 -0.077297
v 0.048244 0.127592 -0.078027
v 0.096685 0.195499 -0.073676
v -0.065092 0.182135 -0.072380
v -0.049813 0.155837 -0.072859
v 0.067163 0.239780 -0.079221
v 0.072085 0.146244 -0.073119
v 0.090243 0.171028 -0.070660
v 0.073389 0.130071 -0.069967
v -0.064085 0.205030 -0.081465
v -0.033054 0.128786 -0.073559
v -0.053735 0.224239 -0.089856
v -0.061819 0.222893 -0.087731
v -0.063821 0.264751 -0.087535
v -0.051607 0.294275 -0.088099
v -0.062309 0.291041 -0.087620
v -0.048163 0.283751 -0.087427
v -0.048213 0.231859 -0.088298
v -0.063948 0.311281 -0.081745
v -0.052184 0.312738 -0.081616
v 0.010849 0.123554 -0.080723
v -0.046763 0.128022 -0.067305
v -0.057556 0.119702 -0.060907
v -0.063196 0.163483 -0.068042
v 0.087067 0.126806 -0.058877
v 0.090296 0.140343 -0.061081
v 0.094746 0.124642 -0.059043
v 0.095191 0.145977 -0.062206
v 0.092853 0.171645 -0.067076
v 0.094421 0.116354 -0.057206
v 0.082179 0.116132 -0.057204
v 0.065676 0.119664 -0.062430
v 0.072812 0.104992 -0.060540
v 0.050818 0.119086 -0.065789
v 0.049127 0.090435 -0.065953
v 0.032090 0.117488 -0.067366
v 0.028143 0.091723 -0.068405
v 0.010066 0.096151 -0.068777
v 0.018524 0.117262 -0.067968
v -0.002081 0.117419 -0.066616
v -0.009000 0.097820 -0.067488
v 0.075699 0.089811 -0.060689
v 0.100200 0.172736 -0.064777
v 0.063615 0.084767 -0.064445
v 0.076701 0.078365 -0.064426
v -0.018022 0.095438 -0.064241
v -0.013481 0.119489 -0.065043
v -0.029854 0.121181 -0.060403
v -0.036881 0.089788 -0.058374
v -0.036580 0.065794 -0.059107
v -0.045862 0.111624 -0.054141
v -0.041362 0.119955 -0.057563
v -0.056658 0.111499 -0.057546
v -0.057584 0.105856 -0.059034
v -0.058318 0.080639 -0.056885
v -0.047078 0.081273 -0.051698
v -0.056041 0.068368 -0.054798
v -0.060622 0.065448 -0.053322
v -0.068058 0.071000 -0.048777
v -0.020935 0.069078 -0.068029
v 0.097527 0.176864 -0.062860
v -0.047672 0.066055 -0.050095
v -0.051401 0.065016 -0.049468
v 0.101176 0.146683 -0.056659
v 0.110715 0.172996 -0.051776
v -0.064192 0.329839 -0.064746
v -0.052287 0.329642 -0.064814
v 0.047492 0.017492 -0.130409
v 0.065473 0.016200 -0.122655
v 0.027012 0.019463 -0.085011
v 0.041435 0.018480 -0.082704
v 0.073015 0.015008 -0.095374
v 0.090584 0.013455 -0.105645
v 0.058946 0.016686 -0.077758
v 0.083362 0.013977 -0.066030
v 0.098165 0.011465 -0.076889
v -0.005328 0.019368 -0.083870
v 0.007506 0.017674 -0.128871
v -0.024392 0.018532 -0.092356
v -0.021065 0.019492 -0.111423
v -0.024522 0.018750 -0.076919
v 0.100107 0.012381 -0.085322
v 0.093819 0.014099 -0.066794
v -0.027420 0.020531 -0.099733
v -0.031175 0.021660 -0.085699
v -0.008426 0.020938 -0.124200
v 0.046033 0.020389 -0.134943
v 0.018969 0.020623 -0.135506
v 0.072353 0.019761 -0.124298
v -0.029270 0.023579 -0.073453
v 0.001881 0.021677 -0.130574
v 0.098658 0.016123 -0.096005
v 0.093498 0.016768 -0.106536
v 0.093268 0.018066 -0.063252
v 0.030580 -0.023981 0.071694
v 0.011121 -0.027135 0.070486
v 0.024747 -0.046953 0.069813
v 0.010590 -0.006022 0.071495
v -0.016179 -0.003652 0.066741
v -0.029456 -0.030135 0.061230
v 0.001608 -0.050988 0.064919
v -0.038255 -0.051183 0.060136
v -0.050936 -0.038611 0.059878
v 0.055729 -0.047717 0.078884
v -0.038726 0.000877 0.059697
v -0.053299 -0.014381 0.055238
v -0.053431 -0.002123 0.054690
v -0.026761 -0.063293 0.058216
v 0.051719 -0.007340 0.069475
v 0.018294 0.001404 0.072095
v 0.047345 -0.030800 0.074561
v 0.053955 -0.001342 0.069262
v -0.038177 -0.078911 0.057925
v -0.060937 -0.030094 0.058384
v 0.065930 -0.029333 0.074177
v -0.054810 -0.059729 0.062796
v -0.066397 -0.003212 0.048314
v 0.074858 -0.005124 0.065963
v 0.073992 0.002268 0.066739
v 0.092731 -0.005428 0.065423
v 0.080575 -0.015719 0.069165
v 0.082209 -0.032586 0.072796
v 0.091987 -0.028527 0.074619
v 0.077890 -0.043364 0.073822
v -0.009664 -0.069989 0.054933
v -0.046940 -0.078769 0.059506
v -0.061488 -0.078239 0.058927
v -0.062920 -0.060158 0.061792
v -0.072416 -0.075023 0.057318
v -0.060406 -0.100383 0.055967
v -0.079645 -0.111775 0.052663
v -0.048485 -0.089520 0.057106
v -0.096833 -0.108238 0.046654
v -0.060735 -0.117605 0.051956
v -0.086122 -0.072503 0.052088
v -0.074348 -0.052327 0.056747
v -0.089989 -0.122612 0.047596
v 0.090115 -0.042099 0.070098
v 0.104131 -0.039478 0.074188
v -0.007951 0.008724 0.073012
v 0.013532 0.007703 0.077107
v 0.010270 0.048303 0.080285
v -0.015725 0.049646 0.075018
v 0.026326 0.031833 0.078348
v 0.044669 0.050528 0.078877
v 0.034874 0.007681 0.074291
v 0.057219 0.013423 0.073463
v 0.058843 0.003421 0.070545
v -0.047063 -0.118671 0.049227
v 0.057163 0.048389 0.076179
v 0.088288 0.002352 0.068206
v -0.011065 0.054801 0.074826
v -0.022435 0.053346 0.072940
v 0.024185 -0.055553 0.065414
v 0.065987 -0.056645 0.074112
v 0.089584 -0.068484 0.069260
v 0.074855 -0.077046 0.068705
v 0.100630 -0.089860 0.065660
v 0.085565 -0.108972 0.059255
v 0.098503 -0.113413 0.062110
v 0.119081 -0.095626 0.065254
v 0.126562 -0.120486 0.063312
v 0.140730 -0.106538 0.065875
v 0.151194 -0.120734 0.064249
v 0.146049 -0.138092 0.061927
v 0.159097 -0.134071 0.063462
v 0.150294 -0.106028 0.065887
v 0.125177 -0.152064 0.057519
v 0.132519 -0.080826 0.066173
v 0.148046 -0.094067 0.067915
v 0.106284 -0.128930 0.058816
v 0.148835 -0.075894 0.069161
v 0.136409 -0.061982 0.067857
v 0.140870 -0.055911 0.068472
v 0.147670 -0.185797 0.049091
v 0.054637 -0.063627 0.070163
v 0.117345 -0.051187 0.061492
v 0.153514 -0.145569 0.059199
v 0.170873 -0.147582 0.058482
v 0.121883 -0.166991 0.051594
v 0.150348 -0.169350 0.053007
v 0.159619 -0.193107 0.047417
v 0.149332 -0.202219 0.045704
v 0.066132 -0.083324 0.064595
v 0.131489 -0.197491 0.040759
v 0.140146 -0.215098 0.038652
v 0.095358 -0.145825 0.049432
v 0.089206 -0.128967 0.053210
v -0.012723 0.008773 0.073004
v -0.013274 0.018276 0.075216
v 0.105836 -0.047013 0.064449
v -0.024714 -0.087985 0.050361
v 0.098696 -0.047980 0.066597
v 0.103177 -0.001303 0.062624
v 0.161450 -0.153699 0.053154
v 0.162246 -0.170679 0.048891
v -0.103625 -0.119559 0.041485
v 0.125082 -0.059815 0.062260
v 0.029007 -0.071907 0.056006
v 0.120621 -0.179062 0.045212
v 0.108441 -0.004871 0.059557
v 0.014357 -0.075216 0.050384
v 0.073747 -0.110293 0.052582
v 0.054082 -0.088950 0.055108
v -0.060679 -0.126380 0.045962
v -0.070791 -0.144347 0.046089
v -0.088359 -0.146518 0.048656
v -0.087942 -0.162167 0.046361
v -0.050350 -0.129939 0.042337
v -0.072933 -0.163237 0.041834
v -0.084748 -0.185034 0.035546
v -0.105322 -0.175271 0.038978
v -0.107896 -0.165086 0.042694
v -0.103739 -0.186523 0.039906
v -0.118805 -0.171922 0.035707
v -0.090333 -0.196840 0.035589
v -0.124926 -0.183014 0.038259
v -0.005000 -0.078074 0.049213
v 0.057454 0.059914 0.073175
v 0.059761 0.055323 0.075020
v -0.063245 -0.173127 0.033254
v -0.042036 -0.134335 0.036285
v 0.171952 -0.183285 0.042370
v 0.032659 -0.081199 0.049373
v -0.100653 -0.207373 0.041561
v -0.113351 -0.193556 0.043993
v -0.031690 -0.126619 0.034866
v -0.042536 -0.082603 0.062411
v 0.169795 -0.154247 0.045278
v 0.113816 -0.005254 0.060219
v -0.023753 -0.000732 0.066037
v -0.016603 0.001557 0.071012
v 0.116661 -0.010677 0.052480
v 0.015276 -0.082354 0.038959
v -0.126705 -0.196568 0.050846
v -0.109713 -0.208500 0.050193
v -0.140296 -0.186050 0.039246
v -0.144566 -0.199828 0.049926
v 0.171556 -0.190636 0.051653
v 0.156071 -0.201965 0.053342
v 0.122914 -0.004808 0.044499
v 0.093646 0.070469 -0.095593
v 0.096666 0.041898 -0.087186
v 0.098658 0.016123 -0.096005
v 0.100107 0.012381 -0.085322
v 0.092859 0.071970 -0.086269
v 0.098165 0.011465 -0.076889
v 0.088592 0.083150 -0.094847
v 0.092702 0.043254 -0.076719
v 0.093819 0.014099 -0.066794
v 0.086755 0.081657 -0.075353
v 0.087867 0.036032 -0.066576
v 0.093268 0.018066 -0.063252
v 0.083854 0.087191 -0.083121
v 0.083078 0.087357 -0.073607
v 0.082963 0.056947 -0.067218
v 0.081620 0.075708 -0.067473
v 0.078453 0.066669 -0.063129
v 0.086793 0.084447 -0.069612
v 0.093498 0.016768 -0.106536
v 0.090043 0.070686 -0.102725
v 0.081403 0.080486 -0.110396
v 0.212943 -0.421795 -0.012532
v 0.210281 -0.422958 -0.031813
v 0.216481 -0.446543 -0.024935
v 0.219053 -0.444108 -0.003947
v 0.219861 -0.460151 -0.006239
v 0.218489 -0.458437 -0.023938
v 0.220233 -0.462581 0.009086
v 0.217300 -0.448202 -0.038771
v 0.219976 -0.472138 -0.043653
v 0.212039 -0.423027 -0.048422
v 0.217771 -0.443590 -0.053054
v 0.219493 -0.457774 -0.046926
v 0.219747 -0.450680 -0.064482
v 0.218760 -0.445115 -0.066686
v 0.222090 -0.471784 -0.065467
v 0.217754 -0.471654 -0.026160
v 0.222027 -0.440921 0.018532
v 0.219918 -0.435674 -0.000201
v 0.221087 -0.417600 0.007432
v 0.219860 -0.466717 0.037197
v 0.222077 -0.450527 0.045821
v 0.222351 -0.466180 0.054254
v 0.225533 -0.464792 0.068509
v 0.227502 -0.445600 0.069549
v 0.204286 -0.405513 -0.024663
v 0.207086 -0.411878 -0.052657
v 0.204042 -0.401500 -0.051174
v 0.199153 -0.387697 -0.051835
v 0.193336 -0.373506 -0.032991
v 0.194639 -0.373613 -0.049849
v 0.202014 -0.384959 -0.008498
v 0.196136 -0.369860 -0.015181
v 0.208260 -0.407686 -0.009267
v 0.199430 -0.369586 -0.006536
v 0.220592 -0.440415 -0.063762
v 0.193853 -0.360777 -0.037661
v 0.195198 -0.359591 -0.021076
v 0.197882 -0.359450 -0.008656
v 0.196305 -0.363315 -0.050506
v 0.217885 -0.429916 -0.004418
v 0.219271 -0.428560 0.000218
v 0.216024 -0.412581 0.002598
v 0.214384 -0.420092 -0.056434
v 0.214828 -0.399454 0.004992
v 0.209712 -0.375236 0.004802
v 0.205129 -0.362363 0.001824
v 0.225337 -0.437993 0.036490
v 0.228763 -0.419573 0.022566
v 0.227493 -0.407382 0.015962
v 0.232298 -0.442446 0.076361
v 0.236833 -0.460865 0.083151
v 0.203265 -0.369240 -0.064137
v 0.193115 -0.361136 -0.049804
v 0.212371 -0.396684 -0.063337
v 0.215964 -0.410631 -0.063336
v 0.220227 -0.414495 -0.064068
v 0.214642 -0.363653 0.006614
v 0.207423 -0.360423 -0.064228
v 0.008052 0.144701 0.106694
v -0.005367 0.153509 0.111244
v -0.000239 0.133881 0.109229
v 0.006596 0.100792 0.106074
v -0.002492 0.164980 0.106406
v 0.011092 0.181820 0.104694
v 0.005951 0.183563 0.105023
v -0.006170 0.094860 0.105591
v -0.032968 0.124186 0.105425
v -0.033537 0.091978 0.103293
v -0.034779 0.135710 0.106461
v -0.035984 0.181504 0.110080
v -0.006569 0.181224 0.111403
v -0.003589 0.177188 0.104296
v -0.003741 0.184087 0.105177
v 0.010180 0.093785 0.103299
v -0.034779 0.135710 0.106461
v -0.036516 0.141747 0.087677
v -0.033720 0.115601 0.092064
v -0.039127 0.182060 0.106922
v -0.033537 0.091978 0.103293
v -0.034074 0.092863 0.085472
v -0.035484 0.116251 0.085397
v -0.037186 0.164404 0.091761
v -0.037144 0.182762 0.083865
v -0.038990 0.160535 0.085144
v -0.035984 0.181504 0.110080
v -0.228167 -0.463354 -0.031492
v -0.204897 -0.463963 -0.023263
v -0.217752 -0.463361 -0.021646
v -0.208869 -0.464363 -0.000721
v -0.229754 -0.464318 -0.004587
v -0.191140 -0.463703 -0.018945
v -0.193067 -0.464381 0.003258
v -0.212506 -0.466307 0.021300
v -0.235428 -0.465921 0.011429
v -0.244029 -0.464376 -0.024219
v -0.240907 -0.463843 -0.033165
v -0.195363 -0.467154 0.027396
v -0.231043 -0.465526 0.038981
v -0.201904 -0.466095 0.051292
v -0.254494 -0.468555 0.017259
v -0.250257 -0.467274 -0.005376
v -0.254156 -0.466651 0.034966
v -0.239951 -0.462818 0.057580
v -0.250205 -0.464610 0.051424
v -0.208267 -0.463173 0.066269
v -0.241870 -0.459510 0.068623
v -0.232746 -0.458296 0.074900
v -0.219117 -0.458023 0.076393
v -0.223601 -0.465843 -0.032940
v -0.206347 -0.466305 -0.030315
v -0.222247 -0.467764 -0.057751
v -0.196759 -0.468382 -0.042006
v -0.202667 -0.468567 -0.070162
v -0.223003 -0.468910 -0.071550
v -0.234917 -0.468939 -0.066930
v -0.181559 -0.470674 -0.050081
v -0.183595 -0.470208 -0.065999
v -0.194092 -0.467774 -0.083115
v -0.220995 -0.466825 -0.084402
v -0.185074 -0.470149 -0.027440
v -0.194453 -0.470366 -0.023628
v -0.237581 -0.470048 -0.053202
v -0.230908 -0.469596 -0.033197
v -0.241020 -0.470357 -0.034360
v 0.232262 0.241966 0.027095
v 0.206744 0.232861 0.024295
v 0.226121 0.225385 0.018950
v 0.251860 0.226346 0.016571
v 0.256489 0.235693 0.021013
v 0.199383 0.244574 0.028932
v 0.158142 0.241248 0.025519
v 0.156962 0.257148 0.031641
v 0.157905 0.227404 0.016063
v 0.202279 0.224160 0.018106
v 0.140542 0.229008 0.019000
v 0.142812 0.246071 0.032086
v 0.202366 0.257376 0.032013
v 0.252359 0.243526 0.024001
v 0.136931 0.264141 0.039829
v 0.250925 0.253389 0.025468
v 0.177066 0.273371 0.033213
v 0.154450 0.272517 0.034531
v 0.208003 0.266596 0.032169
v 0.125106 0.282798 0.042900
v 0.154316 0.286033 0.033941
v 0.172239 0.288530 0.028406
v 0.129147 0.250764 0.041009
v 0.120206 0.266548 0.047800
v 0.108132 0.281656 0.051702
v 0.131662 0.236016 0.033089
v 0.265720 0.254433 0.022815
v 0.268289 0.237025 0.015548
v 0.271917 0.256167 0.020022
v 0.278472 0.227495 0.011966
v 0.296644 0.254788 0.020299
v 0.293657 0.228156 0.013440
v 0.288267 0.216981 0.011280
v 0.298251 0.212668 0.010628
v 0.287707 0.208270 0.005637
v 0.265763 0.222060 0.005266
v 0.310288 0.222075 0.018424
v 0.311174 0.253742 0.021874
v 0.341786 0.226123 0.025269
v 0.335841 0.212106 0.017318
v 0.362907 0.217835 0.025433
v 0.362360 0.226000 0.028872
v 0.362402 0.237915 0.029666
v 0.337440 0.252729 0.024332
v 0.364260 0.211119 0.019748
v 0.310032 0.206357 0.006052
v 0.272003 0.266598 0.017799
v 0.118230 0.237381 0.046149
v 0.293552 0.267934 0.016859
v 0.362419 0.251932 0.026007
v 0.247838 0.267269 0.021193
v 0.333176 0.264734 0.018280
v 0.141579 0.296279 0.033626
v 0.161967 0.289396 0.033964
v 0.149174 0.297587 0.032667
v 0.118381 0.303420 0.034867
v 0.112262 0.295385 0.042440
v 0.185427 0.281971 0.027699
v 0.374937 0.240041 0.037808
v 0.375877 0.227223 0.037196
v 0.392889 0.223427 0.036848
v 0.393059 0.237218 0.038746
v 0.372746 0.213878 0.031640
v 0.397163 0.213927 0.030751
v 0.397726 0.236598 0.040773
v 0.403307 0.222446 0.039992
v 0.422347 0.220893 0.043746
v 0.418712 0.236944 0.045141
v 0.401287 0.213194 0.033786
v 0.428788 0.213030 0.038576
v 0.375830 0.251501 0.033983
v 0.224956 0.214841 0.007347
v 0.251540 0.216609 0.005294
v 0.197758 0.214848 0.005417
v 0.155999 0.219448 0.005946
v 0.139147 0.222234 0.009580
v 0.372374 0.208070 0.023561
v 0.399049 0.208339 0.024787
v 0.132018 0.214951 0.000354
v 0.399538 0.249520 0.035445
v 0.392755 0.251247 0.032241
v 0.124909 0.216448 0.020730
v 0.364946 0.260068 0.019245
v 0.100820 0.264731 0.061937
v 0.093143 0.279092 0.062272
v 0.232643 0.272781 0.021953
v 0.426420 0.251035 0.036710
v 0.094207 0.295066 0.052654
v 0.248573 -0.472275 -0.064003
v 0.248816 -0.472518 -0.047759
v 0.236327 -0.472405 -0.031850
v 0.264133 -0.473224 -0.033732
v 0.219976 -0.472138 -0.043653
v 0.222090 -0.471784 -0.065467
v 0.233783 -0.471556 -0.075123
v 0.264018 -0.472213 -0.067915
v 0.217754 -0.471654 -0.026160
v 0.251569 -0.471432 -0.074259
v 0.228537 -0.471525 -0.027080
v -0.078810 -0.226759 -0.013140
v -0.085785 -0.230549 0.009804
v -0.096560 -0.251293 0.002298
v -0.093263 -0.236976 0.020711
v -0.107811 -0.261653 0.015068
v -0.083074 -0.218926 0.020524
v -0.107649 -0.270382 0.002696
v -0.098347 -0.258453 -0.011863
v -0.063664 -0.198467 0.007870
v -0.064415 -0.209160 -0.007407
v -0.057080 -0.196484 -0.008235
v -0.051368 -0.182451 0.008310
v -0.060500 -0.187264 0.019972
v -0.045384 -0.160137 0.022381
v -0.044103 -0.169318 0.005374
v -0.030942 -0.142472 0.010956
v -0.028403 -0.143417 -0.003492
v -0.014289 -0.120523 0.008774
v -0.016060 -0.116185 0.021528
v -0.003659 -0.105525 0.010475
v -0.012605 -0.123170 -0.005969
v -0.004371 -0.109457 -0.004037
v -0.035599 -0.139139 0.025217
v 0.000413 -0.097448 0.022041
v -0.107458 -0.285474 -0.018688
v -0.031690 -0.126619 0.034866
v -0.118947 -0.274821 0.015273
v -0.121247 -0.285688 0.005288
v -0.066045 -0.213705 -0.020327
v -0.111891 -0.264695 0.025213
v -0.094052 -0.238364 0.025760
v -0.109648 -0.285717 -0.010513
v -0.118371 -0.297865 -0.007592
v -0.016797 -0.101903 0.036836
v -0.090890 -0.219731 0.032317
v -0.112401 -0.254203 0.035703
v -0.078931 -0.206056 0.023552
v -0.070062 -0.190127 0.024121
v -0.116479 -0.310023 -0.019115
v -0.093717 -0.222048 0.037451
v 0.008248 -0.097487 0.003600
v -0.128453 -0.279323 0.025348
v -0.119808 -0.310455 -0.012299
v -0.126202 -0.325531 -0.023157
v -0.115156 -0.313632 -0.034665
v -0.124528 -0.326225 -0.035699
v -0.042036 -0.134335 0.036285
v -0.063245 -0.173127 0.033254
v -0.127966 -0.272762 0.033274
v -0.130901 -0.318864 -0.010261
v -0.137570 -0.329622 -0.008235
v -0.000975 -0.088289 0.037482
v -0.110403 -0.235624 0.045423
v -0.091143 -0.243392 -0.018135
v -0.125707 -0.328473 -0.049765
v -0.114501 -0.313427 -0.051295
v -0.112789 -0.303400 -0.036412
v -0.102996 -0.275717 -0.037399
v -0.128834 -0.282169 0.014599
v -0.140819 -0.301068 0.006738
v -0.128016 -0.261429 0.041706
v -0.005000 -0.078074 0.049213
v -0.025948 -0.099835 0.044813
v -0.024714 -0.087985 0.050361
v -0.094952 -0.248333 -0.034146
v -0.089797 -0.237244 -0.033389
v -0.065972 -0.211924 -0.027953
v -0.075531 -0.221680 -0.034738
v -0.107586 -0.285863 -0.050433
v -0.113262 -0.302156 -0.053165
v -0.013847 -0.122065 -0.018863
v -0.000324 -0.099910 -0.019757
v -0.035168 -0.149527 -0.018799
v -0.050326 -0.174124 -0.016746
v -0.082977 -0.227534 -0.034007
v 0.018088 -0.086587 0.026541
v 0.015276 -0.082354 0.038959
v 0.020021 -0.079796 -0.017978
v 0.021965 -0.089809 0.007803
v -0.124552 -0.338827 -0.026721
v -0.139309 -0.345515 -0.009391
v -0.138103 -0.360702 -0.028063
v -0.120872 -0.341556 -0.041258
v -0.138075 -0.363622 -0.051870
v -0.121539 -0.343925 -0.049547
v -0.151305 -0.354364 -0.006841
v -0.154342 -0.344166 0.003913
v -0.132599 -0.353725 -0.063214
v -0.140026 -0.363282 -0.064236
v -0.047063 -0.118671 0.049227
v -0.140552 -0.284115 0.020340
v -0.090333 -0.196840 0.035589
v -0.142967 -0.313788 -0.001464
v -0.170591 -0.354069 0.003942
v -0.112857 -0.225165 0.050423
v -0.124561 -0.241118 0.050600
v -0.084748 -0.185034 0.035546
v -0.153461 -0.324683 0.004564
v -0.100653 -0.207373 0.041561
v -0.018178 -0.121093 -0.033789
v -0.119121 -0.313946 -0.063445
v -0.134795 -0.335674 -0.067608
v -0.030263 -0.132152 -0.037764
v -0.101183 -0.252200 -0.048157
v -0.059143 -0.195177 -0.014940
v -0.043977 -0.151773 -0.033138
v -0.035081 -0.144639 -0.045482
v -0.053349 -0.165638 -0.032980
v -0.048024 -0.165937 -0.043965
v -0.058810 -0.175810 -0.034093
v -0.057666 -0.180124 -0.045281
v -0.068725 -0.190598 -0.036352
v -0.064838 -0.186870 -0.050582
v -0.075483 -0.195624 -0.052767
v -0.080095 -0.200699 -0.047787
v -0.041419 -0.153357 -0.048719
v -0.008104 -0.100693 -0.036139
v 0.003665 -0.083979 -0.033745
v -0.054007 -0.168248 -0.052090
v -0.032065 -0.128372 -0.044140
v -0.071404 -0.202432 -0.033392
v -0.093532 -0.232228 -0.043317
v 0.020266 -0.066979 -0.036044
v -0.083473 -0.213098 -0.045020
v -0.016619 -0.099415 -0.048521
v -0.145255 -0.358510 -0.075108
v -0.030035 -0.119822 -0.049553
v -0.036232 -0.130628 -0.046683
v -0.109713 -0.208500 0.050193
v -0.007309 -0.079045 -0.049363
v -0.151799 -0.367714 -0.070100
v -0.157829 -0.365647 -0.078392
v 0.010442 -0.062516 -0.047228
v 0.030548 -0.075488 -0.018275
v -0.071761 -0.186471 -0.057176
v 0.026004 -0.087407 0.024250
v 0.030833 -0.055120 -0.049618
v 0.028977 -0.089839 0.007805
v -0.133567 -0.061547 -0.038296
v -0.137483 -0.074184 -0.019715
v -0.135235 -0.062300 -0.011428
v -0.128651 -0.044455 -0.025387
v -0.131841 -0.052371 -0.003154
v -0.140951 -0.074401 0.002992
v -0.131660 -0.050146 0.005988
v -0.145047 -0.091863 -0.021188
v -0.151514 -0.101855 -0.002194
v -0.150737 -0.099703 0.020702
v -0.157893 -0.118396 0.013147
v -0.163060 -0.134276 -0.004199
v -0.156880 -0.123591 -0.018056
v -0.140627 -0.074337 0.023938
v -0.167967 -0.150319 0.013876
v -0.130579 -0.051015 0.029884
v -0.134006 -0.074480 -0.037865
v -0.132467 -0.053071 -0.054166
v -0.125419 -0.030925 -0.051865
v -0.135288 -0.054735 -0.069066
v -0.126753 -0.026501 -0.073832
v -0.129285 -0.037954 -0.079584
v -0.158680 -0.124781 0.019400
v -0.134185 -0.071309 -0.033549
v -0.162416 -0.147447 -0.021008
v -0.142796 -0.098820 -0.037193
v -0.150275 -0.123780 -0.037674
v -0.131631 -0.056144 -0.080017
v -0.153945 -0.141015 -0.037639
v -0.133635 -0.061344 -0.072146
v -0.144930 -0.090303 0.025167
v -0.153133 -0.154757 -0.037147
v -0.129888 -0.061392 0.032645
v 0.084052 0.155526 0.106467
v 0.078715 0.181756 0.102257
v 0.071009 0.143701 0.092621
v 0.083881 0.181123 0.107746
v 0.074346 0.088574 0.094733
v 0.083919 0.091290 0.104232
v 0.070591 0.090970 0.090475
v 0.070780 0.174877 0.090202
v 0.072376 0.181794 0.091648
v 0.067362 0.174882 0.090794
v 0.142997 -0.243700 0.023152
v 0.140785 -0.248204 0.006081
v 0.151868 -0.265653 0.017915
v 0.149457 -0.268893 0.006159
v 0.138069 -0.251236 -0.009245
v 0.160473 -0.281197 0.016342
v 0.132947 -0.229238 0.019534
v 0.166300 -0.301416 0.006477
v 0.146046 -0.279056 -0.010973
v 0.151261 -0.289920 -0.004406
v 0.147345 -0.289742 -0.018794
v 0.138382 -0.221405 0.036307
v 0.133964 -0.214940 0.033664
v 0.120608 -0.217039 0.015869
v 0.123999 -0.235717 -0.007654
v 0.117722 -0.218085 -0.003791
v 0.111302 -0.202454 0.011411
v 0.110207 -0.195688 0.022001
v 0.091422 -0.178147 0.009402
v 0.118131 -0.194030 0.034588
v 0.090206 -0.169973 0.024254
v 0.076289 -0.156621 0.015712
v 0.103550 -0.176771 0.034531
v 0.073448 -0.137325 0.035261
v 0.064188 -0.133642 0.018689
v 0.089897 -0.158604 0.036221
v 0.058425 -0.125351 0.019769
v 0.065796 -0.122109 0.037712
v 0.110187 -0.203117 -0.002823
v 0.059389 -0.117072 0.026218
v 0.062612 -0.113786 0.037700
v 0.046513 -0.098068 0.036575
v 0.042608 -0.098731 0.025133
v 0.054082 -0.088950 0.055108
v 0.053991 -0.114270 0.010891
v 0.037737 -0.096659 0.010871
v 0.073747 -0.110293 0.052582
v 0.074155 -0.154470 -0.000831
v 0.058757 -0.126056 -0.001054
v 0.091808 -0.179382 -0.002740
v 0.134061 -0.247309 -0.021069
v 0.142756 -0.268158 -0.018520
v 0.051555 -0.109418 -0.002361
v 0.031827 -0.086990 0.038362
v 0.026004 -0.087407 0.024250
v 0.028977 -0.089839 0.007805
v 0.032659 -0.081199 0.049373
v 0.123119 -0.226427 -0.017087
v 0.095358 -0.145825 0.049432
v 0.170490 -0.292170 0.016600
v 0.169908 -0.300885 0.009907
v 0.089206 -0.128967 0.053210
v 0.152278 -0.310096 -0.007907
v 0.151036 -0.313597 -0.016380
v 0.157445 -0.324803 -0.023024
v 0.165717 -0.329464 -0.010663
v 0.165940 -0.314847 0.002577
v 0.162732 -0.341249 -0.017730
v 0.159829 -0.335719 -0.038293
v 0.168747 -0.351698 -0.031640
v 0.170054 -0.349982 -0.013088
v 0.181136 -0.353559 0.000342
v 0.174492 -0.341273 0.000550
v 0.191754 -0.355335 0.008316
v 0.187287 -0.342852 0.013861
v 0.193915 -0.359522 0.004095
v 0.166015 -0.342909 -0.049334
v 0.140305 -0.256566 -0.036231
v 0.147460 -0.275676 -0.032284
v 0.111535 -0.199297 -0.022754
v 0.102708 -0.189132 -0.018017
v 0.180019 -0.361123 -0.050937
v 0.177603 -0.358797 -0.039983
v 0.178326 -0.354742 -0.014249
v 0.090512 -0.172141 -0.017828
v 0.058466 -0.115845 -0.016490
v 0.070456 -0.136986 -0.019152
v 0.162112 -0.331892 -0.051649
v 0.147690 -0.269307 0.036423
v 0.154125 -0.282277 0.029125
v 0.155814 -0.281263 0.034177
v 0.161542 -0.292267 0.026842
v 0.138800 -0.235729 0.038637
v 0.143922 -0.254254 0.040224
v 0.150028 -0.255551 0.045883
v 0.148339 -0.230674 0.052054
v 0.147938 -0.215149 0.051921
v 0.140146 -0.215098 0.038652
v 0.131489 -0.197491 0.040759
v 0.120621 -0.179062 0.045212
v 0.182764 -0.323648 0.005372
v 0.205169 -0.360610 0.010771
v 0.185454 -0.331456 0.005840
v 0.154178 -0.302709 -0.036599
v 0.055839 -0.107405 -0.017708
v 0.135892 -0.237688 -0.035546
v 0.159137 -0.316708 -0.033629
v 0.164356 -0.317146 -0.050039
v 0.120806 -0.208062 -0.033413
v 0.140451 -0.247076 -0.033706
v 0.038047 -0.081882 -0.018028
v 0.170775 -0.336383 -0.064087
v 0.167838 -0.330530 -0.064036
v 0.105407 -0.176940 -0.035789
v 0.169915 -0.312988 -0.064505
v 0.158745 -0.276299 -0.051061
v 0.090347 -0.156018 -0.032957
v 0.184914 -0.353733 -0.065281
v 0.075345 -0.129673 -0.033029
v 0.030548 -0.075488 -0.018275
v 0.152548 -0.283386 -0.038259
v 0.069532 -0.114812 -0.033451
v 0.118607 -0.193788 -0.036377
v 0.191134 -0.359960 -0.065452
v 0.166912 -0.294097 0.023635
v 0.132288 -0.220833 -0.033196
v 0.015276 -0.082354 0.038959
v 0.170016 -0.300631 -0.066562
v 0.083354 -0.132128 -0.037852
v 0.185164 -0.341029 -0.075230
v 0.014357 -0.075216 0.050384
v 0.065137 -0.105612 -0.030239
v 0.052919 -0.073589 -0.038550
v 0.146869 -0.235382 -0.047984
v 0.119756 -0.177604 -0.048778
v 0.041848 -0.067315 -0.036029
v 0.154888 -0.255052 -0.052184
v 0.185559 -0.313568 -0.081734
v 0.153636 -0.243472 -0.046394
v 0.149332 -0.202219 0.045704
v 0.030833 -0.055120 -0.049618
v 0.156071 -0.201965 0.053342
v -0.210228 -0.298315 -0.033067
v -0.204798 -0.295839 -0.021824
v -0.204918 -0.287246 -0.034098
v -0.205138 -0.290563 -0.049019
v -0.193560 -0.264166 -0.036605
v -0.190873 -0.259717 -0.052288
v -0.211739 -0.314637 -0.044951
v -0.192771 -0.277135 -0.066643
v -0.216005 -0.314499 -0.034124
v -0.187087 -0.259685 -0.061354
v -0.199700 -0.296900 -0.063648
v -0.218686 -0.323831 -0.027385
v -0.213429 -0.325650 -0.042908
v -0.220290 -0.334496 -0.040951
v -0.224778 -0.331139 -0.022314
v -0.206421 -0.340568 -0.067610
v -0.205990 -0.318742 -0.053821
v -0.192841 -0.298801 -0.071946
v -0.198330 -0.323757 -0.064258
v -0.191961 -0.327755 -0.072079
v -0.204838 -0.346215 -0.067487
v -0.213794 -0.344041 -0.050883
v -0.191446 -0.347262 -0.080764
v -0.180680 -0.330634 -0.080390
v -0.177518 -0.311484 -0.079486
v -0.193370 -0.353097 -0.076179
v -0.220316 -0.342703 -0.027812
v -0.180504 -0.276614 -0.072141
v -0.204477 -0.352733 -0.059751
v -0.211168 -0.350615 -0.048799
v -0.184597 -0.358652 -0.079898
v -0.171942 -0.261841 -0.067799
v -0.213346 -0.349824 -0.035293
v -0.176172 -0.248603 -0.051579
v -0.184703 -0.255663 -0.033811
v -0.179491 -0.243928 -0.032940
v -0.175555 -0.242654 -0.048237
v -0.187724 -0.263141 -0.029401
v -0.179499 -0.241860 -0.014738
v -0.175366 -0.233673 -0.015662
v -0.173891 -0.227404 0.004309
v -0.171942 -0.214523 0.001325
v -0.170533 -0.223108 -0.024101
v -0.168484 -0.235113 -0.038058
v -0.163125 -0.223516 -0.041368
v -0.160691 -0.233974 -0.052114
v -0.170538 -0.214848 -0.008689
v -0.167291 -0.205063 -0.001941
v -0.162879 -0.200978 -0.021783
v -0.159741 -0.217194 -0.036707
v -0.157465 -0.201946 -0.037316
v -0.156537 -0.192825 -0.017769
v -0.156030 -0.187908 -0.002484
v -0.144110 -0.170967 -0.003789
v -0.140648 -0.171506 -0.018586
v -0.140006 -0.178621 -0.030935
v -0.148474 -0.196191 -0.036184
v -0.137992 -0.170696 -0.032328
v -0.142670 -0.158639 -0.002412
v -0.157324 -0.191339 0.008048
v -0.153632 -0.186198 0.009377
v -0.140438 -0.168074 0.014958
v -0.154568 -0.188226 0.014910
v -0.154777 -0.189388 0.002131
v -0.156755 -0.191986 0.017304
v -0.166259 -0.207187 0.010241
v -0.167315 -0.214993 0.028722
v -0.172853 -0.228474 0.023503
v -0.176912 -0.241518 0.011184
v -0.176408 -0.244394 0.005545
v -0.182264 -0.258079 -0.009503
v -0.190579 -0.274552 -0.028431
v -0.176794 -0.252550 0.023471
v -0.153818 -0.198411 0.041208
v -0.149337 -0.185518 0.024931
v -0.219433 -0.329615 -0.010556
v -0.140918 -0.179131 0.025609
v -0.168623 -0.236671 0.038440
v -0.158404 -0.218033 0.048918
v -0.180257 -0.270355 -0.001421
v -0.188821 -0.292981 -0.013721
v -0.173691 -0.258909 0.012686
v -0.219776 -0.342408 -0.009397
v -0.143974 -0.156766 -0.020166
v -0.213029 -0.321723 -0.026026
v -0.195048 -0.289276 -0.024786
v -0.140296 -0.186050 0.039246
v -0.206513 -0.305293 -0.026203
v -0.213089 -0.341921 0.000248
v -0.207747 -0.334553 0.003359
v -0.144566 -0.199828 0.049926
v -0.197264 -0.325850 -0.012679
v -0.185619 -0.329782 -0.001418
v -0.169039 -0.334235 0.007223
v 0.281698 0.205455 -0.032346
v 0.297155 0.201171 -0.018161
v 0.282687 0.200606 -0.018134
v 0.293619 0.206423 -0.032889
v 0.336282 0.206186 -0.016893
v 0.326259 0.202569 -0.005309
v 0.357207 0.205126 -0.000268
v 0.364621 0.213380 -0.015453
v 0.371398 0.209083 -0.003182
v 0.327683 0.213874 -0.033092
v 0.347180 0.212278 -0.022195
v 0.367665 0.205960 0.009611
v 0.288563 0.212696 -0.042092
v 0.272134 0.204349 -0.022056
v 0.287250 0.201153 -0.009104
v 0.349335 0.205579 0.008968
v 0.259195 0.214896 -0.034728
v 0.375213 0.207251 -0.002418
v 0.392244 0.205578 0.013914
v 0.390754 0.209060 -0.002042
v 0.398091 0.211445 -0.000275
v 0.405959 0.207803 0.011940
v 0.411794 0.216476 -0.000286
v 0.430643 0.209472 0.012938
v 0.429352 0.206216 0.025255
v 0.399049 0.208339 0.024787
v 0.389943 0.218356 -0.011748
v 0.372374 0.208070 0.023561
v 0.376185 0.221630 -0.015679
v 0.269689 0.221477 -0.047138
v 0.397363 0.222704 -0.010533
v 0.419960 0.221346 -0.001560
v 0.349831 0.222599 -0.029952
v 0.295237 0.223856 -0.048717
v 0.321190 0.222544 -0.041629
v 0.433458 0.220631 0.005855
v 0.280298 0.221903 -0.048484
v 0.256694 0.223068 -0.041801
v 0.251744 0.218608 -0.036334
v 0.244524 0.224403 -0.044855
v 0.232550 0.214762 -0.034029
v 0.251389 0.212307 -0.020063
v 0.232847 0.210029 -0.018563
v 0.261553 0.211127 -0.020991
v 0.230887 0.225542 -0.046850
v 0.237221 0.210425 -0.007284
v 0.218593 0.210022 -0.017111
v 0.226432 0.216702 -0.033555
v 0.203436 0.216132 -0.032114
v 0.180976 0.213301 -0.017336
v 0.185033 0.218162 -0.033113
v 0.155362 0.216829 -0.018528
v 0.202247 0.210960 -0.007229
v 0.223835 0.210129 -0.005841
v 0.159468 0.216006 -0.005279
v 0.138695 0.217466 -0.016588
v 0.137615 0.217729 -0.003844
v 0.140095 0.225734 -0.035572
v 0.156472 0.225690 -0.036092
v 0.250302 0.213345 -0.002496
v 0.263605 0.213154 -0.009337
v 0.310032 0.206357 0.006052
v 0.197758 0.214848 0.005417
v 0.155999 0.219448 0.005946
v 0.139147 0.222234 0.009580
v 0.224956 0.214841 0.007347
v 0.251540 0.216609 0.005294
v 0.131892 0.213701 -0.018647
v 0.132018 0.214951 0.000354
v 0.130607 0.220912 -0.036934
v 0.287707 0.208270 0.005637
v 0.265763 0.222060 0.005266
v 0.428788 0.213030 0.038576
v 0.364260 0.211119 0.019748
v 0.401287 0.213194 0.033786
v 0.224892 0.228659 -0.047055
v 0.188643 0.230408 -0.046444
v 0.139900 0.239307 -0.048960
v 0.335841 0.212106 0.017318
v 0.155801 0.241730 -0.049691
v 0.126976 0.230508 -0.050034
v -0.094760 0.176697 0.021088
v -0.097218 0.176765 -0.004043
v -0.094267 0.155554 0.016669
v -0.094781 0.155012 -0.001827
v -0.090769 0.134502 0.015720
v -0.090760 0.135284 -0.004453
v -0.088612 0.116980 0.016836
v -0.087853 0.112941 -0.007189
v -0.085215 0.097713 0.015036
v -0.084561 0.098373 -0.005601
v -0.095315 0.176287 -0.018189
v -0.088004 0.136324 -0.018536
v -0.078252 0.103236 -0.030131
v -0.081151 0.123856 -0.032921
v -0.085313 0.151409 -0.033980
v -0.087749 0.175608 -0.040380
v -0.074418 0.135686 -0.044442
v -0.074117 0.182290 -0.065710
v -0.087564 0.180147 -0.038191
v -0.078676 0.196653 -0.065873
v -0.090031 0.224497 -0.057166
v -0.096711 0.209183 -0.032518
v -0.097517 0.202238 -0.020448
v -0.102497 0.217403 -0.017461
v -0.093575 0.180752 -0.017312
v -0.101098 0.222430 -0.034858
v -0.099657 0.211057 -0.001607
v -0.094912 0.180740 -0.000383
v -0.069193 0.105333 -0.043952
v -0.071158 0.155542 -0.055337
v -0.083682 0.229800 -0.067409
v -0.067158 0.111377 -0.047844
v -0.063196 0.163483 -0.068042
v -0.057556 0.119702 -0.060907
v -0.070348 0.217272 -0.080404
v -0.091757 0.240024 -0.063538
v -0.105948 0.223240 0.006527
v -0.097623 0.228661 -0.049312
v -0.095605 0.234089 -0.057007
v -0.075235 0.092435 -0.016268
v -0.056658 0.111499 -0.057546
v -0.072654 0.241590 -0.077757
v -0.064085 0.205030 -0.081465
v -0.061819 0.222893 -0.087731
v -0.063821 0.264751 -0.087535
v -0.065092 0.182135 -0.072380
v -0.086014 0.252741 -0.070017
v -0.108092 0.221756 -0.013519
v -0.095164 0.208264 0.018787
v -0.092915 0.180186 0.018140
v -0.101349 0.224295 0.019165
v -0.078072 0.091395 -0.003094
v -0.074719 0.066266 -0.003123
v -0.070470 0.064761 -0.018371
v -0.072053 0.095189 -0.024601
v -0.063278 0.088261 -0.036443
v -0.062356 0.064907 -0.034931
v -0.078617 0.089193 0.011451
v -0.062113 0.064108 -0.041085
v -0.074552 0.066669 0.014825
v -0.075136 0.089595 0.024555
v -0.088688 0.201078 0.037447
v -0.092422 0.228827 0.039040
v -0.069014 0.106512 -0.049798
v -0.068441 0.079456 -0.044757
v -0.068058 0.071000 -0.048777
v -0.057584 0.105856 -0.059034
v -0.058318 0.080639 -0.056885
v -0.082227 0.113615 0.033321
v -0.082963 0.135067 0.036817
v -0.075646 0.098184 0.040598
v -0.085871 0.179235 0.036085
v -0.077277 0.177792 0.057566
v -0.079372 0.188447 0.060045
v -0.076331 0.170546 0.060417
v -0.072983 0.159769 0.059577
v -0.081882 0.170609 0.072638
v -0.078190 0.141383 0.074237
v -0.069354 0.137117 0.057965
v -0.075607 0.106974 0.073917
v -0.066712 0.106127 0.056360
v -0.071953 0.082303 0.073027
v -0.068213 0.082819 0.063663
v -0.064214 0.091678 0.053611
v -0.083445 0.177304 0.068399
v -0.081727 0.210730 0.064555
v -0.084747 0.209693 0.071967
v -0.081709 0.231814 0.061617
v -0.083025 0.247060 0.068976
v -0.084777 0.233529 0.073293
v -0.087358 0.223340 0.048097
v -0.087488 0.172366 0.038577
v -0.081494 0.254692 0.068129
v -0.080379 0.250954 0.057991
v -0.083113 0.258149 0.064553
v -0.082184 0.270158 0.064070
v -0.080873 0.265762 0.051503
v -0.082396 0.150942 0.042390
v -0.065720 0.065569 -0.046555
v -0.088063 0.246665 0.049524
v -0.064736 0.064889 0.033931
v -0.078406 0.182476 0.081614
v -0.080128 0.181798 0.072470
v -0.097734 0.232367 0.033036
v -0.081109 0.218310 0.078806
v -0.060199 0.079157 0.045017
v -0.069020 0.089834 0.038645
v -0.059128 0.084437 0.050457
v -0.061272 0.084467 0.054832
v -0.064317 0.059944 -0.041542
v -0.073501 0.149153 0.081173
v -0.080660 0.198149 0.074052
v -0.060622 0.065448 -0.053322
v -0.065270 0.180171 0.094279
v -0.057719 0.085726 0.087679
v -0.056581 0.122175 0.093831
v -0.054374 0.150118 0.098445
v -0.058064 0.167351 0.098261
v -0.108902 0.238371 0.028468
v -0.045736 0.099506 0.098516
v -0.047542 0.120093 0.099744
v -0.111820 0.230321 0.018466
v -0.045121 0.084247 0.096060
v 0.138853 0.003052 -0.025009
v 0.133040 0.001615 0.000502
v 0.131010 0.002118 -0.006186
v 0.129181 0.004478 -0.022181
v 0.125769 0.006473 -0.040884
v 0.135557 0.006111 -0.048679
v 0.119987 0.006312 -0.036425
v 0.122167 0.006990 -0.052994
v 0.112384 0.009755 -0.045841
v 0.143416 0.005732 -0.036292
v 0.145614 0.005358 -0.022527
v 0.147071 0.004397 0.001940
v 0.134552 0.001678 0.012760
v 0.150844 0.003920 0.005007
v 0.150811 0.001527 0.021440
v 0.135425 -0.000981 0.023764
v 0.158543 0.005679 0.008979
v 0.144697 -0.004221 0.031983
v 0.135071 -0.001472 0.038770
v 0.129666 -0.003035 0.035962
v 0.139193 0.001495 0.049304
v 0.149836 0.001922 0.043139
v 0.122914 -0.004808 0.044499
v 0.132366 -0.002229 0.054239
v 0.125000 -0.005622 0.052356
v 0.113816 -0.005254 0.060219
v 0.128425 -0.005446 0.063590
v 0.122305 -0.004895 0.070415
v 0.154725 0.004204 0.027056
v 0.144266 0.011348 -0.048506
v 0.132489 0.009840 -0.053335
v 0.115442 0.001464 0.077832
v 0.103177 -0.001303 0.062624
v 0.088288 0.002352 0.068206
v 0.098596 0.001764 0.087068
v 0.078095 0.001930 0.092413
v 0.060775 0.002496 0.075754
v 0.061685 0.002159 0.085202
v 0.058843 0.003421 0.070545
v 0.067348 0.002344 0.092999
v 0.073992 0.002268 0.066739
v 0.116130 0.012953 -0.054803
v 0.109200 0.015100 -0.050165
v -0.196318 0.264411 -0.032142
v -0.211012 0.256915 -0.021232
v -0.197103 0.262899 -0.011035
v -0.212831 0.255546 -0.006874
v -0.182226 0.271514 -0.027566
v -0.205714 0.257436 0.006577
v -0.212923 0.255456 -0.034677
v -0.213206 0.252905 0.007344
v -0.193831 0.264165 -0.048013
v -0.180896 0.272646 -0.037349
v -0.200280 0.257745 -0.056093
v -0.212058 0.254491 -0.048268
v -0.215200 0.253374 -0.044885
v -0.211659 0.254455 -0.056775
v -0.177531 0.276741 -0.032723
v -0.174054 0.274582 -0.006349
v -0.182571 0.266309 -0.005519
v -0.199534 0.253875 -0.064991
v -0.223289 0.253080 0.003913
v -0.235629 0.253607 -0.003479
v -0.226683 0.257846 -0.022007
v -0.237151 0.257978 -0.018007
v -0.236256 0.255835 -0.006291
v -0.229563 0.258679 -0.040849
v -0.236557 0.260583 -0.024061
v -0.218538 0.259426 -0.068747
v -0.210790 0.258577 -0.076313
v -0.224471 0.257729 -0.079645
v -0.233768 0.254446 -0.080169
v -0.231103 0.255246 -0.067408
v -0.218711 0.258020 -0.061537
v -0.238392 0.251001 -0.069635
v -0.203547 0.254832 -0.083241
v -0.237353 0.261290 -0.046341
v -0.239768 0.264365 -0.052519
v -0.225605 0.261259 -0.053738
v -0.245348 0.260925 -0.064754
v -0.258046 0.254258 -0.055426
v -0.250541 0.260106 -0.044226
v -0.239804 0.263656 -0.047460
v -0.266641 0.259755 -0.041780
v -0.278535 0.255832 -0.051115
v -0.286729 0.258984 -0.039918
v -0.300059 0.254491 -0.048369
v -0.316950 0.253286 -0.039901
v -0.328237 0.246540 -0.050903
v -0.351178 0.247989 -0.033368
v -0.338178 0.250399 -0.033606
v -0.339976 0.250670 -0.013631
v -0.353240 0.248382 -0.013862
v -0.316292 0.257363 -0.034624
v -0.321710 0.256730 -0.013266
v -0.299006 0.264164 -0.012675
v -0.292981 0.266586 -0.034951
v -0.283305 0.269383 -0.012503
v -0.353787 0.242737 -0.047338
v -0.273053 0.273790 -0.018737
v -0.277475 0.272410 -0.038045
v -0.256286 0.277973 -0.034725
v -0.239792 0.282681 -0.023549
v -0.241376 0.278559 -0.042540
v -0.263791 0.273956 -0.011197
v -0.244957 0.277841 -0.011057
v -0.280567 0.246196 -0.066262
v -0.262510 0.247850 -0.066874
v -0.307521 0.246459 -0.058898
v -0.344383 0.245323 -0.003281
v -0.356052 0.243394 -0.002185
v -0.326601 0.248363 -0.000421
v -0.305940 0.254261 0.001749
v -0.240568 0.274106 -0.003548
v -0.342035 0.241619 -0.052531
v -0.257368 0.248832 -0.072031
v -0.270894 0.266421 -0.000955
v -0.218866 0.251286 -0.086940
v -0.241093 0.242896 -0.078900
v 0.051753 0.092383 0.087214
v 0.063402 0.089725 0.081179
v 0.067823 0.090350 0.103557
v 0.028576 0.092964 0.089342
v 0.028693 0.091471 0.104208
v 0.070591 0.090970 0.090475
v 0.073117 0.088276 0.076562
v 0.066316 0.091201 0.106305
v 0.074346 0.088574 0.094733
v 0.086858 0.089069 0.096422
v 0.087064 0.087948 0.063110
v 0.083919 0.091290 0.104232
v 0.105116 0.091939 0.060747
v 0.106657 0.090417 0.083362
v 0.099472 0.093414 0.052973
v 0.113949 0.095359 0.076023
v 0.023942 0.095829 0.093509
v 0.016038 0.096761 0.093093
v 0.008614 0.097103 0.088173
v 0.037406 0.088389 0.083995
v 0.012311 0.099954 0.096050
v 0.031652 0.094512 0.108755
v 0.067293 0.083810 0.073496
v 0.049249 0.081359 0.078898
v 0.082946 0.082895 0.060540
v 0.094914 0.084642 0.047328
v -0.116037 0.038007 0.017165
v -0.114341 0.025129 -0.004278
v -0.115702 0.005292 -0.003402
v -0.117828 0.005624 0.013711
v -0.111272 0.049262 -0.001790
v -0.117093 0.018284 0.017932
v -0.111799 0.053674 0.018434
v -0.110190 0.004550 -0.008196
v -0.085400 0.029749 -0.053177
v -0.085772 -0.004277 -0.053527
v -0.085567 0.004796 -0.045395
v -0.084015 0.033761 -0.047188
v -0.080258 0.052132 -0.052614
v -0.085722 0.033107 -0.035546
v -0.082501 0.038538 -0.059909
v -0.080779 0.052922 -0.039972
v -0.089353 0.006730 -0.032648
v -0.090099 0.032294 -0.025114
v -0.086895 0.051948 -0.019362
v -0.094389 0.007891 -0.023081
v -0.097425 0.038745 -0.009257
v -0.103462 0.007562 -0.013622
v -0.093272 0.052198 -0.006938
v 0.063099 0.404486 0.020073
v 0.064211 0.395997 0.039746
v 0.064181 0.379361 0.016645
v 0.064385 0.362636 0.029702
v 0.064483 0.367119 0.042284
v 0.064012 0.381281 0.049137
v 0.062278 0.388839 0.007794
v 0.062537 0.349141 0.038065
v 0.063624 0.352098 0.024392
v 0.061760 0.354096 0.011171
v 0.061641 0.362825 0.017728
v 0.060122 0.358594 0.007625
v 0.059061 0.373917 0.004352
v 0.059335 0.410827 0.042406
v 0.059855 0.361119 0.054298
v 0.060708 0.346105 0.041618
v 0.061789 0.341387 0.035380
v 0.057559 0.405161 0.050550
v 0.057929 0.391298 0.056123
v 0.059637 0.411102 0.025545
v 0.056480 0.401783 0.003476
v 0.053706 0.387055 -0.002951
v 0.053129 0.419093 -0.003079
v 0.016568 0.365382 0.090589
v 0.010466 0.366152 0.109688
v 0.012980 0.358526 0.095002
v 0.016219 0.350917 0.091460
v 0.008168 0.341574 0.112729
v 0.012615 0.337407 0.101150
v 0.011500 0.359335 0.110637
v 0.012466 0.373331 0.090076
v 0.016497 0.335130 0.098167
v 0.026064 0.344291 0.082446
v 0.022709 0.326063 0.086443
v 0.026918 0.334058 0.077829
v 0.033408 0.346424 0.058320
v 0.033087 0.363236 0.075586
v 0.027524 0.361284 0.082575
v 0.033271 0.383388 0.076940
v 0.027210 0.385867 0.083257
v 0.028268 0.406436 0.076643
v 0.039272 0.385258 0.058056
v 0.040522 0.362036 0.052482
v 0.036314 0.335401 0.049907
v 0.044239 0.352606 0.043119
v 0.045670 0.346998 0.038388
v 0.043138 0.330120 0.037815
v 0.035360 0.316804 0.048350
v 0.041915 0.402804 0.053727
v 0.038746 0.408353 0.063160
v 0.046274 0.420321 0.045778
v 0.047145 0.412191 0.042707
v 0.027992 0.331879 0.060220
v 0.048855 0.346220 0.026015
v 0.050856 0.335324 0.024157
v 0.053508 0.341032 0.016511
v 0.032404 0.405566 0.073209
v 0.026925 0.305985 0.055746
v 0.018981 0.319224 0.069406
v 0.025892 0.302892 0.058176
v 0.018762 0.313527 0.070885
v 0.015767 0.314839 0.085825
v 0.016602 0.308105 0.081055
v 0.016602 0.306396 0.080078
v 0.041626 0.417412 0.064328
v 0.049530 0.324871 0.030696
v 0.045709 0.315721 0.039196
v 0.040244 0.415498 0.072523
v 0.051361 0.423146 0.043573
v 0.049724 0.412938 0.034559
v 0.056292 0.426687 0.032450
v 0.052104 0.413058 0.020521
v 0.055161 0.415317 0.005701
v 0.056480 0.401783 0.003476
v 0.056525 0.424875 0.007554
v 0.007804 0.353560 0.104677
v 0.056028 0.333409 0.020466
v 0.005488 0.360762 0.114224
v 0.020113 0.303413 0.062847
v 0.024554 0.295274 0.060728
v 0.008896 0.383269 0.092782
v 0.006862 0.374924 0.094127
v 0.032442 0.292939 0.057991
v 0.053993 0.431965 0.018135
v 0.053129 0.419093 -0.003079
v 0.019543 0.394154 0.084065
v 0.016557 0.411921 0.082599
v 0.007912 0.303526 0.068692
v 0.009389 0.297144 0.064566
v 0.041054 0.411831 0.072130
v 0.040784 0.411437 0.092501
v 0.005315 0.344294 0.112426
v 0.002936 0.395413 0.088521
v 0.003291 0.412275 0.086580
v 0.005671 0.369215 0.109773
v 0.052429 0.431462 0.022088
v -0.157905 -0.151283 -0.024292
v -0.143974 -0.156766 -0.020166
v -0.143443 -0.157959 0.009456
v -0.167967 -0.150319 0.013876
v -0.153133 -0.154757 -0.037147
v -0.144424 -0.159297 -0.039293
v -0.157099 -0.155574 0.016883
v -0.144383 -0.157648 0.016459
v -0.162416 -0.147447 -0.021008
v -0.139127 -0.163452 0.016530
v -0.142670 -0.158639 -0.002412
v -0.139181 -0.160944 0.026893
v -0.131199 -0.166760 0.027753
v -0.137992 -0.170696 -0.032328
v -0.140438 -0.168074 0.014958
v 0.030786 0.096554 -0.100795
v -0.000275 0.099613 -0.083197
v 0.052840 0.093183 -0.084755
v 0.019049 0.096754 -0.076150
v -0.001367 0.099195 -0.097456
v -0.009000 0.097820 -0.067488
v 0.010066 0.096151 -0.068777
v 0.050376 0.090546 -0.071859
v 0.078476 0.087193 -0.069103
v 0.083078 0.087357 -0.073607
v 0.083854 0.087191 -0.083121
v 0.074933 0.087500 -0.098028
v -0.022385 0.096994 -0.073557
v 0.014443 0.095725 -0.113588
v 0.031799 0.094567 -0.111693
v 0.054968 0.088748 -0.110274
v -0.021784 0.096248 -0.097015
v -0.005275 0.095863 -0.111504
v 0.088592 0.083150 -0.094847
v 0.028143 0.091723 -0.068405
v 0.049127 0.090435 -0.065953
v 0.063615 0.084767 -0.064445
v 0.081403 0.080486 -0.110396
v 0.030763 0.085722 -0.127759
v 0.057082 0.082424 -0.119157
v 0.018580 0.085407 -0.129309
v -0.001892 0.090178 -0.120586
v 0.075699 0.089811 -0.060689
v -0.024318 0.085368 -0.113045
v -0.030575 0.089804 -0.082961
v -0.034251 0.086505 -0.097486
v -0.014007 0.096124 -0.068422
v -0.018022 0.095438 -0.064241
v 0.115995 0.028985 0.050193
v 0.105827 0.038693 0.055505
v 0.118280 0.011347 0.053220
v 0.109720 0.047602 0.047818
v 0.104018 0.057584 0.045795
v 0.095981 0.057294 0.055762
v 0.093696 0.062223 0.049136
v 0.075232 0.057047 0.068244
v 0.081612 0.061655 0.060333
v 0.096053 0.069811 0.047361
v 0.082946 0.082895 0.060540
v 0.094914 0.084642 0.047328
v 0.064483 0.075827 0.072828
v 0.110923 0.082908 0.020413
v 0.101705 0.061292 0.037895
v 0.057454 0.059914 0.073175
v 0.059761 0.055323 0.075020
v 0.047910 0.070443 0.078322
v 0.049249 0.081359 0.078898
v 0.067293 0.083810 0.073496
v 0.109457 0.064249 0.020927
v 0.113690 0.059120 0.024305
v 0.112093 0.095058 0.024155
v 0.111282 0.059656 0.045760
v 0.135247 0.017880 0.054862
v 0.131019 0.002991 0.056210
v 0.140913 0.007253 0.051836
v 0.132190 0.030762 0.054321
v 0.139681 0.039049 0.038794
v 0.148977 0.016576 0.037198
v 0.141609 0.047045 0.033397
v 0.131738 0.058638 0.036728
v 0.149836 0.001922 0.043139
v 0.122982 0.058249 0.050920
v 0.133573 0.063356 0.026418
v 0.132366 -0.002229 0.054239
v 0.124631 0.000142 0.067908
v 0.128425 -0.005446 0.063590
v 0.122305 -0.004895 0.070415
v 0.121898 0.001990 0.071450
v 0.112695 0.026936 0.069202
v 0.115442 0.001464 0.077832
v 0.111397 0.023764 0.076506
v 0.097964 0.027694 0.084633
v 0.090836 0.057842 0.081599
v 0.101346 0.059897 0.071173
v 0.072503 0.039357 0.095418
v 0.069798 0.057395 0.092076
v 0.098596 0.001764 0.087068
v 0.087110 0.004817 0.090110
v 0.069684 0.017057 0.095842
v 0.078095 0.001930 0.092413
v 0.150110 0.021414 0.027783
v 0.154725 0.004204 0.027056
v 0.157879 0.014793 0.009556
v 0.153068 0.031015 0.008550
v 0.141954 0.048834 0.025076
v 0.138369 0.064485 0.008348
v 0.146739 0.047008 0.008500
v 0.158543 0.005679 0.008979
v 0.067348 0.002344 0.092999
v 0.139193 0.001495 0.049304
v 0.248031 -0.303062 -0.034417
v 0.247929 -0.307567 -0.022002
v 0.250856 -0.312350 -0.045845
v 0.246771 -0.296705 -0.022897
v 0.247113 -0.293298 -0.034769
v 0.248107 -0.326664 -0.038351
v 0.244914 -0.327596 -0.016926
v 0.244166 -0.316079 -0.005545
v 0.240803 -0.326489 0.002119
v 0.249705 -0.318376 -0.051033
v 0.247185 -0.328676 -0.047522
v 0.242007 -0.331548 0.006932
v 0.240687 -0.304252 -0.011734
v 0.235401 -0.290519 -0.007849
v 0.238421 -0.280806 -0.033685
v 0.233454 -0.280244 -0.017522
v 0.232057 -0.267821 -0.018355
v 0.234767 -0.270868 -0.031801
v 0.223233 -0.274041 0.002803
v 0.221129 -0.247677 -0.009589
v 0.218231 -0.257326 0.008396
v 0.228635 -0.260193 -0.032940
v 0.224606 -0.248350 -0.029639
v 0.216449 -0.239658 -0.014579
v 0.219012 -0.249380 0.006815
v 0.213886 -0.231425 0.007510
v 0.215266 -0.247432 0.015271
v 0.209683 -0.216694 0.007246
v 0.206497 -0.218765 0.024966
v 0.202962 -0.204319 0.015053
v 0.200839 -0.195657 0.009367
v 0.196580 -0.195760 0.025698
v 0.208318 -0.233108 0.041802
v 0.204291 -0.215111 0.046863
v 0.190759 -0.188242 0.026659
v 0.197001 -0.198720 0.044716
v 0.203272 -0.200849 -0.002581
v 0.211477 -0.251753 0.034797
v 0.215046 -0.266493 0.023692
v 0.185267 -0.175975 0.022227
v 0.186443 -0.167832 0.008086
v 0.181849 -0.158219 0.024427
v 0.211895 -0.228358 -0.015096
v 0.185717 -0.153089 0.008710
v 0.176145 -0.162583 0.036318
v 0.179549 -0.179679 0.034776
v 0.187733 -0.176044 -0.007472
v 0.220706 -0.248262 -0.047825
v 0.215130 -0.268590 0.014690
v 0.180477 -0.184462 0.041281
v 0.206033 -0.226390 -0.035932
v 0.211924 -0.238415 -0.033248
v 0.231810 -0.280934 -0.050571
v 0.204813 -0.220620 -0.011047
v 0.192254 -0.187603 -0.003679
v 0.243097 -0.291128 -0.045359
v 0.191733 -0.193295 -0.022285
v 0.192569 -0.203994 -0.032625
v 0.181530 -0.154292 -0.007603
v 0.180707 -0.170642 -0.014209
v 0.183757 -0.188667 -0.024050
v 0.194379 -0.217460 -0.034619
v 0.177296 -0.178708 -0.030787
v 0.176408 -0.154468 -0.021261
v 0.178186 -0.191193 -0.035663
v 0.253842 -0.334053 -0.047782
v 0.242437 -0.303672 -0.044245
v 0.222620 -0.277934 -0.061882
v 0.229986 -0.292093 -0.062446
v 0.234523 -0.306780 -0.054350
v 0.260570 -0.333299 -0.031980
v 0.255965 -0.339698 -0.048846
v 0.260729 -0.337580 -0.034274
v 0.260512 -0.340446 -0.009607
v 0.255451 -0.333228 -0.005260
v 0.253436 -0.343895 0.003710
v 0.173589 -0.171916 -0.025217
v 0.238153 -0.319215 -0.064632
v 0.178709 -0.148465 0.036166
v 0.169666 -0.157171 -0.030550
v 0.183960 -0.151172 0.024115
v 0.189215 -0.223342 -0.049068
v 0.212127 -0.247778 -0.056138
v 0.203004 -0.236385 -0.042388
v 0.211746 -0.275200 0.027230
v 0.186719 -0.198491 0.053915
v 0.171952 -0.183285 0.042370
v 0.169795 -0.154247 0.045278
v 0.242067 -0.345433 -0.061811
v 0.237153 -0.330411 -0.055523
v 0.224160 -0.336282 -0.068532
v 0.231095 -0.348109 -0.072641
v 0.219511 -0.348253 -0.081162
v 0.215158 -0.280977 -0.068546
v 0.205039 -0.249467 -0.061268
v 0.222201 -0.310799 -0.066296
v 0.215978 -0.338149 -0.075114
v 0.171556 -0.190636 0.051653
v -0.003260 0.050818 -0.129070
v -0.001894 0.082588 -0.126875
v 0.014863 0.050573 -0.134567
v 0.001881 0.021677 -0.130574
v 0.018969 0.020623 -0.135506
v 0.018580 0.085407 -0.129309
v 0.028220 0.045733 -0.135826
v 0.039425 0.049788 -0.134924
v 0.046033 0.020389 -0.134943
v 0.045724 0.069349 -0.128860
v 0.030763 0.085722 -0.127759
v 0.059343 0.048965 -0.129372
v 0.072353 0.019761 -0.124298
v 0.081403 0.080486 -0.110396
v 0.057082 0.082424 -0.119157
v 0.079514 0.065262 -0.114537
v 0.084019 0.071729 -0.111439
v 0.078586 0.047019 -0.117966
v 0.093498 0.016768 -0.106536
v 0.088234 0.045875 -0.109249
v 0.090043 0.070686 -0.102725
v -0.001892 0.090178 -0.120586
v -0.024318 0.085368 -0.113045
v -0.023454 0.073703 -0.114512
v -0.008426 0.020938 -0.124200
v -0.018491 0.049181 -0.118506
v 0.071009 0.143701 0.092621
v 0.065586 0.163451 0.111145
v 0.064927 0.137145 0.108388
v 0.066316 0.091201 0.106305
v 0.070591 0.090970 0.090475
v 0.067362 0.174882 0.090794
v 0.066533 0.176761 0.104980
v 0.065922 0.167579 0.111490
v 0.067823 0.090350 0.103557
v -0.181446 -0.414324 -0.013074
v -0.189273 -0.422141 -0.001589
v -0.186754 -0.440091 -0.008823
v -0.187852 -0.409004 -0.003946
v -0.199085 -0.416224 0.009989
v -0.197894 -0.405744 0.006426
v -0.194423 -0.431381 0.009016
v -0.190371 -0.444161 0.005435
v -0.203786 -0.425234 0.016590
v -0.177542 -0.423168 -0.024796
v -0.170198 -0.405967 -0.034218
v -0.197767 -0.442412 0.029770
v -0.194486 -0.451814 0.031614
v -0.200562 -0.451140 0.051850
v -0.195363 -0.467154 0.027396
v -0.201904 -0.466095 0.051292
v -0.208267 -0.463173 0.066269
v -0.210503 -0.443971 0.067753
v -0.193067 -0.464381 0.003258
v -0.185450 -0.450929 -0.024776
v -0.179500 -0.441195 -0.034837
v -0.173911 -0.418415 -0.036209
v -0.168899 -0.410535 -0.048463
v -0.164350 -0.383326 -0.048617
v -0.191140 -0.463703 -0.018945
v -0.178128 -0.402630 -0.011527
v -0.165076 -0.384317 -0.036853
v -0.171574 -0.399644 -0.022836
v -0.169968 -0.380313 -0.021577
v -0.167857 -0.361349 -0.035562
v -0.182720 -0.450492 -0.038184
v -0.185074 -0.470149 -0.027440
v -0.181559 -0.470674 -0.050081
v -0.181078 -0.448415 -0.050685
v -0.174447 -0.418742 -0.051013
v -0.171965 -0.360987 -0.025009
v -0.178570 -0.368326 -0.009747
v -0.184123 -0.392632 -0.003502
v -0.186565 -0.402359 0.002308
v -0.167601 -0.363080 -0.051097
v -0.183595 -0.470208 -0.065999
v -0.184400 -0.447173 -0.065371
v -0.182764 -0.442059 -0.065398
v -0.181065 -0.431508 -0.062120
v -0.168826 -0.376718 -0.062968
v -0.219117 -0.458023 0.076393
v -0.170732 -0.365795 -0.062301
v -0.173288 -0.407189 -0.059054
v -0.206795 -0.439467 0.049195
v -0.182995 -0.359914 -0.010709
v -0.184352 -0.358169 -0.008293
v -0.191975 -0.396852 0.005006
v -0.189297 -0.371661 -0.001958
v -0.181457 -0.412231 -0.063718
v -0.194092 -0.467774 -0.083115
v -0.193771 -0.454908 -0.082686
v -0.188123 -0.444277 -0.071891
v -0.194361 -0.438974 -0.080858
v -0.186425 -0.409638 -0.067311
v -0.176396 -0.406666 -0.063762
v -0.178504 -0.375737 -0.070724
v -0.206959 -0.432974 0.031059
v -0.193340 -0.359119 -0.005789
v 0.242271 0.283112 -0.018993
v 0.225824 0.288753 -0.005324
v 0.245706 0.282437 -0.007427
v 0.209923 0.296255 -0.017737
v 0.201841 0.297268 -0.006906
v 0.174582 0.307733 -0.018279
v 0.184083 0.303116 -0.005960
v 0.169394 0.309851 -0.005419
v 0.162165 0.312989 -0.019414
v 0.152418 0.316752 -0.005539
v 0.162137 0.310625 0.007057
v 0.146379 0.317595 -0.018384
v 0.128580 0.321339 -0.019202
v 0.141804 0.317233 0.006507
v 0.127633 0.321321 0.001432
v 0.116231 0.322612 -0.018828
v 0.109869 0.323632 -0.000113
v 0.098987 0.328941 -0.007977
v 0.105161 0.322627 -0.031225
v 0.098375 0.322342 0.017138
v 0.217808 0.284955 0.012983
v 0.185805 0.297510 0.006308
v 0.237664 0.278884 0.007983
v 0.247517 0.276685 0.008311
v 0.144935 0.309830 0.021423
v 0.126009 0.314417 0.021363
v 0.115918 0.315175 0.022100
v 0.098281 0.313655 0.033977
v 0.232643 0.272781 0.021953
v 0.207936 0.283128 0.020862
v 0.182832 0.291366 0.020371
v 0.169599 0.298434 0.020575
v 0.247838 0.267269 0.021193
v 0.118381 0.303420 0.034867
v 0.253180 0.276975 0.009150
v 0.273413 0.281688 -0.007307
v 0.268001 0.277437 0.006987
v 0.274405 0.275580 0.007629
v 0.290148 0.279388 -0.005543
v 0.313079 0.274792 0.006467
v 0.324068 0.275665 -0.004444
v 0.351392 0.267895 0.009014
v 0.360641 0.267551 -0.001687
v 0.327029 0.268916 0.013879
v 0.366079 0.265732 0.009493
v 0.364946 0.260068 0.019245
v 0.333176 0.264734 0.018280
v 0.300179 0.278127 -0.015572
v 0.251876 0.283482 -0.017328
v 0.262307 0.281039 -0.017971
v 0.373490 0.261475 -0.003681
v 0.284180 0.278564 -0.017563
v 0.284180 0.278564 -0.018066
v 0.323922 0.273553 -0.017016
v 0.342490 0.269090 -0.015607
v 0.293552 0.267934 0.016859
v 0.393688 0.259593 0.013264
v 0.378037 0.259832 0.022521
v 0.394625 0.257509 0.022914
v 0.402483 0.255174 0.013858
v 0.398877 0.254911 0.024718
v 0.426489 0.256063 0.025129
v 0.426420 0.251035 0.036710
v 0.428775 0.254162 0.013113
v 0.279718 0.278295 -0.018086
v 0.284180 0.278564 -0.017578
v 0.399538 0.249520 0.035445
v 0.392755 0.251247 0.032241
v 0.394905 0.255757 0.000699
v 0.140655 0.313779 -0.035530
v 0.127931 0.315402 -0.036079
v 0.119327 0.316656 -0.034591
v 0.191554 0.297713 -0.032333
v 0.167017 0.306407 -0.031368
v 0.302901 0.274506 -0.025106
v 0.214742 0.290905 -0.028948
v 0.233969 0.281118 -0.034054
v 0.239976 0.281128 -0.033436
v 0.285889 0.277832 -0.019958
v 0.408063 0.249411 0.004206
v 0.285099 0.274538 -0.029313
v 0.265874 0.273727 -0.033475
v 0.349607 0.265700 -0.017016
v 0.415505 0.250701 0.002851
v 0.367465 0.260018 -0.012286
v 0.375830 0.251501 0.033983
v 0.316265 0.267297 -0.031556
v 0.254538 0.271587 -0.042870
v 0.098077 0.329846 -0.025035
v 0.098383 0.323756 -0.037547
v 0.290017 0.268389 -0.038479
v 0.213328 0.283212 -0.042123
v 0.159164 0.299280 -0.047347
v 0.236100 0.274057 -0.045243
v 0.165185 0.300072 -0.041362
v 0.105535 0.310870 -0.047562
v 0.149174 0.297587 0.032667
v 0.272003 0.266598 0.017799
v 0.161967 0.289396 0.033964
v 0.172239 0.288530 0.028406
v 0.185427 0.281971 0.027699
v 0.112262 0.295385 0.042440
v 0.095955 0.308258 0.042665
v 0.094207 0.295066 0.052654
v 0.178334 -0.072244 0.039343
v 0.158646 -0.073949 0.036765
v 0.162766 -0.089454 0.039889
v 0.172994 -0.093130 0.041626
v 0.164176 -0.057330 0.033331
v 0.167305 -0.105675 0.041522
v 0.189136 -0.121561 0.041204
v 0.194175 -0.115770 0.040130
v 0.200240 -0.142927 0.041682
v 0.182415 -0.144744 0.040378
v 0.174405 -0.124442 0.040346
v 0.188057 -0.090427 0.039092
v 0.176981 -0.045881 0.029178
v 0.179186 -0.063996 0.036410
v 0.156494 -0.064466 0.032504
v 0.158013 -0.051883 0.028014
v 0.158578 -0.035857 0.025270
v 0.178044 -0.036574 0.025100
v 0.152976 -0.050598 0.024447
v 0.154793 -0.037165 0.021876
v 0.015264 0.417877 0.109270
v 0.001195 0.419288 0.102624
v -0.000088 0.417211 0.115080
v 0.008443 0.420566 0.089005
v 0.022757 0.419586 0.085209
v 0.019053 0.412299 0.131479
v -0.001860 0.412538 0.134684
v 0.022873 0.416437 0.107949
v 0.032265 0.410929 0.120513
v 0.032753 0.417350 0.080732
v 0.035240 0.412647 0.106784
v -0.016052 0.417407 0.087166
v -0.014506 0.415360 0.104680
v -0.011385 0.412874 0.123765
v 0.040784 0.411437 0.092501
v 0.040244 0.415498 0.072523
v 0.041626 0.417412 0.064328
v -0.017567 0.407808 0.128932
v -0.029020 0.404064 0.119617
v -0.027877 0.408177 0.098344
v -0.027895 0.411977 0.079456
v -0.036292 0.400697 0.104447
v -0.034812 0.406020 0.070838
v 0.023238 0.410303 0.130030
v 0.089099 0.183649 0.080433
v 0.075497 0.184225 0.085759
v 0.103098 0.181498 0.090549
v 0.083881 0.181123 0.107746
v 0.101630 0.183243 0.072049
v 0.113201 0.181252 0.072357
v 0.078715 0.181756 0.102257
v 0.116148 0.178814 0.077110
v 0.102111 0.178096 0.057039
v 0.072376 0.181794 0.091648
v 0.045013 0.166992 0.112305
v 0.065586 0.163451 0.111145
v 0.046234 0.168091 0.112305
v 0.035910 0.156567 0.112787
v 0.064927 0.137145 0.108388
v 0.057729 0.112833 0.108899
v 0.034808 0.121151 0.110659
v 0.031652 0.094512 0.108755
v 0.066316 0.091201 0.106305
v 0.046753 0.168091 0.112305
v 0.027227 0.181167 0.112375
v 0.046452 0.172170 0.110009
v 0.044225 0.180848 0.110129
v 0.048248 0.169312 0.111572
v 0.054927 0.168026 0.111328
v 0.065922 0.167579 0.111490
v 0.027541 0.144049 0.105926
v 0.063465 0.171978 0.108359
v 0.066533 0.176761 0.104980
v 0.026943 0.116499 0.104105
v 0.028693 0.091471 0.104208
v -0.208093 -0.402776 -0.073962
v -0.192867 -0.402752 -0.073344
v -0.195757 -0.407091 -0.072544
v -0.188577 -0.372026 -0.072890
v -0.178504 -0.375737 -0.070724
v -0.177793 -0.366844 -0.069707
v -0.205440 -0.372869 -0.071531
v -0.193140 -0.358220 -0.069568
v -0.204664 -0.442011 -0.083166
v -0.219000 -0.438348 -0.082737
v -0.218020 -0.447586 -0.083443
v -0.201914 -0.462673 -0.085216
v -0.220995 -0.466825 -0.084402
v -0.194361 -0.438974 -0.080858
v -0.193771 -0.454908 -0.082686
v -0.194092 -0.467774 -0.083115
v -0.209203 -0.356074 -0.062920
v -0.226080 -0.397160 -0.063960
v -0.223698 -0.406233 -0.067222
v -0.226626 -0.417826 -0.068785
v -0.219252 -0.370854 -0.063738
v -0.223170 -0.355942 -0.050322
v -0.227523 -0.373634 -0.056233
v -0.237187 -0.381845 -0.049389
v -0.235236 -0.366893 -0.049770
v -0.230692 -0.365111 -0.044142
v -0.186425 -0.409638 -0.067311
v -0.176396 -0.406666 -0.063762
v -0.168826 -0.376718 -0.062968
v -0.170732 -0.365795 -0.062301
v -0.110190 0.004550 -0.008196
v -0.095200 0.004171 -0.007259
v -0.096168 0.002030 0.015115
v -0.111812 0.001870 0.019884
v -0.115702 0.005292 -0.003402
v -0.104007 -0.000460 0.024012
v -0.103462 0.007562 -0.013622
v -0.092517 0.004446 -0.013657
v -0.094389 0.007891 -0.023081
v -0.117828 0.005624 0.013711
v -0.255252 -0.452337 0.018965
v -0.253387 -0.451166 0.002212
v -0.254494 -0.468555 0.017259
v -0.250257 -0.467274 -0.005376
v -0.246536 -0.447708 -0.019948
v -0.244029 -0.464376 -0.024219
v -0.240907 -0.463843 -0.033165
v -0.243235 -0.440637 -0.033582
v -0.238389 -0.450229 -0.048000
v -0.235761 -0.438241 -0.064902
v -0.233929 -0.446252 -0.065930
v -0.237581 -0.470048 -0.053202
v -0.241020 -0.470357 -0.034360
v -0.238665 -0.416468 -0.046226
v -0.234917 -0.468939 -0.066930
v -0.246046 -0.437818 -0.014776
v -0.240053 -0.417825 -0.037169
v -0.242209 -0.407223 -0.043649
v -0.254069 -0.451666 0.040008
v -0.254156 -0.466651 0.034966
v -0.238443 -0.410968 -0.022182
v -0.239099 -0.404220 -0.022090
v -0.242381 -0.428953 -0.012290
v -0.236449 -0.387066 -0.031393
v -0.237187 -0.381845 -0.049389
v -0.234005 -0.369189 -0.037908
v -0.242079 -0.404540 -0.049657
v -0.235236 -0.366893 -0.049770
v -0.226626 -0.417826 -0.068785
v -0.232741 -0.412077 -0.057835
v -0.234894 -0.408739 -0.054948
v -0.246812 -0.438084 0.001752
v -0.230270 -0.369782 -0.022343
v -0.249879 -0.442318 0.022660
v -0.244352 -0.411594 -0.047135
v -0.250205 -0.464610 0.051424
v -0.250173 -0.449892 0.053498
v -0.220995 -0.466825 -0.084402
v -0.223698 -0.406233 -0.067222
v -0.226080 -0.397160 -0.063960
v -0.218020 -0.447586 -0.083443
v -0.219000 -0.438348 -0.082737
v -0.236256 -0.415591 -0.009727
v -0.232887 -0.398651 -0.010605
v -0.238615 -0.428472 0.001023
v -0.226910 -0.371452 -0.012786
v -0.244396 -0.441291 0.051288
v -0.219364 -0.356107 -0.011756
v -0.225892 -0.355973 -0.036154
v -0.230692 -0.365111 -0.044142
v -0.223170 -0.355942 -0.050322
v -0.243478 -0.450089 0.065497
v -0.241870 -0.459510 0.068623
v -0.223197 -0.406065 0.005087
v -0.234661 -0.437203 0.067886
v -0.222726 -0.397895 0.004206
v -0.218928 -0.372797 -0.002258
v -0.228092 -0.423959 0.012748
v 0.139120 -0.057456 0.052684
v 0.117345 -0.051187 0.061492
v 0.131425 -0.057434 0.057664
v 0.125082 -0.059815 0.062260
v 0.122795 -0.023176 0.050054
v 0.110090 -0.026470 0.060731
v 0.116661 -0.010677 0.052480
v 0.104674 -0.015380 0.063735
v 0.122914 -0.004808 0.044499
v 0.108441 -0.004871 0.059557
v 0.092731 -0.005428 0.065423
v 0.091987 -0.028527 0.074619
v 0.105836 -0.047013 0.064449
v 0.104283 -0.031100 0.072204
v 0.141020 -0.043228 0.039796
v 0.145395 -0.069456 0.055588
v 0.104131 -0.039478 0.074188
v 0.132642 -0.025912 0.037523
v 0.127847 -0.008773 0.036809
v 0.156494 -0.064466 0.032504
v 0.158646 -0.073949 0.036765
v 0.151146 -0.083586 0.058669
v 0.162766 -0.089454 0.039889
v 0.157691 -0.105154 0.056093
v 0.150294 -0.106028 0.065887
v 0.167305 -0.105675 0.041522
v 0.174405 -0.124442 0.040346
v 0.164089 -0.123616 0.055924
v 0.170873 -0.147582 0.058482
v 0.159097 -0.134071 0.063462
v 0.151194 -0.120734 0.064249
v 0.152976 -0.050598 0.024447
v 0.177510 -0.145181 0.042903
v 0.182415 -0.144744 0.040378
v 0.148046 -0.094067 0.067915
v 0.146037 -0.040986 0.021838
v 0.153804 -0.046305 0.016330
v 0.132067 -0.006802 0.021515
v 0.135855 -0.024023 0.023682
v 0.129666 -0.003035 0.035962
v 0.148835 -0.075894 0.069161
v 0.138170 -0.027196 0.005735
v 0.132463 -0.011451 -0.004194
v 0.143355 -0.038243 -0.002848
v 0.131690 -0.000628 -0.003083
v 0.151132 -0.045118 0.005292
v 0.150442 -0.044386 -0.006923
v 0.136559 -0.032834 -0.019126
v 0.129954 -0.009481 -0.017971
v 0.143067 -0.056866 0.062848
v 0.140870 -0.055911 0.068472
v 0.142386 -0.041549 -0.016073
v 0.137980 -0.036897 -0.022458
v 0.131010 0.002118 -0.006186
v 0.129181 0.004478 -0.022181
v 0.133040 0.001615 0.000502
v 0.134552 0.001678 0.012760
v 0.135425 -0.000981 0.023764
v 0.106756 -0.034037 0.064722
v 0.433612 0.211973 0.056324
v 0.436081 0.202626 0.043445
v 0.441552 0.207909 0.068414
v 0.428788 0.213030 0.038576
v 0.429352 0.206216 0.025255
v 0.435784 0.196926 0.024524
v 0.422347 0.220893 0.043746
v 0.441330 0.188195 0.039359
v 0.441425 0.197104 0.059862
v 0.443336 0.182833 0.026705
v 0.446253 0.181967 0.055934
v 0.449214 0.183421 0.068503
v 0.443463 0.188031 0.014230
v 0.436189 0.202311 0.014689
v 0.425803 0.218279 0.059854
v 0.420595 0.227238 0.047374
v 0.417941 0.225911 0.072679
v 0.427252 0.215938 0.075383
v 0.426558 0.216851 0.086883
v 0.415928 0.226151 0.087973
v 0.430643 0.209472 0.012938
v 0.453659 0.175551 0.037782
v 0.418712 0.236944 0.045141
v 0.416246 0.235677 0.069247
v 0.456151 0.176652 0.061618
v 0.453291 0.176582 0.025393
v 0.452054 0.180527 0.014808
v 0.420200 0.225549 0.093589
v 0.437383 0.212695 0.086255
v 0.421414 0.237093 0.097077
v 0.427099 0.225510 0.097532
v 0.448348 0.208431 0.072936
v 0.453354 0.187431 0.072473
v -0.085772 -0.004277 -0.053527
v -0.104531 0.006884 -0.059939
v -0.095277 -0.007722 -0.055555
v -0.115537 -0.027446 -0.059427
v -0.085400 0.029749 -0.053177
v -0.083408 -0.027133 -0.052786
v -0.107020 0.032101 -0.062691
v -0.107364 -0.030461 -0.055248
v -0.104583 -0.036671 -0.053635
v -0.090689 -0.037912 -0.053081
v -0.105874 -0.048259 -0.055166
v -0.095756 0.038909 -0.062921
v -0.077231 -0.013098 -0.055391
v -0.074919 -0.001877 -0.048906
v -0.082886 0.002244 -0.051237
v -0.115577 -0.004994 -0.067390
v -0.113165 0.015396 -0.072260
v -0.126753 -0.026501 -0.073832
v -0.082501 0.038538 -0.059909
v -0.113481 0.031084 -0.072880
v -0.086527 -0.043738 -0.056227
v -0.121289 -0.014616 -0.074291
v -0.097347 0.042377 -0.069494
v -0.087627 0.041577 -0.065347
v -0.260295 0.226309 -0.002374
v -0.279950 0.231073 -0.002059
v -0.263069 0.212039 -0.002404
v -0.303880 0.218113 0.000557
v -0.303075 0.230859 0.000132
v -0.323771 0.223282 0.001401
v -0.309883 0.235124 -0.001985
v -0.326601 0.248363 -0.000421
v -0.309181 0.245793 -0.000686
v -0.344383 0.245323 -0.003281
v -0.343111 0.228545 -0.001635
v -0.356052 0.243394 -0.002185
v -0.360080 0.221182 -0.002043
v -0.334960 0.220577 -0.001128
v -0.305940 0.254261 0.001749
v -0.295081 0.253226 0.000736
v -0.270894 0.266421 -0.000955
v -0.259488 0.254517 -0.001766
v -0.240568 0.274106 -0.003548
v -0.237873 0.266395 -0.004426
v -0.239827 0.254905 -0.001462
v -0.298157 0.213049 -0.001255
v -0.268783 0.251277 -0.003287
v -0.291408 0.209241 -0.003467
v -0.256125 0.206872 -0.002964
v -0.252390 0.218864 0.003301
v -0.252348 0.203262 -0.005320
v -0.253117 0.228925 0.000658
v -0.243972 0.231692 0.001397
v -0.241758 0.221707 0.000242
v -0.231138 0.227271 0.005633
v -0.221494 0.241943 0.008024
v -0.219780 0.226842 0.008195
v -0.235656 0.247705 0.001477
v -0.223289 0.253080 0.003913
v -0.212861 0.244387 0.013123
v -0.213695 0.228341 0.014228
v -0.213206 0.252905 0.007344
v -0.312887 0.214185 -0.002846
v -0.214822 0.221546 0.010168
v -0.202178 0.226160 0.014834
v -0.206958 0.212703 0.005523
v -0.183519 0.219450 0.008197
v -0.235629 0.253607 -0.003479
v -0.265041 0.202639 -0.009347
v -0.192974 0.212153 0.002694
v -0.243175 0.217796 -0.005366
v -0.242757 0.210801 -0.009043
v -0.235783 0.212455 -0.007913
v -0.229910 0.221936 -0.001703
v -0.226308 0.202135 -0.006362
v -0.219241 0.221564 -0.001182
v -0.218429 0.200255 -0.006579
v -0.207454 0.208046 -0.000169
v -0.199301 0.201592 -0.006969
v -0.185782 0.205906 -0.006116
v -0.176425 0.213363 -0.005377
v -0.186596 0.226604 0.016922
v -0.168450 0.226752 0.014314
v -0.169585 0.219324 0.006080
v -0.144565 0.229081 0.011751
v -0.170249 0.213086 -0.005293
v -0.232557 0.204137 -0.023707
v -0.156420 0.215057 -0.012974
v -0.238785 0.202742 -0.028193
v -0.219852 0.196089 -0.034936
v -0.241821 0.197839 -0.038469
v -0.249239 0.197499 -0.024776
v -0.143159 0.222640 -0.005191
v -0.129374 0.227796 0.003846
v -0.132425 0.231203 0.011797
v -0.111820 0.230321 0.018466
v -0.105948 0.223240 0.006527
v -0.122379 0.232227 0.019602
v -0.108902 0.238371 0.028468
v -0.208172 0.228376 0.021800
v -0.303801 0.212994 -0.009124
v -0.276194 0.201052 -0.020886
v -0.286166 0.207294 -0.009123
v -0.306785 0.208195 -0.013445
v -0.316032 0.217386 -0.011876
v -0.329806 0.219034 -0.015090
v -0.323915 0.210459 -0.022075
v -0.340859 0.214330 -0.029463
v -0.333002 0.221742 -0.011314
v -0.356898 0.220342 -0.018327
v -0.354538 0.217064 -0.028855
v -0.219864 0.197936 -0.019173
v -0.176289 0.211476 -0.022249
v -0.309687 0.206652 -0.035956
v -0.249486 0.196491 -0.037057
v -0.328741 0.210863 -0.033354
v -0.276090 0.200353 -0.039138
v -0.353228 0.216495 -0.037890
v -0.351862 0.215999 -0.046296
v -0.325732 0.210713 -0.052158
v -0.141475 0.221441 -0.020711
v -0.264030 0.198755 -0.049802
v -0.287665 0.202769 -0.050798
v -0.208811 0.202516 -0.033496
v -0.196701 0.201991 -0.018263
v -0.182827 0.206685 -0.021593
v -0.244584 0.197822 -0.050605
v -0.234547 0.195214 -0.050861
v -0.223171 0.197248 -0.043767
v -0.223429 0.196006 -0.051762
v -0.307978 0.208262 -0.055722
v -0.153415 0.217018 -0.035703
v 0.061631 0.052230 0.084869
v 0.057163 0.048389 0.076179
v 0.061685 0.002159 0.085202
v 0.057219 0.013423 0.073463
v 0.069684 0.017057 0.095842
v 0.067348 0.002344 0.092999
v 0.069798 0.057395 0.092076
v 0.072503 0.039357 0.095418
v 0.059761 0.055323 0.075020
v 0.060775 0.002496 0.075754
v 0.058843 0.003421 0.070545
v 0.024802 0.389816 -0.018986
v 0.037222 0.395552 -0.010798
v 0.029311 0.379736 -0.016988
v 0.027209 0.410853 -0.015501
v 0.024757 0.370982 -0.018181
v 0.017768 0.384333 -0.023635
v 0.017995 0.366178 -0.020745
v 0.029936 0.354432 -0.017083
v 0.035552 0.368561 -0.009185
v 0.041269 0.363189 -0.002774
v 0.043763 0.385415 -0.001463
v 0.046875 0.367958 0.005138
v 0.042336 0.398176 -0.002435
v 0.041526 0.415453 0.001903
v 0.031414 0.432362 -0.001404
v 0.024875 0.424694 -0.012279
v 0.025631 0.348312 -0.022390
v 0.041045 0.426831 0.008249
v 0.021269 0.435764 -0.007569
v 0.021548 0.394209 -0.026221
v 0.022212 0.406263 -0.026276
v 0.021797 0.435414 -0.017755
v 0.017485 0.428128 -0.021997
v 0.027154 0.444298 0.008377
v 0.015131 0.440672 -0.007435
v 0.029217 0.448749 0.026976
v 0.037888 0.437788 0.028148
v 0.042914 0.424928 0.038877
v 0.039812 0.431324 0.051719
v 0.041626 0.417412 0.064328
v 0.033052 0.446119 0.042434
v 0.031892 0.441538 0.067547
v 0.015360 0.440493 -0.015536
v 0.032753 0.417350 0.080732
v 0.046274 0.420321 0.045778
v 0.233022 -0.466015 0.027980
v 0.255994 -0.464379 0.015109
v 0.246547 -0.466717 0.036260
v 0.219860 -0.466717 0.037197
v 0.220233 -0.462581 0.009086
v 0.241013 -0.461948 0.000587
v 0.219861 -0.460151 -0.006239
v 0.257850 -0.460218 -0.010048
v 0.279117 -0.467252 0.027120
v 0.277692 -0.463659 0.011151
v 0.275484 -0.460631 -0.001604
v 0.272753 -0.456934 -0.022115
v 0.251585 -0.459938 -0.025885
v 0.218489 -0.458437 -0.023938
v 0.277699 -0.467234 0.043638
v 0.222351 -0.466180 0.054254
v 0.254398 -0.465522 0.054890
v 0.272866 -0.464762 0.063886
v 0.250798 -0.463556 0.070603
v 0.225533 -0.464792 0.068509
v 0.263379 -0.461774 0.079200
v 0.250717 -0.460770 0.084725
v 0.236833 -0.460865 0.083151
v 0.220962 -0.346949 0.014598
v 0.204285 -0.353289 0.014987
v 0.231736 -0.353569 0.013892
v 0.243252 -0.338631 0.007903
v 0.253436 -0.343895 0.003710
v 0.228340 -0.331835 0.013194
v 0.204497 -0.342867 0.019205
v 0.244678 -0.352343 0.007623
v 0.242007 -0.331548 0.006932
v 0.255451 -0.333228 -0.005260
v 0.227657 -0.323383 0.006214
v 0.204609 -0.330147 0.010581
v 0.228219 -0.315041 0.004305
v 0.244166 -0.316079 -0.005545
v 0.240803 -0.326489 0.002119
v 0.208304 -0.302057 0.012346
v 0.222382 -0.298406 0.006470
v 0.199967 -0.310289 0.012995
v 0.214413 -0.285391 0.012733
v 0.202169 -0.284065 0.020873
v 0.194082 -0.300758 0.016045
v 0.188015 -0.290938 0.020913
v 0.223233 -0.274041 0.002803
v 0.208480 -0.277722 0.019536
v 0.215130 -0.268590 0.014690
v 0.235401 -0.290519 -0.007849
v 0.240687 -0.304252 -0.011734
v 0.185454 -0.331456 0.005840
v 0.182764 -0.323648 0.005372
v 0.205169 -0.360610 0.010771
v 0.165940 -0.314847 0.002577
v 0.169908 -0.300885 0.009907
v 0.187287 -0.342852 0.013861
v 0.170490 -0.292170 0.016600
v 0.191754 -0.355335 0.008316
v 0.214642 -0.363653 0.006614
v 0.233659 -0.359292 0.008048
v 0.220449 -0.370737 0.009234
v 0.234441 -0.369087 0.011498
v 0.237445 -0.393431 0.015209
v 0.250164 -0.373177 0.007773
v 0.250093 -0.395739 0.015007
v 0.240585 -0.356450 0.004827
v 0.244562 -0.409047 0.020997
v 0.225900 -0.391564 0.012677
v 0.258705 -0.408170 0.013013
v 0.259066 -0.402386 0.011526
v 0.227493 -0.407382 0.015962
v 0.251251 -0.355563 -0.002006
v 0.255723 -0.380710 0.004956
v 0.259819 -0.420135 0.019613
v 0.209712 -0.375236 0.004802
v 0.214828 -0.399454 0.004992
v 0.074712 0.340289 -0.031072
v 0.065891 0.339918 -0.016563
v 0.078302 0.341407 -0.017361
v 0.095545 0.341289 -0.044581
v 0.081856 0.340295 -0.001985
v 0.064484 0.336655 0.007842
v 0.069204 0.337706 0.014752
v 0.091840 0.337700 0.017284
v 0.074070 0.337309 0.024722
v 0.088385 0.335823 0.031080
v 0.068538 0.334949 0.037477
v 0.094643 0.342852 -0.002006
v 0.097316 0.346362 -0.025520
v 0.069659 0.336843 -0.048735
v 0.085379 0.337281 -0.049055
v 0.066381 0.336691 0.033997
v 0.068279 0.339572 0.025498
v 0.063109 0.338162 -0.017843
v 0.052620 0.336003 0.000842
v 0.055297 0.338158 -0.016208
v 0.048641 0.337347 -0.023729
v 0.052866 0.337431 0.011477
v 0.057243 0.334201 -0.033968
v 0.064402 0.332126 -0.039097
v 0.091448 0.330302 -0.064461
v 0.077507 0.328387 0.045401
v 0.088921 0.328235 0.050222
v 0.070974 0.323565 0.051283
v 0.069391 0.329428 0.040244
v 0.085286 0.331528 -0.057330
v 0.070557 0.330189 -0.064160
v 0.098529 0.342697 -0.013616
v 0.146739 0.047008 0.008500
v 0.153068 0.031015 0.008550
v 0.134926 0.039819 0.003583
v 0.138369 0.064485 0.008348
v 0.130549 0.055267 0.004365
v 0.142051 0.020956 0.003889
v 0.150844 0.003920 0.005007
v 0.127053 0.064714 0.003933
v 0.157879 0.014793 0.009556
v 0.158543 0.005679 0.008979
v 0.147071 0.004397 0.001940
v -0.033453 0.079525 -0.085987
v -0.031774 0.038831 -0.082959
v -0.026401 0.084907 -0.073983
v -0.026834 0.054382 -0.073233
v -0.030575 0.089804 -0.082961
v -0.029270 0.023579 -0.073453
v -0.022385 0.096994 -0.073557
v -0.020935 0.069078 -0.068029
v -0.019280 0.084160 -0.067726
v -0.034251 0.086505 -0.097486
v -0.031175 0.021660 -0.085699
v -0.033560 0.049782 -0.093876
v -0.018022 0.095438 -0.064241
v -0.014007 0.096124 -0.068422
v -0.027420 0.020531 -0.099733
v -0.026504 0.050945 -0.109497
v -0.021065 0.019492 -0.111423
v -0.023454 0.073703 -0.114512
v -0.024318 0.085368 -0.113045
v -0.018491 0.049181 -0.118506
v -0.008426 0.020938 -0.124200
v 0.469780 0.212086 0.078681
v 0.464725 0.212221 0.079467
v 0.466391 0.205588 0.080678
v 0.482168 0.207632 0.076798
v 0.473965 0.197806 0.072813
v 0.486788 0.205971 0.073214
v 0.463408 0.199082 0.071513
v 0.480262 0.198670 0.064748
v 0.489740 0.202992 0.063389
v 0.489553 0.197361 0.061136
v 0.458339 0.209278 0.073877
v 0.453354 0.187431 0.072473
v 0.448348 0.208431 0.072936
v 0.456000 0.218016 0.077979
v 0.450517 0.218500 0.081435
v 0.463314 0.219030 0.079917
v 0.472732 0.218200 0.082582
v 0.462425 0.191551 0.072246
v 0.468905 0.191406 0.075289
v 0.451795 0.233589 0.075200
v 0.445232 0.215361 0.087178
v 0.442209 0.234500 0.089143
v 0.433071 0.236673 0.096849
v 0.427099 0.225510 0.097532
v 0.437383 0.212695 0.086255
v 0.421414 0.237093 0.097077
v 0.434805 0.244005 0.091625
v 0.445302 0.246551 0.075978
v 0.451372 0.248700 0.072323
v 0.457654 0.220747 0.073531
v 0.466221 0.227039 0.074331
v 0.473180 0.240081 0.076940
v 0.480272 0.232337 0.072923
v 0.486080 0.241989 0.074273
v 0.472194 0.274817 0.067207
v 0.481452 0.263406 0.068231
v 0.456607 0.256634 0.073973
v 0.481498 0.218259 0.079543
v 0.489828 0.231116 0.071061
v 0.451633 0.271986 0.068723
v 0.440017 0.257596 0.069311
v 0.444432 0.271627 0.066679
v 0.453923 0.289431 0.064590
v 0.461494 0.285371 0.064372
v 0.465680 0.278199 0.062295
v 0.463920 0.292970 0.058576
v 0.431931 0.252069 0.080148
v 0.423868 0.246307 0.087829
v 0.455551 0.294192 0.057822
v 0.463694 0.307890 0.057035
v 0.464795 0.326671 0.058028
v 0.473706 0.212774 0.069355
v 0.488181 0.211393 0.070728
v 0.485564 0.216101 0.069474
v 0.492643 0.232620 0.062371
v 0.029217 0.448749 0.026976
v 0.018216 0.456702 0.043237
v 0.033052 0.446119 0.042434
v 0.025121 0.449172 0.065122
v 0.014548 0.457375 0.054858
v 0.017166 0.455922 0.029122
v 0.031892 0.441538 0.067547
v 0.013929 0.453128 0.072362
v 0.037888 0.437788 0.028148
v 0.014016 0.452978 0.013160
v 0.027154 0.444298 0.008377
v 0.001618 0.459881 0.036390
v -0.000132 0.459697 0.054558
v 0.014082 0.447311 0.000466
v 0.001382 0.454991 0.013297
v -0.000034 0.455838 0.071357
v 0.000310 0.447961 -0.000811
v -0.014063 0.456578 0.028616
v -0.016819 0.456758 0.042045
v -0.013774 0.456473 0.058917
v -0.013789 0.452175 0.014387
v 0.015131 0.440672 -0.007435
v -0.000472 0.435162 -0.016011
v 0.011796 0.435341 -0.015747
v -0.012381 0.443242 -0.001636
v -0.005118 0.433912 -0.019109
v -0.013272 0.450699 0.074894
v -0.023095 0.443820 0.009767
v -0.027448 0.448831 0.052091
v -0.029926 0.444296 0.027009
v -0.027488 0.443776 0.069929
v -0.033799 0.427495 0.008138
v -0.036226 0.429426 0.013810
v -0.032940 0.418547 -0.000449
v 0.015360 0.440493 -0.015536
v -0.052184 0.312738 -0.081616
v -0.048080 0.307600 -0.060313
v -0.047418 0.296110 -0.065409
v -0.052287 0.329642 -0.064814
v -0.048163 0.283751 -0.087427
v -0.044938 0.279491 -0.071512
v -0.046061 0.255027 -0.080410
v -0.048213 0.231859 -0.088298
v -0.047472 0.326255 -0.053713
v -0.050374 0.338125 -0.051677
v -0.051607 0.294275 -0.088099
v -0.042846 0.233460 -0.081133
v -0.041601 0.215141 -0.082526
v -0.041430 0.320623 -0.051757
v -0.041431 0.328106 -0.043500
v -0.040597 0.336275 -0.033278
v -0.197103 0.262899 -0.011035
v -0.205714 0.257436 0.006577
v -0.200137 0.258096 0.013031
v -0.182571 0.266309 -0.005519
v -0.182226 0.271514 -0.027566
v -0.175149 0.265602 0.003919
v -0.176319 0.260059 0.020637
v -0.195829 0.252832 0.034354
v -0.203951 0.254965 0.020720
v -0.176888 0.254315 0.038154
v -0.162194 0.259145 0.030989
v -0.145462 0.262119 0.024927
v -0.155401 0.264005 0.015501
v -0.161633 0.251768 0.050576
v -0.129165 0.256024 0.047008
v -0.129902 0.263501 0.021660
v -0.186479 0.245386 0.053759
v -0.210890 0.245268 0.041944
v -0.131204 0.261444 0.024627
v -0.206944 0.238937 0.055833
v -0.212478 0.247001 0.029996
v -0.122460 0.255123 0.040486
v -0.170902 0.270404 0.001709
v -0.120721 0.254215 0.027427
v 0.220958 -0.397321 -0.067612
v 0.234200 -0.405847 -0.067056
v 0.220227 -0.414495 -0.064068
v 0.230005 -0.362844 -0.072001
v 0.216942 -0.364143 -0.072501
v 0.242152 -0.365691 -0.068416
v 0.245805 -0.384218 -0.065267
v 0.241193 -0.405853 -0.066007
v 0.250217 -0.435327 -0.071349
v 0.233938 -0.434293 -0.071815
v 0.215964 -0.410631 -0.063336
v 0.212371 -0.396684 -0.063337
v 0.203265 -0.369240 -0.064137
v 0.220592 -0.440415 -0.063762
v 0.236870 -0.357750 -0.068605
v 0.248483 -0.404476 -0.062584
v 0.231663 -0.443022 -0.076673
v 0.253629 -0.443240 -0.076332
v 0.232514 -0.450129 -0.075566
v 0.253457 -0.453912 -0.074173
v 0.251569 -0.471432 -0.074259
v 0.233783 -0.471556 -0.075123
v 0.264018 -0.472213 -0.067915
v 0.215158 -0.357180 -0.067359
v 0.207423 -0.360423 -0.064228
v 0.218760 -0.445115 -0.066686
v 0.222090 -0.471784 -0.065467
v 0.219747 -0.450680 -0.064482
v 0.259379 -0.413101 -0.058774
v 0.263187 -0.435276 -0.063632
v 0.265250 -0.451940 -0.066298
v 0.251142 -0.367946 -0.062158
v 0.257830 -0.403002 -0.055896
v 0.265962 -0.443119 -0.067479
v 0.248450 -0.356286 -0.058412
v 0.225217 -0.354671 -0.065074
v 0.444756 0.289207 0.058028
v 0.440208 0.281581 0.044919
v 0.442646 0.282269 0.063442
v 0.441727 0.266869 0.060800
v 0.437525 0.267394 0.040038
v 0.436972 0.277618 0.028234
v 0.435786 0.267662 0.025210
v 0.444432 0.271627 0.066679
v 0.440017 0.257596 0.069311
v 0.436296 0.256758 0.062298
v 0.430418 0.262435 0.028163
v 0.430198 0.250903 0.052855
v 0.426420 0.251035 0.036710
v 0.426489 0.256063 0.025129
v 0.418712 0.236944 0.045141
v 0.442793 0.285615 0.027963
v 0.446857 0.290800 0.040511
v 0.450995 0.291606 0.045920
v 0.423381 0.244462 0.056141
v 0.416246 0.235677 0.069247
v 0.416458 0.240785 0.086589
v 0.431931 0.252069 0.080148
v 0.440454 0.278993 0.018789
v 0.428775 0.254162 0.013113
v 0.441672 0.269751 0.014258
v 0.415928 0.226151 0.087973
v 0.423868 0.246307 0.087829
v 0.421414 0.237093 0.097077
v 0.455551 0.294192 0.057822
v 0.455686 0.295980 0.049438
v 0.459622 0.312562 0.052048
v 0.464795 0.326671 0.058028
v 0.465023 0.332480 0.053427
v 0.470387 0.349135 0.057767
v 0.471455 0.345154 0.051735
v 0.472827 0.359049 0.052597
v 0.476582 0.358978 0.057386
v 0.453923 0.289431 0.064590
v 0.131262 0.051010 -0.028032
v 0.138065 0.031810 -0.027467
v 0.131103 0.049846 -0.042405
v 0.125640 0.065682 -0.040214
v 0.138923 0.025764 -0.046987
v 0.144266 0.011348 -0.048506
v 0.146977 0.009271 -0.031253
v 0.145757 0.007178 -0.020643
v 0.123635 0.061144 -0.019923
v 0.128923 0.049269 -0.021148
v 0.130624 0.052729 -0.012049
v 0.127053 0.064714 0.003933
v 0.130549 0.055267 0.004365
v 0.134926 0.039819 0.003583
v 0.138872 0.026568 -0.009655
v 0.142051 0.020956 0.003889
v 0.147071 0.004397 0.001940
v 0.135516 0.029427 -0.020703
v 0.145614 0.005358 -0.022527
v 0.143416 0.005732 -0.036292
v -0.009756 0.185159 0.095433
v -0.033378 0.184772 0.093600
v -0.003741 0.184087 0.105177
v -0.035984 0.181504 0.110080
v -0.039127 0.182060 0.106922
v -0.026558 0.185051 0.086295
v -0.008074 0.185007 0.088981
v -0.006569 0.181224 0.111403
v -0.037144 0.182762 0.083865
v -0.003762 0.182065 0.095232
v 0.013668 0.182482 0.091385
v 0.005951 0.183563 0.105023
v 0.009402 0.180358 0.095185
v 0.011092 0.181820 0.104694
v 0.069037 0.303676 -0.079557
v 0.069569 0.293455 -0.083825
v 0.065354 0.286225 -0.069339
v 0.065696 0.266055 -0.074664
v 0.066187 0.297022 -0.066605
v 0.069849 0.313103 -0.073964
v 0.065829 0.310757 -0.060488
v 0.069997 0.324818 -0.068314
v 0.064781 0.320022 -0.052350
v 0.070557 0.330189 -0.064160
v 0.064402 0.332126 -0.039097
v 0.070912 0.255481 -0.087624
v 0.064816 0.253238 -0.077196
v 0.067163 0.239780 -0.079221
v 0.070487 0.244335 -0.088047
v 0.069659 0.336843 -0.048735
v -0.033783 0.089572 0.075092
v -0.020639 0.090366 0.077214
v -0.028888 0.090161 0.088973
v -0.016577 0.094053 0.081320
v -0.027080 0.091522 0.100754
v -0.006170 0.094860 0.105591
v -0.009219 0.095834 0.083225
v 0.008614 0.097103 0.088173
v -0.033537 0.091978 0.103293
v 0.010180 0.093785 0.103299
v -0.034074 0.092863 0.085472
v -0.075101 0.330197 -0.046550
v -0.072567 0.319171 -0.063498
v -0.075810 0.320282 -0.045687
v -0.074610 0.308368 -0.056764
v -0.078094 0.325844 -0.034127
v -0.073778 0.298121 -0.062352
v -0.071880 0.289031 -0.078574
v -0.073327 0.287808 -0.066980
v -0.074775 0.273576 -0.070974
v -0.073399 0.259501 -0.075497
v -0.063948 0.311281 -0.081745
v -0.073801 0.334799 -0.035209
v -0.073989 0.335163 -0.021947
v -0.078703 0.327416 -0.015923
v -0.063821 0.264751 -0.087535
v -0.072654 0.241590 -0.077757
v -0.064192 0.329839 -0.064746
v -0.062309 0.291041 -0.087620
v -0.086014 0.252741 -0.070017
v -0.006803 0.351663 0.093305
v -0.028692 0.359052 0.072464
v -0.019815 0.344869 0.082746
v -0.003805 0.341271 0.099417
v 0.003651 0.351331 0.104911
v -0.029228 0.352518 0.073816
v -0.025276 0.374068 0.078045
v -0.014696 0.369353 0.085754
v -0.002272 0.367710 0.094395
v -0.013406 0.387298 0.086912
v -0.027162 0.397586 0.075863
v -0.002042 0.361474 0.096423
v 0.001566 0.354526 0.100185
v -0.015595 0.405233 0.081574
v 0.006862 0.374924 0.094127
v 0.005315 0.344294 0.112426
v -0.033702 0.391341 0.073872
v 0.008896 0.383269 0.092782
v 0.002936 0.395413 0.088521
v 0.003291 0.412275 0.086580
v -0.029723 0.401495 0.075958
v -0.023978 0.407556 0.080212
v -0.033424 0.363118 0.072149
v -0.013892 0.411799 0.083746
v 0.003683 0.334286 0.103146
v -0.008138 0.324804 0.095706
v -0.016008 0.335097 0.090957
v -0.017933 0.340492 0.089071
v 0.004092 0.326635 0.101630
v 0.007804 0.353560 0.104677
v 0.008168 0.341574 0.112729
v -0.000477 0.363382 0.107864
v 0.005671 0.369215 0.109773
v 0.005488 0.360762 0.114224
v -0.117316 0.248983 0.029935
v -0.122460 0.255123 0.040486
v -0.113878 0.235885 0.028346
v -0.120987 0.223605 0.042880
v -0.126469 0.242077 0.047394
v -0.129165 0.256024 0.047008
v -0.126530 0.222513 0.046343
v -0.120721 0.254215 0.027427
v -0.152604 0.234780 0.051340
v -0.145108 0.218413 0.048843
v -0.178573 0.222394 0.054644
v -0.186479 0.245386 0.053759
v -0.161633 0.251768 0.050576
v -0.203529 0.221195 0.056559
v -0.206944 0.238937 0.055833
v -0.174561 0.211458 0.052385
v -0.199803 0.207704 0.053121
v -0.064025 0.394733 0.028028
v -0.065250 0.376121 0.013447
v -0.065727 0.364517 0.026459
v -0.063234 0.394108 0.039893
v -0.064103 0.364547 0.042501
v -0.061878 0.394718 0.006870
v -0.062408 0.353563 0.013698
v -0.062929 0.352297 0.025891
v -0.062166 0.378066 0.003820
v -0.060186 0.349547 0.040557
v -0.060392 0.363004 0.004664
v -0.059212 0.407782 0.027163
v -0.058549 0.406778 0.010477
v -0.057257 0.385884 0.054918
v -0.059508 0.368166 0.052953
v -0.056954 0.397022 0.050596
v -0.057228 0.403812 0.043402
v -0.057556 0.343763 0.024232
v -0.055323 0.356413 0.050913
v -0.051261 0.340698 0.018451
v -0.054927 0.345255 0.013723
v -0.048774 0.335991 0.012377
v -0.013274 0.018276 0.075216
v -0.016041 0.035669 0.088059
v -0.014726 0.002374 0.083639
v -0.012723 0.008773 0.073004
v -0.015725 0.049646 0.075018
v -0.017588 0.051561 0.085425
v -0.020924 0.019363 0.096030
v -0.021591 0.050683 0.093046
v -0.021482 -0.003239 0.091324
v -0.016603 0.001557 0.071012
v -0.022197 -0.004677 0.080160
v -0.016179 -0.003652 0.066741
v -0.123477 0.016963 0.044211
v -0.113713 0.042498 0.035380
v -0.114478 0.015804 0.033333
v -0.120355 0.040423 0.045204
v -0.114765 0.002610 0.035241
v -0.116131 0.053531 0.045906
v -0.120717 -0.000098 0.046695
v -0.107728 -0.010501 0.031986
v -0.100577 -0.004477 0.027003
v -0.100845 0.004612 0.028715
v -0.099113 0.035238 0.029387
v -0.104937 0.057823 0.036862
v -0.094496 0.057772 0.034694
v -0.106401 0.064418 0.046996
v -0.111827 -0.013912 0.043441
v -0.253133 0.231710 0.030328
v -0.234962 0.228550 0.033510
v -0.245347 0.211301 0.033998
v -0.255208 0.223200 0.030891
v -0.233594 0.208427 0.038911
v -0.213054 0.225580 0.032705
v -0.219798 0.211080 0.038547
v -0.206738 0.213785 0.039346
v -0.215042 0.228368 0.032593
v -0.258199 0.216991 0.034877
v -0.248002 0.236420 0.033855
v -0.200364 0.209176 0.039015
v -0.196525 0.225265 0.030377
v -0.174554 0.223383 0.032854
v -0.188372 0.210400 0.038308
v -0.155301 0.219875 0.035927
v -0.145835 0.226456 0.030032
v -0.161904 0.214512 0.039975
v -0.141539 0.220296 0.038581
v -0.122726 0.226559 0.030586
v -0.163653 0.225491 0.028257
v -0.122379 0.232227 0.019602
v -0.258267 0.228224 0.035431
v -0.144565 0.229081 0.011751
v -0.186596 0.226604 0.016922
v -0.168450 0.226752 0.014314
v -0.208172 0.228376 0.021800
v -0.213695 0.228341 0.014228
v -0.132425 0.231203 0.011797
v -0.244387 0.207960 0.044603
v -0.224834 0.207740 0.053130
v -0.210408 0.208929 0.050498
v -0.253980 0.210984 0.042132
v -0.242978 0.209746 0.053369
v -0.206396 0.213488 0.050609
v -0.199803 0.207704 0.053121
v -0.174561 0.211458 0.052385
v -0.145108 0.218413 0.048843
v -0.120987 0.223605 0.042880
v -0.126530 0.222513 0.046343
v -0.113878 0.235885 0.028346
v -0.108902 0.238371 0.028468
v -0.088760 0.028769 0.053630
v -0.099114 0.036871 0.071124
v -0.093614 0.014468 0.060140
v -0.097232 0.008876 0.068303
v -0.088452 0.045806 0.059707
v -0.097892 0.040105 0.071717
v -0.097345 0.050038 0.069677
v -0.092660 0.062751 0.059198
v -0.085041 0.052874 0.039980
v -0.084857 0.031755 0.043141
v -0.088004 0.009834 0.058092
v -0.083202 0.000944 0.044459
v -0.088012 -0.003326 0.052542
v -0.095546 -0.013685 0.057678
v -0.087391 0.056498 0.039858
v -0.087299 -0.008843 0.038074
v -0.106965 0.013075 0.073674
v -0.102102 0.065036 0.063570
v -0.106964 0.042733 0.073929
v -0.106702 -0.000462 0.068267
v 0.090836 0.057842 0.081599
v 0.075232 0.057047 0.068244
v 0.069798 0.057395 0.092076
v 0.059761 0.055323 0.075020
v 0.101346 0.059897 0.071173
v 0.095981 0.057294 0.055762
v -0.259908 0.233234 -0.006587
v -0.266058 0.253083 -0.013698
v -0.277285 0.251408 -0.007181
v -0.282351 0.232632 -0.006796
v -0.292801 0.246986 -0.004920
v -0.256667 0.243835 -0.009075
v -0.246490 0.234456 -0.004857
v -0.256832 0.250631 -0.011579
v -0.240081 0.250953 -0.007049
v -0.308857 0.235047 -0.008938
v -0.308834 0.242525 -0.005819
v -0.309181 0.245793 -0.000686
v -0.253117 0.228925 0.000658
v -0.279950 0.231073 -0.002059
v -0.243972 0.231692 0.001397
v -0.235656 0.247705 0.001477
v -0.235629 0.253607 -0.003479
v -0.309883 0.235124 -0.001985
v -0.125771 -0.173862 -0.056489
v -0.126174 -0.179114 -0.044217
v -0.130021 -0.178938 -0.040728
v -0.116719 -0.183278 -0.049979
v -0.108134 -0.179825 -0.061132
v -0.101194 -0.188572 -0.055715
v -0.144424 -0.159297 -0.039293
v -0.137992 -0.170696 -0.032328
v -0.134683 -0.161968 -0.050508
v -0.107932 -0.172273 -0.066224
v -0.120824 -0.167933 -0.061205
v -0.090248 -0.184190 -0.060050
v -0.096830 -0.201290 -0.054795
v -0.114425 -0.203135 -0.049899
v -0.104027 -0.208424 -0.050077
v -0.140006 -0.178621 -0.030935
v -0.128913 -0.204215 -0.045493
v -0.148474 -0.196191 -0.036184
v -0.080445 -0.191027 -0.059039
v -0.118003 -0.211086 -0.051191
v -0.112210 -0.220332 -0.048598
v -0.071761 -0.186471 -0.057176
v -0.090315 -0.207418 -0.049605
v -0.087743 -0.219598 -0.039643
v -0.083473 -0.213098 -0.045020
v -0.126619 -0.221813 -0.053197
v -0.134222 -0.210863 -0.052371
v -0.143047 -0.223100 -0.051432
v -0.146560 -0.207107 -0.047686
v -0.159741 -0.217194 -0.036707
v -0.143567 -0.230193 -0.054979
v -0.120289 -0.234557 -0.057163
v -0.160691 -0.233974 -0.052114
v -0.093532 -0.232228 -0.043317
v -0.093436 -0.178294 -0.061013
v -0.157465 -0.201946 -0.037316
v -0.080095 -0.200699 -0.047787
v -0.103751 -0.238633 -0.052724
v -0.115642 -0.245481 -0.061532
v -0.128167 -0.242753 -0.065324
v -0.119280 -0.260465 -0.062997
v -0.130497 -0.260720 -0.066949
v -0.141259 -0.252115 -0.065854
v -0.141240 -0.239320 -0.064710
v -0.157787 -0.248740 -0.059963
v -0.157995 -0.236611 -0.057827
v -0.156653 -0.273145 -0.073666
v -0.155781 -0.299672 -0.080687
v -0.167992 -0.282816 -0.076092
v -0.177518 -0.311484 -0.079486
v -0.163115 -0.323434 -0.083134
v -0.171942 -0.261841 -0.067799
v -0.180504 -0.276614 -0.072141
v -0.180680 -0.330634 -0.080390
v -0.174368 -0.354551 -0.085083
v -0.191446 -0.347262 -0.080764
v -0.161346 -0.255534 -0.064463
v -0.153241 -0.336740 -0.082129
v -0.158886 -0.358879 -0.082730
v -0.145144 -0.318217 -0.077203
v -0.136469 -0.327680 -0.075344
v -0.139039 -0.293536 -0.073122
v -0.176172 -0.248603 -0.051579
v -0.128118 -0.319967 -0.069997
v -0.137415 -0.307484 -0.072467
v -0.119121 -0.313946 -0.063445
v -0.127192 -0.299513 -0.062777
v -0.119865 -0.280373 -0.062564
v -0.184597 -0.358652 -0.079898
v -0.145255 -0.358510 -0.075108
v -0.173771 -0.364342 -0.080936
v -0.163125 -0.223516 -0.041368
v -0.175555 -0.242654 -0.048237
v -0.113262 -0.302156 -0.053165
v -0.107586 -0.285863 -0.050433
v -0.146740 -0.346675 -0.075882
v -0.134795 -0.335674 -0.067608
v -0.157829 -0.365647 -0.078392
v -0.142369 -0.155001 -0.037656
v -0.150275 -0.123780 -0.037674
v -0.141447 -0.128174 -0.036951
v -0.153945 -0.141015 -0.037639
v -0.139374 -0.102118 -0.039133
v -0.127733 -0.093914 -0.037816
v -0.129778 -0.076239 -0.040462
v -0.153133 -0.154757 -0.037147
v -0.142796 -0.098820 -0.037193
v -0.134006 -0.074480 -0.037865
v -0.121335 -0.070823 -0.036296
v -0.126298 -0.066773 -0.037004
v -0.134896 -0.142018 -0.031082
v -0.133128 -0.126463 -0.031553
v -0.129076 -0.121502 -0.029745
v -0.122534 -0.099693 -0.031497
v -0.134185 -0.071309 -0.033549
v -0.133567 -0.061547 -0.038296
v -0.082977 -0.227534 -0.034007
v -0.075531 -0.221680 -0.034738
v -0.101183 -0.252200 -0.048157
v -0.119502 -0.079688 -0.031494
v -0.114752 -0.062458 -0.033757
v -0.071765 -0.212100 -0.034713
v -0.071404 -0.202432 -0.033392
v -0.065972 -0.211924 -0.027953
v -0.075483 -0.195624 -0.052767
v -0.126319 0.238832 -0.060512
v -0.095605 0.234089 -0.057007
v -0.127371 0.232221 -0.049031
v -0.124240 0.243194 -0.064891
v -0.091757 0.240024 -0.063538
v -0.106645 0.251996 -0.068353
v -0.125170 0.252875 -0.070040
v -0.086014 0.252741 -0.070017
v -0.136223 0.249724 -0.071432
v -0.093764 0.264082 -0.068890
v -0.074775 0.273576 -0.070974
v -0.136014 0.273004 -0.068701
v -0.096808 0.277568 -0.067140
v -0.157782 0.256880 -0.073226
v -0.154522 0.245302 -0.071637
v -0.172308 0.244205 -0.071990
v -0.135772 0.243162 -0.071422
v -0.192818 0.245777 -0.069344
v -0.182182 0.255890 -0.070402
v -0.132901 0.227783 -0.066222
v -0.073327 0.287808 -0.066980
v -0.168671 0.266107 -0.068630
v -0.127005 0.284222 -0.064263
v -0.199534 0.253875 -0.064991
v -0.113904 0.290768 -0.061017
v -0.073778 0.298121 -0.062352
v -0.146145 0.284465 -0.061853
v -0.190032 0.270996 -0.060507
v -0.181695 0.278285 -0.059372
v -0.106504 0.309985 -0.049790
v -0.121055 0.298550 -0.054791
v -0.138526 0.292407 -0.057239
v -0.132435 0.303947 -0.055364
v -0.168116 0.302299 -0.054751
v -0.162212 0.286793 -0.056609
v -0.123716 -0.048333 -0.015688
v -0.114038 -0.052732 -0.015902
v -0.114626 -0.049510 -0.021436
v -0.116354 -0.056907 -0.001864
v -0.131841 -0.052371 -0.003154
v -0.114217 -0.039723 -0.035442
v -0.121005 -0.035280 -0.040381
v -0.107364 -0.030461 -0.055248
v -0.115537 -0.027446 -0.059427
v -0.128651 -0.044455 -0.025387
v -0.125419 -0.030925 -0.051865
v -0.126753 -0.026501 -0.073832
v -0.112002 -0.044617 -0.032449
v -0.119757 -0.052318 0.011548
v -0.131660 -0.050146 0.005988
v -0.121008 -0.052138 0.027581
v -0.130579 -0.051015 0.029884
v -0.112284 -0.059552 0.019900
v -0.113385 -0.057050 0.009928
v -0.108027 -0.043221 -0.043723
v 0.185717 -0.153089 0.008710
v 0.198298 -0.151375 0.012396
v 0.183960 -0.151172 0.024115
v 0.198090 -0.147143 0.036384
v 0.178709 -0.148465 0.036166
v 0.196792 -0.151647 -0.019888
v 0.184390 -0.152563 -0.004865
v 0.178967 -0.150865 -0.023236
v 0.181530 -0.154292 -0.007603
v 0.201492 -0.148861 0.009445
v 0.182415 -0.144744 0.040378
v 0.177510 -0.145181 0.042903
v 0.200240 -0.142927 0.041682
v 0.194061 -0.147624 -0.025799
v 0.176408 -0.154468 -0.021261
v 0.173364 -0.149956 -0.032551
v 0.169795 -0.154247 0.045278
v 0.170873 -0.147582 0.058482
v 0.169666 -0.157171 -0.030550
v -0.110030 -0.056609 -0.059261
v -0.085269 -0.050984 -0.069672
v -0.086527 -0.043738 -0.056227
v -0.113947 -0.061761 -0.069762
v -0.078736 -0.046933 -0.072783
v -0.115931 -0.060639 -0.054922
v -0.105874 -0.048259 -0.055166
v -0.120262 -0.060960 -0.054969
v -0.125386 -0.065259 -0.070235
v -0.076018 -0.033088 -0.063607
v -0.107871 -0.056875 -0.080696
v -0.092824 -0.052011 -0.080008
v -0.114752 -0.062458 -0.033757
v -0.120377 -0.064450 -0.040610
v -0.126298 -0.066773 -0.037004
v -0.126371 -0.058314 -0.082836
v -0.112778 -0.057987 -0.031514
v -0.121335 -0.070823 -0.036296
v -0.083408 -0.027133 -0.052786
v -0.077231 -0.013098 -0.055391
v -0.131631 -0.056144 -0.080017
v -0.133635 -0.061344 -0.072146
v -0.135288 -0.054735 -0.069066
v -0.132467 -0.053071 -0.054166
v -0.133567 -0.061547 -0.038296
v 0.116539 0.039475 -0.050587
v 0.122631 0.041615 -0.049881
v 0.122561 0.015556 -0.057329
v 0.118307 0.064365 -0.044581
v 0.109918 0.041554 -0.047962
v 0.105735 0.059359 -0.043906
v 0.106409 0.033621 -0.049947
v 0.109200 0.015100 -0.050165
v 0.116130 0.012953 -0.054803
v 0.122167 0.006990 -0.052994
v 0.132489 0.009840 -0.053335
v 0.138923 0.025764 -0.046987
v 0.144266 0.011348 -0.048506
v 0.125640 0.065682 -0.040214
v 0.131103 0.049846 -0.042405
v 0.048124 0.169397 0.092088
v 0.046752 0.162416 0.102720
v 0.049331 0.157916 0.097653
v 0.046020 0.182909 0.090218
v 0.044225 0.180848 0.110129
v 0.046452 0.172170 0.110009
v 0.049399 0.158688 0.108127
v 0.055145 0.154908 0.103198
v -0.052066 0.391144 -0.002200
v -0.046252 0.387999 -0.002480
v -0.060392 0.363004 0.004664
v -0.048095 0.358341 0.004729
v -0.038208 0.368649 0.002022
v -0.035768 0.355905 0.005879
v -0.048651 0.413099 -0.001588
v -0.040433 0.343695 0.013365
v -0.047346 0.341408 0.012025
v -0.054927 0.345255 0.013723
v -0.048774 0.335991 0.012377
v -0.036985 0.338511 0.009725
v -0.062166 0.378066 0.003820
v -0.041289 0.328967 0.008702
v -0.040422 0.388053 0.000052
v -0.040204 0.410442 0.001271
v -0.043093 0.419999 -0.000996
v -0.032940 0.418547 -0.000449
v -0.039795 0.424843 -0.005540
v -0.050870 0.425583 0.004369
v -0.051423 0.414844 0.001367
v -0.031617 0.361475 -0.002503
v -0.020508 0.368728 -0.013991
v -0.015281 0.389074 -0.020795
v -0.033870 0.403174 -0.005144
v -0.015724 0.406105 -0.019531
v -0.014726 0.376490 -0.019955
v -0.042323 0.435842 -0.003345
v -0.032655 0.345263 -0.001035
v -0.061878 0.394718 0.006870
v -0.014266 0.423768 -0.015504
v -0.052796 0.404554 0.003511
v -0.062408 0.353563 0.013698
v -0.036632 0.330068 0.005555
v -0.010633 0.390046 -0.027724
v -0.012132 0.373459 -0.022187
v -0.022891 0.357356 -0.018623
v -0.012108 0.417682 -0.025440
v 0.000484 0.414557 -0.027460
v -0.020866 0.434116 -0.003726
v -0.005118 0.433912 -0.019109
v -0.000313 0.391474 -0.027991
v -0.058549 0.406778 0.010477
v 0.000338 0.375646 -0.021821
v -0.002153 0.354196 -0.022417
v -0.025224 0.347995 -0.018727
v -0.023095 0.443820 0.009767
v -0.012381 0.443242 -0.001636
v 0.009141 0.364187 -0.019844
v 0.017995 0.366178 -0.020745
v 0.017768 0.384333 -0.023635
v 0.013096 0.394544 -0.025582
v 0.021548 0.394209 -0.026221
v 0.022212 0.406263 -0.026276
v 0.009351 0.405380 -0.025519
v 0.017485 0.428128 -0.021997
v 0.007782 0.422923 -0.022157
v 0.011796 0.435341 -0.015747
v 0.015360 0.440493 -0.015536
v -0.000472 0.435162 -0.016011
v -0.008093 0.349119 -0.025126
v -0.025157 0.344293 -0.023456
v -0.031379 0.343572 -0.012158
v -0.034476 0.334900 -0.004309
v -0.039953 0.325397 0.011752
v 0.127053 0.064714 0.003933
v 0.114449 0.063830 -0.006312
v 0.115858 0.060645 0.009439
v 0.118869 0.063354 -0.018849
v 0.108863 0.062984 -0.033463
v 0.125640 0.065682 -0.040214
v 0.118307 0.064365 -0.044581
v 0.105735 0.059359 -0.043906
v 0.129090 0.066521 0.007725
v 0.113690 0.059120 0.024305
v 0.133573 0.063356 0.026418
v 0.126003 0.061052 0.035353
v 0.111282 0.059656 0.045760
v 0.122982 0.058249 0.050920
v 0.101705 0.061292 0.037895
v 0.138369 0.064485 0.008348
v 0.104018 0.057584 0.045795
v 0.131738 0.058638 0.036728
v 0.123635 0.061144 -0.019923
v -0.036592 0.051567 0.066638
v -0.033905 0.053680 0.081559
v -0.022435 0.053346 0.072940
v -0.048750 0.050408 0.064327
v -0.048685 0.050554 0.059574
v -0.051252 0.052902 0.071924
v -0.017588 0.051561 0.085425
v -0.021591 0.050683 0.093046
v -0.015725 0.049646 0.075018
v -0.041059 0.051588 0.080471
v 0.251585 -0.459938 -0.025885
v 0.236327 -0.472405 -0.031850
v 0.252592 -0.467351 -0.029633
v 0.234194 -0.460612 -0.026036
v 0.264133 -0.473224 -0.033732
v 0.264694 -0.469384 -0.032280
v 0.218489 -0.458437 -0.023938
v 0.217754 -0.471654 -0.026160
v 0.228537 -0.471525 -0.027080
v 0.261455 -0.467022 -0.025556
v 0.272753 -0.456934 -0.022115
v 0.274405 -0.467784 -0.027065
v -0.166679 -0.367853 -0.075177
v -0.167601 -0.363080 -0.051097
v -0.170732 -0.365795 -0.062301
v -0.151799 -0.367714 -0.070100
v -0.177793 -0.366844 -0.069707
v -0.151266 -0.366127 -0.054205
v -0.152290 -0.364068 -0.042551
v -0.167857 -0.361349 -0.035562
v -0.152343 -0.362459 -0.022992
v -0.171965 -0.360987 -0.025009
v -0.158010 -0.360424 -0.015635
v -0.167189 -0.359718 -0.006851
v -0.184352 -0.358169 -0.008293
v -0.138103 -0.360702 -0.028063
v -0.138075 -0.363622 -0.051870
v -0.140026 -0.363282 -0.064236
v -0.151305 -0.354364 -0.006841
v -0.157829 -0.365647 -0.078392
v -0.173771 -0.364342 -0.080936
v -0.170591 -0.354069 0.003942
v -0.184597 -0.358652 -0.079898
v -0.193140 -0.358220 -0.069568
v -0.193370 -0.353097 -0.076179
v -0.204838 -0.346215 -0.067487
v -0.204477 -0.352733 -0.059751
v -0.236557 0.260583 -0.024061
v -0.236190 0.275889 -0.019230
v -0.237873 0.266395 -0.004426
v -0.237151 0.257978 -0.018007
v -0.237353 0.261290 -0.046341
v -0.237890 0.278899 -0.032944
v -0.236256 0.255835 -0.006291
v -0.240568 0.274106 -0.003548
v -0.241376 0.278559 -0.042540
v -0.239792 0.282681 -0.023549
v -0.239827 0.254905 -0.001462
v -0.235629 0.253607 -0.003479
v -0.219315 -0.433032 0.036056
v -0.233360 -0.434642 0.043898
v -0.219478 -0.435883 0.057592
v -0.234661 -0.437203 0.067886
v -0.231766 -0.432059 0.030132
v -0.219016 -0.439324 0.071035
v -0.219110 -0.423097 0.013926
v -0.228092 -0.423959 0.012748
v -0.206959 -0.432974 0.031059
v -0.206795 -0.439467 0.049195
v -0.203786 -0.425234 0.016590
v -0.210503 -0.443971 0.067753
v -0.231700 -0.441742 0.072958
v -0.242376 -0.436972 0.026791
v -0.244396 -0.441291 0.051288
v -0.241072 -0.433495 0.012475
v -0.238615 -0.428472 0.001023
v -0.249879 -0.442318 0.022660
v -0.246812 -0.438084 0.001752
v -0.199085 -0.416224 0.009989
v -0.223197 -0.406065 0.005087
v -0.197894 -0.405744 0.006426
v -0.222726 -0.397895 0.004206
v -0.191975 -0.396852 0.005006
v -0.203631 -0.370471 -0.001902
v -0.218928 -0.372797 -0.002258
v -0.193340 -0.359119 -0.005789
v -0.219364 -0.356107 -0.011756
v -0.113481 0.031084 -0.072880
v -0.106083 0.017460 -0.081037
v -0.113165 0.015396 -0.072260
v -0.102830 0.027478 -0.082712
v -0.121289 -0.014616 -0.074291
v -0.111655 -0.007747 -0.082837
v -0.117069 -0.029258 -0.084511
v -0.126753 -0.026501 -0.073832
v -0.102152 0.034114 -0.080226
v -0.129285 -0.037954 -0.079584
v -0.126371 -0.058314 -0.082836
v -0.131631 -0.056144 -0.080017
v -0.097347 0.042377 -0.069494
v -0.106199 -0.021025 -0.083281
v -0.110438 -0.050531 -0.083919
v -0.092824 -0.052011 -0.080008
v -0.083204 -0.030438 -0.077089
v -0.084031 0.022321 -0.074041
v -0.078736 -0.046933 -0.072783
v -0.080235 0.027971 -0.071219
v -0.076204 -0.003374 -0.070129
v -0.107871 -0.056875 -0.080696
v -0.087627 0.041577 -0.065347
v 0.046020 0.182909 0.090218
v 0.027227 0.181167 0.112375
v 0.044225 0.180848 0.110129
v 0.023752 0.184133 0.092461
v -0.041374 0.369883 0.052884
v -0.054702 0.366965 0.054961
v -0.055323 0.356413 0.050913
v -0.039050 0.356625 0.044874
v -0.040234 0.350390 0.038178
v -0.053404 0.347359 0.039362
v -0.040416 0.390619 0.053982
v -0.057257 0.385884 0.054918
v -0.059508 0.368166 0.052953
v -0.056954 0.397022 0.050596
v -0.043327 0.400590 0.048593
v -0.452871 0.224052 0.023590
v -0.458546 0.213812 0.026405
v -0.444640 0.213101 0.025566
v -0.473815 0.216213 0.027155
v -0.436912 0.230565 0.018085
v -0.434390 0.217091 0.022239
v -0.424904 0.230305 0.017000
v -0.421892 0.210892 0.023937
v -0.465880 0.227088 0.020613
v -0.448315 0.230475 0.017924
v -0.474836 0.204387 0.026852
v -0.488043 0.216641 0.022847
v -0.493886 0.199292 0.030149
v -0.482134 0.203058 0.029424
v -0.495064 0.187505 0.031017
v -0.416600 0.218496 0.024860
v -0.439100 0.206643 0.020708
v -0.421320 0.206470 0.020269
v -0.500007 0.188287 0.026865
v -0.459616 0.207062 0.022059
v -0.497740 0.185343 0.025676
v -0.476631 0.201627 0.023231
v -0.493738 0.206143 0.021214
v -0.467223 0.223535 -0.008775
v -0.480120 0.210804 -0.005612
v -0.495056 0.206266 -0.004929
v -0.465880 0.219435 -0.008556
v -0.456220 0.225602 -0.011295
v -0.449441 0.219433 -0.011839
v -0.491766 0.219752 -0.005144
v -0.473014 0.230735 -0.005596
v -0.456178 0.235696 -0.007662
v -0.499329 0.210887 0.000510
v -0.499292 0.200364 -0.001814
v -0.498711 0.187919 -0.000986
v -0.488144 0.201152 0.000034
v -0.463091 0.212992 0.001608
v -0.445640 0.214577 0.002719
v -0.484456 0.204379 0.004773
v 0.464134 0.292554 0.041860
v 0.463664 0.291954 0.046830
v 0.468645 0.280137 0.037976
v 0.465680 0.278199 0.062295
v 0.463920 0.292970 0.058576
v 0.462682 0.301437 0.051088
v 0.463925 0.285533 0.022745
v 0.464695 0.278196 0.016655
v 0.463694 0.307890 0.057035
v 0.468939 0.327303 0.054045
v 0.461494 0.285371 0.064372
v 0.464795 0.326671 0.058028
v 0.471492 0.338153 0.057499
v -0.200876 0.272426 0.007410
v -0.175842 0.272120 0.005913
v -0.193202 0.270247 0.006908
v -0.199426 0.264437 0.012685
v -0.170336 0.273896 0.003973
v -0.171732 0.283597 0.000457
v -0.190481 0.286255 0.006665
v -0.173173 0.292396 0.002530
v -0.169468 0.290958 -0.001024
v -0.167941 0.301638 0.002252
v -0.166703 0.239261 -0.082311
v -0.181088 0.241483 -0.081262
v -0.172308 0.244205 -0.071990
v -0.192818 0.245777 -0.069344
v -0.147231 0.240160 -0.079353
v -0.191674 0.241162 -0.078848
v -0.154522 0.245302 -0.071637
v -0.135772 0.243162 -0.071422
v -0.199534 0.253875 -0.064991
v -0.203547 0.254832 -0.083241
v 0.216881 -0.354640 -0.074838
v 0.225217 -0.354671 -0.065074
v 0.215158 -0.357180 -0.067359
v 0.201747 -0.358691 -0.072449
v 0.207423 -0.360423 -0.064228
v 0.231095 -0.348109 -0.072641
v 0.236456 -0.353059 -0.056014
v 0.219511 -0.348253 -0.081162
v 0.242067 -0.345433 -0.061811
v 0.243749 -0.352002 -0.046395
v 0.255965 -0.339698 -0.048846
v 0.247607 -0.350861 -0.030697
v 0.256699 -0.343250 -0.032402
v 0.251068 -0.349333 -0.001974
v 0.260512 -0.340446 -0.009607
v 0.191134 -0.359960 -0.065452
v 0.193115 -0.361136 -0.049804
v 0.180019 -0.361123 -0.050937
v 0.177603 -0.358797 -0.039983
v 0.193853 -0.360777 -0.037661
v 0.178326 -0.354742 -0.014249
v 0.195198 -0.359591 -0.021076
v 0.197882 -0.359450 -0.008656
v 0.193915 -0.359522 0.004095
v 0.205129 -0.362363 0.001824
v 0.205169 -0.360610 0.010771
v 0.214642 -0.363653 0.006614
v 0.247622 -0.352488 -0.009520
v 0.244678 -0.352343 0.007623
v 0.240585 -0.356450 0.004827
v 0.231736 -0.353569 0.013892
v 0.260729 -0.337580 -0.034274
v 0.253436 -0.343895 0.003710
v -0.090700 0.324267 -0.034712
v -0.097702 0.326846 -0.034380
v -0.097515 0.327269 -0.019749
v -0.078703 0.327416 -0.015923
v -0.078094 0.325844 -0.034127
v -0.111371 0.324499 -0.029836
v -0.104633 0.323870 -0.041993
v -0.128609 0.319008 -0.049624
v -0.075810 0.320282 -0.045687
v -0.093646 0.317488 -0.044487
v -0.074610 0.308368 -0.056764
v -0.106504 0.309985 -0.049790
v -0.113543 0.314493 -0.050737
v -0.073778 0.298121 -0.062352
v -0.132435 0.303947 -0.055364
v -0.151693 0.310481 -0.052741
v -0.168116 0.302299 -0.054751
v -0.121055 0.298550 -0.054791
v -0.380392 0.225926 0.016741
v -0.380639 0.215939 0.015837
v -0.378207 0.212748 0.011724
v -0.393084 0.218617 0.030101
v -0.388868 0.209039 0.022834
v -0.403102 0.206604 0.037115
v -0.402133 0.217615 0.035858
v -0.417062 0.205102 0.046564
v -0.422077 0.197127 0.050432
v -0.419619 0.191478 0.044688
v -0.441610 0.182945 0.062738
v -0.440868 0.178751 0.055649
v -0.445189 0.176588 0.060074
v -0.404219 0.203088 0.032964
v -0.436200 0.191770 0.057696
v -0.389457 0.228724 0.021372
v -0.379118 0.232343 0.014616
v -0.384160 0.211642 0.002022
v -0.399356 0.204636 0.021821
v -0.424005 0.189659 0.041116
v -0.410054 0.202806 0.023828
v -0.375214 0.224153 0.017715
v -0.401647 0.208807 0.008361
v -0.401347 0.208894 -0.009039
v -0.212981 -0.348107 -0.006503
v -0.197703 -0.354048 -0.010427
v -0.200917 -0.351791 0.000727
v -0.208829 -0.349926 -0.015328
v -0.186631 -0.353530 0.006027
v -0.184352 -0.358169 -0.008293
v -0.170591 -0.354069 0.003942
v -0.167189 -0.359718 -0.006851
v -0.205246 -0.346801 0.004617
v -0.219776 -0.342408 -0.009397
v -0.220316 -0.342703 -0.027812
v -0.213346 -0.349824 -0.035293
v -0.213089 -0.341921 0.000248
v -0.213794 -0.344041 -0.050883
v -0.217943 0.251108 0.019208
v -0.212861 0.244387 0.013123
v -0.216152 0.230093 0.018267
v -0.213695 0.228341 0.014228
v -0.213206 0.252905 0.007344
v -0.210942 0.263866 0.012101
v -0.215042 0.228368 0.032593
v -0.216328 0.250816 0.027521
v -0.213054 0.225580 0.032705
v -0.208729 0.266961 0.019973
v -0.190481 0.286255 0.006665
v -0.192043 0.285849 0.016351
v -0.200876 0.272426 0.007410
v -0.205714 0.257436 0.006577
v -0.106965 0.013075 0.073674
v -0.115479 0.000088 0.064193
v -0.106702 -0.000462 0.068267
v -0.116500 0.017274 0.069956
v -0.108705 -0.012913 0.059270
v -0.115438 -0.008190 0.056234
v -0.106964 0.042733 0.073929
v -0.114648 0.045039 0.068116
v -0.102102 0.065036 0.063570
v -0.106081 0.064868 0.059560
v -0.120414 0.043437 0.056725
v -0.123991 0.013515 0.056731
v -0.119420 0.022830 0.066362
v -0.120717 -0.000098 0.046695
v -0.123477 0.016963 0.044211
v -0.120355 0.040423 0.045204
v -0.116131 0.053531 0.045906
v -0.106401 0.064418 0.046996
v -0.111827 -0.013912 0.043441
v -0.023753 -0.000732 0.066037
v -0.024094 -0.002531 0.070486
v -0.048379 0.001110 0.075675
v -0.037361 -0.002287 0.084012
v -0.022197 -0.004677 0.080160
v -0.038726 0.000877 0.059697
v -0.052991 0.002068 0.066095
v -0.052424 0.004139 0.058980
v -0.021482 -0.003239 0.091324
v -0.016603 0.001557 0.071012
v -0.053165 0.004440 0.071356
v -0.476841 0.216191 0.007420
v -0.488432 0.205259 0.008672
v -0.477254 0.209492 0.004520
v -0.484456 0.204379 0.004773
v -0.494459 0.192000 0.007654
v -0.466963 0.212395 0.005913
v -0.499542 0.190983 0.007434
v -0.453760 0.215384 0.007811
v -0.451244 0.227615 0.008724
v -0.489718 0.219352 0.006063
v -0.470279 0.225430 0.006747
v -0.497839 0.206736 0.006620
v -0.446195 0.232883 0.006352
v -0.473078 0.230290 0.002664
v 0.478360 0.278416 0.033451
v 0.468645 0.280137 0.037976
v 0.479135 0.279068 0.044203
v 0.464695 0.278196 0.016655
v 0.478057 0.278515 0.056573
v 0.465680 0.278199 0.062295
v 0.475106 0.275644 0.020851
v 0.472194 0.274817 0.067207
v 0.451633 0.271986 0.068723
v 0.001419 0.430358 0.086783
v -0.013737 0.434679 0.083325
v -0.016052 0.417407 0.087166
v 0.008443 0.420566 0.089005
v -0.000782 0.445126 0.080643
v -0.013272 0.450699 0.074894
v 0.016027 0.438075 0.081928
v 0.013929 0.453128 0.072362
v 0.022757 0.419586 0.085209
v -0.000034 0.455838 0.071357
v -0.025057 0.432375 0.078802
v -0.027488 0.443776 0.069929
v 0.026384 0.439267 0.075529
v 0.032753 0.417350 0.080732
v -0.027895 0.411977 0.079456
v 0.025121 0.449172 0.065122
v 0.031892 0.441538 0.067547
v -0.469699 0.221564 -0.010928
v -0.490862 0.206295 -0.012820
v -0.484975 0.206218 -0.014051
v -0.465888 0.214890 -0.014362
v -0.456220 0.225602 -0.011295
v -0.499303 0.187618 -0.014882
v -0.449441 0.219433 -0.011839
v -0.485627 0.220959 -0.014483
v -0.497363 0.206533 -0.016283
v -0.468613 0.230811 -0.015333
v -0.455307 0.233343 -0.013826
v -0.489850 0.193794 -0.019425
v -0.447469 0.215255 -0.020171
v -0.476285 0.207348 -0.020246
v -0.479840 0.205563 -0.024815
v -0.442472 0.214829 -0.014794
v -0.465142 0.213915 -0.025054
v -0.048685 0.050554 0.059574
v -0.052898 0.015644 0.059590
v -0.048750 0.050408 0.064327
v -0.051252 0.052902 0.071924
v -0.052498 0.031049 0.072079
v -0.053165 0.004440 0.071356
v -0.052991 0.002068 0.066095
v -0.052424 0.004139 0.058980
v -0.048379 0.001110 0.075675
v -0.041059 0.051588 0.080471
v -0.037361 -0.002287 0.084012
v -0.020924 0.019363 0.096030
v -0.021591 0.050683 0.093046
v -0.021482 -0.003239 0.091324
v -0.006368 0.303105 0.059060
v -0.010703 0.305018 0.069711
v -0.010163 0.306908 0.063031
v -0.011377 0.308374 0.055691
v -0.019230 0.309087 0.066345
v -0.019738 0.313651 0.056778
v -0.016543 0.304488 0.068991
v -0.007987 0.306013 0.076750
v 0.007912 0.303526 0.068692
v 0.005614 0.302027 0.076979
v 0.002732 0.306364 0.083954
v -0.018638 0.306916 0.049496
v 0.009389 0.297144 0.064566
v 0.075699 0.089811 -0.060689
v 0.084694 0.114909 -0.070333
v 0.083883 0.099008 -0.071624
v 0.083078 0.087357 -0.073607
v 0.079429 0.112142 -0.059961
v 0.082179 0.116132 -0.057204
v 0.072812 0.104992 -0.060540
v -0.027648 0.348298 0.099083
v -0.022573 0.338258 0.095142
v -0.017629 0.338720 0.097934
v -0.031630 0.353545 0.099332
v -0.016008 0.335097 0.090957
v -0.248002 0.236420 0.033855
v -0.239606 0.235023 0.040714
v -0.234962 0.228550 0.033510
v -0.229511 0.229410 0.038856
v -0.215042 0.228368 0.032593
v -0.212137 0.229470 0.048833
v -0.251864 0.236566 0.040315
v -0.233261 0.227810 0.057383
v -0.247956 0.227928 0.049795
v -0.209756 0.225707 0.053462
v -0.258267 0.228224 0.035431
v -0.253133 0.231710 0.030328
v -0.043571 0.466847 0.016547
v -0.043388 0.449923 0.008571
v -0.046370 0.461417 0.019148
v -0.045378 0.478006 0.025801
v -0.045942 0.445289 0.010143
v -0.041014 0.499010 0.030901
v -0.040191 0.439733 0.001100
v -0.045083 0.497722 0.033446
v -0.042323 0.435842 -0.003345
v -0.047565 0.428494 0.011638
v -0.050870 0.425583 0.004369
v -0.044850 0.449008 0.016800
v -0.044039 0.429918 0.013554
v 0.250040 -0.453319 0.086124
v 0.236833 -0.460865 0.083151
v 0.250717 -0.460770 0.084725
v 0.237662 -0.442393 0.081256
v 0.250340 -0.439654 0.082235
v 0.232298 -0.442446 0.076361
v 0.260484 -0.451333 0.080849
v 0.263379 -0.461774 0.079200
v 0.262274 -0.441863 0.075782
v 0.247625 -0.431923 0.046439
v 0.235802 -0.435658 0.054527
v 0.246261 -0.436887 0.074095
v 0.234864 -0.432075 0.042559
v 0.245522 -0.423763 0.035288
v 0.230850 -0.428924 0.033847
v 0.225337 -0.437993 0.036490
v 0.227502 -0.445600 0.069549
v 0.228763 -0.419573 0.022566
v 0.244562 -0.409047 0.020997
v 0.260757 -0.437719 0.060600
v 0.259281 -0.433949 0.041386
v 0.258527 -0.429128 0.031638
v 0.227493 -0.407382 0.015962
v 0.259819 -0.420135 0.019613
v -0.072406 0.053738 -0.050807
v -0.080779 0.052922 -0.039972
v -0.086895 0.051948 -0.019362
v -0.077465 0.052531 -0.026027
v -0.080258 0.052132 -0.052614
v -0.082260 0.060869 -0.002677
v -0.093272 0.052198 -0.006938
v -0.098772 0.065734 0.008393
v -0.091211 0.066147 0.006453
v -0.111272 0.049262 -0.001790
v -0.103637 0.063870 0.023868
v -0.095268 0.067533 0.028054
v -0.111799 0.053674 0.018434
v -0.077607 0.060954 -0.014925
v -0.074719 0.066266 -0.003123
v -0.070470 0.064761 -0.018371
v -0.062356 0.064907 -0.034931
v -0.064317 0.059944 -0.041542
v -0.076690 0.063375 0.017013
v -0.074552 0.066669 0.014825
v -0.064736 0.064889 0.033931
v -0.075115 0.055776 0.036517
v -0.064561 0.050037 -0.043498
v -0.082501 0.038538 -0.059909
v -0.083299 0.065423 0.037420
v -0.266058 0.253083 -0.013698
v -0.256832 0.250631 -0.011579
v -0.268783 0.251277 -0.003287
v -0.277285 0.251408 -0.007181
v -0.309181 0.245793 -0.000686
v -0.259488 0.254517 -0.001766
v -0.235629 0.253607 -0.003479
v -0.239827 0.254905 -0.001462
v -0.240081 0.250953 -0.007049
v -0.163295 0.233426 -0.083367
v -0.147231 0.240160 -0.079353
v -0.152812 0.228149 -0.079499
v -0.138861 0.236963 -0.076038
v -0.166703 0.239261 -0.082311
v -0.177161 0.236059 -0.083953
v -0.179934 0.225437 -0.080695
v -0.191546 0.232657 -0.079861
v -0.191674 0.241162 -0.078848
v -0.181088 0.241483 -0.081262
v -0.135772 0.243162 -0.071422
v -0.132901 0.227783 -0.066222
v -0.143198 0.225576 -0.071751
v -0.170138 0.223578 -0.076265
v -0.186845 0.226057 -0.074764
v -0.149838 0.224835 -0.068502
v -0.470970 0.218913 0.009946
v -0.459803 0.211393 0.010525
v -0.480914 0.204700 0.015417
v -0.484807 0.213469 0.014103
v -0.453760 0.215384 0.007811
v -0.441459 0.209563 0.007601
v -0.497740 0.185343 0.025676
v -0.451244 0.227615 0.008724
v -0.493738 0.206143 0.021214
v -0.500007 0.188287 0.026865
v -0.480234 0.222282 0.015752
v -0.445640 0.214577 0.002719
v -0.458678 0.228063 0.011908
v -0.472955 0.205617 0.016550
v -0.476631 0.201627 0.023231
v -0.459616 0.207062 0.022059
v -0.439100 0.206643 0.020708
v -0.426141 0.208246 -0.003636
v -0.442472 0.214829 -0.014794
v -0.431664 0.209200 -0.026316
v -0.488043 0.216641 0.022847
v -0.449441 0.219433 -0.011839
v 0.047671 0.451810 0.011199
v 0.048050 0.444291 0.010191
v 0.047664 0.439657 0.018795
v 0.048051 0.445228 0.000205
v 0.047904 0.471218 0.019006
v 0.045395 0.424634 0.002524
v 0.046004 0.427202 0.008518
v 0.049437 0.463923 0.010285
v 0.044435 0.427244 0.014994
v 0.047780 0.479243 0.015067
v 0.048649 0.499514 0.022350
v 0.049130 0.427593 -0.004610
v 0.049468 0.411935 -0.002949
v -0.087299 -0.008843 0.038074
v -0.095546 -0.013685 0.057678
v -0.099519 -0.015020 0.041089
v -0.094544 -0.012069 0.034365
v -0.108705 -0.012913 0.059270
v -0.111827 -0.013912 0.043441
v -0.107728 -0.010501 0.031986
v -0.115438 -0.008190 0.056234
v -0.106702 -0.000462 0.068267
v 0.057929 0.391298 0.056123
v 0.045918 0.388076 0.059318
v 0.049021 0.370092 0.062227
v 0.041915 0.402804 0.053727
v 0.057559 0.405161 0.050550
v 0.039272 0.385258 0.058056
v 0.053172 0.364670 0.060217
v 0.040650 0.370384 0.056165
v 0.047145 0.412191 0.042707
v 0.059335 0.410827 0.042406
v 0.059855 0.361119 0.054298
v 0.176138 -0.040432 -0.036003
v 0.179692 -0.037514 0.000693
v 0.174038 -0.044806 -0.022582
v 0.171574 -0.045919 -0.004081
v 0.172880 -0.049046 0.014616
v 0.178044 -0.036574 0.025100
v 0.177290 -0.034758 -0.030478
v 0.173032 -0.050483 -0.019889
v 0.178460 -0.059671 -0.036740
v 0.178726 -0.055029 0.024099
v 0.176981 -0.045881 0.029178
v 0.172887 -0.042328 -0.042658
v 0.178010 -0.056827 0.012136
v 0.173051 -0.061787 -0.041158
v 0.169222 -0.067958 -0.034865
v 0.171611 -0.066214 -0.032569
v 0.176911 -0.068767 0.006169
v 0.185802 -0.093964 0.026000
v 0.184237 -0.094743 -0.003389
v 0.191326 -0.112661 0.024492
v 0.176911 -0.064318 0.022850
v 0.178051 -0.078706 -0.014628
v 0.174318 -0.065214 -0.015650
v 0.184233 -0.101283 -0.030096
v 0.190065 -0.115069 -0.024509
v 0.195633 -0.129703 -0.001426
v 0.198084 -0.135437 0.017606
v 0.196310 -0.134959 -0.025327
v 0.200126 -0.147657 -0.019115
v 0.201492 -0.147103 -0.003015
v 0.194175 -0.115770 0.040130
v 0.176184 -0.063730 0.012263
v 0.200240 -0.142927 0.041682
v 0.201492 -0.148861 0.009445
v 0.188057 -0.090427 0.039092
v 0.179186 -0.063996 0.036410
v 0.178971 -0.062312 0.032408
v 0.183502 -0.059449 0.025856
v 0.178857 -0.056314 -0.028256
v 0.196792 -0.151647 -0.019888
v -0.171414 0.275785 0.011600
v -0.154648 0.275805 0.009200
v -0.163879 0.281973 0.022085
v -0.144462 0.278367 0.012966
v -0.148875 0.284760 0.025012
v -0.137265 0.278897 0.014182
v -0.133191 0.288297 0.026678
v -0.125868 0.284066 0.017113
v -0.163100 0.271414 0.007391
v -0.170336 0.273896 0.003973
v -0.175842 0.272120 0.005913
v -0.184283 0.276491 0.014541
v -0.189342 0.270868 0.010546
v -0.202392 0.268418 0.019195
v -0.193202 0.270247 0.006908
v -0.172743 0.284029 0.017594
v -0.199426 0.264437 0.012685
v -0.122860 0.283031 0.018912
v -0.045031 0.408893 0.030348
v -0.059212 0.407782 0.027163
v -0.043750 0.404985 0.041974
v -0.057228 0.403812 0.043402
v -0.046036 0.412136 0.015811
v -0.043327 0.400590 0.048593
v -0.056954 0.397022 0.050596
v -0.058549 0.406778 0.010477
v -0.052796 0.404554 0.003511
v -0.231700 -0.441742 0.072958
v -0.232746 -0.458296 0.074900
v -0.219117 -0.458023 0.076393
v -0.219016 -0.439324 0.071035
v -0.210503 -0.443971 0.067753
v -0.241870 -0.459510 0.068623
v -0.243478 -0.450089 0.065497
v -0.234661 -0.437203 0.067886
v -0.046098 0.426638 0.021207
v -0.041021 0.422803 0.039696
v -0.036226 0.429426 0.013810
v -0.044039 0.429918 0.013554
v -0.047565 0.428494 0.011638
v -0.044563 0.421712 0.035397
v 0.268023 -0.468025 -0.052119
v 0.274405 -0.467784 -0.027065
v 0.264694 -0.469384 -0.032280
v 0.261455 -0.467022 -0.025556
v 0.252592 -0.467351 -0.029633
v -0.098107 0.065026 0.046682
v -0.092660 0.062751 0.059198
v -0.087391 0.056498 0.039858
v -0.092959 0.059229 0.038530
v -0.094496 0.057772 0.034694
v -0.102102 0.065036 0.063570
v -0.106081 0.064868 0.059560
v -0.106401 0.064418 0.046996
v -0.104937 0.057823 0.036862
v -0.039713 0.462171 0.021376
v -0.039609 0.443307 0.015191
v -0.038311 0.452325 0.012864
v -0.038125 0.467895 0.018780
v -0.039309 0.475074 0.026705
v -0.038264 0.483795 0.024868
v -0.038735 0.497604 0.034936
v -0.039827 0.449846 0.008489
v -0.036226 0.429426 0.013810
v -0.040191 0.439733 0.001100
v -0.041014 0.499010 0.030901
v -0.033799 0.427495 0.008138
v -0.033715 0.425242 0.001802
v -0.032940 0.418547 -0.000449
v -0.042323 0.435842 -0.003345
v -0.039795 0.424843 -0.005540
v 0.066383 0.300562 0.071398
v 0.065142 0.288334 0.063651
v 0.065695 0.290678 0.076536
v 0.065664 0.301431 0.054847
v 0.063544 0.275911 0.070247
v 0.068878 0.314522 0.064247
v 0.064650 0.313924 0.044141
v 0.066040 0.274551 0.082931
v 0.061596 0.264496 0.074762
v 0.062634 0.256128 0.079407
v 0.070974 0.323565 0.051283
v 0.069391 0.329428 0.040244
v 0.060977 0.326547 0.028104
v 0.062965 0.330326 0.025430
v 0.066381 0.336691 0.033997
v 0.068538 0.334949 0.037477
v 0.072042 0.298241 0.078655
v 0.071749 0.259301 0.088634
v 0.065166 0.252173 0.082045
v 0.070085 0.239780 0.087553
v 0.053508 0.341032 0.016511
v -0.459019 0.218553 -0.026601
v -0.475275 0.212244 -0.030017
v -0.463880 0.210303 -0.029077
v -0.445937 0.215699 -0.026475
v -0.479056 0.201322 -0.031513
v -0.435785 0.209912 -0.029165
v -0.464921 0.223919 -0.029723
v -0.451321 0.225469 -0.028641
v -0.483899 0.203595 -0.035467
v -0.488369 0.186279 -0.036555
v -0.471545 0.202119 -0.036991
v -0.459091 0.207016 -0.037293
v -0.444293 0.206157 -0.038975
v -0.431635 0.202090 -0.036809
v -0.431664 0.209200 -0.026316
v -0.402198 0.205762 -0.037235
v -0.413275 0.208670 -0.030802
v -0.392285 0.210023 -0.031683
v -0.389331 0.206559 -0.035513
v -0.388290 0.208908 -0.026415
v -0.374095 0.210829 -0.035251
v -0.482166 0.190518 -0.041651
v -0.390109 0.210381 -0.017275
v -0.375166 0.210790 -0.020677
v -0.442472 0.214829 -0.014794
v -0.401347 0.208894 -0.009039
v -0.384160 0.211642 0.002022
v -0.499329 0.210887 0.000510
v -0.498711 0.187919 -0.000986
v -0.499542 0.190983 0.007434
v -0.499292 0.200364 -0.001814
v -0.497839 0.206736 0.006620
v 0.061760 0.354096 0.011171
v 0.064484 0.336655 0.007842
v 0.051813 0.350025 0.012154
v 0.052866 0.337431 0.011477
v 0.066905 0.348432 0.012589
v -0.017546 0.347161 -0.029224
v -0.025157 0.344293 -0.023456
v -0.008093 0.349119 -0.025126
v -0.032317 0.349116 -0.033312
v -0.040934 0.345664 -0.024990
v -0.003348 0.347039 -0.031284
v -0.010912 0.349503 -0.036308
v 0.006225 0.346250 -0.034033
v -0.031379 0.343572 -0.012158
v 0.006656 0.347595 -0.026028
v 0.017449 0.349477 -0.023301
v -0.042951 0.338751 -0.021701
v -0.210890 0.245268 0.041944
v -0.212765 0.230802 0.036433
v -0.212137 0.229470 0.048833
v -0.212478 0.247001 0.029996
v -0.206944 0.238937 0.055833
v -0.215042 0.228368 0.032593
v -0.209756 0.225707 0.053462
v -0.203529 0.221195 0.056559
v -0.206396 0.213488 0.050609
v -0.199803 0.207704 0.053121
v -0.216328 0.250816 0.027521
v 0.051685 0.478855 0.020564
v 0.047904 0.471218 0.019006
v 0.051899 0.472258 0.017198
v 0.052429 0.431462 0.022088
v 0.048649 0.499514 0.022350
v 0.052712 0.499081 0.020288
v 0.047664 0.439657 0.018795
v 0.044435 0.427244 0.014994
v 0.047749 0.427069 0.033134
v -0.441362 0.195511 0.044218
v -0.432154 0.199707 0.030125
v -0.433000 0.193162 0.034276
v -0.440019 0.184520 0.044683
v -0.449141 0.180872 0.057502
v -0.421320 0.206470 0.020269
v -0.421892 0.210892 0.023937
v -0.428888 0.207079 0.035407
v -0.448508 0.182291 0.061672
v -0.418680 0.216018 0.032673
v -0.416600 0.218496 0.024860
v -0.086562 0.285251 0.056657
v -0.082483 0.278076 0.045951
v -0.081681 0.276227 0.051519
v -0.084074 0.292795 0.044665
v -0.082763 0.294213 0.055156
v -0.086621 0.293970 0.039536
v -0.081352 0.299955 0.050506
v -0.083592 0.301833 0.037078
v -0.080873 0.265762 0.051503
v -0.082636 0.268324 0.059527
v -0.082184 0.270158 0.064070
v -0.470609 0.220341 -0.026263
v -0.465142 0.213915 -0.025054
v -0.487301 0.210666 -0.026984
v -0.479840 0.205563 -0.024815
v -0.494630 0.193298 -0.023267
v -0.445937 0.215699 -0.026475
v -0.497465 0.203058 -0.023920
v -0.481129 0.223151 -0.025231
v -0.461318 0.231036 -0.025407
v -0.459019 0.218553 -0.026601
v -0.451321 0.225469 -0.028641
v -0.442930 0.232742 -0.028482
v -0.498242 0.184201 -0.018766
v -0.491077 0.216833 -0.022283
v -0.489850 0.193794 -0.019425
v 0.498670 0.231301 0.030756
v 0.498493 0.218850 0.045531
v 0.498038 0.222811 0.027240
v 0.497928 0.216401 0.029972
v 0.498192 0.204389 0.036048
v 0.495901 0.197222 0.027640
v 0.494661 0.197489 0.042133
v 0.498479 0.190746 0.036143
v 0.493263 0.232395 0.023563
v 0.490839 0.186077 0.028820
v 0.489825 0.199742 0.022437
v 0.483672 0.185385 0.017240
v 0.489001 0.230641 0.017298
v 0.494159 0.237876 0.019340
v 0.497811 0.237333 0.028652
v 0.497230 0.242886 0.029094
v 0.499469 0.242836 0.044049
v 0.495596 0.250807 0.031654
v 0.496782 0.245964 0.044115
v 0.497365 0.250802 0.044516
v 0.495952 0.244670 0.059980
v 0.497230 0.237506 0.060509
v 0.486890 0.256078 0.020849
v 0.490736 0.259404 0.055644
v 0.479135 0.279068 0.044203
v 0.478360 0.278416 0.033451
v 0.475106 0.275644 0.020851
v 0.478057 0.278515 0.056573
v 0.490893 0.245856 0.068600
v 0.481452 0.263406 0.068231
v 0.472194 0.274817 0.067207
v 0.492643 0.232620 0.062371
v 0.486080 0.241989 0.074273
v 0.480272 0.232337 0.072923
v 0.499068 0.226737 0.057451
v 0.496664 0.211543 0.058964
v 0.494711 0.196217 0.054142
v 0.493638 0.216859 0.064235
v 0.486788 0.205971 0.073214
v 0.492920 0.226507 0.069444
v 0.489740 0.202992 0.063389
v 0.489553 0.197361 0.061136
v 0.487457 0.192888 0.066019
v 0.494395 0.191223 0.055215
v 0.484335 0.187722 0.066439
v 0.488181 0.211393 0.070728
v 0.489828 0.231116 0.071061
v 0.482168 0.207632 0.076798
v 0.481498 0.218259 0.079543
v 0.468905 0.191406 0.075289
v 0.473965 0.197806 0.072813
v 0.485564 0.216101 0.069474
v -0.059385 -0.042825 0.068236
v -0.059411 -0.054947 0.073528
v -0.054810 -0.059729 0.062796
v -0.057777 -0.059669 0.070475
v -0.050936 -0.038611 0.059878
v -0.060937 -0.030094 0.058384
v 0.052620 0.336003 0.000842
v 0.049342 0.352209 0.008556
v 0.052866 0.337431 0.011477
v 0.051813 0.350025 0.012154
v 0.035552 0.368561 -0.009185
v 0.041269 0.363189 -0.002774
v 0.039956 0.358528 -0.009204
v 0.044026 0.346289 -0.008371
v 0.045472 0.351629 0.001421
v 0.046875 0.367958 0.005138
v 0.036510 0.369353 -0.019038
v 0.031616 0.376128 -0.021814
v 0.038159 0.359596 -0.019618
v 0.029311 0.379736 -0.016988
v 0.045647 0.354074 -0.017017
v 0.055297 0.338158 -0.016208
v 0.050755 0.348308 -0.017826
v 0.048641 0.337347 -0.023729
v 0.236870 -0.357750 -0.068605
v 0.236456 -0.353059 -0.056014
v 0.248450 -0.356286 -0.058412
v 0.225217 -0.354671 -0.065074
v 0.243749 -0.352002 -0.046395
v 0.253888 -0.354160 -0.030609
v 0.247607 -0.350861 -0.030697
v 0.254309 -0.357746 -0.046861
v 0.247622 -0.352488 -0.009520
v 0.251251 -0.355563 -0.002006
v 0.240585 -0.356450 0.004827
v 0.255401 -0.357985 -0.007809
v 0.084694 0.114909 -0.070333
v 0.082179 0.116132 -0.057204
v 0.094421 0.116354 -0.057206
v 0.169921 -0.037609 -0.027034
v 0.170654 -0.045135 -0.031433
v 0.171258 -0.045126 -0.025606
v 0.169094 -0.041356 -0.005952
v 0.170166 -0.049530 -0.030884
v 0.168297 -0.054207 -0.028462
v 0.172264 -0.034907 0.017253
v 0.171683 -0.033979 -0.032774
v 0.171574 -0.045919 -0.004081
v 0.168675 -0.040348 0.007840
v 0.479750 0.182334 0.055494
v 0.484845 0.182094 0.039970
v 0.490477 0.184346 0.052420
v 0.493703 0.185016 0.039924
v 0.490839 0.186077 0.028820
v 0.484335 0.187722 0.066439
v 0.469451 0.183267 0.067857
v 0.478361 0.177215 0.048436
v 0.483066 0.177570 0.028312
v 0.469227 0.175629 0.057664
v 0.494395 0.191223 0.055215
v 0.498479 0.190746 0.036143
v 0.456151 0.176652 0.061618
v 0.468905 0.191406 0.075289
v 0.449214 0.183421 0.068503
v 0.453354 0.187431 0.072473
v 0.483672 0.185385 0.017240
v 0.462425 0.191551 0.072246
v 0.473131 0.175039 0.027075
v 0.469809 0.174105 0.043014
v 0.453659 0.175551 0.037782
v 0.453291 0.176582 0.025393
v 0.467050 0.179183 0.014882
v 0.452054 0.180527 0.014808
v 0.011493 0.118728 0.097943
v 0.010180 0.093785 0.103299
v 0.012311 0.099954 0.096050
v 0.008614 0.097103 0.088173
v 0.009402 0.180358 0.095185
v 0.011732 0.151910 0.100688
v 0.012166 0.159017 0.095567
v 0.014978 0.143273 0.096190
v 0.006596 0.100792 0.106074
v 0.008052 0.144701 0.106694
v 0.011092 0.181820 0.104694
v 0.013668 0.182482 0.091385
v -0.497465 0.203058 -0.023920
v -0.498242 0.184201 -0.018766
v -0.499303 0.187618 -0.014882
v -0.497363 0.206533 -0.016283
v -0.491077 0.216833 -0.022283
v -0.485627 0.220959 -0.014483
v -0.498535 0.186523 -0.014610
v -0.498047 0.187500 -0.012665
v 0.078476 0.087193 -0.069103
v 0.063615 0.084767 -0.064445
v 0.076701 0.078365 -0.064426
v -0.154934 -0.281722 0.020708
v -0.153714 -0.279118 0.030032
v -0.164029 -0.274629 0.027251
v -0.165265 -0.275690 0.017757
v -0.170489 -0.268273 0.025757
v -0.140552 -0.284115 0.020340
v -0.142910 -0.279132 0.031876
v -0.153686 -0.266352 0.041560
v -0.162133 -0.261041 0.039886
v -0.142597 -0.266090 0.043225
v -0.155740 -0.294763 0.013358
v -0.169274 -0.302235 0.004477
v -0.154870 -0.311230 0.004710
v -0.142851 -0.247185 0.051537
v -0.161247 -0.242811 0.046644
v -0.140819 -0.301068 0.006738
v -0.181431 -0.298916 -0.004275
v -0.166272 -0.309156 0.003827
v -0.171332 -0.251606 0.035827
v -0.140563 -0.223321 0.056185
v -0.127966 -0.272762 0.033274
v -0.128453 -0.279323 0.025348
v -0.124561 -0.241118 0.050600
v -0.126848 -0.221143 0.055046
v -0.128016 -0.261429 0.041706
v -0.142967 -0.313788 -0.001464
v -0.158404 -0.218033 0.048918
v -0.112857 -0.225165 0.050423
v -0.134380 -0.209281 0.054755
v -0.109713 -0.208500 0.050193
v -0.168623 -0.236671 0.038440
v -0.144566 -0.199828 0.049926
v -0.126705 -0.196568 0.050846
v -0.188095 -0.305465 -0.004300
v -0.177650 -0.280422 0.002965
v -0.173691 -0.258909 0.012686
v -0.188821 -0.292981 -0.013721
v -0.176794 -0.252550 0.023471
v -0.180257 -0.270355 -0.001421
v -0.167479 -0.318877 0.007994
v -0.153461 -0.324683 0.004564
v -0.169039 -0.334235 0.007223
v -0.178149 -0.314451 0.004707
v -0.183775 -0.321823 -0.001482
v -0.185619 -0.329782 -0.001418
v -0.206513 -0.305293 -0.026203
v -0.204798 -0.295839 -0.021824
v -0.197264 -0.325850 -0.012679
v -0.213029 -0.321723 -0.026026
v -0.170238 -0.341396 0.009672
v -0.154342 -0.344166 0.003913
v -0.170591 -0.354069 0.003942
v -0.186631 -0.353530 0.006027
v -0.188776 -0.340603 0.011029
v -0.205246 -0.346801 0.004617
v -0.207747 -0.334553 0.003359
v -0.213089 -0.341921 0.000248
v -0.153818 -0.198411 0.041208
v -0.043571 0.466847 0.016547
v -0.038125 0.467895 0.018780
v -0.039827 0.449846 0.008489
v -0.038264 0.483795 0.024868
v -0.041014 0.499010 0.030901
v -0.043388 0.449923 0.008571
v -0.040191 0.439733 0.001100
v 0.465023 0.332480 0.053427
v 0.462682 0.301437 0.051088
v 0.459622 0.312562 0.052048
v 0.455686 0.295980 0.049438
v 0.468939 0.327303 0.054045
v 0.471455 0.345154 0.051735
v 0.463664 0.291954 0.046830
v 0.450995 0.291606 0.045920
v -0.355126 0.258363 -0.032009
v -0.367395 0.256331 -0.021467
v -0.355246 0.259747 -0.021233
v -0.367715 0.253766 -0.034451
v -0.354979 0.253377 -0.040666
v -0.367950 0.249580 -0.041282
v -0.372224 0.248009 -0.031810
v -0.372837 0.248335 -0.020114
v -0.366779 0.254836 -0.006977
v -0.373811 0.246025 -0.004594
v -0.369871 0.250585 0.002794
v -0.373433 0.234175 -0.044534
v -0.356056 0.256310 -0.008380
v -0.359585 0.250019 0.001792
v -0.388872 0.245700 -0.018576
v -0.390627 0.244045 -0.003862
v -0.389597 0.245379 -0.031924
v -0.378166 0.241190 0.005389
v -0.392992 0.240107 0.009945
v -0.400196 0.238831 0.007365
v -0.422589 0.241212 -0.006907
v -0.419075 0.238322 0.005765
v -0.438398 0.236925 0.000001
v -0.442778 0.237433 -0.008118
v -0.438755 0.238670 -0.017493
v -0.438201 0.237070 0.008435
v -0.446195 0.232883 0.006352
v -0.456178 0.235696 -0.007662
v -0.473078 0.230290 0.002664
v -0.473014 0.230735 -0.005596
v -0.392087 0.242878 -0.019261
v -0.420181 0.239296 -0.031244
v -0.440331 0.237026 -0.032039
v -0.455307 0.233343 -0.013826
v -0.461318 0.231036 -0.025407
v -0.468613 0.230811 -0.015333
v -0.394001 0.240159 -0.032518
v -0.448315 0.230475 0.017924
v -0.481129 0.223151 -0.025231
v -0.491766 0.219752 -0.005144
v -0.485627 0.220959 -0.014483
v -0.489718 0.219352 0.006063
v -0.491077 0.216833 -0.022283
v -0.442930 0.232742 -0.028482
v -0.402251 0.229318 0.023432
v -0.405022 0.230909 0.017266
v -0.424904 0.230305 0.017000
v -0.436912 0.230565 0.018085
v -0.416600 0.218496 0.024860
v -0.499329 0.210887 0.000510
v -0.402133 0.217615 0.035858
v -0.418680 0.216018 0.032673
v -0.414008 0.214237 0.038503
v -0.417062 0.205102 0.046564
v -0.436973 0.200435 0.045545
v -0.436200 0.191770 0.057696
v -0.448508 0.182291 0.061672
v -0.389457 0.228724 0.021372
v -0.379118 0.232343 0.014616
v -0.441610 0.182945 0.062738
v -0.428888 0.207079 0.035407
v -0.497839 0.206736 0.006620
v -0.441362 0.195511 0.044218
v -0.446333 0.230412 -0.035016
v -0.451244 0.227615 0.008724
v -0.458678 0.228063 0.011908
v -0.465880 0.227088 0.020613
v -0.480234 0.222282 0.015752
v -0.488043 0.216641 0.022847
v -0.378471 0.241762 -0.041164
v -0.387439 0.239991 -0.043032
v -0.425784 0.229607 -0.047249
v -0.392417 0.233889 -0.044610
v 0.449737 0.286210 0.022034
v 0.463925 0.285533 0.022745
v 0.464695 0.278196 0.016655
v 0.450903 0.271558 0.012106
v 0.440454 0.278993 0.018789
v 0.441672 0.269751 0.014258
v 0.437766 0.249879 0.008100
v 0.428775 0.254162 0.013113
v 0.431045 0.250590 0.009705
v 0.433806 0.235373 0.004751
v 0.449720 0.244214 0.008299
v 0.465564 0.259574 0.012007
v 0.468828 0.239405 0.011260
v 0.489171 0.238447 0.015425
v 0.484147 0.252402 0.016358
v 0.456044 0.213625 0.009625
v 0.433458 0.220631 0.005855
v 0.485411 0.207654 0.017334
v 0.467892 0.187736 0.011015
v 0.454020 0.190077 0.009094
v 0.442467 0.207583 0.009229
v 0.483672 0.185385 0.017240
v 0.419960 0.221346 -0.001560
v 0.475106 0.275644 0.020851
v 0.420706 0.235478 -0.003371
v 0.411871 0.233806 -0.003206
v 0.411794 0.216476 -0.000286
v 0.426014 0.245987 0.002931
v 0.415505 0.250701 0.002851
v 0.398781 0.234925 -0.012578
v 0.397363 0.222704 -0.010533
v 0.389943 0.218356 -0.011748
v 0.384929 0.235714 -0.017074
v 0.383432 0.247483 -0.013599
v 0.376639 0.234857 -0.019649
v 0.382486 0.223286 -0.015823
v 0.399779 0.247252 -0.006443
v 0.373359 0.250172 -0.013773
v 0.494159 0.237876 0.019340
v 0.489001 0.230641 0.017298
v 0.376185 0.221630 -0.015679
v 0.349831 0.222599 -0.029952
v 0.338334 0.234442 -0.038768
v 0.369717 0.249707 -0.019944
v 0.349153 0.243860 -0.031549
v 0.324596 0.247070 -0.042084
v 0.310625 0.235965 -0.049426
v 0.293047 0.251625 -0.051727
v 0.293003 0.238993 -0.054205
v 0.277644 0.240398 -0.054888
v 0.321190 0.222544 -0.041629
v 0.335518 0.257911 -0.030633
v 0.361707 0.256445 -0.019025
v 0.489825 0.199742 0.022437
v 0.308044 0.261981 -0.039395
v 0.295237 0.223856 -0.048717
v 0.264997 0.251558 -0.050820
v 0.486890 0.256078 0.020849
v 0.316265 0.267297 -0.031556
v 0.290495 0.260895 -0.046106
v 0.267901 0.263605 -0.045449
v 0.258960 0.262569 -0.047319
v 0.256019 0.246568 -0.052321
v 0.262128 0.236166 -0.050280
v 0.253386 0.261979 -0.051344
v 0.232692 0.255512 -0.055843
v 0.249438 0.238076 -0.051670
v 0.229788 0.238452 -0.052907
v 0.227933 0.269889 -0.049553
v 0.224569 0.254027 -0.054948
v 0.190504 0.267005 -0.054825
v 0.184646 0.255836 -0.055781
v 0.164239 0.271264 -0.055347
v 0.163807 0.288402 -0.050523
v 0.154154 0.291166 -0.054285
v 0.141985 0.290694 -0.056069
v 0.190027 0.282736 -0.048747
v 0.155812 0.266103 -0.056224
v 0.127604 0.270474 -0.060215
v 0.159164 0.299280 -0.047347
v 0.160615 0.253233 -0.054437
v 0.130730 0.284045 -0.057002
v 0.106716 0.271820 -0.066095
v 0.118855 0.253000 -0.064941
v 0.105393 0.292115 -0.059709
v 0.100363 0.243494 -0.074197
v 0.130265 0.258257 -0.060663
v 0.138551 0.255653 -0.056949
v 0.122464 0.302292 -0.049732
v 0.143102 0.301181 -0.048808
v 0.116520 0.233755 -0.066071
v 0.095474 0.268739 -0.073597
v 0.094313 0.286930 -0.069960
v 0.103754 0.222021 -0.071914
v 0.105535 0.310870 -0.047562
v 0.093327 0.309708 -0.059169
v 0.236100 0.274057 -0.045243
v 0.165185 0.300072 -0.041362
v 0.193887 0.286909 -0.044924
v 0.213328 0.283212 -0.042123
v 0.254538 0.271587 -0.042870
v 0.123131 0.239720 -0.059525
v 0.349607 0.265700 -0.017016
v 0.373490 0.261475 -0.003681
v 0.408063 0.249411 0.004206
v 0.194113 0.240677 -0.052223
v 0.265874 0.273727 -0.033475
v 0.367465 0.260018 -0.012286
v 0.290017 0.268389 -0.038479
v 0.342490 0.269090 -0.015607
v 0.127931 0.315402 -0.036079
v 0.233969 0.281118 -0.034054
v 0.280298 0.221903 -0.048484
v 0.140655 0.313779 -0.035530
v 0.394905 0.255757 0.000699
v 0.119327 0.316656 -0.034591
v 0.191554 0.297713 -0.032333
v 0.285099 0.274538 -0.029313
v 0.098383 0.323756 -0.037547
v 0.113303 0.209879 -0.060260
v 0.107480 0.193857 -0.061626
v 0.155801 0.241730 -0.049691
v 0.467050 0.179183 0.014882
v 0.269689 0.221477 -0.047138
v 0.230887 0.225542 -0.046850
v 0.096685 0.195499 -0.073676
v 0.139900 0.239307 -0.048960
v 0.126976 0.230508 -0.050034
v 0.244524 0.224403 -0.044855
v 0.256694 0.223068 -0.041801
v 0.188643 0.230408 -0.046444
v 0.224892 0.228659 -0.047055
v 0.452054 0.180527 0.014808
v 0.443463 0.188031 0.014230
v 0.097527 0.176864 -0.062860
v 0.430643 0.209472 0.012938
v 0.109533 0.176523 -0.047713
v 0.436189 0.202311 0.014689
v 0.110715 0.172996 -0.051776
v -0.039953 0.325397 0.011752
v -0.036857 0.328942 0.016537
v -0.048774 0.335991 0.012377
v -0.039030 0.339758 0.017965
v -0.038689 0.345683 0.023460
v -0.035099 0.348451 0.039740
v -0.040234 0.350390 0.038178
v -0.057556 0.343763 0.024232
v -0.051261 0.340698 0.018451
v -0.053404 0.347359 0.039362
v -0.060186 0.349547 0.040557
v -0.055323 0.356413 0.050913
v 0.476582 0.358978 0.057386
v 0.471492 0.338153 0.057499
v 0.471455 0.345154 0.051735
v 0.468939 0.327303 0.054045
v 0.472827 0.359049 0.052597
v 0.068279 0.339572 0.025498
v 0.062537 0.349141 0.038065
v 0.066381 0.336691 0.033997
v 0.063624 0.352098 0.024392
v 0.066905 0.348432 0.012589
v 0.069204 0.337706 0.014752
v 0.061760 0.354096 0.011171
v 0.064484 0.336655 0.007842
v 0.054927 0.168026 0.111328
v 0.061187 0.157731 0.106966
v 0.049399 0.158688 0.108127
v 0.046452 0.172170 0.110009
v 0.063465 0.171978 0.108359
v 0.055145 0.154908 0.103198
v -0.354979 0.253377 -0.040666
v -0.355126 0.258363 -0.032009
v -0.351178 0.247989 -0.033368
v -0.353787 0.242737 -0.047338
v -0.355246 0.259747 -0.021233
v -0.353240 0.248382 -0.013862
v -0.356056 0.256310 -0.008380
v -0.356052 0.243394 -0.002185
v -0.359585 0.250019 0.001792
v -0.359623 0.243200 0.003864
v -0.360080 0.221182 -0.002043
v -0.362995 0.220090 0.005311
v -0.362175 0.212844 -0.004799
v -0.356898 0.220342 -0.018327
v -0.360046 0.208496 -0.022503
v -0.354538 0.217064 -0.028855
v -0.355136 0.207758 -0.035102
v -0.353228 0.216495 -0.037890
v -0.355853 0.209847 -0.044527
v -0.351862 0.215999 -0.046296
v -0.368773 0.214690 0.005560
v -0.378207 0.212748 0.011724
v -0.375214 0.224153 0.017715
v -0.367895 0.236032 0.008860
v -0.379118 0.232343 0.014616
v -0.368364 0.209389 -0.008431
v -0.055032 0.302480 0.041450
v -0.057755 0.305670 0.037473
v -0.056387 0.302509 0.052998
v -0.052196 0.292641 0.049560
v -0.056339 0.293410 0.061827
v -0.049701 0.281620 0.054199
v -0.054540 0.284396 0.067949
v -0.048840 0.267180 0.059858
v -0.056134 0.268175 0.073004
v -0.050710 0.253723 0.070374
v -0.060622 0.065448 -0.053322
v -0.051401 0.065016 -0.049468
v -0.062113 0.064108 -0.041085
v -0.065720 0.065569 -0.046555
v -0.056041 0.068368 -0.054798
v 0.143067 -0.056866 0.062848
v 0.131425 -0.057434 0.057664
v 0.140870 -0.055911 0.068472
v 0.139120 -0.057456 0.052684
v 0.125082 -0.059815 0.062260
v -0.231103 0.255246 -0.067408
v -0.238392 0.251001 -0.069635
v -0.247005 0.253381 -0.070786
v -0.245940 0.240848 -0.075588
v -0.257368 0.248832 -0.072031
v -0.259594 0.239823 -0.074924
v -0.245348 0.260925 -0.064754
v -0.218711 0.258020 -0.061537
v -0.241093 0.242896 -0.078900
v -0.039309 0.475074 0.026705
v -0.046370 0.461417 0.019148
v -0.039713 0.462171 0.021376
v -0.045378 0.478006 0.025801
v -0.044850 0.449008 0.016800
v -0.039609 0.443307 0.015191
v -0.043511 0.486349 0.032114
v -0.044039 0.429918 0.013554
v -0.036226 0.429426 0.013810
v -0.038735 0.497604 0.034936
v -0.045083 0.497722 0.033446
v 0.473706 0.212774 0.069355
v 0.485564 0.216101 0.069474
v 0.469780 0.212086 0.078681
v 0.481498 0.218259 0.079543
v 0.492920 0.226507 0.069444
v 0.472732 0.218200 0.082582
v 0.493638 0.216859 0.064235
v 0.464725 0.212221 0.079467
v -0.483899 0.203595 -0.035467
v -0.488568 0.189472 -0.042561
v -0.488369 0.186279 -0.036555
v -0.481559 0.204268 -0.042865
v -0.468423 0.221611 -0.040783
v -0.471542 0.221821 -0.036962
v -0.459931 0.226716 -0.035724
v -0.475275 0.212244 -0.030017
v -0.464921 0.223919 -0.029723
v -0.451321 0.225469 -0.028641
v -0.446333 0.230412 -0.035016
v -0.442930 0.232742 -0.028482
v -0.199426 0.264437 0.012685
v -0.200137 0.258096 0.013031
v -0.201678 0.260514 0.009077
v -0.200876 0.272426 0.007410
v -0.205714 0.257436 0.006577
v -0.202392 0.268418 0.019195
v -0.203951 0.254965 0.020720
v -0.017567 0.407808 0.128932
v 0.006855 0.409433 0.134126
v -0.001860 0.412538 0.134684
v 0.019053 0.412299 0.131479
v 0.023238 0.410303 0.130030
v 0.028511 0.411882 0.079755
v 0.016557 0.411921 0.082599
v 0.028268 0.406436 0.076643
v 0.038564 0.409540 0.080068
v 0.032404 0.405566 0.073209
v 0.003291 0.412275 0.086580
v 0.004310 0.415803 0.087991
v -0.013892 0.411799 0.083746
v 0.021774 0.414632 0.089227
v 0.016731 0.413115 0.115445
v 0.002317 0.415738 0.101477
v 0.029200 0.412051 0.101663
v -0.003365 0.413031 0.116035
v 0.028590 0.408305 0.123605
v -0.016188 0.412121 0.097925
v -0.020792 0.405841 0.124739
v -0.023978 0.407556 0.080212
v 0.037273 0.408460 0.103221
v -0.034045 0.398445 0.109726
v -0.034256 0.399196 0.096328
v -0.029020 0.404064 0.119617
v 0.041054 0.411831 0.072130
v 0.038746 0.408353 0.063160
v 0.040784 0.411437 0.092501
v -0.029723 0.401495 0.075958
v -0.036431 0.396394 0.104437
v 0.032265 0.410929 0.120513
v -0.038726 0.000877 0.059697
v -0.052424 0.004139 0.058980
v -0.053431 -0.002123 0.054690
v -0.066397 -0.003212 0.048314
v -0.078644 0.007246 0.044298
v -0.075658 -0.004156 0.042274
v -0.053299 -0.014381 0.055238
v -0.052898 0.015644 0.059590
v -0.071978 0.029068 0.047753
v -0.080951 0.031187 0.041844
v -0.051380 0.057224 0.056459
v -0.077658 0.049033 0.041462
v -0.068972 0.052231 0.045424
v -0.048685 0.050554 0.059574
v -0.036592 0.051567 0.066638
v -0.085041 0.052874 0.039980
v -0.034969 0.061890 0.063392
v -0.022435 0.053346 0.072940
v -0.078599 -0.027835 0.049842
v -0.091314 -0.017626 0.035959
v -0.078969 0.001366 0.041537
v -0.087299 -0.008843 0.038074
v -0.094544 -0.012069 0.034365
v -0.087135 -0.050901 0.047909
v -0.074348 -0.052327 0.056747
v -0.086122 -0.072503 0.052088
v -0.104502 -0.069584 0.036870
v -0.098967 -0.045079 0.034771
v -0.060937 -0.030094 0.058384
v -0.068792 -0.040991 0.062179
v -0.068954 -0.051093 0.059888
v -0.062920 -0.060158 0.061792
v -0.105480 -0.075214 0.039384
v -0.096833 -0.108238 0.046654
v -0.110283 -0.097022 0.035651
v -0.103625 -0.119559 0.041485
v -0.108679 -0.117146 0.036921
v -0.104128 -0.143909 0.045174
v -0.118253 -0.145627 0.037693
v -0.107896 -0.165086 0.042694
v -0.089989 -0.122612 0.047596
v -0.131126 -0.158908 0.035005
v -0.125758 -0.128977 0.024056
v -0.134714 -0.144470 0.023952
v -0.123887 -0.107953 0.017654
v -0.119993 -0.092960 0.019541
v -0.115990 -0.075418 0.023082
v -0.139181 -0.160944 0.026893
v -0.020591 0.060498 0.070208
v -0.023383 0.083179 0.072926
v -0.040272 0.084102 0.064642
v -0.051635 0.063192 0.051242
v -0.060199 0.079157 0.045017
v -0.088359 -0.146518 0.048656
v -0.007472 0.067448 0.074517
v -0.087942 -0.162167 0.046361
v -0.118805 -0.171922 0.035707
v 0.029003 0.068704 0.078819
v 0.028934 0.080480 0.079456
v -0.083202 0.000944 0.044459
v -0.011065 0.054801 0.074826
v 0.010764 0.056662 0.074920
v 0.047910 0.070443 0.078322
v 0.049249 0.081359 0.078898
v 0.033400 0.056617 0.076048
v 0.044669 0.050528 0.078877
v -0.059385 -0.042825 0.068236
v -0.066543 -0.049531 0.067673
v -0.059411 -0.054947 0.073528
v 0.057454 0.059914 0.073175
v 0.010270 0.048303 0.080285
v -0.064736 0.064889 0.033931
v -0.084857 0.031755 0.043141
v -0.112284 -0.059552 0.019900
v -0.105813 -0.046467 0.023692
v -0.095498 -0.007911 0.024876
v -0.059128 0.084437 0.050457
v -0.144383 -0.157648 0.016459
v -0.142133 -0.148037 0.015446
v 0.037406 0.088389 0.083995
v 0.008614 0.097103 0.088173
v -0.004642 0.084248 0.077471
v -0.020639 0.090366 0.077214
v -0.009219 0.095834 0.083225
v -0.033783 0.089572 0.075092
v 0.063402 0.089725 0.081179
v -0.131199 -0.166760 0.027753
v -0.134245 -0.174942 0.027950
v -0.124926 -0.183014 0.038259
v -0.140918 -0.179131 0.025609
v -0.140438 -0.168074 0.014958
v -0.139127 -0.163452 0.016530
v -0.143443 -0.157959 0.009456
v -0.127128 -0.116669 0.015956
v -0.133616 -0.132314 0.015198
v -0.149561 -0.132727 0.019929
v -0.131023 -0.105840 0.022689
v -0.141761 -0.107729 0.024111
v -0.158680 -0.124781 0.019400
v -0.144930 -0.090303 0.025167
v -0.127948 -0.081422 0.028510
v -0.157099 -0.155574 0.016883
v -0.167967 -0.150319 0.013876
v -0.129888 -0.061392 0.032645
v -0.120321 -0.067810 0.028474
v -0.075115 0.055776 0.036517
v -0.087391 0.056498 0.039858
v -0.083299 0.065423 0.037420
v -0.094496 0.057772 0.034694
v -0.095268 0.067533 0.028054
v -0.103637 0.063870 0.023868
v -0.102582 0.028818 0.025403
v -0.111799 0.053674 0.018434
v -0.116037 0.038007 0.017165
v -0.117093 0.018284 0.017932
v -0.104007 -0.000460 0.024012
v -0.111812 0.001870 0.019884
v -0.099113 0.035238 0.029387
v -0.100845 0.004612 0.028715
v -0.100577 -0.004477 0.027003
v -0.117828 0.005624 0.013711
v -0.154568 -0.188226 0.014910
v -0.057777 -0.059669 0.070475
v -0.121008 -0.052138 0.027581
v -0.130579 -0.051015 0.029884
v -0.040918 0.087114 0.068865
v -0.140296 -0.186050 0.039246
v -0.040934 0.345664 -0.024990
v -0.035001 0.337931 -0.033283
v -0.042951 0.338751 -0.021701
v -0.032317 0.349116 -0.033312
v 0.059335 0.410827 0.042406
v 0.049724 0.412938 0.034559
v 0.047145 0.412191 0.042707
v 0.059637 0.411102 0.025545
v 0.052104 0.413058 0.020521
v 0.056480 0.401783 0.003476
v 0.154793 -0.037165 0.021876
v 0.153804 -0.046305 0.016330
v 0.152976 -0.050598 0.024447
v 0.158652 -0.037689 0.011124
v 0.158962 -0.041229 0.003908
v 0.048649 0.499514 0.022350
v 0.052712 0.499081 0.020288
v 0.047780 0.479243 0.015067
v 0.051899 0.472258 0.017198
v 0.049437 0.463923 0.010285
v 0.053993 0.431965 0.018135
v 0.051513 0.430331 0.012734
v 0.051685 0.478855 0.020564
v 0.052429 0.431462 0.022088
v 0.015259 0.307373 0.077881
v 0.015137 0.307861 0.081421
v 0.002732 0.306364 0.083954
v 0.005614 0.302027 0.076979
v 0.015767 0.314839 0.085825
v 0.003840 0.313994 0.091872
v 0.014899 0.320806 0.094742
v 0.004092 0.326635 0.101630
v 0.016602 0.308105 0.081055
v 0.016602 0.306396 0.080078
v 0.016497 0.335130 0.098167
v 0.012615 0.337407 0.101150
v 0.003683 0.334286 0.103146
v 0.008168 0.341574 0.112729
v 0.022709 0.326063 0.086443
v -0.008138 0.324804 0.095706
v -0.006993 0.316560 0.087935
v -0.258133 0.223108 0.041667
v -0.258199 0.216991 0.034877
v -0.253980 0.210984 0.042132
v -0.258267 0.228224 0.035431
v -0.251864 0.236566 0.040315
v -0.247956 0.227928 0.049795
v -0.242978 0.209746 0.053369
v -0.233261 0.227810 0.057383
v -0.232319 0.211714 0.057237
v -0.218224 0.215162 0.056015
v -0.209756 0.225707 0.053462
v -0.224834 0.207740 0.053130
v -0.210408 0.208929 0.050498
v -0.206396 0.213488 0.050609
v 0.075699 0.089811 -0.060689
v 0.078476 0.087193 -0.069103
v 0.076701 0.078365 -0.064426
v 0.067362 0.174882 0.090794
v 0.063681 0.173988 0.088516
v 0.063465 0.171978 0.108359
v 0.070780 0.174877 0.090202
v 0.066533 0.176761 0.104980
v 0.063945 0.162530 0.103025
v 0.061187 0.157731 0.106966
v 0.059980 0.160340 0.094119
v 0.055145 0.154908 0.103198
v 0.169921 -0.037609 -0.027034
v 0.168074 -0.040751 -0.023127
v 0.169047 -0.047086 -0.031894
v 0.168297 -0.054207 -0.028462
v 0.170654 -0.045135 -0.031433
v 0.047671 0.451810 0.011199
v 0.049437 0.463923 0.010285
v 0.051513 0.430331 0.012734
v 0.268023 -0.468025 -0.052119
v 0.264694 -0.469384 -0.032280
v 0.264133 -0.473224 -0.033732
v 0.264018 -0.472213 -0.067915
v 0.267849 -0.454966 -0.055145
v 0.274405 -0.467784 -0.027065
v 0.265250 -0.451940 -0.066298
v 0.267716 -0.438497 -0.053049
v 0.265962 -0.443119 -0.067479
v 0.271280 -0.442266 -0.038761
v 0.273688 -0.451134 -0.023243
v 0.272343 -0.426373 -0.022244
v 0.269695 -0.425515 -0.038449
v 0.272827 -0.437950 -0.001831
v 0.269623 -0.406410 -0.021887
v 0.277692 -0.463659 0.011151
v 0.266050 -0.409705 -0.043593
v 0.270166 -0.413278 -0.031578
v 0.270196 -0.404986 -0.038039
v 0.275034 -0.447198 0.020375
v 0.279117 -0.467252 0.027120
v 0.276070 -0.451327 0.042218
v 0.277699 -0.467234 0.043638
v 0.263187 -0.435276 -0.063632
v 0.267611 -0.412907 -0.001196
v 0.266807 -0.402952 0.001448
v 0.264947 -0.388653 -0.018786
v 0.265650 -0.393608 -0.032463
v 0.260483 -0.367333 -0.018584
v 0.258060 -0.360425 -0.033655
v 0.257983 -0.370079 -0.049397
v 0.260074 -0.387405 -0.050490
v 0.263598 -0.395041 -0.044861
v 0.262046 -0.398984 -0.051854
v 0.263625 -0.389061 -0.004172
v 0.254309 -0.357746 -0.046861
v 0.269263 -0.430407 0.009562
v 0.272866 -0.464762 0.063886
v 0.255401 -0.357985 -0.007809
v 0.268061 -0.445201 0.068597
v 0.251142 -0.367946 -0.062158
v 0.259379 -0.413101 -0.058774
v 0.257830 -0.403002 -0.055896
v 0.248450 -0.356286 -0.058412
v 0.269641 -0.439986 0.028359
v 0.253888 -0.354160 -0.030609
v 0.272753 -0.456934 -0.022115
v 0.275484 -0.460631 -0.001604
v 0.265267 -0.430100 0.021583
v 0.259819 -0.420135 0.019613
v 0.258705 -0.408170 0.013013
v 0.255723 -0.380710 0.004956
v 0.259066 -0.402386 0.011526
v 0.251251 -0.355563 -0.002006
v 0.263379 -0.461774 0.079200
v 0.259281 -0.433949 0.041386
v 0.260484 -0.451333 0.080849
v 0.262274 -0.441863 0.075782
v 0.258527 -0.429128 0.031638
v 0.250164 -0.373177 0.007773
v 0.245805 -0.384218 -0.065267
v 0.260757 -0.437719 0.060600
v 0.025892 0.302892 0.058176
v 0.032666 0.301437 0.062736
v 0.032442 0.292939 0.057991
v 0.033278 0.295658 0.063504
v -0.240907 -0.463843 -0.033165
v -0.230908 -0.469596 -0.033197
v -0.223601 -0.465843 -0.032940
v -0.241020 -0.470357 -0.034360
v -0.228167 -0.463354 -0.031492
v 0.048051 0.445228 0.000205
v 0.051050 0.460079 0.007229
v 0.052472 0.443653 0.000156
v 0.049130 0.427593 -0.004610
v 0.053129 0.419093 -0.003079
v 0.049437 0.463923 0.010285
v -0.036431 0.396394 0.104437
v -0.036292 0.400697 0.104447
v -0.037939 0.382675 0.102740
v -0.029020 0.404064 0.119617
v -0.034045 0.398445 0.109726
v -0.036819 0.367642 0.102210
v -0.044563 0.421712 0.035397
v -0.045031 0.408893 0.030348
v -0.043750 0.404985 0.041974
v -0.041104 0.415777 0.056620
v -0.043327 0.400590 0.048593
v -0.046036 0.412136 0.015811
v -0.046098 0.426638 0.021207
v -0.047565 0.428494 0.011638
v -0.050870 0.425583 0.004369
v -0.051423 0.414844 0.001367
v -0.052796 0.404554 0.003511
v -0.036733 0.407775 0.062952
v -0.040416 0.390619 0.053982
v -0.034812 0.406020 0.070838
v -0.034471 0.415451 0.072180
v -0.037806 0.387691 0.067579
v -0.038743 0.372795 0.055348
v -0.035705 0.360868 0.069247
v -0.033681 0.430314 0.068630
v -0.034996 0.436704 0.058088
v -0.041021 0.422803 0.039696
v -0.038138 0.374214 0.077360
v -0.034015 0.349376 0.056631
v -0.037202 0.358899 0.048739
v -0.035099 0.348451 0.039740
v -0.031236 0.347613 0.068466
v -0.031630 0.353545 0.099332
v -0.024473 0.320110 0.043816
v -0.032887 0.333901 0.033458
v -0.038689 0.345683 0.023460
v -0.039030 0.339758 0.017965
v -0.036857 0.328942 0.016537
v -0.030862 0.317852 0.033612
v -0.018397 0.325783 0.080726
v -0.024184 0.337881 0.080865
v -0.021734 0.328902 0.061678
v -0.020381 0.321643 0.059074
v -0.018638 0.306916 0.049496
v -0.019738 0.313651 0.056778
v -0.019230 0.309087 0.066345
v -0.022573 0.338258 0.095142
v -0.052066 0.391144 -0.002200
v -0.009935 0.316428 0.071694
v -0.008138 0.324804 0.095706
v -0.016008 0.335097 0.090957
v -0.035580 0.437254 0.042156
v -0.006993 0.316560 0.087935
v -0.027895 0.411977 0.079456
v -0.033155 0.310549 0.033821
v -0.039953 0.325397 0.011752
v -0.027488 0.443776 0.069929
v -0.025057 0.432375 0.078802
v -0.029926 0.444296 0.027009
v -0.036226 0.429426 0.013810
v -0.004901 0.312561 0.080648
v -0.007987 0.306013 0.076750
v -0.010703 0.305018 0.069711
v -0.027448 0.448831 0.052091
v 0.002732 0.306364 0.083954
v 0.003840 0.313994 0.091872
v -0.016543 0.304488 0.068991
v -0.241376 0.278559 -0.042540
v -0.237353 0.261290 -0.046341
v -0.243334 0.270725 -0.045522
v -0.239804 0.263656 -0.047460
v -0.260929 0.272692 -0.042516
v -0.266641 0.259755 -0.041780
v -0.250541 0.260106 -0.044226
v -0.279712 0.267109 -0.039729
v -0.286729 0.258984 -0.039918
v -0.292981 0.266586 -0.034951
v -0.277475 0.272410 -0.038045
v -0.316292 0.257363 -0.034624
v -0.048485 -0.089520 0.057106
v -0.038177 -0.078911 0.057925
v -0.042536 -0.082603 0.062411
v -0.041374 0.369883 0.052884
v -0.037202 0.358899 0.048739
v -0.038743 0.372795 0.055348
v -0.039050 0.356625 0.044874
v -0.035099 0.348451 0.039740
v -0.040234 0.350390 0.038178
v -0.040416 0.390619 0.053982
v -0.051299 0.184039 0.078157
v -0.051782 0.182692 0.087986
v -0.046568 0.178790 0.079977
v -0.051044 0.165091 0.094678
v -0.042821 0.162136 0.085971
v -0.039927 0.140260 0.088078
v -0.047542 0.120093 0.099744
v -0.035484 0.116251 0.085397
v -0.045736 0.099506 0.098516
v -0.039506 0.085997 0.091037
v -0.034074 0.092863 0.085472
v -0.045121 0.084247 0.096060
v -0.054374 0.150118 0.098445
v -0.058064 0.167351 0.098261
v -0.056861 0.174683 0.093408
v -0.065270 0.180171 0.094279
v -0.038990 0.160535 0.085144
v -0.036516 0.141747 0.087677
v -0.037460 0.084449 0.083021
v -0.033783 0.089572 0.075092
v -0.095498 -0.007911 0.024876
v -0.094544 -0.012069 0.034365
v -0.100577 -0.004477 0.027003
v -0.104007 -0.000460 0.024012
v -0.091314 -0.017626 0.035959
v -0.095204 -0.002200 0.018922
v -0.096168 0.002030 0.015115
v -0.107728 -0.010501 0.031986
v -0.045942 0.445289 0.010143
v -0.047565 0.428494 0.011638
v -0.044039 0.429918 0.013554
v -0.099900 -0.170872 -0.055234
v -0.093287 -0.175616 -0.053478
v -0.093436 -0.178294 -0.061013
v -0.107932 -0.172273 -0.066224
v -0.106390 -0.167355 -0.055762
v -0.120824 -0.167933 -0.061205
v -0.119767 -0.163093 -0.050519
v -0.134683 -0.161968 -0.050508
v -0.132376 -0.156912 -0.039496
v -0.142369 -0.155001 -0.037656
v -0.090248 -0.184190 -0.060050
v -0.082575 -0.182862 -0.048426
v -0.071761 -0.186471 -0.057176
v 0.032666 0.301437 0.062736
v 0.024554 0.295274 0.060728
v 0.033278 0.295658 0.063504
v 0.025892 0.302892 0.058176
v -0.062920 -0.060158 0.061792
v -0.054810 -0.059729 0.062796
v -0.057777 -0.059669 0.070475
v 0.464134 0.292554 0.041860
v 0.450995 0.291606 0.045920
v 0.463664 0.291954 0.046830
v 0.446857 0.290800 0.040511
v 0.461471 0.289917 0.030365
v 0.449737 0.286210 0.022034
v 0.442793 0.285615 0.027963
v 0.463925 0.285533 0.022745
v 0.440454 0.278993 0.018789
v -0.082886 0.002244 -0.051237
v -0.074919 -0.001877 -0.048906
v -0.085567 0.004796 -0.045395
v -0.083275 0.000094 -0.033635
v -0.089353 0.006730 -0.032648
v -0.090399 0.001097 -0.021242
v -0.094389 0.007891 -0.023081
v -0.092517 0.004446 -0.013657
v -0.074517 -0.007747 -0.046842
v -0.072391 0.000096 -0.050486
v -0.089198 -0.028741 -0.037532
v -0.076577 -0.038810 -0.050568
v -0.091252 -0.058888 -0.045484
v -0.097549 -0.037807 -0.032599
v -0.108860 -0.064994 -0.037425
v -0.110750 -0.053543 -0.028175
v -0.101492 -0.028876 -0.019256
v -0.114038 -0.052732 -0.015902
v -0.098569 -0.010538 -0.003781
v -0.095200 0.004171 -0.007259
v -0.107550 -0.037788 -0.003710
v -0.103005 -0.024722 0.010524
v -0.095204 -0.002200 0.018922
v -0.113385 -0.057050 0.009928
v -0.095498 -0.007911 0.024876
v -0.105813 -0.046467 0.023692
v -0.112284 -0.059552 0.019900
v -0.096168 0.002030 0.015115
v 0.052532 0.427183 0.003453
v 0.046004 0.427202 0.008518
v 0.051513 0.430331 0.012734
v 0.056525 0.424875 0.007554
v 0.053993 0.431965 0.018135
v 0.053129 0.419093 -0.003079
v 0.052532 0.427183 0.003453
v 0.050369 0.434112 0.007873
v 0.046004 0.427202 0.008518
v 0.052472 0.443653 0.000156
v 0.051050 0.460079 0.007229
v 0.048050 0.444291 0.010191
v 0.047671 0.451810 0.011199
v 0.049437 0.463923 0.010285
v 0.053129 0.419093 -0.003079
v 0.051513 0.430331 0.012734
v 0.171258 -0.045126 -0.025606
v 0.174038 -0.044806 -0.022582
v 0.171574 -0.045919 -0.004081
v 0.208480 -0.277722 0.019536
v 0.211746 -0.275200 0.027230
v 0.207498 -0.277561 0.031435
v 0.202169 -0.284065 0.020873
v 0.215130 -0.268590 0.014690
v 0.215046 -0.266493 0.023692
v 0.188015 -0.290938 0.020913
v 0.189897 -0.278738 0.034483
v 0.166912 -0.294097 0.023635
v 0.170490 -0.292170 0.016600
v 0.201364 -0.265016 0.043663
v 0.171830 -0.277483 0.037054
v 0.161542 -0.292267 0.026842
v 0.169461 -0.261461 0.047368
v 0.193324 -0.250807 0.052775
v 0.155814 -0.281263 0.034177
v 0.166652 -0.242685 0.056288
v 0.188999 -0.238714 0.057826
v 0.150028 -0.255551 0.045883
v 0.172389 -0.215554 0.061975
v 0.161159 -0.231950 0.058163
v 0.184987 -0.215926 0.059355
v 0.161396 -0.214103 0.059689
v 0.208318 -0.233108 0.041802
v 0.204291 -0.215111 0.046863
v 0.211477 -0.251753 0.034797
v 0.148339 -0.230674 0.052054
v 0.186719 -0.198491 0.053915
v 0.171321 -0.201430 0.058061
v 0.147938 -0.215149 0.051921
v 0.156071 -0.201965 0.053342
v 0.171556 -0.190636 0.051653
v -0.456178 0.235696 -0.007662
v -0.455307 0.233343 -0.013826
v -0.456220 0.225602 -0.011295
v -0.112002 -0.044617 -0.032449
v -0.110750 -0.053543 -0.028175
v -0.112778 -0.057987 -0.031514
v -0.108027 -0.043221 -0.043723
v -0.105874 -0.048259 -0.055166
v -0.104583 -0.036671 -0.053635
v -0.114626 -0.049510 -0.021436
v -0.114217 -0.039723 -0.035442
v -0.114038 -0.052732 -0.015902
v -0.107364 -0.030461 -0.055248
v -0.308834 0.242525 -0.005819
v -0.309883 0.235124 -0.001985
v -0.308857 0.235047 -0.008938
v -0.309181 0.245793 -0.000686
v 0.032442 0.292939 0.057991
v 0.033278 0.295658 0.063504
v 0.024554 0.295274 0.060728
v -0.019815 0.344869 0.082746
v -0.029228 0.352518 0.073816
v -0.017933 0.340492 0.089071
v -0.027648 0.348298 0.099083
v -0.017629 0.338720 0.097934
v -0.016008 0.335097 0.090957
v -0.033424 0.363118 0.072149
v -0.036282 0.372910 0.097898
v -0.031630 0.353545 0.099332
v -0.033702 0.391341 0.073872
v -0.034256 0.399196 0.096328
v -0.036431 0.396394 0.104437
v -0.036819 0.367642 0.102210
v -0.029723 0.401495 0.075958
v 0.049342 0.352209 0.008556
v 0.061760 0.354096 0.011171
v 0.051813 0.350025 0.012154
v 0.060122 0.358594 0.007625
v 0.046875 0.367958 0.005138
v 0.059061 0.373917 0.004352
v 0.053706 0.387055 -0.002951
v 0.043763 0.385415 -0.001463
v 0.042336 0.398176 -0.002435
v 0.049468 0.411935 -0.002949
v 0.053129 0.419093 -0.003079
v 0.049130 0.427593 -0.004610
v 0.041526 0.415453 0.001903
v 0.045395 0.424634 0.002524
v 0.041045 0.426831 0.008249
v 0.105976 -0.007626 -0.048054
v 0.106393 -0.000286 -0.044788
v 0.110702 -0.008389 -0.043975
v 0.109418 -0.012850 -0.045416
v 0.122333 -0.018662 -0.034769
v 0.117513 -0.045880 -0.039489
v 0.119987 0.006312 -0.036425
v 0.101600 -0.031974 -0.051699
v 0.090693 0.000525 -0.061000
v 0.107785 -0.046091 -0.045567
v 0.092056 -0.028821 -0.058184
v 0.108680 0.005304 -0.047662
v 0.083362 0.013977 -0.066030
v 0.099531 -0.063124 -0.049229
v 0.067939 -0.013174 -0.073367
v 0.080802 -0.031580 -0.063718
v 0.058946 0.016686 -0.077758
v 0.049733 0.000791 -0.081400
v 0.128115 -0.078284 -0.038170
v 0.138946 -0.054090 -0.026728
v 0.133439 -0.040525 -0.026896
v 0.129903 -0.026821 -0.025895
v 0.104152 -0.086885 -0.046692
v 0.145388 -0.076379 -0.028827
v 0.046945 -0.016209 -0.080160
v 0.087070 -0.064263 -0.052790
v 0.078059 -0.040861 -0.060584
v 0.041435 0.018480 -0.082704
v 0.060993 -0.031933 -0.069615
v 0.025144 0.002863 -0.085994
v 0.027012 0.019463 -0.085011
v 0.023033 -0.012803 -0.084120
v 0.112384 0.009755 -0.045841
v 0.109200 0.015100 -0.050165
v 0.093268 0.018066 -0.063252
v 0.106409 0.033621 -0.049947
v 0.087867 0.036032 -0.066576
v 0.094371 0.057534 -0.056278
v 0.082963 0.056947 -0.067218
v 0.105735 0.059359 -0.043906
v 0.124633 -0.014796 -0.030792
v 0.122150 -0.008401 -0.032895
v 0.126303 -0.008328 -0.026597
v 0.124208 -0.002871 -0.029302
v 0.129181 0.004478 -0.022181
v 0.136559 -0.032834 -0.019126
v 0.129954 -0.009481 -0.017971
v 0.079165 -0.062681 -0.053708
v 0.077757 -0.083815 -0.047182
v 0.085841 -0.097714 -0.044623
v 0.027084 -0.026213 -0.077872
v 0.047237 -0.039290 -0.066280
v -0.001390 -0.028486 -0.078129
v -0.004200 -0.014637 -0.083691
v 0.065549 -0.049634 -0.057232
v -0.031595 -0.046094 -0.070348
v -0.012879 -0.057241 -0.062592
v -0.033607 -0.071511 -0.063376
v -0.020072 -0.077506 -0.057654
v -0.036189 -0.088379 -0.061330
v -0.026027 -0.096800 -0.056018
v -0.044232 -0.094129 -0.064060
v -0.030035 -0.119822 -0.049553
v -0.074517 -0.007747 -0.046842
v -0.067770 0.006964 -0.050390
v -0.076577 -0.038810 -0.050568
v -0.049554 -0.009998 -0.069668
v -0.089198 -0.028741 -0.037532
v -0.051547 0.015031 -0.062404
v -0.061561 0.040831 -0.047209
v -0.056809 -0.032594 -0.065821
v -0.067163 -0.054524 -0.059825
v -0.043480 0.033501 -0.062732
v -0.041971 0.060418 -0.061667
v -0.064317 0.059944 -0.041542
v -0.026834 0.054382 -0.073233
v -0.078993 -0.061228 -0.053448
v -0.029270 0.023579 -0.073453
v -0.080609 -0.081307 -0.055778
v -0.091252 -0.058888 -0.045484
v -0.064561 0.050037 -0.043498
v -0.034513 -0.014624 -0.078579
v -0.024522 0.018750 -0.076919
v -0.108860 -0.064994 -0.037425
v -0.083275 0.000094 -0.033635
v -0.077465 0.052531 -0.026027
v -0.005328 0.019368 -0.083870
v -0.055274 -0.053773 -0.065164
v -0.061074 -0.080736 -0.061937
v -0.109734 -0.089788 -0.046841
v -0.114752 -0.062458 -0.033757
v -0.062717 -0.091044 -0.064196
v -0.119502 -0.079688 -0.031494
v -0.118535 -0.114496 -0.040856
v -0.110831 -0.115849 -0.048324
v -0.094896 -0.116372 -0.055362
v -0.089471 -0.087566 -0.055133
v -0.078506 -0.106675 -0.059371
v -0.022807 -0.012421 -0.081535
v -0.020935 0.069078 -0.068029
v -0.039941 -0.045115 -0.069925
v -0.001319 0.000067 -0.085753
v -0.109012 -0.124179 -0.047178
v -0.093420 -0.127961 -0.054886
v -0.116041 -0.142143 -0.047695
v -0.106390 -0.167355 -0.055762
v -0.125406 -0.120374 -0.034041
v -0.134896 -0.142018 -0.031082
v -0.119767 -0.163093 -0.050519
v -0.132376 -0.156912 -0.039496
v -0.122534 -0.099693 -0.031497
v -0.129076 -0.121502 -0.029745
v -0.094743 -0.153417 -0.056798
v -0.051401 0.065016 -0.049468
v -0.062113 0.064108 -0.041085
v -0.075847 -0.123870 -0.058105
v -0.048016 -0.066606 -0.064849
v -0.076852 -0.141199 -0.056245
v -0.068750 0.024343 -0.048525
v -0.112778 -0.057987 -0.031514
v -0.099900 -0.170872 -0.055234
v -0.142369 -0.155001 -0.037656
v -0.045319 -0.119524 -0.057340
v -0.093287 -0.175616 -0.053478
v -0.054797 -0.130297 -0.053271
v -0.110750 -0.053543 -0.028175
v -0.074166 -0.154976 -0.052515
v -0.036580 0.065794 -0.059107
v -0.047672 0.066055 -0.050095
v -0.082575 -0.182862 -0.048426
v -0.036232 -0.130628 -0.046683
v -0.076618 -0.179167 -0.046320
v -0.042119 -0.137116 -0.043546
v -0.040151 -0.145518 -0.048752
v -0.053207 -0.155282 -0.042234
v -0.059457 -0.160876 -0.040621
v -0.049395 -0.143026 -0.042530
v -0.067077 -0.168998 -0.043196
v -0.056501 -0.165772 -0.049711
v -0.070604 -0.180010 -0.053559
v -0.054007 -0.168248 -0.052090
v -0.071761 -0.186471 -0.057176
v -0.041419 -0.153357 -0.048719
v -0.035081 -0.144639 -0.045482
v 0.107355 -0.134071 -0.049517
v 0.120886 -0.131150 -0.048354
v 0.120024 -0.149947 -0.050056
v 0.142971 -0.149077 -0.048348
v 0.106098 -0.120982 -0.049998
v 0.118371 -0.117194 -0.047866
v 0.123551 -0.106307 -0.047998
v 0.106553 -0.091223 -0.049509
v 0.120678 -0.086065 -0.045879
v 0.135154 -0.123760 -0.042997
v 0.126896 -0.118237 -0.044248
v 0.137003 -0.105784 -0.042741
v 0.122482 -0.110618 -0.046069
v 0.122579 -0.124602 -0.045862
v 0.136271 -0.080616 -0.038234
v 0.155965 -0.137918 -0.039466
v 0.155610 -0.149293 -0.043795
v 0.147792 -0.122012 -0.037178
v 0.148291 -0.106625 -0.036316
v 0.151707 -0.088288 -0.029590
v 0.173364 -0.149956 -0.032551
v 0.157073 -0.103744 -0.028300
v 0.162065 -0.118996 -0.024491
v 0.167390 -0.129035 -0.023827
v 0.162034 -0.161824 -0.034998
v 0.144220 -0.161608 -0.041671
v 0.151711 -0.166400 -0.039640
v 0.115885 -0.168026 -0.045360
v 0.119756 -0.177604 -0.048778
v 0.157792 -0.177370 -0.043693
v 0.134834 -0.183068 -0.051885
v 0.155143 -0.185182 -0.042414
v 0.168380 -0.178281 -0.035067
v 0.145893 -0.190677 -0.043856
v 0.161981 -0.194908 -0.047683
v 0.169625 -0.189665 -0.043474
v 0.174680 -0.199629 -0.040309
v 0.178186 -0.191193 -0.035663
v 0.192569 -0.203994 -0.032625
v 0.133529 -0.195341 -0.043618
v 0.134193 -0.204928 -0.043820
v 0.099182 -0.123095 -0.048535
v 0.092938 -0.099933 -0.048142
v 0.177296 -0.178708 -0.030787
v 0.157276 -0.204911 -0.043997
v 0.181744 -0.204303 -0.040689
v 0.169697 -0.218856 -0.044051
v 0.185158 -0.217114 -0.040566
v 0.194379 -0.217460 -0.034619
v 0.148908 -0.222943 -0.042762
v 0.145081 -0.215767 -0.040645
v 0.167208 -0.096255 -0.032040
v 0.173639 -0.122740 -0.027807
v 0.184233 -0.101283 -0.030096
v 0.169222 -0.067958 -0.034865
v 0.188375 -0.125337 -0.027508
v 0.155108 -0.079200 -0.033394
v 0.162472 -0.063372 -0.036378
v 0.173272 -0.140475 -0.024587
v 0.171611 -0.066214 -0.032569
v 0.194061 -0.147624 -0.025799
v 0.196310 -0.134959 -0.025327
v 0.190065 -0.115069 -0.024509
v 0.178967 -0.150865 -0.023236
v 0.148014 -0.058159 -0.034065
v 0.159320 -0.047822 -0.035911
v 0.142258 -0.037549 -0.033596
v 0.200126 -0.147657 -0.019115
v 0.105345 -0.164817 -0.040727
v 0.076416 -0.105877 -0.041716
v 0.173589 -0.171916 -0.025217
v 0.169666 -0.157171 -0.030550
v 0.086194 -0.126145 -0.042566
v 0.118607 -0.193788 -0.036377
v 0.164518 -0.036161 -0.042490
v 0.083354 -0.132128 -0.037852
v 0.134870 -0.228023 -0.034433
v 0.132288 -0.220833 -0.033196
v 0.135892 -0.237688 -0.035546
v 0.196792 -0.151647 -0.019888
v 0.157175 -0.230746 -0.052074
v 0.074579 -0.101591 -0.038837
v 0.052919 -0.073589 -0.038550
v 0.152069 -0.034459 -0.035486
v 0.146869 -0.235382 -0.047984
v 0.153636 -0.243472 -0.046394
v 0.172252 -0.227965 -0.054581
v 0.180414 -0.238757 -0.048623
v 0.191250 -0.236206 -0.046224
v 0.189215 -0.223342 -0.049068
v 0.203004 -0.236385 -0.042388
v 0.120806 -0.208062 -0.033413
v 0.173051 -0.061787 -0.041158
v 0.062383 -0.066204 -0.048375
v 0.049164 -0.054819 -0.052218
v 0.030833 -0.055120 -0.049618
v 0.041848 -0.067315 -0.036029
v 0.069532 -0.114812 -0.033451
v 0.075345 -0.129673 -0.033029
v 0.065137 -0.105612 -0.030239
v 0.090347 -0.156018 -0.032957
v 0.105407 -0.176940 -0.035789
v 0.192617 -0.249245 -0.063746
v 0.163817 -0.242612 -0.049060
v 0.154888 -0.255052 -0.052184
v 0.177040 -0.252284 -0.061156
v 0.187636 -0.278519 -0.071127
v 0.199381 -0.271452 -0.070488
v 0.200327 -0.294532 -0.075803
v 0.215158 -0.280977 -0.068546
v 0.183521 -0.297563 -0.074753
v 0.205039 -0.249467 -0.061268
v 0.207789 -0.303362 -0.078157
v 0.195469 -0.310948 -0.082362
v 0.199001 -0.321420 -0.079544
v 0.185559 -0.313568 -0.081734
v 0.229986 -0.292093 -0.062446
v 0.166565 -0.268610 -0.058588
v 0.210533 -0.315058 -0.073915
v 0.217146 -0.325518 -0.078761
v 0.203038 -0.339581 -0.080168
v 0.222201 -0.310799 -0.066296
v 0.238153 -0.319215 -0.064632
v 0.224348 -0.326531 -0.074331
v 0.215978 -0.338149 -0.075114
v 0.219511 -0.348253 -0.081162
v 0.203111 -0.346037 -0.081788
v 0.185164 -0.341029 -0.075230
v 0.184173 -0.330151 -0.072576
v 0.170016 -0.300631 -0.066562
v 0.170775 -0.336383 -0.064087
v 0.167838 -0.330530 -0.064036
v 0.212127 -0.247778 -0.056138
v 0.201747 -0.358691 -0.072449
v 0.158745 -0.276299 -0.051061
v 0.224160 -0.336282 -0.068532
v 0.191134 -0.359960 -0.065452
v 0.184914 -0.353733 -0.065281
v 0.165675 -0.058935 -0.042156
v 0.172887 -0.042328 -0.042658
v 0.023236 -0.046732 -0.062019
v 0.005137 -0.046775 -0.065935
v 0.010442 -0.062516 -0.047228
v -0.007309 -0.079045 -0.049363
v -0.016619 -0.099415 -0.048521
v 0.072376 0.181794 0.091648
v 0.075497 0.184225 0.085759
v 0.070780 0.174877 0.090202
v -0.085567 0.004796 -0.045395
v -0.085772 -0.004277 -0.053527
v -0.082886 0.002244 -0.051237
v 0.168074 -0.040751 -0.023127
v 0.171258 -0.045126 -0.025606
v 0.168297 -0.054207 -0.028462
v 0.050369 0.434112 0.007873
v 0.051513 0.430331 0.012734
v 0.046004 0.427202 0.008518
v -0.242209 -0.407223 -0.043649
v -0.244352 -0.411594 -0.047135
v -0.238665 -0.416468 -0.046226
v -0.441610 0.182945 0.062738
v -0.448508 0.182291 0.061672
v -0.445189 0.176588 0.060074
v -0.449141 0.180872 0.057502
v -0.127371 0.232221 -0.049031
v -0.095605 0.234089 -0.057007
v -0.114136 0.231689 -0.052551
v -0.112549 0.229858 -0.051025
v -0.097623 0.228661 -0.049312
v -0.114075 0.230469 -0.050201
v -0.101098 0.222430 -0.034858
v -0.110844 0.225239 -0.035318
v -0.127484 0.226837 -0.031523
v -0.124817 0.224585 -0.015586
v -0.108092 0.221756 -0.013519
v -0.141475 0.221441 -0.020711
v -0.129374 0.227796 0.003846
v -0.105948 0.223240 0.006527
v -0.143159 0.222640 -0.005191
v -0.153415 0.217018 -0.035703
v 0.108680 0.005304 -0.047662
v 0.106393 -0.000286 -0.044788
v 0.105976 -0.007626 -0.048054
v 0.040650 0.370384 0.056165
v 0.039272 0.385258 0.058056
v 0.040522 0.362036 0.052482
v 0.049021 0.370092 0.062227
v 0.053172 0.364670 0.060217
v 0.053996 0.353754 0.052000
v 0.044239 0.352606 0.043119
v 0.060708 0.346105 0.041618
v 0.045670 0.346998 0.038388
v 0.059855 0.361119 0.054298
v -0.171732 0.283597 0.000457
v -0.170902 0.270404 0.001709
v -0.170336 0.273896 0.003973
v -0.174054 0.274582 -0.006349
v -0.174766 0.284949 -0.023348
v -0.177531 0.276741 -0.032723
v -0.178308 0.283852 -0.039882
v -0.169468 0.290958 -0.001024
v -0.180896 0.272646 -0.037349
v -0.181432 0.278663 -0.050025
v -0.166775 0.302438 -0.030638
v -0.164999 0.301907 -0.002795
v -0.168116 0.302299 -0.054751
v -0.178068 0.283944 -0.055655
v -0.181695 0.278285 -0.059372
v -0.193831 0.264165 -0.048013
v -0.190032 0.270996 -0.060507
v -0.200280 0.257745 -0.056093
v -0.199534 0.253875 -0.064991
v -0.182571 0.266309 -0.005519
v -0.167941 0.301638 0.002252
v 0.493263 0.232395 0.023563
v 0.498038 0.222811 0.027240
v 0.497928 0.216401 0.029972
v 0.153514 -0.145569 0.059199
v 0.146049 -0.138092 0.061927
v 0.161450 -0.153699 0.053154
v -0.125868 0.284066 0.017113
v -0.137265 0.278897 0.014182
v -0.122860 0.283031 0.018912
v -0.129902 0.263501 0.021660
v -0.149217 0.272375 0.012137
v -0.113359 0.269439 0.030641
v -0.109117 0.295954 0.026017
v -0.101643 0.301779 0.027164
v -0.099732 0.283193 0.035578
v -0.094590 0.264098 0.042808
v -0.086621 0.293970 0.039536
v -0.082483 0.278076 0.045951
v -0.080873 0.265762 0.051503
v -0.088063 0.246665 0.049524
v -0.120721 0.254215 0.027427
v -0.083592 0.301833 0.037078
v -0.098266 0.247173 0.038993
v -0.080379 0.250954 0.057991
v -0.081709 0.231814 0.061617
v -0.155401 0.264005 0.015501
v -0.163100 0.271414 0.007391
v -0.154648 0.275805 0.009200
v -0.144462 0.278367 0.012966
v -0.170902 0.270404 0.001709
v -0.098455 0.310392 0.021649
v -0.175149 0.265602 0.003919
v -0.126175 0.298219 0.028155
v -0.130431 0.311517 0.018667
v -0.139286 0.302234 0.024296
v -0.167479 0.295937 0.021834
v -0.148875 0.284760 0.025012
v -0.163879 0.281973 0.022085
v -0.174053 0.292042 0.018192
v -0.172743 0.284029 0.017594
v -0.133191 0.288297 0.026678
v -0.192043 0.285849 0.016351
v -0.167444 0.301361 0.018299
v -0.184283 0.276491 0.014541
v -0.108902 0.238371 0.028468
v -0.097734 0.232367 0.033036
v -0.113878 0.235885 0.028346
v -0.202392 0.268418 0.019195
v -0.208729 0.266961 0.019973
v -0.203951 0.254965 0.020720
v -0.170336 0.273896 0.003973
v -0.092422 0.228827 0.039040
v -0.212478 0.247001 0.029996
v -0.216328 0.250816 0.027521
v -0.045519 0.326638 0.006503
v -0.041289 0.328967 0.008702
v -0.036632 0.330068 0.005555
v -0.063554 0.336243 -0.049984
v -0.062672 0.338741 -0.035881
v -0.049697 0.340867 -0.034591
v -0.050374 0.338125 -0.051677
v -0.073801 0.334799 -0.035209
v -0.073989 0.335163 -0.021947
v -0.052023 0.339292 -0.022492
v -0.071807 0.333458 -0.011356
v -0.059798 0.330043 0.004911
v -0.075296 0.328311 0.004376
v -0.051163 0.335004 -0.009976
v -0.039693 0.334742 -0.013418
v -0.042951 0.338751 -0.021701
v -0.074619 0.317871 0.024171
v -0.062742 0.320048 0.020176
v -0.046053 0.316687 0.022985
v -0.039953 0.325397 0.011752
v -0.033155 0.310549 0.033821
v -0.057755 0.305670 0.037473
v -0.071916 0.311953 0.032344
v -0.070023 0.307126 0.039293
v -0.056387 0.302509 0.052998
v -0.081352 0.299955 0.050506
v -0.083592 0.301833 0.037078
v -0.098455 0.310392 0.021649
v -0.081638 0.320988 0.009936
v -0.098718 0.314066 0.016643
v -0.090183 0.320596 0.005232
v -0.078703 0.327416 -0.015923
v -0.090022 0.324416 -0.008825
v -0.097515 0.327269 -0.019749
v -0.115724 0.316251 0.009444
v -0.130431 0.311517 0.018667
v -0.119666 0.318514 -0.005226
v -0.101480 0.321473 0.005167
v -0.095872 0.325236 -0.006817
v -0.138918 0.310076 0.015449
v -0.111371 0.324499 -0.029836
v -0.125715 0.317980 -0.021300
v -0.142253 0.310538 -0.006411
v -0.139805 0.313935 -0.032602
v -0.152092 0.308189 -0.017236
v -0.167941 0.301638 0.002252
v -0.128609 0.319008 -0.049624
v -0.167444 0.301361 0.018299
v -0.151693 0.310481 -0.052741
v -0.166775 0.302438 -0.030638
v -0.164999 0.301907 -0.002795
v -0.034476 0.334900 -0.004309
v -0.168116 0.302299 -0.054751
v -0.139286 0.302234 0.024296
v -0.040597 0.336275 -0.033278
v -0.035001 0.337931 -0.033283
v -0.031379 0.343572 -0.012158
v -0.075101 0.330197 -0.046550
v -0.064192 0.329839 -0.064746
v -0.173173 0.292396 0.002530
v -0.174053 0.292042 0.018192
v -0.192043 0.285849 0.016351
v -0.190481 0.286255 0.006665
v -0.052287 0.329642 -0.064814
v -0.003741 0.184087 0.105177
v -0.002492 0.164980 0.106406
v -0.003589 0.177188 0.104296
v -0.041014 0.499010 0.030901
v -0.045083 0.497722 0.033446
v -0.038735 0.497604 0.034936
v 0.015259 0.307373 0.077881
v 0.018762 0.313527 0.070885
v 0.016602 0.306396 0.080078
v 0.007912 0.303526 0.068692
v 0.005614 0.302027 0.076979
v -0.489850 0.193794 -0.019425
v -0.499303 0.187618 -0.014882
v -0.496338 0.188843 -0.014488
v -0.498047 0.187500 -0.012665
v -0.082184 0.270158 0.064070
v -0.082636 0.268324 0.059527
v -0.080873 0.265762 0.051503
v 0.169047 -0.047086 -0.031894
v 0.170166 -0.049530 -0.030884
v 0.170654 -0.045135 -0.031433
v 0.168297 -0.054207 -0.028462
v 0.015259 0.307373 0.077881
v 0.016602 0.306396 0.080078
v 0.015137 0.307861 0.081421
v -0.384033 0.221802 -0.050812
v -0.385986 0.223389 -0.050446
v -0.379012 0.218769 -0.049667
v -0.413275 0.208670 -0.030802
v -0.401347 0.208894 -0.009039
v -0.426141 0.208246 -0.003636
v -0.401647 0.208807 0.008361
v -0.431664 0.209200 -0.026316
v -0.421320 0.206470 0.020269
v -0.439100 0.206643 0.020708
v -0.441459 0.209563 0.007601
v -0.410054 0.202806 0.023828
v -0.433000 0.193162 0.034276
v -0.424005 0.189659 0.041116
v -0.440019 0.184520 0.044683
v -0.440868 0.178751 0.055649
v -0.449141 0.180872 0.057502
v -0.445189 0.176588 0.060074
v -0.186831 0.209450 -0.037183
v -0.196701 0.201991 -0.018263
v -0.208811 0.202516 -0.033496
v -0.182827 0.206685 -0.021593
v -0.175104 0.212812 -0.032368
v -0.203137 0.210359 -0.047051
v -0.178216 0.217842 -0.044856
v -0.215575 0.209407 -0.046938
v -0.186707 0.224175 -0.056283
v -0.200796 0.222198 -0.060102
v -0.171608 0.231834 -0.063214
v -0.208156 0.216971 -0.056877
v -0.218042 0.210821 -0.055376
v -0.219852 0.196089 -0.034936
v -0.189092 0.232088 -0.064106
v -0.161961 0.218566 -0.049250
v -0.158229 0.230487 -0.061082
v -0.136669 0.228713 -0.054101
v -0.153415 0.217018 -0.035703
v -0.134642 0.229907 -0.059977
v -0.127371 0.232221 -0.049031
v -0.156420 0.215057 -0.012974
v -0.176289 0.211476 -0.022249
v -0.126319 0.238832 -0.060512
v -0.223171 0.197248 -0.043767
v -0.220833 0.207028 -0.067674
v -0.223429 0.196006 -0.051762
v -0.226666 0.198321 -0.064014
v -0.234547 0.195214 -0.050861
v -0.132901 0.227783 -0.066222
v -0.149838 0.224835 -0.068502
v -0.143198 0.225576 -0.071751
v -0.124240 0.243194 -0.064891
v -0.207545 0.209711 -0.067383
v -0.217351 0.210158 -0.079597
v -0.201083 0.212708 -0.081496
v -0.199014 0.212785 -0.066026
v -0.186591 0.226971 -0.069680
v -0.170138 0.223578 -0.076265
v -0.186845 0.226057 -0.074764
v -0.192953 0.222088 -0.068592
v 0.027227 0.181167 0.112375
v 0.023752 0.184133 0.092461
v 0.023373 0.155371 0.095444
v -0.071953 0.082303 0.073027
v -0.037460 0.084449 0.083021
v -0.045121 0.084247 0.096060
v -0.056583 0.083730 0.065155
v -0.068213 0.082819 0.063663
v -0.061272 0.084467 0.054832
v -0.059128 0.084437 0.050457
v -0.040918 0.087114 0.068865
v -0.033783 0.089572 0.075092
v -0.189297 -0.371661 -0.001958
v -0.203631 -0.370471 -0.001902
v -0.191975 -0.396852 0.005006
v -0.193340 -0.359119 -0.005789
v -0.390109 0.210381 -0.017275
v -0.368364 0.209389 -0.008431
v -0.384160 0.211642 0.002022
v -0.378207 0.212748 0.011724
v -0.375166 0.210790 -0.020677
v -0.380639 0.215939 0.015837
v -0.371402 0.208951 -0.017684
v -0.360046 0.208496 -0.022503
v -0.372077 0.209759 -0.044578
v -0.355136 0.207758 -0.035102
v -0.374095 0.210829 -0.035251
v -0.373931 0.213111 -0.044939
v -0.386573 0.209038 -0.047249
v -0.389331 0.206559 -0.035513
v -0.168116 0.302299 -0.054751
v -0.162212 0.286793 -0.056609
v -0.178068 0.283944 -0.055655
v -0.146145 0.284465 -0.061853
v -0.138526 0.292407 -0.057239
v -0.181695 0.278285 -0.059372
v -0.032317 0.349116 -0.033312
v -0.010912 0.349503 -0.036308
v -0.019199 0.339284 -0.034876
v -0.002623 0.341618 -0.035109
v 0.006225 0.346250 -0.034033
v -0.282351 0.232632 -0.006796
v -0.308857 0.235047 -0.008938
v -0.309883 0.235124 -0.001985
v 0.024757 0.370982 -0.018181
v 0.038159 0.359596 -0.019618
v 0.029936 0.354432 -0.017083
v 0.031616 0.376128 -0.021814
v 0.045647 0.354074 -0.017017
v 0.029311 0.379736 -0.016988
v -0.484456 0.204379 0.004773
v -0.494459 0.192000 0.007654
v -0.498711 0.187919 -0.000986
v -0.499542 0.190983 0.007434
v -0.497740 0.185343 0.025676
v -0.476631 0.201627 0.023231
v -0.495064 0.187505 0.031017
v -0.474836 0.204387 0.026852
v -0.493886 0.199292 0.030149
v -0.493738 0.206143 0.021214
v -0.500007 0.188287 0.026865
v -0.482166 0.190518 -0.041651
v -0.462502 0.208128 -0.042196
v -0.471545 0.202119 -0.036991
v -0.459091 0.207016 -0.037293
v -0.444293 0.206157 -0.038975
v 0.075983 0.212957 0.089988
v 0.084948 0.206587 0.086923
v 0.083357 0.214249 0.098439
v -0.445937 0.215699 -0.026475
v -0.447469 0.215255 -0.020171
v -0.465142 0.213915 -0.025054
v -0.442472 0.214829 -0.014794
v 0.044435 0.427244 0.014994
v 0.042914 0.424928 0.038877
v 0.047749 0.427069 0.033134
v 0.041045 0.426831 0.008249
v 0.051361 0.423146 0.043573
v 0.056292 0.426687 0.032450
v 0.052429 0.431462 0.022088
v 0.046274 0.420321 0.045778
v 0.045395 0.424634 0.002524
v -0.192953 0.222088 -0.068592
v -0.200796 0.222198 -0.060102
v -0.199014 0.212785 -0.066026
v -0.207545 0.209711 -0.067383
v -0.480120 0.210804 -0.005612
v -0.466963 0.212395 0.005913
v -0.477254 0.209492 0.004520
v -0.463091 0.212992 0.001608
v -0.453760 0.215384 0.007811
v -0.484456 0.204379 0.004773
v -0.488144 0.201152 0.000034
v -0.445640 0.214577 0.002719
v -0.184352 -0.358169 -0.008293
v -0.205836 -0.354731 -0.010934
v -0.193340 -0.359119 -0.005789
v -0.197703 -0.354048 -0.010427
v -0.208829 -0.349926 -0.015328
v -0.213346 -0.349824 -0.035293
v -0.212137 -0.351948 -0.020642
v -0.225892 -0.355973 -0.036154
v -0.219364 -0.356107 -0.011756
v -0.223170 -0.355942 -0.050322
v -0.211168 -0.350615 -0.048799
v -0.209203 -0.356074 -0.062920
v -0.204477 -0.352733 -0.059751
v -0.193140 -0.358220 -0.069568
v 0.169094 -0.041356 -0.005952
v 0.171574 -0.045919 -0.004081
v 0.173032 -0.050483 -0.019889
v 0.470387 0.349135 0.057767
v 0.464795 0.326671 0.058028
v 0.471492 0.338153 0.057499
v 0.476582 0.358978 0.057386
v -0.479840 0.205563 -0.024815
v -0.465142 0.213915 -0.025054
v -0.476285 0.207348 -0.020246
v 0.035240 0.412647 0.106784
v 0.032265 0.410929 0.120513
v 0.037273 0.408460 0.103221
v 0.040784 0.411437 0.092501
v -0.489850 0.193794 -0.019425
v -0.496338 0.188843 -0.014488
v -0.498242 0.184201 -0.018766
v -0.498047 0.187500 -0.012665
v -0.498535 0.186523 -0.014610
v -0.074461 0.183653 0.070106
v -0.080128 0.181798 0.072470
v -0.078406 0.182476 0.081614
v -0.120721 0.254215 0.027427
v -0.117316 0.248983 0.029935
v -0.113878 0.235885 0.028346
v 0.171258 -0.045126 -0.025606
v 0.168074 -0.040751 -0.023127
v 0.173032 -0.050483 -0.019889
v -0.191546 0.232657 -0.079861
v -0.186845 0.226057 -0.074764
v -0.186591 0.226971 -0.069680
v 0.032265 0.410929 0.120513
v 0.023238 0.410303 0.130030
v 0.028590 0.408305 0.123605
v -0.097623 0.228661 -0.049312
v -0.114075 0.230469 -0.050201
v -0.112549 0.229980 -0.050934
v -0.112549 0.229858 -0.051025
v -0.053755 0.243814 0.075689
v -0.054414 0.232583 0.079899
v -0.026635 0.230711 0.084291
v -0.032161 0.211803 0.086605
v -0.019590 0.244734 0.078103
v -0.046217 0.206568 0.083999
v -0.026558 0.185051 0.086295
v -0.056517 0.217877 0.081098
v -0.032481 0.253135 0.071897
v 0.019016 0.253768 0.075194
v 0.022492 0.243019 0.081714
v -0.030621 0.257630 0.066605
v -0.037144 0.182762 0.083865
v -0.011345 0.210774 0.087951
v -0.050710 0.253723 0.070374
v -0.051299 0.184039 0.078157
v -0.046568 0.178790 0.079977
v -0.038990 0.160535 0.085144
v 0.046187 0.233202 0.089065
v 0.065166 0.252173 0.082045
v 0.046150 0.257820 0.074892
v 0.027596 0.259097 0.069838
v 0.028218 0.269187 0.064104
v 0.038092 0.290400 0.057701
v 0.008901 0.273958 0.058824
v -0.003874 0.264147 0.062123
v -0.030589 0.267255 0.060179
v -0.015410 0.286282 0.052856
v -0.038019 0.293229 0.047959
v -0.022425 0.296211 0.048198
v -0.009885 0.295985 0.054876
v 0.004993 0.292093 0.059135
v 0.063544 0.275911 0.070247
v -0.033389 0.295507 0.045665
v -0.033155 0.310549 0.033821
v 0.070085 0.239780 0.087553
v 0.071784 0.213402 0.090024
v 0.075983 0.212957 0.089988
v 0.083463 0.224240 0.098602
v 0.081011 0.240557 0.096119
v 0.078160 0.242964 0.091598
v 0.083357 0.214249 0.098439
v -0.006368 0.303105 0.059060
v -0.011377 0.308374 0.055691
v 0.009389 0.297144 0.064566
v -0.052196 0.292641 0.049560
v -0.049701 0.281620 0.054199
v 0.075497 0.184225 0.085759
v 0.012069 0.258282 0.068400
v 0.084948 0.206587 0.086923
v 0.065142 0.288334 0.063651
v -0.058765 0.241202 0.079079
v -0.062122 0.184385 0.073603
v 0.062634 0.256128 0.079407
v 0.065664 0.301431 0.054847
v 0.055663 0.207185 0.090695
v 0.061596 0.264496 0.074762
v 0.096763 0.240378 0.089230
v 0.071749 0.259301 0.088634
v -0.044244 0.295809 0.044928
v -0.055032 0.302480 0.041450
v 0.010104 0.287047 0.056852
v -0.018638 0.306916 0.049496
v 0.054284 0.305988 0.049376
v 0.064650 0.313924 0.044141
v 0.060977 0.326547 0.028104
v 0.049530 0.324871 0.030696
v 0.045709 0.315721 0.039196
v 0.039380 0.305272 0.048901
v 0.080650 0.261345 0.089411
v 0.056028 0.333409 0.020466
v -0.039702 0.298304 0.043825
v 0.079154 0.285062 0.084386
v 0.088651 0.277860 0.082207
v 0.079483 0.298687 0.079461
v 0.090413 0.297965 0.074761
v 0.088625 0.313339 0.066235
v 0.079620 0.313679 0.068898
v 0.091061 0.323980 0.053626
v 0.068878 0.314522 0.064247
v 0.070974 0.323565 0.051283
v 0.088921 0.328235 0.050222
v 0.072042 0.298241 0.078655
v 0.091219 0.263893 0.082959
v 0.062965 0.330326 0.025430
v 0.053508 0.341032 0.016511
v -0.048840 0.267180 0.059858
v 0.046020 0.182909 0.090218
v 0.027082 0.190228 0.090234
v 0.063681 0.173988 0.088516
v 0.053041 0.164373 0.090723
v 0.070780 0.174877 0.090202
v 0.059980 0.160340 0.094119
v 0.048124 0.169397 0.092088
v 0.023752 0.184133 0.092461
v 0.049331 0.157916 0.097653
v 0.019492 0.181201 0.092309
v 0.013668 0.182482 0.091385
v 0.023373 0.155371 0.095444
v 0.031022 0.211042 0.090276
v -0.073498 0.204016 0.074537
v -0.081109 0.218310 0.078806
v -0.080660 0.198149 0.074052
v -0.074461 0.183653 0.070106
v -0.072028 0.220439 0.082781
v -0.084777 0.233529 0.073293
v -0.057755 0.305670 0.037473
v 0.014978 0.143273 0.096190
v 0.012166 0.159017 0.095567
v 0.022321 0.121052 0.094842
v 0.027541 0.144049 0.105926
v 0.026943 0.116499 0.104105
v 0.023942 0.095829 0.093509
v 0.028693 0.091471 0.104208
v 0.016038 0.096761 0.093093
v 0.012311 0.099954 0.096050
v 0.027227 0.181167 0.112375
v 0.011493 0.118728 0.097943
v -0.008074 0.185007 0.088981
v 0.015030 0.230779 0.086955
v -0.064327 0.223830 0.084632
v -0.080128 0.181798 0.072470
v 0.032442 0.292939 0.057991
v 0.026925 0.305985 0.055746
v 0.035360 0.316804 0.048350
v -0.051782 0.182692 0.087986
v -0.078406 0.182476 0.081614
v 0.091583 0.243592 0.086211
v -0.065270 0.180171 0.094279
v -0.061524 0.255279 0.075556
v -0.056134 0.268175 0.073004
v -0.066359 0.283307 0.066627
v -0.054540 0.284396 0.067949
v -0.056339 0.293410 0.061827
v -0.082763 0.294213 0.055156
v -0.081670 0.283472 0.062318
v -0.086562 0.285251 0.056657
v -0.081352 0.299955 0.050506
v -0.056387 0.302509 0.052998
v -0.082184 0.270158 0.064070
v -0.081494 0.254692 0.068129
v 0.055145 0.154908 0.103198
v -0.083025 0.247060 0.068976
v -0.003874 0.264147 0.062123
v -0.030589 0.267255 0.060179
v -0.030621 0.257630 0.066605
v -0.048840 0.267180 0.059858
v 0.012069 0.258282 0.068400
v 0.015030 0.230779 0.086955
v -0.011345 0.210774 0.087951
v 0.031022 0.211042 0.090276
v 0.027082 0.190228 0.090234
v -0.008074 0.185007 0.088981
v 0.032442 0.292939 0.057991
v 0.004993 0.292093 0.059135
v 0.038092 0.290400 0.057701
v 0.009389 0.297144 0.064566
v 0.020113 0.303413 0.062847
v 0.010104 0.287047 0.056852
v 0.079154 0.285062 0.084386
v 0.066040 0.274551 0.082931
v 0.071749 0.259301 0.088634
v 0.072042 0.298241 0.078655
v -0.003348 0.347039 -0.031284
v 0.006867 0.332496 -0.039426
v -0.002623 0.341618 -0.035109
v 0.017449 0.349477 -0.023301
v 0.034116 0.336879 -0.031932
v 0.039301 0.329672 -0.042124
v 0.019468 0.320773 -0.051970
v -0.017117 0.323690 -0.048814
v 0.064781 0.320022 -0.052350
v 0.038058 0.311025 -0.060403
v 0.065829 0.310757 -0.060488
v 0.042344 0.299772 -0.065528
v 0.008915 0.296241 -0.067767
v 0.066187 0.297022 -0.066605
v -0.019199 0.339284 -0.034876
v 0.006356 0.311063 -0.060643
v 0.057243 0.334201 -0.033968
v 0.065354 0.286225 -0.069339
v 0.020482 0.266410 -0.078255
v 0.065696 0.266055 -0.074664
v 0.064816 0.253238 -0.077196
v 0.033710 0.246142 -0.081455
v 0.025631 0.348312 -0.022390
v 0.017995 0.366178 -0.020745
v 0.042155 0.344655 -0.020286
v 0.029936 0.354432 -0.017083
v 0.045647 0.354074 -0.017017
v 0.067163 0.239780 -0.079221
v 0.070112 0.222767 -0.080913
v 0.021591 0.221047 -0.085143
v 0.019111 0.199379 -0.085610
v -0.005109 0.219231 -0.084922
v -0.005347 0.186774 -0.084889
v -0.033228 0.198520 -0.082001
v -0.041601 0.215141 -0.082526
v 0.015855 0.160447 -0.084825
v -0.002103 0.158196 -0.084208
v -0.017310 0.238348 -0.081902
v -0.042846 0.233460 -0.081133
v -0.043388 0.256252 -0.077576
v -0.046061 0.255027 -0.080410
v -0.042874 0.271048 -0.073976
v -0.044938 0.279491 -0.071512
v 0.009141 0.364187 -0.019844
v -0.002153 0.354196 -0.022417
v 0.050755 0.348308 -0.017826
v -0.019035 0.262854 -0.077263
v 0.009052 0.272596 -0.076532
v -0.031467 0.333028 -0.039490
v 0.048641 0.337347 -0.023729
v -0.018300 0.310699 -0.060167
v 0.064402 0.332126 -0.039097
v -0.016718 0.285757 -0.070700
v -0.047418 0.296110 -0.065409
v 0.014212 0.249445 -0.081996
v -0.041430 0.320623 -0.051757
v -0.041431 0.328106 -0.043500
v -0.040597 0.336275 -0.033278
v -0.035001 0.337931 -0.033283
v -0.032317 0.349116 -0.033312
v -0.048080 0.307600 -0.060313
v -0.016718 0.285757 -0.070700
v 0.009052 0.272596 -0.076532
v -0.019035 0.262854 -0.077263
v 0.014212 0.249445 -0.081996
v -0.002153 0.354196 -0.022417
v 0.017449 0.349477 -0.023301
v 0.006656 0.347595 -0.026028
v -0.008093 0.349119 -0.025126
v -0.077831 0.029997 -0.058063
v -0.074641 0.023952 -0.054437
v -0.076729 0.026674 -0.066206
v -0.076204 -0.003374 -0.070129
v -0.082501 0.038538 -0.059909
v -0.066749 0.045744 -0.048266
v -0.068750 0.024343 -0.048525
v -0.067770 0.006964 -0.050390
v -0.061561 0.040831 -0.047209
v -0.064561 0.050037 -0.043498
v -0.072391 0.000096 -0.050486
v -0.072406 0.053738 -0.050807
v -0.074517 -0.007747 -0.046842
v -0.080235 0.027971 -0.071219
v -0.075517 -0.001129 -0.057003
v -0.087627 0.041577 -0.065347
v -0.075174 -0.032520 -0.068790
v -0.076018 -0.033088 -0.063607
v -0.078736 -0.046933 -0.072783
v -0.083204 -0.030438 -0.077089
v -0.075517 -0.001129 -0.057003
v -0.077231 -0.013098 -0.055391
v -0.076018 -0.033088 -0.063607
v -0.074919 -0.001877 -0.048906
v -0.072391 0.000096 -0.050486
v 0.161691 -0.040650 -0.011904
v 0.150442 -0.044386 -0.006923
v 0.158962 -0.041229 0.003908
v 0.152243 -0.041782 -0.015717
v 0.151132 -0.045118 0.005292
v 0.153804 -0.046305 0.016330
v 0.168675 -0.040348 0.007840
v 0.161579 -0.037111 -0.021104
v 0.152069 -0.034459 -0.035486
v 0.171683 -0.033979 -0.032774
v 0.164518 -0.036161 -0.042490
v 0.137980 -0.036897 -0.022458
v 0.142258 -0.037549 -0.033596
v 0.133439 -0.040525 -0.026896
v 0.158652 -0.037689 0.011124
v 0.172264 -0.034907 0.017253
v 0.162192 -0.033095 0.021788
v 0.178044 -0.036574 0.025100
v 0.158578 -0.035857 0.025270
v 0.169094 -0.041356 -0.005952
v 0.142386 -0.041549 -0.016073
v 0.136559 -0.032834 -0.019126
v 0.177290 -0.034758 -0.030478
v 0.168074 -0.040751 -0.023127
v 0.154793 -0.037165 0.021876
v 0.179692 -0.037514 0.000693
v 0.172887 -0.042328 -0.042658
v 0.169921 -0.037609 -0.027034
v 0.177290 -0.034758 -0.030478
v 0.171683 -0.033979 -0.032774
v 0.172264 -0.034907 0.017253
v 0.173032 -0.050483 -0.019889
v 0.168074 -0.040751 -0.023127
v 0.169094 -0.041356 -0.005952
v 0.084948 0.206587 0.086923
v 0.089089 0.214629 0.095725
v 0.083357 0.214249 0.098439
v 0.096184 0.223444 0.092135
v 0.083463 0.224240 0.098602
v 0.095678 0.210742 0.082207
v 0.096763 0.240378 0.089230
v 0.096809 0.227801 0.077631
v 0.089099 0.183649 0.080433
v 0.075497 0.184225 0.085759
v 0.101630 0.183243 0.072049
v 0.095559 0.240649 0.075708
v 0.109973 0.227149 0.057198
v 0.111817 0.251117 0.054914
v 0.091758 0.255811 0.073847
v 0.100820 0.264731 0.061937
v 0.091631 0.266971 0.068118
v 0.093143 0.279092 0.062272
v 0.092890 0.273899 0.077932
v 0.095113 0.283616 0.073368
v 0.091219 0.263893 0.082959
v 0.120206 0.266548 0.047800
v 0.102560 0.202776 0.067740
v 0.113464 0.209940 0.045643
v 0.109250 0.188992 0.044638
v 0.102111 0.178096 0.057039
v 0.118230 0.237381 0.046149
v 0.122532 0.225124 0.034922
v 0.131662 0.236016 0.033089
v 0.124909 0.216448 0.020730
v 0.118355 0.200455 0.026697
v 0.126500 0.209712 0.003139
v 0.132018 0.214951 0.000354
v 0.123701 0.197846 -0.001564
v 0.120323 0.177477 0.000972
v 0.126846 0.205176 -0.019012
v 0.121386 0.177342 -0.017126
v 0.127720 0.172237 -0.016442
v 0.124695 0.170057 0.019065
v 0.123788 0.143925 0.004638
v 0.119267 0.133060 0.022166
v 0.114609 0.148474 0.037706
v 0.103868 0.134565 0.055715
v 0.101729 0.117634 0.055337
v 0.112093 0.095058 0.024155
v 0.103115 0.095479 0.044304
v 0.094914 0.084642 0.047328
v 0.120568 0.124014 0.015005
v 0.116751 0.097400 0.011923
v 0.114296 0.089269 0.005454
v 0.117574 0.096297 -0.001824
v 0.113940 0.090327 -0.017920
v 0.117112 0.097807 -0.017245
v 0.113861 0.076224 0.001964
v 0.110347 0.065377 -0.021754
v 0.109192 0.091197 -0.032406
v 0.112315 0.065246 0.001027
v 0.105349 0.065062 -0.037691
v 0.114449 0.063830 -0.006312
v 0.115858 0.060645 0.009439
v 0.113690 0.059120 0.024305
v 0.108863 0.062984 -0.033463
v 0.105735 0.059359 -0.043906
v 0.094381 0.063028 -0.050785
v 0.101993 0.071056 -0.046408
v 0.094371 0.057534 -0.056278
v 0.078453 0.066669 -0.063129
v 0.082963 0.056947 -0.067218
v 0.086018 0.070858 -0.059973
v 0.081620 0.075708 -0.067473
v 0.086793 0.084447 -0.069612
v 0.091290 0.081748 -0.058827
v 0.091607 0.111677 -0.064169
v 0.101544 0.110608 -0.054661
v 0.094421 0.116354 -0.057206
v 0.100561 0.112859 -0.049952
v 0.107167 0.125930 -0.044449
v 0.094746 0.124642 -0.059043
v 0.101176 0.146683 -0.056659
v 0.112448 0.135900 -0.037968
v 0.110407 0.155484 -0.048366
v 0.110715 0.172996 -0.051776
v 0.119875 0.172129 -0.037328
v 0.114251 0.129120 -0.034304
v 0.121086 0.133726 -0.018679
v 0.084694 0.114909 -0.070333
v 0.103086 0.099427 -0.050637
v 0.109533 0.176523 -0.047713
v 0.083883 0.099008 -0.071624
v 0.083078 0.087357 -0.073607
v 0.109804 0.098204 -0.034794
v 0.109457 0.064249 0.020927
v 0.110923 0.082908 0.020413
v 0.099472 0.093414 0.052973
v 0.105116 0.091939 0.060747
v 0.115565 0.126871 0.075172
v 0.124756 0.152385 -0.019576
v 0.116646 0.176630 -0.032741
v 0.121907 0.203420 -0.041653
v 0.113949 0.095359 0.076023
v 0.107083 0.141546 0.086161
v 0.097097 0.112366 0.093957
v 0.095000 0.150494 0.097930
v 0.084052 0.155526 0.106467
v 0.083919 0.091290 0.104232
v 0.106657 0.090417 0.083362
v 0.083881 0.181123 0.107746
v 0.131892 0.213701 -0.018647
v 0.130607 0.220912 -0.036934
v 0.104328 0.157217 0.058090
v 0.116148 0.178814 0.077110
v 0.114092 0.171442 0.039454
v 0.103357 0.174746 0.056869
v 0.113201 0.181252 0.072357
v 0.100156 0.070268 -0.051481
v 0.111290 0.177566 0.030179
v 0.091583 0.243592 0.086211
v 0.100072 0.205705 0.076499
v 0.088651 0.277860 0.082207
v 0.090413 0.297965 0.074761
v 0.096987 0.299741 0.066852
v 0.088625 0.313339 0.066235
v 0.096436 0.309533 0.057900
v 0.091061 0.323980 0.053626
v 0.096423 0.298537 0.059111
v 0.094188 0.321190 0.044610
v 0.095955 0.308258 0.042665
v 0.098281 0.313655 0.033977
v 0.095824 0.329226 0.024428
v 0.091840 0.337700 0.017284
v 0.096244 0.337231 0.007777
v 0.094643 0.342852 -0.002006
v 0.098987 0.328941 -0.007977
v 0.098077 0.329846 -0.025035
v 0.088385 0.335823 0.031080
v 0.098529 0.342697 -0.013616
v 0.097889 0.333942 -0.042007
v 0.098383 0.323756 -0.037547
v 0.093327 0.309708 -0.059169
v 0.097316 0.346362 -0.025520
v 0.095545 0.341289 -0.044581
v 0.091448 0.330302 -0.064461
v 0.091673 0.321551 -0.067342
v 0.098375 0.322342 0.017138
v 0.088921 0.328235 0.050222
v 0.092801 0.309162 -0.075625
v 0.094313 0.286930 -0.069960
v 0.094439 0.292410 -0.080029
v 0.095474 0.268739 -0.073597
v 0.093923 0.263125 -0.083270
v 0.096302 0.238634 -0.082467
v 0.100363 0.243494 -0.074197
v 0.103754 0.222021 -0.071914
v 0.098633 0.217150 -0.079452
v 0.096685 0.195499 -0.073676
v 0.090547 0.312418 -0.075748
v 0.094207 0.295066 0.052654
v 0.107480 0.193857 -0.061626
v 0.113303 0.209879 -0.060260
v 0.123568 0.217445 -0.050591
v 0.116520 0.233755 -0.066071
v 0.126976 0.230508 -0.050034
v 0.102560 0.202776 0.067740
v 0.100072 0.205705 0.076499
v 0.101630 0.183243 0.072049
v 0.102111 0.178096 0.057039
v 0.111290 0.177566 0.030179
v 0.102111 0.178096 0.057039
v 0.103357 0.174746 0.056869
v 0.113201 0.181252 0.072357
v 0.121907 0.203420 -0.041653
v 0.121386 0.177342 -0.017126
v 0.116646 0.176630 -0.032741
v 0.130607 0.220912 -0.036934
v 0.126846 0.205176 -0.019012
v 0.121907 0.203420 -0.041653
v 0.123568 0.217445 -0.050591
v 0.126976 0.230508 -0.050034
v 0.123788 0.143925 0.004638
v 0.119267 0.133060 0.022166
v 0.122511 0.128804 0.000347
v 0.121086 0.133726 -0.018679
v 0.124756 0.152385 -0.019576
v 0.120568 0.124014 0.015005
v 0.117112 0.097807 -0.017245
v 0.114251 0.129120 -0.034304
v 0.117574 0.096297 -0.001824
v 0.116751 0.097400 0.011923
v 0.107167 0.125930 -0.044449
v 0.109804 0.098204 -0.034794
v 0.109192 0.091197 -0.032406
v 0.105349 0.065062 -0.037691
v 0.106759 0.075630 -0.039537
v 0.101993 0.071056 -0.046408
v 0.103086 0.099427 -0.050637
v 0.100156 0.070268 -0.051481
v 0.109804 0.098204 -0.034794
v 0.119875 0.172129 -0.037328
v 0.127720 0.172237 -0.016442
v 0.124756 0.152385 -0.019576
v 0.116646 0.176630 -0.032741
v 0.113201 0.181252 0.072357
v 0.116148 0.178814 0.077110
v 0.104328 0.157217 0.058090
v 0.116148 0.178814 0.077110
v 0.107083 0.141546 0.086161
v 0.115565 0.126871 0.075172
v 0.103098 0.181498 0.090549
v 0.095000 0.150494 0.097930
v 0.083881 0.181123 0.107746
v -0.192791 0.233800 -0.083713
v -0.191546 0.232657 -0.079861
v -0.193336 0.222877 -0.075163
v -0.186591 0.226971 -0.069680
v -0.192953 0.222088 -0.068592
v -0.193444 0.221693 -0.082157
v -0.203207 0.221787 -0.088103
v -0.191674 0.241162 -0.078848
v -0.199014 0.212785 -0.066026
v -0.201083 0.212708 -0.081496
v -0.201916 0.239357 -0.090232
v -0.203547 0.254832 -0.083241
v -0.218866 0.251286 -0.086940
v -0.220047 0.230147 -0.087820
v -0.233013 0.239387 -0.082308
v -0.231845 0.221812 -0.079337
v -0.236264 0.235344 -0.072524
v -0.235809 0.221241 -0.071553
v -0.244220 0.232591 -0.070680
v -0.245940 0.240848 -0.075588
v -0.259594 0.239823 -0.074924
v -0.247920 0.221116 -0.071583
v -0.241093 0.242896 -0.078900
v -0.233768 0.254446 -0.080169
v -0.222706 0.213260 -0.081696
v -0.261743 0.220862 -0.074782
v -0.259723 0.209977 -0.068775
v -0.287254 0.238290 -0.071109
v -0.280567 0.246196 -0.066262
v -0.262510 0.247850 -0.066874
v -0.257368 0.248832 -0.072031
v -0.270810 0.208562 -0.066118
v -0.302524 0.241678 -0.065771
v -0.327023 0.235288 -0.059863
v -0.342035 0.241619 -0.052531
v -0.356071 0.237428 -0.048165
v -0.354073 0.223653 -0.051049
v -0.357783 0.226160 -0.053545
v -0.355853 0.209847 -0.044527
v -0.365721 0.215435 -0.049605
v -0.351862 0.215999 -0.046296
v -0.325732 0.210713 -0.052158
v -0.372077 0.209759 -0.044578
v -0.355136 0.207758 -0.035102
v -0.319233 0.223877 -0.062346
v -0.353787 0.242737 -0.047338
v -0.248830 0.202822 -0.058569
v -0.264030 0.198755 -0.049802
v -0.244584 0.197822 -0.050605
v -0.307521 0.246459 -0.058898
v -0.367950 0.249580 -0.041282
v -0.243143 0.201348 -0.065158
v -0.368845 0.225622 -0.052081
v -0.373433 0.234175 -0.044534
v -0.307978 0.208262 -0.055722
v -0.234547 0.195214 -0.050861
v -0.354979 0.253377 -0.040666
v -0.226666 0.198321 -0.064014
v -0.287665 0.202769 -0.050798
v -0.225503 0.209253 -0.070458
v -0.220833 0.207028 -0.067674
v -0.247110 0.206621 -0.067267
v -0.294542 0.222356 -0.068941
v -0.251129 0.210412 -0.066968
v -0.222706 0.213260 -0.081696
v -0.201083 0.212708 -0.081496
v -0.217351 0.210158 -0.079597
v -0.225503 0.209253 -0.070458
v -0.235809 0.221241 -0.071553
v -0.247110 0.206621 -0.067267
v -0.251129 0.210412 -0.066968
v -0.220833 0.207028 -0.067674
v -0.233768 0.254446 -0.080169
v -0.233013 0.239387 -0.082308
v -0.241093 0.242896 -0.078900
v -0.368845 0.225622 -0.052081
v -0.373433 0.234175 -0.044534
v -0.356071 0.237428 -0.048165
v -0.373067 0.228678 -0.047848
v -0.387439 0.239991 -0.043032
v -0.387467 0.228211 -0.049774
v -0.379012 0.218769 -0.049667
v -0.392417 0.233889 -0.044610
v -0.378471 0.241762 -0.041164
v -0.372224 0.248009 -0.031810
v -0.392328 0.231926 -0.047526
v -0.390601 0.213669 -0.048177
v -0.406285 0.220605 -0.049198
v -0.373931 0.213111 -0.044939
v -0.385986 0.223389 -0.050446
v -0.405551 0.209271 -0.048363
v -0.430562 0.213943 -0.048525
v -0.431782 0.205283 -0.046081
v -0.437480 0.208700 -0.045230
v -0.444293 0.206157 -0.038975
v -0.462502 0.208128 -0.042196
v -0.457293 0.214157 -0.043904
v -0.481559 0.204268 -0.042865
v -0.482166 0.190518 -0.041651
v -0.488568 0.189472 -0.042561
v -0.468423 0.221611 -0.040783
v -0.488369 0.186279 -0.036555
v -0.435974 0.227456 -0.045314
v -0.389331 0.206559 -0.035513
v -0.386573 0.209038 -0.047249
v -0.402198 0.205762 -0.037235
v -0.431635 0.202090 -0.036809
v -0.446333 0.230412 -0.035016
v -0.459931 0.226716 -0.035724
v -0.440331 0.237026 -0.032039
v -0.425784 0.229607 -0.047249
v -0.372077 0.209759 -0.044578
v -0.385986 0.223389 -0.050446
v -0.385986 0.220093 -0.050293
v -0.390601 0.213669 -0.048177
v -0.384033 0.221802 -0.050812
v -0.386573 0.209038 -0.047249
v -0.379012 0.218769 -0.049667
v -0.373931 0.213111 -0.044939
v -0.384033 0.221558 -0.050781
v -0.384033 0.221802 -0.050812
v -0.379012 0.218769 -0.049667
v -0.384033 0.221558 -0.050781
v -0.319233 0.223877 -0.062346
v -0.307978 0.208262 -0.055722
v -0.325732 0.210713 -0.052158
v -0.294542 0.222356 -0.068941
v 0.062537 0.349141 0.038065
v 0.061789 0.341387 0.035380
v 0.066381 0.336691 0.033997
v 0.053508 0.341032 0.016511
v 0.048855 0.346220 0.026015
v 0.048855 0.346220 0.026015
v 0.060708 0.346105 0.041618
v 0.045670 0.346998 0.038388
v 0.061789 0.341387 0.035380
v 0.049226 0.364439 0.097656
v 0.052472 0.364920 0.096570
v 0.056149 0.360981 0.091940
v 0.047337 0.368662 0.116675
v 0.036807 0.365148 0.103035
v 0.047147 0.360672 0.114449
v 0.054522 0.365992 0.120284
v 0.057462 0.360933 0.116672
v 0.047488 0.368439 0.076565
v 0.047728 0.370462 0.066556
v 0.045992 0.361229 0.080157
v 0.049518 0.366261 0.091424
v 0.047716 0.361250 0.072151
v 0.048272 0.364641 0.065718
v 0.066038 0.365354 0.089891
v 0.069506 0.367974 0.103208
v 0.072589 0.361999 0.103883
v 0.066948 0.361460 0.091563
v 0.057878 0.366116 0.074953
v 0.065673 0.368190 0.113001
v 0.065673 0.368190 0.113001
v 0.054522 0.365992 0.120284
v 0.067134 0.362126 0.113249
v 0.072589 0.361999 0.103883
v 0.057462 0.360933 0.116672
v 0.068659 0.357251 0.105090
v 0.067127 0.356841 0.097774
v 0.066948 0.361460 0.091563
v 0.049226 0.364439 0.097656
v 0.056861 0.359413 0.106281
v 0.041202 0.361316 0.101390
v 0.047147 0.360672 0.114449
v 0.040632 0.360905 0.092182
v 0.034446 0.360911 0.094733
v 0.060915 0.354334 0.099192
v 0.036807 0.365148 0.103035
v 0.056149 0.360981 0.091940
v 0.035405 0.364903 0.088625
v 0.047716 0.361250 0.072151
v 0.045992 0.361229 0.080157
v 0.049518 0.366261 0.091424
v 0.057878 0.366116 0.074953
v 0.054053 0.364838 0.070474
v 0.048272 0.364641 0.065718
v 0.040632 0.360905 0.092182
v 0.045481 0.369215 0.094766
v 0.049226 0.364439 0.097656
v 0.035405 0.364903 0.088625
v 0.047728 0.370462 0.066556
v 0.054053 0.364838 0.070474
v 0.048272 0.364641 0.065718
v 0.049518 0.366261 0.091424
v 0.052472 0.364920 0.096570
v 0.049226 0.364439 0.097656
v 0.045481 0.369215 0.094766
v 0.056149 0.360981 0.091940
v 0.051855 0.370817 0.091088
v 0.049518 0.366261 0.091424
v 0.045481 0.369215 0.094766
v 0.053760 0.375804 0.096920
v 0.043988 0.371994 0.106517
v 0.051866 0.368866 0.077620
v 0.037645 0.369969 0.094829
v 0.035405 0.364903 0.088625
v 0.036807 0.365148 0.103035
v 0.034446 0.360911 0.094733
v 0.047337 0.368662 0.116675
v 0.055498 0.375300 0.102515
v 0.054179 0.370508 0.115240
v 0.054522 0.365992 0.120284
v 0.065673 0.368190 0.113001
v 0.060462 0.369093 0.104532
v 0.069506 0.367974 0.103208
v 0.059085 0.369385 0.091523
v 0.066038 0.365354 0.089891
v 0.057878 0.366116 0.074953
v 0.054053 0.364838 0.070474
v 0.047728 0.370462 0.066556
v 0.047488 0.368439 0.076565
f 4151 4152 4147
f 5643 5642 5641
f 6475 6473 6472
f 6475 6479 6473
f 2865 2864 2863
f 2865 2871 2870
f 2865 2870 2864
f 2861 2866 2862
f 2861 2862 2863
f 2862 2866 2868
f 2863 2864 2861
f 914 913 916
f 914 917 913
f 5463 5464 5466
f 1 2 3
f 5892 5930 5887
f 5930 5918 5887
f 5651 5652 5653
f 4757 4756 4749
f 4 5 4
f 1889 1893 1882
f 4 6 4
f 5156 5153 5155
f 5153 5154 5155
f 5309 5307 5302
f 5307 5310 5302
f 5194 5195 5193
f 5194 5196 5195
f 5647 5648 5649
f 357 335 358
f 7 8 7
f 7 9 7
f 4011 4009 4012
f 4023 4026 4024
f 4023 4024 4022
f 4008 4009 4010
f 4024 4029 4022
f 4008 4042 4009
f 4009 4043 4012
f 4024 4026 4028
f 4042 4043 4009
f 4024 4028 4029
f 4021 4023 4022
f 4025 4023 4021
f 4011 4012 4013
f 4013 4015 4017
f 4016 4039 4008
f 4010 4009 4011
f 4012 4014 4013
f 4120 4112 4113
f 4025 4026 4023
f 4013 4014 4015
f 4027 4028 4026
f 4012 4044 4014
f 4044 4051 4015
f 4014 4044 4015
f 4119 4111 4120
f 4031 4028 4027
f 4008 4039 4042
f 4012 4043 4044
f 4039 4054 4042
f 4031 4036 4028
f 4042 4045 4043
f 4043 4048 4044
f 4048 4049 4044
f 4044 4050 4051
f 4051 4050 4052
f 4028 4036 4029
f 4036 4039 4029
f 4042 4054 4047
f 4042 4047 4045
f 4542 4539 4544
f 4316 4359 4340
f 4316 4340 4315
f 4016 4018 4020
f 4021 4016 4020
f 4016 4011 4018
f 4025 4030 4033
f 4025 4032 4027
f 4032 4031 4027
f 4111 4119 4114
f 4031 4037 4036
f 4049 4050 4044
f 4036 4041 4039
f 4045 4046 4043
f 4045 4053 4046
f 4043 4046 4048
f 4319 4355 4323
f 4125 4113 4117
f 4113 4110 4117
f 4033 4032 4025
f 4035 4031 4032
f 2417 2416 2418
f 2463 2441 2447
f 4059 4053 4045
f 4037 4040 4036
f 4036 4040 4041
f 4047 4054 4056
f 4542 4541 4539
f 4053 4055 4046
f 4034 4033 4030
f 4110 4116 4117
f 4035 4037 4031
f 4058 4050 4049
f 2418 2416 2413
f 4058 4057 4050
f 4050 4057 4052
f 2440 2441 2442
f 2447 2441 2446
f 4109 4116 4110
f 4115 4116 4109
f 4035 4038 4037
f 2462 2460 2461
f 2442 2443 2440
f 2461 2460 2412
f 2441 2439 2425
f 2441 2425 2446
f 3537 3535 3534
f 3540 3537 3534
f 3534 3535 3536
f 4457 4453 4455
f 4453 4454 4455
f 3538 3539 3541
f 4122 4115 4114
f 2444 2443 2442
f 2440 2439 2441
f 2460 2409 2412
f 2409 2411 2412
f 4313 4315 4314
f 3536 3535 3538
f 4455 4454 4456
f 3538 3535 3539
f 5824 5825 5826
f 5827 5824 5826
f 4116 4115 4118
f 2443 2445 2440
f 2413 2415 2427
f 2439 2424 2425
f 2409 2410 2411
f 3360 3356 3361
f 5023 5020 5016
f 3354 3356 3360
f 3354 3355 3356
f 4221 4225 4222
f 2609 2607 2608
f 3363 3362 3359
f 3363 3365 3362
f 2415 2426 2427
f 2439 2438 2424
f 3355 3357 3356
f 3355 3359 3358
f 3355 3358 3357
f 3359 3362 3358
f 2459 2457 2458
f 2458 2457 2454
f 3358 3364 3357
f 4118 4115 4121
f 3539 3542 3541
f 4126 4124 4115
f 2443 2448 2445
f 2445 2437 2440
f 2440 2437 2439
f 2439 2437 2438
f 2438 2422 2424
f 2424 2422 2410
f 2410 2422 2419
f 5016 5019 5017
f 5016 5017 5018
f 2457 2451 2454
f 2454 2451 2452
f 2452 2448 2453
f 4124 4123 4115
f 2437 2428 2438
f 2415 2419 2420
f 2415 2420 2426
f 5021 5019 5020
f 2612 2603 2575
f 2452 2451 2448
f 2437 2436 2428
f 2419 2421 2420
f 2428 2422 2438
f 2422 2423 2421
f 2422 2421 2419
f 5024 5022 5021
f 5021 5022 5019
f 2592 2575 2603
f 2612 2577 2582
f 2451 2450 2448
f 2449 2436 2437
f 2428 2423 2422
f 2592 2591 2576
f 2592 2576 2575
f 2575 2577 2612
f 2450 2449 2448
f 2448 2449 2437
f 2089 2060 2069
f 2436 2430 2428
f 2423 2429 2421
f 2428 2430 2423
f 2430 2429 2423
f 4312 4317 4311
f 2578 2583 2582
f 2436 2435 2430
f 2598 2585 2599
f 2579 2585 2584
f 2579 2584 2578
f 2583 2584 2596
f 2449 2455 2436
f 2436 2455 2435
f 2435 2431 2430
f 2431 2432 2429
f 2430 2431 2429
f 2432 2433 2429
f 2585 2587 2586
f 2585 2588 2587
f 2455 2456 2435
f 2088 2076 2086
f 2456 2434 2435
f 2435 2434 2431
f 4311 4324 4326
f 4329 4311 4326
f 4324 4311 4318
f 2586 2589 2593
f 2586 2593 2584
f 2584 2593 2596
f 2593 2595 2596
f 2596 2595 2601
f 2431 2434 2432
f 4330 4310 4329
f 983 971 979
f 4310 4330 4309
f 1785 1781 1783
f 2601 2595 2602
f 528 521 509
f 2080 2064 2073
f 1781 1782 1783
f 1783 1782 1784
f 521 506 509
f 1801 1781 1805
f 1782 1788 1784
f 508 507 510
f 508 510 511
f 506 507 508
f 509 506 508
f 4331 4327 4328
f 4338 4406 4327
f 4338 4327 4331
f 4338 4416 4406
f 1801 1790 1781
f 507 502 510
f 1781 1790 1778
f 521 503 506
f 506 503 502
f 506 502 507
f 1781 1778 1780
f 1780 1782 1781
f 1782 1789 1788
f 521 522 503
f 1780 1789 1782
f 4416 4338 4405
f 1790 1772 1778
f 1780 1779 1807
f 1780 1807 1789
f 1778 1779 1780
f 522 512 503
f 512 500 503
f 503 500 502
f 4334 4336 4335
f 1772 1766 1778
f 1778 1766 1779
f 505 504 518
f 502 504 505
f 500 501 502
f 501 504 502
f 1766 1767 1779
f 491 484 500
f 512 491 500
f 500 483 501
f 4345 4409 4339
f 4345 4354 4409
f 4345 4339 4336
f 4409 4405 4339
f 976 956 955
f 1772 1764 1766
f 504 482 486
f 500 484 483
f 4409 4354 4404
f 1764 1763 1766
f 1766 1763 1767
f 524 485 491
f 1804 1776 1764
f 1763 1768 1767
f 524 493 485
f 482 481 486
f 491 485 484
f 484 480 483
f 4346 4347 4353
f 1776 1762 1764
f 1764 1762 1763
f 485 480 484
f 483 480 482
f 482 480 481
f 4411 4404 4353
f 1763 1765 1768
f 1762 1761 1763
f 1763 1761 1765
f 1776 1808 1775
f 485 479 480
f 480 478 481
f 4347 4356 4360
f 481 475 487
f 481 478 475
f 493 479 485
f 480 479 478
f 1775 1769 1762
f 1808 1796 1775
f 1761 1777 1765
f 1765 1777 1768
f 1808 1812 1796
f 478 473 475
f 493 490 479
f 479 472 478
f 4349 4361 4356
f 1762 1760 1761
f 1761 1759 1777
f 472 473 478
f 479 490 472
f 1009 1018 962
f 1812 1802 1796
f 473 474 475
f 474 476 475
f 472 471 473
f 1802 1800 1769
f 1796 1802 1769
f 1760 1759 1761
f 471 474 473
f 472 470 471
f 488 470 472
f 490 488 472
f 1774 1773 1769
f 1774 1769 1800
f 7 8 10
f 1773 1760 1769
f 10 8 11
f 1760 1757 1759
f 471 476 474
f 4361 4362 4419
f 1786 1757 1760
f 1759 1819 1777
f 1802 1803 1786
f 470 469 471
f 4818 4819 4814
f 4819 4818 4820
f 4819 4820 4821
f 4809 4845 4804
f 4809 4846 4845
f 4812 4814 4809
f 4809 4814 4846
f 1757 1758 1759
f 471 477 476
f 4812 4818 4814
f 4820 4836 4821
f 4806 4811 4808
f 4803 4804 4799
f 4362 4363 4408
f 4817 4831 4826
f 4808 4809 4803
f 4803 4809 4804
f 4813 4811 4816
f 4826 4813 4817
f 4817 4813 4816
f 4813 4810 4811
f 4811 4810 4808
f 4808 4810 4809
f 3210 3209 3211
f 1803 1771 1786
f 1786 1771 1757
f 4810 4812 4809
f 4813 4823 4810
f 4810 4823 4812
f 4823 4835 4812
f 471 469 477
f 4812 4835 4818
f 1759 1758 1819
f 4835 4843 4818
f 4818 4843 4820
f 4843 4838 4820
f 4820 4838 4836
f 4838 4853 4836
f 4807 4806 4805
f 4806 4803 4805
f 4806 4808 4803
f 4815 4811 4806
f 4815 4816 4811
f 3200 3209 3210
f 4826 4825 4813
f 4833 4824 4825
f 4825 4824 4813
f 4824 4823 4813
f 4824 4833 4851
f 488 468 470
f 470 468 469
f 4847 4843 4835
f 4847 4854 4843
f 4843 4854 4860
f 4843 4860 4838
f 4860 4856 4838
f 4838 4855 4853
f 4805 4803 4802
f 4822 4806 4807
f 4803 4799 4802
f 4840 4815 4822
f 4822 4815 4806
f 4799 4801 4802
f 4832 4831 4815
f 4799 4800 4801
f 4826 4827 4825
f 1757 1756 1758
f 4823 4851 4849
f 4849 4848 4823
f 4823 4848 4835
f 1758 1756 1754
f 1758 1754 1819
f 4835 4848 4847
f 488 492 468
f 468 457 446
f 4848 4857 4847
f 4857 4854 4847
f 4838 4856 4855
f 4832 4841 4830
f 4841 4815 4840
f 4830 4831 4832
f 4829 4828 4826
f 4829 4826 4830
f 4830 4826 4831
f 1809 1799 1803
f 1799 1771 1803
f 4828 4827 4826
f 1596 1599 1598
f 1596 1600 1599
f 4837 4833 4827
f 4827 4833 4825
f 1770 1724 1771
f 1771 1724 1757
f 1757 1724 1756
f 4833 4850 4851
f 469 446 445
f 469 445 477
f 492 457 468
f 457 455 446
f 3662 3654 3661
f 3660 3645 3649
f 3647 3641 3648
f 2572 2556 2547
f 4366 4363 4364
f 4839 4829 4830
f 4402 4363 4366
f 1597 1596 1598
f 1597 1591 1596
f 3397 3418 3399
f 3205 3202 3204
f 4834 4844 4828
f 1531 1532 1596
f 4828 4837 4827
f 4828 4844 4837
f 1596 1532 1600
f 4089 4093 4095
f 1600 1601 1599
f 4837 4850 4833
f 2341 2332 2333
f 2341 2333 2338
f 477 445 514
f 3654 3650 3661
f 3661 3650 3660
f 3650 3645 3660
f 3649 3645 3647
f 3647 3645 3641
f 3641 3643 3648
f 4842 4829 4839
f 4859 4839 4830
f 4859 4830 4841
f 2545 2571 2554
f 2554 2571 2567
f 4842 4834 4829
f 4086 4089 4091
f 1591 1536 1531
f 1591 1531 1596
f 1799 1722 1771
f 1771 1722 1770
f 4089 4090 4092
f 4089 4092 4093
f 1770 1722 1724
f 1724 1745 1756
f 3401 3419 3400
f 4837 4852 4850
f 4852 4858 4850
f 1756 1745 1754
f 2333 2335 2337
f 2338 2333 2337
f 2335 2342 2337
f 3659 3662 3664
f 3659 3654 3662
f 3650 3652 3645
f 2573 2570 2544
f 1591 1615 1536
f 1591 1597 1614
f 1528 1592 1526
f 1535 1528 1531
f 4086 4088 4089
f 1809 1815 1799
f 985 986 987
f 4089 4088 4090
f 3202 3201 3204
f 1530 1529 1526
f 1526 1527 1528
f 1528 1527 1531
f 3400 3414 3398
f 1532 1537 1600
f 4093 4092 4094
f 2340 2334 2332
f 2301 2295 2296
f 2301 2300 2295
f 1745 1750 1754
f 2333 2331 2335
f 442 445 446
f 3641 3642 3643
f 2544 2553 2573
f 1603 1528 1535
f 4366 4370 4398
f 1535 1536 1615
f 1581 1540 1530
f 1530 1526 1592
f 3200 3203 3201
f 3200 3201 3202
f 1799 1798 1722
f 1526 1529 1527
f 1527 1532 1531
f 1527 1533 1532
f 1538 1533 1527
f 1533 1534 1532
f 1745 1724 1744
f 2334 2328 2332
f 2295 2294 2296
f 2296 2294 2299
f 2332 2330 2331
f 2332 2331 2333
f 455 442 446
f 3654 3653 3650
f 3650 3653 3651
f 3650 3651 3652
f 3652 3644 3645
f 3645 3644 3641
f 3644 3642 3641
f 1535 1615 1603
f 4084 4085 4086
f 1603 1595 1528
f 1528 1595 1592
f 4086 4085 4088
f 1581 1530 1592
f 1815 1798 1799
f 3203 3208 3201
f 1530 1540 1529
f 1529 1539 1538
f 1529 1538 1527
f 1722 1723 1724
f 2318 2304 2305
f 1723 1744 1724
f 1534 1537 1532
f 2300 2297 2295
f 2328 2330 2332
f 1744 1750 1745
f 444 513 514
f 445 444 514
f 492 527 460
f 492 460 457
f 3652 3646 3644
f 2556 2557 2555
f 1581 1594 1578
f 1594 1581 1595
f 1543 1542 1540
f 1542 1541 1540
f 1541 1529 1540
f 1529 1541 1539
f 2305 2302 2306
f 2306 2302 2300
f 2300 2302 2297
f 2336 2339 2335
f 2331 2336 2335
f 442 444 445
f 3659 3663 3658
f 457 442 455
f 3654 3658 3655
f 3654 3655 3653
f 3651 3657 3646
f 1603 1621 1595
f 4084 4087 4085
f 4398 4370 4413
f 1578 1543 1540
f 1543 1547 1542
f 1722 1798 1725
f 993 994 990
f 1722 1725 1723
f 2317 2308 2318
f 2304 2302 2305
f 2297 2292 2295
f 2295 2292 2294
f 2330 2329 2331
f 1744 1742 1750
f 442 443 444
f 3653 3656 3651
f 2287 2291 2288
f 3644 3646 3642
f 1617 1618 1616
f 2542 2543 2553
f 2564 2552 2548
f 2555 2564 2548
f 5419 5416 5418
f 1593 1578 1594
f 4370 4401 4413
f 3203 3206 3207
f 3203 3207 3208
f 1542 1544 1541
f 1544 1539 1541
f 1723 1742 1744
f 2318 2308 2304
f 2328 2329 2330
f 2329 2336 2331
f 457 460 442
f 3651 3656 3657
f 5420 5432 5421
f 1573 1547 1578
f 1573 1548 1547
f 1798 1797 1725
f 1548 1549 1545
f 1548 1545 1547
f 1547 1545 1542
f 1545 1544 1542
f 2317 2314 2308
f 2328 2327 2329
f 2336 2344 2339
f 2297 2298 2292
f 364 334 338
f 1618 1622 1616
f 5416 5415 5418
f 2553 2562 2574
f 1573 1577 1548
f 1577 1549 1548
f 1545 1549 1550
f 1550 1546 1545
f 335 357 321
f 1545 1546 1544
f 2314 2310 2308
f 2308 2307 2304
f 1742 1751 1750
f 442 447 443
f 5422 5417 5421
f 2304 2303 2302
f 2327 2343 2329
f 2329 2343 2336
f 2336 2343 2344
f 2310 2307 2308
f 2307 2303 2304
f 2302 2303 2297
f 1551 1552 1550
f 1546 1574 1544
f 2316 2310 2314
f 2297 2303 2298
f 2292 2293 2294
f 1550 1552 1546
f 1552 1564 1574
f 1546 1552 1574
f 443 451 444
f 460 454 442
f 442 454 447
f 1573 1608 1577
f 1725 1726 1723
f 1551 1549 1568
f 1723 1726 1742
f 1551 1550 1549
f 1553 1552 1551
f 2311 2307 2310
f 2316 2315 2310
f 1552 1563 1564
f 5077 5073 5076
f 1563 1610 1564
f 5097 5074 5073
f 3394 3387 3390
f 1608 1609 1577
f 1576 1579 1568
f 1576 1549 1577
f 1576 1568 1549
f 1568 1579 1551
f 361 348 350
f 1579 1553 1551
f 374 363 351
f 2307 2309 2303
f 451 515 513
f 1555 1554 1553
f 1554 1552 1553
f 2315 2311 2310
f 1751 1822 1750
f 5076 5073 5072
f 499 460 527
f 1554 1558 1552
f 1552 1558 1563
f 1554 1559 1558
f 5097 5082 5074
f 1576 1577 1609
f 1813 1794 1797
f 1726 1743 1742
f 1562 1556 1553
f 1556 1555 1553
f 2311 2309 2307
f 5097 5095 5082
f 5096 5089 5095
f 5429 5399 5385
f 5429 5385 5387
f 1576 1587 1579
f 1794 1725 1797
f 1562 1580 1556
f 2309 2319 2303
f 1743 1751 1742
f 2298 2324 2293
f 1557 1554 1555
f 1557 1561 1559
f 1557 1559 1554
f 5095 5086 5082
f 5412 5407 5405
f 1576 1607 1587
f 4401 4400 4418
f 5358 5364 5357
f 1583 1579 1587
f 5357 5364 5376
f 3797 3795 3798
f 1582 1562 1583
f 1562 1579 1583
f 3795 3799 3798
f 3798 3799 3809
f 1582 1580 1562
f 3048 3040 3044
f 3799 3803 3809
f 3795 3796 3799
f 813 785 787
f 3796 3803 3799
f 2303 2319 2298
f 1743 1752 1751
f 1556 1560 1555
f 2311 2312 2309
f 3796 3802 3803
f 3048 3051 3040
f 1560 1557 1555
f 2311 2313 2312
f 1751 1752 1822
f 499 458 460
f 3051 3042 3040
f 460 458 454
f 3796 3800 3802
f 1561 1611 1559
f 5099 5093 5096
f 5096 5093 5089
f 5095 5089 5086
f 5386 5344 5345
f 5358 5352 5359
f 3794 3795 3797
f 1728 1743 1726
f 3794 3789 3795
f 3795 3789 3796
f 2319 2324 2298
f 1565 1560 1556
f 3789 3800 3796
f 5079 5078 5074
f 1557 1560 1561
f 1833 1832 1834
f 1832 1835 1834
f 5399 5384 5385
f 4400 4399 4418
f 1583 1590 1582
f 5350 5359 5352
f 1725 1794 1727
f 1586 1580 1582
f 1727 1728 1726
f 1725 1727 1726
f 3788 3787 3789
f 3788 3789 3794
f 1572 1566 1556
f 1572 1556 1580
f 2309 2312 2320
f 2309 2320 2319
f 1566 1565 1556
f 3787 3804 3800
f 3787 3800 3789
f 1560 1575 1561
f 5082 5083 5079
f 1561 1575 1611
f 5335 5333 5334
f 3793 3788 3794
f 1572 1580 1586
f 3045 3039 3047
f 1569 1566 1584
f 451 450 515
f 1569 1606 1567
f 1569 1567 1566
f 1566 1567 1565
f 443 450 451
f 1752 1753 1822
f 1565 1571 1560
f 5079 5080 5078
f 1560 1571 1575
f 1839 1826 1837
f 1826 1833 1837
f 1832 1836 1835
f 5093 5091 5089
f 5399 5400 5384
f 5386 5343 5344
f 1582 1590 1586
f 3793 3791 3788
f 1588 1602 1585
f 1588 1585 1572
f 1588 1572 1586
f 1727 1729 1728
f 1584 1566 1585
f 3791 3786 3788
f 1728 1729 1743
f 814 784 786
f 3807 3782 3779
f 3786 3787 3788
f 448 450 443
f 447 448 443
f 454 449 447
f 3779 3780 3807
f 3780 3806 3807
f 1567 1570 1565
f 1565 1570 1571
f 5079 5083 5080
f 3805 3804 3787
f 1606 1604 1567
f 1604 1570 1567
f 2025 2031 2032
f 1833 1826 1829
f 1829 1832 1833
f 3049 3050 3043
f 1571 1612 1575
f 5082 5085 5083
f 1575 1623 1611
f 5086 5085 5082
f 5099 5103 5100
f 5089 5088 5086
f 5099 5091 5093
f 5399 5402 5400
f 5386 5383 5343
f 1590 1588 1586
f 3808 3801 3778
f 3785 3791 3793
f 3046 3053 3054
f 3776 3771 3770
f 1584 1585 1589
f 3792 3786 3791
f 3808 3777 3782
f 3808 3782 3801
f 6138 6133 6141
f 515 450 516
f 2323 2322 2312
f 2312 2322 2320
f 1743 1732 1753
f 3801 3790 3786
f 1743 1753 1752
f 3790 3787 3786
f 1753 1821 1822
f 3775 3780 3779
f 499 463 458
f 5083 5084 5080
f 458 449 454
f 3780 3805 3806
f 1570 1612 1571
f 1829 1831 1832
f 1832 1831 1836
f 5088 5085 5086
f 5099 5100 5091
f 5091 5088 5089
f 3781 3770 3778
f 3781 3778 3783
f 1816 1795 1794
f 3770 3772 3777
f 3770 3777 3778
f 3778 3777 3808
f 5317 5355 5360
f 5340 5329 5367
f 15 16 17
f 3770 3771 3772
f 6144 6145 6146
f 3785 3792 3791
f 3771 3773 3772
f 3777 3774 3782
f 1729 1732 1743
f 3792 3801 3786
f 6138 6131 6133
f 3771 3774 3773
f 772 729 778
f 3771 3775 3774
f 3774 3779 3782
f 3775 3779 3774
f 449 448 447
f 1838 1826 1839
f 1604 1613 1570
f 1613 1612 1570
f 3043 3050 3055
f 2025 2027 2031
f 1575 1612 1623
f 5091 5092 5088
f 6138 6126 6125
f 4791 4793 4795
f 5648 5647 5650
f 5317 5312 5320
f 1727 1795 1730
f 5846 5847 5848
f 1727 1730 1729
f 6147 6148 6149
f 5821 5822 5823
f 3773 3774 3777
f 6132 6134 6133
f 6131 6132 6133
f 1843 1842 1838
f 463 459 458
f 1838 1830 1826
f 5087 5084 5083
f 1826 1828 1829
f 1829 1828 1831
f 284 251 278
f 278 237 294
f 2025 2026 2027
f 294 237 295
f 5383 5377 5343
f 5368 5367 5321
f 5321 5367 5329
f 6125 6123 6143
f 4791 4792 4793
f 4792 4794 4793
f 6143 6123 6139
f 6139 6123 6116
f 6139 6116 6135
f 6116 6118 6122
f 6135 6116 6122
f 729 774 778
f 6118 6130 6122
f 771 729 772
f 1842 1841 1838
f 1838 1841 1830
f 1821 1753 1820
f 495 462 463
f 463 462 459
f 458 459 449
f 1830 1840 1827
f 1826 1827 1828
f 5083 5085 5087
f 251 237 278
f 2024 2022 2025
f 250 251 284
f 5103 5102 5100
f 5100 5102 5094
f 5094 5091 5100
f 5091 5094 5092
f 5331 5333 5341
f 5317 5321 5313
f 6126 6124 6125
f 6125 6124 6123
f 5319 5320 5312
f 1730 1731 1729
f 729 731 774
f 1729 1731 1732
f 6131 6130 6132
f 6130 6140 6132
f 6132 6140 6134
f 1841 1844 1840
f 2021 2022 2024
f 251 236 237
f 5088 5090 5085
f 2022 2026 2025
f 234 233 250
f 2026 2028 2027
f 5377 5346 5343
f 5323 5321 5326
f 5326 5329 5328
f 6124 6119 6123
f 6123 6119 6116
f 1730 1733 1731
f 6117 6120 6118
f 6116 6117 6118
f 725 731 729
f 6118 6120 6121
f 1732 1746 1753
f 1518 1517 1523
f 1753 1818 1820
f 5090 5087 5085
f 2019 2020 2021
f 237 238 295
f 2020 2022 2021
f 250 236 251
f 5088 5092 5090
f 5102 5101 5094
f 5094 5101 5098
f 5094 5098 5092
f 2022 2029 2028
f 2022 2028 2026
f 221 233 234
f 4379 4382 4389
f 5313 5300 5312
f 1814 1791 1795
f 1795 1791 1730
f 1791 1733 1730
f 1731 1735 1732
f 2044 2034 2035
f 1519 1516 1518
f 448 452 450
f 1518 1516 1517
f 2035 2034 2030
f 1746 1818 1753
f 495 494 462
f 806 800 802
f 853 851 808
f 5092 5098 5090
f 5514 5515 5516
f 250 220 236
f 2020 2023 2022
f 221 220 233
f 219 220 221
f 4376 4377 4391
f 848 789 850
f 5322 5321 5323
f 6124 6127 6119
f 6127 6136 6119
f 6119 6136 6117
f 2045 2050 2042
f 2042 2044 2045
f 1732 1735 1746
f 448 453 452
f 449 453 448
f 2034 2013 2030
f 2013 2018 2030
f 1493 1496 1516
f 1516 1496 1517
f 459 456 449
f 2013 2014 2018
f 2014 2019 2018
f 237 230 238
f 236 230 237
f 2020 2039 2033
f 2020 2033 2023
f 2023 2029 2022
f 5381 5373 5346
f 6128 6127 6124
f 5311 5176 5316
f 2619 2620 2631
f 725 726 730
f 1522 1520 1519
f 1520 1516 1519
f 1520 1494 1516
f 1494 1493 1516
f 462 461 459
f 461 456 459
f 449 456 453
f 1494 1492 1493
f 1180 1173 1169
f 1493 1490 1496
f 230 240 238
f 808 804 807
f 2014 2020 2019
f 220 230 236
f 2048 2049 2039
f 2048 2039 2014
f 2014 2039 2020
f 2617 2614 2618
f 2618 2614 2619
f 2618 2619 2632
f 5314 5306 5315
f 5176 5311 5171
f 2614 2620 2619
f 2619 2631 2632
f 2051 2046 2050
f 2627 2620 2630
f 1733 1734 1731
f 2046 2042 2050
f 1731 1734 1735
f 2627 2628 2620
f 2620 2628 2629
f 2040 2034 2042
f 1521 1520 1522
f 2040 2037 2034
f 2037 2016 2034
f 2034 2016 2013
f 462 494 461
f 1490 1493 1492
f 238 240 241
f 1490 1525 1496
f 2013 1999 2014
f 4516 4514 4513
f 1999 2048 2014
f 222 218 219
f 219 217 220
f 229 228 227
f 227 228 224
f 227 224 225
f 1733 1792 1734
f 2614 2630 2620
f 1734 1736 1735
f 2040 2042 2046
f 2626 2628 2627
f 1735 1747 1746
f 1521 1498 1520
f 1746 1755 1818
f 1498 1494 1520
f 496 497 494
f 456 464 453
f 1494 1495 1492
f 810 734 809
f 230 235 240
f 1491 1488 1490
f 1490 1488 1489
f 1489 1499 1490
f 220 223 230
f 218 217 219
f 2615 2614 2617
f 2613 2614 2615
f 1017 1003 1015
f 2613 2622 2614
f 2614 2622 2630
f 2041 2040 2046
f 2054 2036 2043
f 2043 2036 2041
f 2054 2055 2036
f 2036 2037 2041
f 2041 2037 2040
f 1735 1736 1747
f 517 452 520
f 3186 3179 3181
f 2055 2056 2036
f 1747 1755 1746
f 2056 2038 2036
f 2036 2016 2037
f 1495 1494 1498
f 464 467 453
f 1492 1491 1490
f 230 223 235
f 217 223 220
f 4514 4517 4515
f 229 253 228
f 228 253 224
f 224 216 218
f 6257 6185 6258
f 5195 5199 5174
f 5174 5199 5198
f 6257 6181 6185
f 2622 2623 2630
f 2047 2041 2046
f 6257 6182 6181
f 2053 2052 2047
f 2623 2626 2627
f 2052 2043 2047
f 2047 2043 2041
f 2623 2625 2626
f 452 467 523
f 734 735 728
f 3181 3182 3188
f 2038 2017 2036
f 2036 2017 2016
f 2038 2007 2017
f 2003 2013 2016
f 1495 1497 1492
f 1497 1491 1492
f 1491 1464 1488
f 2013 2003 1999
f 1489 1501 1499
f 1501 1489 1500
f 6327 6323 6326
f 6323 6325 6326
f 6323 6324 6325
f 2616 2613 2615
f 5159 5197 5196
f 1792 1793 1737
f 1792 1737 1734
f 2616 2621 2613
f 5196 5199 5195
f 5195 5174 5193
f 2621 2622 2613
f 5197 5199 5196
f 2621 2623 2622
f 1734 1737 1736
f 6185 6181 6183
f 6187 6189 6246
f 2621 2624 2623
f 3189 3174 3171
f 2624 2625 2623
f 6187 6188 6189
f 3179 3180 3181
f 6178 6177 6179
f 3181 3180 3182
f 6176 6177 6178
f 810 741 734
f 464 489 467
f 3188 3182 3184
f 2017 2003 2016
f 461 465 456
f 456 465 464
f 2017 2007 2003
f 235 255 240
f 1497 1464 1491
f 1464 1466 1488
f 1488 1466 1489
f 2003 2000 1999
f 1999 2000 2001
f 1489 1466 1500
f 216 217 218
f 5303 5309 5302
f 5302 5310 5298
f 4412 4390 4417
f 5159 5196 5194
f 5159 5194 5157
f 6347 6348 6349
f 5157 5194 5193
f 6347 6350 6348
f 3176 3174 3189
f 6248 6185 6186
f 6187 6247 6186
f 6332 6328 6331
f 6185 6183 6184
f 6185 6184 6186
f 6187 6186 6184
f 3171 3172 3173
f 6181 6180 6183
f 6184 6188 6187
f 3171 3173 3179
f 3173 3180 3179
f 6181 6179 6180
f 6188 6190 6189
f 1747 1748 1755
f 497 498 494
f 494 498 461
f 2007 2005 2003
f 2001 2000 2002
f 217 226 223
f 1503 1502 1500
f 1500 1502 1501
f 4385 4403 4392
f 3176 3177 3175
f 3176 3175 3174
f 5157 5174 5158
f 6246 6234 6229
f 6320 6321 6322
f 3174 3175 3172
f 6331 6330 6334
f 6331 6328 6330
f 6330 6336 6334
f 6330 6337 6336
f 6328 6329 6330
f 6330 6333 6337
f 1736 1748 1747
f 6183 6180 6184
f 6184 6265 6188
f 6330 6329 6333
f 6265 6261 6188
f 6188 6191 6190
f 6177 6173 6179
f 6179 6173 6180
f 3182 3180 3183
f 6177 6176 6173
f 498 466 461
f 461 466 465
f 6171 6163 6176
f 3182 3183 3184
f 1497 1487 1467
f 1497 1467 1464
f 2005 2004 2003
f 296 285 288
f 285 256 288
f 2003 2004 2000
f 226 235 223
f 232 213 224
f 253 232 224
f 224 213 216
f 1503 1505 1502
f 6231 6232 6230
f 6248 6247 6237
f 6231 6237 6232
f 6230 6232 6229
f 5185 5159 5164
f 5305 5304 5175
f 6232 6237 6247
f 3177 3178 3175
f 6229 6234 6233
f 6335 6331 6334
f 1737 1738 1736
f 6200 6199 6201
f 6202 6200 6201
f 6201 6199 6203
f 6204 6206 6208
f 6200 6198 6199
f 6208 6206 6209
f 1736 1738 1741
f 1736 1741 1748
f 6198 6194 6199
f 6184 6180 6265
f 6198 6197 6194
f 6206 6241 6210
f 6209 6206 6210
f 6197 6190 6194
f 6180 6174 6265
f 6191 6192 6190
f 6180 6173 6174
f 6162 6173 6176
f 465 466 525
f 6165 6163 6171
f 6163 6162 6176
f 1464 1465 1466
f 2004 2011 2000
f 1466 1504 1500
f 1504 1503 1500
f 1504 1506 1503
f 1506 1505 1503
f 6354 6355 6356
f 6308 6248 6307
f 6248 6237 6307
f 5156 5158 5162
f 6229 6233 6226
f 1793 1817 1740
f 6335 6334 6338
f 1793 1740 1737
f 6338 6334 6339
f 6240 6201 6205
f 6205 6201 6204
f 6201 6203 6204
f 6203 6206 6204
f 6199 6194 6242
f 6203 6241 6206
f 6199 6242 6203
f 6203 6242 6241
f 1484 1478 1485
f 6190 6192 6193
f 3180 3185 3183
f 741 770 744
f 6261 6259 6188
f 6188 6259 6191
f 6259 6192 6191
f 3183 3185 3187
f 1487 1468 1467
f 811 770 741
f 1467 1465 1464
f 226 242 235
f 2008 2006 2005
f 2005 2006 2004
f 1465 1504 1466
f 216 215 217
f 6351 6352 6353
f 6259 6260 6245
f 1875 1872 1877
f 1506 1507 1505
f 6245 6250 6249
f 6354 6357 6355
f 6357 6358 6355
f 4395 4421 4422
f 4395 4422 4427
f 6231 6230 6228
f 6230 6229 6228
f 5477 5478 5479
f 5156 5162 5160
f 6228 6229 6226
f 1817 1811 1740
f 6212 6207 6211
f 6346 6340 6342
f 6340 6341 6342
f 6205 6204 6207
f 6207 6204 6211
f 1737 1740 1739
f 1738 1739 1741
f 1741 1749 1748
f 1486 1475 1477
f 1748 1749 1755
f 1755 1749 1823
f 6265 6262 6261
f 6190 6193 6194
f 6316 6317 6318
f 1467 1468 1465
f 6261 6262 6259
f 6163 6161 6162
f 217 215 226
f 6259 6245 6192
f 1465 1509 1504
f 2004 2057 2011
f 246 211 232
f 232 211 213
f 216 213 215
f 1878 1874 1875
f 6318 6317 6319
f 6262 6263 6259
f 6245 6249 6244
f 2006 2012 2004
f 2004 2012 2057
f 1509 1506 1504
f 1875 1874 1872
f 6250 6251 6249
f 6251 6255 6249
f 6303 6302 6304
f 98 116 120
f 4440 4436 4438
f 6223 6225 6236
f 6344 6343 6345
f 6226 6240 6225
f 6344 6342 6343
f 6342 6341 6343
f 1737 1739 1738
f 1477 1473 1478
f 1477 1478 1484
f 1475 1473 1477
f 1749 1824 1823
f 6194 6193 6195
f 498 529 466
f 6174 6175 6265
f 6174 6172 6175
f 226 243 242
f 6162 6172 6173
f 6243 6193 6244
f 1465 1469 1509
f 249 175 256
f 2008 2009 2006
f 6161 6157 6162
f 6162 6157 6172
f 2006 2010 2012
f 2012 2015 2057
f 2057 2015 2011
f 248 211 246
f 1507 1512 1505
f 6357 6359 6358
f 299 298 300
f 298 302 300
f 6301 6302 6300
f 6300 6302 6303
f 4394 4386 4384
f 4427 4422 4436
f 98 84 116
f 4422 4438 4436
f 6228 6226 6227
f 6224 6226 6225
f 4396 4397 4420
f 6214 6207 6213
f 6289 6286 6290
f 6289 6285 6286
f 6285 6283 6286
f 1740 1811 1810
f 1810 1739 1740
f 770 747 744
f 1478 1470 1468
f 1824 1825 1823
f 6193 6243 6195
f 6195 6243 6196
f 1468 1469 1465
f 215 243 226
f 526 525 466
f 6165 6164 6163
f 6163 6164 6161
f 6312 6314 6315
f 2006 2009 2010
f 6312 6313 6314
f 2010 2015 2012
f 6157 6267 6172
f 6157 6155 6267
f 6267 6155 6160
f 1509 1508 1506
f 1506 1508 1507
f 1874 1870 1872
f 297 299 315
f 297 298 299
f 147 137 128
f 297 301 298
f 301 304 298
f 6297 6298 6299
f 6297 6296 6298
f 6298 6301 6300
f 6299 6298 6300
f 304 302 298
f 304 305 302
f 304 307 305
f 116 84 63
f 58 116 63
f 4397 4396 4386
f 6222 6224 6223
f 6291 6286 6292
f 6292 6286 6288
f 6224 6225 6223
f 6286 6287 6288
f 6290 6286 6291
f 6286 6283 6287
f 2357 2356 2376
f 6285 6280 6283
f 6283 6280 6282
f 6281 6280 6285
f 6280 6278 6282
f 6278 6293 6282
f 6281 6279 6280
f 6280 6279 6278
f 6293 6278 6277
f 6279 6275 6278
f 6278 6275 6277
f 6277 6275 6276
f 1473 1470 1478
f 6275 6273 6272
f 6275 6272 6276
f 529 526 466
f 1468 1470 1469
f 215 214 243
f 6273 6271 6272
f 6272 6271 6270
f 6272 6270 6274
f 6270 6169 6274
f 6165 6166 6164
f 249 206 175
f 248 193 211
f 6271 6269 6270
f 6270 6269 6169
f 178 193 194
f 6155 6158 6160
f 6161 6266 6156
f 6161 6156 6157
f 6156 6153 6157
f 6157 6153 6155
f 6256 6253 6252
f 6252 6251 6250
f 6252 6253 6251
f 1643 1644 1642
f 316 303 297
f 303 301 297
f 25 28 24
f 301 306 304
f 29 31 25
f 31 36 25
f 6295 6296 6297
f 6292 6295 6305
f 6295 6288 6296
f 6295 6292 6288
f 307 308 305
f 6235 6224 6222
f 2369 2359 2348
f 2357 2348 2347
f 2357 2347 2356
f 6284 6275 6279
f 6284 6294 6275
f 6294 6273 6275
f 6276 6272 6306
f 213 212 214
f 213 214 215
f 6306 6169 6167
f 6167 6166 6165
f 2860 2856 2859
f 6167 6169 6166
f 178 177 193
f 177 179 193
f 6269 6268 6169
f 6169 6268 6168
f 6169 6168 6166
f 6168 6164 6166
f 2859 2856 2855
f 6168 6268 6170
f 6168 6170 6164
f 6161 6164 6266
f 6150 6158 6155
f 5942 5928 5986
f 6164 6170 6266
f 1507 1510 1513
f 1507 1513 1512
f 1513 1515 1512
f 6153 6151 6155
f 6156 6154 6153
f 6153 6154 6152
f 6153 6152 6151
f 6251 6254 6255
f 6251 6253 6254
f 1637 1644 1640
f 317 303 316
f 303 309 306
f 306 301 303
f 306 311 307
f 306 307 304
f 84 81 63
f 6235 6222 6220
f 4096 4097 4098
f 6222 6221 6220
f 6220 6221 6218
f 5191 5190 5189
f 2359 2345 2348
f 2345 2347 2348
f 2356 2347 2349
f 740 759 761
f 1475 1474 1473
f 1469 1470 1471
f 206 174 175
f 175 173 176
f 175 176 178
f 211 212 213
f 178 176 177
f 193 179 211
f 211 179 210
f 5935 5933 5934
f 5935 5936 5933
f 5934 5933 5932
f 5933 5931 5932
f 2855 2856 2857
f 5932 5931 5928
f 5932 5928 5942
f 5899 5898 5916
f 5986 5899 5916
f 6155 6151 6150
f 5916 5898 5897
f 1870 1871 1872
f 1872 1871 1873
f 1639 1643 1641
f 1641 1643 1642
f 1640 1644 1639
f 1639 1644 1643
f 1449 1442 1441
f 309 310 306
f 310 314 306
f 306 314 312
f 306 312 311
f 33 35 34
f 6220 6218 6219
f 2375 2374 2369
f 6217 6216 6215
f 2374 2358 2359
f 2359 2358 2345
f 5366 5378 5202
f 2356 2349 2352
f 2352 2353 2354
f 747 745 742
f 2354 2370 2371
f 214 258 243
f 5937 5936 5935
f 1474 1472 1473
f 1470 1472 1471
f 174 173 175
f 6150 6159 6158
f 5928 5899 5986
f 5908 5896 5906
f 1508 1511 1510
f 1508 1510 1507
f 1871 1876 1873
f 312 313 311
f 2347 2346 2349
f 2349 2350 2351
f 2349 2351 2352
f 2352 2351 2353
f 758 749 745
f 2371 2370 2372
f 5940 5939 5937
f 1474 1476 1472
f 173 170 176
f 177 170 179
f 5896 5895 5906
f 1510 1514 1513
f 1513 1514 1515
f 1871 1879 1876
f 714 716 712
f 1442 1433 1441
f 1433 1440 1441
f 2374 2375 2358
f 2345 2346 2347
f 2349 2346 2350
f 2353 2355 2354
f 2354 2355 2370
f 5939 5938 5937
f 5937 5938 5936
f 212 239 214
f 1474 1483 1476
f 5938 5941 5936
f 176 170 177
f 210 212 211
f 5936 5941 5933
f 5933 5941 5931
f 5931 5917 5928
f 5928 5917 5899
f 5917 5894 5899
f 5894 5895 5896
f 716 714 718
f 713 719 714
f 1637 1640 1639
f 1453 1446 1442
f 21 22 23
f 1440 1433 1439
f 4153 4154 4155
f 2358 2346 2345
f 2353 2351 2361
f 2353 2360 2355
f 2355 2373 2370
f 2370 2373 2372
f 1472 1479 1471
f 1476 1479 1472
f 173 164 170
f 170 159 179
f 159 210 179
f 2856 2858 2857
f 6021 6019 6018
f 6018 6019 6020
f 5895 5914 5906
f 5906 5948 5950
f 4785 4783 4782
f 721 714 719
f 1514 1524 1515
f 1453 1455 1446
f 2368 2362 2346
f 2346 2362 2350
f 2361 2360 2353
f 752 749 758
f 239 259 214
f 203 167 174
f 174 167 173
f 173 167 164
f 212 231 239
f 210 231 212
f 3883 3888 3897
f 3888 3890 3898
f 5894 5877 5895
f 2229 2227 2230
f 6510 6512 6513
f 1655 1651 1650
f 1650 1653 1654
f 6510 6511 6512
f 6519 6522 6523
f 1652 1653 1650
f 1653 1658 1654
f 1655 1656 1651
f 1650 1651 1652
f 6511 6515 6512
f 6519 6518 6521
f 1656 1657 1651
f 6516 6518 6519
f 1433 1438 1439
f 1439 1438 1452
f 2368 2367 2362
f 2362 2363 2350
f 4462 4463 4465
f 1326 1320 1322
f 1320 1321 1322
f 4461 4458 4462
f 4462 4464 4461
f 4462 4458 4463
f 1322 1321 1323
f 749 748 745
f 1321 1324 1323
f 1323 1327 1328
f 4461 4459 4458
f 4458 4459 4460
f 6487 6488 6489
f 1324 1327 1323
f 5924 5922 5923
f 1321 1325 1324
f 5923 5922 5913
f 1471 1479 1480
f 2231 2223 2229
f 5914 5946 5906
f 5906 5946 5948
f 6571 6569 6570
f 6570 6569 6568
f 6569 6567 6568
f 6568 6567 6566
f 1898 1897 1895
f 1884 1885 1888
f 1897 1894 1895
f 6073 6030 6038
f 1326 1322 1332
f 1332 1322 1331
f 2363 2366 2350
f 1340 1320 1326
f 1322 1330 1331
f 1331 1330 1329
f 1330 1323 1329
f 5943 5929 5924
f 5924 5929 5925
f 1339 1333 1320
f 5924 5925 5922
f 1333 1321 1320
f 1327 1335 1336
f 1337 1338 1321
f 1333 1337 1321
f 1321 1338 1325
f 1324 1335 1327
f 1325 1334 1324
f 1324 1334 1335
f 5489 5485 5487
f 5484 5485 5489
f 5913 5922 5882
f 5913 5882 5909
f 5909 5882 5891
f 164 166 170
f 1483 1482 1476
f 275 274 205
f 1272 1294 1293
f 6514 6510 6513
f 5895 5877 5914
f 5948 5949 5951
f 4789 4790 4788
f 6567 6564 6566
f 1885 1887 1888
f 1894 1881 1895
f 1881 1883 1884
f 6566 6564 6565
f 6517 6520 6518
f 6516 6517 6518
f 1438 1451 1452
f 2364 2363 2362
f 1341 1326 1332
f 5056 5053 5055
f 5056 5055 5057
f 1340 1339 1320
f 4733 4732 4731
f 1403 1390 1394
f 1394 1390 1392
f 1375 1374 1396
f 1403 1415 1390
f 1396 1374 1385
f 4731 4732 4729
f 5925 5926 5922
f 4731 4729 4728
f 1325 1338 1334
f 3759 3765 3769
f 5891 5879 5915
f 159 231 210
f 5915 5879 5912
f 1482 1481 1476
f 1476 1481 1479
f 170 166 159
f 4682 4676 4660
f 5894 5878 5877
f 6557 6552 6569
f 5948 5946 5949
f 5951 5949 5954
f 6555 6563 6567
f 6555 6567 6569
f 5951 5954 6000
f 6563 6564 6567
f 4471 4468 4467
f 1884 1883 1885
f 6030 6027 6038
f 6038 6026 6071
f 2367 2365 2362
f 2362 2365 2364
f 4082 4073 4081
f 4081 4073 4066
f 5067 5062 5059
f 1342 1340 1341
f 5059 5060 5061
f 5058 5053 5056
f 1394 1392 1404
f 1392 1393 1404
f 5063 5066 5065
f 5065 5064 5063
f 5062 5063 5060
f 5063 5064 5060
f 5062 5060 5059
f 5053 5054 5055
f 4066 4067 4068
f 1392 1391 1393
f 4067 4069 4068
f 4743 4742 4744
f 4743 4744 4745
f 4740 4746 4742
f 3962 3963 3964
f 3964 3963 3965
f 4744 4742 4747
f 3967 3966 3962
f 1375 1373 1374
f 1391 1390 1389
f 5791 5792 5788
f 5791 5788 5790
f 1388 1371 1389
f 1390 1388 1389
f 1388 1370 1371
f 4728 4729 4730
f 3768 3767 3763
f 3767 3762 3763
f 3762 3760 3759
f 3763 3762 3759
f 3759 3760 3761
f 3759 3761 3765
f 5891 5882 5879
f 6572 6557 6571
f 202 201 203
f 203 201 167
f 159 209 231
f 274 200 205
f 200 202 205
f 5879 5878 5912
f 5946 5952 5949
f 1278 1275 1273
f 3105 3100 3104
f 1891 1893 1894
f 1894 1893 1881
f 6564 6562 6565
f 6503 6502 6501
f 1455 1454 1446
f 1446 1431 1442
f 1442 1431 1433
f 6038 6027 6026
f 4082 4080 4073
f 4073 4074 4066
f 4075 4067 4074
f 4074 4067 4066
f 5064 5068 5060
f 5451 5452 5453
f 3743 3742 3745
f 4741 4742 4743
f 3963 3968 3965
f 3962 3966 3963
f 5786 5787 5788
f 1373 1366 1374
f 1374 1366 1385
f 1373 1365 1366
f 5788 5787 5790
f 5790 5787 5793
f 5926 5927 5922
f 3762 3764 3760
f 5882 5881 5879
f 6544 6545 6546
f 6573 6557 6572
f 164 150 166
f 6573 6574 6557
f 4661 4662 4666
f 6557 6574 6553
f 5914 5947 5946
f 6552 6554 6555
f 5949 5952 5954
f 3098 3099 3100
f 6555 6556 6563
f 3099 3103 3104
f 3099 3104 3100
f 6563 6556 6564
f 6564 6556 6562
f 1881 1880 1883
f 1893 1889 1881
f 1893 1891 1882
f 1454 1445 1446
f 1446 1445 1431
f 5180 5169 5170
f 4080 4072 4073
f 4071 4074 4073
f 2244 2245 2243
f 5794 5789 5786
f 5786 5789 5787
f 1365 1363 1366
f 1385 1366 1386
f 1365 1364 1363
f 2261 2263 2268
f 1371 1370 1368
f 5927 5882 5922
f 1370 1369 1368
f 3760 3764 3766
f 231 254 239
f 4659 4661 4666
f 200 201 202
f 5877 5869 5978
f 5877 5958 5914
f 5914 5958 5947
f 3101 3102 3099
f 3101 3099 3098
f 3102 3103 3099
f 6499 6500 6501
f 1891 1883 1880
f 6031 6028 6030
f 6030 6028 6027
f 6026 6046 6071
f 4076 4072 4080
f 4072 4071 4073
f 2260 2261 2251
f 2260 2262 2261
f 1366 1363 1367
f 1366 1367 1386
f 5983 5927 5926
f 2262 2263 2261
f 1364 1362 1363
f 259 254 279
f 5480 5481 5482
f 1384 1387 1369
f 5881 5880 5879
f 150 152 159
f 166 150 159
f 1409 1387 1410
f 200 199 201
f 5879 5868 5878
f 4660 4655 4659
f 5878 5868 5877
f 4676 4655 4660
f 5978 5958 5877
f 6543 6541 6540
f 6559 6558 6554
f 6554 6558 6556
f 6526 6529 6528
f 1885 1886 1887
f 1892 1890 1891
f 1891 1890 1883
f 1883 1886 1885
f 1433 1434 1438
f 1438 1450 1451
f 4076 4077 4070
f 4076 4070 4072
f 2235 2246 2244
f 4070 4071 4072
f 2248 2247 2235
f 2235 2247 2246
f 2248 2251 2247
f 2264 2262 2260
f 2265 2262 2264
f 1362 1355 1363
f 5927 5981 5882
f 2265 2263 2262
f 1369 1358 1368
f 1368 1358 1361
f 1361 1356 1362
f 1362 1356 1355
f 1361 1358 1356
f 2265 2267 2263
f 1862 1855 1861
f 1387 1409 1369
f 201 165 167
f 167 165 164
f 159 152 209
f 5879 5880 5868
f 4655 4654 4659
f 1861 1855 1860
f 5868 5869 5877
f 1860 1855 1856
f 6559 6560 6558
f 3300 3303 3301
f 3300 3301 3302
f 5831 5833 5834
f 5831 5832 5833
f 1629 1634 1633
f 1434 1450 1438
f 2236 2235 2242
f 4079 4070 4077
f 2259 2260 2251
f 2464 2466 2472
f 2466 2467 2470
f 5983 5982 5927
f 1355 1372 1363
f 5927 5982 5981
f 5882 5883 5881
f 4862 4864 4863
f 1356 1352 1355
f 164 153 150
f 3559 3555 3556
f 1369 1376 1358
f 1376 1360 1358
f 1358 1360 1359
f 5947 5953 5946
f 1855 1853 1856
f 1883 1890 1886
f 1853 1854 1856
f 1433 1432 1434
f 6031 6037 6028
f 2464 2465 2466
f 2466 2465 2467
f 1363 1372 1367
f 1367 1372 1377
f 1377 1379 1402
f 5009 5010 5011
f 1355 1354 1372
f 3558 3555 3559
f 153 151 150
f 1355 1352 1354
f 5880 5907 5868
f 3555 3551 3556
f 1360 1405 1359
f 1358 1357 1356
f 1356 1357 1352
f 200 197 199
f 1358 1359 1357
f 1850 1853 1855
f 5970 5971 5972
f 5852 5853 5854
f 1445 1444 1431
f 1431 1432 1433
f 6027 6023 6026
f 6026 6025 6044
f 2255 2237 2254
f 2254 2237 2253
f 2253 2237 2234
f 2238 2241 2240
f 2240 2241 2250
f 2255 2249 2237
f 2248 2258 2257
f 2474 2473 2464
f 2464 2469 2465
f 1372 1378 1377
f 1377 1378 1379
f 150 151 152
f 165 153 164
f 3555 3549 3551
f 4570 4571 4572
f 1360 1406 1405
f 1359 1350 1357
f 1357 1346 1352
f 1352 1353 1354
f 4676 4677 4655
f 5947 5955 5953
f 5953 5955 5957
f 1853 1846 1851
f 1853 1851 1854
f 2234 2238 2239
f 2239 2238 2240
f 2266 2258 2252
f 2255 2266 2252
f 2255 2252 2249
f 2258 2248 2252
f 2485 2477 2474
f 2473 2469 2464
f 2468 2467 2465
f 209 257 254
f 2467 2468 2471
f 5882 5920 5883
f 1379 1398 1399
f 18 19 20
f 1378 1380 1379
f 1379 1380 1398
f 1372 1354 1378
f 3558 3550 3555
f 1354 1353 1378
f 4654 4658 4661
f 4661 4658 4662
f 4662 4658 4667
f 199 196 201
f 3555 3550 3549
f 3549 3546 3551
f 1350 1343 1357
f 1357 1343 1346
f 1346 1351 1352
f 1352 1351 1353
f 6007 6008 6009
f 5955 5956 5957
f 5956 5966 5957
f 5957 5966 5968
f 5968 5973 5971
f 1853 1850 1846
f 1854 1851 1869
f 1444 1435 1431
f 1431 1435 1432
f 6013 6017 6014
f 6012 6013 6014
f 6016 6015 6012
f 5881 5907 5880
f 152 156 209
f 1380 1407 1398
f 1378 1381 1380
f 199 197 196
f 165 196 153
f 1381 1382 1380
f 4752 4749 4756
f 1380 1382 1383
f 1406 1413 1412
f 1406 1412 1405
f 1405 1400 1359
f 1400 1401 1350
f 1359 1400 1350
f 4752 4762 4754
f 5947 5956 5955
f 1351 1346 1348
f 4758 4754 4762
f 5956 5967 5966
f 5966 5976 5968
f 5968 5976 5974
f 5968 5974 5973
f 1434 1437 1450
f 6027 6028 6023
f 3944 3948 3949
f 663 618 658
f 2465 2469 2475
f 209 180 257
f 5881 5883 5884
f 5881 5884 5907
f 1407 1408 1398
f 5636 5635 5638
f 3550 3547 3549
f 4752 4750 4749
f 5868 5863 5869
f 5869 5863 5978
f 1405 1412 1400
f 6009 6008 6010
f 1850 1849 1846
f 1343 1345 1346
f 4144 4137 4139
f 1350 1344 1343
f 1343 1344 1345
f 1345 1347 1346
f 1345 1395 1347
f 4759 4755 4758
f 4758 4755 4754
f 4139 4138 4140
f 4140 4138 4133
f 1344 1349 1345
f 1346 1347 1348
f 1344 1397 1349
f 1848 1852 1851
f 1846 1848 1851
f 4568 4567 4566
f 1448 1435 1444
f 663 658 673
f 2485 2487 2486
f 2473 2478 2469
f 617 592 564
f 257 273 289
f 2465 2475 2476
f 2465 2476 2468
f 180 273 257
f 2468 2476 2479
f 156 180 209
f 2468 2479 2471
f 152 151 156
f 4655 4646 4654
f 4654 4651 4658
f 4658 4657 4667
f 4753 4750 4752
f 4752 4754 4753
f 1849 1847 1846
f 4755 4753 4754
f 1401 1414 1350
f 4759 4760 4755
f 1350 1414 1344
f 1349 1395 1345
f 4142 4141 4138
f 4138 4141 4133
f 4133 4141 4134
f 4133 4134 4135
f 1395 1411 1347
f 2722 2697 2708
f 376 378 379
f 1846 1847 1848
f 1344 1414 1397
f 1629 1625 1645
f 1456 1457 1444
f 1444 1457 1448
f 1432 1436 1434
f 1434 1436 1437
f 673 658 670
f 2477 2480 2478
f 2477 2478 2473
f 5920 5886 5883
f 3552 3547 3550
f 196 195 153
f 3549 3547 3543
f 3549 3543 3546
f 4680 4678 4677
f 6008 6011 6010
f 2643 2642 2645
f 2707 2701 2725
f 2645 2642 2644
f 2722 2705 2697
f 382 380 381
f 381 380 376
f 379 383 391
f 5209 5439 5440
f 3946 3945 3944
f 6089 6090 6087
f 617 602 592
f 5920 5890 5886
f 5901 5889 5890
f 3599 3591 3603
f 4655 4678 4646
f 4646 4651 4654
f 197 195 196
f 2711 2702 2710
f 2702 2707 2710
f 5947 5977 5956
f 2705 2704 2693
f 4755 4763 4753
f 2643 2639 2642
f 2717 2718 2721
f 390 389 382
f 382 389 380
f 380 377 376
f 376 377 378
f 6028 6029 6023
f 658 612 657
f 2478 2481 2475
f 592 574 564
f 2476 2483 2479
f 4651 4645 4658
f 4658 4645 4657
f 195 154 153
f 197 198 195
f 4936 4937 4940
f 5863 5861 5978
f 3543 3545 3546
f 2707 2700 2701
f 2704 2701 2693
f 1849 1857 1847
f 2696 2718 2717
f 379 378 383
f 1852 1848 1859
f 1448 1447 1435
f 1432 1443 1436
f 6029 6070 6023
f 3945 3942 3944
f 3944 3939 3941
f 3140 3149 3141
f 2489 2488 2486
f 612 562 611
f 2480 2484 2478
f 2478 2484 2481
f 2481 2482 2475
f 602 574 592
f 2475 2482 2476
f 2476 2482 2483
f 5889 5886 5890
f 2479 2483 2490
f 153 154 151
f 195 244 154
f 3552 3548 3547
f 5868 5867 5863
f 197 207 198
f 3548 3544 3547
f 3547 3544 3543
f 3543 3544 3545
f 2716 2706 2712
f 2712 2706 2711
f 5978 5861 5872
f 2707 2702 2700
f 2693 2695 2696
f 2696 2719 2718
f 2639 2633 2642
f 1857 1858 1847
f 1847 1858 1848
f 5629 5630 5631
f 390 388 377
f 390 377 380
f 1457 1459 1448
f 1435 1447 1432
f 1443 1462 1436
f 670 658 665
f 657 612 640
f 562 561 611
f 562 558 561
f 564 559 560
f 574 559 564
f 5886 5885 5883
f 5883 5885 5884
f 156 163 180
f 151 155 156
f 198 245 195
f 195 245 244
f 2711 2706 2702
f 2701 2700 2693
f 2695 2720 2696
f 2696 2720 2719
f 1858 1859 1848
f 1432 1447 1443
f 3942 3939 3944
f 3939 3940 3941
f 2488 2491 2484
f 5902 5921 5889
f 5889 5921 5888
f 5889 5888 5886
f 273 180 247
f 6002 6004 6006
f 4924 4921 4942
f 4924 4942 4938
f 3593 3592 3597
f 5907 5870 5868
f 154 155 151
f 5868 5870 5867
f 4645 4614 4657
f 2769 2775 2777
f 207 208 198
f 2669 2666 2664
f 4680 4679 4678
f 3544 3553 3545
f 2766 2767 2768
f 2766 2768 2769
f 5872 5865 5977
f 2639 2638 2633
f 377 386 378
f 2635 2636 2640
f 388 387 377
f 1858 1863 1859
f 1859 1863 1852
f 1448 1459 1447
f 2401 2394 2396
f 665 657 640
f 3167 3151 3166
f 561 558 557
f 2484 2491 2481
f 604 603 574
f 2482 2492 2483
f 156 157 163
f 4917 4918 4924
f 4918 4921 4924
f 6002 6003 6004
f 156 155 157
f 2483 2494 2490
f 4651 4646 4645
f 3548 3554 3553
f 4679 4646 4678
f 3548 3553 3544
f 2706 2714 2703
f 2706 2703 2702
f 2703 2699 2702
f 2702 2699 2700
f 2769 2768 2775
f 2768 2774 2775
f 3196 3192 3191
f 2770 2771 2767
f 2770 2767 2766
f 5872 5862 5865
f 3196 3191 3197
f 2773 2767 2771
f 2773 2772 2767
f 2767 2772 2768
f 2768 2772 2774
f 5126 5128 5129
f 2638 2634 2633
f 5126 5127 5128
f 2633 2634 2635
f 384 385 383
f 386 384 378
f 378 384 383
f 377 387 386
f 2394 2390 2396
f 2396 2390 2395
f 643 640 611
f 611 557 613
f 558 556 557
f 4909 4930 4919
f 5921 5893 5888
f 5888 5887 5886
f 2483 2492 2494
f 2703 2714 2713
f 3545 3553 3557
f 5124 5125 5126
f 5126 5125 5127
f 3588 3587 3590
f 3611 3612 3613
f 1858 1865 1864
f 1447 1460 1443
f 145 140 136
f 5252 5226 5280
f 5209 5211 5210
f 6029 6077 6070
f 667 640 660
f 3939 3942 3940
f 2497 2495 2491
f 3145 3123 3152
f 574 603 566
f 5893 5892 5888
f 5892 5887 5888
f 5887 5885 5886
f 168 247 180
f 286 160 154
f 154 160 155
f 4645 4613 4614
f 2703 2709 2694
f 2694 2715 2698
f 4933 4896 4929
f 2703 2713 2709
f 4679 4681 4646
f 5861 5862 5872
f 3191 3199 3197
f 1857 1866 1865
f 3589 3586 3588
f 4586 4584 4589
f 3614 3612 3611
f 2634 2636 2635
f 1865 1867 1864
f 4584 4585 4588
f 1447 1461 1460
f 5213 5214 5212
f 3942 3943 3940
f 611 613 643
f 3940 3943 3947
f 3167 3168 3151
f 559 563 556
f 6003 6005 6004
f 4646 4647 4613
f 4646 4613 4645
f 4614 4613 4611
f 4932 4900 4933
f 4929 4896 4895
f 2709 2715 2694
f 3190 3191 3192
f 1866 1868 1865
f 5137 5134 5133
f 5130 5132 5127
f 5130 5127 5125
f 2641 2634 2638
f 2634 2637 2636
f 667 660 668
f 660 643 647
f 643 613 646
f 3878 3877 3876
f 557 556 555
f 2495 2496 2493
f 566 587 563
f 603 630 566
f 5893 5930 5892
f 163 168 180
f 155 158 157
f 5133 5131 5130
f 4984 4975 4983
f 1865 1868 1867
f 5133 5134 5131
f 5130 5131 5132
f 2641 2637 2634
f 4588 4595 4589
f 5135 5136 5131
f 5134 5135 5131
f 4876 4878 4881
f 5131 5136 5132
f 5286 5283 5296
f 647 643 646
f 5620 5619 5580
f 557 555 613
f 3874 3877 3879
f 3879 3877 3880
f 3877 3878 3880
f 5579 5565 5567
f 3874 3876 3877
f 3874 3872 3873
f 3874 3873 3876
f 5565 5566 5567
f 3872 3867 3866
f 3872 3866 3873
f 4532 4534 4535
f 556 554 555
f 3868 3867 3872
f 3847 3848 3845
f 3865 3866 3867
f 3868 3865 3867
f 3869 3865 3868
f 3845 3846 3847
f 5585 5584 5583
f 3870 3869 3868
f 3875 3871 3870
f 3870 3871 3869
f 4536 4533 4527
f 5583 5586 5585
f 5893 5965 5930
f 204 264 282
f 4927 4902 4901
f 604 630 603
f 247 187 204
f 168 187 247
f 162 161 160
f 160 161 155
f 4613 4607 4611
f 5867 5859 5863
f 3190 3193 3191
f 5859 5860 5861
f 5863 5859 5861
f 5861 5860 5862
f 5862 5864 5865
f 5864 5871 5865
f 5871 5875 5876
f 4981 4970 4982
f 4982 4970 4972
f 4972 4974 4975
f 4975 4974 4983
f 5221 5225 5230
f 5226 5281 5280
f 5619 5570 5574
f 5619 5574 5580
f 5580 5574 5579
f 5578 5565 5579
f 5566 5565 5584
f 3170 3116 3119
f 4531 4534 4532
f 3848 3849 3845
f 4444 4443 4442
f 5584 5565 5583
f 4529 4528 4531
f 4532 4529 4531
f 556 563 554
f 4527 4530 4528
f 4527 4528 4529
f 3845 3850 3846
f 4533 4530 4527
f 5632 5633 5634
f 4536 4537 4533
f 5965 5919 5930
f 4902 4882 4885
f 5930 5919 5918
f 4958 4961 4959
f 4960 4964 4958
f 5904 5905 5885
f 5887 5904 5885
f 4597 4598 4599
f 161 158 155
f 163 157 168
f 168 157 181
f 4607 4610 4611
f 168 181 283
f 5870 5873 5867
f 3190 3194 3193
f 3191 3195 3199
f 5860 5864 5862
f 4967 4969 4981
f 4981 4969 4970
f 4970 4971 4972
f 4972 4973 4974
f 4972 4971 4973
f 4973 4976 4974
f 2503 2505 2506
f 2503 2504 2505
f 2505 2510 2506
f 6064 6063 6062
f 6063 6061 6062
f 2508 2512 2507
f 2508 2513 2512
f 2508 2514 2513
f 656 647 649
f 5571 5570 5619
f 647 646 648
f 647 648 649
f 5574 5578 5579
f 613 555 614
f 3112 3120 3107
f 555 554 552
f 4444 4449 4443
f 4445 4449 4444
f 587 554 563
f 3307 3306 3308
f 5919 5904 5918
f 3304 3306 3307
f 5918 5904 5887
f 3310 3311 3305
f 3310 3305 3304
f 5905 5945 5885
f 4613 4647 4648
f 4648 4607 4613
f 171 181 157
f 181 187 283
f 5945 5873 5870
f 5867 5873 5859
f 3586 3580 3581
f 5864 5874 5871
f 5871 5874 5875
f 4969 4968 4970
f 4968 4971 4970
f 2509 2499 2503
f 2499 2501 2503
f 2501 2504 2503
f 2499 2500 2501
f 2502 2500 2499
f 2502 2507 2500
f 2508 2507 2502
f 649 651 659
f 656 649 659
f 5571 5568 5570
f 646 614 648
f 5578 5576 5565
f 3836 3835 3832
f 5565 5582 5583
f 3832 3829 3828
f 3829 3831 3830
f 3828 3829 3830
f 3831 3834 3833
f 3830 3831 3833
f 3314 3313 3310
f 3310 3313 3311
f 3304 3305 3306
f 187 185 204
f 4610 4607 4604
f 171 182 181
f 181 182 187
f 158 171 157
f 3581 3582 3585
f 4967 4966 4968
f 4966 4979 4968
f 4967 4968 4969
f 1149 1144 1148
f 1148 1144 1143
f 1148 1143 1151
f 4968 4977 4971
f 1145 1144 1149
f 5623 5568 5571
f 110 111 112
f 111 118 112
f 5568 5569 5570
f 649 648 650
f 649 650 651
f 5570 5569 5573
f 5570 5573 5574
f 5574 5576 5578
f 555 551 614
f 3106 3135 3137
f 555 552 551
f 3137 3135 3148
f 5565 5576 5582
f 3835 3829 3832
f 554 588 553
f 554 587 588
f 189 260 204
f 3311 3312 3305
f 3305 3312 3306
f 162 172 161
f 185 189 204
f 4500 4502 4501
f 4501 4502 4503
f 4607 4605 4604
f 161 169 158
f 4502 4504 4503
f 4503 4504 4505
f 4064 4060 4062
f 4504 4506 4505
f 4505 4506 4507
f 5989 5988 5873
f 5873 5988 5859
f 5859 5910 5860
f 4965 4966 4967
f 4968 4979 4978
f 4968 4978 4977
f 75 121 122
f 659 651 653
f 614 645 650
f 614 551 645
f 5574 5575 5576
f 551 552 549
f 552 553 549
f 5583 5582 5587
f 5583 5587 5586
f 4498 4499 4500
f 4500 4501 4498
f 4668 4609 4648
f 4648 4609 4607
f 4607 4609 4605
f 4598 4600 4599
f 4604 4601 4598
f 182 185 187
f 171 183 182
f 5992 5990 5991
f 4065 4060 4064
f 4060 4061 4062
f 4062 4061 4063
f 5988 5910 5859
f 5866 5911 5864
f 5864 5911 5874
f 5910 5979 5866
f 5860 5910 5866
f 4980 4979 4966
f 4979 4980 4978
f 1069 1095 1060
f 5292 5290 5291
f 5293 5292 5291
f 4508 4510 4511
f 1084 1093 1087
f 1087 1093 1127
f 645 551 607
f 551 569 607
f 5574 5573 5575
f 551 550 569
f 264 265 277
f 5586 5588 5589
f 5997 5996 5992
f 4601 4600 4598
f 183 184 182
f 4625 4626 4663
f 5991 5990 5989
f 5989 5990 5988
f 5988 6001 5910
f 5874 5911 5984
f 5984 5985 5987
f 1146 1142 1145
f 1095 1092 1060
f 5292 5284 5290
f 1092 1057 1060
f 5568 5572 5569
f 1057 1093 1084
f 653 651 652
f 651 650 652
f 3682 3678 3681
f 652 645 661
f 661 645 607
f 5575 5577 5576
f 550 551 549
f 5576 5581 5582
f 553 578 549
f 5582 5581 5587
f 5587 5588 5586
f 260 261 264
f 261 265 264
f 5588 5590 5589
f 4627 4621 4628
f 191 184 183
f 4663 4626 4664
f 4663 4664 4665
f 5988 5999 6001
f 6001 5979 5910
f 5911 5962 5985
f 5911 5985 5984
f 1144 1108 1143
f 1142 1139 1145
f 6102 6100 6096
f 3681 3678 3680
f 5577 5581 5576
f 3684 3683 3685
f 3685 3683 3686
f 4668 4702 4609
f 4603 4615 4625
f 185 186 189
f 5996 5993 5992
f 4625 4615 4626
f 182 184 185
f 4626 4621 4627
f 5990 5998 5988
f 5988 5998 5999
f 5911 5959 5962
f 5960 5959 5866
f 1144 1139 1108
f 6096 6097 6092
f 6092 6097 6098
f 3665 3668 3687
f 652 655 654
f 3665 3667 3668
f 655 652 661
f 3682 3668 3678
f 569 541 608
f 607 569 608
f 5573 5596 5575
f 569 550 541
f 5575 5596 5577
f 3680 3678 3679
f 550 549 542
f 265 266 276
f 4702 4608 4609
f 1107 1126 1098
f 189 186 192
f 189 192 260
f 192 261 260
f 184 186 185
f 5993 5994 5990
f 5990 5994 5998
f 5959 5961 5962
f 5840 5841 5842
f 6001 5964 5979
f 5979 5964 5963
f 6104 6093 6094
f 6093 6104 6091
f 6093 6092 6094
f 6094 6105 6107
f 6105 6108 6107
f 6091 6092 6093
f 6092 6105 6094
f 6111 6112 6113
f 6105 6092 6101
f 6111 6115 6114
f 6111 6114 6112
f 2104 2091 2103
f 5294 5282 5292
f 5292 5282 5284
f 3665 3669 3666
f 3665 3666 3667
f 2981 2980 2903
f 608 541 615
f 3678 3670 3679
f 550 542 541
f 3679 3670 3683
f 5577 5593 5581
f 577 546 549
f 4702 4612 4608
f 5588 5591 5590
f 4605 4608 4606
f 4606 4601 4605
f 4601 4617 4602
f 261 263 265
f 261 262 263
f 4615 4620 4621
f 5962 5961 5980
f 5959 5960 5961
f 5964 5960 5963
f 1130 1139 1142
f 2993 2996 2994
f 3294 3296 3297
f 6094 6107 6110
f 6110 6107 6109
f 6107 6108 6109
f 3067 3060 3062
f 6104 6095 6091
f 3076 3060 3067
f 2091 2096 2103
f 3067 3077 3076
f 2105 2091 2104
f 3428 3429 3420
f 2980 2976 2903
f 3428 3420 3424
f 3667 3670 3668
f 5596 5595 5593
f 549 546 542
f 5593 5592 5581
f 5581 5592 5587
f 3689 3686 3683
f 637 632 578
f 4704 4703 4702
f 4702 4703 4612
f 4608 4612 4606
f 4602 4617 4616
f 265 263 266
f 3985 3987 3983
f 4601 4606 4656
f 4601 4656 4617
f 192 262 261
f 5529 5530 5534
f 4621 4620 4622
f 191 190 184
f 190 188 184
f 184 188 186
f 1124 1123 1121
f 1131 1113 1105
f 1140 1115 1113
f 3062 3059 3069
f 6106 6095 6104
f 5008 5006 5007
f 2983 2915 2897
f 615 541 606
f 3424 3420 3423
f 3420 3422 3423
f 5596 5598 5597
f 5596 5597 5595
f 3673 3683 3670
f 5593 5594 5592
f 3683 3673 3676
f 3683 3676 3689
f 546 577 575
f 5592 5591 5587
f 578 632 577
f 4617 4656 4618
f 4617 4618 4616
f 4602 4616 4615
f 5527 5526 5528
f 4612 4669 4606
f 4606 4669 4656
f 3296 3285 3299
f 3299 3285 3289
f 2114 2102 2109
f 2109 2102 2095
f 2091 2093 2096
f 2096 2100 2111
f 2099 2100 2096
f 5006 4997 5007
f 615 606 662
f 541 594 606
f 3667 3671 3670
f 541 543 594
f 3670 3672 3673
f 541 542 543
f 5595 5594 5593
f 546 544 542
f 546 575 544
f 1078 1029 1100
f 5532 5524 5527
f 632 575 577
f 4703 4704 4705
f 5527 5525 5526
f 1119 1091 1090
f 3860 3859 3858
f 4616 4620 4615
f 5529 5526 5530
f 2849 2839 2843
f 2844 2843 2835
f 2846 2847 2850
f 186 188 192
f 2849 2842 2839
f 2835 2845 2844
f 2844 2845 2846
f 2843 2839 2835
f 2845 2847 2846
f 2113 2102 2114
f 2102 2097 2095
f 2095 2097 2092
f 2095 2092 2091
f 2091 2092 2093
f 2093 2099 2096
f 4998 4997 5006
f 3420 3421 3422
f 606 594 605
f 5598 5603 5597
f 1039 1030 1056
f 5603 5602 5595
f 5597 5603 5595
f 1056 1030 1078
f 1077 1056 1078
f 1078 1030 1029
f 3673 3672 3676
f 544 575 571
f 5541 5524 5532
f 4704 4706 4705
f 575 580 571
f 4618 4619 4616
f 4616 4624 4620
f 632 639 575
f 5530 5533 5562
f 4620 4624 4623
f 263 268 267
f 263 267 266
f 266 269 271
f 5526 5533 5530
f 4620 4623 4622
f 3859 3856 3858
f 4629 4630 4622
f 4650 4634 4652
f 3856 3857 3858
f 2850 2847 2848
f 2835 2837 2845
f 2839 2836 2835
f 2835 2836 2837
f 2837 2838 2845
f 2847 2838 2848
f 2842 2841 2839
f 2839 2841 2840
f 2839 2840 2836
f 3280 3294 3278
f 2099 2093 2098
f 4996 4997 4998
f 4998 4999 4996
f 662 606 644
f 3420 3426 3421
f 606 605 644
f 605 594 548
f 594 543 548
f 5595 5602 5594
f 542 544 543
f 3672 3675 3676
f 4706 4707 4705
f 5527 5524 5525
f 266 267 269
f 3859 3864 3856
f 3753 3750 3752
f 4623 4629 4622
f 188 252 192
f 4637 4632 4634
f 4652 4634 4636
f 3750 3751 3752
f 3857 3856 3861
f 2838 2854 2848
f 2842 2852 2841
f 2837 2836 2838
f 3285 3277 3289
f 2113 2097 2102
f 2100 2101 2111
f 5000 4996 4999
f 2099 2101 2100
f 5257 5255 5256
f 2916 2912 2977
f 605 598 644
f 3421 3425 3422
f 605 548 598
f 548 565 598
f 5043 5045 5046
f 548 543 547
f 5602 5599 5594
f 4707 4709 4708
f 580 576 571
f 5525 5522 5526
f 271 269 280
f 639 580 575
f 3864 3863 3856
f 639 669 580
f 669 635 580
f 635 593 580
f 3856 3863 3862
f 3856 3862 3861
f 2851 2854 2838
f 2841 2852 2853
f 2841 2853 2840
f 2840 2853 2836
f 2836 2853 2851
f 2836 2851 2838
f 2113 2110 2097
f 2092 2094 2093
f 2093 2094 2098
f 4999 5001 5000
f 644 598 609
f 548 547 565
f 5603 5598 5602
f 543 544 545
f 543 545 547
f 4709 4710 4708
f 544 571 545
f 5524 5522 5525
f 576 570 571
f 5533 5555 5556
f 4629 4631 4630
f 4632 4633 4634
f 580 593 576
f 280 281 291
f 3758 3754 3751
f 2097 2107 2092
f 2107 2106 2092
f 2916 2977 2953
f 3008 3014 3013
f 5116 5114 5112
f 5112 5110 5111
f 5112 5114 5110
f 609 598 597
f 598 565 597
f 5598 5601 5602
f 565 547 572
f 1931 1933 1934
f 5594 5599 5592
f 4708 4710 4711
f 4708 4711 4712
f 4711 4713 4712
f 5524 5523 5522
f 5522 5531 5526
f 5526 5531 5533
f 5533 5531 5555
f 267 270 269
f 269 281 280
f 3492 3491 3494
f 3499 3497 3498
f 3498 3497 3496
f 3490 3491 3492
f 3496 3497 3493
f 3496 3493 3490
f 3058 3063 3061
f 2917 2953 2919
f 3064 3063 3058
f 5001 5002 5000
f 5855 5857 5858
f 5462 5465 5464
f 5855 5856 5857
f 3026 3025 3024
f 3432 3427 3426
f 5111 5110 5109
f 3064 3074 3070
f 3064 3070 3063
f 609 597 610
f 3426 3427 3425
f 3024 3031 3038
f 5110 5107 5109
f 5108 5113 5115
f 5605 5606 5601
f 5605 5601 5598
f 5602 5601 5599
f 547 568 572
f 3020 3022 3037
f 545 567 547
f 4713 4711 4717
f 5524 5543 5523
f 5523 5519 5522
f 5555 5531 5557
f 4633 4635 4634
f 4634 4635 4636
f 270 272 269
f 3491 3495 3494
f 3499 3500 3497
f 3493 3491 3490
f 2106 2108 2094
f 641 610 596
f 3026 3027 3025
f 610 585 596
f 5611 5606 5605
f 610 597 585
f 3024 3021 3031
f 5107 5113 5108
f 5107 5108 5109
f 597 565 579
f 597 579 585
f 565 573 579
f 565 572 573
f 5599 5600 5592
f 5541 5544 5543
f 545 570 567
f 5522 5520 5531
f 5843 5844 5845
f 4633 4639 4635
f 4635 4638 4636
f 4636 4638 4653
f 269 272 281
f 593 601 576
f 2779 2781 2783
f 281 290 291
f 4185 4179 4183
f 3493 3501 3491
f 3493 3497 3502
f 2106 2112 2108
f 2918 2910 2917
f 3027 3030 3029
f 3027 3029 3025
f 3071 3070 3075
f 585 579 584
f 3024 3019 3021
f 3024 3025 3019
f 3019 3020 3021
f 573 583 579
f 3019 3022 3020
f 572 568 573
f 3022 3023 3032
f 3022 3032 3037
f 2186 2185 2184
f 547 567 568
f 3032 3034 3036
f 3032 3036 3037
f 5543 5551 5523
f 4670 4720 4701
f 4670 4701 4643
f 570 582 567
f 2833 2812 2814
f 4720 4700 4701
f 589 582 570
f 2833 2831 2812
f 2727 2728 2729
f 2729 2728 2730
f 2728 2731 2730
f 281 272 290
f 593 636 601
f 4185 4188 4184
f 4185 4184 4179
f 635 636 593
f 2940 2919 2946
f 2944 2945 2952
f 3006 3014 3008
f 5001 5003 5002
f 2898 2905 2895
f 5003 5004 5002
f 595 586 623
f 595 623 625
f 3029 3028 3025
f 2967 2978 2962
f 586 584 623
f 2978 2972 2962
f 584 620 623
f 3025 3028 3019
f 3022 3019 3023
f 573 600 583
f 568 600 573
f 3033 3032 3023
f 5601 5600 5599
f 5519 5520 5522
f 3033 3035 3034
f 3032 3033 3034
f 4642 4697 4641
f 4697 4693 4641
f 5543 5544 5545
f 4643 4697 4642
f 4701 4700 4697
f 4701 4697 4643
f 4683 4684 4653
f 4721 4700 4720
f 4653 4684 4685
f 2734 2728 2727
f 2538 2533 2536
f 576 601 589
f 2732 2731 2728
f 2731 2733 2730
f 4183 4179 4178
f 3065 3079 3066
f 2944 2955 2942
f 2879 2887 2889
f 5611 5608 5606
f 2963 2966 2973
f 5259 5260 5264
f 583 590 584
f 3028 3023 3019
f 5606 5604 5601
f 5601 5604 5600
f 599 600 568
f 4690 4691 4639
f 4639 4691 4640
f 5545 5546 5543
f 2530 2533 2538
f 2533 2529 2536
f 3065 3080 3079
f 2945 2944 2943
f 2942 2955 2939
f 5695 5691 5701
f 5704 5695 5701
f 642 625 628
f 2918 2922 2910
f 5695 5692 5691
f 5003 5005 5004
f 625 623 624
f 2962 2972 2970
f 2972 2971 2970
f 623 620 622
f 584 591 620
f 590 591 584
f 5517 5518 5519
f 5519 5518 5520
f 4641 4693 4690
f 4697 4694 4693
f 4700 4696 4697
f 4635 4640 4638
f 4684 4686 4685
f 4686 4723 4685
f 4180 4165 4176
f 272 292 290
f 4178 4165 4180
f 4169 4165 4178
f 4179 4175 4178
f 4178 4175 4169
f 4179 4184 4175
f 628 629 666
f 628 624 629
f 2910 2922 2909
f 2905 2907 2895
f 2887 2885 2957
f 624 623 622
f 2962 2970 2959
f 5606 5608 5607
f 620 621 622
f 5606 5607 5604
f 583 633 590
f 633 591 590
f 600 633 583
f 4690 4693 4691
f 599 631 600
f 5543 5547 5551
f 692 709 711
f 2533 2526 2529
f 2731 2735 2733
f 2733 2735 2736
f 292 293 290
f 4188 4187 4184
f 2970 2969 2959
f 5469 5472 5476
f 591 621 620
f 4688 4689 4687
f 5518 5539 5521
f 5518 5521 5520
f 4693 4692 4691
f 4691 4692 4675
f 5600 5604 5618
f 2530 2526 2533
f 4694 4692 4693
f 4697 4696 4694
f 4176 4165 4162
f 2732 2735 2731
f 2939 2955 2954
f 5611 5613 5608
f 5608 5609 5607
f 633 638 591
f 591 638 627
f 591 627 621
f 5521 5536 5520
f 2530 2527 2526
f 5546 5547 5543
f 709 692 688
f 930 928 940
f 940 927 944
f 4184 4187 4175
f 5613 5609 5608
f 3225 3228 3220
f 621 626 622
f 4181 4168 4196
f 4166 4168 4171
f 4675 4692 4674
f 4687 4718 4686
f 4161 4166 4171
f 5604 5612 5618
f 5553 5546 5545
f 4694 4696 4695
f 4694 4695 4692
f 930 916 928
f 4162 4163 4157
f 2526 2525 2529
f 2525 2528 2529
f 2739 2735 2732
f 4169 4163 4165
f 2735 2737 2736
f 4175 4170 4169
f 3381 3383 3384
f 5691 5688 5702
f 621 627 626
f 5539 5538 5521
f 4692 4698 4674
f 916 918 928
f 688 701 709
f 4213 4182 4187
f 4169 4170 4163
f 4187 4182 4175
f 4175 4182 4170
f 5613 5614 5609
f 910 904 905
f 5609 5615 5610
f 5609 5610 5607
f 906 913 917
f 5607 5610 5604
f 4168 4195 4196
f 5610 5612 5604
f 913 918 916
f 689 701 688
f 4692 4695 4698
f 2526 2521 2525
f 928 918 927
f 4163 4170 4164
f 2737 2742 2736
f 5617 5614 5613
f 904 902 905
f 5609 5614 5615
f 4168 4173 4195
f 4195 4197 4196
f 4196 4197 4205
f 4196 4205 4206
f 3811 3810 3818
f 5538 5537 5521
f 5521 5537 5536
f 4695 4699 4698
f 5547 5546 5548
f 2527 2521 2526
f 3377 3379 3381
f 5688 5682 5702
f 2935 2941 2923
f 898 896 903
f 627 634 626
f 4166 4167 4168
f 4168 4167 4173
f 5537 5540 5536
f 2173 2174 2175
f 2924 2951 2911
f 1703 1698 1682
f 1698 1688 1682
f 1688 1685 1682
f 1688 1687 1685
f 5561 5540 5537
f 901 895 919
f 4206 4205 4207
f 5546 5549 5548
f 920 921 931
f 4170 4174 4164
f 2525 2524 2528
f 2739 2738 2735
f 2735 2738 2737
f 3703 3704 3708
f 3377 3378 3379
f 5682 5686 5709
f 5682 5709 5702
f 2935 2930 2941
f 5746 5748 5745
f 1705 1698 1703
f 1703 1681 1706
f 1682 1685 1669
f 1682 1669 1681
f 1681 1669 1680
f 897 890 889
f 897 889 893
f 1685 1686 1669
f 1688 1694 1687
f 1687 1686 1685
f 5497 5494 5490
f 5490 5493 5491
f 4173 4198 4195
f 4195 4198 4197
f 5540 5542 5536
f 2173 2157 2174
f 4159 4172 4167
f 2527 2520 2521
f 2528 2524 2531
f 3379 3378 3380
f 1906 1930 1929
f 1703 1706 1719
f 885 863 887
f 5503 5499 5496
f 5500 5496 5494
f 1669 1668 1680
f 1694 1695 1687
f 1687 1684 1686
f 5493 5509 5491
f 2537 2518 2520
f 893 894 895
f 4167 4172 4173
f 4172 4189 4173
f 4197 4199 4200
f 4173 4189 4198
f 4197 4209 4205
f 4205 4208 4207
f 3819 3810 3820
f 3810 3821 3820
f 4209 4208 4205
f 3825 3821 3810
f 2525 2521 2524
f 1719 1706 1718
f 5504 5499 5503
f 887 863 859
f 1702 1693 1692
f 1693 1680 1692
f 1680 1679 1692
f 1680 1668 1679
f 1669 1684 1659
f 1669 1659 1668
f 1199 1211 1210
f 1708 1695 1694
f 1695 1696 1687
f 1687 1696 1684
f 5624 5626 5625
f 3821 3822 3820
f 2173 2172 2157
f 3378 3382 3380
f 1712 1693 1702
f 1702 1692 1701
f 1692 1691 1699
f 859 888 887
f 1692 1679 1689
f 1689 1690 1691
f 1692 1689 1691
f 1679 1678 1689
f 889 888 891
f 1668 1678 1679
f 1668 1661 1678
f 1659 1660 1661
f 1668 1659 1661
f 2518 2519 2515
f 2203 2171 2170
f 1684 1662 1659
f 4172 4192 4189
f 1711 1696 1695
f 1684 1696 1697
f 2160 2170 2171
f 5624 5627 5626
f 5549 5552 5550
f 5550 5552 5554
f 1712 1702 1717
f 1701 1700 1715
f 1692 1699 1700
f 5504 5506 5499
f 859 858 888
f 1203 1195 1199
f 1204 1203 1199
f 1689 1678 1690
f 1199 1195 1197
f 925 934 933
f 4199 4203 4200
f 1709 1721 1708
f 1708 1721 1695
f 1721 1711 1695
f 1662 1660 1659
f 1711 1710 1696
f 1710 1697 1696
f 2520 2518 2517
f 2520 2517 2521
f 2521 2522 2524
f 2524 2522 2531
f 2740 2743 2742
f 2737 2740 2742
f 1714 1700 1713
f 1717 1701 1716
f 1716 1701 1715
f 1700 1699 1713
f 5681 5712 5709
f 5686 5681 5709
f 891 858 925
f 1678 1683 1690
f 408 438 437
f 934 939 855
f 1678 1661 1683
f 4192 4202 4189
f 1660 1666 1661
f 1661 1677 1683
f 1661 1666 1677
f 2515 2517 2518
f 1666 1673 1677
f 2172 2155 2157
f 3823 3826 3822
f 3821 3823 3822
f 5554 5552 5558
f 2517 2522 2521
f 2737 2738 2740
f 6360 6361 6362
f 6360 6362 6365
f 1716 1715 1714
f 876 869 873
f 5508 5507 5506
f 5506 5507 5505
f 858 856 925
f 925 856 939
f 1195 1196 1197
f 5810 5808 5807
f 946 945 943
f 5807 5808 5809
f 5728 5726 5725
f 2168 2169 2170
f 2160 2168 2170
f 5725 5726 5727
f 946 943 947
f 4197 4211 4209
f 4209 4210 4208
f 1664 1663 1662
f 1662 1663 1660
f 1660 1665 1666
f 1665 1670 1666
f 1670 1671 1666
f 1666 1671 1673
f 2517 2523 2522
f 2741 2740 2738
f 6371 6367 6370
f 6370 6367 6360
f 6365 6362 6369
f 3382 3385 3380
f 6362 6364 6368
f 6362 6368 6369
f 5795 5796 5797
f 939 856 855
f 4209 4211 4210
f 4562 4560 4559
f 2515 2516 2517
f 2155 2156 2157
f 1660 1663 1665
f 1663 1667 1665
f 5552 5559 5558
f 1667 1670 1665
f 2522 2523 2532
f 1670 1672 1671
f 1672 1674 1673
f 1671 1672 1673
f 1670 1707 1672
f 1912 1909 1915
f 1227 1221 1212
f 3386 3385 3382
f 5820 5818 5819
f 1203 1201 1195
f 1195 1201 1196
f 5672 5673 5674
f 408 404 438
f 4201 4204 4203
f 5811 5808 5810
f 1197 1198 1200
f 2168 2167 2169
f 3273 3271 3272
f 4558 4559 4560
f 4558 4563 4559
f 1667 1720 1670
f 2522 2532 2534
f 2522 2534 2531
f 1672 1675 1674
f 1221 1220 1212
f 1212 1220 1208
f 5796 5798 5797
f 1212 1208 1205
f 872 869 870
f 1208 1206 1205
f 1205 1206 1201
f 854 855 856
f 855 854 941
f 5811 5813 5808
f 945 929 943
f 4211 4212 4210
f 2155 2154 2156
f 4563 4564 4559
f 5558 5559 5560
f 5559 5563 5560
f 1707 1670 1720
f 3955 3957 3958
f 1707 1676 1672
f 1672 1676 1675
f 5681 5683 5705
f 5818 5817 5819
f 938 929 945
f 5813 5815 5808
f 5808 5815 5809
f 3276 3274 3275
f 3275 3274 3273
f 1198 1202 1200
f 3272 3271 3270
f 3270 3255 3268
f 2151 2154 2155
f 3268 3255 3259
f 3259 3255 3257
f 5559 5564 5563
f 2819 2798 2820
f 2827 2824 2800
f 3258 3251 3260
f 1676 1704 1675
f 1269 1222 1227
f 1227 1222 1221
f 1220 1225 1208
f 5817 5818 5816
f 5817 5816 5812
f 862 865 938
f 404 403 426
f 938 865 929
f 2168 2166 2167
f 3273 3274 3271
f 3271 3269 3270
f 3255 3249 3257
f 3952 3956 3953
f 3257 3249 3258
f 3258 3249 3251
f 4775 4774 4778
f 4778 4774 4777
f 3251 3254 3260
f 3840 3839 3841
f 1222 1220 1221
f 1225 1206 1208
f 1225 1230 1206
f 5679 5685 5696
f 5816 5814 5812
f 5812 5814 5813
f 1201 1215 1196
f 5813 5814 5815
f 865 868 929
f 2166 2165 2167
f 1202 1198 1213
f 2152 2149 2150
f 2150 2149 2146
f 3270 3269 3255
f 3620 3619 3621
f 3621 3623 3625
f 4774 4776 4777
f 4775 4772 4774
f 1269 1223 1222
f 1220 1224 1225
f 5684 5698 5697
f 5684 5679 5698
f 1206 1230 1207
f 5679 5696 5698
f 929 868 936
f 1196 1215 1198
f 2166 2164 2165
f 2146 2145 2147
f 3269 3256 3255
f 3255 3253 3249
f 3621 3619 3623
f 4774 4773 4776
f 4774 4772 4773
f 3252 3261 3254
f 1222 1223 1220
f 1220 1223 1224
f 1230 1218 1207
f 426 440 428
f 1207 1218 1201
f 1201 1218 1215
f 1198 1214 1213
f 3255 3256 3253
f 3620 3618 3619
f 3249 3250 3251
f 3251 3250 3252
f 3251 3252 3254
f 3840 3837 3839
f 4518 4524 4525
f 1923 1925 1926
f 1230 1229 1218
f 2180 2179 2181
f 4865 4866 4867
f 4869 4865 4867
f 1990 1966 1973
f 1215 1216 1198
f 1198 1216 1217
f 1198 1217 1214
f 2164 2163 2165
f 2149 2158 2148
f 2149 2148 2146
f 1994 1985 1998
f 3253 3250 3249
f 3837 3838 3839
f 1223 1226 1224
f 1231 1229 1225
f 1225 1229 1230
f 1229 1228 1218
f 1990 1968 1966
f 4865 4868 4866
f 1218 1228 1219
f 1218 1219 1215
f 1215 1219 1216
f 2164 2161 2163
f 2145 2144 2164
f 3265 3264 3256
f 3256 3264 3253
f 4773 4771 4776
f 1223 1270 1226
f 2181 2217 2218
f 3245 3242 3241
f 3245 3246 3242
f 3242 3238 3241
f 3238 3237 3241
f 3246 3238 3242
f 3246 3244 3238
f 3238 3244 3239
f 3243 3247 3248
f 2148 2143 2146
f 2146 2143 2145
f 2145 2143 2144
f 3262 3263 3250
f 3844 3843 3837
f 1234 1228 1229
f 1967 1975 1958
f 5454 5455 5456
f 3237 3239 3240
f 1254 1257 1265
f 3239 3243 3240
f 3243 3239 3247
f 2869 2867 2876
f 2876 2867 2875
f 3265 3267 3264
f 3616 3617 3618
f 3616 3622 3617
f 3617 3624 3619
f 3619 3624 3623
f 4772 4770 4771
f 4772 4771 4773
f 1231 1232 1229
f 1229 1232 1233
f 1229 1233 1234
f 1255 1253 1254
f 2179 2182 2181
f 2869 2866 2867
f 2143 2140 2144
f 3264 3266 3262
f 3262 3266 3263
f 3617 3622 3624
f 4520 4522 4524
f 1254 1256 1257
f 2162 2141 2182
f 2869 2868 2866
f 1257 1256 1265
f 2133 2132 2134
f 2134 2132 2135
f 2162 2161 2141
f 2867 2873 2875
f 2161 2140 2141
f 2143 2142 2140
f 2144 2140 2161
f 1267 1259 1231
f 1231 1259 1232
f 1253 1251 1254
f 1254 1251 1256
f 2866 2861 2867
f 1265 1256 1268
f 2867 2861 2873
f 2142 2115 2140
f 2140 2139 2141
f 1941 1959 1974
f 4769 4765 4770
f 1959 1960 1976
f 2861 2874 2873
f 2142 2116 2115
f 2140 2117 2139
f 1232 1235 1233
f 1255 1252 1253
f 1232 1236 1235
f 2115 2116 2117
f 2117 2138 2139
f 1259 1258 1232
f 1232 1258 1236
f 1253 1252 1251
f 2861 2864 2874
f 2117 2136 2138
f 6387 6388 6380
f 1251 1249 1256
f 2159 2193 2192
f 1256 1249 1268
f 2131 2130 2132
f 2132 2130 2137
f 1252 1248 1251
f 2130 2123 2137
f 2117 2116 2118
f 2117 2118 2136
f 1258 1238 1236
f 1238 1237 1236
f 1249 1247 1268
f 2131 2129 2130
f 1251 1248 1249
f 1268 1247 1264
f 2116 2119 2118
f 6392 6409 6388
f 1258 1260 1238
f 1248 1247 1249
f 2864 2878 2874
f 5754 5755 5756
f 2121 2119 2116
f 1248 1245 1247
f 1238 1239 1237
f 1247 1246 1264
f 5117 5118 5119
f 1260 1240 1238
f 1238 1240 1239
f 1245 1246 1247
f 2191 2195 2194
f 5117 5120 5118
f 2119 2120 2118
f 2121 2120 2119
f 2194 2196 2197
f 2195 2196 2194
f 2123 2122 2121
f 2121 2122 2120
f 2118 2120 2128
f 2118 2128 2136
f 1266 1240 1260
f 1246 1263 1264
f 2122 2124 2120
f 1239 1242 1245
f 1245 1242 1243
f 1245 1243 1246
f 1246 1243 1263
f 2124 2125 2120
f 1240 1241 1239
f 1241 1242 1239
f 1243 1261 1263
f 2120 2125 2128
f 1240 1250 1241
f 1240 1266 1250
f 1241 1244 1243
f 1242 1241 1243
f 1243 1244 1261
f 1244 1262 1261
f 2124 2126 2125
f 2125 2127 2128
f 2126 2127 2125
f 4489 4488 4490
f 4491 4489 4490
f 4472 4474 4475
f 4472 4473 4474
f 4489 4487 4488
f 4473 4476 4474
f 4476 4477 4474
f 4476 4478 4477
f 6396 6398 6397
f 4487 4486 4488
f 4487 4485 4486
f 4478 4479 4477
f 4241 4237 4242
f 4480 4481 4479
f 4478 4480 4479
f 6397 6412 6395
f 4234 4232 4233
f 4232 4230 4229
f 4229 4230 4231
f 4231 4230 4237
f 4231 4237 4241
f 4485 4482 4484
f 4485 4484 4486
f 4479 4481 4482
f 4482 4483 4484
f 4480 4495 4481
f 4482 4481 4483
f 6435 6436 6437
f 4237 4239 4242
f 4242 4239 4287
f 4480 4496 4495
f 4481 4495 4483
f 4232 4235 4236
f 4495 4496 4494
f 4495 4494 4483
f 4494 4493 4483
f 4236 4243 4238
f 6438 6439 6436
f 6438 6448 6441
f 4298 4245 4235
f 3438 3439 3440
f 6480 6481 6482
f 5654 5655 5656
f 6438 6440 6439
f 4298 4299 4245
f 3922 3921 3920
f 4245 4243 4236
f 4243 4244 4238
f 4238 4244 4246
f 4244 4247 4246
f 6440 6442 6439
f 4247 4286 4287
f 4246 4247 4287
f 3453 3438 3454
f 3438 3441 3439
f 3439 3441 3442
f 3438 3453 3441
f 4244 4248 4247
f 4247 4273 4286
f 3453 3444 3441
f 3441 3443 3442
f 6446 6463 6450
f 4259 4249 4244
f 4244 4249 4248
f 4248 4273 4247
f 4286 4273 4279
f 3441 3444 3443
f 4274 4277 4273
f 4249 4250 4248
f 4277 4280 4279
f 4279 4280 4281
f 3443 3447 3451
f 3444 3445 3443
f 4279 4281 4282
f 4265 4260 4259
f 3458 3451 3457
f 3443 3445 3446
f 6445 6470 6442
f 4301 4300 4265
f 4265 4300 4260
f 4248 4275 4274
f 4274 4275 4277
f 3330 3321 3322
f 3443 3446 3447
f 3918 3916 3917
f 4250 4275 4248
f 3977 3978 3980
f 4281 4280 4282
f 3917 3916 3915
f 4260 4253 4259
f 4259 4253 4249
f 4250 4254 4275
f 3321 3319 3320
f 3321 3320 3322
f 3322 3320 3332
f 4280 4283 4282
f 4300 4261 4260
f 4261 4253 4260
f 4249 4251 4250
f 4250 4251 4254
f 4254 4276 4275
f 4289 4283 4280
f 4282 4283 4284
f 3445 3452 3446
f 3446 3448 3447
f 3446 3452 3448
f 3320 3331 3332
f 4291 4283 4289
f 3907 3914 3915
f 4253 4252 4249
f 4249 4252 4251
f 3319 3317 3320
f 4251 4252 4255
f 4251 4255 4254
f 4255 4266 4254
f 4254 4266 4276
f 3320 3317 3331
f 4283 4291 4285
f 4283 4285 4284
f 4284 4285 4288
f 4253 4262 4252
f 3324 3315 3319
f 3319 3315 3317
f 5457 5458 5459
f 6462 6460 6467
f 4556 4555 4557
f 4272 4263 4253
f 4253 4263 4262
f 3317 3334 3331
f 4556 4552 4555
f 3905 3902 3904
f 3905 3904 3907
f 3566 3563 3572
f 4252 4256 4255
f 4293 4294 4266
f 3315 3316 3317
f 6467 6460 6468
f 4552 4554 4555
f 3909 3908 3902
f 4263 4264 4262
f 3570 3569 3564
f 3564 3563 3566
f 3532 3530 3528
f 4294 4295 4266
f 3324 3323 3315
f 3317 3316 3334
f 3569 3560 3564
f 3564 3560 3563
f 4256 4257 4255
f 3528 3530 3520
f 3528 3520 3527
f 3527 3520 3525
f 3315 3318 3316
f 3316 3325 3334
f 4550 4551 4552
f 4552 4551 4554
f 3904 3912 3913
f 3908 3903 3902
f 4256 4258 4257
f 3532 3533 3530
f 3315 3323 3318
f 4551 4553 4554
f 3576 3563 3573
f 3318 3328 3325
f 3316 3318 3325
f 4551 4546 4553
f 3904 3906 3912
f 3903 3906 3904
f 3902 3903 3904
f 4263 4267 4264
f 3569 3567 3560
f 5802 5800 5799
f 3341 3351 3339
f 3520 3522 3525
f 4294 4296 4295
f 3560 3562 3563
f 3563 3562 3573
f 3533 3529 3530
f 3530 3529 3520
f 4296 4297 4295
f 3903 3910 3906
f 3906 3911 3912
f 4267 4269 4264
f 4258 4268 4257
f 3520 3529 3521
f 3520 3521 3522
f 3522 3521 3523
f 3323 3326 3318
f 3906 3910 3911
f 3574 3562 3571
f 3560 3567 3561
f 3560 3561 3562
f 4268 4270 4257
f 3318 3326 3327
f 3318 3327 3328
f 5768 5770 5769
f 3325 3328 3329
f 4546 4547 4548
f 4150 4149 4148
f 3567 3568 3561
f 3717 3729 3721
f 3328 3327 3329
f 3562 3561 3565
f 3562 3565 3571
f 5640 5641 5642
f 3340 3350 3349
f 5763 5764 5765
f 3350 3353 3349
f 3561 3568 3565
f 5835 5836 5837
f 5836 5838 5837
f 4270 4278 4290
f 3531 3526 3521
f 3529 3531 3521
f 3521 3526 3524
f 4008 4010 4016
f 4025 4027 4026
f 4030 4025 4021
f 4021 4022 4016
f 5511 5512 5513
f 4011 4013 4018
f 4018 4013 4017
f 4016 4022 4039
f 4022 4029 4039
f 4112 4120 4111
f 4315 4340 4341
f 4341 4355 4319
f 4018 4017 4019
f 4113 4112 4110
f 4110 4112 4111
f 4313 4316 4315
f 4315 4341 4319
f 4109 4110 4111
f 4109 4111 4114
f 2416 2417 2414
f 4539 4541 4540
f 4315 4319 4317
f 4317 4319 4320
f 4320 4319 4323
f 4320 4323 4424
f 4325 4359 4316
f 4131 4125 4117
f 4131 4117 4127
f 4117 4116 4128
f 4115 4109 4114
f 2416 2414 2413
f 4538 4539 4540
f 2413 2414 2412
f 4540 4541 4543
f 4304 4325 4316
f 4304 4316 4313
f 4127 4117 4128
f 4128 4116 4118
f 2413 2412 2411
f 4314 4315 4317
f 2611 2610 2608
f 3363 3366 3365
f 2415 2413 2411
f 4130 4131 4127
f 4129 4127 4128
f 4221 4222 4223
f 4226 4225 4221
f 2608 2610 2609
f 4122 4126 4115
f 4543 4545 4540
f 2410 2425 2424
f 4313 4314 4312
f 4317 4320 4321
f 4321 4320 4424
f 4130 4127 4129
f 4223 4222 4224
f 4224 4222 4227
f 4128 4118 4121
f 2606 2608 2607
f 2419 2415 2411
f 2410 2419 2411
f 4305 4313 4312
f 4321 4424 4434
f 4304 4313 4305
f 4302 4303 4304
f 5021 5020 5023
f 4132 4131 4130
f 5019 5016 5020
f 4224 4227 4228
f 4129 4128 4121
f 2606 2607 2605
f 2606 2605 2603
f 4121 4115 4123
f 4312 4314 4317
f 4317 4321 4322
f 4302 4304 4305
f 2603 2605 2604
f 4308 4305 4312
f 4321 4434 4435
f 4306 4302 4305
f 2070 2084 2083
f 2070 2083 2067
f 2079 2082 2068
f 2603 2604 2592
f 2068 2082 2069
f 2445 2448 2437
f 4307 4305 4308
f 4322 4321 4435
f 4306 4305 4307
f 2083 2079 2067
f 2067 2079 2068
f 2089 2069 2090
f 4308 4312 4311
f 4311 4317 4318
f 4317 4322 4318
f 4309 4307 4308
f 2065 2067 2068
f 2575 2576 2577
f 2577 2576 2578
f 2066 2065 2068
f 2577 2578 2582
f 2066 2068 2069
f 2060 2066 2069
f 4309 4308 4310
f 4439 4322 4435
f 2071 2070 2063
f 2063 2070 2067
f 2590 2597 2580
f 2581 2597 2599
f 2063 2067 2065
f 2590 2580 2576
f 2591 2590 2576
f 2059 2063 2065
f 2576 2579 2578
f 2066 2059 2065
f 2060 2059 2066
f 2578 2584 2583
f 2060 2089 2086
f 2433 2421 2429
f 4310 4308 4311
f 4318 4322 4437
f 4437 4322 4439
f 2585 2598 2588
f 2071 2063 2062
f 2580 2597 2581
f 2599 2585 2581
f 2580 2581 2579
f 2576 2580 2579
f 2579 2581 2585
f 2584 2585 2586
f 2058 2059 2060
f 2058 2060 2075
f 2075 2060 2086
f 2075 2086 2076
f 4329 4310 4311
f 2062 2078 2071
f 2062 2063 2059
f 2061 2062 2059
f 2061 2058 2064
f 2058 2061 2059
f 2058 2075 2072
f 2586 2587 2589
f 2064 2058 2072
f 2074 2072 2075
f 2076 2088 2085
f 4330 4329 4326
f 979 971 970
f 1781 1785 1805
f 969 971 972
f 2073 2064 2072
f 2073 2072 2074
f 2074 2075 2076
f 2077 2076 2085
f 4330 4326 4327
f 4326 4324 4327
f 4327 4324 4328
f 970 971 969
f 973 972 1020
f 2080 2073 2081
f 2593 2589 2594
f 2081 2073 2074
f 2595 2593 2594
f 2077 2074 2076
f 2087 2085 2088
f 4406 4330 4327
f 969 972 973
f 2595 2594 2600
f 2077 2081 2074
f 2602 2595 2600
f 2087 2077 2085
f 973 1020 1022
f 4331 4328 4332
f 978 970 968
f 970 969 968
f 978 968 967
f 968 969 966
f 966 969 973
f 505 519 510
f 502 505 510
f 4335 4331 4334
f 4335 4338 4331
f 974 978 967
f 4334 4331 4333
f 4331 4332 4333
f 967 968 966
f 518 519 505
f 4334 4333 4337
f 4405 4338 4335
f 4342 4337 4333
f 965 974 967
f 965 967 966
f 966 973 975
f 4336 4334 4337
f 4336 4337 4342
f 4339 4335 4336
f 4405 4335 4339
f 976 974 965
f 965 966 959
f 959 966 975
f 976 965 956
f 959 956 965
f 1779 1767 1807
f 980 976 955
f 1764 1772 1806
f 955 956 954
f 954 956 959
f 959 975 1021
f 512 524 491
f 504 486 518
f 483 504 501
f 4336 4342 4343
f 483 482 504
f 4344 4336 4343
f 4354 4345 4346
f 1764 1806 1804
f 954 959 963
f 963 959 1021
f 4346 4345 4344
f 4345 4336 4344
f 955 954 952
f 958 955 952
f 980 955 958
f 963 1021 1026
f 4354 4346 4353
f 4404 4354 4353
f 953 952 954
f 4347 4346 4344
f 953 954 963
f 980 958 957
f 957 958 952
f 4344 4343 4352
f 982 980 957
f 1009 963 1026
f 4347 4344 4348
f 4411 4353 4360
f 1762 1776 1775
f 953 963 1009
f 4348 4344 4352
f 4360 4353 4347
f 951 957 952
f 949 952 953
f 4349 4347 4348
f 951 952 949
f 962 953 1009
f 4356 4347 4349
f 4357 4348 4352
f 981 982 957
f 960 957 951
f 1769 1775 1796
f 949 953 962
f 981 957 960
f 4410 4360 4356
f 4349 4348 4350
f 4350 4348 4357
f 4410 4356 4361
f 1760 1762 1769
f 476 487 475
f 949 962 950
f 4351 4349 4350
f 4414 4350 4357
f 948 960 951
f 948 951 949
f 948 949 950
f 4351 4350 4414
f 984 981 960
f 4410 4361 4419
f 1774 1800 1802
f 4358 4349 4351
f 4351 4414 4425
f 4361 4349 4362
f 4408 4419 4362
f 1774 1802 1786
f 1787 1774 1786
f 1760 1787 1786
f 950 962 961
f 4362 4349 4358
f 984 960 977
f 977 960 948
f 948 950 961
f 1008 961 962
f 1018 1008 962
f 1008 1018 1019
f 4358 4351 4365
f 4365 4351 4425
f 4815 4817 4816
f 3851 3852 3853
f 991 961 1008
f 2280 2279 2276
f 2279 2278 2270
f 4831 4817 4815
f 964 977 948
f 964 948 961
f 3853 3852 3854
f 964 961 991
f 4823 4824 4851
f 446 469 468
f 2270 2278 2277
f 2285 2283 2286
f 2285 2286 2289
f 2556 2572 2558
f 2558 2572 2569
f 2558 2569 2561
f 4363 4362 4358
f 4364 4358 4365
f 4832 4815 4841
f 4365 4425 4431
f 985 977 964
f 2281 2280 2276
f 2276 2279 2270
f 2271 2277 2283
f 2285 2289 2287
f 2567 2568 2547
f 530 537 531
f 4363 4358 4364
f 4368 4364 4365
f 537 533 531
f 4402 4408 4363
f 4834 4828 4829
f 986 985 964
f 531 533 532
f 3853 3854 3855
f 3202 3209 3200
f 3399 3418 3401
f 1007 1008 1019
f 2270 2277 2271
f 2558 2561 2559
f 2568 2572 2547
f 2554 2567 2547
f 539 537 530
f 4368 4365 4431
f 986 964 989
f 989 964 991
f 989 991 1008
f 989 1008 1007
f 1019 1014 1007
f 2271 2283 2285
f 2290 2287 2289
f 2554 2547 2546
f 4368 4431 4430
f 3397 3399 3398
f 3398 3399 3400
f 3399 3401 3400
f 989 1007 993
f 3400 3419 3415
f 2276 2270 2274
f 2557 2558 2559
f 2544 2570 2545
f 1615 1591 1614
f 4367 4366 4364
f 3395 3397 3396
f 4402 4366 4398
f 1536 1535 1531
f 3396 3397 3398
f 990 989 993
f 993 1007 1014
f 3414 3400 3415
f 2269 2270 2271
f 2547 2556 2555
f 2556 2558 2557
f 2557 2559 2560
f 2546 2547 2540
f 2540 2547 2548
f 536 539 530
f 2545 2554 2546
f 4370 4366 4367
f 4367 4364 4368
f 4368 4430 4426
f 530 531 532
f 986 989 988
f 2281 2276 2275
f 2275 2276 2274
f 3414 3415 3416
f 2284 2271 2285
f 2284 2285 2287
f 2287 2290 2291
f 2548 2547 2555
f 2544 2545 2540
f 2540 2545 2546
f 536 530 535
f 4367 4368 4369
f 3395 3396 3393
f 1595 1581 1592
f 1540 1581 1578
f 530 532 534
f 987 986 988
f 988 989 990
f 3416 3415 3417
f 2274 2270 2273
f 2273 2270 2269
f 3652 3651 3646
f 2553 2544 2542
f 2542 2544 2540
f 1616 1614 1617
f 1615 1614 1616
f 3392 3395 3393
f 4369 4368 4426
f 992 987 988
f 3203 3200 3206
f 2282 2281 2275
f 2334 2294 2328
f 3659 3658 3654
f 2269 2271 2272
f 2272 2271 2284
f 2557 2560 2565
f 2542 2540 2539
f 5420 5419 5432
f 1594 1595 1621
f 1616 1603 1615
f 3392 3393 3388
f 4370 4367 4371
f 4369 4426 4433
f 535 530 534
f 1547 1543 1578
f 1001 993 1014
f 2275 2274 2273
f 2284 2287 2288
f 5416 5419 5420
f 2555 2557 2564
f 2566 2557 2565
f 2539 2540 2541
f 2541 2540 2548
f 4371 4367 4369
f 1023 992 988
f 1023 988 995
f 995 988 990
f 995 990 994
f 994 993 1001
f 1001 1014 1013
f 2327 2328 2294
f 2273 2269 2272
f 3653 3655 3656
f 367 341 340
f 367 340 368
f 3394 3392 3387
f 1593 1594 1619
f 2543 2542 2539
f 2564 2557 2566
f 2539 2541 2549
f 2541 2548 2552
f 4370 4371 4372
f 1573 1578 1593
f 532 540 538
f 534 532 538
f 366 336 365
f 513 444 451
f 365 336 334
f 365 334 364
f 3655 3658 3656
f 341 364 338
f 341 338 340
f 5406 5413 5409
f 5409 5413 5418
f 5416 5420 5421
f 3387 3392 3388
f 3387 3388 3389
f 2562 2553 2543
f 2550 2539 2549
f 360 373 352
f 352 331 328
f 331 330 328
f 328 330 329
f 329 330 326
f 330 332 326
f 328 329 325
f 1797 1798 1813
f 321 322 324
f 366 361 336
f 358 335 336
f 334 335 321
f 334 321 324
f 2321 2327 2294
f 336 335 334
f 334 324 337
f 338 334 337
f 338 337 339
f 340 338 339
f 5409 5418 5415
f 2543 2539 2550
f 1620 1593 1619
f 1608 1573 1593
f 372 373 360
f 327 360 352
f 327 352 328
f 4407 4369 4433
f 1024 1023 996
f 325 327 328
f 1023 995 996
f 326 325 329
f 325 326 320
f 320 326 333
f 323 320 333
f 996 995 994
f 320 323 322
f 321 320 322
f 357 318 321
f 359 318 358
f 336 359 358
f 358 318 357
f 1000 1001 1013
f 1000 1013 1010
f 361 359 336
f 2321 2294 2293
f 5417 5422 5423
f 5416 5421 5417
f 2563 2562 2543
f 2563 2543 2551
f 2551 2543 2550
f 1608 1593 1620
f 344 371 372
f 344 372 343
f 372 360 343
f 4373 4371 4369
f 4373 4369 4407
f 343 360 327
f 4401 4370 4378
f 319 327 325
f 319 325 320
f 318 319 320
f 318 320 321
f 994 1001 1000
f 359 350 318
f 361 350 359
f 2293 2292 2298
f 5411 5416 5417
f 5415 5416 5411
f 5423 5422 5430
f 5405 5406 5409
f 3390 3387 3389
f 3390 3389 3391
f 4378 4370 4372
f 4401 4378 4400
f 1024 996 998
f 319 343 327
f 342 319 318
f 350 342 318
f 3411 3413 3412
f 362 374 351
f 5072 5073 5074
f 5072 5074 5075
f 5405 5409 5410
f 5409 5415 5411
f 5404 5406 5405
f 5408 5406 5404
f 369 371 345
f 344 345 371
f 342 344 343
f 342 343 319
f 348 342 350
f 1562 1553 1579
f 351 349 348
f 351 348 362
f 362 348 361
f 3410 3411 3412
f 5410 5409 5411
f 5423 5430 5433
f 3402 3390 3391
f 4372 4371 4373
f 3402 3391 3403
f 370 375 356
f 5429 5408 5399
f 375 369 356
f 4407 4433 4432
f 342 345 344
f 996 994 997
f 997 994 1000
f 346 342 348
f 349 346 348
f 3409 3411 3410
f 355 351 363
f 2326 2321 2293
f 5079 5074 5082
f 5412 5405 5410
f 5424 5417 5423
f 5411 5417 5425
f 5425 5417 5424
f 5424 5423 5434
f 5404 5405 5403
f 5434 5423 5433
f 5408 5404 5399
f 356 369 347
f 347 369 345
f 1607 1576 1609
f 347 345 346
f 346 345 342
f 354 349 351
f 355 354 351
f 2324 2326 2293
f 5078 5075 5074
f 5412 5410 5411
f 5403 5405 5407
f 5399 5404 5403
f 3404 3402 3403
f 5385 5386 5387
f 353 370 356
f 356 347 346
f 353 356 346
f 353 346 349
f 998 996 997
f 3052 3044 3046
f 354 353 349
f 1002 1000 1010
f 3407 3409 3410
f 3039 3044 3040
f 3045 3044 3039
f 3040 3042 3041
f 3039 3040 3041
f 5412 5411 5425
f 5402 5399 5403
f 5386 5385 5383
f 3403 3406 3405
f 3404 3403 3405
f 5342 5335 5345
f 5342 5345 5344
f 5352 5358 5357
f 3046 3044 3045
f 3408 3409 3407
f 795 787 783
f 783 787 785
f 3041 3042 3043
f 3042 3051 3049
f 3043 3042 3049
f 5427 5425 5424
f 829 835 793
f 4399 4400 4378
f 5333 5335 5342
f 5350 5352 5349
f 3405 3406 3407
f 3406 3408 3407
f 3046 3045 3047
f 997 1000 1002
f 1566 1572 1585
f 784 783 785
f 5426 5407 5412
f 5412 5425 5428
f 4382 4373 4407
f 4382 4407 4423
f 4423 4407 4432
f 5383 5385 5384
f 5342 5344 5343
f 1727 1794 1795
f 5349 5352 5355
f 5352 5357 5355
f 5355 5357 5360
f 3053 3046 3047
f 795 783 782
f 784 785 786
f 3782 3807 3801
f 3801 3807 3790
f 2323 2312 2313
f 3790 3807 3806
f 3806 3805 3787
f 3790 3806 3787
f 839 849 826
f 826 849 824
f 5403 5407 5414
f 5414 5407 5426
f 5428 5425 5427
f 5402 5403 5414
f 4372 4373 4374
f 823 841 829
f 4375 4378 4372
f 793 794 781
f 1006 1024 998
f 5332 5334 5333
f 5351 5356 5350
f 5351 5350 5348
f 5348 5350 5349
f 794 795 781
f 3778 3801 3792
f 3785 3778 3792
f 3057 3054 3053
f 1605 1589 1585
f 1605 1585 1602
f 781 795 782
f 2323 2313 2325
f 5081 5078 5080
f 4374 4373 4382
f 788 823 829
f 788 829 793
f 4399 4378 4375
f 1027 1024 1006
f 781 788 793
f 3776 3770 3781
f 6126 6138 6142
f 3783 3778 3784
f 5340 5334 5332
f 3784 3778 3785
f 5320 5355 5317
f 5320 5349 5355
f 5069 5070 5071
f 812 777 814
f 814 777 784
f 777 812 778
f 3055 3050 3056
f 826 824 819
f 5401 5402 5414
f 4375 4372 4374
f 5383 5384 5382
f 5382 5384 5400
f 5332 5333 5331
f 5436 5389 5435
f 5333 5342 5341
f 5341 5342 5343
f 5318 5348 5349
f 1006 998 999
f 999 998 997
f 4099 4100 4101
f 4100 4103 4101
f 5448 5449 5450
f 4101 4103 4104
f 5319 5349 5320
f 779 781 782
f 999 997 1002
f 4105 4106 4099
f 4105 4099 4102
f 4102 4099 4101
f 4102 4101 4107
f 784 777 779
f 783 779 782
f 4105 4102 4108
f 779 783 784
f 1002 1010 1011
f 284 234 250
f 4379 4374 4382
f 5431 5414 5426
f 827 839 826
f 819 824 799
f 799 824 823
f 799 823 788
f 5402 5401 5400
f 4381 4399 4375
f 5328 5332 5331
f 5436 5435 5371
f 1795 1816 1814
f 5435 5389 5354
f 5354 5389 5351
f 5321 5329 5326
f 5329 5340 5332
f 5329 5332 5328
f 5321 5317 5368
f 5319 5318 5349
f 6131 6122 6130
f 727 771 803
f 771 836 803
f 1826 1830 1827
f 4381 4375 4376
f 4376 4375 4374
f 5377 5383 5382
f 827 826 832
f 832 826 815
f 815 826 819
f 818 819 799
f 799 788 780
f 5312 5317 5313
f 5341 5343 5346
f 818 815 819
f 818 799 780
f 5371 5435 5362
f 5362 5435 5354
f 780 788 781
f 5354 5351 5353
f 5351 5348 5353
f 5348 5318 5316
f 776 780 779
f 779 780 781
f 777 776 779
f 777 778 774
f 727 729 771
f 801 727 803
f 1830 1841 1840
f 5401 5414 5431
f 5382 5400 5401
f 5380 5371 5363
f 5363 5371 5362
f 5362 5354 5361
f 5361 5354 5353
f 5353 5348 5316
f 5318 5319 5314
f 5315 5318 5314
f 775 818 776
f 776 818 780
f 6117 6116 6119
f 774 776 777
f 775 776 774
f 4737 4738 4735
f 725 729 727
f 4734 4737 4735
f 724 725 727
f 724 727 801
f 1845 1844 1841
f 1842 1845 1841
f 4376 4374 4377
f 4374 4379 4377
f 4391 4381 4376
f 4389 4382 4423
f 5377 5382 5381
f 1025 1027 1006
f 1025 1006 1005
f 5330 5328 5331
f 5313 5321 5322
f 5323 5326 5327
f 5347 5341 5346
f 5363 5362 5361
f 5319 5312 5314
f 5316 5318 5315
f 815 818 775
f 2378 2385 2383
f 2385 2386 2383
f 517 450 452
f 1165 1168 1166
f 4734 4735 4736
f 1166 1168 1180
f 802 801 803
f 801 802 800
f 494 495 496
f 4380 4377 4379
f 4380 4379 4389
f 5326 5328 5327
f 5331 5341 5337
f 5346 5377 5381
f 789 848 827
f 5314 5312 5306
f 5306 5312 5300
f 5300 5313 5322
f 845 850 821
f 821 850 789
f 789 827 790
f 827 832 790
f 1005 1006 999
f 5361 5353 5176
f 5176 5353 5316
f 790 832 815
f 763 790 732
f 790 815 732
f 732 815 775
f 1003 999 1002
f 731 732 774
f 732 775 774
f 730 732 731
f 725 730 731
f 1002 1011 1012
f 2382 2378 2383
f 2034 2044 2042
f 516 450 517
f 1166 1180 1169
f 800 724 801
f 4415 4381 4391
f 5327 5328 5330
f 5330 5331 5336
f 5336 5331 5337
f 5337 5341 5347
f 5311 5315 5308
f 5347 5346 5373
f 5316 5315 5311
f 5363 5361 5172
f 5361 5176 5172
f 1005 999 1003
f 730 763 732
f 1003 1002 1004
f 2631 2620 2629
f 1004 1002 1012
f 2377 2378 2379
f 2379 2378 2382
f 2382 2383 2387
f 1163 1165 1164
f 723 725 724
f 1164 1165 1166
f 722 723 724
f 1167 1166 1169
f 800 722 724
f 806 805 800
f 851 809 808
f 807 805 806
f 218 222 225
f 4377 4380 4383
f 4380 4389 4388
f 4389 4423 4428
f 5327 5330 5336
f 1181 1161 1157
f 845 821 817
f 5347 5373 5374
f 6127 6128 6129
f 5173 5363 5172
f 5172 5176 5171
f 1152 1161 1162
f 763 789 790
f 1152 1162 1153
f 726 763 730
f 1153 1162 1163
f 723 726 725
f 1153 1163 1164
f 1164 1166 1167
f 452 453 467
f 728 722 733
f 733 722 804
f 804 722 800
f 1169 1173 1170
f 804 800 805
f 1170 1173 1172
f 809 733 808
f 808 733 804
f 807 804 805
f 4391 4377 4383
f 4389 4428 4429
f 3094 3095 3093
f 1028 1025 1017
f 1017 1025 1005
f 5308 5315 5306
f 5322 5323 5324
f 1157 1161 1152
f 5373 5381 5375
f 1733 1791 1792
f 1017 1005 1003
f 6137 6127 6129
f 762 821 789
f 762 789 763
f 1152 1153 1154
f 1015 1003 1004
f 1015 1004 1016
f 762 763 726
f 2052 2054 2043
f 1004 1012 1016
f 2380 2377 2379
f 728 723 722
f 1167 1169 1170
f 1167 1170 1171
f 809 734 733
f 1525 1490 1499
f 4513 4514 4515
f 3084 3094 3093
f 3097 3094 3084
f 1182 1181 1157
f 5299 5300 5322
f 5324 5323 5325
f 5323 5327 5325
f 5305 5311 5308
f 1157 1152 1156
f 5337 5347 5374
f 1156 1152 1155
f 5374 5373 5375
f 762 817 821
f 1155 1152 1154
f 2623 2627 2630
f 762 726 736
f 736 726 723
f 3179 3186 3171
f 2384 2380 2381
f 2380 2379 2381
f 520 452 523
f 728 733 734
f 1171 1170 1172
f 1171 1172 1174
f 1174 1172 1175
f 224 218 225
f 4388 4389 4403
f 4390 4391 4383
f 4403 4389 4429
f 3084 3093 3085
f 5298 5300 5299
f 4412 4415 4391
f 5305 5308 5303
f 5308 5306 5307
f 5306 5300 5298
f 5307 5306 5298
f 5327 5336 5370
f 5325 5327 5370
f 5370 5336 5337
f 5337 5374 5388
f 5173 5172 5158
f 5158 5172 5171
f 1158 1156 1155
f 5174 5198 5173
f 837 817 769
f 769 817 736
f 736 817 762
f 6181 6182 6179
f 1174 1175 1176
f 1176 1175 1178
f 4385 4388 4403
f 3085 3093 3092
f 1159 1182 1157
f 4412 4391 4390
f 3096 3097 3084
f 1159 1157 1156
f 5303 5308 5309
f 5309 5308 5307
f 5310 5307 5298
f 5299 5322 5324
f 5311 5305 5171
f 5370 5337 5388
f 820 837 769
f 735 736 723
f 735 723 728
f 4380 4388 4385
f 4403 4429 4392
f 6310 6311 6309
f 3091 3085 3092
f 3086 3096 3084
f 1159 1156 1160
f 1160 1156 1158
f 846 834 825
f 5157 5193 5174
f 5174 5173 5158
f 735 734 741
f 811 741 810
f 489 464 465
f 1174 1176 1177
f 1177 1176 1178
f 1177 1178 1179
f 4384 4380 4385
f 4383 4380 4384
f 6310 6309 6308
f 4390 4383 4386
f 6308 6309 6248
f 3083 3084 3085
f 3083 3085 3091
f 3086 3084 3083
f 1193 1159 1160
f 5301 5298 5297
f 5297 5298 5299
f 4417 4390 4396
f 5164 5159 5155
f 5171 5305 5175
f 6232 6246 6229
f 5156 5157 5158
f 791 820 769
f 737 769 736
f 3171 3174 3172
f 737 736 735
f 739 735 741
f 4384 4385 4387
f 4385 4392 4387
f 4395 4392 4421
f 4386 4383 4384
f 4396 4390 4386
f 3083 3091 3090
f 3087 3083 3090
f 1194 1193 1160
f 5305 5303 5304
f 5304 5303 5301
f 5301 5303 5302
f 5302 5298 5301
f 5297 5299 5324
f 3086 3083 3087
f 3086 3087 3088
f 5158 5171 5166
f 5166 5171 5175
f 5365 5324 5325
f 5155 5159 5157
f 5155 5157 5156
f 834 820 791
f 6240 6202 6201
f 791 769 750
f 750 769 737
f 738 750 737
f 738 737 735
f 739 738 735
f 1183 1177 1179
f 4387 4392 4395
f 3089 3087 3090
f 3088 3087 3089
f 5164 5155 5154
f 5162 5158 5166
f 5365 5325 5398
f 6204 6208 6211
f 825 834 791
f 825 791 792
f 242 255 235
f 256 285 249
f 1283 1286 1284
f 5186 5185 5164
f 5153 5156 5160
f 5297 5324 5365
f 6346 6342 6344
f 750 792 791
f 6194 6195 6196
f 739 741 744
f 6174 6173 6172
f 6192 6245 6193
f 6193 6245 6244
f 1184 1177 1183
f 4384 4387 4393
f 98 120 83
f 83 120 119
f 6227 6226 6224
f 5187 5186 5164
f 5161 5164 5153
f 5153 5160 5161
f 5190 5192 5188
f 5160 5162 5166
f 5304 5301 5338
f 6225 6240 6236
f 6213 6212 6215
f 5175 5304 5339
f 5372 5297 5365
f 6207 6212 6213
f 825 792 796
f 740 750 738
f 740 738 739
f 742 740 739
f 739 744 742
f 248 246 194
f 148 147 128
f 4394 4384 4393
f 84 98 83
f 83 119 82
f 6221 6223 6236
f 6221 6236 6264
f 5188 5186 5187
f 5161 5160 5163
f 6264 6214 6213
f 5166 5175 5178
f 5339 5304 5338
f 5301 5297 5338
f 5338 5297 5372
f 5365 5398 5397
f 828 825 796
f 761 792 750
f 740 761 750
f 1296 1285 1295
f 1285 1283 1281
f 1281 1283 1280
f 1184 1183 1185
f 193 248 194
f 1283 1284 1280
f 316 297 315
f 128 137 131
f 24 28 27
f 25 36 28
f 27 39 38
f 4386 4394 4397
f 6222 6223 6221
f 5188 5187 5189
f 5163 5160 5166
f 5178 5175 5201
f 5201 5175 5202
f 5175 5339 5202
f 796 792 761
f 742 744 747
f 1470 1473 1472
f 6272 6274 6306
f 1295 1285 1281
f 6306 6274 6169
f 24 27 22
f 37 27 38
f 38 39 40
f 39 58 40
f 131 138 130
f 6291 6292 6305
f 130 138 149
f 84 83 81
f 5190 5188 5189
f 5165 5187 5164
f 5165 5164 5161
f 81 83 82
f 81 82 80
f 80 82 85
f 6221 6264 6218
f 2359 2369 2374
f 6264 6213 6218
f 5366 5339 5338
f 5366 5338 5369
f 5369 5338 5372
f 5372 5365 5397
f 1281 1280 1277
f 1185 1183 1186
f 1185 1186 1187
f 1280 1284 1282
f 128 131 127
f 22 27 37
f 58 63 56
f 6235 6220 6238
f 6238 6220 6239
f 80 85 86
f 6218 6213 6216
f 6213 6215 6216
f 5163 5166 5179
f 5179 5166 5178
f 5200 5178 5201
f 5202 5339 5366
f 6150 6151 6152
f 1641 1642 1636
f 144 148 128
f 1442 1449 1453
f 127 131 130
f 56 63 62
f 33 34 29
f 33 29 32
f 63 81 80
f 63 80 64
f 6219 6218 6216
f 5167 5163 5168
f 80 86 87
f 3609 3605 3608
f 5168 5163 5179
f 5179 5178 5200
f 5369 5372 5395
f 798 828 796
f 798 796 759
f 759 796 761
f 743 740 742
f 745 747 770
f 745 773 758
f 773 745 770
f 1295 1281 1293
f 1293 1281 1277
f 1277 1280 1279
f 5779 5780 5781
f 1279 1280 1282
f 25 24 21
f 41 37 38
f 29 25 26
f 32 29 30
f 40 58 56
f 62 63 64
f 3604 3606 3607
f 1458 1440 1439
f 5165 5161 5167
f 5167 5161 5163
f 3608 3605 3604
f 3604 3605 3606
f 4779 4780 4781
f 64 80 87
f 3609 3608 3610
f 87 86 88
f 3610 3608 3604
f 5201 5202 5378
f 5394 5369 5395
f 840 828 798
f 743 759 740
f 1192 1185 1190
f 5897 5896 5900
f 712 713 714
f 712 716 717
f 713 712 715
f 124 144 128
f 124 128 127
f 26 25 21
f 21 24 22
f 23 22 61
f 61 22 37
f 41 38 40
f 30 29 26
f 127 130 129
f 5390 5200 5201
f 5366 5369 5394
f 798 830 840
f 745 743 742
f 1190 1185 1188
f 1188 1185 1187
f 1188 1187 1189
f 5899 5894 5898
f 5894 5896 5897
f 5898 5894 5897
f 1189 1187 1191
f 720 719 713
f 1639 1641 1635
f 1635 1641 1636
f 61 37 41
f 5169 5165 5167
f 5167 5168 5181
f 99 97 100
f 5181 5168 5179
f 5207 5179 5200
f 5378 5366 5396
f 760 798 759
f 746 743 745
f 3898 3899 3900
f 1276 1277 1279
f 1272 1277 1276
f 5442 5443 5444
f 6522 6519 6521
f 1637 1639 1635
f 1638 1637 1633
f 2648 2658 2650
f 2650 2658 2659
f 2658 2661 2660
f 2659 2658 2660
f 42 40 56
f 2647 2648 2649
f 2649 2648 2650
f 2647 2649 2651
f 2652 2647 2651
f 2654 2652 2653
f 2653 2652 2651
f 5179 5207 5181
f 2656 2654 2655
f 2654 2653 2655
f 2657 2656 2655
f 5207 5200 5390
f 2662 2656 2657
f 5379 5390 5201
f 5379 5201 5378
f 2346 2358 2368
f 5396 5366 5394
f 797 833 830
f 797 830 798
f 746 759 743
f 3892 3887 3891
f 3891 3887 3886
f 3886 3887 3884
f 258 214 259
f 3886 3884 3881
f 3881 3884 3882
f 3897 3886 3881
f 3881 3882 3883
f 3883 3882 3885
f 3897 3881 3883
f 1293 1277 1272
f 3890 3899 3898
f 1272 1276 1273
f 142 144 124
f 127 129 126
f 5169 5167 5170
f 62 64 57
f 90 88 97
f 5379 5378 5396
f 843 833 816
f 816 833 797
f 760 759 746
f 760 746 748
f 3934 3938 3935
f 1330 1322 1323
f 1323 1328 1329
f 746 745 748
f 3895 3894 3892
f 3892 3894 3893
f 3896 3895 3892
f 3892 3893 3887
f 752 751 749
f 3883 3885 3888
f 3888 3885 3889
f 3888 3889 3890
f 2229 2223 2227
f 2227 2223 2225
f 2227 2225 2228
f 6532 6523 6522
f 1271 1272 1273
f 4786 4782 4784
f 4782 4783 4784
f 6530 6522 6521
f 6530 6521 6525
f 6521 6518 6520
f 1635 1636 1632
f 1633 1637 1635
f 123 142 124
f 124 127 126
f 41 40 42
f 56 62 57
f 6035 6039 6033
f 57 64 89
f 6032 6035 6033
f 64 87 89
f 90 97 99
f 5181 5207 5391
f 5391 5207 5390
f 797 798 760
f 1340 1326 1341
f 3934 3935 3936
f 3936 3935 3937
f 5944 5929 5943
f 3895 3901 3894
f 6488 6490 6489
f 751 748 749
f 2226 2233 2232
f 6537 6523 6534
f 2226 2232 2225
f 2223 2231 2224
f 2223 2224 2225
f 2224 2226 2225
f 6534 6523 6532
f 6532 6522 6530
f 4784 4783 4787
f 4787 4783 4789
f 4787 4789 4788
f 4784 4787 4788
f 4466 4470 4467
f 6525 6521 6520
f 42 56 44
f 5170 5167 5177
f 5177 5167 5181
f 87 88 89
f 89 88 90
f 5204 5181 5391
f 5393 5390 5379
f 764 816 797
f 764 797 760
f 5143 5141 5142
f 756 764 760
f 5142 5141 5138
f 5141 5139 5138
f 756 760 748
f 5138 5139 5140
f 751 756 748
f 756 751 754
f 1391 1392 1390
f 6491 6490 6488
f 751 752 753
f 754 751 753
f 6492 6495 6493
f 755 752 758
f 6538 6537 6534
f 6557 6569 6571
f 6535 6534 6532
f 6555 6569 6552
f 6532 6530 6524
f 6524 6530 6525
f 4466 4467 4468
f 125 124 126
f 6042 6049 6043
f 44 56 57
f 6041 6042 6040
f 5177 5181 5204
f 5391 5390 5393
f 4082 4081 4083
f 4872 4874 4873
f 5149 5148 5147
f 5147 5148 5144
f 5144 5143 5142
f 5145 5144 5142
f 4796 4797 4798
f 5065 5068 5064
f 4739 4740 4741
f 4740 4742 4741
f 6492 6493 6494
f 5487 5485 5486
f 5488 5487 5486
f 6539 6538 6534
f 1290 1272 1271
f 6551 6548 6547
f 6547 6548 6549
f 1271 1273 1274
f 6496 6497 6498
f 1274 1273 1275
f 4469 4466 4468
f 6527 6525 6520
f 1633 1635 1631
f 1631 1635 1632
f 1634 1638 1633
f 123 124 125
f 6043 6049 6050
f 6039 6041 6040
f 6031 6032 6033
f 6030 6032 6031
f 844 843 816
f 822 844 816
f 6046 6067 6071
f 4870 4872 4873
f 5147 5144 5146
f 5146 5144 5145
f 4870 4871 4872
f 3748 3749 3742
f 5151 5147 5150
f 4071 4075 4074
f 4875 4871 4870
f 3969 3965 3968
f 3965 3969 3970
f 752 755 753
f 5482 5486 5485
f 5482 5485 5484
f 5482 5484 5483
f 6535 6532 6536
f 6552 6557 6553
f 6552 6553 6554
f 6550 6547 6549
f 6524 6525 6526
f 6526 6525 6527
f 6501 6502 6499
f 1881 1889 1882
f 1880 1881 1882
f 6043 6050 6051
f 41 42 43
f 5182 5170 5177
f 6040 6042 6043
f 5203 5177 5204
f 57 89 91
f 91 89 90
f 847 844 822
f 6048 6067 6046
f 3740 3748 3742
f 5150 5147 5146
f 3740 3742 3738
f 5152 5151 5150
f 3744 3740 3737
f 3737 3740 3738
f 3738 3742 3743
f 3741 3744 3737
f 3738 3743 3745
f 3746 3744 3741
f 3737 3738 3739
f 3739 3738 3745
f 754 757 756
f 3747 3746 3741
f 3741 3737 3739
f 753 755 768
f 1370 1384 1369
f 3760 3766 3761
f 5480 5482 5483
f 259 239 254
f 6505 6509 6508
f 6505 6508 6506
f 6504 6505 6506
f 6504 6506 6507
f 6540 6541 6542
f 6555 6554 6556
f 6528 6524 6526
f 6526 6527 6531
f 1275 1278 1292
f 1882 1891 1880
f 1630 1631 1632
f 6051 6050 6052
f 43 42 44
f 5182 5177 5184
f 44 57 46
f 5392 5204 5391
f 5392 5391 5393
f 847 822 831
f 4078 4076 4080
f 5758 5761 5759
f 6047 6048 6046
f 2244 2243 2235
f 757 764 756
f 754 753 765
f 765 753 768
f 4591 4593 4587
f 4573 4591 4587
f 1290 1271 1274
f 6533 6528 6529
f 6529 6526 6531
f 6556 6560 6562
f 142 123 133
f 5180 5170 5182
f 5184 5177 5203
f 6033 6039 6040
f 46 57 91
f 91 90 92
f 852 847 831
f 4076 4078 4077
f 2235 2243 2242
f 2249 2248 2235
f 767 831 822
f 767 822 816
f 767 816 764
f 757 767 764
f 766 757 754
f 766 754 765
f 4592 4591 4574
f 4574 4591 4573
f 4654 4661 4659
f 4573 4587 4570
f 6556 6558 6560
f 4587 4596 4583
f 1629 1633 1631
f 143 142 133
f 5183 5180 5182
f 76 46 91
f 5203 5204 5437
f 5437 5204 5392
f 6044 6046 6026
f 6047 6046 6044
f 5760 5758 5757
f 5757 5758 5759
f 2237 2235 2234
f 2234 2235 2236
f 2249 2235 2237
f 2257 2251 2248
f 2259 2251 2257
f 767 757 766
f 4861 4862 4863
f 209 254 231
f 4574 4573 4572
f 4572 4573 4570
f 4570 4587 4581
f 6560 6559 6561
f 1626 1631 1630
f 1630 1632 1628
f 1445 1454 1444
f 133 123 132
f 132 123 125
f 6076 6043 6051
f 6069 6033 6040
f 76 91 94
f 663 677 674
f 5762 5760 5757
f 674 678 619
f 766 765 838
f 765 768 838
f 279 254 257
f 5121 5122 5123
f 4570 4581 4578
f 1287 1274 1275
f 1899 1900 1887
f 1896 1899 1887
f 1886 1896 1887
f 1896 1886 1890
f 4581 4587 4583
f 1629 1631 1626
f 45 43 44
f 5184 5203 5205
f 6034 6033 6069
f 93 91 92
f 5203 5437 5438
f 6031 6033 6034
f 673 677 663
f 2255 2254 2256
f 618 663 674
f 2234 2236 2238
f 2252 2248 2249
f 674 619 618
f 2473 2474 2477
f 619 678 676
f 616 676 617
f 838 768 842
f 5009 5012 5010
f 1289 1290 1274
f 5970 5968 5971
f 5713 5714 5715
f 5975 5957 5969
f 5957 5968 5969
f 5969 5968 5970
f 4579 4581 4583
f 1626 1630 1628
f 45 44 46
f 6040 6043 6076
f 94 91 93
f 6037 6031 6034
f 5437 5392 5439
f 2253 2234 2239
f 6045 6044 6025
f 2266 2255 2256
f 619 676 616
f 165 201 196
f 1378 1353 1381
f 4571 4570 4578
f 1274 1287 1288
f 1289 1274 1288
f 4578 4581 4579
f 4579 4583 4566
f 4566 4583 4569
f 1625 1629 1626
f 1444 1454 1456
f 6076 6051 6053
f 5182 5184 5254
f 6025 6026 6023
f 3161 3159 3160
f 3160 3159 3157
f 3159 3158 3157
f 3157 3158 3156
f 3164 3161 3163
f 581 619 616
f 6013 6012 6015
f 5635 5636 5637
f 4571 4578 4576
f 1626 1628 1627
f 6053 6051 6052
f 6052 6057 6054
f 45 46 47
f 5183 5182 5239
f 5239 5182 5254
f 95 94 93
f 5437 5439 5438
f 6022 6025 6023
f 3157 3156 3149
f 3162 3161 3160
f 3156 3155 3149
f 3149 3155 3154
f 6045 6025 6065
f 3163 3161 3162
f 2485 2498 2487
f 618 619 581
f 564 616 617
f 5638 5635 5639
f 4748 4749 4750
f 4751 4748 4750
f 4678 4655 4677
f 1289 1288 1291
f 4576 4578 4579
f 4576 4579 4580
f 4143 4138 4137
f 4137 4138 4139
f 4138 4143 4142
f 4569 4568 4566
f 1624 1625 1626
f 1624 1626 1627
f 146 143 133
f 133 132 134
f 6059 6076 6053
f 6054 6057 6058
f 6069 6040 6076
f 47 46 48
f 5184 5205 5206
f 6087 6088 6089
f 3149 3154 3150
f 6065 6025 6066
f 658 618 612
f 3165 3163 3162
f 612 618 581
f 2477 2485 2486
f 2480 2477 2486
f 564 581 616
f 2475 2469 2478
f 4575 4571 4576
f 4136 4135 4134
f 2644 2646 2645
f 4760 4759 4761
f 4580 4579 4582
f 1395 1349 1397
f 146 133 141
f 6053 6052 6054
f 5254 5184 5206
f 48 46 76
f 6074 6034 6069
f 76 94 95
f 5205 5203 5438
f 5438 5439 5209
f 6022 6023 6024
f 3162 3160 3144
f 3144 3160 3147
f 3160 3157 3147
f 3147 3157 3149
f 3165 3162 3144
f 560 581 564
f 2670 2672 2668
f 2705 2722 2726
f 4582 4579 4566
f 6084 6086 6085
f 96 95 93
f 6072 6037 6034
f 5750 5753 5752
f 12 13 14
f 3941 3948 3944
f 3146 3165 3144
f 612 581 562
f 562 581 560
f 5903 5901 5890
f 3591 3599 3598
f 3599 3600 3598
f 4577 4575 4576
f 4764 4753 4763
f 2635 2644 2642
f 2725 2701 2724
f 2705 2724 2704
f 2696 2717 2708
f 2708 2717 2723
f 2725 2724 2726
f 2724 2705 2726
f 1624 1627 1648
f 47 48 49
f 6083 6084 6085
f 48 76 102
f 102 76 95
f 5209 5440 5211
f 6028 6037 6029
f 3144 3147 3140
f 3143 3144 3140
f 3147 3149 3140
f 3146 3144 3143
f 3149 3150 3142
f 2480 2486 2488
f 3592 3591 3598
f 3598 3600 3601
f 4936 4941 4928
f 4941 4936 4940
f 4576 4580 4584
f 2669 2670 2668
f 2705 2693 2697
f 2697 2693 2696
f 4584 4580 4582
f 2724 2701 2704
f 2697 2696 2708
f 4582 4566 4565
f 4565 4566 4567
f 1646 1645 1625
f 141 133 135
f 135 133 134
f 5251 5254 5206
f 5206 5205 5208
f 95 96 101
f 5205 5438 5209
f 6029 6037 6072
f 665 658 657
f 3141 3149 3142
f 3142 3150 3151
f 2484 2480 2488
f 562 560 558
f 3591 3592 3593
f 4577 4576 4584
f 2669 2668 2666
f 2635 2642 2633
f 4585 4582 4565
f 1646 1625 1624
f 1646 1624 1647
f 1624 1649 1647
f 1649 1624 1648
f 51 47 50
f 5239 5254 5251
f 6068 6076 6059
f 102 95 101
f 5750 5752 5751
f 6036 6024 6023
f 6036 6023 6070
f 612 611 640
f 3151 3150 3166
f 3136 3146 3143
f 558 560 559
f 574 602 604
f 3593 3594 3591
f 5902 5889 5901
f 4924 4938 4937
f 4936 4924 4937
f 4915 4924 4936
f 4915 4936 4928
f 4915 4928 4925
f 2666 2668 2667
f 4584 4582 4585
f 50 47 49
f 134 132 136
f 66 48 102
f 1463 1436 1462
f 5208 5205 5209
f 6072 6034 6074
f 103 102 101
f 5440 5441 5213
f 3143 3140 3129
f 3131 3143 3129
f 3129 3140 3132
f 3132 3140 3141
f 3132 3141 3142
f 3143 3131 3136
f 611 561 557
f 3594 3593 3595
f 3595 3593 3597
f 2714 2706 2716
f 4586 4577 4584
f 2667 2668 2671
f 2405 2407 2403
f 2407 2408 2404
f 139 135 134
f 6059 6053 6056
f 6055 6053 6054
f 49 48 66
f 66 102 103
f 2400 2401 2396
f 5211 5440 5213
f 6080 6036 6070
f 3146 3136 3145
f 3153 3146 3145
f 3152 3153 3145
f 559 574 566
f 3596 3602 3594
f 3596 3594 3595
f 4917 4924 4915
f 286 154 287
f 3196 3198 3192
f 2775 2774 2776
f 3510 3518 3513
f 2699 2693 2700
f 2693 2694 2695
f 4916 4915 4925
f 4926 4916 4925
f 3615 3613 3612
f 2403 2407 2404
f 6053 6055 6056
f 52 51 50
f 5235 5239 5234
f 5234 5239 5251
f 5253 5206 5208
f 5208 5209 5210
f 2396 2395 2400
f 6077 6029 6072
f 5215 5213 5441
f 665 640 667
f 5749 5750 5751
f 660 640 643
f 6081 6036 6080
f 3128 3132 3142
f 3130 3131 3129
f 3128 3129 3132
f 3136 3131 3130
f 2481 2491 2493
f 2481 2493 2482
f 4918 4909 4919
f 4918 4919 4920
f 4918 4920 4921
f 3509 3518 3510
f 2699 2694 2693
f 2694 2698 2695
f 2664 2666 2665
f 4916 4926 4922
f 2665 2666 2667
f 1858 1857 1865
f 1863 1858 1864
f 4590 4585 4565
f 1447 1459 1461
f 2403 2404 2402
f 139 134 140
f 6060 6059 6056
f 134 136 140
f 53 50 49
f 5234 5251 5206
f 5230 5235 5234
f 5234 5206 5253
f 6074 6068 6063
f 2394 2392 2390
f 2395 2390 2391
f 5226 5252 5228
f 104 101 105
f 105 101 115
f 5211 5213 5212
f 3128 3142 3151
f 3128 3151 3134
f 3123 3136 3130
f 3128 3134 3127
f 3145 3136 3123
f 556 558 559
f 2482 2493 2492
f 4917 4909 4918
f 2703 2694 2699
f 4594 4586 4589
f 2663 2664 2665
f 4589 4584 4588
f 4588 4585 4590
f 2406 2405 2397
f 2397 2405 2403
f 2397 2403 2399
f 2399 2403 2402
f 2399 2402 2398
f 6061 6068 6059
f 52 50 53
f 2393 2389 2398
f 2390 2392 2388
f 2388 2389 2390
f 2390 2389 2391
f 2391 2389 2393
f 6064 6074 6063
f 5226 5228 5225
f 5225 5228 5230
f 104 103 101
f 5210 5211 5212
f 6078 6070 6077
f 3134 3151 3168
f 3130 3129 3120
f 3120 3129 3128
f 2493 2491 2495
f 563 559 566
f 4909 4914 4930
f 4906 4910 4909
f 4910 4914 4909
f 4906 4909 4904
f 4917 4904 4909
f 4939 4901 4932
f 4904 4917 4915
f 4907 4904 4915
f 3509 3510 3511
f 4933 4900 4896
f 3510 3513 3512
f 4916 4907 4915
f 2663 2665 2673
f 3512 3513 3517
f 4907 4916 4908
f 4908 4916 4922
f 3588 3586 3587
f 2673 2665 2671
f 2671 2665 2667
f 4876 4880 4879
f 2392 2397 2388
f 2397 2399 2388
f 2388 2399 2389
f 2389 2399 2398
f 6061 6059 6060
f 60 49 66
f 6075 6074 6064
f 5208 5210 5269
f 6082 6072 6074
f 77 66 103
f 77 103 107
f 6077 6072 6082
f 5214 5213 5215
f 5214 5215 5275
f 5275 5215 5283
f 668 660 647
f 6080 6070 6079
f 3134 3168 3169
f 3120 3128 3127
f 3110 3127 3111
f 3111 3127 3134
f 4913 4930 4914
f 4910 4913 4914
f 4939 4934 4927
f 4939 4927 4901
f 4932 4901 4900
f 4885 4893 4896
f 4899 4904 4907
f 3514 3509 3511
f 4896 4893 4895
f 4681 4647 4646
f 4722 4647 4681
f 3511 3510 3512
f 4899 4907 4908
f 394 393 398
f 394 398 397
f 392 393 394
f 394 397 396
f 392 394 396
f 386 385 384
f 4877 4876 4879
f 6063 6068 6061
f 53 49 60
f 6082 6074 6075
f 5269 5210 5212
f 107 103 106
f 104 105 111
f 5285 5283 5286
f 5286 5296 5295
f 6070 6078 6079
f 4724 4727 4725
f 4724 4725 4726
f 3947 3943 3950
f 5621 5580 5579
f 5616 5621 5579
f 3124 3123 3122
f 3122 3123 3121
f 3123 3130 3120
f 3123 3120 3121
f 3110 3120 3127
f 5616 5579 5567
f 4219 4216 4220
f 3139 3134 3169
f 3111 3117 3113
f 3111 3134 3117
f 3134 3139 3117
f 3117 3139 3119
f 4214 4215 4216
f 4217 4215 4214
f 4912 4913 4910
f 4913 4931 4930
f 4934 4935 4902
f 4911 4912 4910
f 4927 4934 4902
f 4445 4446 4447
f 4906 4911 4910
f 4963 4962 4961
f 277 282 264
f 4961 4962 4959
f 4898 4905 4904
f 4904 4905 4906
f 4899 4898 4904
f 4900 4901 4885
f 4893 4894 4895
f 4895 4894 4897
f 4894 4898 4897
f 4897 4898 4899
f 4900 4885 4896
f 4897 4899 4903
f 5723 5724 5717
f 4881 4903 4899
f 4895 4897 4877
f 4881 4899 4908
f 400 401 399
f 399 401 393
f 395 400 399
f 395 399 393
f 395 393 392
f 4876 4877 4878
f 402 395 392
f 2510 2511 2506
f 73 55 67
f 55 52 54
f 54 52 53
f 6062 6061 6060
f 5219 5230 5234
f 5234 5253 5223
f 5253 5208 5269
f 5269 5212 5214
f 78 77 107
f 106 103 104
f 111 105 117
f 5275 5283 5277
f 5277 5283 5285
f 646 613 614
f 3133 3124 3125
f 3632 3634 3636
f 3125 3124 3122
f 3122 3121 3112
f 3112 3121 3120
f 3107 3120 3110
f 3107 3110 3109
f 3632 3629 3634
f 3109 3110 3111
f 3109 3111 3113
f 3114 3113 3117
f 4214 4216 4219
f 4441 4442 4443
f 4214 4218 4217
f 4901 4902 4885
f 4885 4884 4886
f 4958 4959 4960
f 4893 4886 4894
f 4885 4886 4893
f 4955 4956 4957
f 3516 3514 3515
f 3195 3191 3193
f 3514 3511 3515
f 3587 3586 3585
f 4983 4974 4976
f 4897 4903 4878
f 4878 4877 4897
f 4878 4903 4881
f 59 53 60
f 5219 5234 5223
f 60 66 77
f 5221 5230 5219
f 5223 5253 5240
f 78 107 108
f 2507 2512 2500
f 108 107 106
f 106 104 111
f 5266 5281 5226
f 5286 5295 5293
f 5277 5285 5289
f 3112 3107 3106
f 3125 3122 3126
f 3122 3112 3126
f 3107 3109 3108
f 3632 3636 3637
f 3637 3636 3638
f 3109 3113 3114
f 3114 3117 3116
f 3116 3117 3119
f 4993 4994 4995
f 3628 3629 3630
f 3630 3629 3632
f 3630 3632 3639
f 3639 3632 3640
f 3631 3628 3630
f 3633 3628 3631
f 3635 3633 3631
f 4888 4887 4882
f 4882 4887 4883
f 4537 4530 4533
f 4445 4447 4450
f 4882 4883 4884
f 4885 4882 4884
f 5723 5717 5719
f 3586 3581 3585
f 70 72 67
f 72 73 67
f 67 55 54
f 78 60 77
f 5240 5253 5269
f 108 106 109
f 109 106 110
f 110 106 111
f 111 117 118
f 5286 5293 5291
f 5285 5286 5287
f 5285 5287 5288
f 5289 5285 5288
f 650 648 614
f 3126 3112 3106
f 4891 4923 4892
f 3106 3107 3108
f 3109 3114 3115
f 3114 3116 3115
f 4889 4890 4887
f 4890 4891 4887
f 4887 4891 4892
f 4889 4887 4888
f 552 554 553
f 4448 4449 4445
f 4445 4450 4448
f 3309 3308 3306
f 4673 4647 4722
f 3577 3578 3579
f 3580 3579 3578
f 3519 3515 3511
f 5719 5717 5716
f 5716 5717 5718
f 5860 5866 5864
f 69 70 67
f 67 54 65
f 54 53 59
f 79 60 78
f 5240 5269 5241
f 5241 5269 5214
f 5241 5214 5244
f 5571 5628 5623
f 5244 5214 5275
f 5222 5225 5221
f 5222 5226 5225
f 4512 4509 4508
f 5286 5291 5287
f 3135 3106 3118
f 3118 3106 3108
f 3108 3109 3115
f 3108 3115 3138
f 2764 2763 2750
f 2763 2764 2765
f 2750 2763 2761
f 4448 4450 4451
f 4451 4450 4452
f 264 204 260
f 4648 4647 4649
f 4649 4647 4673
f 5722 5723 5719
f 5721 5722 5719
f 3578 3584 3583
f 3580 3578 3581
f 3581 3578 3582
f 3578 3583 3582
f 69 67 68
f 74 75 70
f 74 70 71
f 68 67 65
f 65 54 59
f 121 75 74
f 59 60 79
f 5223 5240 5224
f 5221 5219 5217
f 5244 5275 5268
f 5275 5277 5268
f 110 112 113
f 5227 5226 5222
f 4508 4509 4510
f 5267 5266 5227
f 5266 5226 5227
f 5277 5289 5279
f 5279 5289 5288
f 5287 5291 5288
f 4649 4668 4648
f 2758 2753 2762
f 5013 5014 5015
f 1110 1151 1143
f 71 70 69
f 1061 1062 1045
f 5218 5219 5223
f 5240 5241 5224
f 5224 5241 5231
f 1062 1069 1060
f 5217 5219 5218
f 110 113 114
f 5222 5221 5217
f 659 653 675
f 5292 5293 5294
f 1094 1141 1127
f 5233 5227 5222
f 5288 5291 5290
f 1084 1087 1085
f 652 650 645
f 2752 2754 2750
f 2756 2749 2755
f 2751 2750 2761
f 578 553 588
f 2751 2761 2753
f 2748 2751 2753
f 2760 2755 2747
f 276 277 265
f 2759 2760 2747
f 2759 2747 2757
f 2757 2747 2748
f 2757 2748 2758
f 2758 2748 2753
f 4604 4605 4601
f 5721 5719 5720
f 4628 4719 4665
f 5720 5719 5716
f 1073 1072 1070
f 1070 1072 1063
f 1072 1071 1063
f 1071 1074 1046
f 1058 1061 1045
f 5250 5244 5268
f 5268 5277 5270
f 1045 1062 1060
f 1095 1096 1094
f 5270 5277 5279
f 6100 6099 6096
f 6096 6099 6097
f 5271 5222 5217
f 5279 5288 5290
f 1093 1094 1127
f 1085 1087 1138
f 1083 1084 1082
f 1082 1084 1085
f 2981 2982 2980
f 2749 2752 2745
f 2745 2752 2750
f 2745 2750 2746
f 2755 2749 2744
f 2744 2749 2745
f 2744 2745 2746
f 2746 2750 2751
f 2755 2744 2747
f 2747 2744 2746
f 2748 2746 2751
f 2748 2747 2746
f 1136 1135 1134
f 4600 4602 4603
f 1112 1136 1137
f 1112 1137 1111
f 4665 4627 4628
f 4664 4627 4665
f 5911 5866 5959
f 5866 5979 5963
f 1145 1139 1144
f 2684 2691 2680
f 2691 2688 2680
f 2680 2688 2683
f 2683 2688 2689
f 1063 1071 1046
f 2675 2684 2680
f 2690 2684 2675
f 1074 1061 1046
f 2674 2690 2675
f 1046 1061 1058
f 5231 5241 5244
f 5218 5223 5224
f 5218 5224 5229
f 5224 5231 5229
f 5623 5622 5568
f 6101 6098 6103
f 5216 5217 5218
f 1092 1095 1094
f 675 653 654
f 1042 1060 1057
f 1092 1094 1093
f 1057 1092 1093
f 654 653 652
f 5238 5227 5233
f 5573 5569 5572
f 1083 1057 1084
f 1041 1057 1083
f 1083 1082 1068
f 577 549 578
f 637 578 588
f 1135 1089 1134
f 1134 1089 1129
f 1112 1135 1136
f 1135 1112 1099
f 1109 1099 1112
f 4602 4615 4603
f 1109 1112 1111
f 1109 1111 1110
f 4626 4627 4664
f 5960 5866 5963
f 1108 1110 1143
f 2682 2680 2683
f 2681 2680 2682
f 1063 1046 1048
f 2675 2680 2679
f 2679 2680 2681
f 2677 2675 2679
f 5231 5244 5249
f 2676 2675 2677
f 3669 3665 3688
f 6102 6096 6095
f 6095 6096 6092
f 6095 6092 6091
f 6092 6098 6101
f 2674 2675 2676
f 5034 5033 5026
f 1042 1045 1060
f 5572 5568 5622
f 2980 2982 2976
f 1041 1083 1068
f 1068 1082 1081
f 1089 1088 1129
f 1089 1135 1099
f 4609 4608 4605
f 4601 4602 4600
f 1098 1099 1109
f 1107 1098 1109
f 1104 1126 1107
f 5990 5992 5993
f 1104 1107 1106
f 1106 1107 1108
f 1108 1107 1109
f 1108 1109 1110
f 2993 2994 2991
f 2692 2682 2683
f 2692 2683 2689
f 1070 1063 1059
f 1059 1063 1048
f 5249 5244 5250
f 3429 3428 3430
f 5218 5229 5232
f 2897 2900 2983
f 5279 5290 5284
f 655 661 664
f 2674 2676 2678
f 1042 1057 1041
f 2685 2674 2678
f 2685 2678 2686
f 2686 2678 2687
f 1080 1068 1081
f 5577 5596 5593
f 1080 1081 1086
f 1086 1081 1088
f 3684 3679 3683
f 1089 1086 1088
f 1037 1089 1099
f 5588 5587 5591
f 1101 1126 1104
f 4626 4615 4621
f 1102 1101 1103
f 1103 1101 1104
f 1105 1103 1104
f 1105 1104 1106
f 1139 1106 1108
f 3294 3297 3293
f 3004 2994 2996
f 1075 1070 1059
f 3009 3004 2996
f 5250 5268 5248
f 3429 3430 3431
f 5270 5279 5276
f 5276 5279 5282
f 1048 1046 1047
f 1047 1046 1044
f 5279 5284 5282
f 1046 1058 1043
f 5025 5026 5027
f 5220 5216 5218
f 1043 1058 1045
f 5028 5026 5033
f 5027 5026 5028
f 2903 2976 2902
f 2902 2976 2975
f 1043 1045 1040
f 1040 1045 1042
f 1038 1068 1080
f 1041 1068 1038
f 3670 3678 3668
f 1037 1080 1086
f 1038 1080 1037
f 1037 1086 1089
f 1097 1037 1099
f 1098 1097 1099
f 3985 3983 3982
f 1101 1100 1120
f 3982 3983 3984
f 3984 3983 3990
f 1120 1126 1101
f 3982 3984 3991
f 3984 3990 3991
f 5644 5645 5646
f 1124 1125 1122
f 1124 1122 1123
f 5534 5530 5535
f 1123 1122 1121
f 1121 1122 1116
f 1121 1116 1117
f 1114 1102 1113
f 1113 1102 1103
f 1117 1116 1115
f 1116 1114 1115
f 1113 1103 1105
f 1140 1113 1131
f 1115 1140 1133
f 1130 1131 1105
f 1130 1105 1106
f 1130 1106 1139
f 3285 3296 3294
f 3293 3295 3292
f 3059 3062 3060
f 3431 3430 3433
f 1059 1048 1049
f 5248 5249 5250
f 5268 5270 5256
f 2890 2900 2897
f 1309 1311 1305
f 5232 5229 5231
f 2897 2915 2901
f 1047 1049 1048
f 1309 1305 1308
f 1305 1306 1307
f 1308 1305 1307
f 5445 5446 5447
f 2901 2915 2903
f 1312 1309 1310
f 1310 1309 1308
f 1308 1307 1310
f 5035 5036 5037
f 2901 2903 2902
f 1044 1046 1043
f 5027 5028 5029
f 1312 1310 1314
f 5237 5216 5220
f 1315 1312 1314
f 5029 5028 5030
f 1040 1042 1036
f 1036 1042 1041
f 1036 1041 1038
f 1036 1038 1037
f 1036 1037 1035
f 1097 1035 1037
f 1098 1035 1097
f 3988 3989 3987
f 1101 1090 1100
f 3988 3987 3986
f 3986 3987 3985
f 5528 5526 5529
f 1119 1090 1102
f 1102 1090 1101
f 3986 3985 3982
f 1114 1119 1102
f 5993 5995 5994
f 5994 5995 5998
f 3982 3991 3992
f 1116 1119 1114
f 1115 1114 1113
f 1118 1117 1115
f 1118 1115 1133
f 3285 3294 3280
f 3278 3294 3290
f 3290 3294 3293
f 1075 1059 1064
f 1064 1059 1049
f 1067 1064 1049
f 5256 5270 5265
f 5265 5270 5276
f 2890 2897 2891
f 5248 5268 5256
f 2891 2897 2901
f 5232 5231 5236
f 5035 5037 5038
f 1310 1307 1313
f 1034 1040 1036
f 3672 3670 3671
f 1035 1034 1036
f 1033 1034 1035
f 1031 1033 1098
f 1033 1035 1098
f 1090 1078 1100
f 1100 1029 1120
f 1120 1031 1126
f 1126 1031 1098
f 1128 1119 1116
f 2847 2845 2838
f 2993 2991 2989
f 1067 1049 1066
f 5236 5231 5242
f 2893 2901 2902
f 1050 1049 1047
f 2902 2975 2912
f 1047 1044 1039
f 1314 1310 1316
f 1310 1313 1316
f 5031 5029 5030
f 5041 5028 5035
f 1047 1053 1051
f 1053 1047 1039
f 1039 1044 1043
f 1039 1043 1040
f 1315 1314 1317
f 5030 5028 5041
f 5031 5030 5032
f 1053 1039 1056
f 1039 1040 1032
f 1032 1040 1034
f 1319 1315 1317
f 1033 1032 1034
f 1031 1032 1033
f 1090 1077 1078
f 1029 1031 1120
f 1091 1077 1090
f 1128 1091 1119
f 3290 3293 3292
f 3069 3059 3068
f 3068 3059 3061
f 3008 3009 2996
f 2989 2991 2988
f 3061 3059 3058
f 2888 2913 2890
f 3058 3059 3060
f 5265 5276 5273
f 2884 2890 2891
f 5249 5248 5242
f 5242 5231 5249
f 1066 1049 1054
f 2899 2893 2902
f 3426 3420 3429
f 1054 1049 1050
f 5038 5037 5039
f 5038 5039 5040
f 1051 1050 1047
f 5041 5035 5038
f 1939 1938 1937
f 1055 1051 1053
f 1055 1053 1056
f 1937 1938 1932
f 5043 5032 5030
f 5043 5030 5041
f 1030 1039 1032
f 1301 1319 1317
f 5044 5032 5043
f 3674 3672 3671
f 1077 1055 1056
f 1031 1030 1032
f 5044 5043 5047
f 5052 5044 5047
f 1029 1030 1031
f 1132 1077 1091
f 4985 4986 4987
f 4986 4985 4989
f 5533 5556 5562
f 3864 3859 3860
f 4616 4672 4624
f 4637 4634 4650
f 3290 3292 3291
f 2888 2890 2883
f 3008 3013 3009
f 3058 3060 3064
f 5256 5265 5258
f 5258 5265 5273
f 2883 2890 2884
f 5247 5242 5248
f 5248 5256 5255
f 5247 5248 5255
f 2893 2891 2901
f 3426 3429 3431
f 2899 2902 2912
f 3425 3421 3426
f 1054 1050 1052
f 1052 1050 1051
f 1317 1314 1318
f 1318 1314 1316
f 1055 1052 1051
f 1937 1932 1931
f 5047 5043 5046
f 1079 1055 1077
f 4991 4990 4988
f 5049 5047 5046
f 1079 1132 1147
f 1132 1079 1077
f 4988 4990 4985
f 4988 4985 4987
f 4707 4708 4705
f 4705 4708 4714
f 4714 4708 4715
f 2789 2790 2788
f 4987 4986 4992
f 3756 3753 3752
f 3752 3751 3754
f 3277 3285 3280
f 3277 3280 3278
f 3278 3290 3282
f 3291 3292 3298
f 2989 2988 2987
f 2987 2988 2985
f 2884 2891 2892
f 2891 2893 2892
f 3432 3426 3431
f 5243 5236 5242
f 5041 5038 5040
f 1054 1052 1076
f 1065 1052 1055
f 1301 1317 1298
f 1298 1317 1304
f 1317 1318 1304
f 5043 5041 5045
f 1931 1932 1933
f 1079 1065 1055
f 3675 3672 3674
f 3675 3674 3677
f 1934 1933 1936
f 5049 5046 5050
f 545 571 570
f 4708 4712 4715
f 4715 4712 4716
f 4672 4671 4624
f 2779 2789 2788
f 2779 2788 2780
f 2780 2788 2787
f 2780 2787 2782
f 2782 2787 2786
f 4624 4671 4623
f 3756 3752 3755
f 4630 4631 4632
f 3755 3752 3754
f 3282 3290 3283
f 3290 3291 3283
f 3277 3278 3279
f 2917 2916 2953
f 5257 5256 5258
f 5257 5258 5261
f 2882 2883 2884
f 2882 2884 2892
f 2892 2893 2898
f 2898 2893 2899
f 2899 2912 2916
f 5461 5465 5467
f 5246 5242 5247
f 5461 5467 5468
f 5272 5236 5243
f 5278 5236 5272
f 5467 5471 5468
f 5041 5040 5042
f 1076 1052 1065
f 1935 1931 1934
f 5046 5045 5048
f 1065 1079 1150
f 5050 5046 5048
f 5050 5048 5051
f 1079 1147 1150
f 4671 4670 4623
f 4623 4670 4643
f 2782 2786 2785
f 4623 4643 4629
f 2791 2789 2783
f 4631 4633 4632
f 3291 3298 3287
f 3008 2996 3006
f 2097 2110 2107
f 2092 2106 2094
f 2888 2883 2879
f 2987 2985 2984
f 2919 2953 2946
f 5463 5462 5464
f 2899 2916 2910
f 3432 3431 3437
f 5466 5465 5461
f 5247 5255 5246
f 5243 5242 5245
f 5468 5471 5470
f 5045 5041 5042
f 1298 1304 1299
f 1301 1298 1297
f 1303 1301 1297
f 1935 1934 1940
f 5045 5042 5048
f 2188 2186 2189
f 2814 2834 2833
f 4629 4643 4631
f 2783 2789 2779
f 270 267 268
f 3499 3507 3506
f 3757 3755 3754
f 3283 3291 3287
f 3279 3278 3281
f 3278 3282 3281
f 3006 2996 2995
f 2996 2993 2990
f 2995 2996 2990
f 2990 2993 2989
f 2106 2107 2112
f 2990 2989 2987
f 3066 3061 3065
f 2984 2985 2986
f 3061 3063 3065
f 2910 2916 2917
f 2946 2953 2945
f 2945 2953 2952
f 5461 5462 5463
f 2879 2883 2882
f 5461 5463 5466
f 3065 3063 3071
f 2895 2892 2898
f 2898 2899 2904
f 3063 3070 3071
f 5246 5255 5259
f 5259 5255 5257
f 595 596 585
f 5245 5242 5246
f 2967 2979 2978
f 5469 5468 5470
f 5470 5471 5473
f 5473 5471 5474
f 1297 1298 1299
f 2187 2186 2184
f 1297 1299 1300
f 1297 1300 1302
f 5524 5541 5543
f 4643 4642 4631
f 4631 4642 4633
f 2778 2779 2780
f 2778 2780 2782
f 2781 2779 2778
f 2784 2782 2785
f 2784 2785 2792
f 3503 3508 3495
f 3499 3506 3500
f 3286 3283 3287
f 3281 3282 3283
f 3281 3283 3284
f 3073 3068 3061
f 3073 3061 3066
f 2889 2888 2879
f 2946 2945 2940
f 3427 3432 3434
f 3434 3432 3437
f 2904 2899 2910
f 641 596 595
f 2879 2882 2880
f 2882 2892 2895
f 3065 3071 3072
f 5257 5261 5262
f 595 585 586
f 5245 5246 5263
f 5263 5246 5259
f 586 585 584
f 584 579 583
f 2185 2186 2188
f 5519 5523 5551
f 4642 4641 4633
f 4633 4641 4639
f 589 570 576
f 4683 4653 4638
f 2778 2782 2784
f 3506 3505 3500
f 3500 3505 3504
f 3504 3503 3501
f 3501 3503 3495
f 3491 3501 3495
f 3497 3500 3502
f 3502 3501 3493
f 3286 3287 3288
f 3284 3283 3286
f 2992 2990 2987
f 2918 2917 2919
f 642 641 595
f 2905 2898 2904
f 2904 2910 2909
f 3082 3065 3072
f 2880 2882 2895
f 3071 3075 3072
f 2968 2967 2963
f 2963 2967 2962
f 5259 5257 5260
f 5461 5468 5469
f 5263 5259 5264
f 599 568 567
f 4641 4690 4639
f 599 567 582
f 3817 3827 3816
f 4635 4639 4640
f 3500 3504 3501
f 3500 3501 3502
f 3079 3073 3066
f 2943 2944 2942
f 2918 2919 2920
f 3080 3065 3081
f 595 625 642
f 628 625 624
f 3081 3065 3082
f 2879 2880 2881
f 5260 5257 5262
f 2974 2968 2973
f 2968 2963 2973
f 2811 2812 2831
f 3078 3073 3079
f 2992 2987 3000
f 3000 2987 3003
f 3709 3710 3702
f 699 700 698
f 2920 2919 2940
f 697 699 698
f 3014 3006 3015
f 3016 3014 3015
f 5691 5692 5689
f 2905 2904 2906
f 2906 2904 2909
f 697 698 696
f 2879 2881 2885
f 697 696 682
f 2966 2963 2961
f 2963 2962 2961
f 2886 2881 2894
f 682 696 679
f 2970 2971 2969
f 5469 5470 5472
f 3815 3817 3816
f 631 599 582
f 2814 2812 2809
f 4161 4177 4176
f 2809 2812 2811
f 4644 4683 4638
f 700 706 698
f 698 706 708
f 2938 2943 2942
f 2995 2990 2992
f 2940 2945 2943
f 642 628 666
f 2954 2955 2948
f 3010 3015 3006
f 3010 3006 2995
f 2922 2918 2921
f 2918 2920 2921
f 2885 2887 2879
f 2881 2880 2896
f 2880 2895 2896
f 2896 2895 2907
f 5689 5692 5690
f 2966 2961 2965
f 2961 2962 2959
f 2886 2885 2881
f 5461 5469 5476
f 5260 5262 5274
f 679 702 680
f 682 679 681
f 679 680 681
f 702 695 680
f 683 682 681
f 5475 5472 5470
f 683 681 684
f 685 683 684
f 2184 2185 2175
f 685 684 694
f 694 684 692
f 2821 2814 2809
f 4691 4675 4640
f 4688 4687 4683
f 1425 1428 1427
f 4683 4687 4684
f 4161 4176 4162
f 694 692 711
f 2831 2832 2830
f 2811 2831 2830
f 3700 3702 3701
f 2942 2939 2938
f 3702 3710 3701
f 2920 2940 2926
f 3435 3427 3434
f 2907 2905 2906
f 2961 2959 2958
f 2959 2969 2957
f 695 704 686
f 680 695 686
f 911 909 908
f 684 680 686
f 681 680 684
f 5470 5473 5475
f 1418 1425 1423
f 3815 3816 3814
f 3813 3815 3814
f 2816 2821 2809
f 4640 4675 4674
f 1427 1423 1425
f 4640 4674 4644
f 4684 4687 4686
f 4638 4640 4644
f 3709 3702 3700
f 2926 2940 2943
f 2926 2943 2938
f 2936 2939 2954
f 2995 2992 2997
f 3701 3710 3711
f 2921 2920 2925
f 2920 2926 2925
f 2998 2992 3000
f 5703 5701 5702
f 671 666 629
f 5702 5701 5691
f 3435 3434 3436
f 3227 3226 3217
f 3217 3226 3218
f 3226 3225 3218
f 2965 2961 2958
f 2958 2959 2957
f 2958 2957 2885
f 2894 2881 2896
f 1417 1421 1429
f 3218 3225 3220
f 937 911 908
f 2211 2183 2178
f 912 937 908
f 912 908 907
f 2183 2184 2175
f 915 912 907
f 1418 1426 1430
f 2809 2811 2808
f 2811 2830 2810
f 2938 2939 2936
f 2997 2992 2998
f 2935 2921 2925
f 2923 2921 2935
f 5688 5691 5689
f 3017 3016 3015
f 2924 2909 2922
f 3215 3227 3217
f 2914 2907 2908
f 2907 2906 2908
f 2958 2885 2960
f 2960 2885 2964
f 686 704 705
f 1421 1417 1420
f 909 910 905
f 908 909 905
f 3222 3220 3228
f 908 905 907
f 1417 1426 1418
f 2178 2183 2175
f 684 686 687
f 915 907 916
f 4168 4181 4171
f 692 684 688
f 4166 4161 4156
f 4161 4162 4157
f 4156 4161 4157
f 940 928 927
f 4163 4162 4165
f 3699 3700 3701
f 2926 2938 2929
f 2929 2938 2936
f 2936 2954 2948
f 2936 2948 2937
f 2937 2948 2956
f 2995 2997 3005
f 672 666 671
f 3010 2995 3005
f 2924 2922 2923
f 2922 2921 2923
f 5688 5689 5687
f 2911 2906 2909
f 5687 5689 5690
f 2950 2908 2906
f 2950 2906 2911
f 2896 2907 2914
f 2222 2211 2178
f 686 705 691
f 1420 1417 1416
f 687 686 691
f 907 905 906
f 1416 1417 1418
f 684 687 688
f 916 907 914
f 3811 3813 3812
f 1422 1418 1423
f 3812 3813 3814
f 2813 2816 2809
f 2808 2811 2810
f 3703 3700 3699
f 3701 3711 3712
f 3712 3711 3714
f 3229 3215 3212
f 3017 3015 3018
f 5747 5746 5744
f 2909 2924 2911
f 705 707 703
f 703 707 710
f 1424 1420 1416
f 691 705 703
f 687 691 690
f 1416 1418 1419
f 2174 2178 2175
f 687 690 689
f 914 907 906
f 914 906 917
f 688 687 689
f 1419 1418 1422
f 2818 2816 2813
f 4157 4163 4158
f 2809 2808 2806
f 2810 2830 2829
f 2927 2925 2926
f 2997 2998 2999
f 3379 3383 3381
f 2930 2925 2927
f 2935 2925 2930
f 3215 3217 3213
f 3212 3215 3213
f 3217 3218 3213
f 5687 5690 5676
f 3219 3218 3220
f 1416 1419 1424
f 3223 3222 3228
f 2176 2178 2174
f 3810 3811 3812
f 4156 4157 4158
f 4159 4156 4158
f 2813 2809 2806
f 4158 4163 4164
f 2929 2936 2933
f 2936 2937 2933
f 2937 2956 2949
f 2933 2937 2949
f 3230 3229 3212
f 3012 3010 3005
f 3212 3213 3214
f 5688 5687 5682
f 2924 2923 2941
f 898 899 897
f 3213 3218 3219
f 5676 5690 5693
f 5676 5693 5694
f 902 904 903
f 3219 3220 3221
f 3221 3220 3222
f 905 902 901
f 690 691 703
f 906 905 901
f 3223 3228 3231
f 913 906 901
f 689 690 693
f 918 913 919
f 701 689 693
f 4156 4159 4166
f 4166 4159 4167
f 918 919 920
f 927 918 920
f 932 927 920
f 3703 3699 3704
f 2927 2926 2928
f 2926 2929 2928
f 3005 2997 3002
f 5743 5744 5745
f 5744 5746 5745
f 2951 2924 2941
f 1703 1682 1681
f 5682 5687 5678
f 898 897 896
f 902 903 900
f 900 903 896
f 2203 2178 2176
f 3221 3222 3223
f 5501 5500 5497
f 901 902 900
f 690 703 693
f 5510 5501 5497
f 3376 3375 3374
f 913 901 919
f 3819 3818 3810
f 3810 3812 3825
f 5550 5548 5549
f 4159 4158 4160
f 4164 4160 4158
f 2808 2810 2807
f 932 920 931
f 4174 4160 4164
f 4182 4186 4170
f 2929 2933 2932
f 3699 3701 3705
f 3704 3699 3705
f 2928 2929 2932
f 3705 3701 3712
f 5710 5702 5709
f 3216 3212 3214
f 1706 1681 1693
f 5678 5687 5676
f 897 899 890
f 1693 1681 1680
f 5500 5502 5496
f 896 897 893
f 5497 5500 5494
f 2203 2176 2171
f 900 896 895
f 3221 3223 3224
f 901 900 895
f 3374 3375 3372
f 2171 2176 2174
f 5490 5491 5492
f 919 895 894
f 5612 5610 5624
f 5612 5624 5625
f 919 894 920
f 920 894 921
f 4191 4190 4159
f 5546 5553 5549
f 4160 4191 4159
f 2817 2818 2813
f 4193 4160 4174
f 4186 4174 4170
f 2807 2810 2829
f 2931 2927 2928
f 2930 2927 2931
f 3212 3216 3230
f 3002 2997 3001
f 2997 2999 3001
f 1906 1929 1905
f 1718 1706 1712
f 1712 1706 1693
f 5682 5678 5680
f 5502 5503 5496
f 5494 5495 5493
f 1669 1686 1684
f 895 896 893
f 5490 5494 5493
f 3467 3469 3468
f 2171 2174 2157
f 3367 3372 3371
f 4199 4197 4198
f 894 923 922
f 4159 4190 4172
f 922 923 935
f 4191 4194 4190
f 921 894 922
f 922 935 926
f 921 922 926
f 4193 4191 4160
f 931 921 926
f 4186 4193 4174
f 2934 2932 2933
f 2933 2949 2947
f 3705 3712 3713
f 5710 5709 5711
f 3232 3230 3216
f 863 885 881
f 5496 5499 5498
f 890 887 889
f 5496 5498 5495
f 1209 1204 1199
f 5494 5496 5495
f 5676 5694 5675
f 5672 5676 5675
f 893 889 892
f 1209 1199 1210
f 1708 1694 1709
f 893 892 894
f 894 892 923
f 923 892 924
f 3373 3374 3372
f 3467 3468 3466
f 923 924 935
f 935 924 933
f 2817 2813 2805
f 2805 2813 2806
f 3707 3708 3704
f 3704 3705 3706
f 2934 2933 2947
f 3706 3705 3713
f 878 877 873
f 3232 3216 3233
f 1906 1905 1904
f 863 881 861
f 1902 1905 1928
f 1717 1702 1701
f 1717 1718 1712
f 1701 1692 1700
f 5686 5682 5680
f 5678 5676 5672
f 889 887 888
f 892 889 891
f 2216 2203 2170
f 892 891 924
f 1662 1684 1697
f 3373 3372 3367
f 2171 2157 2160
f 3367 3371 3368
f 3367 3368 3369
f 3824 3820 3822
f 2806 2808 2807
f 3707 3704 3706
f 873 877 876
f 5849 5850 5851
f 871 881 878
f 871 878 873
f 3232 3233 3234
f 1908 1906 1904
f 1904 1905 1902
f 3007 3002 3001
f 861 881 871
f 1902 1928 1927
f 3012 3005 3011
f 3011 3005 3002
f 5499 5506 5505
f 5499 5505 5498
f 5672 5675 5673
f 924 891 925
f 924 925 933
f 4194 4192 4190
f 4190 4192 4172
f 4189 4199 4198
f 2828 2807 2829
f 6367 6361 6360
f 876 884 879
f 1715 1700 1714
f 6361 6363 6362
f 1903 1927 1914
f 6362 6363 6364
f 1902 1927 1903
f 3011 3002 3007
f 5680 5678 5677
f 5678 5672 5677
f 433 437 429
f 888 858 891
f 429 437 438
f 925 939 934
f 2215 2216 2169
f 2169 2216 2170
f 3463 3467 3466
f 3463 3466 3464
f 1662 1697 1664
f 1664 1697 1710
f 3824 3822 3826
f 1915 1916 1912
f 869 876 879
f 430 435 434
f 861 871 864
f 864 871 872
f 871 873 872
f 5681 5686 5680
f 863 861 859
f 859 861 857
f 430 434 433
f 5681 5680 5677
f 4189 4201 4199
f 4199 4201 4203
f 2156 2160 2157
f 2805 2806 2804
f 2806 2807 2804
f 2804 2807 2828
f 6370 6360 6366
f 6360 6365 6366
f 6366 6365 6369
f 1903 1914 1909
f 1908 1904 1907
f 1907 1904 1901
f 1901 1904 1902
f 1901 1902 1903
f 872 873 869
f 3235 3234 3233
f 857 861 864
f 5681 5677 5683
f 430 433 429
f 858 859 857
f 858 857 856
f 4202 4201 4189
f 404 408 406
f 408 409 406
f 2168 2160 2156
f 3470 3464 3466
f 3369 3370 3367
f 4561 4558 4560
f 2155 2172 2190
f 2817 2805 2798
f 1912 1916 1913
f 1914 1915 1909
f 1901 1903 1909
f 436 435 430
f 5707 5708 5705
f 874 869 879
f 1917 1908 1907
f 3235 3233 3236
f 870 864 872
f 5677 5672 5674
f 429 438 427
f 427 438 404
f 3465 3463 3462
f 3462 3463 3464
f 3486 3488 3481
f 4561 4560 4562
f 3481 3488 3489
f 409 414 410
f 3487 3486 3485
f 3485 3486 3481
f 2151 2155 2190
f 2819 2817 2798
f 2798 2805 2804
f 410 414 416
f 2828 2800 2804
f 2800 2828 2827
f 3959 3960 3958
f 1901 1909 1910
f 436 430 431
f 5707 5705 5706
f 5683 5677 5679
f 874 882 875
f 875 882 883
f 864 870 860
f 857 864 860
f 428 430 429
f 428 429 427
f 1203 1205 1201
f 856 857 854
f 2214 2215 2202
f 1198 1197 1196
f 3462 3464 3470
f 3481 3489 3480
f 406 409 410
f 2523 2535 2532
f 2798 2804 2800
f 3957 3959 3958
f 6372 6371 6370
f 6370 6366 6373
f 6366 6369 6384
f 1909 1912 1911
f 1911 1912 1913
f 6424 6425 6426
f 1910 1909 1911
f 5697 5705 5683
f 5684 5683 5679
f 870 869 866
f 860 870 866
f 1207 1201 1206
f 5679 5677 5674
f 875 883 886
f 857 860 854
f 854 860 862
f 426 427 404
f 941 854 938
f 5811 5812 5813
f 2202 2215 2169
f 2154 2168 2156
f 3481 3480 3476
f 3951 3954 3952
f 3951 3952 3953
f 3955 3951 3953
f 3955 3953 3957
f 6372 6370 6373
f 6373 6366 6384
f 5697 5706 5705
f 1921 1907 1918
f 1918 1907 1901
f 1917 1907 1921
f 5697 5683 5684
f 1922 1917 1921
f 428 431 430
f 867 869 874
f 867 874 875
f 866 869 867
f 867 875 880
f 428 427 426
f 5679 5674 5685
f 860 866 865
f 3472 3475 3473
f 862 860 865
f 854 862 938
f 2180 2214 2202
f 3473 3465 3472
f 403 404 405
f 3472 3465 3471
f 2202 2169 2167
f 3471 3465 3462
f 405 404 406
f 405 406 407
f 3471 3462 3470
f 3474 3471 3470
f 2154 2166 2168
f 2147 2166 2154
f 3476 3480 3477
f 2150 2146 2151
f 3485 3481 3476
f 3476 3477 3478
f 3477 3479 3478
f 3485 3476 3483
f 3478 3479 3484
f 3961 3956 3954
f 3482 3478 3484
f 3954 3956 3952
f 2798 2800 2799
f 410 416 415
f 2799 2800 2824
f 1920 1901 1910
f 6426 6431 6427
f 1919 1901 1920
f 1918 1901 1919
f 866 867 865
f 405 407 412
f 943 929 942
f 929 936 942
f 2146 2147 2151
f 2151 2147 2154
f 406 410 411
f 3483 3476 3482
f 3476 3478 3482
f 6424 6426 6427
f 6419 6420 6417
f 1921 1918 1923
f 5699 5697 5698
f 865 867 868
f 868 867 880
f 868 880 936
f 2202 2167 2165
f 2166 2147 2145
f 2164 2166 2145
f 2801 2798 2794
f 2794 2798 2797
f 2797 2798 2799
f 2799 2824 2797
f 2797 2824 2823
f 415 416 420
f 416 422 420
f 6383 6372 6374
f 6374 6372 6373
f 6375 6373 6384
f 1951 1981 1978
f 6424 6427 6428
f 436 431 432
f 1980 1979 1970
f 432 431 428
f 432 428 439
f 5699 5698 5700
f 1922 1921 1923
f 1926 1922 1923
f 1989 1991 1990
f 439 428 440
f 2180 2202 2177
f 1988 1989 1973
f 2202 2165 2177
f 403 405 412
f 1988 1973 1986
f 1988 1986 1997
f 1997 1986 1984
f 1997 1984 1996
f 411 410 415
f 420 422 423
f 422 425 424
f 423 422 424
f 6374 6373 6375
f 6375 6384 6377
f 1951 1978 1955
f 6421 6419 6411
f 1950 1982 1981
f 1950 1981 1951
f 6411 6419 6417
f 1970 1979 1969
f 1971 1980 1970
f 2218 2220 2219
f 2218 2219 2181
f 2219 2180 2181
f 439 440 441
f 1973 1989 1990
f 2180 2177 2179
f 2177 2165 2163
f 1996 1984 1994
f 407 406 411
f 6432 6433 6434
f 6376 6374 6375
f 6376 6375 6377
f 6428 6427 6429
f 1969 1982 1950
f 1954 1969 1950
f 1970 1969 1954
f 1925 1923 1924
f 1924 1923 1918
f 1980 1971 1967
f 1966 1964 1973
f 413 403 412
f 1986 1973 1984
f 1984 1983 1994
f 412 407 418
f 2161 2164 2144
f 1994 1983 1985
f 3617 3619 3618
f 6382 6374 6376
f 6378 6376 6377
f 4518 4519 4520
f 4524 4518 4520
f 1950 1951 1949
f 1951 1955 1952
f 1949 1951 1952
f 6411 6417 6415
f 1965 1980 1967
f 1954 1971 1970
f 1971 1954 1975
f 1967 1971 1975
f 1968 1965 1966
f 1966 1965 1964
f 2179 2177 2162
f 1973 1964 1962
f 3237 3238 3239
f 2162 2177 2163
f 1984 1973 1962
f 1984 1962 1961
f 1984 1961 1983
f 2162 2163 2161
f 2877 2869 2876
f 1983 1963 1985
f 418 407 411
f 3253 3264 3262
f 2794 2797 2795
f 3250 3253 3262
f 2822 2797 2823
f 2822 2823 2826
f 3838 3837 3842
f 4519 4526 4521
f 4520 4519 4521
f 6379 6382 6376
f 6379 6376 6378
f 6378 6377 6381
f 6381 6377 6423
f 6430 6428 6429
f 6411 6415 6408
f 4943 4944 4945
f 4944 4946 4945
f 1965 1967 1958
f 1964 1965 1958
f 1958 1954 1957
f 1948 1954 1950
f 1950 1949 1948
f 1948 1949 1947
f 1949 1952 1953
f 1957 1954 1948
f 1947 1949 1953
f 1964 1958 1962
f 1961 1958 1957
f 1962 1958 1961
f 1961 1957 1963
f 1948 1947 1945
f 1945 1947 1946
f 1983 1961 1963
f 1985 1963 1972
f 2803 2794 2793
f 2795 2797 2822
f 419 415 420
f 2825 2822 2826
f 3252 3250 3263
f 3837 3843 3842
f 6421 6411 6406
f 6408 6406 6411
f 4945 4946 4949
f 2217 2181 2205
f 2205 2181 2182
f 1956 1957 1948
f 1963 1957 1956
f 1956 1948 1945
f 2182 2179 2162
f 1963 1956 1972
f 418 411 417
f 417 411 415
f 417 415 419
f 2793 2794 2795
f 2795 2822 2825
f 419 420 421
f 421 420 423
f 1995 1987 1977
f 1995 1977 1992
f 4522 4520 4521
f 4522 4521 4523
f 6379 6378 6380
f 6421 6406 6423
f 2212 2217 2205
f 1945 1946 1944
f 1956 1945 1942
f 3691 3698 3696
f 3691 3696 3695
f 2132 2133 2131
f 3695 3696 3697
f 1972 1956 1942
f 1972 1942 1974
f 3264 3267 3266
f 2796 2793 2795
f 2796 2795 2802
f 2802 2795 2825
f 1987 1974 1959
f 1987 1959 1977
f 4770 4767 4771
f 1977 1976 1992
f 1992 1976 1993
f 6380 6378 6381
f 6381 6423 6386
f 6406 6408 6407
f 4947 4945 4948
f 4945 4949 4948
f 1942 1945 1944
f 1974 1942 1941
f 4770 4765 4767
f 1977 1959 1976
f 6380 6381 6385
f 6385 6381 6386
f 6386 6423 6406
f 6386 6406 6391
f 6391 6406 6407
f 4943 4945 4947
f 2182 2141 2159
f 3691 3695 3692
f 2159 2141 2139
f 1942 1944 1943
f 1941 1942 1943
f 1959 1941 1943
f 2793 2796 2815
f 2815 2796 2802
f 1959 1943 1960
f 3616 3627 3626
f 3622 3616 3626
f 4769 4768 4765
f 4765 4766 4767
f 6389 6390 6380
f 4953 4943 4947
f 2212 2205 2207
f 2205 2182 2192
f 2192 2182 2159
f 3690 3691 3692
f 2115 2117 2140
f 4768 4766 4765
f 4950 4947 4948
f 6380 6385 6387
f 6385 6386 6391
f 1237 1235 1236
f 2207 2205 2192
f 3693 3690 3692
f 6388 6389 6380
f 4953 4947 4950
f 4950 4948 4951
f 2193 2159 2138
f 2159 2139 2138
f 6392 6388 6387
f 6387 6385 6422
f 6414 6391 6407
f 6414 6407 6418
f 2212 2207 2213
f 4952 4953 4950
f 3693 3692 3694
f 6385 6391 6422
f 4952 4950 4951
f 2192 2193 2194
f 2865 2863 2872
f 6422 6391 6414
f 2204 2207 2192
f 2213 2207 2204
f 2193 2138 2191
f 2191 2138 2136
f 2204 2192 2194
f 2191 2194 2193
f 6392 6387 6393
f 6387 6422 6404
f 6486 6484 6483
f 6483 6484 6485
f 2221 2213 2204
f 4954 4952 4951
f 2871 2865 2872
f 2153 2191 2136
f 2123 2130 2129
f 1245 1237 1239
f 2204 2194 2197
f 6393 6387 6404
f 2195 2191 2153
f 2221 2204 2210
f 2123 2129 2122
f 6394 6392 6393
f 2210 2204 2206
f 2206 2204 2197
f 2196 2195 2199
f 2195 2153 2128
f 2153 2136 2128
f 6409 6392 6394
f 2199 2195 2128
f 6396 6404 6401
f 6396 6393 6404
f 2210 2206 2198
f 2206 2197 2198
f 6396 6401 6400
f 2209 2210 2198
f 2196 2198 2197
f 2201 2198 2196
f 2196 2199 2200
f 6394 6393 6395
f 6395 6393 6396
f 2208 2198 2201
f 2201 2196 2200
f 2200 2199 2128
f 2209 2198 2208
f 2200 2128 2127
f 6405 6394 6395
f 6395 6396 6397
f 6396 6400 6398
f 6397 6398 6399
f 6410 6416 6405
f 6412 6397 6399
f 6410 6405 6395
f 4232 4229 4233
f 6398 6403 6402
f 5738 5736 5737
f 4486 4484 4497
f 4492 4484 4483
f 6410 6395 6413
f 6402 6399 6398
f 5737 5736 5735
f 5735 5736 5730
f 4497 4484 4492
f 4497 4492 4493
f 6438 6435 6448
f 6412 6399 6402
f 6448 6435 6471
f 6436 6435 6438
f 4232 4234 4235
f 4235 4234 4240
f 4230 4232 4236
f 4237 4230 4236
f 4237 4236 4238
f 4239 4237 4238
f 4492 4483 4493
f 6443 6444 6436
f 5739 5740 5737
f 5733 5739 5737
f 5733 5737 5735
f 5733 5735 5730
f 4239 4238 4246
f 4287 4239 4246
f 6440 6438 6441
f 6443 6436 6439
f 5740 5739 5741
f 4236 4235 4245
f 3921 3922 3925
f 3921 3925 3924
f 5733 5730 5729
f 5729 5730 5731
f 5731 5730 5732
f 5731 5732 5734
f 3459 3454 3438
f 3438 3440 3459
f 6440 6441 6449
f 6479 6477 6473
f 6473 6477 6476
f 6477 6478 6476
f 5741 5739 5742
f 6472 6473 6474
f 6440 6449 6446
f 6474 6473 6476
f 3455 3439 3442
f 6442 6440 6445
f 6445 6440 6446
f 6463 6446 6464
f 4245 4299 4301
f 4265 4245 4301
f 3919 3920 3921
f 3924 3919 3921
f 4245 4265 4259
f 4243 4245 4259
f 4244 4243 4259
f 3924 3928 3927
f 3455 3442 3456
f 6450 6463 6465
f 3917 3920 3919
f 3919 3924 3927
f 3461 3455 3460
f 3460 3455 3456
f 6445 6446 6447
f 3456 3442 3451
f 3919 3927 3918
f 4273 4248 4274
f 3451 3442 3443
f 6447 6446 6450
f 3917 3919 3918
f 5662 5660 5665
f 3458 3460 3456
f 3458 3456 3451
f 4279 4273 4277
f 6445 6447 6470
f 5658 5660 5659
f 5659 5660 5662
f 3457 3451 3447
f 6450 6465 6466
f 5657 5658 5659
f 5661 5657 5659
f 5662 5665 5666
f 3980 3981 3977
f 6470 6447 6451
f 6451 6447 6450
f 6452 6450 6466
f 6451 6450 6452
f 5659 5662 5663
f 3977 3976 3972
f 3972 3976 3973
f 5665 5667 5666
f 6469 6470 6462
f 5666 5667 5668
f 3457 3447 3449
f 5668 5667 5669
f 3449 3447 3448
f 6462 6451 6453
f 6453 6451 6452
f 6470 6451 6462
f 3907 3915 3916
f 5661 5659 5664
f 3720 3732 3731
f 3978 3977 3972
f 3971 3978 3972
f 6453 6452 6454
f 6454 6452 6466
f 3907 3916 3905
f 3905 3916 3926
f 3733 3734 3720
f 3971 3972 3973
f 6462 6453 6456
f 6469 6462 6467
f 4253 4261 4272
f 3733 3720 3726
f 3971 3973 3974
f 3450 3449 3448
f 6460 6462 6456
f 6456 6453 6455
f 6455 6453 6454
f 4261 4292 4272
f 3913 3914 3907
f 5783 5782 5785
f 3572 3575 3566
f 3736 3733 3726
f 3720 3731 3730
f 3975 3971 3974
f 5670 5668 5669
f 5670 5669 5671
f 4001 4004 4003
f 4256 4252 4262
f 4266 4255 4293
f 3719 3726 3720
f 3719 3720 3716
f 3716 3720 3730
f 3979 3971 3975
f 5458 5460 5459
f 5775 5778 5777
f 3913 3907 3904
f 4001 4003 4002
f 5782 5783 5784
f 3576 3572 3563
f 3341 3342 3343
f 3343 3352 3351
f 3993 4002 3998
f 3993 3998 3994
f 5104 5105 5106
f 3346 3342 3338
f 3338 3342 3341
f 3343 3351 3341
f 5802 5806 5803
f 5802 5803 5800
f 3727 3722 3715
f 3715 3722 3719
f 4001 4002 3993
f 3728 3716 3730
f 6460 6456 6457
f 6456 6455 6457
f 5775 5777 5776
f 3345 3346 3338
f 3719 3716 3715
f 3728 3730 3729
f 5774 5775 5776
f 4000 4001 3993
f 3727 3715 3725
f 3336 3334 3325
f 6457 6455 6458
f 5828 5829 5830
f 3338 3341 3339
f 5799 5800 5801
f 3715 3716 3717
f 3718 3715 3717
f 3717 3716 3728
f 6457 6458 6459
f 3993 3994 3995
f 3994 3996 3995
f 3725 3715 3718
f 4550 4549 4546
f 4551 4550 4546
f 3923 3912 3911
f 4000 3993 3995
f 3574 3573 3562
f 3345 3338 3344
f 5799 5801 5804
f 3728 3729 3717
f 3995 3996 3997
f 4269 4267 4271
f 3997 3996 4007
f 5799 5804 5805
f 3524 3523 3521
f 3725 3718 3735
f 4549 4547 4546
f 6459 6458 6461
f 4000 3995 3999
f 4006 4000 3999
f 3344 3338 3340
f 3338 3339 3340
f 3339 3350 3340
f 3735 3718 3723
f 3718 3717 3721
f 5767 5768 5769
f 3995 3997 3999
f 3997 4007 4005
f 3723 3718 3721
f 3999 3997 4005
f 4148 4149 4145
f 5839 5837 5838
f 3344 3340 3347
f 3347 3340 3348
f 3340 3349 3348
f 4270 4268 4278
f 5765 5764 5766
f 3723 3721 3724
f 3326 3337 3327
f 4145 4146 4147
f 4148 4145 4147
f 4147 4146 4151
f 3929 3932 3930
f 3933 3929 3931
f 3929 3930 3931
f 5771 5772 5773
f 3327 3333 3329
f 3333 3335 3329
