v -0.053955 0.177124 -0.122559
v -0.053986 0.177124 -0.122559
v -0.053131 0.177368 -0.121460
v -0.042725 -0.467773 -0.158325
v -0.044495 -0.467285 -0.160034
v -0.042725 -0.467773 -0.158203
v -0.042877 -0.469482 -0.156616
v 0.025681 0.448730 0.056152
v 0.025146 0.450439 0.057129
v 0.025131 0.450439 0.057129
v 0.037109 0.456055 -0.020020
v 0.036718 0.458457 -0.020616
v 0.037140 0.456055 -0.020020
v 0.043823 0.349609 -0.167969
v 0.045166 0.350342 -0.166504
v 0.043945 0.349609 -0.167969
v 0.163086 -0.494873 0.085510
v 0.163574 -0.494141 0.086426
v 0.163574 -0.493408 0.086609
v 0.163574 -0.493896 0.086487
v 0.041375 0.455510 -0.021035
v 0.024345 0.451600 0.056406
v -0.058007 0.178382 -0.122527
v -0.019681 0.017217 -0.086899
v -0.017303 0.005428 -0.084330
v -0.012005 -0.000797 -0.085135
v 0.071311 0.089700 0.008892
v 0.065175 0.082390 -0.004416
v 0.067528 0.080465 0.002108
v 0.096607 0.002868 0.137650
v 0.100696 0.003137 0.141980
v 0.095167 -0.000073 0.150827
v 0.016709 0.300694 -0.122611
v 0.011922 0.289728 -0.125878
v 0.014101 0.282899 -0.123251
v 0.116946 -0.443899 0.199958
v 0.103059 -0.445042 0.199834
v 0.131268 -0.445570 0.199553
v -0.057500 -0.290304 -0.066842
v -0.057725 -0.316277 -0.074935
v -0.045434 -0.297401 -0.075022
v -0.046368 -0.274047 -0.068409
v -0.051417 -0.274247 -0.065133
v -0.045836 -0.317444 -0.086106
v -0.042740 -0.275085 -0.072275
v -0.062630 -0.337890 -0.090048
v -0.079354 -0.339630 -0.086958
v -0.067008 -0.348405 -0.096277
v -0.094396 -0.362485 -0.095187
v -0.073392 -0.367919 -0.103599
v -0.113446 -0.345329 -0.083439
v -0.107913 -0.371485 -0.094408
v -0.125177 -0.346898 -0.082102
v -0.126762 -0.314445 -0.071613
v -0.076786 -0.305725 -0.069876
v -0.087236 -0.322683 -0.075284
v -0.093835 -0.335218 -0.081283
v -0.106260 -0.317827 -0.072636
v -0.108633 -0.292448 -0.065900
v -0.101606 -0.388374 -0.098977
v -0.131439 -0.276799 -0.062139
v -0.103332 -0.266415 -0.059726
v -0.081299 -0.279482 -0.064611
v -0.078196 -0.396278 -0.109003
v -0.086917 -0.258030 -0.061633
v -0.061206 -0.266912 -0.065772
v -0.126022 -0.366890 -0.085696
v -0.052425 -0.268204 -0.064368
v -0.066499 -0.250096 -0.065660
v -0.126866 -0.381576 -0.086045
v -0.131695 -0.382900 -0.086338
v -0.083654 -0.413675 -0.106835
v -0.050171 -0.255181 -0.071958
v -0.054834 -0.245195 -0.071066
v -0.039205 -0.265647 -0.063306
v -0.127601 -0.271978 -0.062664
v -0.141147 -0.275858 -0.064060
v -0.042197 -0.268521 -0.058639
v -0.093974 -0.256375 -0.062520
v -0.096989 -0.253901 -0.054807
v -0.136735 -0.341555 -0.088910
v -0.135547 -0.359038 -0.092591
v -0.134597 -0.315226 -0.076620
v -0.140876 -0.317251 -0.082806
v -0.147567 -0.290088 -0.075424
v -0.151191 -0.274726 -0.072256
v -0.138277 -0.378333 -0.092908
v -0.156670 -0.496674 -0.094955
v -0.137869 -0.497122 -0.080251
v -0.153650 -0.497171 -0.064527
v -0.170837 -0.497161 -0.087327
v -0.136539 -0.496353 -0.097416
v -0.138515 -0.498047 -0.055420
v -0.184490 -0.496971 -0.097506
v -0.185260 -0.496721 -0.071960
v -0.189381 -0.496658 -0.079765
v -0.171794 -0.497637 -0.049426
v -0.160356 -0.496917 -0.116377
v -0.178485 -0.497114 -0.120752
v -0.203813 -0.496958 -0.105010
v -0.200361 -0.496777 -0.085619
v -0.157178 -0.496167 -0.125545
v -0.116241 -0.497923 -0.081702
v -0.186399 -0.496554 -0.057286
v -0.174492 -0.497902 -0.039695
v -0.193727 -0.496839 -0.036040
v -0.214198 -0.495805 -0.082677
v -0.132053 -0.498781 -0.061333
v -0.152594 -0.499136 -0.045321
v -0.218670 -0.497717 -0.103249
v -0.202971 -0.494711 -0.054595
v -0.219105 -0.494971 -0.050355
v -0.198027 -0.498721 -0.126649
v -0.184143 -0.498305 -0.135157
v -0.178387 -0.498061 -0.139935
v -0.159540 -0.498241 -0.144348
v -0.141431 -0.495253 -0.115414
v -0.141588 -0.493352 -0.139208
v -0.126634 -0.493122 -0.131607
v -0.131638 -0.491811 -0.154504
v -0.124754 -0.493743 -0.107082
v -0.111288 -0.492882 -0.105763
v -0.118095 -0.492789 -0.088804
v -0.155291 -0.493451 -0.145564
v -0.123537 -0.496367 -0.088001
v -0.169475 -0.499461 -0.039127
v -0.215933 -0.498956 -0.109715
v -0.143491 -0.491166 -0.151103
v -0.217850 -0.493028 -0.059630
v -0.223544 -0.497904 -0.079599
v -0.226282 -0.496980 -0.092679
v -0.114238 -0.494899 -0.128459
v -0.121187 -0.495576 -0.144846
v -0.101583 -0.496230 -0.140185
v -0.105441 -0.497012 -0.168107
v -0.087699 -0.496478 -0.163788
v -0.088889 -0.496322 -0.144073
v -0.077344 -0.496459 -0.156855
v -0.060482 -0.496019 -0.170317
v -0.055173 -0.497182 -0.132609
v -0.042569 -0.496693 -0.149917
v -0.078598 -0.496687 -0.128097
v -0.097416 -0.496465 -0.109893
v -0.053026 -0.497316 -0.128910
v -0.090893 -0.497554 -0.183984
v -0.074316 -0.497463 -0.185609
v -0.121729 -0.498091 -0.172832
v -0.078607 -0.498127 -0.116461
v -0.128343 -0.497612 -0.160183
v -0.131160 -0.497362 -0.162012
v -0.141497 -0.497028 -0.156551
v -0.085265 -0.497568 -0.112778
v -0.047581 -0.497615 -0.136726
v -0.113830 -0.498395 -0.176169
v -0.095790 -0.498750 -0.183211
v -0.105179 -0.497981 -0.184624
v -0.098147 -0.498205 -0.187977
v -0.056684 -0.494933 -0.176432
v -0.043056 -0.494480 -0.159149
v -0.054778 -0.496583 -0.123680
v -0.068108 -0.496853 -0.113747
v -0.231296 -0.495534 -0.080858
v -0.224998 -0.493750 -0.072957
v -0.229644 -0.492154 -0.057351
v -0.199352 -0.494967 -0.035203
v -0.213794 -0.493590 -0.040501
v -0.191003 -0.493692 -0.059258
v -0.196691 -0.494074 -0.081569
v -0.102969 -0.493530 -0.105840
v -0.110157 -0.488375 -0.095336
v 0.147587 -0.373757 0.087677
v 0.149942 -0.389618 0.088534
v 0.151294 -0.374847 0.070400
v 0.155449 -0.397576 0.069413
v 0.154130 -0.383476 0.056508
v 0.153368 -0.356918 0.049791
v 0.146726 -0.338354 0.088547
v 0.151745 -0.342254 0.068756
v 0.154585 -0.326827 0.045631
v 0.155212 -0.395622 0.057314
v 0.153244 -0.325846 0.071244
v 0.147961 -0.307372 0.093303
v 0.157488 -0.313921 0.063609
v 0.157884 -0.298566 0.067563
v 0.147966 -0.282584 0.096504
v 0.153428 -0.248721 0.084061
v 0.156406 -0.267356 0.073119
v 0.160902 -0.292893 0.056985
v 0.161259 -0.273690 0.048533
v 0.161726 -0.293024 0.050821
v 0.155258 -0.253266 0.072799
v 0.159277 -0.259418 0.046053
v 0.157404 -0.314315 0.053150
v 0.153147 -0.239287 0.057469
v 0.149871 -0.236947 0.084942
v 0.150472 -0.240230 0.088400
v 0.155405 -0.244938 0.042709
v 0.158871 -0.295780 0.042738
v 0.150183 -0.362312 0.036447
v 0.148142 -0.380919 0.033372
v 0.151073 -0.399301 0.040973
v 0.144706 -0.370239 0.020257
v 0.148041 -0.329924 0.025001
v 0.153538 -0.299346 0.028925
v 0.155223 -0.271508 0.030954
v 0.146857 -0.390149 0.030117
v 0.147726 -0.277558 0.012851
v 0.155879 -0.404983 0.052043
v 0.158331 -0.423139 0.039345
v 0.159114 -0.413195 0.054276
v 0.161386 -0.421655 0.054963
v 0.160950 -0.430753 0.040327
v 0.163934 -0.440022 0.041874
v 0.166798 -0.445043 0.053680
v 0.163036 -0.428860 0.061374
v 0.165690 -0.438381 0.065522
v 0.165949 -0.444216 0.066905
v 0.162699 -0.445528 0.037919
v 0.163897 -0.473726 0.041321
v 0.165941 -0.471788 0.054187
v 0.146119 -0.226277 0.071165
v 0.150408 -0.249609 0.028090
v 0.160383 -0.468397 0.033100
v 0.141816 -0.339499 0.011547
v 0.141539 -0.317774 0.006859
v 0.142679 -0.287246 0.005380
v 0.141702 -0.297926 0.004601
v 0.162808 -0.302155 0.047727
v 0.158067 -0.427960 0.035995
v 0.144941 -0.224875 0.045810
v 0.159160 -0.446332 0.032074
v 0.144315 -0.270734 0.009953
v 0.139745 -0.252409 0.009778
v 0.155213 -0.443010 0.026104
v 0.153362 -0.471034 0.021995
v 0.160384 -0.496147 0.039565
v 0.150864 -0.495743 0.017901
v 0.149940 -0.473204 0.015353
v 0.145251 -0.444722 0.015136
v 0.143546 -0.380049 0.026614
v 0.141148 -0.268898 0.006262
v 0.162232 -0.448308 0.079479
v 0.166328 -0.452736 0.053927
v 0.163090 -0.468007 0.077958
v 0.158230 -0.231176 0.093966
v 0.139237 -0.396512 0.026451
v 0.134841 -0.381029 0.022507
v 0.128081 -0.378946 0.020492
v 0.138418 -0.406826 0.026342
v 0.143395 -0.436023 0.018744
v 0.108367 -0.428070 0.016260
v 0.116475 -0.441599 0.013668
v 0.109153 -0.406456 0.023399
v 0.109215 -0.440525 0.012502
v 0.145251 -0.444722 0.015136
v 0.121594 -0.397604 0.025829
v 0.107003 -0.392478 0.025945
v 0.139187 -0.470246 0.014177
v 0.112181 -0.473102 0.012785
v 0.149940 -0.473204 0.015353
v 0.121467 -0.496946 0.014150
v 0.109762 -0.497701 0.012738
v 0.111202 -0.447072 0.013933
v 0.135662 -0.496296 0.015314
v 0.150864 -0.495743 0.017901
v 0.117416 -0.382302 0.024679
v 0.130480 -0.396993 0.025089
v 0.141453 -0.403757 0.028817
v 0.139237 -0.396512 0.026451
v 0.158331 -0.423139 0.039345
v 0.158067 -0.427960 0.035995
v 0.155213 -0.443010 0.026104
v 0.151073 -0.399301 0.040973
v 0.162979 -0.432608 0.027875
v 0.160468 -0.442968 0.025266
v 0.177158 -0.439279 0.018039
v 0.175440 -0.432664 0.024492
v 0.191401 -0.435343 0.021712
v 0.041790 -0.240569 0.061685
v 0.037548 -0.223560 0.055324
v 0.041315 -0.230446 0.044408
v 0.036268 -0.224225 0.073292
v 0.043342 -0.244986 0.079443
v 0.048653 -0.256901 0.061794
v 0.048776 -0.249731 0.044931
v 0.050501 -0.260357 0.072792
v 0.037664 -0.221771 0.087176
v 0.053676 -0.263333 0.083502
v 0.046006 -0.235968 0.098677
v 0.037293 -0.215786 0.095094
v 0.035706 -0.212882 0.113489
v 0.032388 -0.201284 0.106067
v 0.047849 -0.229137 0.120749
v 0.034232 -0.204286 0.131934
v 0.023645 -0.193518 0.111005
v 0.032804 -0.192316 0.149975
v 0.038791 -0.204901 0.149343
v 0.016192 -0.175333 0.115420
v 0.043534 -0.213826 0.143570
v 0.062934 -0.249460 0.124439
v 0.066934 -0.263197 0.110258
v 0.049564 -0.221132 0.140979
v 0.059532 -0.262636 0.097281
v 0.015312 -0.179546 0.109776
v 0.029383 -0.181337 0.146558
v 0.053082 -0.290324 0.077391
v 0.042309 -0.279063 0.042032
v 0.051296 -0.308865 0.064192
v 0.047819 -0.310210 0.044805
v 0.057604 -0.309099 0.085990
v 0.058826 -0.319734 0.059911
v 0.058405 -0.322666 0.041930
v 0.042428 -0.261889 0.041715
v 0.023961 -0.154725 0.131619
v 0.040287 -0.219018 0.043888
v 0.077147 -0.332517 0.081888
v 0.065173 -0.279962 0.102952
v 0.069365 -0.269471 0.117636
v 0.071441 -0.297969 0.103538
v 0.079688 -0.300731 0.120924
v 0.075293 -0.271687 0.130294
v 0.075705 -0.319110 0.094562
v 0.080844 -0.329988 0.098430
v 0.070480 -0.331030 0.061416
v 0.077592 -0.338254 0.065950
v 0.071730 -0.335950 0.041113
v 0.081283 -0.347413 0.046959
v 0.073849 -0.263270 0.119269
v 0.046671 -0.210960 0.150389
v 0.038697 -0.210844 0.090159
v 0.041549 -0.211692 0.069827
v 0.033723 -0.198329 0.077958
v 0.034676 -0.191340 0.099299
v 0.030571 -0.185339 0.096571
v 0.042056 -0.208147 0.060195
v 0.025933 -0.189749 0.057026
v 0.018568 -0.176495 0.090252
v 0.025590 -0.190552 0.074071
v 0.013501 -0.166197 0.087547
v 0.015750 -0.171799 0.062152
v 0.004977 -0.155509 0.071474
v 0.007488 -0.157683 0.048899
v 0.025901 -0.185878 0.041583
v -0.000374 -0.145257 0.066051
v -0.003294 -0.122462 0.044247
v -0.003762 -0.119153 0.064426
v -0.007779 -0.106590 0.064488
v -0.004617 -0.091530 0.096565
v 0.001725 -0.117547 0.088010
v -0.010344 -0.081901 0.086734
v -0.015702 -0.069742 0.067387
v -0.013390 -0.078920 0.050808
v -0.021096 -0.056990 0.030939
v -0.025869 -0.043524 0.058624
v -0.019608 -0.051718 0.080695
v -0.029541 -0.021902 0.069770
v -0.030888 -0.036041 0.048014
v -0.010424 -0.063552 0.095243
v -0.008717 -0.075232 0.097208
v -0.027189 -0.048512 0.022864
v -0.012266 -0.077200 0.036340
v -0.006039 -0.099938 0.039922
v 0.014580 -0.159144 0.030591
v 0.045200 -0.207713 0.041987
v 0.027012 -0.174832 0.023123
v 0.034382 -0.186615 0.106421
v 0.012339 -0.124099 0.012947
v 0.043816 -0.222997 0.155307
v 0.039438 -0.224957 0.172475
v 0.010775 -0.102041 0.009730
v 0.054606 -0.296125 0.025683
v -0.041311 -0.021472 0.055084
v 0.058645 -0.310812 0.026991
v 0.069441 -0.324129 0.029682
v 0.007432 -0.076953 0.003249
v -0.008718 -0.063097 0.017257
v -0.003333 -0.055405 0.002269
v 0.052177 -0.279437 0.025130
v 0.043692 -0.198024 0.029104
v 0.054297 -0.209770 0.029121
v 0.028349 -0.166469 0.015416
v 0.020915 -0.162639 0.122346
v 0.024033 -0.139304 0.006689
v 0.046968 -0.189582 0.013800
v 0.059697 -0.245744 0.029923
v -0.043327 -0.031172 0.041203
v -0.040735 -0.043082 0.016760
v 0.084947 -0.342270 0.035172
v 0.024538 -0.189542 0.108377
v -0.054225 -0.034571 0.026837
v 0.100970 0.007535 0.047612
v 0.106591 -0.011750 0.063977
v 0.103248 -0.016090 0.038125
v 0.099575 0.001615 0.035684
v 0.099893 -0.005498 0.030161
v 0.101699 0.011563 0.067517
v 0.104284 -0.023059 0.046948
v 0.107122 -0.034483 0.063391
v 0.105294 -0.049421 0.048286
v 0.109203 -0.057395 0.067087
v 0.109597 -0.073383 0.060483
v 0.107249 -0.079120 0.050609
v 0.106640 -0.109038 0.051800
v 0.109939 -0.090915 0.072395
v 0.112216 -0.114299 0.071038
v 0.109882 -0.077248 0.071253
v 0.109235 -0.116627 0.056477
v 0.110383 -0.144947 0.041069
v 0.101214 -0.095717 0.043587
v 0.111574 -0.095535 0.074769
v 0.110263 -0.112742 0.085117
v 0.098932 -0.019778 0.030204
v 0.107998 -0.096035 0.090143
v 0.106490 -0.112023 0.104502
v 0.106759 -0.093112 0.105523
v 0.100229 -0.102927 0.129193
v 0.106581 -0.087020 0.106782
v 0.103271 -0.111724 0.114716
v 0.102842 -0.062676 0.105510
v 0.093749 -0.064335 0.123252
v 0.098050 -0.037363 0.105311
v 0.089788 -0.040570 0.119576
v 0.087544 -0.022959 0.115281
v 0.088858 0.002381 0.105215
v 0.094753 0.003135 0.098497
v 0.073827 0.002528 0.121598
v 0.087716 -0.081815 0.135562
v 0.111285 -0.136861 0.047560
v 0.106625 -0.119747 0.073249
v 0.103848 -0.149907 0.084197
v 0.105269 -0.162536 0.069787
v 0.101971 -0.119978 0.087569
v 0.102466 -0.163020 0.082547
v 0.106518 -0.164649 0.039751
v 0.094440 -0.143927 0.103273
v 0.094671 -0.119119 0.100648
v 0.094224 -0.159807 0.098634
v 0.088077 -0.118353 0.109157
v 0.087072 -0.138414 0.111736
v 0.082641 -0.117621 0.114717
v 0.090492 -0.101214 0.137650
v 0.102100 -0.147285 0.027440
v 0.075361 -0.026204 0.125975
v 0.081446 -0.047295 0.128408
v 0.084424 -0.067590 0.132098
v 0.114528 -0.045844 0.073171
v 0.111004 -0.015435 0.070611
v 0.107883 -0.021885 0.085219
v 0.109072 -0.045156 0.100082
v 0.113362 -0.073395 0.102284
v 0.119109 -0.087352 0.081203
v 0.115848 -0.089374 0.104736
v 0.106629 0.000447 0.069538
v 0.101212 0.000636 0.086001
v 0.103921 -0.028628 0.100498
v 0.092933 0.014266 0.086608
v 0.116523 -0.092193 0.076392
v 0.079497 0.017612 0.104994
v 0.074753 0.016098 0.114318
v 0.075958 0.003881 0.121146
v 0.116365 -0.073829 0.076124
v 0.037333 0.073622 0.111214
v 0.020383 0.086037 0.111829
v 0.017987 0.074514 0.112506
v 0.019261 0.114608 0.110404
v 0.036289 0.116112 0.109260
v 0.020510 0.052061 0.111696
v 0.037201 0.053233 0.110783
v 0.045976 0.069978 0.101167
v 0.043459 0.052196 0.104271
v 0.041227 0.115917 0.103056
v 0.062122 -0.205163 0.158516
v 0.045133 -0.196214 0.156790
v 0.056341 -0.211211 0.154480
v 0.046671 -0.210960 0.150389
v 0.038791 -0.204901 0.149343
v 0.032804 -0.192316 0.149975
v 0.062962 -0.185995 0.160779
v 0.029383 -0.181337 0.146558
v 0.058775 -0.174841 0.156631
v 0.036710 -0.167982 0.145724
v 0.058293 -0.163353 0.152196
v 0.041117 -0.151447 0.140479
v 0.023961 -0.154725 0.131619
v 0.055659 -0.145480 0.142377
v 0.078331 -0.142518 0.137995
v 0.083410 -0.161396 0.146755
v 0.085142 -0.188240 0.157404
v 0.078955 -0.210270 0.152128
v 0.075527 -0.230237 0.140733
v 0.061712 -0.217082 0.148922
v 0.073989 -0.239664 0.134599
v 0.086041 -0.242523 0.130632
v 0.079660 -0.257639 0.123882
v 0.089159 -0.221840 0.141365
v 0.093047 -0.194036 0.148754
v 0.062934 -0.249460 0.124439
v 0.056603 -0.222825 0.143143
v 0.073849 -0.263270 0.119269
v 0.078301 -0.264962 0.121375
v 0.049564 -0.221132 0.140979
v 0.051326 -0.221727 0.162458
v -0.109416 0.215460 -0.063726
v -0.103694 0.207734 -0.075561
v -0.107186 0.199020 -0.061539
v -0.114471 0.224377 -0.054315
v -0.119021 0.220352 -0.042633
v -0.128500 0.234705 -0.026593
v -0.118651 0.233845 -0.048085
v -0.128591 0.217534 -0.017098
v -0.134172 0.241770 -0.011226
v -0.116272 0.198836 -0.032884
v -0.121881 0.206960 -0.021158
v -0.100762 0.185711 -0.065937
v -0.109450 0.193027 -0.047862
v -0.134228 0.230547 -0.003689
v -0.096059 0.189042 -0.077835
v -0.127989 0.249169 -0.029085
v -0.121169 0.245002 -0.044166
v -0.097886 0.205963 -0.083127
v -0.088172 0.201633 -0.097865
v -0.078724 0.183404 -0.100520
v -0.130582 0.263786 -0.018081
v -0.135373 0.258456 -0.007062
v -0.139636 0.273106 -0.003326
v -0.140031 0.265144 0.007725
v -0.137450 0.252172 0.007567
v -0.130173 0.213242 0.006149
v -0.135138 0.229553 0.008564
v -0.076731 0.190656 -0.106792
v -0.066676 0.183182 -0.116251
v -0.087444 0.177169 -0.080336
v -0.070262 0.223364 -0.119384
v -0.078547 0.220771 -0.110212
v -0.074078 0.230233 -0.116044
v -0.119427 0.255079 -0.042428
v -0.126295 0.260015 -0.026888
v -0.122472 0.267586 -0.040001
v -0.123530 0.281407 -0.024648
v -0.081020 0.210006 -0.106858
v -0.070428 0.256216 -0.117795
v -0.073509 0.250887 -0.115587
v -0.058942 0.257454 -0.131358
v -0.064268 0.263801 -0.126131
v -0.062363 0.269471 -0.132424
v -0.050133 0.253861 -0.138181
v -0.054365 0.280921 -0.141792
v -0.131829 0.284630 -0.004518
v -0.123030 0.286204 -0.013520
v -0.117760 0.300379 -0.011739
v -0.055020 0.220598 -0.128519
v -0.059382 0.204060 -0.121433
v -0.062937 0.193788 -0.119293
v -0.064173 0.184673 -0.121579
v -0.062744 0.180908 -0.124634
v -0.124418 0.291979 -0.035089
v -0.047358 0.278738 -0.145126
v -0.053870 0.301978 -0.145588
v -0.118594 0.304033 -0.003101
v -0.113069 0.308211 -0.008897
v -0.089555 0.174316 -0.069711
v -0.079332 0.164102 -0.077158
v -0.096660 0.166855 -0.050723
v -0.091101 0.140256 -0.049831
v -0.078972 0.139484 -0.068164
v -0.085783 0.133948 -0.058753
v -0.097762 0.119955 -0.041178
v -0.072349 0.125294 -0.078074
v -0.102899 0.184481 -0.047678
v -0.096594 0.143179 -0.035215
v -0.067181 0.142285 -0.080783
v -0.066779 0.160170 -0.087848
v -0.100961 0.157847 -0.022240
v -0.098969 0.133532 -0.019352
v -0.110221 0.187927 -0.006472
v -0.101193 0.118518 -0.015614
v -0.108919 0.190754 -0.022622
v -0.101180 0.143825 0.000737
v -0.104321 0.164419 -0.003649
v -0.100540 0.122713 -0.008005
v -0.115161 0.197048 -0.004112
v -0.099139 0.115093 0.005585
v -0.101448 0.163673 0.025084
v -0.097535 0.135485 0.028614
v -0.097856 0.107763 0.014199
v -0.107364 0.184456 0.009029
v -0.109853 0.199578 0.018276
v -0.132550 0.241124 0.025362
v -0.093055 0.122562 -0.053670
v -0.088967 0.125919 -0.059994
v -0.084243 0.130171 -0.064960
v -0.134614 0.254852 0.019343
v -0.097558 0.172091 0.044090
v -0.096346 0.162594 0.042633
v -0.093430 0.133646 0.042002
v -0.090382 0.108981 0.042958
v -0.128689 0.228526 0.027675
v -0.118892 0.204493 0.020526
v -0.076873 0.232660 -0.116290
v 0.071046 0.051092 0.041345
v 0.082848 0.053195 0.038830
v 0.082354 0.050687 0.053237
v 0.075718 0.049046 0.061424
v 0.066102 0.049020 0.056381
v 0.070543 0.048735 0.070362
v 0.055627 0.049610 0.065399
v 0.072258 0.055794 0.031121
v 0.080482 0.053416 0.032972
v 0.063744 0.051107 0.075529
v 0.045422 0.052140 0.072777
v 0.075693 0.052823 0.022996
v 0.081783 0.049898 0.017083
v 0.101696 0.051160 0.032860
v 0.088228 0.050103 0.009121
v 0.118063 0.051581 0.025840
v 0.107747 0.050480 -0.004141
v 0.119929 0.051790 -0.001290
v 0.127438 0.052155 0.007713
v 0.087680 0.054075 0.051674
v 0.183257 0.300598 0.043813
v 0.185270 0.297980 0.056367
v 0.184786 0.270965 0.052332
v 0.186173 0.270586 0.066482
v 0.178845 0.268576 0.032004
v 0.177631 0.309700 0.030378
v 0.181103 0.324967 0.049707
v 0.173053 0.292688 0.020149
v 0.173180 0.279059 0.019771
v 0.170952 0.337285 0.028272
v 0.169826 0.300165 0.014969
v 0.175241 0.260829 0.026343
v 0.161246 0.325649 0.008907
v 0.163837 0.339409 0.018051
v 0.174069 0.343751 0.047904
v 0.165006 0.264246 0.010011
v 0.170818 0.257174 0.015577
v 0.167455 0.278924 0.012451
v 0.161156 0.300174 0.004435
v 0.148195 0.310606 -0.008940
v 0.152284 0.339518 0.003291
v 0.144380 0.321574 -0.010494
v 0.141731 0.340021 -0.007646
v 0.161418 0.275094 0.007466
v 0.163345 0.285602 0.009214
v 0.155825 0.284863 0.002988
v 0.150512 0.294538 -0.005241
v 0.177395 0.260745 0.040443
v 0.177476 0.263832 0.048063
v 0.180137 0.259182 0.047080
v -0.103247 0.116330 -0.086107
v -0.093707 0.094087 -0.094327
v -0.095464 0.064810 -0.095038
v -0.104157 0.059841 -0.088492
v -0.096106 0.121833 -0.089903
v -0.085974 0.120709 -0.100759
v -0.085563 0.094548 -0.104000
v -0.086769 0.060251 -0.106140
v -0.092730 0.056124 -0.094764
v -0.084762 0.113183 -0.103969
v -0.106154 0.081493 -0.079520
v -0.107202 0.095495 -0.078284
v -0.104892 0.056303 -0.083479
v -0.104365 0.119573 -0.075954
v -0.100158 0.123875 -0.069932
v -0.085722 0.127414 -0.080158
v 0.118418 -0.293752 0.122085
v 0.109498 -0.308427 0.124709
v 0.124962 -0.319147 0.114720
v 0.105965 -0.288421 0.130411
v 0.113310 -0.269617 0.127943
v 0.102223 -0.266524 0.136622
v 0.109444 -0.327560 0.119924
v 0.127707 -0.337469 0.112065
v 0.110455 -0.355215 0.118170
v 0.129859 -0.358717 0.110686
v 0.137447 -0.303907 0.104686
v 0.109577 -0.253909 0.130042
v 0.129966 -0.277767 0.112177
v 0.147966 -0.282584 0.096504
v 0.138441 -0.328692 0.100731
v 0.147961 -0.307372 0.093303
v 0.147253 -0.261270 0.095965
v 0.134738 -0.258084 0.106020
v 0.147282 -0.242321 0.093231
v 0.123206 -0.255924 0.113567
v 0.146726 -0.338354 0.088547
v 0.147587 -0.373757 0.087677
v 0.141485 -0.237686 0.096160
v 0.102097 -0.258265 0.135120
v 0.153428 -0.248721 0.084061
v 0.150472 -0.240230 0.088400
v 0.138362 -0.380068 0.103793
v 0.149942 -0.389618 0.088534
v 0.130846 -0.379812 0.114834
v 0.126686 -0.219090 0.098672
v 0.115357 -0.237609 0.114107
v 0.116096 -0.224728 0.109669
v 0.114567 -0.247405 0.118290
v 0.119836 -0.214618 0.101765
v 0.107698 -0.209539 0.109214
v 0.108347 -0.186714 0.099878
v 0.099748 -0.196158 0.115865
v 0.097105 -0.210086 0.120076
v 0.097951 -0.223450 0.115321
v 0.105921 -0.219713 0.110511
v 0.109825 -0.376728 0.122051
v 0.090653 -0.231627 0.121961
v 0.139254 -0.230147 0.093922
v 0.096613 -0.181383 0.114098
v 0.098890 -0.172731 0.104040
v 0.091778 -0.172202 0.115120
v 0.126718 -0.393201 0.125336
v 0.134085 -0.397857 0.122903
v 0.120106 -0.203557 0.091615
v 0.129137 -0.207373 0.086193
v 0.143490 -0.226933 0.084982
v 0.119659 -0.394977 0.131527
v 0.105664 -0.393518 0.135530
v 0.111432 -0.230607 0.108458
v 0.099498 -0.397040 0.141615
v 0.148259 -0.235135 0.100901
v 0.157088 -0.234201 0.099349
v 0.171011 -0.229412 0.101596
v 0.165762 -0.225414 0.105248
v 0.179840 -0.222634 0.103936
v 0.146662 -0.228675 0.100515
v 0.077095 -0.417731 0.140023
v 0.081321 -0.434888 0.151841
v 0.085974 -0.429687 0.154764
v 0.073959 -0.439190 0.141638
v 0.090251 -0.405051 0.143333
v 0.087531 -0.398159 0.133359
v 0.099911 -0.423339 0.158976
v 0.113994 -0.409588 0.147906
v 0.124646 -0.398240 0.137044
v 0.128738 -0.421741 0.151187
v 0.127725 -0.411763 0.145330
v 0.090990 -0.383531 0.121680
v 0.091915 -0.377342 0.118377
v 0.090245 -0.358051 0.114050
v 0.085023 -0.330365 0.114143
v 0.079688 -0.300731 0.120924
v 0.086687 -0.269449 0.133368
v 0.075293 -0.271687 0.130294
v 0.077476 -0.446139 0.141614
v -0.078786 0.395670 -0.029288
v -0.068937 0.386756 -0.049535
v -0.081235 0.375975 -0.034346
v -0.056084 0.408528 -0.057289
v -0.077199 0.361689 -0.044166
v -0.069831 0.366816 -0.055633
v -0.049890 0.393428 -0.069061
v -0.058001 0.370339 -0.067294
v -0.037462 0.416747 -0.072864
v -0.086733 0.370972 -0.023389
v -0.086202 0.387876 -0.013747
v -0.093505 0.362489 -0.006478
v -0.097134 0.370653 0.016050
v -0.080048 0.350780 -0.036323
v -0.074359 0.363746 -0.053051
v -0.096100 0.354693 0.001589
v -0.084856 0.342860 -0.022616
v -0.087271 0.338333 -0.016196
v -0.090972 0.331289 -0.005016
v -0.093391 0.331590 0.003604
v -0.093875 0.326863 -0.002590
v -0.097174 0.326499 0.005345
v -0.099319 0.319888 0.002021
v -0.050467 0.371425 -0.072709
v -0.029970 0.404301 -0.080284
v -0.036658 0.367624 -0.081067
v -0.106930 0.312941 0.002935
v -0.110424 0.315483 0.012726
v -0.023414 0.419469 -0.079547
v -0.113201 0.309978 0.007238
v -0.020336 0.402774 -0.084013
v -0.021321 0.386281 -0.083199
v -0.019534 0.363646 -0.084857
v -0.043443 0.365903 -0.087844
v -0.090938 0.362834 0.031704
v -0.090400 0.330295 0.013076
v -0.084588 0.329492 0.023899
v -0.146749 0.145725 -0.095471
v -0.151693 0.144605 -0.092195
v -0.141513 0.132685 -0.101782
v -0.134881 0.144946 -0.103825
v -0.145183 0.124627 -0.097995
v -0.150734 0.121547 -0.090001
v -0.136630 0.119897 -0.115639
v -0.123392 0.139705 -0.117176
v -0.113455 0.117299 -0.137480
v -0.124396 0.107053 -0.128738
v -0.131734 0.100200 -0.120914
v -0.110087 0.137317 -0.128856
v -0.100675 0.126361 -0.141265
v -0.101940 0.143350 -0.133028
v -0.093836 0.130769 -0.145093
v -0.108203 0.152278 -0.120632
v -0.123274 0.149270 -0.109399
v -0.142807 0.124859 -0.107339
v -0.103637 0.149025 -0.124328
v -0.122430 0.160792 -0.096201
v -0.102004 0.158160 -0.119594
v -0.101477 0.175726 -0.101418
v -0.122141 0.173833 -0.083948
v -0.104708 0.190412 -0.087132
v -0.124174 0.179846 -0.077223
v -0.109416 0.215460 -0.063726
v -0.120501 0.207438 -0.061416
v -0.114471 0.224377 -0.054315
v -0.103694 0.207734 -0.075561
v -0.097886 0.205963 -0.083127
v -0.087970 0.175467 -0.117299
v -0.088172 0.201633 -0.097865
v -0.079479 0.187590 -0.123228
v -0.133911 0.195974 -0.064189
v -0.118651 0.233845 -0.048085
v -0.081020 0.210006 -0.106858
v -0.145990 0.122608 -0.102181
v -0.147984 0.186548 -0.069007
v -0.141908 0.167971 -0.086435
v -0.140476 0.202470 -0.059768
v -0.136246 0.221467 -0.052350
v -0.153002 0.177976 -0.076850
v -0.139278 0.152682 -0.104821
v -0.095336 0.116647 -0.143411
v -0.086802 0.128872 -0.153983
v -0.143476 0.107083 -0.105107
v -0.146448 0.104398 -0.101411
v -0.137083 0.111621 -0.118697
v -0.141592 0.104439 -0.110868
v -0.100666 0.110155 -0.138123
v -0.177661 0.127857 -0.082550
v -0.167226 0.105524 -0.084615
v -0.156949 0.090591 -0.090983
v -0.144988 0.099834 -0.095898
v -0.138842 0.091128 -0.099933
v -0.149792 0.076854 -0.102211
v -0.172889 0.068334 -0.090913
v -0.131059 0.078860 -0.109965
v -0.144475 0.071141 -0.113894
v -0.168236 0.055623 -0.104574
v -0.179734 0.056138 -0.090555
v -0.178116 0.044122 -0.100525
v -0.187884 0.058863 -0.080673
v -0.184722 0.028134 -0.098209
v -0.171433 0.042594 -0.117399
v -0.182353 0.028195 -0.108601
v -0.158524 0.054502 -0.121016
v -0.186434 0.037530 -0.083935
v -0.192332 0.047785 -0.073654
v -0.194443 0.071507 -0.074849
v -0.188471 0.084171 -0.079491
v -0.128330 0.085803 -0.106613
v -0.123849 0.082488 -0.117979
v -0.122535 0.090683 -0.115924
v -0.113901 0.094980 -0.124386
v -0.199927 0.054034 -0.063915
v -0.204889 0.081853 -0.068261
v -0.199360 0.105280 -0.074874
v -0.182630 0.094650 -0.081571
v -0.195303 0.126078 -0.078329
v -0.210022 0.063181 -0.057357
v -0.204856 0.055667 -0.059765
v -0.209700 0.053171 -0.060236
v -0.225096 0.052480 -0.061913
v -0.217025 0.047155 -0.062509
v -0.173291 0.144328 -0.088359
v -0.186591 0.143525 -0.087594
v -0.154686 0.170278 -0.086833
v -0.195947 0.146566 -0.088483
v -0.227651 0.043142 -0.072240
v -0.231230 0.048397 -0.068420
v -0.223798 0.040538 -0.074004
v -0.226437 0.035338 -0.082348
v -0.237270 0.036910 -0.085043
v -0.227059 0.029957 -0.090078
v -0.237537 0.030521 -0.097370
v -0.225331 0.028714 -0.099051
v 0.090400 0.254203 -0.149817
v 0.081200 0.260606 -0.124656
v 0.079474 0.247122 -0.130062
v 0.090058 0.274221 -0.137427
v 0.086030 0.282065 -0.123925
v 0.086409 0.235850 -0.148001
v 0.096001 0.240462 -0.166098
v 0.084034 0.228083 -0.145569
v 0.077991 0.216563 -0.135109
v 0.083623 0.207427 -0.149199
v 0.100027 0.251738 -0.166459
v 0.081219 0.196658 -0.151469
v 0.081655 0.271246 -0.115745
v 0.071087 0.196308 -0.137032
v 0.067814 0.214319 -0.123513
v 0.063332 0.230088 -0.115902
v 0.066535 0.239638 -0.117006
v 0.061944 0.261394 -0.107256
v 0.098887 0.262094 -0.154414
v 0.059052 0.251843 -0.107517
v 0.059920 0.243535 -0.111330
v 0.083083 0.276733 -0.108557
v 0.087646 0.284318 -0.111005
v 0.065115 0.267497 -0.103731
v 0.099455 0.256345 -0.172848
v 0.095368 0.347619 0.111624
v 0.099628 0.339546 0.117812
v 0.123457 0.346325 0.113698
v 0.120807 0.332606 0.122027
v 0.130649 0.337201 0.119445
v 0.088475 0.341659 0.116827
v 0.110895 0.361868 0.097114
v 0.093425 0.351313 0.108210
v 0.120920 0.360755 0.098243
v 0.137867 0.336372 0.117700
v 0.133369 0.353031 0.102251
v 0.127938 0.362769 0.092758
v 0.087274 0.351767 0.105882
v 0.096342 0.366064 0.086617
v 0.142276 0.351846 0.098664
v 0.140872 0.363010 0.084033
v 0.130592 0.367169 0.083296
v 0.152299 0.330705 0.114364
v 0.150088 0.357324 0.083891
v 0.145136 0.327367 0.119445
v 0.145725 0.366681 0.071939
v 0.154395 0.361065 0.072347
v 0.125723 0.372646 0.072538
v 0.164643 0.336367 0.095118
v 0.164739 0.346278 0.080828
v 0.157997 0.352084 0.082387
v 0.174676 0.329826 0.091464
v 0.132936 0.335986 0.127932
v 0.076136 0.311728 0.125616
v 0.101722 0.324694 0.122472
v 0.072548 0.337428 0.115853
v 0.078439 0.342242 0.113446
v 0.061058 0.314079 0.121214
v 0.103099 0.300998 0.127456
v 0.125578 0.317352 0.125700
v 0.050129 0.337115 0.107986
v 0.127618 0.294220 0.127464
v 0.139643 0.313152 0.124539
v 0.102815 0.280302 0.128761
v 0.128559 0.278381 0.129146
v 0.158659 0.285546 0.124354
v 0.163816 0.270878 0.127797
v 0.152123 0.303490 0.121379
v 0.144537 0.268475 0.129901
v 0.144408 0.318938 0.122123
v 0.116957 0.263764 0.129870
v 0.071666 0.288442 0.126208
v 0.091439 0.263122 0.127355
v 0.119445 0.384911 0.102717
v 0.126665 0.384678 0.097961
v 0.121932 0.413748 0.104883
v 0.164937 0.354714 0.083871
v 0.162202 0.360951 0.082394
v 0.174323 0.375490 0.084161
v 0.181810 0.372937 0.088550
v 0.174804 0.356787 0.082767
v 0.186075 0.386582 0.090891
v 0.063160 0.297237 0.121358
v -0.075153 0.113897 -0.098745
v -0.067532 0.072733 -0.092034
v -0.079642 0.066236 -0.104812
v -0.069671 0.108490 -0.093176
v -0.069269 0.116645 -0.090882
v -0.070604 0.057339 -0.091150
v -0.081248 0.055571 -0.103895
v -0.068683 0.055084 -0.086060
v -0.078010 0.121787 -0.097263
v -0.084762 0.113183 -0.103969
v -0.086769 0.060251 -0.106140
v -0.085974 0.120709 -0.100759
v -0.067109 0.093164 -0.092952
v 0.067461 0.284890 0.119654
v 0.063483 0.293023 0.110595
v 0.068290 0.279958 0.109732
v 0.063160 0.297237 0.121358
v 0.072947 0.274646 0.122100
v 0.074766 0.269232 0.110675
v 0.081884 0.257462 0.120240
v 0.061209 0.301975 0.109871
v 0.061058 0.314079 0.121214
v 0.057123 0.318672 0.116101
v 0.056729 0.314269 0.104932
v 0.054466 0.322559 0.100003
v 0.054484 0.327000 0.099651
v 0.050129 0.337115 0.107986
v 0.046267 0.339079 0.100520
v 0.041461 0.346839 0.095052
v 0.042836 0.343169 0.090793
v 0.055123 0.334537 0.088890
v 0.085547 0.257729 0.110719
v 0.071666 0.288442 0.126208
v 0.067993 0.268326 0.104076
v 0.083462 0.245458 0.098208
v 0.054425 0.340361 0.082945
v 0.047521 0.346250 0.079347
v 0.041487 0.353280 0.074438
v 0.048543 0.343304 0.071479
v 0.036521 0.348881 0.095403
v 0.067152 0.258662 0.096819
v 0.075342 0.241409 0.084744
v 0.085763 0.223472 0.097700
v 0.079925 0.217008 0.080198
v 0.095559 0.194049 0.102403
v 0.090533 0.188570 0.081645
v 0.079162 0.208956 0.066137
v 0.074367 0.222777 0.060126
v 0.069592 0.237015 0.067265
v 0.083170 0.197552 0.060502
v 0.105165 0.169626 0.095768
v 0.093592 0.180344 0.063609
v 0.099091 0.172213 0.071966
v 0.106360 0.181552 0.110497
v 0.119390 0.149787 0.073285
v 0.113935 0.157834 0.085488
v 0.119506 0.148910 0.083942
v 0.124041 0.143799 0.065285
v 0.119483 0.153199 0.062046
v 0.082497 0.207763 0.051391
v 0.099214 0.205791 0.110754
v 0.111141 0.207425 0.127650
v 0.119330 0.159945 0.098149
v 0.092921 0.225801 0.105856
v 0.109845 0.216262 0.123188
v 0.105746 0.229316 0.117270
v 0.112755 0.188371 0.118923
v 0.120299 0.171189 0.111195
v 0.058223 0.253256 0.083619
v 0.060719 0.245424 0.074386
v 0.056174 0.268976 0.097290
v 0.099946 0.247424 0.111074
v 0.096830 0.254866 0.112353
v 0.053800 0.285146 0.104621
v 0.091439 0.263122 0.127355
v -0.148167 -0.041212 -0.081238
v -0.138807 -0.042606 -0.089367
v -0.151966 -0.065343 -0.083897
v -0.139840 -0.071878 -0.096910
v -0.156261 -0.094666 -0.088319
v -0.142549 -0.012170 -0.076722
v -0.135670 -0.006932 -0.081125
v -0.142687 -0.095800 -0.098902
v -0.157846 -0.030332 -0.065974
v -0.135604 -0.046039 -0.094137
v -0.129312 0.012425 -0.078284
v -0.133293 -0.095015 -0.104643
v -0.122085 -0.058698 -0.103232
v -0.119116 -0.026917 -0.101954
v -0.132897 -0.012150 -0.093290
v -0.158452 -0.083487 -0.080929
v -0.123008 -0.014026 -0.100596
v -0.127918 0.001818 -0.094328
v -0.152634 -0.014413 -0.063877
v -0.159350 -0.052373 -0.064383
v -0.162726 -0.110591 -0.081086
v -0.147092 -0.002023 -0.062332
v -0.165828 -0.088834 -0.067307
v -0.168123 -0.107010 -0.068378
v -0.123299 0.011101 -0.091723
v -0.139153 0.011747 -0.059792
v -0.113991 0.005271 -0.099601
v -0.106834 0.012201 -0.097647
v -0.140887 -0.101569 -0.092172
v -0.136424 -0.115950 -0.094168
v -0.126277 -0.100786 -0.102640
v -0.118057 -0.120290 -0.106620
v -0.117089 -0.101984 -0.104690
v -0.111702 -0.122329 -0.110865
v -0.121221 -0.126539 -0.098825
v -0.057662 -0.368330 -0.161213
v -0.049462 -0.342776 -0.158717
v -0.053486 -0.362049 -0.147849
v -0.044325 -0.334571 -0.145340
v -0.058767 -0.389898 -0.132199
v -0.063016 -0.388908 -0.152845
v -0.041678 -0.314584 -0.156662
v -0.030341 -0.303737 -0.126153
v -0.038962 -0.327436 -0.127672
v -0.052450 -0.362601 -0.131071
v -0.034003 -0.281872 -0.151884
v -0.062853 -0.378553 -0.163793
v -0.032624 -0.277747 -0.147780
v -0.027244 -0.281388 -0.123680
v -0.065664 -0.381411 -0.166341
v -0.065902 -0.388357 -0.162989
v -0.069426 -0.395250 -0.164194
v -0.029414 -0.255995 -0.121002
v -0.033411 -0.268134 -0.146550
v -0.037903 -0.313367 -0.101530
v -0.032167 -0.296002 -0.106965
v -0.032067 -0.281613 -0.099265
v -0.049917 -0.344240 -0.116546
v -0.038045 -0.301559 -0.090812
v -0.047632 -0.333019 -0.104913
v -0.045836 -0.317444 -0.086106
v -0.027557 -0.277940 -0.163377
v -0.029406 -0.269864 -0.158991
v -0.042740 -0.275085 -0.072275
v -0.058180 -0.360710 -0.116635
v -0.064854 -0.381481 -0.118677
v -0.021668 -0.271405 -0.179032
v -0.022681 -0.276121 -0.185183
v -0.023000 -0.270343 -0.190654
v -0.045434 -0.297401 -0.075022
v -0.037323 -0.263037 -0.089952
v -0.043199 -0.240115 -0.089377
v -0.042922 -0.259209 -0.079932
v -0.039205 -0.265647 -0.063306
v -0.036635 -0.233771 -0.117900
v -0.067008 -0.348405 -0.096277
v -0.062630 -0.337890 -0.090048
v -0.039903 -0.247281 -0.146487
v -0.041589 -0.228718 -0.128473
v -0.055166 -0.393087 -0.176360
v -0.049101 -0.385983 -0.176777
v -0.032166 -0.280953 -0.169755
v -0.037433 -0.265089 -0.151787
v -0.025350 -0.273144 -0.190698
v -0.050825 -0.223271 -0.140942
v -0.038908 -0.389647 -0.184819
v -0.033869 -0.385990 -0.189803
v -0.031374 -0.392676 -0.197301
v -0.030335 -0.388196 -0.197177
v -0.042131 -0.392624 -0.187144
v -0.055330 -0.380868 -0.174167
v -0.049070 0.420663 0.005614
v -0.046998 0.405547 0.005552
v -0.044642 0.402941 0.012183
v -0.046076 0.424129 0.012604
v -0.045987 0.397120 0.030026
v -0.045773 0.423143 0.030258
v -0.046064 0.437691 0.032694
v -0.043986 0.431355 0.047978
v -0.043779 0.423849 0.039478
v -0.043693 0.452655 0.037430
v -0.041160 0.409671 0.048112
v -0.037757 0.379308 0.045025
v -0.042404 0.384099 0.030848
v -0.048601 0.432264 0.013496
v -0.040257 0.385044 0.008487
v -0.042217 0.401214 -0.000330
v -0.035669 0.373297 0.042059
v -0.039334 0.396654 -0.006737
v -0.044680 0.404972 -0.017419
v -0.041470 0.409278 -0.001725
v -0.045931 0.414387 -0.021348
v -0.043439 0.424899 -0.014613
v -0.045131 0.423983 0.000414
v -0.047980 0.424713 -0.024606
v -0.038130 0.381196 0.015756
v -0.054432 0.434382 -0.020308
v -0.057280 0.441157 -0.012306
v -0.056305 0.440674 -0.015556
v -0.058151 0.448316 -0.013707
v -0.060060 0.446753 -0.001909
v -0.053982 0.432072 -0.002467
v -0.053609 0.441658 -0.024864
v -0.054832 0.457193 -0.024826
v -0.056886 0.458967 -0.017761
v -0.059444 0.454152 -0.009418
v -0.056933 0.451299 -0.005337
v -0.058868 0.459394 0.000609
v -0.058491 0.465440 -0.004864
v -0.056553 0.474350 0.003048
v -0.058866 0.461310 0.013916
v -0.057382 0.473472 0.013123
v -0.059398 0.464567 0.023564
v -0.062142 0.450259 0.013867
v -0.060069 0.446644 0.005690
v -0.059007 0.435849 0.002089
v -0.060591 0.446293 0.019254
v -0.051374 0.429812 -0.007895
v -0.051122 0.451557 -0.032007
v -0.049850 0.443557 -0.038025
v -0.048565 0.452861 -0.038868
v -0.047897 0.472162 -0.034808
v -0.065591 0.441470 0.016951
v -0.065131 0.433132 0.015926
v -0.057036 0.430271 0.005735
v -0.056803 0.428415 0.002057
v -0.051911 0.425104 0.010703
v -0.051102 0.470280 -0.024676
v -0.052655 0.474046 -0.019254
v -0.054315 0.472930 -0.012011
v -0.053578 0.481705 0.012257
v -0.053948 0.482740 0.001597
v -0.052631 0.477844 -0.003663
v -0.053206 0.479584 0.018172
v -0.054996 0.477122 0.030032
v -0.050667 0.488667 0.021112
v -0.055350 0.476598 0.036434
v -0.056590 0.463499 0.033140
v -0.060920 0.451729 0.021200
v -0.059518 0.452136 0.026620
v -0.056705 0.443948 0.034227
v -0.057662 0.437306 0.025529
v -0.055747 0.453690 0.037390
v -0.055012 0.459103 -0.013528
v -0.046193 0.437411 -0.028513
v -0.043993 0.426990 -0.029325
v -0.043061 0.440611 -0.037040
v -0.043038 0.433372 -0.040233
v -0.044219 0.426733 -0.036927
v -0.040236 0.421823 -0.038644
v -0.034936 0.412841 -0.027087
v -0.035043 0.406789 -0.037399
v -0.036399 0.410968 -0.023087
v -0.025464 0.396993 -0.033051
v -0.035736 0.401613 -0.019316
v -0.029077 0.401607 -0.039721
v 0.011173 0.115329 0.098013
v 0.009104 0.084319 0.090198
v 0.014829 0.085589 0.105197
v 0.010700 0.053657 0.091832
v 0.014313 0.052370 0.103505
v 0.017987 0.074514 0.112506
v 0.019261 0.114608 0.110404
v 0.006735 0.057060 0.086034
v 0.005460 0.111840 0.089062
v 0.020510 0.052061 0.111696
v 0.020383 0.086037 0.111829
v 0.006316 0.115905 0.084644
v -0.171870 0.237932 -0.115202
v -0.162163 0.246885 -0.130127
v -0.172700 0.214593 -0.137063
v -0.161790 0.229300 -0.150029
v -0.165291 0.217687 -0.152288
v -0.164610 0.255165 -0.113015
v -0.154923 0.262809 -0.130597
v -0.178752 0.213553 -0.116085
v -0.150854 0.250722 -0.147103
v -0.150927 0.262616 -0.138786
v -0.142399 0.267208 -0.145974
v -0.161822 0.269854 -0.115730
v -0.153810 0.269072 -0.131320
v -0.144660 0.235952 -0.163595
v -0.152713 0.218693 -0.164922
v -0.132612 0.264153 -0.154501
v -0.176931 0.210623 -0.123319
v -0.139309 0.217021 -0.175764
v -0.130489 0.249416 -0.165098
v -0.121724 0.268655 -0.159285
v -0.132657 0.268518 -0.154155
v -0.118248 0.244589 -0.174322
v -0.114655 0.254059 -0.170498
v -0.150502 0.268117 -0.139048
v -0.113474 0.265733 -0.164598
v -0.100362 0.277773 -0.161596
v -0.129269 0.224323 -0.176622
v -0.161747 0.200814 -0.142583
v -0.153585 0.205040 -0.151195
v -0.147854 0.201901 -0.155228
v -0.141361 0.205211 -0.159092
v -0.125480 0.200910 -0.167851
v -0.132040 0.208835 -0.163215
v -0.140811 0.187653 -0.171912
v -0.160318 0.184693 -0.162086
v -0.144055 0.174023 -0.182305
v -0.150208 0.179682 -0.174647
v -0.127425 0.169159 -0.189058
v -0.125971 0.207982 -0.164416
v -0.115428 0.269302 -0.166018
v -0.124480 0.217528 -0.175028
v -0.094131 0.258778 -0.163728
v -0.085470 0.282397 -0.158897
v -0.102307 0.252955 -0.167956
v -0.106483 0.238890 -0.170943
v -0.113119 0.178892 -0.176660
v -0.112057 0.205358 -0.158811
v -0.081683 0.266692 -0.158195
v -0.075908 0.256992 -0.158872
v -0.076552 0.285269 -0.156291
v 0.065676 0.209865 0.064980
v 0.045009 0.201084 0.082486
v 0.074038 0.191750 0.050060
v 0.080646 0.208593 0.049941
v 0.049970 0.222556 0.087176
v 0.074367 0.222777 0.060126
v 0.077663 0.184360 0.042033
v 0.069592 0.237015 0.067265
v 0.058354 0.235584 0.080464
v 0.045746 0.237783 0.100802
v 0.040805 0.223024 0.098062
v 0.030132 0.224463 0.108674
v 0.035284 0.250426 0.112503
v 0.065189 0.182102 0.052479
v 0.048014 0.186797 0.071033
v 0.034346 0.209348 0.093605
v 0.098522 0.205055 0.035185
v 0.096145 0.182603 0.023587
v 0.103507 0.195704 0.022561
v 0.104621 0.206995 0.029803
v 0.033143 0.187605 0.082492
v 0.019584 0.198814 0.096732
v 0.075024 0.166563 0.028898
v 0.084287 0.165909 0.020371
v 0.078831 0.151534 0.019335
v 0.066296 0.153003 0.035094
v 0.074216 0.146581 0.022373
v 0.067080 0.173547 0.040245
v 0.049371 0.173985 0.058110
v 0.047949 0.153166 0.053923
v 0.031465 0.154962 0.066353
v 0.031568 0.176105 0.072527
v 0.018156 0.214512 0.109351
v 0.020511 0.228425 0.114941
v 0.100919 0.174800 0.007040
v 0.085862 0.158159 0.008673
v 0.049427 0.133654 0.051302
v 0.029708 0.124584 0.063603
v 0.109234 0.203725 0.016687
v 0.064048 0.132517 0.037637
v 0.043918 0.258947 0.102670
v 0.049630 0.257542 0.097177
v 0.046507 0.280090 0.101857
v 0.071494 0.127881 0.025059
v 0.060719 0.245424 0.074386
v 0.058223 0.253256 0.083619
v 0.056174 0.268976 0.097290
v 0.038276 0.268290 0.105886
v 0.017117 0.164994 0.074290
v 0.018519 0.183991 0.082521
v 0.008034 0.139949 0.072827
v 0.015343 0.249665 0.119806
v 0.115880 0.212507 0.019530
v 0.120403 0.204669 0.008686
v 0.122615 0.222207 0.013283
v 0.124246 0.214910 0.005645
v 0.125948 0.229902 0.009806
v 0.002704 0.123293 0.073998
v 0.000463 0.180378 0.085465
v 0.000160 0.159663 0.077680
v 0.002843 0.191369 0.092483
v -0.001748 0.215211 0.112908
v 0.025688 0.267661 0.114422
v 0.059344 0.123463 0.044864
v 0.067558 0.124282 0.035198
v 0.046509 0.119194 0.056718
v -0.000119 0.233075 0.118904
v 0.000463 0.248224 0.121809
v -0.003912 0.202016 0.103144
v -0.017406 0.182685 0.087659
v -0.027122 0.156528 0.079203
v -0.025214 0.138870 0.078005
v -0.023652 0.119344 0.078036
v 0.109931 0.200552 0.006835
v 0.106964 0.192056 0.001258
v 0.053800 0.285146 0.104621
v 0.091871 0.161567 -0.010256
v 0.102274 0.173019 -0.009320
v 0.122471 0.207830 -0.005136
v -0.010492 0.331057 0.050230
v 0.006639 0.336275 0.037033
v -0.012453 0.316839 0.041920
v -0.027140 0.310414 0.052876
v -0.020599 0.330105 0.060948
v -0.030953 0.316471 0.062261
v 0.004494 0.349764 0.044993
v 0.021872 0.349356 0.029977
v 0.009975 0.369657 0.051387
v 0.022193 0.376497 0.044736
v 0.033179 0.382613 0.036149
v 0.033173 0.358533 0.020282
v -0.006190 0.360110 0.055315
v -0.024528 0.357642 0.071705
v -0.008526 0.365720 0.060661
v -0.003081 0.366466 0.056046
v -0.033093 0.327465 0.078646
v -0.036129 0.319275 0.078736
v -0.033568 0.355014 0.079298
v -0.043660 0.351660 0.085278
v -0.045538 0.321951 0.083230
v 0.047001 0.390955 0.010801
v -0.048219 0.316055 0.080896
v -0.044834 0.304795 0.059068
v -0.052630 0.309704 0.070943
v -0.058825 0.306091 0.071420
v 0.028200 0.351438 0.018858
v -0.004539 0.367431 0.058631
v -0.044501 0.350611 0.088278
v 0.014947 0.342655 0.030724
v 0.001711 0.330770 0.034934
v -0.015563 0.314968 0.035104
v -0.046337 0.312322 0.083956
v 0.023995 0.351045 0.020980
v -0.058559 0.301812 0.058395
v -0.080768 0.299671 0.069834
v -0.081236 0.296541 0.054178
v -0.041586 0.325803 0.098059
v -0.225692 -0.464742 -0.057356
v -0.227793 -0.471078 -0.063950
v -0.226691 -0.475090 -0.056095
v -0.227491 -0.455802 -0.066400
v -0.221050 -0.442565 -0.057785
v -0.224383 -0.442483 -0.068476
v -0.229886 -0.476548 -0.064045
v -0.229644 -0.492154 -0.057351
v -0.212450 -0.442928 -0.045539
v -0.216028 -0.461757 -0.044828
v -0.212206 -0.466558 -0.041573
v -0.213794 -0.493590 -0.040501
v -0.201282 -0.453517 -0.038500
v -0.201887 -0.444381 -0.040545
v -0.199352 -0.494967 -0.035203
v -0.202702 -0.472482 -0.037776
v -0.224562 -0.446293 -0.079293
v -0.226788 -0.474867 -0.080328
v -0.227557 -0.489656 -0.073880
v -0.229463 -0.481391 -0.079379
v -0.231296 -0.495534 -0.080858
v -0.224998 -0.493750 -0.072957
v -0.054957 0.386273 -0.033089
v -0.069407 0.381114 -0.016669
v -0.061749 0.379123 -0.021097
v -0.064249 0.377378 -0.016309
v -0.050871 0.367663 -0.026486
v -0.042771 0.371482 -0.036709
v -0.061410 0.403541 -0.034790
v -0.050007 0.406592 -0.046989
v -0.069983 0.399073 -0.024086
v -0.078572 0.392427 -0.011024
v -0.035140 0.388948 -0.049263
v -0.035422 0.411986 -0.059174
v -0.033518 0.371088 -0.042498
v -0.021381 0.371760 -0.049095
v -0.081261 0.386380 -0.002806
v -0.067673 0.364244 -0.011596
v -0.069623 0.348426 -0.003444
v -0.021391 0.400164 -0.059938
v -0.086057 0.381289 0.006270
v -0.081542 0.367452 0.009805
v -0.021077 0.419314 -0.067652
v -0.073016 0.330850 0.017106
v -0.069164 0.337195 0.005429
v -0.068758 0.325473 0.014996
v -0.072433 0.315364 0.024678
v -0.079591 0.328617 0.025532
v -0.080928 0.315556 0.036302
v -0.061596 0.315613 0.018955
v -0.074733 0.307146 0.040182
v -0.093567 0.299184 0.053828
v -0.088237 0.370934 0.022373
v -0.085312 0.360517 0.034535
v -0.081436 0.348179 0.031122
v -0.005328 0.381232 -0.055796
v -0.005726 0.414327 -0.066704
v -0.007276 0.372020 -0.050487
v -0.081236 0.296541 0.054178
v -0.084537 0.292823 0.055598
v -0.051852 0.366895 -0.016810
v -0.050395 0.311035 0.025655
v -0.090647 0.319558 0.031646
v 0.008601 0.373044 -0.049239
v -0.045154 0.315469 0.012636
v -0.054055 0.322279 0.006317
v -0.062072 0.329830 0.016173
v -0.058449 0.346271 0.014636
v -0.049605 0.326386 0.001754
v -0.051863 0.339330 -0.000453
v -0.049957 0.338615 -0.001330
v -0.050554 0.353661 -0.006084
v -0.056684 0.363065 0.005009
v -0.056729 0.372675 -0.000391
v -0.050340 0.360165 -0.010908
v -0.056604 0.352917 0.009132
v -0.056457 0.377289 -0.008148
v -0.084588 0.329492 0.023899
v 0.018845 0.399672 -0.058674
v 0.024046 0.379838 -0.048608
v 0.025121 0.369836 -0.041984
v -0.061073 0.352544 0.007972
v -0.109820 0.304045 0.042998
v -0.109392 0.297709 0.051889
v -0.063722 0.301630 0.054240
v -0.052085 0.308350 0.035691
v 0.015076 0.371680 -0.043632
v 0.029432 0.365789 -0.034193
v -0.048348 0.365507 -0.012937
v -0.030424 0.313236 0.025312
v -0.033712 0.309480 0.039593
v -0.058559 0.301812 0.058395
v -0.015563 0.314968 0.035104
v -0.044834 0.304795 0.059068
v -0.027140 0.310414 0.052876
v -0.101547 0.311295 0.036621
v -0.110424 0.315483 0.012726
v -0.090400 0.330295 0.013076
v -0.000026 0.419423 -0.082103
v -0.023414 0.419469 -0.079547
v -0.000016 0.420814 -0.074683
v 0.016926 0.419122 -0.075462
v -0.037462 0.416747 -0.072864
v -0.031526 0.415975 -0.064291
v -0.053153 0.408329 -0.048847
v 0.021282 0.415647 -0.066027
v -0.056084 0.408528 -0.057289
v -0.078786 0.395670 -0.029288
v -0.086202 0.387876 -0.013747
v -0.097134 0.370653 0.016050
v -0.090938 0.362834 0.031704
v 0.023680 0.415234 -0.073230
v 0.150277 0.269333 0.025207
v 0.165006 0.264246 0.010011
v 0.165870 0.259746 0.014003
v 0.161418 0.275094 0.007466
v 0.144990 0.276125 0.019484
v 0.155825 0.284863 0.002988
v 0.142219 0.285825 0.012258
v 0.150512 0.294538 -0.005241
v 0.141917 0.291445 0.007286
v 0.144070 0.299574 -0.003328
v 0.136567 0.312700 -0.005669
v 0.152761 0.265455 0.030896
v 0.170818 0.257174 0.015577
v 0.175779 0.249383 0.028786
v 0.160354 0.260771 0.036876
v 0.168222 0.254140 0.038614
v 0.170739 0.244865 0.041450
v 0.175136 0.235313 0.040609
v 0.193130 0.235464 0.023379
v 0.187249 0.251408 0.008695
v 0.200169 0.246289 -0.003018
v 0.183130 0.253443 0.011770
v 0.175307 0.256148 0.016056
v 0.195684 0.251202 -0.001776
v 0.189613 0.229358 0.031790
v 0.204218 0.232555 0.017215
v 0.206652 0.235888 0.007173
v 0.208850 0.242844 -0.003299
v 0.192885 0.225833 0.034481
v 0.178568 0.219190 0.048347
v 0.213430 0.240266 -0.000453
v 0.161868 0.253059 0.040654
v 0.168434 0.230585 0.043833
v 0.148195 0.310606 -0.008940
v 0.144380 0.321574 -0.010494
v 0.132360 0.323237 -0.004180
v 0.137913 0.333302 -0.011039
v 0.155714 0.260731 0.036198
v 0.204938 0.247449 -0.003785
v 0.130589 0.328949 0.001127
v 0.131857 0.349511 -0.002130
v 0.127584 0.349247 0.000689
v 0.126452 0.334301 0.009397
v 0.120031 0.345818 0.016361
v 0.117516 0.358029 0.009229
v 0.107806 0.355908 0.023254
v 0.114874 0.347013 0.021349
v 0.110567 0.361359 0.010947
v 0.106363 0.365836 0.016337
v 0.102340 0.365405 0.023381
v 0.096446 0.365670 0.029578
v 0.104814 0.351992 0.024674
v 0.095550 0.358979 0.032006
v 0.092961 0.369136 0.039841
v 0.119962 0.338123 0.013454
v 0.097798 0.369640 0.030476
v -0.216907 0.125121 -0.125181
v -0.215721 0.122109 -0.137411
v -0.215457 0.112934 -0.140688
v -0.218228 0.103097 -0.127853
v -0.222031 0.101983 -0.106977
v -0.222293 0.076222 -0.120009
v -0.214129 0.130875 -0.142856
v -0.226751 0.066666 -0.108210
v -0.226110 0.081285 -0.099412
v -0.230506 0.065908 -0.093560
v -0.229835 0.046438 -0.106419
v -0.232570 0.057923 -0.088425
v -0.218616 0.121028 -0.108501
v -0.213608 0.144015 -0.113193
v -0.212118 0.145946 -0.133436
v -0.210722 0.143145 -0.146223
v -0.211816 0.130145 -0.154568
v -0.204507 0.159952 -0.146586
v -0.237537 0.030521 -0.097370
v -0.237270 0.036910 -0.085043
v -0.204322 0.162670 -0.140356
v -0.207173 0.159160 -0.130233
v -0.204858 0.150077 -0.156517
v -0.215271 0.098337 -0.136085
v -0.215098 0.081273 -0.135684
v -0.234246 0.030341 -0.103070
v -0.214014 0.070021 -0.136072
v -0.218499 0.067873 -0.126346
v -0.220522 0.058244 -0.122761
v -0.213177 0.077078 -0.140374
v -0.227518 0.029922 -0.111423
v -0.209123 0.097295 -0.149512
v -0.214941 0.113060 -0.145525
v -0.208695 0.119183 -0.157331
v -0.204550 0.162599 -0.113448
v -0.194726 0.177618 -0.133750
v -0.230778 0.060142 -0.083803
v -0.231230 0.048397 -0.068420
v -0.227288 0.070186 -0.086779
v -0.198328 0.173611 -0.142920
v -0.210189 0.138719 -0.098031
v -0.214758 0.108512 -0.090607
v -0.220952 0.083150 -0.084574
v -0.222193 0.068552 -0.074652
v -0.215005 0.143856 -0.155189
v -0.217606 0.141674 -0.163748
v -0.225096 0.052480 -0.061913
v -0.222955 0.133192 -0.172427
v -0.200510 0.150901 -0.094549
v -0.210349 0.095863 -0.080257
v -0.228791 0.140702 -0.179276
v -0.231748 0.138291 -0.191559
v -0.233112 0.141836 -0.192853
v -0.201611 0.158330 -0.104510
v -0.195303 0.126078 -0.078329
v -0.195947 0.146566 -0.088483
v -0.224942 0.122599 -0.146569
v -0.220264 0.127065 -0.152322
v -0.222946 0.121449 -0.151529
v -0.210022 0.063181 -0.057357
v -0.204889 0.081853 -0.068261
v -0.199360 0.105280 -0.074874
v -0.230227 0.064241 -0.137815
v 0.001717 0.085612 0.089742
v -0.008485 0.078198 0.100906
v 0.001894 0.060685 0.088611
v -0.007599 0.114347 0.101298
v -0.004062 0.116318 0.096633
v -0.003554 0.051463 0.097020
v 0.005460 0.111840 0.089062
v 0.006735 0.057060 0.086034
v -0.016761 0.054200 0.102690
v 0.006316 0.115905 0.084644
v -0.000691 0.052831 0.084979
v -0.022951 0.082084 0.101486
v 0.009104 0.084319 0.090198
v 0.007898 0.054740 0.082980
v -0.025262 0.113977 0.098395
v -0.023261 0.052093 0.100290
v -0.155702 0.187299 -0.179121
v -0.160318 0.184693 -0.162086
v -0.150208 0.179682 -0.174647
v -0.168123 0.193126 -0.168800
v -0.165756 0.187549 -0.158868
v -0.177315 0.191229 -0.151963
v -0.144055 0.174023 -0.182305
v -0.141014 0.172387 -0.192937
v -0.178484 0.192928 -0.155952
v -0.167249 0.184556 -0.155483
v -0.173703 0.182241 -0.148766
v -0.131949 0.168708 -0.191954
v -0.131989 0.168875 -0.197757
v -0.179941 0.175331 -0.142962
v -0.186947 0.186886 -0.145231
v -0.194726 0.177618 -0.133750
v -0.184758 0.170121 -0.135297
v -0.196655 0.171941 -0.126698
v -0.190580 0.163821 -0.125676
v -0.194714 0.157757 -0.115230
v -0.201611 0.158330 -0.104510
v -0.195987 0.147996 -0.100034
v -0.200510 0.150901 -0.094549
v -0.204550 0.162599 -0.113448
v -0.195947 0.146566 -0.088483
v -0.190954 0.143988 -0.092247
v -0.173291 0.144328 -0.088359
v -0.150095 0.179249 -0.190929
v -0.174446 0.156719 -0.103864
v -0.175367 0.170045 -0.120433
v -0.157528 0.147489 -0.098309
v -0.160141 0.157727 -0.107659
v -0.150391 0.147339 -0.102234
v -0.151693 0.144605 -0.092195
v -0.146749 0.145725 -0.095471
v -0.151855 0.145874 -0.100098
v -0.143602 0.148102 -0.105349
v -0.134881 0.144946 -0.103825
v -0.164457 0.163591 -0.110724
v -0.186591 0.143525 -0.087594
v -0.159483 0.188029 -0.181726
v -0.143940 0.172265 -0.195646
v -0.127425 0.169159 -0.189058
v 0.044182 0.097767 0.077800
v 0.042184 0.106206 0.084506
v 0.042908 0.070806 0.082904
v 0.043423 0.061278 0.076515
v 0.041164 0.053984 0.079090
v 0.040338 0.115789 0.075071
v 0.043236 0.117311 0.094738
v 0.045976 0.069978 0.101167
v 0.043459 0.052196 0.104271
v 0.038104 0.119803 0.079407
v 0.041227 0.115917 0.103056
v 0.037665 0.048617 0.076663
v 0.040641 0.051436 0.085718
v 0.083105 0.118092 0.010445
v 0.090813 0.079450 0.005364
v 0.081568 0.088264 0.013778
v 0.076150 0.105007 0.017693
v 0.088228 0.050103 0.009121
v 0.081783 0.049898 0.017083
v 0.072631 0.075905 0.022685
v 0.075693 0.052823 0.022996
v 0.071923 0.061774 0.025907
v 0.075019 0.092488 0.017929
v 0.107747 0.050480 -0.004141
v 0.098960 0.114918 -0.000190
v 0.110728 0.074051 -0.005924
v 0.109431 0.114986 -0.005483
v 0.076071 0.119521 0.021181
v 0.068256 0.072304 0.023693
v 0.072258 0.055794 0.031121
v 0.085631 0.119266 0.010050
v 0.068480 0.079714 0.082244
v 0.062608 0.066904 0.080965
v 0.073811 0.065865 0.076764
v 0.063744 0.051107 0.075529
v 0.051138 0.056488 0.079350
v 0.070543 0.048735 0.070362
v 0.057730 0.109006 0.082800
v 0.068333 0.117410 0.081005
v 0.056428 0.119106 0.082874
v 0.075918 0.111267 0.076750
v 0.044182 0.097767 0.077800
v 0.043423 0.061278 0.076515
v 0.047632 0.119762 0.078578
v 0.040338 0.115789 0.075071
v 0.045422 0.052140 0.072777
v 0.037665 0.048617 0.076663
v 0.050177 0.047174 0.069076
v 0.077867 0.115771 0.081142
v 0.055627 0.049610 0.065399
v -0.068138 0.073732 -0.115967
v -0.052777 0.084976 -0.122296
v -0.053871 0.055969 -0.127095
v -0.068540 0.059125 -0.117246
v -0.052098 0.117205 -0.121850
v -0.069108 0.096178 -0.114373
v -0.068132 0.117941 -0.113667
v -0.060412 0.052711 -0.121372
v -0.070608 0.055122 -0.112650
v 0.118077 0.080214 -0.001171
v 0.127602 0.078501 0.009863
v 0.129131 0.070576 0.009542
v 0.119929 0.051790 -0.001290
v 0.127438 0.052155 0.007713
v 0.126330 0.114722 0.009452
v 0.120547 0.114759 0.002674
v 0.109431 0.114986 -0.005483
v 0.110728 0.074051 -0.005924
v 0.107747 0.050480 -0.004141
v -0.035823 0.097485 -0.113007
v -0.032287 0.079310 -0.123076
v -0.037078 0.067211 -0.111074
v -0.030664 0.116584 -0.125098
v -0.038203 0.051458 -0.108125
v -0.038737 0.115977 -0.109676
v -0.036239 0.051392 -0.122736
v -0.033321 0.048712 -0.130368
v -0.031035 0.067544 -0.128654
v -0.022550 0.081838 -0.132106
v -0.022972 0.115650 -0.130460
v -0.040356 0.081021 -0.110607
v -0.020099 0.065415 -0.135427
v -0.024113 0.048882 -0.134761
v -0.030731 0.119445 -0.119328
v -0.040613 0.053705 -0.107466
v -0.038905 0.118437 -0.102837
v 0.046509 0.119194 0.056718
v 0.041895 0.119383 0.069497
v 0.047632 0.119762 0.078578
v 0.059108 0.121664 0.061321
v 0.059344 0.123463 0.044864
v 0.079960 0.125144 0.054457
v 0.067558 0.124282 0.035198
v 0.075518 0.120235 0.076161
v 0.056428 0.119106 0.082874
v 0.083970 0.122905 0.035980
v 0.075138 0.124560 0.026258
v 0.086146 0.122416 0.031383
v 0.084736 0.122760 0.023156
v 0.105271 0.119159 0.009392
v 0.116819 0.118728 0.015990
v 0.102556 0.118744 0.031778
v 0.084819 0.123691 0.055430
v 0.085631 0.119266 0.010050
v 0.109431 0.114986 -0.005483
v 0.120547 0.114759 0.002674
v 0.126330 0.114722 0.009452
v 0.116601 0.116030 0.026797
v 0.083105 0.118092 0.010445
v 0.076071 0.119521 0.021181
v 0.040055 0.116781 0.063394
v 0.031896 0.117361 0.072290
v 0.022636 0.118175 0.072579
v 0.038104 0.119803 0.079407
v 0.037544 0.120472 0.091841
v 0.012392 0.118571 0.091411
v 0.036289 0.116112 0.109260
v 0.019261 0.114608 0.110404
v 0.006316 0.115905 0.084644
v 0.002607 0.118076 0.077981
v -0.004062 0.116318 0.096633
v -0.028486 0.117253 0.089652
v -0.023652 0.119344 0.078036
v -0.039382 0.117333 0.076492
v -0.041096 0.114285 0.090540
v -0.025262 0.113977 0.098395
v -0.007599 0.114347 0.101298
v 0.041227 0.115917 0.103056
v 0.043236 0.117311 0.094738
v 0.011173 0.115329 0.098013
v 0.040338 0.115789 0.075071
v 0.071494 0.127881 0.025059
v 0.068333 0.117410 0.081005
v 0.077867 0.115771 0.081142
v 0.002704 0.123293 0.073998
v 0.029708 0.124584 0.063603
v -0.103397 0.351731 -0.069208
v -0.110845 0.356044 -0.078864
v -0.127217 0.346349 -0.065391
v -0.086978 0.357698 -0.079121
v -0.090294 0.350371 -0.061030
v -0.131086 0.342161 -0.062169
v -0.092710 0.360367 -0.090107
v -0.100655 0.359552 -0.087277
v -0.107748 0.358770 -0.084890
v -0.112262 0.337801 -0.052475
v -0.127027 0.331314 -0.048868
v -0.143091 0.335649 -0.060577
v -0.093438 0.344669 -0.049804
v -0.100378 0.337760 -0.043809
v -0.111603 0.330819 -0.044942
v -0.105041 0.327885 -0.030170
v -0.124829 0.352091 -0.071895
v -0.077531 0.360457 -0.098389
v -0.085034 0.351646 -0.053776
v -0.084856 0.342860 -0.022616
v -0.080048 0.350780 -0.036323
v -0.093875 0.326863 -0.002590
v -0.143704 0.329130 -0.060580
v -0.120286 0.316150 -0.037837
v -0.109664 0.316045 -0.016449
v -0.106930 0.312941 0.002935
v -0.099319 0.319888 0.002021
v -0.133496 0.321656 -0.046484
v -0.074359 0.363746 -0.053051
v -0.081035 0.361409 -0.086293
v -0.069831 0.366816 -0.055633
v -0.058001 0.370339 -0.067294
v -0.061632 0.367918 -0.080291
v -0.071294 0.365246 -0.086546
v -0.087271 0.338333 -0.016196
v -0.068956 0.360427 -0.102958
v -0.113069 0.308211 -0.008897
v -0.113201 0.309978 0.007238
v -0.121041 0.310115 -0.033900
v -0.132229 0.311672 -0.040990
v -0.118594 0.304033 -0.003101
v -0.090972 0.331289 -0.005016
v -0.118922 0.297767 0.014766
v -0.111553 0.304292 0.026624
v -0.125144 0.286816 0.017965
v -0.131829 0.284630 -0.004518
v -0.125349 0.276637 0.028970
v -0.109421 0.293415 0.039993
v -0.119038 0.274217 0.040840
v -0.131237 0.278379 0.014099
v -0.139636 0.273106 -0.003326
v -0.140031 0.265144 0.007725
v -0.106993 0.287042 0.044836
v -0.128095 0.260755 0.033015
v -0.110424 0.315483 0.012726
v -0.059459 0.364314 -0.093772
v -0.043443 0.365903 -0.087844
v -0.045579 0.360324 -0.105030
v -0.036658 0.367624 -0.081067
v -0.050467 0.371425 -0.072709
v -0.045347 0.357729 -0.111118
v -0.066846 0.358435 -0.107153
v -0.135547 -0.359038 -0.092591
v -0.136206 -0.354505 -0.109820
v -0.138277 -0.378333 -0.092908
v -0.139955 -0.378021 -0.112368
v -0.138484 -0.378546 -0.130672
v -0.135479 -0.357477 -0.131307
v -0.136830 -0.340519 -0.116371
v -0.136395 -0.327674 -0.130699
v -0.136735 -0.341555 -0.088910
v -0.140876 -0.317251 -0.082806
v -0.141852 -0.315408 -0.108154
v -0.138529 -0.304963 -0.134341
v -0.147567 -0.290088 -0.075424
v -0.147219 -0.290709 -0.106715
v -0.151191 -0.274726 -0.072256
v -0.151972 -0.265621 -0.093254
v -0.150218 -0.259065 -0.107188
v -0.141746 -0.287928 -0.130404
v -0.143299 -0.266627 -0.129309
v -0.145784 -0.247915 -0.117239
v -0.143463 -0.243921 -0.122373
v -0.127416 -0.329701 -0.146701
v -0.127314 -0.362470 -0.145526
v -0.136348 -0.288588 -0.139544
v 0.061419 0.281547 -0.144568
v 0.073078 0.269674 -0.156926
v 0.057504 0.267098 -0.150594
v 0.083231 0.279314 -0.155163
v 0.091402 0.266745 -0.167046
v 0.078829 0.286771 -0.146505
v 0.068050 0.302628 -0.128505
v 0.055386 0.292954 -0.132038
v 0.050397 0.303038 -0.125109
v 0.046395 0.296282 -0.127824
v 0.052170 0.284161 -0.134901
v 0.082746 0.258549 -0.164855
v 0.059062 0.251785 -0.159897
v 0.060004 0.241622 -0.163455
v 0.067814 0.309820 -0.125998
v 0.075212 0.239113 -0.168166
v 0.087969 0.249414 -0.168365
v 0.099455 0.256345 -0.172848
v 0.050740 0.235577 -0.158074
v 0.057117 0.220043 -0.169235
v 0.043313 0.219305 -0.155752
v 0.048114 0.205565 -0.166841
v 0.055689 0.201367 -0.175412
v 0.051776 0.200716 -0.172193
v 0.044158 0.255348 -0.141070
v 0.041807 0.265443 -0.130820
v 0.042032 0.282499 -0.124825
v 0.036928 0.286572 -0.115000
v 0.087187 0.240183 -0.168990
v 0.040411 0.274140 -0.119720
v 0.069512 0.232346 -0.163452
v 0.096001 0.240462 -0.166098
v 0.159438 0.225905 0.108811
v 0.151765 0.224483 0.113468
v 0.153986 0.207065 0.114744
v 0.166683 0.203034 0.103919
v 0.175147 0.208824 0.095326
v 0.158614 0.199813 0.110709
v 0.174559 0.224902 0.096199
v 0.174422 0.234080 0.094601
v 0.161979 0.247542 0.098760
v 0.139783 0.256359 0.110189
v 0.142206 0.243141 0.111531
v 0.141482 0.264975 0.109533
v 0.162826 0.267581 0.091353
v 0.165962 0.258059 0.088568
v 0.134628 0.263211 0.114279
v 0.123743 0.207688 0.123783
v 0.128961 0.220926 0.119638
v 0.123296 0.248572 0.113910
v 0.116729 0.258038 0.115261
v 0.109845 0.216262 0.123188
v 0.111141 0.207425 0.127650
v 0.136797 0.182952 0.114929
v 0.145932 0.185497 0.111652
v 0.124738 0.177586 0.116325
v 0.112712 0.242142 0.114847
v 0.096830 0.254866 0.112353
v 0.105746 0.229316 0.117270
v 0.099946 0.247424 0.111074
v 0.112755 0.188371 0.118923
v 0.120299 0.171189 0.111195
v 0.088806 -0.252598 0.021508
v 0.099060 -0.252040 0.013924
v 0.106803 -0.247343 0.024411
v 0.070003 -0.252609 0.035352
v 0.069297 -0.255290 0.028977
v 0.094972 -0.247753 0.042163
v 0.083957 -0.248945 0.048566
v 0.070880 -0.250755 0.060116
v 0.055663 -0.257631 0.048010
v 0.107246 -0.241974 0.044560
v 0.122008 -0.236209 0.042858
v 0.126836 -0.239182 0.026848
v 0.136141 -0.232674 0.042506
v 0.130482 -0.229909 0.063022
v 0.139969 -0.230178 0.056805
v 0.133055 -0.225565 0.075043
v 0.137311 -0.236472 0.031219
v 0.110769 -0.253382 0.010398
v 0.123301 -0.223229 0.081235
v 0.091995 -0.258309 0.010181
v 0.129944 -0.221870 0.081231
v 0.130416 -0.242923 0.021065
v 0.082011 -0.260763 0.017072
v 0.058771 -0.262834 0.032155
v 0.062517 -0.257665 0.076687
v 0.128775 -0.223672 0.089566
v 0.121831 -0.224768 0.092069
v 0.141024 -0.233741 0.042658
v 0.125235 -0.230826 0.054084
v 0.118064 -0.234400 0.044551
v 0.051637 -0.264011 0.046612
v 0.051584 -0.274781 0.036959
v 0.136820 -0.253259 0.015620
v 0.135566 -0.227002 0.078607
v 0.082828 -0.246398 0.049422
v 0.102198 -0.301526 0.007503
v 0.105260 -0.318326 0.010039
v 0.117030 -0.318223 0.008063
v 0.119909 -0.304208 0.006121
v 0.131565 -0.303819 0.006021
v 0.132553 -0.296174 0.004843
v 0.098792 -0.324872 0.014043
v 0.117038 -0.327530 0.013606
v 0.101578 -0.343075 0.019023
v 0.115145 -0.340022 0.016813
v 0.105657 -0.351089 0.019164
v 0.075031 -0.306000 0.021485
v 0.088486 -0.297363 0.012394
v 0.105570 -0.293786 0.003173
v 0.115809 -0.301125 0.002660
v 0.094360 -0.283853 0.005082
v 0.108823 -0.282777 0.002448
v 0.057383 -0.280547 0.028998
v 0.081736 -0.272355 0.014813
v 0.060930 -0.307686 0.030815
v 0.068385 -0.321233 0.032452
v 0.083175 -0.321927 0.023286
v 0.103524 -0.363134 0.025626
v 0.093576 -0.344697 0.029181
v 0.094345 -0.267286 0.005509
v 0.118853 -0.325239 0.010618
v 0.081879 -0.333560 0.033806
v 0.114063 -0.274096 0.004267
v 0.058771 -0.262834 0.032155
v 0.082011 -0.260763 0.017072
v 0.125436 -0.313424 0.005745
v 0.091995 -0.258309 0.010181
v 0.054025 -0.305215 0.039748
v 0.118131 -0.278488 0.002398
v 0.051584 -0.274781 0.036959
v 0.063713 -0.321198 0.040509
v 0.077883 -0.337091 0.043649
v 0.119493 -0.257157 0.009089
v 0.110769 -0.253382 0.010398
v 0.135472 -0.268077 0.009644
v 0.127801 -0.280519 0.004345
v 0.136820 -0.253259 0.015620
v 0.155000 0.169077 0.136734
v 0.141375 0.157434 0.144474
v 0.167111 0.169127 0.139109
v 0.162056 0.175438 0.131211
v 0.153711 0.156053 0.145901
v 0.170248 0.157262 0.144694
v 0.137005 0.144267 0.148780
v 0.154280 0.135147 0.151464
v 0.135054 0.119978 0.153001
v 0.137204 0.104095 0.155660
v 0.145794 0.106726 0.154804
v 0.133363 0.089392 0.159188
v 0.136260 0.084976 0.159676
v 0.176998 0.150337 0.144060
v 0.173628 0.123179 0.146860
v 0.163644 0.109680 0.149581
v 0.158370 0.079775 0.151964
v 0.151468 0.069709 0.156746
v 0.134582 0.076990 0.162401
v 0.136614 0.052914 0.166496
v 0.148723 0.049830 0.161985
v 0.128451 0.070549 0.163960
v 0.123976 0.053399 0.170283
v 0.117391 0.055745 0.169326
v 0.138821 0.040543 0.170183
v 0.129456 0.043114 0.173690
v 0.180898 0.128893 0.142901
v 0.176152 0.112493 0.144871
v 0.174348 0.092460 0.143449
v 0.168679 0.087243 0.146490
v 0.127814 0.076275 0.164896
v 0.169179 0.078486 0.144513
v 0.175469 0.175157 0.129835
v 0.169650 0.182231 0.120880
v 0.182285 0.174319 0.127439
v 0.183922 0.181387 0.117099
v 0.193667 0.186032 0.102986
v 0.189150 0.191287 0.100445
v 0.198004 0.191584 0.089586
v 0.129817 0.086982 0.181816
v 0.178940 0.183337 0.113462
v -0.110797 0.111513 -0.025465
v -0.111236 0.082454 -0.024730
v -0.119890 0.095399 -0.020508
v -0.122113 0.057981 -0.019269
v -0.108970 0.061413 -0.025774
v -0.121034 0.118863 -0.019119
v -0.123532 0.093133 -0.016395
v -0.125851 0.115771 -0.009271
v -0.111151 0.118924 -0.021016
v -0.107166 0.115301 -0.026653
v -0.104597 0.054948 -0.022555
v -0.126914 0.063591 -0.009524
v -0.107952 0.060279 -0.030454
v -0.103062 0.038963 -0.049965
v -0.099582 0.029411 -0.065730
v -0.107114 0.019524 -0.056348
v -0.102868 0.020837 -0.066496
v -0.096177 0.054687 -0.062023
v -0.111255 0.020373 -0.036947
v -0.101283 0.053102 -0.050432
v -0.104600 0.052045 -0.032469
v -0.106098 0.038201 -0.031442
v -0.104597 0.054948 -0.022555
v -0.111142 0.020548 -0.022539
v -0.103299 0.034298 -0.011127
v -0.107432 0.015121 -0.005435
v -0.097555 0.053226 -0.003143
v -0.101805 0.012436 0.004920
v -0.105979 0.055471 -0.036420
v -0.101124 0.058290 -0.008852
v -0.096158 0.061926 -0.000941
v -0.092733 0.067163 0.008470
v -0.085971 0.053156 0.019050
v -0.093830 0.029284 0.010683
v -0.086325 0.030404 0.023440
v -0.083694 0.063929 0.024374
v -0.108416 -0.009813 0.007143
v -0.076017 0.030828 0.037892
v -0.094421 0.000878 0.017687
v -0.092623 0.017608 0.014393
v -0.089393 0.026699 0.017068
v -0.077788 0.059731 0.030352
v -0.075106 0.003096 0.041772
v -0.092606 -0.006092 0.019699
v -0.067359 0.027667 0.047743
v -0.057366 0.055140 0.053271
v -0.044948 0.046672 0.065240
v -0.050152 0.064805 0.060182
v -0.114574 0.009751 -0.009160
v -0.120639 -0.014355 -0.006723
v -0.127724 -0.007294 -0.019850
v -0.122640 0.011148 -0.022858
v -0.128701 0.001551 -0.039265
v -0.134315 -0.017104 -0.038913
v -0.132736 -0.030188 -0.022949
v -0.126228 -0.035432 -0.010889
v -0.137407 -0.040421 -0.039288
v -0.133174 -0.055306 -0.020453
v -0.137627 -0.069297 -0.032889
v -0.139105 -0.063802 -0.041174
v -0.142990 -0.085976 -0.045802
v -0.137583 -0.109363 -0.032697
v -0.127202 -0.059520 -0.010250
v -0.128795 -0.095968 -0.013157
v -0.130709 -0.118608 -0.018308
v -0.143332 -0.107115 -0.048892
v -0.109663 -0.032163 0.010415
v -0.113861 -0.061791 0.009520
v -0.111627 -0.058915 0.009630
v -0.135161 -0.127037 -0.031673
v -0.128578 -0.146628 -0.024028
v -0.142331 -0.123650 -0.054183
v -0.140875 -0.144702 -0.056234
v -0.132587 -0.154076 -0.040530
v -0.139054 -0.153989 -0.055450
v -0.140620 -0.166177 -0.042554
v -0.134333 -0.167025 -0.034313
v -0.123300 -0.124573 -0.011173
v -0.146415 -0.164035 -0.053967
v -0.145194 -0.175674 -0.039497
v -0.149803 -0.180346 -0.044282
v -0.152732 -0.181454 -0.049213
v -0.140788 -0.167751 -0.037153
v -0.110448 -0.111054 0.003102
v -0.120465 -0.090919 -0.003787
v -0.128902 -0.169393 -0.028219
v -0.123431 -0.157803 -0.027740
v -0.100961 -0.046143 0.017820
v -0.060612 0.061089 0.051092
v -0.072744 0.060376 0.038397
v -0.111633 -0.097230 0.002817
v -0.052639 0.005210 0.058987
v -0.079869 -0.006957 0.032823
v -0.087538 -0.015650 0.021978
v -0.048090 0.025778 0.061091
v -0.037447 0.032639 0.069340
v -0.045522 0.019288 0.062507
v -0.027555 0.010664 0.076794
v -0.025438 0.001092 0.079811
v -0.013484 -0.008450 0.095037
v -0.016324 -0.020926 0.096437
v -0.026078 -0.018401 0.078006
v -0.014673 -0.049874 0.098722
v -0.039067 -0.008432 0.064668
v -0.014329 0.015211 0.085253
v -0.022061 0.028121 0.078351
v -0.019608 -0.051718 0.080695
v -0.029541 -0.021902 0.069770
v -0.041311 -0.021472 0.055084
v -0.030171 0.057012 0.072471
v -0.027700 0.047725 0.072974
v -0.036965 0.069618 0.070907
v -0.095419 -0.071420 0.019925
v -0.062780 -0.011884 0.046546
v -0.146524 -0.115392 -0.054630
v -0.111835 -0.149055 -0.010839
v -0.095809 -0.065869 0.017933
v -0.020672 0.051708 0.076731
v 0.013249 -0.029937 0.110154
v 0.015654 -0.053425 0.113461
v 0.001488 -0.059429 0.105520
v 0.015368 -0.074793 0.114394
v -0.008717 -0.075232 0.097208
v 0.004709 -0.084603 0.106267
v -0.010424 -0.063552 0.095243
v 0.020921 -0.111920 0.115646
v 0.006965 -0.113990 0.101327
v 0.026550 -0.136352 0.117270
v 0.007363 -0.135534 0.096278
v 0.024294 -0.151591 0.110416
v -0.004617 -0.091530 0.096565
v 0.010885 -0.154262 0.092834
v 0.001725 -0.117547 0.088010
v -0.104628 -0.121015 0.003204
v -0.068519 -0.020479 0.035229
v 0.033339 -0.148038 0.117210
v -0.113804 -0.165092 -0.022335
v 0.013501 -0.166197 0.087547
v 0.024002 -0.163714 0.102012
v 0.024101 -0.173349 0.099498
v 0.018568 -0.176495 0.090252
v 0.035927 -0.173450 0.106980
v 0.038123 -0.162969 0.108692
v 0.041916 -0.178800 0.111461
v 0.034676 -0.191340 0.099299
v -0.117860 -0.175895 -0.023136
v -0.097571 -0.093790 0.011428
v -0.105044 -0.106852 0.003382
v -0.017171 0.048432 0.076946
v 0.011451 -0.013862 0.105534
v 0.029282 -0.096234 0.118454
v -0.000460 0.046083 0.081853
v -0.011097 0.052873 0.078894
v -0.000691 0.052831 0.084979
v 0.050360 -0.157545 0.111800
v 0.053762 -0.135716 0.124479
v 0.048399 -0.141781 0.122951
v -0.006652 0.000349 0.094619
v 0.037720 -0.184656 0.111901
v 0.034382 -0.186615 0.106421
v -0.143147 -0.009232 -0.041355
v -0.150289 -0.035091 -0.043537
v -0.150837 -0.061990 -0.043899
v -0.155682 -0.069298 -0.046889
v -0.156189 -0.104503 -0.048767
v -0.162547 -0.109487 -0.051759
v -0.165828 -0.088834 -0.067307
v 0.005547 0.013030 0.092505
v 0.008763 -0.000348 0.099874
v -0.078041 -0.026187 0.022380
v -0.168123 -0.107010 -0.068378
v -0.159350 -0.052373 -0.064383
v -0.157846 -0.030332 -0.065974
v 0.030571 -0.185339 0.096571
v -0.136404 0.005274 -0.041817
v -0.152634 -0.014413 -0.063877
v -0.136363 0.012367 -0.047894
v -0.147092 -0.002023 -0.062332
v -0.000374 -0.145257 0.066051
v 0.004977 -0.155509 0.071474
v -0.010344 -0.081901 0.086734
v -0.154034 -0.115970 -0.051642
v 0.044599 -0.058817 0.118751
v 0.039839 -0.098442 0.120689
v 0.050454 -0.109137 0.122067
v 0.051592 -0.070868 0.119883
v 0.042593 -0.196035 0.114809
v -0.123083 -0.175265 -0.024576
v -0.043327 -0.031172 0.041203
v -0.030888 -0.036041 0.048014
v -0.139153 0.011747 -0.059792
v -0.074190 -0.078412 0.017341
v -0.076519 -0.070696 0.016225
v -0.071988 -0.113178 -0.000293
v -0.073625 -0.104610 0.004918
v -0.107301 -0.160869 -0.018730
v -0.107952 0.060279 -0.030454
v -0.095324 -0.173802 -0.025424
v -0.113358 -0.191612 -0.026785
v -0.074604 -0.117935 -0.000538
v -0.054225 -0.034571 0.026837
v -0.061100 -0.037160 0.019874
v -0.040735 -0.043082 0.016760
v -0.047620 -0.043490 0.008442
v 0.128249 -0.471657 0.211517
v 0.104497 -0.473847 0.212174
v 0.128998 -0.474825 0.212319
v 0.136002 -0.450091 0.206746
v 0.111542 -0.447876 0.213978
v 0.125686 -0.447554 0.213021
v 0.095769 -0.448299 0.208874
v 0.094381 -0.474181 0.206824
v 0.103117 -0.476399 0.213196
v 0.118912 -0.475621 0.213990
v 0.128697 -0.495852 0.213462
v 0.103809 -0.495603 0.211007
v 0.094225 -0.495224 0.210031
v 0.090109 -0.451506 0.203682
v -0.068772 0.082504 -0.105075
v -0.067532 0.072733 -0.092034
v -0.067109 0.093164 -0.092952
v -0.070608 0.055122 -0.112650
v -0.067811 0.055070 -0.095711
v -0.068747 0.117545 -0.095671
v -0.069108 0.096178 -0.114373
v -0.068138 0.073732 -0.115967
v -0.068132 0.117941 -0.113667
v -0.064857 0.055298 -0.088837
v -0.068540 0.059125 -0.117246
v -0.069671 0.108490 -0.093176
v -0.069269 0.116645 -0.090882
v 0.092953 -0.270268 -0.001847
v 0.109074 -0.276448 0.000421
v 0.105438 -0.293998 0.000629
v 0.094756 -0.294811 -0.001863
v 0.113061 -0.254852 0.002309
v 0.136438 -0.276079 0.004014
v 0.141148 -0.268898 0.006262
v 0.091478 -0.254428 0.001508
v 0.139745 -0.252409 0.009778
v 0.097999 -0.238290 0.007502
v 0.110756 -0.301594 -0.001159
v 0.109861 -0.233202 0.010463
v 0.124322 -0.225611 0.020464
v 0.138560 -0.235522 0.021187
v 0.132053 -0.218119 0.027494
v 0.115809 -0.301125 0.002660
v 0.078431 -0.246072 0.011875
v 0.067685 -0.262300 0.016387
v 0.052572 -0.255958 0.028890
v 0.052177 -0.279437 0.025130
v 0.078178 -0.287170 0.010830
v 0.054606 -0.296125 0.025683
v 0.058645 -0.310812 0.026991
v 0.078735 -0.307848 0.014859
v 0.091803 -0.301639 0.003476
v 0.059697 -0.245744 0.029923
v 0.089174 -0.328046 0.019064
v 0.069441 -0.324129 0.029682
v 0.098028 -0.316057 0.005214
v 0.042428 -0.261889 0.041715
v 0.149336 -0.273307 -0.008273
v 0.151360 -0.279238 -0.010090
v 0.163919 -0.274994 -0.020909
v 0.142679 -0.287246 0.005380
v 0.084947 -0.342270 0.035172
v 0.154549 -0.282003 -0.008066
v 0.048776 -0.249731 0.044931
v 0.098712 -0.308171 -0.018344
v 0.094335 -0.307571 -0.009229
v 0.100192 -0.315125 -0.011251
v 0.116969 0.011922 0.149660
v 0.124721 0.009221 0.141841
v 0.110708 -0.003501 0.143610
v 0.106288 0.006966 0.154248
v 0.123312 -0.002159 0.132055
v 0.127044 0.022421 0.142413
v 0.112982 0.025301 0.152856
v 0.100763 0.013097 0.157204
v 0.132229 0.015340 0.125997
v 0.126481 -0.005326 0.126727
v 0.139386 0.008840 0.120795
v 0.138969 0.033003 0.119856
v 0.134780 0.032970 0.123851
v 0.126925 0.036307 0.138272
v 0.133053 -0.010616 0.124471
v 0.112149 -0.006563 0.134302
v 0.117072 -0.018769 0.127727
v 0.106711 -0.016236 0.130697
v 0.146172 0.029770 0.120350
v 0.122459 0.044381 0.128085
v 0.048374 0.401022 -0.028509
v 0.048727 0.418715 -0.043578
v 0.034226 0.383033 -0.040046
v 0.038900 0.372075 -0.022487
v 0.029432 0.365789 -0.034193
v 0.057537 0.418259 -0.029415
v 0.025121 0.369836 -0.041984
v 0.036993 0.419744 -0.056385
v 0.024046 0.379838 -0.048608
v 0.049449 0.394982 -0.016601
v 0.059897 0.415964 -0.015518
v 0.039724 0.367276 -0.011662
v 0.033982 0.366358 -0.021496
v 0.051072 0.395765 -0.002124
v 0.060205 0.407922 0.018707
v 0.040867 0.368376 0.000950
v 0.053399 0.397476 0.017463
v 0.056425 0.402650 0.033977
v 0.050216 0.390514 0.033881
v 0.032668 0.358559 0.003848
v 0.047001 0.390955 0.010801
v 0.033173 0.358533 0.020282
v 0.033856 0.357197 0.007248
v 0.028200 0.351438 0.018858
v 0.052021 0.397318 0.039500
v 0.045119 0.380900 0.046470
v 0.048444 0.390581 0.056025
v 0.045129 0.378106 0.055652
v 0.042612 0.362056 0.049250
v 0.043479 0.351435 0.062604
v 0.039901 0.344860 0.059583
v 0.035846 0.349306 0.050644
v 0.038933 0.378983 0.075923
v 0.048543 0.343304 0.071479
v 0.048004 0.339321 0.073123
v 0.041487 0.353280 0.074438
v 0.042593 0.389939 0.023878
v 0.033179 0.382613 0.036149
v 0.033189 0.369677 0.089050
v 0.033408 0.355255 0.091746
v 0.035806 0.356914 0.097869
v 0.036521 0.348881 0.095403
v 0.043250 0.419366 -0.064732
v 0.031043 0.419235 -0.062283
v 0.031547 0.418200 -0.077785
v 0.054764 0.421947 -0.047159
v 0.023680 0.415234 -0.073230
v 0.021282 0.415647 -0.066027
v 0.065626 0.419487 -0.027948
v 0.064325 0.414176 -0.001266
v 0.069370 0.416311 -0.018747
v 0.018845 0.399672 -0.058674
v 0.033630 0.365962 -0.006244
v -0.174886 0.364805 -0.148793
v -0.177485 0.372927 -0.140085
v -0.159410 0.360875 -0.131617
v -0.145944 0.346740 -0.132801
v -0.187073 0.373384 -0.150046
v -0.147615 0.349965 -0.127436
v -0.159903 0.350172 -0.143820
v -0.149964 0.339832 -0.139234
v -0.191573 0.376484 -0.144995
v -0.156744 0.350592 -0.114142
v -0.162761 0.359298 -0.123405
v 0.110395 -0.350015 0.111779
v 0.109465 -0.380933 0.113206
v 0.096968 -0.347585 0.110736
v 0.100058 -0.381888 0.112326
v 0.109646 -0.319370 0.115823
v 0.088168 -0.315857 0.113445
v 0.102583 -0.391013 0.114736
v 0.112940 -0.392528 0.116154
v 0.117203 -0.401730 0.119262
v 0.100817 -0.410097 0.114361
v 0.113202 -0.421502 0.119830
v 0.130343 -0.417500 0.120664
v 0.112969 -0.436159 0.118329
v 0.123427 -0.435035 0.118765
v 0.104853 -0.431574 0.114934
v 0.108352 -0.450947 0.115541
v 0.124412 -0.445339 0.122596
v 0.112845 -0.448928 0.120860
v 0.095887 -0.372077 0.109566
v 0.092282 -0.354955 0.107501
v 0.088782 -0.338570 0.106999
v 0.094660 -0.297283 0.121455
v 0.080740 -0.289830 0.120069
v 0.094668 -0.277314 0.127230
v 0.079505 -0.274718 0.123738
v 0.098367 -0.263712 0.128669
v 0.105563 -0.291157 0.126577
v 0.078301 -0.264962 0.121375
v 0.108111 -0.296792 0.123035
v 0.104077 -0.257494 0.128480
v 0.089830 -0.264348 0.129906
v 0.127175 -0.379910 0.108993
v 0.125616 -0.327550 0.109942
v 0.122699 -0.351423 0.110190
v 0.127886 -0.362941 0.107628
v 0.120427 -0.301611 0.115466
v 0.134236 -0.435222 0.115099
v 0.126794 -0.395561 0.113990
v 0.131300 -0.444322 0.119356
v 0.117227 -0.278639 0.119892
v -0.112912 0.053979 -0.046812
v -0.108429 0.053555 -0.068602
v -0.105979 0.055471 -0.036420
v -0.116454 0.054420 -0.029334
v -0.124873 0.055638 -0.033557
v -0.122299 0.055918 -0.066331
v -0.101283 0.053102 -0.050432
v -0.096177 0.054687 -0.062023
v -0.096259 0.056874 -0.067064
v -0.093316 0.058096 -0.064148
v -0.107952 0.060279 -0.030454
v 0.123107 -0.442841 0.056309
v 0.120393 -0.447552 0.076149
v 0.139244 -0.437366 0.061055
v 0.130598 -0.437602 0.038603
v 0.149721 -0.439679 0.076369
v 0.131797 -0.444667 0.095306
v 0.104069 -0.454790 0.101407
v 0.108352 -0.450947 0.115541
v 0.131300 -0.444322 0.119356
v 0.141601 -0.439531 0.108143
v 0.124412 -0.445339 0.122596
v 0.112845 -0.448928 0.120860
v 0.144905 -0.429578 0.050487
v 0.149990 -0.429579 0.064350
v 0.146380 -0.430754 0.091666
v 0.102260 -0.445661 0.074575
v 0.107387 -0.448186 0.050672
v 0.112212 -0.440658 0.041885
v 0.118370 -0.436380 0.039417
v 0.119912 -0.484831 0.110809
v 0.133244 -0.485819 0.111765
v 0.116747 -0.485623 0.112639
v 0.114074 -0.483814 0.109274
v 0.109137 -0.486031 0.111258
v 0.095537 -0.498796 0.111907
v 0.095805 -0.488655 0.109907
v 0.144107 -0.498333 0.112709
v 0.149765 -0.487661 0.113026
v 0.159475 -0.498191 0.113178
v 0.157681 -0.490174 0.112110
v 0.064543 0.392606 0.035350
v 0.059660 0.382148 0.051554
v 0.073652 0.365509 0.039643
v 0.051143 0.390883 0.060676
v 0.079554 0.368543 0.023395
v 0.076656 0.379169 0.020645
v 0.069791 0.405121 0.009539
v 0.059819 0.401282 0.034581
v 0.081607 0.367206 0.018544
v 0.042571 0.378887 0.079479
v 0.065642 0.361952 0.052766
v 0.052377 0.354915 0.073298
v 0.046561 0.358126 0.083336
v 0.051369 0.349386 0.080261
v 0.036311 0.368426 0.092670
v 0.045189 0.348927 0.092552
v 0.035806 0.356914 0.097869
v 0.056397 0.350508 0.066971
v 0.079807 0.380330 0.000087
v 0.070774 0.410123 0.000401
v 0.079250 0.394949 -0.018401
v 0.077638 0.400619 -0.024163
v 0.069370 0.416311 -0.018747
v 0.050936 0.349899 0.086932
v 0.082290 0.361943 0.002510
v 0.082303 0.365620 -0.019745
v 0.082043 0.354570 -0.020843
v 0.083026 0.359587 -0.032933
v 0.078199 0.379711 -0.015857
v 0.080599 0.351138 -0.038465
v 0.048543 0.343304 0.071479
v 0.078471 0.357566 -0.048258
v 0.065626 0.419487 -0.027948
v 0.073073 0.404524 -0.036161
v 0.060205 0.407922 0.018707
v 0.064325 0.414176 -0.001266
v 0.036521 0.348881 0.095403
v 0.041461 0.346839 0.095052
v 0.047521 0.346250 0.079347
v 0.043701 0.245031 -0.130199
v 0.050443 0.215267 -0.139676
v 0.057071 0.226768 -0.124875
v 0.046090 0.255691 -0.117620
v 0.059920 0.243535 -0.111330
v 0.063332 0.230088 -0.115902
v 0.056055 0.250712 -0.109667
v 0.067814 0.214319 -0.123513
v 0.042018 0.236862 -0.138823
v 0.044654 0.211007 -0.152941
v 0.057217 0.195211 -0.151300
v 0.065567 0.193805 -0.146422
v 0.071087 0.196308 -0.137032
v 0.059052 0.251843 -0.107517
v 0.041807 0.265443 -0.130820
v 0.040411 0.274140 -0.119720
v 0.043313 0.219305 -0.155752
v 0.056643 0.197127 -0.166521
v 0.048114 0.205565 -0.166841
v 0.051776 0.200716 -0.172193
v 0.044158 0.255348 -0.141070
v 0.039299 0.271479 -0.113133
v 0.036928 0.286572 -0.115000
v 0.048818 0.254181 -0.111558
v 0.041792 0.259550 -0.112351
v 0.078829 0.286771 -0.146505
v 0.086030 0.282065 -0.123925
v 0.090058 0.274221 -0.137427
v 0.076639 0.292797 -0.125796
v 0.068050 0.302628 -0.128505
v 0.091957 0.273310 -0.143449
v 0.083231 0.279314 -0.155163
v 0.091458 0.266917 -0.158880
v 0.091402 0.266745 -0.167046
v 0.099455 0.256345 -0.172848
v 0.098887 0.262094 -0.154414
v 0.084408 0.295474 -0.111954
v 0.071122 0.311927 -0.110071
v 0.082393 0.305086 -0.100692
v 0.067942 0.314857 -0.107382
v 0.091058 0.290212 -0.097808
v 0.079495 0.306522 -0.092388
v 0.087091 0.304772 -0.094042
v 0.094153 0.290774 -0.088421
v 0.093887 0.284815 -0.095215
v 0.087646 0.284318 -0.111005
v 0.067814 0.309820 -0.125998
v 0.100027 0.251738 -0.166459
v 0.089573 0.279101 -0.097742
v 0.085453 0.307790 -0.090883
v -0.123570 0.098569 -0.038734
v -0.126773 0.082431 -0.058375
v -0.124292 0.083663 -0.036864
v -0.125749 0.063956 -0.045866
v -0.124873 0.055638 -0.033557
v -0.125393 0.119016 -0.050325
v -0.126330 0.118153 -0.062249
v -0.122441 0.119765 -0.035971
v -0.125906 0.064859 -0.065764
v -0.122299 0.055918 -0.066331
v -0.123176 0.094087 -0.068465
v -0.122609 0.121021 -0.066043
v -0.162880 0.088691 -0.173237
v -0.171683 0.080251 -0.164671
v -0.181656 0.088159 -0.165836
v -0.193291 0.070171 -0.149207
v -0.178635 0.063422 -0.151193
v -0.175007 0.100853 -0.177889
v -0.171006 0.103690 -0.182126
v -0.203688 0.055072 -0.137762
v -0.180905 0.048105 -0.141066
v -0.190122 0.038327 -0.133645
v -0.211088 0.042030 -0.127507
v -0.206160 0.027073 -0.122236
v -0.218027 0.029015 -0.118652
v -0.210065 0.062657 -0.138829
v -0.213214 0.050526 -0.130214
v -0.175264 0.112709 -0.185500
v -0.197161 0.027831 -0.126511
v -0.196380 0.085658 -0.155550
v -0.209043 0.078002 -0.145049
v -0.192011 0.113587 -0.170500
v -0.172794 0.058453 -0.152561
v -0.206047 0.089149 -0.150828
v -0.167260 0.068572 -0.163439
v -0.158433 0.078546 -0.173578
v -0.149961 0.086508 -0.179458
v -0.143441 0.105228 -0.185641
v -0.140578 0.092837 -0.184354
v -0.131824 0.103324 -0.192269
v -0.137737 0.116460 -0.193483
v -0.164415 0.107892 -0.185995
v -0.158238 0.123817 -0.195298
v -0.136883 0.126255 -0.199627
v -0.142784 0.130315 -0.200688
v -0.160693 0.127457 -0.195796
v -0.130632 0.131988 -0.202680
v -0.227518 0.029922 -0.111423
v -0.220543 0.064207 -0.139936
v -0.177931 0.120766 -0.185973
v -0.218639 0.050736 -0.123509
v -0.208695 0.119183 -0.157331
v -0.203717 0.125407 -0.164137
v -0.210032 0.125667 -0.159062
v -0.222946 0.121449 -0.151529
v -0.199184 0.135475 -0.168675
v -0.176998 0.127009 -0.187907
v -0.220522 0.058244 -0.122761
v -0.127706 0.114107 -0.205379
v -0.148987 0.147330 -0.198774
v -0.162141 0.152302 -0.195568
v -0.168022 0.130863 -0.193389
v -0.170956 0.149664 -0.192386
v -0.176861 0.153054 -0.187541
v -0.214014 0.070021 -0.136072
v -0.213177 0.077078 -0.140374
v -0.209123 0.097295 -0.149512
v -0.125102 0.149949 -0.204310
v -0.125420 0.133936 -0.202379
v -0.214941 0.113060 -0.145525
v -0.131570 0.160056 -0.202016
v -0.123134 0.168195 -0.213770
v -0.122500 0.183366 -0.221698
v -0.118242 0.176958 -0.220217
v -0.115188 0.197226 -0.233425
v -0.118790 0.198397 -0.232104
v -0.220264 0.127065 -0.152322
v -0.143940 0.172265 -0.195646
v -0.161594 0.161715 -0.193833
v -0.128546 0.123783 -0.218625
v -0.122819 0.125433 -0.230067
v -0.226323 0.054565 -0.137540
v -0.230227 0.064241 -0.137815
v -0.228322 0.053320 -0.133891
v -0.221365 0.026607 -0.107322
v -0.131989 0.168875 -0.197757
v -0.234246 0.030341 -0.103070
v -0.211816 0.130145 -0.154568
v -0.214793 0.080315 -0.151829
v -0.220822 0.087948 -0.158884
v -0.227081 0.084055 -0.159562
v -0.226884 0.090215 -0.161695
v -0.227564 0.082532 -0.151712
v -0.241570 0.088202 -0.171713
v -0.225331 0.028714 -0.099051
v -0.237537 0.030521 -0.097370
v 0.184177 0.310123 0.063167
v 0.180677 0.306832 0.088199
v 0.184676 0.284979 0.078831
v 0.182631 0.284900 0.094939
v 0.177042 0.331777 0.077577
v 0.174676 0.329826 0.091464
v 0.185275 0.270750 0.098877
v 0.181103 0.324967 0.049707
v 0.183042 0.316871 0.052795
v 0.185270 0.297980 0.056367
v 0.186173 0.270586 0.066482
v 0.174069 0.343751 0.047904
v 0.182931 0.313198 0.046763
v 0.176101 0.303273 0.099271
v 0.169871 0.348657 0.058661
v 0.169001 0.346282 0.073452
v 0.177927 0.270629 0.113391
v 0.174169 0.288743 0.107482
v 0.178103 0.297144 0.100878
v 0.164739 0.346278 0.080828
v 0.170805 0.305734 0.104537
v 0.152299 0.330705 0.114364
v 0.167093 0.292601 0.112467
v 0.152123 0.303490 0.121379
v 0.158659 0.285546 0.124354
v 0.163816 0.270878 0.127797
v 0.166183 0.303339 0.109869
v 0.144408 0.318938 0.122123
v 0.145136 0.327367 0.119445
v 0.179295 0.361158 0.075647
v 0.174804 0.356787 0.082767
v 0.181810 0.372937 0.088550
v 0.022029 0.124577 -0.059876
v 0.035823 0.087531 -0.067314
v 0.021604 0.088752 -0.059586
v 0.033177 0.122654 -0.066203
v 0.024373 0.084155 -0.058936
v 0.021135 0.080525 -0.052494
v -0.175254 0.018803 -0.061599
v -0.173991 0.013187 -0.048742
v -0.175560 -0.000994 -0.050525
v -0.174683 0.010099 -0.063931
v -0.176198 -0.000855 -0.069308
v -0.179078 -0.014912 -0.054835
v -0.175830 -0.016295 -0.068136
v -0.174853 -0.013980 -0.074694
v -0.172877 -0.016408 -0.081663
v -0.177540 0.002575 -0.043800
v -0.174165 0.011185 -0.037207
v -0.174057 0.018852 -0.033064
v -0.177861 0.004215 -0.034976
v -0.175800 0.017738 -0.022160
v -0.176980 0.008537 -0.023413
v -0.182355 -0.010404 -0.041621
v -0.169623 -0.007961 -0.083808
v -0.185361 -0.014436 -0.046910
v -0.165644 0.023796 -0.050222
v -0.165012 0.005615 -0.081100
v -0.168349 0.008153 -0.069334
v -0.168934 0.020830 -0.081316
v -0.183640 0.013645 -0.013616
v -0.175554 0.027495 -0.034546
v -0.181682 0.028701 -0.023924
v -0.175923 -0.014383 -0.091035
v -0.171775 0.004156 -0.092600
v -0.171420 0.035313 -0.052409
v -0.169732 0.030403 -0.057292
v -0.174499 0.018133 -0.092834
v -0.177678 0.026960 -0.070983
v -0.180475 0.033896 -0.067533
v -0.186434 0.037530 -0.083935
v -0.185413 0.043253 -0.067072
v -0.184722 0.028134 -0.098209
v -0.192332 0.047785 -0.073654
v -0.183213 0.047352 -0.053831
v -0.188400 0.045636 -0.040855
v -0.187236 0.020332 -0.013220
v -0.191053 0.035911 -0.022122
v -0.196851 0.043877 -0.029092
v -0.199927 0.054034 -0.063915
v -0.201938 0.050939 -0.040797
v -0.204856 0.055667 -0.059765
v -0.176437 0.359760 -0.129494
v -0.178741 0.356685 -0.132856
v -0.171522 0.349231 -0.123349
v -0.191573 0.376484 -0.144995
v -0.164452 0.340016 -0.116311
v -0.163258 0.329994 -0.134667
v -0.172960 0.346065 -0.138194
v -0.187073 0.373384 -0.150046
v 0.093672 0.347814 -0.061878
v 0.095232 0.356489 -0.079872
v 0.090876 0.347535 -0.080474
v 0.098183 0.357348 -0.063376
v 0.103729 0.374658 -0.070395
v 0.100195 0.373826 -0.082371
v 0.104094 0.379100 -0.075201
v 0.109692 0.383413 -0.086334
v 0.102727 0.364408 -0.095313
v 0.098316 0.346831 -0.094854
v 0.103843 0.379586 -0.086168
v 0.105433 0.378697 -0.095456
v 0.096677 0.336375 -0.096227
v 0.091765 0.341368 -0.079988
v 0.092472 0.328683 -0.098359
v 0.084286 0.322273 -0.079867
v 0.088365 0.313292 -0.099790
v 0.085453 0.307790 -0.090883
v 0.083599 0.307473 -0.073963
v 0.082201 0.319072 -0.070737
v 0.094234 0.330709 -0.058017
v 0.089455 0.326349 -0.066801
v 0.074804 0.302124 -0.069110
v 0.111618 0.384096 -0.080040
v 0.108764 0.378347 -0.068294
v 0.104095 0.362610 -0.060755
v 0.090371 0.045767 0.163070
v 0.077110 0.035299 0.165049
v 0.092666 0.034344 0.176079
v 0.067739 0.034811 0.153837
v 0.083214 0.048635 0.151824
v 0.073604 0.048640 0.139365
v 0.103331 0.056410 0.148212
v 0.095883 0.056950 0.138215
v 0.112256 0.053310 0.155692
v 0.117345 0.049304 0.160673
v 0.115206 0.035775 0.171235
v 0.124368 0.041389 0.165103
v 0.085691 0.018012 0.178883
v 0.093886 0.020381 0.181501
v 0.093372 0.003016 0.184854
v 0.084097 0.002522 0.180615
v 0.104215 0.020069 0.177743
v 0.081713 -0.196638 0.037553
v 0.085298 -0.211668 0.033699
v 0.099668 -0.224277 0.032724
v 0.088499 -0.224743 0.029096
v 0.112084 -0.217128 0.041621
v 0.092539 -0.198665 0.040955
v 0.107341 -0.201540 0.048600
v 0.095077 -0.189050 0.050237
v 0.081729 -0.189184 0.035789
v 0.118064 -0.234400 0.044551
v 0.099990 -0.187113 0.058100
v 0.107989 -0.189223 0.064513
v 0.095291 -0.179698 0.060090
v 0.080143 -0.179469 0.050730
v 0.116866 -0.209070 0.057049
v 0.125235 -0.230826 0.054084
v 0.111271 -0.199346 0.062469
v 0.110903 -0.189570 0.071999
v 0.067855 -0.225478 0.029054
v 0.072300 -0.209455 0.034648
v 0.067232 -0.201211 0.036861
v 0.110104 -0.236032 0.040854
v 0.088983 -0.235187 0.031572
v 0.066234 -0.190343 0.030786
v 0.060450 -0.218528 0.034305
v 0.058276 -0.204794 0.041529
v 0.063452 -0.229852 0.030865
v 0.055443 -0.192520 0.033276
v -0.093245 0.238901 -0.176996
v -0.073804 0.237886 -0.181382
v -0.075293 0.236611 -0.162647
v -0.100292 0.236260 -0.151824
v -0.071859 0.240700 -0.197075
v -0.105597 0.236664 -0.167954
v -0.076809 0.237361 -0.156646
v -0.082421 0.240959 -0.139427
v -0.067806 0.242842 -0.194516
v -0.063547 0.243883 -0.214960
v -0.066564 0.244218 -0.213469
v -0.095675 0.234677 -0.141388
v -0.106483 0.238890 -0.170943
v -0.077030 0.244624 -0.199727
v -0.091542 0.243295 -0.182379
v -0.087870 0.231462 -0.135261
v 0.149911 0.267441 0.105125
v 0.149841 0.267327 0.124313
v 0.141482 0.264975 0.109533
v 0.134628 0.263211 0.114279
v 0.177927 0.270629 0.113391
v 0.161996 0.269037 0.102465
v 0.125562 0.263221 0.126005
v 0.162826 0.267581 0.091353
v 0.177306 0.267556 0.078664
v 0.185275 0.270750 0.098877
v 0.163816 0.270878 0.127797
v 0.186173 0.270586 0.066482
v 0.116729 0.258038 0.115261
v 0.144537 0.268475 0.129901
v 0.116957 0.263764 0.129870
v 0.174440 0.264109 0.063933
v 0.170891 0.263695 0.073611
v 0.166932 0.265022 0.085136
v 0.091439 0.263122 0.127355
v 0.096830 0.254866 0.112353
v 0.081884 0.257462 0.120240
v 0.085547 0.257729 0.110719
v 0.176914 0.262807 0.060476
v 0.184786 0.270965 0.052332
v 0.177476 0.263832 0.048063
v 0.083462 0.245458 0.098208
v -0.020672 0.051708 0.076731
v -0.011097 0.052873 0.078894
v -0.035725 0.052186 0.091708
v -0.036855 0.050896 0.081397
v -0.003554 0.051463 0.097020
v -0.023261 0.052093 0.100290
v -0.000691 0.052831 0.084979
v -0.016761 0.054200 0.102690
v -0.039756 0.054162 0.088108
v -0.030171 0.057012 0.072471
v 0.029121 0.428489 0.029719
v 0.024867 0.426153 0.037607
v 0.030309 0.420404 0.021580
v 0.022843 0.417107 0.037174
v 0.019554 0.401267 0.039259
v 0.025942 0.405228 0.020329
v 0.019471 0.391814 0.030476
v 0.009877 0.380025 0.042126
v 0.006657 0.389900 0.055134
v 0.002438 0.372291 0.052952
v 0.038652 0.435029 0.019523
v 0.037210 0.442150 0.027974
v 0.036494 0.428405 0.015001
v 0.024615 0.398105 0.012907
v 0.039288 0.446341 0.020855
v 0.036319 0.449502 0.036271
v 0.039188 0.459054 0.031744
v 0.020253 0.388432 0.013695
v 0.010224 0.375753 0.029060
v 0.027712 0.403301 0.002925
v 0.025946 0.396911 -0.006061
v 0.034753 0.411819 -0.006384
v 0.031703 0.414494 0.004192
v 0.040897 0.453852 0.015497
v 0.042337 0.458648 0.020577
v 0.022109 0.380991 0.006456
v 0.017029 0.373617 0.017664
v 0.025712 0.384197 -0.005644
v 0.036639 0.440451 0.035232
v 0.033882 0.439565 0.040640
v 0.032129 0.432086 0.039681
v 0.032879 0.430581 0.048237
v 0.031105 0.425239 0.043772
v 0.039667 0.419281 -0.002444
v 0.038690 0.427480 0.007819
v 0.000209 0.366453 0.034529
v -0.003081 0.366466 0.056046
v -0.004539 0.367431 0.058631
v 0.012285 0.366870 0.025394
v 0.014094 0.422204 0.049365
v 0.020850 0.427034 0.042224
v 0.012130 0.430646 0.056283
v 0.019432 0.436461 0.047828
v 0.033700 0.403012 0.014879
v 0.035202 0.415219 0.009947
v 0.040500 0.437238 0.008854
v 0.042638 0.450744 0.012546
v 0.040030 0.429608 -0.001977
v 0.042812 0.442755 -0.000215
v 0.042006 0.434648 -0.010523
v 0.037900 0.422002 -0.008406
v 0.038418 0.420741 -0.018543
v 0.042242 0.432582 -0.015592
v 0.043230 0.451877 0.001791
v 0.043588 0.443199 -0.018106
v 0.033826 0.404895 0.008740
v 0.043622 0.450791 -0.018375
v 0.039371 0.466958 0.027838
v 0.031299 0.413917 -0.017483
v 0.032561 0.458628 0.041144
v 0.035609 0.471341 0.036502
v 0.029010 0.451414 0.044931
v 0.024808 0.398887 -0.015352
v 0.029259 0.404444 -0.024274
v 0.024350 0.394216 -0.020258
v 0.034024 0.416348 -0.022083
v 0.042119 0.466119 -0.002821
v 0.040622 0.469051 0.009602
v 0.042130 0.473631 0.002476
v 0.041455 0.474136 0.014754
v 0.040181 0.462362 0.015774
v 0.043839 0.458808 -0.003438
v 0.026147 0.382569 -0.019310
v 0.041167 0.454280 -0.007050
v 0.043458 0.458558 -0.011704
v 0.025830 0.444015 0.055183
v 0.025681 0.448730 0.056152
v 0.006414 0.410005 0.056611
v 0.027043 0.471150 0.045869
v -0.002160 0.385373 0.061194
v -0.000857 0.390185 0.063498
v 0.039555 0.473155 -0.007988
v 0.040364 0.470788 -0.018282
v 0.032668 0.358559 0.003848
v 0.033630 0.365962 -0.006244
v 0.024345 0.451600 0.056406
v 0.024237 0.463510 0.047567
v 0.021038 0.470503 0.055750
v 0.020575 0.454809 0.059823
v 0.020623 0.468471 0.064993
v 0.017993 0.456194 0.064105
v 0.017420 0.463713 0.068969
v 0.015886 0.469454 0.073012
v 0.023995 0.351045 0.020980
v -0.005890 0.406164 0.061768
v 0.033982 0.366358 -0.021496
v 0.004936 0.422849 0.055554
v 0.003338 0.431254 0.063132
v -0.011828 0.359628 0.036987
v -0.008268 0.363149 0.054025
v -0.012484 0.381415 0.064336
v -0.008526 0.365720 0.060661
v -0.013287 0.393761 0.067592
v -0.014577 0.371377 0.063837
v -0.005347 0.413788 0.061142
v -0.013011 0.406909 0.074709
v -0.013508 0.400902 0.065949
v -0.015519 0.416229 0.071776
v -0.013349 0.428666 0.065463
v -0.005841 0.424576 0.058362
v -0.009228 0.434503 0.064934
v 0.025146 0.450439 0.057129
v 0.013889 0.052542 0.087397
v 0.040641 0.051436 0.085718
v 0.014313 0.052370 0.103505
v 0.043459 0.052196 0.104271
v 0.020510 0.052061 0.111696
v 0.024199 0.052910 0.080650
v 0.037201 0.053233 0.110783
v 0.007898 0.054740 0.082980
v 0.010700 0.053657 0.091832
v 0.041164 0.053984 0.079090
v 0.006735 0.057060 0.086034
v 0.038955 0.121464 -0.065658
v 0.051567 0.109801 -0.058238
v 0.035823 0.087531 -0.067314
v 0.050388 0.087080 -0.056317
v 0.050053 0.122629 -0.056238
v 0.033177 0.122654 -0.066203
v 0.140704 -0.395205 0.036659
v 0.111700 -0.400582 0.031625
v 0.126271 -0.408957 0.036462
v 0.126739 -0.380757 0.028507
v 0.143755 -0.381084 0.032199
v 0.139318 -0.410005 0.041497
v 0.111940 -0.415788 0.037915
v 0.111115 -0.388855 0.029295
v 0.130598 -0.437602 0.038603
v 0.118370 -0.436380 0.039417
v 0.138177 -0.427754 0.042336
v 0.112212 -0.440658 0.041885
v 0.107027 -0.409044 0.036622
v 0.107187 -0.385442 0.030087
v 0.101090 -0.421869 0.049244
v 0.105368 -0.425657 0.046253
v -0.022550 0.081838 -0.132106
v -0.010131 0.082002 -0.125956
v -0.020099 0.065415 -0.135427
v -0.007276 0.063503 -0.126873
v -0.015080 0.048790 -0.134478
v -0.005996 0.048952 -0.126915
v -0.022972 0.115650 -0.130460
v -0.010905 0.115324 -0.123220
v -0.024113 0.048882 -0.134761
v -0.201799 0.008600 -0.042893
v -0.202769 -0.009778 -0.036149
v -0.192529 -0.004687 -0.040751
v -0.218452 -0.000041 -0.035025
v -0.214033 0.020223 -0.039408
v -0.197747 0.019216 -0.044082
v -0.212194 0.033677 -0.040257
v -0.200212 -0.015925 -0.037327
v -0.182355 -0.010404 -0.041621
v -0.215558 -0.010384 -0.034905
v -0.223839 0.018532 -0.040037
v -0.217704 0.036589 -0.041856
v -0.184300 -0.004378 -0.039303
v -0.177861 0.004215 -0.034976
v -0.226248 0.001503 -0.040103
v -0.199033 -0.022365 -0.041680
v -0.185361 -0.014436 -0.046910
v 0.100888 0.235213 -0.082278
v 0.113068 0.246582 -0.102754
v 0.107958 0.226241 -0.086616
v 0.096041 0.246657 -0.084422
v 0.099549 0.263845 -0.095606
v 0.080269 0.269543 -0.079251
v 0.083937 0.273760 -0.086522
v 0.097121 0.276322 -0.099207
v 0.107220 0.270208 -0.103473
v 0.115147 0.224694 -0.098106
v 0.115839 0.209357 -0.093524
v 0.117885 0.240795 -0.106715
v 0.126080 0.196893 -0.096602
v 0.129414 0.207906 -0.104787
v 0.131645 0.194615 -0.099197
v 0.122013 0.191918 -0.085932
v 0.120780 0.226302 -0.109573
v 0.091720 0.250188 -0.079519
v 0.117704 0.256559 -0.105499
v 0.097292 0.241684 -0.073736
v 0.110818 0.219442 -0.076823
v 0.089573 0.279101 -0.097742
v -0.109725 0.011345 -0.076055
v -0.129312 0.012425 -0.078284
v -0.121941 0.013778 -0.060287
v -0.136363 0.012367 -0.047894
v -0.139153 0.011747 -0.059792
v -0.107540 0.013488 -0.091280
v -0.123299 0.011101 -0.091723
v -0.106834 0.012201 -0.097647
v -0.122861 0.010208 -0.044704
v -0.100795 0.017074 -0.096901
v -0.098846 0.021605 -0.085065
v -0.101673 0.020428 -0.075811
v -0.115308 0.016988 -0.043598
v -0.115019 0.019865 -0.063119
v -0.107114 0.019524 -0.056348
v -0.102868 0.020837 -0.066496
v -0.107941 0.020469 -0.069957
v -0.111255 0.020373 -0.036947
v -0.122640 0.011148 -0.022858
v -0.111142 0.020548 -0.022539
v -0.128701 0.001551 -0.039265
v -0.094023 0.016629 -0.076326
v -0.092361 0.011968 -0.094804
v -0.090458 0.010939 -0.084258
v -0.084843 0.016677 -0.082603
v -0.099582 0.029411 -0.065730
v -0.194292 -0.007064 -0.101072
v -0.190166 -0.017220 -0.099794
v -0.205355 -0.014972 -0.101914
v -0.207998 0.004108 -0.105299
v -0.196188 0.006244 -0.103464
v -0.204698 0.026966 -0.110142
v -0.190507 0.019422 -0.104423
v -0.193127 0.026338 -0.106302
v -0.213303 0.027004 -0.110271
v -0.202890 -0.024830 -0.096024
v -0.187507 -0.024226 -0.095542
v -0.217959 -0.000804 -0.102102
v -0.221365 0.026607 -0.107322
v -0.175923 -0.014383 -0.091035
v -0.176730 -0.000343 -0.092120
v -0.190099 0.001074 -0.096732
v -0.171775 0.004156 -0.092600
v -0.178384 0.008353 -0.096821
v -0.185634 0.016613 -0.098290
v -0.174499 0.018133 -0.092834
v -0.184722 0.028134 -0.098209
v -0.169623 -0.007961 -0.083808
v -0.214028 -0.017070 -0.096150
v -0.162655 -0.485561 -0.069275
v -0.190666 -0.485253 -0.086560
v -0.182758 -0.485139 -0.065580
v -0.167854 -0.485297 -0.090851
v -0.158494 -0.485235 -0.081514
v -0.158068 -0.481733 -0.062839
v -0.173680 -0.479298 -0.059258
v -0.183525 -0.477815 -0.053240
v -0.194121 -0.486775 -0.054951
v -0.186466 -0.488455 -0.068558
v -0.188751 -0.478899 -0.047188
v -0.198242 -0.483408 -0.047778
v -0.202529 -0.483187 -0.054151
v -0.179721 -0.481752 -0.093245
v -0.200562 -0.480832 -0.093925
v -0.201979 -0.485725 -0.086034
v -0.173912 -0.478041 -0.100916
v -0.153166 -0.475959 -0.069170
v 0.109623 0.371884 0.054847
v 0.091129 0.368885 0.052745
v 0.094007 0.369802 0.072624
v 0.114938 0.370996 0.043217
v 0.092961 0.369136 0.039841
v 0.097798 0.369640 0.030476
v 0.126509 0.371283 0.046279
v 0.125723 0.372646 0.072538
v 0.107358 0.373448 0.073098
v 0.110737 0.368618 0.025759
v 0.122882 0.368396 0.029574
v 0.125413 0.373632 0.075395
v 0.109751 0.374363 0.077986
v 0.143773 0.367789 0.054930
v 0.135356 0.369748 0.044238
v 0.139680 0.368528 0.038868
v 0.145725 0.366681 0.071939
v 0.119618 0.361702 0.010917
v 0.106363 0.365836 0.016337
v 0.131657 0.365155 0.026405
v 0.102340 0.365405 0.023381
v 0.096342 0.366064 0.086617
v 0.103119 0.368273 0.085951
v 0.087088 0.366367 0.062843
v 0.082518 0.364183 0.071450
v 0.120971 0.372963 0.040871
v 0.081698 0.358556 0.088149
v 0.076736 0.361447 0.072063
v 0.069368 0.356133 0.078861
v 0.063235 0.353050 0.086523
v 0.064175 0.347158 0.100573
v 0.082763 0.355115 0.097399
v 0.050936 0.349899 0.086932
v 0.051369 0.349386 0.080261
v 0.045189 0.348927 0.092552
v 0.060802 0.349691 0.080940
v 0.087274 0.351767 0.105882
v 0.077970 0.346219 0.108960
v 0.041461 0.346839 0.095052
v 0.084101 0.360352 0.047620
v 0.087657 0.362490 0.036019
v 0.072548 0.337428 0.115853
v 0.050129 0.337115 0.107986
v 0.078439 0.342242 0.113446
v 0.085127 0.358400 0.053315
v 0.081058 0.356854 0.057809
v 0.079495 0.352675 0.065513
v 0.110567 0.361359 0.010947
v 0.110163 0.388149 0.093283
v 0.114704 0.393231 0.090225
v 0.116729 0.405007 0.100551
v 0.121018 0.409964 0.100061
v 0.121932 0.413748 0.104883
v 0.120885 0.387598 0.084169
v -0.145318 -0.116943 -0.084533
v -0.140954 -0.117806 -0.067375
v -0.154884 -0.115487 -0.072411
v -0.146524 -0.115392 -0.054630
v -0.154034 -0.115970 -0.051642
v -0.131369 -0.123240 -0.080946
v -0.162726 -0.110591 -0.081086
v -0.127987 -0.121946 -0.091420
v -0.168123 -0.107010 -0.068378
v -0.162547 -0.109487 -0.051759
v -0.136424 -0.115950 -0.094168
v -0.118057 -0.120290 -0.106620
v -0.121221 -0.126539 -0.098825
v -0.137910 -0.122468 -0.066870
v -0.142331 -0.123650 -0.054183
v -0.074523 0.251284 -0.195991
v -0.085735 0.255495 -0.173216
v -0.070967 0.252257 -0.178852
v -0.075908 0.256992 -0.158872
v -0.094131 0.258778 -0.163728
v -0.090352 0.251870 -0.180606
v -0.067611 0.247386 -0.195582
v -0.063547 0.243883 -0.214960
v -0.074423 0.248450 -0.200769
v -0.066564 0.244218 -0.213469
v -0.102307 0.252955 -0.167956
v -0.074357 0.254854 -0.154982
v 0.110104 -0.236032 0.040854
v 0.080787 -0.240029 0.033860
v 0.082828 -0.246398 0.049422
v 0.063020 -0.242498 0.040207
v 0.068399 -0.248311 0.061388
v 0.055750 -0.242745 0.049545
v 0.088983 -0.235187 0.031572
v 0.063452 -0.229852 0.030865
v 0.107246 -0.241974 0.044560
v 0.118064 -0.234400 0.044551
v 0.067855 -0.225478 0.029054
v -0.033321 0.048712 -0.130368
v -0.025148 0.049775 -0.101419
v -0.038203 0.051458 -0.108125
v -0.012485 0.048584 -0.114377
v -0.015080 0.048790 -0.134478
v -0.005996 0.048952 -0.126915
v -0.024113 0.048882 -0.134761
v -0.040613 0.053705 -0.107466
v -0.036375 0.050294 -0.096640
v -0.048108 0.053866 -0.095171
v -0.067811 0.055070 -0.095711
v -0.064857 0.055298 -0.088837
v -0.070608 0.055122 -0.112650
v -0.044241 0.052042 -0.120231
v -0.060412 0.052711 -0.121372
v -0.045934 0.050532 -0.123655
v -0.053871 0.055969 -0.127095
v -0.124292 0.083663 -0.036864
v -0.120233 0.072413 -0.032793
v -0.111614 0.087260 -0.031280
v -0.124873 0.055638 -0.033557
v -0.116454 0.054420 -0.029334
v -0.122441 0.119765 -0.035971
v -0.110957 0.115313 -0.029084
v -0.110575 0.064776 -0.030752
v -0.107952 0.060279 -0.030454
v -0.111236 0.082454 -0.024730
v -0.113781 0.119651 -0.032864
v -0.107166 0.115301 -0.026653
v -0.110797 0.111513 -0.025465
v -0.159427 -0.159406 -0.076312
v -0.158504 -0.178980 -0.084898
v -0.173504 -0.170148 -0.063959
v -0.174201 -0.189868 -0.068731
v -0.153344 -0.196122 -0.093169
v -0.160994 -0.146283 -0.066144
v -0.168011 -0.209477 -0.075426
v -0.147033 -0.208011 -0.101826
v -0.179624 -0.184602 -0.052980
v -0.173998 -0.205951 -0.065290
v -0.177678 -0.201359 -0.054840
v -0.158231 -0.223689 -0.083149
v -0.141778 -0.227741 -0.109535
v -0.142671 -0.216392 -0.108934
v -0.129847 -0.226530 -0.121518
v -0.136740 -0.237017 -0.116583
v -0.138971 -0.247778 -0.112079
v -0.148971 -0.235108 -0.093202
v -0.134234 -0.207317 -0.113335
v -0.119756 -0.218725 -0.128418
v -0.114287 -0.209622 -0.129463
v -0.113769 -0.214708 -0.132631
v -0.115725 -0.197521 -0.122404
v -0.176550 -0.168200 -0.052564
v -0.137986 -0.207065 -0.102811
v -0.092613 -0.213140 -0.138252
v -0.095279 -0.192875 -0.123054
v -0.161191 -0.144995 -0.055159
v -0.078573 -0.195810 -0.124706
v -0.078711 -0.214682 -0.139438
v -0.086153 -0.186646 -0.116009
v -0.101641 -0.187146 -0.115120
v -0.119954 -0.197237 -0.113361
v -0.141257 -0.205213 -0.096683
v -0.142973 -0.196718 -0.088127
v -0.147722 -0.186369 -0.077062
v -0.076831 0.054409 -0.091492
v -0.079928 0.054693 -0.076630
v -0.099574 0.055175 -0.075471
v -0.104892 0.056303 -0.083479
v -0.092730 0.056124 -0.094764
v -0.081248 0.055571 -0.103895
v -0.068683 0.055084 -0.086060
v -0.094111 0.057437 -0.067112
v -0.093316 0.058096 -0.064148
v -0.096259 0.056874 -0.067064
v -0.070604 0.057339 -0.091150
v -0.086769 0.060251 -0.106140
v 0.116537 0.255718 -0.073480
v 0.114510 0.270903 -0.079553
v 0.104225 0.259445 -0.067906
v 0.099118 0.268613 -0.069373
v 0.133921 0.257567 -0.089299
v 0.128920 0.237384 -0.075065
v 0.125606 0.268852 -0.088345
v 0.140111 0.241563 -0.087842
v 0.120013 0.236734 -0.069646
v 0.146253 0.237721 -0.093035
v 0.125162 0.207421 -0.066053
v 0.118630 0.225749 -0.065579
v 0.139570 0.208402 -0.073542
v 0.108972 0.248016 -0.067946
v 0.141648 0.229058 -0.087164
v 0.147479 0.205102 -0.084257
v 0.106708 0.286513 -0.087176
v 0.090290 0.277265 -0.072439
v 0.092928 0.290972 -0.085563
v 0.085139 0.285445 -0.075925
v 0.081521 0.296363 -0.071980
v 0.088049 0.301709 -0.078326
v 0.079508 0.295723 -0.065508
v 0.074804 0.302124 -0.069110
v 0.088258 0.305858 -0.073810
v 0.083599 0.307473 -0.073963
v 0.067497 0.305314 -0.070276
v 0.135351 0.200096 -0.077225
v 0.123544 0.193444 -0.073126
v 0.146316 0.200482 -0.087387
v 0.135246 0.191433 -0.085189
v -0.062500 0.119934 -0.109741
v -0.065430 0.119751 -0.109741
v -0.063743 0.120235 -0.096011
v -0.047111 0.119297 -0.120080
v -0.038905 0.118437 -0.102837
v -0.062317 0.119629 -0.112915
v -0.051409 0.118808 -0.094928
v -0.055135 0.118241 -0.088177
v -0.063965 0.119629 -0.111328
v -0.041633 0.118302 -0.113954
v -0.068132 0.117941 -0.113667
v -0.069269 0.116645 -0.090882
v -0.071132 0.120882 -0.082124
v -0.044956 0.114645 -0.091914
v -0.025541 0.117755 -0.098370
v -0.030731 0.119445 -0.119328
v -0.012125 0.115882 -0.114485
v -0.010905 0.115324 -0.123220
v -0.022972 0.115650 -0.130460
v -0.068747 0.117545 -0.095671
v -0.030664 0.116584 -0.125098
v -0.052098 0.117205 -0.121850
v 0.035823 0.087531 -0.067314
v 0.050388 0.087080 -0.056317
v 0.042769 0.083063 -0.042997
v 0.021135 0.080525 -0.052494
v 0.031873 0.080119 -0.045557
v 0.024373 0.084155 -0.058936
v -0.095440 0.376512 -0.111135
v -0.108372 0.376885 -0.100160
v -0.093400 0.374441 -0.103966
v -0.095630 0.370211 -0.089606
v -0.085978 0.371575 -0.102526
v -0.086776 0.369202 -0.094362
v -0.074916 0.368879 -0.102597
v -0.110602 0.372151 -0.087366
v -0.109521 0.368313 -0.072537
v -0.119269 0.369678 -0.069038
v -0.079777 0.372377 -0.114803
v -0.070913 0.370514 -0.121851
v -0.085515 0.372800 -0.119281
v -0.064407 0.362364 -0.114878
v -0.060270 0.367794 -0.129265
v -0.107914 0.372900 -0.116058
v -0.116954 0.373953 -0.107171
v -0.092968 0.372366 -0.119721
v -0.107808 0.369548 -0.126506
v -0.098468 0.366463 -0.131036
v -0.122203 0.370665 -0.110235
v -0.114859 0.363653 -0.129538
v -0.075431 0.360018 -0.136944
v -0.057965 0.355724 -0.145775
v -0.095202 0.361993 -0.136117
v -0.097926 0.357224 -0.143680
v -0.092066 0.345379 -0.156536
v -0.070891 0.348946 -0.149805
v -0.109266 0.352302 -0.149840
v -0.108005 0.343142 -0.159026
v -0.130814 0.359159 -0.122005
v -0.129613 0.368502 -0.107673
v -0.131019 0.347689 -0.143431
v -0.145944 0.346740 -0.132801
v -0.147615 0.349965 -0.127436
v -0.115099 0.356118 -0.142824
v -0.149964 0.339832 -0.139234
v -0.123861 0.338003 -0.158847
v -0.139795 0.331173 -0.157440
v -0.113352 0.378584 -0.100666
v -0.156786 0.323614 -0.146413
v -0.163258 0.329994 -0.134667
v -0.098606 0.330567 -0.164914
v -0.168110 0.314074 -0.140551
v -0.168108 0.310600 -0.143521
v -0.180893 0.314804 -0.144198
v -0.190482 0.312794 -0.153599
v -0.206671 0.315112 -0.159511
v -0.107197 0.356670 -0.149330
v -0.121980 0.324786 -0.164594
v -0.074317 0.340239 -0.155464
v -0.058302 0.339055 -0.153262
v -0.084684 0.324669 -0.164628
v -0.108699 0.315152 -0.168412
v -0.147609 0.306051 -0.157610
v -0.167000 0.301343 -0.145547
v -0.132947 0.305182 -0.164795
v -0.136651 0.295847 -0.164599
v -0.127457 0.304777 -0.167284
v -0.090074 0.309114 -0.170514
v -0.068299 0.323102 -0.158429
v -0.084908 0.310371 -0.167941
v -0.135852 0.404030 -0.108568
v -0.123494 0.394623 -0.103677
v -0.138802 0.415415 -0.104018
v -0.146037 0.420062 -0.104328
v -0.074241 0.305563 -0.163801
v -0.023974 -0.042044 -0.005313
v -0.013266 -0.043041 -0.004902
v -0.024768 -0.043598 0.005607
v -0.047620 -0.043490 0.008442
v -0.040735 -0.043082 0.016760
v -0.027189 -0.048512 0.022864
v -0.004696 -0.034449 -0.021557
v -0.010658 -0.035060 -0.030407
v -0.021096 -0.056990 0.030939
v 0.003023 -0.048256 -0.010054
v 0.013443 -0.048564 -0.017696
v -0.003333 -0.055405 0.002269
v 0.008826 -0.034878 -0.025243
v 0.005459 -0.025799 -0.035126
v 0.028346 -0.027913 -0.030419
v 0.015084 -0.017774 -0.043578
v 0.038265 -0.020479 -0.033327
v 0.036270 -0.051021 -0.018450
v 0.021894 -0.008529 -0.047703
v 0.052838 -0.047987 -0.019058
v 0.014609 -0.057262 -0.017050
v 0.007432 -0.076953 0.003249
v 0.023045 -0.081897 -0.010659
v 0.037476 -0.075008 -0.014280
v 0.010775 -0.102041 0.009730
v 0.028653 -0.102478 -0.008061
v 0.051627 -0.096422 -0.011819
v 0.028097 -0.123878 -0.004578
v 0.049112 -0.125660 -0.018578
v 0.032602 -0.142905 0.002490
v 0.024033 -0.139304 0.006689
v 0.028349 -0.166469 0.015416
v 0.045573 -0.173931 0.007057
v 0.048286 -0.146347 -0.003326
v 0.046968 -0.189582 0.013800
v 0.012339 -0.124099 0.012947
v 0.051815 -0.062267 -0.017400
v 0.065123 -0.186241 0.013061
v 0.064419 -0.169401 0.006298
v 0.055957 -0.146544 -0.000817
v 0.067930 -0.197357 0.020421
v 0.054297 -0.209770 0.029121
v 0.070627 -0.135084 0.000564
v 0.069542 -0.204104 0.027314
v 0.054150 -0.218314 0.028327
v 0.076022 -0.226072 0.021776
v 0.056679 -0.234484 0.028748
v 0.059697 -0.245744 0.029923
v 0.083518 -0.237903 0.020088
v 0.041315 -0.230446 0.044408
v 0.040287 -0.219018 0.043888
v 0.100027 -0.224320 0.022060
v 0.078995 -0.168002 0.010767
v 0.088576 -0.198889 0.029132
v 0.088984 -0.194140 0.029960
v 0.085211 -0.177037 0.018629
v 0.098667 -0.235627 0.017974
v 0.067020 -0.125069 -0.007036
v 0.108944 -0.231597 0.019661
v 0.115745 -0.225049 0.024997
v -0.048337 0.088975 -0.120118
v -0.040356 0.081021 -0.110607
v -0.044241 0.052042 -0.120231
v -0.041633 0.118302 -0.113954
v -0.038737 0.115977 -0.109676
v -0.047111 0.119297 -0.120080
v -0.047181 0.061085 -0.124364
v -0.045934 0.050532 -0.123655
v -0.040613 0.053705 -0.107466
v -0.053871 0.055969 -0.127095
v -0.052098 0.117205 -0.121850
v -0.052777 0.084976 -0.122296
v -0.038905 0.118437 -0.102837
v -0.080211 0.414586 -0.108187
v -0.084262 0.406951 -0.102813
v -0.080550 0.386943 -0.105803
v -0.085971 0.385418 -0.101548
v -0.085978 0.371575 -0.102526
v -0.084108 0.430693 -0.109591
v -0.079777 0.372377 -0.114803
v -0.079738 0.404728 -0.113389
v -0.141292 -0.397380 -0.076592
v -0.166804 -0.424231 -0.072218
v -0.146865 -0.416284 -0.066873
v -0.156502 -0.428141 -0.064645
v -0.163226 -0.428119 -0.068546
v -0.139901 -0.401355 -0.073892
v -0.152614 -0.398951 -0.084690
v -0.142965 -0.389213 -0.087820
v -0.131695 -0.382900 -0.086338
v -0.138277 -0.378333 -0.092908
v -0.171844 -0.423809 -0.082948
v -0.126022 -0.366890 -0.085696
v -0.146273 -0.389052 -0.097656
v -0.085047 -0.227336 -0.155380
v -0.084780 -0.225025 -0.177727
v -0.089495 -0.230784 -0.178819
v -0.092706 -0.236674 -0.158435
v -0.084872 -0.226992 -0.195365
v 0.129201 0.345416 -0.067234
v 0.110947 0.364576 -0.059538
v 0.125348 0.341094 -0.062387
v 0.136252 0.334502 -0.067635
v 0.124567 0.357771 -0.066699
v 0.108532 0.343767 -0.055108
v 0.111838 0.328649 -0.051915
v 0.122848 0.366091 -0.071084
v 0.108764 0.378347 -0.068294
v 0.133669 0.321354 -0.053485
v 0.141755 0.321223 -0.059787
v 0.124358 0.322459 -0.051121
v 0.119856 0.376432 -0.079789
v 0.111618 0.384096 -0.080040
v 0.130766 0.359715 -0.079989
v 0.145455 0.325258 -0.073941
v 0.135516 0.342876 -0.079473
v 0.146015 0.325505 -0.080369
v 0.101604 0.334401 -0.054080
v 0.101262 0.325854 -0.049802
v 0.104095 0.362610 -0.060755
v 0.098183 0.357348 -0.063376
v 0.093672 0.347814 -0.061878
v 0.094234 0.330709 -0.058017
v 0.075609 0.235545 -0.154652
v 0.084034 0.228083 -0.145569
v 0.075437 0.202120 -0.157828
v 0.083623 0.207427 -0.149199
v 0.081219 0.196658 -0.151469
v 0.072157 0.211356 -0.164684
v 0.069512 0.232346 -0.163452
v 0.072490 0.196998 -0.162426
v 0.065186 0.202013 -0.167212
v 0.086409 0.235850 -0.148001
v 0.057117 0.220043 -0.169235
v 0.055689 0.201367 -0.175412
v 0.060004 0.241622 -0.163455
v 0.064682 0.196392 -0.163020
v 0.009990 0.454629 0.053049
v -0.006899 0.455097 0.059557
v -0.009228 0.434503 0.064934
v -0.009407 0.452485 0.060785
v 0.003338 0.431254 0.063132
v 0.016293 0.442543 0.050527
v 0.012130 0.430646 0.056283
v 0.019529 0.447069 0.050089
v 0.019432 0.436461 0.047828
v -0.011799 0.437592 -0.051375
v -0.003506 0.438472 -0.052027
v -0.008294 0.419341 -0.049114
v -0.017589 0.428406 -0.050627
v -0.013461 0.449457 -0.055274
v 0.001312 0.420643 -0.052036
v -0.015913 0.420380 -0.050920
v -0.015588 0.409575 -0.048611
v -0.004371 0.412531 -0.045498
v -0.014739 0.401563 -0.045771
v -0.015276 0.383271 -0.044896
v -0.000598 0.383839 -0.044659
v -0.022682 0.394103 -0.043579
v -0.021893 0.409273 -0.043879
v -0.023910 0.423527 -0.048789
v 0.004566 0.438222 -0.057079
v 0.006051 0.426968 -0.053065
v -0.029077 0.401607 -0.039721
v -0.030204 0.411941 -0.039341
v -0.035043 0.406789 -0.037399
v -0.032749 0.428333 -0.041371
v -0.040236 0.421823 -0.038644
v -0.038397 0.439026 -0.040133
v -0.023145 0.433807 -0.047692
v -0.027983 0.453425 -0.047170
v -0.021157 0.447095 -0.049688
v -0.012811 0.452577 -0.053714
v 0.003962 0.445409 -0.056845
v -0.019445 0.461658 -0.049569
v -0.039584 0.457497 -0.039756
v -0.043061 0.440611 -0.037040
v -0.034028 0.472067 -0.041105
v 0.001455 0.456815 -0.055009
v -0.000161 0.408854 -0.048313
v -0.048565 0.452861 -0.038868
v -0.047897 0.472162 -0.034808
v -0.026481 0.462920 -0.045243
v -0.049850 0.443557 -0.038025
v -0.043038 0.433372 -0.040233
v -0.044219 0.426733 -0.036927
v -0.012582 0.465452 -0.048223
v -0.039057 0.467981 -0.036353
v 0.007325 0.452813 -0.055030
v -0.024760 0.473555 -0.040939
v -0.003199 0.465107 -0.049777
v -0.002635 0.477474 -0.045918
v -0.009997 0.478223 -0.045307
v -0.015111 0.472520 -0.042700
v -0.019967 0.482071 -0.037171
v -0.011409 0.484514 -0.037470
v -0.007276 0.372020 -0.050487
v -0.025979 0.373420 -0.044043
v -0.030054 0.384564 -0.033706
v -0.022726 0.387692 -0.039030
v -0.025464 0.396993 -0.033051
v -0.033518 0.371088 -0.042498
v -0.042771 0.371482 -0.036709
v -0.033415 0.475733 -0.038070
v -0.040796 0.479357 -0.028368
v -0.033472 0.486868 -0.033834
v -0.041013 0.485204 -0.024790
v -0.051102 0.470280 -0.024676
v -0.025535 0.483019 -0.030582
v -0.020811 0.492411 -0.027026
v -0.030718 0.490688 -0.028206
v -0.021381 0.371760 -0.049095
v -0.020159 0.424482 -0.055250
v -0.195676 0.312590 -0.147498
v -0.189989 0.306282 -0.144191
v -0.184295 0.307539 -0.136696
v -0.202581 0.310882 -0.158139
v -0.206671 0.315112 -0.159511
v -0.177168 0.300097 -0.129216
v -0.175725 0.308977 -0.127593
v -0.187705 0.302947 -0.148947
v -0.173729 0.292749 -0.143450
v 0.050053 0.122629 -0.056238
v 0.046567 0.107191 -0.043954
v 0.051567 0.109801 -0.058238
v 0.045664 0.124457 -0.044426
v 0.050388 0.087080 -0.056317
v 0.046710 0.088652 -0.042923
v 0.042769 0.083063 -0.042997
v -0.186755 -0.459562 -0.057941
v -0.189235 -0.468721 -0.051830
v -0.200954 -0.464994 -0.058008
v -0.202994 -0.454954 -0.062464
v -0.216433 -0.455841 -0.062804
v -0.174362 -0.461809 -0.058455
v -0.201720 -0.473230 -0.047138
v -0.195248 -0.475862 -0.044735
v -0.207013 -0.451558 -0.069509
v -0.217301 -0.452592 -0.069932
v -0.188751 -0.478899 -0.047188
v -0.183525 -0.477815 -0.053240
v -0.158151 -0.473026 -0.062709
v -0.159021 -0.462965 -0.067952
v -0.168311 -0.458435 -0.068305
v -0.167772 -0.453688 -0.076604
v -0.153166 -0.475959 -0.069170
v -0.172758 -0.456727 -0.058171
v -0.188868 -0.453516 -0.057649
v -0.158068 -0.481733 -0.062839
v -0.173680 -0.479298 -0.059258
v -0.170095 -0.454654 -0.066009
v -0.198242 -0.483408 -0.047778
v -0.168701 -0.446559 -0.073581
v -0.199116 -0.448423 -0.058407
v 0.067236 -0.180490 0.132629
v 0.072937 -0.200474 0.131144
v 0.051872 -0.191673 0.131603
v 0.055793 -0.201053 0.130720
v 0.053828 -0.167230 0.131088
v 0.075861 -0.183308 0.131036
v 0.073471 -0.158571 0.128514
v 0.068010 -0.219121 0.124676
v 0.078081 -0.209919 0.126975
v 0.083463 -0.193888 0.126612
v 0.078514 -0.161972 0.126865
v 0.048410 -0.157688 0.126563
v 0.055467 -0.151090 0.129389
v 0.035369 -0.157452 0.124978
v 0.036217 -0.164736 0.123401
v 0.041907 -0.182335 0.125617
v 0.073788 -0.152237 0.126101
v 0.061410 -0.222768 0.120812
v 0.068486 -0.232976 0.116872
v 0.047731 -0.196715 0.127449
v 0.079918 -0.218495 0.121435
v 0.076417 -0.241801 0.111423
v 0.090525 -0.227659 0.113263
v 0.080940 -0.243591 0.109488
v 0.071908 -0.248377 0.106299
v 0.086521 -0.203554 0.119539
v 0.081424 -0.248292 0.114057
v 0.050485 -0.212976 0.117745
v 0.062178 -0.242008 0.103601
v 0.088357 -0.239135 0.114366
v 0.097951 -0.223450 0.115321
v 0.079392 -0.260630 0.118241
v 0.162808 -0.302155 0.047727
v 0.187523 -0.309495 0.053457
v 0.157404 -0.314315 0.053150
v 0.158871 -0.295780 0.042738
v 0.169145 -0.315830 0.057052
v 0.191034 -0.305436 0.054913
v 0.161726 -0.293024 0.050821
v 0.073604 0.048640 0.139365
v 0.077256 0.044051 0.126793
v 0.066285 0.031589 0.125997
v 0.096747 0.052685 0.122947
v 0.077169 0.034122 0.120851
v 0.092829 0.044115 0.120899
v 0.074753 0.016098 0.114318
v 0.067689 0.015038 0.116284
v 0.061197 0.020525 0.124115
v 0.059496 0.022908 0.130512
v 0.103207 0.043851 0.121222
v 0.095883 0.056950 0.138215
v 0.064187 0.033029 0.140728
v 0.087861 0.031348 0.122571
v 0.067693 0.007069 0.119575
v -0.209073 0.310191 -0.106309
v -0.185349 0.301114 -0.105982
v -0.198985 0.299780 -0.100408
v -0.219505 0.309159 -0.102166
v -0.188059 0.295332 -0.099413
v -0.224304 0.315002 -0.100762
v -0.183975 0.305730 -0.106578
v 0.001651 0.354700 0.032122
v -0.013646 0.332340 0.032834
v 0.001711 0.330770 0.034934
v -0.015563 0.314968 0.035104
v 0.014947 0.342655 0.030724
v -0.011571 0.356346 0.034369
v 0.000209 0.366453 0.034529
v 0.012285 0.366870 0.025394
v 0.023995 0.351045 0.020980
v 0.017029 0.373617 0.017664
v -0.011828 0.359628 0.036987
v -0.024226 0.354395 0.027473
v -0.027090 0.332605 0.025692
v -0.030424 0.313236 0.025312
v -0.023721 0.366361 0.031389
v -0.039778 0.324892 0.015425
v -0.045154 0.315469 0.012636
v -0.035482 0.364894 0.012691
v -0.049605 0.326386 0.001754
v -0.049957 0.338615 -0.001330
v -0.029245 0.369689 0.022597
v -0.038255 0.372704 0.009344
v -0.047644 0.349742 -0.001649
v -0.050554 0.353661 -0.006084
v -0.050340 0.360165 -0.010908
v -0.082951 0.294582 -0.190114
v -0.067856 0.294300 -0.196629
v -0.085318 0.288686 -0.178869
v -0.078541 0.300570 -0.202236
v -0.099021 0.288439 -0.172536
v -0.092064 0.282896 -0.164726
v -0.068076 0.303285 -0.209951
v -0.052778 0.306237 -0.212593
v -0.071709 0.289654 -0.178423
v -0.085470 0.282397 -0.158897
v -0.100362 0.277773 -0.161596
v -0.108199 0.282281 -0.169713
v -0.057837 0.300065 -0.200013
v -0.042548 0.308379 -0.210966
v -0.088766 0.297896 -0.187642
v -0.111506 0.287234 -0.171362
v -0.113474 0.265733 -0.164598
v -0.116347 0.272270 -0.170836
v -0.115428 0.269302 -0.166018
v -0.062760 0.299075 -0.188362
v -0.062093 0.304026 -0.188050
v -0.051513 0.304404 -0.199032
v -0.072142 0.302259 -0.165223
v -0.076511 0.287788 -0.162947
v -0.076552 0.285269 -0.156291
v -0.069155 0.303860 -0.157867
v -0.172758 -0.456727 -0.058171
v -0.188868 -0.453516 -0.057649
v -0.180784 -0.452906 -0.050834
v -0.168108 -0.456039 -0.057470
v -0.199116 -0.448423 -0.058407
v -0.198450 -0.444337 -0.045745
v -0.209390 -0.443187 -0.065071
v -0.212450 -0.442928 -0.045539
v -0.158119 -0.459981 -0.054241
v -0.221050 -0.442565 -0.057785
v -0.224383 -0.442483 -0.068476
v -0.213018 -0.444710 -0.077330
v -0.201887 -0.444381 -0.040545
v -0.224562 -0.446293 -0.079293
v -0.213581 -0.449985 -0.092058
v -0.205950 -0.452106 -0.083876
v -0.206953 -0.455417 -0.105203
v -0.201150 -0.454691 -0.095090
v -0.198517 -0.457871 -0.111995
v -0.199459 -0.453663 -0.083319
v -0.191013 -0.455331 -0.107705
v -0.181174 -0.459005 -0.123969
v -0.207013 -0.451558 -0.069509
v -0.170095 -0.454654 -0.066009
v -0.180861 -0.457009 -0.044365
v -0.184303 -0.446908 -0.087926
v -0.206299 -0.455102 -0.079294
v -0.179362 -0.450113 -0.081870
v -0.202994 -0.454954 -0.062464
v 0.139726 0.339332 0.141257
v 0.129965 0.330082 0.132942
v 0.138056 0.331643 0.143140
v 0.147262 0.345233 0.154057
v 0.125578 0.317352 0.125700
v 0.120807 0.332606 0.122027
v 0.149750 0.339547 0.152261
v 0.139700 0.319696 0.134618
v 0.145224 0.327888 0.143118
v 0.152868 0.347181 0.154602
v 0.139643 0.313152 0.124539
v 0.167278 -0.301501 0.061778
v 0.160531 -0.313528 0.060777
v 0.169145 -0.315830 0.057052
v 0.191034 -0.305436 0.054913
v 0.157884 -0.298566 0.067563
v 0.187523 -0.309495 0.053457
v 0.157488 -0.313921 0.063609
v -0.084262 0.406951 -0.102813
v -0.087799 0.426143 -0.108161
v -0.093400 0.374441 -0.103966
v -0.085971 0.385418 -0.101548
v -0.085978 0.371575 -0.102526
v -0.084108 0.430693 -0.109591
v -0.091466 0.403791 -0.112104
v -0.095440 0.376512 -0.111135
v -0.089781 0.397393 -0.118650
v -0.091912 0.385943 -0.120904
v -0.092968 0.372366 -0.119721
v -0.101887 0.125130 -0.056660
v -0.113781 0.119651 -0.032864
v -0.097762 0.119955 -0.041178
v -0.093055 0.122562 -0.053670
v -0.107166 0.115301 -0.026653
v -0.088967 0.125919 -0.059994
v -0.122441 0.119765 -0.035971
v -0.114926 0.124466 -0.055135
v -0.099445 0.127955 -0.061492
v -0.107141 0.124455 -0.064329
v -0.122609 0.121021 -0.066043
v -0.125393 0.119016 -0.050325
v -0.099098 0.127659 -0.064648
v -0.101193 0.118518 -0.015614
v -0.126330 0.118153 -0.062249
v -0.114105 0.120706 -0.068914
v -0.111151 0.118924 -0.021016
v -0.105123 0.121338 -0.008295
v -0.100540 0.122713 -0.008005
v -0.099139 0.115093 0.005585
v -0.111465 0.119406 -0.003919
v -0.114507 0.111003 0.010367
v -0.120779 0.114063 0.002572
v -0.110279 0.123685 -0.009544
v -0.125851 0.115771 -0.009271
v -0.121034 0.118863 -0.019119
v -0.097856 0.107763 0.014199
v -0.110232 0.105040 0.017285
v -0.100644 0.103337 0.019664
v -0.097448 0.102202 0.031577
v 0.094756 -0.294811 -0.001863
v 0.110756 -0.301594 -0.001159
v 0.098712 -0.308171 -0.018344
v 0.106812 -0.307466 -0.007635
v -0.050825 -0.223271 -0.140942
v -0.039903 -0.247281 -0.146487
v -0.051380 -0.244439 -0.154084
v -0.058891 -0.220506 -0.145406
v -0.044520 -0.266743 -0.158147
v -0.037433 -0.265089 -0.151787
v -0.057757 -0.262746 -0.163809
v -0.066225 -0.243291 -0.160776
v -0.047677 -0.273872 -0.162138
v -0.067667 -0.218441 -0.148141
v -0.078795 -0.230049 -0.157665
v -0.078088 -0.240698 -0.163188
v -0.077813 -0.264840 -0.167794
v -0.060728 -0.275184 -0.166089
v -0.077733 -0.288567 -0.169558
v -0.056793 -0.294687 -0.164951
v -0.045302 -0.279336 -0.160997
v -0.073576 -0.302270 -0.168974
v -0.059349 -0.331279 -0.163653
v -0.076466 -0.331349 -0.168117
v -0.078750 -0.369476 -0.167688
v -0.062853 -0.378553 -0.163793
v -0.081025 -0.383861 -0.168940
v -0.083455 -0.307967 -0.169723
v -0.083529 -0.296353 -0.168886
v -0.041678 -0.314584 -0.156662
v -0.039935 -0.282770 -0.158345
v -0.049462 -0.342776 -0.158717
v -0.057662 -0.368330 -0.161213
v -0.034003 -0.281872 -0.151884
v -0.085047 -0.227336 -0.155380
v -0.085021 -0.213972 -0.147429
v -0.065664 -0.381411 -0.166341
v -0.038328 -0.269766 -0.169125
v -0.036040 -0.275256 -0.173350
v -0.023000 -0.270343 -0.190654
v -0.025350 -0.273144 -0.190698
v -0.127314 -0.362470 -0.145526
v -0.106623 -0.379200 -0.160964
v -0.118533 -0.387533 -0.155487
v -0.104729 -0.400690 -0.164921
v -0.133242 -0.391032 -0.145325
v -0.122470 -0.407402 -0.158767
v -0.100153 -0.410107 -0.170596
v -0.117110 -0.430977 -0.169198
v -0.124312 -0.427834 -0.164183
v -0.122256 -0.438450 -0.168328
v -0.137310 -0.420186 -0.155163
v -0.144007 -0.407021 -0.149447
v -0.085037 -0.392823 -0.171061
v -0.151395 -0.421406 -0.150470
v -0.102305 -0.420915 -0.171835
v -0.139589 -0.435789 -0.155331
v -0.131754 -0.443356 -0.161218
v -0.154597 -0.435855 -0.146704
v -0.073308 -0.386848 -0.176114
v -0.080997 -0.400388 -0.173232
v -0.069685 -0.389390 -0.178241
v -0.089784 -0.407743 -0.171649
v -0.088712 -0.412477 -0.174473
v -0.083883 -0.429887 -0.181810
v -0.086021 -0.409553 -0.174942
v -0.110438 -0.430704 -0.169949
v -0.091510 -0.437828 -0.181311
v -0.103873 -0.459954 -0.177390
v -0.089675 -0.448025 -0.183153
v -0.057903 -0.380739 -0.178462
v -0.120095 -0.444689 -0.165015
v -0.090665 -0.475720 -0.182813
v -0.093730 -0.365954 -0.164759
v -0.105985 -0.474819 -0.175994
v -0.105627 -0.347783 -0.161178
v -0.094255 -0.337845 -0.164936
v -0.116379 -0.349174 -0.154194
v -0.127416 -0.329701 -0.146701
v -0.130902 -0.475437 -0.159692
v -0.127077 -0.454375 -0.160449
v -0.082139 -0.472161 -0.184637
v -0.080000 -0.477696 -0.185893
v -0.090893 -0.497554 -0.183984
v -0.080725 -0.449719 -0.185389
v -0.102530 -0.308747 -0.164852
v -0.114827 -0.297929 -0.158953
v -0.127082 -0.307666 -0.148828
v -0.091097 -0.311867 -0.167199
v -0.129572 -0.273135 -0.147020
v -0.118142 -0.263727 -0.154779
v -0.107200 -0.270736 -0.162775
v -0.104863 -0.302591 -0.164656
v -0.099525 -0.296530 -0.165765
v -0.110049 -0.248223 -0.157227
v -0.095872 -0.253109 -0.163092
v -0.092706 -0.236674 -0.158435
v -0.087345 -0.243833 -0.162572
v -0.127193 -0.248082 -0.144290
v -0.074316 -0.497463 -0.185609
v -0.110606 -0.213917 -0.140483
v -0.133800 -0.449286 -0.152994
v -0.147029 -0.475893 -0.149851
v -0.143491 -0.491166 -0.151103
v -0.156436 -0.477605 -0.144982
v -0.155291 -0.493451 -0.145564
v -0.158710 -0.464112 -0.140525
v -0.178387 -0.498061 -0.139935
v -0.182052 -0.478319 -0.133760
v -0.148071 -0.444253 -0.140512
v -0.159540 -0.498241 -0.144348
v -0.166568 -0.476201 -0.137218
v -0.182462 -0.475687 -0.127978
v -0.181174 -0.459005 -0.123969
v -0.189424 -0.462168 -0.121000
v -0.203904 -0.476148 -0.112523
v -0.141209 -0.448025 -0.147018
v -0.184143 -0.498305 -0.135157
v -0.198027 -0.498721 -0.126649
v -0.197702 -0.480677 -0.123295
v -0.206953 -0.455417 -0.105203
v -0.152749 -0.441820 -0.136028
v -0.170706 -0.449217 -0.125416
v -0.211771 -0.479099 -0.109392
v -0.215933 -0.498956 -0.109715
v -0.218642 -0.453888 -0.092815
v -0.136348 -0.288588 -0.139544
v -0.122511 -0.219171 -0.133642
v -0.221300 -0.476390 -0.093066
v -0.143299 -0.266627 -0.129309
v -0.131991 -0.228562 -0.129315
v -0.159132 -0.417536 -0.140827
v -0.143463 -0.243921 -0.122373
v -0.138529 -0.304963 -0.134341
v -0.098121 -0.305139 -0.172481
v -0.146888 -0.400473 -0.142465
v -0.141497 -0.497028 -0.156551
v -0.131160 -0.497362 -0.162012
v -0.120428 -0.478491 -0.170736
v -0.121729 -0.498091 -0.172832
v -0.113830 -0.498395 -0.176169
v -0.109287 -0.477456 -0.177697
v -0.105179 -0.497981 -0.184624
v -0.097275 -0.477270 -0.185264
v -0.098147 -0.498205 -0.187977
v -0.163261 -0.433033 -0.134391
v -0.101758 -0.213289 -0.142992
v -0.198517 -0.457871 -0.111995
v -0.145327 -0.440267 -0.149635
v -0.039769 -0.383672 -0.191696
v -0.056825 -0.388996 -0.183932
v -0.040702 -0.388545 -0.193581
v -0.031374 -0.392676 -0.197301
v -0.030335 -0.388196 -0.197177
v -0.158550 -0.439529 -0.128379
v -0.161778 -0.435774 -0.123443
v -0.224562 -0.446293 -0.079293
v -0.218670 -0.497717 -0.103249
v -0.223241 -0.478462 -0.093323
v -0.226282 -0.496980 -0.092679
v -0.226788 -0.474867 -0.080328
v -0.229463 -0.481391 -0.079379
v -0.231296 -0.495534 -0.080858
v -0.213581 -0.449985 -0.092058
v -0.172897 -0.440883 -0.109026
v -0.191013 -0.455331 -0.107705
v -0.089850 -0.438233 -0.205907
v 0.137204 0.104095 0.155660
v 0.127462 0.096308 0.153311
v 0.128469 0.087693 0.157978
v 0.125001 0.079801 0.159619
v 0.133363 0.089392 0.159188
v 0.135054 0.119978 0.153001
v 0.108795 0.083342 0.139000
v 0.115289 0.101455 0.133936
v 0.124394 0.109038 0.141404
v 0.118618 0.070215 0.160232
v 0.127814 0.076275 0.164896
v 0.098205 0.063252 0.144690
v 0.110826 0.059101 0.162505
v 0.117391 0.055745 0.169326
v 0.120590 0.131736 0.133131
v 0.110463 0.131437 0.118605
v 0.112528 0.143210 0.117853
v 0.134384 0.132593 0.149972
v 0.132544 0.145245 0.139703
v 0.137005 0.144267 0.148780
v 0.141375 0.157434 0.144474
v 0.107264 0.143431 0.106721
v 0.110149 0.096895 0.123989
v 0.105178 0.119601 0.108273
v 0.106407 0.085215 0.115591
v 0.101820 0.070012 0.122904
v 0.139492 0.154469 0.133849
v 0.128240 0.155598 0.117834
v 0.126948 0.084690 0.177865
v 0.120671 0.156886 0.099351
v 0.095883 0.056950 0.138215
v 0.128451 0.070549 0.163960
v 0.129817 0.086982 0.181816
v 0.096747 0.052685 0.122947
v 0.144335 0.168385 0.108710
v 0.119330 0.159945 0.098149
v 0.119506 0.148910 0.083942
v 0.114887 0.140825 0.089439
v 0.153479 0.162347 0.128234
v 0.155000 0.169077 0.136734
v 0.109097 0.116597 0.091077
v 0.124041 0.143799 0.065285
v 0.119275 0.133315 0.071856
v 0.109445 0.073124 0.105519
v 0.110944 0.091413 0.099907
v 0.100886 0.050355 0.114820
v 0.113935 0.157834 0.085488
v 0.133670 0.168757 0.105989
v -0.064407 0.362364 -0.114878
v -0.069253 0.355052 -0.111628
v -0.061106 0.355900 -0.125585
v -0.060270 0.367794 -0.129265
v -0.061127 0.346353 -0.131351
v -0.057965 0.355724 -0.145775
v -0.060110 0.333304 -0.135852
v -0.058302 0.339055 -0.153262
v -0.058233 0.323420 -0.153433
v -0.065079 0.341880 -0.126439
v -0.057027 0.321919 -0.140542
v -0.053870 0.301978 -0.145588
v -0.060399 0.336242 -0.129786
v -0.069827 0.350355 -0.123454
v -0.069269 0.350066 -0.116446
v -0.066846 0.358435 -0.107153
v -0.074916 0.368879 -0.102597
v -0.077531 0.360457 -0.098389
v -0.086776 0.369202 -0.094362
v -0.092710 0.360367 -0.090107
v -0.100048 0.365553 -0.082487
v -0.100655 0.359552 -0.087277
v -0.107748 0.358770 -0.084890
v 0.224990 0.190103 0.076229
v 0.212129 0.170691 0.067397
v 0.203285 0.175496 0.076592
v 0.234456 0.189182 0.071133
v 0.228606 0.193506 0.078401
v 0.247772 0.202541 0.073027
v 0.211378 0.185036 0.082082
v 0.205014 0.186961 0.084835
v 0.194246 0.182047 0.086208
v 0.198004 0.191584 0.089586
v 0.183444 0.184442 0.096574
v 0.189150 0.191287 0.100445
v 0.220102 0.171756 0.067390
v 0.203481 0.170535 0.065366
v 0.178940 0.183337 0.113462
v 0.210943 0.167667 0.057238
v 0.209091 0.160615 0.046100
v 0.202989 0.162434 0.056421
v 0.200310 0.155042 0.049565
v 0.208647 0.155291 0.041189
v 0.176545 0.182290 0.100635
v 0.170811 0.175517 0.111327
v 0.169650 0.182231 0.120880
v 0.166588 0.171103 0.115550
v 0.161992 0.167655 0.120138
v 0.162056 0.175438 0.131211
v 0.153479 0.162347 0.128234
v 0.155000 0.169077 0.136734
v 0.211679 0.160552 0.048142
v 0.249718 0.200173 0.072984
v 0.232443 0.178222 0.071438
v -0.102149 0.385331 -0.166188
v -0.095093 0.369185 -0.143799
v -0.102347 0.363842 -0.153402
v -0.097926 0.357224 -0.143680
v -0.095202 0.361993 -0.136117
v -0.106419 0.371527 -0.160781
v -0.109767 0.390798 -0.174523
v -0.109985 0.399119 -0.179474
v -0.107197 0.356670 -0.149330
v -0.109266 0.352302 -0.149840
v 0.083858 0.024198 0.144235
v 0.087761 0.005942 0.149638
v 0.081705 0.002022 0.142066
v 0.090162 0.017518 0.153323
v 0.091039 0.026711 0.151521
v 0.083375 -0.005361 0.147552
v 0.080419 -0.011199 0.148226
v 0.094675 0.006873 0.154137
v 0.100201 0.025130 0.155557
v 0.100763 0.013097 0.157204
v 0.095167 -0.000073 0.150827
v 0.106288 0.006966 0.154248
v 0.112982 0.025301 0.152856
v 0.198978 0.292126 -0.013276
v 0.189226 0.291178 0.002434
v 0.180365 0.281539 0.009574
v 0.173180 0.279059 0.019771
v 0.173053 0.292688 0.020149
v 0.182973 0.298751 0.004511
v 0.193909 0.299118 -0.011754
v 0.206283 0.296196 -0.028558
v 0.169826 0.300165 0.014969
v 0.076166 0.017227 0.082368
v 0.076866 0.019708 0.089307
v 0.089404 0.014937 0.078113
v 0.065641 0.018196 0.085348
v 0.058509 0.021680 0.094686
v 0.054490 0.016854 0.084968
v 0.082314 0.010902 0.073962
v 0.061583 0.013723 0.081067
v 0.093910 0.009884 0.049558
v 0.101699 0.011563 0.067517
v 0.100970 0.007535 0.047612
v 0.095909 0.007284 0.042423
v 0.059645 0.021678 0.106381
v 0.092933 0.014266 0.086608
v 0.079497 0.017612 0.104994
v 0.099575 0.001615 0.035684
v 0.083882 0.002667 0.043749
v 0.051184 0.016275 0.091184
v 0.082457 0.004032 0.058248
v 0.078352 0.004990 0.060273
v 0.077765 0.002824 0.071657
v 0.068013 0.008801 0.080260
v 0.058160 0.019397 0.109758
v 0.067689 0.015038 0.116284
v 0.074753 0.016098 0.114318
v -0.097804 0.100005 -0.064467
v -0.104472 0.091986 -0.072247
v -0.097575 0.082988 -0.067712
v -0.094111 0.057437 -0.067112
v -0.102036 0.059481 -0.073194
v -0.104365 0.119573 -0.075954
v -0.100158 0.123875 -0.069932
v -0.107202 0.095495 -0.078284
v -0.106154 0.081493 -0.079520
v -0.104892 0.056303 -0.083479
v -0.093316 0.058096 -0.064148
v -0.096716 0.084853 -0.064032
v -0.099574 0.055175 -0.075471
v -0.096259 0.056874 -0.067064
v 0.103753 0.239700 -0.069568
v 0.110818 0.219442 -0.076823
v 0.118630 0.225749 -0.065579
v 0.118896 0.200439 -0.071893
v 0.125162 0.207421 -0.066053
v 0.123544 0.193444 -0.073126
v 0.100888 0.235213 -0.082278
v 0.122013 0.191918 -0.085932
v 0.097292 0.241684 -0.073736
v 0.108972 0.248016 -0.067946
v 0.128762 0.405452 0.035310
v 0.125745 0.393760 0.032494
v 0.120971 0.372963 0.040871
v 0.122882 0.368396 0.029574
v 0.131574 0.399613 0.029922
v 0.135056 0.414220 0.033892
v 0.134014 0.410593 0.037610
v 0.131657 0.365155 0.026405
v -0.141352 -0.258315 -0.103499
v -0.151972 -0.265621 -0.093254
v -0.138915 -0.262755 -0.087111
v -0.151191 -0.274726 -0.072256
v -0.150218 -0.259065 -0.107188
v -0.141147 -0.275858 -0.064060
v -0.136389 -0.269604 -0.069186
v -0.127601 -0.271978 -0.062664
v -0.145784 -0.247915 -0.117239
v -0.138971 -0.247778 -0.112079
v -0.136740 -0.237017 -0.116583
v -0.143463 -0.243921 -0.122373
v -0.131991 -0.228562 -0.129315
v -0.129847 -0.226530 -0.121518
v -0.122511 -0.219171 -0.133642
v -0.119756 -0.218725 -0.128418
v -0.113769 -0.214708 -0.132631
v -0.110606 -0.213917 -0.140483
v -0.101758 -0.213289 -0.142992
v -0.092613 -0.213140 -0.138252
v -0.140861 0.411951 -0.099349
v -0.132441 0.395409 -0.095092
v -0.129954 0.402092 -0.099417
v -0.120117 0.377173 -0.091621
v -0.138802 0.415415 -0.104018
v -0.146037 0.420062 -0.104328
v -0.113352 0.378584 -0.100666
v -0.123494 0.394623 -0.103677
v 0.199629 0.184998 0.157461
v 0.184746 0.179916 0.149713
v 0.181773 0.168147 0.148636
v 0.170248 0.157262 0.144694
v 0.167111 0.169127 0.139109
v 0.178727 0.157913 0.149999
v 0.174927 0.177791 0.141797
v 0.204166 0.195538 0.161922
v 0.183034 0.184799 0.143084
v 0.176998 0.150337 0.144060
v 0.192336 0.167430 0.147720
v 0.199974 0.193585 0.155609
v -0.102084 0.384740 -0.158563
v -0.095093 0.369185 -0.143799
v -0.102149 0.385331 -0.166188
v -0.109639 0.393167 -0.166792
v -0.109985 0.399119 -0.179474
v -0.109017 0.381138 -0.143083
v -0.098468 0.366463 -0.131036
v -0.107808 0.369548 -0.126506
v -0.095202 0.361993 -0.136117
v -0.101124 0.058290 -0.008852
v -0.118545 0.064120 0.001721
v -0.122376 0.058032 -0.008449
v -0.096158 0.061926 -0.000941
v -0.104597 0.054948 -0.022555
v -0.116145 0.064761 0.009138
v -0.126914 0.063591 -0.009524
v -0.108252 0.065978 0.012852
v -0.100075 0.065234 0.009928
v -0.122113 0.057981 -0.019269
v -0.092733 0.067163 0.008470
v -0.002875 0.496099 0.001127
v -0.015075 0.499495 0.007719
v -0.008194 0.499456 0.020309
v -0.002427 0.497192 0.020180
v -0.008746 0.500246 0.024955
v -0.003114 0.493318 0.026350
v -0.013900 0.494615 0.002212
v -0.016028 0.498365 -0.001266
v 0.000697 0.499973 0.012970
v 0.001357 0.499490 0.022398
v -0.010598 0.499635 -0.001263
v -0.013240 0.497768 -0.007752
v -0.006775 0.497297 -0.004249
v -0.003549 0.496058 -0.012261
v -0.000150 0.499819 -0.002472
v -0.011856 0.499294 -0.012597
v -0.003300 0.498328 -0.016927
v 0.001792 0.497355 0.034911
v -0.030718 0.490688 -0.028206
v -0.041013 0.485204 -0.024790
v -0.035771 0.486009 -0.019460
v -0.033472 0.486868 -0.033834
v -0.030305 0.492537 -0.019734
v -0.035398 0.492264 -0.011889
v -0.026857 0.493915 -0.014250
v -0.022496 0.495477 -0.016982
v -0.024924 0.498620 -0.007751
v -0.035073 0.493985 -0.001043
v -0.047798 0.487992 -0.004566
v -0.045327 0.484029 -0.016045
v -0.032172 0.493194 0.000118
v -0.024434 0.497447 0.005382
v -0.034044 0.496793 0.011723
v -0.019748 0.498970 0.002682
v -0.020902 0.499891 0.013295
v -0.021908 0.496898 -0.004013
v -0.017899 0.496080 -0.009547
v -0.019781 0.494727 -0.019007
v -0.040050 0.491012 -0.000531
v -0.045820 0.489415 0.000215
v -0.042163 0.492574 0.003715
v -0.046890 0.490005 0.008152
v -0.037577 0.493287 0.012291
v -0.043351 0.492941 0.013948
v -0.040337 0.492293 0.022421
v -0.032150 0.494492 0.015376
v -0.026905 0.497655 0.019549
v -0.021139 0.496799 0.016152
v -0.050667 0.488667 0.021112
v -0.032619 0.493623 0.027739
v -0.053948 0.482740 0.001597
v -0.053578 0.481705 0.012257
v -0.044228 0.488223 0.028544
v -0.039151 0.491716 0.031139
v -0.035208 0.490065 0.041849
v -0.049614 0.483313 0.036536
v -0.041706 0.488173 -0.018729
v -0.021104 0.495788 0.026532
v -0.014074 0.497623 0.022026
v -0.016652 0.497651 0.027500
v -0.029660 0.497303 0.034510
v -0.041578 0.493816 0.035288
v -0.053206 0.479584 0.018172
v -0.019248 0.491860 0.034287
v -0.042720 0.493410 0.040408
v -0.048129 0.487788 0.049808
v -0.038975 0.497060 0.045331
v -0.025415 0.487605 -0.024937
v -0.020811 0.492411 -0.027026
v -0.014050 0.490584 -0.028748
v -0.012765 0.492725 -0.020046
v -0.051102 0.470280 -0.024676
v -0.052655 0.474046 -0.019254
v -0.052631 0.477844 -0.003663
v -0.054996 0.477122 0.030032
v -0.055350 0.476598 0.036434
v -0.019967 0.482071 -0.037171
v -0.024394 0.490727 0.037188
v 0.137515 -0.386924 0.001581
v 0.128081 -0.378946 0.020492
v 0.146647 -0.378209 0.007164
v 0.153702 -0.386443 -0.009609
v 0.117416 -0.382302 0.024679
v 0.154006 -0.382603 -0.001536
v 0.162449 -0.389584 -0.012201
v 0.160684 -0.392740 -0.014061
v 0.141883 -0.378305 0.013908
v -0.159567 -0.470924 -0.078287
v -0.167772 -0.453688 -0.076604
v -0.166909 -0.464198 -0.088467
v -0.159021 -0.462965 -0.067952
v -0.153166 -0.475959 -0.069170
v -0.158494 -0.485235 -0.081514
v -0.167854 -0.485297 -0.090851
v -0.173912 -0.478041 -0.100916
v -0.172848 -0.465020 -0.109378
v -0.175189 -0.455782 -0.099710
v -0.167043 -0.451577 -0.084177
v 0.173368 0.203809 0.074297
v 0.182821 0.213833 0.073462
v 0.175147 0.208824 0.095326
v 0.168714 0.197964 0.087043
v 0.162465 0.195164 0.097269
v 0.166683 0.203034 0.103919
v 0.158614 0.199813 0.110709
v 0.156142 0.188898 0.103688
v 0.145932 0.185497 0.111652
v 0.148116 0.178329 0.105097
v 0.136797 0.182952 0.114929
v 0.133670 0.168757 0.105989
v 0.124738 0.177586 0.116325
v 0.120299 0.171189 0.111195
v 0.119330 0.159945 0.098149
v 0.159426 0.184713 0.100715
v 0.164939 0.189831 0.095255
v 0.177158 -0.439279 0.018039
v 0.162699 -0.445528 0.037919
v 0.159160 -0.446332 0.032074
v 0.176689 -0.440124 0.027277
v 0.191401 -0.435343 0.021712
v 0.160468 -0.442968 0.025266
v 0.155213 -0.443010 0.026104
v -0.175936 0.376348 -0.072640
v -0.166908 0.361238 -0.067613
v -0.161973 0.366137 -0.074647
v -0.179921 0.373356 -0.067768
v -0.149724 0.357622 -0.071085
v -0.185118 0.377656 -0.071270
v -0.158516 0.347859 -0.065961
v -0.063655 0.308143 -0.195481
v -0.077750 0.308973 -0.177164
v -0.062093 0.304026 -0.188050
v -0.072142 0.302259 -0.165223
v -0.051513 0.304404 -0.199032
v -0.042548 0.308379 -0.210966
v -0.074241 0.305563 -0.163801
v -0.084908 0.310371 -0.167941
v -0.069155 0.303860 -0.157867
v -0.082057 0.308523 -0.183721
v -0.075328 0.308397 -0.194300
v -0.061362 0.308214 -0.204355
v -0.090074 0.309114 -0.170514
v -0.052778 0.306237 -0.212593
v -0.068076 0.303285 -0.209951
v -0.078541 0.300570 -0.202236
v -0.088766 0.297896 -0.187642
v -0.103036 0.293165 -0.171354
v 0.229522 0.144878 0.121985
v 0.228382 0.138787 0.111453
v 0.220972 0.137487 0.101004
v 0.238596 0.139993 0.121493
v 0.210543 0.142999 0.103628
v 0.249435 0.142724 0.132938
v 0.214584 0.138009 0.095022
v 0.205959 0.145222 0.111168
v 0.203503 0.143175 0.116730
v 0.237761 0.141524 0.131683
v 0.218260 0.139708 0.125625
v 0.135472 -0.268077 0.009644
v 0.127801 -0.280519 0.004345
v 0.136626 -0.299870 0.005754
v 0.132553 -0.296174 0.004843
v 0.143545 -0.291339 0.012705
v 0.140498 -0.314270 0.010386
v 0.147668 -0.265444 0.025014
v 0.136820 -0.253259 0.015620
v 0.145973 -0.250906 0.030244
v 0.139507 -0.318099 0.007108
v 0.137311 -0.236472 0.031219
v 0.151754 -0.294349 0.032260
v 0.150836 -0.249270 0.044351
v 0.155257 -0.268008 0.046048
v 0.146589 -0.330542 0.028368
v 0.142802 -0.363069 0.022501
v 0.138866 -0.327809 0.009808
v 0.155272 -0.288004 0.045521
v 0.150092 -0.377672 0.051961
v 0.146978 -0.383024 0.039432
v 0.150582 -0.347212 0.048342
v 0.151613 -0.321254 0.045500
v 0.148078 -0.407952 0.051552
v 0.150434 -0.389571 0.058159
v 0.152180 -0.407327 0.069913
v 0.149990 -0.429579 0.064350
v 0.144905 -0.429578 0.050487
v 0.143755 -0.381084 0.032199
v 0.141774 -0.358364 0.016345
v 0.140704 -0.395205 0.036659
v 0.139318 -0.410005 0.041497
v 0.138177 -0.427754 0.042336
v 0.144706 -0.370239 0.020257
v 0.143546 -0.380049 0.026614
v 0.130598 -0.437602 0.038603
v 0.141024 -0.233741 0.042658
v 0.139969 -0.230178 0.056805
v 0.147281 -0.242278 0.058237
v 0.142386 -0.232907 0.072092
v 0.145209 -0.257365 0.089221
v 0.147172 -0.245950 0.074906
v 0.150864 -0.261623 0.072612
v 0.141122 -0.241158 0.087122
v 0.152748 -0.308487 0.069381
v 0.144331 -0.293837 0.093746
v 0.145031 -0.325801 0.087659
v 0.148784 -0.332746 0.071110
v 0.144851 -0.362992 0.085223
v 0.149294 -0.355838 0.062685
v 0.146246 -0.386827 0.085154
v 0.150841 -0.332243 0.055831
v 0.147314 -0.401598 0.089767
v 0.150654 -0.417765 0.080553
v 0.149721 -0.439679 0.076369
v 0.146380 -0.430754 0.091666
v 0.141598 -0.373327 0.091266
v 0.142186 -0.283763 0.097443
v 0.142297 -0.415553 0.099383
v 0.141601 -0.439531 0.108143
v 0.140671 -0.410212 0.107999
v 0.136873 -0.422261 0.115641
v 0.137446 -0.402169 0.106964
v 0.135575 -0.389473 0.102742
v 0.135197 -0.334451 0.100212
v 0.134587 -0.306919 0.104059
v 0.136579 -0.243320 0.094672
v 0.127886 -0.362941 0.107628
v 0.127175 -0.379910 0.108993
v 0.126794 -0.395561 0.113990
v 0.130170 -0.268665 0.107117
v 0.125616 -0.327550 0.109942
v 0.117227 -0.278639 0.119892
v 0.130343 -0.417500 0.120664
v 0.128775 -0.223672 0.089566
v 0.135566 -0.227002 0.078607
v 0.120427 -0.301611 0.115466
v 0.134236 -0.435222 0.115099
v 0.131300 -0.444322 0.119356
v 0.129944 -0.221870 0.081231
v 0.080383 0.015424 0.159580
v 0.074651 0.018251 0.152672
v 0.076255 0.008931 0.155139
v 0.072395 -0.004290 0.154058
v 0.076581 -0.004362 0.161695
v 0.073760 -0.012175 0.155447
v 0.076181 -0.018068 0.162840
v 0.076914 -0.000852 0.168346
v 0.084097 0.002522 0.180615
v 0.084786 -0.011146 0.178390
v 0.078370 0.022086 0.165905
v 0.085691 0.018012 0.178883
v 0.077110 0.035299 0.165049
v 0.074283 0.000958 0.144029
v 0.074597 0.020839 0.146821
v 0.072260 0.002446 0.141399
v 0.064187 0.033029 0.140728
v 0.066120 0.007349 0.136021
v 0.059496 0.022908 0.130512
v 0.082741 -0.020716 0.168481
v 0.061197 0.020525 0.124115
v 0.067693 0.007069 0.119575
v 0.067280 0.031543 0.149260
v 0.073604 0.048640 0.139365
v 0.067739 0.034811 0.153837
v 0.072268 0.022572 0.162004
v 0.093372 0.003016 0.184854
v 0.093933 -0.011428 0.181749
v 0.096825 -0.018834 0.177243
v 0.083142 -0.021827 0.154778
v 0.095438 -0.026994 0.163109
v 0.091765 -0.027739 0.152754
v 0.134014 0.410593 0.037610
v 0.131144 0.384691 0.042998
v 0.135356 0.369748 0.044238
v 0.126509 0.371283 0.046279
v 0.139680 0.368528 0.038868
v 0.135056 0.414220 0.033892
v 0.128762 0.405452 0.035310
v 0.120971 0.372963 0.040871
v -0.082419 -0.441268 -0.207996
v -0.080725 -0.449719 -0.185389
v -0.086329 -0.438660 -0.212673
v -0.089675 -0.448025 -0.183153
v -0.089850 -0.438233 -0.205907
v -0.081315 -0.436318 -0.212554
v 0.203761 0.086349 0.158994
v 0.174348 0.092460 0.143449
v 0.176664 0.085375 0.151143
v 0.168679 0.087243 0.146490
v 0.204577 0.087423 0.155971
v 0.178867 0.081504 0.151949
v 0.169179 0.078486 0.144513
v -0.179598 0.118746 -0.220423
v -0.172889 0.124208 -0.216350
v -0.167377 0.117911 -0.205117
v -0.184999 0.122456 -0.234064
v -0.169652 0.110015 -0.194620
v -0.164415 0.107892 -0.185995
v -0.158238 0.123817 -0.195298
v -0.171006 0.103690 -0.182126
v -0.160693 0.127457 -0.195796
v 0.124322 -0.225611 0.020464
v 0.115745 -0.225049 0.024997
v 0.124938 -0.219832 0.034907
v 0.108944 -0.231597 0.019661
v 0.109861 -0.233202 0.010463
v 0.097999 -0.238290 0.007502
v 0.098667 -0.235627 0.017974
v 0.083493 -0.240720 0.017869
v 0.078431 -0.246072 0.011875
v 0.132053 -0.218119 0.027494
v 0.131522 -0.217095 0.047299
v 0.135956 -0.215184 0.038334
v 0.137970 -0.214191 0.058642
v 0.083518 -0.237903 0.020088
v 0.059697 -0.245744 0.029923
v 0.101971 -0.119978 0.087569
v 0.106490 -0.112023 0.104502
v 0.094671 -0.119119 0.100648
v 0.088077 -0.118353 0.109157
v 0.103271 -0.111724 0.114716
v 0.082641 -0.117621 0.114717
v 0.086232 -0.111226 0.123528
v 0.100229 -0.102927 0.129193
v 0.090492 -0.101214 0.137650
v 0.110263 -0.112742 0.085117
v 0.106625 -0.119747 0.073249
v 0.112216 -0.114299 0.071038
v 0.109235 -0.116627 0.056477
v -0.024624 0.364604 0.047756
v -0.008268 0.363149 0.054025
v -0.014577 0.371377 0.063837
v -0.024722 0.369333 0.056761
v -0.011828 0.359628 0.036987
v -0.008526 0.365720 0.060661
v -0.035669 0.373297 0.042059
v -0.027424 0.365322 0.039571
v -0.017898 0.360598 0.041125
v -0.037757 0.379308 0.045025
v -0.006190 0.360110 0.055315
v -0.023721 0.366361 0.031389
v -0.011571 0.356346 0.034369
v -0.029240 0.371836 0.029301
v -0.029245 0.369689 0.022597
v -0.038130 0.381196 0.015756
v -0.038255 0.372704 0.009344
v 0.067896 0.270807 -0.097478
v 0.083937 0.273760 -0.086522
v 0.064321 0.272685 -0.088207
v 0.089573 0.279101 -0.097742
v 0.083083 0.276733 -0.108557
v 0.065115 0.267497 -0.103731
v 0.080269 0.269543 -0.079251
v 0.062021 0.266875 -0.096233
v 0.087646 0.284318 -0.111005
v -0.181176 0.127886 -0.225702
v -0.181511 0.128398 -0.213019
v -0.168022 0.130863 -0.193389
v -0.186648 0.125621 -0.230961
v -0.176998 0.127009 -0.187907
v -0.183533 0.121825 -0.213236
v -0.177931 0.120766 -0.185973
v 0.079171 -0.430233 0.120526
v 0.076171 -0.444003 0.124279
v 0.073959 -0.439190 0.141638
v 0.077095 -0.417731 0.140023
v 0.083822 -0.414018 0.118932
v 0.084973 -0.418266 0.098146
v 0.082353 -0.444898 0.096123
v 0.085433 -0.424626 0.089422
v 0.087738 -0.405402 0.102087
v 0.083064 -0.444035 0.078673
v 0.087531 -0.398159 0.133359
v 0.090990 -0.383531 0.121680
v 0.088639 -0.397292 0.089235
v 0.087765 -0.420452 0.071073
v 0.085825 -0.436415 0.065348
v 0.091051 -0.423899 0.056690
v 0.081627 -0.444815 0.071223
v 0.089444 -0.390743 0.071667
v 0.091351 -0.403507 0.060073
v 0.091196 -0.379255 0.054892
v 0.087698 -0.375798 0.088067
v 0.080783 -0.443845 0.112529
v 0.091915 -0.377342 0.118377
v 0.098647 -0.392780 0.042775
v 0.087401 -0.370472 0.066794
v 0.090245 -0.358051 0.114050
v 0.083654 -0.354044 0.085961
v 0.081283 -0.347413 0.046959
v 0.086173 -0.359757 0.051294
v 0.077147 -0.332517 0.081888
v 0.080844 -0.329988 0.098430
v 0.103602 -0.370436 0.022957
v 0.095094 -0.353578 0.028695
v 0.099478 -0.420797 0.040567
v 0.107003 -0.392478 0.025945
v 0.091607 -0.440271 0.058204
v 0.092306 -0.446736 0.054236
v 0.098787 -0.446949 0.034430
v 0.093490 -0.457197 0.056147
v 0.098345 -0.472171 0.039320
v 0.098296 -0.469863 0.034814
v 0.092669 -0.467085 0.076860
v 0.096689 -0.473738 0.055516
v 0.097003 -0.498217 0.041563
v 0.097096 -0.499134 0.062741
v 0.096920 -0.479885 0.075260
v 0.091134 -0.455637 0.067815
v 0.091109 -0.452136 0.081202
v 0.093179 -0.470390 0.097128
v 0.096403 -0.487430 0.102938
v 0.095805 -0.488655 0.109907
v 0.108367 -0.428070 0.016260
v 0.109215 -0.440525 0.012502
v 0.099102 -0.498025 0.079565
v 0.109153 -0.406456 0.023399
v 0.099283 -0.487790 0.080508
v 0.093769 -0.455120 0.099562
v 0.095287 -0.459669 0.119086
v 0.094314 -0.475839 0.124993
v 0.087230 -0.463679 0.152794
v 0.094977 -0.498389 0.121187
v 0.095537 -0.498796 0.111907
v 0.091923 -0.446853 0.100011
v 0.096055 -0.444921 0.135254
v 0.095673 -0.440989 0.134125
v 0.093998 -0.488951 0.030768
v 0.094339 -0.496697 0.030148
v 0.085023 -0.330365 0.114143
v 0.079688 -0.300731 0.120924
v 0.111202 -0.447072 0.013933
v 0.112181 -0.473102 0.012785
v 0.101030 -0.353528 0.018390
v 0.099331 -0.335882 0.012648
v 0.105441 -0.479404 0.022620
v 0.109762 -0.497701 0.012738
v 0.101304 -0.497191 0.025113
v 0.090873 -0.474287 0.134292
v 0.084104 -0.474122 0.152788
v 0.084460 -0.462757 0.164998
v 0.082234 -0.477966 0.181800
v 0.085056 -0.456701 0.188405
v 0.086040 -0.475171 0.191497
v 0.090109 -0.451506 0.203682
v 0.084947 -0.342270 0.035172
v 0.086324 -0.478212 0.197726
v 0.083045 -0.496343 0.188400
v 0.084989 -0.496853 0.195443
v 0.094381 -0.474181 0.206824
v 0.089174 -0.328046 0.019064
v 0.094225 -0.495224 0.210031
v 0.087053 -0.449302 0.073317
v 0.078577 -0.499488 0.182483
v 0.080748 -0.478553 0.167760
v 0.076755 -0.499460 0.167466
v 0.077360 -0.498997 0.150352
v 0.081120 -0.479589 0.147560
v 0.079518 -0.499844 0.146260
v 0.081543 -0.499606 0.127543
v 0.084265 -0.478737 0.128068
v 0.098028 -0.316057 0.005214
v 0.094362 -0.453933 0.155224
v 0.070721 0.319381 -0.141485
v 0.077225 0.316728 -0.134410
v 0.067814 0.309820 -0.125998
v 0.060795 0.310298 -0.126112
v 0.061539 0.322934 -0.141052
v 0.062857 0.331705 -0.148942
v 0.044999 0.316183 -0.140317
v 0.043500 0.326960 -0.152332
v 0.056060 0.339420 -0.159299
v 0.045466 0.334126 -0.159073
v 0.050397 0.303038 -0.125109
v 0.050176 0.344593 -0.162943
v 0.033393 0.347199 -0.167040
v 0.043823 0.349609 -0.167969
v 0.043945 0.349609 -0.167969
v 0.035875 0.326721 -0.160558
v 0.071122 0.311927 -0.110071
v 0.074753 0.314686 -0.118573
v 0.035164 0.309577 -0.153862
v 0.040963 0.296104 -0.134119
v 0.033796 0.293610 -0.146060
v 0.024344 0.294753 -0.166662
v 0.023426 0.300046 -0.174441
v 0.029182 0.318126 -0.167793
v 0.046395 0.296282 -0.127824
v 0.032951 0.331150 -0.164215
v 0.024047 0.293720 -0.157435
v 0.030658 0.293078 -0.145249
v 0.191315 0.300513 0.053944
v 0.213363 0.319132 0.052490
v 0.202105 0.312489 0.057690
v 0.215131 0.326417 0.058650
v 0.185270 0.297980 0.056367
v 0.184177 0.310123 0.063167
v 0.188847 0.313365 0.060176
v 0.216995 0.330740 0.056612
v -0.090352 0.251870 -0.180606
v -0.074423 0.248450 -0.200769
v -0.091542 0.243295 -0.182379
v -0.077030 0.244624 -0.199727
v -0.066564 0.244218 -0.213469
v -0.106483 0.238890 -0.170943
v -0.102307 0.252955 -0.167956
v -0.204858 0.150077 -0.156517
v -0.192864 0.146230 -0.173343
v -0.199184 0.135475 -0.168675
v -0.194365 0.165822 -0.162229
v -0.189413 0.160629 -0.172404
v -0.176861 0.153054 -0.187541
v -0.178101 0.179814 -0.171709
v -0.173313 0.169157 -0.183744
v -0.177835 0.156250 -0.186860
v -0.159483 0.188029 -0.181726
v -0.165748 0.171741 -0.187538
v -0.168123 0.193126 -0.168800
v -0.178484 0.192928 -0.155952
v -0.204507 0.159952 -0.146586
v -0.199051 0.167264 -0.151245
v -0.196714 0.173533 -0.146849
v -0.186947 0.186886 -0.145231
v -0.150095 0.179249 -0.190929
v -0.176998 0.127009 -0.187907
v -0.143940 0.172265 -0.195646
v -0.161594 0.161715 -0.193833
v -0.194726 0.177618 -0.133750
v -0.198328 0.173611 -0.142920
v 0.114173 0.288306 -0.088546
v 0.123157 0.292613 -0.092040
v 0.113552 0.290682 -0.083693
v 0.106708 0.286513 -0.087176
v 0.117583 0.293673 -0.070987
v 0.130918 0.293253 -0.075466
v 0.130802 0.293745 -0.097732
v 0.133017 0.294208 -0.084985
v 0.127267 0.294787 -0.100130
v 0.115512 0.293053 -0.096140
v 0.136532 0.320526 -0.083525
v 0.133204 0.318807 -0.076000
v 0.132313 0.305638 -0.083070
v 0.129390 0.301574 -0.073470
v 0.130081 0.309696 -0.069333
v 0.128509 0.310052 -0.098468
v 0.130966 0.315932 -0.095190
v 0.128332 0.314629 -0.101327
v 0.137139 0.325476 -0.093077
v 0.141755 0.321223 -0.059787
v 0.134243 0.318613 -0.098301
v 0.122511 0.317372 -0.109157
v 0.146015 0.325505 -0.080369
v 0.145455 0.325258 -0.073941
v -0.190482 0.312794 -0.153599
v -0.179907 0.307221 -0.148939
v -0.187705 0.302947 -0.148947
v -0.173729 0.292749 -0.143450
v -0.167000 0.301343 -0.145547
v -0.202581 0.310882 -0.158139
v -0.206671 0.315112 -0.159511
v -0.168108 0.310600 -0.143521
v -0.172893 0.286512 -0.143283
v -0.156786 0.323614 -0.146413
v 0.118864 -0.427621 0.135500
v 0.099107 -0.427710 0.138978
v 0.096205 -0.433279 0.136579
v 0.114722 -0.438763 0.140180
v 0.101297 -0.439235 0.138837
v 0.125548 -0.433773 0.134446
v 0.096055 -0.444921 0.135254
v 0.109389 -0.206110 0.097629
v 0.123301 -0.223229 0.081235
v 0.121831 -0.224768 0.092069
v 0.117555 -0.208800 0.075839
v 0.107165 -0.192904 0.083003
v 0.111283 -0.198274 0.076089
v 0.098392 -0.190662 0.095916
v 0.123913 -0.222998 0.067277
v 0.110903 -0.189570 0.071999
v 0.119829 -0.232447 0.099935
v 0.116866 -0.209070 0.057049
v 0.111271 -0.199346 0.062469
v 0.125235 -0.230826 0.054084
v 0.101268 -0.184497 0.073329
v 0.095851 -0.179802 0.085158
v 0.093057 -0.187654 0.106441
v 0.097384 -0.203722 0.107536
v 0.093632 -0.171236 0.089888
v 0.081567 -0.164513 0.108593
v 0.085875 -0.159075 0.095147
v 0.087080 -0.187532 0.115439
v 0.083527 -0.175408 0.120974
v 0.095562 -0.169570 0.077308
v 0.092467 -0.158879 0.085614
v 0.086521 -0.203554 0.119539
v 0.093961 -0.207696 0.112223
v 0.083463 -0.193888 0.126612
v 0.078514 -0.161972 0.126865
v 0.098181 -0.222236 0.111647
v 0.105322 -0.222478 0.107571
v 0.111432 -0.230607 0.108458
v 0.120963 -0.252301 0.108626
v 0.114998 -0.251067 0.114532
v 0.119126 -0.264111 0.115779
v 0.111715 -0.253108 0.122092
v 0.130170 -0.268665 0.107117
v 0.114567 -0.247405 0.118290
v 0.083404 -0.154655 0.121447
v 0.084181 -0.162680 0.116234
v 0.117227 -0.278639 0.119892
v 0.104077 -0.257494 0.128480
v 0.136579 -0.243320 0.094672
v 0.095291 -0.179698 0.060090
v 0.128775 -0.223672 0.089566
v 0.076618 -0.158264 0.103577
v 0.099990 -0.187113 0.058100
v 0.090525 -0.227659 0.113263
v 0.073788 -0.152237 0.126101
v 0.073471 -0.158571 0.128514
v 0.109577 -0.253909 0.130042
v 0.079738 -0.157064 0.107943
v 0.107989 -0.189223 0.064513
v -0.140861 0.411951 -0.099349
v -0.137946 0.381171 -0.098712
v -0.132441 0.395409 -0.095092
v -0.135263 0.369679 -0.095795
v -0.126153 0.373466 -0.091446
v -0.120117 0.377173 -0.091621
v -0.141859 0.397019 -0.103925
v -0.146037 0.420062 -0.104328
v 0.113927 -0.424849 0.143090
v 0.121191 -0.424977 0.152195
v 0.096215 -0.426790 0.154570
v 0.099107 -0.427710 0.138978
v 0.130872 -0.426740 0.146265
v 0.128526 -0.428265 0.135770
v 0.138579 -0.428484 0.139290
v 0.118864 -0.427621 0.135500
v 0.099911 -0.423339 0.158976
v 0.085974 -0.429687 0.154764
v 0.088358 -0.433648 0.149479
v 0.081321 -0.434888 0.151841
v 0.084428 -0.443319 0.141888
v 0.077476 -0.446139 0.141614
v 0.095673 -0.440989 0.134125
v 0.128738 -0.421741 0.151187
v 0.135941 -0.435268 0.130590
v 0.142955 -0.434696 0.128246
v 0.096205 -0.433279 0.136579
v 0.125548 -0.433773 0.134446
v 0.081020 0.016921 0.030744
v 0.083882 0.002667 0.043749
v 0.086579 -0.004072 0.033220
v 0.075841 0.021376 0.049223
v 0.078352 0.004990 0.060273
v 0.076097 0.025531 0.030376
v 0.072567 0.032625 0.042170
v 0.064547 0.046101 0.056309
v 0.070396 0.050973 0.025869
v 0.070372 0.047476 0.039291
v 0.067931 0.013845 0.071210
v 0.062845 0.030146 0.064924
v 0.054490 0.016854 0.084968
v 0.077765 0.002824 0.071657
v 0.061583 0.013723 0.081067
v 0.050177 0.047174 0.069076
v 0.050248 0.035349 0.073792
v 0.043591 0.022657 0.086399
v 0.037665 0.048617 0.076663
v 0.038616 0.033111 0.082078
v 0.068013 0.008801 0.080260
v 0.051184 0.016275 0.091184
v 0.071046 0.051092 0.041345
v 0.055627 0.049610 0.065399
v 0.066102 0.049020 0.056381
v 0.228022 0.130655 0.048890
v 0.212693 0.140989 0.045874
v 0.215920 0.135727 0.058352
v 0.218624 0.130932 0.073569
v 0.222919 0.134277 0.041112
v 0.227652 0.124322 0.062354
v 0.229761 0.122629 0.054821
v -0.156414 -0.432604 -0.079311
v -0.160602 -0.431760 -0.087920
v -0.154460 -0.435589 -0.079012
v -0.146819 -0.436893 -0.073440
v -0.150190 -0.434737 -0.068426
v -0.163226 -0.428119 -0.068546
v -0.171844 -0.423809 -0.082948
v -0.172765 -0.423483 -0.098036
v -0.164658 -0.432043 -0.098940
v -0.165152 -0.428846 -0.117609
v -0.169753 -0.425164 -0.109659
v -0.146390 -0.433129 -0.064103
v -0.140094 -0.438743 -0.068184
v -0.156502 -0.428141 -0.064645
v -0.166804 -0.424231 -0.072218
v -0.142239 -0.442719 -0.072721
v 0.082150 -0.444799 0.120295
v 0.092835 -0.440644 0.124315
v 0.084428 -0.443319 0.141888
v 0.077476 -0.446139 0.141614
v 0.095673 -0.440989 0.134125
v 0.095655 -0.442495 0.116066
v 0.091923 -0.446853 0.100011
v 0.082353 -0.444898 0.096123
v 0.076171 -0.444003 0.124279
v 0.080783 -0.443845 0.112529
v 0.091109 -0.452136 0.081202
v 0.073959 -0.439190 0.141638
v 0.115740 0.316496 -0.061183
v 0.101713 0.306486 -0.069092
v 0.115358 0.305329 -0.067489
v 0.111330 0.300247 -0.070758
v 0.101881 0.317756 -0.061897
v 0.117583 0.293673 -0.070987
v 0.126257 0.316582 -0.062974
v 0.130081 0.309696 -0.069333
v 0.129390 0.301574 -0.073470
v 0.141755 0.321223 -0.059787
v 0.130918 0.293253 -0.075466
v 0.118020 0.322098 -0.052564
v 0.101262 0.325854 -0.049802
v 0.133669 0.321354 -0.053485
v 0.124358 0.322459 -0.051121
v 0.111838 0.328649 -0.051915
v 0.106923 0.296072 -0.083509
v 0.095651 0.301544 -0.081425
v 0.092928 0.290972 -0.085563
v 0.106708 0.286513 -0.087176
v 0.088258 0.305858 -0.073810
v 0.088049 0.301709 -0.078326
v 0.113552 0.290682 -0.083693
v 0.095816 0.318773 -0.068452
v 0.083599 0.307473 -0.073963
v 0.089455 0.326349 -0.066801
v 0.082201 0.319072 -0.070737
v 0.094234 0.330709 -0.058017
v 0.038955 0.121464 -0.065658
v 0.033177 0.122654 -0.066203
v 0.029244 0.127395 -0.053951
v 0.050053 0.122629 -0.056238
v 0.042711 0.127316 -0.045820
v 0.022029 0.124577 -0.059876
v 0.045664 0.124457 -0.044426
v 0.184407 0.108799 0.138330
v 0.199056 0.121951 0.152296
v 0.192367 0.114155 0.152668
v 0.200217 0.123183 0.160680
v 0.189034 0.120130 0.135989
v 0.020072 0.457251 -0.040014
v 0.026445 0.455460 -0.030630
v 0.018498 0.451138 -0.041802
v 0.024799 0.440109 -0.038207
v 0.028616 0.440103 -0.030636
v 0.027549 0.434699 -0.035071
v 0.020650 0.434453 -0.041380
v 0.021860 0.424705 -0.039274
v 0.035764 0.448381 -0.024531
v 0.036718 0.458457 -0.020616
v 0.036414 0.432775 -0.021310
v 0.028356 0.426550 -0.029508
v 0.038418 0.420741 -0.018543
v 0.025551 0.420357 -0.035188
v 0.042242 0.432582 -0.015592
v 0.034024 0.416348 -0.022083
v 0.037109 0.456055 -0.020020
v 0.043588 0.443199 -0.018106
v 0.041375 0.455510 -0.021035
v 0.043622 0.450791 -0.018375
v 0.020745 0.409668 -0.029022
v 0.029259 0.404444 -0.024274
v 0.020615 0.400126 -0.028748
v 0.016735 0.405581 -0.033002
v 0.015563 0.419171 -0.040417
v 0.019827 0.410209 -0.038318
v 0.024119 0.408868 -0.035795
v 0.024350 0.394216 -0.020258
v 0.017485 0.392812 -0.031083
v 0.026147 0.382569 -0.019310
v 0.018432 0.401841 -0.035817
v 0.015876 0.385688 -0.036565
v 0.014642 0.401356 -0.039713
v 0.001890 0.396747 -0.044177
v 0.013043 0.382120 -0.039557
v 0.029432 0.365789 -0.034193
v -0.000598 0.383839 -0.044659
v -0.000161 0.408854 -0.048313
v 0.008860 0.408322 -0.041760
v 0.005397 0.420405 -0.047035
v 0.010271 0.429899 -0.043681
v 0.001312 0.420643 -0.052036
v 0.008013 0.439308 -0.045784
v 0.006112 0.447734 -0.045208
v -0.007276 0.372020 -0.050487
v 0.015076 0.371680 -0.043632
v 0.006051 0.426968 -0.053065
v 0.004566 0.438222 -0.057079
v 0.003962 0.445409 -0.056845
v 0.011679 0.410008 -0.036279
v 0.026158 0.463380 -0.025078
v 0.037105 0.469632 -0.022479
v 0.040364 0.470788 -0.018282
v 0.018409 0.464547 -0.034926
v 0.021272 0.467756 -0.030798
v 0.034294 0.479658 -0.015865
v 0.030562 0.478354 -0.021563
v 0.043458 0.458558 -0.011704
v 0.033982 0.366358 -0.021496
v 0.033735 0.473287 -0.032154
v 0.032275 0.478706 -0.031165
v 0.024333 0.471788 -0.039298
v 0.013253 0.456130 -0.052699
v 0.021109 0.458815 -0.048511
v 0.007325 0.452813 -0.055030
v 0.022263 0.467518 -0.045122
v 0.037140 0.456055 -0.020020
v -0.183533 0.121825 -0.213236
v -0.179598 0.118746 -0.220423
v -0.175264 0.112709 -0.185500
v -0.184999 0.122456 -0.234064
v -0.169652 0.110015 -0.194620
v -0.186648 0.125621 -0.230961
v -0.171006 0.103690 -0.182126
v -0.177931 0.120766 -0.185973
v -0.089781 0.397393 -0.118650
v -0.084754 0.394239 -0.119009
v -0.091912 0.385943 -0.120904
v -0.084108 0.430693 -0.109591
v -0.085515 0.372800 -0.119281
v -0.079738 0.404728 -0.113389
v -0.092968 0.372366 -0.119721
v -0.079777 0.372377 -0.114803
v -0.120178 0.132647 -0.199827
v -0.116780 0.124846 -0.205872
v -0.122819 0.125433 -0.230067
v -0.114810 0.127087 -0.195668
v -0.125420 0.133936 -0.202379
v -0.230606 0.094720 -0.152844
v -0.225629 0.094070 -0.142194
v -0.214427 0.099244 -0.142452
v -0.215271 0.098337 -0.136085
v -0.237669 0.093862 -0.151967
v -0.209123 0.097295 -0.149512
v -0.238306 0.090580 -0.159336
v -0.241570 0.088202 -0.171713
v -0.226884 0.090215 -0.161695
v 0.180580 0.381447 0.081661
v 0.174802 0.374363 0.073945
v 0.165236 0.369869 0.072762
v 0.159320 0.358357 0.059759
v 0.154395 0.361065 0.072347
v 0.174323 0.375490 0.084161
v 0.186075 0.386582 0.090891
v 0.162202 0.360951 0.082394
v 0.157997 0.352084 0.082387
v 0.184530 0.290367 -0.014060
v 0.184867 0.285627 -0.007118
v 0.175934 0.285064 -0.000606
v 0.200701 0.292143 -0.024352
v 0.180365 0.281539 0.009574
v 0.167455 0.278924 0.012451
v 0.173180 0.279059 0.019771
v 0.198978 0.292126 -0.013276
v 0.206283 0.296196 -0.028558
v 0.163345 0.285602 0.009214
v 0.171039 0.295869 -0.001897
v 0.161156 0.300174 0.004435
v 0.193756 0.296550 -0.020008
v 0.175774 0.298536 -0.004757
v -0.183975 0.305730 -0.106578
v -0.209073 0.310191 -0.106309
v -0.201549 0.314715 -0.099689
v -0.224304 0.315002 -0.100762
v -0.184488 0.312419 -0.096646
v 0.071358 -0.147106 0.129642
v 0.051884 -0.147569 0.135784
v 0.078331 -0.142518 0.137995
v 0.090077 -0.143791 0.124519
v 0.055659 -0.145480 0.142377
v 0.023961 -0.154725 0.131619
v 0.035369 -0.157452 0.124978
v 0.055467 -0.151090 0.129389
v 0.020915 -0.162639 0.122346
v 0.027645 -0.179135 0.109398
v 0.016192 -0.175333 0.115420
v 0.015312 -0.179546 0.109776
v 0.073788 -0.152237 0.126101
v 0.090853 -0.151045 0.119717
v 0.083404 -0.154655 0.121447
v 0.086870 -0.164194 0.115425
v 0.084181 -0.162680 0.116234
v 0.024538 -0.189542 0.108377
v 0.034382 -0.186615 0.106421
v 0.091778 -0.172202 0.115120
v 0.032388 -0.201284 0.106067
v 0.037720 -0.184656 0.111901
v 0.098909 -0.157225 0.123046
v 0.102012 -0.167709 0.123223
v 0.096613 -0.181383 0.114098
v 0.036907 -0.182310 0.116894
v 0.125138 0.389822 0.088768
v 0.128192 0.384902 0.092080
v 0.125413 0.373632 0.075395
v 0.130592 0.367169 0.083296
v 0.121018 0.409964 0.100061
v 0.121932 0.413748 0.104883
v 0.125723 0.372646 0.072538
v 0.120885 0.387598 0.084169
v 0.126665 0.384678 0.097961
v 0.127938 0.362769 0.092758
v -0.179799 0.183327 -0.217466
v -0.170984 0.170339 -0.206454
v -0.172465 0.161756 -0.206348
v -0.183634 0.179788 -0.220203
v -0.162141 0.152302 -0.195568
v -0.187818 0.190592 -0.227492
v -0.161594 0.161715 -0.193833
v -0.165748 0.171741 -0.187538
v -0.173894 0.177912 -0.198919
v -0.186549 0.188000 -0.217627
v -0.008526 0.365720 0.060661
v -0.024528 0.357642 0.071705
v -0.013905 0.359429 0.075457
v -0.004539 0.367431 0.058631
v -0.027206 0.354285 0.084472
v -0.033568 0.355014 0.079298
v -0.039626 0.351055 0.092912
v -0.043660 0.351660 0.085278
v -0.044501 0.350611 0.088278
v 0.000878 0.363800 0.067267
v 0.012199 0.369118 0.060429
v 0.009975 0.369657 0.051387
v 0.022193 0.376497 0.044736
v 0.033137 0.382844 0.044870
v 0.033179 0.382613 0.036149
v 0.034357 0.380346 0.047646
v 0.042890 0.389213 0.030880
v 0.043738 0.382943 0.043609
v 0.050216 0.390514 0.033881
v 0.042593 0.389939 0.023878
v 0.053399 0.397476 0.017463
v 0.045119 0.380900 0.046470
v -0.041586 0.325803 0.098059
v -0.168022 0.130863 -0.193389
v -0.160693 0.127457 -0.195796
v -0.172889 0.124208 -0.216350
v -0.181176 0.127886 -0.225702
v -0.184999 0.122456 -0.234064
v -0.186648 0.125621 -0.230961
v 0.084265 -0.478737 0.128068
v 0.092076 -0.494334 0.124165
v 0.081543 -0.499606 0.127543
v 0.094314 -0.475839 0.124993
v 0.094977 -0.498389 0.121187
v 0.193756 0.296550 -0.020008
v 0.175774 0.298536 -0.004757
v 0.193909 0.299118 -0.011754
v 0.206283 0.296196 -0.028558
v 0.182973 0.298751 0.004511
v 0.161156 0.300174 0.004435
v 0.169826 0.300165 0.014969
v 0.089267 0.358524 0.116017
v 0.087939 0.366603 0.135834
v 0.095368 0.347619 0.111624
v 0.093425 0.351313 0.108210
v 0.085445 0.367491 0.131568
v 0.087274 0.351767 0.105882
v 0.000657 0.495100 -0.029276
v 0.006533 0.478382 -0.037145
v 0.002843 0.480489 -0.047420
v 0.006851 0.467962 -0.045075
v 0.001497 0.469801 -0.053655
v 0.007314 0.486689 -0.028082
v 0.002038 0.494065 -0.024000
v 0.009841 0.487380 -0.020914
v 0.001455 0.456815 -0.055009
v 0.011674 0.496415 -0.015859
v 0.007325 0.452813 -0.055030
v -0.003300 0.498328 -0.016927
v 0.001193 0.499195 -0.017093
v 0.013022 0.477336 -0.037043
v 0.018441 0.476790 -0.039900
v 0.013253 0.456130 -0.052699
v 0.022263 0.467518 -0.045122
v 0.024333 0.471788 -0.039298
v 0.022861 0.481394 -0.029143
v 0.032275 0.478706 -0.031165
v 0.024710 0.490833 -0.017547
v 0.018462 0.484517 -0.024025
v 0.015514 0.491448 -0.019354
v 0.021109 0.458815 -0.048511
v 0.019325 0.488365 -0.034835
v -0.000150 0.499819 -0.002472
v 0.013131 0.493941 -0.026356
v 0.003197 0.496221 -0.003936
v 0.010641 0.497409 -0.002343
v 0.081098 -0.449775 0.051508
v 0.061602 -0.453518 0.052992
v 0.091607 -0.440271 0.058204
v 0.092306 -0.446736 0.054236
v 0.082989 -0.442024 0.062122
v 0.085825 -0.436415 0.065348
v -0.057903 -0.380739 -0.178462
v -0.055330 -0.380868 -0.174167
v -0.033869 -0.385990 -0.189803
v -0.065664 -0.381411 -0.166341
v -0.039769 -0.383672 -0.191696
v -0.030335 -0.388196 -0.197177
v -0.081025 -0.383861 -0.168940
v -0.089493 -0.237183 -0.015268
v -0.092400 -0.230137 -0.028347
v -0.104264 -0.235625 -0.036073
v -0.084473 -0.236815 -0.012907
v -0.195676 0.312590 -0.147498
v -0.184295 0.307539 -0.136696
v -0.180893 0.314804 -0.144198
v -0.206671 0.315112 -0.159511
v -0.175725 0.308977 -0.127593
v -0.168110 0.314074 -0.140551
v 0.194246 0.182047 0.086208
v 0.191688 0.186061 0.071760
v 0.185801 0.185454 0.088669
v 0.183444 0.184442 0.096574
v 0.175322 0.193107 0.082974
v 0.180243 0.196632 0.067683
v 0.203285 0.175496 0.076592
v 0.168714 0.197964 0.087043
v 0.164939 0.189831 0.095255
v 0.176545 0.182290 0.100635
v 0.159426 0.184713 0.100715
v 0.173368 0.203809 0.074297
v 0.173740 0.206767 0.055171
v 0.148116 0.178329 0.105097
v 0.157882 0.172593 0.110872
v 0.170811 0.175517 0.111327
v 0.166588 0.171103 0.115550
v 0.161992 0.167655 0.120138
v 0.153479 0.162347 0.128234
v 0.144335 0.168385 0.108710
v 0.133670 0.168757 0.105989
v -0.042922 -0.259209 -0.079932
v -0.050171 -0.255181 -0.071958
v -0.041267 -0.261085 -0.057510
v -0.039205 -0.265647 -0.063306
v -0.054834 -0.245195 -0.071066
v -0.043199 -0.240115 -0.089377
v -0.055988 -0.241907 -0.075330
v -0.054398 -0.239753 -0.083508
v -0.056935 -0.229480 -0.073010
v -0.042197 -0.268521 -0.058639
v -0.066499 -0.250096 -0.065660
v -0.066138 -0.242974 -0.078952
v -0.079853 -0.251785 -0.072267
v -0.086917 -0.258030 -0.061633
v -0.093974 -0.256375 -0.062520
v -0.066277 -0.229449 -0.076244
v -0.062515 -0.226464 -0.076743
v -0.052425 -0.268204 -0.064368
v -0.084741 -0.232366 -0.190130
v -0.083131 -0.237835 -0.175545
v -0.089495 -0.230784 -0.178819
v -0.087345 -0.243833 -0.162572
v -0.092706 -0.236674 -0.158435
v -0.084872 -0.226992 -0.195365
v 0.146644 0.338269 0.133758
v 0.149012 0.332664 0.137150
v 0.145136 0.327367 0.119445
v 0.152868 0.347181 0.154602
v 0.144408 0.318938 0.122123
v 0.137867 0.336372 0.117700
v 0.143566 0.342228 0.136960
v 0.100696 0.003137 0.141980
v 0.106288 0.006966 0.154248
v 0.110708 -0.003501 0.143610
v 0.099948 -0.001039 0.134285
v 0.096607 0.002868 0.137650
v 0.112149 -0.006563 0.134302
v 0.094675 0.006873 0.154137
v -0.093109 0.145059 -0.063664
v -0.099445 0.127955 -0.061492
v -0.088967 0.125919 -0.059994
v -0.098257 0.147297 -0.067724
v 0.163919 -0.274994 -0.020909
v 0.141148 -0.268898 0.006262
v 0.160990 -0.275836 -0.009942
v 0.144315 -0.270734 0.009953
v 0.153800 -0.276796 0.002674
v 0.147726 -0.277558 0.012851
v 0.116763 0.398804 0.102854
v 0.110163 0.388149 0.093283
v 0.109975 0.376726 0.097912
v 0.116729 0.405007 0.100551
v 0.103119 0.368273 0.085951
v 0.105461 0.364694 0.093173
v 0.121932 0.413748 0.104883
v 0.110895 0.361868 0.097114
v 0.096342 0.366064 0.086617
v 0.119445 0.384911 0.102717
v 0.214310 0.118782 0.093988
v 0.213552 0.121942 0.103528
v 0.205298 0.105233 0.108065
v 0.218562 0.129234 0.084697
v 0.210191 0.112509 0.085247
v 0.197940 0.093472 0.101168
v 0.218624 0.130932 0.073569
v 0.193678 0.090332 0.116565
v 0.215710 0.134193 0.097050
v 0.218110 0.112766 0.069669
v 0.229761 0.122629 0.054821
v 0.227652 0.124322 0.062354
v 0.174381 0.050846 0.114276
v 0.166409 0.043042 0.126470
v 0.164749 0.032679 0.113935
v 0.162392 0.033260 0.124674
v 0.180950 0.068865 0.117512
v 0.170712 0.059833 0.135188
v 0.182444 0.078862 0.127510
v 0.187593 0.070405 0.104722
v 0.205323 0.095339 0.085280
v 0.163153 0.035233 0.139789
v 0.157898 0.026182 0.111518
v 0.157065 0.030705 0.124144
v 0.154252 0.033007 0.131124
v 0.154675 0.030768 0.136040
v 0.148932 0.021671 0.126677
v 0.148238 0.004929 0.137086
v 0.139386 0.008840 0.120795
v 0.133053 -0.010616 0.124471
v 0.140494 -0.015223 0.140230
v 0.127730 -0.026432 0.135804
v 0.146172 0.029770 0.120350
v 0.125902 -0.022824 0.130116
v 0.142065 0.025118 0.107536
v 0.189216 0.107691 0.131654
v 0.178833 0.091301 0.139458
v 0.179927 0.085676 0.135898
v 0.184407 0.108799 0.138330
v 0.189034 0.120130 0.135989
v 0.205544 0.128116 0.116928
v 0.209618 0.119830 0.109751
v 0.174606 0.076686 0.138142
v 0.157922 0.060190 0.150227
v 0.174348 0.092460 0.143449
v 0.187594 0.126576 0.137719
v 0.155051 0.036398 0.154459
v 0.148723 0.049830 0.161985
v 0.138821 0.040543 0.170183
v 0.158370 0.079775 0.151964
v 0.151468 0.069709 0.156746
v 0.193165 0.145643 0.129560
v 0.203000 0.137354 0.119608
v 0.176152 0.112493 0.144871
v 0.185758 0.153742 0.136891
v 0.176998 0.150337 0.144060
v 0.180898 0.128893 0.142901
v 0.188660 0.159720 0.131050
v 0.203503 0.143175 0.116730
v 0.178727 0.157913 0.149999
v 0.203290 0.166114 0.103997
v 0.205959 0.145222 0.111168
v 0.210543 0.142999 0.103628
v 0.212763 0.165053 0.084889
v 0.209041 0.177297 0.085836
v 0.214584 0.138009 0.095022
v 0.216438 0.155135 0.073961
v 0.222930 0.163270 0.074818
v 0.225156 0.180563 0.083369
v 0.237947 0.182633 0.075186
v 0.245843 0.198148 0.078010
v 0.249718 0.200173 0.072984
v 0.193667 0.186032 0.102986
v 0.187526 0.167327 0.127931
v 0.205014 0.186961 0.084835
v 0.188705 0.158898 0.144093
v 0.201971 0.183828 0.150465
v 0.192336 0.167430 0.147720
v 0.199629 0.184998 0.157461
v 0.204166 0.195538 0.161922
v 0.215920 0.135727 0.058352
v 0.215205 0.152684 0.060750
v 0.214467 0.161780 0.066803
v 0.211679 0.160552 0.048142
v 0.212693 0.140989 0.045874
v 0.210943 0.167667 0.057238
v 0.212129 0.170691 0.067397
v 0.182285 0.174319 0.127439
v 0.198004 0.191584 0.089586
v 0.194617 0.175981 0.138147
v 0.232443 0.178222 0.071438
v 0.208647 0.155291 0.041189
v 0.179927 0.085676 0.135898
v 0.188838 0.090070 0.143143
v 0.188104 0.083353 0.141983
v 0.204577 0.087423 0.155971
v 0.178833 0.091301 0.139458
v 0.174348 0.092460 0.143449
v 0.194617 0.175981 0.138147
v 0.188299 0.182140 0.139338
v 0.201971 0.183828 0.150465
v 0.182285 0.174319 0.127439
v 0.199974 0.193585 0.155609
v 0.187526 0.167327 0.127931
v 0.204166 0.195538 0.161922
v 0.183034 0.184799 0.143084
v 0.175469 0.175157 0.129835
v -0.203569 0.309706 -0.093692
v -0.215697 0.310229 -0.096339
v -0.198985 0.299780 -0.100408
v -0.188059 0.295332 -0.099413
v -0.185759 0.304175 -0.094588
v -0.219505 0.309159 -0.102166
v -0.224304 0.315002 -0.100762
v -0.080711 -0.228755 -0.190223
v -0.079636 -0.228892 -0.175050
v -0.083131 -0.237835 -0.175545
v -0.078088 -0.240698 -0.163188
v -0.078795 -0.230049 -0.157665
v -0.084741 -0.232366 -0.190130
v -0.084872 -0.226992 -0.195365
v -0.087345 -0.243833 -0.162572
v 0.079040 0.237960 -0.156619
v 0.087187 0.240183 -0.168990
v 0.086409 0.235850 -0.148001
v 0.096001 0.240462 -0.166098
v 0.075212 0.239113 -0.168166
v 0.075609 0.235545 -0.154652
v 0.069512 0.232346 -0.163452
v 0.146647 -0.378209 0.007164
v 0.141627 -0.385454 0.015869
v 0.144626 -0.392626 0.012013
v 0.141883 -0.378305 0.013908
v 0.154006 -0.382603 -0.001536
v 0.156156 -0.392624 -0.003161
v 0.162449 -0.389584 -0.012201
v 0.134841 -0.381029 0.022507
v 0.139237 -0.396512 0.026451
v 0.160684 -0.392740 -0.014061
v 0.139384 -0.397246 0.022112
v 0.145923 -0.393290 0.005242
v 0.128081 -0.378946 0.020492
v 0.094224 -0.159807 0.098634
v 0.079738 -0.157064 0.107943
v 0.084181 -0.162680 0.116234
v 0.086870 -0.164194 0.115425
v 0.098890 -0.172731 0.104040
v 0.091778 -0.172202 0.115120
v 0.102466 -0.163020 0.082547
v 0.107098 -0.174745 0.080131
v 0.108347 -0.186714 0.099878
v 0.119422 -0.196692 0.084388
v 0.120106 -0.203557 0.091615
v 0.120816 -0.196201 0.074039
v 0.105269 -0.162536 0.069787
v 0.129137 -0.207373 0.086193
v 0.128103 -0.201996 0.073623
v 0.135192 -0.211859 0.075186
v 0.146119 -0.226277 0.071165
v 0.143490 -0.226933 0.084982
v 0.149871 -0.236947 0.084942
v 0.137970 -0.214191 0.058642
v 0.144941 -0.224875 0.045810
v 0.119512 -0.195778 0.058986
v 0.105772 -0.173567 0.054611
v 0.135956 -0.215184 0.038334
v 0.133274 -0.212255 0.060883
v 0.124897 -0.206901 0.047407
v 0.105432 -0.178096 0.044731
v 0.131522 -0.217095 0.047299
v 0.115049 -0.197157 0.044774
v 0.141190 -0.231063 0.028720
v 0.155405 -0.244938 0.042709
v 0.106518 -0.164649 0.039751
v 0.132053 -0.218119 0.027494
v 0.150408 -0.249609 0.028090
v 0.124938 -0.219832 0.034907
v 0.138560 -0.235522 0.021187
v 0.139745 -0.252409 0.009778
v 0.180898 0.128893 0.142901
v 0.179245 0.126217 0.146756
v 0.185644 0.121278 0.153978
v 0.173628 0.123179 0.146860
v 0.200217 0.123183 0.160680
v 0.228382 0.138787 0.111453
v 0.221304 0.128831 0.110122
v 0.215710 0.134193 0.097050
v 0.213552 0.121942 0.103528
v 0.238596 0.139993 0.121493
v 0.220972 0.137487 0.101004
v 0.232231 0.133149 0.123042
v 0.246505 0.139585 0.132426
v 0.249435 0.142724 0.132938
v 0.214584 0.138009 0.095022
v 0.217941 0.120352 0.108569
v 0.219749 0.127322 0.115802
v 0.209618 0.119830 0.109751
v 0.061602 -0.453518 0.052992
v 0.074318 -0.449397 0.065292
v 0.082989 -0.442024 0.062122
v 0.065038 -0.455281 0.060873
v 0.081627 -0.444815 0.071223
v 0.060740 -0.456772 0.054993
v 0.085825 -0.436415 0.065348
v 0.196041 0.314304 0.047821
v 0.183042 0.316871 0.052795
v 0.201402 0.323372 0.055890
v 0.212104 0.324400 0.051287
v 0.216995 0.330740 0.056612
v 0.182931 0.313198 0.046763
v 0.183257 0.300598 0.043813
v 0.181103 0.324967 0.049707
v 0.195384 0.306087 0.047887
v 0.213363 0.319132 0.052490
v 0.122013 0.191918 -0.085932
v 0.135246 0.191433 -0.085189
v 0.123544 0.193444 -0.073126
v 0.131645 0.194615 -0.099197
v -0.008892 0.494489 0.068532
v -0.003544 0.483434 0.067548
v -0.002387 0.487891 0.060605
v -0.006899 0.497903 0.060997
v -0.008594 0.484358 0.075590
v 0.000631 0.481561 0.079750
v 0.185644 0.121278 0.153978
v 0.176152 0.112493 0.144871
v 0.192367 0.114155 0.152668
v 0.200217 0.123183 0.160680
v 0.173628 0.123179 0.146860
v 0.184407 0.108799 0.138330
v 0.090873 -0.474287 0.134292
v 0.084265 -0.478737 0.128068
v 0.084104 -0.474122 0.152788
v 0.094314 -0.475839 0.124993
v 0.081120 -0.479589 0.147560
v 0.080748 -0.478553 0.167760
v 0.082234 -0.477966 0.181800
v -0.176437 0.359760 -0.129494
v -0.171522 0.349231 -0.123349
v -0.162761 0.359298 -0.123405
v -0.176931 0.369137 -0.134591
v -0.191573 0.376484 -0.144995
v -0.156744 0.350592 -0.114142
v -0.164452 0.340016 -0.116311
v -0.177485 0.372927 -0.140085
v 0.174249 -0.297532 0.054470
v 0.160902 -0.292893 0.056985
v 0.167278 -0.301501 0.061778
v 0.191034 -0.305436 0.054913
v 0.157884 -0.298566 0.067563
v 0.161726 -0.293024 0.050821
v 0.204247 0.233706 0.024602
v 0.196270 0.230049 0.040115
v 0.192885 0.225833 0.034481
v 0.204218 0.232555 0.017215
v 0.211761 0.237194 0.006224
v 0.184908 0.219709 0.049757
v 0.186204 0.222880 0.055307
v 0.181714 0.214454 0.058424
v 0.182821 0.213833 0.073462
v 0.175391 0.208937 0.064689
v 0.173368 0.203809 0.074297
v 0.173740 0.206767 0.055171
v 0.173337 0.213256 0.050879
v 0.206652 0.235888 0.007173
v 0.178568 0.219190 0.048347
v 0.213430 0.240266 -0.000453
v 0.169378 0.214115 0.047810
v -0.123436 -0.165792 -0.014141
v -0.116987 -0.174863 -0.012895
v -0.123083 -0.175265 -0.024576
v -0.128623 -0.165293 -0.023996
v -0.128902 -0.169393 -0.028219
v -0.134333 -0.167025 -0.034313
v -0.135619 -0.160915 -0.030166
v -0.140788 -0.167751 -0.037153
v -0.140573 -0.161933 -0.037064
v -0.141564 -0.156195 -0.033364
v -0.148838 -0.169257 -0.042101
v -0.145194 -0.175674 -0.039497
v -0.149803 -0.180346 -0.044282
v -0.117860 -0.175895 -0.023136
v -0.160994 -0.146283 -0.066144
v -0.161191 -0.144995 -0.055159
v -0.153974 -0.147920 -0.055538
v -0.155162 -0.150406 -0.040504
v -0.146794 -0.155504 -0.048611
v -0.153295 -0.153064 -0.067991
v -0.159427 -0.159406 -0.076312
v -0.154997 -0.165548 -0.077722
v -0.158504 -0.178980 -0.084898
v -0.155744 -0.180788 -0.084295
v -0.153344 -0.196122 -0.093169
v -0.151718 -0.157916 -0.061172
v -0.154522 -0.174781 -0.050621
v -0.143861 -0.154265 -0.042457
v -0.152732 -0.181454 -0.049213
v -0.152385 -0.168644 -0.073237
v -0.150537 -0.181091 -0.073830
v -0.152293 -0.181125 -0.061846
v -0.152588 -0.182251 -0.056396
v -0.152344 -0.182129 -0.058685
v -0.147722 -0.186369 -0.077062
v 0.178428 0.075902 0.144067
v 0.197367 0.081364 0.152187
v 0.178867 0.081504 0.151949
v 0.203761 0.086349 0.158994
v 0.169179 0.078486 0.144513
v 0.174606 0.076686 0.138142
v 0.158370 0.079775 0.151964
v -0.036965 0.069618 0.070907
v -0.030171 0.057012 0.072471
v -0.036855 0.050896 0.081397
v -0.039756 0.054162 0.088108
v -0.040425 0.079192 0.074783
v -0.040065 0.075914 0.090931
v -0.042641 0.087742 0.076426
v -0.041096 0.114285 0.090540
v -0.044006 0.103212 0.078165
v -0.039382 0.117333 0.076492
v -0.038597 0.096521 0.093506
v -0.035725 0.052186 0.091708
v -0.025262 0.113977 0.098395
v -0.028025 0.064492 0.095538
v -0.023261 0.052093 0.100290
v -0.022951 0.082084 0.101486
v -0.027915 0.087198 0.096309
v -0.059127 0.108421 0.069913
v -0.077401 0.135672 0.060973
v -0.079371 0.108392 0.055493
v -0.055629 0.132677 0.072115
v -0.066831 0.163234 0.070274
v -0.080469 0.154059 0.061680
v -0.053865 0.163602 0.076580
v -0.050871 0.199249 0.083988
v -0.079212 0.180997 0.066116
v -0.076091 0.205032 0.070404
v -0.082158 0.163461 0.059815
v -0.062205 0.211576 0.080619
v -0.045691 0.211424 0.091183
v -0.032650 0.195055 0.091431
v -0.031587 0.185721 0.087090
v -0.040722 0.131440 0.074939
v -0.039843 0.159869 0.078418
v -0.025214 0.138870 0.078005
v -0.023652 0.119344 0.078036
v -0.027122 0.156528 0.079203
v -0.017406 0.182685 0.087659
v -0.019474 0.192866 0.092648
v -0.091261 0.180279 0.053517
v -0.089237 0.205874 0.058494
v -0.090382 0.108981 0.042958
v -0.093430 0.133646 0.042002
v -0.096346 0.162594 0.042633
v -0.097558 0.172091 0.044090
v -0.101479 0.212302 0.044481
v -0.031303 0.201333 0.098599
v 0.002843 0.191369 0.092483
v -0.071222 0.102521 0.064831
v -0.084839 0.102826 0.053343
v -0.072197 0.076909 0.056661
v -0.062724 0.072234 0.062377
v -0.058692 0.103917 0.072773
v -0.047425 0.073670 0.069992
v -0.091291 0.088772 0.041209
v -0.076337 0.066712 0.047714
v -0.087866 0.067149 0.036035
v -0.094833 0.102692 0.047186
v -0.050152 0.064805 0.060182
v -0.055287 0.216829 0.090854
v -0.059160 0.222555 0.091322
v -0.060612 0.061089 0.051092
v -0.036641 0.210078 0.102100
v -0.025784 0.212017 0.107506
v -0.037074 0.229946 0.112105
v -0.016537 0.228545 0.115965
v -0.018849 0.246417 0.119152
v -0.052440 0.241562 0.109146
v -0.052334 0.230640 0.108302
v -0.053732 0.222550 0.102887
v 0.000463 0.248224 0.121809
v -0.000119 0.233075 0.118904
v -0.001748 0.215211 0.112908
v -0.047515 0.213801 0.099468
v -0.003912 0.202016 0.103144
v -0.015986 0.199348 0.099966
v -0.058392 0.250888 0.094584
v -0.077751 0.234160 0.080771
v -0.069604 0.214379 0.083540
v -0.067209 0.262285 0.088755
v -0.080548 0.208103 0.073502
v -0.095830 0.211449 0.061632
v -0.056492 0.267731 0.094870
v -0.089561 0.254104 0.071764
v -0.099335 0.236795 0.061848
v -0.077781 0.285245 0.079753
v -0.061552 0.276858 0.089974
v -0.087212 0.285171 0.070605
v -0.051994 0.274134 0.101628
v -0.053107 0.278722 0.101535
v -0.110421 0.253699 0.047763
v -0.102620 0.218048 0.053753
v -0.107405 0.232309 0.050356
v -0.112811 0.219727 0.049852
v -0.117906 0.240909 0.047565
v -0.120227 0.228224 0.042943
v -0.124399 0.238724 0.041933
v -0.121274 0.258329 0.041309
v -0.108958 0.265631 0.045537
v -0.119038 0.274217 0.040840
v -0.106993 0.287042 0.044836
v -0.103007 0.279247 0.047051
v -0.090547 0.289516 0.054038
v -0.128095 0.260755 0.033015
v -0.098620 0.277480 0.057985
v -0.064452 0.286589 0.095883
v -0.128689 0.228526 0.027675
v -0.109392 0.297709 0.051889
v -0.084537 0.292823 0.055598
v -0.093567 0.299184 0.053828
v -0.132550 0.241124 0.025362
v -0.120281 0.211465 0.028399
v -0.114492 0.216270 0.040087
v -0.070333 0.286583 0.082039
v -0.134614 0.254852 0.019343
v -0.140031 0.265144 0.007725
v -0.071235 0.296241 0.081372
v -0.080738 0.291259 0.063802
v -0.080768 0.299671 0.069834
v -0.109853 0.199578 0.018276
v -0.109559 0.204929 0.023752
v -0.106168 0.213546 0.036828
v -0.130173 0.213242 0.006149
v -0.097448 0.102202 0.031577
v -0.118892 0.204493 0.020526
v -0.096216 0.077461 0.011771
v -0.099949 0.094906 0.013790
v -0.100644 0.103337 0.019664
v -0.110232 0.105040 0.017285
v -0.113248 0.090141 0.012449
v -0.114507 0.111003 0.010367
v -0.120779 0.114063 0.002572
v -0.120032 0.090525 0.004054
v -0.116145 0.064761 0.009138
v -0.108252 0.065978 0.012852
v -0.126914 0.063591 -0.009524
v -0.125851 0.115771 -0.009271
v -0.090816 0.070276 0.027225
v -0.092733 0.067163 0.008470
v -0.109421 0.293415 0.039993
v -0.072744 0.060376 0.038397
v -0.081236 0.296541 0.054178
v -0.077788 0.059731 0.030352
v -0.109820 0.304045 0.042998
v -0.111553 0.304292 0.026624
v -0.110424 0.315483 0.012726
v -0.097856 0.107763 0.014199
v -0.083694 0.063929 0.024374
v -0.100075 0.065234 0.009928
v -0.166908 0.361238 -0.067613
v -0.179921 0.373356 -0.067768
v -0.171075 0.353811 -0.072932
v -0.158516 0.347859 -0.065961
v -0.164816 0.344857 -0.073099
v -0.177907 0.362559 -0.074391
v -0.185118 0.377656 -0.071270
v -0.163375 0.347627 -0.084429
v -0.177726 0.368727 -0.078859
v -0.160844 0.354685 -0.089242
v -0.161973 0.366137 -0.074647
v -0.166369 0.364380 -0.081948
v -0.175936 0.376348 -0.072640
v -0.153935 0.358505 -0.083629
v -0.149724 0.357622 -0.071085
v -0.160844 0.354685 -0.089242
v -0.177726 0.368727 -0.078859
v -0.185118 0.377656 -0.071270
v -0.098121 -0.305139 -0.172481
v -0.091232 -0.301796 -0.186659
v -0.091088 -0.305830 -0.186706
v -0.099525 -0.296530 -0.165765
v -0.230506 0.065908 -0.093560
v -0.251694 0.073303 -0.087196
v -0.237520 0.075813 -0.088445
v -0.252851 0.075411 -0.084191
v -0.227288 0.070186 -0.086779
v -0.247100 0.065587 -0.085680
v -0.232570 0.057923 -0.088425
v -0.098257 0.147297 -0.067724
v -0.093972 0.141784 -0.074361
v -0.099098 0.127659 -0.064648
v -0.092671 0.127605 -0.073034
v -0.099445 0.127955 -0.061492
v -0.093339 0.146550 -0.070705
v -0.100158 0.123875 -0.069932
v -0.103386 0.122365 -0.065802
v -0.097804 0.100005 -0.064467
v -0.085722 0.127414 -0.080158
v -0.086969 0.131505 -0.073603
v -0.096716 0.084853 -0.064032
v -0.111727 0.090926 -0.069115
v -0.114105 0.120706 -0.068914
v -0.108429 0.053555 -0.068602
v -0.093316 0.058096 -0.064148
v -0.119700 0.068125 -0.069546
v -0.123176 0.094087 -0.068465
v -0.122299 0.055918 -0.066331
v -0.122609 0.121021 -0.066043
v -0.125906 0.064859 -0.065764
v -0.107141 0.124455 -0.064329
v 0.183257 0.300598 0.043813
v 0.195384 0.306087 0.047887
v 0.191315 0.300513 0.053944
v 0.213363 0.319132 0.052490
v 0.185270 0.297980 0.056367
v -0.136831 -0.449315 -0.190236
v -0.131754 -0.443356 -0.161218
v -0.131204 -0.445632 -0.184056
v -0.134766 -0.447998 -0.189697
v -0.125083 -0.442219 -0.172684
v -0.122256 -0.438450 -0.168328
v -0.138070 -0.449790 -0.172907
v -0.133545 -0.447998 -0.189575
v -0.134277 -0.448242 -0.190430
v -0.135132 -0.449707 -0.189941
v -0.137895 -0.453988 -0.171910
v -0.132311 -0.454106 -0.158679
v -0.138538 -0.454170 -0.184347
v 0.143566 0.342228 0.136960
v 0.132936 0.335986 0.127932
v 0.139726 0.339332 0.141257
v 0.147262 0.345233 0.154057
v 0.137867 0.336372 0.117700
v 0.152868 0.347181 0.154602
v 0.129965 0.330082 0.132942
v 0.120807 0.332606 0.122027
v -0.176421 0.254527 -0.102146
v -0.172705 0.253132 -0.081855
v -0.177865 0.255478 -0.082629
v -0.169736 0.252814 -0.069105
v -0.165560 0.254772 -0.044903
v -0.161858 0.253882 -0.044794
v -0.164054 0.253213 -0.058405
v -0.237669 0.093862 -0.151967
v -0.234627 0.088462 -0.150934
v -0.217521 0.086727 -0.135708
v -0.215098 0.081273 -0.135684
v -0.225629 0.094070 -0.142194
v -0.215271 0.098337 -0.136085
v -0.238306 0.090580 -0.159336
v -0.227564 0.082532 -0.151712
v -0.241570 0.088202 -0.171713
v -0.213177 0.077078 -0.140374
v 0.075958 0.003881 0.121146
v 0.074283 0.000958 0.144029
v 0.072260 0.002446 0.141399
v 0.081705 0.002022 0.142066
v 0.073827 0.002528 0.121598
v 0.082931 0.005834 0.131456
v 0.067693 0.007069 0.119575
v 0.108988 0.044535 0.133233
v 0.122459 0.044381 0.128085
v 0.116176 0.033960 0.146446
v 0.126925 0.036307 0.138272
v 0.105226 0.033768 0.147803
v 0.100201 0.025130 0.155557
v 0.091039 0.026711 0.151521
v 0.112982 0.025301 0.152856
v 0.090485 0.031004 0.143710
v 0.083858 0.024198 0.144235
v 0.098334 0.039904 0.122748
v 0.103207 0.043851 0.121222
v 0.092829 0.044115 0.120899
v 0.087861 0.031348 0.122571
v 0.088064 0.028704 0.134392
v 0.083193 0.019371 0.122685
v 0.077573 0.011320 0.116823
v 0.083633 0.011723 0.131079
v 0.074753 0.016098 0.114318
v 0.124483 0.033111 0.106966
v 0.138969 0.033003 0.119856
v 0.142065 0.025118 0.107536
v 0.146172 0.029770 0.120350
v 0.116946 -0.443899 0.199958
v 0.131268 -0.445570 0.199553
v 0.104719 -0.452274 0.193795
v 0.103059 -0.445042 0.199834
v 0.125011 -0.451904 0.193142
v 0.133158 -0.452649 0.189981
v 0.140701 -0.448060 0.192588
v 0.140478 -0.454174 0.184090
v 0.154599 -0.459660 0.180339
v 0.095213 -0.446640 0.194700
v 0.096372 -0.452439 0.190564
v 0.095746 -0.455449 0.185596
v 0.085056 -0.456701 0.188405
v 0.090653 -0.458791 0.169891
v 0.084460 -0.462757 0.164998
v 0.087230 -0.463679 0.152794
v 0.095769 -0.448299 0.208874
v 0.102937 -0.450098 0.170608
v 0.111542 -0.447876 0.213978
v 0.125686 -0.447554 0.213021
v 0.090109 -0.451506 0.203682
v 0.094362 -0.453933 0.155224
v 0.136002 -0.450091 0.206746
v 0.147772 -0.454865 0.195435
v 0.103720 -0.444776 0.151497
v 0.096055 -0.444921 0.135254
v 0.101297 -0.439235 0.138837
v 0.125076 -0.444831 0.154781
v 0.126460 -0.449797 0.175580
v 0.114722 -0.438763 0.140180
v 0.132372 -0.438605 0.136661
v 0.137305 -0.451189 0.165644
v 0.137190 -0.447004 0.150046
v 0.143603 -0.443596 0.136806
v 0.146584 -0.457148 0.176218
v 0.148555 -0.455195 0.150030
v 0.154508 -0.462486 0.159681
v 0.135941 -0.435268 0.130590
v 0.125548 -0.433773 0.134446
v 0.142955 -0.434696 0.128246
v -0.224716 0.180438 -0.150895
v -0.213126 0.172896 -0.142924
v -0.198328 0.173611 -0.142920
v -0.204322 0.162670 -0.140356
v -0.221694 0.173896 -0.147583
v 0.114936 0.317500 -0.111051
v 0.122511 0.317372 -0.109157
v 0.119611 0.311587 -0.100226
v 0.103479 0.314800 -0.106057
v 0.128332 0.314629 -0.101327
v 0.128509 0.310052 -0.098468
v 0.108183 0.301306 -0.096800
v 0.091388 0.305362 -0.091680
v 0.096893 0.314591 -0.103040
v 0.088365 0.313292 -0.099790
v 0.085453 0.307790 -0.090883
v 0.099753 0.295562 -0.088878
v 0.106708 0.286513 -0.087176
v 0.115512 0.293053 -0.096140
v 0.127267 0.294787 -0.100130
v 0.094153 0.290774 -0.088421
v 0.092472 0.328683 -0.098359
v 0.087091 0.304772 -0.094042
v 0.096677 0.336375 -0.096227
v 0.115837 0.324046 -0.108528
v 0.112742 0.341251 -0.100677
v 0.098316 0.346831 -0.094854
v 0.111194 0.361446 -0.099459
v 0.102727 0.364408 -0.095313
v 0.105433 0.378697 -0.095456
v 0.119186 0.355028 -0.096596
v 0.127791 0.346631 -0.089648
v 0.118139 0.367553 -0.092318
v 0.130928 0.335223 -0.093821
v 0.134243 0.318613 -0.098301
v 0.137139 0.325476 -0.093077
v 0.109692 0.383413 -0.086334
v 0.130766 0.359715 -0.079989
v 0.146015 0.325505 -0.080369
v 0.135516 0.342876 -0.079473
v 0.119856 0.376432 -0.079789
v 0.111618 0.384096 -0.080040
v -0.091088 -0.305830 -0.186706
v -0.083455 -0.307967 -0.169723
v -0.091097 -0.311867 -0.167199
v -0.098121 -0.305139 -0.172481
v 0.199056 0.121951 0.152296
v 0.180898 0.128893 0.142901
v 0.200217 0.123183 0.160680
v 0.187594 0.126576 0.137719
v 0.189034 0.120130 0.135989
v 0.049564 -0.221132 0.140979
v 0.046649 -0.225623 0.162920
v 0.043816 -0.222997 0.155307
v 0.056603 -0.222825 0.143143
v 0.039438 -0.224957 0.172475
v 0.042209 -0.223680 0.173362
v 0.051326 -0.221727 0.162458
v 0.201402 0.323372 0.055890
v 0.188847 0.313365 0.060176
v 0.215131 0.326417 0.058650
v 0.183042 0.316871 0.052795
v 0.184177 0.310123 0.063167
v 0.216995 0.330740 0.056612
v 0.162871 -0.388142 0.042576
v 0.165872 -0.385971 0.028485
v 0.165793 -0.391142 0.037195
v 0.178019 -0.389337 0.012401
v 0.172389 -0.385491 0.015569
v 0.178065 -0.383495 0.007501
v 0.160084 -0.395565 0.050610
v 0.167524 -0.399896 0.045942
v 0.156925 -0.397622 0.053445
v 0.165474 -0.409336 0.052970
v 0.173647 -0.390097 0.032905
v 0.171898 -0.379589 0.017804
v -0.104264 -0.235625 -0.036073
v -0.091466 -0.240521 -0.024820
v -0.089493 -0.237183 -0.015268
v -0.102617 -0.239822 -0.039561
v -0.084473 -0.236815 -0.012907
v -0.095735 -0.239702 -0.045295
v 0.178428 0.075902 0.144067
v 0.188104 0.083353 0.141983
v 0.197367 0.081364 0.152187
v 0.179927 0.085676 0.135898
v 0.174606 0.076686 0.138142
v 0.204577 0.087423 0.155971
v 0.203761 0.086349 0.158994
v 0.000785 0.495228 0.066534
v -0.003544 0.483434 0.067548
v 0.000631 0.481561 0.079750
v -0.002387 0.487891 0.060605
v -0.221694 0.173896 -0.147583
v -0.212793 0.171171 -0.153623
v -0.204507 0.159952 -0.146586
v -0.224716 0.180438 -0.150895
v -0.199051 0.167264 -0.151245
v -0.122819 0.125433 -0.230067
v -0.130632 0.131988 -0.202680
v -0.125420 0.133936 -0.202379
v -0.128546 0.123783 -0.218625
v -0.136883 0.126255 -0.199627
v 0.148787 -0.224824 0.091986
v 0.171621 -0.223726 0.098165
v 0.158230 -0.231176 0.093966
v 0.149871 -0.236947 0.084942
v 0.143490 -0.226933 0.084982
v -0.021668 -0.271405 -0.179032
v -0.031667 -0.266603 -0.169024
v -0.029406 -0.269864 -0.158991
v -0.037433 -0.265089 -0.151787
v -0.033411 -0.268134 -0.146550
v -0.023000 -0.270343 -0.190654
v -0.044520 -0.266743 -0.158147
v -0.038328 -0.269766 -0.169125
v -0.021157 0.447095 -0.049688
v -0.019682 0.436525 -0.062996
v -0.020161 0.428406 -0.058159
v -0.018642 0.445007 -0.061178
v -0.023145 0.433807 -0.047692
v -0.020159 0.424482 -0.055250
v -0.023910 0.423527 -0.048789
v -0.013461 0.449457 -0.055274
v -0.134410 -0.457169 -0.178086
v -0.127996 -0.451606 -0.182823
v -0.129313 -0.455561 -0.165790
v -0.138538 -0.454170 -0.184347
v -0.136831 -0.449315 -0.190236
v -0.135132 -0.449707 -0.189941
v -0.134277 -0.448242 -0.190430
v -0.137895 -0.453988 -0.171910
v -0.132311 -0.454106 -0.158679
v -0.127077 -0.454375 -0.160449
v -0.133800 -0.449286 -0.152994
v -0.081315 -0.436318 -0.212554
v -0.086329 -0.438660 -0.212673
v -0.089850 -0.438233 -0.205907
v -0.084059 -0.433079 -0.193649
v -0.091510 -0.437828 -0.181311
v -0.083883 -0.429887 -0.181810
v 0.237761 0.141524 0.131683
v 0.218260 0.139708 0.125625
v 0.225324 0.134205 0.125655
v 0.210676 0.132304 0.121580
v 0.246505 0.139585 0.132426
v 0.249435 0.142724 0.132938
v 0.203503 0.143175 0.116730
v 0.203000 0.137354 0.119608
v 0.205544 0.128116 0.116928
v 0.219749 0.127322 0.115802
v 0.209618 0.119830 0.109751
v 0.217941 0.120352 0.108569
v 0.232231 0.133149 0.123042
v -0.084780 -0.225025 -0.177727
v -0.079636 -0.228892 -0.175050
v -0.080711 -0.228755 -0.190223
v -0.078795 -0.230049 -0.157665
v -0.084872 -0.226992 -0.195365
v -0.085047 -0.227336 -0.155380
v -0.025234 0.493494 0.067355
v -0.035129 0.478998 0.059440
v -0.028856 0.479210 0.067785
v -0.026791 0.484678 0.072514
v -0.030605 0.487212 0.056112
v -0.023821 0.496077 0.062619
v -0.032059 0.495364 0.052121
v -0.025332 0.499399 0.055660
v -0.025563 0.499555 0.046610
v -0.032280 0.496226 0.046554
v -0.030795 0.500158 0.043794
v -0.032248 0.477421 0.072799
v -0.022789 0.478575 0.079801
v -0.018915 0.494883 0.067244
v -0.018104 0.488686 0.074273
v -0.018168 0.480960 0.076596
v -0.016465 0.480732 0.080762
v -0.018106 0.476364 0.081752
v -0.008864 0.479350 0.083066
v -0.039339 0.483965 0.056498
v -0.040269 0.487509 0.049512
v -0.038975 0.497060 0.045331
v -0.040795 0.480393 0.061471
v -0.048129 0.487788 0.049808
v -0.139195 0.305077 -0.183079
v -0.140757 0.301691 -0.186649
v -0.136932 0.294063 -0.176177
v -0.146352 0.310120 -0.192956
v -0.136651 0.295847 -0.164599
v -0.132166 0.287390 -0.167880
v -0.139358 0.301731 -0.190723
v -0.149736 0.315374 -0.205541
v -0.128329 0.288702 -0.175246
v 0.144408 0.318938 0.122123
v 0.139700 0.319696 0.134618
v 0.139643 0.313152 0.124539
v 0.145224 0.327888 0.143118
v 0.149012 0.332664 0.137150
v 0.152868 0.347181 0.154602
v 0.149750 0.339547 0.152261
v -0.152725 0.325196 -0.020191
v -0.154225 0.313459 -0.023480
v -0.147909 0.319183 -0.022073
v -0.145650 0.329692 -0.016688
v -0.146901 0.345960 -0.011249
v -0.142982 0.343503 -0.011620
v -0.160622 0.312858 -0.029771
v -0.160320 0.297078 -0.028919
v -0.176159 0.297789 -0.050600
v -0.163941 0.276323 -0.036023
v -0.175235 0.273608 -0.056126
v -0.165560 0.254772 -0.044903
v -0.183367 0.293092 -0.073204
v -0.181107 0.273338 -0.078242
v -0.186860 0.270047 -0.105347
v -0.188059 0.295332 -0.099413
v -0.177865 0.255478 -0.082629
v -0.183123 0.254616 -0.113657
v -0.186314 0.258966 -0.115764
v -0.181466 0.263038 -0.131428
v -0.183142 0.278669 -0.118373
v -0.185349 0.301114 -0.105982
v -0.177168 0.300097 -0.129216
v -0.175466 0.264117 -0.145828
v -0.172893 0.286512 -0.143283
v -0.173729 0.292749 -0.143450
v -0.158261 0.349745 -0.113261
v -0.164452 0.340016 -0.116311
v -0.167958 0.342097 -0.093970
v -0.158146 0.357822 -0.094233
v -0.160844 0.354685 -0.089242
v -0.164989 0.334686 -0.122908
v -0.176954 0.327132 -0.095161
v -0.172989 0.319187 -0.123493
v -0.183975 0.305730 -0.106578
v -0.163258 0.329994 -0.134667
v -0.184488 0.312419 -0.096646
v -0.175725 0.308977 -0.127593
v -0.168110 0.314074 -0.140551
v -0.167490 0.338376 -0.073917
v -0.163375 0.347627 -0.084429
v -0.164816 0.344857 -0.073099
v -0.174947 0.324248 -0.072411
v -0.181985 0.308668 -0.076476
v -0.167584 0.329825 -0.056983
v -0.173792 0.316486 -0.056860
v -0.185759 0.304175 -0.094588
v -0.157799 0.344326 -0.056432
v -0.158516 0.347859 -0.065961
v -0.157596 0.335887 -0.040512
v -0.150491 0.347640 -0.044094
v -0.147892 0.348055 -0.024391
v -0.151751 0.338867 -0.020232
v -0.160609 0.325658 -0.035208
v -0.149724 0.357622 -0.071085
v -0.135026 0.360882 -0.044105
v -0.138144 0.360555 -0.057220
v -0.126816 0.370606 -0.061786
v -0.135466 0.366341 -0.072052
v -0.118689 0.377039 -0.079536
v -0.120117 0.377173 -0.091621
v -0.126153 0.373466 -0.091446
v -0.153935 0.358505 -0.083629
v -0.145324 0.364536 -0.093782
v -0.135263 0.369679 -0.095795
v -0.156744 0.350592 -0.114142
v -0.141688 0.351390 -0.025764
v -0.136167 0.360738 -0.112783
v -0.130814 0.359159 -0.122005
v -0.129613 0.368502 -0.107673
v -0.147615 0.349965 -0.127436
v -0.113352 0.378584 -0.100666
v -0.204507 0.159952 -0.146586
v -0.204322 0.162670 -0.140356
v -0.221694 0.173896 -0.147583
v 0.099893 -0.005498 0.030161
v 0.098932 -0.019778 0.030204
v 0.089037 -0.015966 0.028173
v 0.086579 -0.004072 0.033220
v 0.099575 0.001615 0.035684
v 0.095909 0.007284 0.042423
v 0.083882 0.002667 0.043749
v 0.068980 0.198371 -0.156002
v 0.064682 0.196392 -0.163020
v 0.072490 0.196998 -0.162426
v 0.075437 0.202120 -0.157828
v 0.065567 0.193805 -0.146422
v 0.057217 0.195211 -0.151300
v 0.056643 0.197127 -0.166521
v 0.055689 0.201367 -0.175412
v 0.081219 0.196658 -0.151469
v 0.071087 0.196308 -0.137032
v 0.051776 0.200716 -0.172193
v -0.154000 -0.476305 -0.053413
v -0.168687 -0.476528 -0.047566
v -0.152576 -0.478076 -0.046679
v -0.167460 -0.478715 -0.041524
v -0.187255 -0.475802 -0.040945
v -0.134749 -0.479124 -0.060234
v -0.142329 -0.475374 -0.062005
v -0.128079 -0.476876 -0.071068
v -0.185779 -0.478783 -0.038235
v -0.202702 -0.472482 -0.037776
v 0.154549 -0.282003 -0.008066
v 0.160990 -0.275836 -0.009942
v 0.150360 -0.281566 0.006533
v 0.163919 -0.274994 -0.020909
v 0.142679 -0.287246 0.005380
v 0.147726 -0.277558 0.012851
v 0.153800 -0.276796 0.002674
v -0.002850 0.468086 0.059658
v -0.005844 0.474500 0.068626
v -0.009576 0.468291 0.072168
v -0.009103 0.458489 0.069792
v -0.006899 0.455097 0.059557
v -0.009407 0.452485 0.060785
v -0.007830 0.474328 0.084009
v -0.002857 0.478038 0.079118
v -0.137946 0.381171 -0.098712
v -0.135118 0.375406 -0.105488
v -0.135263 0.369679 -0.095795
v -0.141859 0.397019 -0.103925
v -0.129613 0.368502 -0.107673
v -0.135852 0.404030 -0.108568
v -0.130487 0.377847 -0.110080
v -0.146037 0.420062 -0.104328
v -0.122203 0.370665 -0.110235
v -0.057662 0.437306 0.025529
v -0.048799 0.438491 0.027252
v -0.056705 0.443948 0.034227
v -0.049887 0.436585 0.023657
v -0.061032 0.428695 0.019609
v -0.058532 0.423675 0.013363
v -0.049952 0.444650 0.031712
v -0.055747 0.453690 0.037390
v -0.043693 0.452655 0.037430
v -0.052510 0.458549 0.040543
v -0.041444 0.458897 0.040610
v -0.048601 0.432264 0.013496
v -0.051911 0.425104 0.010703
v -0.046064 0.437691 0.032694
v -0.065591 0.441470 0.016951
v -0.065131 0.433132 0.015926
v 0.135246 0.191433 -0.085189
v 0.138417 0.201438 -0.093299
v 0.146316 0.200482 -0.087387
v 0.140740 0.204958 -0.097719
v 0.131645 0.194615 -0.099197
v 0.129414 0.207906 -0.104787
v 0.133877 0.217029 -0.102863
v 0.120780 0.226302 -0.109573
v 0.129373 0.236915 -0.102791
v 0.134869 0.232865 -0.098774
v 0.147479 0.205102 -0.084257
v 0.141648 0.229058 -0.087164
v 0.117885 0.240795 -0.106715
v 0.136857 0.243120 -0.102859
v 0.117704 0.256559 -0.105499
v 0.142523 0.238938 -0.099648
v 0.146253 0.237721 -0.093035
v 0.107220 0.270208 -0.103473
v 0.126612 0.254999 -0.102809
v 0.111662 0.275567 -0.095982
v 0.125606 0.268852 -0.088345
v 0.106708 0.286513 -0.087176
v 0.133921 0.257567 -0.089299
v 0.094153 0.290774 -0.088421
v 0.093887 0.284815 -0.095215
v 0.097121 0.276322 -0.099207
v 0.089573 0.279101 -0.097742
v 0.091058 0.290212 -0.097808
v -0.196037 -0.228839 -0.065717
v -0.161786 -0.228918 -0.064024
v -0.176592 -0.231586 -0.061593
v -0.166922 -0.220600 -0.067089
v -0.173362 -0.213450 -0.061368
v -0.201549 0.314715 -0.099689
v -0.215697 0.310229 -0.096339
v -0.203569 0.309706 -0.093692
v -0.184488 0.312419 -0.096646
v -0.224304 0.315002 -0.100762
v -0.185759 0.304175 -0.094588
v 0.039555 0.473155 -0.007988
v 0.035505 0.474931 -0.012647
v 0.034684 0.477789 -0.001879
v 0.042130 0.473631 0.002476
v 0.040364 0.470788 -0.018282
v 0.034294 0.479658 -0.015865
v 0.034167 0.486234 -0.010871
v 0.038553 0.482382 0.002640
v 0.161386 -0.421655 0.054963
v 0.170483 -0.421740 0.063667
v 0.163036 -0.428860 0.061374
v 0.169375 -0.411408 0.056743
v 0.172823 -0.431248 0.068261
v 0.165690 -0.438381 0.065522
v 0.159114 -0.413195 0.054276
v 0.165474 -0.409336 0.052970
v 0.167524 -0.399896 0.045942
v 0.170746 -0.387287 0.040459
v 0.155879 -0.404983 0.052043
v 0.156925 -0.397622 0.053445
v 0.170506 -0.446252 0.061285
v 0.177009 -0.442669 0.066566
v 0.177907 -0.447567 0.065828
v -0.006899 0.497903 0.060997
v -0.006523 0.486009 0.054374
v -0.011680 0.486194 0.054418
v -0.016749 0.498454 0.055917
v -0.115392 0.197410 -0.225780
v -0.123809 0.185359 -0.216767
v -0.124242 0.182503 -0.206525
v -0.131989 0.168875 -0.197757
v -0.124840 0.175152 -0.194153
v -0.131949 0.168708 -0.191954
v -0.118790 0.198397 -0.232104
v -0.127425 0.169159 -0.189058
v -0.131570 0.160056 -0.202016
v -0.122500 0.183366 -0.221698
v -0.090930 -0.236630 -0.031585
v -0.091466 -0.240521 -0.024820
v -0.095735 -0.239702 -0.045295
v -0.084473 -0.236815 -0.012907
v -0.092400 -0.230137 -0.028347
v 0.124368 0.041389 0.165103
v 0.138821 0.040543 0.170183
v 0.129456 0.043114 0.173690
v 0.135036 0.036006 0.160908
v 0.139491 0.034684 0.158435
v 0.155051 0.036398 0.154459
v 0.148862 0.032696 0.147634
v 0.154675 0.030768 0.136040
v 0.163153 0.035233 0.139789
v 0.098694 -0.026617 0.151271
v 0.095438 -0.026994 0.163109
v 0.091765 -0.027739 0.152754
v 0.109448 -0.025635 0.160472
v 0.111923 -0.027974 0.150488
v 0.108757 -0.027892 0.137546
v 0.124524 -0.022235 0.148903
v 0.127730 -0.026432 0.135804
v 0.130734 -0.021657 0.146394
v 0.106422 -0.021576 0.168375
v 0.140494 -0.015223 0.140230
v 0.126125 -0.010371 0.160609
v 0.110577 -0.009646 0.174078
v 0.100995 -0.019849 0.169927
v 0.096825 -0.018834 0.177243
v 0.134521 -0.001753 0.156754
v 0.131330 0.007974 0.163586
v 0.110742 0.001356 0.176815
v 0.093933 -0.011428 0.181749
v 0.143950 0.016294 0.151387
v 0.148238 0.004929 0.137086
v 0.093372 0.003016 0.184854
v 0.117684 0.019574 0.172791
v 0.104215 0.020069 0.177743
v 0.115206 0.035775 0.171235
v 0.093886 0.020381 0.181501
v 0.082741 -0.020716 0.168481
v 0.087053 -0.449302 0.073317
v 0.074318 -0.449397 0.065292
v 0.077821 -0.456845 0.061670
v 0.091134 -0.455637 0.067815
v 0.065038 -0.455281 0.060873
v 0.081627 -0.444815 0.071223
v 0.083064 -0.444035 0.078673
v 0.083748 -0.458176 0.057170
v 0.060740 -0.456772 0.054993
v 0.093490 -0.457197 0.056147
v -0.152732 -0.181454 -0.049213
v -0.146415 -0.164035 -0.053967
v -0.152588 -0.182251 -0.056396
v -0.152344 -0.182129 -0.058685
v -0.151611 -0.180542 -0.060242
v -0.152293 -0.181125 -0.061846
v -0.142370 -0.170279 -0.076509
v -0.135590 -0.155444 -0.067652
v -0.139054 -0.153989 -0.055450
v -0.142973 -0.196718 -0.088127
v -0.147722 -0.186369 -0.077062
v -0.128550 -0.171116 -0.094977
v -0.132745 -0.191924 -0.099522
v -0.141257 -0.205213 -0.096683
v -0.137986 -0.207065 -0.102811
v -0.120625 -0.183913 -0.107536
v -0.119954 -0.197237 -0.113361
v -0.115792 -0.162501 -0.106565
v -0.129253 -0.157078 -0.081779
v -0.140875 -0.144702 -0.056234
v -0.123415 -0.145561 -0.094316
v -0.113848 -0.151778 -0.111880
v -0.121221 -0.126539 -0.098825
v -0.111702 -0.122329 -0.110865
v -0.131369 -0.123240 -0.080946
v -0.137910 -0.122468 -0.066870
v -0.142331 -0.123650 -0.054183
v -0.134234 -0.207317 -0.113335
v -0.115725 -0.197521 -0.122404
v -0.141564 -0.156195 -0.033364
v -0.146577 -0.156146 -0.026684
v -0.136849 -0.159995 -0.018335
v -0.155162 -0.150406 -0.040504
v -0.143861 -0.154265 -0.042457
v -0.135619 -0.160915 -0.030166
v -0.123436 -0.165792 -0.014141
v -0.129409 -0.163703 -0.013544
v -0.146794 -0.155504 -0.048611
v -0.173894 0.177912 -0.198919
v -0.173313 0.169157 -0.183744
v -0.165748 0.171741 -0.187538
v -0.043104 0.373115 -0.004108
v -0.050871 0.367663 -0.026486
v -0.048348 0.365507 -0.012937
v -0.050340 0.360165 -0.010908
v -0.047644 0.349742 -0.001649
v -0.038255 0.372704 0.009344
v -0.040257 0.385044 0.008487
v -0.040112 0.384508 -0.005779
v -0.041777 0.376867 -0.022871
v -0.039334 0.396654 -0.006737
v -0.034856 0.391723 -0.020448
v -0.038130 0.381196 0.015756
v -0.035736 0.401613 -0.019316
v -0.042771 0.371482 -0.036709
v -0.030054 0.384564 -0.033706
v -0.025464 0.396993 -0.033051
v -0.051852 0.366895 -0.016810
v -0.019682 0.436525 -0.062996
v -0.016016 0.441652 -0.055448
v -0.017589 0.428406 -0.050627
v -0.020161 0.428406 -0.058159
v -0.020159 0.424482 -0.055250
v -0.018642 0.445007 -0.061178
v -0.013461 0.449457 -0.055274
v -0.015913 0.420380 -0.050920
v -0.011799 0.437592 -0.051375
v 0.081772 0.357204 0.126413
v 0.085767 0.348016 0.123466
v 0.087939 0.366603 0.135834
v 0.078439 0.342242 0.113446
v 0.088475 0.341659 0.116827
v 0.159320 0.358357 0.059759
v 0.145725 0.366681 0.071939
v 0.154395 0.361065 0.072347
v 0.143773 0.367789 0.054930
v 0.159425 0.356001 0.045936
v 0.139680 0.368528 0.038868
v 0.166599 0.351352 0.056336
v 0.174069 0.343751 0.047904
v 0.169871 0.348657 0.058661
v 0.160573 0.349005 0.029650
v 0.153007 0.350179 0.018631
v 0.138161 0.365353 0.029533
v 0.140771 0.358862 0.019994
v 0.140877 0.351100 0.005404
v 0.163837 0.339409 0.018051
v 0.170952 0.337285 0.028272
v 0.152284 0.339518 0.003291
v 0.141731 0.340021 -0.007646
v 0.119618 0.361702 0.010917
v 0.131657 0.365155 0.026405
v 0.131857 0.349511 -0.002130
v 0.174555 0.362724 0.064457
v 0.174802 0.374363 0.073945
v 0.180580 0.381447 0.081661
v 0.182097 0.371396 0.075630
v 0.186075 0.386582 0.090891
v 0.117516 0.358029 0.009229
v 0.110567 0.361359 0.010947
v 0.138156 0.383837 0.031782
v 0.131574 0.399613 0.029922
v 0.135056 0.414220 0.033892
v 0.179295 0.361158 0.075647
v 0.181810 0.372937 0.088550
v -0.222955 0.133192 -0.172427
v -0.222070 0.132859 -0.179773
v -0.210032 0.125667 -0.159062
v -0.231748 0.138291 -0.191559
v -0.206329 0.126931 -0.169910
v -0.203717 0.125407 -0.164137
v -0.211816 0.130145 -0.154568
v -0.214998 0.135340 -0.179644
v -0.199184 0.135475 -0.168675
v -0.202260 0.136222 -0.169799
v 0.095368 0.347619 0.111624
v 0.091080 0.352574 0.123961
v 0.088475 0.341659 0.116827
v 0.085767 0.348016 0.123466
v 0.087939 0.366603 0.135834
v -0.173033 -0.452420 -0.091343
v -0.167043 -0.451577 -0.084177
v -0.173847 -0.451149 -0.079650
v -0.184158 -0.453020 -0.092083
v -0.175189 -0.455782 -0.099710
v -0.179362 -0.450113 -0.081870
v -0.189586 -0.454302 -0.084484
v -0.167772 -0.453688 -0.076604
v -0.168701 -0.446559 -0.073581
v -0.150183 -0.401599 -0.129240
v -0.157930 -0.411901 -0.133463
v -0.160280 -0.420160 -0.126481
v -0.163261 -0.433033 -0.134391
v -0.159132 -0.417536 -0.140827
v -0.161778 -0.435774 -0.123443
v -0.155565 -0.401847 -0.112399
v -0.146888 -0.400473 -0.142465
v -0.148895 -0.393524 -0.113649
v -0.140516 -0.386417 -0.132329
v -0.138484 -0.378546 -0.130672
v -0.139955 -0.378021 -0.112368
v -0.146273 -0.389052 -0.097656
v -0.162819 -0.409180 -0.100017
v -0.162650 -0.413184 -0.112530
v -0.172765 -0.423483 -0.098036
v -0.169753 -0.425164 -0.109659
v -0.127314 -0.362470 -0.145526
v -0.165152 -0.428846 -0.117609
v -0.138277 -0.378333 -0.092908
v -0.152614 -0.398951 -0.084690
v -0.171844 -0.423809 -0.082948
v -0.138719 -0.393359 -0.139895
v -0.133242 -0.391032 -0.145325
v -0.165139 -0.433595 -0.112374
v -0.172897 -0.440883 -0.109026
v -0.164658 -0.432043 -0.098940
v -0.178407 -0.441798 -0.095074
v -0.191013 -0.455331 -0.107705
v -0.201150 -0.454691 -0.095090
v -0.170405 -0.439880 -0.084696
v -0.184303 -0.446908 -0.087926
v -0.160602 -0.431760 -0.087920
v -0.168701 -0.446559 -0.073581
v -0.159481 -0.443968 -0.070000
v -0.154460 -0.435589 -0.079012
v -0.179362 -0.450113 -0.081870
v -0.157855 -0.450589 -0.063158
v -0.168108 -0.456039 -0.057470
v -0.170095 -0.454654 -0.066009
v 0.088274 -0.455347 0.052942
v 0.083748 -0.458176 0.057170
v 0.060740 -0.456772 0.054993
v 0.093490 -0.457197 0.056147
v 0.061602 -0.453518 0.052992
v 0.081098 -0.449775 0.051508
v 0.092306 -0.446736 0.054236
v 0.005600 0.461289 0.056711
v 0.009504 0.459994 0.062088
v 0.003707 0.457377 0.066902
v 0.015886 0.469454 0.073012
v 0.003427 0.456903 0.058483
v -0.000512 0.457636 0.060063
v 0.009990 0.454629 0.053049
v -0.186549 0.188000 -0.217627
v -0.182978 0.179425 -0.204676
v -0.173894 0.177912 -0.198919
v -0.180318 0.168358 -0.191170
v -0.173313 0.169157 -0.183744
v -0.186239 0.173366 -0.207205
v -0.177835 0.156250 -0.186860
v -0.187688 0.180771 -0.219548
v -0.187818 0.190592 -0.227492
v -0.180800 0.161090 -0.202216
v -0.176861 0.153054 -0.187541
v -0.231365 0.069739 -0.083032
v -0.245593 0.074493 -0.081770
v -0.237033 0.065972 -0.081558
v -0.230778 0.060142 -0.083803
v -0.252851 0.075411 -0.084191
v -0.247100 0.065587 -0.085680
v -0.232570 0.057923 -0.088425
v -0.251694 0.073303 -0.087196
v 0.065604 0.261899 -0.089377
v 0.065856 0.250783 -0.091858
v 0.058812 0.256467 -0.097207
v 0.073680 0.256545 -0.082716
v 0.065075 0.239338 -0.095651
v 0.080269 0.269543 -0.079251
v 0.064321 0.272685 -0.088207
v 0.082712 0.248684 -0.077937
v 0.062021 0.266875 -0.096233
v 0.073075 0.244651 -0.080028
v 0.081772 0.357204 0.126413
v 0.077970 0.346219 0.108960
v 0.078439 0.342242 0.113446
v 0.085445 0.367491 0.131568
v 0.087939 0.366603 0.135834
v 0.087274 0.351767 0.105882
v 0.089267 0.358524 0.116017
v -0.091232 -0.301796 -0.186659
v -0.099525 -0.296530 -0.165765
v -0.091972 -0.296692 -0.171447
v -0.083529 -0.296353 -0.168886
v -0.087079 -0.301004 -0.175755
v 0.024109 0.448486 0.056091
v 0.019529 0.447069 0.050089
v 0.025830 0.444015 0.055183
v 0.019432 0.436461 0.047828
v 0.024345 0.451600 0.056406
v 0.025131 0.450439 0.057129
v 0.022275 0.433672 0.045964
v 0.028952 0.430991 0.051267
v 0.020850 0.427034 0.042224
v 0.031105 0.425239 0.043772
v 0.020575 0.454809 0.059823
v 0.013238 0.455960 0.054372
v 0.009990 0.454629 0.053049
v 0.005600 0.461289 0.056711
v 0.025681 0.448730 0.056152
v 0.009504 0.459994 0.062088
v 0.017993 0.456194 0.064105
v 0.017420 0.463713 0.068969
v 0.015886 0.469454 0.073012
v 0.024867 0.426153 0.037607
v 0.032879 0.430581 0.048237
v 0.056425 0.402650 0.033977
v 0.048444 0.390581 0.056025
v 0.051143 0.390883 0.060676
v 0.038933 0.378983 0.075923
v 0.042571 0.378887 0.079479
v 0.033189 0.369677 0.089050
v 0.052021 0.397318 0.039500
v 0.036311 0.368426 0.092670
v 0.035806 0.356914 0.097869
v 0.059819 0.401282 0.034581
v 0.060205 0.407922 0.018707
v -0.131204 -0.445632 -0.184056
v -0.125083 -0.442219 -0.172684
v -0.125644 -0.446320 -0.174612
v -0.127996 -0.451606 -0.182823
v -0.133545 -0.447998 -0.189575
v -0.134277 -0.448242 -0.190430
v -0.127077 -0.454375 -0.160449
v -0.129313 -0.455561 -0.165790
v -0.120095 -0.444689 -0.165015
v -0.122256 -0.438450 -0.168328
v 0.175440 -0.432664 0.024492
v 0.162979 -0.432608 0.027875
v 0.172028 -0.435606 0.031396
v 0.191401 -0.435343 0.021712
v 0.158067 -0.427960 0.035995
v 0.160950 -0.430753 0.040327
v -0.033051 0.476032 0.059515
v -0.028856 0.479210 0.067785
v -0.036227 0.474682 0.069167
v -0.032248 0.477421 0.072799
v -0.039769 0.476003 0.061860
v -0.035129 0.478998 0.059440
v -0.042226 0.470638 0.058723
v -0.031245 0.470243 0.052945
v -0.039769 0.476003 0.061860
v 0.062021 0.266875 -0.096233
v 0.058812 0.256467 -0.097207
v 0.064587 0.255616 -0.100771
v 0.067896 0.270807 -0.097478
v 0.065075 0.239338 -0.095651
v 0.131857 0.349511 -0.002130
v 0.141731 0.340021 -0.007646
v 0.137913 0.333302 -0.011039
v 0.144380 0.321574 -0.010494
v -0.177861 0.004215 -0.034976
v -0.176980 0.008537 -0.023413
v -0.186516 0.002199 -0.031301
v -0.184387 0.004595 -0.020465
v -0.184300 -0.004378 -0.039303
v -0.183640 0.013645 -0.013616
v -0.197851 0.002087 -0.037782
v -0.192529 -0.004687 -0.040751
v -0.191836 0.008650 -0.023523
v -0.195793 0.019109 -0.022865
v -0.187236 0.020332 -0.013220
v -0.200501 0.034884 -0.023968
v -0.204099 0.037158 -0.027553
v -0.191667 0.012729 -0.033010
v -0.201799 0.008600 -0.042893
v -0.194875 0.020710 -0.036006
v -0.200494 0.027753 -0.039035
v -0.197747 0.019216 -0.044082
v -0.212194 0.033677 -0.040257
v -0.217704 0.036589 -0.041856
v -0.226959 0.022013 -0.053609
v -0.229891 0.003519 -0.059676
v -0.227183 0.003726 -0.052177
v -0.230165 0.019201 -0.067762
v -0.226248 0.001503 -0.040103
v -0.223839 0.018532 -0.040037
v -0.225757 0.031024 -0.062762
v -0.226437 0.035338 -0.082348
v -0.223798 0.040538 -0.074004
v -0.229783 0.017379 -0.081494
v -0.227059 0.029957 -0.090078
v -0.217025 0.047155 -0.062509
v -0.225331 0.028714 -0.099051
v -0.228064 0.003290 -0.082606
v -0.224034 -0.008776 -0.042876
v -0.224771 0.003814 -0.094745
v -0.221643 -0.011820 -0.052454
v -0.224675 -0.008731 -0.061136
v -0.221365 0.026607 -0.107322
v -0.222433 -0.008048 -0.084964
v -0.214028 -0.017070 -0.096150
v -0.214605 -0.019494 -0.083493
v -0.217959 -0.000804 -0.102102
v -0.215441 -0.019850 -0.053789
v -0.214849 -0.019805 -0.042705
v -0.215558 -0.010384 -0.034905
v -0.209700 0.053171 -0.060236
v -0.201938 0.050939 -0.040797
v -0.196851 0.043877 -0.029092
v -0.204856 0.055667 -0.059765
v -0.191053 0.035911 -0.022122
v -0.057036 0.430271 0.005735
v -0.051911 0.425104 0.010703
v -0.058532 0.423675 0.013363
v -0.065131 0.433132 0.015926
v -0.061032 0.428695 0.019609
v -0.087079 -0.301004 -0.175755
v -0.083455 -0.307967 -0.169723
v -0.091088 -0.305830 -0.186706
v -0.091232 -0.301796 -0.186659
v -0.083529 -0.296353 -0.168886
v -0.093339 0.146550 -0.070705
v -0.093109 0.145059 -0.063664
v -0.087611 0.133176 -0.066201
v -0.086969 0.131505 -0.073603
v -0.084243 0.130171 -0.064960
v -0.080189 0.126698 -0.072542
v -0.085722 0.127414 -0.080158
v -0.093972 0.141784 -0.074361
v -0.071132 0.120882 -0.082124
v -0.078010 0.121787 -0.097263
v -0.069269 0.116645 -0.090882
v -0.098257 0.147297 -0.067724
v -0.088967 0.125919 -0.059994
v -0.085974 0.120709 -0.100759
v 0.173373 -0.475351 0.048485
v 0.163897 -0.473726 0.041321
v 0.165941 -0.471788 0.054187
v 0.173962 -0.481957 0.042001
v 0.175901 -0.491650 0.044707
v 0.160384 -0.496147 0.039565
v 0.125466 0.326206 -0.004996
v 0.119962 0.338123 0.013454
v 0.126452 0.334301 0.009397
v 0.130589 0.328949 0.001127
v 0.107239 0.342606 0.010046
v 0.104814 0.351992 0.024674
v 0.132360 0.323237 -0.004180
v 0.096250 0.355100 0.017156
v 0.110263 0.336504 -0.004346
v 0.108360 0.331226 -0.018740
v 0.096944 0.346624 -0.000964
v 0.092139 0.340823 -0.022156
v 0.095550 0.358979 0.032006
v 0.096075 0.332421 -0.029579
v 0.082290 0.361943 0.002510
v 0.081607 0.367206 0.018544
v 0.082043 0.354570 -0.020843
v 0.080599 0.351138 -0.038465
v 0.088008 0.342501 -0.034646
v 0.125074 0.314982 -0.015533
v 0.129699 0.319922 -0.006825
v 0.076628 0.350376 -0.046739
v 0.087657 0.362490 0.036019
v 0.079554 0.368543 0.023395
v 0.114874 0.347013 0.021349
v 0.092961 0.369136 0.039841
v 0.162699 -0.445528 0.037919
v 0.176689 -0.440124 0.027277
v 0.172028 -0.435606 0.031396
v 0.191401 -0.435343 0.021712
v 0.163934 -0.440022 0.041874
v 0.160950 -0.430753 0.040327
v -0.018086 0.474377 0.071529
v -0.018106 0.476364 0.081752
v -0.022493 0.474362 0.076332
v -0.008864 0.479350 0.083066
v -0.017211 0.458467 0.067149
v -0.011426 0.464863 0.065634
v -0.009576 0.468291 0.072168
v -0.009103 0.458489 0.069792
v -0.009407 0.452485 0.060785
v -0.014021 0.463483 0.060860
v -0.007830 0.474328 0.084009
v -0.006899 0.497903 0.060997
v -0.003923 0.496084 0.051041
v -0.006523 0.486009 0.054374
v -0.210418 0.176465 -0.150269
v -0.199051 0.167264 -0.151245
v -0.212793 0.171171 -0.153623
v -0.196714 0.173533 -0.146849
v -0.224716 0.180438 -0.150895
v -0.198328 0.173611 -0.142920
v -0.183634 0.179788 -0.220203
v -0.172465 0.161756 -0.206348
v -0.173814 0.155819 -0.202404
v -0.162141 0.152302 -0.195568
v -0.170956 0.149664 -0.192386
v -0.187688 0.180771 -0.219548
v -0.187818 0.190592 -0.227492
v -0.180800 0.161090 -0.202216
v -0.176861 0.153054 -0.187541
v -0.186239 0.173366 -0.207205
v -0.069685 -0.389390 -0.178241
v -0.070965 -0.395926 -0.170738
v -0.080997 -0.400388 -0.173232
v -0.069426 -0.395250 -0.164194
v -0.055166 -0.393087 -0.176360
v -0.056825 -0.388996 -0.183932
v -0.042131 -0.392624 -0.187144
v -0.040702 -0.388545 -0.193581
v -0.031374 -0.392676 -0.197301
v 0.247772 0.202541 0.073027
v 0.228606 0.193506 0.078401
v 0.245843 0.198148 0.078010
v 0.225156 0.180563 0.083369
v 0.211378 0.185036 0.082082
v 0.209041 0.177297 0.085836
v 0.205014 0.186961 0.084835
v 0.249718 0.200173 0.072984
v 0.061998 0.343385 0.078442
v 0.048543 0.343304 0.071479
v 0.048004 0.339321 0.073123
v 0.056397 0.350508 0.066971
v 0.068240 0.347233 0.072274
v 0.074259 0.359376 0.051743
v 0.079495 0.352675 0.065513
v 0.081058 0.356854 0.057809
v 0.085127 0.358400 0.053315
v 0.084101 0.360352 0.047620
v 0.073652 0.365509 0.039643
v 0.054425 0.340361 0.082945
v 0.065642 0.361952 0.052766
v 0.087657 0.362490 0.036019
v 0.079554 0.368543 0.023395
v 0.069804 0.348845 0.075356
v -0.149736 0.315374 -0.205541
v -0.146352 0.310120 -0.192956
v -0.138431 0.311476 -0.192033
v -0.139195 0.305077 -0.183079
v -0.134799 0.303245 -0.170200
v -0.127457 0.304777 -0.167284
v -0.136651 0.295847 -0.164599
v -0.132947 0.305182 -0.164795
v 0.074283 0.000958 0.144029
v 0.081705 0.002022 0.142066
v 0.080419 -0.011199 0.148226
v 0.072395 -0.004290 0.154058
v 0.100696 0.003137 0.141980
v 0.099948 -0.001039 0.134285
v 0.095167 -0.000073 0.150827
v 0.097454 -0.017759 0.135556
v 0.093364 -0.013798 0.143103
v 0.093841 -0.023215 0.143054
v 0.106711 -0.016236 0.130697
v 0.083375 -0.005361 0.147552
v 0.106171 -0.024664 0.133448
v 0.117072 -0.018769 0.127727
v 0.083142 -0.021827 0.154778
v 0.073760 -0.012175 0.155447
v 0.112149 -0.006563 0.134302
v 0.091765 -0.027739 0.152754
v 0.125902 -0.022824 0.130116
v 0.133053 -0.010616 0.124471
v 0.076181 -0.018068 0.162840
v 0.108757 -0.027892 0.137546
v 0.127730 -0.026432 0.135804
v 0.098694 -0.026617 0.151271
v -0.237520 0.075813 -0.088445
v -0.245593 0.074493 -0.081770
v -0.231365 0.069739 -0.083032
v -0.227288 0.070186 -0.086779
v -0.252851 0.075411 -0.084191
v -0.230778 0.060142 -0.083803
v 0.110826 0.059101 0.162505
v 0.112256 0.053310 0.155692
v 0.117391 0.055745 0.169326
v 0.117345 0.049304 0.160673
v 0.103331 0.056410 0.148212
v 0.098205 0.063252 0.144690
v 0.095883 0.056950 0.138215
v 0.123976 0.053399 0.170283
v 0.129456 0.043114 0.173690
v 0.124368 0.041389 0.165103
v -0.217606 0.141674 -0.163748
v -0.225356 0.143231 -0.182786
v -0.228791 0.140702 -0.179276
v -0.233112 0.141836 -0.192853
v -0.217663 0.139979 -0.181369
v -0.210290 0.143234 -0.163570
v -0.215005 0.143856 -0.155189
v -0.204858 0.150077 -0.156517
v -0.210722 0.143145 -0.146223
v -0.202260 0.136222 -0.169799
v -0.199184 0.135475 -0.168675
v -0.214998 0.135340 -0.179644
v -0.231748 0.138291 -0.191559
v -0.191003 -0.493692 -0.059258
v -0.186466 -0.488455 -0.068558
v -0.185260 -0.496721 -0.071960
v -0.194121 -0.486775 -0.054951
v -0.189381 -0.496658 -0.079765
v -0.189708 -0.488684 -0.077749
v -0.190666 -0.485253 -0.086560
v -0.025350 -0.273144 -0.190698
v -0.022681 -0.276121 -0.185183
v -0.032166 -0.280953 -0.169755
v -0.036040 -0.275256 -0.173350
v -0.045302 -0.279336 -0.160997
v -0.039935 -0.282770 -0.158345
v -0.034003 -0.281872 -0.151884
v 0.094675 0.006873 0.154137
v 0.096607 0.002868 0.137650
v 0.095167 -0.000073 0.150827
v 0.148787 -0.224824 0.091986
v 0.139254 -0.230147 0.093922
v 0.146662 -0.228675 0.100515
v 0.156960 -0.222508 0.099092
v 0.143490 -0.226933 0.084982
v 0.165762 -0.225414 0.105248
v 0.179840 -0.222634 0.103936
v 0.171621 -0.223726 0.098165
v 0.158230 -0.231176 0.093966
v 0.171011 -0.229412 0.101596
v 0.157088 -0.234201 0.099349
v 0.147282 -0.242321 0.093231
v 0.171621 -0.223726 0.098165
v 0.179840 -0.222634 0.103936
v 0.150472 -0.240230 0.088400
v 0.174169 0.288743 0.107482
v 0.191327 0.301158 0.111019
v 0.196704 0.301112 0.114988
v 0.200354 0.306983 0.114799
v 0.177873 0.292585 0.104512
v 0.178103 0.297144 0.100878
v 0.176101 0.303273 0.099271
v -0.016280 0.014547 -0.083688
v -0.013923 0.018123 -0.080035
v -0.017303 0.005428 -0.084330
v -0.019681 0.017217 -0.086899
v -0.012005 -0.000797 -0.085135
v -0.067532 0.072733 -0.092034
v -0.064857 0.055298 -0.088837
v -0.068683 0.055084 -0.086060
v -0.059167 0.040583 -0.089443
v -0.048108 0.053866 -0.095171
v -0.069887 0.033134 -0.086287
v -0.059193 0.015693 -0.090197
v -0.038571 0.037622 -0.092783
v -0.036375 0.050294 -0.096640
v -0.043692 0.015955 -0.090927
v -0.047300 -0.001675 -0.092443
v -0.073261 0.005335 -0.091379
v -0.027913 0.015444 -0.089977
v -0.035989 -0.026101 -0.096209
v -0.020243 -0.007651 -0.092129
v -0.054486 -0.016995 -0.096895
v -0.059815 -0.053989 -0.101306
v -0.069751 -0.011077 -0.098112
v -0.077241 -0.029688 -0.100305
v -0.080816 -0.053281 -0.102334
v -0.089426 -0.079278 -0.104880
v -0.064577 -0.080928 -0.105269
v -0.098562 -0.028533 -0.099584
v -0.042695 -0.068917 -0.100234
v -0.073660 -0.103754 -0.110301
v -0.056909 -0.099753 -0.108065
v -0.092785 -0.102310 -0.109330
v -0.069878 -0.121087 -0.114501
v -0.089954 -0.126380 -0.115411
v -0.074389 -0.147973 -0.119862
v -0.095192 -0.147572 -0.118014
v -0.059173 -0.131006 -0.114027
v -0.102935 0.000836 -0.103036
v -0.078278 -0.000305 -0.099114
v -0.103701 -0.013925 -0.103058
v -0.099084 -0.060886 -0.100940
v -0.048095 -0.147821 -0.112353
v -0.112843 -0.087997 -0.102374
v -0.117089 -0.101984 -0.104690
v -0.123008 -0.014026 -0.100596
v -0.119116 -0.026917 -0.101954
v -0.111702 -0.122329 -0.110865
v -0.020714 0.046502 -0.088067
v -0.017329 -0.024403 -0.091286
v -0.026591 -0.039724 -0.094026
v -0.033238 -0.056653 -0.096576
v -0.031695 -0.073702 -0.096722
v -0.015888 0.025110 -0.086629
v -0.041657 -0.117103 -0.104764
v -0.041317 -0.124834 -0.106432
v -0.090266 0.005848 -0.098618
v -0.100795 0.017074 -0.096901
v -0.113991 0.005271 -0.099601
v -0.113818 -0.025095 -0.101778
v -0.108100 -0.043969 -0.097408
v -0.117271 -0.059180 -0.103425
v -0.122085 -0.058698 -0.103232
v -0.133293 -0.095015 -0.104643
v -0.110255 -0.070577 -0.099694
v -0.106834 0.012201 -0.097647
v 0.002501 0.028722 -0.080605
v -0.002977 0.041754 -0.079289
v -0.113848 -0.151778 -0.111880
v -0.001950 -0.001049 -0.082647
v -0.019598 0.066340 -0.084059
v -0.077893 -0.157120 -0.116565
v -0.098762 -0.159822 -0.113578
v -0.077892 -0.177928 -0.116672
v -0.101641 -0.187146 -0.115120
v -0.086153 -0.186646 -0.116009
v -0.057861 -0.160731 -0.110731
v -0.059427 -0.179225 -0.110086
v -0.120625 -0.183913 -0.107536
v -0.119954 -0.197237 -0.113361
v -0.115792 -0.162501 -0.106565
v 0.001937 0.079169 -0.068524
v -0.020774 0.080341 -0.080299
v 0.001868 0.005850 -0.079367
v -0.001607 0.019813 -0.079494
v 0.004680 0.002864 -0.080277
v -0.003652 -0.019950 -0.082407
v -0.043484 -0.138670 -0.108737
v -0.035156 0.081087 -0.089278
v -0.029624 0.051025 -0.093419
v -0.031368 -0.098709 -0.097288
v -0.033404 0.093124 -0.089892
v -0.002978 0.092510 -0.077104
v -0.008109 0.104967 -0.079403
v -0.019477 0.128111 -0.079884
v -0.000998 0.129643 -0.073843
v 0.005398 0.130674 -0.070801
v -0.023371 0.144768 -0.084765
v -0.039433 0.126451 -0.087927
v -0.039922 0.138285 -0.088032
v -0.033913 0.109224 -0.089285
v -0.057810 0.132575 -0.084478
v -0.055135 0.118241 -0.088177
v -0.048267 0.148031 -0.088437
v 0.009767 0.109146 -0.069254
v -0.044956 0.114645 -0.091914
v -0.035735 0.110100 -0.091966
v 0.004026 0.154594 -0.081304
v -0.036210 0.151751 -0.092110
v 0.022029 0.124577 -0.059876
v -0.066964 -0.187536 -0.109143
v -0.072939 -0.191161 -0.112988
v -0.067181 0.142285 -0.080783
v 0.016487 0.089129 -0.062874
v 0.021604 0.088752 -0.059586
v -0.072349 0.125294 -0.078074
v -0.031471 0.059011 -0.095867
v -0.055335 0.157376 -0.090864
v 0.017033 0.130378 -0.061206
v 0.029244 0.127395 -0.053951
v 0.042872 0.138689 -0.047900
v 0.042711 0.127316 -0.045820
v 0.050570 0.155499 -0.047000
v 0.016311 0.155509 -0.072088
v 0.035725 0.155393 -0.058865
v -0.065923 -0.194604 -0.106171
v 0.013468 0.008241 -0.071140
v 0.014650 0.063497 -0.057621
v 0.021135 0.080525 -0.052494
v 0.025832 0.043691 -0.049237
v 0.031873 0.080119 -0.045557
v 0.046379 0.044163 -0.040342
v 0.044304 0.078358 -0.040654
v 0.031889 0.031528 -0.049682
v 0.026651 0.018110 -0.054356
v 0.048765 0.024153 -0.047193
v 0.050426 0.001733 -0.039389
v 0.034777 0.001788 -0.045440
v 0.042769 0.083063 -0.042997
v 0.015532 0.040299 -0.058413
v 0.025948 0.009809 -0.053942
v 0.038265 -0.020479 -0.033327
v 0.052215 -0.018926 -0.030535
v 0.052838 -0.047987 -0.019058
v 0.021894 -0.008529 -0.047703
v 0.021653 0.018531 -0.059257
v -0.024941 -0.069116 -0.089100
v -0.026454 -0.062016 -0.089443
v -0.022670 -0.044929 -0.085452
v -0.015211 -0.033499 -0.082707
v 0.012905 -0.004663 -0.069120
v 0.004550 -0.018512 -0.072370
v -0.031927 -0.089973 -0.095046
v -0.032939 -0.122851 -0.091496
v -0.092361 0.011968 -0.094804
v -0.023992 -0.121427 -0.079834
v -0.050003 -0.169085 -0.097956
v -0.042019 -0.155981 -0.101056
v -0.020246 -0.095774 -0.081797
v -0.023282 -0.091341 -0.081426
v -0.034102 0.093332 -0.094112
v -0.029618 -0.133359 -0.080082
v -0.066779 0.160170 -0.087848
v -0.055943 -0.189663 -0.097332
v -0.062617 -0.199924 -0.094113
v -0.013847 -0.104994 -0.067508
v -0.017920 -0.065606 -0.072490
v -0.012729 -0.044870 -0.064982
v -0.071132 0.120882 -0.082124
v -0.019488 -0.126744 -0.068076
v -0.029320 -0.145190 -0.067022
v -0.035225 0.075691 -0.093077
v -0.040042 -0.169762 -0.083105
v -0.018127 -0.095895 -0.066655
v -0.006049 -0.032954 -0.064747
v -0.047044 -0.179708 -0.079776
v -0.090458 0.010939 -0.084258
v -0.084843 0.016677 -0.082603
v -0.080261 0.034193 -0.078505
v -0.093316 0.058096 -0.064148
v -0.080189 0.126698 -0.072542
v -0.079928 0.054693 -0.076630
v -0.099582 0.029411 -0.065730
v -0.084243 0.130171 -0.064960
v -0.096177 0.054687 -0.062023
v 0.117272 -0.489894 0.156401
v 0.123305 -0.496523 0.156883
v 0.110078 -0.497226 0.157512
v 0.109272 -0.485813 0.154084
v 0.125365 -0.488879 0.152302
v 0.000330 0.475064 0.068115
v 0.009618 0.473000 0.079127
v 0.002300 0.474827 0.080055
v -0.002857 0.478038 0.079118
v -0.005844 0.474500 0.068626
v -0.002850 0.468086 0.059658
v 0.015886 0.469454 0.073012
v 0.005333 0.466401 0.068478
v 0.003707 0.457377 0.066902
v -0.000512 0.457636 0.060063
v -0.006899 0.455097 0.059557
v 0.003427 0.456903 0.058483
v 0.009990 0.454629 0.053049
v -0.011242 0.483955 0.069279
v -0.018915 0.494883 0.067244
v -0.018104 0.488686 0.074273
v -0.015626 0.493060 0.063992
v -0.014497 0.482205 0.074763
v -0.018168 0.480960 0.076596
v -0.015626 0.493060 0.063992
v -0.019980 0.495933 0.055630
v -0.019791 0.485609 0.058412
v -0.016749 0.498454 0.055917
v -0.006899 0.497903 0.060997
v -0.008892 0.494489 0.068532
v -0.011242 0.483955 0.069279
v -0.008594 0.484358 0.075590
v -0.014497 0.482205 0.074763
v -0.008864 0.479350 0.083066
v -0.018168 0.480960 0.076596
v -0.014378 0.500251 0.035409
v -0.019248 0.491860 0.034287
v -0.011725 0.492820 0.041862
v -0.016652 0.497651 0.027500
v -0.009424 0.497072 -0.023761
v -0.003896 0.491790 -0.020647
v -0.002898 0.489231 -0.030892
v -0.010844 0.493454 -0.032850
v -0.003300 0.498328 -0.016927
v -0.011409 0.484514 -0.037470
v -0.009997 0.478223 -0.045307
v -0.002635 0.477474 -0.045918
v -0.011856 0.499294 -0.012597
v 0.047521 0.346250 0.079347
v 0.051369 0.349386 0.080261
v 0.054425 0.340361 0.082945
v 0.060802 0.349691 0.080940
v 0.061998 0.343385 0.078442
v 0.069804 0.348845 0.075356
v 0.069368 0.356133 0.078861
v 0.076736 0.361447 0.072063
v 0.079495 0.352675 0.065513
v -0.204137 -0.472526 -0.055168
v -0.201720 -0.473230 -0.047138
v -0.202529 -0.483187 -0.054151
v -0.198242 -0.483408 -0.047778
v -0.200954 -0.464994 -0.058008
v -0.220959 -0.458489 -0.070454
v -0.217455 -0.480265 -0.062839
v -0.221164 -0.490819 -0.069996
v -0.216433 -0.455841 -0.062804
v -0.217850 -0.493028 -0.059630
v -0.213145 -0.473533 -0.060812
v -0.217301 -0.452592 -0.069932
v -0.224998 -0.493750 -0.072957
v -0.202971 -0.494711 -0.054595
v -0.042226 0.470638 0.058723
v -0.040905 0.471070 0.048313
v -0.039843 0.465810 0.055136
v -0.047126 0.477322 0.055717
v -0.047516 0.476138 0.042511
v -0.050214 0.479925 0.047238
v -0.050929 0.480581 0.038211
v -0.033626 0.470273 0.048528
v -0.163941 0.276323 -0.036023
v -0.165560 0.254772 -0.044903
v -0.161858 0.253882 -0.044794
v -0.159033 0.278078 -0.036692
v -0.156044 0.299031 -0.028471
v -0.160320 0.297078 -0.028919
v -0.154225 0.313459 -0.023480
v 0.108324 -0.488512 0.147260
v 0.110078 -0.497226 0.157512
v 0.106566 -0.496433 0.149906
v 0.109272 -0.485813 0.154084
v 0.112770 -0.492882 0.140612
v -0.023821 0.496077 0.062619
v -0.015626 0.493060 0.063992
v -0.019791 0.485609 0.058412
v -0.018915 0.494883 0.067244
v 0.184348 0.305264 0.112597
v 0.200354 0.306983 0.114799
v 0.191327 0.301158 0.111019
v 0.176101 0.303273 0.099271
v 0.170805 0.305734 0.104537
v 0.166183 0.303339 0.109869
v 0.181274 0.301204 0.116429
v 0.117636 0.069281 0.071604
v 0.120985 0.081488 0.088681
v 0.124585 0.079294 0.085789
v 0.127894 0.064478 0.090693
v -0.003923 0.496084 0.051041
v -0.011375 0.496174 0.050281
v -0.011680 0.486194 0.054418
v -0.006523 0.486009 0.054374
v -0.016749 0.498454 0.055917
v -0.148787 0.315746 -0.056858
v -0.151183 0.321145 -0.057285
v -0.155202 0.296606 -0.060769
v -0.151662 0.300425 -0.059705
v -0.135041 0.268872 -0.046517
v -0.139147 0.235102 -0.051946
v -0.128803 0.248886 -0.044884
v -0.122472 0.267586 -0.040001
v -0.136246 0.221467 -0.052350
v -0.124418 0.291979 -0.035089
v -0.136005 0.297680 -0.042798
v -0.132229 0.311672 -0.040990
v -0.121041 0.310115 -0.033900
v -0.140476 0.202470 -0.059768
v -0.147984 0.186548 -0.069007
v -0.159813 0.192740 -0.077739
v -0.147745 0.244215 -0.060024
v -0.152755 0.216019 -0.068632
v -0.153002 0.177976 -0.076850
v -0.146422 0.274592 -0.059940
v -0.166037 0.194279 -0.080376
v -0.161207 0.176586 -0.087989
v -0.133496 0.321656 -0.046484
v -0.170486 0.192006 -0.092519
v -0.168521 0.177362 -0.101915
v -0.113069 0.308211 -0.008897
v -0.143704 0.329130 -0.060580
v -0.154686 0.170278 -0.086833
v -0.164457 0.163591 -0.110724
v -0.121169 0.245002 -0.044166
v -0.118651 0.233845 -0.048085
v -0.152857 0.157434 -0.106171
v -0.160141 0.157727 -0.107659
v -0.139278 0.152682 -0.104821
v -0.143602 0.148102 -0.105349
v -0.134881 0.144946 -0.103825
v -0.119427 0.255079 -0.042428
v -0.158906 0.272302 -0.085984
v -0.160492 0.265257 -0.095993
v -0.157645 0.262930 -0.087393
v -0.164610 0.255165 -0.113015
v -0.160309 0.242049 -0.089620
v -0.151510 0.264423 -0.071214
v -0.156077 0.232882 -0.080271
v -0.156271 0.281170 -0.078995
v -0.153259 0.288053 -0.068986
v -0.161707 0.232273 -0.088991
v -0.171870 0.237932 -0.115202
v -0.161822 0.269854 -0.115730
v -0.174384 0.205664 -0.096109
v -0.178752 0.213553 -0.116085
v -0.169535 0.203355 -0.085685
v -0.174920 0.186200 -0.114309
v -0.161523 0.268611 -0.091501
v -0.170916 0.174437 -0.120273
v -0.176931 0.210623 -0.123319
v -0.169531 0.182915 -0.128873
v -0.184758 0.170121 -0.135297
v -0.175367 0.170045 -0.120433
v -0.179941 0.175331 -0.142962
v -0.173703 0.182241 -0.148766
v -0.166670 0.189773 -0.144597
v -0.164985 0.195256 -0.137223
v -0.161747 0.200814 -0.142583
v -0.172700 0.214593 -0.137063
v -0.167249 0.184556 -0.155483
v -0.190580 0.163821 -0.125676
v -0.194714 0.157757 -0.115230
v -0.147854 0.201901 -0.155228
v -0.160318 0.184693 -0.162086
v -0.053597 -0.477340 -0.132000
v -0.053026 -0.497316 -0.128910
v -0.055173 -0.497182 -0.132609
v 0.042209 -0.223680 0.173362
v 0.046671 -0.210960 0.150389
v 0.039438 -0.224957 0.172475
v 0.047241 -0.216507 0.161683
v 0.056341 -0.211211 0.154480
v 0.051326 -0.221727 0.162458
v -0.153810 0.269072 -0.131320
v -0.155067 0.262028 -0.143662
v -0.154923 0.262809 -0.130597
v -0.150502 0.268117 -0.139048
v 0.000785 0.495228 0.066534
v 0.005787 0.488451 0.068574
v -0.002387 0.487891 0.060605
v -0.019681 0.017217 -0.086899
v -0.001607 0.019813 -0.079494
v -0.013923 0.018123 -0.080035
v 0.002501 0.028722 -0.080605
v -0.136389 -0.269604 -0.069186
v -0.127601 -0.271978 -0.062664
v -0.140048 -0.267333 -0.063277
v -0.121461 -0.265877 -0.053382
v -0.146617 -0.246777 -0.049936
v -0.126106 -0.241084 -0.033296
v -0.151269 -0.234470 -0.040944
v -0.131877 -0.224304 -0.022303
v -0.158393 -0.221327 -0.035150
v -0.139050 -0.206617 -0.012983
v -0.152343 -0.203919 -0.019124
v -0.170984 -0.207416 -0.034581
v -0.158894 -0.227795 -0.042530
v -0.167326 -0.221239 -0.037353
v -0.117239 -0.233313 -0.030668
v -0.107219 -0.251908 -0.046575
v -0.102617 -0.239822 -0.039561
v -0.105051 -0.263447 -0.055483
v -0.104264 -0.235625 -0.036073
v -0.103332 -0.266415 -0.059726
v -0.103658 -0.211116 -0.026166
v -0.111280 -0.196247 -0.018172
v -0.100909 -0.217817 -0.031199
v -0.099728 -0.227321 -0.033025
v -0.133989 -0.183597 -0.009847
v -0.114590 -0.188025 -0.014854
v -0.116987 -0.174863 -0.012895
v -0.096989 -0.253901 -0.054807
v -0.095735 -0.239702 -0.045295
v -0.109789 -0.194260 -0.018685
v -0.092400 -0.230137 -0.028347
v -0.129409 -0.163703 -0.013544
v -0.105380 -0.203782 -0.025483
v -0.123436 -0.165792 -0.014141
v -0.151094 -0.182924 -0.017186
v -0.158835 -0.170542 -0.026868
v -0.164295 -0.185449 -0.026858
v -0.171129 -0.169640 -0.041039
v -0.172333 -0.186117 -0.036200
v -0.164583 -0.157943 -0.043118
v -0.146577 -0.156146 -0.026684
v -0.136849 -0.159995 -0.018335
v -0.155162 -0.150406 -0.040504
v -0.161191 -0.144995 -0.055159
v -0.176550 -0.168200 -0.052564
v -0.179624 -0.184602 -0.052980
v -0.171838 -0.204632 -0.037237
v 0.181219 -0.381734 0.007165
v 0.171898 -0.379589 0.017804
v 0.174843 -0.379599 0.021803
v 0.165749 -0.381593 0.036781
v 0.170746 -0.387287 0.040459
v 0.165799 -0.389824 0.051422
v 0.173647 -0.390097 0.032905
v 0.167524 -0.399896 0.045942
v 0.178019 -0.389337 0.012401
v 0.165799 -0.389824 0.051422
v 0.162871 -0.388142 0.042576
v 0.160084 -0.395565 0.050610
v 0.165749 -0.381593 0.036781
v 0.156925 -0.397622 0.053445
v 0.164538 -0.397265 0.057299
v 0.165872 -0.385971 0.028485
v 0.171898 -0.379589 0.017804
v 0.065133 0.091732 -0.019338
v 0.071930 0.096300 -0.004085
v 0.064250 0.095477 -0.010679
v 0.061448 0.093924 -0.015527
v 0.067372 0.094766 -0.001408
v 0.071311 0.089700 0.008892
v 0.066656 0.093821 -0.026679
v 0.064197 0.090246 -0.029908
v 0.056800 0.082764 -0.028023
v 0.057848 0.083061 -0.021073
v 0.065175 0.082390 -0.004416
v 0.067528 0.080465 0.002108
v 0.058324 -0.002929 -0.030552
v 0.066148 0.005269 -0.022557
v 0.073622 -0.034127 -0.007526
v 0.084724 0.002147 0.023162
v 0.086579 -0.004072 0.033220
v 0.089037 -0.015966 0.028173
v 0.081020 0.016921 0.030744
v 0.084491 -0.014729 0.011676
v 0.092743 -0.029091 0.035513
v 0.076376 0.012876 0.013522
v 0.075809 -0.002333 0.002311
v 0.069494 0.021638 -0.008960
v 0.076097 0.025531 0.030376
v 0.069878 0.044029 0.012849
v 0.063902 0.056929 -0.001161
v 0.062418 0.045190 -0.012639
v 0.064260 0.026029 -0.029231
v 0.059706 0.044875 -0.024116
v 0.058285 0.052130 -0.019623
v 0.066719 0.073111 0.017199
v 0.070396 0.050973 0.025869
v 0.068256 0.072304 0.023693
v 0.074071 -0.021413 -0.006180
v 0.081605 -0.029837 0.002583
v 0.087991 -0.053247 0.021794
v 0.095326 -0.072119 0.037868
v 0.090755 -0.087344 0.021702
v 0.101214 -0.095717 0.043587
v 0.099239 -0.112114 0.029914
v 0.110383 -0.144947 0.041069
v 0.081769 -0.063724 0.006497
v 0.086810 -0.098464 0.011196
v 0.095898 -0.123179 0.020915
v 0.080792 -0.040113 0.003682
v 0.102100 -0.147285 0.027440
v 0.060551 0.064466 -0.014380
v 0.046379 0.044163 -0.040342
v 0.056721 0.025013 -0.039101
v 0.105294 -0.049421 0.048286
v 0.044304 0.078358 -0.040654
v 0.042769 0.083063 -0.042997
v 0.066637 -0.046341 -0.009998
v 0.048765 0.024153 -0.047193
v 0.067939 -0.073844 -0.005558
v 0.074066 -0.093821 -0.000052
v 0.082711 -0.130276 0.005917
v 0.075019 0.092488 0.017929
v 0.067020 -0.125069 -0.007036
v 0.050426 0.001733 -0.039389
v 0.065043 -0.039556 -0.014655
v 0.052215 -0.018926 -0.030535
v 0.098666 -0.025636 0.039536
v 0.104284 -0.023059 0.046948
v 0.103248 -0.016090 0.038125
v 0.049112 -0.125660 -0.018578
v 0.098932 -0.019778 0.030204
v 0.051815 -0.062267 -0.017400
v 0.052838 -0.047987 -0.019058
v 0.051627 -0.096422 -0.011819
v 0.046710 0.088652 -0.042923
v 0.072087 0.123607 0.003197
v 0.070273 0.127199 -0.008816
v 0.066710 0.127961 -0.020855
v 0.045664 0.124457 -0.044426
v 0.072220 0.150421 -0.019182
v 0.068025 0.153362 -0.027422
v 0.073418 0.139922 0.002440
v 0.050570 0.155499 -0.047000
v 0.046567 0.107191 -0.043954
v 0.042711 0.127316 -0.045820
v 0.053108 0.088258 -0.037360
v 0.076378 0.151404 0.001612
v 0.072853 0.115167 0.015697
v 0.071494 0.127881 0.025059
v 0.074216 0.146581 0.022373
v 0.070627 -0.135084 0.000564
v 0.078995 -0.168002 0.010767
v 0.090301 -0.159300 0.016644
v 0.100697 -0.185954 0.038195
v 0.106518 -0.164649 0.039751
v 0.105432 -0.178096 0.044731
v 0.085211 -0.177037 0.018629
v 0.088984 -0.194140 0.029960
v 0.088576 -0.198889 0.029132
v 0.104664 -0.198232 0.035386
v 0.115049 -0.197157 0.044774
v 0.124938 -0.219832 0.034907
v 0.115745 -0.225049 0.024997
v 0.071923 0.061774 0.025907
v 0.072258 0.055794 0.031121
v 0.070372 0.047476 0.039291
v 0.071046 0.051092 0.041345
v 0.076150 0.105007 0.017693
v 0.076071 0.119521 0.021181
v 0.075138 0.124560 0.026258
v 0.157404 -0.314315 0.053150
v 0.169145 -0.315830 0.057052
v 0.160531 -0.313528 0.060777
v 0.157488 -0.313921 0.063609
v 0.013043 0.325306 -0.104301
v 0.014006 0.338646 -0.116483
v 0.012040 0.323325 -0.108292
v 0.025978 0.325213 -0.131880
v 0.030490 0.326162 -0.148566
v 0.030128 0.320283 -0.137235
v 0.020890 0.340384 -0.147290
v 0.031002 0.327487 -0.159266
v 0.022819 0.344603 -0.158255
v 0.013014 0.360393 -0.144935
v 0.012102 0.360425 -0.133563
v 0.013245 0.354494 -0.127937
v 0.019936 0.338091 -0.126095
v 0.024599 0.318901 -0.120335
v 0.031658 0.309894 -0.143673
v 0.019158 0.361221 -0.157325
v 0.032951 0.331150 -0.164215
v 0.036318 0.315091 -0.127535
v 0.037545 0.309038 -0.133956
v 0.040864 0.297868 -0.125512
v 0.040963 0.296104 -0.134119
v 0.032298 0.304087 -0.114260
v 0.036928 0.286572 -0.115000
v 0.020216 0.312132 -0.112636
v 0.046395 0.296282 -0.127824
v 0.029182 0.318126 -0.167793
v 0.025403 0.307923 -0.161733
v 0.023426 0.300046 -0.174441
v 0.024047 0.293720 -0.157435
v 0.024344 0.294753 -0.166662
v 0.030658 0.293078 -0.145249
v 0.025255 0.374834 -0.152101
v 0.038704 0.381578 -0.156517
v 0.034580 0.359810 -0.167530
v 0.037233 0.393095 -0.143841
v 0.023586 0.380656 -0.139822
v 0.017604 0.372596 -0.141974
v 0.033393 0.347199 -0.167040
v -0.102149 0.123457 -0.193645
v -0.110606 0.128751 -0.191304
v -0.103592 0.127778 -0.185435
v -0.019980 0.495933 0.055630
v -0.017388 0.496536 0.045072
v -0.019669 0.489398 0.047481
v -0.016749 0.498454 0.055917
v -0.003300 0.498328 -0.016927
v 0.000657 0.495100 -0.029276
v -0.003896 0.491790 -0.020647
v -0.002898 0.489231 -0.030892
v 0.002843 0.480489 -0.047420
v -0.002635 0.477474 -0.045918
v 0.001497 0.469801 -0.053655
v -0.003199 0.465107 -0.049777
v 0.001455 0.456815 -0.055009
v -0.053955 0.177124 -0.122559
v -0.052490 0.176025 -0.120728
v -0.059808 0.175372 -0.112518
v -0.058007 0.178382 -0.122527
v -0.046162 0.173570 -0.118022
v -0.055335 0.157376 -0.090864
v -0.066779 0.160170 -0.087848
v -0.036210 0.151751 -0.092110
v -0.034988 0.160079 -0.103798
v -0.035031 0.169814 -0.115487
v -0.066676 0.183182 -0.116251
v -0.020314 0.169284 -0.115423
v -0.013861 0.162264 -0.102913
v -0.000678 0.170318 -0.113769
v -0.010639 0.154400 -0.086786
v 0.000649 0.163302 -0.098933
v 0.004026 0.154594 -0.081304
v -0.023371 0.144768 -0.084765
v 0.015490 0.171716 -0.097925
v 0.016311 0.155509 -0.072088
v 0.034263 0.171080 -0.080065
v 0.035725 0.155393 -0.058865
v 0.062988 0.169618 -0.057212
v 0.050570 0.155499 -0.047000
v 0.080687 0.166354 -0.038778
v 0.068025 0.153362 -0.027422
v 0.087900 0.158163 -0.021343
v 0.072220 0.150421 -0.019182
v 0.098323 0.169127 -0.029993
v 0.076378 0.151404 0.001612
v 0.091871 0.161567 -0.010256
v 0.085862 0.158159 0.008673
v 0.078831 0.151534 0.019335
v -0.062744 0.180908 -0.124634
v 0.074216 0.146581 0.022373
v 0.102274 0.173019 -0.009320
v -0.131754 -0.443356 -0.161218
v -0.132311 -0.454106 -0.158679
v -0.133800 -0.449286 -0.152994
v -0.139589 -0.435789 -0.155331
v -0.141209 -0.448025 -0.147018
v -0.145327 -0.440267 -0.149635
v -0.148071 -0.444253 -0.140512
v -0.154597 -0.435855 -0.146704
v -0.152749 -0.441820 -0.136028
v -0.163261 -0.433033 -0.134391
v -0.158550 -0.439529 -0.128379
v -0.161778 -0.435774 -0.123443
v -0.156213 0.268840 -0.155760
v -0.156510 0.266158 -0.152711
v -0.172716 0.262555 -0.144994
v -0.175466 0.264117 -0.145828
v -0.138225 0.269873 -0.166588
v -0.147609 0.306051 -0.157610
v -0.167000 0.301343 -0.145547
v -0.172893 0.286512 -0.143283
v -0.132166 0.287390 -0.167880
v -0.136651 0.295847 -0.164599
v -0.124955 0.270666 -0.174575
v -0.124566 0.290202 -0.171738
v -0.111506 0.287234 -0.171362
v -0.127457 0.304777 -0.167284
v -0.108699 0.315152 -0.168412
v -0.103036 0.293165 -0.171354
v -0.090074 0.309114 -0.170514
v -0.099021 0.288439 -0.172536
v -0.088766 0.297896 -0.187642
v -0.116347 0.272270 -0.170836
v -0.122377 0.268316 -0.172463
v -0.131086 0.342161 -0.062169
v -0.143091 0.335649 -0.060577
v -0.143704 0.329130 -0.060580
v -0.151183 0.321145 -0.057285
v -0.148787 0.315746 -0.056858
v -0.100048 0.365553 -0.082487
v -0.086776 0.369202 -0.094362
v -0.095630 0.370211 -0.089606
v -0.126816 0.370606 -0.061786
v -0.135026 0.360882 -0.044105
v -0.127718 0.351468 -0.041400
v -0.117637 0.356730 -0.055529
v -0.114887 0.360375 -0.061232
v -0.141688 0.351390 -0.025764
v -0.119269 0.369678 -0.069038
v -0.118689 0.377039 -0.079536
v -0.138733 0.341727 -0.020357
v -0.109521 0.368313 -0.072537
v -0.110602 0.372151 -0.087366
v -0.108372 0.376885 -0.100160
v -0.108097 0.362638 -0.071135
v -0.142982 0.343503 -0.011620
v -0.113352 0.378584 -0.100666
v -0.146901 0.345960 -0.011249
v -0.220522 0.058244 -0.122761
v -0.227367 0.053821 -0.126695
v -0.218639 0.050736 -0.123509
v -0.230302 0.062134 -0.132472
v -0.218499 0.067873 -0.126346
v -0.230227 0.064241 -0.137815
v -0.228322 0.053320 -0.133891
v -0.156271 0.281170 -0.078995
v -0.153259 0.288053 -0.068986
v -0.155202 0.296606 -0.060769
v -0.151662 0.300425 -0.059705
v -0.151183 0.321145 -0.057285
v -0.148456 0.327839 -0.043139
v -0.153411 0.317827 -0.052747
v -0.143091 0.335649 -0.060577
v -0.140059 0.339625 -0.047275
v -0.143098 0.330006 -0.024875
v -0.134394 0.341121 -0.029781
v -0.133312 0.345504 -0.060382
v -0.153498 0.312194 -0.039397
v -0.145650 0.329692 -0.016688
v -0.157408 0.297410 -0.049382
v -0.154241 0.300573 -0.031614
v -0.147909 0.319183 -0.022073
v -0.159088 0.277258 -0.039465
v -0.159033 0.278078 -0.036692
v -0.161858 0.253882 -0.044794
v -0.159048 0.268528 -0.073371
v -0.158906 0.272302 -0.085984
v -0.161523 0.268611 -0.091501
v -0.160506 0.261810 -0.071416
v -0.158786 0.260510 -0.052541
v -0.163435 0.268234 -0.102925
v -0.164054 0.253213 -0.058405
v -0.156044 0.299031 -0.028471
v -0.154225 0.313459 -0.023480
v -0.138733 0.341727 -0.020357
v -0.127718 0.351468 -0.041400
v -0.129461 0.345537 -0.040769
v -0.119230 0.353738 -0.054497
v -0.142982 0.343503 -0.011620
v -0.117637 0.356730 -0.055529
v -0.115032 0.356474 -0.075230
v -0.114887 0.360375 -0.061232
v -0.172705 0.253132 -0.081855
v -0.176421 0.254527 -0.102146
v -0.161822 0.269854 -0.115730
v -0.177530 0.253240 -0.109920
v -0.169736 0.252814 -0.069105
v -0.177213 0.258169 -0.123581
v -0.172716 0.262555 -0.144994
v -0.108097 0.362638 -0.071135
v -0.126247 0.352176 -0.064054
v -0.127217 0.346349 -0.065391
v -0.124829 0.352091 -0.071895
v -0.110845 0.356044 -0.078864
v -0.107748 0.358770 -0.084890
v -0.100048 0.365553 -0.082487
v -0.172716 0.262555 -0.144994
v -0.181505 0.259674 -0.127468
v -0.181466 0.263038 -0.131428
v -0.186314 0.258966 -0.115764
v -0.175466 0.264117 -0.145828
v -0.177213 0.258169 -0.123581
v -0.183123 0.254616 -0.113657
v -0.177530 0.253240 -0.109920
v -0.177865 0.255478 -0.082629
v -0.176421 0.254527 -0.102146
v -0.159193 0.270742 -0.128378
v -0.150502 0.268117 -0.139048
v -0.153810 0.269072 -0.131320
v -0.161822 0.269854 -0.115730
v -0.143981 0.268560 -0.159340
v -0.122377 0.268316 -0.172463
v -0.121724 0.268655 -0.159285
v -0.132657 0.268518 -0.154155
v -0.115428 0.269302 -0.166018
v -0.142399 0.267208 -0.145974
v -0.156510 0.266158 -0.152711
v -0.138225 0.269873 -0.166588
v -0.172716 0.262555 -0.144994
v -0.124955 0.270666 -0.174575
v -0.116347 0.272270 -0.170836
v -0.228322 0.053320 -0.133891
v -0.218639 0.050736 -0.123509
v -0.227367 0.053821 -0.126695
v -0.213214 0.050526 -0.130214
v -0.226323 0.054565 -0.137540
v -0.033626 0.470273 0.048528
v -0.042226 0.470638 0.058723
v -0.039843 0.465810 0.055136
v -0.033987 0.480910 0.067776
v -0.040795 0.480393 0.061471
v -0.036227 0.474682 0.069167
v -0.032248 0.477421 0.072799
v -0.039769 0.476003 0.061860
v -0.047126 0.477322 0.055717
v -0.042226 0.470638 0.058723
v -0.048129 0.487788 0.049808
v -0.050214 0.479925 0.047238
v -0.050929 0.480581 0.038211
v -0.049614 0.483313 0.036536
v 0.162232 -0.448308 0.079479
v 0.167984 -0.442092 0.086080
v 0.164646 -0.440468 0.090687
v 0.169563 -0.446982 0.084300
v 0.165786 -0.446380 0.076420
v 0.171137 -0.448217 0.070908
v 0.173940 -0.446772 0.079290
v 0.177907 -0.447567 0.065828
v 0.170506 -0.446252 0.061285
v 0.165949 -0.444216 0.066905
v 0.172473 -0.443415 0.079970
v 0.144626 -0.392626 0.012013
v 0.145923 -0.393290 0.005242
v 0.156156 -0.392624 -0.003161
v 0.151041 -0.392881 -0.005364
v 0.160684 -0.392740 -0.014061
v 0.137515 -0.386924 0.001581
v 0.132421 -0.393608 0.014060
v 0.124143 -0.390381 0.020857
v 0.130480 -0.396993 0.025089
v 0.139384 -0.397246 0.022112
v 0.121594 -0.397604 0.025829
v 0.117416 -0.382302 0.024679
v 0.153702 -0.386443 -0.009609
v 0.139237 -0.396512 0.026451
v 0.083110 -0.151740 0.106685
v 0.069167 -0.156708 0.108196
v 0.079738 -0.157064 0.107943
v 0.094224 -0.159807 0.098634
v 0.069603 -0.145438 0.113155
v 0.087072 -0.138414 0.111736
v 0.072856 -0.132982 0.118897
v 0.050360 -0.157545 0.111800
v 0.053762 -0.135716 0.124479
v 0.048399 -0.141781 0.122951
v 0.094440 -0.143927 0.103273
v 0.082641 -0.117621 0.114717
v 0.078160 -0.110618 0.117912
v 0.064688 -0.104313 0.120110
v 0.070091 -0.087531 0.116708
v 0.066018 -0.065152 0.115506
v 0.051592 -0.070868 0.119883
v 0.050454 -0.109137 0.122067
v 0.060365 -0.041925 0.113410
v 0.046257 -0.036453 0.115203
v 0.056697 -0.027149 0.111055
v 0.044599 -0.058817 0.118751
v 0.045044 -0.016844 0.110261
v 0.053248 -0.006724 0.106263
v 0.013249 -0.029937 0.110154
v 0.011451 -0.013862 0.105534
v 0.039425 0.000260 0.103185
v 0.051797 0.006719 0.100661
v 0.008763 -0.000348 0.099874
v 0.005547 0.013030 0.092505
v 0.029643 0.012722 0.093846
v 0.018132 0.025919 0.087447
v -0.000460 0.046083 0.081853
v 0.016097 0.049063 0.081509
v 0.007898 0.054740 0.082980
v 0.024199 0.052910 0.080650
v 0.038616 0.033111 0.082078
v 0.037665 0.048617 0.076663
v 0.043591 0.022657 0.086399
v 0.051184 0.016275 0.091184
v -0.000691 0.052831 0.084979
v 0.041164 0.053984 0.079090
v 0.081446 -0.047295 0.128408
v 0.075361 -0.026204 0.125975
v 0.061471 -0.003481 0.116661
v 0.067693 0.007069 0.119575
v 0.073827 0.002528 0.121598
v 0.058160 0.019397 0.109758
v 0.067689 0.015038 0.116284
v 0.084424 -0.067590 0.132098
v 0.087716 -0.081815 0.135562
v 0.074485 -0.092825 0.119893
v 0.090492 -0.101214 0.137650
v 0.086232 -0.111226 0.123528
v -0.202529 -0.483187 -0.054151
v -0.194121 -0.486775 -0.054951
v -0.191003 -0.493692 -0.059258
v -0.202971 -0.494711 -0.054595
v 0.055207 0.308672 -0.079016
v 0.067497 0.305314 -0.070276
v 0.074804 0.302124 -0.069110
v 0.079495 0.306522 -0.092388
v 0.067942 0.314857 -0.107382
v 0.044510 0.313324 -0.087173
v 0.057733 0.319725 -0.108822
v 0.038454 0.318892 -0.097832
v 0.031196 0.317729 -0.095728
v 0.085453 0.307790 -0.090883
v 0.041595 0.357462 -0.119262
v 0.038964 0.336763 -0.110468
v 0.058596 0.349980 -0.122024
v 0.067901 0.337652 -0.122589
v 0.052723 0.327918 -0.112523
v 0.068923 0.326613 -0.118592
v 0.047813 0.365456 -0.122304
v 0.058761 0.359394 -0.126734
v 0.066915 0.346963 -0.123416
v 0.070839 0.318125 -0.112158
v 0.040650 0.365037 -0.121794
v 0.061432 0.365744 -0.134439
v 0.046428 0.378796 -0.131676
v 0.047918 0.383579 -0.138227
v 0.071122 0.311927 -0.110071
v 0.035591 0.373039 -0.129287
v 0.032136 0.378616 -0.131663
v 0.037233 0.393095 -0.143841
v 0.042956 0.391255 -0.144594
v 0.014006 0.338646 -0.116483
v 0.023594 0.344310 -0.118825
v 0.013245 0.354494 -0.127937
v 0.013043 0.325306 -0.104301
v 0.022094 0.367419 -0.131867
v 0.027875 0.380094 -0.134542
v 0.023586 0.380656 -0.139822
v 0.012102 0.360425 -0.133563
v 0.017604 0.372596 -0.141974
v -0.022229 0.498323 0.044652
v -0.019451 0.499444 0.040000
v -0.024394 0.490727 0.037188
v -0.019248 0.491860 0.034287
v -0.025563 0.499555 0.046610
v -0.030795 0.500158 0.043794
v 0.117416 -0.382302 0.024679
v 0.107003 -0.392478 0.025945
v 0.111115 -0.388855 0.029295
v 0.126739 -0.380757 0.028507
v 0.128081 -0.378946 0.020492
v 0.143755 -0.381084 0.032199
v 0.143546 -0.380049 0.026614
v -0.009424 0.497072 -0.023761
v -0.010844 0.493454 -0.032850
v -0.014050 0.490584 -0.028748
v -0.012765 0.492725 -0.020046
v -0.011856 0.499294 -0.012597
v -0.011409 0.484514 -0.037470
v -0.019967 0.482071 -0.037171
v 0.032668 0.358559 0.003848
v 0.023995 0.351045 0.020980
v 0.033856 0.357197 0.007248
v 0.028200 0.351438 0.018858
v 0.021872 0.349356 0.029977
v -0.013508 0.400902 0.065949
v -0.013011 0.406909 0.074709
v -0.018096 0.406612 0.073866
v -0.022492 0.407745 0.064395
v -0.023273 0.404618 0.059136
v -0.155067 0.262028 -0.143662
v -0.150927 0.262616 -0.138786
v -0.154923 0.262809 -0.130597
v 0.125758 -0.488414 0.143492
v 0.126104 -0.493702 0.148769
v 0.125365 -0.488879 0.152302
v 0.123305 -0.496523 0.156883
v 0.120324 -0.491669 0.140213
v -0.038975 0.497060 0.045331
v -0.032280 0.496226 0.046554
v -0.035208 0.490065 0.041849
v -0.042720 0.493410 0.040408
v -0.035129 0.478998 0.059440
v -0.033987 0.480910 0.067776
v -0.028856 0.479210 0.067785
v -0.040795 0.480393 0.061471
v -0.032248 0.477421 0.072799
v -0.039339 0.483965 0.056498
v -0.110606 0.128751 -0.191304
v -0.102149 0.123457 -0.193645
v -0.110396 0.122998 -0.190394
v -0.015519 0.416229 0.071776
v -0.018096 0.406612 0.073866
v -0.013011 0.406909 0.074709
v -0.020195 0.412053 0.069870
v -0.013349 0.428666 0.065463
v -0.018465 0.427134 0.062643
v -0.022245 0.434477 0.060935
v -0.009228 0.434503 0.064934
v -0.009407 0.452485 0.060785
v -0.019258 0.461304 0.057425
v -0.028083 0.463365 0.052367
v -0.034746 0.431806 0.056953
v -0.038167 0.443929 0.049879
v -0.036736 0.463995 0.045832
v -0.043986 0.431355 0.047978
v -0.033626 0.470273 0.048528
v -0.014021 0.463483 0.060860
v -0.043693 0.452655 0.037430
v -0.041444 0.458897 0.040610
v -0.047912 0.469023 0.040378
v -0.052510 0.458549 0.040543
v -0.055350 0.476598 0.036434
v -0.047516 0.476138 0.042511
v -0.050929 0.480581 0.038211
v -0.040905 0.471070 0.048313
v -0.056590 0.463499 0.033140
v -0.055747 0.453690 0.037390
v -0.049614 0.483313 0.036536
v -0.025660 0.424008 0.050228
v -0.023984 0.415973 0.056183
v -0.037472 0.423079 0.047425
v -0.041160 0.409671 0.048112
v -0.028262 0.393510 0.057133
v -0.023273 0.404618 0.059136
v -0.025864 0.379127 0.058279
v -0.013287 0.393761 0.067592
v -0.021243 0.393799 0.064119
v -0.013508 0.400902 0.065949
v -0.037757 0.379308 0.045025
v -0.043779 0.423849 0.039478
v -0.024722 0.369333 0.056761
v -0.014577 0.371377 0.063837
v -0.012484 0.381415 0.064336
v -0.022492 0.407745 0.064395
v -0.036375 0.050294 -0.096640
v -0.027532 0.053068 -0.099492
v -0.029624 0.051025 -0.093419
v -0.044495 -0.467285 -0.160034
v -0.049938 -0.465742 -0.163092
v -0.043723 -0.467973 -0.150752
v -0.042725 -0.467773 -0.158203
v -0.046330 -0.466963 -0.162836
v -0.042725 -0.467773 -0.158325
v 0.040963 0.296104 -0.134119
v 0.046395 0.296282 -0.127824
v 0.040864 0.297868 -0.125512
v 0.127814 0.076275 0.164896
v 0.129817 0.086982 0.181816
v 0.126948 0.084690 0.177865
v 0.134582 0.076990 0.162401
v -0.174886 0.364805 -0.148793
v -0.170129 0.357616 -0.147494
v -0.187073 0.373384 -0.150046
v -0.172960 0.346065 -0.138194
v -0.163258 0.329994 -0.134667
v -0.159903 0.350172 -0.143820
v -0.149964 0.339832 -0.139234
v 0.126104 -0.493702 0.148769
v 0.129843 -0.497238 0.148322
v 0.123305 -0.496523 0.156883
v 0.120324 -0.491669 0.140213
v 0.110078 -0.497226 0.157512
v 0.132416 -0.497466 0.163412
v 0.113043 -0.497299 0.180396
v 0.134771 -0.497191 0.191163
v 0.151327 -0.497971 0.173317
v 0.118074 -0.496687 0.202908
v 0.099298 -0.496870 0.204272
v 0.089736 -0.497512 0.181057
v 0.153819 -0.497735 0.143515
v 0.150229 -0.498224 0.135039
v 0.132746 -0.497770 0.131665
v 0.144107 -0.498333 0.112709
v 0.095537 -0.498796 0.111907
v 0.105290 -0.497355 0.138530
v 0.094977 -0.498389 0.121187
v 0.164964 -0.499473 0.124154
v 0.076755 -0.499460 0.167466
v 0.091446 -0.497978 0.146327
v 0.081543 -0.499606 0.127543
v 0.079518 -0.499844 0.146260
v 0.132582 -0.497733 0.202277
v 0.166095 -0.499948 0.140344
v 0.083045 -0.496343 0.188400
v 0.084989 -0.496853 0.195443
v 0.124910 -0.496728 0.135608
v 0.159475 -0.498191 0.113178
v 0.128697 -0.495852 0.213462
v 0.103809 -0.495603 0.211007
v 0.106566 -0.496433 0.149906
v 0.139996 -0.497325 0.203314
v 0.155105 -0.499510 0.186549
v 0.160360 -0.499833 0.181563
v 0.163643 -0.500059 0.168249
v 0.148876 -0.498326 0.198867
v 0.167618 -0.499483 0.153433
v 0.164468 -0.498165 0.144671
v 0.078577 -0.499488 0.182483
v 0.094225 -0.495224 0.210031
v 0.077360 -0.498997 0.150352
v 0.112770 -0.492882 0.140612
v 0.075518 0.120235 0.076161
v 0.077867 0.115771 0.081142
v 0.075918 0.111267 0.076750
v 0.078169 0.101778 0.072378
v 0.084819 0.123691 0.055430
v 0.068480 0.079714 0.082244
v 0.088186 0.118685 0.052482
v 0.080745 0.070735 0.063613
v 0.078187 0.069562 0.072893
v 0.089641 0.095727 0.051920
v 0.089298 0.066460 0.051431
v 0.075718 0.049046 0.061424
v 0.070543 0.048735 0.070362
v 0.082354 0.050687 0.053237
v 0.073811 0.065865 0.076764
v 0.087680 0.054075 0.051674
v 0.085993 0.088231 0.037584
v 0.086683 0.105129 0.038519
v 0.083970 0.122905 0.035980
v 0.082848 0.053195 0.038830
v 0.083155 0.066688 0.036063
v 0.080482 0.053416 0.032972
v 0.117351 0.086068 0.027158
v 0.101627 0.069206 0.034420
v 0.119089 0.070194 0.028268
v 0.116601 0.116030 0.026797
v 0.100207 0.086436 0.033644
v 0.102556 0.118744 0.031778
v 0.118063 0.051581 0.025840
v 0.101696 0.051160 0.032860
v 0.127602 0.078501 0.009863
v 0.126330 0.114722 0.009452
v 0.129131 0.070576 0.009542
v 0.127438 0.052155 0.007713
v -0.014021 0.463483 0.060860
v -0.017211 0.458467 0.067149
v -0.018767 0.460782 0.060031
v -0.019258 0.461304 0.057425
v -0.011426 0.464863 0.065634
v 0.000631 0.481561 0.079750
v -0.008594 0.484358 0.075590
v -0.002857 0.478038 0.079118
v 0.002300 0.474827 0.080055
v 0.009618 0.473000 0.079127
v -0.008864 0.479350 0.083066
v -0.007830 0.474328 0.084009
v 0.126135 -0.301725 0.002882
v 0.115809 -0.301125 0.002660
v 0.119909 -0.304208 0.006121
v 0.102198 -0.301526 0.007503
v 0.110756 -0.301594 -0.001159
v 0.132553 -0.296174 0.004843
v 0.074367 0.222777 0.060126
v 0.080646 0.208593 0.049941
v 0.082497 0.207763 0.051391
v 0.098522 0.205055 0.035185
v 0.141702 -0.297926 0.004601
v 0.141539 -0.317774 0.006859
v 0.139507 -0.318099 0.007108
v 0.136626 -0.299870 0.005754
v 0.141816 -0.339499 0.011547
v 0.132553 -0.296174 0.004843
v 0.136438 -0.276079 0.004014
v 0.127801 -0.280519 0.004345
v 0.118131 -0.278488 0.002398
v 0.109074 -0.276448 0.000421
v 0.108823 -0.282777 0.002448
v 0.142679 -0.287246 0.005380
v 0.138866 -0.327809 0.009808
v 0.141774 -0.358364 0.016345
v 0.144706 -0.370239 0.020257
v 0.165690 -0.438381 0.065522
v 0.170506 -0.446252 0.061285
v 0.165949 -0.444216 0.066905
v 0.053801 -0.162316 0.107377
v 0.058963 -0.159001 0.108942
v 0.048082 -0.172465 0.109270
v -0.132166 0.287390 -0.167880
v -0.128329 0.288702 -0.175246
v -0.124566 0.290202 -0.171738
v -0.128912 0.304066 -0.182158
v -0.137266 0.306173 -0.193156
v -0.139358 0.301731 -0.190723
v -0.149736 0.315374 -0.205541
v -0.138431 0.311476 -0.192033
v -0.127457 0.304777 -0.167284
v 0.065075 0.239338 -0.095651
v 0.062313 0.233601 -0.092447
v 0.064791 0.228529 -0.095434
v 0.065584 0.222988 -0.088394
v 0.065422 0.228149 -0.081774
v 0.064587 0.255616 -0.100771
v 0.072195 0.225437 -0.073454
v 0.069820 0.238588 -0.080615
v 0.078454 0.233861 -0.071185
v 0.073075 0.244651 -0.080028
v 0.081959 0.243624 -0.071691
v 0.065856 0.250783 -0.091858
v 0.073680 0.256545 -0.082716
v 0.082712 0.248684 -0.077937
v 0.109272 -0.485813 0.154084
v 0.108324 -0.488512 0.147260
v 0.112770 -0.492882 0.140612
v 0.125365 -0.488879 0.152302
v 0.120324 -0.491669 0.140213
v 0.125758 -0.488414 0.143492
v -0.017388 0.496536 0.045072
v -0.022229 0.498323 0.044652
v -0.019669 0.489398 0.047481
v -0.025563 0.499555 0.046610
v -0.019451 0.499444 0.040000
v -0.025332 0.499399 0.055660
v -0.019980 0.495933 0.055630
v -0.023821 0.496077 0.062619
v -0.019791 0.485609 0.058412
v 0.156925 -0.397622 0.053445
v 0.155212 -0.395622 0.057314
v 0.164538 -0.397265 0.057299
v 0.108823 -0.282777 0.002448
v 0.105570 -0.293786 0.003173
v 0.105438 -0.293998 0.000629
v 0.109074 -0.276448 0.000421
v -0.032280 0.496226 0.046554
v -0.030795 0.500158 0.043794
v -0.035208 0.490065 0.041849
v -0.029660 0.497303 0.034510
v -0.032619 0.493623 0.027739
v 0.105921 -0.219713 0.110511
v 0.105322 -0.222478 0.107571
v 0.111432 -0.230607 0.108458
v -0.134333 -0.167025 -0.034313
v -0.140620 -0.166177 -0.042554
v -0.140788 -0.167751 -0.037153
v -0.155067 0.262028 -0.143662
v -0.150502 0.268117 -0.139048
v -0.150927 0.262616 -0.138786
v -0.056563 -0.230179 -0.078098
v -0.062515 -0.226464 -0.076743
v -0.056935 -0.229480 -0.073010
v -0.062959 -0.232892 -0.085318
v -0.054398 -0.239753 -0.083508
v -0.052649 -0.228902 -0.097538
v -0.061932 -0.223892 -0.099108
v -0.057415 -0.234180 -0.088858
v -0.054601 -0.224476 -0.110773
v -0.059036 -0.219857 -0.114507
v -0.059607 -0.216233 -0.125107
v -0.053609 -0.239212 -0.096207
v -0.043199 -0.240115 -0.089377
v -0.040600 -0.236122 -0.105174
v -0.036635 -0.233771 -0.117900
v -0.041589 -0.228718 -0.128473
v -0.050772 -0.235429 -0.118457
v -0.056040 -0.229812 -0.128429
v -0.050825 -0.223271 -0.140942
v -0.058891 -0.220506 -0.145406
v -0.064505 -0.223192 -0.135938
v -0.067667 -0.218441 -0.148141
v -0.078711 -0.214682 -0.139438
v -0.085021 -0.213972 -0.147429
v -0.101758 -0.213289 -0.142992
v -0.092613 -0.213140 -0.138252
v -0.052728 -0.235100 -0.109126
v -0.067411 -0.199867 -0.121093
v -0.078573 -0.195810 -0.124706
v -0.072939 -0.191161 -0.112988
v -0.086153 -0.186646 -0.116009
v 0.097951 -0.223450 0.115321
v 0.098181 -0.222236 0.111647
v 0.105921 -0.219713 0.110511
v 0.090525 -0.227659 0.113263
v 0.105322 -0.222478 0.107571
v -0.096259 0.056874 -0.067064
v -0.108429 0.053555 -0.068602
v -0.093316 0.058096 -0.064148
v 0.105438 -0.293998 0.000629
v 0.105570 -0.293786 0.003173
v 0.115809 -0.301125 0.002660
v -0.021243 0.393799 0.064119
v -0.028262 0.393510 0.057133
v -0.013287 0.393761 0.067592
v 0.058285 0.052130 -0.019623
v 0.059117 0.045791 -0.012837
v 0.062418 0.045190 -0.012639
v 0.155212 -0.395622 0.057314
v 0.156925 -0.397622 0.053445
v 0.155879 -0.404983 0.052043
v -0.143476 0.107083 -0.105107
v -0.146448 0.104398 -0.101411
v -0.144988 0.099834 -0.095898
v -0.035129 0.478998 0.059440
v -0.031245 0.470243 0.052945
v -0.033051 0.476032 0.059515
v -0.028856 0.479210 0.067785
v -0.023422 0.466268 0.059723
v -0.028083 0.463365 0.052367
v -0.019258 0.461304 0.057425
v -0.033626 0.470273 0.048528
v -0.024072 0.468484 0.071678
v -0.018767 0.460782 0.060031
v -0.017211 0.458467 0.067149
v -0.022493 0.474362 0.076332
v -0.032248 0.477421 0.072799
v -0.022789 0.478575 0.079801
v -0.018106 0.476364 0.081752
v -0.042226 0.470638 0.058723
v -0.008268 0.363149 0.054025
v -0.003081 0.366466 0.056046
v -0.006190 0.360110 0.055315
v 0.178065 -0.383495 0.007501
v 0.181219 -0.381734 0.007165
v 0.178019 -0.389337 0.012401
v -0.097618 0.218434 -0.145937
v -0.096961 0.218841 -0.142137
v -0.089675 0.221942 -0.134528
v -0.035129 0.478998 0.059440
v -0.033051 0.476032 0.059515
v -0.039769 0.476003 0.061860
v -0.161523 0.268611 -0.091501
v -0.160492 0.265257 -0.095993
v -0.158906 0.272302 -0.085984
v -0.175830 -0.016295 -0.068136
v -0.179078 -0.014912 -0.054835
v -0.178686 -0.016154 -0.062712
v -0.185711 -0.026134 -0.068750
v -0.185189 -0.024395 -0.056746
v -0.184949 -0.025050 -0.078986
v -0.174853 -0.013980 -0.074694
v -0.172877 -0.016408 -0.081663
v -0.186020 -0.027068 -0.083113
v -0.185361 -0.014436 -0.046910
v -0.179033 -0.016829 -0.088574
v -0.187507 -0.024226 -0.095542
v -0.175923 -0.014383 -0.091035
v -0.205027 -0.028031 -0.067555
v -0.200859 -0.027420 -0.053547
v -0.201030 -0.027155 -0.083095
v -0.207451 -0.025823 -0.081712
v -0.202890 -0.024830 -0.096024
v -0.208761 -0.024904 -0.053227
v -0.198887 -0.025011 -0.050409
v -0.209386 -0.021165 -0.047008
v -0.199033 -0.022365 -0.041680
v -0.214849 -0.019805 -0.042705
v -0.215441 -0.019850 -0.053789
v -0.221643 -0.011820 -0.052454
v -0.214605 -0.019494 -0.083493
v -0.214028 -0.017070 -0.096150
v -0.215558 -0.010384 -0.034905
v 0.183034 0.184799 0.143084
v 0.167111 0.169127 0.139109
v 0.174927 0.177791 0.141797
v 0.175469 0.175157 0.129835
v -0.094111 0.057437 -0.067112
v -0.102036 0.059481 -0.073194
v -0.096259 0.056874 -0.067064
v 0.115801 -0.319839 0.007122
v 0.125436 -0.313424 0.005745
v 0.117030 -0.318223 0.008063
v 0.023586 0.380656 -0.139822
v 0.027875 0.380094 -0.134542
v 0.032136 0.378616 -0.131663
v -0.134766 -0.447998 -0.189697
v -0.135132 -0.449707 -0.189941
v -0.136831 -0.449315 -0.190236
v 0.163574 -0.493896 0.086487
v 0.161107 -0.487051 0.089256
v 0.163574 -0.494141 0.086426
v 0.163574 -0.493408 0.086609
v 0.118188 -0.488283 0.082224
v 0.099283 -0.487790 0.080508
v 0.118420 -0.497404 0.079063
v 0.148823 -0.496507 0.081262
v 0.099102 -0.498025 0.079565
v 0.152382 -0.489073 0.086962
v 0.163086 -0.494873 0.085510
v 0.164767 -0.497183 0.082055
v 0.130767 -0.485821 0.093045
v 0.111703 -0.484833 0.098872
v 0.159075 -0.488023 0.100730
v 0.119912 -0.484831 0.110809
v 0.133244 -0.485819 0.111765
v 0.149765 -0.487661 0.113026
v 0.114074 -0.483814 0.109274
v 0.109137 -0.486031 0.111258
v 0.096403 -0.487430 0.102938
v 0.095805 -0.488655 0.109907
v 0.157681 -0.490174 0.112110
v 0.138425 -0.496768 0.036924
v 0.133717 -0.496887 0.057439
v 0.118994 -0.497076 0.046222
v 0.121467 -0.496946 0.014150
v 0.101304 -0.497191 0.025113
v 0.105411 -0.497263 0.042706
v 0.155256 -0.496664 0.053798
v 0.109890 -0.497506 0.065216
v 0.160384 -0.496147 0.039565
v 0.150864 -0.495743 0.017901
v 0.135662 -0.496296 0.015314
v 0.165320 -0.496767 0.056897
v 0.109762 -0.497701 0.012738
v 0.097003 -0.498217 0.041563
v 0.097096 -0.499134 0.062741
v 0.094339 -0.496697 0.030148
v 0.173928 -0.494108 0.050176
v 0.175901 -0.491650 0.044707
v -0.109017 0.381138 -0.143083
v -0.116651 0.377713 -0.153496
v -0.118165 0.368175 -0.142926
v -0.114859 0.363653 -0.129538
v -0.107808 0.369548 -0.126506
v -0.109639 0.393167 -0.166792
v -0.109985 0.399119 -0.179474
v -0.115099 0.356118 -0.142824
v -0.109767 0.390798 -0.174523
v -0.088514 0.137451 -0.174071
v -0.103977 0.134243 -0.158517
v -0.086802 0.128872 -0.153983
v -0.106372 0.136447 -0.164062
v -0.105692 0.142855 -0.175012
v -0.093242 0.140321 -0.181213
v -0.109352 0.147306 -0.186952
v -0.093836 0.130769 -0.145093
v -0.116651 0.377713 -0.153496
v -0.109767 0.390798 -0.174523
v -0.106419 0.371527 -0.160781
v -0.115099 0.356118 -0.142824
v -0.107197 0.356670 -0.149330
v 0.095655 -0.442495 0.116066
v 0.093769 -0.455120 0.099562
v 0.095287 -0.459669 0.119086
v 0.095673 -0.440989 0.134125
v 0.091923 -0.446853 0.100011
v 0.020564 0.401691 -0.074149
v 0.030787 0.405070 -0.082041
v 0.030636 0.393134 -0.075147
v 0.031666 0.379859 -0.068138
v 0.120985 0.081488 0.088681
v 0.117636 0.069281 0.071604
v 0.116941 0.069269 0.093687
v -0.167866 -0.224119 -0.050374
v -0.196037 -0.228839 -0.065717
v -0.176592 -0.231586 -0.061593
v -0.081436 0.348179 0.031122
v -0.090938 0.362834 0.031704
v -0.084588 0.329492 0.023899
v -0.085312 0.360517 0.034535
v 0.059117 0.045791 -0.012837
v 0.060551 0.064466 -0.014380
v 0.063902 0.056929 -0.001161
v 0.058285 0.052130 -0.019623
v 0.174169 0.288743 0.107482
v 0.196704 0.301112 0.114988
v 0.167093 0.292601 0.112467
v 0.181274 0.301204 0.116429
v 0.200354 0.306983 0.114799
v 0.166183 0.303339 0.109869
v 0.091803 -0.301639 0.003476
v 0.094335 -0.307571 -0.009229
v 0.098028 -0.316057 0.005214
v 0.232443 0.178222 0.071438
v 0.222930 0.163270 0.074818
v 0.214467 0.161780 0.066803
v 0.220102 0.171756 0.067390
v 0.234456 0.189182 0.071133
v 0.212129 0.170691 0.067397
v -0.139309 0.217021 -0.175764
v -0.132040 0.208835 -0.163215
v -0.141361 0.205211 -0.159092
v -0.125971 0.207982 -0.164416
v -0.173362 -0.213450 -0.061368
v -0.196037 -0.228839 -0.065717
v -0.183164 -0.224068 -0.057951
v -0.173321 -0.214826 -0.052068
v -0.176592 -0.231586 -0.061593
v -0.161786 -0.228918 -0.064024
v -0.163048 -0.227406 -0.053402
v -0.124840 0.175152 -0.194153
v -0.127425 0.169159 -0.189058
v -0.115076 0.156254 -0.190564
v -0.115392 0.197410 -0.225780
v -0.124242 0.182503 -0.206525
v -0.118507 0.182303 -0.207760
v -0.124840 0.175152 -0.194153
v 0.034750 0.367577 -0.063823
v 0.040859 0.364327 -0.058214
v 0.032510 0.363791 -0.058221
v 0.023185 0.366123 -0.063005
v 0.186277 0.247429 0.042333
v 0.183429 0.238930 0.055753
v 0.191716 0.244298 0.036176
v 0.175307 0.256148 0.016056
v 0.186312 0.254970 0.017348
v 0.183130 0.253443 0.011770
v 0.175241 0.260829 0.026343
v 0.170818 0.257174 0.015577
v 0.193977 0.253198 0.010503
v 0.195684 0.251202 -0.001776
v 0.204938 0.247449 -0.003785
v 0.185130 0.251620 0.040868
v 0.213430 0.240266 -0.000453
v 0.199654 0.243424 0.024957
v 0.177395 0.260745 0.040443
v 0.180137 0.259182 0.047080
v 0.189249 0.251219 0.046260
v 0.176914 0.262807 0.060476
v 0.192325 0.249398 0.065520
v 0.177476 0.263832 0.048063
v 0.177530 0.252016 0.073283
v 0.174440 0.264109 0.063933
v 0.170891 0.263695 0.073611
v 0.165962 0.258059 0.088568
v 0.211761 0.237194 0.006224
v 0.174422 0.234080 0.094601
v 0.204247 0.233706 0.024602
v 0.196270 0.230049 0.040115
v 0.184027 0.228889 0.061569
v 0.179832 0.242298 0.074295
v 0.182197 0.240286 0.062962
v 0.182821 0.213833 0.073462
v 0.186204 0.222880 0.055307
v 0.174559 0.224902 0.096199
v 0.166932 0.265022 0.085136
v 0.162826 0.267581 0.091353
v 0.175147 0.208824 0.095326
v 0.192016 0.248213 0.062033
v 0.208850 0.242844 -0.003299
v -0.190666 -0.485253 -0.086560
v -0.199077 -0.490386 -0.082335
v -0.189708 -0.488684 -0.077749
v -0.029660 0.497303 0.034510
v -0.030795 0.500158 0.043794
v -0.024394 0.490727 0.037188
v -0.100909 -0.217817 -0.031199
v -0.099728 -0.227321 -0.033025
v -0.094662 -0.226377 -0.039776
v -0.062948 -0.204486 -0.113462
v -0.062959 -0.232892 -0.085318
v -0.061932 -0.223892 -0.099108
v -0.059036 -0.219857 -0.114507
v -0.059607 -0.216233 -0.125107
v -0.062617 -0.199924 -0.094113
v -0.062064 -0.220993 -0.075238
v -0.062515 -0.226464 -0.076743
v -0.065923 -0.194604 -0.106171
v -0.066964 -0.187536 -0.109143
v -0.058708 -0.205037 -0.074622
v -0.067411 -0.199867 -0.121093
v -0.072939 -0.191161 -0.112988
v -0.054491 -0.197565 -0.080571
v -0.047044 -0.179708 -0.079776
v -0.055943 -0.189663 -0.097332
v -0.040286 -0.175431 -0.067647
v -0.040042 -0.169762 -0.083105
v -0.029320 -0.145190 -0.067022
v -0.033705 -0.147482 -0.054387
v -0.019488 -0.126744 -0.068076
v -0.030971 -0.130555 -0.041880
v -0.013847 -0.104994 -0.067508
v -0.046150 -0.176673 -0.055279
v -0.056703 -0.191348 -0.057645
v -0.027514 -0.109497 -0.038484
v -0.046139 -0.156957 -0.038510
v -0.053552 -0.173659 -0.041210
v -0.044653 -0.124750 -0.020652
v -0.048900 -0.146944 -0.028487
v -0.045561 -0.109883 -0.014623
v -0.022667 -0.099503 -0.051905
v -0.027837 -0.102310 -0.037255
v -0.023231 -0.067944 -0.037471
v -0.018127 -0.095895 -0.066655
v -0.015767 -0.060739 -0.064924
v -0.016858 -0.045733 -0.048588
v -0.012729 -0.044870 -0.064982
v -0.017920 -0.065606 -0.072490
v -0.006049 -0.032954 -0.064747
v -0.012389 -0.037841 -0.037927
v -0.029425 -0.051185 -0.028449
v -0.020973 -0.051401 -0.043012
v -0.010658 -0.035060 -0.030407
v 0.003370 -0.025030 -0.053598
v 0.004550 -0.018512 -0.072370
v -0.043938 -0.082658 -0.009203
v -0.040866 -0.052434 -0.007342
v -0.034143 -0.047885 -0.010894
v -0.050977 -0.104747 -0.009205
v -0.052857 -0.055326 0.006694
v -0.047620 -0.043490 0.008442
v -0.060952 -0.084970 0.007573
v -0.063791 -0.202988 -0.065522
v -0.070279 -0.217135 -0.068806
v -0.075749 -0.203321 -0.053091
v -0.086234 -0.218252 -0.053672
v -0.076302 -0.240645 -0.074781
v -0.093974 -0.256375 -0.062520
v -0.093377 -0.238852 -0.053455
v -0.096989 -0.253901 -0.054807
v -0.095735 -0.239702 -0.045295
v -0.092400 -0.230137 -0.028347
v -0.093912 -0.225159 -0.048693
v -0.089807 -0.202024 -0.041040
v -0.078185 -0.194676 -0.041710
v -0.065181 -0.168645 -0.029572
v -0.059023 -0.123909 -0.010622
v -0.071988 -0.113178 -0.000293
v -0.079150 -0.186274 -0.035950
v -0.066277 -0.229449 -0.076244
v -0.073625 -0.104610 0.004918
v -0.074604 -0.117935 -0.000538
v -0.101520 -0.210646 -0.038203
v -0.099115 -0.218889 -0.041259
v -0.074190 -0.078412 0.017341
v -0.063352 -0.072749 0.009906
v -0.065215 -0.040723 0.017455
v -0.076455 -0.170855 -0.025449
v -0.076382 -0.143586 -0.011894
v -0.079853 -0.251785 -0.072267
v -0.107099 -0.201351 -0.033087
v -0.113358 -0.191612 -0.026785
v -0.076519 -0.070696 0.016225
v -0.095324 -0.173802 -0.025424
v -0.066138 -0.242974 -0.078952
v 0.015084 -0.017774 -0.043578
v 0.021894 -0.008529 -0.047703
v -0.061100 -0.037160 0.019874
v -0.023974 -0.042044 -0.005313
v -0.103658 -0.211116 -0.026166
v -0.104628 -0.121015 0.003204
v -0.091398 -0.151078 -0.013668
v -0.078041 -0.026187 0.022380
v -0.105380 -0.203782 -0.025483
v -0.111835 -0.149055 -0.010839
v -0.107301 -0.160869 -0.018730
v -0.113804 -0.165092 -0.022335
v -0.111696 -0.194398 -0.025298
v -0.116701 -0.183726 -0.023605
v -0.117860 -0.175895 -0.023136
v -0.116987 -0.174863 -0.012895
v -0.114590 -0.188025 -0.014854
v -0.109789 -0.194260 -0.018685
v -0.094662 -0.226377 -0.039776
v -0.099728 -0.227321 -0.033025
v -0.092400 -0.230137 -0.028347
v -0.108587 0.148417 -0.135083
v -0.108203 0.152278 -0.120632
v -0.103637 0.149025 -0.124328
v 0.037720 -0.184656 0.111901
v 0.036907 -0.182310 0.116894
v 0.042593 -0.196035 0.114809
v 0.081959 0.243624 -0.071691
v 0.082712 0.248684 -0.077937
v 0.083449 0.234179 -0.073217
v 0.013131 0.493941 -0.026356
v 0.007314 0.486689 -0.028082
v 0.009841 0.487380 -0.020914
v 0.015514 0.491448 -0.019354
v -0.087870 0.231462 -0.135261
v -0.084199 0.215669 -0.134681
v -0.089675 0.221942 -0.134528
v 0.002752 0.498292 0.043678
v -0.004271 0.490473 0.040417
v 0.000385 0.492215 0.046599
v 0.000720 0.495194 0.038737
v 0.063902 0.056929 -0.001161
v 0.062418 0.045190 -0.012639
v 0.059117 0.045791 -0.012837
v -0.031368 -0.098709 -0.097288
v -0.031695 -0.073702 -0.096722
v -0.031927 -0.089973 -0.095046
v 0.020745 0.409668 -0.029022
v 0.016735 0.405581 -0.033002
v 0.024119 0.408868 -0.035795
v 0.018432 0.401841 -0.035817
v 0.019827 0.410209 -0.038318
v 0.024119 0.408868 -0.035795
v 0.018432 0.401841 -0.035817
v -0.172758 -0.456727 -0.058171
v -0.170095 -0.454654 -0.066009
v -0.174362 -0.461809 -0.058455
v 0.108972 0.248016 -0.067946
v 0.107297 0.252189 -0.061796
v 0.105554 0.243818 -0.066092
v 0.181219 -0.381734 0.007165
v 0.178065 -0.383495 0.007501
v 0.171898 -0.379589 0.017804
v 0.036524 0.484163 0.012400
v 0.033958 0.487227 0.019148
v 0.032407 0.480746 0.014176
v -0.015075 0.499495 0.007719
v -0.020902 0.499891 0.013295
v -0.021139 0.496799 0.016152
v -0.115188 0.197226 -0.233425
v -0.118790 0.198397 -0.232104
v -0.115392 0.197410 -0.225780
v -0.021908 0.496898 -0.004013
v -0.024924 0.498620 -0.007751
v -0.019748 0.498970 0.002682
v 0.096205 -0.433279 0.136579
v 0.095673 -0.440989 0.134125
v 0.096055 -0.444921 0.135254
v -0.039151 0.491716 0.031139
v -0.041578 0.493816 0.035288
v -0.042720 0.493410 0.040408
v -0.020195 0.412053 0.069870
v -0.023273 0.404618 0.059136
v -0.022492 0.407745 0.064395
v 0.082693 -0.341938 0.062965
v 0.085490 -0.350048 0.082315
v 0.089095 -0.359149 0.051344
v 0.077782 -0.329487 0.079168
v 0.077883 -0.337091 0.043649
v 0.066791 -0.324185 0.052398
v 0.065605 -0.316785 0.078372
v 0.055982 -0.311965 0.052572
v 0.063713 -0.321198 0.040509
v 0.084120 -0.345543 0.045250
v 0.056886 -0.306758 0.069811
v 0.061755 -0.306677 0.085599
v 0.059546 -0.272812 0.082413
v 0.061490 -0.291375 0.090752
v 0.052005 -0.304098 0.048102
v 0.049712 -0.286037 0.047204
v 0.052151 -0.270067 0.057240
v 0.064980 -0.274255 0.097081
v 0.068700 -0.250794 0.097825
v 0.071908 -0.248377 0.106299
v 0.079392 -0.260630 0.118241
v 0.092750 -0.376841 0.056489
v 0.092126 -0.379406 0.066678
v 0.091085 -0.375135 0.088580
v 0.092282 -0.354955 0.107501
v 0.091984 -0.398752 0.091244
v 0.095513 -0.383617 0.105902
v 0.088782 -0.338570 0.106999
v 0.068970 -0.292574 0.098003
v 0.095887 -0.372077 0.109566
v 0.103524 -0.363134 0.025626
v 0.079272 -0.326993 0.084839
v 0.107187 -0.385442 0.030087
v 0.103602 -0.370436 0.022957
v 0.107003 -0.392478 0.025945
v 0.105657 -0.351089 0.019164
v 0.095072 -0.408672 0.060383
v 0.111115 -0.388855 0.029295
v 0.096382 -0.416267 0.105734
v 0.100817 -0.410097 0.114361
v 0.094842 -0.424719 0.081334
v 0.098962 -0.437937 0.094427
v 0.102260 -0.445661 0.074575
v 0.095992 -0.429219 0.067084
v 0.103941 -0.436809 0.055214
v 0.107387 -0.448186 0.050672
v 0.105368 -0.425657 0.046253
v 0.112212 -0.440658 0.041885
v 0.101090 -0.421869 0.049244
v 0.092532 -0.403683 0.069945
v 0.104853 -0.431574 0.114934
v 0.108352 -0.450947 0.115541
v 0.104069 -0.454790 0.101407
v 0.054025 -0.305215 0.039748
v 0.093576 -0.344697 0.029181
v 0.071980 -0.308775 0.093467
v 0.074449 -0.274492 0.114122
v 0.078301 -0.264962 0.121375
v 0.079660 -0.257639 0.123882
v 0.086041 -0.242523 0.130632
v 0.088357 -0.239135 0.114366
v 0.090653 -0.231627 0.121961
v 0.089159 -0.221840 0.141365
v 0.097105 -0.210086 0.120076
v 0.096272 -0.201452 0.135047
v 0.093047 -0.194036 0.148754
v 0.100836 -0.185112 0.131654
v 0.092463 -0.177792 0.144067
v 0.085142 -0.188240 0.157404
v 0.083410 -0.161396 0.146755
v 0.098909 -0.157225 0.123046
v 0.102407 -0.192636 0.124039
v 0.090077 -0.143791 0.124519
v 0.078331 -0.142518 0.137995
v 0.097951 -0.223450 0.115321
v 0.079505 -0.274718 0.123738
v 0.080740 -0.289830 0.120069
v 0.099748 -0.196158 0.115865
v 0.102012 -0.167709 0.123223
v 0.096613 -0.181383 0.114098
v 0.058682 -0.263582 0.073511
v 0.062517 -0.257665 0.076687
v 0.055663 -0.257631 0.048010
v 0.081879 -0.333560 0.033806
v 0.100058 -0.381888 0.112326
v 0.051637 -0.264011 0.046612
v 0.084545 -0.320202 0.106865
v 0.088168 -0.315857 0.113445
v 0.051584 -0.274781 0.036959
v 0.077862 -0.306815 0.102876
v 0.095072 -0.408672 0.060383
v 0.092532 -0.403683 0.069945
v 0.095992 -0.429219 0.067084
v 0.101090 -0.421869 0.049244
v 0.107027 -0.409044 0.036622
v 0.107187 -0.385442 0.030087
v 0.077862 -0.306815 0.102876
v 0.080740 -0.289830 0.120069
v 0.088168 -0.315857 0.113445
v 0.042299 0.188182 -0.077804
v 0.064834 0.184503 -0.061797
v 0.034263 0.171080 -0.080065
v 0.028325 0.185554 -0.089221
v 0.038474 0.212465 -0.082694
v 0.015490 0.171716 -0.097925
v 0.010670 0.184528 -0.106302
v -0.000678 0.170318 -0.113769
v 0.062988 0.169618 -0.057212
v 0.053026 0.207890 -0.071439
v 0.000707 0.196041 -0.118507
v 0.022437 0.218849 -0.097601
v 0.076402 0.176097 -0.049067
v 0.080687 0.166354 -0.038778
v 0.098323 0.169127 -0.029993
v 0.078633 0.197877 -0.046872
v -0.020314 0.169284 -0.115423
v -0.005590 0.203344 -0.120739
v -0.043974 0.193396 -0.120286
v -0.033407 0.201667 -0.122010
v -0.017389 0.213285 -0.130682
v -0.024837 0.221569 -0.134337
v 0.003049 0.209049 -0.127200
v 0.007011 0.227082 -0.132004
v 0.013317 0.220930 -0.125410
v 0.014796 0.231728 -0.128675
v 0.006354 0.246995 -0.135108
v -0.007512 0.259559 -0.143693
v 0.002154 0.259047 -0.140238
v 0.023243 0.237345 -0.116670
v 0.020487 0.222690 -0.105757
v -0.035031 0.169814 -0.115487
v -0.052036 0.183878 -0.120152
v -0.062937 0.193788 -0.119293
v -0.064173 0.184673 -0.121579
v -0.059382 0.204060 -0.121433
v -0.022334 0.236718 -0.139403
v 0.088876 0.174492 -0.039131
v -0.046162 0.173570 -0.118022
v -0.053131 0.177368 -0.121460
v 0.014444 0.264691 -0.123261
v -0.058007 0.178382 -0.122527
v -0.052490 0.176025 -0.120728
v 0.002985 0.201904 -0.124454
v -0.009114 0.270880 -0.142755
v -0.053955 0.177124 -0.122559
v 0.067387 0.212524 -0.059788
v 0.034310 0.234869 -0.106721
v 0.101718 0.205176 -0.033610
v 0.103668 0.186337 -0.018510
v 0.102274 0.173019 -0.009320
v 0.106964 0.192056 0.001258
v 0.105478 0.205209 -0.024096
v 0.115784 0.213061 -0.037730
v 0.098899 0.214440 -0.045550
v 0.115922 0.218666 -0.040697
v 0.109513 0.224847 -0.048346
v 0.098804 0.231343 -0.068256
v 0.105554 0.243818 -0.066092
v 0.103753 0.239700 -0.069568
v 0.108972 0.248016 -0.067946
v 0.112047 0.236904 -0.047916
v 0.120777 0.209582 -0.017268
v 0.092766 0.197967 -0.038904
v -0.055020 0.220598 -0.128519
v -0.041495 0.230066 -0.134795
v -0.050133 0.253861 -0.138181
v -0.039731 0.256014 -0.142597
v -0.022349 0.261886 -0.146218
v 0.119144 0.236850 -0.037387
v 0.125757 0.246515 -0.016542
v 0.126660 0.270317 -0.017208
v 0.122684 0.267919 -0.032111
v 0.131505 0.286375 -0.036867
v 0.127787 0.282156 -0.049007
v 0.133742 0.290032 -0.021848
v 0.128740 0.298781 -0.018540
v 0.136946 0.295361 -0.003426
v 0.134575 0.305630 -0.007524
v 0.125074 0.314982 -0.015533
v 0.129699 0.319922 -0.006825
v 0.136567 0.312700 -0.005669
v 0.132360 0.323237 -0.004180
v 0.144070 0.299574 -0.003328
v 0.141917 0.291445 0.007286
v 0.142219 0.285825 0.012258
v 0.109234 0.300472 -0.034062
v 0.096075 0.332421 -0.029579
v 0.093166 0.321463 -0.035458
v 0.077948 0.312399 -0.044655
v 0.093319 0.296466 -0.044830
v 0.067497 0.305314 -0.070276
v 0.079508 0.295723 -0.065508
v 0.098696 0.282580 -0.059008
v 0.090290 0.277265 -0.072439
v 0.099118 0.268613 -0.069373
v 0.105306 0.272231 -0.059437
v 0.106938 0.280334 -0.057203
v 0.104225 0.259445 -0.067906
v 0.061035 0.318836 -0.065914
v 0.067137 0.325345 -0.056908
v 0.059822 0.339090 -0.059152
v 0.081526 0.340345 -0.047498
v 0.076628 0.350376 -0.046739
v 0.062733 0.349918 -0.053485
v 0.042904 0.345391 -0.065853
v 0.045653 0.355030 -0.057585
v 0.028743 0.352514 -0.065596
v 0.032510 0.363791 -0.058221
v 0.040859 0.364327 -0.058214
v 0.017838 0.339079 -0.081197
v 0.032808 0.328331 -0.083172
v 0.012201 0.358244 -0.068459
v 0.003473 0.351820 -0.077626
v -0.001099 0.355284 -0.081688
v 0.000563 0.347207 -0.091827
v -0.015647 0.355767 -0.087980
v -0.019534 0.363646 -0.084857
v -0.036658 0.367624 -0.081067
v -0.032056 0.349100 -0.110099
v -0.045579 0.360324 -0.105030
v -0.017083 0.342485 -0.109517
v -0.045347 0.357729 -0.111118
v -0.052300 0.348209 -0.117391
v -0.066846 0.358435 -0.107153
v -0.068956 0.360427 -0.102958
v -0.069253 0.355052 -0.111628
v -0.069269 0.350066 -0.116446
v -0.065079 0.341880 -0.126439
v 0.006361 0.370101 -0.073308
v 0.023185 0.366123 -0.063005
v 0.014135 0.331308 -0.091353
v 0.056815 0.359678 -0.055028
v 0.088008 0.342501 -0.034646
v 0.043389 0.323763 -0.078423
v 0.091199 0.332744 -0.037543
v 0.122023 0.273408 -0.048229
v 0.119147 0.282828 -0.054050
v 0.133501 0.279863 -0.002109
v 0.117599 0.267478 -0.042823
v 0.126910 0.235579 -0.001667
v 0.122471 0.207830 -0.005136
v 0.124246 0.214910 0.005645
v 0.126950 0.245326 0.005359
v 0.125948 0.229902 0.009806
v 0.049863 0.377174 -0.051688
v 0.038678 0.375936 -0.058754
v 0.057858 0.392939 -0.050909
v 0.039284 0.407027 -0.074240
v 0.062720 0.407223 -0.051842
v 0.073073 0.404524 -0.036161
v 0.054764 0.421947 -0.047159
v 0.031666 0.379859 -0.068138
v 0.030636 0.393134 -0.075147
v 0.030787 0.405070 -0.082041
v 0.031547 0.418200 -0.077785
v 0.023680 0.415234 -0.073230
v 0.021998 0.409665 -0.077062
v 0.016926 0.419122 -0.075462
v -0.000026 0.419423 -0.082103
v 0.001570 0.409460 -0.083098
v -0.020336 0.402774 -0.084013
v -0.023414 0.419469 -0.079547
v 0.020564 0.401691 -0.074149
v 0.043250 0.419366 -0.064732
v 0.065626 0.419487 -0.027948
v 0.070095 0.380530 -0.033137
v 0.034750 0.367577 -0.063823
v 0.063205 0.368149 -0.048138
v 0.078199 0.379711 -0.015857
v 0.082303 0.365620 -0.019745
v 0.083026 0.359587 -0.032933
v -0.062744 0.180908 -0.124634
v -0.047358 0.278738 -0.145126
v 0.001453 0.270753 -0.136150
v 0.119654 0.290173 -0.044411
v 0.006489 0.208258 -0.114014
v 0.107297 0.252189 -0.061796
v 0.083243 0.209399 -0.046517
v 0.075621 0.216983 -0.058667
v 0.072195 0.225437 -0.073454
v 0.002572 0.337294 -0.102056
v -0.004858 0.332375 -0.112845
v 0.012040 0.323325 -0.108292
v -0.004501 0.316064 -0.127374
v 0.020216 0.312132 -0.112636
v 0.005443 0.306058 -0.129381
v -0.006899 0.297219 -0.148860
v 0.004514 0.295313 -0.142498
v 0.016709 0.300694 -0.122611
v -0.013638 0.310143 -0.139293
v -0.023921 0.299084 -0.154802
v -0.029824 0.315660 -0.140617
v -0.035716 0.300181 -0.151787
v -0.050556 0.313434 -0.141872
v -0.053870 0.301978 -0.145588
v -0.057027 0.321919 -0.140542
v -0.048688 0.323975 -0.137028
v -0.020065 0.324635 -0.128785
v 0.029258 0.301354 -0.113178
v 0.022468 0.278206 -0.118300
v 0.032960 0.287959 -0.113136
v 0.039299 0.271479 -0.113133
v 0.036928 0.286572 -0.115000
v 0.032298 0.304087 -0.114260
v 0.017274 0.289244 -0.120514
v 0.014654 0.295306 -0.123176
v 0.011922 0.289728 -0.125878
v 0.065584 0.222988 -0.088394
v 0.055207 0.308672 -0.079016
v 0.044510 0.313324 -0.087173
v 0.128119 0.267274 0.000641
v 0.131726 0.266906 0.005919
v -0.021392 0.281147 -0.148994
v 0.013043 0.325306 -0.104301
v 0.000705 0.281197 -0.139544
v 0.073333 0.369735 -0.040152
v 0.064791 0.228529 -0.095434
v 0.056438 0.233301 -0.101475
v 0.059052 0.251843 -0.107517
v 0.064587 0.255616 -0.100771
v 0.061944 0.261394 -0.107256
v 0.065115 0.267497 -0.103731
v 0.067896 0.270807 -0.097478
v 0.056055 0.250712 -0.109667
v 0.039460 0.246460 -0.110396
v 0.048818 0.254181 -0.111558
v 0.041792 0.259550 -0.112351
v 0.111494 0.268845 -0.051134
v -0.041953 0.337082 -0.125765
v 0.031196 0.317729 -0.095728
v -0.031858 0.274994 -0.147610
v 0.107533 0.202431 -0.013524
v -0.060399 0.336242 -0.129786
v -0.005129 0.387633 -0.078461
v -0.021321 0.386281 -0.083199
v 0.024079 0.247620 -0.117189
v 0.109931 0.200552 0.006835
v 0.022465 0.376799 -0.066318
v 0.078471 0.357566 -0.048258
v 0.020487 0.222690 -0.105757
v 0.022437 0.218849 -0.097601
v 0.006489 0.208258 -0.114014
v 0.034310 0.234869 -0.106721
v 0.098899 0.214440 -0.045550
v 0.083243 0.209399 -0.046517
v 0.075621 0.216983 -0.058667
v 0.098804 0.231343 -0.068256
v 0.072195 0.225437 -0.073454
v 0.111494 0.268845 -0.051134
v 0.112047 0.236904 -0.047916
v 0.107297 0.252189 -0.061796
v 0.105306 0.272231 -0.059437
v 0.106938 0.280334 -0.057203
v 0.122023 0.273408 -0.048229
v 0.111494 0.268845 -0.051134
v 0.119147 0.282828 -0.054050
v 0.119654 0.290173 -0.044411
v 0.133501 0.279863 -0.002109
v 0.142219 0.285825 0.012258
v 0.131726 0.266906 0.005919
v 0.144990 0.276125 0.019484
v 0.141360 0.266288 0.015677
v 0.139498 0.236668 0.010680
v 0.150277 0.269333 0.025207
v 0.152761 0.265455 0.030896
v 0.145850 0.245266 0.019039
v 0.142601 0.216128 0.014107
v 0.154105 0.218628 0.029673
v 0.152193 0.255980 0.031730
v 0.150949 0.206525 0.022384
v 0.169963 0.200541 0.034504
v 0.167341 0.193304 0.027131
v 0.169378 0.214115 0.047810
v 0.178342 0.196632 0.048004
v 0.173740 0.206767 0.055171
v 0.180243 0.196632 0.067683
v 0.189206 0.181845 0.051946
v 0.191688 0.186061 0.071760
v 0.203481 0.170535 0.065366
v 0.202989 0.162434 0.056421
v 0.190004 0.172101 0.041806
v 0.195481 0.157897 0.045594
v 0.203285 0.175496 0.076592
v 0.200310 0.155042 0.049565
v 0.175906 0.187536 0.030444
v 0.161537 0.225122 0.041339
v 0.161868 0.253059 0.040654
v 0.168434 0.230585 0.043833
v 0.178568 0.219190 0.048347
v 0.155714 0.260731 0.036198
v 0.017274 0.289244 -0.120514
v 0.014101 0.282899 -0.123251
v 0.011922 0.289728 -0.125878
v 0.022468 0.278206 -0.118300
v 0.014444 0.264691 -0.123261
v 0.001453 0.270753 -0.136150
v 0.024079 0.247620 -0.117189
v 0.041792 0.259550 -0.112351
v 0.039299 0.271479 -0.113133
v 0.016709 0.300694 -0.122611
v 0.014101 0.282899 -0.123251
v 0.001453 0.270753 -0.136150
v 0.004514 0.295313 -0.142498
v 0.000705 0.281197 -0.139544
v -0.009114 0.270880 -0.142755
v -0.006899 0.297219 -0.148860
v 0.000705 0.281197 -0.139544
v -0.021392 0.281147 -0.148994
v -0.031858 0.274994 -0.147610
v -0.023921 0.299084 -0.154802
v -0.021392 0.281147 -0.148994
v -0.022349 0.261886 -0.146218
v -0.035716 0.300181 -0.151787
v -0.031858 0.274994 -0.147610
v -0.047358 0.278738 -0.145126
v -0.053870 0.301978 -0.145588
v 0.088008 0.342501 -0.034646
v 0.096075 0.332421 -0.029579
v 0.091199 0.332744 -0.037543
v 0.078471 0.357566 -0.048258
v 0.080599 0.351138 -0.038465
v 0.076628 0.350376 -0.046739
v 0.031666 0.379859 -0.068138
v 0.034750 0.367577 -0.063823
v 0.023185 0.366123 -0.063005
v 0.022465 0.376799 -0.066318
v 0.020564 0.401691 -0.074149
v 0.104225 0.259445 -0.067906
v 0.107297 0.252189 -0.061796
v 0.108972 0.248016 -0.067946
v -0.053986 0.177124 -0.122559
v -0.058007 0.178382 -0.122527
v -0.053131 0.177368 -0.121460
v 0.121694 0.108442 0.075542
v 0.135854 0.086714 0.078340
v 0.120985 0.081488 0.088681
v 0.133234 0.119346 0.062078
v 0.110944 0.091413 0.099907
v 0.142871 0.112974 0.059482
v 0.153972 0.098720 0.064102
v 0.150434 0.083620 0.076473
v 0.156717 0.119344 0.047199
v 0.109445 0.073124 0.105519
v 0.112949 0.065956 0.101383
v 0.116941 0.069269 0.093687
v 0.122875 0.057358 0.095229
v 0.100886 0.050355 0.114820
v 0.128899 0.074844 0.086736
v 0.146187 0.062970 0.090052
v 0.175528 0.085948 0.081361
v 0.172775 0.066762 0.097483
v 0.186017 0.087536 0.086167
v 0.195908 0.082540 0.095622
v 0.156975 0.044389 0.106322
v 0.109786 0.047024 0.107282
v 0.124585 0.079294 0.085789
v 0.121592 0.060748 0.085328
v 0.140005 0.042763 0.101454
v 0.109097 0.116597 0.091077
v 0.205323 0.095339 0.085280
v 0.172899 0.105876 0.061023
v 0.167927 0.044960 0.112215
v 0.119275 0.133315 0.071856
v 0.134274 0.135968 0.052819
v 0.197041 0.102376 0.077202
v 0.154101 0.029040 0.106770
v 0.174381 0.050846 0.114276
v 0.187593 0.070405 0.104722
v 0.218110 0.112766 0.069669
v 0.217039 0.118243 0.061787
v 0.229761 0.122629 0.054821
v 0.219538 0.130027 0.044806
v 0.222919 0.134277 0.041112
v 0.212693 0.140989 0.045874
v 0.210170 0.130500 0.054245
v 0.228022 0.130655 0.048890
v 0.156155 0.129059 0.040790
v 0.134896 0.143016 0.054570
v 0.144230 0.141986 0.047783
v 0.132188 0.157224 0.044119
v 0.125874 0.172400 0.037936
v 0.119483 0.153199 0.062046
v 0.157272 0.164809 0.030648
v 0.137884 0.177037 0.030038
v 0.121841 0.190811 0.027392
v 0.134261 0.198826 0.021472
v 0.122615 0.222207 0.013283
v 0.142601 0.216128 0.014107
v 0.115880 0.212507 0.019530
v 0.104621 0.206995 0.029803
v 0.146613 0.191179 0.023861
v 0.168399 0.173656 0.030391
v 0.175705 0.156215 0.037260
v 0.167341 0.193304 0.027131
v 0.173598 0.137113 0.044306
v 0.175906 0.187536 0.030444
v 0.190558 0.141170 0.048871
v 0.200310 0.155042 0.049565
v 0.195481 0.157897 0.045594
v 0.188582 0.132676 0.047956
v 0.150949 0.206525 0.022384
v 0.190004 0.172101 0.041806
v 0.125948 0.229902 0.009806
v 0.139498 0.236668 0.010680
v 0.126950 0.245326 0.005359
v 0.131726 0.266906 0.005919
v 0.107056 0.183962 0.043778
v 0.158126 0.137192 0.042498
v 0.124041 0.143799 0.065285
v 0.093592 0.180344 0.063609
v 0.082497 0.207763 0.051391
v 0.083170 0.197552 0.060502
v 0.164749 0.032679 0.113935
v 0.099698 0.203264 0.036413
v 0.169630 0.128100 0.041434
v 0.138848 0.027846 0.104741
v 0.142065 0.025118 0.107536
v 0.124483 0.033111 0.106966
v 0.124199 0.033714 0.103314
v 0.125017 0.047206 0.099861
v 0.157898 0.026182 0.111518
v 0.098522 0.205055 0.035185
v 0.201692 0.141763 0.047514
v 0.203844 0.125340 0.059376
v 0.187137 0.113608 0.060869
v 0.110431 0.041048 0.111287
v 0.103207 0.043851 0.121222
v 0.208647 0.155291 0.041189
v 0.124585 0.079294 0.085789
v 0.128899 0.074844 0.086736
v 0.127894 0.064478 0.090693
v 0.146187 0.062970 0.090052
v 0.122875 0.057358 0.095229
v 0.140005 0.042763 0.101454
v 0.121592 0.060748 0.085328
v 0.117636 0.069281 0.071604
v 0.116941 0.069269 0.093687
v 0.125017 0.047206 0.099861
v 0.109786 0.047024 0.107282
v 0.125017 0.047206 0.099861
v 0.124199 0.033714 0.103314
v 0.110431 0.041048 0.111287
v 0.100886 0.050355 0.114820
v 0.110431 0.041048 0.111287
v 0.103207 0.043851 0.121222
v 0.096747 0.052685 0.122947
v 0.158126 0.137192 0.042498
v 0.173598 0.137113 0.044306
v 0.156155 0.129059 0.040790
v 0.169630 0.128100 0.041434
v -0.012045 0.086609 -0.113723
v -0.019113 0.084664 -0.105742
v -0.027532 0.053068 -0.099492
v -0.035225 0.075691 -0.093077
v -0.034102 0.093332 -0.094112
v -0.035735 0.110100 -0.091966
v -0.025541 0.117755 -0.098370
v -0.012485 0.048584 -0.114377
v -0.035156 0.081087 -0.089278
v -0.044956 0.114645 -0.091914
v -0.025148 0.049775 -0.101419
v -0.005996 0.048952 -0.126915
v -0.031471 0.059011 -0.095867
v -0.036375 0.050294 -0.096640
v -0.012125 0.115882 -0.114485
v -0.009859 0.082721 -0.118408
v -0.007276 0.063503 -0.126873
v -0.010131 0.082002 -0.125956
v -0.010905 0.115324 -0.123220
v -0.031471 0.059011 -0.095867
v -0.029624 0.051025 -0.093419
v -0.027532 0.053068 -0.099492
v 0.048004 0.339321 0.073123
v 0.018627 0.328894 0.069668
v 0.037232 0.321638 0.085750
v 0.055123 0.334537 0.088890
v 0.054466 0.322559 0.100003
v 0.038019 0.304280 0.096816
v 0.056729 0.314269 0.104932
v 0.024285 0.342016 0.054462
v 0.023648 0.314330 0.087018
v 0.014016 0.318992 0.079109
v 0.039901 0.344860 0.059583
v -0.006123 0.318880 0.070873
v -0.003539 0.308321 0.085454
v 0.054425 0.340361 0.082945
v -0.023251 0.313511 0.081869
v -0.011406 0.334629 0.073044
v 0.009734 0.333522 0.061282
v -0.029403 0.306899 0.086789
v -0.004067 0.301841 0.096834
v -0.038837 0.303709 0.087925
v -0.015705 0.289453 0.103608
v 0.003945 0.279632 0.112233
v -0.019498 0.269996 0.114208
v 0.000751 0.261623 0.119065
v 0.025688 0.267661 0.114422
v 0.015343 0.249665 0.119806
v 0.000463 0.248224 0.121809
v -0.035122 0.289004 0.099772
v 0.061209 0.301975 0.109871
v 0.038491 0.294429 0.099658
v 0.053800 0.285146 0.104621
v 0.063483 0.293023 0.110595
v 0.068290 0.279958 0.109732
v 0.046507 0.280090 0.101857
v 0.021381 0.278403 0.108330
v -0.018849 0.246417 0.119152
v -0.027206 0.354285 0.084472
v -0.035488 0.311851 0.090877
v 0.025187 0.305481 0.093768
v 0.035846 0.349306 0.050644
v 0.037561 0.358353 0.047255
v 0.012199 0.369118 0.060429
v 0.034357 0.380346 0.047646
v 0.043738 0.382943 0.043609
v -0.013905 0.359429 0.075457
v 0.045119 0.380900 0.046470
v 0.042612 0.362056 0.049250
v -0.037913 0.270732 0.109578
v -0.053107 0.278722 0.101535
v -0.059092 0.295131 0.089093
v -0.064452 0.286589 0.095883
v -0.071235 0.296241 0.081372
v -0.058825 0.306091 0.071420
v -0.080768 0.299671 0.069834
v -0.051994 0.274134 0.101628
v -0.051485 0.254949 0.104086
v -0.056492 0.267731 0.094870
v -0.052440 0.241562 0.109146
v -0.051001 0.306596 0.080550
v -0.035295 0.253926 0.113113
v -0.052630 0.309704 0.070943
v -0.048219 0.316055 0.080896
v -0.041586 0.325803 0.098059
v -0.039626 0.351055 0.092912
v 0.000878 0.363800 0.067267
v 0.038276 0.268290 0.105886
v 0.010412 0.297442 0.097836
v -0.035295 0.253926 0.113113
v -0.052440 0.241562 0.109146
v -0.018849 0.246417 0.119152
v 0.021381 0.278403 0.108330
v 0.025688 0.267661 0.114422
v 0.038276 0.268290 0.105886
v -0.046337 0.312322 0.083956
v -0.051001 0.306596 0.080550
v -0.038837 0.303709 0.087925
v -0.035488 0.311851 0.090877
v -0.041586 0.325803 0.098059
v -0.048219 0.316055 0.080896
v -0.045538 0.321951 0.083230
v -0.163048 -0.227406 -0.053402
v -0.158894 -0.227795 -0.042530
v -0.167866 -0.224119 -0.050374
v -0.161786 -0.228918 -0.064024
v -0.146617 -0.246777 -0.049936
v -0.167326 -0.221239 -0.037353
v -0.173321 -0.214826 -0.052068
v -0.183164 -0.224068 -0.057951
v -0.155548 -0.236510 -0.069606
v -0.145693 -0.255351 -0.068139
v -0.141604 -0.252607 -0.093667
v -0.170984 -0.207416 -0.034581
v -0.148971 -0.235108 -0.093202
v -0.137688 -0.262608 -0.075055
v -0.138915 -0.262755 -0.087111
v -0.136389 -0.269604 -0.069186
v -0.158231 -0.223689 -0.083149
v -0.171838 -0.204632 -0.037237
v -0.177678 -0.201359 -0.054840
v -0.179624 -0.184602 -0.052980
v -0.173362 -0.213450 -0.061368
v -0.173998 -0.205951 -0.065290
v -0.196037 -0.228839 -0.065717
v -0.176592 -0.231586 -0.061593
v -0.168011 -0.209477 -0.075426
v -0.138971 -0.247778 -0.112079
v -0.141352 -0.258315 -0.103499
v -0.140048 -0.267333 -0.063277
v -0.166922 -0.220600 -0.067089
v -0.158231 -0.223689 -0.083149
v -0.161786 -0.228918 -0.064024
v -0.168011 -0.209477 -0.075426
v -0.173362 -0.213450 -0.061368
v 0.059596 -0.173794 0.089567
v 0.059820 -0.181727 0.075537
v 0.073056 -0.169369 0.087662
v 0.050614 -0.180790 0.085758
v 0.051196 -0.170490 0.099514
v 0.038582 -0.178263 0.094754
v 0.048938 -0.189343 0.072177
v 0.062936 -0.183899 0.062821
v 0.077185 -0.174280 0.075930
v 0.046169 -0.196147 0.058772
v 0.060811 -0.189902 0.043061
v 0.067772 -0.169164 0.093649
v 0.067784 -0.162143 0.102056
v 0.050172 -0.196671 0.044076
v 0.055443 -0.192520 0.033276
v 0.066234 -0.190343 0.030786
v 0.046528 -0.169369 0.103417
v 0.058802 -0.169140 0.098248
v 0.085875 -0.159075 0.095147
v 0.076618 -0.158264 0.103577
v 0.040825 -0.190154 0.082224
v 0.071381 -0.180581 0.049892
v 0.081729 -0.189184 0.035789
v 0.080143 -0.179469 0.050730
v 0.066027 -0.182690 0.054322
v 0.053801 -0.162316 0.107377
v 0.092467 -0.158879 0.085614
v 0.095562 -0.169570 0.077308
v 0.058963 -0.159001 0.108942
v 0.069167 -0.156708 0.108196
v 0.050360 -0.157545 0.111800
v 0.079738 -0.157064 0.107943
v 0.079547 -0.177646 0.063619
v 0.095291 -0.179698 0.060090
v 0.058963 -0.159001 0.108942
v 0.050360 -0.157545 0.111800
v 0.048082 -0.172465 0.109270
v 0.041916 -0.178800 0.111461
v 0.044631 -0.180465 0.105837
v 0.053801 -0.162316 0.107377
v -0.134749 -0.479124 -0.060234
v -0.152576 -0.478076 -0.046679
v -0.152594 -0.499136 -0.045321
v -0.167460 -0.478715 -0.041524
v -0.169475 -0.499461 -0.039127
v -0.174492 -0.497902 -0.039695
v -0.138515 -0.498047 -0.055420
v -0.132053 -0.498781 -0.061333
v -0.128079 -0.476876 -0.071068
v -0.116241 -0.497923 -0.081702
v -0.185779 -0.478783 -0.038235
v -0.199352 -0.494967 -0.035203
v -0.193727 -0.496839 -0.036040
v -0.202702 -0.472482 -0.037776
v -0.120312 -0.483070 -0.077725
v -0.116714 -0.481848 -0.085172
v -0.126405 -0.462195 -0.074632
v -0.142329 -0.475374 -0.062005
v -0.140857 -0.457558 -0.065929
v -0.154000 -0.476305 -0.053413
v -0.108834 -0.470612 -0.092297
v -0.110541 -0.447231 -0.093151
v -0.094375 -0.466305 -0.109413
v -0.091320 -0.449258 -0.110119
v -0.077957 -0.475479 -0.117010
v -0.087389 -0.475895 -0.111871
v -0.078607 -0.498127 -0.116461
v -0.085265 -0.497568 -0.112778
v -0.069309 -0.478096 -0.116135
v -0.071420 -0.474004 -0.120122
v -0.053597 -0.477340 -0.132000
v -0.051574 -0.474843 -0.137016
v -0.054778 -0.496583 -0.123680
v -0.070087 -0.446780 -0.118980
v -0.050056 -0.450359 -0.136597
v -0.043632 -0.456968 -0.147457
v -0.055635 -0.433125 -0.128233
v -0.066566 -0.433653 -0.118507
v -0.061378 -0.420817 -0.124529
v -0.061457 -0.416614 -0.121267
v -0.054805 -0.406646 -0.128939
v -0.066412 -0.396332 -0.120676
v -0.083654 -0.413675 -0.106835
v -0.078196 -0.396278 -0.109003
v -0.064854 -0.381481 -0.118677
v -0.052450 -0.362601 -0.131071
v -0.073392 -0.367919 -0.103599
v -0.058180 -0.360710 -0.116635
v -0.067008 -0.348405 -0.096277
v -0.049917 -0.344240 -0.116546
v -0.058767 -0.389898 -0.132199
v -0.056365 -0.410401 -0.133845
v -0.071433 -0.436042 -0.111970
v -0.043723 -0.467973 -0.150752
v -0.043718 -0.436541 -0.141127
v -0.053026 -0.497316 -0.128910
v -0.049406 -0.481102 -0.136219
v -0.068108 -0.496853 -0.113747
v -0.097416 -0.496465 -0.109893
v -0.102969 -0.493530 -0.105840
v -0.097715 -0.475458 -0.104217
v -0.130348 -0.440064 -0.078260
v -0.097269 -0.447809 -0.104838
v -0.097646 -0.440345 -0.092884
v -0.105566 -0.440855 -0.081519
v -0.158119 -0.459981 -0.054241
v -0.157855 -0.450589 -0.063158
v -0.168108 -0.456039 -0.057470
v -0.168687 -0.476528 -0.047566
v -0.180861 -0.457009 -0.044365
v -0.187255 -0.475802 -0.040945
v -0.201282 -0.453517 -0.038500
v -0.201887 -0.444381 -0.040545
v -0.047220 -0.426685 -0.142120
v -0.079610 -0.447678 -0.115137
v -0.142239 -0.442719 -0.072721
v -0.159481 -0.443968 -0.070000
v -0.154460 -0.435589 -0.079012
v -0.140094 -0.438743 -0.068184
v -0.126454 -0.433229 -0.073511
v -0.122232 -0.417492 -0.075439
v -0.146390 -0.433129 -0.064103
v -0.146865 -0.416284 -0.066873
v -0.139901 -0.401355 -0.073892
v -0.126354 -0.402678 -0.076918
v -0.141292 -0.397380 -0.076592
v -0.117621 -0.409899 -0.079344
v -0.156502 -0.428141 -0.064645
v -0.117083 -0.435076 -0.077577
v -0.042569 -0.496693 -0.149917
v -0.041711 -0.470933 -0.154455
v -0.047581 -0.497615 -0.136726
v -0.118095 -0.492789 -0.088804
v -0.114603 -0.444492 -0.087640
v -0.106498 -0.419853 -0.075063
v -0.055673 -0.394710 -0.135286
v -0.110157 -0.488375 -0.095336
v -0.055173 -0.497182 -0.132609
v -0.108248 -0.413821 -0.076434
v -0.075447 -0.440749 -0.107814
v -0.201282 -0.453517 -0.038500
v -0.202702 -0.472482 -0.037776
v -0.187255 -0.475802 -0.040945
v -0.071433 -0.436042 -0.111970
v -0.083654 -0.413675 -0.106835
v -0.091540 -0.430579 -0.097150
v -0.075447 -0.440749 -0.107814
v -0.095056 -0.418304 -0.096019
v -0.107675 -0.396397 -0.093991
v -0.094933 -0.428918 -0.084790
v -0.100735 -0.414604 -0.082608
v -0.097646 -0.440345 -0.092884
v -0.105566 -0.440855 -0.081519
v -0.101606 -0.388374 -0.098977
v -0.106498 -0.419853 -0.075063
v -0.087104 -0.440181 -0.100521
v -0.101841 -0.409253 -0.092815
v -0.126866 -0.381576 -0.086045
v -0.109714 -0.406090 -0.086702
v -0.127607 -0.391324 -0.082802
v -0.126354 -0.402678 -0.076918
v -0.117621 -0.409899 -0.079344
v -0.131695 -0.382900 -0.086338
v -0.141292 -0.397380 -0.076592
v -0.091320 -0.449258 -0.110119
v -0.079610 -0.447678 -0.115137
v -0.117083 -0.435076 -0.077577
v -0.114603 -0.444492 -0.087640
v -0.097269 -0.447809 -0.104838
v -0.108248 -0.413821 -0.076434
v -0.083883 -0.429887 -0.181810
v -0.079299 -0.434705 -0.181960
v -0.084059 -0.433079 -0.193649
v -0.081315 -0.436318 -0.212554
v -0.069054 -0.422278 -0.171191
v -0.061647 -0.447658 -0.175749
v -0.058066 -0.420392 -0.159484
v -0.068092 -0.404943 -0.162779
v -0.056824 -0.405234 -0.143923
v -0.047220 -0.426685 -0.142120
v -0.056365 -0.410401 -0.133845
v -0.054805 -0.406646 -0.128939
v -0.047505 -0.447790 -0.158807
v -0.060952 -0.470481 -0.177301
v -0.049938 -0.465742 -0.163092
v -0.043632 -0.456968 -0.147457
v -0.043718 -0.436541 -0.141127
v -0.055673 -0.394710 -0.135286
v -0.050423 -0.432305 -0.155166
v -0.046330 -0.466963 -0.162836
v -0.057543 -0.477126 -0.176663
v -0.043056 -0.494480 -0.159149
v -0.041711 -0.470933 -0.154455
v -0.042569 -0.496693 -0.149917
v -0.063881 -0.473928 -0.178570
v -0.056684 -0.494933 -0.176432
v -0.086021 -0.409553 -0.174942
v -0.082139 -0.472161 -0.184637
v -0.080000 -0.477696 -0.185893
v -0.063016 -0.388908 -0.152845
v -0.043723 -0.467973 -0.150752
v -0.076346 -0.442819 -0.182817
v -0.042877 -0.469482 -0.156616
v -0.042725 -0.467773 -0.158325
v -0.080997 -0.400388 -0.173232
v -0.074316 -0.497463 -0.185609
v -0.080725 -0.449719 -0.185389
v -0.058767 -0.389898 -0.132199
v -0.069426 -0.395250 -0.164194
v -0.050423 -0.432305 -0.155166
v -0.047220 -0.426685 -0.142120
v -0.043718 -0.436541 -0.141127
v -0.043723 -0.467973 -0.150752
v -0.041711 -0.470933 -0.154455
v -0.042877 -0.469482 -0.156616
v -0.042725 -0.467773 -0.158203
v -0.082419 -0.441268 -0.207996
v -0.076346 -0.442819 -0.182817
v -0.080725 -0.449719 -0.185389
v -0.081315 -0.436318 -0.212554
v -0.070967 0.252257 -0.178852
v -0.075293 0.236611 -0.162647
v -0.073804 0.237886 -0.181382
v -0.076809 0.237361 -0.156646
v -0.074357 0.254854 -0.154982
v -0.076843 0.243805 -0.141937
v -0.067806 0.242842 -0.194516
v -0.067611 0.247386 -0.195582
v -0.063547 0.243883 -0.214960
v -0.082421 0.240959 -0.139427
v -0.076723 0.245993 -0.129504
v -0.079960 0.229433 -0.127238
v -0.076873 0.232660 -0.116290
v -0.073509 0.250887 -0.115587
v -0.087870 0.231462 -0.135261
v -0.084199 0.215669 -0.134681
v -0.072347 0.258789 -0.142977
v -0.078407 0.195097 -0.127869
v -0.074078 0.230233 -0.116044
v -0.078547 0.220771 -0.110212
v -0.079479 0.187590 -0.123228
v -0.081020 0.210006 -0.106858
v -0.070428 0.256216 -0.117795
v -0.082259 0.199850 -0.138395
v -0.097618 0.218434 -0.145937
v -0.099907 0.217803 -0.149272
v -0.089675 0.221942 -0.134528
v -0.097502 0.198479 -0.149678
v -0.112057 0.205358 -0.158811
v -0.109288 0.223680 -0.156499
v -0.120367 0.214196 -0.161962
v -0.113667 0.225219 -0.169703
v -0.124480 0.217528 -0.175028
v -0.106483 0.238890 -0.170943
v -0.125971 0.207982 -0.164416
v -0.139309 0.217021 -0.175764
v -0.100292 0.236260 -0.151824
v -0.105597 0.236664 -0.167954
v -0.108899 0.177938 -0.174005
v -0.100299 0.175994 -0.162761
v -0.095554 0.185364 -0.143768
v -0.097746 0.170622 -0.142263
v -0.105091 0.150679 -0.161530
v -0.103577 0.156980 -0.146110
v -0.099392 0.164111 -0.130111
v -0.108183 0.153114 -0.131576
v -0.108203 0.152278 -0.120632
v -0.102004 0.158160 -0.119594
v -0.109288 0.165341 -0.171262
v -0.110324 0.160348 -0.172058
v -0.109540 0.146266 -0.173378
v -0.106372 0.136447 -0.164062
v -0.103977 0.134243 -0.158517
v -0.105692 0.142855 -0.175012
v -0.109352 0.147306 -0.186952
v -0.117057 0.157839 -0.185737
v -0.115076 0.156254 -0.190564
v -0.114490 0.156124 -0.197202
v -0.114225 0.177326 -0.213052
v -0.116393 0.165903 -0.196993
v -0.118507 0.182303 -0.207760
v -0.115392 0.197410 -0.225780
v -0.113138 0.190201 -0.226066
v -0.115188 0.197226 -0.233425
v -0.124840 0.175152 -0.194153
v -0.127425 0.169159 -0.189058
v -0.090569 0.178407 -0.127773
v -0.108587 0.148417 -0.135083
v -0.099201 0.227879 -0.145169
v -0.113119 0.178892 -0.176660
v -0.087970 0.175467 -0.117299
v -0.088230 0.190248 -0.136508
v -0.095675 0.234677 -0.141388
v -0.103995 0.139695 -0.143823
v -0.093836 0.130769 -0.145093
v -0.101940 0.143350 -0.133028
v -0.103637 0.149025 -0.124328
v -0.068728 0.269591 -0.144540
v -0.064268 0.263801 -0.126131
v -0.062363 0.269471 -0.132424
v -0.061978 0.279839 -0.141944
v -0.054365 0.280921 -0.141792
v -0.053870 0.301978 -0.145588
v -0.070125 0.281633 -0.151965
v -0.069155 0.303860 -0.157867
v -0.058233 0.323420 -0.153433
v -0.068299 0.323102 -0.158429
v -0.074241 0.305563 -0.163801
v -0.058302 0.339055 -0.153262
v -0.076552 0.285269 -0.156291
v -0.072645 0.269166 -0.153087
v -0.088230 0.190248 -0.136508
v -0.079479 0.187590 -0.123228
v -0.090569 0.178407 -0.127773
v -0.087970 0.175467 -0.117299
v -0.099201 0.227879 -0.145169
v -0.096961 0.218841 -0.142137
v -0.097618 0.218434 -0.145937
v -0.089675 0.221942 -0.134528
v -0.087870 0.231462 -0.135261
v -0.095675 0.234677 -0.141388
v -0.076552 0.285269 -0.156291
v -0.070125 0.281633 -0.151965
v -0.081683 0.266692 -0.158195
v -0.072645 0.269166 -0.153087
v -0.074357 0.254854 -0.154982
v -0.075908 0.256992 -0.158872
v -0.200398 -0.468265 -0.091219
v -0.206898 -0.467887 -0.084498
v -0.206438 -0.477726 -0.086971
v -0.198328 -0.458235 -0.082335
v -0.206299 -0.455102 -0.079294
v -0.199459 -0.453663 -0.083319
v -0.200562 -0.480832 -0.093925
v -0.193548 -0.468813 -0.094912
v -0.184158 -0.453020 -0.092083
v -0.179721 -0.481752 -0.093245
v -0.182248 -0.472723 -0.098067
v -0.173912 -0.478041 -0.100916
v -0.172848 -0.465020 -0.109378
v -0.211029 -0.488399 -0.081971
v -0.217979 -0.485652 -0.077785
v -0.218142 -0.455189 -0.076902
v -0.183078 -0.463988 -0.100085
v -0.214198 -0.495805 -0.082677
v -0.189586 -0.454302 -0.084484
v -0.223544 -0.497904 -0.079599
v -0.224998 -0.493750 -0.072957
v -0.196691 -0.494074 -0.081569
v -0.201979 -0.485725 -0.086034
v -0.179362 -0.450113 -0.081870
v -0.221164 -0.490819 -0.069996
v -0.199077 -0.490386 -0.082335
v -0.220959 -0.458489 -0.070454
v -0.217301 -0.452592 -0.069932
v -0.189708 -0.488684 -0.077749
v -0.189381 -0.496658 -0.079765
v -0.175189 -0.455782 -0.099710
v -0.207013 -0.451558 -0.069509
v -0.190666 -0.485253 -0.086560
v -0.201979 -0.485725 -0.086034
v -0.199077 -0.490386 -0.082335
v -0.205950 -0.452106 -0.083876
v -0.207013 -0.451558 -0.069509
v -0.206299 -0.455102 -0.079294
v 0.173373 -0.475351 0.048485
v 0.165941 -0.471788 0.054187
v 0.173928 -0.494108 0.050176
v 0.165320 -0.496767 0.056897
v 0.164767 -0.497183 0.082055
v 0.163090 -0.468007 0.077958
v 0.166328 -0.452736 0.053927
v 0.160655 -0.468395 0.089247
v 0.161107 -0.487051 0.089256
v 0.175901 -0.491650 0.044707
v 0.160205 -0.451996 0.090157
v 0.162232 -0.448308 0.079479
v 0.164646 -0.440468 0.090687
v 0.157235 -0.465620 0.109409
v 0.153004 -0.451500 0.112894
v 0.159621 -0.474861 0.122830
v 0.152802 -0.459458 0.141135
v 0.157008 -0.471554 0.150223
v 0.148555 -0.455195 0.150030
v 0.161920 -0.475850 0.135970
v 0.163336 -0.478715 0.159629
v 0.164964 -0.499473 0.124154
v 0.164468 -0.498165 0.144671
v 0.167618 -0.499483 0.153433
v 0.163643 -0.500059 0.168249
v 0.160360 -0.499833 0.181563
v 0.156534 -0.479400 0.181953
v 0.155105 -0.499510 0.186549
v 0.148876 -0.498326 0.198867
v 0.154508 -0.462486 0.159681
v 0.147965 -0.440720 0.120170
v 0.147587 -0.479691 0.196980
v 0.139996 -0.497325 0.203314
v 0.128998 -0.474825 0.212319
v 0.128697 -0.495852 0.213462
v 0.158251 -0.477919 0.171343
v 0.143603 -0.443596 0.136806
v 0.142955 -0.434696 0.128246
v 0.148792 -0.428670 0.120504
v 0.138579 -0.428484 0.139290
v 0.140482 -0.407974 0.121798
v 0.127725 -0.411763 0.145330
v 0.148553 -0.410486 0.113637
v 0.134085 -0.397857 0.122903
v 0.124646 -0.398240 0.137044
v 0.126718 -0.393201 0.125336
v 0.163574 -0.493408 0.086609
v 0.166095 -0.499948 0.140344
v 0.144768 -0.394125 0.101500
v 0.158121 -0.478149 0.116575
v 0.152251 -0.420704 0.111610
v 0.158561 -0.429116 0.099027
v 0.160601 -0.417778 0.109873
v 0.164170 -0.422996 0.097167
v 0.161679 -0.425082 0.087054
v 0.159268 -0.404289 0.099146
v 0.161138 -0.411373 0.093891
v 0.157502 -0.441340 0.100110
v 0.128738 -0.421741 0.151187
v 0.148544 -0.476954 0.193193
v 0.163574 -0.494141 0.086426
v 0.158776 -0.465810 0.164728
v 0.130846 -0.379812 0.114834
v 0.138362 -0.380068 0.103793
v 0.149942 -0.389618 0.088534
v 0.157058 -0.413807 0.111764
v 0.136002 -0.450091 0.206746
v 0.147772 -0.454865 0.195435
v 0.157681 -0.490174 0.112110
v 0.159475 -0.498191 0.113178
v 0.159075 -0.488023 0.100730
v 0.154599 -0.459660 0.180339
v 0.140701 -0.448060 0.192588
v 0.153117 -0.398501 0.090279
v 0.155449 -0.397576 0.069413
v 0.161307 -0.412410 0.070731
v 0.170483 -0.421740 0.063667
v 0.169375 -0.411408 0.056743
v 0.164538 -0.397265 0.057299
v 0.165799 -0.389824 0.051422
v 0.170746 -0.387287 0.040459
v 0.158236 -0.401260 0.062796
v 0.155212 -0.395622 0.057314
v 0.172473 -0.443415 0.079970
v 0.167984 -0.442092 0.086080
v 0.169563 -0.446982 0.084300
v 0.172823 -0.431248 0.068261
v 0.177009 -0.442669 0.066566
v 0.173940 -0.446772 0.079290
v 0.177907 -0.447567 0.065828
v 0.170483 -0.421740 0.063667
v 0.161679 -0.425082 0.087054
v 0.164646 -0.440468 0.090687
v 0.158561 -0.429116 0.099027
v 0.157502 -0.441340 0.100110
v 0.149942 -0.389618 0.088534
v 0.153117 -0.398501 0.090279
v 0.155449 -0.397576 0.069413
v 0.153117 -0.398501 0.090279
v 0.144768 -0.394125 0.101500
v 0.159268 -0.404289 0.099146
v 0.157058 -0.413807 0.111764
v -0.125420 0.133936 -0.202379
v -0.118255 0.152950 -0.201843
v -0.120178 0.132647 -0.199827
v -0.125102 0.149949 -0.204310
v -0.123134 0.168195 -0.213770
v -0.118242 0.176958 -0.220217
v -0.114225 0.177326 -0.213052
v -0.114810 0.127087 -0.195668
v -0.114490 0.156124 -0.197202
v -0.109352 0.147306 -0.186952
v -0.113138 0.190201 -0.226066
v -0.115188 0.197226 -0.233425
v -0.110606 0.128751 -0.191304
v -0.093242 0.140321 -0.181213
v -0.103592 0.127778 -0.185435
v -0.088514 0.137451 -0.174071
v -0.100859 0.120654 -0.173037
v -0.105593 0.124473 -0.185828
v -0.086802 0.128872 -0.153983
v -0.101841 0.112541 -0.160383
v -0.112819 0.109032 -0.172564
v -0.123355 0.091436 -0.155786
v -0.110718 0.099486 -0.143336
v -0.100666 0.110155 -0.138123
v -0.113901 0.094980 -0.124386
v -0.134482 0.078804 -0.144897
v -0.132218 0.100982 -0.178978
v -0.145873 0.087973 -0.169985
v -0.140578 0.092837 -0.184354
v -0.149961 0.086508 -0.179458
v -0.158433 0.078546 -0.173578
v -0.131824 0.103324 -0.192269
v -0.158216 0.074396 -0.157985
v -0.123849 0.082488 -0.117979
v -0.145489 0.065677 -0.123383
v -0.135773 0.073081 -0.118570
v -0.144475 0.071141 -0.113894
v -0.158524 0.054502 -0.121016
v -0.131059 0.078860 -0.109965
v -0.123986 0.113113 -0.189159
v -0.110396 0.122998 -0.190394
v -0.167260 0.068572 -0.163439
v -0.170364 0.059805 -0.144672
v -0.172794 0.058453 -0.152561
v -0.180905 0.048105 -0.141066
v -0.190122 0.038327 -0.133645
v -0.164822 0.055912 -0.132433
v -0.171433 0.042594 -0.117399
v -0.188142 0.025867 -0.116787
v -0.197161 0.027831 -0.126511
v -0.206160 0.027073 -0.122236
v -0.193127 0.026338 -0.106302
v -0.204698 0.026966 -0.110142
v -0.218027 0.029015 -0.118652
v -0.213303 0.027004 -0.110271
v -0.221365 0.026607 -0.107322
v -0.182353 0.028195 -0.108601
v -0.184722 0.028134 -0.098209
v -0.095336 0.116647 -0.143411
v -0.119826 0.117444 -0.201813
v -0.127706 0.114107 -0.205379
v -0.122819 0.125433 -0.230067
v -0.116780 0.124846 -0.205872
v -0.110606 0.128751 -0.191304
v -0.110396 0.122998 -0.190394
v -0.114810 0.127087 -0.195668
v -0.123986 0.113113 -0.189159
v -0.119826 0.117444 -0.201813
v -0.116780 0.124846 -0.205872
v -0.103592 0.127778 -0.185435
v -0.105593 0.124473 -0.185828
v -0.102149 0.123457 -0.193645
v -0.110396 0.122998 -0.190394
v 0.044631 -0.180465 0.105837
v 0.041916 -0.178800 0.111461
v 0.042593 -0.196035 0.114809
v 0.043618 -0.189571 0.096833
v 0.045209 -0.214580 0.100360
v 0.046893 -0.219737 0.102666
v 0.045633 -0.215106 0.084501
v 0.050485 -0.212976 0.117745
v 0.062178 -0.242008 0.103601
v 0.061410 -0.222768 0.120812
v 0.047731 -0.196715 0.127449
v 0.049378 -0.226229 0.073533
v 0.049537 -0.213825 0.065076
v 0.048859 -0.216435 0.060755
v 0.044163 -0.228433 0.053991
v 0.050984 -0.237574 0.056876
v 0.047999 -0.229625 0.046910
v 0.047111 -0.221484 0.048837
v 0.038582 -0.178263 0.094754
v 0.046528 -0.169369 0.103417
v 0.053801 -0.162316 0.107377
v 0.036907 -0.182310 0.116894
v 0.041907 -0.182335 0.125617
v 0.036217 -0.164736 0.123401
v 0.053448 -0.231377 0.096337
v 0.045443 -0.199730 0.079115
v 0.055750 -0.242745 0.049545
v 0.063452 -0.229852 0.030865
v 0.040825 -0.190154 0.082224
v 0.046169 -0.196147 0.058772
v 0.044938 -0.195134 0.074839
v 0.058050 -0.243458 0.081367
v 0.068700 -0.250794 0.097825
v 0.065326 -0.250719 0.085724
v 0.068877 -0.250086 0.066347
v 0.071908 -0.248377 0.106299
v 0.062517 -0.257665 0.076687
v 0.068399 -0.248311 0.061388
v 0.070880 -0.250755 0.060116
v 0.055020 -0.207039 0.045852
v 0.050172 -0.196671 0.044076
v 0.058276 -0.204794 0.041529
v 0.055443 -0.192520 0.033276
v 0.060450 -0.218528 0.034305
v 0.040825 -0.190154 0.082224
v 0.044938 -0.195134 0.074839
v 0.046169 -0.196147 0.058772
v 0.068399 -0.248311 0.061388
v 0.068877 -0.250086 0.066347
v 0.070880 -0.250755 0.060116
v 0.082828 -0.246398 0.049422
v 0.083957 -0.248945 0.048566
v 0.027645 -0.179135 0.109398
v 0.036217 -0.164736 0.123401
v 0.036907 -0.182310 0.116894
v 0.035369 -0.157452 0.124978
v 0.104077 -0.257494 0.128480
v 0.089830 -0.264348 0.129906
v 0.102097 -0.258265 0.135120
v 0.086687 -0.269449 0.133368
v 0.075293 -0.271687 0.130294
v 0.078301 -0.264962 0.121375
v 0.109577 -0.253909 0.130042
v 0.073849 -0.263270 0.119269
v 0.069365 -0.269471 0.117636
v 0.066934 -0.263197 0.110258
v 0.111715 -0.253108 0.122092
v 0.098367 -0.263712 0.128669
v 0.078301 -0.264962 0.121375
v 0.089830 -0.264348 0.129906
v 0.041534 0.350830 -0.167725
v 0.043823 0.349609 -0.167969
v 0.033393 0.347199 -0.167040
v 0.034580 0.359810 -0.167530
v 0.045166 0.350342 -0.166504
v 0.047343 0.362286 -0.164762
v 0.038704 0.381578 -0.156517
v 0.050176 0.344593 -0.162943
v 0.055069 0.367617 -0.158442
v 0.051055 0.378850 -0.150776
v 0.057730 0.368930 -0.143193
v 0.062567 0.348996 -0.151085
v 0.061980 0.357317 -0.143160
v 0.061432 0.365744 -0.134439
v 0.066915 0.346963 -0.123416
v 0.056655 0.375528 -0.142353
v 0.068146 0.334486 -0.141392
v 0.042956 0.391255 -0.144594
v 0.037233 0.393095 -0.143841
v 0.056060 0.339420 -0.159299
v 0.068954 0.337383 -0.132052
v 0.076652 0.321470 -0.132090
v 0.068923 0.326613 -0.118592
v 0.070839 0.318125 -0.112158
v 0.074753 0.314686 -0.118573
v 0.071122 0.311927 -0.110071
v 0.077225 0.316728 -0.134410
v 0.070721 0.319381 -0.141485
v 0.067901 0.337652 -0.122589
v 0.047918 0.383579 -0.138227
v 0.062857 0.331705 -0.148942
v 0.045166 0.350342 -0.166504
v 0.050176 0.344593 -0.162943
v 0.043945 0.349609 -0.167969
v 0.081959 0.243624 -0.071691
v 0.083449 0.234179 -0.073217
v 0.078454 0.233861 -0.071185
v 0.072195 0.225437 -0.073454
v 0.098804 0.231343 -0.068256
v 0.091720 0.250188 -0.079519
v 0.097292 0.241684 -0.073736
v 0.103753 0.239700 -0.069568
v 0.082712 0.248684 -0.077937
v 0.091720 0.250188 -0.079519
v 0.083449 0.234179 -0.073217
v 0.080269 0.269543 -0.079251
v 0.004753 0.481586 0.073784
v 0.009415 0.479003 0.072218
v 0.007007 0.479560 0.066558
v 0.014196 0.476924 0.063591
v 0.015886 0.469454 0.073012
v 0.000631 0.481561 0.079750
v 0.020623 0.468471 0.064993
v 0.015610 0.477355 0.054292
v 0.021038 0.470503 0.055750
v 0.027043 0.471150 0.045869
v 0.008692 0.484520 0.047297
v 0.024019 0.480778 0.034617
v 0.008521 0.481544 0.056240
v 0.005787 0.488451 0.068574
v 0.000785 0.495228 0.066534
v 0.033177 0.478372 0.031816
v 0.029910 0.486085 0.026850
v 0.021297 0.487990 0.030788
v 0.033958 0.487227 0.019148
v 0.032407 0.480746 0.014176
v 0.036455 0.473777 0.024530
v 0.021111 0.492288 0.013703
v 0.011445 0.497746 0.021184
v 0.012114 0.495941 0.015978
v 0.016669 0.495856 0.011485
v 0.021029 0.492077 0.004125
v 0.004405 0.496854 0.019795
v 0.000697 0.499973 0.012970
v 0.001357 0.499490 0.022398
v 0.007105 0.488976 0.036578
v 0.014280 0.495107 0.001253
v 0.018172 0.491274 -0.001088
v 0.012287 0.496753 -0.008766
v 0.010641 0.497409 -0.002343
v 0.015514 0.491448 -0.019354
v 0.022263 0.489623 -0.011833
v 0.024710 0.490833 -0.017547
v 0.028309 0.488229 -0.003698
v 0.026974 0.480097 -0.018343
v 0.030562 0.478354 -0.021563
v 0.005018 0.492203 -0.012984
v 0.003197 0.496221 -0.003936
v 0.010032 0.483045 0.062110
v 0.002740 0.495971 0.055895
v -0.002387 0.487891 0.060605
v -0.003191 0.496630 0.059754
v -0.000204 0.495500 0.052368
v -0.003923 0.496084 0.051041
v 0.013460 0.490297 0.030213
v -0.003484 0.496744 0.047521
v 0.000385 0.492215 0.046599
v 0.009618 0.473000 0.079127
v 0.015561 0.489639 0.041090
v 0.005722 0.492629 0.044071
v 0.035609 0.471341 0.036502
v 0.011674 0.496415 -0.015859
v -0.011375 0.496174 0.050281
v 0.041455 0.474136 0.014754
v 0.036524 0.484163 0.012400
v 0.042130 0.473631 0.002476
v 0.038553 0.482382 0.002640
v 0.033408 0.485624 0.003458
v 0.033793 0.489796 -0.001967
v 0.034294 0.479658 -0.015865
v 0.032275 0.478706 -0.031165
v 0.034167 0.486234 -0.010871
v 0.029152 0.489438 0.014024
v -0.011725 0.492820 0.041862
v 0.001792 0.497355 0.034911
v -0.017388 0.496536 0.045072
v 0.011946 0.496748 0.007308
v 0.002348 0.487713 0.049552
v -0.019248 0.491860 0.034287
v -0.019451 0.499444 0.040000
v -0.016749 0.498454 0.055917
v -0.004271 0.490473 0.040417
v 0.001193 0.499195 -0.017093
v 0.028525 0.492472 0.003378
v 0.039371 0.466958 0.027838
v 0.026148 0.486026 -0.011956
v 0.000720 0.495194 0.038737
v -0.014378 0.500251 0.035409
v -0.006655 0.495710 0.034437
v -0.016652 0.497651 0.027500
v -0.003114 0.493318 0.026350
v -0.008746 0.500246 0.024955
v 0.015644 0.489001 0.037250
v 0.017705 0.493059 0.033886
v 0.028525 0.492472 0.003378
v 0.021111 0.492288 0.013703
v 0.029152 0.489438 0.014024
v 0.033408 0.485624 0.003458
v 0.029152 0.489438 0.014024
v 0.033958 0.487227 0.019148
v 0.036524 0.484163 0.012400
v 0.010032 0.483045 0.062110
v 0.008521 0.481544 0.056240
v 0.005787 0.488451 0.068574
v -0.002387 0.487891 0.060605
v 0.005722 0.492629 0.044071
v 0.000385 0.492215 0.046599
v 0.002348 0.487713 0.049552
v 0.002752 0.498292 0.043678
v 0.000720 0.495194 0.038737
v 0.007105 0.488976 0.036578
v 0.015644 0.489001 0.037250
v -0.003923 0.496084 0.051041
v -0.006899 0.497903 0.060997
v -0.003191 0.496630 0.059754
v -0.002387 0.487891 0.060605
v 0.010641 0.497409 -0.002343
v 0.000697 0.499973 0.012970
v 0.011946 0.496748 0.007308
v -0.000150 0.499819 -0.002472
v 0.033793 0.489796 -0.001967
v 0.028309 0.488229 -0.003698
v 0.028525 0.492472 0.003378
v 0.034167 0.486234 -0.010871
v 0.026148 0.486026 -0.011956
v 0.034294 0.479658 -0.015865
v -0.003114 0.493318 0.026350
v -0.006655 0.495710 0.034437
v 0.001792 0.497355 0.034911
v -0.004271 0.490473 0.040417
v 0.000720 0.495194 0.038737
v 0.117030 -0.318223 0.008063
v 0.118853 -0.325239 0.010618
v 0.115801 -0.319839 0.007122
v 0.111619 -0.329868 0.011976
v 0.117038 -0.327530 0.013606
v 0.115145 -0.340022 0.016813
v 0.099331 -0.335882 0.012648
v 0.098028 -0.316057 0.005214
v 0.106721 -0.312820 0.004773
v 0.106812 -0.307466 -0.007635
v 0.100192 -0.315125 -0.011251
v 0.098712 -0.308171 -0.018344
v 0.110756 -0.301594 -0.001159
v 0.101030 -0.353528 0.018390
v 0.105657 -0.351089 0.019164
v 0.103602 -0.370436 0.022957
v 0.106721 -0.312820 0.004773
v 0.125436 -0.313424 0.005745
v 0.115801 -0.319839 0.007122
v 0.110756 -0.301594 -0.001159
v 0.126135 -0.301725 0.002882
v 0.131565 -0.303819 0.006021
v 0.132553 -0.296174 0.004843
v 0.132553 -0.296174 0.004843
v 0.136626 -0.299870 0.005754
v 0.131565 -0.303819 0.006021
f 4436 4441 4440
f 4434 4436 4440
f 4438 4434 4439
f 4438 4437 4434
f 4440 4439 4434
f 4435 4444 4436
f 4443 4442 4436
f 4434 4435 4436
f 4436 4442 4441
f 4437 4435 4434
f 4443 4436 4444
f 830 828 831
f 828 789 819
f 828 819 829
f 819 789 800
f 830 789 828
f 6542 6540 6541
f 5744 5745 5743
f 5744 5743 5740
f 1672 1670 1675
f 5962 5966 5967
f 5967 5968 5962
f 157 155 156
f 2118 2124 2125
f 9801 9804 9802
f 9801 9805 9804
f 9801 9806 9805
f 3385 3388 3380
f 3388 3381 3380
f 8942 8945 8939
f 1 2 3
f 4 5 6
f 6 7 4
f 4349 4405 4351
f 4354 4357 4358
f 7104 7107 7105
f 7103 7104 7105
f 7107 7104 7185
f 7107 7185 7171
f 7186 7185 7104
f 9105 9107 9106
f 9191 9192 9193
f 6775 6766 6761
f 8 9 10
f 11 12 13
f 9487 9489 9492
f 9497 9503 9486
f 9486 9503 9490
f 9493 9518 9494
f 9501 9496 9500
f 9514 9503 9498
f 9506 9495 9492
f 9494 9488 9487
f 9504 9505 9498
f 9494 9513 9512
f 9518 9509 9519
f 9510 9493 9496
f 9503 9511 9490
f 9497 9488 9498
f 9489 9506 9492
f 9500 9496 9499
f 9490 9491 9489
f 9495 9493 9492
f 9504 9498 9488
f 9503 9497 9498
f 9488 9512 9504
f 9489 9486 9490
f 9486 9487 9488
f 2852 2847 2846
f 9498 9505 9514
f 9510 9509 9518
f 9488 9494 9512
f 9507 9509 9510
f 9508 9507 9501
f 9510 9496 9507
f 2851 2852 2846
f 9507 9508 9509
f 9489 9491 9506
f 9503 9514 9511
f 9491 9490 9502
f 9487 9486 9489
f 9487 9492 9493
f 9519 9513 9518
f 9488 9497 9486
f 9493 9510 9518
f 9495 9499 9496
f 9495 9496 9493
f 9518 9513 9494
f 9501 9507 9496
f 9511 9502 9490
f 9487 9493 9494
f 14 15 16
f 10097 10096 10100
f 8542 8543 8544
f 7561 7562 7599
f 7583 7562 7557
f 27 28 29
f 7554 7556 7562
f 7563 7556 7557
f 7599 7582 7561
f 7555 7554 7562
f 7562 7578 7599
f 7562 7561 7555
f 7562 7556 7563
f 8542 8545 8543
f 7562 7583 7578
f 8292 8288 8281
f 8282 8288 8285
f 6739 6740 6741
f 6742 6744 6746
f 6740 6743 6741
f 8290 8291 8289
f 6739 6742 6740
f 8288 8292 8290
f 8289 8287 8288
f 6742 6746 6748
f 6744 6742 6739
f 6745 6744 6739
f 6747 6745 6739
f 6741 6747 6739
f 8285 8288 8287
f 8290 8292 8293
f 8288 8282 8281
f 8288 8290 8289
f 8294 8291 8290
f 2512 2513 2510
f 2512 2514 2513
f 8298 8295 8297
f 8299 8300 8298
f 7290 7291 7287
f 8299 8298 8297
f 8295 8296 8297
f 2493 2504 2503
f 2498 2496 2497
f 2505 2495 2496
f 2509 2491 2494
f 2496 2500 2505
f 2507 2491 2508
f 2508 2491 2509
f 2491 2492 2493
f 2498 2499 2496
f 2495 2504 2493
f 2498 2501 2499
f 2492 2495 2493
f 2497 2496 2492
f 2506 2491 2507
f 4536 4539 4531
f 2491 2493 2494
f 2502 2501 2498
f 2503 2494 2493
f 2492 2506 2497
f 2496 2499 2500
f 2506 2492 2491
f 2496 2495 2492
f 17 18 18
f 18 19 20
f 18 20 18
f 6986 6979 6981
f 5515 5514 5513
f 6979 6980 6981
f 6213 6208 6212
f 5514 5512 5513
f 4497 4495 4494
f 4494 4503 4499
f 4170 4167 4171
f 5512 5511 5513
f 6208 6210 6212
f 5020 5025 5026
f 8555 8556 8557
f 5534 5513 5511
f 6981 6980 6982
f 4494 4504 4503
f 6208 6209 6210
f 5023 5025 5020
f 5512 5507 5511
f 5024 5021 5020
f 5020 5021 5022
f 5020 5022 5023
f 5455 5450 5453
f 6980 6983 6982
f 6983 6984 6982
f 5628 5629 5630
f 5633 5628 5630
f 5629 5639 5638
f 6209 6211 6210
f 4843 4839 4837
f 5526 5510 5525
f 5525 5510 5524
f 5524 5510 5450
f 5450 5448 5453
f 5450 5447 5448
f 5512 5508 5507
f 5510 5507 5509
f 5510 5509 5450
f 5450 5509 5452
f 5450 5452 5447
f 5452 5445 5447
f 5447 5445 5444
f 4498 4496 4500
f 4498 4501 4494
f 6217 6216 6218
f 6217 6218 6219
f 4501 4502 4494
f 4494 4502 4504
f 5527 5525 5528
f 5525 5524 5528
f 4195 4183 4182
f 5529 5526 5527
f 5526 5525 5527
f 5529 5530 5526
f 5453 5448 5464
f 6983 6985 6984
f 5507 5506 5509
f 5447 5444 5448
f 6211 6215 6216
f 8621 8593 8595
f 4186 4183 4195
f 6130 6125 6127
f 4182 4180 4168
f 4168 4180 4169
f 5508 5504 5507
f 5507 5504 5506
f 5444 5446 5448
f 5504 5505 5506
f 5444 5445 5446
f 5445 5485 5446
f 8593 8591 8595
f 8595 8591 8596
f 8595 8596 8607
f 8607 8596 8609
f 5508 5516 5504
f 5504 5502 5505
f 5523 5522 5520
f 6154 6155 6151
f 5204 5213 5209
f 4228 4227 4221
f 1543 1525 1528
f 8596 8610 8609
f 5648 5657 5656
f 6125 6126 6127
f 4839 4842 4838
f 5532 5516 5518
f 5518 5516 5508
f 5448 5449 5464
f 5448 5446 5449
f 5446 5451 5449
f 5520 5522 5521
f 5303 5300 5302
f 8593 8592 8591
f 8596 8585 8610
f 5695 5696 5697
f 5648 5649 5650
f 9180 9184 9182
f 6128 6126 6125
f 9177 9179 9180
f 9177 9178 9179
f 5371 5366 5365
f 2082 2081 2080
f 5449 5463 5464
f 9260 9268 9253
f 5504 5516 5501
f 5504 5501 5502
f 5484 5479 5485
f 5485 5479 5451
f 5502 5495 5496
f 5496 5495 5484
f 5484 5483 5479
f 5495 5489 5484
f 5484 5489 5483
f 5542 5543 5544
f 5520 5521 5519
f 5750 5749 5748
f 4227 4222 4221
f 8591 8585 8596
f 9181 9180 9182
f 9181 9177 9180
f 4838 4841 4840
f 4838 4840 4836
f 4842 4841 4838
f 5365 5366 5367
f 8550 8549 8547
f 5501 5495 5502
f 5533 5520 5501
f 5520 5519 5501
f 6116 6113 6117
f 5094 5091 5090
f 6113 6116 6114
f 5537 5541 5539
f 4323 4316 4322
f 4326 4323 4322
f 4322 4316 4315
f 4315 4316 4317
f 4315 4317 4325
f 6113 6114 6115
f 4634 4631 4630
f 5671 5668 5670
f 4227 4226 4222
f 4221 4222 4223
f 1528 1524 1526
f 8592 8588 8591
f 8591 8588 8587
f 8591 8587 8585
f 8584 8611 8610
f 8585 8584 8610
f 8611 8615 8610
f 5696 5701 5700
f 8599 8600 8601
f 6128 6129 6126
f 8599 8601 8620
f 5365 5367 5368
f 2081 2079 2080
f 5449 5460 5463
f 5451 5460 5449
f 2079 2078 2080
f 5531 5517 5516
f 5516 5517 5501
f 5501 5498 5495
f 5479 5483 5482
f 5495 5498 5489
f 5501 5519 5498
f 5521 5503 5519
f 5623 5625 5627
f 5300 5301 5302
f 8587 8594 8585
f 8594 8583 8585
f 9177 9185 9174
f 8598 8599 8594
f 8583 8584 8585
f 620 621 622
f 8599 8584 8583
f 621 623 622
f 8599 8598 8600
f 8584 8613 8611
f 2715 2706 2708
f 2715 2708 2716
f 8601 8600 8603
f 8603 8612 8601
f 5370 5369 5366
f 2708 2712 2716
f 5369 5367 5366
f 2709 2712 2708
f 5367 5374 5368
f 9252 9253 9251
f 2709 2722 2712
f 7384 7385 7382
f 2081 2084 2079
f 8549 8548 8547
f 7382 7388 7383
f 5460 5451 5462
f 5451 5479 5462
f 5498 5499 5489
f 5537 5540 5541
f 4325 4317 4320
f 5668 5669 5670
f 4630 4631 4632
f 4630 4632 4635
f 4226 4229 4225
f 4226 4225 4222
f 4222 4224 4223
f 4222 4225 4224
f 8586 8589 8587
f 278 276 277
f 6936 6935 6937
f 8587 8589 8594
f 625 620 624
f 5655 5653 5654
f 624 620 622
f 8597 8598 8594
f 2713 2714 2718
f 3884 3883 3886
f 9174 9176 9177
f 5689 5691 5692
f 2713 2706 2714
f 8615 8611 8614
f 5701 5703 5702
f 2713 2710 2706
f 8613 8612 8611
f 8612 8614 8611
f 2710 2707 2706
f 6633 6630 6632
f 2706 2707 2708
f 6633 6634 6641
f 6633 6641 6640
f 2707 2709 2708
f 4177 4187 4181
f 7385 7386 7382
f 5460 5456 5463
f 5545 5550 5549
f 5479 5481 5462
f 5479 5482 5480
f 5479 5480 5481
f 5499 5500 5489
f 5497 5488 5482
f 5623 5626 5624
f 5498 5503 5499
f 5624 5626 5625
f 5668 5672 5669
f 5302 5301 5304
f 7535 7537 7541
f 7535 7541 7543
f 6806 6803 6805
f 626 620 625
f 624 648 647
f 647 648 649
f 8602 8600 8598
f 2717 2710 2713
f 9175 9176 9174
f 8604 8603 8600
f 5377 5376 5370
f 6633 6640 6617
f 6630 6633 6617
f 6631 6632 6630
f 5192 5197 5198
f 2710 2711 2707
f 8603 8608 8612
f 8612 8608 8614
f 959 958 956
f 959 956 960
f 8608 8616 8614
f 8616 8619 8614
f 5369 5373 5367
f 2711 2726 2719
f 2711 2719 2707
f 5367 5373 5374
f 2719 2724 2707
f 2707 2724 2723
f 2707 2723 2709
f 7101 7100 7096
f 2709 2723 2722
f 7386 7387 7382
f 7382 7387 7388
f 2079 2077 2078
f 2077 2076 2078
f 5462 5461 5460
f 5481 5486 5462
f 5462 5486 5461
f 8447 8445 8444
f 8444 8445 8446
f 5482 5488 5480
f 4316 4321 4319
f 4316 4319 4318
f 4316 4318 4317
f 2057 2058 2070
f 4631 4633 4632
f 5301 5305 5304
f 7535 7536 7537
f 8586 8590 8589
f 629 625 630
f 630 625 627
f 625 624 627
f 627 624 628
f 624 647 631
f 7537 7538 7539
f 7537 7539 7541
f 629 626 625
f 9171 9174 9185
f 6624 6618 6616
f 629 634 626
f 6905 6903 6902
f 9173 9175 9174
f 6905 6902 6906
f 5711 5707 5706
f 5692 5694 5689
f 9851 9853 9860
f 9851 9852 9853
f 9853 9852 9854
f 9315 9325 9261
f 5689 5694 5690
f 5707 5704 5706
f 5689 5690 5691
f 3881 3882 3883
f 3884 3881 3883
f 2720 2710 2717
f 6470 6471 6469
f 5704 5705 5706
f 2720 2735 2721
f 9938 9939 9940
f 2735 2736 2721
f 8605 8603 8604
f 9937 9934 9938
f 9938 9934 9939
f 8605 8606 8603
f 5376 5372 5370
f 5372 5369 5370
f 8551 8548 8549
f 2084 2077 2079
f 5460 5457 5456
f 2049 2051 2057
f 2057 2051 2058
f 2071 2059 2072
f 2059 2073 2072
f 5304 5305 5306
f 628 635 637
f 632 629 630
f 628 631 635
f 635 631 636
f 7537 7536 7538
f 6623 6618 6624
f 6803 6804 6805
f 6939 6938 6936
f 6618 6613 6616
f 7538 7540 7539
f 7541 7539 7542
f 6466 6460 6465
f 6902 6903 6904
f 6615 6617 6616
f 6616 6613 6615
f 9930 9928 9931
f 2720 2721 2710
f 2721 2725 2710
f 2721 2736 2725
f 960 956 929
f 9941 9935 9937
f 9937 9935 9934
f 958 957 956
f 2725 2711 2710
f 8617 8606 8605
f 9934 9935 9936
f 929 928 931
f 8603 8606 8608
f 4445 4447 4448
f 5372 5373 5369
f 1950 1945 1944
f 1945 1937 1944
f 5373 5375 5374
f 7088 7084 7087
f 1944 1937 1943
f 1943 1937 1941
f 1937 1940 1941
f 5374 5379 5380
f 5380 5379 5381
f 2728 2722 2723
f 9262 9267 9313
f 5456 5457 5458
f 2077 2047 2076
f 2076 2047 2046
f 5751 5753 5752
f 2058 2059 2071
f 632 630 638
f 9172 9170 9171
f 6804 6807 6805
f 6805 6807 6808
f 9168 9173 9171
f 218 213 214
f 218 214 219
f 214 243 220
f 214 220 219
f 212 211 213
f 9930 9929 9928
f 211 214 213
f 5690 5693 5691
f 215 216 214
f 211 215 214
f 3885 3882 3881
f 9929 9932 9926
f 9929 9926 9928
f 9928 9926 9927
f 9857 9856 9852
f 216 217 214
f 214 217 242
f 214 242 243
f 9852 9855 9854
f 242 244 243
f 9926 9905 9927
f 7921 7916 7912
f 5197 5194 5199
f 956 930 929
f 9941 9942 9935
f 9942 9943 9935
f 9897 9911 9855
f 8461 8460 8463
f 9855 9859 9897
f 8617 8618 8606
f 4448 4449 4461
f 5375 5378 5374
f 7087 7084 7086
f 5374 5378 5379
f 2728 2730 2722
f 5381 5379 5382
f 2730 2731 2722
f 5458 5457 5459
f 2047 2044 2046
f 5461 5465 5457
f 9870 9898 9872
f 2046 2048 2049
f 5461 5487 5465
f 9870 9873 9898
f 5486 5493 5487
f 5486 5487 5461
f 2058 2051 2059
f 2059 2060 2073
f 2073 2060 2075
f 9873 9871 9874
f 9871 9875 9874
f 5428 5429 5430
f 6623 6619 6618
f 229 209 212
f 231 218 223
f 223 218 219
f 189 190 198
f 190 228 198
f 209 211 212
f 6613 6609 6615
f 8310 8311 8312
f 9929 9933 9932
f 189 188 190
f 3885 3887 3882
f 9852 9856 9855
f 5199 5196 5200
f 9862 9861 9856
f 9856 9858 9855
f 8461 8467 8470
f 8470 8467 8471
f 9862 9863 9861
f 9856 9861 9858
f 9858 9859 9855
f 9863 9908 9861
f 1949 1945 1950
f 9907 9924 9906
f 9907 9904 9905
f 9905 9904 9902
f 9944 9945 9943
f 9942 9944 9943
f 9858 9921 9859
f 4461 4449 4460
f 9906 9904 9907
f 928 922 931
f 724 721 723
f 9906 9903 9904
f 2711 2727 2726
f 1937 1939 1940
f 1939 1942 1940
f 9920 9919 9872
f 9900 9866 9872
f 9866 9870 9872
f 5457 5465 5459
f 2049 2048 2051
f 2051 2054 2059
f 9870 9871 9873
f 9912 9886 9871
f 9871 9876 9875
f 9871 9877 9876
f 5429 5431 5430
f 5430 5431 5432
f 4431 4428 4430
f 5577 5578 5579
f 639 632 638
f 639 638 645
f 640 633 632
f 234 231 223
f 234 223 235
f 6618 6619 6613
f 223 219 235
f 219 236 235
f 9169 9187 9186
f 197 192 205
f 192 189 205
f 205 189 198
f 198 179 204
f 198 193 179
f 197 194 192
f 193 183 179
f 208 210 209
f 209 210 211
f 194 191 192
f 192 191 189
f 183 181 179
f 9925 9932 9933
f 191 187 189
f 189 187 188
f 188 187 184
f 9932 9925 9926
f 9925 9905 9926
f 930 923 929
f 9925 9924 9905
f 923 919 929
f 9908 9865 9861
f 929 919 928
f 1949 1948 1945
f 7088 7081 7084
f 7089 7091 7092
f 9865 9864 9861
f 9861 9864 9858
f 2888 2883 2890
f 4449 4452 4460
f 9251 9254 9249
f 7084 7083 7086
f 724 726 721
f 9902 9889 9908
f 9858 9864 9921
f 928 919 922
f 4449 4451 4452
f 9916 9903 9906
f 9903 9901 9902
f 1937 1938 1939
f 9916 9901 9903
f 9864 9900 9921
f 9921 9900 9919
f 2726 2727 2732
f 2732 2727 2729
f 2732 2729 2728
f 2728 2729 2730
f 5379 5383 5382
f 9864 9866 9900
f 9866 9868 9870
f 2044 2045 2046
f 2046 2045 2048
f 9868 9871 9870
f 5487 5490 5465
f 2059 2054 2060
f 2054 2056 2060
f 5493 5494 5487
f 9880 9912 9871
f 9880 9871 9868
f 9912 9880 9922
f 9912 9922 9886
f 9886 9877 9871
f 9877 9878 9876
f 2348 2346 2322
f 646 639 645
f 6376 6372 6371
f 5431 5433 5432
f 6376 6375 6372
f 5577 5575 5578
f 7923 7924 7925
f 6622 6619 6625
f 235 236 237
f 9169 9186 9168
f 205 198 204
f 204 179 203
f 222 197 205
f 203 179 199
f 179 176 199
f 6614 6612 6613
f 176 175 199
f 199 175 200
f 200 175 201
f 201 180 208
f 175 180 201
f 6613 6612 6609
f 181 178 179
f 179 178 176
f 176 178 173
f 176 173 175
f 175 174 180
f 194 195 191
f 175 173 174
f 184 182 183
f 183 182 181
f 926 923 930
f 195 186 191
f 191 186 187
f 173 172 174
f 187 186 184
f 9946 9947 9948
f 8461 8469 8467
f 195 196 186
f 196 195 245
f 7089 7092 7095
f 9949 9950 9951
f 2890 2883 2885
f 1948 1946 1945
f 1945 1946 1937
f 4460 4452 4454
f 9951 9950 9952
f 9899 9893 9916
f 9889 9881 9908
f 9908 9881 9865
f 4451 4453 4452
f 1942 1939 1959
f 9916 9893 9901
f 9902 9901 9889
f 5379 5384 5383
f 9865 9866 9864
f 9865 9867 9866
f 9867 9868 9866
f 9867 9880 9868
f 9867 9869 9880
f 5487 5491 5490
f 5487 5494 5491
f 9922 9910 9886
f 9886 9910 9877
f 9877 9879 9878
f 641 632 639
f 4430 4428 4427
f 5573 5575 5577
f 5573 5574 5575
f 6619 6622 6621
f 226 207 204
f 226 204 225
f 222 205 207
f 207 205 204
f 204 203 225
f 239 234 235
f 9164 9165 9162
f 9162 9165 9169
f 9166 9169 9168
f 6619 6614 6613
f 6619 6620 6614
f 202 199 200
f 200 201 206
f 268 273 270
f 230 194 197
f 230 221 194
f 6609 6612 6610
f 6609 6610 6611
f 221 195 194
f 178 177 173
f 925 923 926
f 177 171 173
f 5602 5603 5604
f 181 177 178
f 171 172 173
f 181 182 177
f 6174 6170 6173
f 691 684 690
f 690 684 682
f 690 682 679
f 186 185 184
f 184 185 182
f 7085 7082 7081
f 7081 7082 7083
f 7081 7083 7084
f 9254 9258 9249
f 1946 1947 1937
f 4452 4453 4454
f 5378 5384 5379
f 919 914 922
f 1947 1938 1937
f 9893 9889 9901
f 2734 2733 2727
f 2733 2729 2727
f 947 941 945
f 5476 5468 5470
f 5468 5469 5470
f 9881 9869 9865
f 9869 9867 9865
f 5469 5471 5470
f 5410 5413 5411
f 6498 6519 6520
f 6265 6263 6264
f 6265 6266 6263
f 2048 2050 2051
f 2050 2052 2051
f 2051 2053 2054
f 2056 2061 2060
f 3879 3873 3876
f 6062 6061 6063
f 6063 6061 6035
f 9922 9918 9910
f 9910 9882 9877
f 9882 9879 9877
f 3358 3356 3363
f 3363 3361 3364
f 6626 6622 6625
f 4428 4425 4427
f 233 222 232
f 232 222 207
f 226 225 227
f 5573 5576 5574
f 225 203 224
f 224 203 202
f 9166 9168 9167
f 9167 9168 9170
f 6619 6621 6620
f 9162 9169 9166
f 202 203 199
f 5615 5619 5621
f 202 200 240
f 5615 5616 5619
f 240 200 206
f 273 268 269
f 206 201 246
f 5615 5606 5616
f 5605 5602 5606
f 925 920 923
f 920 919 923
f 681 680 686
f 687 692 693
f 684 683 682
f 679 676 681
f 681 676 680
f 9914 9899 9915
f 9915 9899 9924
f 1939 1958 1959
f 9899 9891 9893
f 922 914 924
f 9893 9891 9889
f 949 942 947
f 9889 9888 9881
f 945 941 944
f 945 944 946
f 946 944 948
f 5476 5470 5472
f 5472 5470 5471
f 5410 5411 5412
f 5411 5414 5412
f 9887 9869 9881
f 6264 6263 6260
f 4122 4116 4135
f 6520 6519 6510
f 5972 5975 5977
f 2045 2050 2048
f 6498 6497 6519
f 6060 6059 6062
f 2051 2052 2053
f 2061 2063 2064
f 6062 6058 6061
f 5491 5492 5490
f 6061 6034 6035
f 9922 9923 9918
f 6035 6034 6033
f 9879 9882 9883
f 6423 6426 6425
f 3358 3353 3356
f 6421 6420 6413
f 3364 3376 3378
f 3361 3376 3364
f 3590 3577 3591
f 3577 3589 3591
f 3577 3584 3589
f 4425 4426 4427
f 4427 4426 4433
f 9162 9166 9163
f 4511 4505 4509
f 5576 5580 5574
f 5574 5581 5575
f 5574 5580 5581
f 5575 5581 5583
f 4527 4534 4535
f 4535 4536 4531
f 5602 5599 5603
f 680 675 686
f 686 675 687
f 682 683 678
f 682 678 679
f 678 676 679
f 919 915 914
f 1953 1952 1938
f 1938 1952 1939
f 4130 4123 4134
f 942 941 947
f 4134 4123 4122
f 5471 5473 5472
f 9888 9887 9881
f 5415 5416 5410
f 6260 6261 6262
f 9891 9890 9889
f 9889 9890 9888
f 6066 6064 6060
f 5471 5474 5473
f 6060 6057 6059
f 5972 5974 5975
f 3876 3872 3878
f 6519 6515 6510
f 6497 6495 6519
f 2056 2062 2061
f 2061 2062 2063
f 6062 6059 6058
f 2064 2063 2068
f 6058 6034 6061
f 6423 6432 6426
f 6419 6421 6413
f 6102 6100 6105
f 3353 3354 3356
f 3356 3354 3363
f 3378 3376 3379
f 3363 3354 3361
f 8978 8981 8977
f 6626 6629 6622
f 8984 8985 8977
f 4507 4514 4510
f 9159 9161 9160
f 9161 9162 9160
f 4505 4507 4509
f 5576 5585 5580
f 5615 5621 5618
f 240 247 248
f 8045 8043 8044
f 5618 5609 5615
f 8043 8042 8044
f 6639 6614 6637
f 3194 3193 3192
f 5609 5605 5606
f 4657 4656 4658
f 5605 5610 5601
f 5605 5601 5602
f 3192 3186 3195
f 927 920 925
f 5601 5599 5602
f 8469 8464 8467
f 688 683 684
f 680 673 675
f 687 675 692
f 5378 5385 5384
f 9914 9913 9899
f 4454 4455 4456
f 1939 1952 1958
f 909 932 914
f 5976 5973 5972
f 5973 5978 5974
f 5972 5973 5974
f 3878 3872 3877
f 9892 9890 9891
f 4122 4114 4116
f 4115 4113 4101
f 2054 2053 2055
f 2054 2055 2056
f 6495 6516 6519
f 2062 2065 2063
f 2063 2065 2066
f 6033 6028 6050
f 6028 6049 6050
f 9917 9884 9910
f 9882 9910 9884
f 9882 9884 9883
f 6416 6413 6415
f 6418 6419 6413
f 6413 6411 6414
f 4892 4884 4890
f 4884 4886 4889
f 4890 4884 4889
f 4884 4885 4886
f 3361 3359 3376
f 4893 4888 4885
f 3577 3576 3583
f 5064 5061 5062
f 3577 3583 3584
f 8975 8976 8977
f 8980 8981 8978
f 8976 8978 8977
f 8980 8982 8981
f 4505 4506 4507
f 4506 4508 4507
f 6622 6629 6627
f 6622 6627 6621
f 255 252 250
f 6621 6627 6628
f 6621 6628 6620
f 3051 3048 3052
f 4620 4616 4618
f 4616 4617 4618
f 3048 3050 3053
f 3053 3050 3056
f 3193 3185 3192
f 3185 3186 3192
f 5613 5610 5605
f 927 921 920
f 921 916 920
f 920 916 919
f 715 695 716
f 716 695 708
f 916 915 919
f 708 695 688
f 915 907 914
f 4455 4457 4456
f 676 668 680
f 675 694 692
f 1948 1951 1946
f 1938 1947 1953
f 9913 9894 9899
f 9899 9894 9891
f 907 909 914
f 2367 2364 2368
f 5473 5474 5475
f 9891 9894 9892
f 6064 6057 6060
f 6064 6065 6057
f 9894 9895 9892
f 4981 4990 4979
f 4101 4097 4096
f 4096 4098 4100
f 6519 6516 6515
f 2074 2065 2062
f 2063 2069 2068
f 2055 2083 2056
f 2056 2083 2062
f 6058 6055 6034
f 6055 6032 6034
f 9884 9885 9883
f 4889 4880 4882
f 4889 4886 4880
f 4880 4886 4881
f 6104 6106 6098
f 3353 3349 3354
f 4886 4885 4887
f 4886 4887 4881
f 4887 4879 4881
f 3588 3574 3590
f 3590 3574 3577
f 4885 4888 4887
f 3354 3359 3361
f 3574 3576 3577
f 8973 8976 8975
f 8975 8971 8973
f 8979 8980 8978
f 8979 8978 8976
f 8975 9038 8971
f 8971 9038 9111
f 6928 6908 6914
f 6914 6908 6911
f 9038 9112 9111
f 6908 6910 6911
f 2320 2322 2321
f 8241 8243 8246
f 2007 2005 2006
f 2043 2039 2041
f 4425 4429 4426
f 3051 3049 3048
f 4655 4648 4656
f 4617 4619 4618
f 5610 5600 5601
f 5600 5599 5601
f 4143 4131 4130
f 9318 9319 9316
f 688 685 683
f 683 685 678
f 1946 1954 1947
f 1947 1954 1953
f 678 666 676
f 676 666 668
f 680 668 673
f 694 712 713
f 909 908 932
f 942 939 941
f 5973 5979 5978
f 944 950 948
f 5473 5475 5477
f 4980 4994 4991
f 9894 9896 9895
f 4114 4112 4113
f 9892 9909 9890
f 4096 4097 4098
f 6059 6057 6054
f 6054 6058 6059
f 6516 6511 6515
f 6054 6055 6058
f 4100 4098 4128
f 2063 2066 2069
f 6049 6028 6046
f 2294 2289 2292
f 4894 4891 4895
f 6086 6074 6077
f 4891 4890 4889
f 3355 3350 3353
f 5063 5060 5065
f 3581 3578 3588
f 3588 3578 3574
f 3357 3359 3354
f 3583 3576 3580
f 9075 8973 8974
f 9075 8986 8973
f 8973 8972 8974
f 8973 8986 8976
f 8973 8971 8972
f 6928 6927 6908
f 8971 9111 8970
f 8970 9111 9040
f 9111 9043 9040
f 6908 6909 6910
f 9111 9112 9043
f 2039 2029 2041
f 2041 2029 2042
f 2006 2004 2032
f 3196 3189 3198
f 8043 8039 8042
f 3051 3055 3049
f 1978 1977 1969
f 3048 3049 3050
f 4622 4623 4617
f 4617 4623 4619
f 3056 3050 3057
f 3204 3182 3185
f 5611 5613 5620
f 5611 5610 5613
f 5607 5610 5611
f 5607 5597 5600
f 5607 5600 5610
f 1987 1985 1982
f 5248 5249 5252
f 5597 5595 5600
f 5600 5595 5599
f 5246 5247 5248
f 5248 5247 5249
f 5595 5596 5599
f 5247 5255 5249
f 715 714 695
f 5246 5250 5247
f 5247 5254 5255
f 954 913 916
f 916 913 915
f 5251 5254 5247
f 5250 5251 5247
f 955 953 954
f 915 913 907
f 4456 4458 4459
f 4131 4125 4130
f 4130 4125 4123
f 695 685 688
f 1951 1955 1946
f 1946 1955 1954
f 673 674 675
f 675 674 694
f 907 908 909
f 670 666 678
f 1957 1960 1958
f 1952 1957 1958
f 4123 4112 4122
f 941 943 944
f 4122 4112 4114
f 4112 4110 4113
f 712 717 735
f 4980 4982 4994
f 4110 4103 4104
f 6056 6054 6057
f 8066 8067 8068
f 4097 4099 4098
f 4106 4105 4127
f 6491 6524 6494
f 6494 6524 6495
f 6429 6430 6428
f 6099 6107 6104
f 3355 3365 3350
f 3353 3350 3349
f 3586 3581 3588
f 5062 5057 5063
f 5057 5060 5063
f 3357 3360 3359
f 4273 4272 4274
f 5061 5055 5057
f 5061 5057 5062
f 3583 3580 3585
f 8974 9037 9075
f 8974 8972 9036
f 8972 8971 8969
f 8971 8970 8969
f 8970 8962 8969
f 8970 9040 8962
f 8962 9040 9041
f 9040 9042 9041
f 1331 1329 1354
f 6908 6912 6909
f 9040 9043 9042
f 1748 1747 1742
f 2042 2029 2035
f 8241 8242 8243
f 9043 9044 9042
f 1332 1330 1331
f 1789 1788 1783
f 2005 2004 2006
f 2040 2039 2043
f 8220 8225 8226
f 8227 8223 8228
f 8225 8219 8227
f 8227 8219 8223
f 3196 3188 3189
f 4646 4647 4648
f 5614 5611 5620
f 7389 7390 7391
f 7391 7392 7389
f 714 699 695
f 954 953 913
f 699 697 695
f 4123 4125 4112
f 1953 1954 1956
f 666 667 668
f 1953 1956 1952
f 6057 6065 6056
f 735 734 737
f 737 734 736
f 4097 4102 4099
f 6511 6503 6506
f 4127 4105 4109
f 2065 2067 2066
f 6524 6522 6495
f 6495 6522 6516
f 6516 6522 6517
f 6516 6517 6511
f 6032 6055 6031
f 2289 2290 2291
f 2294 2293 2289
f 2291 2290 2298
f 2291 2298 2299
f 6099 6103 6108
f 3586 3582 3581
f 3349 3357 3354
f 4273 4271 4272
f 3578 3575 3574
f 3574 3575 3576
f 3576 3579 3580
f 9039 8972 8969
f 8969 8962 8955
f 8962 8953 8955
f 6927 6917 6908
f 1788 1787 1783
f 1330 1328 1329
f 1330 1329 1331
f 2004 2003 2009
f 2004 2009 2027
f 3196 3197 3188
f 1789 1783 1790
f 8220 8217 8225
f 8225 8217 8219
f 4646 4649 4647
f 8042 8039 8041
f 3189 3188 3182
f 3049 3054 3050
f 3050 3054 3057
f 7648 7649 7650
f 3057 3054 3059
f 3182 3179 3185
f 5614 5607 5611
f 3185 3179 3186
f 3186 3187 3190
f 8532 8533 8534
f 714 701 699
f 953 911 913
f 5440 5434 5443
f 5437 5434 5440
f 4125 4117 4112
f 697 696 695
f 695 696 685
f 1960 1965 1966
f 696 698 685
f 907 906 908
f 1954 1961 1956
f 668 672 673
f 1957 1965 1960
f 685 677 678
f 677 670 678
f 694 706 712
f 939 938 941
f 706 717 712
f 2360 2371 2358
f 4913 4908 4911
f 8154 8194 8179
f 6503 6504 6506
f 6512 6509 6511
f 6511 6517 6512
f 6054 6044 6055
f 6055 6029 6031
f 36 37 38
f 6028 6030 6046
f 2289 2293 2290
f 6427 6429 6428
f 3587 3582 3586
f 3349 3362 3357
f 5057 5058 5060
f 4278 4269 4271
f 3357 3362 3360
f 3582 3575 3581
f 3581 3575 3578
f 3575 3579 3576
f 5070 5066 5069
f 9039 8969 9128
f 9128 8969 8961
f 8961 8969 8955
f 6916 6912 6908
f 1787 1782 1783
f 8242 8244 8243
f 2005 2002 2004
f 2002 2003 2004
f 3226 3197 3196
f 1329 1328 1314
f 4650 4649 4646
f 1969 1968 1984
f 6909 6912 6913
f 6909 6913 6932
f 1783 1784 1790
f 8217 8218 8219
f 8219 8218 8223
f 8218 8224 8223
f 7648 7650 7651
f 3269 3260 3268
f 1996 1976 1977
f 3179 3187 3186
f 3187 3191 3190
f 446 451 461
f 461 451 457
f 8464 8465 8466
f 446 450 451
f 451 452 457
f 5595 5594 5596
f 5434 5436 5443
f 5443 5436 5441
f 451 450 452
f 913 911 907
f 1025 1016 1013
f 701 700 699
f 699 700 697
f 697 700 705
f 1955 1962 1954
f 1962 1961 1954
f 673 672 674
f 908 934 939
f 934 938 939
f 698 677 685
f 4951 4949 4964
f 668 667 672
f 674 706 694
f 941 938 943
f 1952 1956 1957
f 666 669 667
f 717 720 735
f 4908 4910 4911
f 8194 8168 8179
f 720 734 735
f 6056 6051 6054
f 734 733 736
f 4990 4983 4976
f 4105 4108 4109
f 6051 6044 6054
f 2831 2832 2833
f 6524 6523 6522
f 6522 6523 6517
f 6030 6045 6046
f 2290 2297 2298
f 2298 2297 2299
f 5077 5071 5074
f 5058 5071 5060
f 3349 3350 3351
f 3351 3362 3349
f 4269 4270 4271
f 5057 5056 5058
f 8960 8958 8959
f 5055 5059 5056
f 5055 5056 5057
f 9149 9150 9151
f 6917 6916 6908
f 9132 9137 8951
f 2331 2326 2318
f 2029 2018 2035
f 8370 8371 8372
f 2039 2026 2029
f 2009 2010 2011
f 2011 2010 2012
f 8220 8218 8217
f 3055 3060 3049
f 3055 3061 3060
f 3049 3060 3054
f 2843 2841 2848
f 2848 2841 2860
f 3062 3063 3054
f 3059 3054 3063
f 8848 8847 8846
f 5612 5607 5614
f 5612 5608 5607
f 5608 5593 5607
f 5593 5597 5607
f 404 410 405
f 447 448 446
f 410 411 405
f 8465 8468 8466
f 5593 5595 5597
f 448 449 446
f 410 413 411
f 446 449 450
f 5593 5594 5595
f 5436 5439 5441
f 450 417 452
f 452 417 415
f 705 719 697
f 8478 8479 8473
f 908 906 934
f 1961 1963 1956
f 944 943 950
f 706 718 717
f 670 669 666
f 5422 5420 5419
f 717 718 720
f 4908 4909 4910
f 4910 4912 4911
f 7377 7373 7375
f 7373 7376 7374
f 7373 7374 7375
f 6055 6044 6029
f 6030 6043 6045
f 2297 2300 2299
f 2803 2802 2819
f 2819 2802 2820
f 3350 3352 3351
f 9228 9229 9230
f 8774 8775 8776
f 2820 2800 2821
f 3582 3594 3575
f 8996 9077 8998
f 8958 9077 8961
f 8958 8961 8956
f 3575 3594 3579
f 9152 9149 9151
f 3579 3592 3580
f 3592 3593 3580
f 5070 5067 5066
f 9132 8951 8949
f 8316 8313 8315
f 10279 10275 10276
f 6916 6918 6912
f 8313 8314 8315
f 2018 2017 2015
f 2040 2026 2039
f 1349 1314 1294
f 1349 1294 1350
f 4650 4651 4649
f 2003 2008 2009
f 4649 4651 4652
f 2009 2008 2010
f 3197 3199 3188
f 6912 6915 6913
f 1314 1295 1294
f 2010 2024 2012
f 8836 8831 8834
f 3188 3184 3182
f 8222 8221 8220
f 8220 8221 8218
f 8834 8831 8833
f 8834 8833 8835
f 442 408 434
f 3060 3062 3054
f 403 407 408
f 408 407 428
f 399 401 402
f 428 434 408
f 8847 8845 8846
f 2850 2845 2855
f 398 400 399
f 399 400 401
f 402 401 403
f 401 404 403
f 404 405 403
f 407 429 428
f 428 431 434
f 3179 3181 3187
f 403 405 407
f 429 430 428
f 8845 8843 8846
f 400 406 401
f 401 406 404
f 428 430 431
f 453 448 447
f 3191 3187 3201
f 448 455 449
f 449 421 419
f 449 419 450
f 450 419 417
f 413 414 411
f 413 415 414
f 8322 8323 8324
f 911 905 907
f 905 906 907
f 8852 8839 8851
f 1962 1964 1961
f 1961 1964 1963
f 1027 1023 1024
f 674 739 706
f 950 943 952
f 4120 4121 4102
f 10092 10082 10088
f 706 738 718
f 10088 10082 10084
f 677 671 670
f 670 671 669
f 5420 5417 5419
f 6053 6051 6056
f 720 733 734
f 2830 2822 2831
f 2831 2824 2832
f 6517 6514 6512
f 2293 2295 2290
f 2803 2806 2801
f 3365 3367 3366
f 2803 2801 2802
f 3365 3366 3350
f 3350 3366 3352
f 8959 8958 8957
f 8995 8996 8998
f 8958 8956 8957
f 3594 3595 3579
f 3595 3592 3579
f 9075 8993 8990
f 9075 8990 8986
f 8952 8949 8948
f 10278 10276 10277
f 6917 6918 6916
f 10276 10274 10277
f 1353 1350 1310
f 2029 2026 2017
f 2029 2017 2018
f 2015 2002 2016
f 1350 1294 1310
f 2003 2002 2008
f 6915 6920 6913
f 1782 1780 1783
f 1783 1780 1784
f 7596 7593 7598
f 7598 7643 7642
f 8831 8822 8833
f 7643 7644 7642
f 409 403 408
f 5617 5608 5612
f 3182 3183 3180
f 391 392 393
f 393 392 397
f 399 402 409
f 402 403 409
f 8895 8896 8891
f 8895 8891 8894
f 3182 3180 3179
f 391 396 392
f 8847 8849 8845
f 3179 3180 3181
f 397 392 398
f 397 398 399
f 8849 8844 8845
f 396 453 392
f 8844 8843 8845
f 5617 5598 5593
f 5617 5593 5608
f 5598 5592 5593
f 3181 3200 3187
f 396 454 453
f 453 454 448
f 429 432 430
f 430 433 431
f 3187 3200 3201
f 5438 5442 5439
f 454 455 448
f 5592 5590 5593
f 8842 8853 8843
f 5593 5590 5594
f 455 421 449
f 8842 8839 8853
f 8839 8852 8853
f 701 702 700
f 700 704 705
f 419 416 417
f 417 416 415
f 740 739 674
f 415 416 414
f 414 416 418
f 667 742 672
f 739 738 706
f 677 689 671
f 7045 7046 7047
f 5417 5418 5419
f 2828 2822 2830
f 2831 2822 2824
f 2832 2824 2838
f 6517 6518 6514
f 6038 6037 6029
f 6044 6038 6029
f 6036 6030 6029
f 6030 6036 6043
f 2290 2296 2297
f 2593 2592 2594
f 904 890 886
f 2594 2592 2595
f 2594 2595 2607
f 5072 5073 5071
f 5071 5073 5074
f 5078 5075 5056
f 5059 5080 5078
f 3595 3596 3592
f 5067 5082 5080
f 3592 3597 3593
f 8948 8949 8914
f 8914 8949 8950
f 6917 6919 6918
f 1353 1310 1352
f 1787 1786 1782
f 2040 2033 2026
f 2017 2014 2015
f 2015 2014 2002
f 1968 1986 1984
f 2002 2014 2013
f 2002 2013 2008
f 1294 1293 1310
f 2008 2025 2010
f 1294 1292 1293
f 1295 1292 1294
f 2010 2025 2024
f 395 393 412
f 7592 7591 7593
f 7592 7593 7596
f 3184 3183 3182
f 394 393 395
f 7617 7615 7619
f 7590 7591 7592
f 2839 2841 2843
f 2841 2861 2860
f 4747 4772 4746
f 4746 4772 4750
f 394 391 393
f 2844 2839 2843
f 3266 3261 3260
f 4245 4241 4240
f 7615 7616 7602
f 3260 3262 3268
f 1976 1973 1972
f 4240 4241 4238
f 8822 8837 8833
f 4240 4238 4239
f 8891 8893 8894
f 8844 8841 8843
f 8841 8842 8843
f 396 456 454
f 433 430 437
f 5439 5442 5441
f 425 455 454
f 432 436 435
f 432 435 430
f 5592 5586 5590
f 8841 8839 8842
f 455 425 421
f 917 912 911
f 911 912 905
f 1026 1023 1028
f 8827 8830 8885
f 421 420 419
f 710 709 701
f 2458 2442 2443
f 8827 8885 8840
f 709 702 701
f 702 703 700
f 700 703 704
f 419 420 416
f 672 741 674
f 8879 8872 8878
f 8878 8872 8864
f 2461 2466 2468
f 667 669 742
f 938 933 943
f 8879 8867 8872
f 8867 8865 8872
f 10082 10083 10084
f 8871 8868 8879
f 8879 8868 8867
f 671 743 669
f 718 732 720
f 8792 8793 8794
f 6053 6052 6051
f 5421 5423 5418
f 5417 5421 5418
f 2829 2826 2828
f 2828 2826 2822
f 720 731 733
f 6051 6052 6048
f 6513 6501 6509
f 2824 2835 2838
f 6523 6525 6521
f 6523 6521 6517
f 6517 6521 6518
f 6043 6036 6047
f 2297 2301 2300
f 890 880 886
f 898 880 890
f 2590 2587 2595
f 883 880 898
f 3367 3368 3366
f 5080 5079 5078
f 5078 5079 5075
f 8994 8993 8995
f 3596 3597 3592
f 8963 8948 8937
f 7745 7752 7743
f 7752 7747 7743
f 4651 4653 4652
f 1293 1299 1310
f 7609 7598 7641
f 6923 6920 6915
f 8222 8212 8221
f 8221 8215 8218
f 8218 8216 8224
f 2841 2842 2861
f 7619 7615 7572
f 7589 7591 7590
f 6920 6930 6933
f 3260 3261 3262
f 8855 8803 8831
f 1976 2001 1973
f 8831 8803 8822
f 4239 4238 4232
f 8822 8850 8837
f 8823 8850 8822
f 8891 8892 8893
f 4239 4232 4243
f 8823 8826 8850
f 8850 8841 8844
f 3181 3205 3200
f 8850 8826 8841
f 454 456 425
f 8824 8827 8826
f 8841 8826 8839
f 911 918 917
f 435 437 430
f 8825 8830 8824
f 8824 8830 8827
f 1026 1005 1023
f 424 421 425
f 8827 8839 8826
f 8523 8527 8524
f 4665 4666 4664
f 710 711 709
f 2442 2460 2445
f 905 910 906
f 421 422 420
f 741 740 674
f 704 703 707
f 934 933 938
f 4668 4667 4665
f 420 427 416
f 10093 10094 10095
f 743 742 669
f 4669 4667 4668
f 8873 8870 8871
f 8872 8865 8864
f 718 738 732
f 3779 3771 3768
f 6014 6012 6017
f 427 441 416
f 689 743 671
f 8868 8866 8867
f 8867 8866 8865
f 720 732 731
f 4978 4977 4985
f 4977 4983 4984
f 6048 6040 6044
f 6037 6039 6036
f 2295 2296 2290
f 2296 2301 2297
f 886 880 885
f 2602 2603 2600
f 2600 2603 2604
f 6079 6087 6089
f 3370 3369 3367
f 3369 3368 3367
f 2809 2811 2817
f 8994 8992 8993
f 9217 9218 9219
f 9035 8987 8988
f 6926 6919 6921
f 6919 6924 6918
f 6918 6922 6915
f 1310 1299 1311
f 2033 2031 2026
f 2031 2020 2026
f 2026 2020 2017
f 2020 2014 2017
f 1782 1786 1781
f 1967 1989 1986
f 1782 1781 1780
f 7590 7592 7595
f 7592 7596 7595
f 7641 7645 7640
f 2013 2023 2008
f 7641 7642 7645
f 2008 2023 2025
f 7588 7589 7590
f 2025 2023 2028
f 1780 1778 1784
f 8222 8213 8212
f 8221 8212 8211
f 8221 8211 8215
f 8218 8215 8216
f 7588 7572 7589
f 7645 7642 7646
f 2841 2840 2842
f 6920 6923 6930
f 2839 2840 2841
f 3183 3219 3218
f 4241 4246 4238
f 2846 2847 2844
f 8855 8810 8803
f 4236 4232 4238
f 8803 8802 8822
f 8822 8802 8823
f 3181 3203 3205
f 8802 8824 8823
f 8823 8824 8826
f 456 424 425
f 8802 8825 8824
f 3200 3210 3215
f 8828 8825 8802
f 7937 7940 7947
f 424 423 421
f 438 439 435
f 436 438 435
f 5589 5590 5586
f 2904 2908 2902
f 421 423 422
f 5589 5591 5590
f 5307 5309 5310
f 6652 6653 6654
f 906 933 934
f 8875 8862 8861
f 742 741 672
f 8864 8863 8862
f 5307 5308 5309
f 5307 5311 5308
f 6652 6656 6653
f 420 445 427
f 8864 8865 8863
f 5677 5675 5674
f 8870 8868 8871
f 8865 8866 8863
f 4993 4985 4989
f 4985 4987 4989
f 2829 2827 2826
f 8866 8868 8869
f 6042 6041 6040
f 2824 2834 2835
f 2835 2834 2836
f 2834 2837 2836
f 4610 4592 4593
f 4610 4593 4611
f 6040 6039 6038
f 2591 2592 2593
f 2591 2590 2592
f 2585 2587 2590
f 2596 2605 2586
f 2596 2600 2605
f 2598 2600 2596
f 2605 2600 2608
f 2598 2602 2600
f 2598 2601 2602
f 2602 2601 2609
f 3370 3373 3369
f 2811 2815 2817
f 5080 5081 5079
f 8992 8990 8993
f 9002 9033 9035
f 6915 6922 6923
f 7609 7595 7596
f 7571 7572 7588
f 1967 1971 1989
f 1293 1298 1299
f 7567 7569 7571
f 7569 7572 7571
f 7567 7568 7569
f 6931 6930 6923
f 1292 1282 1293
f 1279 1282 1292
f 2847 2839 2844
f 8884 8810 8855
f 8205 8208 8210
f 8204 8202 8205
f 8801 8803 8810
f 5345 5342 5344
f 5344 5346 5347
f 8801 8802 8803
f 3202 3203 3181
f 8802 8832 8828
f 997 1005 1026
f 456 458 424
f 8832 8887 8828
f 5586 5587 5588
f 5586 5588 5589
f 8887 8888 8828
f 438 440 439
f 906 910 933
f 8862 8860 8861
f 5048 5044 5043
f 933 951 943
f 943 951 952
f 422 444 420
f 8863 8860 8862
f 6653 6656 6655
f 6017 6018 6019
f 420 444 445
f 5044 5047 5045
f 6018 6013 6021
f 8873 8874 8870
f 6012 6010 6013
f 731 727 729
f 5675 5678 5676
f 4208 4212 4211
f 4208 4211 4209
f 488 489 496
f 496 489 495
f 4985 4984 4986
f 8870 8869 8868
f 6040 6041 6039
f 2591 2585 2590
f 880 882 885
f 885 882 887
f 883 881 880
f 880 881 882
f 2588 2586 2585
f 2585 2586 2587
f 883 884 881
f 892 902 901
f 4699 4694 4695
f 8004 7998 7997
f 2813 2818 2814
f 3374 3372 3373
f 3373 3372 3369
f 3372 3371 3369
f 3369 3371 3368
f 3371 3366 3368
f 9003 9033 9002
f 6925 6919 6926
f 6925 6924 6919
f 6924 6922 6918
f 7747 7746 7743
f 7747 7748 7746
f 7608 7595 7609
f 7587 7571 7597
f 7597 7588 7594
f 7594 7590 7595
f 7609 7641 7640
f 1311 1299 1300
f 1786 1791 1781
f 7574 7567 7571
f 7571 7588 7597
f 7594 7588 7590
f 1791 1792 1781
f 7567 7573 7570
f 1781 1779 1780
f 7570 7568 7567
f 1780 1779 1778
f 2840 2858 2857
f 2840 2857 2842
f 2842 2857 2861
f 7000 6997 6996
f 4995 4996 4997
f 8213 8201 8212
f 8212 8201 8204
f 8212 8204 8211
f 8211 8214 8215
f 6996 6997 6992
f 8199 8201 8213
f 6996 6992 6995
f 4246 4249 4248
f 6995 6992 6994
f 8805 8801 8810
f 8204 8201 8202
f 4248 4249 4250
f 6530 6527 6529
f 8804 8802 8801
f 3203 3206 3205
f 4230 4231 4232
f 8804 8832 8802
f 4232 4231 4243
f 4243 4231 4244
f 8890 8887 8832
f 3210 3216 3215
f 458 459 424
f 7942 7941 7937
f 7937 7939 7940
f 3751 3752 3750
f 3752 3758 3755
f 8897 8898 8899
f 8890 8888 8887
f 936 935 910
f 6754 6750 6752
f 6605 6604 6607
f 910 935 933
f 3758 3760 3755
f 6017 6019 6020
f 8861 8860 8821
f 8860 8859 8821
f 422 443 444
f 10087 10086 10083
f 493 492 494
f 10083 10086 10085
f 5045 5046 5043
f 6013 6000 6021
f 6021 6000 6002
f 727 728 729
f 487 478 488
f 2822 2823 2824
f 2824 2823 2834
f 3600 3599 3601
f 3600 3601 3602
f 889 888 891
f 887 888 889
f 882 888 887
f 884 892 881
f 897 881 892
f 2596 2597 2598
f 2598 2599 2601
f 8992 8991 8990
f 8991 8989 8990
f 9116 9071 9139
f 2552 2548 2550
f 2548 2547 2550
f 9071 9116 9066
f 9066 9070 9071
f 2548 2546 2547
f 2541 2539 2549
f 2549 2539 2546
f 2546 2545 2547
f 2539 2545 2546
f 7587 7597 7566
f 2539 2529 2545
f 7574 7571 7586
f 7586 7571 7587
f 2539 2526 2529
f 7573 7567 7574
f 2526 2525 2529
f 7749 7751 7746
f 4654 4659 4653
f 2020 2019 2014
f 1299 1298 1300
f 7576 7570 7573
f 1282 1303 1298
f 1779 1775 1778
f 3270 3267 3266
f 3266 3267 3261
f 2022 2028 2023
f 8216 8215 8214
f 2839 2859 2840
f 7000 7001 6997
f 4995 5000 4998
f 4998 4996 4995
f 8884 8805 8810
f 1279 1278 1282
f 1778 1774 1785
f 4998 4999 4996
f 8208 8205 8206
f 10076 10075 10077
f 5342 5343 5344
f 6994 6992 6993
f 8205 8202 8206
f 5344 5343 5346
f 6529 6531 6534
f 1774 1776 1785
f 8199 8198 8201
f 8201 8198 8202
f 6527 6528 6529
f 8199 8195 8198
f 8198 8203 8202
f 8805 8804 8801
f 5643 5642 5645
f 6532 6528 6527
f 8195 8196 8197
f 8856 8890 8832
f 3205 3209 3210
f 3210 3209 3216
f 459 460 424
f 7949 7943 7948
f 7948 7943 7942
f 7943 7941 7942
f 3755 3760 3753
f 6022 6020 5997
f 460 426 424
f 424 426 423
f 8821 8859 8858
f 494 499 500
f 8858 8876 8857
f 8821 8858 8857
f 8857 8876 8877
f 995 980 1037
f 1037 980 982
f 6019 5997 6020
f 423 426 443
f 423 443 422
f 6019 6021 5997
f 10087 10089 10086
f 6021 6002 5997
f 493 490 492
f 728 730 745
f 489 490 495
f 2826 2825 2822
f 4584 4585 4586
f 487 482 478
f 2822 2825 2823
f 4588 4586 4587
f 4594 4596 4609
f 4799 4798 4786
f 1908 1905 1910
f 2585 2589 2588
f 882 896 888
f 10117 10120 10122
f 897 882 881
f 2597 2599 2598
f 3372 3375 3371
f 8915 8937 8912
f 9139 9068 9116
f 2554 2542 2549
f 2542 2541 2549
f 9066 9069 9070
f 2542 2540 2541
f 7635 7630 7628
f 7586 7587 7566
f 2540 2539 2541
f 7611 7608 7609
f 2540 2527 2539
f 7574 7575 7573
f 2527 2526 2539
f 7635 7638 7630
f 7636 7656 7610
f 3527 3530 3512
f 7636 7637 7657
f 7636 7657 7656
f 4654 4660 4659
f 1971 1990 1989
f 2030 2020 2031
f 2019 2013 2014
f 2013 2021 2022
f 2013 2022 2023
f 1779 1814 1775
f 2859 2858 2840
f 5001 4998 5000
f 2022 2037 2028
f 2028 2037 2038
f 1278 1289 1282
f 1778 1775 1774
f 6997 6999 6992
f 3261 3263 3262
f 10076 10073 10075
f 5641 5642 5643
f 6528 6531 6529
f 8805 8806 8804
f 6993 6991 7002
f 8203 8209 8202
f 4999 5005 5008
f 8195 8197 8198
f 8198 8200 8203
f 8804 8807 8832
f 3205 3208 3209
f 8829 8890 8856
f 996 1003 997
f 7937 7938 7939
f 3216 3220 3222
f 4244 4253 4254
f 7941 7938 7937
f 3750 3755 3753
f 8857 8877 8890
f 7988 7951 7949
f 7986 7951 7987
f 10089 10090 10086
f 492 497 494
f 5223 5220 5222
f 2827 2825 2826
f 487 486 482
f 727 730 728
f 488 472 489
f 478 472 488
f 3603 3600 3605
f 10112 10122 10123
f 888 893 891
f 888 894 893
f 10116 10118 10117
f 888 895 894
f 10119 10120 10117
f 10118 10119 10117
f 10119 10121 10120
f 8014 7999 8019
f 7995 7996 7997
f 8912 8913 8908
f 2554 2553 2542
f 9050 9069 9066
f 2553 2543 2542
f 2543 2540 2542
f 7566 7605 7613
f 7628 7630 7625
f 7630 7624 7625
f 7625 7624 7553
f 7575 7574 7586
f 2540 2556 2527
f 7624 7636 7610
f 7624 7610 7553
f 7553 7610 7557
f 7577 7576 7575
f 7638 7637 7630
f 7630 7637 7624
f 7624 7637 7636
f 7575 7576 7573
f 7577 7584 7576
f 2030 2019 2020
f 1300 1301 1302
f 1302 1301 1319
f 2526 2521 2525
f 1298 1301 1300
f 7652 7653 7584
f 5003 5001 5000
f 2847 2862 2839
f 2858 2863 2857
f 7653 7654 7584
f 5004 5001 5003
f 2839 2862 2859
f 2521 2523 2525
f 7653 7655 7654
f 3263 3264 3262
f 8809 8806 8805
f 1279 1276 1278
f 1281 1276 1279
f 6992 6991 6993
f 1283 1276 1281
f 4998 5005 4999
f 10073 10074 10075
f 8807 8804 8806
f 8202 8209 8207
f 8202 8207 8206
f 5005 5009 5008
f 1777 1815 1776
f 1776 1815 1816
f 1731 1721 1723
f 1721 1714 1723
f 8197 8200 8198
f 8200 8209 8203
f 5008 5009 5015
f 3205 3207 3208
f 4230 4233 4231
f 8812 8856 8832
f 4231 4242 4244
f 8819 8820 8818
f 8818 8857 8829
f 3209 3220 3216
f 4244 4242 4253
f 10091 10090 10089
f 7952 7951 7986
f 7949 7950 7943
f 7943 7945 7941
f 935 937 933
f 933 937 951
f 7982 7980 7983
f 4598 4600 4599
f 489 472 490
f 4609 4608 4606
f 482 480 478
f 6349 6350 6351
f 10126 10112 10123
f 1905 1911 1910
f 10112 10110 10116
f 10110 10124 10116
f 10116 10124 10118
f 2606 2597 2589
f 896 895 888
f 882 897 896
f 7999 7995 7998
f 8281 8282 8283
f 7998 7995 7997
f 8285 8287 8284
f 9080 8946 9108
f 8999 8989 8991
f 9000 8989 8999
f 9001 9004 9003
f 9049 9051 9050
f 9049 9050 9047
f 9047 9050 9066
f 9051 9065 9050
f 7580 7575 7565
f 7628 7625 7626
f 7626 7553 7558
f 7565 7586 7566
f 7625 7553 7626
f 7565 7575 7586
f 2426 2424 2425
f 2543 2556 2540
f 7579 7578 7575
f 7578 7577 7575
f 3514 3517 3513
f 7583 7577 7578
f 2556 2555 2527
f 2527 2555 2528
f 7557 7610 7583
f 7610 7585 7583
f 7583 7584 7577
f 2528 2521 2527
f 2527 2521 2526
f 7583 7585 7584
f 2019 2021 2013
f 1301 1315 1319
f 1319 1315 1340
f 2863 2865 2857
f 2858 2864 2863
f 3267 3263 3261
f 2521 2522 2523
f 1303 1301 1298
f 2859 2864 2858
f 2522 2531 2523
f 1775 1773 1774
f 5017 5002 5004
f 5004 5002 5001
f 5017 5019 5002
f 5002 4998 5001
f 1774 1773 1772
f 5002 5006 4998
f 6999 6990 6992
f 1276 1277 1278
f 8806 8808 8807
f 6992 6990 6991
f 1774 1772 1776
f 5006 5005 4998
f 5641 5644 5642
f 1772 1777 1776
f 1716 1717 1719
f 1715 1717 1716
f 10060 10057 10059
f 10060 10059 10062
f 6991 6987 7002
f 1714 1715 1716
f 8807 8812 8832
f 4231 4233 4234
f 10059 10058 10062
f 4231 4234 4242
f 10034 10061 10058
f 4242 4252 4253
f 3747 3757 3746
f 7952 7950 7951
f 7951 7950 7949
f 937 962 951
f 4600 4601 4599
f 4607 4600 4606
f 490 491 492
f 472 491 490
f 10107 10108 10112
f 10108 10110 10112
f 10109 10110 10108
f 2561 2571 2567
f 8016 8012 8013
f 8013 8012 8007
f 8013 8007 8008
f 896 900 895
f 8009 8001 8014
f 8010 8009 8014
f 8014 8001 7999
f 897 899 896
f 899 900 896
f 9122 9120 9121
f 9122 9123 9120
f 6818 6819 6820
f 6821 6818 6820
f 6820 6819 6822
f 8286 8281 8283
f 7999 8000 7995
f 8283 8282 8284
f 8282 8285 8284
f 8909 8946 8901
f 7601 7580 7565
f 7626 7558 7627
f 7558 7552 7559
f 7580 7579 7575
f 7564 7566 7614
f 7566 7613 7614
f 2862 2866 2859
f 2021 2037 2022
f 1340 1315 1339
f 2866 2864 2859
f 8809 8808 8806
f 3263 3265 3264
f 5019 5018 5002
f 8808 8811 8807
f 5641 5646 5644
f 10063 10052 10057
f 1283 1284 1280
f 1283 1280 1276
f 10063 10057 10060
f 6991 6990 6987
f 1320 1284 1283
f 5005 5007 5009
f 8811 8812 8807
f 1721 1722 1720
f 8882 8819 8881
f 8819 8813 8881
f 10059 10057 10058
f 8813 8814 8812
f 8813 8819 8818
f 8813 8818 8814
f 996 1033 1003
f 317 310 319
f 978 1036 996
f 7941 7944 7938
f 9516 9514 9515
f 7984 7982 7985
f 7957 7955 7980
f 7950 7945 7943
f 5220 5221 5222
f 492 498 497
f 5222 5221 5224
f 491 498 492
f 486 485 482
f 472 474 491
f 3606 3611 3609
f 10104 10106 10107
f 10107 10112 10115
f 10106 10108 10107
f 8010 8008 8009
f 2573 2566 2564
f 8001 8000 7999
f 9001 9000 8999
f 9051 9049 9064
f 9047 9066 9045
f 7601 7565 7564
f 7601 7581 7580
f 7581 7579 7580
f 7555 7561 7552
f 7582 7579 7581
f 2424 2381 2386
f 2424 2386 2425
f 8376 8377 8378
f 2425 2386 2390
f 6792 6782 6791
f 2019 2034 2021
f 2021 2034 2037
f 2528 2524 2521
f 2521 2524 2522
f 3263 3267 3265
f 1303 1304 1301
f 8854 8808 8809
f 1773 1769 1772
f 5018 5010 5002
f 8883 8882 8881
f 310 308 311
f 1715 1718 1717
f 5006 5007 5005
f 8813 8812 8811
f 1721 1720 1714
f 1714 1720 1715
f 3212 3211 3208
f 3214 3212 3208
f 3208 3211 3209
f 4233 4235 4234
f 9401 9403 9404
f 3209 3221 3220
f 7955 7957 7956
f 935 940 937
f 7982 7984 7981
f 7952 7955 7953
f 10034 10033 10035
f 7952 7953 7950
f 7953 7954 7950
f 7946 7941 7945
f 498 501 497
f 10104 10105 10106
f 10105 10111 10106
f 10105 10125 10111
f 10111 10109 10106
f 8016 8011 8012
f 8001 8002 8000
f 9004 9005 9006
f 2421 2381 2424
f 7629 7626 7631
f 7560 7581 7600
f 7560 7561 7581
f 7561 7582 7581
f 3517 3514 3508
f 2030 2036 2019
f 2019 2036 2034
f 6791 6782 6784
f 10068 10066 10067
f 10066 10065 10067
f 10069 10065 10043
f 10069 10042 10053
f 10069 10043 10042
f 1975 1997 1990
f 1990 1997 1998
f 1304 1305 1301
f 1301 1305 1312
f 1301 1312 1315
f 1312 1339 1315
f 10042 10052 10053
f 8815 8808 8854
f 10041 10057 10052
f 8883 8881 8886
f 8886 8881 8817
f 8816 8811 8815
f 2522 2532 2531
f 2531 2532 2538
f 8817 8811 8816
f 8815 8811 8808
f 1277 1290 1289
f 1732 1728 1730
f 5002 5010 5006
f 5010 5011 5006
f 8817 8813 8811
f 6990 6988 6987
f 6987 6988 6989
f 1772 1771 1777
f 1718 1728 1717
f 1720 1718 1715
f 5006 5012 5007
f 6987 6989 6998
f 10050 10057 10041
f 3211 3213 3209
f 10050 10034 10057
f 1351 1318 1322
f 9520 9521 9522
f 10034 10031 10033
f 7956 7953 7955
f 7954 7945 7950
f 491 502 498
f 480 473 478
f 472 473 474
f 474 502 491
f 7475 7474 7476
f 2577 2578 2579
f 10125 10109 10111
f 8018 8017 8016
f 8016 8017 8011
f 2563 2560 2562
f 8012 8011 8007
f 8011 8005 8007
f 9001 8999 9034
f 2421 2377 2381
f 7631 7626 7633
f 2389 2396 2392
f 5286 5285 5284
f 6782 6788 6783
f 8889 8886 8816
f 8889 8816 8854
f 8854 8816 8815
f 6782 6783 6784
f 1339 1312 1341
f 10066 10055 10065
f 10065 10039 10043
f 10042 10041 10052
f 10042 10040 10041
f 8886 8817 8816
f 10055 10038 10065
f 10065 10038 10039
f 1290 1304 1289
f 10040 10037 10041
f 2524 2530 2522
f 2522 2530 2532
f 1769 1771 1772
f 2538 2532 2551
f 5006 5011 5012
f 1722 1726 1720
f 1720 1726 1724
f 1720 1724 1718
f 10037 10050 10041
f 1321 1317 1320
f 1317 1285 1320
f 1320 1285 1284
f 5007 5012 5016
f 9376 9375 9377
f 1322 1317 1321
f 1284 1285 1280
f 10037 10031 10050
f 3213 3217 3209
f 3217 3221 3209
f 9401 9402 9403
f 9403 9402 9406
f 7960 7959 7957
f 10031 10034 10050
f 7959 7956 7957
f 7953 7956 7958
f 7941 7946 7944
f 485 483 482
f 483 481 482
f 482 481 480
f 7475 7472 7474
f 7474 7471 7476
f 10113 10125 10105
f 8011 8015 8005
f 8007 8006 8008
f 8008 8006 8009
f 8009 8002 8001
f 9034 9109 9110
f 3697 3698 3699
f 3697 3700 3698
f 3699 3698 3701
f 3698 3702 3701
f 3702 3703 3701
f 2421 2383 2377
f 2396 2412 2392
f 5285 5282 5284
f 5284 5282 5283
f 5284 5283 5287
f 10043 10040 10042
f 10043 10039 10040
f 10040 10039 10037
f 1769 1770 1771
f 10055 10051 10038
f 1728 1729 1730
f 5010 5013 5011
f 10055 10056 10051
f 2530 2533 2532
f 2532 2533 2534
f 1724 1725 1718
f 1718 1725 1728
f 2534 2559 2551
f 2532 2534 2551
f 5011 5014 5012
f 10051 10032 10038
f 10038 10032 10037
f 2534 2533 2544
f 9376 9373 9375
f 10032 10031 10037
f 10032 10030 10031
f 1285 1286 1280
f 10029 10030 10051
f 10051 10030 10032
f 9377 9378 9379
f 9379 9378 9401
f 9401 9378 9402
f 1322 1318 1317
f 7964 7963 7960
f 7960 7963 7959
f 10045 10046 10026
f 2227 2228 2239
f 9521 9523 9522
f 9525 9522 9524
f 10028 10033 10031
f 2241 2220 2239
f 2267 2268 2270
f 2270 2268 2269
f 10028 10036 10033
f 480 479 473
f 473 476 475
f 10127 10128 10129
f 8022 8018 8023
f 8018 8021 8017
f 4814 4818 4827
f 2560 2580 2568
f 8017 8020 8011
f 4818 4832 4827
f 8005 8006 8007
f 8006 8002 8009
f 8002 8003 8000
f 9049 9048 9064
f 7739 7740 7738
f 5086 5087 5089
f 2985 2972 2990
f 1304 1306 1305
f 10070 10071 10072
f 6784 6785 6786
f 1725 1729 1728
f 5011 5013 5014
f 10054 10051 10056
f 2533 2536 2544
f 1280 1291 1277
f 7975 7967 7976
f 10054 10029 10051
f 1685 1689 1690
f 1685 1690 1687
f 1690 1691 1687
f 7976 7967 7964
f 1317 1316 1285
f 1693 1690 1689
f 10044 10026 10029
f 1318 1316 1317
f 1318 1323 1316
f 471 462 469
f 10045 10026 10044
f 10029 10028 10030
f 10028 10031 10030
f 10029 10026 10028
f 2228 2243 2271
f 10026 10027 10028
f 2268 2235 2269
f 2235 2240 2269
f 5221 5225 5224
f 480 481 479
f 7474 7472 7471
f 4817 4815 4823
f 4823 4815 4826
f 8022 8021 8018
f 4814 4827 4826
f 8017 8021 8020
f 8011 8020 8015
f 8900 8902 8903
f 2418 2383 2421
f 5083 5084 5085
f 5083 5085 5086
f 5086 5085 5087
f 5147 5152 5113
f 5113 5152 5114
f 2973 2968 2971
f 2379 2388 2387
f 3000 2993 3001
f 6453 6450 6449
f 2993 2992 2975
f 2975 2992 2967
f 2975 2967 2973
f 3000 2985 2993
f 2985 2990 2993
f 2973 2967 2968
f 3000 2987 2985
f 6449 6451 6452
f 2990 2972 2992
f 2968 2967 2966
f 2387 2395 2391
f 2992 2972 2967
f 2967 2964 2966
f 2987 2986 2985
f 2985 2986 2942
f 2985 2942 2972
f 2972 2964 2967
f 10202 10203 10200
f 10200 10199 10201
f 10202 10200 10201
f 2942 2965 2972
f 2972 2965 2964
f 2988 2989 2986
f 2986 2989 2942
f 2965 2933 2964
f 2989 2943 2942
f 2965 2942 2933
f 2988 2976 2989
f 2989 2976 2943
f 2976 2935 2943
f 5282 5279 5283
f 5279 5281 5283
f 9416 9413 9418
f 9419 9413 9412
f 1307 1306 1304
f 1769 1818 1793
f 9383 9380 9373
f 331 280 282
f 1793 1794 1770
f 1296 1307 1290
f 1770 1794 1813
f 1686 1687 1694
f 1692 1684 1688
f 1688 1684 1683
f 1683 1684 1685
f 1683 1685 1686
f 1686 1685 1687
f 2530 2535 2533
f 2535 2537 2536
f 2533 2535 2536
f 1796 1797 1811
f 1692 1689 1684
f 1689 1685 1684
f 10044 10029 10054
f 2536 2537 2557
f 2536 2557 2558
f 1687 1691 1695
f 1811 1797 1810
f 1797 1799 1810
f 7967 7963 7964
f 1316 1288 1285
f 466 462 471
f 469 462 468
f 469 468 470
f 7959 7961 7956
f 2220 2227 2239
f 2227 2226 2228
f 2226 2243 2228
f 2240 2212 2241
f 8741 8742 8743
f 10048 10036 10047
f 10047 10036 10028
f 484 483 485
f 479 477 473
f 473 477 476
f 4826 4827 4828
f 8020 8005 8015
f 8005 8025 8006
f 9048 9054 9055
f 9054 9048 9053
f 9053 9048 9052
f 2418 2420 2419
f 2418 2419 2383
f 9052 9046 9067
f 9046 9009 9067
f 2383 2378 2377
f 7232 7234 7233
f 5146 5147 5104
f 5113 5103 5111
f 21 11 13
f 6454 6450 6453
f 2388 2428 2387
f 2968 2969 2970
f 10204 10202 10207
f 10259 10257 10256
f 6449 6450 6451
f 2966 2953 2969
f 2968 2966 2969
f 2969 2953 2952
f 2969 2952 2940
f 2387 2428 2395
f 10204 10203 10202
f 2966 2964 2953
f 10200 10161 10199
f 2964 2933 2931
f 2964 2931 2953
f 2953 2931 2963
f 10199 10161 10162
f 2933 2929 2931
f 10199 10162 10220
f 2942 2935 2933
f 2933 2930 2929
f 2935 2934 2933
f 2933 2934 2930
f 10220 10162 10196
f 2976 2978 2935
f 2934 2947 2930
f 2934 2980 2948
f 2934 2948 2947
f 5282 5280 5279
f 2935 2978 2934
f 9416 9415 9413
f 1312 1313 1341
f 1305 1306 1312
f 1312 1306 1313
f 1818 1795 1793
f 1793 1795 1794
f 9380 9374 9373
f 9373 9374 9375
f 1290 1277 1296
f 7974 7970 7973
f 6786 6787 6789
f 9375 9411 9378
f 6787 6790 6789
f 1280 1286 1291
f 1323 1288 1316
f 1288 1287 1285
f 1285 1287 1286
f 7963 7962 7959
f 7956 7961 7958
f 2267 2235 2268
f 2241 2212 2220
f 8022 8030 8021
f 7677 7693 7681
f 7681 7693 7683
f 8454 8455 8456
f 8025 8024 8006
f 8024 8027 8002
f 8006 8024 8002
f 8002 8027 8003
f 8947 8904 8911
f 8904 8900 8903
f 9005 9010 9007
f 5084 5088 5085
f 2383 2384 2378
f 5155 5151 5146
f 5155 5146 5154
f 5104 5103 5096
f 5096 5103 5099
f 5103 5105 5099
f 5105 5107 5106
f 5106 5107 5110
f 10205 10181 10180
f 5104 5111 5103
f 2977 2969 2940
f 6455 6451 6454
f 6454 6451 6450
f 10204 10219 10203
f 10203 10208 10200
f 2941 2963 2974
f 2963 2931 2962
f 2963 2962 2974
f 10234 10235 10236
f 2931 2921 2962
f 2921 2924 2962
f 10161 10160 10157
f 10161 10157 10162
f 2931 2929 2921
f 10160 10158 10157
f 2929 2930 2919
f 2929 2919 2921
f 10157 10196 10162
f 2976 2979 2978
f 2947 2949 2919
f 2930 2947 2919
f 10157 10151 10196
f 2947 2948 2949
f 5280 5278 5279
f 2978 3005 2980
f 2948 2950 2949
f 2949 2950 2951
f 9412 9380 9383
f 7978 7972 7974
f 7974 7972 7970
f 9375 9381 9411
f 9378 9411 9402
f 1286 1287 1291
f 9402 9407 9406
f 2226 2223 2224
f 466 465 462
f 1323 1338 1288
f 2220 2214 2227
f 5238 5229 5241
f 2220 2212 2214
f 5241 5229 5245
f 2235 2210 2240
f 2210 2212 2240
f 10078 10079 10080
f 483 484 481
f 4831 4826 4830
f 4830 4826 4829
f 4826 4828 4829
f 7677 7691 7693
f 8029 8028 8021
f 8021 8028 8020
f 8020 8028 8005
f 8028 8026 8005
f 8005 8026 8025
f 9054 9056 9055
f 2422 2423 2419
f 2420 2422 2419
f 2419 2427 2383
f 2383 2427 2384
f 5330 5331 5332
f 10178 10181 10206
f 5332 5331 5333
f 10178 10180 10181
f 2984 2977 2982
f 2977 2940 2981
f 2991 2946 3014
f 10259 10260 10257
f 2940 2939 2981
f 2946 3003 3014
f 2940 2941 2938
f 2940 2938 2939
f 10256 10257 10258
f 2946 3002 3003
f 10230 10232 10233
f 10230 10231 10232
f 2924 2932 2962
f 8053 8054 8055
f 8055 8054 8056
f 10208 10158 10160
f 2921 2923 2924
f 10158 10159 10153
f 10158 10153 10157
f 2921 2922 2923
f 2919 2920 2921
f 2921 2920 2922
f 10153 10151 10157
f 2997 3005 2978
f 2979 2997 2978
f 2980 2950 2948
f 2980 2994 2950
f 6781 6763 6768
f 5281 5279 5276
f 9415 9414 9413
f 9414 9380 9413
f 9413 9380 9412
f 1324 1326 1306
f 1296 1325 1307
f 1796 1795 1797
f 7970 7968 7973
f 7973 7968 7975
f 1277 1297 1296
f 7975 7968 7967
f 1291 1297 1277
f 7967 7966 7963
f 1797 1798 1799
f 7965 7962 7963
f 9406 9407 9438
f 1798 1800 1799
f 9443 9444 9445
f 1288 1309 1287
f 465 463 462
f 462 463 464
f 462 467 468
f 7959 7962 7961
f 1288 1338 1327
f 2203 2204 2267
f 2267 2204 2235
f 5228 5226 5229
f 481 484 479
f 7688 7690 7689
f 8030 8032 8029
f 8029 8032 8028
f 2419 2423 2427
f 1473 1479 1480
f 5096 5099 5098
f 5098 5099 5100
f 5149 5145 5148
f 5148 5145 5096
f 5100 5099 5106
f 5100 5106 5102
f 5102 5106 5108
f 5130 5124 5153
f 5331 5334 5333
f 5108 5106 5115
f 2982 2977 2981
f 2982 2981 2983
f 10178 10177 10180
f 10180 10177 10221
f 2981 2946 2983
f 2983 2946 2991
f 2981 2939 2946
f 10177 10179 10221
f 10177 10173 10179
f 10179 10173 10167
f 10179 10167 10219
f 2938 2932 2936
f 2938 2936 2939
f 2946 2944 3002
f 10219 10167 10163
f 2944 2945 3002
f 2945 3012 3002
f 10208 10163 10158
f 2924 2925 2932
f 10158 10163 10159
f 2924 2923 2925
f 8056 8054 8057
f 2920 2959 2922
f 10149 10150 10151
f 3006 3005 2997
f 3005 3004 2980
f 3005 3007 3004
f 3004 2995 2980
f 2980 2995 2994
f 6775 6761 6763
f 3004 3030 2995
f 22 10 9
f 1326 1313 1306
f 1307 1324 1306
f 9374 9381 9375
f 1307 1325 1324
f 1297 1325 1296
f 1795 1798 1797
f 7967 7968 7966
f 7966 7965 7963
f 1291 1287 1297
f 1287 1308 1297
f 1309 1308 1287
f 464 467 462
f 1288 1327 1309
f 2204 2206 2235
f 2235 2206 2210
f 7678 7672 7694
f 8032 8031 8028
f 8028 8031 8026
f 9058 9056 9057
f 1504 1494 1498
f 7225 7222 7220
f 7241 7236 7247
f 1472 1456 1473
f 5095 5097 5158
f 1473 1456 1479
f 5327 5330 5329
f 5160 5095 5158
f 5160 5148 5095
f 5095 5096 5097
f 5097 5096 5098
f 5337 5331 5327
f 5327 5331 5330
f 5148 5096 5095
f 8766 8765 8767
f 5129 5126 5130
f 5337 5339 5334
f 5337 5334 5331
f 5108 5115 5121
f 8764 8765 8766
f 5126 5123 5124
f 5117 5122 5123
f 5123 5122 5124
f 10178 10176 10177
f 10172 10166 10167
f 2939 2936 2944
f 2939 2944 2946
f 10167 10166 10163
f 3799 3797 3798
f 2932 2925 2936
f 10159 10229 10153
f 10229 10228 10153
f 10153 10152 10151
f 2959 2958 2922
f 3619 3617 3620
f 6767 6764 6769
f 3005 3006 3007
f 1326 1333 1313
f 1817 1802 1795
f 1818 1817 1795
f 9374 9382 9381
f 1795 1802 1801
f 7972 7971 7970
f 2224 2222 2225
f 9411 9439 9402
f 9439 9407 9402
f 5229 5231 5230
f 8940 8929 8925
f 8929 8924 8925
f 8026 8024 8025
f 8929 8930 8924
f 9076 8911 8906
f 9114 9031 9130
f 7247 7242 7228
f 7228 7242 7252
f 5125 5123 5126
f 5125 5118 5117
f 5125 5117 5123
f 5118 5115 5117
f 5339 5335 5334
f 10177 10176 10173
f 10172 10212 10166
f 10166 10165 10163
f 2944 2936 2945
f 10164 10159 10163
f 10165 10164 10163
f 3797 3794 3798
f 10159 10164 10190
f 10228 10194 10153
f 10194 10152 10153
f 1362 1363 1364
f 10152 10149 10151
f 6772 6773 6762
f 3619 3612 3617
f 3617 3618 3620
f 2961 2960 2959
f 2959 2960 2958
f 9437 9389 9380
f 9414 9437 9380
f 9380 9389 9374
f 10145 10148 10149
f 10149 10148 10150
f 3007 3008 3009
f 10145 10146 10148
f 3008 3011 3010
f 3008 3010 3009
f 2212 2213 2214
f 1219 1218 1223
f 1224 1216 1219
f 9407 9394 9397
f 9397 9394 9396
f 9397 9396 9398
f 1327 1342 1309
f 9398 9396 9399
f 7699 7672 7673
f 8925 8926 8940
f 9089 9106 9107
f 1491 1493 1494
f 1494 1493 1498
f 7215 7230 7183
f 7241 7247 7168
f 8718 8717 8676
f 8747 8749 8750
f 10197 10174 10176
f 10174 10173 10176
f 10175 10172 10174
f 10174 10172 10173
f 2936 2937 2945
f 2945 2937 2957
f 2936 2925 2937
f 2925 2926 2937
f 10190 10171 10228
f 2923 2926 2925
f 10194 10195 10152
f 2923 2922 2927
f 10152 10154 10149
f 2922 2958 2927
f 2958 2996 2927
f 3617 3612 3616
f 3617 3616 3618
f 10184 10145 10149
f 10145 10184 10144
f 6778 6776 6777
f 10144 10143 10145
f 10143 10146 10145
f 10143 10193 10146
f 1325 1334 1324
f 7971 7969 7970
f 9381 9382 9411
f 1801 1812 1798
f 1297 1344 1336
f 2213 2216 2214
f 2204 2205 2206
f 2206 2208 2210
f 2210 2208 2211
f 1327 1343 1342
f 9088 9086 9089
f 9203 9200 9202
f 8940 8926 8928
f 9200 9201 9202
f 9085 9084 9083
f 8922 8924 9076
f 8924 8930 9076
f 9140 9141 9142
f 9076 8906 8910
f 9114 9083 9081
f 9013 9010 9031
f 7187 7168 7228
f 7187 7228 7252
f 1498 1449 1471
f 7252 7246 7253
f 1471 1448 1472
f 1472 1448 1456
f 5159 5138 5143
f 5141 5135 5134
f 1456 1450 1479
f 5314 5318 5326
f 10182 10183 10175
f 10174 10182 10175
f 10175 10212 10172
f 10252 10253 10254
f 10169 10165 10212
f 10165 10168 10164
f 10164 10168 10171
f 10164 10171 10190
f 2937 2954 2957
f 3797 3796 3790
f 1384 1385 1356
f 2926 2923 2927
f 10152 10195 10213
f 10185 10154 10152
f 6772 6774 6773
f 6713 6717 6719
f 2958 2960 3015
f 3015 2996 2958
f 10237 10238 10239
f 9389 9384 9374
f 10155 10142 10184
f 7298 7299 7300
f 9374 9384 9382
f 1335 1326 1324
f 10143 10142 10147
f 10143 10147 10193
f 7970 7969 7968
f 9382 9385 9411
f 1624 1631 1636
f 9411 9385 9439
f 9394 9407 9439
f 9439 9391 9394
f 1308 1344 1297
f 2253 2242 2234
f 1337 1344 1308
f 2234 2185 2203
f 1342 1337 1309
f 8922 9076 8943
f 9076 8910 8943
f 8910 8906 8907
f 8907 8906 8905
f 9081 9015 9031
f 9015 9013 9031
f 9029 9012 9014
f 7169 7241 7168
f 1493 1449 1498
f 7194 7215 7183
f 7183 7229 7169
f 7229 7241 7169
f 1449 1448 1471
f 5317 5316 5321
f 1448 1450 1456
f 5316 5323 5321
f 5143 5138 5137
f 5143 5137 5142
f 5142 5137 5135
f 5142 5135 5141
f 5141 5134 5136
f 5132 5133 5128
f 5313 5314 5315
f 5315 5314 5316
f 5313 5319 5318
f 5313 5318 5314
f 5319 5320 5318
f 5325 5322 5319
f 5322 5320 5319
f 10197 10218 10182
f 5340 5338 5341
f 10252 10255 10253
f 10169 10168 10165
f 10210 10171 10168
f 10170 10210 10168
f 3797 3790 3794
f 3794 3790 3792
f 10210 10222 10171
f 10245 10241 10246
f 10241 10242 10243
f 2926 2927 2928
f 10185 10186 10154
f 7303 7302 7304
f 10238 10240 10239
f 6713 6715 6717
f 7293 7292 7299
f 10155 10147 10142
f 10155 10156 10147
f 1334 1335 1324
f 1624 1626 1631
f 1626 1634 1631
f 7968 7969 7966
f 1630 1624 1636
f 9385 9391 9439
f 2242 2184 2234
f 2234 2184 2185
f 2208 2215 2211
f 2203 2187 2204
f 2204 2187 2205
f 2205 2207 2206
f 2206 2207 2208
f 9088 9087 9086
f 9084 9082 9083
f 9082 9081 9083
f 9014 9013 9015
f 7187 7253 7188
f 7195 7206 7194
f 7714 7713 7712
f 7709 7712 7711
f 5325 5338 5340
f 10218 10183 10182
f 5325 5324 5338
f 10169 10170 10168
f 4355 4350 4356
f 4350 4352 4356
f 2937 2928 2954
f 10188 10213 10192
f 10188 10189 10187
f 10188 10187 10185
f 10185 10187 10186
f 3028 3023 3015
f 3015 3023 2996
f 2927 2998 2956
f 1363 1370 1382
f 7297 7302 7301
f 7301 7302 7303
f 3612 3613 3614
f 3612 3614 3616
f 2996 3023 3013
f 2996 3013 2927
f 3013 2999 2927
f 2927 2999 2998
f 7481 7482 7483
f 5276 5269 5275
f 9437 9388 9389
f 9388 9384 9389
f 9384 9385 9382
f 7971 7977 7969
f 1802 1803 1801
f 1633 1628 1630
f 1628 1624 1630
f 2253 2252 2242
f 2208 2207 2215
f 9087 9084 9086
f 9081 9021 9015
f 7197 7198 7195
f 7333 7332 7328
f 4363 4362 4360
f 4361 4359 4347
f 10262 10263 10264
f 3795 3791 3790
f 3790 3791 3792
f 10264 10263 10265
f 3796 3795 3790
f 10191 10188 10192
f 10191 10189 10188
f 2928 2956 2955
f 10248 10249 10250
f 10250 10249 10251
f 3613 3615 3614
f 3013 3021 2999
f 3021 2998 2999
f 5269 5268 5275
f 5663 5666 5667
f 8234 8235 8236
f 1335 1346 1326
f 1346 1347 1326
f 1326 1347 1333
f 1817 1805 1802
f 2236 2189 2252
f 1626 1629 1634
f 2189 2242 2252
f 1628 1627 1624
f 1624 1627 1625
f 1624 1625 1626
f 1626 1625 1629
f 9391 9393 9394
f 2185 2187 2203
f 2205 2209 2207
f 9087 9090 9084
f 9082 9021 9081
f 1449 1432 1448
f 7332 7331 7328
f 7329 7326 7328
f 7326 7327 7328
f 7326 7334 7330
f 7326 7330 7327
f 4362 4358 4360
f 4360 4358 4359
f 4359 4358 4357
f 4357 4347 4359
f 4357 4353 4347
f 4347 4349 4350
f 4347 4348 4349
f 4351 4352 4350
f 4349 4351 4350
f 10227 10225 10226
f 10226 10225 10224
f 3792 3791 3793
f 3796 3800 3795
f 10223 10209 10217
f 10224 10223 10217
f 10217 10209 10191
f 10191 10209 10198
f 10191 10198 10189
f 7393 7394 7395
f 7393 7395 7396
f 2998 3019 2956
f 3019 3020 2956
f 5665 5662 5664
f 5662 5663 5664
f 3029 3027 3028
f 3013 3025 3021
f 5269 5266 5268
f 6377 6378 6379
f 6377 6379 6380
f 6377 6380 6381
f 5662 5666 5663
f 9417 9388 9437
f 6378 6384 6383
f 6378 6383 6379
f 8235 8239 8236
f 8236 8239 8240
f 2236 2190 2189
f 1802 1804 1803
f 1336 1345 1334
f 1629 1625 1632
f 2205 2187 2209
f 9393 9395 9394
f 9394 9395 9396
f 5825 5819 5826
f 9396 9408 9399
f 5824 5819 5825
f 9087 9091 9090
f 9369 9366 9368
f 9368 9366 9367
f 9366 9362 9367
f 9369 9365 9366
f 9366 9351 9362
f 9351 9358 9362
f 1491 1492 1493
f 7188 7276 7251
f 1493 1435 1449
f 8670 8667 8668
f 1448 1428 1450
f 8670 8671 8667
f 3623 3629 3628
f 4357 4354 4353
f 4394 4405 4349
f 4351 4405 4406
f 10209 10211 10198
f 7394 7397 7395
f 3019 3022 3020
f 7314 7311 7315
f 7315 7311 7316
f 7316 7311 7317
f 6945 6949 6948
f 3027 3023 3028
f 2998 3021 3019
f 3027 3026 3023
f 7317 7319 7318
f 3026 3024 3023
f 3023 3024 3013
f 3013 3024 3025
f 9388 9387 9384
f 1347 1348 1333
f 2237 2233 2236
f 2236 2233 2190
f 1334 1345 1335
f 5801 5792 5791
f 2916 2914 2913
f 9396 9395 9408
f 5824 5820 5819
f 3398 3395 3397
f 9365 9351 9366
f 9021 9016 9015
f 9061 9134 9135
f 7172 7169 7150
f 7106 7104 7103
f 1492 1435 1493
f 1449 1435 1432
f 6600 6596 6595
f 1448 1432 1428
f 8668 8667 8666
f 6600 6601 6596
f 6186 6183 6190
f 6596 6603 6597
f 6602 6599 6597
f 3686 3672 3671
f 8051 8052 8048
f 4416 4415 4384
f 4416 4384 4417
f 4384 4383 4362
f 4362 4383 4354
f 4394 4404 4405
f 10225 10223 10224
f 1386 1358 1357
f 4678 4674 4682
f 7705 7704 7707
f 8229 8231 8232
f 8100 8093 8092
f 8092 8090 8091
f 8091 8090 8088
f 7308 7306 7305
f 6945 6940 6944
f 8229 8233 8230
f 8088 8087 8084
f 5266 5267 5268
f 7305 7306 7307
f 7305 7307 7309
f 7319 7321 7320
f 7318 7319 7320
f 8084 8085 8086
f 6245 6242 6243
f 6243 6244 6245
f 9384 9387 9385
f 9387 9390 9385
f 9385 9390 9391
f 1802 1805 1804
f 2189 2184 2242
f 2187 2191 2209
f 1627 1635 1625
f 1635 1632 1625
f 5826 5817 5828
f 5819 5817 5826
f 9351 9352 9353
f 9351 9353 9358
f 9358 9353 9361
f 9365 9357 9352
f 9365 9352 9351
f 9021 9019 9016
f 7103 7105 7106
f 24 25 26
f 7151 7251 7152
f 7250 7269 7268
f 7260 7275 7267
f 8668 8666 8669
f 8666 8665 8669
f 8666 8664 8665
f 6595 6596 6597
f 6595 6597 6598
f 6598 6597 6599
f 8667 8664 8666
f 8667 8673 8664
f 8667 8671 8672
f 4415 4416 4423
f 4384 4372 4383
f 4383 4373 4382
f 4354 4382 4380
f 8783 8784 8785
f 3791 3801 3802
f 3791 3802 3803
f 4406 4404 4410
f 3795 3804 3801
f 3795 3801 3791
f 10215 10211 10214
f 1485 1483 1487
f 8305 8302 8301
f 8301 8302 8303
f 8093 8090 8092
f 8088 8090 8089
f 8126 8119 8118
f 8126 8118 8125
f 8061 8062 8058
f 8121 8117 8119
f 8119 8117 8120
f 6940 6942 6944
f 9417 9409 9388
f 9388 9409 9387
f 1345 1346 1335
f 1804 1808 1803
f 1803 1808 1809
f 1627 1638 1635
f 1635 1639 1632
f 5828 5817 5800
f 5828 5800 5829
f 1104 1105 1106
f 9091 9092 9090
f 3397 3395 3396
f 3396 3395 3394
f 7120 7106 7122
f 7250 7268 7249
f 7192 7260 7257
f 7249 7268 7248
f 7248 7268 7261
f 7268 7275 7261
f 7261 7275 7260
f 8664 8662 8665
f 8665 8662 8653
f 8653 8652 8651
f 1432 1425 1428
f 3649 3645 3657
f 8662 8656 8653
f 8667 8672 8673
f 4373 4383 4372
f 4372 4371 4373
f 4373 4378 4380
f 8789 8790 8791
f 4394 4393 4404
f 4404 4407 4410
f 4407 4424 4410
f 1485 1482 1483
f 8035 8037 8033
f 1483 1486 1487
f 8302 8304 8303
f 8304 8306 8307
f 8304 8307 8303
f 8094 8090 8093
f 8113 8116 8117
f 8125 8118 8124
f 8306 8308 8307
f 8307 8308 8309
f 8116 8118 8119
f 6232 6227 6240
f 6240 6227 6230
f 8087 8127 8085
f 6240 6230 6241
f 8396 8393 8395
f 6241 6230 6242
f 2202 2195 2233
f 2233 2195 2190
f 6242 6230 6239
f 6242 6239 6243
f 5268 5267 5270
f 2190 2182 2189
f 5791 5785 5790
f 9391 9390 9392
f 5792 5784 5791
f 9393 9400 9395
f 5819 5818 5817
f 6175 6180 6176
f 6175 6176 6177
f 1104 1099 1105
f 1104 1100 1099
f 3395 3384 3394
f 9357 9356 9352
f 9355 9354 9352
f 9354 9353 9352
f 9016 9019 9018
f 7254 7260 7192
f 7254 7261 7260
f 7257 7263 7255
f 1492 1495 1435
f 7257 7272 7263
f 1495 1496 1435
f 1435 1496 1426
f 1435 1426 1432
f 8651 8650 8649
f 8651 8652 8650
f 8662 8663 8656
f 8653 8656 8652
f 3686 3676 3672
f 8662 8664 8663
f 1211 1209 1213
f 8673 8672 8664
f 4415 4365 4414
f 4369 4371 4372
f 4373 4377 4378
f 4378 4392 4394
f 4393 4396 4404
f 4404 4396 4407
f 6235 6237 6236
f 6235 6236 6233
f 8112 8114 8113
f 8094 8095 8090
f 6234 6233 6232
f 8389 8386 8390
f 6231 6228 6227
f 2202 2194 2195
f 2195 2180 2190
f 5270 5267 5271
f 9409 9435 9387
f 5784 5785 5791
f 9392 9400 9393
f 9391 9392 9393
f 5818 5816 5817
f 9395 9432 9408
f 5820 5818 5819
f 1126 1124 1125
f 1124 1123 1125
f 6180 6182 6176
f 6176 6178 6177
f 1100 1085 1099
f 1099 1085 1083
f 6178 6179 6177
f 1100 1091 1085
f 1083 1085 1080
f 1091 1090 1085
f 1086 1080 1085
f 1090 1086 1085
f 3398 3400 3395
f 1090 1094 1086
f 1086 1094 1080
f 1080 1094 1093
f 9354 9363 9353
f 9019 9020 9018
f 9352 9356 9355
f 9370 9371 9372
f 7191 7150 7115
f 7152 7250 7153
f 7153 7250 7249
f 7154 7153 7248
f 7153 7249 7248
f 7248 7261 7254
f 7184 7172 7190
f 1432 1426 1425
f 1428 1425 1427
f 3680 3685 3683
f 3680 3683 3678
f 8663 8661 8656
f 4365 4369 4414
f 4371 4369 4370
f 4371 4374 4377
f 4378 4377 4379
f 4378 4379 4392
f 3801 3805 3802
f 3802 3806 3803
f 8625 8626 8627
f 4677 4683 4680
f 8094 8096 8095
f 8114 8115 8113
f 8113 8115 8116
f 8115 8118 8116
f 8075 8076 8077
f 8077 8076 8079
f 2195 2194 2131
f 2195 2131 2180
f 2180 2182 2190
f 2188 2192 2186
f 5788 5786 5789
f 5789 5786 5763
f 5785 5787 5790
f 5270 5271 5272
f 9436 9435 9409
f 9387 9410 9390
f 1805 1806 1804
f 5766 5764 5770
f 5817 5816 5800
f 9400 9420 9395
f 9420 9432 9395
f 9440 9441 9442
f 5353 5352 5350
f 1123 1127 1125
f 6176 6182 6181
f 6176 6181 6178
f 1115 1112 1090
f 1115 1090 1091
f 1080 1092 1081
f 1093 1092 1080
f 1112 1109 1090
f 1109 1108 1090
f 1090 1108 1094
f 3384 3393 3394
f 9357 9360 9356
f 8761 8762 8763
f 1094 1096 1093
f 1876 1875 1877
f 7208 7202 7262
f 7262 7202 7193
f 7273 7190 7218
f 7255 7263 7189
f 7263 7272 7274
f 8649 8647 8648
f 8649 8650 8647
f 1425 1420 1427
f 8652 8657 8650
f 8656 8659 8652
f 8656 8661 8659
f 4368 4366 4365
f 4365 4366 4367
f 8664 8677 8663
f 8679 8678 8672
f 4370 4374 4371
f 4374 4385 4377
f 3475 3477 3478
f 4377 4385 4389
f 4377 4389 4379
f 4379 4389 4392
f 3802 3805 3806
f 4392 4391 4393
f 4393 4391 4396
f 4396 4400 4401
f 8118 8115 8122
f 6233 6246 6231
f 6231 6246 6228
f 6814 6815 6816
f 8075 8078 8076
f 1360 1377 1372
f 5787 5786 5788
f 9410 9392 9390
f 1806 1807 1804
f 9387 9435 9410
f 1804 1807 1808
f 5759 5765 5767
f 5766 5761 5764
f 5764 5767 5770
f 5820 5821 5818
f 3959 3962 3958
f 1115 1091 1120
f 1083 1080 1079
f 1079 1080 1076
f 1080 1081 1076
f 1116 1112 1115
f 9019 9129 9023
f 9019 9023 9022
f 9022 9020 9019
f 8345 8344 8343
f 7192 7255 7156
f 7156 7255 7157
f 7157 7255 7189
f 9355 9359 9354
f 1093 1096 1092
f 7189 7263 7259
f 7263 7274 7259
f 1108 1110 1101
f 1108 1101 1094
f 1094 1101 1096
f 1495 1497 1496
f 1496 1497 1426
f 8650 8654 8647
f 1426 1422 1425
f 8657 8654 8650
f 8652 8659 8657
f 8659 8660 8657
f 3676 3677 3673
f 4366 4403 4367
f 8672 8678 8664
f 4403 4370 4367
f 8664 8678 8677
f 4370 4375 4374
f 4375 4385 4374
f 4385 4387 4389
f 4389 4391 4392
f 1457 1454 1482
f 4391 4399 4396
f 1482 1454 1483
f 4396 4399 4400
f 1483 1454 1478
f 8795 8796 8797
f 4400 4411 4401
f 8074 8071 8073
f 8099 8108 8097
f 8096 8098 8095
f 8095 8098 8114
f 7898 7899 7900
f 8080 8078 8075
f 6814 6817 6815
f 1358 1378 1360
f 1360 1379 1377
f 2196 2132 2194
f 2132 2131 2194
f 2180 2181 2176
f 2180 2176 2182
f 2182 2176 2183
f 2183 2176 2188
f 5758 5807 5754
f 5271 5273 5272
f 9449 9446 9448
f 5783 5778 5784
f 5784 5778 5785
f 5764 5759 5767
f 5818 5822 5816
f 5352 5348 5350
f 5348 5349 5350
f 1124 1118 1123
f 8131 8133 8134
f 9701 9698 9700
f 9616 9579 9615
f 9678 9679 9677
f 3934 3938 3937
f 8345 8346 8344
f 1081 1092 1095
f 1092 1097 1095
f 3538 3547 3539
f 3389 3383 3384
f 7131 7154 7156
f 7156 7154 7192
f 1096 1107 1098
f 1101 1107 1096
f 1877 1875 1878
f 1110 1111 1101
f 5386 5387 5388
f 5386 5388 5389
f 5389 5388 5395
f 75 78 42
f 1426 1497 1422
f 8663 8680 8661
f 8677 8680 8663
f 4403 4376 4370
f 4376 4375 4370
f 4375 4386 4385
f 8679 8682 8678
f 4387 4388 4389
f 4389 4390 4391
f 8097 8103 8102
f 6248 6250 6247
f 1483 1484 1486
f 6247 6250 6249
f 6247 6249 6246
f 7905 7902 7906
f 7905 7906 7907
f 2180 2179 2181
f 5760 5807 5758
f 9446 9447 9448
f 5785 5777 5787
f 9431 9400 9392
f 5273 5274 5272
f 9421 9420 9400
f 9428 9430 9432
f 1128 1118 1124
f 1118 1117 1123
f 8135 8132 8131
f 8131 8132 8133
f 9675 9688 9678
f 9675 9678 9677
f 9698 9699 9700
f 1079 1076 1074
f 9695 9696 9697
f 9674 9672 9668
f 9668 9672 9671
f 9579 9582 9615
f 9615 9582 9617
f 1122 1116 1115
f 1076 1081 1082
f 1081 1095 1082
f 3541 3537 3542
f 3535 3537 3541
f 3540 3538 3535
f 3538 3536 3535
f 3535 3536 3537
f 3537 3536 3543
f 7189 7259 7144
f 8347 8342 8344
f 1876 1874 1875
f 3384 3386 3393
f 8344 8342 8343
f 1092 1096 1098
f 7274 7277 7258
f 1109 1110 1108
f 5391 5390 5386
f 779 753 769
f 45 42 41
f 1495 1499 1497
f 78 68 43
f 1425 1415 1420
f 3679 3656 3682
f 1150 1154 1152
f 8678 8682 8681
f 3805 3808 3806
f 1132 1129 1131
f 4390 4395 4391
f 4391 4395 4399
f 4395 4402 4399
f 6402 6400 6407
f 4399 4402 4411
f 4411 4402 4412
f 8106 8105 8103
f 8103 8104 8102
f 1478 1484 1483
f 2193 2198 2273
f 2188 2198 2193
f 2132 2130 2131
f 2131 2179 2180
f 5786 5774 5771
f 5786 5771 5763
f 5763 5771 5762
f 5760 5805 5807
f 5785 5778 5777
f 9400 9422 9421
f 9420 9421 9427
f 9420 9427 9428
f 5821 5822 5818
f 4489 4487 4481
f 9668 9671 9670
f 9670 9671 9686
f 1074 1076 1075
f 9561 9557 9579
f 9561 9580 9560
f 9561 9560 9557
f 9557 9582 9579
f 1076 1082 1075
f 9599 9562 9580
f 9129 9096 9133
f 8349 8348 8346
f 8346 8348 8347
f 3285 3286 3284
f 8348 8357 8347
f 1879 1854 1876
f 3383 3382 3384
f 7259 7258 7178
f 1876 1854 1874
f 3382 3386 3384
f 3386 3387 3393
f 7207 7204 7200
f 8342 8335 8343
f 1875 1851 1850
f 5390 5387 5386
f 43 39 42
f 42 39 41
f 8654 8657 8658
f 1422 1415 1425
f 8659 8698 8660
f 1419 1453 1481
f 6580 6594 6581
f 1186 1187 1190
f 3812 3813 3809
f 8677 8678 8681
f 4375 4397 4386
f 4386 4397 4398
f 1461 1458 1457
f 1132 1184 1129
f 4388 4398 4409
f 1142 1184 1132
f 8111 8105 8107
f 8107 8105 8106
f 8103 8105 8104
f 7910 7908 7911
f 2176 2198 2188
f 2131 2129 2179
f 2179 2176 2181
f 5771 5806 5762
f 9433 9425 9431
f 5787 5777 5774
f 5762 5806 5760
f 9431 9422 9400
f 4481 4487 4476
f 4476 4480 4481
f 4476 4478 4480
f 1128 1088 1118
f 1118 1088 1117
f 9676 9677 9681
f 9675 9669 9670
f 9662 9674 9668
f 9662 9665 9674
f 9662 9664 9665
f 9664 9666 9665
f 8350 8348 8349
f 9557 9556 9582
f 9556 9623 9582
f 9582 9623 9617
f 9599 9577 9562
f 9580 9562 9560
f 9133 9028 9129
f 1082 1095 1102
f 9231 9232 9233
f 3401 3390 3383
f 8339 8357 8348
f 9023 9024 9022
f 9022 9024 9025
f 8339 8336 8357
f 7179 7258 7265
f 8357 8342 8347
f 8357 8336 8342
f 8336 8338 8342
f 3386 3382 3387
f 7258 7277 7265
f 1097 1098 1114
f 1875 1874 1851
f 8645 8644 8646
f 44 40 46
f 5393 5392 5391
f 5391 5392 5390
f 8645 8641 8644
f 44 41 40
f 8645 8647 8641
f 39 40 41
f 8647 8655 8641
f 73 66 68
f 68 66 43
f 8654 8658 8655
f 1497 1421 1422
f 1422 1421 1415
f 8660 8697 8658
f 1420 1415 1419
f 8661 8698 8659
f 1162 1163 1201
f 8661 8680 8698
f 1469 1467 1453
f 1469 1466 1467
f 1467 1466 1464
f 1466 1465 1464
f 1465 1462 1464
f 1464 1462 1463
f 8681 8683 8677
f 1465 1468 1462
f 1463 1462 1461
f 1462 1458 1461
f 1468 1460 1462
f 1458 1442 1457
f 8708 8681 8682
f 6405 6399 6406
f 6405 6397 6399
f 6394 6398 6397
f 1457 1442 1454
f 6397 6395 6394
f 6395 6400 6396
f 4402 4421 4422
f 6400 6401 6396
f 1478 1477 1484
f 2132 2173 2130
f 2130 2129 2131
f 2129 2176 2179
f 1378 1380 1379
f 5783 5782 5778
f 9422 9423 9421
f 5836 5830 5821
f 5823 5814 5813
f 3835 3834 3836
f 4078 4079 3990
f 1128 1087 1088
f 1088 1089 1117
f 9661 9668 9669
f 9662 9668 9661
f 1075 1077 1073
f 8350 8351 8348
f 1082 1077 1075
f 9673 9667 9664
f 9664 9667 9666
f 9560 9559 9557
f 9621 9576 9566
f 9577 9564 9562
f 9560 9562 9559
f 8341 8339 8348
f 8339 8341 8340
f 3383 3390 3385
f 3383 3385 3380
f 3383 3380 3382
f 7178 7258 7179
f 1095 1097 1113
f 9575 9574 9573
f 8339 8340 8337
f 8339 8337 8336
f 8336 8337 8334
f 8336 8334 8338
f 8646 8644 8636
f 8338 8335 8342
f 8338 8334 8335
f 8331 8334 8332
f 8331 8333 8335
f 5393 5394 5392
f 74 69 73
f 69 66 73
f 1417 1419 1415
f 1417 1453 1419
f 1417 1469 1453
f 1417 1418 1469
f 1162 1157 1163
f 1469 1418 1466
f 8680 8703 8698
f 8681 8707 8683
f 1465 1474 1468
f 1468 1474 1460
f 1462 1460 1458
f 1460 1459 1458
f 1459 1442 1458
f 1168 1170 1169
f 1171 1170 1168
f 1197 1196 1174
f 1478 1443 1477
f 1389 1380 1378
f 5778 5775 5777
f 5840 5833 5836
f 5833 5830 5836
f 5348 5351 5349
f 9662 9663 9664
f 1084 1073 1078
f 4152 4154 4155
f 9685 9673 9664
f 4151 4150 4152
f 4152 4150 4154
f 1073 1077 1078
f 9685 9693 9673
f 4149 4150 4151
f 4149 4148 4150
f 4150 4156 4154
f 9576 9567 9566
f 9577 9566 9564
f 9559 9555 9557
f 9557 9555 9556
f 4147 4144 4146
f 9571 9570 9567
f 9571 9567 9576
f 9566 9567 9565
f 9566 9565 9564
f 9564 9563 9562
f 9562 9563 9559
f 1102 1103 1082
f 8635 8631 8634
f 8631 8633 8634
f 3380 3381 3382
f 1097 1114 1113
f 3382 3391 3387
f 7118 7125 7119
f 1874 1852 1851
f 8636 8641 8637
f 40 47 46
f 8331 8332 8333
f 5402 5401 5394
f 5394 5401 5397
f 5394 5397 5392
f 8641 8685 8637
f 5392 5396 5390
f 39 55 40
f 1499 1421 1497
f 1421 1416 1415
f 1415 1416 1417
f 8698 8697 8660
f 8683 8699 8680
f 1430 1474 1465
f 1474 1437 1460
f 8708 8707 8681
f 8707 8706 8683
f 1172 1180 1171
f 1171 1180 1174
f 6408 6409 6398
f 1459 1438 1442
f 1174 1180 1199
f 1478 1454 1443
f 5774 5772 5771
f 5777 5775 5774
f 5778 5779 5775
f 9425 9424 9422
f 9431 9425 9422
f 5831 5832 5814
f 5830 5831 5814
f 4490 4486 4487
f 4489 4490 4487
f 3255 3248 3254
f 9714 9713 9712
f 4487 4486 4476
f 3834 3823 3816
f 3834 3835 3823
f 9680 9681 9691
f 3990 3988 3999
f 9660 9663 9662
f 1087 1078 1088
f 1084 1078 1087
f 9663 9685 9664
f 8352 8351 8350
f 3431 3430 3422
f 4148 4157 4153
f 4153 4156 4150
f 4148 4153 4150
f 4146 4157 4148
f 4144 4145 4146
f 9564 9565 9563
f 9555 9554 9556
f 9556 9554 9558
f 3422 3419 3421
f 8642 8631 8635
f 9565 9578 9563
f 9558 9554 9583
f 9023 9026 9024
f 8642 8639 8631
f 8642 8643 8639
f 9573 9572 9570
f 3381 3390 3382
f 8639 8636 8631
f 3382 3390 3399
f 2305 2308 2303
f 2303 2304 2305
f 8640 8636 8639
f 2304 2307 2312
f 8631 8636 8632
f 8631 8632 8633
f 1854 1852 1874
f 3382 3399 3391
f 3391 3392 3387
f 8636 8637 8632
f 7204 7270 7217
f 8637 8638 8632
f 1851 1848 1850
f 8685 8641 8684
f 1848 1849 1850
f 66 63 43
f 43 63 39
f 8655 8658 8696
f 1423 1416 1421
f 1417 1416 1418
f 1418 1416 1430
f 8680 8699 8703
f 1437 1438 1459
f 8708 8714 8707
f 1438 1439 1442
f 1442 1439 1454
f 1439 1443 1454
f 2173 2174 2130
f 5805 5802 5804
f 5774 5775 5772
f 5806 5802 5805
f 5782 5780 5778
f 5778 5780 5779
f 9422 9424 9423
f 5859 5867 5840
f 3255 3256 3248
f 3254 3248 3250
f 4476 4477 4478
f 9706 9712 9713
f 4478 4477 4479
f 3835 3837 3823
f 3999 3988 3955
f 5348 5354 5351
f 1088 1078 1089
f 9694 9685 9663
f 9786 9796 9789
f 9796 9786 9783
f 9786 9785 9783
f 9785 9784 9783
f 4157 4158 4153
f 8358 8359 8360
f 9567 9568 9565
f 9565 9568 9578
f 3419 3414 3421
f 4144 4159 4145
f 4144 4160 4159
f 9574 9572 9573
f 47 48 46
f 40 56 47
f 1851 1852 1848
f 8701 8688 8716
f 8638 8685 8701
f 5392 5397 5396
f 1849 1848 1847
f 1421 1500 1423
f 8698 8709 8697
f 1423 1424 1416
f 8698 8703 8710
f 8683 8702 8699
f 8683 8706 8702
f 8707 8714 8706
f 1438 1436 1439
f 8724 8714 8708
f 8719 8724 8708
f 2130 2174 2126
f 5805 5804 5809
f 1477 1451 1484
f 5773 5802 5771
f 5771 5802 5806
f 9425 9426 9424
f 5867 5839 5840
f 5840 5839 5833
f 5833 5831 5830
f 4490 4491 4486
f 4476 4486 4485
f 4476 4485 4477
f 9712 9706 9708
f 3837 3838 3823
f 9706 9707 9708
f 4477 4482 4479
f 6971 6973 6972
f 9792 9790 9793
f 4482 4484 4479
f 3840 3839 3837
f 3251 3259 3250
f 9790 9789 9795
f 3940 3943 3942
f 9796 9783 9710
f 9783 9722 9710
f 8353 8351 8352
f 8352 8354 8353
f 9783 9728 9722
f 9728 9719 9722
f 4157 4145 4158
f 9555 9550 9554
f 9554 9550 9552
f 9578 9600 9559
f 3419 3418 3414
f 9570 9569 9567
f 9567 9569 9568
f 9629 9630 9631
f 9570 9572 9569
f 4160 4161 4159
f 1836 1854 1880
f 1854 1848 1852
f 7141 7119 7125
f 966 964 963
f 963 964 965
f 965 964 968
f 6898 6897 6896
f 56 57 47
f 8716 8688 8711
f 571 568 565
f 8701 8685 8688
f 69 65 66
f 65 63 66
f 8686 8685 8684
f 8658 8700 8696
f 8698 8710 8709
f 1424 1429 1416
f 1416 1429 1430
f 1430 1429 1431
f 1431 1436 1437
f 1437 1436 1438
f 2177 2219 2198
f 2127 2177 2198
f 1477 1443 1451
f 5771 5772 5773
f 5802 5803 5804
f 1389 1391 1390
f 5779 5781 5775
f 5781 5776 5775
f 5775 5776 5772
f 5871 5839 5867
f 5832 5831 5834
f 3248 3249 3250
f 9692 9669 9683
f 4477 4485 4483
f 3250 3249 3251
f 4477 4483 4482
f 3838 3837 3839
f 9807 9808 9809
f 9809 9808 9810
f 9812 9809 9811
f 9706 9710 9709
f 9706 9709 9707
f 9710 9722 9711
f 9710 9711 9709
f 9722 9716 9711
f 9722 9719 9716
f 9716 9719 9718
f 9559 9600 9555
f 8360 8359 8361
f 9578 9625 9600
f 9629 9631 9632
f 971 967 963
f 965 968 969
f 48 49 50
f 7270 7282 7217
f 55 56 40
f 63 55 39
f 1847 1837 1839
f 1500 1424 1423
f 1429 1434 1431
f 1431 1434 1436
f 1434 1447 1436
f 1447 1440 1436
f 1436 1440 1439
f 2177 2178 2219
f 1440 1441 1439
f 1439 1441 1443
f 5773 5803 5802
f 5871 5841 5839
f 5839 5837 5833
f 9659 9658 9657
f 9657 9687 9659
f 9705 9703 9702
f 9702 9703 9704
f 6225 6221 6223
f 6221 6222 6223
f 5559 5561 5560
f 5558 5559 5560
f 6221 6226 6224
f 6222 6221 6224
f 5559 5562 5561
f 9711 9716 9715
f 9715 9716 9717
f 9721 9717 9723
f 9721 9723 9729
f 9729 9723 9726
f 9716 9718 9717
f 9717 9718 9723
f 9718 9725 9723
f 9725 9726 9723
f 3419 3420 3418
f 9725 9727 9726
f 9600 9550 9555
f 9550 9551 9552
f 3553 3548 3555
f 3548 3550 3555
f 3555 3550 3554
f 3553 3549 3548
f 3548 3549 3550
f 3418 3412 3414
f 50 49 64
f 3414 3412 3413
f 4160 4162 4161
f 7141 7278 7119
f 47 49 48
f 6897 6901 6894
f 6897 6894 6896
f 6896 6894 6893
f 7217 7282 7285
f 8685 8687 8688
f 5396 5398 5399
f 8686 8687 8685
f 8700 8695 8696
f 8710 8723 8709
f 1424 1500 1501
f 8722 8710 8703
f 1429 1424 1433
f 1433 1434 1429
f 2277 2197 2276
f 2254 2201 2277
f 1434 1446 1447
f 2117 2119 2122
f 5804 5808 5809
f 1443 1444 1451
f 5862 5856 5871
f 5831 5835 5834
f 5839 5841 5837
f 6202 6204 6205
f 3256 3253 3248
f 3248 3253 3249
f 4485 4488 4483
f 3249 3252 3251
f 3435 3434 3430
f 9720 9717 9721
f 9799 9798 9800
f 3329 3327 3331
f 9550 9548 9551
f 9552 9551 9553
f 818 814 815
f 9600 9549 9550
f 3893 3889 3888
f 3550 3551 3552
f 3550 3552 3554
f 49 60 64
f 60 72 64
f 9631 9641 9632
f 3550 3549 3551
f 4162 4163 4161
f 1836 1825 1822
f 7141 7158 7278
f 1836 1822 1848
f 655 654 665
f 6894 6891 6893
f 6891 6892 6893
f 6891 6890 6892
f 1823 1831 1837
f 1837 1831 1839
f 1839 1831 1838
f 2279 2232 2278
f 2278 2218 2284
f 2276 2231 2279
f 1433 1445 1434
f 2277 2201 2197
f 2254 2178 2201
f 1445 1446 1434
f 1470 1455 1440
f 1447 1470 1440
f 5809 5808 5810
f 1455 1444 1441
f 1441 1444 1443
f 5772 5795 5773
f 5795 5803 5773
f 5803 5808 5804
f 5794 5793 5780
f 5780 5793 5779
f 6205 6204 6206
f 6205 6206 6207
f 6756 6758 6760
f 6883 6884 6885
f 6886 6883 6885
f 6760 6758 6759
f 3249 3253 3252
f 1268 1273 1267
f 3434 3433 3430
f 8355 8356 8353
f 8354 8355 8353
f 9732 9721 9730
f 3430 3432 3427
f 3430 3427 3419
f 3327 3332 3331
f 815 814 813
f 9549 9548 9550
f 9551 9584 9553
f 3888 3889 3890
f 3888 3890 3891
f 3891 3890 3892
f 3410 3411 3412
f 9630 9633 9631
f 9631 9637 9641
f 3412 3411 3413
f 7256 7278 7158
f 55 58 56
f 1822 1819 1823
f 6888 6890 6891
f 6891 6895 6888
f 6890 6900 6892
f 8688 8689 8711
f 5398 5400 5399
f 8687 8689 8688
f 8687 8690 8689
f 65 62 63
f 8687 8694 8690
f 8709 8715 8700
f 6490 6489 6486
f 8723 8715 8709
f 5358 5356 5355
f 1853 1840 1860
f 8722 8723 8710
f 1424 1501 1433
f 2232 2168 2278
f 2278 2168 2218
f 1433 1501 1502
f 1490 1455 1470
f 2276 2197 2231
f 2127 2123 2128
f 1445 1503 1446
f 5795 5811 5803
f 1451 1444 1452
f 5793 5797 5781
f 5779 5793 5781
f 5831 5838 5835
f 5837 5838 5831
f 4072 4001 4012
f 6756 6757 6758
f 9968 9971 9969
f 9969 9971 9972
f 9971 10011 9972
f 827 797 826
f 8407 8408 8409
f 3430 3433 3432
f 3427 3425 3419
f 9776 9753 9772
f 9548 9586 9551
f 814 806 813
f 49 52 60
f 9639 9634 9630
f 4162 4164 4163
f 47 51 49
f 1822 1825 1820
f 57 51 47
f 3135 3133 3136
f 654 664 665
f 5941 5938 5935
f 6888 6899 6889
f 6888 6889 6890
f 6889 6900 6890
f 3904 3899 3902
f 8695 8694 8687
f 8630 8693 8690
f 8694 8630 8690
f 8690 8693 8692
f 6490 6486 6488
f 8700 8713 8695
f 6486 6487 6488
f 1831 1832 1838
f 8735 8736 8737
f 8723 8728 8715
f 1853 1838 1840
f 1433 1502 1445
f 2178 2128 2172
f 2178 2172 2201
f 1445 1502 1503
f 595 585 596
f 5900 5877 5811
f 5900 5811 5795
f 5781 5797 5776
f 5803 5811 5808
f 5863 5861 5862
f 5862 5861 5856
f 5856 5855 5858
f 4072 4012 4073
f 9966 9968 9967
f 8515 8514 8510
f 9968 9969 9967
f 8510 8514 8513
f 8510 8513 8511
f 8510 8511 8512
f 8512 8511 8517
f 797 795 826
f 9746 9772 9747
f 9772 9750 9747
f 4306 4305 4303
f 813 804 803
f 9586 9585 9551
f 9551 9585 9584
f 3408 3409 3410
f 9588 9547 9549
f 9549 9547 9548
f 9630 9634 9633
f 4164 4165 4163
f 3122 3135 3134
f 3121 3122 3134
f 9633 9635 9631
f 9631 9635 9637
f 1825 1826 1820
f 3122 3133 3135
f 3133 3123 3127
f 8448 8449 8450
f 63 59 55
f 59 58 55
f 5427 5425 5424
f 2489 2487 2488
f 5424 5425 5426
f 3904 3907 3899
f 79 62 65
f 8690 8691 8689
f 8690 8692 8691
f 8695 8704 8694
f 8704 8705 8694
f 8705 8630 8694
f 1832 1834 1838
f 7518 7511 7506
f 1838 1834 1840
f 2115 2114 2111
f 5879 5902 5892
f 3925 3927 3928
f 5856 5854 5855
f 5799 5798 5793
f 10022 10023 10024
f 4072 4070 4003
f 4844 4849 4850
f 4329 4330 4327
f 9744 9733 9745
f 4327 4328 4329
f 4198 4199 4200
f 9733 9746 9745
f 4025 4029 3963
f 4327 4332 4328
f 4199 4201 4200
f 3434 3436 3433
f 9742 9774 9731
f 9746 9747 9745
f 9780 9758 9779
f 10011 9976 9972
f 4199 4202 4201
f 9801 9802 9803
f 9731 9774 9730
f 9779 9781 9780
f 797 796 795
f 795 832 826
f 4332 4333 4328
f 4328 4333 4335
f 9747 9750 9749
f 4305 4304 4303
f 3427 3426 3425
f 9772 9753 9750
f 3425 3426 3423
f 3408 3423 3409
f 9547 9546 9548
f 9546 9622 9586
f 3410 3409 3411
f 806 804 813
f 9634 9642 9633
f 3411 3409 3415
f 814 812 806
f 9642 9636 9633
f 3411 3415 3416
f 3121 3117 3122
f 9642 9644 9636
f 9636 9635 9633
f 9637 9635 9638
f 7793 7803 7791
f 3123 3133 3122
f 9636 9640 9635
f 4259 4263 4264
f 4259 4264 4267
f 1822 1820 1819
f 4255 4260 4256
f 4257 4256 4258
f 8367 8368 8369
f 62 59 63
f 1823 1828 1831
f 79 80 62
f 1831 1828 1832
f 7515 7505 7507
f 3902 3899 3901
f 7515 7516 7503
f 7515 7503 7505
f 7516 7504 7503
f 8695 8712 8704
f 8705 8628 8630
f 1832 1833 1834
f 8713 8712 8695
f 8628 8629 8630
f 7510 7506 7511
f 3901 3903 3912
f 1840 1844 1845
f 3917 3916 3918
f 5879 5888 5902
f 2231 2175 2232
f 2112 2121 2123
f 2123 2121 2128
f 2121 2151 2128
f 2172 2153 2201
f 2153 2197 2201
f 1490 1489 1455
f 1455 1489 1488
f 1455 1475 1444
f 1444 1475 1476
f 7701 7702 7703
f 10023 10025 10024
f 8515 8516 8514
f 4331 4330 4329
f 1251 1267 1248
f 4327 4330 4332
f 3437 3436 3434
f 9745 9747 9748
f 9735 9742 9731
f 9735 9731 9734
f 9747 9749 9748
f 9976 9975 9972
f 9779 9773 9781
f 795 791 832
f 4332 4334 4333
f 796 794 795
f 9781 9773 9782
f 9548 9546 9586
f 9586 9622 9585
f 51 52 49
f 1826 1827 1820
f 9644 9655 9636
f 56 58 57
f 58 51 57
f 9636 9655 9640
f 9635 9640 9638
f 7791 7803 7806
f 3123 3128 3127
f 5940 5943 5944
f 5944 5943 5946
f 5946 5943 5947
f 3908 3906 3899
f 1828 1833 1832
f 8704 8712 8628
f 8704 8628 8705
f 8712 8725 8721
f 8712 8721 8628
f 7520 7509 7508
f 1834 1843 1840
f 8723 8726 8727
f 1840 1843 1844
f 3916 3919 3918
f 2110 2121 2112
f 3918 3920 3925
f 5883 5888 5879
f 3920 3926 3925
f 5882 5883 5880
f 5880 5883 5879
f 2151 2153 2172
f 2197 2175 2231
f 3925 3926 3927
f 1488 1475 1455
f 5855 5854 5852
f 5844 5846 5838
f 5845 5846 5847
f 9760 9756 9759
f 9970 9969 9973
f 1248 1269 1270
f 9739 9743 9737
f 9754 9748 9755
f 9755 9748 9756
f 9756 9757 9759
f 9743 9742 9735
f 9743 9735 9737
f 9748 9758 9757
f 9756 9748 9757
f 9748 9749 9773
f 9748 9773 9758
f 9773 9779 9758
f 9749 9751 9773
f 794 791 795
f 8738 8739 8740
f 3429 3423 3426
f 801 798 794
f 3323 3333 3327
f 3424 3447 3409
f 3423 3424 3409
f 7134 7146 7145
f 9639 9643 9634
f 9546 9541 9622
f 812 811 806
f 3415 3417 3416
f 9640 9652 9638
f 5944 5945 5940
f 3127 3128 3125
f 1819 1824 1823
f 1824 1828 1823
f 3127 3125 3126
f 3899 3900 3901
f 7506 7502 7504
f 3901 3900 3903
f 3298 3294 3299
f 7510 7502 7506
f 8713 8729 8712
f 7508 7502 7510
f 2282 2230 2283
f 8729 8734 8725
f 3903 3915 3912
f 2282 2221 2230
f 7517 7509 7520
f 3916 3915 3922
f 3922 3919 3916
f 1844 1855 1856
f 2175 2168 2232
f 3919 3920 3918
f 2153 2152 2197
f 5899 5898 5897
f 1489 1475 1488
f 5854 5853 5852
f 9769 9767 9768
f 9768 9767 9764
f 9763 9762 9760
f 9962 9965 9954
f 9760 9761 9756
f 9970 9973 9992
f 9775 9744 9754
f 9754 9755 9775
f 9755 9756 9775
f 4070 4067 4003
f 8506 8502 8501
f 8501 8504 8505
f 791 792 832
f 832 792 857
f 9751 9752 9773
f 857 792 856
f 798 790 794
f 798 799 790
f 804 802 803
f 7161 7162 7166
f 7805 7808 7801
f 7801 7804 7805
f 806 805 804
f 9634 9644 9642
f 807 805 806
f 9644 9647 9655
f 7866 7861 7865
f 3117 3113 3112
f 806 808 807
f 9620 9606 9614
f 1819 1820 1821
f 7806 7803 7798
f 1819 1821 1824
f 5945 5953 5939
f 3914 3909 3908
f 3908 3909 3906
f 7505 7491 7507
f 3125 3124 3126
f 7503 7491 7505
f 3906 3905 3899
f 3905 3900 3899
f 3126 3124 3129
f 7504 7502 7503
f 3290 3289 3295
f 2482 2490 2483
f 3296 3295 3292
f 8731 8730 8713
f 8730 8729 8713
f 2200 2221 2280
f 3915 3924 3922
f 550 559 560
f 4336 4337 4338
f 3919 3922 3921
f 1855 1859 1856
f 3919 3921 3920
f 2151 2140 2153
f 5883 5887 5888
f 5884 5883 5882
f 5874 5878 5873
f 5875 5865 5874
f 1866 1867 1871
f 5853 5851 5852
f 5852 5851 5844
f 5844 5848 5846
f 5846 5848 5847
f 8786 8787 8788
f 9963 9959 9958
f 9767 9766 9764
f 9959 9954 9958
f 9764 9766 9765
f 9764 9765 9762
f 9764 9762 9763
f 9959 9961 9954
f 9766 9770 9765
f 10021 10018 10020
f 10018 10019 10020
f 9762 9761 9760
f 9761 9775 9756
f 9972 9974 9973
f 4304 4301 4303
f 4303 4301 4302
f 3429 3428 3423
f 1065 1064 1062
f 67 70 52
f 52 70 60
f 6338 6327 6326
f 3119 3118 3117
f 9643 9644 9634
f 9541 9618 9622
f 3117 3118 3113
f 51 53 52
f 9644 9646 9647
f 9619 9587 9547
f 9587 9542 9547
f 9547 9542 9546
f 9542 9541 9546
f 7801 7800 7804
f 58 54 51
f 9612 9606 9620
f 808 809 807
f 7803 7800 7798
f 7853 7851 7852
f 810 809 808
f 62 76 61
f 1833 1828 1829
f 1829 1842 1833
f 7502 7493 7503
f 7493 7491 7503
f 3298 3293 3294
f 3294 3293 3290
f 3293 3288 3290
f 3288 3289 3290
f 3295 3289 3292
f 8730 8734 8729
f 2155 2221 2200
f 8730 8733 8734
f 7513 7509 7517
f 2110 2136 2133
f 2133 2134 2121
f 2175 2169 2168
f 5884 5885 5883
f 5883 5885 5886
f 5874 5865 5878
f 1861 1863 1862
f 5849 5865 5866
f 5851 5848 5844
f 6482 6477 6476
f 6476 6477 6478
f 5178 5180 5182
f 8575 8576 8577
f 10014 10015 10012
f 5178 5179 5180
f 5178 5181 5179
f 8577 8576 8578
f 9770 9762 9765
f 8572 8573 8574
f 9973 9979 9992
f 7775 7784 7785
f 1257 1272 1271
f 3979 3977 4000
f 3440 3443 3445
f 9975 9978 9974
f 9975 9986 9978
f 9975 9977 9986
f 3440 3438 3429
f 3429 3438 3428
f 3471 3447 3424
f 4309 4310 4313
f 804 805 802
f 6327 6328 6326
f 52 53 67
f 9643 9645 9644
f 9618 9541 9535
f 9645 9646 9644
f 7852 7864 7865
f 54 53 51
f 9606 9605 9614
f 9541 9540 9535
f 1820 1835 1821
f 7801 7794 7800
f 3112 3113 3114
f 59 54 58
f 7800 7794 7798
f 7798 7794 7797
f 1824 1829 1828
f 810 817 809
f 3909 3910 3906
f 3906 3910 3905
f 3289 3288 3291
f 3289 3291 3292
f 2171 2170 2221
f 2221 2170 2230
f 7508 7495 7502
f 7495 7493 7502
f 7497 7495 7508
f 8731 8732 8730
f 5725 5714 5713
f 7509 7497 7508
f 2200 2162 2155
f 3922 3924 3923
f 3923 3921 3922
f 2134 2140 2151
f 2169 2148 2168
f 2168 2148 2162
f 2152 2148 2169
f 5851 5850 5848
f 5848 5850 5849
f 5848 5849 5847
f 6165 6166 6167
f 10012 9992 9984
f 9771 9761 9762
f 9738 9736 9740
f 6802 6801 6794
f 6794 6801 6799
f 4019 4018 4027
f 4301 4300 4302
f 794 790 791
f 792 793 856
f 856 854 855
f 857 856 855
f 6565 6564 6553
f 4309 4313 4314
f 9610 9606 9612
f 9542 9534 9541
f 9541 9534 9540
f 9540 9534 9535
f 809 816 807
f 61 54 59
f 817 816 809
f 7794 7796 7797
f 7851 7847 7849
f 7427 7404 7428
f 7404 7406 7428
f 3114 3115 3120
f 7405 7404 7427
f 7434 7405 7427
f 7407 7402 7405
f 1842 1858 1857
f 7410 7409 7407
f 539 523 549
f 5715 5712 5714
f 7513 7512 7509
f 7521 7519 7514
f 7514 7519 7512
f 7514 7512 7513
f 5885 5890 5886
f 6165 6168 6166
f 6479 6481 6480
f 6480 6481 6483
f 6793 6795 6796
f 8280 8274 8275
f 8275 8274 8273
f 6793 6794 6795
f 6796 6795 6800
f 5963 5961 5960
f 6795 6799 6800
f 4301 4299 4300
f 791 789 792
f 792 789 793
f 790 789 791
f 6335 6334 6336
f 799 786 790
f 854 840 855
f 6564 6551 6553
f 4311 4309 4314
f 4309 4308 4310
f 4969 4971 4972
f 67 71 70
f 6328 6325 6326
f 807 802 805
f 9643 9648 9645
f 9645 9648 9646
f 6326 6325 6324
f 54 83 53
f 9610 9609 9606
f 7864 7862 7863
f 9534 9533 9535
f 76 77 61
f 823 822 816
f 817 823 816
f 3113 3115 3114
f 7794 7795 7796
f 7849 7847 7848
f 1829 1846 1842
f 1846 1858 1842
f 7405 7402 7404
f 3120 3115 3132
f 7407 7408 7402
f 2158 2161 2170
f 2171 2158 2170
f 7512 7497 7509
f 5857 5864 5850
f 6797 6796 6798
f 1682 1651 1646
f 6797 6793 6796
f 5962 5959 5961
f 5966 5962 5961
f 8276 8275 8273
f 9984 9992 9979
f 7005 7007 7008
f 8275 8279 8280
f 5959 5960 5961
f 7008 7007 7010
f 128 149 120
f 3975 3981 3974
f 3440 3441 3438
f 790 786 789
f 856 793 854
f 9986 9991 9988
f 4969 4968 4970
f 4969 4970 4971
f 6331 6330 6328
f 81 82 53
f 53 82 67
f 67 82 87
f 3567 3565 3564
f 6328 6330 6325
f 83 84 81
f 83 81 53
f 9648 9649 9646
f 9611 9609 9610
f 9587 9544 9542
f 9609 9608 9606
f 9606 9604 9605
f 1821 1830 1824
f 4294 4293 4292
f 61 77 54
f 6325 6323 6324
f 3113 3116 3115
f 7402 7403 7404
f 7404 7403 7406
f 2261 2259 2137
f 7409 7408 7407
f 2259 2245 2137
f 2137 2245 2138
f 7848 7847 7827
f 2158 2160 2161
f 5717 5715 5716
f 5718 5712 5715
f 6571 6568 6572
f 6572 6568 6573
f 5857 5869 5868
f 1652 1681 1647
f 1652 1647 1651
f 8279 8275 8276
f 1651 1647 1646
f 9984 9979 9981
f 7005 7006 7007
f 1261 1259 1257
f 5959 5965 5960
f 128 151 149
f 6689 6673 6688
f 789 830 793
f 4297 4295 4296
f 7431 7432 7433
f 799 825 786
f 854 836 837
f 854 837 840
f 4311 4307 4309
f 4307 4308 4309
f 4967 4968 4969
f 802 821 825
f 9587 9601 9544
f 4293 4289 4292
f 54 77 83
f 9544 9543 9542
f 9542 9543 9534
f 7786 7787 7788
f 1048 1059 1063
f 7863 7828 7824
f 9534 9526 9533
f 9533 9526 9532
f 7848 7825 7828
f 1841 1846 1829
f 7491 7492 7490
f 2159 2160 2158
f 7795 7799 7796
f 5718 5715 5717
f 7796 7799 7802
f 7847 7846 7827
f 6566 6568 6571
f 1869 1868 1864
f 7005 7004 7006
f 830 831 793
f 789 786 785
f 789 785 800
f 831 828 836
f 831 854 793
f 4296 4295 4287
f 831 836 854
f 837 838 840
f 6334 6330 6331
f 1677 1676 1674
f 6677 6678 6685
f 3325 3308 3334
f 3565 3563 3564
f 3564 3563 3556
f 85 84 83
f 816 820 807
f 77 85 83
f 4289 4290 4292
f 9606 9607 9604
f 6325 6321 6323
f 822 820 816
f 6544 6538 6545
f 6367 6366 6365
f 7424 7398 7420
f 7406 7403 7411
f 7420 7398 7409
f 7402 7414 7403
f 2138 2245 2141
f 5721 5718 5720
f 5718 5719 5720
f 6322 6318 6333
f 7495 7494 7493
f 6566 6567 6568
f 7846 7830 7827
f 7827 7830 7826
f 7846 7850 7830
f 7799 7807 7802
f 7529 7522 7512
f 7519 7529 7512
f 7512 7522 7497
f 7003 7004 7005
f 6251 6254 6252
f 1681 1667 1647
f 1244 1239 1241
f 1234 1235 1236
f 3440 3444 3441
f 6688 6673 6666
f 3441 3442 3438
f 6335 6337 6332
f 6335 6332 6334
f 6334 6332 6330
f 785 787 800
f 8382 8383 8384
f 4295 4291 4287
f 4311 4312 4307
f 4287 4291 4288
f 786 783 785
f 783 784 785
f 4287 4288 4289
f 6325 6330 6329
f 4288 4290 4289
f 3556 3563 3562
f 6325 6329 6321
f 3561 3556 3558
f 9608 9607 9606
f 6544 6543 6538
f 7402 7417 7414
f 6366 6360 6365
f 6321 6317 6323
f 2150 2199 2156
f 9526 9528 9532
f 7824 7825 7822
f 2144 2247 2145
f 2160 2163 2164
f 7493 7494 7492
f 2245 2246 2141
f 2141 2246 2247
f 2141 2247 2144
f 5739 5720 5730
f 7825 7826 7822
f 6570 6569 6566
f 5739 5721 5720
f 6566 6569 6567
f 7497 7496 7495
f 7830 7833 7826
f 7809 7807 7799
f 6272 6271 6270
f 7522 7498 7497
f 1640 1647 1667
f 1667 1680 1640
f 1647 1640 1646
f 3462 3448 3446
f 1241 1239 1234
f 3446 3448 3444
f 7429 7430 7431
f 7431 7430 7432
f 117 92 102
f 6332 6293 6330
f 1676 1672 1674
f 819 836 829
f 837 835 838
f 787 788 819
f 819 788 836
f 784 788 787
f 785 784 787
f 788 835 836
f 3305 3335 3334
f 3568 3562 3563
f 3305 3336 3335
f 5030 5029 5042
f 5742 5743 5746
f 77 86 85
f 9601 9592 9544
f 7403 7412 7411
f 7788 7787 7789
f 7788 7789 7790
f 7401 7443 7417
f 9592 9591 9544
f 9544 9545 9543
f 7824 7822 7821
f 2150 2266 2199
f 6360 6362 6365
f 2145 2249 2150
f 2249 2266 2150
f 9526 9527 9528
f 2247 2249 2145
f 6574 6569 6570
f 5730 5720 5722
f 7822 7826 7829
f 7829 7826 7832
f 7826 7833 7832
f 6270 6267 6269
f 6267 6268 6269
f 7528 7523 7529
f 7529 7523 7522
f 6333 6318 6271
f 6271 6267 6270
f 1640 1642 1646
f 9980 9985 9983
f 7879 7888 7882
f 3981 4060 4064
f 1671 1672 1676
f 1671 1670 1672
f 6674 6672 6678
f 6293 6296 6330
f 1674 1670 1673
f 836 835 837
f 6330 6296 6297
f 6330 6297 6329
f 5735 5746 5736
f 3562 3557 3556
f 5735 5742 5746
f 9603 9602 9601
f 7440 7441 7414
f 7412 7413 7416
f 5731 5741 5733
f 9601 9602 9592
f 7820 7819 7818
f 9608 9613 9607
f 7398 7399 7400
f 7398 7400 7401
f 5731 5737 5741
f 6321 6314 6317
f 5728 5730 5731
f 5731 5730 5737
f 7821 7822 7823
f 5737 5730 5738
f 2247 2248 2249
f 5728 5729 5730
f 5730 5722 5738
f 5738 5724 5740
f 7822 7829 7823
f 5738 5722 5724
f 7832 7845 7844
f 7372 7371 7370
f 1640 1641 1642
f 7467 7459 7466
f 1255 1253 1254
f 6666 6667 6668
f 2434 2431 2438
f 6668 6680 6672
f 788 834 835
f 7442 7435 7437
f 5916 5913 5917
f 7413 7418 7416
f 5733 5735 5734
f 5741 5742 5735
f 5732 5731 5733
f 3165 3166 3178
f 1038 1040 1057
f 5726 5731 5732
f 5741 5743 5742
f 6315 6314 6321
f 5741 5738 5743
f 5726 5728 5731
f 5726 5727 5728
f 5737 5738 5741
f 7821 7831 7819
f 7821 7823 7831
f 5738 5740 5743
f 9544 9591 9545
f 2248 2250 2249
f 2249 2250 2266
f 5727 5729 5728
f 7829 7831 7823
f 9527 9529 9528
f 7831 7829 7834
f 7829 7832 7834
f 7834 7832 7835
f 7832 7844 7835
f 7370 7366 7369
f 6267 6273 6268
f 6268 6273 6274
f 7522 7524 7498
f 1640 1680 1643
f 1643 1641 1640
f 9983 9985 9994
f 1240 1230 1229
f 7879 7890 7888
f 2432 2429 2431
f 124 102 116
f 2431 2434 2432
f 2431 2439 2438
f 7429 7426 7430
f 7425 7422 7426
f 7425 7426 7429
f 6672 6680 6679
f 838 835 839
f 784 833 788
f 6698 6696 6701
f 3165 3161 3166
f 4471 4470 4473
f 4473 4470 4475
f 7819 7831 7817
f 7831 7837 7838
f 7817 7831 7838
f 3557 3560 3559
f 3558 3557 3559
f 7837 7841 7840
f 9592 9593 9591
f 7837 7834 7841
f 7841 7836 7843
f 2248 2251 2250
f 9591 9594 9545
f 7831 7834 7837
f 6360 6361 6362
f 7834 7836 7841
f 7531 7527 7530
f 6362 6361 6363
f 7834 7835 7836
f 7366 7367 7368
f 7369 7366 7368
f 9528 9529 9530
f 7496 7501 7500
f 7370 7371 7366
f 7528 7527 7523
f 7498 7499 7496
f 1641 1644 1649
f 7467 7463 7459
f 2429 2430 2431
f 7459 7460 7461
f 2431 2430 2439
f 5686 5683 5682
f 5686 5682 5687
f 849 842 847
f 6671 6691 6690
f 1678 1668 1671
f 1668 1670 1671
f 1668 1666 1670
f 1670 1666 1673
f 6692 6696 6698
f 7413 7449 7418
f 788 833 834
f 7838 7837 7839
f 5913 5914 5915
f 7839 7837 7840
f 6315 6308 6306
f 6700 6699 6703
f 7527 7525 7523
f 7499 7501 7496
f 7524 7534 7499
f 4638 4645 4639
f 5257 5262 5260
f 5257 5263 5262
f 4639 4642 4641
f 4860 4857 4862
f 1643 1644 1641
f 9994 9995 9996
f 4033 4037 4040
f 5688 5684 5683
f 7878 7881 7890
f 5681 5682 5683
f 4084 4051 4093
f 6680 6682 6681
f 839 843 842
f 6691 6693 6692
f 6692 6693 6696
f 7839 7840 7842
f 7842 7840 7854
f 6696 6699 6700
f 3165 3164 3161
f 7840 7858 7854
f 4469 4470 4471
f 4469 4472 4470
f 5903 5905 5906
f 9591 9595 9594
f 6311 6312 6320
f 5264 5263 5257
f 6575 6576 6577
f 1643 1645 1644
f 1644 1645 1649
f 7463 7458 7459
f 7458 7457 7454
f 7873 7869 7868
f 4040 4037 4041
f 5683 5684 5681
f 7860 7856 7859
f 1669 1668 1678
f 7856 7842 7855
f 7421 7450 7422
f 7842 7854 7855
f 835 853 839
f 834 861 835
f 2765 2763 2770
f 2770 2763 2760
f 2748 2760 2763
f 2765 2764 2763
f 5903 5904 5905
f 3161 3163 3166
f 6277 6283 6278
f 3864 3841 3844
f 3166 3163 3167
f 2772 2771 2762
f 2772 2762 2744
f 3844 3841 3843
f 3844 3843 3849
f 2771 2767 2762
f 2767 2755 2762
f 5256 5257 5258
f 5292 5289 5291
f 4700 4701 4702
f 5256 5265 5264
f 5256 5264 5257
f 4701 4704 4702
f 1643 1648 1645
f 1645 1650 1649
f 3452 3453 3451
f 9996 9995 9997
f 5364 5361 5363
f 9995 9999 9998
f 842 844 847
f 7448 7447 7445
f 9843 9829 9825
f 9825 9823 9824
f 842 843 844
f 9824 9823 9822
f 3177 3174 3164
f 3157 3154 3155
f 868 833 784
f 861 853 835
f 2760 2752 2769
f 6696 6693 6697
f 833 862 834
f 834 862 861
f 2765 2776 2774
f 2760 2748 2752
f 2748 2751 2752
f 2744 2764 2765
f 2765 2774 2744
f 2747 2748 2764
f 2764 2744 2747
f 2777 2780 2771
f 2777 2771 2772
f 9459 9460 9455
f 3843 3865 3849
f 9472 9471 9470
f 2745 2755 2754
f 9529 9536 9531
f 5292 5291 5293
f 4638 4637 4640
f 6720 6721 6722
f 6721 6723 6722
f 4701 4705 4706
f 4704 4701 4706
f 6724 6723 6726
f 4856 4855 4859
f 1648 1654 1645
f 2429 2433 2430
f 3454 3453 3452
f 1645 1653 1650
f 1645 1654 1653
f 5688 5685 5684
f 5361 5360 5363
f 847 844 848
f 9825 9829 9823
f 9843 9821 9829
f 2773 2778 2776
f 2773 2776 2765
f 3152 3159 3151
f 3174 3162 3164
f 868 869 833
f 3164 3162 3161
f 2748 2750 2751
f 4469 4474 4472
f 2777 2772 2775
f 2775 2772 2744
f 2775 2744 2774
f 2747 2746 2748
f 2748 2749 2750
f 8416 8417 8418
f 3163 3168 3167
f 2747 2744 2746
f 2748 2746 2749
f 2744 2745 2746
f 2746 2761 2749
f 2745 2753 2746
f 9595 9596 9594
f 2745 2754 2753
f 6364 6368 6363
f 6361 6364 6363
f 2754 2756 2753
f 2771 2768 2767
f 2754 2755 2756
f 2767 2768 2755
f 2755 2757 2756
f 2768 2757 2755
f 2757 2758 2756
f 2757 2766 2758
f 5293 5294 5292
f 5261 5256 5259
f 5261 5265 5256
f 2433 2437 2430
f 5359 5360 5361
f 3693 3689 3695
f 5685 5681 5684
f 3694 3690 3693
f 9997 9995 9998
f 6281 6285 6284
f 1669 1661 1668
f 844 846 848
f 6691 6694 6693
f 1661 1665 1666
f 1668 1661 1666
f 844 843 846
f 9823 9829 9820
f 9823 9820 9822
f 1666 1665 1679
f 839 845 843
f 8426 8423 8424
f 8423 8421 8424
f 2776 2775 2774
f 8422 8416 8421
f 8421 8416 8419
f 3161 3162 3163
f 8416 8418 8419
f 6441 6438 6442
f 8418 8420 8419
f 8418 8417 8420
f 3841 3842 3843
f 8417 8425 8420
f 2746 2759 2761
f 3843 3846 3865
f 2780 2781 2771
f 2753 2759 2746
f 3086 3085 3081
f 2753 2756 2759
f 6827 6829 6831
f 9536 9537 9531
f 9531 9537 9538
f 2781 2768 2771
f 6828 6830 6829
f 6827 6828 6829
f 2768 2782 2757
f 2757 2782 2766
f 3688 3689 3690
f 1654 1655 1653
f 1655 1656 1653
f 7456 7464 7465
f 4042 4043 4076
f 3862 3859 3861
f 1669 1659 1661
f 10009 10004 10001
f 9821 9820 9829
f 6693 6695 6697
f 843 850 846
f 3174 3175 3162
f 869 862 833
f 843 845 850
f 861 862 853
f 853 852 839
f 839 852 845
f 3866 3860 3868
f 9818 9831 9836
f 7070 7069 7065
f 8565 8566 8567
f 3170 3169 3163
f 3163 3169 3168
f 3169 3171 3168
f 8425 8435 8420
f 3846 3853 3865
f 3085 3075 3081
f 9595 9597 9596
f 2781 2784 2783
f 2781 2783 2768
f 2783 2782 2768
f 6832 6836 6830
f 1655 1657 1656
f 1656 1657 1658
f 4037 4048 4044
f 5215 5217 5219
f 5555 5551 5554
f 9821 9813 9820
f 9820 9819 9822
f 9831 9813 9821
f 869 871 862
f 8622 8623 8624
f 9838 9834 9841
f 96 168 101
f 862 860 853
f 9841 9834 9842
f 2779 2777 2776
f 2779 2780 2777
f 2779 2785 2780
f 8435 8430 8420
f 3171 3169 3172
f 6831 6833 6834
f 3075 3080 3081
f 9595 9598 9597
f 6840 6833 6829
f 4898 4900 4903
f 3454 3455 3453
f 5361 5362 5359
f 4866 4872 4867
f 1657 1659 1658
f 3861 3859 3858
f 5551 5553 5554
f 3142 3153 3138
f 6446 6445 6448
f 1661 1664 1665
f 9820 9813 9819
f 3175 3176 3162
f 3866 3858 3860
f 9831 9816 9813
f 9845 9846 9847
f 9818 9816 9831
f 852 851 845
f 3845 3846 3843
f 2787 2786 2781
f 2780 2787 2781
f 8425 8437 8435
f 3075 3074 3080
f 3089 3080 3088
f 9626 9627 9628
f 6364 6369 6368
f 9536 9539 9537
f 2786 2784 2781
f 1600 1581 1596
f 1655 1663 1657
f 1657 1660 1659
f 1657 1663 1660
f 5215 5216 5217
f 1659 1660 1661
f 3142 3138 3141
f 3141 3138 3140
f 1660 1662 1661
f 860 859 853
f 853 859 852
f 859 858 852
f 852 858 851
f 2780 2785 2787
f 3169 3173 3172
f 3073 3074 3075
f 6833 6841 6834
f 6957 6954 6959
f 1614 1595 1609
f 6443 6445 6446
f 3859 3857 3858
f 1609 1601 1616
f 9813 9814 9815
f 9813 9815 9819
f 9819 9815 9835
f 1615 1610 1622
f 3858 3856 3860
f 9835 9826 9838
f 3860 3856 3867
f 9818 9817 9816
f 9838 9826 9834
f 859 863 858
f 863 864 858
f 3847 3846 3845
f 7348 7345 7344
f 7344 7345 7346
f 7345 7347 7346
f 6843 6845 6844
f 6874 6839 6875
f 6875 6839 6838
f 6069 6068 6070
f 5551 5552 5553
f 3857 3856 3858
f 3857 3855 3856
f 1601 1602 1610
f 9814 9826 9815
f 9815 9826 9835
f 9826 9830 9834
f 1622 1610 1621
f 9848 9849 9850
f 3856 3852 3863
f 3847 3845 3863
f 3728 3707 3712
f 863 865 864
f 3847 3848 3846
f 8435 8436 8434
f 3846 3848 3853
f 3078 3079 3077
f 3078 3077 3073
f 3073 3076 3074
f 1406 1401 1405
f 1401 1403 1405
f 1405 1403 1408
f 3074 3076 3082
f 3074 3082 3080
f 3080 3082 3088
f 7060 7055 7056
f 6651 6646 6649
f 7056 7057 7058
f 7058 7057 7059
f 6954 6958 6959
f 6068 6071 6070
f 6443 6444 6445
f 4049 4054 4092
f 3855 3852 3856
f 9826 9827 9830
f 3847 3863 3852
f 8440 8439 8434
f 3847 3850 3848
f 6873 6846 6874
f 3077 3076 3073
f 1408 1403 1407
f 1407 1403 1404
f 6874 6846 6839
f 6839 6846 6845
f 8443 8438 8437
f 7055 7051 7056
f 7056 7051 7057
f 2643 2640 2698
f 6067 6068 6069
f 6443 6447 6444
f 1602 1603 1610
f 3855 3854 3852
f 9827 9832 9830
f 1603 1604 1610
f 9814 9828 9827
f 9814 9827 9826
f 1610 1604 1621
f 1621 1604 1620
f 3847 3852 3851
f 865 866 867
f 863 866 865
f 3847 3851 3850
f 1402 1393 1403
f 7055 7052 7051
f 7051 7052 7053
f 5188 5191 5183
f 1577 1618 1567
f 1567 1618 1617
f 5188 5183 5185
f 1567 1617 1562
f 1562 1617 1563
f 5185 5184 5186
f 5992 5991 5989
f 4052 4087 4057
f 9828 9840 9839
f 9828 9839 9837
f 9828 9837 9827
f 3852 3854 3851
f 7355 7352 7349
f 7349 7352 7350
f 7349 7350 7351
f 7351 7350 7353
f 1393 1395 1403
f 3084 3083 3079
f 3083 3077 3079
f 3077 3083 3076
f 3076 3087 3082
f 6851 6861 6872
f 6872 6861 6871
f 7054 7052 7055
f 2699 2701 2676
f 6068 6067 6071
f 1618 1619 1617
f 5989 5988 5990
f 1587 1623 1588
f 7815 7813 7814
f 7810 7811 7812
f 4057 4087 4089
f 9827 9833 9832
f 9827 9837 9833
f 1395 1400 1404
f 3083 3087 3076
f 5183 5184 5185
f 5991 5987 5989
f 7810 7813 7811
f 4087 4090 4089
f 1411 1413 1414
f 163 162 130
f 1410 1412 1399
f 1410 1399 1394
f 6847 6848 6849
f 1394 1399 1395
f 7054 7053 7052
f 5183 5187 5184
f 875 876 877
f 7038 7037 7040
f 5191 5190 5183
f 5189 5187 5183
f 5925 5927 5929
f 7038 7035 7037
f 6731 6733 6734
f 6734 6733 6737
f 5190 5189 5183
f 5925 5926 5927
f 7035 7036 7037
f 7035 7039 7036
f 6731 6732 6733
f 6732 6735 6733
f 5632 5636 5635
f 4172 4196 4170
f 4170 4196 4197
f 5515 5513 5534
f 4499 4497 4494
f 4171 4172 4170
f 5634 5632 5635
f 8559 8555 8558
f 6220 6212 6210
f 9273 9276 9271
f 5453 5454 5455
f 8558 8555 8557
f 9273 9271 9272
f 9272 9271 9270
f 9270 9271 9269
f 4168 4170 4179
f 4167 4170 4168
f 4494 4495 4496
f 5629 5628 5632
f 5629 5632 5634
f 5629 5634 5639
f 6217 6220 6210
f 9272 9270 9275
f 5526 5511 5510
f 4173 4171 4167
f 5510 5511 5507
f 5637 5633 5630
f 4498 4494 4496
f 5630 5629 5631
f 5631 5629 5638
f 6217 6210 6211
f 9274 9273 9272
f 5652 5657 5651
f 8560 8558 8557
f 4167 4168 4169
f 5631 5638 5640
f 6216 6217 6211
f 5535 5527 5528
f 9274 9272 9275
f 5650 5652 5651
f 9275 9270 9324
f 4837 4839 4838
f 9324 9270 9265
f 9265 9270 9269
f 4173 4167 4169
f 5710 5699 5708
f 1532 1535 1531
f 5708 5699 5698
f 5699 5695 5698
f 9328 9274 9323
f 9274 9275 9323
f 9323 9275 9324
f 9265 9269 9260
f 4174 4173 4169
f 6214 6215 6211
f 6209 6214 6211
f 5209 5208 5204
f 1525 1543 1532
f 5650 5651 5648
f 5651 5657 5648
f 4183 4186 4185
f 4183 4185 4184
f 4182 4183 4180
f 4183 4184 4180
f 5546 5548 5544
f 1523 1525 1532
f 1523 1532 1531
f 1523 1531 1530
f 5698 5695 5697
f 9328 9323 9298
f 9298 9323 9297
f 5955 5957 5956
f 4836 4837 4838
f 4176 4174 4175
f 4174 4169 4175
f 7097 7099 7098
f 5451 5446 5485
f 5092 5091 5093
f 1530 1533 1529
f 9297 9323 9300
f 9300 9323 9324
f 9325 9324 9265
f 9183 9179 9178
f 9252 9260 9253
f 7382 7383 7384
f 5546 5544 5543
f 5537 5539 5538
f 6150 6154 6151
f 5204 5208 5202
f 5201 5204 5202
f 5202 5208 5205
f 1524 1528 1525
f 1524 1525 1523
f 1523 1530 1529
f 5648 5656 5654
f 5697 5696 5700
f 5649 5648 5653
f 5954 5955 5956
f 9299 9298 9293
f 9293 9298 9297
f 9300 9324 9325
f 9265 9260 9252
f 5543 5542 5545
f 5545 5542 5547
f 5517 5533 5501
f 5549 5546 5543
f 5090 5091 5092
f 5213 5204 5201
f 9185 9177 9181
f 5653 5648 5654
f 8594 8599 8583
f 5954 5956 5958
f 8599 8620 8584
f 8584 8620 8613
f 9176 9178 9177
f 8613 8620 8601
f 4178 4176 4177
f 4177 4176 4175
f 7100 7097 7096
f 7096 7097 7098
f 5536 5537 5538
f 5747 5748 5749
f 1523 1529 1522
f 9296 9302 9293
f 1529 1533 1534
f 9293 9302 9299
f 5709 5697 5700
f 5700 5701 5702
f 8613 8601 8612
f 9325 9265 9250
f 2894 2892 2891
f 9265 9252 9250
f 6634 6633 6632
f 9251 9253 9268
f 7102 7097 7101
f 7101 7097 7100
f 8546 8547 8548
f 5549 5543 5545
f 5540 5537 5536
f 6152 6150 6149
f 5673 5670 5669
f 6149 6150 6151
f 5498 5519 5503
f 5623 5624 5625
f 5214 5213 5201
f 5201 5202 5203
f 5202 5205 5203
f 8404 8405 8406
f 8586 8587 8588
f 1518 1524 1523
f 1526 1524 1518
f 4462 4466 4465
f 1529 1534 1522
f 9296 9293 9292
f 624 622 648
f 9293 9297 9295
f 9295 9300 9315
f 5709 5700 5707
f 9297 9300 9295
f 9315 9300 9325
f 5707 5700 5702
f 2906 2894 2905
f 2907 2906 2905
f 5704 5702 5703
f 2905 2894 2898
f 9261 9325 9250
f 2898 2894 2891
f 2735 2737 2736
f 4178 4177 4181
f 6153 6152 6149
f 4323 4321 4316
f 5211 5214 5201
f 5203 5205 5206
f 1527 1526 1518
f 1518 1523 1522
f 8597 8594 8589
f 1522 1534 1537
f 3761 3766 3762
f 5707 5702 5704
f 2898 2891 2899
f 5704 5703 5705
f 4445 4446 4447
f 9250 9252 9251
f 961 958 959
f 2891 2892 2887
f 9251 9268 9267
f 4181 4187 4188
f 5752 5747 5751
f 4317 4318 4320
f 4324 4320 4318
f 5749 5751 5747
f 5212 5214 5211
f 5211 5201 5203
f 8777 8778 8779
f 6142 6136 6135
f 6135 6136 6134
f 5206 5205 5207
f 1527 1518 1517
f 628 624 631
f 9172 9171 9185
f 4462 4465 4463
f 6934 6935 6936
f 1521 1518 1522
f 1521 1522 1537
f 9173 9174 9171
f 6905 6906 6907
f 9188 9189 9173
f 8491 8500 8499
f 5709 5707 5711
f 3767 3766 3761
f 6615 6630 6617
f 6461 6470 6469
f 7920 7919 7917
f 6631 6630 6609
f 7917 7919 7918
f 5192 5193 5194
f 2899 2891 2900
f 2900 2891 2890
f 2890 2891 2888
f 7093 7094 7090
f 2888 2891 2887
f 9251 9267 9262
f 723 725 724
f 4189 4181 4188
f 5457 5460 5461
f 4632 4636 4635
f 4636 4632 4633
f 5210 5211 5203
f 5212 5211 5210
f 5210 5203 5206
f 633 629 632
f 274 277 276
f 1507 1517 1518
f 6135 6134 6132
f 6134 6141 6133
f 6132 6134 6133
f 9294 9296 9292
f 4462 4463 4464
f 4467 4462 4464
f 1520 1518 1521
f 6934 6936 6938
f 1520 1521 1536
f 1536 1521 1537
f 9283 9293 9295
f 6133 6141 6138
f 6903 6905 6907
f 9188 9173 9186
f 6465 6460 6464
f 3761 3762 3763
f 3763 3762 3765
f 6460 6458 6457
f 6609 6630 6615
f 6459 6458 6461
f 5194 5193 5195
f 6459 6461 6462
f 6462 6461 6469
f 8266 8267 8268
f 7921 7920 7917
f 7916 7921 7917
f 7916 7917 7918
f 7922 7916 7918
f 7916 7922 7912
f 7912 7922 7915
f 5197 5192 5194
f 9250 9251 9249
f 4448 4447 4449
f 4449 4447 4450
f 7093 7090 7089
f 4189 4188 4190
f 644 637 643
f 637 635 643
f 1506 1517 1507
f 274 276 275
f 1519 1507 1518
f 6132 6142 6135
f 1519 1518 1520
f 9294 9292 9291
f 9291 9292 9283
f 7551 7550 7547
f 9292 9293 9283
f 6131 6132 6133
f 1519 1520 1536
f 9187 9188 9186
f 9186 9173 9168
f 9283 9295 9308
f 9348 9350 9349
f 9347 9348 9349
f 9277 9315 9242
f 8491 8499 8494
f 6463 6464 6460
f 6463 6460 6457
f 7659 7660 7661
f 6457 6458 6459
f 8489 8494 8471
f 9240 9261 9241
f 9261 9250 9241
f 7913 7912 7915
f 7912 7913 7914
f 8470 8471 8462
f 7089 7090 7091
f 9251 9262 9254
f 4189 4190 4191
f 4428 4431 4432
f 6373 6371 6370
f 5582 5579 5578
f 645 638 644
f 645 644 643
f 1516 1507 1519
f 272 274 275
f 271 274 272
f 4468 4467 4464
f 1516 1519 1542
f 9168 9171 9170
f 7547 7550 7545
f 1542 1519 1536
f 9190 9187 9169
f 6131 6133 6137
f 6137 6133 6138
f 3764 3761 3763
f 7544 7547 7545
f 7544 7545 7546
f 6137 6138 6139
f 8491 8494 8489
f 7544 7546 7548
f 6139 6138 6140
f 6468 6464 6467
f 9242 9315 9261
f 7549 7544 7548
f 6467 6464 6463
f 9242 9261 9240
f 7659 7661 7662
f 5194 5195 5196
f 8489 8471 8467
f 5199 5194 5196
f 957 930 956
f 9241 9250 9249
f 8461 8470 8462
f 8460 8461 8462
f 9924 9907 9905
f 722 723 721
f 9902 9904 9903
f 4449 4450 4451
f 9254 9262 9266
f 9266 9262 9313
f 5466 5458 5459
f 9900 9872 9919
f 5466 5459 5467
f 4189 4191 4192
f 8176 8190 8163
f 8163 8190 8189
f 8163 8189 8187
f 2346 2348 2347
f 2347 2348 2351
f 7927 7925 7926
f 6619 6623 6625
f 1505 1506 1507
f 1516 1505 1507
f 208 209 201
f 8379 8380 8381
f 6170 6171 6172
f 8469 8461 8474
f 9266 9313 9321
f 2888 2887 2883
f 2883 2887 2884
f 8180 8170 8166
f 2884 2887 2893
f 5467 5459 5468
f 8166 8170 8164
f 4192 4191 4193
f 4192 4193 4194
f 8164 8170 8176
f 5468 5459 5465
f 5468 5465 5469
f 8176 8163 8164
f 6498 6499 6496
f 6498 6496 6497
f 8163 8187 8159
f 8159 8187 8186
f 8159 8186 8185
f 6370 6371 6372
f 7926 7925 7924
f 1510 1508 1509
f 1505 1508 1506
f 1508 1505 1509
f 238 235 237
f 9291 9301 9294
f 9165 9190 9169
f 271 272 250
f 270 271 250
f 9283 9308 9279
f 9279 9308 9277
f 9277 9242 9239
f 4518 4522 4548
f 4546 4518 4548
f 6170 6172 6173
f 684 722 721
f 8474 8482 8477
f 2518 2520 2519
f 5466 5467 5476
f 2884 2893 2896
f 5476 5467 5468
f 7935 7927 7926
f 642 640 632
f 6370 6372 6374
f 2347 2351 2349
f 1512 1510 1511
f 1511 1510 1509
f 6374 6372 6375
f 239 235 238
f 9161 9164 9162
f 250 272 255
f 9284 9291 9283
f 249 270 250
f 8492 8491 8483
f 268 270 249
f 8491 8489 8483
f 4517 4511 4518
f 4518 4511 4516
f 4518 4516 4522
f 4522 4516 4526
f 4555 4526 4525
f 4517 4518 4546
f 9239 9242 9240
f 4542 4517 4546
f 4548 4522 4526
f 4548 4526 4555
f 4548 4555 4551
f 4528 4527 4529
f 4529 4527 4530
f 9240 9241 9235
f 4529 4530 4558
f 4529 4558 4557
f 684 721 688
f 8472 8469 8474
f 9254 9266 9258
f 9258 9266 9316
f 688 721 726
f 8472 8474 8477
f 8472 8477 8476
f 9266 9321 9317
f 4135 4134 4122
f 5413 5410 5416
f 6413 6420 6412
f 642 632 641
f 7928 7935 7926
f 1513 1514 1512
f 8977 8983 8984
f 7928 7926 7924
f 1513 1512 1511
f 241 233 232
f 9288 9301 9291
f 258 260 265
f 258 265 264
f 5621 5619 5622
f 4511 4509 4516
f 4517 4513 4511
f 9281 9283 9279
f 4513 4517 4515
f 4526 4516 4519
f 4526 4519 4525
f 4519 4520 4523
f 4523 4520 4524
f 4525 4519 4523
f 9278 9279 9277
f 9278 9277 9264
f 4523 4524 4527
f 4528 4523 4527
f 4555 4525 4553
f 4553 4525 4523
f 4553 4523 4528
f 4545 4542 4546
f 4551 4555 4553
f 4527 4531 4530
f 9239 9240 9235
f 4552 4553 4554
f 4554 4553 4528
f 4554 4528 4529
f 4551 4553 4552
f 4544 4545 4546
f 4549 4546 4548
f 4550 4548 4551
f 4554 4529 4556
f 4544 4546 4549
f 4549 4548 4550
f 4556 4529 4557
f 4556 4557 4559
f 4557 4558 4559
f 726 708 688
f 9316 9266 9317
f 2518 2519 2517
f 5478 5466 5476
f 2883 2884 2885
f 5415 5410 5412
f 8166 8164 8165
f 6260 6263 6261
f 3872 3876 3873
f 6495 6497 6496
f 6495 6496 6492
f 9910 9918 9917
f 6425 6426 6419
f 6419 6426 6421
f 6413 6412 6411
f 4892 4896 4884
f 4896 4897 4885
f 4884 4896 4885
f 4885 4897 4893
f 1539 1538 1515
f 1515 1538 1512
f 1515 1512 1514
f 8981 8983 8977
f 2321 2346 2347
f 2322 2346 2321
f 2321 2347 2349
f 8253 8252 8255
f 8253 8255 8263
f 9163 9166 9167
f 8255 8265 8264
f 255 260 258
f 9288 9291 9286
f 5584 5575 5583
f 4509 4510 4516
f 4516 4510 4519
f 4519 4510 4520
f 4533 4537 4520
f 240 206 247
f 247 206 246
f 8493 8492 8483
f 4520 4537 4532
f 4532 4537 4538
f 4524 4520 4532
f 5609 5606 5615
f 4524 4532 4534
f 4540 4515 4517
f 4524 4534 4527
f 9264 9277 9237
f 9237 9277 9239
f 4540 4517 4541
f 4535 4531 4527
f 8484 8483 8489
f 4541 4517 4542
f 4543 4541 4542
f 8484 8489 8467
f 9237 9239 9235
f 4543 4542 4545
f 4543 4545 4547
f 9241 9249 9248
f 4547 4545 4544
f 4550 4551 4552
f 4570 4547 4544
f 4550 4552 4560
f 4552 4554 4560
f 4560 4554 4567
f 4544 4549 4561
f 4554 4556 4566
f 4566 4556 4562
f 4562 4556 4559
f 4566 4562 4564
f 4562 4559 4563
f 4454 4453 4455
f 2885 2884 2886
f 2367 2374 2366
f 2886 2884 2889
f 2889 2884 2896
f 8164 8163 8152
f 6494 6495 6492
f 8163 8159 8156
f 8159 8185 8158
f 8158 8185 8175
f 8185 8188 8175
f 8175 8188 8184
f 6423 6425 6419
f 6106 6105 6100
f 6410 6411 6412
f 6825 6824 6826
f 6823 6824 6825
f 1541 1539 1540
f 1540 1539 1515
f 8257 8262 8251
f 8977 8985 9038
f 9158 9159 9160
f 8256 8251 8254
f 8254 8251 8253
f 8251 8252 8253
f 9162 9163 9160
f 7928 7924 7929
f 4507 4510 4509
f 4510 4514 4521
f 8263 8255 8264
f 7929 7924 7932
f 7929 7932 7931
f 4512 4505 4511
f 4510 4521 4520
f 4521 4533 4520
f 9291 9284 9286
f 1988 1999 1983
f 4512 4511 4513
f 7932 7936 7931
f 267 269 268
f 267 268 249
f 4515 4512 4513
f 6620 6637 6614
f 4620 4621 4616
f 9281 9279 9280
f 1983 1994 1979
f 9280 9279 9278
f 1979 1994 1981
f 4579 4541 4543
f 1982 1981 2000
f 9235 9241 9248
f 8466 8467 8464
f 9330 9332 9331
f 9331 9332 9333
f 4568 4550 4560
f 9333 9332 9334
f 4570 4544 4574
f 4574 4544 4561
f 4549 4550 4569
f 4569 4550 4568
f 4567 4554 4566
f 4549 4569 4561
f 4564 4562 4563
f 4577 4564 4565
f 4565 4564 4563
f 6024 6025 6026
f 6025 6024 6023
f 2511 2518 2517
f 4991 4992 4981
f 8165 8164 8152
f 6507 6510 6508
f 3873 3870 3872
f 8152 8163 8156
f 6033 6034 6032
f 2291 2292 2289
f 6100 6102 6101
f 6428 6432 6423
f 6423 6419 6418
f 6418 6413 6416
f 6415 6413 6414
f 4894 4892 4890
f 6106 6100 6098
f 6414 6411 6410
f 3377 3379 3376
f 5064 5068 5061
f 8975 8977 9038
f 1545 1541 1544
f 1544 1541 1540
f 8257 8251 8256
f 2324 2322 2320
f 10290 10291 10292
f 9305 9306 9304
f 9303 9304 9288
f 9303 9288 9287
f 258 264 261
f 259 258 261
f 9287 9288 9286
f 251 250 252
f 249 250 251
f 256 267 249
f 6638 6639 6637
f 6638 6637 6628
f 6628 6637 6620
f 9284 9283 9281
f 8493 8483 8486
f 3053 3056 3058
f 1979 1981 1980
f 1980 1981 1982
f 9237 9235 9234
f 8484 8467 8466
f 4579 4543 4547
f 4578 4579 4547
f 4578 4547 4570
f 9333 9334 9338
f 4571 4568 4560
f 4572 4560 4567
f 9258 9316 9319
f 9320 9258 9319
f 4567 4566 4573
f 9316 9317 9318
f 4566 4564 4577
f 4577 4565 4581
f 4565 4563 4581
f 4581 4563 4582
f 2367 2366 2364
f 2364 2366 2365
f 2365 2366 2370
f 3880 3877 3874
f 3874 3877 3872
f 4980 4991 4981
f 4980 4981 4979
f 8179 8165 8152
f 3870 3871 3872
f 4115 4116 4114
f 6508 6510 6515
f 6508 6515 6511
f 6491 6494 6492
f 6491 6492 6493
f 8140 8143 8141
f 8156 8159 8158
f 6028 6033 6032
f 8175 8184 8181
f 6418 6416 6417
f 6417 6416 6415
f 6428 6423 6424
f 6091 6100 6101
f 3103 3104 3102
f 4891 4894 4890
f 6430 6432 6428
f 4880 4881 4879
f 5061 5068 5066
f 1546 1545 1544
f 8258 8257 8256
f 1546 1544 1547
f 10289 10288 10287
f 2328 2324 2327
f 7930 7928 7929
f 252 255 258
f 2329 2324 2328
f 2330 2329 2328
f 7929 7931 7930
f 7930 7931 7933
f 4283 4286 4282
f 9286 9284 9285
f 1988 1983 1978
f 4284 4283 4279
f 9285 9284 9281
f 4657 4655 4656
f 1978 1983 1979
f 1978 1979 1977
f 4285 4284 4279
f 1977 1979 1980
f 9280 9278 9282
f 9282 9278 9309
f 9309 9278 9264
f 1987 1982 2000
f 9235 9248 9256
f 9236 9235 9256
f 4578 4583 4579
f 4956 4950 4946
f 4575 4569 4568
f 4575 4568 4571
f 4571 4560 4572
f 4574 4561 4569
f 4572 4567 4573
f 4458 4456 4457
f 4573 4566 4577
f 2451 2476 2453
f 2453 2476 2478
f 6023 6024 6005
f 2889 2896 2897
f 2369 2367 2368
f 2375 2367 2369
f 3871 3874 3872
f 2369 2368 2361
f 2361 2368 2364
f 4115 4114 4113
f 6507 6508 6506
f 8152 8156 8153
f 8140 8141 8142
f 8156 8158 8157
f 6091 6101 6073
f 6424 6423 6422
f 6422 6423 6418
f 6099 6104 6097
f 6104 6098 6097
f 4882 4880 4875
f 4875 4880 4879
f 3102 3104 3105
f 5661 5659 5658
f 5658 5659 5660
f 4875 4879 4878
f 3377 3376 3359
f 5066 5068 5069
f 1742 1747 1743
f 1742 1743 1744
f 10287 10288 10284
f 1548 1546 1547
f 9305 9304 9303
f 1548 1547 1559
f 7934 7928 7930
f 9287 9286 9285
f 4655 4646 4648
f 4279 4283 4280
f 4283 4282 4280
f 4616 4622 4617
f 8486 8483 8485
f 1977 1980 1995
f 8483 8484 8485
f 9263 9264 9234
f 9234 9264 9237
f 1995 1980 1985
f 8485 8484 8466
f 1980 1982 1985
f 5246 5248 5253
f 9234 9235 9236
f 9329 9330 9331
f 1985 1987 1992
f 1985 1992 1993
f 5250 5246 5253
f 9335 9331 9333
f 4958 4956 4924
f 4917 4958 4924
f 8472 8476 8475
f 4946 4950 4948
f 4580 4569 4575
f 2473 2472 2474
f 2510 2511 2512
f 2512 2511 2517
f 2448 2477 2451
f 2453 2478 2456
f 2895 2886 2889
f 3871 3875 3874
f 2364 2365 2360
f 2357 2364 2360
f 2361 2364 2357
f 4113 4110 4104
f 4113 4104 4101
f 2362 2369 2361
f 8179 8152 8154
f 4101 4104 4097
f 8154 8152 8151
f 4979 4990 4976
f 6506 6508 6511
f 8151 8152 8153
f 4099 4105 4106
f 8155 8153 8156
f 4098 4099 4124
f 4124 4099 4106
f 4128 4098 4124
f 8158 8175 8160
f 6028 6032 6031
f 6422 6418 6417
f 6073 6076 6074
f 6092 6100 6091
f 6074 6076 6077
f 4875 4878 4876
f 9037 8974 9036
f 9039 9036 8972
f 1742 1744 1745
f 1744 1746 1745
f 8257 8258 8259
f 8260 8257 8259
f 6627 6629 6635
f 1545 1546 1549
f 2327 2324 2320
f 8451 8452 8453
f 1549 1546 1548
f 252 258 259
f 1551 1548 1559
f 1988 1984 1999
f 9289 9287 9285
f 1984 1988 1978
f 7934 7930 7933
f 4279 4280 4281
f 4281 4280 4282
f 3204 3189 3182
f 9285 9281 9307
f 1977 1995 1996
f 4922 4925 4927
f 9309 9264 9263
f 4922 4927 4916
f 8490 8485 8466
f 1017 1021 1020
f 1017 1020 1019
f 9335 9336 9331
f 8464 8469 8472
f 4924 4956 4946
f 9339 9340 9341
f 8473 8472 8475
f 2474 2471 2440
f 4948 4950 4954
f 4576 4574 4569
f 4576 4569 4580
f 2471 2477 2447
f 2447 2477 2448
f 2448 2451 2450
f 2451 2453 2452
f 2450 2451 2452
f 2895 2889 2897
f 2365 2370 2372
f 7030 7029 7024
f 6005 6007 6006
f 2357 2360 2358
f 6006 6007 6011
f 4982 4980 4975
f 4980 4979 4975
f 2356 2361 2357
f 4975 4979 4976
f 8067 8066 8070
f 8068 8067 8069
f 7287 7291 7288
f 7049 7044 7050
f 7048 7044 7049
f 7044 7048 7043
f 8157 8158 8160
f 6028 6031 6029
f 6027 6028 6029
f 8160 8175 8181
f 6091 6073 6072
f 6072 6073 6074
f 3108 3101 3091
f 3099 3106 3103
f 6098 6100 6092
f 6078 6074 6086
f 6094 6099 6097
f 6097 6098 6092
f 3099 3103 3102
f 3099 3102 3100
f 4883 4882 4875
f 6431 6430 6429
f 4883 4875 4874
f 3100 3102 3105
f 6107 6099 6108
f 4874 4875 4876
f 4272 4276 4274
f 5055 5061 5066
f 9153 9156 9154
f 9153 9154 9155
f 9128 9036 9039
f 8987 8979 8986
f 8979 8976 8986
f 6917 6927 6921
f 1749 1748 1742
f 1749 1742 1750
f 1742 1745 1750
f 8242 8241 8245
f 10286 10287 10284
f 10267 10268 10269
f 10269 10268 10270
f 617 618 615
f 10270 10268 10271
f 10270 10271 10272
f 263 252 259
f 259 261 262
f 253 249 251
f 266 256 257
f 256 249 253
f 8495 8486 8487
f 1969 1977 1976
f 8487 8486 8485
f 9307 9281 9280
f 9307 9280 9282
f 2843 2854 2853
f 8488 8485 8490
f 4918 4925 4922
f 9259 9263 9234
f 3191 3232 3190
f 4916 4918 4922
f 3228 3232 3191
f 1018 1017 1019
f 4132 4137 4133
f 4133 4137 4138
f 9336 9335 9337
f 3230 3232 3228
f 4131 4142 4132
f 9245 9257 9246
f 4131 4132 4125
f 4125 4132 4133
f 9245 9246 9244
f 9246 9320 9255
f 3229 3231 3230
f 1025 1030 1016
f 2473 2474 2440
f 8473 8475 8478
f 9319 9318 9326
f 2444 2475 2472
f 2441 2471 2447
f 2512 2517 2515
f 1016 1030 1029
f 6023 6005 6015
f 2452 2453 2456
f 2452 2456 2457
f 8167 8166 8165
f 2371 2360 2365
f 2371 2365 2372
f 6004 6005 6006
f 2356 2357 2358
f 6507 6506 6505
f 4097 4104 4103
f 4097 4103 4102
f 6505 6506 6504
f 2362 2361 2356
f 4099 4102 4105
f 7287 7288 7289
f 7042 7044 7043
f 6503 6511 6509
f 8160 8181 8182
f 6427 6428 6424
f 6094 6097 6092
f 6072 6074 6075
f 6075 6074 6078
f 3099 3101 3106
f 6078 6086 6085
f 3110 3100 3105
f 4270 4276 4272
f 4271 4270 4272
f 8961 8955 8956
f 8953 8962 8952
f 8952 8962 9132
f 9132 8962 9041
f 9132 9041 9137
f 1354 1329 1349
f 1750 1745 1751
f 2320 2321 2317
f 8260 8259 8261
f 10283 10284 10285
f 6636 6627 6635
f 616 617 615
f 1349 1329 1314
f 254 251 252
f 1550 1549 1548
f 1552 1549 1550
f 254 252 263
f 1550 1548 1551
f 1984 1978 1969
f 1550 1551 1556
f 257 256 253
f 9289 9285 9290
f 8039 8040 8041
f 2854 2843 2848
f 9310 9307 9282
f 4925 4918 4926
f 446 461 400
f 400 461 406
f 461 457 404
f 406 461 404
f 404 457 410
f 410 457 413
f 4133 4138 4136
f 9259 9234 9238
f 413 457 452
f 4915 4918 4916
f 4915 4916 4917
f 8465 8464 8472
f 9238 9234 9236
f 8465 8472 8473
f 3230 3228 3229
f 9236 9245 9244
f 4915 4917 4924
f 9238 9236 9243
f 9243 9236 9244
f 4125 4133 4117
f 9244 9246 9255
f 4945 4924 4946
f 4945 4946 4947
f 4947 4946 4948
f 2444 2472 2440
f 2472 2473 2440
f 2440 2471 2441
f 9326 9318 9327
f 2466 2479 2475
f 4110 4112 4111
f 4110 4111 4103
f 6015 6005 6004
f 2371 2372 2373
f 7024 7029 7023
f 7023 7029 7033
f 7023 7033 7032
f 8168 8165 8179
f 6004 6006 6008
f 4978 4982 4975
f 2362 2356 2359
f 4977 4976 4983
f 7290 7287 7289
f 7041 7042 7043
f 8155 8156 8157
f 6075 6091 6072
f 3098 3108 3091
f 6103 6099 6094
f 6096 6103 6094
f 3091 3101 3099
f 6078 6085 6084
f 3091 3099 3092
f 4877 4883 4874
f 3092 3099 3100
f 4874 4876 4877
f 3110 3092 3100
f 5077 5060 5071
f 5059 5055 5066
f 8997 9128 8996
f 9157 9156 9153
f 8956 8955 8954
f 8954 8955 8953
f 10286 10284 10283
f 1314 1328 1295
f 3534 3533 3526
f 8833 8838 8835
f 9290 9285 9307
f 8487 8485 8488
f 2845 2843 2853
f 2855 2845 2853
f 392 447 446
f 392 446 398
f 398 446 400
f 4673 4672 4671
f 1015 1021 1017
f 4920 4926 4918
f 4671 4672 4670
f 4919 4920 4918
f 3228 3191 3227
f 4919 4918 4915
f 3229 3228 3227
f 1013 1018 1025
f 5437 5435 5434
f 5434 5435 5436
f 4117 4133 4136
f 413 452 415
f 4915 4924 4944
f 9243 9244 9247
f 9247 9244 9255
f 4944 4924 4945
f 9342 9339 9341
f 697 719 696
f 4945 4947 4951
f 696 719 698
f 2441 2447 2446
f 2514 2512 2515
f 2447 2448 2446
f 2446 2448 2449
f 2449 2448 2450
f 2449 2450 2454
f 2454 2450 2452
f 2452 2457 2455
f 2454 2452 2455
f 4951 4947 4949
f 4949 4947 4948
f 2468 2475 2444
f 4111 4118 4103
f 4949 4948 4955
f 4948 4954 4955
f 2469 2479 2466
f 2466 2475 2468
f 8167 8165 8168
f 4103 4118 4102
f 7021 7024 7023
f 8168 8194 8183
f 4105 4102 4107
f 6006 6011 6009
f 2356 2358 2359
f 4975 4976 4977
f 7045 7042 7041
f 2362 2359 2363
f 4105 4107 4108
f 6030 6027 6029
f 8160 8182 8161
f 6090 6092 6091
f 6090 6091 6075
f 3098 3091 3094
f 6096 6094 6095
f 6094 6092 6093
f 3094 3091 3093
f 6078 6084 6083
f 6433 6431 6429
f 2803 2807 2806
f 6083 6084 6087
f 3090 3092 3110
f 4269 4275 4270
f 5071 5058 5056
f 8993 8997 8996
f 5059 5066 5067
f 9075 8997 8993
f 8954 8953 8948
f 8987 8986 8988
f 8953 8952 8948
f 8952 9132 8949
f 3931 3930 3932
f 8949 8951 8950
f 2320 2317 2316
f 10276 10275 10274
f 2325 2327 2320
f 10275 10269 10274
f 10274 10269 10273
f 10273 10269 10270
f 10273 10270 10272
f 10273 10272 10280
f 1553 1552 1550
f 10280 10272 10281
f 4777 4781 4780
f 1554 1553 1550
f 3526 3533 3531
f 10280 10281 10282
f 4747 4776 4777
f 4747 4777 4780
f 3184 3188 3199
f 8487 8488 8496
f 9314 9290 9307
f 7644 7649 7648
f 7642 7644 7648
f 1972 1969 1976
f 8488 8490 8497
f 453 447 392
f 2856 2850 2855
f 1021 1015 1014
f 4923 4926 4920
f 8497 8490 8468
f 4928 4966 4923
f 8490 8466 8468
f 4928 4923 4919
f 4919 4923 4920
f 3227 3191 3201
f 1013 1015 1017
f 1013 1017 1018
f 4671 4670 4661
f 5435 5438 5436
f 5436 5438 5439
f 4661 4670 4662
f 4117 4136 4119
f 4119 4136 4120
f 4120 4136 4140
f 4931 4915 4944
f 8465 8473 8479
f 4120 4140 4139
f 2440 2441 2442
f 2442 2441 2443
f 2443 2441 2446
f 4112 4117 4111
f 4111 4117 4119
f 9247 9255 9326
f 1024 1016 1029
f 4111 4119 4118
f 4118 4119 4120
f 9343 9344 9345
f 4118 4120 4102
f 7016 7027 7021
f 6505 6504 6500
f 4978 4975 4977
f 6008 6006 6009
f 7045 7041 7046
f 6513 6509 6512
f 6513 6512 6514
f 8157 8160 8161
f 6093 6095 6094
f 6093 6092 6090
f 6080 6075 6079
f 6075 6078 6079
f 6435 6429 6427
f 6079 6078 6083
f 3093 3091 3090
f 3090 3091 3092
f 2801 2800 2802
f 5072 5071 5056
f 4277 4275 4269
f 10136 10137 10134
f 2820 2802 2800
f 8993 8996 8995
f 8957 8956 8954
f 6919 6917 6921
f 3929 3930 3931
f 1709 1708 1707
f 1707 1708 1697
f 2316 2317 2318
f 2316 2318 2319
f 2318 2326 2319
f 614 616 615
f 4780 4781 4782
f 1560 1554 1555
f 614 615 613
f 4758 4759 4744
f 4772 4780 4782
f 1555 1554 1550
f 1555 1550 1556
f 1555 1556 1557
f 4738 4741 4730
f 4761 4758 4740
f 4758 4744 4740
f 4759 4776 4744
f 4744 4776 4747
f 9290 9314 9322
f 4730 4741 4740
f 4740 4741 4761
f 7615 7617 7616
f 7589 7602 7591
f 2843 2845 2844
f 8496 8488 8497
f 2845 2850 2849
f 4960 4966 4928
f 4928 4919 4921
f 4921 4919 4915
f 4661 4662 4663
f 4921 4915 4931
f 1007 1013 1016
f 4663 4662 4664
f 4931 4944 4943
f 8480 8465 8479
f 4664 4662 4665
f 8366 8364 8363
f 8480 8479 8481
f 2444 2440 2442
f 2445 2444 2442
f 2443 2446 2449
f 8840 8851 8839
f 2516 2514 2515
f 1024 1023 1016
f 4120 4139 4121
f 4121 4139 4141
f 1027 1028 1023
f 2468 2444 2461
f 2895 2897 2901
f 9346 9343 9345
f 3771 3778 3773
f 6016 6015 6014
f 2469 2466 2465
f 2465 2466 2463
f 6015 6004 6014
f 6014 6004 6012
f 8169 8167 8168
f 4102 4121 4107
f 7016 7021 7018
f 7021 7023 7018
f 7023 7032 7020
f 8172 8168 8183
f 7020 7032 7034
f 4216 4220 4217
f 6500 6504 6503
f 8172 8183 8155
f 6500 6503 6501
f 6501 6503 6509
f 8155 8157 8162
f 8162 8157 8161
f 6036 6029 6037
f 6090 6075 6080
f 3097 3098 3094
f 6433 6429 6434
f 2806 2807 2804
f 6079 6083 6087
f 2806 2804 2801
f 2801 2804 2797
f 2800 2801 2797
f 3107 3093 3109
f 3109 3093 3090
f 2800 2797 2799
f 5072 5056 5075
f 2821 2800 2799
f 5059 5078 5056
f 5059 5067 5080
f 8954 8948 9078
f 8937 8948 8914
f 1697 1708 1706
f 2323 2320 2316
f 2325 2320 2323
f 6915 6912 6918
f 3526 3531 3523
f 1967 1968 1969
f 7641 7598 7642
f 3528 3534 3526
f 4772 4782 4773
f 6342 6343 6344
f 7648 7651 7647
f 4772 4747 4780
f 7642 7648 7647
f 8487 8496 8498
f 7615 7602 7572
f 7572 7602 7589
f 4746 4744 4747
f 2846 2844 2845
f 4749 4746 4750
f 2846 2845 2849
f 1008 1013 1007
f 4940 4931 4943
f 2459 2442 2458
f 8827 8840 8839
f 8362 8363 8364
f 1034 1026 1028
f 2461 2444 2445
f 4121 4141 4129
f 5242 5243 5233
f 5233 5243 5239
f 5239 5243 5244
f 8879 8878 8880
f 2902 2895 2901
f 2463 2466 2461
f 4121 4129 4126
f 2470 2469 2465
f 4121 4126 4107
f 7018 7023 7020
f 4912 4910 4914
f 7015 7016 7017
f 30 31 32
f 7017 7016 7018
f 6004 6008 6010
f 6012 6004 6010
f 6010 6008 6009
f 4217 4219 4215
f 6500 6501 6502
f 6044 6051 6048
f 6501 6513 6514
f 8161 8182 8192
f 1922 1936 1921
f 2592 2590 2595
f 6088 6090 6080
f 6088 6080 6081
f 6081 6080 6079
f 6434 6429 6435
f 6434 6435 6436
f 6081 6079 6082
f 2798 2805 2808
f 2804 2805 2797
f 2805 2798 2797
f 5073 5072 5076
f 2799 2797 2796
f 5076 5072 5075
f 10135 10136 10134
f 8989 8986 8990
f 9078 8948 8963
f 8989 8988 8986
f 2354 2353 2355
f 2340 2353 2354
f 2319 2353 2340
f 2354 2355 2344
f 1311 1352 1310
f 8552 8553 8554
f 1713 1709 1707
f 1700 1697 1706
f 4806 4779 4795
f 7596 7598 7609
f 4659 4652 4653
f 1986 1968 1967
f 614 613 612
f 4779 4778 4739
f 1967 1969 1970
f 4739 4778 4738
f 6345 6346 6342
f 6345 6342 6344
f 7569 7619 7572
f 7646 7642 7647
f 1969 1972 1970
f 4739 4738 4735
f 1560 1555 1558
f 1558 1555 1557
f 6347 6346 6345
f 4772 4773 4750
f 4738 4730 4726
f 4740 4744 4743
f 4730 4740 4722
f 4725 4730 4722
f 4743 4744 4745
f 4744 4746 4745
f 9311 9314 9307
f 9311 9307 9310
f 4722 4740 4742
f 4740 4743 4742
f 4749 4750 4751
f 2851 2846 2849
f 4745 4746 4748
f 4748 4746 4749
f 4957 4960 4928
f 4748 4749 4752
f 4929 4957 4928
f 4752 4749 4751
f 4752 4751 4760
f 4929 4928 4921
f 4762 4752 4760
f 4756 4752 4762
f 4755 4752 4756
f 4930 4921 4931
f 1023 1007 1016
f 2460 2442 2459
f 8523 8524 8525
f 4764 4763 4757
f 4757 4763 4755
f 4757 4755 4756
f 4961 4940 4943
f 5233 5223 5242
f 5235 5233 5239
f 8526 8523 8525
f 4757 4768 4767
f 6016 6014 6017
f 4666 4665 4667
f 2462 2463 2461
f 4764 4757 4765
f 4765 4757 4767
f 5298 5299 5296
f 5048 5047 5044
f 4770 4771 4764
f 6017 6012 6018
f 7017 7018 7019
f 7019 7018 7020
f 8168 8172 8174
f 7078 7079 7080
f 4993 4978 4985
f 4209 4215 4218
f 7020 7034 7028
f 4212 4216 4211
f 4211 4216 4217
f 4211 4217 4215
f 4985 4977 4984
f 6044 6040 6038
f 6039 6037 6038
f 8162 8161 8177
f 8177 8161 8178
f 8178 8161 8192
f 1909 1922 1916
f 1916 1922 1921
f 1921 1936 1933
f 5567 5569 5568
f 6437 6434 6436
f 6082 6079 6089
f 3097 3094 3096
f 2808 2810 2809
f 2798 2808 2809
f 3096 3094 3095
f 3095 3094 3093
f 3095 3093 3107
f 10141 10139 10138
f 10138 10139 10140
f 2796 2797 2798
f 2796 2798 2809
f 10131 10135 10134
f 2809 2817 2816
f 2796 2809 2816
f 9146 9147 9144
f 8915 8963 8937
f 2316 2319 2336
f 2336 2319 2340
f 1713 1707 1696
f 1696 1707 1697
f 2332 2325 2323
f 2340 2344 2342
f 3520 3526 3523
f 612 613 608
f 4779 4739 4790
f 6348 6347 6345
f 8250 8249 8248
f 4735 4738 4726
f 3180 3183 3218
f 9311 9322 9314
f 9312 9311 9310
f 4726 4730 4725
f 4722 4742 4721
f 6706 6712 6709
f 4753 4745 4748
f 1008 1014 1015
f 4937 4957 4929
f 4754 4753 4748
f 1008 1015 1013
f 4938 4937 4932
f 4932 4937 4929
f 4748 4752 4755
f 4769 4754 4763
f 4755 4754 4748
f 4932 4929 4930
f 4930 4929 4921
f 4763 4754 4755
f 1005 1007 1023
f 1034 997 1026
f 7937 7947 7942
f 5307 5310 5312
f 997 1034 1035
f 4930 4931 4935
f 8365 8363 8362
f 3759 3758 3751
f 2904 2902 2903
f 2462 2461 2445
f 5049 5048 5043
f 6654 6653 6655
f 2903 2902 2901
f 3769 3771 3773
f 3769 3773 3772
f 2465 2463 2464
f 2464 2463 2462
f 5296 5299 5297
f 5298 5296 5295
f 10084 10083 10085
f 4764 4765 4766
f 8173 8169 8168
f 6018 6012 6013
f 4766 4765 4783
f 8173 8168 8174
f 4770 4764 4766
f 7022 7017 7019
f 7013 7019 7020
f 4807 4770 4766
f 4211 4215 4209
f 4209 4218 4213
f 731 729 733
f 4613 4615 4614
f 6040 6048 6042
f 8172 8155 8171
f 8171 8155 8162
f 6501 6514 6526
f 4789 4788 4794
f 4794 4788 4791
f 2295 2302 2296
f 4794 4791 4796
f 5566 5567 5568
f 884 902 892
f 3111 3097 3096
f 2809 2810 2811
f 2811 2810 2812
f 2811 2812 2813
f 2811 2813 2814
f 9078 8963 8915
f 9035 8988 8989
f 8912 8937 8914
f 7741 7745 7743
f 2336 2340 2339
f 2340 2342 2339
f 1698 1697 1700
f 4651 4654 4653
f 4735 4790 4739
f 4790 4735 4734
f 8211 8204 8205
f 8211 8205 8214
f 8214 8205 8210
f 3180 3218 3223
f 6711 6712 6706
f 3202 3180 3223
f 4238 4246 4248
f 4731 4735 4726
f 3181 3180 3202
f 3202 3223 3224
f 4236 4238 4248
f 6706 6709 6707
f 4724 4731 4726
f 4724 4726 4725
f 4720 4725 4722
f 4722 4721 4720
f 6534 6536 6530
f 1012 1014 1008
f 4724 4725 4720
f 4797 4753 4754
f 4727 4731 4724
f 4727 4724 4719
f 4719 4724 4720
f 4797 4754 4716
f 4719 4720 4714
f 4716 4754 4713
f 1006 1008 1007
f 4934 4938 4932
f 5053 5049 5050
f 3200 3205 3210
f 4715 4719 4714
f 4934 4932 4933
f 4933 4932 4930
f 4712 4715 4714
f 4727 4719 4718
f 4718 4719 4715
f 4933 4930 4935
f 3751 3758 3752
f 4733 4727 4732
f 4732 4727 4729
f 4729 4727 4718
f 5050 5049 5043
f 5050 5043 5052
f 4935 4931 4939
f 4939 4931 4940
f 4939 4940 4961
f 3754 3751 3749
f 5233 5235 5234
f 5234 5235 5236
f 4717 4718 4715
f 3773 3781 3772
f 2467 2465 2464
f 5295 5296 5297
f 6019 6018 6021
f 5043 5044 5045
f 4766 4783 4784
f 5674 5675 5676
f 4208 4209 4210
f 7022 7019 7013
f 4987 4985 4986
f 4210 4209 4213
f 7013 7020 7025
f 7020 7028 7025
f 4785 4766 4784
f 8174 8172 8171
f 4603 4613 4614
f 8171 8162 8191
f 4611 4603 4612
f 4603 4611 4593
f 8191 8162 8177
f 4788 4786 4791
f 6047 6036 6039
f 4789 4787 4788
f 4791 4793 4796
f 1916 1921 1920
f 1921 1933 1920
f 1908 1909 1906
f 1906 1909 1916
f 5570 5567 5566
f 5571 5566 5568
f 3598 3607 3599
f 3598 3599 3600
f 2588 2596 2586
f 2815 2811 2814
f 10130 10131 10132
f 10131 10134 10133
f 9148 9147 9146
f 9144 9145 9146
f 8912 8914 8913
f 6925 6926 6929
f 7744 7743 7746
f 7594 7595 7608
f 2323 2316 2333
f 7639 7609 7640
f 7746 7748 7749
f 1696 1697 1698
f 1696 1698 1699
f 1698 1700 1701
f 1779 1781 1792
f 3530 3529 3515
f 3528 3526 3520
f 611 612 608
f 3518 3529 3528
f 1971 1967 1970
f 4795 4779 4790
f 1298 1293 1282
f 601 619 602
f 3202 3224 3225
f 4734 4735 4731
f 6534 6530 6529
f 3203 3202 3225
f 3203 3225 3206
f 4236 4248 4250
f 5647 5643 5645
f 1009 1012 1008
f 4734 4731 4733
f 4230 4232 4236
f 4714 4720 4721
f 6527 6533 6532
f 1006 1009 1008
f 4727 4733 4731
f 4714 4721 4723
f 4714 4723 4716
f 1005 1006 1007
f 4714 4716 4713
f 4737 4733 4732
f 4712 4714 4713
f 4737 4732 4774
f 996 994 981
f 4711 4715 4712
f 4711 4712 4707
f 4707 4712 4713
f 981 994 982
f 6755 6754 6752
f 6605 6607 6608
f 3772 3781 3774
f 7990 7949 7948
f 4936 4933 4935
f 4936 4935 4939
f 5223 5233 5232
f 5232 5233 5234
f 4952 4953 4936
f 4952 4936 4942
f 4942 4936 4941
f 4936 4939 4941
f 4717 4715 4711
f 5052 5043 5051
f 7949 7990 7989
f 6604 6605 6606
f 7988 7949 7989
f 744 742 743
f 5051 5043 5046
f 6753 6752 6749
f 7987 7988 7989
f 4802 4805 4804
f 731 732 727
f 4210 4213 4214
f 4988 4987 4986
f 5676 5678 5679
f 4613 4603 4590
f 5676 5679 5680
f 4590 4603 4593
f 4785 4784 4786
f 4787 4785 4786
f 4787 4786 4788
f 4791 4786 4792
f 4791 4792 4793
f 5570 5566 5571
f 897 892 901
f 4695 4694 4691
f 4691 4694 4692
f 8744 8745 8746
f 10132 10131 10133
f 9079 9078 8946
f 9000 9002 9035
f 9000 9035 8989
f 9220 9221 9222
f 7741 7743 7742
f 7742 7743 7744
f 7607 7594 7608
f 2333 2316 2336
f 1699 1698 1705
f 1705 1698 1702
f 1710 1696 1699
f 1698 1701 1702
f 1702 1701 1703
f 3512 3530 3515
f 3518 3528 3520
f 3515 3529 3518
f 2343 2342 2350
f 611 608 607
f 607 608 601
f 1970 1972 1973
f 388 327 326
f 600 601 602
f 6711 6706 6710
f 8247 8248 8249
f 1010 1022 1012
f 1010 1012 1009
f 1006 1010 1009
f 7342 7343 7340
f 316 325 327
f 4230 4236 4250
f 4736 4734 4733
f 1004 1006 1005
f 997 1004 1005
f 4737 4736 4733
f 4959 4934 4933
f 996 997 994
f 4953 4965 4933
f 3750 3752 3755
f 4775 4737 4774
f 3749 3751 3750
f 4707 4713 4728
f 6749 6750 6751
f 6017 6020 6022
f 4953 4933 4936
f 4707 4728 4708
f 3737 3754 3749
f 6752 6750 6749
f 4962 4952 4942
f 3735 3739 3734
f 3734 3739 3738
f 3734 3738 3730
f 3738 3754 3737
f 3730 3738 3737
f 3768 3771 3769
f 5997 6002 6000
f 4710 4711 4707
f 4717 4711 4710
f 5997 6000 5998
f 4802 4804 4803
f 7011 7012 7013
f 490 493 495
f 7013 7025 7026
f 4584 4586 4588
f 4799 4802 4801
f 8174 8171 8193
f 4584 4594 4609
f 4585 4584 4609
f 4594 4584 4591
f 4584 4588 4591
f 4596 4594 4595
f 4594 4591 4592
f 4595 4594 4592
f 4592 4591 4590
f 4592 4590 4593
f 4786 4798 4792
f 1916 1920 1918
f 5572 5570 5571
f 3604 3598 3603
f 3603 3598 3600
f 6352 6357 6349
f 6349 6357 6353
f 10112 10117 10122
f 2596 2588 2589
f 2597 2596 2589
f 897 901 903
f 4696 4695 4691
f 4691 4692 4693
f 4693 4692 4697
f 9080 9079 8946
f 9078 8915 8946
f 8946 8915 8901
f 8901 8915 8912
f 7566 7597 7605
f 7605 7597 7594
f 7605 7594 7607
f 2332 2323 2333
f 7658 7657 7637
f 2339 2342 2343
f 1702 1703 1704
f 3520 3523 3522
f 1712 1704 1703
f 326 374 388
f 1303 1282 1289
f 600 607 601
f 600 602 603
f 1970 1973 1974
f 326 327 325
f 324 326 325
f 7342 7340 7341
f 1011 1010 1006
f 1011 1006 1004
f 4230 4250 4251
f 322 316 323
f 8857 8890 8829
f 4965 4959 4933
f 9505 9517 9515
f 8820 8821 8818
f 8818 8821 8857
f 319 322 320
f 320 322 323
f 3747 3750 3753
f 3747 3749 3750
f 980 981 982
f 3736 3749 3747
f 3737 3749 3736
f 499 494 497
f 7979 7952 7986
f 7987 7951 7988
f 5223 5232 5220
f 4962 4942 4963
f 6001 5997 5999
f 4710 4707 4709
f 4707 4708 4709
f 5054 5051 5046
f 5997 5998 5999
f 4598 4599 4597
f 4585 4598 4597
f 4585 4597 4587
f 7014 7011 7013
f 7014 7013 7026
f 4802 4803 4801
f 4586 4585 4587
f 4587 4589 4588
f 7026 7025 7031
f 4588 4589 4590
f 4591 4588 4590
f 4799 4801 4800
f 4798 4799 4800
f 3603 3605 3606
f 1905 1908 1906
f 6351 6352 6349
f 6353 6357 6358
f 10116 10117 10112
f 4808 4809 4810
f 4809 4825 4824
f 4810 4809 4824
f 9068 9139 9032
f 9032 9139 9004
f 9001 9002 9000
f 9004 9139 9003
f 9003 9002 9001
f 7611 7609 7639
f 7556 7553 7557
f 3517 3527 3513
f 2335 2333 2336
f 2338 2336 2339
f 1711 1705 1702
f 2341 2332 2334
f 2338 2339 2343
f 1711 1702 1704
f 7585 7652 7584
f 312 374 326
f 600 603 604
f 6710 6706 6708
f 6706 6707 6708
f 604 603 605
f 316 324 325
f 1011 1004 1032
f 3205 3206 3207
f 4233 4230 4251
f 1004 997 1003
f 8829 8856 8812
f 978 996 981
f 976 978 980
f 980 978 981
f 318 319 320
f 3770 3772 3774
f 3770 3774 3775
f 3769 3772 3770
f 3730 3737 3736
f 321 318 320
f 3768 3769 3770
f 6003 6001 5999
f 4605 4599 4601
f 3735 3734 3729
f 3729 3734 3730
f 4606 4600 4598
f 4606 4598 4585
f 4609 4606 4585
f 4596 4608 4609
f 3608 3603 3606
f 1918 1920 1935
f 3610 3604 3603
f 3606 3605 3611
f 1907 1906 1916
f 1905 1906 1907
f 2571 2572 2567
f 4808 4810 4811
f 4698 4691 4693
f 9066 9116 9068
f 7740 7739 7741
f 7740 7741 7742
f 7564 7565 7566
f 7558 7553 7552
f 7552 7553 7554
f 7554 7553 7556
f 3513 3527 3512
f 2335 2336 2337
f 3518 3520 3519
f 3520 3522 3521
f 3515 3518 3516
f 1971 1970 1975
f 1975 1970 1974
f 324 312 326
f 1289 1278 1277
f 6535 6534 6531
f 10064 10060 10062
f 7341 7340 7338
f 7338 7340 7339
f 1031 1032 1004
f 4237 4233 4251
f 1031 1004 1003
f 310 316 322
f 8818 8829 8814
f 8829 8812 8814
f 322 319 310
f 9505 9515 9514
f 3757 3747 3753
f 318 317 319
f 976 977 978
f 7980 7955 7979
f 7979 7955 7952
f 3736 3747 3746
f 301 328 300
f 979 976 995
f 976 980 995
f 3776 3770 3775
f 7980 7982 7981
f 5220 5232 5227
f 3741 3745 3735
f 3733 3735 3729
f 3729 3730 3731
f 3731 3730 3732
f 3730 3736 3732
f 4607 4606 4608
f 3609 3608 3606
f 3610 3603 3608
f 1917 1907 1916
f 1917 1916 1918
f 10115 10112 10126
f 6350 6349 6353
f 10106 10109 10108
f 1912 1911 1905
f 4812 4808 4811
f 1919 1911 1913
f 4811 4810 4818
f 9121 9120 9119
f 9119 9120 9117
f 9108 8946 8909
f 8901 8912 8908
f 9045 9066 9068
f 7629 7628 7626
f 7559 7552 7560
f 7560 7552 7561
f 7555 7552 7554
f 8758 8759 8760
f 7608 7611 7618
f 3532 3517 3508
f 3509 3512 3515
f 2334 2332 2333
f 2337 2336 2338
f 3519 3520 3521
f 3516 3518 3519
f 373 374 312
f 1990 1971 1975
f 311 312 324
f 1303 1289 1304
f 1974 1991 1975
f 606 604 605
f 606 605 609
f 3207 3214 3208
f 1031 1003 1033
f 10034 10058 10057
f 301 303 318
f 318 303 317
f 9404 9403 9405
f 983 977 979
f 979 977 976
f 7981 7957 7980
f 3732 3736 3746
f 3770 3776 3777
f 3776 3775 3782
f 3780 3770 3777
f 4602 4604 4601
f 4601 4604 4605
f 5221 5220 5227
f 3768 3770 3780
f 4600 4602 4601
f 6356 6350 6355
f 10104 10107 10115
f 6350 6353 6354
f 6355 6350 6354
f 4813 4808 4812
f 2561 2570 2571
f 1913 1911 1912
f 2562 2561 2567
f 9118 9119 9117
f 9034 8999 8991
f 8909 8901 8900
f 9005 9004 9001
f 9032 9004 9006
f 9045 9068 9032
f 7632 7627 7558
f 7558 7559 7634
f 7634 7559 7560
f 7621 7614 7613
f 7613 7605 7621
f 7621 7605 7620
f 7620 7605 7607
f 7620 7607 7622
f 7622 7607 7608
f 7622 7608 7618
f 3503 3532 3508
f 3514 3513 3507
f 3509 3515 3516
f 2334 2333 2335
f 309 373 312
f 10069 10067 10065
f 8881 8813 8817
f 311 324 316
f 310 311 316
f 7338 7339 7337
f 4235 4233 4237
f 1036 1033 996
f 301 300 289
f 985 986 983
f 985 983 984
f 984 983 979
f 3756 3732 3746
f 3741 3735 3740
f 3740 3735 3733
f 3731 3733 3729
f 6359 6356 6355
f 1917 1918 1923
f 1905 1907 1915
f 1912 1905 1915
f 4814 4812 4811
f 2565 2562 2567
f 2564 2562 2565
f 2563 2566 2583
f 2566 2563 2564
f 9124 9119 9118
f 8947 9117 9108
f 9034 8991 9109
f 8902 8901 8908
f 7606 7601 7564
f 7606 7564 7612
f 7600 7581 7601
f 7612 7564 7614
f 2390 2386 2389
f 2390 2389 2392
f 3513 3512 3507
f 2390 2392 2393
f 606 609 610
f 1277 1276 1280
f 7336 7338 7337
f 306 308 310
f 9386 9373 9376
f 310 288 306
f 4234 4235 4247
f 303 288 310
f 303 310 317
f 4234 4247 4252
f 4242 4234 4252
f 7984 7976 7964
f 303 301 289
f 985 988 987
f 7984 7964 7960
f 8269 8270 8271
f 985 987 986
f 7984 7960 7981
f 7981 7960 7957
f 989 985 984
f 3748 3732 3756
f 478 473 472
f 1924 1927 1926
f 10104 10115 10101
f 10101 10115 10103
f 1923 1924 1925
f 4819 4816 4817
f 1923 1918 1924
f 4817 4816 4815
f 4816 4813 4815
f 1907 1917 1923
f 4813 4812 4814
f 4815 4813 4814
f 4814 4811 4818
f 2563 2562 2564
f 9118 9117 8947
f 8900 8901 8902
f 9048 9049 9047
f 9009 9032 9006
f 7633 7626 7627
f 7632 7558 7623
f 7623 7558 7634
f 7600 7601 7606
f 7603 7560 7600
f 2386 2381 2376
f 2386 2376 2385
f 2389 2386 2385
f 3508 3514 3507
f 3507 3512 3509
f 2393 2392 2394
f 2393 2394 2400
f 3516 3519 3525
f 3519 3521 3524
f 3521 3522 3524
f 371 373 309
f 281 385 285
f 2341 2334 2352
f 312 311 308
f 10039 10038 10037
f 288 286 306
f 7335 7336 7337
f 998 993 992
f 992 993 990
f 988 993 987
f 990 993 988
f 989 988 985
f 990 988 989
f 293 289 300
f 302 293 300
f 3742 3741 3740
f 3731 3732 3748
f 5221 5227 5226
f 6118 6121 6119
f 475 474 473
f 6121 6124 6119
f 10101 10103 10100
f 1925 1924 1926
f 1926 1927 1928
f 2569 2578 2577
f 2569 2577 2570
f 1929 1907 1923
f 2561 2569 2570
f 2560 2561 2562
f 1914 1913 1912
f 1914 1912 1915
f 2563 2583 2584
f 9126 9124 9125
f 9127 9126 9125
f 9125 9124 8947
f 8947 9124 9118
f 9108 8909 8904
f 8909 8900 8904
f 9005 9001 9034
f 3046 3043 3042
f 3043 3045 3044
f 9045 9032 9009
f 9047 9045 9046
f 7222 7224 7223
f 7623 7634 7560
f 7623 7560 7604
f 7604 7560 7603
f 7238 7244 7243
f 2381 2377 2376
f 7243 7244 7245
f 3500 3501 3503
f 3498 3511 3501
f 384 380 379
f 2345 2334 2335
f 307 378 371
f 364 380 315
f 3525 3519 3524
f 2352 2334 2345
f 309 307 371
f 2400 2394 2401
f 285 313 284
f 2402 2400 2401
f 309 312 308
f 284 307 286
f 306 307 308
f 286 307 306
f 283 284 286
f 1726 1727 1724
f 283 286 288
f 289 288 303
f 9524 9522 9523
f 3740 3733 3743
f 3743 3733 3744
f 3733 3731 3744
f 3744 3731 3748
f 6118 6119 6120
f 6119 6124 6123
f 10099 10101 10100
f 10099 10100 10096
f 4821 4822 4819
f 4821 4819 4820
f 10105 10104 10102
f 10102 10104 10101
f 4820 4819 4817
f 2576 2578 2569
f 10102 10113 10105
f 1929 1923 1925
f 4815 4814 4826
f 2568 2569 2561
f 1930 1907 1929
f 2560 2568 2561
f 1915 1907 1930
f 8137 8138 8139
f 1931 1915 1930
f 2574 2580 2560
f 1914 1915 1931
f 2574 2560 2563
f 2575 2574 2563
f 2581 2575 2563
f 2581 2563 2584
f 8947 9108 8904
f 9005 9034 9011
f 3042 3043 3044
f 9046 9045 9009
f 7226 7224 7222
f 7237 7238 7236
f 7239 7238 7243
f 3489 3491 3494
f 2385 2376 2379
f 3489 3494 3492
f 2385 2379 2387
f 3492 3494 3511
f 3492 3511 3495
f 3495 3511 3498
f 2385 2387 2389
f 3503 3508 3504
f 2389 2387 2391
f 2396 2389 2391
f 3508 3507 3504
f 364 379 380
f 313 378 307
f 2402 2401 2403
f 2403 2401 2404
f 335 364 315
f 281 285 279
f 284 313 307
f 307 309 308
f 2403 2404 2405
f 279 285 284
f 335 315 331
f 2405 2406 2409
f 2409 2406 2410
f 1770 1769 1793
f 2411 2405 2409
f 1307 1304 1290
f 283 279 284
f 1000 1001 999
f 992 999 998
f 1000 999 992
f 283 288 289
f 991 992 990
f 991 990 989
f 291 289 293
f 5225 5221 5226
f 299 293 302
f 299 302 368
f 329 299 368
f 6120 6119 6122
f 6119 6123 6122
f 10102 10101 10099
f 10099 10096 10098
f 10096 10097 10098
f 4820 4817 4823
f 2568 2576 2569
f 2580 2576 2568
f 1931 1930 1934
f 7682 7687 7685
f 1914 1931 1932
f 1932 1931 1934
f 9101 9103 9102
f 2582 2575 2581
f 9034 9110 9130
f 9011 9034 9130
f 9064 9048 9055
f 9048 9047 9046
f 9052 9048 9046
f 7737 7739 7738
f 3402 3403 3404
f 7222 7223 7221
f 7236 7238 7239
f 7232 7240 7234
f 7233 7237 7235
f 2376 2377 2378
f 2379 2376 2378
f 5104 5147 5113
f 5113 5114 5112
f 5113 5112 5103
f 5103 5112 5105
f 5105 5112 5109
f 5105 5109 5107
f 2970 2971 2968
f 3500 3503 3502
f 2993 2990 2992
f 2987 2988 2986
f 3506 3507 3509
f 2942 2943 2935
f 365 384 379
f 9418 9413 9419
f 280 315 281
f 279 280 281
f 2404 2407 2406
f 335 336 364
f 2404 2406 2405
f 331 315 280
f 282 280 279
f 6784 6783 6785
f 2402 2403 2408
f 2408 2403 2405
f 2408 2405 2411
f 282 279 283
f 1771 1770 1813
f 330 331 287
f 287 331 282
f 287 282 283
f 1002 1000 992
f 289 287 283
f 1002 992 991
f 290 330 287
f 9377 9375 9378
f 290 287 289
f 291 290 289
f 294 291 293
f 3742 3740 3743
f 294 293 299
f 297 294 299
f 297 299 329
f 329 368 369
f 7471 7472 7473
f 4820 4823 4833
f 4833 4823 4831
f 4831 4823 4826
f 10113 10102 10114
f 4835 4828 4827
f 7681 7683 7682
f 7680 7681 7682
f 7680 7682 7684
f 7684 7682 7685
f 9104 9103 9101
f 9099 9104 9101
f 9101 9102 9100
f 9136 9125 8947
f 7737 7738 7736
f 3047 3042 3044
f 8579 8580 8581
f 9006 9005 9007
f 9008 9009 9006
f 7235 7237 7236
f 2379 2378 2380
f 5146 5150 5147
f 2379 2380 2388
f 5104 5113 5161
f 2984 2970 2977
f 2977 2970 2969
f 3497 3498 3501
f 3502 3503 3504
f 6455 6456 6451
f 2940 2952 2941
f 6456 6452 6451
f 2941 2952 2953
f 2391 2395 2398
f 2953 2963 2941
f 2391 2398 2397
f 3504 3507 3506
f 2396 2391 2397
f 8780 8781 8782
f 381 384 365
f 1365 1376 1366
f 2412 2396 2413
f 343 365 379
f 5285 5280 5282
f 2980 2934 2978
f 379 364 343
f 336 335 332
f 332 335 331
f 2414 2408 2411
f 1796 1813 1794
f 6786 6785 6787
f 2414 2411 2415
f 2415 2411 2417
f 332 331 330
f 333 332 330
f 333 330 290
f 366 333 292
f 292 333 290
f 292 290 291
f 2226 2229 2244
f 5237 5238 5240
f 2243 2226 2244
f 10081 10079 10078
f 10049 10048 10047
f 7697 7695 7694
f 7677 7681 7668
f 7680 7668 7681
f 7668 7680 7666
f 7676 7680 7684
f 7676 7684 7686
f 9099 9101 9100
f 9199 9198 9194
f 9194 9198 9197
f 9127 9125 9136
f 9005 9011 9010
f 9008 9006 9007
f 3402 3404 3405
f 3407 3402 3405
f 3405 3404 3406
f 7232 7233 7231
f 7231 7233 7235
f 7242 7239 7246
f 7246 7239 7243
f 5154 5146 5145
f 5145 5104 5096
f 5099 5105 5106
f 5150 5146 5151
f 5145 5146 5104
f 10260 10259 10261
f 10221 10205 10180
f 3497 3501 3500
f 2941 2974 2938
f 3505 3504 3506
f 2938 2974 2962
f 2399 2397 2398
f 2919 2949 2920
f 2920 2949 2951
f 6770 6781 6768
f 343 364 336
f 338 336 332
f 3040 3032 3036
f 334 332 333
f 2414 2415 2416
f 2416 2415 2417
f 2224 2258 2229
f 2226 2224 2229
f 2223 2226 2227
f 5229 5238 5237
f 389 292 295
f 295 292 291
f 296 294 297
f 7694 7695 7696
f 7694 7696 7678
f 7678 7696 7671
f 7671 7696 7700
f 7671 7700 7679
f 7670 7679 7688
f 7670 7667 7669
f 4834 4829 4828
f 4834 4828 4835
f 7698 7697 7694
f 7667 7670 7677
f 7668 7667 7677
f 7666 7680 7676
f 9085 9104 9099
f 9136 8947 8929
f 9031 9011 9130
f 8911 8904 8903
f 9010 9011 9031
f 8905 8903 8902
f 8528 8529 8530
f 9226 9223 9225
f 9223 9224 9225
f 7225 7226 7222
f 8582 8579 8581
f 9008 9007 9012
f 2738 2741 2739
f 2738 2739 2740
f 2740 2739 2742
f 7231 7235 7236
f 7242 7236 7239
f 7230 7232 7231
f 2378 2384 2382
f 3493 3491 3490
f 5155 5154 5156
f 2378 2382 2380
f 3490 3491 3489
f 5156 5154 5149
f 5149 5154 5145
f 5106 5110 5115
f 5115 5110 5116
f 3495 3498 3497
f 2938 2962 2932
f 1365 1366 1362
f 6780 6770 6769
f 6769 6770 6768
f 1795 1796 1794
f 338 332 337
f 332 334 337
f 3033 3032 3034
f 2225 2258 2224
f 3033 3034 3035
f 2214 2223 2227
f 3035 3034 3037
f 295 291 294
f 5225 5226 5228
f 296 295 294
f 7670 7688 7689
f 7671 7679 7670
f 7669 7671 7670
f 7670 7689 7677
f 7677 7689 7691
f 7666 7667 7668
f 7669 7667 7666
f 7676 7675 7666
f 9089 9099 9100
f 9089 9100 9105
f 7665 7676 7686
f 9085 9099 9089
f 8929 8947 8930
f 9140 9143 9141
f 9056 9054 9057
f 9057 9054 9063
f 7735 7737 7736
f 8528 8530 8531
f 9223 9226 9227
f 9030 9008 9012
f 7222 7221 7220
f 7220 7221 7211
f 2740 2742 2743
f 7241 7231 7236
f 5160 5156 5148
f 5098 5100 5101
f 5101 5100 5102
f 5129 5130 5140
f 5148 5156 5149
f 5126 5124 5130
f 5115 5116 5117
f 5117 5116 5122
f 3489 3492 3485
f 3502 3504 3505
f 1366 1381 1362
f 6767 6769 6768
f 6763 6767 6768
f 6764 6767 6763
f 3031 3036 3032
f 3031 3032 3033
f 5231 5229 5237
f 5228 5229 5230
f 298 295 296
f 305 298 296
f 7689 7690 7691
f 7691 7690 7692
f 7698 7694 7699
f 7675 7676 7664
f 9195 9194 9197
f 8940 9136 8929
f 7664 7676 7665
f 8911 8903 8906
f 9012 9007 9010
f 9138 9030 9012
f 7247 7236 7242
f 7215 7216 7230
f 7252 7242 7246
f 5329 5336 5328
f 5327 5329 5328
f 7230 7231 7229
f 7229 7231 7241
f 5157 5158 5097
f 5097 5098 5101
f 5102 5108 5119
f 5108 5121 5120
f 5119 5108 5120
f 8768 8769 8770
f 5333 5334 5335
f 3487 3489 3485
f 3485 3492 3495
f 10172 10167 10173
f 3500 3502 3499
f 3499 3502 3510
f 3502 3505 3510
f 363 383 381
f 363 381 365
f 1362 1388 1384
f 1364 1365 1362
f 340 343 336
f 6762 6764 6763
f 6765 6762 6761
f 6762 6765 6771
f 6761 6762 6763
f 3006 3008 3007
f 6766 6765 6761
f 338 340 336
f 1798 1795 1801
f 3038 3036 3031
f 1325 1297 1336
f 2223 2222 2224
f 304 389 295
f 314 382 298
f 314 298 305
f 7699 7694 7672
f 7672 7678 7671
f 7672 7671 7669
f 7673 7672 7669
f 7673 7669 7666
f 7674 7673 7666
f 7674 7666 7675
f 7674 7675 7664
f 9106 9089 9105
f 9191 9194 9192
f 9192 9194 9195
f 8906 8903 8905
f 9059 9058 9057
f 9060 9057 9063
f 9134 9063 9138
f 9029 9138 9012
f 7220 7211 7198
f 7198 7211 7206
f 7211 7216 7206
f 7206 7216 7215
f 5323 5327 5328
f 5157 5097 5138
f 5138 5097 5101
f 5135 5101 5102
f 5135 5102 5119
f 5337 5327 5326
f 5119 5120 5144
f 5120 5125 5127
f 5144 5120 5127
f 5127 5125 5126
f 3490 3489 3488
f 367 383 363
f 10229 10159 10190
f 343 363 365
f 10195 10194 10228
f 5279 5278 5276
f 6772 6762 6771
f 6772 6771 6777
f 340 338 339
f 339 338 337
f 3031 3033 3039
f 2214 2222 2223
f 1220 1216 1224
f 2210 2211 2212
f 298 304 295
f 8926 8925 8923
f 33 34 35
f 8923 8925 8924
f 8923 8924 8922
f 9085 9089 9086
f 7663 7664 7665
f 9081 9031 9114
f 7732 7735 7733
f 7733 7735 7736
f 9060 9063 9134
f 9012 9010 9013
f 7225 7220 7198
f 7247 7228 7168
f 9134 9138 9029
f 7206 7215 7194
f 7183 7230 7229
f 5316 5327 5323
f 5159 5157 5138
f 5138 5101 5137
f 5137 5101 5135
f 5135 5119 5133
f 5326 5327 5316
f 5314 5326 5316
f 5133 5119 5144
f 5144 5127 5133
f 5339 5337 5326
f 5339 5326 5318
f 3488 3489 3487
f 5322 5335 5320
f 3485 3495 3484
f 3495 3497 3496
f 3499 3497 3500
f 3496 3497 3499
f 10166 10212 10165
f 10228 10229 10190
f 1362 1384 1356
f 10241 10247 10246
f 1361 1362 1356
f 5276 5278 5277
f 342 343 340
f 10184 10149 10154
f 6774 6772 6776
f 6772 6777 6776
f 6776 6778 6779
f 3038 3031 3041
f 3041 3031 3039
f 1215 1217 1216
f 1800 1798 1812
f 1214 1215 1216
f 1216 1217 1218
f 2216 2222 2214
f 1220 1214 1216
f 1216 1218 1219
f 2211 2213 2212
f 9203 9202 9204
f 9074 8940 8928
f 9196 9192 9195
f 9084 9085 9086
f 9059 9057 9060
f 7209 7225 7198
f 3653 3663 3648
f 8676 8717 8675
f 5134 5135 5133
f 5134 5133 5132
f 5128 5133 5127
f 5127 5126 5128
f 5128 5126 5129
f 5128 5129 5131
f 8747 8748 8749
f 10174 10197 10182
f 3484 3495 3486
f 3486 3495 3496
f 367 363 345
f 1363 1362 1361
f 342 363 343
f 10185 10152 10213
f 3015 2960 3016
f 6713 6714 6715
f 10144 10184 10142
f 10142 10143 10144
f 6714 6716 6715
f 341 342 340
f 7299 7298 7293
f 341 340 339
f 2216 2264 2222
f 1334 1325 1336
f 1214 1225 1222
f 1217 1215 1221
f 1222 1215 1214
f 1337 1308 1309
f 7730 7735 7732
f 7187 7252 7253
f 9014 9012 9013
f 7198 7206 7195
f 5317 5315 5316
f 3636 3637 3626
f 5136 5134 5132
f 5131 5129 5139
f 5139 5129 5140
f 3488 3487 3481
f 3487 3485 3481
f 3481 3485 3484
f 361 375 370
f 361 370 362
f 362 370 367
f 10244 10241 10245
f 2937 2926 2928
f 345 363 342
f 1370 1363 1361
f 10188 10185 10213
f 345 342 344
f 341 344 342
f 6718 6717 6715
f 7292 7293 7294
f 2263 2264 2216
f 1637 1631 1634
f 2263 2216 2213
f 2217 2263 2213
f 2211 2217 2213
f 8944 9074 8928
f 8927 8928 8926
f 8927 8926 8923
f 8922 8943 8917
f 8917 8943 8910
f 7732 7733 7731
f 7171 7187 7188
f 7209 7198 7197
f 7168 7187 7185
f 7186 7168 7185
f 7185 7187 7171
f 7188 7253 7276
f 8670 8676 8675
f 3648 3636 3622
f 3622 3636 3626
f 5132 5128 5131
f 5324 5325 5319
f 5324 5319 5313
f 376 377 375
f 4364 4356 4352
f 362 367 345
f 2954 2928 2955
f 10241 10244 10242
f 1370 1361 1367
f 2928 2927 2956
f 3028 3015 3016
f 5277 5269 5276
f 7299 7297 7301
f 3028 3016 3029
f 7292 7297 7299
f 7299 7301 7300
f 7292 7294 7295
f 8237 8238 8234
f 9087 9088 9115
f 8944 8928 8927
f 9115 9074 8944
f 8936 8923 8920
f 8923 8922 8920
f 8920 8922 8917
f 7729 7730 7732
f 9016 9014 9015
f 7155 7168 7106
f 7171 7188 7151
f 7484 7487 7485
f 7184 7194 7183
f 8670 8675 8671
f 7715 7714 7716
f 3661 3665 3653
f 3653 3648 3647
f 3647 3648 3622
f 7713 7714 7715
f 3666 3665 3661
f 3622 3626 3623
f 8671 8675 8674
f 3626 3654 3629
f 3623 3626 3629
f 3654 3632 3629
f 3629 3632 3631
f 3631 3632 3671
f 7712 7713 7711
f 8674 8675 8717
f 3482 3490 3488
f 3482 3488 3481
f 7709 7711 7710
f 7708 7709 7710
f 3481 3484 3476
f 4361 4363 4360
f 4361 4360 4359
f 3476 3484 3486
f 4355 4361 4347
f 4355 4347 4350
f 375 361 376
f 10266 10264 10265
f 8754 8757 8755
f 8754 8755 8756
f 10191 10192 10217
f 1355 1361 1356
f 1367 1361 1355
f 346 345 344
f 6156 6159 6157
f 7297 7292 7296
f 6156 6157 6158
f 7296 7292 7295
f 349 346 344
f 8234 8236 8237
f 348 346 349
f 2215 2217 2211
f 5792 5801 5828
f 9205 9206 9207
f 3067 3069 3068
f 8916 8910 8907
f 7732 7731 7729
f 9061 9060 9134
f 9017 9014 9016
f 7731 7733 7734
f 7169 7168 7155
f 9134 9029 9017
f 9029 9014 9017
f 7199 7209 7197
f 7183 7169 7172
f 3625 3647 3622
f 3625 3622 3621
f 3667 3666 3661
f 3621 3622 3623
f 3628 3629 3630
f 3630 3629 3631
f 7329 7328 7331
f 4348 4347 4353
f 1356 1385 1386
f 1356 1386 1357
f 3017 2954 2955
f 1355 1356 1357
f 3017 2955 3018
f 362 345 347
f 8401 8402 8403
f 6951 6952 6953
f 6472 6473 6474
f 347 345 346
f 6382 6381 6380
f 2238 2237 2236
f 350 347 348
f 347 346 348
f 2207 2265 2215
f 5792 5828 5829
f 8944 8927 8968
f 8921 8936 8920
f 3065 3067 3066
f 3064 3065 3066
f 3066 3067 3068
f 9082 9084 9098
f 3070 3071 3065
f 9021 9082 9098
f 8917 8910 8916
f 3275 3276 3274
f 7107 7171 7122
f 7171 7151 7122
f 9059 9060 9061
f 7151 7188 7251
f 9135 9134 9017
f 7484 7485 7486
f 7199 7197 7196
f 7184 7183 7172
f 3661 3653 3647
f 6601 6603 6596
f 3621 3623 3624
f 3624 3623 3627
f 3627 3623 3628
f 8050 8046 8049
f 3481 3476 3475
f 352 361 362
f 1367 1355 1359
f 352 362 347
f 6475 6472 6474
f 4679 4675 4684
f 351 352 347
f 6945 6948 6947
f 7316 7317 7318
f 6945 6946 6940
f 6946 6945 6947
f 6940 6946 6950
f 350 351 347
f 2910 2915 2913
f 358 350 359
f 9091 9087 9113
f 9208 9206 9205
f 9113 8944 8968
f 8968 8927 8936
f 8927 8923 8936
f 9098 9084 9090
f 3064 3070 3065
f 3271 3275 3274
f 7728 7730 7729
f 7724 7731 7734
f 9062 9059 9061
f 7169 7155 7150
f 7196 7197 7195
f 7251 7276 7250
f 7250 7276 7269
f 3649 3661 3647
f 3647 3625 3646
f 3668 3667 3661
f 3634 3628 3630
f 3630 3631 3633
f 3631 3671 3672
f 3670 3667 3668
f 3669 3670 3668
f 8047 8051 8048
f 8046 8047 8048
f 8046 8048 8049
f 4384 4362 4417
f 3482 3481 3475
f 4358 4362 4354
f 4348 4353 4354
f 4380 4348 4354
f 3476 3486 3483
f 4349 4348 4394
f 353 377 376
f 353 376 361
f 7322 7323 7324
f 10211 10209 10214
f 4686 4678 4682
f 4674 4678 4675
f 1355 1357 1358
f 10198 10211 10216
f 4674 4675 4676
f 4675 4679 4676
f 1369 1367 1368
f 8229 8230 8231
f 8058 8059 8060
f 6943 6940 6950
f 6940 6943 6941
f 358 351 350
f 9098 9090 9092
f 3066 3068 3072
f 3277 3275 3271
f 8920 8917 8919
f 7728 7729 7725
f 7120 7155 7106
f 7106 7107 7122
f 774 776 770
f 7196 7195 7193
f 7195 7194 7193
f 7152 7251 7250
f 7260 7267 7257
f 7257 7267 7271
f 3649 3647 3645
f 3645 3647 3646
f 3668 3661 3664
f 3661 3649 3657
f 3664 3661 3657
f 3635 3687 3627
f 3627 3628 3634
f 3634 3630 3633
f 3669 3668 3664
f 3633 3631 3674
f 8672 8671 8674
f 4354 4383 4382
f 3475 3476 3477
f 4348 4380 4378
f 4381 4348 4378
f 3477 3476 3480
f 3480 3476 3483
f 4406 4405 4404
f 7322 7325 7323
f 3791 3803 3793
f 4686 4682 4685
f 353 361 352
f 7704 7705 7706
f 4674 4676 4677
f 353 352 351
f 7314 7312 7311
f 7311 7312 7313
f 7378 7381 7379
f 7378 7379 7380
f 1368 1367 1359
f 8088 8089 8087
f 8061 8058 8060
f 355 351 358
f 7309 7307 7310
f 6940 6941 6942
f 2202 2233 2237
f 2909 2910 2911
f 2910 2913 2911
f 2186 2191 2187
f 2911 2913 2914
f 2185 2186 2187
f 1121 1106 1105
f 9209 9211 9212
f 8918 8917 8916
f 3274 3272 3271
f 7725 7729 7731
f 7122 7151 7121
f 7172 7150 7191
f 7150 7155 7120
f 770 777 778
f 7196 7193 7202
f 7193 7194 7184
f 7257 7271 7272
f 6183 6186 6184
f 6183 6184 6185
f 6183 6185 6187
f 6185 6188 6187
f 6187 6188 6189
f 3635 3627 3634
f 3638 3634 3633
f 3673 3631 3672
f 3675 3633 3674
f 3674 3631 3673
f 3683 3669 3664
f 3684 3669 3683
f 4384 4415 4414
f 4372 4384 4414
f 8679 8674 8720
f 8035 8034 8036
f 4681 4685 4682
f 8033 8034 8035
f 4681 4682 4674
f 8112 8089 8090
f 8089 8112 8113
f 1359 1355 1358
f 8390 8391 8389
f 8089 8113 8117
f 354 353 351
f 8391 8394 8393
f 8389 8391 8393
f 8089 8117 8087
f 8798 8799 8800
f 8373 8374 8375
f 354 351 355
f 8394 8395 8393
f 8084 8087 8085
f 8398 8396 8399
f 6243 6239 6244
f 2189 2182 2184
f 2184 2182 2183
f 2184 2183 2185
f 5784 5792 5829
f 7071 7072 7073
f 1119 1105 1099
f 9209 9210 9211
f 8968 8936 8967
f 1761 1764 1760
f 1760 1764 1765
f 1760 1765 1759
f 9021 9098 9129
f 8921 8920 8919
f 1755 1762 1761
f 8919 8917 8918
f 7728 7725 7726
f 7725 7731 7724
f 7121 7151 7152
f 7121 7152 7153
f 7190 7172 7218
f 7172 7191 7218
f 7120 7122 7121
f 7192 7257 7255
f 9018 9017 9016
f 7200 7199 7196
f 7193 7184 7190
f 770 776 777
f 3646 3644 3645
f 3641 3644 3635
f 3635 3634 3639
f 3641 3635 3639
f 3634 3638 3639
f 3638 3633 3675
f 3683 3664 3678
f 3685 3684 3683
f 3675 3674 3673
f 4369 4372 4414
f 8679 8672 8674
f 4381 4378 4394
f 3477 3480 3479
f 4393 4394 4392
f 3810 3801 3804
f 357 360 353
f 4687 4685 4681
f 8038 8037 8035
f 357 353 354
f 6234 6235 6233
f 4680 4674 4677
f 8112 8090 8095
f 1360 1359 1358
f 6232 6231 6227
f 8386 8389 8388
f 8117 8116 8120
f 8397 8388 8393
f 8388 8389 8393
f 1368 1359 1371
f 356 354 355
f 8398 8397 8393
f 8398 8393 8396
f 6230 6238 6239
f 2918 2909 2912
f 2186 2192 2191
f 2183 2186 2185
f 5770 5767 5769
f 5800 5784 5829
f 5766 5770 5769
f 5769 5767 5768
f 1119 1099 1083
f 9093 9092 9091
f 9131 8968 8967
f 8967 8936 8965
f 8936 8921 8965
f 9129 9098 9092
f 1755 1761 1753
f 1753 1761 1760
f 9019 9021 9129
f 8918 8916 8931
f 3271 3272 3273
f 9361 9353 9364
f 8128 8129 8130
f 7116 7191 7115
f 7115 7150 7120
f 7154 7248 7254
f 7200 7196 7202
f 770 778 771
f 3652 3657 3645
f 3664 3657 3652
f 3645 3644 3643
f 3643 3644 3641
f 3678 3664 3652
f 3641 3639 3640
f 3640 3639 3638
f 3673 3672 3676
f 1210 1209 1211
f 6593 6592 6588
f 4373 4371 4377
f 3810 3807 3801
f 4687 4688 4685
f 4680 4687 4681
f 4680 4681 4674
f 8114 8112 8095
f 6233 6231 6232
f 6227 6228 6229
f 8387 8386 8388
f 6809 6810 6811
f 356 357 354
f 6227 6229 6230
f 6811 6810 6812
f 1359 1360 1372
f 6230 6229 6238
f 1371 1359 1372
f 1373 1368 1371
f 2183 2188 2186
f 2912 2909 2911
f 5767 5765 5768
f 4078 4082 4081
f 3968 3969 3967
f 7074 7071 7073
f 3968 3967 3966
f 7074 7073 7075
f 7075 7073 7076
f 7073 7077 7076
f 9093 9091 9131
f 9094 9092 9093
f 8921 8919 8935
f 1760 1759 1753
f 1753 1759 1758
f 1753 1758 1756
f 1755 1753 1752
f 1752 1753 1754
f 1754 1753 1756
f 1758 1759 1756
f 1766 1755 1757
f 1757 1755 1752
f 1766 1757 1768
f 3273 3272 3278
f 3278 3272 3279
f 7153 7154 7131
f 7210 7199 7201
f 7200 7202 7208
f 7262 7193 7190
f 7118 7120 7121
f 7201 7199 7200
f 754 774 770
f 3650 3652 3645
f 3650 3645 3643
f 3643 3641 3642
f 3642 3641 3640
f 1208 1209 1210
f 6586 6588 6592
f 4369 4365 4367
f 1212 1210 1211
f 6590 6593 6588
f 4370 4369 4367
f 8679 8720 8682
f 3478 3477 3479
f 4689 4690 4688
f 3810 3811 3807
f 3801 3807 3805
f 4689 4687 4680
f 4687 4689 4688
f 8320 8321 8319
f 360 357 386
f 8318 8320 8319
f 8317 8318 8319
f 8071 8072 8073
f 6233 6236 6248
f 8386 8392 8390
f 8099 8097 8094
f 8094 8097 8096
f 8122 8124 8118
f 8392 8386 8400
f 8410 8411 8412
f 8385 8386 8387
f 372 357 356
f 7901 7903 7904
f 5754 5755 5756
f 1374 1373 1371
f 5790 5787 5788
f 4078 4081 4080
f 3949 3959 3958
f 9213 9214 9215
f 9073 9131 8967
f 9097 9092 9094
f 9129 9092 9097
f 7721 7726 7725
f 1757 1752 1754
f 1757 1754 1763
f 1763 1754 1756
f 1763 1756 1767
f 7721 7725 7724
f 7121 7153 7131
f 7205 7210 7201
f 7200 7208 7207
f 7120 7117 7115
f 7117 7120 7118
f 754 770 752
f 752 770 771
f 3678 3652 3662
f 3662 3652 3650
f 3650 3643 3651
f 3659 3643 3642
f 3680 3678 3679
f 3679 3678 3662
f 1203 1207 1208
f 1207 1209 1208
f 3680 3679 3681
f 1203 1208 1210
f 1147 1210 1212
f 1147 1212 1146
f 6587 6590 6588
f 6587 6588 6585
f 1141 1153 1145
f 387 360 386
f 1141 1145 1140
f 8097 8102 8096
f 2193 2273 2274
f 6248 6247 6233
f 6233 6247 6246
f 7359 7365 7360
f 6813 6809 6811
f 7902 7905 7903
f 1379 1360 1378
f 2192 2188 2193
f 7901 7902 7903
f 1371 1372 1375
f 1374 1371 1375
f 5758 5754 5757
f 5757 5754 5756
f 2917 2912 2911
f 5759 5757 5765
f 5783 5784 5800
f 5816 5783 5800
f 6977 6978 6976
f 3966 3967 3949
f 3966 3949 3941
f 3937 3966 3941
f 8131 8136 8135
f 9675 9689 9688
f 9094 9093 9095
f 9073 8967 8966
f 8965 8921 8964
f 8964 8921 8935
f 8935 8919 8918
f 8932 8918 8931
f 8932 8931 8938
f 3538 3539 3536
f 3280 3278 3279
f 7124 7121 7131
f 1097 1092 1098
f 7112 7116 7115
f 7203 7201 7200
f 752 771 769
f 8645 8648 8647
f 42 45 75
f 3656 3662 3650
f 3655 3650 3651
f 3659 3642 3660
f 3679 3662 3656
f 1203 1206 1207
f 1152 1203 1149
f 1203 1210 1149
f 6592 6591 6586
f 1149 1210 1147
f 6588 6586 6585
f 6585 6586 6578
f 1147 1146 1144
f 4387 4385 4386
f 6587 6585 6584
f 6585 6578 6584
f 6584 6578 6583
f 6583 6578 6582
f 4390 4389 4388
f 1144 1146 1143
f 6589 6584 6583
f 3811 3812 3807
f 1141 1143 1153
f 4408 4400 4399
f 1133 1141 1140
f 387 386 390
f 1139 1133 1140
f 8102 8101 8096
f 8096 8101 8098
f 8103 8097 8108
f 8098 8123 8114
f 8114 8123 8115
f 7362 7359 7361
f 7358 7359 7360
f 7361 7359 7358
f 1375 1372 1377
f 5761 5763 5762
f 5761 5762 5760
f 5761 5760 5759
f 5759 5760 5758
f 5759 5758 5757
f 5761 5759 5764
f 9446 9449 9450
f 9432 9420 9428
f 4078 4080 4079
f 6975 6977 6976
f 1127 1123 1117
f 3939 3937 3941
f 3949 3958 3948
f 3935 3934 3937
f 9216 9213 9215
f 547 557 546
f 8967 8965 8966
f 8966 8965 8964
f 3541 3542 3544
f 3545 3540 3535
f 3535 3541 3546
f 8344 8346 8347
f 7157 7189 7144
f 3278 3280 3281
f 7131 7156 7133
f 7118 7121 7123
f 7258 7259 7274
f 7205 7201 7203
f 42 78 43
f 5403 5395 5388
f 3656 3650 3655
f 3655 3651 3658
f 3651 3643 3659
f 1204 1205 1203
f 1203 1205 1206
f 1202 1204 1203
f 1177 1204 1202
f 3681 3679 3682
f 1202 1203 1152
f 4366 4418 4376
f 6586 6591 6579
f 4403 4366 4376
f 1150 1152 1149
f 6578 6586 6579
f 6578 6579 6580
f 1148 1150 1149
f 1148 1149 1147
f 1175 1150 1159
f 1148 1147 1144
f 1159 1150 1151
f 1151 1150 1148
f 6578 6580 6581
f 1151 1148 1130
f 1148 1144 1130
f 6578 6581 6582
f 4387 4386 4388
f 3807 3812 3809
f 1130 1144 1131
f 3807 3809 3808
f 3807 3808 3805
f 1131 1144 1143
f 1132 1131 1133
f 1134 1132 1133
f 1133 1131 1143
f 1133 1143 1141
f 4411 4408 4399
f 1136 1135 1134
f 1136 1134 1137
f 1134 1133 1137
f 6402 6404 6403
f 1138 1135 1136
f 1137 1133 1139
f 4413 4411 4412
f 8106 8103 8108
f 7363 7362 7361
f 5812 5754 5807
f 9451 9447 9446
f 1383 1374 1375
f 1383 1375 1387
f 9446 9452 9451
f 1383 1387 1392
f 5272 5274 5288
f 5827 5783 5816
f 5827 5816 5823
f 5823 5816 5822
f 3822 3828 3827
f 3828 3836 3827
f 9676 9675 9677
f 3941 3949 3946
f 3946 3949 3948
f 3948 3958 3951
f 3951 3958 3960
f 3935 3937 3939
f 139 159 141
f 3933 3934 3935
f 558 557 547
f 9096 9129 9097
f 3546 3541 3544
f 8932 8938 8939
f 8941 8932 8939
f 8939 8938 8942
f 3545 3535 3546
f 7157 7144 7139
f 7133 7156 7157
f 7144 7259 7178
f 7722 7721 7724
f 7219 7210 7205
f 7112 7115 7111
f 7111 7115 7117
f 7117 7118 7114
f 7203 7200 7204
f 7111 7117 7114
f 749 754 752
f 5388 5387 5403
f 8647 8654 8655
f 1176 1178 1177
f 8658 8657 8660
f 1179 1178 1176
f 1179 1176 1161
f 1177 1202 1160
f 4419 4376 4418
f 1154 1202 1152
f 1160 1202 1154
f 1155 1154 1150
f 4376 4419 4420
f 1175 1155 1150
f 4375 4376 4420
f 8680 8677 8683
f 3814 3813 3812
f 1183 1151 1129
f 4388 4386 4398
f 1129 1151 1130
f 1129 1130 1131
f 4390 4388 4409
f 4395 4390 4409
f 2288 2287 2286
f 8708 8682 8719
f 6397 6405 6407
f 1135 1142 1132
f 1135 1132 1134
f 6395 6397 6407
f 2286 2287 2285
f 6400 6395 6407
f 6400 6402 6401
f 6401 6402 6403
f 7364 7362 7363
f 2219 2273 2198
f 7908 7909 7906
f 7902 7908 7906
f 5787 5774 5786
f 5805 5760 5806
f 9434 9433 9431
f 5783 5827 5813
f 5813 5827 5823
f 6975 6976 6974
f 9669 9668 9670
f 9675 9676 9669
f 158 159 139
f 3939 3941 3946
f 3940 3935 3939
f 1073 1074 1075
f 3933 3935 3936
f 9096 9094 9095
f 141 153 140
f 9096 9097 9094
f 547 546 543
f 545 547 543
f 9556 9558 9581
f 7468 7469 7470
f 3287 3286 3285
f 9023 9129 9028
f 8935 8918 8933
f 8933 8918 8932
f 7717 7718 7719
f 7718 7721 7719
f 7139 7144 7137
f 7133 7157 7139
f 7719 7721 7722
f 3284 3278 3283
f 3285 3284 3283
f 3283 3278 3281
f 7124 7131 7129
f 7129 7131 7133
f 7123 7121 7124
f 753 752 769
f 1176 1177 1160
f 1185 1179 1161
f 1185 1161 1162
f 1186 1185 1162
f 1161 1176 1160
f 1161 1160 1157
f 1157 1160 1154
f 1187 1186 1162
f 1157 1154 1156
f 1157 1156 1155
f 1155 1156 1154
f 1159 1155 1175
f 4397 4375 4420
f 1189 1190 1167
f 1173 1159 1183
f 1159 1151 1183
f 1182 1183 1184
f 6878 6879 6880
f 1184 1183 1129
f 6399 6397 6398
f 1193 1191 1192
f 6394 6395 6396
f 4402 4395 4421
f 2254 2285 2273
f 8105 8109 8104
f 8104 8109 8110
f 7908 7910 7909
f 5812 5807 5805
f 5813 5782 5783
f 9427 9429 9428
f 9428 9429 9430
f 3827 3836 3834
f 3999 4078 3990
f 9676 9681 9680
f 3950 3948 3951
f 3951 3960 3961
f 3936 3935 3940
f 9788 9787 9786
f 4149 4147 4148
f 9786 9787 9785
f 4148 4147 4146
f 546 551 533
f 8351 8341 8348
f 8933 8932 8934
f 8934 8932 8941
f 23 2 1
f 7720 7717 7719
f 1737 1734 1733
f 1733 1734 1735
f 7137 7144 7178
f 7135 7133 7139
f 7125 7118 7123
f 3281 3280 3282
f 7109 7112 7111
f 7114 7118 7119
f 7219 7205 7214
f 7113 7111 7114
f 7214 7205 7203
f 8636 8644 8641
f 8331 8335 8334
f 8641 8655 8684
f 747 752 753
f 1162 1161 1157
f 1166 1187 1162
f 1166 1162 1201
f 1166 1201 1163
f 1163 1157 1164
f 1164 1157 1158
f 1158 1157 1155
f 1190 1187 1166
f 1158 1155 1159
f 1167 1190 1166
f 1167 1166 1165
f 1163 1164 1165
f 1165 1164 1158
f 1158 1159 1173
f 1188 1189 1167
f 1167 1165 1168
f 1158 1173 1172
f 1180 1172 1173
f 1173 1183 1182
f 1188 1167 1169
f 1173 1182 1181
f 1188 1169 1191
f 1169 1167 1168
f 1191 1169 1170
f 1192 1191 1170
f 1170 1196 1195
f 1195 1196 1197
f 1174 1199 1198
f 1197 1174 1198
f 2285 2254 2286
f 1192 1170 1194
f 1194 1170 1195
f 1197 1200 1195
f 1200 1197 1198
f 2254 2273 2219
f 5815 5812 5805
f 5814 5782 5813
f 5843 5840 5842
f 5842 5840 5836
f 5821 5830 5814
f 5814 5823 5822
f 5821 5814 5822
f 3821 3822 3816
f 3822 3827 3816
f 3816 3827 3834
f 6975 6974 6971
f 9680 9669 9676
f 6971 6974 6973
f 3947 3948 3950
f 3951 3961 3954
f 9794 9791 9792
f 3942 3936 3940
f 9791 9788 9790
f 139 141 140
f 9790 9788 9789
f 9789 9788 9786
f 544 545 543
f 543 546 533
f 533 551 552
f 8934 8941 9072
f 9023 9028 9027
f 9026 9023 9027
f 1733 1735 1736
f 1736 1735 1740
f 1739 1737 1738
f 1738 1737 1733
f 3388 3385 3390
f 7132 7133 7135
f 7727 7719 7723
f 7125 7123 7124
f 7125 7124 7126
f 7179 7265 7212
f 7212 7265 7266
f 7723 7719 7722
f 7219 7214 7264
f 7203 7204 7217
f 749 752 747
f 1466 1418 1430
f 1166 1163 1165
f 1466 1430 1465
f 1165 1158 1171
f 1171 1158 1172
f 1168 1165 1171
f 1180 1173 1181
f 6881 6878 6880
f 1170 1171 1174
f 6880 6882 6881
f 1170 1174 1196
f 6398 6394 6408
f 2198 2176 2127
f 5809 5815 5805
f 5814 5832 5782
f 5859 5840 5843
f 9687 9661 9669
f 6970 6975 6971
f 9660 9662 9661
f 146 158 139
f 3945 3939 3946
f 3946 3948 3947
f 3950 3951 3952
f 3458 3459 3468
f 9790 9792 9791
f 3435 3431 3459
f 3435 3459 3458
f 139 140 138
f 3430 3431 3435
f 3419 3422 3430
f 8358 8341 8351
f 4157 4146 4145
f 544 543 541
f 541 543 533
f 7750 7720 7727
f 554 555 531
f 144 160 148
f 552 553 531
f 7720 7719 7727
f 1736 1740 1741
f 7135 7139 7137
f 7173 7137 7178
f 148 160 161
f 7175 7178 7179
f 3388 3390 3381
f 966 975 964
f 7108 7109 7110
f 7109 7111 7110
f 7110 7111 7113
f 7113 7114 7119
f 7214 7203 7217
f 8638 8637 8685
f 8684 8655 8686
f 747 753 751
f 8686 8655 8696
f 1474 1430 1431
f 1474 1431 1437
f 1460 1437 1459
f 5894 5815 5809
f 2129 2127 2176
f 5780 5782 5832
f 3256 3255 3257
f 2877 2876 2871
f 2876 2875 2871
f 2871 2875 2868
f 9680 9691 9684
f 3945 3946 3947
f 3951 3954 3953
f 3953 3954 3955
f 3954 3965 3955
f 8358 8351 8353
f 9783 9784 9728
f 142 140 144
f 142 144 148
f 541 533 535
f 542 541 535
f 533 552 531
f 553 554 531
f 7173 7178 7175
f 9559 9563 9578
f 2310 2313 2306
f 7175 7179 7212
f 2309 2310 2303
f 2310 2306 2303
f 7129 7133 7132
f 7212 7227 7213
f 2311 2309 2308
f 522 531 572
f 2308 2309 2303
f 2304 2303 2306
f 2304 2306 2307
f 2315 2308 2314
f 2308 2305 2314
f 964 970 968
f 562 572 571
f 746 749 747
f 1421 1499 1500
f 8700 8658 8697
f 2130 2126 2122
f 2130 2122 2129
f 1380 1389 1390
f 5834 5780 5832
f 5870 5867 5859
f 3818 3821 3816
f 2877 2871 2880
f 3818 3816 3815
f 3817 3816 3823
f 9692 9687 9669
f 9683 9680 9684
f 9660 9661 9657
f 9657 9661 9687
f 6970 6971 6972
f 3988 3990 3989
f 9663 9660 9682
f 146 139 136
f 3940 3939 3945
f 3952 3951 3953
f 9690 9694 9663
f 3460 3468 3469
f 3469 3468 3474
f 3943 3940 3944
f 3458 3468 3460
f 136 139 138
f 3963 3942 3943
f 9809 9810 9811
f 138 140 142
f 9719 9724 9718
f 9554 9552 9583
f 535 533 534
f 534 533 530
f 533 531 530
f 7175 7212 7177
f 530 531 522
f 7126 7124 7127
f 963 967 966
f 522 572 562
f 3342 3347 3337
f 3337 3347 3343
f 7283 7110 7113
f 5396 5397 5398
f 747 751 750
f 751 760 750
f 8700 8697 8709
f 5870 5871 5867
f 5872 5871 5870
f 4845 4848 4847
f 3815 3816 3817
f 2871 2868 2867
f 9683 9669 9680
f 9682 9660 9656
f 9660 9657 9656
f 3955 3988 3982
f 3982 3988 3989
f 145 146 136
f 3823 3838 3824
f 3817 3823 3824
f 3956 3950 3952
f 3944 3940 3945
f 3838 3839 3824
f 3964 3942 3963
f 138 142 137
f 8359 8358 8353
f 7136 7135 7137
f 7132 7135 7136
f 599 535 534
f 7212 7213 7177
f 534 530 540
f 7127 7124 7128
f 7128 7124 7129
f 971 963 972
f 972 963 965
f 1848 1854 1836
f 522 562 532
f 7279 7119 7278
f 3337 3343 3338
f 7280 7113 7119
f 7283 7113 7280
f 562 571 565
f 1847 1848 1822
f 750 760 759
f 8695 8686 8696
f 747 750 748
f 746 747 748
f 5896 5894 5810
f 5810 5894 5809
f 2129 2122 2127
f 4626 4629 4624
f 4624 4625 4626
f 4486 4491 4492
f 3829 3818 3815
f 4845 4847 4846
f 2881 2880 2871
f 5564 5558 5563
f 9656 9657 9658
f 2881 2871 2867
f 5563 5558 5560
f 4011 4028 4012
f 9690 9663 9682
f 3817 3824 3820
f 3957 3950 3956
f 3956 3952 4017
f 3460 3469 3467
f 5560 5561 5565
f 4026 3944 3945
f 3947 3950 3957
f 4002 3952 3953
f 1268 1275 1273
f 3435 3458 3434
f 9720 9715 9717
f 9729 9726 9777
f 137 142 134
f 9797 9798 9799
f 5173 5175 5171
f 5171 5175 5177
f 5171 5177 5174
f 7137 7173 7138
f 7134 7132 7136
f 7129 7132 7128
f 7128 7132 7134
f 9651 9632 9650
f 521 540 530
f 656 659 657
f 973 972 965
f 973 965 969
f 974 971 972
f 7140 7141 7125
f 7140 7125 7126
f 7130 7126 7127
f 3342 3337 3341
f 7280 7119 7279
f 532 562 561
f 565 568 566
f 1847 1822 1837
f 8687 8686 8695
f 755 748 750
f 755 750 759
f 2120 2117 2126
f 2126 2117 2122
f 2178 2254 2219
f 5901 5896 5810
f 5895 5862 5871
f 5872 5895 5871
f 5794 5780 5834
f 5833 5837 5831
f 4626 4625 4627
f 4486 4492 4485
f 4013 4010 3998
f 4001 4010 4011
f 4001 4011 4012
f 5404 5405 5406
f 3992 3994 3993
f 6887 6884 6883
f 3982 3989 3991
f 3991 3989 3994
f 4026 3945 4024
f 3947 3957 4022
f 4017 3952 4005
f 4005 3952 4002
f 4002 3953 3955
f 3434 3458 3450
f 3450 3458 3460
f 1273 1274 1267
f 2869 2873 2870
f 9709 9711 9715
f 2870 2873 2874
f 9730 9721 9729
f 3329 3330 3326
f 134 142 143
f 5170 5171 5172
f 5172 5171 5174
f 7136 7137 7138
f 5173 5171 5170
f 7138 7173 7174
f 7174 7173 7175
f 142 148 152
f 7143 7127 7128
f 9650 9632 9641
f 3348 3342 3341
f 7140 7126 7142
f 521 530 522
f 7281 7283 7280
f 1837 1822 1823
f 564 562 565
f 566 568 591
f 564 565 566
f 746 748 756
f 756 748 755
f 762 755 759
f 6487 6486 6489
f 6144 6147 6145
f 5892 5901 5891
f 2120 2116 2117
f 2127 2128 2177
f 2177 2128 2178
f 1441 1440 1455
f 5891 5901 5810
f 2122 2119 2123
f 2122 2123 2127
f 5871 5856 5841
f 6202 6203 6204
f 4628 4626 4627
f 3829 3815 3819
f 4844 4845 4846
f 5406 5409 5404
f 3819 3815 3817
f 3570 3573 3571
f 3998 4010 4001
f 3984 3992 3993
f 6109 6110 6111
f 5407 5406 5405
f 3982 3991 3976
f 3994 3992 3991
f 3450 3460 3467
f 2867 2868 2869
f 3569 3570 3571
f 5406 5407 5408
f 4024 3945 3947
f 3569 3571 3572
f 4025 4026 4024
f 2867 2869 2870
f 136 138 137
f 2870 2874 2878
f 2878 2874 2882
f 8751 8752 8753
f 3327 3329 3326
f 5172 5174 5176
f 3425 3420 3419
f 7174 7175 7176
f 7175 7177 7176
f 142 152 143
f 3889 3893 3894
f 9654 9650 9641
f 656 657 652
f 7158 7141 7140
f 7142 7126 7130
f 7130 7127 7143
f 655 659 656
f 655 656 651
f 517 521 522
f 517 522 532
f 3340 3341 3337
f 3337 3338 3339
f 5933 5942 5935
f 5942 5941 5935
f 7279 7281 7280
f 3344 3338 3345
f 563 561 562
f 563 562 564
f 566 591 590
f 566 590 589
f 757 755 762
f 757 762 763
f 2232 2279 2231
f 2116 2111 2117
f 780 781 782
f 2125 2124 2119
f 2124 2123 2119
f 8538 8539 8540
f 8541 8539 8538
f 5772 5796 5795
f 5776 5796 5772
f 5794 5834 5835
f 3996 4095 3998
f 3996 3998 3997
f 3997 3998 4001
f 157 145 155
f 3984 3993 3995
f 3995 3993 3996
f 6109 6111 6112
f 155 145 135
f 3819 3817 3820
f 4063 4017 4014
f 135 145 136
f 4024 3947 4020
f 4020 3947 4022
f 6759 6758 6757
f 4002 3955 3971
f 3820 3824 3825
f 3819 3820 3825
f 4075 3964 3963
f 9730 9729 9731
f 9731 9729 9733
f 9733 9729 9777
f 9733 9777 9746
f 9746 9777 9772
f 7149 7136 7138
f 3893 3896 3894
f 3894 3896 3895
f 3895 3896 3897
f 3897 3898 3895
f 3889 3894 3890
f 3894 3895 3890
f 652 657 658
f 7159 7256 7158
f 9654 9641 9637
f 654 655 651
f 651 656 652
f 652 658 653
f 653 658 662
f 7791 7792 7793
f 3340 3337 3339
f 3339 3338 3344
f 3339 3344 3346
f 3137 3136 3133
f 561 517 532
f 514 517 561
f 7284 7286 7281
f 7281 7279 7284
f 566 589 567
f 564 566 567
f 8713 8700 8715
f 6143 6144 6145
f 756 755 757
f 756 757 758
f 761 757 763
f 761 763 764
f 761 764 765
f 765 764 766
f 765 766 767
f 767 766 768
f 761 765 781
f 2116 2115 2111
f 2111 2118 2117
f 2117 2118 2119
f 2119 2118 2125
f 780 761 781
f 5879 5892 5891
f 5810 5879 5891
f 5877 5879 5810
f 5808 5877 5810
f 5776 5797 5796
f 5793 5798 5797
f 5841 5856 5858
f 7780 7783 7782
f 4844 4846 4849
f 3995 3996 3997
f 3997 4001 4003
f 4003 4001 4072
f 4485 4492 4493
f 4488 4485 4493
f 2879 2881 2867
f 5924 5922 5921
f 5921 5922 5923
f 7779 7781 7780
f 3252 3253 3258
f 3976 3991 3984
f 3991 3992 3984
f 3450 3467 3461
f 3826 3819 3825
f 4020 4022 4021
f 4014 4017 4005
f 3971 3955 3982
f 3982 3976 3973
f 3434 3450 3437
f 1268 1267 1251
f 2879 2867 2872
f 4004 4005 4002
f 2872 2867 2870
f 4075 3963 4029
f 136 137 134
f 9742 9778 9774
f 7145 7143 7128
f 7159 7158 7140
f 7161 7142 7130
f 654 651 650
f 650 651 652
f 650 652 653
f 520 521 517
f 520 517 504
f 3127 3137 3133
f 5932 5937 5933
f 5933 5935 5934
f 5932 5933 5934
f 5934 5935 5938
f 4255 4257 4266
f 4266 4257 4265
f 4257 4258 4265
f 514 561 569
f 569 561 563
f 570 563 564
f 570 564 567
f 6148 6144 6146
f 6146 6144 6143
f 5355 5356 5357
f 8728 8723 8727
f 758 757 761
f 765 767 781
f 4339 4346 4344
f 2111 2112 2118
f 2118 2112 2124
f 758 761 780
f 5877 5880 5879
f 2124 2112 2123
f 584 582 585
f 584 585 595
f 5811 5877 5808
f 594 584 595
f 5854 5856 5861
f 5794 5799 5793
f 5799 5794 5835
f 5841 5858 5844
f 5841 5844 5837
f 9962 9966 9965
f 9965 9966 9967
f 4070 4072 4071
f 9970 9967 9969
f 155 135 154
f 7780 7782 7777
f 3830 3819 3826
f 4022 4063 4021
f 4021 4063 4014
f 3971 3982 3973
f 9973 9969 9972
f 4014 4005 4004
f 4004 4002 3971
f 4023 4025 4024
f 4029 4025 4023
f 135 136 134
f 9734 9731 9733
f 4206 4200 4201
f 4206 4201 4207
f 3408 3425 3423
f 7170 7138 7174
f 7134 7136 7149
f 7145 7128 7134
f 7167 7159 7140
f 7162 7143 7166
f 7166 7143 7145
f 9547 9588 9589
f 654 650 663
f 664 654 663
f 4259 4258 4256
f 4263 4259 4256
f 504 517 514
f 4261 4260 4255
f 4255 4256 4257
f 4268 4259 4267
f 5936 5932 5934
f 5934 5938 5939
f 5934 5939 5953
f 5939 5938 5940
f 2481 2488 2487
f 2104 2102 2098
f 2098 2102 2099
f 563 570 573
f 574 570 567
f 574 567 576
f 574 573 570
f 580 574 576
f 574 580 578
f 767 768 772
f 582 578 580
f 2111 2109 2112
f 4339 4344 4343
f 578 582 584
f 583 578 584
f 5881 5880 5877
f 593 583 594
f 594 583 584
f 5845 5838 5846
f 5835 5845 5799
f 5838 5845 5835
f 5837 5844 5838
f 4072 4073 4071
f 156 155 154
f 4205 4198 4204
f 4204 4198 4203
f 7779 7780 7777
f 9744 9745 9754
f 9754 9745 9748
f 3973 3976 3975
f 1267 1269 1248
f 9734 9733 9744
f 4198 4200 4203
f 4023 4024 4020
f 4203 4200 4206
f 135 134 133
f 9749 9750 9751
f 3321 3326 3322
f 9751 9750 9752
f 794 796 801
f 3323 3327 3326
f 9752 9750 9753
f 132 134 143
f 7149 7138 7170
f 143 169 122
f 7167 7140 7160
f 7142 7161 7148
f 7161 7130 7162
f 7130 7143 7162
f 3121 3119 3117
f 9547 9589 9590
f 3122 3117 3123
f 4166 4165 4164
f 661 650 660
f 660 650 653
f 660 653 662
f 7866 7867 7861
f 663 650 661
f 4260 4262 4256
f 4262 4263 4256
f 503 504 505
f 505 504 514
f 5939 5940 5945
f 505 514 515
f 3907 3911 3908
f 2099 2101 2100
f 3907 3908 3899
f 515 514 569
f 2481 2487 2486
f 2098 2099 2100
f 2481 2486 2482
f 2105 2104 2098
f 2104 2105 2113
f 2105 2098 2106
f 569 563 573
f 2111 2107 2109
f 3916 3917 3912
f 578 573 574
f 2114 2107 2111
f 579 573 578
f 8726 8723 8722
f 2109 2110 2112
f 583 579 578
f 773 767 772
f 586 579 583
f 767 773 781
f 5880 5881 5882
f 2128 2151 2172
f 593 587 583
f 5799 5873 5798
f 5875 5799 5847
f 5858 5855 5852
f 5799 5845 5847
f 5844 5858 5852
f 8081 8082 8083
f 7778 7779 7777
f 1248 1270 1247
f 3975 3976 3977
f 3976 3984 3977
f 4000 3995 3997
f 3826 3825 3831
f 1251 1248 1250
f 3977 3984 3995
f 3437 3450 3445
f 4020 4021 4015
f 4021 4014 4015
f 4015 4014 4004
f 3971 3973 3972
f 8520 8522 8521
f 3443 3456 3436
f 3323 3326 3321
f 132 143 122
f 3333 3332 3327
f 7174 7176 7180
f 7146 7134 7149
f 7170 7174 7182
f 7140 7142 7147
f 7160 7140 7147
f 7147 7142 7148
f 122 169 170
f 9547 9590 9619
f 3123 3117 3112
f 806 811 808
f 506 503 505
f 2098 2100 2103
f 2480 2481 2482
f 2106 2098 2103
f 577 515 569
f 515 577 512
f 2281 2113 2107
f 2107 2113 2105
f 2106 2103 2108
f 8729 8725 8712
f 577 569 575
f 575 569 573
f 2089 2097 2095
f 2107 2105 2106
f 2107 2106 2109
f 2109 2106 2108
f 3916 3912 3915
f 4340 4336 4338
f 2109 2108 2110
f 575 573 579
f 4336 4339 4337
f 1844 1843 1855
f 586 575 579
f 4337 4339 4341
f 773 772 775
f 4341 4339 4343
f 2197 2152 2175
f 587 586 583
f 5875 5874 5799
f 5799 5874 5873
f 5861 5893 5854
f 5866 5875 5847
f 9964 9963 9958
f 9961 9962 9954
f 9954 9965 9960
f 10016 10017 10018
f 9993 9970 9992
f 10018 10017 10019
f 9734 9744 9775
f 4070 4071 4069
f 4067 4070 4069
f 3830 3826 3832
f 1247 1270 1266
f 9738 9739 9737
f 4008 4003 4067
f 3457 3450 3461
f 3832 3826 3831
f 3832 3831 3833
f 3977 3995 4000
f 9737 9735 9736
f 3972 3973 3975
f 154 135 147
f 9736 9735 9734
f 4019 4023 4020
f 4015 4004 4007
f 4007 4004 4006
f 4006 4004 3971
f 135 133 147
f 8518 8519 8520
f 3436 3437 3445
f 8518 8520 8521
f 9974 9972 9975
f 9975 9976 9977
f 134 132 133
f 7180 7176 7181
f 7182 7174 7180
f 7161 7166 7163
f 7148 7161 7163
f 7163 7166 7145
f 122 170 123
f 9653 9638 9652
f 7865 7861 7852
f 3128 3123 3112
f 7861 7853 7852
f 5944 5946 5948
f 3125 3128 3112
f 507 506 505
f 2485 2481 2480
f 507 505 512
f 512 505 515
f 1834 1833 1842
f 2480 2482 2483
f 1834 1842 1843
f 3299 3294 3300
f 3294 3290 3300
f 3300 3290 3297
f 3297 3290 3295
f 3297 3295 3296
f 2086 2097 2089
f 2093 2094 2085
f 2090 2093 2085
f 2085 2086 2087
f 2089 2095 2088
f 4345 4340 4338
f 2110 2133 2121
f 2168 2200 2218
f 2121 2134 2151
f 581 575 586
f 587 581 586
f 1873 1856 1862
f 5865 5875 5866
f 5897 5898 5893
f 5897 5893 5861
f 9954 9960 9955
f 1252 1247 1266
f 4067 4069 4068
f 7777 7784 7775
f 3978 3975 3977
f 3997 4003 4008
f 8507 8509 8502
f 8506 8507 8502
f 3445 3450 3457
f 4019 4020 4015
f 4027 4023 4019
f 4006 3971 3970
f 3970 3971 3972
f 149 147 133
f 4027 4029 4023
f 8502 8508 8503
f 3443 3436 3445
f 8501 8502 8503
f 8501 8503 8504
f 8504 8503 8508
f 133 132 119
f 3321 3322 3320
f 3424 3423 3428
f 798 803 802
f 1070 1071 1069
f 7163 7145 7146
f 1069 1071 1072
f 6559 6560 6558
f 7148 7163 7164
f 9624 9612 9620
f 5951 5945 5949
f 5949 5945 5944
f 5949 5944 5948
f 5948 5946 5950
f 7852 7851 7849
f 3125 3112 3114
f 61 59 62
f 7489 7507 7491
f 2485 2480 2484
f 509 506 507
f 2480 2483 2484
f 1843 1842 1857
f 3131 3129 3130
f 1843 1857 1855
f 2090 2085 2087
f 2087 2086 2088
f 2086 2089 2088
f 513 512 577
f 2108 2136 2110
f 8732 8733 8730
f 581 513 577
f 581 577 575
f 2168 2162 2200
f 2140 2147 2153
f 2153 2147 2152
f 2152 2169 2175
f 581 587 598
f 5883 5886 5887
f 1862 1856 1861
f 5849 5866 5847
f 2685 2684 2682
f 2684 2683 2682
f 2682 2683 2681
f 10014 10012 10013
f 9957 9958 9954
f 9957 9954 9956
f 9956 9954 9953
f 9953 9954 9955
f 9775 9761 9771
f 1257 1271 1263
f 7778 7777 7776
f 7776 7777 7775
f 1244 1248 1247
f 3457 3461 3466
f 7883 7892 7886
f 9738 9737 9736
f 1264 1272 1257
f 9979 9973 9974
f 3978 3977 3979
f 4000 3997 4009
f 4009 3997 4008
f 1245 1265 1250
f 7883 7886 7884
f 1245 1250 1248
f 9736 9734 9740
f 4019 4015 4018
f 4007 4006 3970
f 4029 4027 4056
f 3440 3429 3443
f 3323 3321 3319
f 119 132 122
f 119 122 121
f 799 798 802
f 7164 7163 7146
f 1068 1070 1069
f 1055 1064 1054
f 6559 6558 6557
f 6557 6558 6554
f 121 122 123
f 1062 1064 1055
f 125 123 103
f 9587 9619 9614
f 7864 7852 7862
f 5949 5948 5952
f 5952 5948 5950
f 7862 7852 7849
f 3124 3125 3114
f 3124 3114 3120
f 508 509 507
f 3124 3120 3130
f 2617 2610 2612
f 3129 3124 3130
f 7423 7410 7407
f 507 512 513
f 550 556 539
f 550 560 556
f 2090 2087 2091
f 2087 2088 2091
f 5712 5713 5714
f 550 539 549
f 2133 2136 2135
f 550 549 548
f 2133 2135 2134
f 4342 4338 4337
f 4342 4337 4341
f 1856 1859 1861
f 5886 5889 5887
f 581 598 528
f 1862 1863 1865
f 1862 1865 1866
f 1867 1866 1865
f 6477 6482 6485
f 10013 10012 9984
f 6795 6794 6799
f 1244 1245 1248
f 150 147 149
f 4018 4015 4016
f 4016 4015 4007
f 3970 3972 3974
f 149 133 120
f 133 119 120
f 4056 4027 4059
f 3439 3428 3438
f 3470 3471 3424
f 3470 3424 3428
f 6549 6552 6553
f 7164 7146 7165
f 1049 1070 1068
f 6554 6552 6548
f 3240 3244 3245
f 3243 3244 3240
f 121 123 125
f 6557 6554 6555
f 9587 9614 9605
f 2621 2620 2616
f 2616 2620 2618
f 7862 7849 7828
f 2614 2618 2619
f 7489 7491 7490
f 3909 3913 3910
f 2616 2611 2615
f 2611 2618 2613
f 2613 2618 2614
f 2611 2613 2612
f 2610 2615 2611
f 2610 2611 2612
f 518 519 509
f 2615 2610 2617
f 2612 2613 2614
f 3130 3120 3132
f 539 556 538
f 537 536 518
f 536 519 518
f 518 509 508
f 538 536 537
f 539 538 537
f 510 507 513
f 2155 2171 2221
f 2170 2272 2230
f 5715 5714 5716
f 2092 2090 2091
f 2091 2088 2092
f 2092 2088 2096
f 510 513 528
f 4342 4345 4338
f 528 513 581
f 550 548 559
f 5890 5889 5886
f 1861 1859 1863
f 5876 5878 5865
f 5860 5876 5865
f 5849 5860 5865
f 5850 5860 5849
f 5853 5857 5851
f 5851 5857 5850
f 2689 2690 2668
f 2682 2681 2680
f 6477 6485 6484
f 6477 6484 6479
f 2680 2681 2677
f 6478 6477 6479
f 6480 6478 6479
f 1247 1252 1243
f 6191 6192 6193
f 3457 3466 3464
f 7889 7891 7883
f 9741 9738 9740
f 8561 8564 8562
f 5964 5963 5960
f 4067 4068 4066
f 3446 3445 3457
f 7882 7883 7884
f 3978 3979 3986
f 6193 6200 6199
f 4008 4067 4066
f 7882 7884 7885
f 1246 1245 1241
f 1245 1244 1241
f 9979 9974 9978
f 3980 3975 3978
f 3974 3972 3975
f 1902 1903 1886
f 3319 3321 3320
f 3319 3320 3315
f 119 121 117
f 6390 6393 6391
f 3472 3471 3470
f 6391 6393 6389
f 799 802 825
f 6549 6553 6551
f 1041 1050 1049
f 1068 1069 1067
f 6548 6552 6549
f 1055 1054 1052
f 1052 1054 1051
f 1052 1051 1047
f 1047 1051 1050
f 92 121 125
f 3240 3245 3238
f 6559 6557 6561
f 1062 1055 1048
f 6561 6557 6555
f 6555 6554 6548
f 6555 6548 6543
f 92 125 103
f 7863 7862 7828
f 2616 2618 2611
f 7828 7849 7848
f 2158 2171 2155
f 2136 2137 2135
f 523 537 518
f 510 508 507
f 539 537 523
f 2162 2149 2155
f 548 549 523
f 2134 2135 2140
f 2148 2149 2162
f 2152 2147 2148
f 1863 1859 1864
f 1863 1868 1865
f 1867 1865 1872
f 5864 5860 5850
f 6169 6166 6168
f 2689 2668 2653
f 2677 2678 2654
f 2654 2678 2656
f 2668 2649 2650
f 6197 6192 6196
f 6196 6192 6195
f 8277 8276 8273
f 6195 6192 6194
f 1257 1263 1261
f 6194 6192 6191
f 6259 6256 6253
f 1252 1266 1243
f 8272 8273 8274
f 7773 7776 7775
f 7773 7775 7769
f 1239 1247 1243
f 6191 6193 6198
f 6198 6193 6199
f 3446 3457 3464
f 7889 7883 7882
f 1258 1264 1257
f 9979 9978 9980
f 3978 3986 3985
f 3981 3975 3980
f 7753 7754 7755
f 6201 6199 6200
f 4030 4009 4008
f 3440 3445 3446
f 4055 4018 4016
f 4055 4016 4062
f 4062 4016 4007
f 6675 6683 6689
f 4061 4059 4027
f 1888 1902 1886
f 9978 9986 9987
f 9987 9986 9988
f 4300 4299 4297
f 3313 3315 3316
f 6388 6391 6386
f 6386 6391 6389
f 6331 6336 6334
f 6386 6389 6387
f 6549 6551 6550
f 1047 1050 1041
f 1066 1068 1067
f 1039 1052 1047
f 1048 1055 1044
f 1044 1055 1052
f 92 103 89
f 6555 6543 6544
f 1048 1044 1043
f 103 108 89
f 9587 9605 9604
f 7488 7489 7490
f 2137 2138 2135
f 2135 2138 2139
f 518 508 511
f 2154 2155 2149
f 523 518 511
f 511 508 510
f 2140 2139 2142
f 525 523 524
f 524 523 511
f 511 510 516
f 2135 2139 2140
f 2140 2142 2147
f 2147 2142 2148
f 548 523 525
f 516 510 528
f 1863 1864 1868
f 529 516 528
f 597 529 528
f 1865 1868 1870
f 588 529 597
f 1865 1870 1872
f 5868 5864 5857
f 2680 2677 2669
f 2677 2654 2669
f 2654 2656 2653
f 2687 2695 2680
f 2650 2653 2668
f 2650 2649 2647
f 8457 8458 8459
f 6253 6257 6259
f 9981 9979 9980
f 6255 6253 6256
f 6194 6191 6198
f 7010 7007 7009
f 1247 1239 1244
f 8561 8562 8563
f 5965 5969 5970
f 3446 3464 3462
f 1258 1257 1256
f 1256 1257 1255
f 1255 1257 1259
f 5960 5965 5970
f 4008 4066 4065
f 150 149 151
f 3980 3978 3985
f 7756 7753 7755
f 4031 4030 4008
f 1246 1241 1236
f 4045 4030 4031
f 4064 3974 3981
f 128 120 118
f 4027 4018 4058
f 120 119 118
f 1892 1902 1888
f 1886 1903 1885
f 6683 6675 6676
f 1888 1886 1887
f 118 119 117
f 4297 4299 4298
f 1882 1887 1886
f 9989 9988 9991
f 3319 3315 3314
f 3314 3315 3313
f 6390 6391 6388
f 117 121 92
f 6385 6386 6387
f 1045 1049 1068
f 1045 1068 1066
f 6543 6548 6549
f 821 802 807
f 1044 1052 1039
f 1044 1039 1043
f 3240 3238 3233
f 3233 3238 3234
f 1059 1048 1043
f 3234 3238 3246
f 6562 6561 6556
f 6556 6561 6555
f 9466 9467 9468
f 9601 9587 9604
f 6556 6555 6544
f 9480 9466 9468
f 1824 1841 1829
f 6556 6544 6545
f 6322 6324 6323
f 2157 2159 2158
f 7491 7493 7492
f 2155 2157 2158
f 7825 7848 7827
f 2154 2157 2155
f 2138 2141 2139
f 5718 5717 5719
f 2142 2141 2143
f 2149 2146 2154
f 2139 2141 2142
f 2142 2143 2146
f 2148 2142 2146
f 2148 2146 2149
f 527 524 511
f 527 511 516
f 527 516 529
f 592 527 588
f 588 527 529
f 526 527 592
f 8278 8279 8276
f 5965 5959 5971
f 6251 6252 6253
f 6252 6257 6253
f 6251 6253 6255
f 7007 7006 7009
f 5969 5965 5971
f 7770 7773 7769
f 3462 3464 3465
f 7770 7774 7773
f 4032 4008 4065
f 4031 4008 4032
f 7882 7885 7887
f 1236 1241 1234
f 3981 3980 3983
f 7756 7755 7757
f 7756 7757 7758
f 3444 3440 3446
f 4058 4018 4055
f 1899 1904 1898
f 1898 1904 1892
f 6675 6689 6688
f 6675 6688 6666
f 4027 4058 4061
f 1892 1888 1891
f 4297 4298 4295
f 1891 1888 1887
f 1886 1885 1882
f 1882 1885 1884
f 3473 3472 3470
f 841 840 838
f 3325 3319 3314
f 3308 3325 3314
f 3313 3316 3317
f 1890 1891 1887
f 1882 1884 1883
f 1881 1882 1883
f 6388 6386 6385
f 1041 1049 1045
f 9463 9478 9479
f 9463 9479 9467
f 1890 1887 1889
f 1887 1882 1889
f 1889 1882 1881
f 1039 1047 1041
f 6549 6550 6546
f 6543 6549 6546
f 1043 1039 1038
f 3243 3240 3233
f 6543 6546 6547
f 821 807 820
f 9466 9463 9467
f 89 108 93
f 6562 6556 6563
f 7824 7828 7825
f 7408 7417 7402
f 2259 2261 2245
f 2154 2156 2157
f 7825 7827 7826
f 2143 2144 2145
f 8325 8326 8327
f 2141 2144 2143
f 2143 2145 2146
f 525 524 526
f 1868 1869 1870
f 526 524 527
f 2647 2649 2648
f 1262 1259 1261
f 9982 9981 9980
f 7770 7769 7765
f 7889 7882 7888
f 7765 7769 7766
f 3983 3980 3987
f 3980 3985 3987
f 3985 4077 3987
f 9985 9980 9978
f 7758 7757 7759
f 124 128 118
f 9978 9987 9990
f 6676 6675 6674
f 6677 6676 6674
f 9987 9988 9989
f 1894 1892 1891
f 6392 6390 6388
f 800 787 819
f 3318 3313 3317
f 4974 4973 4967
f 4967 4973 4968
f 1042 1041 1045
f 9465 9478 9463
f 1042 1045 1066
f 3563 3565 3568
f 825 821 870
f 1038 1039 1040
f 1040 1039 1041
f 1066 1067 1058
f 9461 9465 9463
f 92 89 88
f 3239 3243 3233
f 3233 3234 3235
f 9463 9466 9462
f 5039 5030 5042
f 1043 1056 1059
f 3235 3234 3236
f 9462 9466 9480
f 5030 5039 5038
f 90 89 93
f 9457 9462 9480
f 3234 3247 3236
f 3247 3234 3246
f 2261 2275 2262
f 90 93 109
f 7409 7398 7408
f 7408 7401 7417
f 2160 2159 2163
f 6322 6323 6317
f 2245 2261 2262
f 2145 2150 2146
f 2150 2156 2154
f 2146 2150 2154
f 5720 5719 5722
f 2167 2160 2164
f 6322 6317 6318
f 7494 7495 7496
f 8278 8276 8277
f 6258 6257 6254
f 2687 2680 2669
f 2653 2650 2652
f 6254 6257 6252
f 2647 2648 2646
f 1240 1239 1243
f 9983 9982 9980
f 1243 1256 1240
f 1240 1256 1254
f 1255 1259 1260
f 3448 3462 3463
f 1254 1256 1255
f 7882 7887 7879
f 1249 1236 1235
f 7760 7758 7759
f 4038 4045 4031
f 7760 7759 7761
f 9999 9978 9990
f 118 117 102
f 6675 6666 6674
f 1900 1901 1899
f 1897 1899 1898
f 1898 1892 1894
f 1897 1900 1899
f 1897 1898 1894
f 6677 6674 6678
f 3308 3314 3313
f 7429 7431 7425
f 3305 3334 3308
f 1894 1891 1893
f 1040 1041 1042
f 1042 1066 1058
f 870 821 824
f 1893 1891 1890
f 88 89 90
f 821 820 824
f 9462 9461 9463
f 1056 1043 1046
f 5031 5030 5038
f 6543 6547 6542
f 6538 6543 6542
f 7414 7415 7403
f 7398 7401 7408
f 2262 2260 2245
f 2245 2260 2246
f 2163 2165 2164
f 5719 5723 5722
f 5722 5723 5724
f 7832 7833 7845
f 7496 7497 7498
f 2654 2653 2652
f 2650 2647 2651
f 1260 1259 1262
f 4060 3981 3983
f 4033 4031 4032
f 4033 4032 4034
f 9985 9978 9999
f 4035 4031 4033
f 2432 2436 2435
f 8328 8329 8330
f 4038 4031 4035
f 6666 6673 6667
f 124 118 102
f 6674 6666 6672
f 1896 1897 1894
f 841 838 839
f 102 92 88
f 1674 1672 1675
f 1670 1674 1675
f 3312 3308 3313
f 3312 3313 3318
f 1896 1894 1895
f 1895 1894 1893
f 3239 3233 3235
f 5733 5741 5735
f 5029 5030 5027
f 5027 5030 5031
f 7443 7442 7440
f 7417 7443 7440
f 7417 7440 7414
f 7414 7441 7415
f 7415 7413 7403
f 7403 7413 7412
f 9461 9462 9457
f 5031 5038 5040
f 3235 3236 3237
f 6542 6541 6538
f 6538 6541 6540
f 6538 6540 6539
f 2165 2163 2166
f 6537 6538 6539
f 2246 2248 2247
f 7500 7494 7496
f 6318 6317 6316
f 6318 6316 6319
f 6271 6318 6319
f 6271 6319 6267
f 2669 2654 2655
f 2655 2654 2652
f 2688 2687 2669
f 2652 2650 2651
f 2647 2646 2622
f 2622 2646 2645
f 1239 1240 1229
f 1240 1254 1230
f 1234 1239 1229
f 7461 7466 7459
f 4060 3983 3987
f 7760 7761 7762
f 7477 7480 7478
f 7878 7879 7880
f 1235 1234 1232
f 6667 6673 6670
f 7761 7763 7762
f 4038 4035 4050
f 4051 4050 4035
f 7477 7478 7479
f 8063 8064 8065
f 6666 6668 6672
f 9990 9987 9989
f 849 841 842
f 5734 5735 5736
f 1053 1040 1042
f 5732 5733 5734
f 9469 9465 9461
f 7442 7437 7440
f 5028 5027 5032
f 3239 3235 3241
f 3556 3557 3558
f 5027 5031 5032
f 7817 7818 7819
f 1043 1038 1046
f 1046 1038 1057
f 5032 5031 5040
f 9456 9461 9457
f 9454 9456 9457
f 2260 2257 2246
f 2246 2257 2256
f 97 90 109
f 2246 2256 2248
f 7494 7500 7492
f 6319 6316 6320
f 6319 6320 6267
f 2688 2669 2670
f 2670 2669 2655
f 4861 4868 4870
f 4861 4870 4871
f 4860 4868 4861
f 2651 2647 2628
f 9994 9985 9995
f 7771 7770 7765
f 7771 7765 7772
f 1254 1253 1230
f 2429 2432 2435
f 8149 8150 8148
f 9995 9985 9999
f 3449 3444 3448
f 7890 7879 7878
f 1234 1229 1227
f 4060 3987 4074
f 4035 4033 4040
f 6667 6670 6669
f 1232 1234 1227
f 4050 4051 4083
f 7762 7763 7764
f 1237 1238 1232
f 7880 7881 7878
f 6680 6668 6684
f 98 102 88
f 6678 6672 6679
f 7422 7425 7419
f 6686 6678 6679
f 8413 8414 8415
f 5914 5916 5918
f 7435 7436 7437
f 7440 7437 7439
f 7440 7439 7441
f 7439 7444 7441
f 7416 7419 7425
f 1053 1042 1058
f 3307 3305 3308
f 3307 3308 3312
f 7441 7444 7413
f 7418 7419 7416
f 5027 5028 5029
f 7441 7413 7415
f 1040 1053 1057
f 9456 9469 9461
f 3717 3720 3716
f 3716 3720 3723
f 7840 7841 7843
f 3235 3237 3241
f 3241 3237 3242
f 9453 9456 9454
f 6317 6314 6316
f 7530 7527 7528
f 6320 6273 6267
f 7524 7499 7498
f 4645 4643 4639
f 2670 2655 2671
f 4639 4643 4642
f 2628 2647 2622
f 2623 2622 2645
f 7772 7765 7768
f 8145 8144 8149
f 4905 4907 4902
f 7765 7766 7767
f 7768 7765 7767
f 4033 4034 4036
f 4036 4034 4039
f 8145 8149 8148
f 3451 3448 3452
f 1230 1253 1228
f 3448 3451 3449
f 6668 6667 6669
f 6668 6669 6671
f 9999 9990 10000
f 6684 6668 6671
f 1232 1227 1231
f 6293 6332 6294
f 1237 1232 1231
f 6293 6294 6295
f 6684 6671 6690
f 7446 7438 7436
f 7451 7446 7436
f 7842 7856 7839
f 5037 5036 5034
f 6296 6293 6295
f 842 841 839
f 6684 6690 6692
f 5034 5036 5035
f 7436 7438 7437
f 7437 7438 7439
f 6297 6296 6295
f 5034 5035 5028
f 5034 5028 5033
f 6297 6295 6307
f 7444 7449 7413
f 3304 3305 3307
f 5914 5913 5916
f 3302 3305 3304
f 6701 6696 6700
f 88 90 91
f 1060 1053 1058
f 5033 5028 5032
f 5033 5032 5041
f 3719 3717 3718
f 1057 1053 1060
f 9481 9482 9483
f 6315 6306 6314
f 7858 7840 7843
f 6314 6306 6311
f 5983 5986 5985
f 5983 5985 5984
f 2256 2251 2248
f 6316 6314 6311
f 9453 9454 9455
f 97 109 126
f 9455 9454 9458
f 7523 7525 7524
f 7522 7523 7524
f 5289 5290 5291
f 5257 5260 5258
f 6961 6963 6962
f 6962 6963 6964
f 2672 2670 2671
f 4641 4642 4644
f 2628 2622 2627
f 2623 2645 2644
f 8145 8148 8147
f 1227 1229 1228
f 7462 7461 7460
f 6302 6305 6300
f 7460 7459 7454
f 4051 4035 4042
f 6298 6302 6300
f 116 102 99
f 6294 6302 6298
f 1226 1227 1228
f 4084 4083 4051
f 102 98 99
f 1231 1227 1226
f 6294 6298 6295
f 7452 7456 7426
f 6680 6684 6682
f 7422 7452 7426
f 6679 6680 6681
f 6690 6691 6692
f 98 88 94
f 7439 7438 7445
f 7421 7422 7419
f 6661 6658 6657
f 7439 7445 7444
f 7444 7445 7447
f 6686 6679 6681
f 6686 6681 6687
f 7444 7447 7449
f 5919 5914 5918
f 5911 5912 5910
f 7421 7419 7418
f 6307 6295 6306
f 3562 3566 3557
f 6308 6307 6306
f 91 90 95
f 1060 1058 1061
f 3301 3302 3303
f 3303 3302 3304
f 9484 9482 9481
f 5905 5907 5906
f 3306 3301 3303
f 6703 6699 6704
f 3718 3717 3709
f 3709 3717 3716
f 95 90 97
f 3716 3723 3724
f 2251 2255 2250
f 3328 3306 3324
f 8569 8570 8571
f 7527 7531 7532
f 6316 6311 6320
f 6276 6277 6278
f 6273 6275 6274
f 7524 7526 7534
f 4637 4638 4639
f 4637 4639 4641
f 2672 2671 2666
f 4857 4860 4858
f 4860 4861 4858
f 2622 2623 2624
f 4899 4905 4902
f 4899 4902 4901
f 4901 4902 4906
f 4037 4033 4036
f 1229 1230 1228
f 7459 7458 7454
f 6300 6305 6304
f 7453 7462 7460
f 4035 4040 4041
f 115 116 99
f 2789 2794 2793
f 7453 7460 7454
f 2789 2793 2792
f 7453 7454 7450
f 2790 2789 2792
f 7859 7856 7857
f 1226 1228 1233
f 7450 7454 7452
f 6295 6298 6299
f 7857 7856 7855
f 7422 7450 7452
f 94 88 91
f 7418 7449 7421
f 2765 2770 2773
f 5981 5983 5982
f 6657 6658 6659
f 5919 5915 5914
f 5908 5911 5910
f 6659 6658 6664
f 5905 5908 5910
f 5905 5910 5907
f 6665 6659 6664
f 2748 2763 2764
f 3304 3307 3310
f 3727 3719 3718
f 3727 3718 3725
f 6311 6306 6309
f 9474 9477 9473
f 9484 9481 9485
f 6704 6699 6705
f 3725 3718 3709
f 5982 5983 5984
f 3306 3303 3324
f 2744 2762 2745
f 9476 9453 9455
f 6320 6312 6275
f 7527 7532 7525
f 6320 6275 6273
f 6274 6275 6276
f 2745 2762 2755
f 9464 9459 9458
f 9459 9464 9470
f 9458 9459 9455
f 97 126 105
f 7524 7525 7526
f 5259 5256 5258
f 6967 6962 6964
f 6967 6964 6968
f 5164 5166 5168
f 2637 2628 2627
f 2627 2622 2624
f 4863 4862 4857
f 2623 2644 2626
f 2626 2644 2642
f 8144 8145 8146
f 8146 8145 8147
f 7872 7868 7870
f 7868 7869 7870
f 7454 7457 7455
f 114 115 99
f 7452 7454 7455
f 4042 4035 4041
f 1228 1242 1233
f 9999 10000 9998
f 7873 7875 7874
f 4093 4051 4042
f 6298 6300 6299
f 99 98 94
f 7875 7877 7876
f 7874 7875 7876
f 7447 7450 7421
f 5980 5981 5982
f 7449 7447 7421
f 3154 3159 3152
f 6306 6295 6299
f 8426 8428 8423
f 6660 6657 6659
f 6306 6299 6309
f 6699 6696 6697
f 6699 6697 6702
f 6665 6662 6659
f 6438 6441 6439
f 6438 6439 6440
f 6311 6309 6312
f 3324 3303 3309
f 3303 3304 3309
f 3304 3310 3311
f 8771 8772 8773
f 9474 9473 9471
f 9471 9473 9459
f 6275 6277 6276
f 9471 9459 9470
f 7525 7532 7533
f 7525 7533 7526
f 7526 7533 7534
f 9530 9529 9531
f 6960 6961 6962
f 5163 5166 5164
f 6726 6729 6730
f 6724 6722 6723
f 2673 2672 2666
f 4855 4858 4859
f 2641 2659 2637
f 4857 4858 4855
f 2641 2637 2627
f 4898 4905 4899
f 6289 6292 6291
f 3695 3696 3693
f 6291 6290 6289
f 6289 6290 6287
f 6287 6290 6286
f 2788 2789 2790
f 7452 7455 7456
f 4043 4042 4041
f 7869 7873 7871
f 6300 6304 6301
f 6301 6304 6289
f 7873 7874 7871
f 7448 7453 7450
f 6299 6300 6301
f 7447 7448 7450
f 6299 6301 6303
f 3156 3157 3155
f 3155 3154 3153
f 3152 3151 3139
f 3139 3151 3148
f 3154 3152 3153
f 8427 8428 8426
f 6661 6657 6660
f 6660 6659 6662
f 6309 6299 6303
f 5920 5915 5919
f 8421 8423 8422
f 6309 6303 6310
f 6277 6280 6283
f 5904 5908 5905
f 6279 6280 6277
f 6309 6310 6312
f 6312 6310 6275
f 3309 3304 3311
f 3704 3721 3709
f 6275 6279 6277
f 3715 3709 3716
f 3716 3724 3715
f 6830 6828 6832
f 6960 6962 6965
f 5165 5163 5162
f 6965 6962 6967
f 5162 5163 5164
f 6725 6729 6726
f 5162 5164 5169
f 6723 6725 6726
f 4856 4869 4852
f 2666 2659 2641
f 2641 2627 2624
f 2624 2623 2625
f 2623 2626 2625
f 2791 2795 2794
f 2626 2642 2630
f 2789 2791 2794
f 3689 3693 3690
f 4037 4036 4046
f 7870 7869 7871
f 7456 7455 7464
f 6288 6289 6287
f 6301 6289 6288
f 10001 10000 10009
f 4093 4042 4094
f 6281 6284 6283
f 3158 3157 3156
f 3153 3152 3139
f 8427 8426 8424
f 6280 6281 6283
f 94 91 96
f 6663 6660 6662
f 96 91 95
f 5909 5911 5908
f 5908 5904 5909
f 6275 6310 6279
f 3722 3721 3704
f 8568 8565 8567
f 8535 8536 8537
f 9475 9455 9460
f 3704 3709 3705
f 3705 3709 3715
f 95 97 104
f 104 97 105
f 6966 6960 6965
f 5165 5162 5167
f 4700 4703 4701
f 4701 4703 4705
f 6969 6965 6967
f 6720 6725 6721
f 6721 6725 6723
f 4855 4856 4852
f 4852 4869 4853
f 4854 4857 4855
f 4863 4857 4854
f 4898 4899 4900
f 2639 2624 2625
f 4900 4899 4901
f 4867 4863 4854
f 2629 2626 2630
f 2788 2791 2789
f 114 99 113
f 4043 4041 4044
f 9998 10000 10001
f 6287 6286 6281
f 6281 6286 6285
f 6288 6287 6282
f 6282 6287 6281
f 10004 10009 10010
f 100 99 94
f 3144 3158 3156
f 6695 6693 6694
f 3156 3155 3153
f 3153 3139 3138
f 6313 6282 6279
f 1664 1679 1665
f 6303 6313 6310
f 6310 6313 6279
f 6279 6282 6281
f 6279 6281 6280
f 850 845 851
f 2777 2775 2776
f 3163 3162 3170
f 95 104 167
f 104 105 106
f 6829 6830 6835
f 6720 6728 6727
f 6720 6727 6725
f 2665 2666 2641
f 2641 2624 2639
f 4867 4854 4866
f 2625 2626 2629
f 2629 2630 2631
f 4048 4037 4047
f 4047 4037 4046
f 10002 9998 10001
f 4041 4037 4044
f 113 99 100
f 3784 3787 3785
f 3145 3158 3144
f 3144 3156 3153
f 3144 3153 3142
f 8427 8424 8431
f 101 94 96
f 8431 8424 8421
f 7065 7069 7068
f 7065 7068 7066
f 8421 8419 8429
f 8419 8420 8429
f 7064 7065 7066
f 8429 8420 8430
f 3722 3704 3707
f 7067 7065 7064
f 3845 3843 3842
f 3705 3715 3714
f 3705 3714 3711
f 3711 3714 3726
f 111 104 106
f 3089 3081 3080
f 6831 6829 6833
f 6840 6829 6835
f 6836 6840 6835
f 6835 6830 6836
f 6837 6836 6832
f 2662 2665 2641
f 4855 4852 4854
f 4854 4852 4851
f 4866 4854 4865
f 3691 3695 3689
f 3789 3784 3783
f 3143 3145 3144
f 3783 3784 3785
f 3139 3148 3147
f 1662 1664 1661
f 100 94 101
f 8433 8427 8431
f 8431 8421 8429
f 3845 3842 3869
f 3704 3705 3706
f 3706 3705 3710
f 167 104 111
f 3710 3705 3711
f 6840 6842 6844
f 6840 6844 6833
f 6836 6842 6840
f 6877 6838 6837
f 6838 6836 6837
f 4851 4852 4853
f 4904 4898 4903
f 2641 2639 2643
f 3688 3691 3689
f 2640 2639 2625
f 4872 4866 4873
f 2629 2631 2632
f 2632 2631 2633
f 2631 2638 2633
f 10002 10001 10003
f 10003 10001 10004
f 10003 10004 10005
f 4076 4043 4049
f 4049 4043 4044
f 4044 4048 4052
f 3143 3144 3142
f 127 113 100
f 3138 3139 3140
f 3139 3147 3140
f 9814 9813 9816
f 3707 3704 3706
f 7991 7992 7993
f 7991 7993 7994
f 3710 3711 3726
f 6843 6844 6842
f 6844 6841 6833
f 6839 6843 6842
f 6839 6842 6836
f 6877 6875 6838
f 6651 6650 6646
f 6646 6650 6647
f 7058 7061 7060
f 2662 2641 2661
f 4864 4854 4851
f 2661 2641 2643
f 3692 3691 3688
f 6954 6957 6955
f 4865 4854 4864
f 2643 2639 2640
f 2640 2625 2635
f 2625 2629 2635
f 1596 1581 1582
f 1596 1582 1595
f 3143 3142 3141
f 1616 1601 1615
f 8433 8431 8432
f 9814 9816 9817
f 8432 8431 8429
f 8429 8430 8434
f 8430 8435 8434
f 6845 6843 6839
f 6838 6839 6836
f 7058 7060 7056
f 6954 6955 6956
f 6161 6164 6162
f 2676 2661 2643
f 2674 2640 2635
f 2632 2633 2634
f 3146 3143 3141
f 3783 3785 3786
f 3149 3141 3140
f 1609 1595 1601
f 3140 3147 3160
f 1615 1601 1610
f 107 101 168
f 3712 3707 3708
f 3708 3707 3706
f 7352 7348 7354
f 7354 7348 7344
f 7344 7346 7354
f 7354 7346 7353
f 7353 7346 7357
f 129 111 112
f 8435 8437 8436
f 111 106 112
f 112 106 165
f 7055 7060 7062
f 6646 6647 6644
f 2663 2662 2661
f 1593 1594 1592
f 6339 6340 6341
f 1578 1583 1576
f 2675 2640 2674
f 1581 1578 1575
f 1578 1576 1575
f 1582 1581 1575
f 2635 2629 2636
f 2636 2629 2632
f 1582 1575 1574
f 1595 1582 1574
f 10006 10003 10005
f 4052 4048 4047
f 4052 4047 4053
f 10006 10005 10007
f 5218 5217 5216
f 1601 1595 1574
f 4049 4044 4054
f 4054 4044 4057
f 4057 4044 4052
f 110 127 100
f 3149 3140 3160
f 5556 5553 5552
f 100 101 107
f 8442 8433 8441
f 8441 8433 8432
f 9814 9817 9828
f 8441 8432 8429
f 8441 8429 8439
f 9828 9817 9844
f 9828 9844 9840
f 3713 3712 3708
f 8434 8439 8429
f 6876 6873 6874
f 8436 8440 8434
f 8436 8437 8438
f 112 165 166
f 6649 6646 6643
f 6643 6646 6644
f 6642 6644 6648
f 6954 6956 6958
f 2697 2663 2686
f 2663 2661 2664
f 2676 2643 2699
f 2699 2643 2698
f 1576 1605 1577
f 2664 2661 2679
f 1576 1577 1567
f 1563 1593 1592
f 2698 2640 2675
f 1563 1592 1584
f 5188 5185 5186
f 1576 1567 1561
f 1561 1567 1562
f 1563 1584 1564
f 2674 2635 2658
f 1576 1561 1575
f 2658 2635 2636
f 1574 1575 1561
f 3146 3141 3150
f 3150 3141 3149
f 1602 1601 1573
f 110 100 107
f 7352 7354 7350
f 7354 7353 7350
f 6873 6858 6846
f 8440 8436 8438
f 1401 1402 1403
f 6642 6643 6644
f 1606 1608 1577
f 1605 1606 1577
f 2686 2663 2664
f 6160 6161 6162
f 5992 5989 5990
f 1585 1590 1587
f 2691 2658 2636
f 1564 1584 1566
f 1566 1584 1585
f 1566 1585 1587
f 1566 1587 1588
f 1561 1562 1563
f 1561 1563 1564
f 2660 2636 2632
f 1574 1561 1573
f 2632 2634 2657
f 1601 1574 1573
f 10006 10007 10008
f 3788 3783 3786
f 4052 4053 4086
f 6869 6867 6862
f 4087 4052 4086
f 6862 6867 6866
f 6866 6867 6868
f 4054 4085 4092
f 110 107 130
f 6864 6868 6870
f 872 867 866
f 7356 7351 7353
f 163 129 112
f 1403 1395 1404
f 112 166 164
f 7054 7055 7063
f 7063 7055 7062
f 6645 6649 6643
f 1606 1611 1608
f 2700 2699 2698
f 6160 6163 6161
f 2700 2698 2675
f 2700 2675 2702
f 1617 1619 1593
f 1617 1593 1563
f 5990 5994 5996
f 5994 5990 5988
f 7897 7896 7893
f 7893 7896 7894
f 7893 7894 7895
f 1566 1588 1589
f 2660 2632 2657
f 2667 2660 2657
f 1561 1564 1565
f 1564 1566 1565
f 1573 1561 1565
f 2657 2634 2694
f 1573 1565 1602
f 6862 6865 6869
f 5557 5556 5552
f 1602 1565 1569
f 1602 1569 1603
f 131 110 130
f 6864 6866 6868
f 872 874 867
f 1620 1604 1607
f 6858 6855 6853
f 163 112 164
f 6863 6864 6870
f 1401 1397 1393
f 6858 6853 6846
f 6849 6863 6861
f 1401 1393 1402
f 6846 6853 6852
f 6861 6863 6871
f 6645 6643 6642
f 2701 2699 2700
f 2692 2658 2691
f 2692 2674 2658
f 7814 7813 7810
f 1566 1589 1571
f 1571 1589 1591
f 1565 1566 1568
f 1568 1566 1571
f 1569 1565 1568
f 6859 6865 6862
f 6859 6862 6856
f 6857 6859 6856
f 4087 4086 4088
f 1603 1569 1599
f 6856 6862 6860
f 6860 6862 6866
f 131 130 162
f 4054 4057 4085
f 4085 4057 4089
f 1604 1603 1599
f 875 874 872
f 876 875 872
f 6855 6854 6853
f 6860 6866 6864
f 6848 6860 6864
f 1398 1409 1396
f 1396 1409 1410
f 1396 1410 1394
f 873 872 866
f 1397 1398 1396
f 1396 1394 1393
f 6848 6864 6863
f 1397 1396 1393
f 1393 1394 1395
f 6848 6863 6849
f 6853 6847 6852
f 6847 6849 6851
f 6852 6847 6851
f 6851 6849 6861
f 1611 1612 1608
f 2703 2701 2700
f 5987 5988 5989
f 2692 2691 2693
f 7815 7816 7813
f 7813 7816 7811
f 1571 1591 1586
f 1570 1568 1571
f 2657 2694 2696
f 1569 1568 1570
f 2696 2694 2704
f 2696 2704 2705
f 1599 1569 1570
f 878 879 877
f 878 877 876
f 4087 4088 4090
f 4090 4088 4091
f 6854 6857 6856
f 1599 1597 1604
f 1604 1597 1598
f 1411 1412 1413
f 876 872 873
f 6854 6856 6850
f 6853 6854 6850
f 6856 6860 6848
f 6850 6856 6848
f 1399 1412 1411
f 1607 1604 1598
f 1399 1411 1400
f 1400 1411 1414
f 6853 6850 6847
f 6847 6850 6848
f 1395 1399 1400
f 1611 1613 1612
f 2703 2700 2702
f 1579 1571 1586
f 1570 1571 1572
f 1571 1579 1572
f 1598 1597 1580
f 5993 5995 5994
f 5987 5993 5988
f 5988 5993 5994
f 5925 5931 5930
f 1572 1579 1580
f 1597 1572 1580
f 6737 6733 6736
f 5928 5927 5926
f 5926 5925 5930
f 6736 6733 6735
f 6738 6736 6735
